# Blender 4.2.3 LTS
# www.blender.org
mtllib olive.mtl
o dynamic
v 4378.248047 781.331787 432.334656
v 4367.674316 759.945801 442.640839
v 4349.333496 756.288818 430.449432
v 4364.192383 786.360352 415.929596
v 4385.053223 816.258728 418.021149
v 4393.123535 802.647705 433.833771
v 4397.492188 791.364746 450.971954
v 4386.430176 779.561279 446.936798
v 4382.567871 766.125610 456.496674
v 4335.559082 966.549194 570.820435
v 4298.157715 976.645752 577.422119
v 4291.949707 941.233521 625.159119
v 4328.608398 927.034973 624.024780
v 4362.598633 907.843506 615.827942
v 4369.735352 948.695923 560.691589
v 4356.832031 965.506836 495.010284
v 4323.050293 982.713501 507.391449
v 4286.984863 991.183105 520.585205
v 4429.176270 864.659302 517.701843
v 4419.037598 895.418823 532.884277
v 4412.830078 860.005371 580.621277
v 4424.088867 835.729614 556.658386
v 4426.921387 815.217407 533.552002
v 4430.768066 836.927063 504.399506
v 4423.898438 845.762817 469.640289
v 4420.023438 876.495605 471.276154
v 4407.865234 909.956421 476.046967
v 4260.285156 978.148621 579.929688
v 4226.908691 970.347778 577.830688
v 4223.279297 949.650635 605.727356
v 4255.197754 949.218628 618.886169
v 4251.132812 989.985474 533.502747
v 4220.353027 978.823364 544.580017
v 4398.439941 924.294678 547.651855
v 4391.489746 884.780396 600.856567
v 4385.931152 940.459717 484.223114
v 4291.938965 967.656311 450.416229
v 4259.047363 977.638611 469.462585
v 4324.595215 949.893677 435.994568
v 4283.527344 909.830811 397.598236
v 4252.293945 928.972900 413.366425
v 4223.467773 942.941345 436.179657
v 4397.253418 865.478882 429.564789
v 4379.926758 896.411011 424.924316
v 4406.833496 837.534668 438.327972
v 4368.230957 837.157227 402.450958
v 4344.347656 861.713623 391.641876
v 4228.362305 978.970337 491.793121
v 4204.030273 970.911438 514.708801
v 4199.339844 950.648071 464.678314
v 4183.242188 950.636963 495.263824
v 4354.820312 925.400757 427.248077
v 4315.174805 886.718506 390.198303
v 4364.950684 744.521973 463.379974
v 4369.853516 738.229187 488.163544
v 4352.356934 725.743652 494.361115
v 4345.486328 734.579346 459.601807
v 4377.499023 754.838379 467.788177
v 4383.850586 753.395569 483.195160
v 4214.232910 874.400024 409.596161
v 4189.372559 894.021545 432.862061
v 4244.127930 853.295288 393.776794
v 4215.988281 796.489929 421.003937
v 4187.096680 819.553833 435.974365
v 4165.016602 844.824951 456.482727
v 4340.374023 797.211670 399.696716
v 4310.252441 812.794067 388.323517
v 4320.503418 757.053650 419.008636
v 4285.896973 763.597595 411.945282
v 4171.482910 910.702393 461.924225
v 4163.289062 922.027100 493.290131
v 4151.612793 870.543701 481.235687
v 4149.057129 893.277893 507.096466
v 4277.114746 832.146484 386.427338
v 4249.977539 777.298828 412.806793
v 4408.601562 817.741333 448.311188
v 4420.752930 823.632202 470.550018
v 4413.728516 803.746216 472.455597
v 4406.621582 803.916992 457.317596
v 4315.416992 728.123535 457.965118
v 4279.689453 728.184570 459.682587
v 4324.568848 716.287109 504.391266
v 4290.861328 713.647339 516.519165
v 4146.525391 841.613770 520.192322
v 4145.427246 872.580627 534.992432
v 4158.809082 809.412720 504.219940
v 4169.981445 794.875244 561.056885
v 4155.677246 829.777710 566.618958
v 4151.982910 864.104553 568.244080
v 4243.027344 737.785034 466.010712
v 4208.850098 755.638428 476.140106
v 4255.536133 721.620728 529.440125
v 4221.753906 738.826416 541.822205
v 4382.005859 744.120850 510.402191
v 4397.483398 759.214355 524.879211
v 4391.201172 755.246826 545.980042
v 4369.422363 733.970886 525.672913
v 4388.861816 754.547119 499.155792
v 4400.012207 765.570496 504.853851
v 4180.146973 780.039429 489.179199
v 4192.655273 763.874512 552.608643
v 4178.448730 840.792908 608.329529
v 4168.306641 872.016602 598.115173
v 4197.919922 808.420410 612.179443
v 4233.498535 843.117310 645.462830
v 4207.470215 869.115601 635.443726
v 4189.094727 892.291382 617.560364
v 4286.646973 736.678223 586.415039
v 4253.990723 754.440430 600.837463
v 4318.798828 727.193176 567.641907
v 4354.377930 761.889954 600.925110
v 4326.292480 775.360596 623.465271
v 4295.060059 794.503418 639.233887
v 4412.359375 780.529114 526.379272
v 4422.933105 801.916626 516.072205
v 4412.062988 785.144775 548.072571
v 4409.182129 778.852051 509.980743
v 4415.013672 790.817749 499.522614
v 4223.766113 778.932251 609.583435
v 4263.411133 817.615479 646.633240
v 4347.338867 727.302856 546.102722
v 4376.360840 755.624817 573.216492
v 4235.327637 909.060059 638.198059
v 4209.047363 920.900635 619.534485
v 4267.594727 892.037109 648.779846
v 4364.353516 829.932861 627.235596
v 4334.458008 851.039429 643.054810
v 4388.473633 810.809326 604.242615
v 4425.656250 817.339417 495.334229
v 4418.111328 803.673828 488.946136
v 4301.472168 872.187744 650.404175
v 4404.219238 795.570068 575.970093
v 4406.561035 777.671387 498.009613
v 4411.595215 786.178589 496.155640
v 4401.552246 769.232300 499.806366
v 4403.134766 773.989990 491.279694
v 4404.241699 776.649963 488.156952
v 4406.531738 779.809631 489.885529
v 4404.664062 793.821899 463.405884
v 4399.362793 789.794434 456.361511
v 4409.915039 797.809082 470.383514
v 4404.888672 788.777100 469.070160
v 4402.780273 785.506592 468.038300
v 4401.625488 786.299805 464.733673
v 4412.136230 793.616699 484.060089
v 4411.844727 797.929810 475.402008
v 4412.478516 789.341736 492.785400
v 4408.352051 785.976379 483.580078
v 4407.082031 785.435181 479.844269
v 4408.388672 788.944336 478.266144
v 4392.282715 778.387085 457.950165
v 4387.248047 769.979004 459.620636
v 4397.242676 786.688721 456.269806
v 4397.559570 780.470642 464.329315
v 4397.019043 777.443359 467.107849
v 4394.184570 774.917297 465.298126
v 4393.686523 762.510132 490.717590
v 4398.885742 766.460266 497.626617
v 4388.435547 758.522583 483.739868
v 4394.974121 766.247681 483.251862
v 4397.469238 769.064575 483.611725
v 4398.134766 768.648376 487.451691
v 4386.499512 762.583618 471.078583
v 4386.916016 758.514526 479.629761
v 4386.134277 766.690918 462.594482
v 4391.953125 768.637695 470.694489
v 4393.914551 769.056519 473.981049
v 4392.192383 766.228882 475.738373
v 4193.202148 925.049805 593.822083
v 4182.040039 908.997742 592.803284
v 4201.145508 941.099854 586.108459
v 4191.001465 933.394653 572.628235
v 4184.675781 925.201233 570.402039
v 4181.233887 917.006104 576.009094
v 4167.593750 925.632629 523.254761
v 4178.755859 941.685669 524.272705
v 4159.649902 909.583557 530.967346
v 4169.794434 917.288330 544.448059
v 4176.120117 925.482178 546.673462
v 4179.561523 933.677368 541.066589
v 4190.395508 953.017944 535.196350
v 4199.554688 957.482666 551.911316
v 4183.771973 934.680908 550.660950
v 4190.165039 941.729736 555.157532
v 4157.620605 898.025330 546.538879
v 4161.241211 893.200317 565.165344
v 4170.630859 908.953247 561.918030
v 4172.746582 916.141357 554.551208
v 4170.400391 897.665039 581.879944
v 4177.024414 916.001221 566.415222
v 4203.174805 952.658020 570.537781
v 4188.049316 934.542053 562.525330
v 4180.397461 925.341675 558.537842
v 3965.663818 526.969727 133.498383
v 5132.431641 1099.309448 809.518005
v 5120.038086 1115.960083 816.731323
v 3955.592529 540.497559 139.361908
v 3100.504395 115.827881 -355.643463
v 2807.504639 -41.471008 -532.299255
v 3112.914062 94.593994 -359.053558
v 3972.617676 511.382019 134.671356
v 5140.981445 1080.136475 810.967407
v 3974.012939 497.901123 143.560883
v 5142.701660 1063.553223 821.896973
v 2812.708496 -59.596802 -526.020569
v 3111.156982 78.739441 -342.805450
v 3970.207031 489.626587 156.966568
v 5138.016113 1053.379517 838.389404
v 3961.531250 489.679932 171.712830
v 5127.348145 1053.438721 856.526917
v 2804.927490 -64.726929 -508.466003
v 3096.988525 84.105286 -323.134308
v 3950.772217 496.998901 183.938782
v 5114.107910 1062.443604 871.575500
v 3940.700684 510.527344 189.802139
v 5101.714844 1079.094360 878.788574
v 2791.930664 -51.718750 -497.179108
v 3084.579102 105.338501 -319.724060
v 3933.746826 526.115234 188.629044
v 5093.165039 1098.266968 877.339783
v 2415.229248 -235.043579 -740.202271
v 2794.508301 -28.463806 -521.011292
v 3086.335449 121.194092 -335.972229
v 2786.726318 -33.593750 -503.456726
v 3932.351562 539.596069 179.740265
v 5091.444824 1114.851074 866.410339
v 3936.158203 547.870911 166.333557
v 5096.130859 1125.025269 849.917847
v 3944.833740 547.816772 151.587601
v 5106.797852 1124.964600 831.780273
v 5574.541992 1313.419434 1112.412109
v 5554.562012 1341.562988 1094.792847
v 5559.027344 1331.137695 1074.132690
v 5578.395996 1317.709106 1074.093628
v 5579.988281 1295.290405 1068.358643
v 5587.943359 1284.461792 1085.605225
v 5577.019531 1268.506104 1095.807495
v 5573.669434 1275.056885 1117.803955
v 5553.092285 1277.583984 1129.016479
v 5549.834473 1298.910889 1138.502319
v 5532.131348 1313.431641 1134.789673
v 5540.287109 1332.157349 1126.991699
v 5535.099121 1340.215088 1107.341064
v 5521.010742 1334.144409 1073.716309
v 5508.729980 1334.214600 1094.593872
v 5536.251953 1323.778076 1056.394165
v 5503.337402 1322.504639 1113.577759
v 5505.317383 1303.416016 1126.157227
v 5515.158203 1281.345947 1127.824463
v 5529.425781 1262.180542 1119.520508
v 5544.666016 1251.814575 1102.198730
v 5556.946777 1251.744019 1081.320923
v 5562.339355 1263.454224 1062.337402
v 5560.359863 1282.543457 1049.757202
v 5550.518066 1304.613159 1048.090576
v 4638.772461 593.647217 275.518829
v 4616.133789 547.856445 297.586151
v 4576.866699 540.026123 271.483795
v 4608.679688 604.413452 240.395096
v 4653.345215 668.426941 244.873978
v 4670.623047 639.283936 278.729553
v 4679.977539 615.126221 315.423248
v 4656.292480 589.854248 306.783417
v 4648.022461 561.087585 327.252167
v 4547.374023 990.206299 572.025208
v 4467.297363 1011.823608 586.158752
v 4454.005859 936.003296 688.366272
v 4532.494629 905.603271 685.938599
v 4605.266602 864.514526 668.388245
v 4620.549316 951.981812 550.338501
v 4592.920898 987.974670 409.711456
v 4520.593262 1024.813965 436.220367
v 4443.376465 1042.949829 464.468658
v 4747.812988 772.052246 458.295929
v 4726.106934 837.910156 490.801178
v 4712.815430 762.089966 593.008972
v 4736.921875 710.112549 541.704102
v 4742.985840 666.195923 492.230804
v 4751.223145 712.677368 429.814362
v 4736.514160 731.593506 355.393097
v 4728.218262 797.395386 358.894806
v 4702.186523 869.037415 369.110535
v 4386.208496 1015.041260 591.528137
v 4304.347656 1008.977173 592.625732
v 4296.370605 963.653320 653.636169
v 4375.316895 953.100647 674.936584
v 4366.613281 1040.383179 492.127228
v 4289.974609 1027.509888 519.818054
v 4682.005859 899.736267 522.421021
v 4667.125977 815.134155 636.334473
v 4655.224121 934.345337 386.615692
v 4453.982422 992.573669 314.234497
v 4383.559082 1013.949585 355.011566
v 4523.900879 954.544556 283.355438
v 4435.971191 868.767944 201.147751
v 4369.100098 909.752930 234.907394
v 4307.381348 939.659729 283.751587
v 4679.464844 773.810364 269.589752
v 4642.368652 840.035767 259.654694
v 4699.976074 713.979797 288.351715
v 4617.327148 713.170959 211.536285
v 4566.191406 765.746582 188.394257
v 4317.860352 1016.798523 402.822357
v 4254.259766 1010.199463 454.454987
v 4255.722168 956.159790 344.769104
v 4208.771484 965.834106 411.909912
v 4588.614258 902.104980 264.629547
v 4503.731934 819.283508 185.302765
v 4610.303711 514.833252 341.989136
v 4620.800781 501.359985 395.053253
v 4583.339355 474.628418 408.321747
v 4568.630371 493.545654 333.899780
v 4637.170898 536.920532 351.427643
v 4650.769531 533.831665 384.416412
v 4287.609375 792.909729 226.835266
v 4234.381836 834.921082 276.647827
v 4351.615723 747.723022 192.965210
v 4291.366699 626.099976 251.260300
v 4229.508301 675.480286 283.314056
v 4182.235352 729.588379 327.222687
v 4557.683594 627.645813 205.640137
v 4493.191895 661.007568 181.290405
v 4515.139648 541.664062 246.987610
v 4441.044922 555.675354 231.864517
v 4196.078613 870.634399 338.872589
v 4165.187988 903.282959 407.702118
v 4153.534668 784.653687 380.219025
v 4133.962891 840.302124 437.819672
v 4422.241211 702.441467 177.231033
v 4364.140625 585.011108 233.708664
v 4703.760742 671.600098 309.725555
v 4729.779785 684.213867 357.340118
v 4714.739258 641.634277 361.421783
v 4699.523438 642.000671 329.008667
v 4504.248535 479.723877 330.395538
v 4427.753418 479.854492 334.073212
v 4523.843262 454.381470 429.796844
v 4451.673828 448.729370 455.763672
v 4142.643555 722.712952 463.628326
v 4126.094727 795.062378 498.974548
v 4168.943359 653.768250 429.430084
v 4192.864258 622.642639 551.120850
v 4162.238770 697.369995 563.029236
v 4140.358398 776.447021 571.637268
v 4349.260254 500.408630 347.622650
v 4276.085449 538.632874 369.309998
v 4376.041504 465.800537 483.427490
v 4303.712891 502.640015 509.936310
v 4646.819824 513.974609 442.666107
v 4679.957031 546.290466 473.663177
v 4666.507324 537.795959 518.840454
v 4619.877441 492.243347 475.362183
v 4661.498047 536.298340 418.587067
v 4685.371094 559.899109 430.786865
v 4214.628418 590.877075 397.227844
v 4241.409180 556.268982 533.032227
v 4210.991699 720.954956 652.333679
v 4176.073242 793.757019 637.000061
v 4252.680664 651.643066 660.576965
v 4328.858398 725.933228 731.837158
v 4273.129883 781.594116 710.387756
v 4221.562012 838.122253 679.544922
v 4442.651855 498.040222 605.413818
v 4372.733887 536.070007 636.292297
v 4511.491211 477.729919 565.219788
v 4587.667969 552.019043 636.480286
v 4527.534668 580.861633 684.739746
v 4460.662598 621.845703 718.501099
v 4711.808105 591.928101 476.874298
v 4734.446289 637.717896 454.806671
v 4711.173828 601.809326 523.318970
v 4705.005371 588.335327 441.765228
v 4717.492188 613.956543 419.372253
v 4308.020020 588.508911 655.018494
v 4392.901855 671.331543 734.344482
v 4572.596191 477.966187 519.102234
v 4634.734375 538.605591 577.155579
v 4332.773438 867.119873 716.283997
v 4265.254883 900.755920 683.898438
v 4401.857910 830.670898 738.941284
v 4609.024414 697.704224 692.812561
v 4545.018066 742.891785 726.682800
v 4660.667969 656.757568 643.583496
v 4740.277832 670.741333 410.404022
v 4724.124512 641.480408 396.727936
v 4474.392578 788.173218 742.417236
v 4694.378906 624.131592 583.051636
v 4699.394531 585.807373 416.134033
v 4710.171387 604.022217 412.164093
v 4688.668945 567.738892 419.980255
v 4692.058105 577.927490 401.723358
v 4694.426758 583.620972 395.038727
v 4699.330566 590.386841 398.738739
v 4695.332031 620.385986 342.045502
v 4683.981445 611.765259 326.961334
v 4706.575195 628.924683 356.984283
v 4695.812500 609.587769 354.171295
v 4691.298340 602.584351 351.962128
v 4688.826660 604.281616 344.889038
v 4711.331055 619.947327 386.265900
v 4710.707031 629.183472 367.728790
v 4712.063477 610.794922 404.948090
v 4703.228516 603.590576 385.238068
v 4700.508789 602.430908 377.240112
v 4703.306641 609.944946 373.860291
v 4668.822754 587.341431 330.363739
v 4658.042969 569.338196 333.940216
v 4679.441406 605.115601 326.765778
v 4680.121094 591.800659 344.022888
v 4678.963379 585.319885 349.970520
v 4672.895508 579.911194 346.096893
v 4671.828613 553.347778 400.519684
v 4682.961426 561.802979 415.314117
v 4660.586426 544.809326 385.580902
v 4674.584961 561.349365 384.537140
v 4679.927734 567.380005 385.306427
v 4681.352539 566.489258 393.529144
v 4656.441406 553.503662 358.472229
v 4657.333496 544.792053 376.782745
v 4655.658691 562.298462 340.307373
v 4668.117676 566.466492 357.651276
v 4672.317383 567.362305 364.686096
v 4668.629883 561.307617 368.449860
v 4589.247070 622.316895 270.318176
v 4561.401367 566.824890 296.633087
v 4592.588867 573.053406 317.376312
v 4612.979004 613.934570 298.159027
v 4641.041016 654.346924 300.617035
v 4627.370605 677.532959 273.766571
v 4627.572754 610.681763 325.277069
v 4649.090332 633.238281 332.982605
v 4620.530273 584.873047 343.680237
v 4518.497070 884.542480 654.971863
v 4448.991211 911.561707 657.239075
v 4459.908203 976.308594 569.462402
v 4530.850586 956.996948 557.039978
v 4596.354980 922.936646 537.647644
v 4583.438477 847.933289 639.381226
v 4508.315430 987.026978 440.424896
v 4572.818359 954.247437 416.661652
v 4439.787109 1003.159058 465.202759
v 4699.287598 712.591309 528.523560
v 4678.559082 757.610840 573.026550
v 4689.686035 822.399353 485.067108
v 4708.533691 765.265930 456.865997
v 4711.489746 715.162048 432.761139
v 4704.599121 675.585999 486.923065
v 4691.858398 787.398071 371.927399
v 4698.969238 731.914124 368.911774
v 4669.460449 849.502686 380.741608
v 4377.395508 927.018188 644.900635
v 4300.639160 937.193054 624.089905
v 4306.761719 973.000122 575.405701
v 4386.062500 978.960327 574.372009
v 4370.038086 1000.704956 490.539001
v 4295.632812 988.235168 517.416626
v 4638.398438 803.971436 610.794800
v 4651.122559 876.360229 512.623047
v 4628.216797 906.456665 396.248016
v 4388.359863 978.196228 371.833435
v 4450.752441 959.111816 335.790039
v 4513.277832 925.136597 308.158295
v 4377.997070 888.047852 267.250580
v 4437.696777 851.620361 237.104828
v 4323.437988 914.791626 310.591949
v 4617.972656 824.268494 287.024078
v 4650.116211 766.670410 295.756500
v 4667.524902 716.232666 311.484497
v 4596.902832 715.277100 245.744720
v 4552.675293 760.802490 225.550552
v 4266.988281 974.053589 465.535034
v 4328.580566 980.540894 415.478546
v 4276.391602 929.579224 366.096558
v 4230.801270 938.993652 431.264252
v 4570.970703 878.328308 291.496918
v 4497.897949 807.477295 223.072739
v 4554.828613 527.035522 350.678650
v 4567.030273 510.496338 414.644196
v 4596.742676 531.715759 404.043091
v 4587.696289 543.942871 357.189545
v 4610.416992 563.187866 365.333282
v 4623.016113 560.619751 394.658295
v 4260.827148 825.103760 304.913849
v 4307.977051 787.720093 260.874054
v 4365.186523 747.360474 230.457748
v 4258.077148 686.749084 308.912567
v 4313.195801 642.680359 280.267609
v 4216.076660 734.659119 347.728546
v 4490.169922 670.863159 219.938171
v 4546.125977 641.914429 241.050049
v 4509.375977 568.349060 276.158417
v 4445.206543 580.376709 262.935272
v 4196.089355 888.942200 428.337006
v 4226.055664 857.432373 361.746735
v 4190.102539 784.766174 396.015991
v 4171.192383 838.876465 452.075653
v 4428.248047 707.083618 216.455673
v 4377.979492 606.178711 264.734528
v 4670.426270 682.853149 328.379272
v 4693.649414 694.303223 370.525604
v 4666.302246 657.380737 345.218048
v 4680.086914 656.781372 374.173096
v 4434.079590 515.588745 350.894928
v 4500.445801 515.460571 347.700043
v 4516.803711 493.540527 432.754456
v 4454.305664 488.486023 455.220093
v 4165.069824 803.071228 500.759613
v 4181.120117 733.036865 466.661224
v 4204.842773 670.124756 435.622101
v 4197.461426 711.079224 550.377869
v 4225.280273 643.061768 539.765442
v 4176.198242 787.836548 558.748535
v 4300.279297 567.677612 382.000031
v 4365.571777 533.577209 362.789673
v 4388.160156 503.693115 479.281647
v 4323.816406 536.367676 502.986328
v 4598.791992 525.963989 471.955505
v 4638.629883 564.877319 509.789001
v 4649.351074 571.672607 473.951263
v 4619.966309 543.166138 446.190033
v 4632.259766 562.706421 425.495300
v 4653.907227 583.868774 436.096497
v 4245.406250 614.507507 406.959747
v 4268.259766 584.264282 523.458679
v 4204.842773 802.017273 610.629456
v 4238.601562 731.455688 625.555176
v 4276.391113 668.236572 633.251038
v 4291.107910 782.204956 674.820374
v 4341.628906 731.430603 694.375793
v 4241.030762 837.077576 644.900757
v 4383.356934 565.478394 611.489807
v 4445.724121 531.608887 583.915833
v 4505.792969 513.720215 548.937073
v 4518.479492 602.672363 652.456299
v 4571.089844 577.185669 610.411255
v 4458.937012 638.994629 682.542786
v 4677.070312 619.880493 513.120544
v 4697.803711 652.965759 457.192902
v 4677.413574 612.084656 476.410034
v 4671.319336 609.443665 446.264435
v 4682.687988 632.188782 426.082611
v 4325.505371 612.391968 628.210083
v 4398.578125 683.243591 696.633362
v 4558.863281 514.056030 508.808319
v 4611.760742 565.662842 558.937073
v 4275.742676 887.128662 647.827820
v 4341.126953 854.564209 679.286743
v 4403.923340 821.329224 700.170532
v 4531.447754 743.254150 689.190125
v 4588.445801 702.853882 658.956299
v 4633.596191 667.125061 616.023743
v 4702.696289 682.075623 417.380219
v 4688.419922 657.001892 405.939178
v 4468.280273 783.784180 703.126526
v 4662.854492 638.810852 563.516113
v 4676.600098 624.790649 417.594696
v 4665.875977 606.723267 421.440338
v 4655.260742 588.737915 425.431732
v 4660.915527 604.662476 400.817291
v 4658.545898 598.969482 407.501678
v 4665.819336 611.428467 404.517426
v 4651.082031 627.816040 342.819214
v 4662.323242 636.354248 357.758026
v 4673.565918 644.893677 372.696747
v 4658.183594 618.806335 367.608887
v 4662.751465 625.955933 369.695312
v 4655.765625 620.650757 360.411957
v 4675.651855 645.623047 377.024933
v 4676.225586 636.576660 395.765350
v 4676.958008 627.424194 414.447266
v 4665.565918 619.291565 386.760712
v 4668.286133 620.450134 394.758026
v 4668.255371 626.722290 383.235443
v 4629.045898 590.273071 351.482513
v 4639.717773 608.195435 347.760406
v 4650.338867 626.305420 344.241974
v 4649.642578 606.343933 367.156891
v 4650.691406 612.741699 361.063934
v 4643.522461 600.788086 363.407318
v 4653.246582 587.434326 423.024384
v 4642.114258 578.979309 408.230133
v 4631.030273 570.334900 393.233368
v 4650.160156 592.865601 393.140717
v 4644.817383 586.834351 392.371368
v 4651.584961 591.973999 401.364227
v 4630.036621 570.433044 390.355621
v 4629.144043 579.145020 372.045319
v 4628.361328 587.939880 353.881073
v 4644.591309 592.797974 378.151764
v 4640.500488 591.984497 371.261505
v 4641.012695 586.825378 382.060944
vn -0.9670 -0.0353 0.2525
vn -0.9693 -0.1786 0.1690
vn -0.8768 -0.3419 0.3381
vn -0.9668 -0.0355 0.2530
vn -0.8768 -0.3420 0.3381
vn -0.8732 -0.0959 0.4778
vn -0.9668 -0.0357 0.2529
vn -0.8731 -0.0956 0.4781
vn -0.8606 0.1876 0.4735
vn -0.9668 -0.0356 0.2529
vn -0.8606 0.1877 0.4733
vn -0.9597 0.1313 0.2486
vn -0.9668 -0.0354 0.2530
vn -0.9596 0.1311 0.2490
vn -0.9899 0.0933 0.1072
vn -0.9899 0.0930 0.1074
vn -0.9925 -0.0020 0.1222
vn -0.9670 -0.0356 0.2525
vn -0.9925 -0.0021 0.1221
vn -0.9952 -0.0755 0.0627
vn -0.9669 -0.0354 0.2528
vn -0.9952 -0.0756 0.0626
vn -0.9693 -0.1789 0.1687
vn 0.2826 0.9265 -0.2485
vn 0.4952 0.8420 -0.2142
vn 0.5119 0.6033 -0.6115
vn 0.5118 0.6034 -0.6115
vn 0.2992 0.6680 -0.6814
vn 0.2991 0.6682 -0.6812
vn 0.0770 0.6961 -0.7138
vn 0.2824 0.9265 -0.2485
vn 0.0771 0.6961 -0.7137
vn 0.0614 0.9612 -0.2689
vn 0.2826 0.9266 -0.2482
vn 0.0615 0.9611 -0.2691
vn 0.0296 0.9684 0.2475
vn 0.2827 0.9265 -0.2482
vn 0.2532 0.9332 0.2552
vn 0.2825 0.9266 -0.2483
vn 0.2530 0.9333 0.2550
vn 0.4687 0.8473 0.2496
vn 0.4953 0.8420 -0.2138
vn -0.6244 0.7429 -0.2412
vn -0.4067 0.8735 -0.2674
vn -0.3953 0.6380 -0.6608
vn -0.3952 0.6380 -0.6609
vn -0.6153 0.5454 -0.5692
vn -0.6242 0.7431 -0.2412
vn -0.6150 0.5456 -0.5693
vn -0.7924 0.4199 -0.4425
vn -0.6244 0.7429 -0.2413
vn -0.7924 0.4196 -0.4428
vn -0.7998 0.5660 -0.2000
vn -0.6245 0.7429 -0.2412
vn -0.7998 0.5660 -0.1997
vn -0.8183 0.5687 0.0830
vn -0.8183 0.5687 0.0831
vn -0.6504 0.7464 0.1406
vn -0.6247 0.7427 -0.2412
vn -0.6506 0.7462 0.1408
vn -0.4369 0.8791 0.1903
vn -0.6245 0.7428 -0.2414
vn -0.4372 0.8791 0.1901
vn -0.4063 0.8737 -0.2677
vn 0.7051 0.6907 -0.1605
vn 0.9076 0.4135 -0.0725
vn 0.9146 0.2890 -0.2829
vn 0.9144 0.2891 -0.2833
vn 0.7188 0.4906 -0.4925
vn 0.7054 0.6905 -0.1603
vn 0.7187 0.4904 -0.4929
vn 0.5117 0.6033 -0.6117
vn 0.7052 0.6906 -0.1605
vn 0.5117 0.6032 -0.6118
vn 0.4954 0.8419 -0.2140
vn 0.7054 0.6904 -0.1605
vn 0.4955 0.8419 -0.2140
vn 0.4689 0.8473 0.2496
vn 0.7053 0.6904 -0.1607
vn 0.6833 0.6941 0.2268
vn 0.7051 0.6907 -0.1606
vn 0.6831 0.6943 0.2268
vn 0.8920 0.4180 0.1722
vn 0.7052 0.6907 -0.1605
vn 0.8920 0.4179 0.1722
vn 0.9077 0.4135 -0.0720
vn -0.1660 0.9467 -0.2761
vn 0.0619 0.9612 -0.2689
vn 0.0769 0.6962 -0.7137
vn -0.1659 0.9466 -0.2764
vn -0.1523 0.6885 -0.7090
vn -0.1664 0.9465 -0.2764
vn -0.1525 0.6885 -0.7090
vn -0.3951 0.6380 -0.6610
vn -0.1663 0.9465 -0.2764
vn -0.3949 0.6380 -0.6611
vn -0.4062 0.8737 -0.2675
vn -0.1658 0.9466 -0.2764
vn -0.4065 0.8736 -0.2675
vn -0.4371 0.8791 0.1902
vn -0.1658 0.9467 -0.2762
vn -0.1986 0.9534 0.2270
vn -0.1664 0.9466 -0.2763
vn -0.1989 0.9534 0.2266
vn 0.0294 0.9684 0.2475
vn -0.1662 0.9466 -0.2764
vn 0.0292 0.9685 0.2475
vn 0.0615 0.9610 -0.2696
vn 0.2122 0.6880 0.6940
vn 0.4308 0.6224 0.6534
vn 0.4692 0.8471 0.2496
vn 0.4692 0.8470 0.2497
vn 0.2529 0.9332 0.2553
vn 0.2125 0.6879 0.6939
vn 0.2527 0.9332 0.2554
vn 0.0295 0.9684 0.2478
vn 0.2124 0.6880 0.6939
vn -0.0102 0.7164 0.6976
vn 0.2121 0.6879 0.6941
vn -0.0105 0.7163 0.6977
vn -0.0476 0.2721 0.9611
vn 0.2123 0.6878 0.6941
vn -0.0475 0.2722 0.9611
vn 0.1779 0.2547 0.9505
vn 0.2123 0.6877 0.6943
vn 0.1777 0.2543 0.9507
vn 0.3994 0.2234 0.8892
vn 0.2124 0.6877 0.6942
vn 0.4000 0.2232 0.8889
vn 0.4309 0.6221 0.6537
vn -0.6777 0.5617 0.4746
vn -0.4704 0.6564 0.5899
vn -0.6779 0.5615 0.4745
vn -0.4369 0.8792 0.1900
vn -0.6777 0.5616 0.4747
vn -0.6505 0.7464 0.1407
vn -0.8182 0.5689 0.0831
vn -0.6776 0.5619 0.4745
vn -0.8184 0.5687 0.0830
vn -0.8394 0.4316 0.3303
vn -0.6778 0.5617 0.4745
vn -0.8393 0.4317 0.3304
vn -0.8605 0.1875 0.4736
vn -0.6777 0.5618 0.4745
vn -0.8605 0.1878 0.4736
vn -0.7074 0.2322 0.6676
vn -0.6776 0.5617 0.4747
vn -0.7076 0.2322 0.6674
vn -0.5055 0.2626 0.8219
vn -0.6780 0.5614 0.4745
vn -0.4704 0.6565 0.5897
vn 0.6511 0.5068 0.5650
vn 0.8735 0.2979 0.3850
vn 0.8921 0.4176 0.1723
vn 0.6512 0.5067 0.5649
vn 0.6828 0.6946 0.2266
vn 0.6509 0.5069 0.5651
vn 0.6830 0.6943 0.2269
vn 0.4694 0.8470 0.2496
vn 0.6512 0.5069 0.5648
vn 0.4310 0.6223 0.6534
vn 0.4310 0.6221 0.6536
vn 0.3997 0.2229 0.8891
vn 0.3999 0.2231 0.8890
vn 0.6253 0.1727 0.7611
vn 0.6511 0.5069 0.5649
vn 0.6251 0.1729 0.7612
vn 0.8555 0.0880 0.5103
vn 0.6509 0.5070 0.5650
vn 0.8554 0.0879 0.5104
vn 0.8737 0.2974 0.3850
vn -0.2363 0.7079 0.6656
vn 0.0295 0.9684 0.2476
vn 0.0294 0.9684 0.2477
vn -0.2364 0.7081 0.6654
vn -0.1988 0.9535 0.2265
vn -0.4374 0.8789 0.1901
vn -0.2363 0.7084 0.6651
vn -0.4373 0.8790 0.1901
vn -0.4704 0.6566 0.5896
vn -0.2364 0.7079 0.6655
vn -0.4703 0.6564 0.5899
vn -0.2363 0.7080 0.6655
vn -0.5053 0.2627 0.8220
vn -0.2741 0.2759 0.9213
vn -0.2366 0.7081 0.6654
vn -0.2739 0.2756 0.9214
vn -0.0474 0.2722 0.9611
vn -0.2363 0.7081 0.6654
vn -0.0475 0.2723 0.9610
vn -0.0102 0.7162 0.6978
vn -0.9636 -0.2661 0.0278
vn -0.9541 -0.2657 -0.1385
vn -0.8509 -0.4907 -0.1875
vn -0.9635 -0.2661 0.0278
vn -0.8674 -0.4884 0.0953
vn -0.9636 -0.2661 0.0275
vn -0.8674 -0.4884 0.0954
vn -0.8769 -0.3416 0.3381
vn -0.9636 -0.2658 0.0276
vn -0.8768 -0.3420 0.3380
vn -0.9693 -0.1785 0.1692
vn -0.9635 -0.2661 0.0277
vn -0.9693 -0.1787 0.1690
vn -0.9636 -0.2659 0.0277
vn -0.9952 -0.0754 0.0627
vn -0.9906 -0.1357 -0.0146
vn -0.9636 -0.2660 0.0276
vn -0.9904 -0.1378 -0.0102
vn -0.9869 -0.1224 -0.1046
vn -0.9636 -0.2660 0.0278
vn -0.9870 -0.1223 -0.1047
vn -0.9541 -0.2655 -0.1384
vn 0.1526 -0.2490 0.9564
vn 0.3758 -0.2404 0.8950
vn 0.3999 0.2234 0.8889
vn 0.1525 -0.2490 0.9564
vn 0.3998 0.2234 0.8889
vn 0.1776 0.2549 0.9505
vn 0.1526 -0.2492 0.9564
vn 0.1779 0.2548 0.9505
vn 0.1524 -0.2491 0.9564
vn -0.0718 -0.2449 0.9669
vn 0.1522 -0.2490 0.9565
vn -0.0723 -0.2451 0.9668
vn -0.0771 -0.6963 0.7136
vn 0.1522 -0.2491 0.9564
vn 0.1486 -0.6888 0.7095
vn 0.1488 -0.6889 0.7094
vn 0.3734 -0.6447 0.6670
vn 0.1523 -0.2491 0.9564
vn 0.3730 -0.6448 0.6672
vn 0.3756 -0.2402 0.8951
vn -0.7235 -0.1502 0.6738
vn -0.5250 -0.1957 0.8283
vn -0.5053 0.2625 0.8220
vn -0.7233 -0.1503 0.6740
vn -0.5053 0.2626 0.8221
vn -0.7075 0.2321 0.6675
vn -0.7233 -0.1502 0.6740
vn -0.7074 0.2323 0.6676
vn -0.8606 0.1875 0.4735
vn -0.7234 -0.1501 0.6739
vn -0.8606 0.1877 0.4734
vn -0.8732 -0.0956 0.4779
vn -0.7235 -0.1505 0.6737
vn -0.8733 -0.0953 0.4779
vn -0.7235 -0.1504 0.6738
vn -0.8767 -0.3420 0.3382
vn -0.7292 -0.4829 0.4848
vn -0.7235 -0.1501 0.6738
vn -0.7293 -0.4828 0.4848
vn -0.5317 -0.5948 0.6029
vn -0.7293 -0.1425 0.6692
vn -0.5316 -0.5950 0.6029
vn -0.5248 -0.1960 0.8283
vn 0.6048 -0.2146 0.7669
vn 0.8444 -0.1567 0.5122
vn 0.8554 0.0881 0.5104
vn 0.6051 -0.2144 0.7668
vn 0.8556 0.0881 0.5101
vn 0.6251 0.1730 0.7611
vn 0.6049 -0.2150 0.7667
vn 0.6252 0.1731 0.7611
vn 0.3997 0.2234 0.8890
vn 0.6050 -0.2145 0.7668
vn 0.3998 0.2232 0.8890
vn 0.6051 -0.2145 0.7667
vn 0.3753 -0.2402 0.8952
vn 0.3732 -0.6447 0.6671
vn 0.6049 -0.2146 0.7668
vn 0.3733 -0.6445 0.6672
vn 0.6031 -0.5520 0.5758
vn 0.6049 -0.2146 0.7669
vn 0.6032 -0.5522 0.5756
vn 0.8416 -0.3705 0.3929
vn 0.6048 -0.2145 0.7669
vn 0.8416 -0.3706 0.3929
vn 0.8444 -0.1567 0.5123
vn -0.2961 -0.2281 0.9275
vn -0.0719 -0.2448 0.9669
vn -0.0477 0.2720 0.9611
vn -0.2963 -0.2281 0.9275
vn -0.0477 0.2721 0.9611
vn -0.2740 0.2756 0.9214
vn -0.2961 -0.2280 0.9276
vn -0.2742 0.2754 0.9214
vn -0.5056 0.2625 0.8219
vn -0.2962 -0.2276 0.9276
vn -0.5055 0.2625 0.8220
vn -0.5249 -0.1957 0.8283
vn -0.2966 -0.2283 0.9273
vn -0.5250 -0.1956 0.8283
vn -0.5318 -0.5948 0.6028
vn -0.2964 -0.2281 0.9274
vn -0.5317 -0.5949 0.6028
vn -0.3028 -0.6671 0.6806
vn -0.2963 -0.2282 0.9274
vn -0.3026 -0.6673 0.6806
vn -0.0769 -0.6963 0.7137
vn -0.2965 -0.2281 0.9274
vn -0.0774 -0.6962 0.7137
vn -0.0720 -0.2452 0.9668
vn -0.9467 0.2757 0.1665
vn -0.9595 0.1312 0.2492
vn -0.8606 0.1879 0.4734
vn -0.9468 0.2755 0.1665
vn -0.8606 0.1876 0.4734
vn -0.8393 0.4315 0.3306
vn -0.9468 0.2755 0.1664
vn -0.8395 0.4311 0.3307
vn -0.8184 0.5686 0.0830
vn -0.9468 0.2754 0.1666
vn -0.9350 0.3540 0.0198
vn -0.9467 0.2757 0.1666
vn -0.9351 0.3540 0.0197
vn -0.9761 0.2165 -0.0181
vn -0.9467 0.2755 0.1666
vn -0.9761 0.2166 -0.0181
vn -0.9799 0.1848 0.0750
vn -0.9800 0.1846 0.0750
vn -0.9899 0.0933 0.1071
vn -0.9468 0.2754 0.1667
vn -0.9898 0.0934 0.1073
vn -0.9596 0.1314 0.2489
vn -0.7155 -0.6807 0.1572
vn -0.5158 -0.8307 0.2097
vn -0.5317 -0.5948 0.6030
vn -0.7157 -0.6805 0.1573
vn -0.7294 -0.4827 0.4847
vn -0.7155 -0.6807 0.1570
vn -0.7292 -0.4832 0.4845
vn -0.8767 -0.3423 0.3380
vn -0.8768 -0.3421 0.3380
vn -0.8676 -0.4881 0.0951
vn -0.7155 -0.6807 0.1571
vn -0.8675 -0.4884 0.0950
vn -0.8506 -0.4912 -0.1875
vn -0.7156 -0.6806 0.1572
vn -0.8506 -0.4912 -0.1878
vn -0.6941 -0.6838 -0.2250
vn -0.6944 -0.6836 -0.2248
vn -0.4895 -0.8360 -0.2480
vn -0.7159 -0.6803 0.1571
vn -0.4895 -0.8359 -0.2482
vn -0.5158 -0.8306 0.2100
vn 0.6126 -0.7520 0.2433
vn 0.8492 -0.4956 0.1822
vn 0.8415 -0.3707 0.3930
vn 0.6125 -0.7521 0.2433
vn 0.8415 -0.3706 0.3930
vn 0.6031 -0.5521 0.5758
vn 0.6128 -0.7519 0.2432
vn 0.6030 -0.5523 0.5756
vn 0.3734 -0.6446 0.6672
vn 0.6128 -0.7520 0.2429
vn 0.3734 -0.6443 0.6674
vn 0.3849 -0.8829 0.2691
vn 0.6127 -0.7519 0.2434
vn 0.3849 -0.8829 0.2690
vn 0.4158 -0.8885 -0.1940
vn 0.6128 -0.7519 0.2433
vn 0.4160 -0.8884 -0.1940
vn 0.6388 -0.7558 -0.1439
vn 0.6127 -0.7519 0.2432
vn 0.6387 -0.7559 -0.1439
vn 0.8640 -0.4996 -0.0623
vn 0.6129 -0.7518 0.2433
vn 0.8640 -0.4997 -0.0622
vn 0.8491 -0.4957 0.1825
vn -0.2861 -0.9255 0.2481
vn -0.0617 -0.9611 0.2691
vn -0.0769 -0.6962 0.7137
vn -0.0772 -0.6960 0.7138
vn -0.3027 -0.6674 0.6804
vn -0.2862 -0.9255 0.2480
vn -0.3028 -0.6673 0.6804
vn -0.5317 -0.5950 0.6027
vn -0.5315 -0.5951 0.6028
vn -0.5158 -0.8306 0.2099
vn -0.2862 -0.9256 0.2477
vn -0.5158 -0.8306 0.2096
vn -0.4893 -0.8360 -0.2483
vn -0.2863 -0.9255 0.2478
vn -0.4893 -0.8361 -0.2482
vn -0.2565 -0.9323 -0.2551
vn -0.2864 -0.9255 0.2479
vn -0.2566 -0.9323 -0.2550
vn -0.0297 -0.9684 -0.2475
vn -0.0297 -0.9685 -0.2473
vn -0.0616 -0.9611 0.2692
vn -0.9404 -0.1867 -0.2842
vn -0.9294 -0.0432 -0.3664
vn -0.8085 -0.1099 -0.5781
vn -0.9403 -0.1872 -0.2841
vn -0.8086 -0.1101 -0.5779
vn -0.8280 -0.3539 -0.4350
vn -0.9404 -0.1870 -0.2841
vn -0.8278 -0.3543 -0.4350
vn -0.9404 -0.1869 -0.2842
vn -0.8506 -0.4911 -0.1877
vn -0.9541 -0.2657 -0.1383
vn -0.9404 -0.1869 -0.2841
vn -0.9541 -0.2657 -0.1382
vn -0.9869 -0.1225 -0.1046
vn -0.9404 -0.1869 -0.2840
vn -0.9770 -0.0907 -0.1931
vn -0.9404 -0.1870 -0.2840
vn -0.9770 -0.0908 -0.1932
vn -0.9734 -0.0020 -0.2290
vn -0.9403 -0.1871 -0.2842
vn -0.9735 -0.0020 -0.2288
vn -0.9303 -0.0446 -0.3640
vn 0.1625 -0.9472 0.2764
vn 0.3851 -0.8830 0.2686
vn 0.3735 -0.6446 0.6670
vn 0.1624 -0.9472 0.2763
vn 0.3734 -0.6446 0.6671
vn 0.1624 -0.9473 0.2762
vn 0.1489 -0.6890 0.7093
vn -0.0768 -0.6963 0.7136
vn 0.1622 -0.9473 0.2764
vn -0.0770 -0.6961 0.7138
vn -0.0617 -0.9612 0.2689
vn -0.0613 -0.9612 0.2690
vn -0.0293 -0.9684 -0.2476
vn -0.0293 -0.9685 -0.2474
vn 0.1953 -0.9541 -0.2272
vn 0.1621 -0.9473 0.2762
vn 0.1949 -0.9542 -0.2271
vn 0.4162 -0.8883 -0.1943
vn 0.4161 -0.8883 -0.1942
vn 0.3848 -0.8828 0.2693
vn 0.6666 -0.5683 -0.4823
vn 0.8833 -0.3797 -0.2751
vn 0.8640 -0.4997 -0.0621
vn 0.6668 -0.5682 -0.4821
vn 0.8640 -0.4996 -0.0621
vn 0.6668 -0.5681 -0.4824
vn 0.6387 -0.7559 -0.1442
vn 0.4159 -0.8886 -0.1937
vn 0.6669 -0.5682 -0.4820
vn 0.4158 -0.8886 -0.1938
vn 0.4496 -0.6630 -0.5985
vn 0.6668 -0.5682 -0.4823
vn 0.4495 -0.6632 -0.5984
vn 0.4854 -0.2644 -0.8333
vn 0.6669 -0.5681 -0.4822
vn 0.4851 -0.2644 -0.8335
vn 0.6964 -0.2346 -0.6782
vn 0.6667 -0.5682 -0.4824
vn 0.6964 -0.2344 -0.6783
vn 0.9007 -0.1696 -0.4000
vn 0.6667 -0.5681 -0.4824
vn 0.9006 -0.1698 -0.4002
vn 0.8833 -0.3798 -0.2749
vn -0.2156 -0.6874 -0.6935
vn 0.0105 -0.7165 -0.6975
vn -0.0295 -0.9684 -0.2476
vn -0.2160 -0.6872 -0.6936
vn -0.0297 -0.9683 -0.2479
vn -0.2565 -0.9322 -0.2555
vn -0.2163 -0.6871 -0.6936
vn -0.2566 -0.9322 -0.2553
vn -0.4899 -0.8357 -0.2482
vn -0.2160 -0.6871 -0.6937
vn -0.4896 -0.8358 -0.2484
vn -0.4519 -0.6138 -0.6473
vn -0.2160 -0.6868 -0.6940
vn -0.4519 -0.6135 -0.6476
vn -0.4210 -0.2194 -0.8801
vn -0.4212 -0.2193 -0.8801
vn -0.1814 -0.2543 -0.9499
vn -0.2161 -0.6870 -0.6938
vn -0.1813 -0.2543 -0.9500
vn 0.0475 -0.2722 -0.9611
vn 0.0478 -0.2721 -0.9611
vn 0.0104 -0.7164 -0.6976
vn -0.9206 0.1230 -0.3707
vn -0.9201 0.2664 -0.2871
vn -0.7925 0.4198 -0.4425
vn -0.9205 0.1233 -0.3707
vn -0.7924 0.4196 -0.4427
vn -0.7941 0.1732 -0.5826
vn -0.9206 0.1229 -0.3706
vn -0.7940 0.1732 -0.5827
vn -0.8085 -0.1102 -0.5781
vn -0.9205 0.1231 -0.3708
vn -0.8084 -0.1101 -0.5783
vn -0.9294 -0.0432 -0.3665
vn -0.9205 0.1229 -0.3710
vn -0.9292 -0.0433 -0.3669
vn -0.9734 -0.0018 -0.2290
vn -0.9205 0.1229 -0.3709
vn -0.9735 -0.0019 -0.2287
vn -0.9648 0.0923 -0.2462
vn -0.9205 0.1231 -0.3709
vn -0.9648 0.0927 -0.2460
vn -0.9685 0.1665 -0.1851
vn -0.9206 0.1228 -0.3708
vn -0.9685 0.1664 -0.1851
vn -0.9200 0.2665 -0.2873
vn 0.2326 -0.7085 -0.6663
vn 0.4494 -0.6631 -0.5986
vn 0.4162 -0.8883 -0.1939
vn 0.2326 -0.7087 -0.6661
vn 0.4162 -0.8883 -0.1941
vn 0.2328 -0.7083 -0.6664
vn 0.1953 -0.9541 -0.2269
vn 0.2326 -0.7083 -0.6664
vn -0.0296 -0.9684 -0.2475
vn 0.0103 -0.7162 -0.6978
vn 0.2325 -0.7085 -0.6663
vn 0.0105 -0.7163 -0.6977
vn 0.0475 -0.2723 -0.9610
vn 0.2327 -0.7085 -0.6662
vn 0.0476 -0.2722 -0.9611
vn 0.2706 -0.2757 -0.9224
vn 0.2327 -0.7085 -0.6663
vn 0.2705 -0.2758 -0.9224
vn 0.4851 -0.2646 -0.8335
vn 0.2326 -0.7084 -0.6664
vn 0.4852 -0.2650 -0.8333
vn 0.4496 -0.6631 -0.5984
vn -0.6622 -0.4995 -0.5586
vn -0.4516 -0.6137 -0.6476
vn -0.4898 -0.8358 -0.2482
vn -0.6624 -0.4993 -0.5585
vn -0.6941 -0.6838 -0.2249
vn -0.6624 -0.4991 -0.5587
vn -0.6940 -0.6839 -0.2249
vn -0.6624 -0.4991 -0.5588
vn -0.8508 -0.4908 -0.1876
vn -0.8281 -0.3539 -0.4348
vn -0.6623 -0.4993 -0.5587
vn -0.8279 -0.3540 -0.4350
vn -0.8085 -0.1100 -0.5781
vn -0.6623 -0.4994 -0.5586
vn -0.6373 -0.1696 -0.7517
vn -0.6622 -0.4994 -0.5587
vn -0.6371 -0.1696 -0.7519
vn -0.4209 -0.2192 -0.8802
vn -0.6622 -0.4994 -0.5586
vn -0.4215 -0.2193 -0.8799
vn -0.4521 -0.6133 -0.6477
vn 0.7132 0.1530 -0.6841
vn 0.9125 0.0751 -0.4021
vn 0.9006 -0.1696 -0.4001
vn 0.7130 0.1531 -0.6843
vn 0.9007 -0.1697 -0.3999
vn 0.7131 0.1530 -0.6842
vn 0.6965 -0.2346 -0.6781
vn 0.4851 -0.2645 -0.8335
vn 0.7130 0.1532 -0.6842
vn 0.4849 -0.2645 -0.8336
vn 0.5048 0.1992 -0.8400
vn 0.7133 0.1528 -0.6840
vn 0.5046 0.1996 -0.8400
vn 0.7131 0.1531 -0.6842
vn 0.5118 0.6031 -0.6118
vn 0.7185 0.4908 -0.4929
vn 0.7131 0.1533 -0.6841
vn 0.7187 0.4905 -0.4928
vn 0.9146 0.2887 -0.2832
vn 0.7130 0.1531 -0.6842
vn 0.9146 0.2886 -0.2833
vn 0.9124 0.0749 -0.4023
vn -0.1564 0.2492 -0.9558
vn 0.0720 0.2448 -0.9669
vn 0.0476 -0.2723 -0.9610
vn -0.1562 0.2492 -0.9558
vn 0.0477 -0.2722 -0.9611
vn -0.1812 -0.2543 -0.9500
vn -0.1563 0.2492 -0.9558
vn -0.1814 -0.2544 -0.9499
vn -0.4212 -0.2196 -0.8800
vn -0.1562 0.2488 -0.9559
vn -0.3973 0.2387 -0.8861
vn -0.1558 0.2491 -0.9559
vn -0.3948 0.6384 -0.6607
vn -0.1537 0.2422 -0.9580
vn -0.3950 0.6382 -0.6608
vn -0.1526 0.6885 -0.7090
vn -0.1561 0.2491 -0.9558
vn -0.1527 0.6886 -0.7089
vn 0.0770 0.6964 -0.7135
vn -0.1559 0.2489 -0.9559
vn 0.0769 0.6961 -0.7138
vn 0.0722 0.2449 -0.9669
vn -0.9240 0.3534 -0.1459
vn -0.9351 0.3538 0.0197
vn -0.9240 0.3534 -0.1458
vn -0.7998 0.5660 -0.1999
vn -0.9240 0.3535 -0.1459
vn -0.7999 0.5659 -0.1999
vn -0.7924 0.4197 -0.4427
vn -0.9241 0.3533 -0.1457
vn -0.9240 0.3535 -0.1457
vn -0.9201 0.2663 -0.2871
vn -0.9686 0.1664 -0.1848
vn -0.9686 0.1663 -0.1849
vn -0.9674 0.2271 -0.1119
vn -0.9240 0.3535 -0.1456
vn -0.9674 0.2273 -0.1120
vn -0.9761 0.2164 -0.0183
vn -0.9761 0.2167 -0.0181
vn -0.9350 0.3540 0.0203
vn 0.2927 0.2281 -0.9286
vn 0.5048 0.1991 -0.8399
vn 0.4852 -0.2645 -0.8335
vn 0.2927 0.2282 -0.9286
vn 0.2702 -0.2754 -0.9226
vn 0.2927 0.2283 -0.9286
vn 0.2707 -0.2755 -0.9224
vn 0.0477 -0.2721 -0.9611
vn 0.2927 0.2284 -0.9285
vn 0.0476 -0.2721 -0.9611
vn 0.0719 0.2448 -0.9669
vn 0.2928 0.2282 -0.9285
vn 0.0720 0.2452 -0.9668
vn 0.0770 0.6962 -0.7137
vn 0.0773 0.6962 -0.7137
vn 0.2928 0.2287 -0.9284
vn 0.2992 0.6681 -0.6813
vn 0.5118 0.6032 -0.6117
vn 0.2930 0.2285 -0.9284
vn 0.5049 0.1991 -0.8399
vn -0.6168 0.2128 -0.7578
vn -0.4209 -0.2195 -0.8802
vn -0.6167 0.2128 -0.7579
vn -0.4213 -0.2195 -0.8800
vn -0.6371 -0.1698 -0.7518
vn -0.6167 0.2124 -0.7580
vn -0.6371 -0.1698 -0.7519
vn -0.8084 -0.1100 -0.5783
vn -0.6167 0.2126 -0.7579
vn -0.8086 -0.1101 -0.5780
vn -0.7942 0.1735 -0.5824
vn -0.7943 0.1732 -0.5823
vn -0.7924 0.4198 -0.4427
vn -0.7925 0.4196 -0.4425
vn -0.6153 0.5456 -0.5689
vn -0.6168 0.2125 -0.7579
vn -0.6154 0.5455 -0.5689
vn -0.3948 0.6381 -0.6610
vn -0.6168 0.2126 -0.7579
vn -0.3950 0.6381 -0.6609
vn -0.9721 0.0871 -0.2180
vn -0.9713 0.0892 -0.2205
vn -0.9685 0.1663 -0.1852
vn -0.9721 0.0869 -0.2180
vn -0.9686 0.1662 -0.1851
vn -0.9648 0.0925 -0.2461
vn -0.9721 0.0870 -0.2178
vn -0.9648 0.0926 -0.2460
vn -0.9735 -0.0021 -0.2289
vn -0.9721 0.0870 -0.2181
vn -0.9734 -0.0019 -0.2291
vn -0.9709 0.0860 -0.2234
vn -0.9710 0.0859 -0.2232
vn -0.9737 0.0864 -0.2109
vn -0.9720 0.0872 -0.2182
vn -0.9737 0.0864 -0.2110
vn -0.9740 0.0860 -0.2097
vn -0.9721 0.0869 -0.2179
vn -0.9740 0.0859 -0.2095
vn -0.9742 0.0857 -0.2089
vn -0.9743 0.0856 -0.2085
vn -0.9712 0.0893 -0.2208
vn -0.9844 0.1666 0.0564
vn -0.9840 0.1676 0.0609
vn -0.9898 0.0933 0.1073
vn -0.9844 0.1667 0.0565
vn -0.9898 0.0930 0.1075
vn -0.9799 0.1847 0.0748
vn -0.9761 0.2164 -0.0180
vn -0.9844 0.1666 0.0567
vn -0.9836 0.1707 0.0575
vn -0.9844 0.1668 0.0567
vn -0.9836 0.1708 0.0574
vn -0.9855 0.1619 0.0513
vn -0.9844 0.1667 0.0567
vn -0.9855 0.1618 0.0511
vn -0.9855 0.1616 0.0511
vn -0.9844 0.1668 0.0566
vn -0.9855 0.1616 0.0515
vn -0.9855 0.1618 0.0513
vn -0.9844 0.1667 0.0569
vn -0.9855 0.1617 0.0514
vn -0.9840 0.1677 0.0607
vn -0.9749 0.1956 -0.1068
vn -0.9735 0.2020 -0.1071
vn -0.9761 0.2167 -0.0180
vn -0.9749 0.1955 -0.1069
vn -0.9761 0.2164 -0.0182
vn -0.9674 0.2272 -0.1121
vn -0.9749 0.1955 -0.1067
vn -0.9674 0.2269 -0.1122
vn -0.9686 0.1663 -0.1850
vn -0.9749 0.1954 -0.1067
vn -0.9685 0.1665 -0.1849
vn -0.9746 0.1972 -0.1063
vn -0.9749 0.1954 -0.1068
vn -0.9746 0.1973 -0.1062
vn -0.9771 0.1841 -0.1067
vn -0.9771 0.1844 -0.1064
vn -0.9766 0.1865 -0.1071
vn -0.9766 0.1866 -0.1071
vn -0.9761 0.1888 -0.1079
vn -0.9749 0.1953 -0.1068
vn -0.9760 0.1891 -0.1079
vn -0.9735 0.2021 -0.1068
vn -0.9958 0.0070 0.0911
vn -0.9954 0.0056 0.0959
vn -0.9952 -0.0757 0.0626
vn -0.9958 0.0072 0.0912
vn -0.9952 -0.0757 0.0628
vn -0.9925 -0.0019 0.1219
vn -0.9958 0.0067 0.0910
vn -0.9899 0.0932 0.1073
vn -0.9899 0.0931 0.1070
vn -0.9957 0.0055 0.0926
vn -0.9958 0.0070 0.0910
vn -0.9957 0.0053 0.0925
vn -0.9965 0.0107 0.0834
vn -0.9958 0.0071 0.0913
vn -0.9965 0.0102 0.0833
vn -0.9964 0.0101 0.0841
vn -0.9958 0.0071 0.0911
vn -0.9964 0.0103 0.0839
vn -0.9964 0.0103 0.0847
vn -0.9958 0.0071 0.0910
vn -0.9964 0.0102 0.0846
vn -0.9954 0.0056 0.0958
vn -0.9829 -0.0674 -0.1715
vn -0.9824 -0.0699 -0.1735
vn -0.9735 -0.0021 -0.2288
vn -0.9829 -0.0675 -0.1715
vn -0.9735 -0.0023 -0.2287
vn -0.9770 -0.0909 -0.1930
vn -0.9829 -0.0676 -0.1713
vn -0.9769 -0.0910 -0.1934
vn -0.9869 -0.1228 -0.1049
vn -0.9828 -0.0674 -0.1717
vn -0.9869 -0.1228 -0.1045
vn -0.9821 -0.0701 -0.1746
vn -0.9829 -0.0675 -0.1716
vn -0.9822 -0.0705 -0.1744
vn -0.9841 -0.0616 -0.1665
vn -0.9828 -0.0673 -0.1718
vn -0.9841 -0.0618 -0.1664
vn -0.9842 -0.0618 -0.1661
vn -0.9829 -0.0676 -0.1715
vn -0.9841 -0.0615 -0.1666
vn -0.9841 -0.0614 -0.1665
vn -0.9824 -0.0702 -0.1733
vn -0.9939 -0.1086 -0.0184
vn -0.9935 -0.1125 -0.0182
vn -0.9870 -0.1223 -0.1046
vn -0.9939 -0.1086 -0.0183
vn -0.9869 -0.1227 -0.1047
vn -0.9904 -0.1380 -0.0102
vn -0.9935 -0.1135 -0.0085
vn -0.9904 -0.1381 -0.0100
vn -0.9952 -0.0757 0.0627
vn -0.9939 -0.1085 -0.0184
vn -0.9952 -0.0756 0.0625
vn -0.9936 -0.1121 -0.0167
vn -0.9939 -0.1087 -0.0184
vn -0.9936 -0.1122 -0.0166
vn -0.9947 -0.1009 -0.0203
vn -0.9939 -0.1088 -0.0180
vn -0.9947 -0.1012 -0.0202
vn -0.9946 -0.1014 -0.0197
vn -0.9939 -0.1088 -0.0183
vn -0.9947 -0.1010 -0.0205
vn -0.9946 -0.1013 -0.0206
vn -0.9939 -0.1085 -0.0183
vn -0.9947 -0.1012 -0.0205
vn -0.9935 -0.1128 -0.0181
vn 0.9974 -0.0120 -0.0715
vn 0.9938 -0.0842 -0.0720
vn 0.9005 -0.1700 -0.4002
vn 0.9974 -0.0120 -0.0714
vn 0.9005 -0.1699 -0.4003
vn 0.9125 0.0749 -0.4022
vn 0.9974 -0.0119 -0.0717
vn 0.9125 0.0750 -0.4022
vn 0.9147 0.2889 -0.2827
vn 0.9974 -0.0122 -0.0716
vn 0.9145 0.2890 -0.2830
vn 0.9980 0.0512 -0.0375
vn 0.9974 -0.0121 -0.0715
vn 0.9980 0.0513 -0.0377
vn 0.9970 -0.0464 0.0626
vn 0.9974 -0.0120 -0.0717
vn 0.9970 -0.0462 0.0626
vn 0.9970 -0.0462 0.0625
vn 0.9974 -0.0119 -0.0713
vn 0.9970 -0.0462 0.0624
vn 0.9970 -0.0465 0.0626
vn 0.9974 -0.0121 -0.0716
vn 0.9939 -0.0838 -0.0723
vn 0.9775 -0.0796 0.1954
vn 0.9806 -0.0079 0.1957
vn 0.8554 0.0880 0.5104
vn 0.8553 0.0880 0.5105
vn 0.8443 -0.1567 0.5125
vn 0.9775 -0.0798 0.1951
vn 0.8443 -0.1568 0.5125
vn 0.9775 -0.0799 0.1952
vn 0.8415 -0.3707 0.3931
vn 0.9764 -0.1433 0.1615
vn 0.9775 -0.0796 0.1955
vn 0.9764 -0.1432 0.1615
vn 0.9970 -0.0463 0.0627
vn 0.9774 -0.0797 0.1956
vn 0.9970 -0.0464 0.0625
vn 0.9970 -0.0463 0.0626
vn 0.9774 -0.0798 0.1957
vn 0.9970 -0.0463 0.0624
vn 0.9805 -0.0077 0.1963
vn 0.9860 0.0530 0.1582
vn 0.9913 0.0894 0.0965
vn 0.8920 0.4179 0.1724
vn 0.8921 0.4177 0.1723
vn 0.8737 0.2975 0.3848
vn 0.9860 0.0532 0.1583
vn 0.8736 0.2977 0.3850
vn 0.8555 0.0879 0.5103
vn 0.9805 -0.0079 0.1962
vn 0.9859 0.0533 0.1585
vn 0.9805 -0.0077 0.1964
vn 0.9970 -0.0463 0.0625
vn 0.9859 0.0532 0.1584
vn 0.9970 -0.0461 0.0625
vn 0.9859 0.0531 0.1584
vn 0.9913 0.0894 0.0964
vn 0.9789 -0.1790 0.0988
vn 0.9764 -0.1433 0.1614
vn 0.8416 -0.3704 0.3930
vn 0.9789 -0.1789 0.0989
vn 0.8415 -0.3706 0.3931
vn 0.8494 -0.4954 0.1820
vn 0.9789 -0.1788 0.0989
vn 0.8493 -0.4954 0.1825
vn 0.8640 -0.4996 -0.0624
vn 0.9789 -0.1786 0.0991
vn 0.8641 -0.4994 -0.0625
vn 0.9831 -0.1811 0.0269
vn 0.9789 -0.1785 0.0989
vn 0.9831 -0.1812 0.0274
vn 0.9969 -0.0466 0.0629
vn 0.9789 -0.1787 0.0991
vn 0.9789 -0.1788 0.0991
vn 0.9789 -0.1788 0.0993
vn 0.9765 -0.1431 0.1615
vn 0.9888 -0.1450 -0.0344
vn 0.9831 -0.1811 0.0273
vn 0.8641 -0.4995 -0.0621
vn 0.9888 -0.1451 -0.0344
vn 0.8833 -0.3796 -0.2751
vn 0.9889 -0.1447 -0.0346
vn 0.8833 -0.3798 -0.2750
vn 0.9005 -0.1701 -0.4002
vn 0.9889 -0.1448 -0.0345
vn 0.9938 -0.0839 -0.0723
vn 0.9888 -0.1449 -0.0344
vn 0.9938 -0.0840 -0.0722
vn 0.9969 -0.0464 0.0629
vn 0.9970 -0.0459 0.0624
vn 0.9970 -0.0460 0.0626
vn 0.9888 -0.1448 -0.0346
vn 0.9970 -0.0461 0.0626
vn 0.9888 -0.1449 -0.0345
vn 0.9969 -0.0464 0.0628
vn 0.9959 0.0868 0.0248
vn 0.9146 0.2888 -0.2829
vn 0.9959 0.0867 0.0246
vn 0.9146 0.2889 -0.2830
vn 0.9076 0.4136 -0.0721
vn 0.9960 0.0850 0.0289
vn 0.9075 0.4138 -0.0723
vn 0.8920 0.4178 0.1723
vn 0.9959 0.0867 0.0248
vn 0.9913 0.0891 0.0966
vn 0.9959 0.0869 0.0250
vn 0.9913 0.0894 0.0966
vn 0.9970 -0.0465 0.0627
vn 0.9959 0.0869 0.0249
vn 0.9959 0.0873 0.0250
vn 0.9970 -0.0462 0.0628
vn 0.9980 0.0513 -0.0376
vn 0.9970 -0.0462 0.0623
vn 0.9970 -0.0462 0.0627
vn 0.9969 -0.0466 0.0628
vn 0.9970 -0.0461 0.0627
vn 0.9970 -0.0461 0.0628
vn 0.9970 -0.0461 0.0624
vn 0.9970 -0.0460 0.0624
vn 0.9969 -0.0463 0.0629
vn 0.9970 -0.0460 0.0625
vn 0.9969 -0.0463 0.0630
vn 0.9970 -0.0460 0.0629
vn -0.0744 0.9586 -0.2747
vn -0.1083 0.9551 -0.2758
vn -0.0948 0.6939 -0.7138
vn -0.0740 0.9586 -0.2749
vn -0.0948 0.6939 -0.7139
vn -0.0603 0.6960 -0.7155
vn -0.0743 0.9586 -0.2749
vn -0.0604 0.6960 -0.7155
vn -0.1484 0.6888 -0.7096
vn -0.0743 0.9587 -0.2747
vn -0.1487 0.6889 -0.7094
vn -0.4177 0.8686 -0.2666
vn -0.0741 0.9585 -0.2751
vn -0.1947 0.9542 0.2271
vn -0.0741 0.9585 -0.2752
vn -0.1950 0.9541 0.2271
vn -0.1075 0.9657 0.2364
vn -0.0741 0.9585 -0.2753
vn -0.1072 0.9657 0.2365
vn -0.1416 0.9621 0.2329
vn -0.1418 0.9621 0.2329
vn -0.1081 0.9550 -0.2761
vn -0.1453 0.7158 0.6830
vn -0.1793 0.7138 0.6770
vn -0.1416 0.9621 0.2330
vn -0.1454 0.7160 0.6828
vn -0.1417 0.9621 0.2330
vn -0.1074 0.9657 0.2365
vn -0.1072 0.9657 0.2366
vn -0.1948 0.9542 0.2270
vn -0.1454 0.7159 0.6829
vn -0.1948 0.9542 0.2271
vn -0.4813 0.6528 0.5850
vn -0.4812 0.6530 0.5848
vn -0.2699 0.2756 0.9226
vn -0.2701 0.2754 0.9226
vn -0.1839 0.2758 0.9435
vn -0.1455 0.7158 0.6829
vn -0.1837 0.2758 0.9435
vn -0.2177 0.2760 0.9362
vn -0.1792 0.7137 0.6771
vn -0.2066 -0.2364 0.9494
vn -0.2399 -0.2336 0.9423
vn -0.2178 0.2760 0.9362
vn -0.2066 -0.2365 0.9494
vn -0.2177 0.2759 0.9362
vn -0.1841 0.2758 0.9434
vn -0.2065 -0.2365 0.9494
vn -0.1839 0.2757 0.9435
vn -0.2702 0.2754 0.9226
vn -0.2701 0.2756 0.9226
vn -0.5354 -0.1938 0.8221
vn -0.2066 -0.2360 0.9495
vn -0.5353 -0.1936 0.8222
vn -0.2990 -0.6681 0.6813
vn -0.2065 -0.2361 0.9495
vn -0.2132 -0.6834 0.6983
vn -0.2068 -0.2360 0.9495
vn -0.2130 -0.6836 0.6981
vn -0.2467 -0.6783 0.6922
vn -0.2064 -0.2362 0.9495
vn -0.2469 -0.6780 0.6923
vn -0.2400 -0.2334 0.9423
vn -0.1962 -0.9460 0.2579
vn -0.2299 -0.9394 0.2545
vn -0.2468 -0.6779 0.6925
vn -0.1963 -0.9460 0.2580
vn -0.2134 -0.6831 0.6985
vn -0.1963 -0.9460 0.2579
vn -0.2134 -0.6832 0.6983
vn -0.2989 -0.6679 0.6816
vn -0.1963 -0.9460 0.2581
vn -0.2990 -0.6680 0.6815
vn -0.5264 -0.8246 0.2073
vn -0.1965 -0.9459 0.2582
vn -0.5262 -0.8247 0.2076
vn -0.2523 -0.9334 -0.2551
vn -0.2524 -0.9333 -0.2554
vn -0.1664 -0.9529 -0.2537
vn -0.1663 -0.9529 -0.2536
vn -0.2000 -0.9462 -0.2545
vn -0.1963 -0.9459 0.2583
vn -0.2003 -0.9461 -0.2546
vn -0.2297 -0.9393 0.2548
vn -0.9970 0.0463 -0.0623
vn -0.4812 0.6529 0.5850
vn -0.9970 0.0464 -0.0625
vn -0.1947 0.9542 0.2270
vn -0.4176 0.8687 -0.2665
vn -0.9969 0.0466 -0.0627
vn -0.4176 0.8686 -0.2667
vn -0.1486 0.6891 -0.7093
vn -0.9970 0.0464 -0.0627
vn -0.1486 0.6887 -0.7096
vn -0.4089 0.2373 -0.8812
vn -0.9970 0.0463 -0.0627
vn -0.4083 0.2376 -0.8814
vn -0.1772 -0.2547 -0.9506
vn -0.9970 0.0465 -0.0625
vn -0.1773 -0.2551 -0.9505
vn -0.4628 -0.6089 -0.6442
vn -0.9970 0.0463 -0.0622
vn -0.4628 -0.6087 -0.6444
vn -0.2525 -0.9333 -0.2554
vn -0.9970 0.0463 -0.0626
vn -0.2523 -0.9333 -0.2553
vn -0.5260 -0.8248 0.2075
vn -0.9970 0.0464 -0.0622
vn -0.5262 -0.8247 0.2073
vn -0.2990 -0.6683 0.6812
vn -0.9970 0.0463 -0.0625
vn -0.2990 -0.6680 0.6814
vn -0.5355 -0.1938 0.8220
vn -0.9970 0.0464 -0.0626
vn -0.5354 -0.1937 0.8221
vn -0.9969 0.0467 -0.0627
vn -0.2700 0.2753 0.9227
vn -0.4812 0.6528 0.5851
vn -0.1253 -0.7031 -0.7000
vn -0.1589 -0.6981 -0.6981
vn -0.1997 -0.9463 -0.2544
vn -0.1253 -0.7032 -0.6999
vn -0.1999 -0.9462 -0.2546
vn -0.1662 -0.9528 -0.2541
vn -0.1251 -0.7034 -0.6997
vn -0.1659 -0.9529 -0.2539
vn -0.2523 -0.9333 -0.2554
vn -0.1251 -0.7033 -0.6998
vn -0.2522 -0.9334 -0.2553
vn -0.4626 -0.6090 -0.6443
vn -0.1252 -0.7033 -0.6998
vn -0.4626 -0.6092 -0.6441
vn -0.1772 -0.2549 -0.9506
vn -0.1252 -0.7034 -0.6997
vn -0.1773 -0.2549 -0.9506
vn -0.0897 -0.2634 -0.9605
vn -0.1252 -0.7032 -0.6999
vn -0.0895 -0.2633 -0.9606
vn -0.1237 -0.2603 -0.9576
vn -0.1239 -0.2604 -0.9575
vn -0.1590 -0.6981 -0.6981
vn -0.0640 0.2489 -0.9664
vn -0.0980 0.2494 -0.9634
vn -0.1238 -0.2601 -0.9576
vn -0.0641 0.2491 -0.9664
vn -0.1239 -0.2602 -0.9576
vn -0.0898 -0.2631 -0.9606
vn -0.0639 0.2492 -0.9663
vn -0.0896 -0.2630 -0.9606
vn -0.0641 0.2490 -0.9664
vn -0.1771 -0.2549 -0.9506
vn -0.4084 0.2377 -0.8813
vn -0.0638 0.2487 -0.9665
vn -0.4088 0.2375 -0.8812
vn -0.1485 0.6892 -0.7092
vn -0.0637 0.2488 -0.9665
vn -0.1485 0.6893 -0.7091
vn -0.0605 0.6962 -0.7153
vn -0.0640 0.2487 -0.9665
vn -0.0605 0.6961 -0.7154
vn -0.0637 0.2488 -0.9664
vn -0.0949 0.6943 -0.7134
vn -0.0976 0.2490 -0.9636
vn 0.9979 -0.0145 -0.0628
vn 0.9975 0.0567 -0.0431
vn 0.9975 0.0565 -0.0430
vn 0.9966 0.0777 0.0274
vn 0.9966 0.0777 0.0273
vn 0.9904 0.0967 0.0984
vn 0.9904 0.0968 0.0984
vn 0.9873 0.0461 0.1518
vn 0.9970 -0.0464 0.0624
vn 0.9873 0.0464 0.1519
vn 0.9790 -0.0059 0.2036
vn 0.9791 -0.0058 0.2034
vn 0.9794 -0.0776 0.1865
vn 0.9794 -0.0777 0.1863
vn 0.9747 -0.1485 0.1668
vn 0.9970 -0.0465 0.0620
vn 0.9747 -0.1486 0.1670
vn 0.9807 -0.1697 0.0967
vn 0.9807 -0.1697 0.0969
vn 0.9818 -0.1884 0.0252
vn 0.9817 -0.1885 0.0254
vn 0.9900 -0.1385 -0.0275
vn 0.9970 -0.0463 0.0623
vn 0.9900 -0.1383 -0.0278
vn 0.9931 -0.0861 -0.0796
vn 0.9931 -0.0859 -0.0798
vn 0.9979 -0.0143 -0.0624
vn 0.5475 0.1915 -0.8146
vn 0.9979 -0.0143 -0.0626
vn 0.9931 -0.0861 -0.0797
vn 0.5476 0.1913 -0.8146
vn 0.5211 -0.2610 -0.8126
vn 0.5212 -0.2609 -0.8126
vn -0.1242 -0.2603 -0.9575
vn -0.0982 0.2495 -0.9634
vn -0.0982 0.2489 -0.9635
vn -0.0949 0.6940 -0.7137
vn 0.5475 0.1914 -0.8146
vn -0.0948 0.6941 -0.7136
vn 0.5472 0.5883 -0.5954
vn 0.5470 0.5884 -0.5955
vn 0.9975 0.0567 -0.0433
vn 0.5474 0.1913 -0.8147
vn 0.9975 0.0565 -0.0432
vn 0.9979 -0.0147 -0.0624
vn 0.4937 -0.6483 -0.5797
vn 0.9900 -0.1382 -0.0282
vn 0.9817 -0.1888 0.0252
vn 0.4936 -0.6484 -0.5796
vn 0.9817 -0.1886 0.0253
vn 0.4533 -0.8716 -0.1867
vn 0.4938 -0.6483 -0.5796
vn -0.1999 -0.9461 -0.2547
vn 0.4938 -0.6483 -0.5795
vn -0.1998 -0.9461 -0.2548
vn -0.1589 -0.6979 -0.6983
vn 0.4937 -0.6486 -0.5792
vn 0.4937 -0.6487 -0.5791
vn -0.1238 -0.2603 -0.9575
vn 0.5209 -0.2607 -0.8128
vn 0.4935 -0.6487 -0.5794
vn 0.5208 -0.2607 -0.8129
vn 0.9931 -0.0861 -0.0799
vn 0.4934 -0.6489 -0.5793
vn 0.9931 -0.0861 -0.0798
vn 0.9899 -0.1387 -0.0277
vn 0.4305 -0.8627 0.2655
vn 0.9808 -0.1697 0.0962
vn 0.9748 -0.1483 0.1667
vn 0.4306 -0.8626 0.2655
vn 0.9748 -0.1484 0.1666
vn 0.4116 -0.6329 0.6558
vn 0.4306 -0.8626 0.2654
vn 0.4117 -0.6329 0.6557
vn -0.2468 -0.6780 0.6924
vn 0.4308 -0.8625 0.2655
vn -0.2296 -0.9395 0.2543
vn 0.4307 -0.8626 0.2654
vn -0.2297 -0.9394 0.2547
vn -0.1999 -0.9462 -0.2545
vn 0.4308 -0.8625 0.2653
vn -0.2000 -0.9462 -0.2544
vn 0.4535 -0.8714 -0.1870
vn 0.4306 -0.8627 0.2652
vn 0.4532 -0.8715 -0.1872
vn 0.4307 -0.8625 0.2657
vn 0.9817 -0.1886 0.0254
vn 0.9807 -0.1699 0.0968
vn 0.4215 -0.2363 0.8755
vn 0.9794 -0.0776 0.1866
vn 0.9791 -0.0060 0.2033
vn 0.4215 -0.2365 0.8755
vn 0.9791 -0.0059 0.2034
vn 0.4377 0.2160 0.8728
vn 0.4216 -0.2367 0.8754
vn 0.4373 0.2167 0.8728
vn -0.2176 0.2759 0.9362
vn 0.4215 -0.2366 0.8754
vn -0.2179 0.2758 0.9362
vn -0.2399 -0.2335 0.9423
vn 0.4218 -0.2363 0.8754
vn -0.2401 -0.2335 0.9422
vn -0.2469 -0.6782 0.6921
vn 0.4216 -0.2365 0.8754
vn 0.4115 -0.6330 0.6557
vn 0.4215 -0.2365 0.8754
vn 0.4114 -0.6329 0.6559
vn 0.9747 -0.1486 0.1672
vn 0.4216 -0.2366 0.8754
vn 0.9793 -0.0777 0.1867
vn 0.4755 0.6034 0.6402
vn 0.9873 0.0464 0.1520
vn 0.9904 0.0966 0.0984
vn 0.4754 0.6034 0.6402
vn 0.5053 0.8269 0.2469
vn 0.4752 0.6035 0.6403
vn 0.5053 0.8269 0.2470
vn -0.1416 0.9620 0.2333
vn 0.4752 0.6034 0.6404
vn 0.4753 0.6035 0.6402
vn -0.1792 0.7137 0.6772
vn 0.4375 0.2163 0.8728
vn 0.4376 0.2162 0.8728
vn 0.9790 -0.0054 0.2036
vn 0.9791 -0.0056 0.2034
vn 0.9873 0.0462 0.1521
vn 0.5384 0.8174 -0.2048
vn 0.9966 0.0779 0.0271
vn 0.9974 0.0567 -0.0434
vn 0.5384 0.8175 -0.2047
vn 0.9974 0.0567 -0.0433
vn 0.5467 0.5882 -0.5959
vn 0.5382 0.8177 -0.2045
vn 0.5468 0.5883 -0.5957
vn -0.0946 0.6939 -0.7139
vn 0.5385 0.8174 -0.2048
vn 0.5384 0.8174 -0.2047
vn -0.1080 0.9551 -0.2760
vn -0.1415 0.9621 0.2332
vn 0.5383 0.8175 -0.2049
vn -0.1416 0.9621 0.2331
vn 0.5053 0.8268 0.2471
vn 0.5383 0.8176 -0.2044
vn 0.5054 0.8268 0.2471
vn 0.9905 0.0968 0.0982
vn 0.5383 0.8175 -0.2047
vn 0.9905 0.0966 0.0983
vn 0.9966 0.0779 0.0274
vn -0.9669 -0.0353 0.2525
vn -0.9668 -0.0355 0.2529
vn -0.8731 -0.0957 0.4780
vn -0.9669 -0.0357 0.2527
vn -0.8605 0.1878 0.4735
vn -0.9669 -0.0355 0.2528
vn -0.8606 0.1878 0.4733
vn -0.9597 0.1311 0.2486
vn -0.9596 0.1311 0.2489
vn -0.9976 0.0659 0.0229
vn -0.9976 0.0658 0.0230
vn -0.9925 -0.0020 0.1221
vn -0.9669 -0.0355 0.2526
vn -0.9925 -0.0021 0.1222
vn -0.9994 0.0128 -0.0313
vn -0.9994 0.0129 -0.0314
vn -0.9693 -0.1788 0.1688
vn 0.4953 0.8419 -0.2142
vn 0.2825 0.9265 -0.2485
vn 0.2827 0.9265 -0.2485
vn 0.2824 0.9265 -0.2486
vn 0.0771 0.6961 -0.7138
vn 0.0615 0.9612 -0.2690
vn 0.0614 0.9612 -0.2691
vn 0.0297 0.9684 0.2475
vn 0.2532 0.9332 0.2551
vn 0.2529 0.9332 0.2551
vn 0.4687 0.8474 0.2496
vn 0.4687 0.8474 0.2495
vn 0.4954 0.8419 -0.2138
vn -0.4068 0.8735 -0.2675
vn -0.3952 0.6381 -0.6608
vn -0.6153 0.5454 -0.5691
vn -0.6152 0.5456 -0.5691
vn -0.6245 0.7428 -0.2412
vn -0.7998 0.5661 -0.1998
vn -0.8182 0.5689 0.0830
vn -0.6507 0.7462 0.1407
vn -0.6244 0.7428 -0.2415
vn 0.6487 0.7401 -0.1773
vn 0.9924 0.1222 0.0145
vn 0.9934 0.0873 -0.0748
vn 0.6488 0.7400 -0.1772
vn 0.6645 0.5262 -0.5306
vn 0.6490 0.7398 -0.1772
vn 0.6645 0.5263 -0.5306
vn 0.6489 0.7399 -0.1774
vn 0.4955 0.8419 -0.2138
vn 0.6491 0.7397 -0.1774
vn 0.4689 0.8473 0.2494
vn 0.4689 0.8473 0.2495
vn 0.6265 0.7432 0.2350
vn 0.6491 0.7397 -0.1775
vn 0.6268 0.7430 0.2348
vn 0.9843 0.1391 0.1084
vn 0.6492 0.7397 -0.1773
vn 0.9843 0.1391 0.1085
vn 0.9924 0.1223 0.0143
vn 0.0618 0.9612 -0.2690
vn 0.0770 0.6963 -0.7136
vn -0.1660 0.9467 -0.2762
vn -0.1521 0.6886 -0.7090
vn -0.3951 0.6380 -0.6609
vn -0.1664 0.9465 -0.2765
vn -0.3950 0.6380 -0.6611
vn -0.4063 0.8737 -0.2676
vn -0.4066 0.8736 -0.2675
vn -0.4374 0.8789 0.1902
vn -0.1659 0.9467 -0.2762
vn -0.4372 0.8790 0.1902
vn -0.1990 0.9534 0.2269
vn 0.0293 0.9685 0.2474
vn -0.1661 0.9465 -0.2765
vn 0.0614 0.9611 -0.2694
vn 0.2124 0.6880 0.6940
vn 0.4309 0.6222 0.6536
vn 0.2121 0.6881 0.6940
vn 0.2530 0.9332 0.2553
vn 0.2125 0.6881 0.6938
vn 0.0295 0.9683 0.2479
vn 0.2123 0.6879 0.6940
vn 0.0294 0.9684 0.2476
vn 0.2121 0.6880 0.6940
vn -0.0106 0.7164 0.6976
vn 0.1778 0.2548 0.9505
vn 0.2125 0.6877 0.6942
vn 0.1777 0.2546 0.9506
vn 0.3999 0.2230 0.8890
vn -0.6777 0.5616 0.4746
vn -0.4371 0.8791 0.1900
vn -0.6779 0.5616 0.4745
vn -0.4370 0.8791 0.1901
vn -0.6504 0.7465 0.1408
vn -0.6776 0.5618 0.4745
vn -0.8184 0.5686 0.0829
vn -0.7075 0.2323 0.6675
vn -0.6778 0.5616 0.4746
vn -0.4703 0.6565 0.5897
vn 0.5913 0.5444 0.5949
vn 0.9798 0.0797 0.1835
vn 0.9842 0.1396 0.1087
vn 0.5913 0.5444 0.5950
vn 0.9842 0.1395 0.1086
vn 0.6265 0.7432 0.2347
vn 0.5912 0.5444 0.5951
vn 0.6265 0.7431 0.2351
vn 0.4693 0.8470 0.2498
vn 0.5914 0.5444 0.5949
vn 0.4692 0.8471 0.2497
vn 0.4311 0.6222 0.6534
vn 0.5914 0.5442 0.5950
vn 0.4310 0.6220 0.6537
vn 0.5650 0.1886 0.8032
vn 0.5914 0.5443 0.5949
vn 0.5648 0.1885 0.8034
vn 0.9696 0.0064 0.2447
vn 0.5915 0.5442 0.5950
vn 0.9696 0.0061 0.2448
vn 0.9797 0.0797 0.1839
vn -0.0105 0.7162 0.6978
vn -0.1987 0.9535 0.2267
vn -0.2363 0.7082 0.6653
vn -0.1988 0.9535 0.2264
vn -0.4375 0.8789 0.1900
vn -0.2362 0.7084 0.6651
vn -0.2361 0.7079 0.6657
vn -0.4704 0.6563 0.5899
vn -0.5055 0.2627 0.8218
vn -0.2364 0.7079 0.6656
vn -0.2740 0.2759 0.9213
vn -0.2738 0.2757 0.9214
vn -0.0102 0.7163 0.6978
vn -0.8509 -0.4907 -0.1876
vn -0.9635 -0.2662 0.0279
vn -0.8673 -0.4885 0.0953
vn -0.9635 -0.2662 0.0277
vn -0.8674 -0.4883 0.0954
vn -0.8769 -0.3419 0.3380
vn -0.9994 0.0131 -0.0313
vn -0.9994 0.0128 -0.0311
vn -0.9906 -0.1357 -0.0145
vn -0.9635 -0.2661 0.0276
vn -0.9972 -0.0069 -0.0746
vn -0.9636 -0.2658 0.0279
vn -0.9972 -0.0067 -0.0747
vn 0.3756 -0.2403 0.8951
vn 0.3999 0.2232 0.8890
vn 0.1777 0.2549 0.9505
vn 0.1525 -0.2491 0.9564
vn 0.1777 0.2548 0.9505
vn -0.0718 -0.2448 0.9669
vn 0.3733 -0.6447 0.6671
vn 0.1523 -0.2492 0.9564
vn 0.3730 -0.6449 0.6671
vn 0.3756 -0.2401 0.8951
vn -0.7233 -0.1503 0.6739
vn -0.5053 0.2626 0.8220
vn -0.7232 -0.1503 0.6741
vn -0.7073 0.2321 0.6677
vn -0.8606 0.1875 0.4734
vn -0.7234 -0.1502 0.6739
vn -0.8733 -0.0954 0.4778
vn -0.7234 -0.1503 0.6738
vn -0.8767 -0.3419 0.3382
vn -0.7293 -0.4829 0.4848
vn -0.5317 -0.5947 0.6030
vn -0.5247 -0.1960 0.8284
vn 0.5421 -0.2236 0.8100
vn 0.9690 -0.0886 0.2308
vn 0.9695 0.0065 0.2449
vn 0.5422 -0.2236 0.8100
vn 0.9696 0.0067 0.2447
vn 0.5649 0.1888 0.8033
vn 0.5422 -0.2238 0.8099
vn 0.5649 0.1887 0.8033
vn 0.3996 0.2234 0.8890
vn 0.5422 -0.2237 0.8099
vn 0.3998 0.2234 0.8890
vn 0.5422 -0.2236 0.8099
vn 0.3755 -0.2400 0.8952
vn 0.3733 -0.6446 0.6672
vn 0.5424 -0.2237 0.8098
vn 0.5413 -0.5826 0.6063
vn 0.5422 -0.2235 0.8099
vn 0.5414 -0.5827 0.6062
vn 0.9639 -0.1784 0.1976
vn 0.9639 -0.1784 0.1977
vn 0.9689 -0.0886 0.2312
vn -0.2963 -0.2280 0.9275
vn -0.0720 -0.2449 0.9669
vn -0.0475 0.2721 0.9611
vn -0.2741 0.2756 0.9214
vn -0.2961 -0.2279 0.9276
vn -0.2740 0.2754 0.9215
vn -0.2962 -0.2278 0.9276
vn -0.5054 0.2627 0.8219
vn -0.2965 -0.2282 0.9274
vn -0.3028 -0.6670 0.6807
vn -0.3025 -0.6674 0.6805
vn -0.0771 -0.6961 0.7138
vn -0.9468 0.2756 0.1665
vn -0.9596 0.1311 0.2491
vn -0.9468 0.2753 0.1665
vn -0.8393 0.4316 0.3305
vn -0.8393 0.4316 0.3306
vn -0.9468 0.2754 0.1668
vn -0.8184 0.5686 0.0831
vn -0.9351 0.3539 0.0198
vn -0.9467 0.2756 0.1665
vn -0.9350 0.3540 0.0197
vn -0.9968 0.0641 -0.0487
vn -0.9468 0.2754 0.1665
vn -0.9968 0.0640 -0.0487
vn -0.9800 0.1846 0.0748
vn -0.9975 0.0661 0.0230
vn -0.9975 0.0662 0.0228
vn -0.9596 0.1311 0.2488
vn -0.7156 -0.6807 0.1570
vn -0.5319 -0.5947 0.6029
vn -0.7295 -0.4826 0.4847
vn -0.7293 -0.4829 0.4847
vn -0.8767 -0.3423 0.3381
vn -0.7157 -0.6805 0.1569
vn -0.8675 -0.4883 0.0949
vn -0.8506 -0.4912 -0.1876
vn -0.7157 -0.6804 0.1574
vn -0.4895 -0.8360 -0.2481
vn -0.7158 -0.6803 0.1574
vn -0.4897 -0.8358 -0.2482
vn -0.5158 -0.8305 0.2101
vn 0.5506 -0.7956 0.2526
vn 0.9708 -0.2139 0.1088
vn 0.9639 -0.1783 0.1977
vn 0.5506 -0.7957 0.2526
vn 0.9639 -0.1783 0.1978
vn 0.5415 -0.5826 0.6062
vn 0.5507 -0.7956 0.2525
vn 0.5415 -0.5828 0.6059
vn 0.3735 -0.6445 0.6672
vn 0.5505 -0.7957 0.2526
vn 0.3734 -0.6445 0.6672
vn 0.5505 -0.7956 0.2528
vn 0.4160 -0.8884 -0.1942
vn 0.5504 -0.7957 0.2526
vn 0.5794 -0.7993 -0.1594
vn 0.5794 -0.7994 -0.1592
vn 0.9730 -0.2304 0.0142
vn 0.9730 -0.2304 0.0141
vn 0.9708 -0.2140 0.1089
vn -0.2863 -0.9255 0.2480
vn -0.0616 -0.9611 0.2691
vn -0.2859 -0.9256 0.2480
vn -0.3027 -0.6673 0.6805
vn -0.3026 -0.6673 0.6805
vn -0.5318 -0.5949 0.6027
vn -0.2862 -0.9255 0.2479
vn -0.5159 -0.8305 0.2098
vn -0.5158 -0.8307 0.2095
vn -0.4894 -0.8360 -0.2482
vn -0.2864 -0.9255 0.2478
vn -0.2567 -0.9322 -0.2551
vn -0.2863 -0.9256 0.2477
vn -0.0295 -0.9685 -0.2475
vn -0.0615 -0.9611 0.2691
vn -0.9402 -0.1871 -0.2845
vn -0.9294 -0.0431 -0.3665
vn -0.8086 -0.1100 -0.5780
vn -0.8282 -0.3538 -0.4347
vn -0.9405 -0.1868 -0.2839
vn -0.8507 -0.4909 -0.1877
vn -0.9404 -0.1870 -0.2842
vn -0.9541 -0.2655 -0.1382
vn -0.9541 -0.2657 -0.1384
vn -0.9972 -0.0067 -0.0746
vn -0.9770 -0.0907 -0.1932
vn -0.9404 -0.1873 -0.2840
vn -0.9769 -0.0907 -0.1932
vn -0.9929 0.0258 -0.1163
vn -0.9403 -0.1872 -0.2842
vn -0.9929 0.0260 -0.1161
vn 0.1626 -0.9472 0.2765
vn 0.3850 -0.8830 0.2686
vn 0.1625 -0.9472 0.2765
vn 0.3736 -0.6444 0.6672
vn 0.1486 -0.6891 0.7092
vn -0.0768 -0.6961 0.7138
vn 0.1622 -0.9473 0.2762
vn -0.0618 -0.9612 0.2690
vn -0.0294 -0.9685 -0.2474
vn 0.1955 -0.9540 -0.2272
vn 0.1950 -0.9541 -0.2271
vn 0.4161 -0.8884 -0.1942
vn 0.6080 -0.6002 -0.5198
vn 0.9834 -0.1711 -0.0605
vn 0.9730 -0.2303 0.0143
vn 0.6081 -0.6001 -0.5197
vn 0.5794 -0.7994 -0.1593
vn 0.6081 -0.6001 -0.5198
vn 0.5793 -0.7994 -0.1593
vn 0.4160 -0.8885 -0.1939
vn 0.4495 -0.6631 -0.5985
vn 0.4854 -0.2645 -0.8333
vn 0.4852 -0.2644 -0.8335
vn 0.6407 -0.2448 -0.7277
vn 0.6080 -0.6001 -0.5198
vn 0.9878 -0.0974 -0.1219
vn 0.6080 -0.6003 -0.5196
vn 0.9877 -0.0976 -0.1222
vn 0.9834 -0.1709 -0.0605
vn -0.2161 -0.6871 -0.6936
vn -0.0296 -0.9684 -0.2478
vn -0.2565 -0.9322 -0.2554
vn -0.2160 -0.6872 -0.6937
vn -0.4894 -0.8359 -0.2484
vn -0.4521 -0.6136 -0.6474
vn -0.4520 -0.6135 -0.6475
vn -0.2160 -0.6869 -0.6939
vn -0.4212 -0.2194 -0.8800
vn -0.1815 -0.2541 -0.9500
vn -0.2160 -0.6873 -0.6935
vn -0.9206 0.1230 -0.3706
vn -0.7924 0.4198 -0.4426
vn -0.9206 0.1231 -0.3706
vn -0.7924 0.4199 -0.4426
vn -0.7940 0.1733 -0.5827
vn -0.9293 -0.0433 -0.3667
vn -0.9929 0.0261 -0.1163
vn -0.9206 0.1229 -0.3708
vn -0.9929 0.0260 -0.1163
vn -0.9649 0.0924 -0.2460
vn -0.9928 0.0773 -0.0918
vn -0.9205 0.1230 -0.3708
vn -0.9927 0.0776 -0.0919
vn -0.9201 0.2665 -0.2871
vn 0.2327 -0.7086 -0.6662
vn -0.0296 -0.9684 -0.2476
vn 0.0104 -0.7162 -0.6978
vn 0.0479 -0.2724 -0.9610
vn 0.2327 -0.7084 -0.6664
vn 0.2703 -0.2756 -0.9225
vn 0.4852 -0.2646 -0.8334
vn 0.2324 -0.7084 -0.6665
vn -0.4518 -0.6138 -0.6474
vn -0.4898 -0.8357 -0.2483
vn -0.6623 -0.4991 -0.5588
vn -0.6939 -0.6840 -0.2251
vn -0.8281 -0.3539 -0.4347
vn -0.8279 -0.3540 -0.4351
vn -0.6623 -0.4993 -0.5586
vn -0.6373 -0.1698 -0.7516
vn -0.6371 -0.1695 -0.7519
vn 0.6573 0.1677 -0.7347
vn 0.9942 -0.0028 -0.1078
vn 0.9877 -0.0975 -0.1222
vn 0.9877 -0.0974 -0.1224
vn 0.6408 -0.2448 -0.7276
vn 0.6573 0.1677 -0.7348
vn 0.4850 -0.2644 -0.8335
vn 0.6572 0.1677 -0.7348
vn 0.4849 -0.2644 -0.8337
vn 0.5048 0.1992 -0.8399
vn 0.6574 0.1675 -0.7347
vn 0.5047 0.1995 -0.8399
vn 0.5117 0.6031 -0.6119
vn 0.5117 0.6033 -0.6118
vn 0.6640 0.5266 -0.5308
vn 0.6573 0.1678 -0.7347
vn 0.6643 0.5263 -0.5308
vn 0.6572 0.1680 -0.7347
vn 0.9933 0.0875 -0.0749
vn 0.9942 -0.0027 -0.1079
vn -0.1563 0.2490 -0.9558
vn 0.0717 0.2450 -0.9669
vn -0.1561 0.2490 -0.9558
vn -0.1811 -0.2548 -0.9499
vn -0.4214 -0.2195 -0.8799
vn -0.1562 0.2489 -0.9559
vn -0.3972 0.2386 -0.8862
vn -0.3950 0.6383 -0.6607
vn 0.0771 0.6963 -0.7136
vn 0.0722 0.2447 -0.9669
vn -0.8184 0.5687 0.0831
vn -0.7999 0.5660 -0.1998
vn -0.9240 0.3535 -0.1458
vn -0.9202 0.2663 -0.2870
vn -0.9927 0.0774 -0.0921
vn -0.9927 0.0775 -0.0920
vn -0.9674 0.2272 -0.1119
vn -0.9674 0.2273 -0.1121
vn -0.9967 0.0642 -0.0487
vn -0.9350 0.3540 0.0200
vn 0.2929 0.2282 -0.9285
vn 0.2703 -0.2757 -0.9225
vn 0.2706 -0.2755 -0.9224
vn 0.2927 0.2285 -0.9285
vn 0.0477 -0.2720 -0.9611
vn 0.0720 0.2449 -0.9669
vn 0.2929 0.2281 -0.9285
vn 0.2992 0.6680 -0.6813
vn 0.2928 0.2285 -0.9285
vn 0.2990 0.6680 -0.6815
vn 0.2929 0.2285 -0.9285
vn 0.5050 0.1991 -0.8398
vn -0.6168 0.2127 -0.7579
vn -0.3973 0.2386 -0.8861
vn -0.4211 -0.2195 -0.8800
vn -0.6169 0.2125 -0.7579
vn -0.6371 -0.1697 -0.7518
vn -0.8083 -0.1101 -0.5783
vn -0.8086 -0.1102 -0.5780
vn -0.7944 0.1732 -0.5822
vn -0.7926 0.4195 -0.4425
vn -0.6153 0.5457 -0.5689
vn -0.6169 0.2123 -0.7579
vn -0.3949 0.6382 -0.6609
vn -0.3951 0.6382 -0.6608
vn -0.9720 0.0871 -0.2181
vn -0.7916 0.4464 0.4172
vn -0.9928 0.0772 -0.0920
vn -0.9720 0.0872 -0.2181
vn -0.9928 0.0774 -0.0919
vn -0.9648 0.0926 -0.2461
vn -0.9649 0.0926 -0.2459
vn -0.9928 0.0263 -0.1165
vn -0.8196 -0.5562 0.1374
vn -0.9721 0.0872 -0.2180
vn -0.8195 -0.5563 0.1373
vn -0.8014 -0.5545 0.2242
vn -0.8016 -0.5543 0.2242
vn -0.7604 -0.1625 0.6288
vn -0.7605 -0.1628 0.6286
vn -0.7733 0.3932 0.4974
vn -0.9721 0.0871 -0.2179
vn -0.7708 0.3970 0.4983
vn -0.7917 0.4464 0.4171
vn -0.9844 0.1666 0.0568
vn -0.8163 -0.5644 0.1232
vn -0.9975 0.0662 0.0230
vn -0.9976 0.0659 0.0230
vn -0.9799 0.1848 0.0748
vn -0.9800 0.1846 0.0749
vn -0.9968 0.0641 -0.0486
vn -0.9844 0.1665 0.0565
vn -0.7541 0.0859 -0.6512
vn -0.9844 0.1668 0.0565
vn -0.7540 0.0858 -0.6512
vn -0.7305 0.0491 -0.6812
vn -0.7306 0.0494 -0.6810
vn -0.7053 -0.4952 -0.5073
vn -0.9844 0.1667 0.0564
vn -0.7054 -0.4950 -0.5074
vn -0.7953 -0.6033 0.0596
vn -0.7952 -0.6035 0.0592
vn -0.8162 -0.5644 0.1232
vn -0.8298 -0.1386 0.5406
vn -0.9967 0.0642 -0.0486
vn -0.9749 0.1955 -0.1068
vn -0.9968 0.0642 -0.0486
vn -0.9674 0.2271 -0.1122
vn -0.9749 0.1952 -0.1067
vn -0.9928 0.0773 -0.0920
vn -0.7741 -0.4466 -0.4487
vn -0.9749 0.1954 -0.1069
vn -0.7743 -0.4465 -0.4485
vn -0.7527 -0.5161 -0.4088
vn -0.9748 0.1956 -0.1068
vn -0.7529 -0.5160 -0.4085
vn -0.7439 -0.6389 0.1957
vn -0.7439 -0.6389 0.1959
vn -0.8085 -0.1808 0.5601
vn -0.8087 -0.1806 0.5598
vn -0.8298 -0.1385 0.5406
vn -0.9958 0.0069 0.0910
vn -0.7713 -0.3839 -0.5077
vn -0.9994 0.0127 -0.0314
vn -0.9958 0.0071 0.0912
vn -0.9994 0.0128 -0.0314
vn -0.9925 -0.0021 0.1219
vn -0.9976 0.0658 0.0229
vn -0.9976 0.0660 0.0229
vn -0.7311 0.6397 -0.2372
vn -0.9958 0.0072 0.0910
vn -0.7310 0.6396 -0.2376
vn -0.7070 0.6263 -0.3284
vn -0.7072 0.6263 -0.3282
vn -0.6528 0.1994 -0.7308
vn -0.9958 0.0069 0.0911
vn -0.6527 0.1996 -0.7309
vn -0.7420 -0.3513 -0.5710
vn -0.9958 0.0072 0.0911
vn -0.7420 -0.3514 -0.5709
vn -0.7713 -0.3836 -0.5079
vn -0.9829 -0.0674 -0.1716
vn -0.7434 0.6470 -0.1695
vn -0.9929 0.0262 -0.1161
vn -0.9829 -0.0674 -0.1713
vn -0.9769 -0.0907 -0.1933
vn -0.9972 -0.0068 -0.0748
vn -0.9829 -0.0673 -0.1715
vn -0.9972 -0.0069 -0.0745
vn -0.8224 -0.0921 0.5615
vn -0.8225 -0.0922 0.5612
vn -0.8013 -0.0527 0.5959
vn -0.9828 -0.0676 -0.1717
vn -0.8013 -0.0529 0.5960
vn -0.7042 0.5377 0.4637
vn -0.7042 0.5376 0.4639
vn -0.7253 0.6763 -0.1291
vn -0.9828 -0.0677 -0.1716
vn -0.7253 0.6762 -0.1293
vn -0.7433 0.6471 -0.1696
vn -0.7360 0.2275 -0.6376
vn -0.9972 -0.0069 -0.0747
vn -0.9972 -0.0070 -0.0748
vn -0.9904 -0.1379 -0.0102
vn -0.9935 -0.1136 -0.0085
vn -0.9904 -0.1378 -0.0100
vn -0.9994 0.0129 -0.0313
vn -0.9994 0.0127 -0.0311
vn -0.7853 0.5132 0.3462
vn -0.9939 -0.1087 -0.0183
vn -0.7855 0.5130 0.3460
vn -0.7617 0.5534 0.3368
vn -0.9939 -0.1087 -0.0182
vn -0.7617 0.5536 0.3367
vn -0.6532 0.7179 -0.2407
vn -0.6532 0.7179 -0.2408
vn -0.7133 0.2687 -0.6473
vn -0.9939 -0.1088 -0.0185
vn -0.7133 0.2686 -0.6473
vn -0.7362 0.2277 -0.6373
vn 0.8735 0.0956 -0.4774
vn 0.8768 0.3419 -0.3380
vn 0.9705 0.1753 -0.1655
vn 0.8734 0.0955 -0.4775
vn 0.9705 0.1753 -0.1656
vn 0.9682 0.0343 -0.2478
vn 0.9610 -0.1300 -0.2442
vn 0.8606 -0.1880 -0.4733
vn 0.8735 0.0953 -0.4774
vn 0.9610 -0.1296 -0.2443
vn 0.8736 0.0953 -0.4773
vn 0.9682 0.0343 -0.2479
vn 0.9931 0.0008 -0.1175
vn 0.9762 -0.1110 -0.1862
vn 0.9610 -0.1299 -0.2442
vn 0.9931 0.0008 -0.1173
vn 0.9610 -0.1299 -0.2443
vn 0.9682 0.0340 -0.2480
vn 0.9705 0.1754 -0.1657
vn 0.9754 0.1600 -0.1519
vn 0.9931 0.0010 -0.1174
vn 0.9705 0.1754 -0.1655
vn 0.9931 0.0009 -0.1172
vn 0.9682 0.0341 -0.2480
vn -0.5126 -0.6030 0.6112
vn -0.4965 -0.8413 0.2138
vn -0.2992 -0.6681 0.6813
vn -0.4964 -0.8414 0.2138
vn -0.2823 -0.9265 0.2487
vn -0.0619 -0.9611 0.2691
vn -0.0772 -0.6961 0.7138
vn -0.2991 -0.6681 0.6814
vn -0.0617 -0.9612 0.2690
vn -0.2991 -0.6681 0.6813
vn -0.2823 -0.9265 0.2486
vn -0.2529 -0.9333 -0.2550
vn -0.0297 -0.9684 -0.2474
vn -0.0616 -0.9611 0.2693
vn -0.2529 -0.9332 -0.2552
vn -0.0615 -0.9611 0.2692
vn -0.2825 -0.9265 0.2484
vn -0.4964 -0.8414 0.2135
vn -0.4699 -0.8467 -0.2494
vn -0.2528 -0.9333 -0.2551
vn -0.4961 -0.8415 0.2138
vn -0.2527 -0.9333 -0.2550
vn -0.2822 -0.9267 0.2482
vn 0.6154 -0.5454 0.5690
vn 0.3948 -0.6380 0.6612
vn 0.4062 -0.8737 0.2677
vn 0.6154 -0.5456 0.5689
vn 0.4063 -0.8736 0.2677
vn 0.6243 -0.7430 0.2412
vn 0.8002 -0.5655 0.1996
vn 0.7925 -0.4195 0.4427
vn 0.6152 -0.5457 0.5689
vn 0.8002 -0.5655 0.1997
vn 0.6153 -0.5454 0.5691
vn 0.6242 -0.7430 0.2414
vn 0.6519 -0.7467 -0.1322
vn 0.8185 -0.5685 -0.0829
vn 0.8002 -0.5655 0.1999
vn 0.6505 -0.7464 -0.1409
vn 0.8002 -0.5654 0.1999
vn 0.4061 -0.8738 0.2676
vn 0.4369 -0.8792 -0.1899
vn 0.6505 -0.7463 -0.1409
vn 0.6508 -0.7462 -0.1406
vn 0.6243 -0.7430 0.2413
vn -0.6662 -0.5252 0.5295
vn 0.0007 -0.6977 0.7164
vn 0.0164 -0.9618 0.2732
vn 0.0167 -0.9618 0.2733
vn -0.6504 -0.7387 0.1766
vn -0.4962 -0.8415 0.2138
vn -0.5127 -0.6029 0.6113
vn -0.6661 -0.5253 0.5294
vn -0.4965 -0.8414 0.2136
vn -0.6662 -0.5253 0.5294
vn -0.6503 -0.7388 0.1771
vn -0.6284 -0.7416 -0.2347
vn -0.4962 -0.8414 0.2140
vn -0.6286 -0.7416 -0.2345
vn -0.4964 -0.8413 0.2139
vn -0.6505 -0.7386 0.1773
vn 0.0168 -0.9618 0.2731
vn 0.0483 -0.9691 -0.2418
vn -0.6286 -0.7415 -0.2345
vn 0.0165 -0.9618 0.2732
vn -0.6286 -0.7415 -0.2347
vn -0.6505 -0.7386 0.1770
vn 0.1518 -0.6885 0.7091
vn -0.0771 -0.6960 0.7138
vn 0.1521 -0.6888 0.7088
vn 0.1652 -0.9468 0.2761
vn 0.4061 -0.8738 0.2674
vn 0.3954 -0.6380 0.6607
vn 0.1515 -0.6888 0.7090
vn 0.1517 -0.6886 0.7091
vn 0.1653 -0.9467 0.2766
vn 0.1978 -0.9537 -0.2267
vn 0.4373 -0.8790 -0.1902
vn 0.4063 -0.8737 0.2676
vn 0.1978 -0.9536 -0.2268
vn 0.4062 -0.8737 0.2675
vn 0.1650 -0.9468 0.2763
vn -0.0613 -0.9612 0.2689
vn -0.0294 -0.9684 -0.2475
vn 0.1983 -0.9535 -0.2268
vn -0.0613 -0.9611 0.2692
vn 0.1983 -0.9535 -0.2269
vn 0.1652 -0.9467 0.2765
vn -0.2529 -0.9332 -0.2553
vn -0.4700 -0.8466 -0.2498
vn -0.4316 -0.6220 -0.6533
vn -0.2526 -0.9333 -0.2554
vn -0.4317 -0.6219 -0.6533
vn -0.2121 -0.6879 -0.6941
vn 0.0102 -0.7165 -0.6975
vn -0.0297 -0.9683 -0.2480
vn -0.2526 -0.9332 -0.2556
vn 0.0102 -0.7163 -0.6977
vn -0.2526 -0.9332 -0.2555
vn -0.2120 -0.6881 -0.6939
vn -0.1774 -0.2548 -0.9506
vn -0.1774 -0.2547 -0.9506
vn 0.0103 -0.7165 -0.6975
vn -0.2122 -0.6880 -0.6940
vn -0.4320 -0.6218 -0.6533
vn -0.4007 -0.2231 -0.8886
vn -0.1775 -0.2547 -0.9506
vn -0.4316 -0.6218 -0.6535
vn -0.1775 -0.2543 -0.9507
vn -0.2121 -0.6877 -0.6943
vn 0.6506 -0.7463 -0.1408
vn 0.4370 -0.8792 -0.1899
vn 0.4701 -0.6565 -0.5899
vn 0.6505 -0.7464 -0.1406
vn 0.4702 -0.6565 -0.5899
vn 0.6775 -0.5616 -0.4749
vn 0.8396 -0.4314 -0.3302
vn 0.8186 -0.5684 -0.0830
vn 0.6505 -0.7464 -0.1405
vn 0.8397 -0.4313 -0.3300
vn 0.6775 -0.5618 -0.4747
vn 0.7075 -0.2320 -0.6675
vn 0.8608 -0.1875 -0.4732
vn 0.8396 -0.4314 -0.3301
vn 0.7075 -0.2322 -0.6675
vn 0.6775 -0.5619 -0.4747
vn 0.4701 -0.6566 -0.5898
vn 0.5055 -0.2624 -0.8220
vn 0.4700 -0.6566 -0.5899
vn 0.7076 -0.2322 -0.6674
vn 0.6776 -0.5618 -0.4746
vn -0.6282 -0.7417 -0.2349
vn 0.0483 -0.9692 -0.2417
vn 0.0884 -0.7176 -0.6908
vn -0.6284 -0.7417 -0.2345
vn 0.0884 -0.7175 -0.6909
vn -0.5926 -0.5436 -0.5944
vn -0.4702 -0.8465 -0.2497
vn -0.4317 -0.6220 -0.6533
vn -0.6285 -0.7415 -0.2347
vn -0.5925 -0.5437 -0.5944
vn -0.5669 -0.1882 -0.8020
vn -0.4010 -0.2227 -0.8886
vn -0.4318 -0.6216 -0.6536
vn -0.5670 -0.1880 -0.8020
vn -0.4319 -0.6216 -0.6535
vn -0.5929 -0.5434 -0.5942
vn 0.0887 -0.7178 -0.6906
vn 0.1253 -0.2752 -0.9532
vn 0.0888 -0.7177 -0.6906
vn -0.5671 -0.1879 -0.8019
vn -0.5927 -0.5434 -0.5945
vn 0.1981 -0.9536 -0.2267
vn -0.0297 -0.9684 -0.2476
vn 0.0102 -0.7162 -0.6978
vn 0.2357 -0.7080 -0.6658
vn 0.4702 -0.6566 -0.5898
vn 0.4372 -0.8790 -0.1902
vn 0.1980 -0.9537 -0.2265
vn 0.1980 -0.9536 -0.2267
vn 0.2352 -0.7081 -0.6658
vn 0.2732 -0.2756 -0.9216
vn 0.5051 -0.2630 -0.8220
vn 0.4702 -0.6565 -0.5898
vn 0.2731 -0.2756 -0.9217
vn 0.4703 -0.6564 -0.5900
vn 0.2357 -0.7081 -0.6656
vn 0.0104 -0.7163 -0.6977
vn 0.2733 -0.2759 -0.9215
vn 0.0103 -0.7163 -0.6977
vn 0.2733 -0.2758 -0.9215
vn 0.2352 -0.7082 -0.6657
vn 0.8677 0.4878 -0.0952
vn 0.8511 0.4904 0.1876
vn 0.9555 0.2612 0.1372
vn 0.8676 0.4881 -0.0950
vn 0.9555 0.2611 0.1374
vn 0.9649 0.2614 -0.0262
vn 0.9705 0.1751 -0.1656
vn 0.8770 0.3416 -0.3379
vn 0.8676 0.4880 -0.0951
vn 0.9705 0.1752 -0.1657
vn 0.8677 0.4879 -0.0949
vn 0.9649 0.2614 -0.0263
vn 0.9910 0.1333 0.0113
vn 0.9753 0.1602 -0.1520
vn 0.9910 0.1333 0.0114
vn 0.9704 0.1755 -0.1661
vn 0.9649 0.2613 -0.0262
vn 0.9556 0.2608 0.1373
vn 0.9638 0.2315 0.1324
vn 0.9910 0.1332 0.0112
vn 0.9556 0.2609 0.1372
vn 0.9910 0.1331 0.0114
vn -0.1776 -0.2549 -0.9505
vn -0.4009 -0.2231 -0.8885
vn -0.3763 0.2402 -0.8948
vn -0.3765 0.2403 -0.8947
vn -0.1521 0.2490 -0.9565
vn 0.0718 0.2451 -0.9668
vn 0.0478 -0.2722 -0.9611
vn -0.1776 -0.2548 -0.9505
vn -0.1521 0.2491 -0.9565
vn 0.0719 0.2449 -0.9669
vn -0.1488 0.6890 -0.7093
vn 0.0723 0.2450 -0.9668
vn -0.1521 0.2492 -0.9564
vn -0.3766 0.2401 -0.8947
vn -0.3746 0.6443 -0.6667
vn -0.3764 0.2400 -0.8948
vn -0.1520 0.2491 -0.9565
vn 0.7076 -0.2320 -0.6675
vn 0.5052 -0.2625 -0.8221
vn 0.5248 0.1956 -0.8284
vn 0.7074 -0.2324 -0.6675
vn 0.5249 0.1957 -0.8284
vn 0.7234 0.1502 -0.6739
vn 0.8735 0.0954 -0.4775
vn 0.8609 -0.1874 -0.4731
vn 0.7073 -0.2324 -0.6676
vn 0.8735 0.0955 -0.4774
vn 0.7072 -0.2323 -0.6677
vn 0.7234 0.1501 -0.6740
vn 0.7293 0.4827 -0.4848
vn 0.8770 0.3416 -0.3378
vn 0.8734 0.0954 -0.4775
vn 0.7295 0.4825 -0.4848
vn 0.8735 0.0953 -0.4773
vn 0.7231 0.1504 -0.6741
vn 0.5248 0.1958 -0.8284
vn 0.5317 0.5947 -0.6030
vn 0.7293 0.4829 -0.4848
vn 0.5251 0.1955 -0.8283
vn 0.7293 0.4828 -0.4847
vn 0.7234 0.1501 -0.6739
vn -0.5669 -0.1884 -0.8020
vn 0.1252 -0.2749 -0.9533
vn 0.1499 0.2405 -0.9590
vn 0.1498 0.2404 -0.9590
vn -0.5438 0.2235 -0.8089
vn -0.3764 0.2403 -0.8947
vn -0.4010 -0.2231 -0.8885
vn -0.5438 0.2234 -0.8090
vn -0.5434 0.5817 -0.6052
vn -0.3743 0.6444 -0.6669
vn -0.3764 0.2402 -0.8948
vn -0.5436 0.5818 -0.6050
vn -0.3764 0.2403 -0.8948
vn -0.5437 0.2232 -0.8090
vn 0.1498 0.2402 -0.9591
vn 0.1545 0.6907 -0.7065
vn -0.5434 0.5815 -0.6054
vn 0.1497 0.2405 -0.9590
vn -0.5422 0.5795 -0.6084
vn -0.5437 0.2233 -0.8090
vn 0.2735 -0.2754 -0.9216
vn 0.0718 0.2448 -0.9669
vn 0.2734 -0.2755 -0.9216
vn 0.0716 0.2447 -0.9670
vn 0.2955 0.2279 -0.9278
vn 0.5248 0.1955 -0.8284
vn 0.5053 -0.2627 -0.8220
vn 0.2734 -0.2753 -0.9217
vn 0.5247 0.1960 -0.8284
vn 0.2731 -0.2755 -0.9217
vn 0.2953 0.2279 -0.9278
vn 0.3021 0.6675 -0.6806
vn 0.5314 0.5951 -0.6029
vn 0.3020 0.6674 -0.6807
vn 0.5250 0.1955 -0.8283
vn 0.2954 0.2284 -0.9277
vn 0.0718 0.2450 -0.9669
vn 0.0772 0.6962 -0.7137
vn 0.0721 0.2452 -0.9668
vn 0.2955 0.2280 -0.9277
vn 0.8397 -0.4312 -0.3301
vn 0.8608 -0.1876 -0.4732
vn 0.9609 -0.1299 -0.2444
vn 0.8396 -0.4313 -0.3301
vn 0.9483 -0.2723 -0.1629
vn 0.9368 -0.3495 -0.0185
vn 0.8187 -0.5682 -0.0828
vn 0.8397 -0.4311 -0.3302
vn 0.9368 -0.3493 -0.0185
vn 0.8398 -0.4312 -0.3299
vn 0.9483 -0.2722 -0.1632
vn 0.9808 -0.1813 -0.0714
vn 0.9329 -0.3600 -0.0117
vn 0.9368 -0.3495 -0.0186
vn 0.9808 -0.1812 -0.0715
vn 0.9368 -0.3494 -0.0186
vn 0.9483 -0.2723 -0.1630
vn 0.9609 -0.1301 -0.2444
vn 0.9762 -0.1109 -0.1862
vn 0.9808 -0.1813 -0.0713
vn 0.9609 -0.1298 -0.2444
vn 0.9808 -0.1813 -0.0715
vn 0.9484 -0.2721 -0.1629
vn 0.5317 0.5948 -0.6030
vn 0.5156 0.8308 -0.2097
vn 0.7293 0.4828 -0.4848
vn 0.5155 0.8308 -0.2098
vn 0.7155 0.6807 -0.1572
vn 0.8678 0.4877 -0.0952
vn 0.8769 0.3421 -0.3377
vn 0.7293 0.4830 -0.4846
vn 0.8678 0.4876 -0.0953
vn 0.7293 0.4829 -0.4847
vn 0.7154 0.6808 -0.1572
vn 0.6942 0.6838 0.2248
vn 0.8508 0.4907 0.1878
vn 0.8677 0.4879 -0.0951
vn 0.8677 0.4880 -0.0950
vn 0.5156 0.8307 -0.2099
vn 0.4895 0.8360 0.2481
vn 0.6945 0.6835 0.2245
vn 0.5155 0.8307 -0.2100
vn 0.6944 0.6835 0.2248
vn 0.7157 0.6805 -0.1573
vn 0.1545 0.6905 -0.7066
vn 0.1394 0.9546 -0.2633
vn -0.5435 0.5817 -0.6052
vn 0.1394 0.9545 -0.2635
vn -0.5520 0.7948 -0.2522
vn -0.3858 0.8826 -0.2687
vn -0.3747 0.6440 -0.6670
vn -0.5436 0.5819 -0.6049
vn -0.3859 0.8824 -0.2691
vn -0.5520 0.7948 -0.2523
vn -0.5813 0.7981 0.1589
vn -0.4169 0.8880 0.1940
vn -0.3858 0.8824 -0.2691
vn -0.5813 0.7980 0.1588
vn -0.3858 0.8825 -0.2690
vn -0.5520 0.7947 -0.2524
vn 0.1397 0.9545 -0.2634
vn 0.1074 0.9619 0.2513
vn -0.5814 0.7979 0.1588
vn 0.1397 0.9545 -0.2636
vn -0.5815 0.7978 0.1589
vn -0.5522 0.7946 -0.2524
vn 0.3020 0.6675 -0.6806
vn 0.0616 0.9612 -0.2690
vn 0.3021 0.6674 -0.6807
vn 0.0614 0.9612 -0.2690
vn 0.2854 0.9257 -0.2483
vn 0.5154 0.8309 -0.2099
vn 0.5318 0.5950 -0.6027
vn 0.3024 0.6674 -0.6805
vn 0.2851 0.9259 -0.2480
vn 0.2558 0.9325 0.2551
vn 0.4892 0.8361 0.2482
vn 0.5154 0.8309 -0.2096
vn 0.2559 0.9325 0.2551
vn 0.5153 0.8310 -0.2096
vn 0.2853 0.9258 -0.2479
vn 0.2561 0.9324 0.2551
vn 0.2560 0.9324 0.2552
vn 0.8283 0.3533 0.4349
vn 0.8086 0.1099 0.5780
vn 0.9311 0.0418 0.3623
vn 0.8284 0.3536 0.4345
vn 0.9310 0.0417 0.3626
vn 0.9421 0.1836 0.2807
vn 0.9555 0.2610 0.1374
vn 0.8508 0.4910 0.1875
vn 0.8282 0.3538 0.4347
vn 0.9556 0.2608 0.1374
vn 0.9420 0.1834 0.2810
vn 0.9779 0.0872 0.1900
vn 0.9637 0.2317 0.1326
vn 0.9554 0.2611 0.1377
vn 0.9779 0.0873 0.1901
vn 0.9420 0.1836 0.2808
vn 0.9311 0.0420 0.3624
vn 0.9427 0.0334 0.3321
vn 0.9779 0.0872 0.1899
vn 0.9779 0.0873 0.1899
vn 0.9420 0.1834 0.2811
vn -0.1486 0.6889 -0.7094
vn -0.3744 0.6441 -0.6671
vn -0.3855 0.8826 -0.2690
vn -0.3856 0.8826 -0.2690
vn -0.1623 0.9473 -0.2762
vn -0.1485 0.6891 -0.7093
vn 0.0617 0.9612 -0.2689
vn -0.1486 0.6890 -0.7093
vn -0.1618 0.9473 -0.2765
vn -0.1953 0.9541 0.2271
vn 0.0292 0.9684 0.2477
vn 0.0612 0.9611 -0.2693
vn -0.1951 0.9541 0.2272
vn -0.1622 0.9473 -0.2763
vn -0.3857 0.8825 -0.2690
vn -0.4172 0.8879 0.1939
vn -0.3857 0.8826 -0.2690
vn -0.1948 0.9542 0.2272
vn -0.1618 0.9474 -0.2763
vn -0.5814 0.7980 0.1589
vn 0.1073 0.9618 0.2517
vn 0.0679 0.7106 0.7003
vn -0.5814 0.7980 0.1587
vn 0.0678 0.7104 0.7005
vn -0.6094 0.5994 0.5190
vn -0.4504 0.6627 0.5982
vn -0.4170 0.8880 0.1938
vn -0.5813 0.7981 0.1587
vn -0.4503 0.6627 0.5984
vn -0.5813 0.7981 0.1588
vn -0.6095 0.5993 0.5190
vn -0.6427 0.2444 0.7261
vn -0.4861 0.2643 0.8329
vn -0.4502 0.6629 0.5983
vn -0.6427 0.2445 0.7260
vn -0.4504 0.6629 0.5981
vn -0.6092 0.5995 0.5191
vn 0.0676 0.7102 0.7008
vn 0.0304 0.2676 0.9630
vn -0.6427 0.2443 0.7261
vn 0.0676 0.7103 0.7006
vn -0.6426 0.2444 0.7262
vn -0.6097 0.5993 0.5188
vn 0.2556 0.9324 0.2554
vn -0.0103 0.7164 0.6976
vn 0.2556 0.9324 0.2555
vn 0.2152 0.6873 0.6937
vn 0.4517 0.6138 0.6475
vn 0.4896 0.8358 0.2483
vn 0.2557 0.9325 0.2552
vn 0.2148 0.6874 0.6938
vn 0.1807 0.2543 0.9501
vn 0.4212 0.2191 0.8801
vn 0.4516 0.6137 0.6476
vn 0.1806 0.2544 0.9501
vn 0.4520 0.6136 0.6475
vn 0.2154 0.6870 0.6940
vn -0.0476 0.2722 0.9611
vn 0.1806 0.2545 0.9501
vn 0.1807 0.2544 0.9501
vn 0.2150 0.6873 0.6939
vn 0.7946 -0.1730 0.5820
vn 0.7927 -0.4196 0.4423
vn 0.9219 -0.2635 0.2839
vn 0.7945 -0.1728 0.5821
vn 0.9220 -0.2636 0.2836
vn 0.9225 -0.1219 0.3661
vn 0.9312 0.0418 0.3622
vn 0.8087 0.1099 0.5779
vn 0.7946 -0.1729 0.5820
vn 0.9311 0.0417 0.3624
vn 0.7944 -0.1729 0.5823
vn 0.9225 -0.1217 0.3663
vn 0.9661 -0.0915 0.2413
vn 0.9426 0.0333 0.3324
vn 0.9311 0.0419 0.3624
vn 0.9661 -0.0916 0.2414
vn 0.9221 -0.2631 0.2839
vn 0.9291 -0.2529 0.2699
vn 0.9662 -0.0914 0.2412
vn 0.9219 -0.2636 0.2839
vn 0.9662 -0.0913 0.2413
vn 0.9225 -0.1216 0.3662
vn -0.1950 0.9543 0.2267
vn -0.4172 0.8879 0.1940
vn -0.1949 0.9542 0.2269
vn -0.4503 0.6629 0.5982
vn -0.2322 0.7088 0.6661
vn -0.0106 0.7162 0.6978
vn -0.1951 0.9541 0.2271
vn -0.1949 0.9541 0.2273
vn -0.2321 0.7083 0.6667
vn -0.2700 0.2757 0.9225
vn -0.2698 0.2757 0.9226
vn -0.0104 0.7163 0.6977
vn -0.2324 0.7086 0.6662
vn -0.4503 0.6628 0.5982
vn -0.4861 0.2648 0.8329
vn -0.2699 0.2759 0.9225
vn -0.4503 0.6628 0.5983
vn -0.2704 0.2758 0.9224
vn -0.2323 0.7084 0.6664
vn 0.6942 0.6837 0.2251
vn 0.4516 0.6139 0.6474
vn 0.4517 0.6138 0.6474
vn 0.6620 0.4994 0.5589
vn 0.8284 0.3535 0.4346
vn 0.8510 0.4905 0.1877
vn 0.6939 0.6839 0.2251
vn 0.8283 0.3537 0.4346
vn 0.6941 0.6839 0.2248
vn 0.6622 0.4993 0.5587
vn 0.6373 0.1693 0.7518
vn 0.8087 0.1100 0.5778
vn 0.8283 0.3535 0.4347
vn 0.6370 0.1692 0.7521
vn 0.8283 0.3536 0.4345
vn 0.6622 0.4993 0.5588
vn 0.4519 0.6134 0.6477
vn 0.4211 0.2192 0.8801
vn 0.6369 0.1694 0.7521
vn 0.4516 0.6134 0.6479
vn 0.6372 0.1696 0.7518
vn -0.6426 0.2445 0.7261
vn 0.0300 0.2676 0.9631
vn 0.0063 -0.2478 0.9688
vn 0.0064 -0.2477 0.9688
vn -0.6586 -0.1675 0.7336
vn -0.5055 -0.1992 0.8395
vn -0.4861 0.2645 0.8329
vn -0.5055 -0.1990 0.8396
vn -0.6426 0.2445 0.7262
vn -0.6587 -0.1674 0.7336
vn -0.6663 -0.5252 0.5293
vn -0.5125 -0.6028 0.6116
vn -0.5058 -0.1991 0.8394
vn -0.6662 -0.5254 0.5294
vn -0.5057 -0.1994 0.8394
vn -0.6587 -0.1675 0.7335
vn 0.0065 -0.2480 0.9687
vn 0.0011 -0.6977 0.7163
vn 0.0065 -0.2477 0.9688
vn -0.6659 -0.5254 0.5296
vn -0.6588 -0.1677 0.7334
vn -0.0721 -0.2448 0.9669
vn 0.1809 0.2546 0.9500
vn -0.0720 -0.2450 0.9668
vn 0.1553 -0.2491 0.9559
vn 0.3973 -0.2388 0.8861
vn 0.4211 0.2194 0.8801
vn 0.1804 0.2547 0.9500
vn 0.3972 -0.2385 0.8862
vn 0.1806 0.2546 0.9500
vn 0.1553 -0.2490 0.9560
vn 0.1518 -0.6886 0.7090
vn 0.3948 -0.6381 0.6610
vn 0.3971 -0.2384 0.8862
vn 0.1519 -0.6887 0.7090
vn 0.3969 -0.2385 0.8863
vn 0.1552 -0.2491 0.9560
vn -0.0722 -0.2450 0.9668
vn -0.0775 -0.6962 0.7137
vn -0.0722 -0.2449 0.9668
vn 0.1549 -0.2490 0.9560
vn 0.8001 -0.5656 0.1999
vn 0.9368 -0.3493 -0.0184
vn 0.8003 -0.5653 0.1999
vn 0.9368 -0.3494 -0.0187
vn 0.9259 -0.3489 0.1447
vn 0.9220 -0.2633 0.2839
vn 0.7925 -0.4198 0.4424
vn 0.9220 -0.2634 0.2837
vn 0.9259 -0.3489 0.1446
vn 0.9686 -0.2224 0.1109
vn 0.9291 -0.2528 0.2699
vn 0.9219 -0.2635 0.2840
vn 0.9686 -0.2225 0.1108
vn 0.9220 -0.2632 0.2839
vn 0.9368 -0.3494 -0.0185
vn 0.9329 -0.3601 -0.0119
vn 0.9686 -0.2224 0.1110
vn 0.9367 -0.3496 -0.0189
vn 0.9686 -0.2225 0.1110
vn 0.9258 -0.3492 0.1448
vn -0.2703 0.2755 0.9225
vn -0.4862 0.2643 0.8329
vn -0.5056 -0.1991 0.8395
vn -0.2924 -0.2285 0.9286
vn -0.0719 -0.2447 0.9669
vn -0.2704 0.2755 0.9225
vn -0.2701 0.2757 0.9225
vn -0.2924 -0.2286 0.9286
vn -0.2987 -0.6682 0.6813
vn -0.0774 -0.6962 0.7136
vn -0.0722 -0.2449 0.9669
vn -0.2989 -0.6679 0.6815
vn -0.0722 -0.2451 0.9668
vn -0.2925 -0.2285 0.9286
vn -0.5057 -0.1991 0.8394
vn -0.5059 -0.1991 0.8393
vn -0.2923 -0.2285 0.9286
vn 0.6371 0.1698 0.7519
vn 0.3970 -0.2387 0.8862
vn 0.6371 0.1699 0.7518
vn 0.6165 -0.2126 0.7581
vn 0.7945 -0.1730 0.5822
vn 0.6371 0.1700 0.7518
vn 0.6370 0.1697 0.7519
vn 0.6164 -0.2127 0.7581
vn 0.6154 -0.5455 0.5690
vn 0.7926 -0.4195 0.4424
vn 0.7945 -0.1731 0.5820
vn 0.6154 -0.5454 0.5691
vn 0.7945 -0.1734 0.5819
vn 0.6165 -0.2128 0.7580
vn 0.3971 -0.2385 0.8862
vn 0.3949 -0.6381 0.6609
vn 0.3971 -0.2388 0.8862
vn 0.6154 -0.5453 0.5691
vn 0.6167 -0.2125 0.7580
vn 0.9661 -0.0914 0.2414
vn 0.5883 0.3278 0.7392
vn 0.5883 0.3281 0.7391
vn 0.9725 -0.0867 0.2161
vn 0.5562 -0.6933 0.4583
vn 0.9427 0.0333 0.3319
vn 0.9661 -0.0913 0.2416
vn 0.5563 -0.6933 0.4581
vn 0.9661 -0.0916 0.2412
vn 0.9724 -0.0868 0.2164
vn 0.3989 -0.2632 0.8784
vn 0.5313 -0.6737 0.5136
vn 0.3987 -0.2634 0.8784
vn 0.5562 -0.6933 0.4582
vn 0.9725 -0.0865 0.2163
vn 0.5579 0.2794 0.7815
vn 0.3985 -0.2636 0.8785
vn 0.5884 0.3281 0.7391
vn 0.3986 -0.2636 0.8784
vn 0.9725 -0.0866 0.2163
vn 0.9808 -0.1812 -0.0716
vn 0.9762 -0.1109 -0.1863
vn 0.5727 -0.8187 0.0424
vn 0.9808 -0.1814 -0.0714
vn 0.5726 -0.8188 0.0423
vn 0.9847 -0.1656 -0.0550
vn 0.6508 -0.1556 -0.7431
vn 0.9328 -0.3601 -0.0118
vn 0.9809 -0.1812 -0.0714
vn 0.6507 -0.1558 -0.7432
vn 0.9847 -0.1656 -0.0551
vn 0.4560 -0.6855 -0.5676
vn 0.6353 -0.1750 -0.7522
vn 0.6507 -0.1559 -0.7431
vn 0.4558 -0.6855 -0.5677
vn 0.6509 -0.1556 -0.7431
vn 0.9847 -0.1656 -0.0552
vn 0.5725 -0.8188 0.0422
vn 0.5629 -0.8265 -0.0112
vn 0.4558 -0.6854 -0.5678
vn 0.5726 -0.8187 0.0423
vn 0.4560 -0.6854 -0.5677
vn 0.9686 -0.2224 0.1108
vn 0.5607 -0.4306 0.7072
vn 0.9686 -0.2225 0.1107
vn 0.5608 -0.4307 0.7072
vn 0.9753 -0.1937 0.1064
vn 0.6114 -0.7310 -0.3029
vn 0.9290 -0.2530 0.2700
vn 0.6114 -0.7310 -0.3031
vn 0.9686 -0.2225 0.1109
vn 0.4009 -0.8592 0.3179
vn 0.5873 -0.7660 -0.2615
vn 0.6116 -0.7308 -0.3031
vn 0.4010 -0.8593 0.3174
vn 0.6115 -0.7309 -0.3031
vn 0.9753 -0.1936 0.1065
vn 0.5607 -0.4305 0.7073
vn 0.5444 -0.4438 0.7118
vn 0.4009 -0.8595 0.3172
vn 0.5608 -0.4304 0.7073
vn 0.4007 -0.8595 0.3174
vn 0.9753 -0.1938 0.1065
vn 0.9931 0.0008 -0.1174
vn 0.9754 0.1601 -0.1518
vn 0.6434 -0.4007 -0.6523
vn 0.9931 0.0006 -0.1171
vn 0.6434 -0.4006 -0.6524
vn 0.9960 -0.0074 -0.0894
vn 0.6734 0.6405 -0.3692
vn 0.9762 -0.1108 -0.1862
vn 0.9931 0.0007 -0.1172
vn 0.6734 0.6405 -0.3693
vn 0.9931 0.0006 -0.1174
vn 0.9960 -0.0075 -0.0891
vn 0.5248 0.1881 -0.8302
vn 0.6571 0.6107 -0.4418
vn 0.6737 0.6403 -0.3690
vn 0.5249 0.1881 -0.8301
vn 0.6735 0.6403 -0.3693
vn 0.9960 -0.0073 -0.0894
vn 0.6433 -0.4007 -0.6524
vn 0.6269 -0.3659 -0.6878
vn 0.5246 0.1879 -0.8303
vn 0.5250 0.1882 -0.8301
vn 0.9960 -0.0076 -0.0893
vn 0.9779 0.0872 0.1901
vn 0.9427 0.0330 0.3321
vn 0.6524 0.7544 0.0729
vn 0.9779 0.0871 0.1900
vn 0.6523 0.7545 0.0729
vn 0.9832 0.0661 0.1702
vn 0.5729 0.0042 0.8196
vn 0.9637 0.2316 0.1327
vn 0.9778 0.0873 0.1903
vn 0.5729 0.0043 0.8196
vn 0.9778 0.0875 0.1901
vn 0.9832 0.0660 0.1702
vn 0.4431 0.6090 0.6578
vn 0.5627 0.0326 0.8260
vn 0.5730 0.0044 0.8195
vn 0.4430 0.6091 0.6579
vn 0.9832 0.0664 0.1701
vn 0.6525 0.7543 0.0732
vn 0.6406 0.7612 0.1011
vn 0.4431 0.6091 0.6578
vn 0.6523 0.7544 0.0731
vn 0.4429 0.6088 0.6581
vn 0.9832 0.0660 0.1704
vn 0.9910 0.1332 0.0115
vn 0.6779 0.3898 -0.6233
vn 0.6779 0.3900 -0.6232
vn 0.9941 0.1069 0.0188
vn 0.6292 0.6795 0.3774
vn 0.9753 0.1601 -0.1519
vn 0.6292 0.6793 0.3777
vn 0.9912 0.1317 0.0144
vn 0.9941 0.1072 0.0189
vn 0.5050 0.8354 -0.2168
vn 0.6215 0.6933 0.3648
vn 0.6292 0.6795 0.3773
vn 0.5051 0.8354 -0.2168
vn 0.9940 0.1085 0.0156
vn 0.6781 0.3899 -0.6230
vn 0.6704 0.4089 -0.6192
vn 0.5049 0.8355 -0.2171
vn 0.6780 0.3901 -0.6230
vn 0.5050 0.8355 -0.2167
vn 0.9941 0.1070 0.0186
vn 0.9934 0.0874 -0.0748
vn 0.9924 0.1225 0.0146
vn 0.9934 0.0874 -0.0747
vn 0.0166 -0.9619 0.2729
vn 0.0009 -0.6978 0.7163
vn 0.9924 0.1226 0.0142
vn 0.9843 0.1394 0.1084
vn 0.0485 -0.9691 -0.2420
vn 0.9923 0.1226 0.0143
vn 0.0167 -0.9618 0.2734
vn 0.9797 0.0795 0.1839
vn 0.0885 -0.7176 -0.6908
vn 0.9843 0.1392 0.1087
vn 0.0885 -0.7177 -0.6907
vn 0.0484 -0.9692 -0.2417
vn 0.9797 0.0798 0.1837
vn 0.9695 0.0067 0.2449
vn 0.1251 -0.2749 -0.9533
vn 0.9798 0.0796 0.1836
vn 0.1253 -0.2751 -0.9532
vn 0.9689 -0.0886 0.2309
vn 0.9639 -0.1785 0.1975
vn 0.1547 0.6905 -0.7066
vn 0.1550 0.6906 -0.7065
vn 0.1500 0.2407 -0.9589
vn 0.9695 0.0064 0.2449
vn 0.9690 -0.0889 0.2305
vn 0.1498 0.2405 -0.9590
vn 0.1503 0.2408 -0.9589
vn 0.1254 -0.2749 -0.9533
vn 0.9707 -0.2143 0.1087
vn 0.9730 -0.2305 0.0140
vn 0.1071 0.9618 0.2519
vn 0.9708 -0.2141 0.1084
vn 0.1070 0.9619 0.2515
vn 0.1396 0.9545 -0.2634
vn 0.9708 -0.2141 0.1085
vn 0.1398 0.9545 -0.2633
vn 0.9639 -0.1785 0.1976
vn 0.1395 0.9546 -0.2633
vn 0.1548 0.6903 -0.7068
vn 0.9834 -0.1710 -0.0607
vn 0.9877 -0.0975 -0.1221
vn 0.0304 0.2677 0.9630
vn 0.9834 -0.1710 -0.0606
vn 0.0301 0.2677 0.9630
vn 0.0674 0.7105 0.7004
vn 0.9834 -0.1711 -0.0606
vn 0.1073 0.9618 0.2518
vn 0.9942 -0.0029 -0.1078
vn 0.9934 0.0873 -0.0749
vn 0.0009 -0.6977 0.7164
vn 0.9942 -0.0027 -0.1078
vn 0.0010 -0.6979 0.7162
vn 0.0065 -0.2478 0.9688
vn 0.9942 -0.0028 -0.1079
vn 0.9877 -0.0971 -0.1223
vn 0.0305 0.2675 0.9631
vn -0.8195 -0.5563 0.1375
vn -0.9928 0.0265 -0.1164
vn 0.9427 0.0331 0.3319
vn 0.9427 0.0328 0.3320
vn 0.5563 -0.6933 0.4582
vn -0.8014 -0.5544 0.2245
vn -0.8195 -0.5563 0.1376
vn 0.5563 -0.6934 0.4580
vn -0.8014 -0.5545 0.2245
vn 0.5562 -0.6935 0.4579
vn 0.5313 -0.6736 0.5137
vn -0.7710 0.3966 0.4983
vn -0.7605 -0.1623 0.6287
vn 0.3983 -0.2634 0.8786
vn -0.7709 0.3966 0.4985
vn 0.3982 -0.2637 0.8786
vn 0.5579 0.2796 0.7814
vn -0.8013 -0.5546 0.2244
vn 0.5316 -0.6736 0.5135
vn -0.7604 -0.1624 0.6289
vn 0.5317 -0.6736 0.5134
vn 0.3984 -0.2636 0.8785
vn -0.7916 0.4463 0.4173
vn -0.7709 0.3966 0.4984
vn 0.5578 0.2796 0.7815
vn -0.7916 0.4463 0.4174
vn 0.5576 0.2796 0.7816
vn 0.5883 0.3279 0.7392
vn -0.9927 0.0773 -0.0921
vn -0.7917 0.4462 0.4174
vn 0.5882 0.3278 0.7393
vn 0.5882 0.3282 0.7391
vn -0.8089 -0.1804 0.5596
vn -0.7438 -0.6391 0.1955
vn -0.8087 -0.1805 0.5598
vn 0.4011 -0.8593 0.3174
vn 0.5441 -0.4439 0.7119
vn -0.7437 -0.6393 0.1956
vn -0.7528 -0.5159 -0.4088
vn 0.5871 -0.7661 -0.2614
vn -0.7437 -0.6392 0.1957
vn 0.5872 -0.7661 -0.2614
vn 0.4013 -0.8592 0.3174
vn -0.8162 -0.5644 0.1233
vn -0.7951 -0.6035 0.0592
vn 0.5629 -0.8264 -0.0114
vn -0.8162 -0.5645 0.1232
vn 0.5628 -0.8265 -0.0111
vn -0.9976 0.0658 0.0228
vn -0.8183 -0.5627 0.1172
vn 0.5726 -0.8187 0.0422
vn 0.5726 -0.8187 0.0421
vn 0.9762 -0.1107 -0.1862
vn -0.8087 -0.1807 0.5598
vn 0.5445 -0.4439 0.7117
vn -0.8298 -0.1384 0.5407
vn 0.5444 -0.4440 0.7117
vn 0.5608 -0.4305 0.7072
vn -0.9967 0.0641 -0.0489
vn -0.8297 -0.1386 0.5407
vn 0.5610 -0.4305 0.7071
vn 0.9329 -0.3599 -0.0117
vn -0.7070 0.6263 -0.3285
vn 0.6569 0.6111 -0.4417
vn -0.6526 0.1995 -0.7310
vn 0.6569 0.6110 -0.4418
vn 0.5250 0.1883 -0.8300
vn -0.7420 -0.3512 -0.5711
vn -0.6529 0.1993 -0.7307
vn 0.5249 0.1878 -0.8302
vn 0.5251 0.1878 -0.8301
vn 0.6268 -0.3656 -0.6881
vn -0.7313 0.6395 -0.2370
vn 0.9763 -0.1109 -0.1860
vn -0.7311 0.6397 -0.2371
vn 0.9763 -0.1108 -0.1861
vn 0.6734 0.6404 -0.3694
vn -0.7074 0.6261 -0.3280
vn -0.7312 0.6396 -0.2372
vn 0.6734 0.6403 -0.3695
vn -0.7073 0.6262 -0.3281
vn 0.6733 0.6405 -0.3695
vn 0.6569 0.6109 -0.4420
vn -0.7714 -0.3837 -0.5077
vn -0.7418 -0.3516 -0.5710
vn 0.6267 -0.3658 -0.6881
vn -0.7712 -0.3839 -0.5078
vn 0.6269 -0.3654 -0.6881
vn 0.6434 -0.4004 -0.6525
vn -0.9994 0.0128 -0.0308
vn -0.7713 -0.3838 -0.5077
vn 0.6429 -0.4008 -0.6527
vn -0.9994 0.0131 -0.0311
vn 0.6432 -0.4004 -0.6526
vn 0.9753 0.1605 -0.1520
vn -0.7254 0.6760 -0.1295
vn 0.4431 0.6089 0.6580
vn -0.7254 0.6761 -0.1293
vn 0.4431 0.6088 0.6581
vn 0.6405 0.7613 0.1013
vn -0.7040 0.5375 0.4641
vn -0.8014 -0.0527 0.5958
vn 0.5626 0.0324 0.8261
vn -0.7043 0.5373 0.4639
vn 0.5626 0.0325 0.8261
vn -0.8224 -0.0919 0.5614
vn -0.9972 -0.0068 -0.0746
vn 0.9637 0.2318 0.1326
vn -0.8224 -0.0920 0.5613
vn 0.9637 0.2315 0.1329
vn 0.5727 0.0043 0.8198
vn -0.8013 -0.0526 0.5960
vn -0.8223 -0.0924 0.5615
vn 0.5728 0.0040 0.8197
vn -0.8014 -0.0526 0.5958
vn 0.5728 0.0041 0.8197
vn 0.5625 0.0324 0.8262
vn -0.7433 0.6471 -0.1698
vn -0.7253 0.6762 -0.1294
vn 0.6404 0.7613 0.1015
vn -0.7432 0.6471 -0.1699
vn 0.6405 0.7612 0.1014
vn 0.6523 0.7544 0.0732
vn -0.9929 0.0262 -0.1164
vn 0.6522 0.7546 0.0730
vn -0.9928 0.0262 -0.1165
vn 0.6522 0.7545 0.0733
vn 0.9427 0.0327 0.3321
vn -0.6531 0.7179 -0.2410
vn -0.7616 0.5537 0.3367
vn 0.6212 0.6933 0.3652
vn -0.6531 0.7180 -0.2407
vn 0.6213 0.6933 0.3652
vn 0.5049 0.8355 -0.2169
vn -0.7131 0.2684 -0.6476
vn -0.6535 0.7177 -0.2405
vn 0.5047 0.8357 -0.2165
vn -0.7132 0.2685 -0.6475
vn 0.5050 0.8355 -0.2166
vn 0.6703 0.4089 -0.6192
vn -0.7854 0.5131 0.3463
vn -0.9994 0.0130 -0.0311
vn 0.9754 0.1597 -0.1521
vn -0.7857 0.5130 0.3458
vn 0.9754 0.1598 -0.1519
vn 0.6293 0.6794 0.3774
vn -0.7616 0.5535 0.3370
vn -0.7855 0.5129 0.3462
vn 0.6290 0.6795 0.3777
vn -0.7617 0.5538 0.3364
vn 0.6291 0.6795 0.3776
vn 0.6212 0.6934 0.3650
vn -0.7360 0.2275 -0.6377
vn -0.7134 0.2684 -0.6474
vn 0.6703 0.4091 -0.6191
vn -0.7359 0.2275 -0.6377
vn 0.6702 0.4091 -0.6192
vn 0.6780 0.3897 -0.6233
vn -0.7360 0.2276 -0.6375
vn -0.9972 -0.0068 -0.0750
vn 0.6778 0.3901 -0.6233
vn -0.7539 0.0859 -0.6513
vn 0.9329 -0.3601 -0.0116
vn -0.7540 0.0860 -0.6513
vn 0.9328 -0.3601 -0.0115
vn 0.6506 -0.1557 -0.7433
vn -0.7304 0.0494 -0.6813
vn -0.7539 0.0857 -0.6514
vn 0.6506 -0.1556 -0.7433
vn -0.7304 0.0491 -0.6813
vn 0.6505 -0.1558 -0.7433
vn 0.6349 -0.1749 -0.7525
vn -0.7053 -0.4948 -0.5077
vn -0.7303 0.0491 -0.6813
vn 0.6350 -0.1751 -0.7524
vn -0.7056 -0.4946 -0.5075
vn 0.6353 -0.1748 -0.7523
vn -0.7950 -0.6037 0.0595
vn -0.7057 -0.4946 -0.5074
vn 0.4557 -0.6856 -0.5677
vn -0.7950 -0.6037 0.0594
vn 0.5628 -0.8265 -0.0114
vn -0.7741 -0.4467 -0.4486
vn 0.9290 -0.2531 0.2701
vn -0.7741 -0.4468 -0.4485
vn 0.9292 -0.2527 0.2698
vn 0.6116 -0.7310 -0.3027
vn -0.7526 -0.5163 -0.4087
vn -0.7743 -0.4466 -0.4483
vn 0.6110 -0.7313 -0.3031
vn -0.7528 -0.5160 -0.4087
vn 0.6112 -0.7311 -0.3032
vn 0.5871 -0.7661 -0.2613
s 0
usemtl mat1.473
f 1//1 2//2 3//3
f 1//4 3//5 4//6
f 1//7 4//8 5//9
f 1//10 5//11 6//12
f 1//13 6//14 7//15
f 1//13 7//16 8//17
f 1//18 8//19 9//20
f 1//21 9//22 2//23
f 10//24 11//25 12//26
f 10//24 12//27 13//28
f 10//24 13//29 14//30
f 10//31 14//32 15//33
f 10//34 15//35 16//36
f 10//37 16//36 17//38
f 10//39 17//40 18//41
f 10//37 18//41 11//42
f 19//43 20//44 21//45
f 19//43 21//46 22//47
f 19//48 22//49 23//50
f 19//51 23//52 24//53
f 19//54 24//55 25//56
f 19//51 25//57 26//58
f 19//59 26//60 27//61
f 19//62 27//63 20//64
f 28//65 29//66 30//67
f 28//65 30//68 31//69
f 28//70 31//71 12//72
f 28//73 12//74 11//75
f 28//76 11//77 18//78
f 28//79 18//78 32//80
f 28//81 32//82 33//83
f 28//84 33//85 29//86
f 34//87 15//88 14//89
f 34//90 14//30 35//91
f 34//92 35//93 21//94
f 34//95 21//96 20//97
f 34//98 20//99 27//100
f 34//101 27//100 36//102
f 34//103 36//104 16//105
f 34//106 16//107 15//108
f 37//109 38//110 18//111
f 37//109 18//112 17//113
f 37//114 17//115 16//116
f 37//117 16//105 39//118
f 37//119 39//120 40//121
f 37//122 40//123 41//124
f 37//125 41//126 42//127
f 37//128 42//129 38//130
f 43//131 44//132 27//63
f 43//133 27//134 26//58
f 43//135 26//136 25//137
f 43//138 25//139 45//140
f 43//141 45//142 5//143
f 43//144 5//145 46//146
f 43//147 46//148 47//149
f 43//150 47//149 44//151
f 48//152 49//153 33//154
f 48//155 33//154 32//156
f 48//157 32//158 18//159
f 48//160 18//112 38//161
f 48//160 38//162 42//163
f 48//160 42//164 50//165
f 48//166 50//167 51//168
f 48//169 51//170 49//171
f 52//172 39//120 16//173
f 52//172 16//174 36//104
f 52//175 36//176 27//177
f 52//178 27//179 44//180
f 52//181 44//182 47//149
f 52//183 47//184 53//185
f 52//186 53//187 40//188
f 52//189 40//190 39//191
f 54//192 55//193 56//194
f 54//195 56//194 57//196
f 54//197 57//198 3//199
f 54//200 3//201 2//202
f 54//203 2//204 9//20
f 54//205 9//206 58//207
f 54//208 58//209 59//210
f 54//211 59//212 55//213
f 60//214 61//215 42//216
f 60//217 42//218 41//219
f 60//220 41//221 40//190
f 60//222 40//123 62//223
f 60//224 62//225 63//226
f 60//227 63//226 64//228
f 60//227 64//229 65//230
f 60//231 65//232 61//233
f 66//234 67//235 47//236
f 66//237 47//238 46//239
f 66//240 46//241 5//242
f 66//243 5//244 4//245
f 66//246 4//247 3//201
f 66//248 3//249 68//250
f 66//251 68//252 69//253
f 66//254 69//255 67//256
f 70//257 71//258 51//259
f 70//260 51//261 50//262
f 70//263 50//264 42//265
f 70//266 42//267 61//233
f 70//268 61//269 65//270
f 70//271 65//272 72//273
f 70//274 72//275 73//276
f 70//277 73//278 71//279
f 74//280 62//281 40//282
f 74//283 40//284 53//285
f 74//286 53//287 47//288
f 74//289 47//290 67//291
f 74//292 67//293 69//294
f 74//295 69//296 75//297
f 74//298 75//299 63//300
f 74//301 63//302 62//303
f 76//304 6//305 5//306
f 76//307 5//308 45//309
f 76//310 45//311 25//312
f 76//313 25//312 77//314
f 76//315 77//316 78//317
f 76//318 78//319 79//320
f 76//307 79//321 7//322
f 76//323 7//324 6//325
f 80//326 81//327 69//328
f 80//329 69//253 68//330
f 80//331 68//332 3//333
f 80//326 3//334 57//335
f 80//336 57//337 56//338
f 80//339 56//340 82//341
f 80//329 82//342 83//343
f 80//344 83//345 81//346
f 84//347 85//348 73//349
f 84//350 73//351 72//352
f 84//353 72//354 65//355
f 84//356 65//357 86//358
f 84//359 86//360 87//361
f 84//362 87//363 88//364
f 84//365 88//366 89//367
f 84//368 89//369 85//370
f 90//371 91//372 63//373
f 90//371 63//374 75//375
f 90//376 75//377 69//378
f 90//376 69//379 81//380
f 90//381 81//382 83//383
f 90//384 83//385 92//386
f 90//387 92//388 93//389
f 90//384 93//390 91//391
f 94//392 95//393 96//394
f 94//395 96//396 97//397
f 94//398 97//399 56//340
f 94//400 56//401 55//402
f 94//403 55//404 59//405
f 94//406 59//210 98//407
f 94//408 98//409 99//410
f 94//411 99//412 95//413
f 100//414 86//415 65//416
f 100//417 65//418 64//229
f 100//419 64//420 63//421
f 100//422 63//423 91//424
f 100//417 91//425 93//426
f 100//417 93//427 101//428
f 100//429 101//430 87//431
f 100//429 87//432 86//433
f 102//434 103//435 89//436
f 102//437 89//438 88//366
f 102//439 88//440 87//441
f 102//442 87//443 104//444
f 102//445 104//446 105//447
f 102//448 105//449 106//450
f 102//451 106//452 107//453
f 102//454 107//455 103//456
f 108//457 109//458 93//459
f 108//460 93//461 92//462
f 108//463 92//464 83//465
f 108//466 83//467 110//468
f 108//469 110//470 111//471
f 108//469 111//472 112//473
f 108//474 112//475 113//476
f 108//460 113//477 109//478
f 114//479 115//480 23//481
f 114//482 23//483 116//484
f 114//485 116//486 96//487
f 114//488 96//489 95//490
f 114//491 95//492 99//493
f 114//494 99//495 117//496
f 114//497 117//498 118//499
f 114//500 118//501 115//502
f 119//503 104//504 87//505
f 119//506 87//507 101//430
f 119//508 101//509 93//459
f 119//510 93//511 109//512
f 119//513 109//514 113//515
f 119//516 113//517 120//518
f 119//519 120//520 105//521
f 119//522 105//523 104//524
f 121//525 110//526 83//527
f 121//528 83//467 82//529
f 121//530 82//531 56//194
f 121//532 56//533 97//534
f 121//535 97//536 96//537
f 121//538 96//394 122//539
f 121//540 122//541 111//542
f 121//543 111//544 110//545
f 123//546 124//547 107//548
f 123//549 107//550 106//450
f 123//551 106//552 105//553
f 123//554 105//555 125//556
f 123//557 125//558 12//74
f 123//559 12//560 31//561
f 123//562 31//563 30//564
f 123//565 30//566 124//567
f 126//568 127//569 113//570
f 126//571 113//572 112//573
f 126//574 112//575 111//576
f 126//577 111//471 128//578
f 126//579 128//578 21//580
f 126//581 21//582 35//583
f 126//584 35//585 14//586
f 126//587 14//588 127//589
f 129//590 77//591 25//312
f 129//592 25//312 24//593
f 129//594 24//595 23//596
f 129//597 23//596 115//480
f 129//598 115//599 118//600
f 129//598 118//601 130//602
f 129//603 130//604 78//605
f 129//594 78//606 77//607
f 131//608 125//609 105//610
f 131//611 105//553 120//612
f 131//613 120//614 113//615
f 131//616 113//617 127//618
f 131//619 127//620 14//621
f 131//619 14//622 13//28
f 131//623 13//624 12//625
f 131//626 12//72 125//627
f 132//628 128//578 111//629
f 132//630 111//631 122//632
f 132//633 122//634 96//635
f 132//636 96//637 116//638
f 132//633 116//639 23//640
f 132//636 23//641 22//642
f 132//643 22//644 21//645
f 132//646 21//647 128//578
f 133//648 134//649 118//650
f 133//651 118//652 117//653
f 133//654 117//655 99//656
f 133//657 99//658 135//659
f 133//648 135//660 136//661
f 133//662 136//663 137//664
f 133//665 137//666 138//667
f 133//662 138//668 134//669
f 139//670 140//671 7//672
f 139//673 7//674 79//675
f 139//673 79//675 78//676
f 139//677 78//606 141//678
f 139//679 141//680 142//681
f 139//682 142//683 143//684
f 139//685 143//686 144//687
f 139//688 144//689 140//690
f 145//691 146//692 78//693
f 145//694 78//695 130//696
f 145//697 130//698 118//699
f 145//700 118//701 147//702
f 145//703 147//704 148//705
f 145//694 148//706 149//707
f 145//703 149//708 150//709
f 145//710 150//711 146//712
f 151//713 152//714 9//715
f 151//716 9//717 8//718
f 151//719 8//17 7//720
f 151//713 7//721 153//722
f 151//723 153//724 154//725
f 151//726 154//727 155//728
f 151//729 155//730 156//731
f 151//732 156//733 152//734
f 157//735 158//736 99//737
f 157//738 99//739 98//740
f 157//741 98//742 59//743
f 157//744 59//745 159//746
f 157//747 159//748 160//749
f 157//750 160//751 161//752
f 157//753 161//754 162//755
f 157//747 162//755 158//756
f 163//757 164//758 59//759
f 163//760 59//761 58//762
f 163//763 58//764 9//765
f 163//766 9//767 165//768
f 163//769 165//770 166//771
f 163//772 166//773 167//774
f 163//775 167//776 168//777
f 163//778 168//779 164//780
f 169//781 170//782 107//783
f 169//784 107//785 124//786
f 169//787 124//788 30//789
f 169//790 30//791 171//792
f 169//793 171//794 172//795
f 169//796 172//797 173//798
f 169//799 173//800 174//801
f 169//802 174//795 170//803
f 175//804 176//805 51//806
f 175//804 51//807 71//808
f 175//809 71//810 73//349
f 175//811 73//812 177//813
f 175//814 177//815 178//816
f 175//817 178//818 179//819
f 175//814 179//797 180//816
f 175//820 180//821 176//822
f 181//823 182//824 33//825
f 181//823 33//826 49//827
f 181//828 49//829 51//261
f 181//828 51//830 176//831
f 181//832 176//833 180//795
f 181//832 180//834 183//800
f 181//835 183//836 184//797
f 181//837 184//795 182//838
f 185//839 177//840 73//841
f 185//842 73//843 85//844
f 185//845 85//846 89//847
f 185//848 89//849 186//850
f 185//851 186//852 187//853
f 185//854 187//797 188//836
f 185//855 188//816 178//816
f 185//856 178//816 177//857
f 189//858 186//859 89//860
f 189//861 89//847 103//862
f 189//863 103//864 107//865
f 189//866 107//783 170//867
f 189//868 170//869 174//870
f 189//868 174//871 190//872
f 189//873 190//874 187//798
f 189//875 187//876 186//852
f 191//877 171//792 30//878
f 191//879 30//880 29//881
f 191//882 29//883 33//884
f 191//885 33//884 182//886
f 191//887 182//888 184//889
f 191//890 184//795 192//819
f 191//891 192//818 172//892
f 191//877 172//816 171//893
f 193//894 192//895 184//896
f 193//897 184//797 183//798
f 193//874 183//874 180//819
f 193//898 180//819 179//819
f 193//899 179//900 178//901
f 193//892 178//797 188//902
f 193//872 188//818 187//903
f 193//897 187//874 190//874
f 193//800 190//834 174//795
f 193//904 174//798 173//898
f 193//834 173//834 172//819
f 193//801 172//819 192//874
usemtl mat2.295
f 194//905 195//906 196//907
f 194//908 196//909 197//910
f 194//911 197//912 198//913
f 194//914 198//915 199//916
f 194//917 199//916 200//918
f 194//919 200//920 201//921
f 194//922 201//923 202//924
f 194//919 202//925 195//926
f 203//927 204//928 202//929
f 203//930 202//931 201//932
f 203//930 201//933 200//934
f 203//935 200//936 205//937
f 203//935 205//938 206//939
f 203//935 206//940 207//941
f 203//942 207//943 208//944
f 203//930 208//944 204//945
f 209//946 210//947 208//948
f 209//949 208//950 207//951
f 209//952 207//953 206//954
f 209//946 206//955 211//956
f 209//957 211//958 212//959
f 209//960 212//959 213//961
f 209//962 213//963 214//964
f 209//965 214//966 210//967
f 215//968 216//969 214//970
f 215//971 214//966 213//972
f 215//973 213//974 212//975
f 215//976 212//977 217//978
f 215//979 217//980 218//981
f 215//979 218//982 219//983
f 215//976 219//984 220//985
f 215//986 220//987 216//988
f 221//989 205//990 200//934
f 221//991 200//992 199//993
f 221//994 199//995 198//996
f 221//997 198//998 222//999
f 221//1000 222//1001 223//1002
f 221//1003 223//1004 224//1005
f 221//1006 224//1007 218//1008
f 221//1009 218//1010 217//1011
f 221//1012 217//1013 212//1014
f 221//1015 212//1016 211//1017
f 221//1018 211//1019 206//939
f 221//1020 206//1021 205//1022
f 225//1023 226//1024 220//1025
f 225//1026 220//1027 219//1028
f 225//1029 219//1030 218//1031
f 225//1032 218//1033 224//1034
f 225//1035 224//1036 223//1037
f 225//1038 223//1039 227//1040
f 225//1041 227//1042 228//1043
f 225//1038 228//1044 226//1045
f 229//1046 230//1047 228//1048
f 229//1049 228//1050 227//1051
f 229//1052 227//1053 223//1039
f 229//1054 223//1055 222//1056
f 229//1057 222//1058 198//1059
f 229//1060 198//1061 197//1062
f 229//1063 197//1064 196//907
f 229//1065 196//1066 230//1067
f 231//818 232//1068 233//1069
f 231//818 233//1070 234//1071
f 231//819 234//1072 235//1073
f 231//801 235//1074 236//1075
f 231//1076 236//1077 237//1078
f 231//818 237//1079 238//1080
f 231//899 238//1081 239//1082
f 231//1083 239//1084 240//1085
f 231//892 240//1086 241//1087
f 231//834 241//1088 242//1089
f 231//1090 242//1091 243//1092
f 231//895 243//1093 232//1094
f 244//1095 232//1096 243//1097
f 244//1098 243//1097 245//1099
f 244//1095 245//1100 228//1050
f 244//1095 228//1101 230//1102
f 244//1095 230//1103 196//1104
f 244//1105 196//1106 246//1107
f 244//1095 246//1108 233//1109
f 244//1110 233//1111 232//1112
f 247//1113 242//1114 241//1115
f 247//1116 241//1117 248//1118
f 247//1119 248//1118 220//1120
f 247//1121 220//1122 226//1123
f 247//1124 226//1123 228//1043
f 247//1125 228//1126 245//1127
f 247//1128 245//1129 243//1130
f 247//1131 243//1132 242//1133
f 249//1134 240//1135 239//1136
f 249//1137 239//1138 250//1139
f 249//1140 250//1141 214//1142
f 249//1143 214//966 216//1144
f 249//1145 216//1146 220//1147
f 249//1148 220//1149 248//1150
f 249//1151 248//1152 241//1087
f 249//1153 241//1154 240//1155
f 251//1156 238//1157 237//1158
f 251//1159 237//1160 252//1161
f 251//1162 252//1163 208//1164
f 251//1165 208//1166 210//1167
f 251//1168 210//1169 214//1170
f 251//1171 214//1170 250//1172
f 251//1173 250//1174 239//1175
f 251//1176 239//1084 238//1177
f 253//1178 236//1179 235//1180
f 253//1181 235//1074 254//1182
f 253//1183 254//1184 202//1185
f 253//1186 202//931 204//945
f 253//1187 204//1188 208//948
f 253//1187 208//944 252//1189
f 253//1178 252//1190 237//1191
f 253//1178 237//1192 236//1193
f 255//1194 234//1195 233//1196
f 255//1197 233//1198 246//1199
f 255//1200 246//1201 196//1202
f 255//1203 196//907 195//906
f 255//1204 195//1205 202//1206
f 255//1207 202//1208 254//1209
f 255//1210 254//1211 235//1212
f 255//1213 235//1214 234//1215
usemtl mat0.997
f 256//1216 257//2 258//3
f 256//1217 258//5 259//1218
f 256//1219 259//8 260//1220
f 256//1221 260//1222 261//1223
f 256//7 261//1224 262//1225
f 256//1221 262//1226 263//1227
f 256//1228 263//1229 264//1230
f 256//21 264//1231 257//1232
f 265//24 266//1233 267//26
f 265//1234 267//27 268//28
f 265//1235 268//29 269//30
f 265//1236 269//1237 270//1238
f 265//34 270//1239 271//1240
f 265//34 271//36 272//1241
f 265//39 272//1242 273//1243
f 265//37 273//1244 266//1245
f 274//43 275//1246 276//1247
f 274//43 276//46 277//1248
f 274//48 277//1249 278//50
f 274//51 278//52 279//593
f 274//1250 279//1251 280//139
f 274//1250 280//1252 281//58
f 274//59 281//1253 282//61
f 274//1254 282//63 275//64
f 283//1255 284//1256 285//1257
f 283//1258 285//1257 286//1259
f 283//1260 286//1261 267//74
f 283//1262 267//74 266//1263
f 283//1264 266//77 273//1265
f 283//1264 273//1266 287//1267
f 283//1268 287//1269 288//1270
f 283//1271 288//1272 284//1273
f 289//87 270//1274 269//1275
f 289//1276 269//30 290//1277
f 289//92 290//93 276//1278
f 289//1279 276//1280 275//1281
f 289//90 275//1282 282//1283
f 289//1284 282//1285 291//102
f 289//103 291//1286 271//1287
f 289//1288 271//105 270//1289
f 292//1290 293//1291 273//112
f 292//1292 273//111 272//1293
f 292//1294 272//115 271//1295
f 292//1296 271//1297 294//118
f 292//1298 294//1299 295//121
f 292//122 295//123 296//1300
f 292//1301 296//1302 297//1303
f 292//128 297//164 293//130
f 298//1304 299//132 282//1305
f 298//1306 282//1307 281//1308
f 298//147 281//58 280//137
f 298//1309 280//1310 300//140
f 298//141 300//142 260//145
f 298//135 260//145 301//146
f 298//1304 301//1311 302//149
f 298//1312 302//149 299//1313
f 303//1314 304//1315 288//1316
f 303//1317 288//1318 287//1319
f 303//1320 287//1321 273//1322
f 303//1323 273//1324 293//1325
f 303//1326 293//1327 297//163
f 303//1323 297//164 305//1328
f 303//1329 305//1330 306//1331
f 303//1332 306//1333 304//1334
f 307//172 294//1335 271//36
f 307//183 271//36 291//1336
f 307//1337 291//1338 282//1339
f 307//1340 282//179 299//1313
f 307//1341 299//1342 302//1343
f 307//1344 302//184 308//1345
f 307//186 308//1346 295//190
f 307//189 295//190 294//1347
f 309//192 310//193 311//1348
f 309//1349 311//533 312//1350
f 309//1351 312//1352 258//1353
f 309//200 258//201 257//202
f 309//211 257//204 264//1354
f 309//205 264//1355 313//1356
f 309//1357 313//209 314//1358
f 309//1359 314//1360 310//213
f 315//214 316//1361 297//216
f 315//217 297//1362 296//1363
f 315//1364 296//1365 295//190
f 315//222 295//123 317//1366
f 315//224 317//225 318//226
f 315//227 318//226 319//228
f 315//227 319//229 320//1367
f 315//1368 320//1369 316//1370
f 321//1371 322//235 302//236
f 321//237 302//1372 301//239
f 321//1373 301//1374 260//1375
f 321//1376 260//244 259//1218
f 321//246 259//1377 258//201
f 321//1378 258//1379 323//250
f 321//251 323//1380 324//1381
f 321//254 324//255 322//1382
f 325//1383 326//1384 306//1385
f 325//1386 306//1387 305//1388
f 325//1389 305//1390 297//1391
f 325//1392 297//1393 316//1361
f 325//1394 316//1395 320//1396
f 325//1397 320//355 327//1398
f 325//1399 327//1400 328//1401
f 325//1386 328//1402 326//1403
f 329//1404 317//1405 295//1406
f 329//283 295//284 308//1407
f 329//1408 308//1409 302//149
f 329//1410 302//1411 322//291
f 329//292 322//293 324//294
f 329//1412 324//294 330//1413
f 329//298 330//1414 318//226
f 329//301 318//1415 317//303
f 331//1416 261//1417 260//306
f 331//1418 260//145 300//1419
f 331//323 300//1420 280//139
f 331//1421 280//1422 332//1423
f 331//1424 332//1425 333//1426
f 331//1427 333//1428 334//1429
f 331//307 334//321 262//1430
f 331//307 262//1431 261//1432
f 335//1433 336//327 324//328
f 335//329 324//1434 323//1435
f 335//336 323//1436 258//1437
f 335//326 258//201 312//335
f 335//1438 312//1439 311//340
f 335//326 311//1440 337//341
f 335//1441 337//342 338//1442
f 335//1443 338//1444 336//1445
f 339//1446 340//1447 328//1448
f 339//1449 328//1450 327//1451
f 339//1452 327//1453 320//1454
f 339//1455 320//1456 341//358
f 339//1457 341//360 342//1458
f 339//1459 342//363 343//1460
f 339//1452 343//1461 344//1462
f 339//1446 344//1463 340//1464
f 345//1465 346//1466 318//373
f 345//1467 318//423 330//1468
f 345//376 330//1469 324//1470
f 345//1471 324//379 336//1472
f 345//381 336//1473 338//1474
f 345//384 338//385 347//386
f 345//1475 347//1476 348//511
f 345//1477 348//1478 346//1479
f 349//1480 350//1481 351//1482
f 349//395 351//396 352//1483
f 349//1484 352//536 311//1485
f 349//1486 311//401 310//1487
f 349//403 310//1488 314//1489
f 349//411 314//1358 353//1490
f 349//1491 353//1492 354//1493
f 349//1494 354//1495 350//413
f 355//1496 341//1497 320//416
f 355//1498 320//1499 319//229
f 355//419 319//1500 318//1501
f 355//1502 318//423 346//1503
f 355//417 346//425 348//1504
f 355//417 348//459 356//1505
f 355//429 356//1506 342//431
f 355//429 342//1507 341//433
f 357//1508 358//1509 344//1510
f 357//1511 344//1510 343//1512
f 357//1513 343//1514 342//363
f 357//1511 342//1515 359//1516
f 357//1513 359//1516 360//1517
f 357//1511 360//1518 361//1519
f 357//1520 361//1519 362//1521
f 357//1522 362//1523 358//1524
f 363//1525 364//458 348//459
f 363//460 348//1526 347//1527
f 363//463 347//464 338//527
f 363//1528 338//1529 365//1530
f 363//469 365//1531 366//471
f 363//1532 366//1533 367//1534
f 363//474 367//475 368//476
f 363//1535 368//477 364//478
f 369//1536 370//480 278//1537
f 369//1538 278//1539 371//1540
f 369//479 371//484 351//487
f 369//485 351//394 350//1541
f 369//491 350//1541 354//1542
f 369//1543 354//1544 372//1545
f 369//488 372//498 373//1546
f 369//1547 373//1548 370//1549
f 374//503 359//504 342//505
f 374//1550 342//507 356//430
f 374//508 356//509 348//1551
f 374//522 348//511 364//1552
f 374//503 364//514 368//515
f 374//1550 368//1553 375//518
f 374//1554 375//1555 360//1556
f 374//1557 360//523 359//524
f 376//543 365//1558 338//1559
f 376//528 338//467 337//529
f 376//1560 337//1561 311//194
f 376//532 311//533 352//1562
f 376//535 352//1563 351//394
f 376//1564 351//394 377//1565
f 376//540 377//1566 366//471
f 376//543 366//544 365//545
f 378//1567 379//1568 362//1569
f 378//1567 362//1570 361//1571
f 378//1572 361//1571 360//1573
f 378//1574 360//1575 380//1576
f 378//1577 380//1578 267//1579
f 378//1567 267//1580 286//1581
f 378//1582 286//1583 285//1257
f 378//1584 285//1585 379//1586
f 381//1587 382//1588 368//517
f 381//1589 368//572 367//573
f 381//571 367//1590 366//1591
f 381//1592 366//1533 383//1593
f 381//579 383//578 276//1594
f 381//581 276//1247 290//583
f 381//584 290//583 269//621
f 381//587 269//1595 382//1596
f 384//590 332//591 280//312
f 384//594 280//1597 279//1598
f 384//594 279//595 278//596
f 384//597 278//52 370//1549
f 384//1599 370//1600 373//1601
f 384//598 373//1602 385//1603
f 384//603 385//1604 333//1605
f 384//594 333//1605 332//1606
f 386//611 380//1576 360//610
f 386//1607 360//521 375//1608
f 386//613 375//1609 368//615
f 386//1610 368//1611 382//1612
f 386//1613 382//620 269//1595
f 386//619 269//622 268//1614
f 386//1615 268//1616 267//625
f 386//1617 267//72 380//1618
f 387//1619 383//1620 366//1621
f 387//630 366//631 377//632
f 387//1622 377//1623 351//1624
f 387//636 351//1625 371//638
f 387//633 371//1626 278//1537
f 387//636 278//1627 277//1628
f 387//1629 277//644 276//1630
f 387//646 276//1631 383//578
f 388//1632 389//1633 373//1634
f 388//1635 373//1636 372//1637
f 388//665 372//1638 354//1639
f 388//665 354//1544 390//1640
f 388//1641 390//1642 391//1643
f 388//1632 391//1644 392//1645
f 388//654 392//1646 393//1647
f 388//1648 393//1649 389//1650
f 394//1651 395//1652 262//1653
f 394//673 262//1654 334//1655
f 394//673 334//1656 333//1657
f 394//1658 333//1428 396//1659
f 394//1660 396//1661 397//1662
f 394//685 397//1663 398//1664
f 394//1665 398//1666 399//1667
f 394//673 399//1668 395//1669
f 400//703 401//1670 333//1671
f 400//1672 333//1673 385//1674
f 400//1672 385//1674 373//1636
f 400//1675 373//1676 402//1677
f 400//1678 402//1679 403//1680
f 400//1681 403//1682 404//1683
f 400//1678 404//1684 405//1685
f 400//700 405//1686 401//1687
f 406//1688 407//1689 264//1690
f 406//1691 264//1692 263//1693
f 406//729 263//1227 262//1694
f 406//713 262//1695 408//1696
f 406//1697 408//1698 409//1699
f 406//1691 409//1700 410//1701
f 406//1702 410//1703 411//1704
f 406//1705 411//1706 407//1707
f 412//1708 413//1709 354//1710
f 412//1711 354//1495 353//407
f 412//741 353//1712 314//1713
f 412//1714 314//1715 414//1716
f 412//735 414//1717 415//1718
f 412//1719 415//1720 416//1721
f 412//741 416//1722 417//1723
f 412//1724 417//1725 413//1726
f 418//775 419//1727 314//1728
f 418//760 314//1729 313//1730
f 418//1731 313//1732 264//1733
f 418//766 264//1734 420//1735
f 418//1736 420//1737 421//1738
f 418//1739 421//1740 422//1741
f 418//1736 422//1742 423//1743
f 418//1744 423//1745 419//1746
f 424//1747 425//1748 426//1749
f 424//1750 426//1751 427//1752
f 428//1753 429//1754 424//1755
f 428//1756 424//1757 427//1758
f 430//1759 431//1760 428//1761
f 430//1762 428//1763 427//1764
f 426//1765 432//1766 430//1767
f 426//1768 430//1769 427//1770
f 433//959 434//1771 435//1772
f 433//1773 435//1774 436//1775
f 437//1776 438//1777 433//1778
f 437//1779 433//1780 436//1781
f 439//1782 440//1783 437//1784
f 439//1785 437//1786 436//1787
f 435//1788 441//1789 439//1790
f 435//1791 439//1792 436//1793
f 442//1794 443//1795 444//1796
f 442//1797 444//1798 445//1799
f 446//1800 447//1801 442//1802
f 446//1803 442//1804 445//1805
f 448//1806 449//1807 446//1808
f 448//1809 446//1810 445//1799
f 444//1811 450//1812 448//1813
f 444//1811 448//1814 445//1815
f 451//1816 452//1817 453//1818
f 451//1816 453//1819 454//1820
f 435//1821 434//1822 451//1823
f 435//1824 451//1825 454//1826
f 455//1827 441//1789 435//1828
f 455//1829 435//1830 454//1831
f 453//1832 456//1833 455//1834
f 453//1835 455//1836 454//1837
f 457//1838 438//1839 437//1503
f 457//1840 437//1503 458//1841
f 444//1842 443//1843 457//1844
f 444//1842 457//1845 458//1846
f 459//1847 450//1848 444//1849
f 459//1850 444//1851 458//1852
f 437//1853 440//1854 459//1855
f 437//1856 459//1857 458//1858
f 439//1859 441//1860 460//1861
f 439//1862 460//1863 461//1864
f 462//1865 440//1866 439//1867
f 462//1868 439//1869 461//1870
f 463//1871 464//615 462//512
f 463//1872 462//1873 461//1874
f 460//1875 465//1876 463//1877
f 460//1878 463//1879 461//1880
f 448//1881 450//1882 466//1883
f 448//1884 466//1885 467//1886
f 468//1887 449//1888 448//1889
f 468//1890 448//1884 467//1891
f 469//1892 429//1893 468//1894
f 469//1895 468//1894 467//1896
f 466//1897 470//1898 469//1895
f 466//1899 469//1900 467//1901
f 455//1902 456//1903 471//1904
f 455//1905 471//1906 472//1907
f 460//1861 441//1908 455//1827
f 460//1909 455//1910 472//1911
f 473//1912 465//1913 460//1914
f 473//1915 460//1916 472//1917
f 471//1918 474//1919 473//1915
f 471//1920 473//1921 472//1922
f 459//1923 440//1924 462//1925
f 459//1923 462//512 475//1926
f 466//1927 450//1928 459//1929
f 466//1927 459//1930 475//1931
f 476//1932 470//1933 466//1934
f 476//1935 466//1936 475//1937
f 462//1938 464//572 476//1939
f 462//1940 476//1941 475//1942
f 477//1943 478//1944 479//1945
f 477//1946 479//1947 480//1948
f 426//1949 425//1950 477//1951
f 426//1952 477//1953 480//1954
f 481//1955 432//1956 426//1751
f 481//1957 426//1958 480//1959
f 479//1960 482//1961 481//1962
f 479//1963 481//1964 480//1954
f 463//1965 465//1966 483//1967
f 463//1004 483//1968 484//1969
f 485//1970 464//1971 463//1972
f 485//618 463//1877 484//1973
f 486//996 487//621 485//1974
f 486//1975 485//1976 484//1977
f 483//1978 488//1979 486//915
f 483//1980 486//915 484//1981
f 469//1982 470//1983 489//1984
f 469//1985 489//1986 490//1987
f 424//1988 429//1989 469//1990
f 424//1991 469//1992 490//1993
f 491//1994 425//1995 424//1996
f 491//1997 424//1998 490//1999
f 489//2000 492//2001 491//2002
f 489//2003 491//2004 490//2005
f 473//2006 474//2007 493//2008
f 473//2006 493//2009 494//2010
f 483//2011 465//2012 473//1912
f 483//1968 473//1912 494//2013
f 495//2014 488//2015 483//2016
f 495//2017 483//2018 494//2019
f 493//2020 496//2021 495//2022
f 493//2023 495//2024 494//2025
f 476//2026 464//476 485//2027
f 476//2028 485//2029 497//2030
f 489//2031 470//2032 476//2033
f 489//2034 476//2035 497//2036
f 498//2037 492//2038 489//2000
f 498//2039 489//2040 497//2041
f 485//2042 487//2043 498//2039
f 485//2044 498//2039 497//2045
f 468//2046 429//2047 428//2048
f 468//2049 428//1763 499//2050
f 500//2051 449//2052 468//2053
f 500//2054 468//2055 499//2056
f 501//2057 502//2058 500//2059
f 501//2060 500//2061 499//2062
f 428//2063 431//2064 501//2065
f 428//2066 501//2067 499//2068
f 491//1994 492//2069 503//2070
f 491//2071 503//2072 504//2073
f 477//2074 425//2075 491//2076
f 477//2077 491//2078 504//2079
f 505//2080 478//2081 477//2082
f 505//2080 477//2083 504//2079
f 503//2084 506//2085 505//2086
f 503//2087 505//2088 504//2089
f 495//2014 496//2090 507//2091
f 495//2092 507//2093 508//2094
f 509//2095 488//2096 495//2097
f 509//2098 495//2092 508//2099
f 510//2100 511//2101 509//2102
f 510//2103 509//2104 508//2105
f 507//2106 512//2107 510//2108
f 507//2109 510//2110 508//2111
f 498//2112 487//30 513//2113
f 498//2114 513//2115 514//2116
f 503//2117 492//2118 498//2119
f 503//2084 498//2039 514//2120
f 515//2121 506//2122 503//2123
f 515//2124 503//2125 514//2126
f 513//35 516//105 515//2127
f 513//35 515//2128 514//2126
f 517//2129 518//2130 519//2131
f 517//2132 519//2133 520//2134
f 479//2135 478//2136 517//2137
f 479//2138 517//2137 520//2139
f 521//2140 482//2141 479//2142
f 521//2143 479//1945 520//2144
f 519//2145 522//2146 521//2147
f 519//2145 521//2148 520//2149
f 486//2150 488//2151 509//2152
f 486//996 509//2153 523//2154
f 513//2113 487//30 486//2155
f 513//2156 486//2157 523//2158
f 524//2159 516//2160 513//2161
f 524//2162 513//1289 523//2163
f 509//2164 511//2165 524//918
f 509//2166 524//2167 523//2168
f 510//2169 512//2170 525//2171
f 510//2172 525//2173 526//2174
f 527//2175 511//2176 510//2177
f 527//2178 510//2179 526//2180
f 528//2181 529//2182 527//2183
f 528//2184 527//2185 526//2186
f 525//2187 530//2188 528//2189
f 525//2190 528//2191 526//2192
f 515//2193 516//2160 531//2194
f 515//2195 531//2194 532//2196
f 533//2197 506//2198 515//2199
f 533//2197 515//2199 532//2200
f 534//2201 535//2202 533//2203
f 534//2204 533//2205 532//2206
f 531//120 536//2207 534//2208
f 531//118 534//2209 532//2210
f 537//2211 447//2212 538//2213
f 537//2214 538//2215 539//2216
f 519//2217 518//2218 537//2219
f 519//2220 537//2221 539//2222
f 540//2223 522//2224 519//2225
f 540//2226 519//2225 539//2222
f 538//2227 541//2228 540//2229
f 538//2230 540//2231 539//2232
f 524//2233 511//2234 527//2185
f 524//2235 527//2236 542//2237
f 531//2238 516//174 524//2239
f 531//191 524//2240 542//2241
f 543//2242 536//2207 531//120
f 543//2243 531//2244 542//2245
f 527//2246 529//2247 543//2248
f 527//2249 543//2250 542//2251
f 505//2252 506//2198 533//2253
f 505//2252 533//2254 544//2255
f 517//2256 478//2257 505//2258
f 517//2259 505//2260 544//2261
f 545//2262 518//2263 517//2264
f 545//2265 517//2266 544//2267
f 533//2268 535//2269 545//2270
f 533//2271 545//2272 544//2261
f 528//2273 530//2274 546//2275
f 528//2273 546//2276 547//2277
f 548//2278 529//2279 528//2273
f 548//2280 528//2281 547//2282
f 451//2283 434//2284 548//2285
f 451//2286 548//2287 547//2288
f 546//2289 452//2290 451//1825
f 546//2291 451//2292 547//2293
f 534//2208 536//2207 549//2294
f 534//2295 549//2296 550//2297
f 551//2298 535//2299 534//2300
f 551//2301 534//2302 550//2303
f 457//2304 443//2305 551//2306
f 457//2307 551//2308 550//2309
f 549//2310 438//2311 457//2307
f 549//2312 457//1845 550//2313
f 446//2314 449//1888 500//2315
f 446//2316 500//2317 552//2318
f 538//2319 447//2320 446//1803
f 538//2321 446//1803 552//2322
f 553//2323 541//2324 538//2325
f 553//2326 538//2327 552//2318
f 500//2328 502//2329 553//2330
f 500//2331 553//2332 552//2333
f 543//2334 529//2335 548//2278
f 543//2334 548//2336 554//2337
f 549//2338 536//284 543//2339
f 549//1405 543//2340 554//2341
f 433//2342 438//2343 549//2344
f 433//2345 549//2346 554//2347
f 548//2348 434//1822 433//977
f 548//2349 433//1016 554//2350
f 545//2351 535//2299 551//2352
f 545//2353 551//2352 555//2354
f 537//2355 518//2263 545//2356
f 537//2211 545//2357 555//2358
f 442//2359 447//2360 537//2361
f 442//2362 537//2363 555//2364
f 551//2365 443//2366 442//2359
f 551//2367 442//2368 555//2369
f 540//2370 541//2324 556//2371
f 540//2226 556//2372 557//2373
f 558//2374 522//2375 540//2376
f 558//2377 540//2378 557//2379
f 559//2380 560//2381 558//2377
f 559//2382 558//2383 557//2384
f 556//2372 561//2385 559//2386
f 556//2387 559//2388 557//2389
f 501//2390 431//2391 562//2392
f 501//2393 562//2394 563//2395
f 564//2396 502//2397 501//2398
f 564//2399 501//2398 563//2400
f 565//2401 566//2402 564//2403
f 565//2404 564//2405 563//2406
f 562//2407 567//2408 565//2409
f 562//2410 565//2411 563//2406
f 553//2412 502//2397 568//2413
f 553//2414 568//2415 569//2416
f 570//2417 541//2418 553//2323
f 570//2419 553//2420 569//2416
f 571//2421 572//2422 570//2423
f 571//2424 570//2425 569//2426
f 568//2427 573//2428 571//2429
f 568//2430 571//2431 569//2432
f 430//2433 432//2434 574//2435
f 430//2436 574//2437 575//2438
f 576//2439 431//2440 430//2441
f 576//2442 430//2443 575//2444
f 577//2445 578//2446 576//2447
f 577//2448 576//2449 575//2450
f 574//2451 579//2452 577//2453
f 574//2451 577//2454 575//2455
f 521//2456 522//2457 580//2458
f 521//2459 580//2460 581//2461
f 582//2462 482//2463 521//2464
f 582//2465 521//2466 581//2467
f 583//2468 584//2469 582//2470
f 583//2471 582//2465 581//2472
f 580//2473 585//2474 583//2475
f 580//2476 583//2477 581//2478
f 481//2479 482//2463 586//2480
f 481//1964 586//2481 587//2482
f 588//2483 432//2484 481//1964
f 588//2485 481//2486 587//2487
f 589//2488 590//2489 588//2490
f 589//2491 588//2490 587//2492
f 586//2493 591//2494 589//2495
f 586//2496 589//2497 587//2498
f 285//2499 284//2500 453//1818
f 285//2501 453//2502 452//2503
f 284//2504 288//2505 456//2506
f 284//2507 456//2506 453//2508
f 288//1316 304//2509 471//2510
f 288//2511 471//2512 456//2513
f 304//2514 306//2515 474//2516
f 304//2517 474//2518 471//1904
f 326//2519 328//2520 496//2521
f 326//1403 496//2522 493//2523
f 306//2524 326//2525 493//2526
f 306//2524 493//2527 474//2528
f 340//2529 344//2530 512//2531
f 340//2532 512//2533 507//2534
f 328//1401 340//2535 507//2536
f 328//2537 507//2538 496//2539
f 358//2540 362//2541 530//2542
f 358//2543 530//2544 525//2545
f 344//1463 358//2546 525//2190
f 344//2530 525//2173 512//2547
f 379//2548 285//2549 452//2550
f 379//2551 452//2552 546//2553
f 362//1569 379//2554 546//2276
f 362//2555 546//2275 530//2556
f 390//2557 354//2558 522//2559
f 390//1640 522//2560 558//2561
f 391//2562 390//2563 558//2564
f 391//2565 558//2566 560//2567
f 393//2568 392//2569 559//2570
f 393//2571 559//2572 561//2573
f 392//2569 391//2574 560//2575
f 392//2576 560//2577 559//2578
f 389//2579 393//2580 561//2581
f 389//2582 561//2583 556//2584
f 373//2585 389//2586 556//2587
f 373//1602 556//2588 541//2228
f 405//2589 404//2590 571//2424
f 405//2591 571//2592 573//2593
f 404//2594 403//2595 572//2596
f 404//2597 572//2598 571//2599
f 395//2600 399//2601 567//2602
f 395//2603 567//2604 562//2407
f 262//2605 395//2606 562//2607
f 262//1225 562//2608 431//2609
f 401//1687 405//2610 573//2611
f 401//2612 573//2613 568//2614
f 333//2615 401//2616 568//2617
f 333//2615 568//2430 502//2618
f 410//1703 409//2619 578//2620
f 410//2621 578//2622 577//2623
f 411//2624 410//2625 577//2626
f 411//1704 577//2627 579//2628
f 408//2629 262//1695 431//2630
f 408//2631 431//2632 576//2633
f 409//2634 408//2635 576//2636
f 409//2637 576//2638 578//2639
f 407//2640 411//2641 579//2642
f 407//2643 579//2644 574//2645
f 264//2646 407//2647 574//2648
f 264//2649 574//2650 432//2651
f 417//2652 416//1721 583//2653
f 417//2654 583//2655 585//2656
f 416//2657 415//2658 584//2659
f 416//2660 584//2661 583//2475
f 414//2662 314//2663 482//2664
f 414//2665 482//2666 582//2667
f 415//2668 414//2669 582//2670
f 415//2671 582//2672 584//2673
f 413//2674 417//2675 585//2676
f 413//2677 585//2678 580//2679
f 354//2680 413//1726 580//2681
f 354//2682 580//2683 522//2684
f 422//2685 421//2686 590//2687
f 422//2688 590//2689 589//2690
f 423//2691 422//2692 589//2693
f 423//2694 589//2695 591//2696
f 420//2697 264//2698 432//2699
f 420//2700 432//2701 588//2702
f 421//2703 420//2704 588//2705
f 421//2706 588//2707 590//2708
f 419//2709 423//2710 591//2711
f 419//2712 591//2713 586//2714
f 314//1358 419//2715 586//2496
f 314//2716 586//2717 482//2141
f 396//2718 333//1671 502//2719
f 396//2720 502//2721 564//2722
f 397//2723 396//2724 564//2725
f 397//2726 564//2727 566//2728
f 398//2729 397//2730 566//2731
f 398//2732 566//2733 565//2401
f 399//2734 398//2735 565//2736
f 399//2737 565//2736 567//2738
f 402//2739 373//1546 541//2740
f 402//2741 541//2742 570//2743
f 403//2744 402//2745 570//2746
f 403//2747 570//2748 572//2749
