# Blender 4.2.3 LTS
# www.blender.org
mtllib carrot.mtl
o dynamic
v 515.908630 342.924927 -763.540649
v 513.819641 341.889557 -760.765869
v 515.239258 343.006348 -764.014221
v 434.832916 307.837280 -656.554626
v 436.132111 307.659607 -658.832581
v 437.912079 309.617950 -661.882568
v 520.087219 341.249634 -763.606628
v 519.589783 339.197449 -760.110229
v 515.745850 338.965790 -755.877563
v 518.721802 338.426544 -756.712708
v 517.772949 335.649353 -750.665344
v 503.246796 326.037598 -734.547974
v 506.682251 325.521393 -736.127197
v 503.330872 322.915039 -728.542358
v 479.315338 314.542908 -698.817261
v 481.559204 313.220978 -697.972534
v 478.598175 312.340576 -695.374451
v 467.645874 308.777344 -684.294373
v 465.089111 308.444122 -682.114441
v 464.080200 309.899536 -683.230164
v 512.367188 341.996155 -761.561768
v 514.569885 343.087891 -764.487671
v 434.767273 307.384766 -649.006958
v 439.250793 309.455078 -660.935547
v 438.425934 308.471649 -657.336121
v 509.590210 340.414612 -767.183960
v 513.025452 342.109192 -768.602173
v 499.485260 335.685974 -756.476807
v 495.750854 333.594666 -757.156006
v 500.782501 337.717438 -762.684509
v 482.700165 325.426239 -743.136719
v 489.128845 327.658051 -748.544617
v 488.887268 327.381592 -743.438660
v 457.944061 314.854584 -709.985352
v 459.564178 315.898285 -713.532104
v 461.906860 316.664948 -711.224792
v 451.112610 311.515503 -692.589417
v 449.258636 310.371124 -693.312988
v 450.529663 310.860748 -696.402466
v 430.617645 306.403870 -649.005493
v 431.816071 306.868896 -650.883484
v 432.004822 306.846558 -648.061890
v 433.428558 307.547638 -649.953857
v 438.324310 309.002411 -663.814575
v 443.253265 309.729370 -677.494812
v 444.814362 310.298035 -681.576233
v 448.519562 311.036713 -676.633179
v 454.440796 312.442230 -697.554810
v 458.320435 313.082306 -690.135864
v 456.413635 313.515137 -700.216064
v 459.080353 315.190887 -705.218384
v 468.559937 317.036102 -703.930176
v 471.257263 319.862427 -722.484497
v 473.006256 320.549835 -725.565186
v 478.268127 321.015015 -716.969177
v 467.332550 319.125793 -726.369995
v 468.748505 319.541992 -727.453674
v 469.343201 319.440765 -726.156494
v 475.441437 321.987518 -729.060059
v 487.633270 325.167755 -729.493286
v 480.890381 324.286255 -735.915955
v 504.488342 339.475830 -765.226990
v 506.571655 339.905518 -765.307800
v 507.092407 339.682648 -761.264221
v 506.703979 339.189301 -754.039185
v 508.830139 339.863647 -762.049988
v 513.465393 343.251526 -766.156006
v 433.207489 306.699524 -649.899109
v 431.689697 306.347687 -648.295593
v 433.343506 306.683655 -647.114868
v 441.956238 309.548492 -660.862793
v 455.463440 309.002716 -674.071960
v 452.134857 308.651978 -671.242249
v 449.858215 310.873779 -675.686157
v 468.081787 310.783295 -687.952393
v 459.659088 312.919312 -689.188782
v 469.859344 311.895813 -690.767944
v 489.661469 318.524323 -713.838318
v 487.181763 317.866302 -711.001099
v 479.606842 320.852112 -716.022217
v 492.205261 316.686798 -710.860107
v 491.579559 316.174347 -709.217468
v 490.787537 316.830566 -710.986511
v 492.570221 320.004364 -717.303528
v 497.878235 322.138885 -723.590515
v 488.971924 325.004822 -728.546204
v 519.243774 337.679749 -754.788879
v 512.291565 333.811951 -746.785645
v 508.042603 339.026337 -753.092102
v 516.185120 339.459442 -758.193726
v 517.846008 342.718231 -763.057251
v 473.804993 313.425690 -694.936890
v 469.898621 316.873077 -702.983276
v 486.791412 327.882172 -748.363281
v 488.719604 328.902405 -750.144836
v 488.959259 328.879211 -750.157715
v 489.098419 328.863159 -750.085938
v 508.324768 326.522888 -736.485046
v 508.438843 326.508179 -736.377563
v 508.507263 326.493805 -736.146851
v 507.296814 325.386169 -733.857666
v 507.373291 339.107849 -753.565674
v 513.558289 331.427094 -744.558899
v 499.316620 320.834167 -723.278259
v 474.807434 311.775299 -692.848938
v 470.196259 309.495148 -687.742004
v 437.751434 307.481995 -654.490173
v 478.734833 323.339417 -737.837952
v 456.707886 313.978394 -705.652832
v 453.048157 311.582520 -699.872681
v 509.616638 340.683319 -767.175110
v 506.598083 340.174103 -765.298950
v 495.777283 333.863373 -757.147217
v 491.796051 329.696472 -752.374512
v 491.822510 329.965088 -752.365601
v 489.155273 327.926727 -748.535767
v 478.761261 323.608093 -737.829163
v 474.655853 321.512756 -732.331848
v 474.682343 321.781494 -732.323059
v 471.592438 319.692566 -727.898438
v 471.618866 319.961304 -727.889648
v 469.627441 318.819611 -723.929382
v 469.653900 319.088226 -723.920532
v 456.734283 314.247101 -705.643860
v 455.724945 312.970001 -703.258850
v 455.751434 313.238678 -703.250183
v 453.074677 311.851105 -699.863708
v 442.719757 309.763306 -683.420349
v 442.693329 309.494568 -683.429138
v 440.498413 308.658966 -677.459473
v 440.524841 308.927551 -677.450562
v 437.986145 308.366241 -670.793518
v 438.012665 308.634888 -670.784607
v 434.859375 308.105957 -656.545837
v 432.700592 307.033813 -647.579529
v 432.674164 306.765106 -647.588440
v 433.369934 306.952271 -647.106018
v 458.989777 313.000763 -689.662415
v 469.229279 316.954559 -703.456787
v 478.937500 320.933594 -716.495728
v 488.302643 325.086304 -729.019836
v 496.969635 331.173737 -741.657898
v 497.639008 331.092255 -741.184326
v 449.188904 310.955231 -676.159668
v 438.581421 309.536499 -661.409058
v 434.097931 307.466187 -649.480408
v 424.295349 305.857544 -635.899902
v 423.510193 305.707306 -636.382629
v 432.031250 307.115295 -648.053040
v 422.459839 304.986420 -637.299927
v 430.644104 306.672516 -648.996765
v 445.327911 310.307861 -690.030457
v 447.168457 310.573334 -693.208130
v 447.613556 310.544556 -693.664062
v 447.996857 310.510773 -693.783936
v 461.763367 316.609283 -718.134949
v 464.697815 318.348816 -723.176392
v 493.577942 330.496277 -749.401672
v 498.308350 331.010742 -740.710938
v 425.016449 305.722656 -635.375793
v 431.716125 306.616394 -648.286743
v 425.973785 304.632477 -634.679016
v 447.346313 307.226837 -664.172058
v 452.813782 307.159851 -668.747498
v 465.692474 308.318573 -680.104187
v 463.271545 308.123749 -677.336975
v 457.819946 307.653381 -672.728455
v 465.954956 308.324829 -681.080322
v 465.971130 308.310059 -680.677795
v 489.315674 315.352295 -705.761475
v 485.267700 313.748352 -701.507751
v 488.517303 316.520233 -710.566467
v 495.186951 319.013702 -717.808044
v 507.259155 328.836639 -739.896606
v 509.732483 327.513214 -739.686096
v 491.734924 317.240845 -713.649475
v 472.724670 310.900757 -691.233154
v 431.844696 306.526337 -648.147400
v 426.046906 304.549805 -634.762451
v 486.817841 328.150940 -748.354492
v 482.726624 325.695007 -743.127869
v 488.746033 329.171143 -750.135986
v 488.985687 329.147888 -750.148865
v 489.124908 329.131927 -750.077148
v 508.351196 326.791595 -736.476196
v 506.708679 325.790100 -736.118347
v 508.465332 326.776764 -736.368774
v 508.533691 326.762543 -736.138062
v 507.323242 325.654877 -733.848816
v 503.357330 323.183777 -728.533447
v 515.934998 343.193634 -763.531921
v 515.265686 343.275085 -764.005371
v 431.842499 307.137543 -650.874634
v 519.616272 339.466156 -760.101318
v 520.113708 341.518341 -763.597839
v 513.584717 331.695740 -744.550110
v 517.799377 335.918030 -750.656494
v 499.343079 321.102875 -723.269409
v 478.624634 312.609253 -695.365601
v 481.585663 313.489685 -697.963684
v 474.833893 312.044006 -692.840088
v 467.672272 309.046082 -684.285461
v 470.222717 309.763824 -687.733154
v 465.115601 308.712830 -682.105591
v 514.596313 343.356598 -764.478943
v 433.233978 306.968140 -649.890259
v 437.777893 307.750732 -654.481323
v 513.051941 342.377869 -768.593384
v 500.809021 337.986145 -762.675720
v 457.970520 315.123322 -709.976562
v 459.590607 316.167023 -713.523254
v 450.556152 311.129486 -696.393555
v 449.285095 310.639709 -693.304199
v 445.354340 310.576599 -690.021729
v 447.194946 310.842102 -693.199341
v 447.640015 310.813293 -693.655273
v 448.023376 310.779449 -693.775085
v 461.789795 316.877991 -718.126160
v 464.724335 318.617462 -723.167542
v 468.774902 319.810669 -727.444824
v 467.358948 319.394409 -726.361145
v 469.369568 319.709473 -726.147583
v 504.514771 339.744537 -765.218140
v 513.491760 343.520233 -766.147156
v 447.372803 307.495605 -664.163208
v 452.840179 307.428558 -668.738525
v 463.298004 308.392426 -677.328125
v 465.718842 308.587280 -680.095337
v 457.846405 307.922058 -672.719604
v 465.981354 308.593597 -681.071411
v 465.997620 308.578766 -680.669006
v 485.294128 314.017029 -701.498901
v 489.342133 315.621002 -705.752686
v 492.231689 316.955505 -710.851318
v 490.814026 317.099182 -710.977661
v 491.605988 316.443085 -709.208557
v 488.543732 316.788849 -710.557678
v 495.213379 319.282379 -717.799194
v 509.758911 327.781799 -739.677307
v 519.270264 337.948486 -754.779968
v 518.748291 338.695160 -756.703796
v 517.872437 342.986969 -763.048340
v 491.761414 317.509460 -713.640503
v 472.751160 311.169464 -691.224304
v 342.625031 307.834564 -475.538513
v 342.720032 306.830322 -475.480255
v 334.105255 308.204773 -467.012390
v 325.141876 308.175781 -485.691345
v 325.046844 309.180054 -485.749603
v 322.153442 309.793823 -473.957245
v 317.919037 309.620056 -454.983704
v 318.468384 309.577271 -453.726288
v 317.974609 309.419403 -454.942291
v 325.339050 310.132812 -485.582855
v 346.623535 295.770477 -517.718750
v 353.798279 293.994995 -532.351868
v 344.807220 296.672668 -518.934937
v 319.169067 308.712402 -454.220703
v 318.967468 308.648926 -454.328949
v 351.583679 295.193298 -533.819031
v 342.427856 305.877533 -475.647003
v 317.927185 309.821594 -454.930908
v 317.986664 310.018829 -454.848328
v 318.029144 310.158966 -454.775421
v 318.810791 308.608307 -454.411255
v 318.702606 308.622681 -454.474121
v 318.565521 308.702362 -454.562500
v 318.389252 308.816071 -454.673828
v 318.216309 308.987427 -454.783325
v 318.072205 309.199921 -454.876251
v 319.378845 308.832855 -454.107819
v 319.568756 309.000946 -454.006653
v 319.714874 309.188019 -453.931061
v 318.802673 310.540405 -454.181427
v 318.520844 310.513306 -454.393555
v 318.846283 310.541199 -454.156097
v 318.888489 310.528992 -454.131561
v 319.199158 310.423126 -453.999420
v 319.486206 310.216400 -453.880859
v 319.690918 309.938019 -453.809814
v 319.746185 309.784882 -453.825928
v 318.242035 310.381805 -454.603790
v 319.806580 309.571716 -453.838837
v 319.816254 309.367828 -453.881287
v 416.191986 314.997192 -654.345581
v 414.639526 312.869446 -655.335999
v 421.331268 311.016388 -659.575500
v 422.559418 312.699646 -658.791931
v 413.482086 310.704620 -656.097046
v 420.588226 309.286041 -660.072449
v 372.139862 324.109985 -551.751709
v 380.431519 324.066193 -566.031372
v 384.283142 323.554108 -563.793335
v 375.991486 323.597900 -549.513672
v 395.570190 322.837891 -574.397949
v 388.134796 323.041992 -561.555237
v 391.718536 323.350006 -576.636047
v 400.591583 322.646545 -583.083374
v 396.739929 323.158661 -585.321472
v 343.246399 320.600769 -499.913788
v 351.084930 322.335754 -514.620728
v 354.378326 321.897888 -512.707092
v 345.847809 320.254913 -498.402191
v 420.057800 306.538300 -660.466125
v 412.381714 307.269135 -656.725403
v 412.769928 303.635712 -656.488831
v 419.852356 303.712036 -660.487366
v 413.118530 301.072876 -656.061584
v 420.128113 301.684723 -660.149414
v 414.434723 296.822968 -655.067444
v 421.169342 298.322723 -659.362976
v 416.338379 293.172638 -653.733948
v 422.675171 295.435181 -658.308105
v 417.799896 290.822754 -652.661133
v 423.831299 293.576294 -657.459473
v 435.666229 320.578613 -642.672607
v 430.455475 321.115509 -633.920288
v 426.248627 322.017792 -636.365906
v 431.363861 321.990906 -645.175171
v 348.449127 319.909027 -496.890656
v 341.211151 318.353485 -486.511292
v 339.347687 318.601257 -487.594086
v 417.298279 321.978058 -611.675293
v 410.608734 322.334717 -600.393982
v 406.757080 322.846832 -602.632080
v 413.312561 322.507996 -613.991272
v 358.847382 323.393799 -529.039734
v 365.074554 323.817688 -539.659363
v 368.926178 323.305603 -537.421326
v 362.699005 322.881714 -526.801697
v 424.670532 321.617188 -624.121521
v 420.546051 322.165558 -626.518127
v 379.843140 323.085785 -547.275574
v 372.777832 322.793488 -535.183228
v 405.975006 322.511261 -592.379089
v 402.123352 323.023376 -594.617188
v 392.888306 323.670746 -587.559509
v 398.271729 323.535461 -596.855225
v 328.866211 310.305908 -495.115723
v 329.358093 312.036774 -494.591949
v 325.622345 311.630768 -485.046631
v 356.448273 317.863586 -545.259399
v 350.693329 317.612122 -534.435913
v 349.434052 315.587067 -535.387329
v 355.031464 315.781067 -546.278809
v 420.352386 319.030853 -651.751099
v 415.442566 319.361908 -642.822205
v 412.697968 317.027802 -644.503662
v 417.622833 316.777527 -653.424622
v 370.121796 315.847626 -572.899292
v 362.019409 315.876129 -558.687622
v 360.472076 313.395508 -559.849609
v 368.527191 313.370850 -574.044373
v 426.894348 321.744873 -647.769653
v 421.973450 322.243225 -638.848938
v 418.690063 321.123199 -640.846985
v 423.603760 320.708710 -649.772766
v 416.694366 322.677643 -628.756165
v 413.660767 321.445679 -630.575806
v 409.605743 312.968323 -646.476624
v 404.156342 313.031128 -636.315979
v 402.761383 310.730499 -637.078552
v 408.382263 310.729401 -647.275085
v 377.486298 315.754761 -585.611328
v 375.873901 313.305695 -586.723755
v 433.510834 319.152710 -632.235107
v 438.745758 318.695496 -640.974182
v 441.659515 316.197968 -639.370178
v 436.403717 316.575012 -630.642334
v 443.950745 313.277100 -638.126282
v 438.692993 313.571625 -629.398743
v 445.071716 311.157501 -637.564453
v 439.852844 311.363892 -628.813416
v 384.154205 317.742920 -593.437927
v 378.987427 317.854980 -584.562500
v 382.701508 315.669159 -594.549988
v 409.976837 319.663452 -632.771240
v 407.258789 317.246887 -634.403870
v 366.039948 320.632751 -555.825378
v 374.236969 320.596588 -570.071045
v 377.320862 322.651459 -568.059937
v 369.076508 322.691437 -553.797241
v 337.484161 318.848999 -488.676941
v 335.129120 318.210876 -490.285889
v 340.722473 319.699097 -501.601410
v 353.503479 313.349670 -547.361633
v 359.013336 320.439056 -543.574707
v 363.455566 318.007965 -557.589050
v 403.009583 319.875946 -620.236450
v 400.335480 317.406250 -621.916992
v 409.326874 323.037903 -616.307251
v 406.153229 321.777161 -618.281494
v 392.098724 320.202789 -600.745667
v 386.755157 320.309631 -591.660400
v 389.477753 317.650299 -602.417725
v 420.360077 288.745148 -650.951294
v 423.094025 287.164062 -649.141907
v 428.019287 290.682129 -654.675659
v 425.856598 291.932831 -656.106812
v 388.005096 315.590698 -603.424683
v 411.211212 315.171936 -645.456177
v 405.765839 315.313110 -635.326599
v 402.905457 323.358917 -604.870117
v 399.848358 322.037201 -606.882019
v 381.636841 320.448059 -582.848450
v 389.808350 322.310242 -589.618713
v 384.738525 322.475159 -580.869995
v 390.074799 310.714172 -613.726685
v 385.184387 310.743317 -605.363831
v 384.174622 307.295776 -605.939514
v 389.065094 307.266602 -614.302307
v 326.252930 313.098053 -484.308838
v 322.579620 312.306061 -473.104218
v 322.205078 311.063507 -473.624542
v 343.265137 317.030823 -519.836548
v 342.117279 315.164642 -520.727966
v 428.422455 317.217682 -655.174622
v 431.025513 318.037384 -653.590088
v 359.271912 310.884186 -560.809998
v 367.279602 310.863342 -574.987732
v 396.817932 320.075348 -608.876404
v 394.239807 317.547424 -610.606628
v 332.705841 317.278259 -479.069702
v 330.559357 316.873169 -480.691040
v 353.101013 320.130127 -532.819275
v 362.030579 322.448456 -541.625854
v 355.960846 322.081940 -530.938232
v 395.171814 322.189178 -598.809143
v 398.847534 315.424500 -622.910339
v 397.263184 313.119781 -623.957031
v 392.809937 315.512482 -611.671509
v 339.946045 310.704071 -522.436157
v 340.858002 312.949707 -521.682800
v 334.275513 312.470917 -506.222046
v 333.614716 310.476532 -506.824402
v 371.605255 317.975647 -571.817871
v 348.063385 313.213226 -536.402405
v 401.706146 307.289093 -637.682800
v 407.306427 307.290649 -647.889221
v 391.268738 313.128601 -612.799927
v 396.002991 310.731781 -624.818420
v 442.705627 313.649414 -646.945679
v 444.518005 311.338898 -645.961670
v 348.309753 321.182892 -516.459045
v 346.056458 307.928009 -537.777893
v 339.591888 307.992706 -522.633484
v 339.397583 305.260101 -522.737915
v 346.380341 304.873505 -537.580444
v 328.394684 308.801453 -495.384918
v 407.670105 303.660492 -647.666870
v 379.920776 310.793335 -596.699707
v 378.911041 307.345795 -597.275452
v 427.419128 285.976593 -646.626892
v 431.440674 289.742676 -652.686096
v 330.924805 315.088348 -493.204590
v 326.772095 314.216431 -483.634460
v 330.197052 313.736938 -493.866486
v 387.866913 323.862091 -578.874084
v 384.472229 303.674408 -605.755615
v 389.362640 303.645264 -614.118469
v 374.614288 310.822693 -587.585510
v 366.269897 307.415802 -575.563477
v 373.598877 307.378448 -588.210266
v 352.322632 310.887695 -548.242981
v 351.342316 307.731995 -548.802429
v 358.278107 307.595001 -561.376953
v 351.669281 304.402466 -548.602417
v 358.591675 304.132111 -561.184265
v 431.865906 285.997803 -644.044861
v 434.958344 289.759552 -650.643555
v 336.180206 316.049561 -504.677307
v 335.283478 314.434570 -505.417908
v 328.439667 315.827881 -482.294952
v 324.188507 314.593140 -471.563812
v 322.847137 313.188568 -472.645020
v 345.561432 319.389893 -518.280029
v 338.225250 318.157440 -503.271484
v 386.421143 313.182312 -604.495117
v 381.137573 313.246552 -595.725708
v 366.567444 303.794434 -575.379517
v 333.077972 308.325043 -507.129456
v 333.172729 306.089539 -507.067566
v 348.843781 304.515564 -483.497772
v 349.315308 306.020020 -483.228577
v 441.547607 292.926056 -647.341919
v 439.905304 291.439178 -648.119385
v 438.119568 288.121155 -640.854004
v 440.195709 290.000732 -639.871155
v 347.039948 310.808655 -537.215698
v 332.800903 316.932648 -491.877411
v 328.554626 307.213104 -495.287170
v 440.400635 315.625122 -648.214478
v 356.527954 302.984344 -493.496582
v 357.064697 305.135895 -493.191559
v 427.663422 309.050079 -606.293823
v 434.951172 308.936798 -618.422058
v 435.771881 306.344635 -617.952454
v 428.519653 306.408508 -605.924011
v 394.970490 307.287262 -625.407349
v 395.290833 303.662872 -625.210205
v 421.825226 306.492798 -595.277466
v 428.839996 302.784149 -605.726807
v 422.122742 302.871429 -595.093567
v 379.208618 303.724426 -597.091492
v 417.283905 302.893738 -586.700745
v 416.986298 306.515076 -586.884705
v 373.896484 303.757080 -588.026306
v 405.934601 309.308960 -569.256409
v 411.138031 309.257843 -578.293335
v 412.070709 306.518829 -578.018372
v 406.830811 306.541901 -568.911255
v 334.937988 316.981476 -477.772675
v 333.852844 317.436432 -478.404175
v 366.550659 322.369598 -524.563599
v 357.671631 321.460022 -510.793396
v 385.555481 318.038055 -544.485535
v 393.864502 317.987000 -558.666077
v 396.099945 314.718964 -557.584717
v 387.782135 314.773621 -543.453613
v 432.663086 313.869263 -619.642212
v 433.784973 311.587830 -619.045532
v 435.035034 299.281403 -618.401611
v 441.174377 299.205933 -628.198608
v 439.962341 296.885162 -628.731262
v 433.941711 296.978180 -618.815369
v 382.775940 320.870026 -545.836914
v 375.643250 320.638580 -533.715942
v 427.637299 319.587433 -622.454468
v 430.444366 316.942200 -620.878174
v 369.294250 320.309204 -523.190552
v 378.355377 317.867432 -532.335632
v 371.884552 317.632751 -521.904724
v 423.052002 317.211212 -608.590454
v 425.280396 314.089691 -607.422241
v 418.114197 287.171844 -640.231934
v 422.294373 286.003662 -637.801147
v 333.466675 307.072113 -467.325653
v 341.509033 304.461273 -476.092377
v 340.420166 303.364838 -476.637573
v 332.546417 305.893250 -467.802216
v 428.908783 290.310669 -621.281372
v 434.949280 290.044525 -631.125244
v 432.840759 288.169006 -632.123901
v 426.836792 288.498199 -622.260986
v 435.027954 286.794983 -642.428223
v 429.751678 286.842377 -633.693481
v 338.932068 302.331635 -477.414795
v 331.350250 304.835236 -468.439453
v 441.059174 308.786438 -628.200012
v 441.834045 306.178040 -627.781738
v 426.596222 286.044128 -635.303284
v 435.957703 302.739319 -617.854919
v 397.969513 289.889313 -573.162659
v 403.200104 289.577911 -582.263733
v 400.259033 288.528625 -583.754761
v 395.030762 288.912170 -574.655396
v 420.724701 286.491577 -625.368042
v 423.812317 287.230865 -623.795288
v 420.936340 309.184204 -595.561035
v 337.305939 301.590454 -478.273102
v 330.028442 304.075775 -469.150513
v 427.807495 299.339600 -606.315796
v 426.676239 297.086365 -606.747192
v 416.131622 309.232147 -587.231262
v 374.926331 298.734894 -520.808472
v 381.718140 298.390656 -530.944031
v 379.472046 295.387878 -532.047302
v 372.717072 295.947906 -521.905212
v 344.948120 300.280548 -485.430542
v 346.604126 301.350372 -484.577637
v 343.154114 299.502625 -486.364441
v 413.538940 286.814911 -613.251404
v 416.591339 287.513824 -611.699707
v 419.584503 288.740112 -610.183960
v 410.241669 291.005646 -590.110779
v 405.254547 291.163483 -581.289001
v 407.929016 293.908295 -579.957886
v 412.892273 293.801758 -588.794434
v 370.333984 293.861786 -523.104919
v 376.921356 293.103333 -533.329712
v 374.990814 291.977905 -534.255615
v 368.571045 292.934814 -523.948181
v 442.001923 302.677704 -627.728760
v 421.113068 299.423889 -595.669250
v 419.988892 297.237671 -596.098572
v 416.274139 299.446167 -587.276489
v 415.153625 297.327362 -587.706421
v 350.379059 297.342743 -496.536438
v 348.478912 296.833557 -497.509888
v 341.644165 299.005585 -487.134216
v 407.138489 287.267365 -602.445496
v 410.114899 287.908447 -600.936035
v 397.640594 297.626007 -557.111511
v 404.976532 297.477570 -569.749329
v 402.693695 294.075470 -570.853760
v 395.372498 294.332245 -558.212219
v 352.330902 298.200928 -495.534088
v 353.965973 299.591888 -494.717194
v 411.358551 299.449921 -578.410156
v 410.214142 297.382446 -578.854980
v 402.320984 287.694366 -594.057068
v 405.293854 288.268005 -592.546814
v 415.069824 290.780914 -598.501343
v 417.724030 293.644531 -597.185791
v 413.035736 289.076599 -599.460449
v 431.636108 293.277527 -619.924805
v 424.370026 293.430939 -607.856628
v 361.477875 295.675415 -509.410767
v 359.322113 294.742828 -510.500793
v 406.118652 299.472992 -569.303040
v 421.658569 290.507141 -609.203552
v 397.262329 288.006378 -585.279907
v 357.238251 294.359192 -511.550903
v 398.767975 299.513214 -556.668762
v 392.036377 288.462006 -576.181946
v 408.211090 289.368622 -591.070557
v 390.456085 299.895569 -542.668823
v 389.342438 297.832550 -543.109924
v 384.773926 289.151794 -563.525696
v 387.753601 289.493713 -562.002808
v 347.723145 302.725677 -484.037567
v 363.472290 297.278137 -508.416504
v 376.703674 290.062866 -549.428650
v 379.637787 290.263916 -547.924866
v 383.013458 300.235107 -530.389282
v 384.508026 292.256195 -545.501526
v 382.516266 290.991852 -546.454895
v 437.450226 293.173309 -629.911255
v 390.677673 290.362610 -560.513794
v 376.170685 300.912720 -520.270203
v 369.601379 290.968903 -536.998535
v 372.173584 291.388824 -535.697937
v 392.714996 291.767792 -559.541199
v 363.648865 292.303131 -526.449158
v 366.024475 292.369476 -525.247620
v 366.840973 301.611359 -506.791382
v 365.427399 299.508667 -507.446838
v 355.457092 294.110168 -512.425537
v 387.119904 294.679657 -544.191589
v 400.021576 291.402863 -572.186401
v 355.242767 301.047424 -494.108551
v 348.171906 295.078766 -516.658691
v 355.945587 293.327332 -530.925293
v 346.463715 296.885773 -498.551819
v 339.733124 298.965515 -488.138275
v 335.731415 301.198273 -479.102509
v 367.195129 304.322723 -506.594055
v 376.708557 306.864075 -519.976196
v 383.666809 306.720337 -530.029846
v 383.993713 303.390839 -529.829712
v 377.093292 303.801514 -519.743347
v 412.368286 302.897491 -577.834473
v 399.777679 302.960785 -556.093140
v 407.128387 302.920532 -568.727295
v 399.480133 306.582123 -556.276978
v 391.136322 306.647644 -542.294556
v 391.449890 303.184631 -542.101868
v 420.253418 319.902527 -610.088318
v 413.528748 320.218323 -598.932739
v 342.324341 309.410156 -475.341614
v 348.811890 309.450287 -483.287964
v 349.155365 307.608368 -483.326324
v 404.694244 312.137299 -569.801575
v 409.861267 312.058136 -578.768250
v 397.315308 312.232117 -557.097961
v 398.569763 309.376526 -556.587585
v 380.514709 314.663818 -531.275146
v 388.988922 312.290405 -543.016479
v 381.654114 312.241455 -530.809204
v 446.308197 299.176636 -637.000793
v 447.408569 302.612122 -636.372375
v 442.960815 293.030273 -638.491760
v 412.475677 287.588318 -630.161255
v 416.539337 286.435608 -627.798157
v 447.400391 306.195007 -636.388184
v 401.271637 317.837524 -571.439270
v 406.365845 317.702301 -580.265259
v 408.623535 314.489594 -579.219543
v 403.492889 314.596863 -570.323120
v 390.234680 309.438416 -542.555481
v 382.832458 309.450226 -530.319458
v 356.530365 309.512024 -493.290405
v 356.969910 307.371338 -493.253418
v 426.451172 311.754456 -606.870728
v 391.076263 320.822601 -560.067078
v 367.389435 307.055328 -506.489624
v 446.242035 308.667755 -636.972778
v 416.295471 317.485718 -597.558594
v 418.509369 314.320740 -596.504272
v 419.703339 311.936859 -596.044556
v 408.860870 320.369141 -590.854858
v 411.593384 317.610870 -589.417908
v 413.773071 314.420105 -588.300476
v 414.932861 312.010529 -587.777771
v 403.555389 320.482513 -581.630737
v 351.794556 294.396057 -514.553101
v 341.098145 297.599152 -501.669586
v 343.761475 297.048889 -500.121429
v 398.497559 320.645813 -572.875000
v 360.341827 319.583160 -509.467590
v 335.778381 299.491302 -490.436249
v 337.736298 299.034851 -489.297943
v 341.073883 312.314941 -475.324127
v 347.475677 312.887817 -483.587402
v 348.124268 311.353424 -483.449524
v 341.679688 311.046997 -475.344818
v 327.720428 315.591644 -468.902802
v 325.945221 315.421356 -470.239685
v 331.574677 301.254547 -481.432526
v 332.947052 300.876007 -480.634491
v 374.939606 312.195984 -520.566833
v 375.996155 309.499420 -520.171570
v 337.269775 315.980988 -476.791809
v 343.585754 317.086517 -485.371979
v 345.807098 315.203491 -484.319916
v 339.448242 314.364227 -475.898193
v 365.767120 312.020264 -506.985779
v 366.750305 309.507202 -506.637573
v 373.922058 314.523743 -520.938416
v 362.858765 317.090118 -508.229065
v 364.822906 314.164612 -507.309998
v 355.746643 311.713898 -493.527405
v 350.919830 318.343292 -495.676025
v 353.237244 316.161499 -494.548462
v 355.001892 313.547119 -493.740631
v 445.273193 296.797760 -637.377502
v 362.351013 295.202087 -558.376282
v 355.689087 295.926270 -545.667114
v 357.180481 294.345886 -544.604614
v 363.867950 293.471252 -557.290833
v 350.203949 296.538177 -534.801880
v 343.030060 298.128082 -520.130249
v 348.450989 299.174103 -536.005493
v 353.824493 298.797852 -546.950317
v 352.399170 302.288757 -547.980408
v 347.006439 302.446991 -537.031860
v 379.728699 301.435638 -596.569153
v 384.958160 301.342010 -605.252075
v 412.834473 290.828949 -643.748901
v 415.389404 288.751923 -642.038940
v 409.428497 296.834961 -646.184937
v 411.343170 293.183014 -644.842041
v 407.297882 291.096008 -633.614441
v 409.803528 289.093414 -631.935364
v 405.827942 293.379395 -634.692932
v 391.141113 297.178864 -612.632324
v 386.274994 297.340668 -604.260925
v 388.115906 293.947388 -602.967346
v 392.969818 293.719238 -611.342957
v 400.439392 291.285553 -621.308594
v 402.922180 289.331207 -619.642456
v 408.084015 301.088806 -647.198669
v 389.836456 301.246582 -613.619202
v 324.026459 305.808960 -472.695068
v 327.624847 303.834991 -483.985077
v 326.453278 305.221802 -484.753326
v 323.118652 307.146729 -473.280396
v 405.567535 287.874756 -617.883362
v 325.115875 304.728943 -472.005066
v 328.988922 302.696259 -483.105865
v 398.958832 293.525177 -622.393677
v 394.425415 291.550934 -610.274292
v 396.850861 289.671967 -608.643372
v 397.087769 297.058258 -623.709534
v 399.435211 288.291565 -606.921631
v 395.756653 301.197296 -624.713623
v 375.796295 297.651611 -586.483032
v 381.079742 297.478027 -595.559204
v 374.430969 301.538757 -587.498413
v 389.583649 291.845245 -601.894409
v 392.021179 290.032684 -600.259155
v 403.949493 296.958588 -636.012695
v 394.617706 288.718567 -598.533203
v 402.627533 301.141571 -637.011047
v 402.206299 303.646332 -637.481201
v 384.456665 292.069946 -593.154968
v 386.928375 290.300995 -591.500793
v 389.559052 289.030579 -589.756042
v 379.201965 292.384552 -584.067932
v 381.688080 290.686157 -582.408447
v 382.954803 294.128357 -594.246704
v 384.333099 289.486206 -580.658081
v 329.199310 305.188507 -494.801178
v 333.928772 303.881226 -506.493469
v 334.772400 302.143768 -505.869934
v 341.543182 300.193726 -521.158813
v 340.219482 302.860199 -522.094421
v 377.685730 294.372528 -585.165100
v 374.414551 291.267212 -569.753723
v 377.070648 290.175995 -568.001831
v 332.735504 300.887848 -492.418365
v 337.597260 299.042145 -503.963562
v 335.977661 300.375183 -505.036438
v 331.233978 302.103912 -493.399414
v 371.917358 292.856903 -571.414795
v 370.390015 294.736023 -572.513550
v 366.354736 292.029968 -555.643250
v 369.000397 291.087067 -553.904785
v 368.489471 297.906494 -573.833130
v 360.460938 298.224121 -559.682251
v 359.094849 301.854126 -560.685852
v 367.113037 301.684814 -574.850159
v 359.641754 293.054993 -542.979797
v 361.898102 291.993103 -541.474670
v 329.924896 303.567963 -494.269440
v 328.758270 303.675842 -469.832764
v 334.358307 300.884460 -479.815033
v 409.492401 286.740479 -615.600891
v 327.771393 303.420380 -470.350800
v 339.235901 298.062469 -502.880707
v 334.016266 300.019684 -491.566559
v 325.683044 306.565430 -485.288391
v 330.372070 301.910828 -482.216644
v 327.090088 303.510956 -470.746674
v 326.226624 304.012421 -471.303833
v 322.503571 308.529724 -473.695984
v 319.407776 311.330902 -454.941742
v 319.484711 311.308563 -454.897034
v 318.574615 308.185791 -455.885559
v 318.259369 308.498352 -456.085297
v 320.724976 308.522797 -454.669403
v 320.378784 308.216583 -454.853790
v 327.994781 315.596954 -468.743500
v 319.244568 307.820221 -455.464172
v 319.343109 307.807098 -455.406891
v 327.430786 303.465668 -470.548706
v 317.996735 308.885529 -456.254700
v 320.991272 308.863983 -454.531464
v 319.145935 307.833313 -455.521484
v 319.628723 307.881073 -455.256927
v 318.896057 307.978485 -455.682678
v 319.996277 307.996765 -455.059479
v 317.818634 309.285797 -456.374969
v 321.176086 309.191742 -454.440796
v 317.717346 309.651611 -456.450562
v 319.328400 311.329346 -454.987854
v 403.226013 287.175110 -604.717102
v 321.158508 309.563477 -454.363373
v 317.732269 310.019012 -456.354248
v 398.408478 287.602020 -596.328674
v 393.349854 287.914154 -587.551514
v 388.123901 288.369659 -578.453552
v 380.861420 289.059479 -565.797302
v 372.791199 289.970581 -551.700256
v 365.716156 291.147278 -539.255127
v 359.763672 292.481537 -528.705750
v 434.578461 318.403595 -651.528198
v 321.048401 309.952118 -454.339813
v 317.840668 310.378601 -456.203735
v 320.947723 310.231201 -454.310364
v 334.044525 309.489380 -466.744995
v 333.663940 310.832336 -466.663452
v 333.316101 311.796661 -466.561829
v 317.918091 310.634003 -456.070770
v 328.260742 315.519806 -468.588837
v 332.026550 313.551025 -467.009369
v 330.218079 314.853271 -467.756866
v 320.574554 310.738861 -454.439941
v 318.306274 311.040436 -455.757965
v 320.051178 311.115692 -454.656250
v 318.814636 311.280090 -455.374756
v 318.756744 308.615509 -454.442657
v 437.459656 290.390137 -649.364624
v 446.382904 300.184662 -645.071289
v 445.564178 298.302856 -645.369324
v 447.253387 302.902313 -644.574219
v 446.946259 305.776520 -644.761353
v 446.330566 307.692596 -645.049133
v 445.404785 309.662231 -645.517212
v 443.734955 295.322510 -646.250793
v 437.964569 317.114807 -649.557983
v 425.850525 315.890381 -656.739624
v 423.691254 314.107910 -658.063477
v 543.480042 287.331207 -742.028625
v 540.615662 287.772736 -739.852600
v 543.693665 288.117615 -741.906982
v 439.533783 305.627563 -656.255920
v 441.859283 303.787109 -658.784363
v 433.169891 304.777069 -649.923523
v 543.480042 287.331207 -742.028625
v 543.029846 284.268677 -745.298279
v 539.255005 283.220856 -744.142212
v 535.808655 284.165070 -739.672791
v 536.466309 282.274017 -742.088562
v 530.522827 280.379944 -739.584534
v 510.607788 285.629974 -727.794922
v 511.815125 283.754120 -730.891174
v 504.621674 282.978668 -726.073608
v 475.737671 288.510437 -700.275818
v 474.643860 286.480377 -701.751709
v 471.834381 287.701691 -699.123230
v 460.330627 291.495514 -688.697876
v 458.275757 292.498596 -686.213623
v 459.876587 293.632111 -685.483093
v 540.886902 289.369568 -739.490845
v 543.907349 288.903961 -741.785339
v 432.742676 303.204224 -650.166809
v 441.432007 302.214386 -659.027588
v 438.366150 301.166748 -657.001343
v 542.446350 294.969330 -742.325195
v 545.283569 292.565521 -744.015076
v 530.420288 298.499298 -733.268311
v 528.459900 302.348206 -732.915955
v 535.945190 300.341827 -736.497192
v 511.205933 307.217560 -722.324768
v 517.417175 304.377441 -727.701477
v 514.122986 301.904877 -724.661804
v 478.426086 311.968079 -695.370178
v 481.663483 312.322174 -697.755005
v 481.350891 309.012329 -697.166443
v 464.154633 308.959320 -683.216492
v 463.327972 311.097717 -683.337036
v 465.793274 311.605225 -685.587646
v 431.163666 306.808716 -648.524780
v 432.876190 306.733887 -650.021606
v 431.220673 305.076721 -648.437195
v 442.967957 306.601013 -660.351379
v 452.260620 307.713287 -670.977966
v 455.433044 308.496399 -673.934265
v 453.800720 302.665405 -672.505066
v 468.477600 308.691162 -687.439270
v 465.332520 301.414551 -684.671265
v 471.281219 308.276855 -689.462524
v 476.081116 308.421967 -692.909668
v 478.612854 299.577545 -696.117737
v 492.362061 306.703461 -707.058716
v 495.069946 306.774139 -709.442932
v 491.360382 297.768494 -706.809998
v 493.325195 312.149719 -707.732483
v 494.570709 311.481934 -708.896667
v 493.838013 310.320953 -708.494141
v 498.743713 306.352173 -711.999573
v 503.870667 295.931580 -716.905762
v 505.675049 305.076660 -717.683594
v 539.552734 298.303284 -738.970947
v 540.343994 296.549072 -739.880798
v 537.871521 294.006744 -737.857178
v 533.121155 290.566711 -733.591553
v 538.819580 292.962494 -739.153625
v 545.283569 292.565521 -744.015076
v 544.809204 290.669464 -742.101379
v 543.907349 288.903961 -741.785339
v 431.545990 301.837128 -650.778992
v 430.022156 302.298126 -649.209167
v 430.793396 303.503906 -648.680481
v 441.991516 299.934204 -660.377197
v 452.052338 296.000214 -675.886292
v 449.446930 297.293854 -672.607910
v 453.373444 301.092682 -672.748352
v 464.153442 292.689484 -689.945557
v 464.905304 299.841827 -684.914551
v 467.041229 292.510071 -691.933594
v 489.788635 287.235077 -712.501587
v 487.105133 287.888947 -709.855225
v 490.933105 296.195679 -707.053223
v 487.084503 283.922668 -713.159058
v 485.586853 283.662140 -712.138489
v 486.994110 285.126099 -712.390808
v 493.570587 286.399811 -715.268860
v 500.008484 284.969269 -720.632141
v 503.443390 294.358734 -717.149048
v 534.843628 280.967255 -741.652161
v 525.711975 283.178955 -735.401611
v 532.693909 288.993896 -733.834778
v 537.654968 284.942078 -741.010071
v 543.411133 285.522705 -742.897400
v 543.029846 284.268677 -745.298279
v 543.480042 287.331207 -742.028625
v 471.483002 291.188721 -695.650391
v 478.185577 298.004669 -696.361023
v 517.026855 306.156097 -726.207825
v 519.258362 305.319214 -727.708679
v 519.294800 305.133850 -727.858398
v 519.266968 304.984406 -727.899414
v 513.130920 282.395569 -731.393066
v 513.077881 282.247406 -731.398132
v 512.943176 282.070862 -731.304321
v 510.482605 282.064453 -729.933838
v 532.907532 289.780273 -733.713135
v 437.589600 307.089996 -654.477966
v 522.776733 281.426422 -736.151733
v 499.086334 283.881805 -721.987183
v 469.151611 289.580383 -695.907715
v 463.437073 291.097717 -691.714172
v 435.772064 300.399109 -655.512817
v 505.654907 308.063171 -718.247253
v 474.928040 310.845459 -692.618774
v 468.909821 311.244812 -688.598206
v 542.656006 294.889130 -742.174927
v 540.553589 296.468872 -739.730408
v 528.669556 302.267944 -732.765686
v 521.804199 303.823578 -730.228210
v 522.013855 303.743408 -730.077881
v 522.013855 303.743408 -730.077881
v 521.804199 303.823578 -730.228210
v 517.417175 304.377441 -727.701477
v 517.626892 304.297302 -727.551147
v 505.864563 307.982941 -718.096924
v 505.654907 308.063171 -718.247253
v 500.161713 308.839417 -713.829834
v 500.371338 308.759216 -713.679504
v 495.509186 309.352875 -710.598206
v 495.718872 309.272675 -710.447876
v 492.086670 309.022430 -707.673462
v 492.296326 308.942261 -707.523193
v 475.137634 310.765259 -692.468506
v 474.928040 310.845459 -692.618774
v 472.527283 310.576385 -691.248474
v 472.736908 310.496185 -691.098206
v 472.736908 310.496185 -691.098206
v 472.527283 310.576385 -691.248474
v 469.119446 311.164551 -688.447876
v 455.700317 311.308838 -674.239624
v 455.490723 311.388916 -674.389832
v 450.864502 310.171692 -670.115356
v 451.074188 310.091461 -669.965088
v 446.186829 308.734711 -664.930176
v 446.396484 308.654480 -664.779846
v 437.589600 307.089996 -654.477966
v 437.799194 307.009766 -654.327759
v 431.216675 304.210144 -648.408508
v 431.007050 304.290283 -648.558838
v 430.793396 303.503906 -648.680481
v 431.003052 303.423676 -648.530212
v 465.118896 300.628204 -684.792847
v 478.399200 298.791077 -696.239319
v 491.146729 296.982056 -706.931641
v 503.657043 295.145233 -717.027405
v 517.608337 293.555695 -725.671997
v 517.394714 292.769318 -725.793640
v 453.587097 301.879059 -672.626709
v 441.645660 303.000763 -658.906006
v 432.956329 303.990692 -650.045105
v 431.216675 304.210144 -648.408508
v 421.718964 305.113892 -637.572510
v 421.734467 306.046783 -637.531616
v 431.430328 304.996521 -648.286865
v 421.510742 307.543640 -637.948303
v 431.373291 306.728516 -648.374451
v 455.490723 311.388916 -674.389832
v 460.560303 312.586731 -679.293335
v 463.014374 312.718353 -682.034790
v 463.349792 312.601929 -682.564758
v 463.469543 312.357819 -682.862183
v 485.381653 312.830994 -701.282654
v 490.306915 312.764282 -704.859070
v 492.086670 309.022430 -707.673462
v 521.012573 300.612396 -728.918945
v 517.181091 291.982910 -725.915283
v 421.443726 304.268646 -637.722961
v 431.003052 303.423676 -648.530212
v 430.231812 302.217926 -649.058838
v 420.366577 303.328156 -638.461731
v 443.199615 297.737549 -666.630981
v 446.934113 295.702423 -672.353149
v 457.480530 292.346375 -685.185608
v 455.211609 292.896637 -682.338623
v 451.041046 295.008484 -676.923340
v 458.116333 292.650696 -685.910156
v 457.869019 292.425385 -685.685364
v 457.480530 292.346375 -685.185608
v 458.275757 292.498596 -686.213623
v 431.007050 304.290283 -648.558838
v 482.450256 283.841034 -709.332336
v 477.880341 285.215942 -705.553711
v 486.058014 286.828949 -711.105957
v 493.609283 284.717773 -717.560547
v 516.753479 284.629700 -731.505920
v 516.079773 282.750275 -733.487488
v 489.080780 285.687653 -714.258301
v 467.101868 290.603546 -694.337585
v 500.161713 308.839417 -713.829834
v 495.509186 309.352875 -710.598206
v 450.864502 310.171692 -670.115356
v 446.186829 308.734711 -664.930176
v 430.104034 302.055969 -649.097107
v 420.365967 303.329132 -638.600159
v 517.236450 306.075867 -726.057495
v 511.415588 307.137360 -722.174500
v 519.468018 305.239105 -727.558350
v 519.504456 305.053680 -727.708130
v 519.476624 304.904266 -727.749023
v 517.626892 304.297302 -727.551147
v 513.340515 282.315338 -731.242737
v 512.024780 283.674011 -730.740845
v 513.287598 282.167236 -731.247864
v 513.152832 281.990662 -731.154053
v 510.692200 281.984344 -729.783569
v 504.831329 282.898438 -725.923340
v 543.689758 287.251038 -741.878357
v 543.903381 288.037415 -741.756714
v 432.876190 306.733887 -650.021606
v 433.085785 306.653687 -649.871338
v 539.464661 283.140625 -743.991943
v 543.239563 284.188446 -745.148010
v 522.986328 281.346161 -736.001526
v 530.732483 280.299774 -739.434204
v 499.295990 283.801666 -721.836914
v 499.086334 283.881805 -721.987183
v 504.621674 282.978668 -726.073608
v 504.831329 282.898438 -725.923340
v 472.043945 287.621521 -698.973022
v 471.834381 287.701691 -699.123230
v 474.643860 286.480377 -701.751709
v 474.853455 286.400208 -701.601440
v 469.361206 289.500214 -695.757385
v 469.151611 289.580383 -695.907715
v 460.540344 291.415314 -688.547668
v 460.330627 291.495514 -688.697876
v 463.437073 291.097717 -691.714172
v 463.646729 291.017517 -691.563843
v 458.485474 292.418457 -686.063354
v 544.116943 288.823853 -741.635010
v 431.755585 301.756927 -650.628723
v 431.545990 301.837128 -650.778992
v 435.772064 300.399109 -655.512817
v 435.981720 300.318970 -655.362488
v 545.493286 292.485352 -743.864807
v 536.154846 300.261627 -736.346924
v 511.415588 307.137360 -722.174500
v 511.205933 307.217560 -722.324768
v 478.635742 311.887909 -695.219849
v 478.426086 311.968079 -695.370178
v 481.873108 312.241974 -697.604675
v 481.663483 312.322174 -697.755005
v 466.002991 311.524994 -685.437439
v 465.793274 311.605225 -685.587646
v 463.327972 311.097717 -683.337036
v 463.537659 311.017517 -683.186829
v 469.119446 311.164551 -688.447876
v 468.909821 311.244812 -688.598206
v 431.373291 306.728516 -648.374451
v 431.163666 306.808716 -648.524780
v 431.220673 305.076721 -648.437195
v 431.430328 304.996521 -648.286865
v 460.769897 312.506592 -679.143005
v 460.560303 312.586731 -679.293335
v 463.224060 312.638214 -681.884583
v 463.014374 312.718353 -682.034790
v 463.559448 312.521729 -682.414368
v 463.224060 312.638214 -681.884583
v 463.679199 312.277588 -682.711853
v 463.537659 311.017517 -683.186829
v 485.591278 312.750824 -701.132385
v 485.381653 312.830994 -701.282654
v 490.516602 312.684082 -704.708740
v 490.306915 312.764282 -704.859070
v 494.780365 311.401733 -708.746338
v 493.534851 312.069519 -707.582153
v 494.047668 310.240723 -708.343811
v 492.296326 308.942261 -707.523193
v 490.516602 312.684082 -704.708740
v 539.762390 298.223053 -738.820618
v 545.018799 290.589264 -741.951050
v 544.809204 290.669464 -742.101379
v 430.231812 302.217926 -649.058838
v 430.022156 302.298126 -649.209167
v 443.409271 297.657318 -666.480713
v 443.199615 297.737549 -666.630981
v 446.934113 295.702423 -672.353149
v 447.143768 295.622223 -672.202942
v 455.421265 292.816437 -682.188354
v 455.211609 292.896637 -682.338623
v 457.480530 292.346375 -685.185608
v 457.690216 292.266174 -685.035339
v 451.250732 294.928253 -676.773071
v 451.041046 295.008484 -676.923340
v 458.325958 292.570465 -685.759827
v 458.078674 292.345184 -685.534973
v 457.690216 292.266174 -685.035339
v 478.089935 285.135803 -705.403381
v 477.880341 285.215942 -705.553711
v 482.450256 283.841034 -709.332336
v 482.659851 283.760834 -709.182129
v 487.294128 283.842438 -713.008728
v 487.203766 285.045898 -712.240540
v 485.796478 283.581940 -711.988159
v 482.659851 283.760834 -709.182129
v 486.267700 286.748749 -710.955688
v 493.818939 284.637543 -717.410217
v 493.609283 284.717773 -717.560547
v 516.289429 282.670074 -733.337219
v 535.053223 280.887024 -741.501892
v 536.675903 282.193817 -741.938232
v 543.620789 285.442505 -742.747070
v 543.411133 285.522705 -742.897400
v 512.024780 283.674011 -730.740845
v 511.815125 283.754120 -730.891174
v 516.079773 282.750275 -733.487488
v 516.289429 282.670074 -733.337219
v 489.290436 285.607452 -714.108032
v 489.080780 285.687653 -714.258301
v 486.267700 286.748749 -710.955688
v 486.058014 286.828949 -711.105957
v 467.311523 290.523376 -694.187256
v 467.101868 290.603546 -694.337585
v 463.646729 291.017517 -691.563843
v 467.311523 290.523376 -694.187256
v 431.131531 306.933075 -660.295349
v 432.038330 307.173126 -661.342346
v 431.640198 307.630157 -659.970764
v 436.736298 304.176758 -658.801208
v 436.984253 304.308105 -658.657654
v 436.965820 304.347656 -658.668518
v 436.503113 304.229797 -658.936768
v 436.517212 304.293457 -658.928833
v 437.000061 304.229279 -658.648254
v 436.546478 304.363892 -658.912048
v 437.000549 304.158630 -658.647766
v 436.599640 304.426483 -658.881409
v 436.988739 304.102661 -658.654419
v 436.628418 304.448059 -658.864746
v 436.652771 304.459778 -658.850647
v 436.696564 304.479584 -658.825256
v 436.964996 304.047668 -658.668091
v 436.741974 304.485779 -658.798950
v 436.830170 304.470581 -658.747620
v 436.787109 304.484344 -658.772705
v 436.862305 304.456085 -658.728943
v 436.899323 304.425537 -658.707336
v 436.928375 304.397278 -658.690430
v 436.948578 304.370697 -658.678589
v 436.902924 303.967072 -658.703857
v 436.868408 303.942810 -658.723816
v 436.832916 303.925629 -658.744385
v 436.799255 303.918213 -658.763855
v 436.729248 303.911407 -658.804504
v 436.660431 303.931580 -658.844543
v 436.626251 303.948120 -658.864441
v 436.595764 303.971954 -658.882263
v 436.545868 304.034332 -658.911377
v 436.515259 304.107452 -658.929382
v 436.503174 304.165619 -658.936584
v 437.811127 298.390686 -656.066528
v 438.823944 298.825134 -655.550720
v 440.039062 298.889313 -656.664856
v 438.887177 298.235474 -657.328552
v 436.775116 298.129578 -656.596069
v 437.774017 297.845612 -657.971252
v 434.640686 298.262207 -659.791931
v 433.901367 298.511658 -658.265930
v 435.318329 298.122559 -657.442017
v 436.206268 297.816010 -658.890564
v 433.005676 299.029602 -658.858826
v 433.567047 298.989624 -660.420227
v 432.647858 299.872009 -660.959717
v 432.166870 299.710236 -659.418945
v 431.688110 300.480133 -659.770447
v 431.893585 301.057129 -661.410522
v 431.369415 302.302887 -661.727295
v 431.064423 301.676025 -660.207336
v 431.217316 303.235535 -661.821899
v 430.633270 303.068298 -660.533081
v 431.173187 304.196991 -661.853577
v 430.519043 303.907928 -660.672974
v 431.252380 305.182343 -661.813416
v 430.391846 305.098328 -660.750488
v 430.752350 306.223816 -660.544556
v 431.549225 306.143677 -661.634399
v 432.779572 308.076385 -660.909058
v 432.108978 308.213409 -659.669189
v 433.491272 308.718719 -660.493408
v 433.003143 308.951691 -659.120789
v 434.644012 309.351654 -659.817688
v 434.068359 309.501343 -658.472656
v 435.832825 309.746216 -659.121277
v 435.146454 309.840790 -657.816406
v 438.844513 309.426941 -657.376160
v 439.771606 308.849731 -656.835938
v 439.029083 308.841797 -655.590149
v 438.020203 309.458710 -656.146545
v 440.913483 307.814575 -656.170471
v 439.983704 308.023590 -655.064636
v 441.628845 306.793610 -655.760376
v 440.734375 307.066620 -654.657227
v 442.089630 305.836761 -655.501831
v 441.101562 306.372223 -654.473083
v 442.217773 305.404968 -655.430481
v 442.356140 304.787292 -655.354248
v 441.739929 304.762970 -654.160034
v 441.485016 305.556519 -654.279236
v 442.476776 303.690002 -655.291260
v 441.867157 303.572632 -654.082520
v 441.506622 302.447083 -654.288452
v 442.341187 302.637207 -655.363708
v 441.167603 301.667694 -654.411865
v 442.126190 301.809113 -655.483276
v 440.410034 300.433472 -654.776917
v 441.782288 300.918457 -655.676697
v 439.504150 299.440948 -655.228821
v 440.648590 299.443420 -656.318115
v 433.334564 311.178284 -658.607483
v 434.744598 311.622284 -657.749207
v 431.025513 318.037384 -653.590088
v 428.422455 317.217682 -655.174622
v 431.941406 310.459320 -659.455200
v 425.850525 315.890381 -656.739624
v 436.617889 309.992462 -656.962524
v 437.390594 309.805634 -658.222046
v 430.771790 309.493835 -660.172363
v 423.691254 314.107910 -658.063477
v 430.158691 308.731018 -660.566895
v 422.559418 312.699646 -658.791931
v 439.351379 298.393890 -655.919434
v 438.255310 297.923676 -656.477539
v 438.355835 297.607788 -656.410217
v 439.508301 298.102142 -655.823425
v 439.296295 309.735779 -654.766235
v 440.428955 308.764923 -654.142700
v 441.071289 309.245453 -654.150146
v 439.822754 310.315643 -654.837402
v 429.493408 307.819244 -660.991333
v 421.331268 311.016388 -659.575500
v 428.997589 306.891663 -661.317383
v 420.588226 309.286041 -660.072449
v 442.512848 304.896210 -653.069336
v 442.663788 303.483765 -652.977356
v 443.534698 303.424133 -652.865601
v 443.368347 304.980988 -652.966980
v 442.235992 302.148285 -653.221680
v 443.063171 301.952026 -653.134827
v 438.099243 310.467865 -655.426453
v 438.503204 311.122559 -655.565186
v 441.833740 301.223572 -653.368164
v 442.619751 300.932739 -653.296265
v 440.934814 299.759033 -653.801270
v 441.628876 299.318298 -653.773682
v 439.859985 298.581390 -654.337463
v 440.444031 298.020233 -654.364746
v 439.052887 297.850708 -654.719543
v 439.554443 297.214783 -654.785889
v 434.689362 310.921234 -657.407837
v 436.435303 311.101135 -656.394653
v 436.669098 311.820648 -656.632385
v 433.410217 310.518372 -658.186462
v 437.851135 297.335236 -655.331360
v 438.229767 296.646606 -655.460449
v 432.146301 309.866150 -658.955505
v 431.085266 308.990295 -659.606079
v 430.529022 308.298157 -659.964111
v 429.925598 307.471039 -660.349060
v 429.475677 306.629578 -660.644836
v 442.826416 304.858765 -654.240967
v 442.971161 303.504211 -654.152771
v 442.560944 302.223541 -654.387085
v 442.175110 301.336731 -654.527466
v 441.313049 299.932251 -654.942871
v 440.282288 298.802795 -655.457092
v 437.176971 297.310608 -657.012939
v 436.621948 297.025330 -655.959839
v 435.519318 297.302673 -657.975525
v 434.893372 297.017120 -656.963623
v 433.906982 297.745361 -658.913025
v 433.212067 297.478699 -657.941223
v 432.887756 298.334808 -659.587585
v 432.149323 298.093323 -658.644531
v 431.933380 299.109253 -660.224976
v 431.154114 298.900879 -659.309265
v 431.388519 299.985260 -660.624939
v 430.585968 299.814423 -659.726318
v 430.678833 301.346039 -661.122070
v 429.845978 301.233368 -660.244629
v 430.188171 302.930450 -661.492676
v 429.334320 302.885437 -660.631226
v 430.058258 303.885834 -661.651978
v 429.198822 303.881653 -660.797180
v 436.874817 296.304993 -656.153137
v 434.969452 296.295929 -657.259521
v 433.116211 296.804718 -658.337158
v 431.944702 297.482239 -659.112488
v 430.847687 298.372406 -659.845093
v 430.221405 299.379395 -660.304810
v 429.405701 300.943451 -660.876221
v 428.841705 302.764587 -661.302246
v 428.692413 303.862701 -661.485229
v 429.047882 305.294067 -660.889160
v 428.526062 305.419617 -661.586670
v 429.913483 305.240295 -661.740173
v 430.323730 306.521057 -661.505859
v 442.536255 305.761627 -654.376587
v 442.210297 305.837738 -653.210815
v 442.099945 306.689880 -654.597168
v 441.755371 306.805573 -653.440796
v 441.682068 307.480042 -654.806580
v 441.319611 307.629578 -653.659180
v 443.034821 306.018860 -653.122803
v 442.533386 307.085724 -653.376343
v 440.827942 308.568848 -655.270264
v 439.741760 309.499908 -655.868286
v 438.593719 310.201965 -656.501404
v 436.998047 310.809326 -657.429810
v 435.323730 310.636719 -658.401489
v 434.096954 310.250427 -659.148315
v 446.382904 300.184662 -645.071289
v 447.253387 302.902313 -644.574219
v 445.564178 298.302856 -645.369324
v 432.884918 309.624908 -659.885742
v 431.867340 308.784973 -660.509583
v 443.734955 295.322510 -646.250793
v 441.547607 292.926056 -647.341919
v 439.905304 291.439178 -648.119385
v 431.333984 308.121277 -660.852905
v 430.755188 307.327972 -661.222168
v 442.053131 307.993927 -653.617126
v 442.506897 304.819336 -654.414490
v 442.644501 303.531250 -654.330627
v 437.459656 290.390137 -649.364624
v 434.958344 289.759552 -650.643555
v 431.440674 289.742676 -652.686096
v 428.019287 290.682129 -654.675659
v 425.856598 291.932831 -656.106812
v 423.831299 293.576294 -657.459473
v 442.254425 302.313293 -654.553406
v 422.675171 295.435181 -658.308105
v 421.169342 298.322723 -659.362976
v 420.128113 301.684723 -660.149414
v 419.852356 303.712036 -660.487366
v 420.057800 306.538300 -660.466125
v 446.946259 305.776520 -644.761353
v 446.330566 307.692596 -645.049133
v 445.404785 309.662231 -645.517212
v 444.518005 311.338898 -645.961670
v 441.887451 301.469879 -654.686890
v 441.067657 300.134216 -655.081970
v 442.705627 313.649414 -646.945679
v 440.087372 299.060211 -655.570984
v 440.400635 315.625122 -648.214478
v 437.964569 317.114807 -649.557983
v 434.578461 318.403595 -651.528198
v 437.134308 297.641113 -657.050598
v 435.557831 297.633514 -657.966064
v 434.024414 298.054596 -658.857666
v 433.055206 298.615051 -659.499146
v 432.147583 299.351685 -660.105347
v 431.629486 300.184723 -660.485596
v 430.954529 301.478790 -660.958374
v 430.487885 302.985504 -661.310852
v 430.364349 303.894135 -661.462341
v 430.226685 305.182251 -661.546204
v 430.616821 306.400177 -661.323425
v 442.230957 305.678070 -654.543457
v 439.573364 309.233124 -655.962158
v 440.606384 308.347748 -655.393372
v 441.815979 306.560760 -654.753174
v 441.418671 307.312164 -654.952454
v 438.481598 309.900757 -656.564148
v 436.964081 310.478394 -657.447144
v 435.371704 310.314240 -658.371216
v 434.205170 309.946838 -659.081421
v 433.052460 309.352081 -659.782715
v 432.084778 308.553162 -660.376038
v 431.027130 307.167664 -661.053650
v 431.577484 307.922028 -660.702454
v 434.337036 299.563568 -659.989807
v 435.701996 301.587463 -659.999390
v 435.384735 301.835419 -660.184387
v 433.773560 300.003967 -660.318359
v 434.864899 302.485260 -660.488159
v 432.850281 301.158173 -660.858032
v 434.970154 299.256195 -659.621277
v 436.058441 301.414368 -659.791870
v 434.546295 303.247131 -660.675476
v 432.284393 302.511383 -661.190796
v 436.244232 298.884155 -658.880310
v 436.775696 301.204956 -659.374756
v 434.420654 303.853119 -660.750305
v 432.061157 303.587921 -661.323730
v 437.538879 299.009949 -658.128967
v 437.504608 301.275818 -658.951660
v 434.419556 304.521271 -660.753052
v 432.059174 304.774536 -661.328491
v 438.161499 299.147369 -657.767822
v 437.855194 301.353149 -658.748352
v 434.566437 305.184662 -660.669800
v 432.320068 305.952911 -661.180603
v 438.817993 299.464722 -657.387634
v 438.224762 301.531799 -658.534302
v 434.871429 305.918060 -660.494934
v 432.861938 307.255646 -660.869995
v 439.456085 299.914215 -657.018494
v 438.583984 301.784882 -658.326538
v 435.424927 306.570557 -660.175537
v 433.845062 308.414551 -660.302612
v 440.604919 301.405121 -656.356018
v 439.230774 302.624298 -657.953491
v 435.724976 306.795044 -660.002014
v 434.377838 308.813263 -659.994568
v 441.044708 302.422546 -656.103699
v 439.478394 303.197083 -657.811523
v 435.978943 306.917175 -659.854919
v 434.829041 309.030121 -659.733154
v 441.263214 303.457001 -655.979980
v 439.601379 303.779480 -657.741882
v 436.434692 307.123322 -659.590942
v 435.638519 309.396301 -659.264282
v 441.254395 304.765045 -655.989136
v 439.596405 304.515900 -657.747070
v 436.907562 307.187408 -659.316528
v 436.478394 309.510193 -658.776978
v 440.961487 306.223969 -656.163696
v 439.431519 305.337280 -657.845276
v 437.377930 307.173218 -659.043335
v 437.313873 309.484894 -658.291748
v 440.620453 306.956024 -656.363953
v 439.239594 305.749420 -657.958008
v 437.826996 307.029846 -658.782166
v 438.111450 309.230316 -657.827820
v 440.301727 307.381195 -656.550354
v 439.060089 305.988800 -658.062927
v 438.161346 306.878113 -658.587585
v 438.705414 308.960724 -657.482117
v 439.927612 307.873657 -656.769043
v 438.849487 306.266083 -658.186096
v 438.546844 306.559998 -658.362732
v 439.390106 308.395752 -657.082825
v 436.626251 303.948120 -658.864441
v 436.595764 303.971954 -658.882263
v 436.545868 304.034332 -658.911377
v 436.660431 303.931580 -658.844543
v 436.515259 304.107452 -658.929382
v 436.729248 303.911407 -658.804504
v 436.503174 304.165619 -658.936584
v 436.799255 303.918213 -658.763855
v 436.503113 304.229797 -658.936768
v 436.832916 303.925629 -658.744385
v 436.517212 304.293457 -658.928833
v 436.868408 303.942810 -658.723816
v 436.546478 304.363892 -658.912048
v 436.902924 303.967072 -658.703857
v 436.599640 304.426483 -658.881409
v 436.964996 304.047668 -658.668091
v 436.628418 304.448059 -658.864746
v 436.988739 304.102661 -658.654419
v 436.652771 304.459778 -658.850647
v 437.000549 304.158630 -658.647766
v 436.696564 304.479584 -658.825256
v 437.000061 304.229279 -658.648254
v 436.741974 304.485779 -658.798950
v 436.984253 304.308105 -658.657654
v 436.787109 304.484344 -658.772705
v 436.965820 304.347656 -658.668518
v 436.830170 304.470581 -658.747620
v 436.948578 304.370697 -658.678589
v 436.862305 304.456085 -658.728943
v 436.928375 304.397278 -658.690430
v 436.899323 304.425537 -658.707336
v 439.212952 297.650879 -670.561829
v 438.420685 298.270050 -671.023804
v 432.647858 299.872009 -660.959717
v 433.567047 298.989624 -660.420227
v 444.590118 297.065643 -667.437744
v 438.887177 298.235474 -657.328552
v 440.039062 298.889313 -656.664856
v 445.513031 297.511871 -666.903198
v 437.122589 299.892944 -671.782532
v 436.326874 301.795380 -672.250427
v 431.369415 302.302887 -661.727295
v 431.893585 301.057129 -661.410522
v 446.410248 298.143860 -666.384216
v 440.648590 299.443420 -656.318115
v 441.782288 300.918457 -655.676697
v 448.025391 300.240021 -665.452759
v 447.073181 309.334747 -666.033569
v 447.599182 308.642303 -665.726074
v 442.089630 305.836761 -655.501831
v 441.628845 306.793610 -655.760376
v 432.779572 308.076385 -660.909058
v 432.038330 307.173126 -661.342346
v 438.521179 310.095123 -671.001709
v 439.270355 310.655762 -670.568481
v 431.549225 306.143677 -661.634399
v 431.252380 305.182343 -661.813416
v 436.377106 306.634155 -672.236084
v 437.138947 308.465790 -671.799316
v 431.217316 303.235535 -661.821899
v 436.013031 303.308960 -672.437317
v 434.640686 298.262207 -659.791931
v 440.103088 297.218597 -670.043701
v 436.206268 297.816010 -658.890564
v 441.894379 296.695648 -669.001953
v 440.913483 307.814575 -656.170471
v 446.317413 310.068695 -666.474670
v 448.047363 308.044556 -665.463989
v 442.217773 305.404968 -655.430481
v 436.010315 304.977386 -672.444031
v 431.173187 304.196991 -661.853577
v 439.314606 297.852905 -670.503418
v 438.546875 298.452850 -670.951111
v 437.289062 300.025452 -671.686279
v 440.177155 297.434082 -670.001343
v 436.518066 301.868988 -672.139648
v 441.912903 296.927307 -668.991882
v 436.213898 303.335571 -672.320740
v 443.714661 296.872406 -667.945557
v 443.676758 297.098572 -667.968201
v 436.211273 304.952271 -672.327209
v 444.525085 297.285828 -667.476196
v 436.566711 306.557678 -672.125732
v 445.419434 297.718262 -666.958191
v 437.304871 308.332581 -671.702576
v 446.288788 298.330627 -666.455322
v 438.644287 309.911377 -670.929688
v 437.774017 297.845612 -657.971252
v 448.643860 301.670563 -665.098022
v 442.126190 301.809113 -655.483276
v 448.950989 303.124878 -664.924133
v 442.341187 302.637207 -655.363708
v 448.526794 307.015289 -665.182373
v 448.938599 304.964050 -664.936951
v 442.476776 303.690002 -655.291260
v 442.356140 304.787292 -655.354248
v 445.354797 310.863159 -667.036072
v 439.771606 308.849731 -656.835938
v 441.042816 311.475647 -669.541748
v 442.223694 311.635590 -668.856567
v 435.832825 309.746216 -659.121277
v 434.644012 309.351654 -659.817688
v 439.904633 310.960602 -670.201050
v 433.491272 308.718719 -660.493408
v 447.853882 300.361847 -665.552734
v 439.370239 310.454651 -670.509827
v 448.453156 301.748016 -665.209045
v 439.984894 310.750000 -670.153809
v 448.750763 303.157318 -665.040527
v 441.087769 311.249084 -669.514954
v 448.738770 304.939331 -665.052917
v 442.231964 311.404114 -668.851013
v 448.339722 306.927063 -665.290771
v 443.370178 311.369751 -668.190002
v 443.398285 311.600128 -668.174377
v 447.875122 307.924408 -665.563599
v 444.456818 311.022827 -667.558044
v 444.519653 311.242065 -667.522156
v 447.440857 308.503601 -665.817566
v 445.266022 310.655609 -667.086975
v 446.931122 309.174530 -666.115540
v 446.198883 309.885834 -666.542969
v 434.337036 299.563568 -659.989807
v 433.773560 300.003967 -660.318359
v 432.850281 301.158173 -660.858032
v 434.970154 299.256195 -659.621277
v 432.284393 302.511383 -661.190796
v 436.244232 298.884155 -658.880310
v 432.061157 303.587921 -661.323730
v 437.538879 299.009949 -658.128967
v 432.059174 304.774536 -661.328491
v 438.161499 299.147369 -657.767822
v 432.320068 305.952911 -661.180603
v 438.817993 299.464722 -657.387634
v 432.861938 307.255646 -660.869995
v 439.456085 299.914215 -657.018494
v 433.845062 308.414551 -660.302612
v 440.604919 301.405121 -656.356018
v 434.377838 308.813263 -659.994568
v 441.044708 302.422546 -656.103699
v 434.829041 309.030121 -659.733154
v 441.263214 303.457001 -655.979980
v 435.638519 309.396301 -659.264282
v 441.254395 304.765045 -655.989136
v 436.478394 309.510193 -658.776978
v 440.961487 306.223969 -656.163696
v 437.313873 309.484894 -658.291748
v 440.620453 306.956024 -656.363953
v 438.111450 309.230316 -657.827820
v 440.301727 307.381195 -656.550354
v 438.705414 308.960724 -657.482117
v 439.927612 307.873657 -656.769043
v 439.390106 308.395752 -657.082825
v 438.844513 309.426941 -657.376160
v 437.390594 309.805634 -658.222046
v 432.824921 327.312836 -705.074158
v 434.272766 331.515717 -704.986267
v 434.953308 329.908569 -703.053284
v 435.837616 322.255493 -697.226257
v 437.253571 325.637543 -697.394958
v 437.773407 325.453674 -695.204163
v 407.927765 310.038757 -744.300415
v 406.986603 310.206299 -746.246399
v 407.092072 311.651855 -746.172974
v 435.933441 310.130249 -676.876648
v 436.842224 312.081207 -675.320007
v 437.298798 310.163208 -672.177429
v 409.948547 304.641052 -743.394226
v 409.551849 300.575714 -745.904175
v 408.016449 303.968933 -747.556213
v 413.537994 297.080688 -738.078674
v 415.504272 291.204468 -737.220642
v 411.670135 292.586426 -741.416504
v 423.850647 291.750244 -723.269592
v 424.754456 286.811218 -723.488281
v 422.948822 287.069122 -727.022583
v 431.700073 285.303009 -705.318909
v 430.801392 284.014893 -707.400269
v 430.082153 289.624268 -707.024902
v 435.084442 288.488281 -697.080627
v 434.552521 288.603912 -699.276062
v 433.689453 292.843231 -698.701477
v 433.092499 327.291046 -705.030334
v 434.540283 331.494049 -704.942627
v 435.227783 329.886322 -703.008301
v 436.105133 322.233826 -697.182495
v 437.528015 325.615295 -697.350098
v 438.047852 325.431335 -695.159302
v 408.195312 310.017120 -744.256592
v 407.261017 310.183990 -746.201477
v 407.366516 311.629456 -746.128052
v 436.200928 310.108521 -676.832947
v 437.109711 312.059509 -675.276245
v 437.566254 310.141418 -672.133667
v 410.216064 304.619354 -743.350403
v 409.819305 300.553955 -745.860413
v 408.290955 303.946625 -747.511353
v 413.887146 297.058533 -738.175537
v 415.860321 291.181702 -737.316284
v 412.026306 292.563721 -741.512085
v 424.118164 291.728455 -723.225830
v 425.028961 286.788879 -723.443298
v 423.223267 287.046936 -726.977722
v 431.974548 285.280701 -705.273987
v 431.075836 283.992645 -707.355347
v 430.349640 289.602509 -706.981140
v 435.351868 288.466553 -697.036926
v 434.826996 288.581573 -699.231079
v 433.956909 292.821472 -698.657776
v 407.197449 313.097412 -746.099548
v 408.090424 312.938446 -744.253967
v 436.642273 301.162079 -672.634766
v 436.329712 300.543457 -674.118896
v 436.004028 304.353851 -672.690491
v 435.945221 299.782318 -675.944763
v 435.333557 301.934753 -677.258362
v 409.128815 319.219879 -746.781555
v 411.119873 322.171783 -744.808350
v 410.637482 319.139038 -743.257263
v 414.427979 329.279114 -739.693359
v 418.390747 329.661682 -735.407837
v 415.944092 325.395447 -736.486572
v 426.205353 331.623535 -724.758423
v 427.996368 331.260406 -721.230469
v 426.600159 328.751831 -721.258118
v 407.471924 313.075012 -746.054688
v 408.357910 312.916809 -744.210205
v 436.909821 301.140320 -672.590881
v 436.212769 299.760559 -675.901001
v 435.601074 301.912964 -677.214539
v 409.403198 319.197632 -746.736633
v 411.394348 322.149506 -744.763489
v 410.904968 319.117310 -743.213501
v 414.702423 329.256866 -739.648438
v 418.665253 329.639404 -735.362915
v 416.211578 325.373718 -736.442932
v 426.472839 331.601837 -724.714661
v 428.270813 331.238190 -721.185669
v 426.867676 328.730103 -721.214294
v 437.809753 309.578766 -671.038757
v 437.081635 307.115662 -671.243164
v 436.482483 307.223114 -672.499817
v 435.364349 311.595886 -679.331665
v 435.325134 307.625183 -678.752441
v 436.941772 317.997833 -688.021667
v 437.061462 316.041107 -685.989441
v 434.780029 308.124146 -687.794373
v 436.689636 321.238800 -694.085632
v 433.519653 308.643616 -696.210693
v 435.125275 321.894928 -698.988464
v 429.912476 326.908081 -714.543152
v 430.390106 326.212921 -712.645569
v 427.071747 310.000092 -713.658325
v 431.850464 333.715942 -713.502136
v 432.302765 334.495117 -712.561035
v 431.634460 331.529541 -713.268250
v 428.629333 327.521790 -716.942566
v 423.603271 310.670959 -721.885925
v 423.417938 325.213165 -727.832520
v 412.798737 327.088226 -742.107849
v 412.055115 324.350159 -742.957092
v 410.808136 312.478973 -739.109497
v 411.330414 320.834595 -742.020691
v 407.769623 316.373291 -746.236206
v 433.861298 323.300659 -701.933289
v 430.331665 309.330444 -705.156860
v 437.011078 301.344177 -671.471619
v 436.603180 304.246338 -671.433838
v 434.193268 300.016113 -680.143799
v 434.846802 304.755829 -678.943115
v 435.398041 296.912384 -686.993530
v 434.997070 295.050293 -689.220642
v 434.301697 305.254791 -687.984924
v 434.345856 293.066895 -695.639465
v 433.041260 305.774292 -696.401184
v 432.756104 292.943512 -700.476501
v 431.298889 291.659180 -703.528809
v 429.853271 306.461121 -705.347473
v 427.560669 291.620697 -714.541199
v 427.022095 291.015503 -716.389343
v 426.593384 307.130707 -713.848938
v 428.209106 282.152496 -715.265747
v 427.888214 283.079285 -716.118958
v 427.989319 285.239014 -715.664307
v 425.759155 290.919830 -718.690613
v 421.270813 295.522583 -728.830261
v 423.124908 307.801605 -722.076477
v 410.207062 295.243500 -743.770325
v 409.792297 298.132324 -744.193054
v 409.944763 302.931183 -742.496582
v 410.329742 309.609619 -739.300171
v 406.805145 306.934937 -746.761719
v 437.542206 309.600494 -671.082581
v 436.814087 307.137360 -671.286987
v 436.214905 307.244904 -672.543701
v 435.096863 311.617615 -679.375488
v 435.057678 307.646912 -678.796265
v 436.674194 318.019470 -688.065369
v 436.793976 316.062836 -686.033203
v 434.512573 308.145935 -687.838013
v 436.422150 321.260559 -694.129395
v 433.252136 308.665314 -696.254333
v 434.857849 321.916656 -699.032227
v 429.645020 326.929871 -714.586853
v 430.122620 326.234589 -712.689331
v 426.804199 310.021820 -713.702148
v 431.582947 333.737640 -713.546021
v 432.028259 334.517426 -712.605957
v 431.367004 331.551300 -713.312012
v 428.361877 327.543549 -716.986267
v 423.335815 310.692719 -721.929626
v 423.150452 325.234863 -727.876343
v 412.531189 327.109985 -742.151733
v 411.787659 324.371887 -743.000793
v 410.540588 312.500732 -739.153320
v 411.062866 320.856384 -742.064453
v 407.495117 316.395569 -746.281189
v 433.593811 323.322327 -701.977051
v 430.064178 309.352234 -705.200623
v 437.278625 301.322479 -671.427856
v 436.870789 304.224548 -671.390015
v 436.271545 304.332001 -672.646667
v 434.460754 299.994354 -680.100037
v 435.114319 304.734070 -678.899292
v 435.665527 296.890656 -686.949768
v 435.264618 295.028595 -689.176941
v 434.569153 305.233032 -687.941162
v 434.613434 293.045197 -695.595703
v 433.308838 305.752502 -696.357483
v 433.023682 292.921814 -700.432678
v 431.566406 291.637390 -703.485046
v 430.120789 306.439423 -705.303650
v 427.828125 291.599030 -714.497437
v 427.289581 290.993744 -716.345642
v 426.860901 307.108978 -713.805176
v 428.483551 282.130188 -715.220825
v 428.155762 283.057526 -716.075256
v 428.256805 285.217346 -715.620544
v 426.026642 290.898071 -718.646912
v 421.538300 295.500885 -728.786621
v 423.392487 307.779816 -722.032715
v 410.474640 295.221710 -743.726562
v 410.141388 298.110138 -744.289856
v 410.293915 302.909088 -742.593445
v 410.597260 309.587891 -739.256409
v 407.079651 306.912659 -746.716919
v 435.284393 327.000793 -701.017334
v 437.930695 323.962952 -693.630188
v 410.435150 311.055176 -739.226685
v 421.128815 290.761780 -731.169861
v 432.426514 287.912659 -703.003845
v 435.444183 289.774261 -695.365601
v 435.551910 326.979034 -700.973450
v 438.205109 323.940643 -693.585327
v 410.702637 311.033417 -739.182983
v 421.396362 290.740051 -731.126160
v 432.701019 287.890350 -702.958984
v 435.711639 289.752472 -695.321777
v 420.769196 287.546906 -730.612122
v 419.930267 289.072235 -732.032654
v 419.865387 288.463501 -731.982483
v 419.901581 288.798981 -732.037231
v 423.998962 331.831177 -728.362793
v 422.958618 330.594269 -729.923767
v 422.976807 330.867340 -729.899292
v 422.982178 331.197754 -729.811951
v 423.886688 328.671295 -729.245605
v 421.043640 287.524597 -730.567200
v 420.197723 289.050476 -731.988953
v 420.139832 288.441193 -731.937561
v 420.176025 288.776611 -731.992310
v 424.273438 331.808868 -728.317871
v 423.226135 330.572540 -729.879883
v 423.244293 330.845581 -729.855530
v 423.256622 331.175507 -729.766968
v 424.161224 328.649078 -729.200562
v 436.302612 325.660767 -699.665161
v 436.035095 325.682556 -699.708862
v 438.295532 319.664703 -684.848633
v 438.563019 319.642914 -684.804932
v 438.410858 322.862457 -687.735352
v 438.136383 322.884766 -687.780212
v 438.101807 316.297485 -681.601562
v 438.313568 326.825134 -692.815552
v 438.320862 326.102539 -691.035706
v 438.345062 326.231628 -693.303040
v 438.350861 326.657104 -693.127441
v 436.376984 305.777557 -672.573303
v 436.976166 305.670135 -671.316589
v 432.943909 334.742737 -710.413086
v 434.276581 333.280487 -707.396545
v 431.827332 328.697968 -712.533752
v 429.790558 330.889008 -717.582336
v 418.223511 311.487854 -730.245544
v 420.885406 325.424072 -731.513123
v 422.362732 329.326782 -731.754150
v 431.329041 330.208282 -714.711975
v 418.731934 296.050385 -732.936890
v 419.537537 290.590637 -733.721619
v 426.556732 286.549469 -719.834473
v 428.156342 286.707611 -716.921509
v 428.851898 287.902649 -714.605957
v 433.625000 288.947510 -701.529907
v 436.028259 290.194366 -689.394592
v 436.623230 293.046112 -686.155884
v 436.627533 296.082916 -682.628357
v 437.834351 316.319244 -681.645325
v 435.220093 287.373077 -693.048889
v 435.494568 287.350800 -693.003967
v 435.760742 290.216125 -689.438416
v 435.121338 286.842224 -694.892395
v 435.395813 286.820038 -694.847473
v 435.191895 287.033081 -695.184998
v 435.459412 287.011383 -695.141174
v 435.242065 287.471008 -695.317749
v 435.516479 287.448700 -695.272827
v 430.306885 282.541351 -710.018677
v 430.574341 282.519653 -709.974854
v 428.791870 281.599518 -713.158447
v 429.066315 281.577209 -713.113403
v 428.577454 287.924896 -714.650879
v 438.046448 326.124878 -691.080627
v 438.046082 326.846832 -692.859314
v 438.070618 326.253937 -693.347900
v 438.076477 326.679474 -693.172363
v 434.009033 333.302277 -707.440369
v 432.676361 334.764526 -710.456848
v 431.552795 328.720276 -712.578735
v 429.523041 330.910767 -717.626099
v 422.095245 329.348450 -731.797913
v 431.054504 330.230621 -714.756836
v 427.888824 286.729370 -716.965271
v 433.350494 288.969727 -701.574829
v 436.355774 293.067871 -686.199646
v 436.360016 296.104706 -682.672058
v 433.146759 307.219818 -696.327759
v 429.958679 307.906708 -705.274048
v 426.698792 308.576263 -713.775513
v 423.230408 309.247162 -722.003052
v 417.745178 308.618591 -730.436218
v 417.850586 310.064178 -730.362793
v 434.407104 306.700348 -687.911560
v 434.952240 306.201385 -678.869629
v 436.109497 305.799347 -672.617065
v 436.708679 305.691833 -671.360352
v 418.464447 296.072083 -732.980652
v 417.955994 311.509644 -730.289368
v 420.617981 325.445770 -731.556885
v 419.270081 290.612366 -733.765442
v 426.289185 286.571167 -719.878235
v 418.012634 308.596863 -730.392395
v 433.414215 307.198059 -696.284058
v 430.226227 307.884918 -705.230286
v 426.966248 308.554535 -713.731750
v 423.497894 309.225403 -721.959290
v 418.118042 310.042328 -730.319031
v 434.674652 306.678589 -687.867737
v 435.219696 306.179626 -678.825867
v 489.815002 237.789932 -767.831482
v 488.640808 239.491562 -765.421387
v 491.061554 237.624207 -767.107178
v 449.339478 294.299591 -674.041077
v 448.240997 293.199982 -677.790588
v 443.757202 296.348846 -669.353577
v 485.653656 240.359512 -772.512390
v 482.006744 243.656952 -771.862610
v 483.184540 243.339172 -767.996887
v 472.616669 249.575653 -769.532104
v 469.663361 256.230591 -764.701355
v 473.588074 252.493393 -763.331299
v 461.047272 269.872314 -752.884216
v 458.873199 273.274048 -748.257935
v 460.697998 271.278809 -746.642578
v 450.108704 284.011841 -725.179993
v 446.827545 286.082886 -727.666626
v 446.751221 287.526093 -724.292664
v 444.716797 293.423248 -711.757812
v 444.722198 294.027222 -708.836365
v 447.067413 291.759094 -707.728149
v 491.069977 239.252808 -763.841431
v 492.308136 237.458466 -766.382812
v 441.264069 296.680328 -670.802246
v 445.747864 293.531464 -679.239258
v 442.300446 295.233887 -678.194946
v 495.279236 242.344193 -759.992126
v 500.629822 241.180923 -761.041321
v 498.805450 238.610916 -764.870300
v 498.189514 248.807953 -749.491821
v 502.827637 251.821213 -745.430603
v 504.259338 245.368607 -751.145508
v 492.702850 266.932434 -728.269958
v 497.204376 268.177734 -725.984863
v 499.469635 264.763855 -730.558167
v 485.217255 282.411835 -701.941223
v 487.790771 280.636627 -703.864136
v 482.640625 279.690369 -706.344971
v 471.439423 288.479431 -693.702026
v 474.204651 290.107391 -691.705017
v 476.593719 289.185059 -693.235107
v 489.775696 237.399811 -767.853088
v 488.601501 239.101456 -765.442993
v 491.022247 237.234085 -767.128784
v 449.300171 293.909363 -674.062683
v 448.201691 292.809845 -677.812195
v 443.717896 295.958710 -669.375183
v 485.613312 239.959198 -772.534607
v 481.967438 243.266846 -771.884216
v 483.145233 242.949066 -768.018494
v 472.577362 249.185455 -769.553711
v 469.623016 255.830246 -764.723572
v 473.548767 252.103195 -763.352905
v 461.007965 269.482117 -752.905823
v 458.833893 272.883942 -748.279541
v 460.658691 270.888672 -746.664246
v 450.069397 283.621643 -725.201660
v 446.788239 285.692749 -727.688232
v 446.710876 287.125793 -724.314880
v 444.676483 293.022949 -711.780029
v 444.681854 293.626923 -708.858582
v 447.028107 291.368988 -707.749756
v 491.030670 238.862610 -763.863098
v 492.268829 237.068344 -766.404419
v 441.224762 296.290192 -670.823853
v 445.708557 293.141327 -679.260864
v 442.261169 294.843842 -678.216553
v 495.239929 241.954010 -760.013733
v 500.589508 240.780624 -761.063477
v 498.765106 238.210602 -764.892517
v 498.119965 248.117432 -749.530090
v 502.757050 251.120483 -745.469482
v 504.188751 244.667877 -751.184326
v 492.663544 266.542328 -728.291626
v 497.165070 267.787598 -726.006470
v 499.430328 264.373749 -730.579773
v 485.176910 282.011536 -701.963440
v 487.750488 280.236298 -703.886292
v 482.601318 279.300171 -706.366638
v 471.400146 288.089386 -693.723633
v 474.164307 289.707092 -691.727234
v 476.553406 288.784760 -693.257324
v 445.733032 297.155212 -667.226318
v 446.477997 296.881134 -667.643250
v 445.827637 297.221558 -667.136963
v 445.460480 297.674316 -666.245667
v 445.500793 298.074615 -666.223450
v 446.517303 297.271271 -667.621643
v 442.955902 297.501923 -667.710815
v 453.196320 294.119812 -676.544250
v 461.441071 292.051147 -684.381714
v 464.718231 290.947723 -686.273926
v 455.032593 290.247711 -690.154114
v 473.968109 286.810547 -697.583435
v 461.149078 286.431244 -701.553650
v 475.124603 285.058563 -699.859009
v 478.363525 282.256836 -702.989258
v 467.146973 279.751709 -713.404175
v 486.525482 274.299530 -717.119629
v 488.415039 273.090820 -719.174500
v 472.783875 273.077240 -724.632263
v 495.172058 275.065491 -712.950500
v 495.019073 274.393402 -714.557251
v 492.865143 274.644012 -715.163940
v 490.092133 270.744507 -721.989441
v 493.505646 261.928162 -737.385620
v 478.153687 266.172974 -735.453308
v 503.500977 242.630508 -755.321228
v 501.470367 242.018860 -757.625000
v 496.113464 242.638855 -758.035278
v 487.886658 243.866043 -757.307495
v 495.424103 237.080338 -765.224792
v 438.755157 298.303284 -672.132019
v 438.390472 298.913116 -670.388245
v 440.462769 297.833405 -669.159485
v 442.903320 293.443268 -682.235168
v 444.920197 293.581146 -697.799316
v 444.936310 294.242828 -693.994263
v 452.539459 290.579193 -691.602783
v 448.619965 290.182648 -712.347412
v 458.655945 286.762726 -703.002319
v 450.159119 288.357605 -714.411804
v 457.462402 277.208374 -737.200806
v 456.607941 278.343964 -734.344910
v 470.290741 273.408722 -726.080933
v 451.333374 280.201630 -739.941650
v 450.014771 281.069366 -739.190002
v 452.927368 279.953949 -738.370544
v 458.621124 274.808960 -740.538757
v 475.660553 266.504456 -736.901978
v 468.271851 264.793243 -752.969238
v 476.020660 246.284149 -771.289246
v 478.842010 245.027420 -770.773621
v 485.393524 244.197510 -758.756165
v 480.871460 244.228394 -767.422668
v 487.265625 238.165039 -769.965393
v 451.101196 285.853119 -718.929016
v 464.653839 280.083191 -714.852844
v 453.157013 293.729675 -676.565857
v 461.401764 291.661041 -684.403320
v 464.678925 290.557617 -686.295532
v 454.993286 289.857605 -690.175720
v 473.928802 286.420349 -697.605042
v 461.109772 286.041107 -701.575256
v 475.085297 284.668457 -699.880615
v 478.324219 281.866730 -703.010925
v 467.107635 279.361511 -713.425781
v 486.486176 273.909454 -717.141235
v 488.375763 272.700714 -719.196106
v 472.744568 272.687134 -724.653931
v 495.132751 274.675354 -712.972168
v 494.979767 274.003296 -714.578918
v 492.825836 274.253906 -715.185608
v 490.052826 270.354401 -722.011047
v 493.466339 261.537994 -737.407288
v 478.114380 265.782806 -735.474915
v 503.461670 242.240387 -755.342834
v 501.400818 241.328339 -757.663269
v 496.043884 241.948334 -758.073608
v 487.847351 243.475922 -757.329102
v 495.384796 236.690231 -765.246399
v 442.864014 293.053192 -682.256836
v 444.880890 293.191040 -697.820923
v 444.897003 293.852631 -694.015930
v 452.500153 290.189087 -691.624390
v 448.580658 289.792450 -712.369019
v 458.616638 286.372589 -703.023926
v 450.119812 287.967499 -714.433472
v 457.423126 276.818268 -737.222412
v 456.568634 277.953827 -734.366516
v 470.251434 273.018616 -726.102600
v 451.294067 279.811523 -739.963318
v 449.975464 280.679169 -739.211670
v 452.887085 279.553650 -738.392761
v 458.581818 274.418854 -740.560364
v 475.621246 266.114288 -736.923584
v 468.232544 264.403137 -752.990845
v 475.980316 245.883850 -771.311401
v 478.801697 244.627121 -770.795837
v 485.354218 243.807388 -758.777771
v 480.832153 243.838272 -767.444336
v 487.226318 237.774933 -769.987000
v 451.061890 285.463013 -718.950623
v 464.614502 279.692993 -714.874451
v 499.353760 261.168152 -737.865295
v 501.516632 260.805756 -735.258789
v 501.212799 259.261383 -737.867126
v 501.668671 259.192230 -737.448425
v 501.439972 259.230072 -737.715393
v 465.405823 264.022095 -758.673462
v 465.161438 264.053497 -758.795715
v 464.816345 264.091919 -758.862183
v 463.327698 265.883179 -757.449219
v 466.662598 265.514618 -756.861145
v 486.640076 244.031784 -758.031860
v 450.205627 295.486237 -671.186951
v 447.603760 288.479218 -719.993347
v 446.227600 292.157654 -714.716614
v 439.599518 296.896362 -677.349792
v 481.312256 283.997559 -700.406372
v 478.163910 287.911560 -696.159424
v 499.314484 260.778015 -737.886902
v 501.477325 260.415619 -735.280396
v 501.173492 258.871246 -737.888794
v 501.629364 258.802094 -737.470032
v 501.399658 258.829834 -737.737610
v 465.365509 263.621857 -758.695679
v 465.121124 263.653259 -758.817932
v 464.777039 263.701782 -758.883789
v 463.287354 265.482880 -757.471436
v 466.623322 265.124481 -756.882751
v 486.600769 243.641663 -758.053467
v 450.166321 295.096100 -671.208557
v 447.564453 288.089111 -720.015015
v 446.188293 291.767517 -714.738281
v 439.560211 296.506226 -677.371399
v 438.717346 297.927887 -672.152832
v 481.271942 283.597260 -700.428589
v 478.124603 287.521423 -696.181091
v 444.079163 296.183746 -668.304199
v 442.916595 297.111755 -667.732422
v 441.670013 297.277496 -668.456787
v 440.423462 297.443237 -669.181091
v 441.709320 297.667664 -668.435181
v 438.352417 298.535217 -670.409241
v 447.805634 289.861115 -717.635620
v 447.766327 289.470978 -717.657288
v 441.240723 296.254608 -694.700500
v 441.281067 296.654907 -694.678284
v 440.928925 295.729553 -700.390015
v 440.889648 295.339447 -700.411682
v 441.347107 296.375580 -688.437317
v 441.387451 296.775879 -688.415100
v 501.188110 257.905518 -740.936890
v 501.147766 257.505219 -740.959045
v 494.804535 271.215149 -721.270081
v 494.764221 270.814850 -721.292236
v 492.650879 274.186493 -717.727539
v 492.611572 273.796387 -717.749146
v 489.922516 275.730103 -715.399658
v 489.883209 275.339966 -715.421326
v 479.465698 285.651733 -699.238953
v 479.425354 285.251495 -699.261169
v 469.061279 291.593872 -684.042053
v 469.100555 291.983978 -684.020386
v 464.217041 293.605438 -681.350891
v 464.176697 293.205139 -681.373108
v 458.819672 294.458160 -678.285767
v 458.779327 294.057861 -678.307983
v 459.902496 286.596985 -702.278015
v 465.900391 279.917450 -714.128540
v 471.537292 273.242981 -725.356628
v 476.907104 266.338715 -736.177673
v 483.104004 256.524536 -746.180359
v 481.857422 256.690277 -746.904724
v 453.786011 290.413452 -690.878479
v 446.994415 293.365723 -678.514954
v 442.510620 296.514587 -670.077942
v 454.702972 280.017303 -735.863464
v 454.742279 280.407501 -735.841797
v 455.137695 279.174072 -739.525269
v 455.098389 278.783966 -739.546875
v 474.290527 290.360260 -687.205383
v 476.207062 289.776611 -689.376648
v 476.298279 289.795898 -689.890625
v 476.051178 289.844696 -690.321899
v 491.039062 279.295563 -706.483032
v 494.051025 276.400635 -709.910522
v 495.814209 256.945709 -742.766174
v 480.610870 256.856018 -747.629028
v 441.708313 294.363403 -709.422791
v 440.872650 294.803345 -706.623474
v 442.606354 294.291351 -709.755615
v 442.109406 294.341492 -709.756714
v 448.203247 282.496338 -736.551270
v 447.265015 285.115540 -731.918823
v 456.567871 276.298920 -743.488220
v 470.541168 260.312927 -757.578979
v 467.783661 262.346802 -760.347168
v 474.251221 289.970123 -687.227051
v 476.167755 289.386444 -689.398315
v 476.258972 289.405731 -689.912292
v 476.011871 289.454529 -690.343567
v 490.998718 278.895264 -706.505188
v 494.010681 276.000336 -709.932678
v 440.833344 294.413208 -706.645142
v 441.669006 293.973236 -709.444458
v 442.566010 293.891052 -709.777832
v 442.070099 293.951324 -709.778381
v 447.224670 284.715240 -731.940979
v 448.162933 282.096039 -736.573425
v 456.528564 275.908783 -743.509827
v 467.743317 261.946503 -760.369324
v 459.863190 286.206848 -702.299622
v 465.861053 279.527252 -714.150146
v 471.497986 272.852875 -725.378296
v 476.867798 265.948547 -736.199280
v 483.064697 256.134430 -746.201965
v 481.818115 256.300171 -746.926331
v 453.746704 290.023346 -690.900085
v 446.955109 292.975586 -678.536560
v 442.471313 296.124451 -670.099548
v 495.774902 256.555511 -742.787781
v 480.571564 256.465912 -747.650635
v 470.501862 259.922729 -757.600586
v 440.175629 296.702759 -670.572449
v 438.557220 298.186096 -671.388428
v 442.160095 296.265869 -669.535156
v 525.406799 297.354553 -676.196716
v 527.440735 297.124542 -676.344421
v 527.270264 295.687714 -676.455688
v 452.842682 299.620605 -667.195923
v 451.003143 297.794098 -667.306702
v 448.104034 299.652008 -666.086304
v 526.248291 306.879089 -678.025391
v 528.308044 303.388611 -677.644714
v 524.557068 304.006683 -677.173767
v 516.198608 316.671844 -678.689270
v 521.683167 315.033234 -677.485229
v 517.454773 311.912903 -677.613586
v 499.786621 321.729797 -679.630005
v 503.739227 321.328857 -679.817505
v 499.986664 319.008575 -678.727112
v 480.625824 323.850403 -676.628845
v 482.926819 325.060822 -676.826721
v 482.866180 320.673401 -676.108398
v 471.680054 320.959778 -675.616699
v 473.841919 320.787170 -676.249207
v 473.711609 317.233856 -675.330505
v 527.099731 294.250824 -676.566895
v 524.954956 294.493317 -676.411133
v 452.453796 310.019440 -666.360291
v 453.838074 307.763580 -666.584534
v 449.165649 308.599213 -665.393616
v 526.509216 288.228973 -678.818359
v 523.701050 285.412872 -679.687256
v 522.157776 289.736145 -678.304565
v 517.355164 278.559723 -680.308777
v 511.662415 278.444336 -681.648621
v 514.490845 283.682770 -679.717834
v 498.483856 277.040649 -683.246033
v 494.543762 277.546631 -683.050354
v 495.759674 282.203339 -681.597107
v 477.323914 277.843719 -680.481995
v 475.364502 279.511780 -680.061401
v 478.449158 283.207489 -679.031982
v 469.473755 283.975098 -679.098938
v 467.319977 284.216248 -678.461243
v 470.227814 287.999084 -677.581848
v 525.575806 297.318176 -675.986816
v 527.614197 297.087372 -676.129028
v 527.439331 295.651367 -676.245789
v 453.011688 299.584351 -666.986145
v 451.176544 297.756836 -667.091492
v 448.273041 299.615692 -665.876465
v 526.421753 306.841797 -677.809998
v 528.481567 303.351318 -677.429321
v 524.726135 303.970367 -676.963867
v 516.367615 316.635559 -678.479370
v 521.856567 314.995941 -677.269897
v 517.623840 311.876617 -677.403625
v 499.955688 321.693451 -679.420105
v 503.908295 321.292542 -679.607666
v 500.155670 318.972260 -678.517273
v 480.799255 323.813110 -676.413635
v 483.100220 325.023590 -676.611328
v 483.035156 320.637115 -675.898499
v 471.849152 320.923462 -675.406799
v 474.010956 320.750763 -676.039246
v 473.880676 317.197479 -675.120605
v 527.273193 294.213593 -676.351562
v 525.124023 294.456909 -676.201294
v 452.622772 309.983093 -666.150391
v 454.007080 307.727264 -666.374634
v 449.339111 308.561981 -665.178284
v 526.682678 288.191650 -678.602905
v 523.874512 285.375580 -679.471863
v 522.326782 289.699799 -678.094666
v 517.524170 278.523407 -680.098938
v 511.831421 278.408081 -681.438843
v 514.659851 283.646454 -679.507874
v 498.652924 277.004272 -683.036133
v 494.717194 277.509308 -682.835083
v 495.928711 282.167114 -681.387268
v 477.497406 277.806427 -680.266663
v 475.537933 279.474548 -679.846069
v 478.618195 283.171143 -678.822144
v 469.642761 283.938843 -678.889099
v 467.493469 284.179016 -678.245789
v 470.396912 287.962769 -677.371948
v 449.591644 305.466400 -664.770874
v 449.136139 305.517761 -664.736389
v 449.117737 305.519836 -664.735046
v 448.207977 305.622467 -664.666321
v 449.123749 304.063019 -664.859558
v 449.421173 304.029480 -664.882019
v 446.966949 300.034363 -665.798218
v 447.697937 302.785034 -665.098694
v 449.081635 302.628937 -665.203125
v 455.482819 297.199371 -667.884766
v 455.072357 302.080536 -667.302307
v 461.909332 291.486053 -673.694519
v 460.174286 293.632080 -672.708496
v 463.182587 301.428741 -671.314758
v 467.333832 288.694855 -676.582825
v 471.100769 300.727875 -674.397705
v 472.213470 287.711334 -677.660706
v 475.271851 285.826538 -678.089111
v 480.423035 299.751495 -676.074585
v 488.207336 282.894409 -680.948181
v 486.485199 283.800262 -680.413635
v 489.394775 298.794769 -677.468689
v 486.006531 275.366058 -682.459961
v 484.935913 274.624573 -682.418091
v 485.992340 277.541107 -682.072205
v 490.762573 282.291107 -681.030823
v 498.231049 297.829651 -678.546326
v 502.495056 284.737274 -681.745117
v 520.513489 280.591492 -679.786316
v 521.721619 283.274963 -679.453918
v 519.440674 295.116608 -676.010803
v 521.136047 288.172058 -678.186462
v 526.986145 290.970490 -677.042969
v 448.000610 308.223846 -665.117188
v 448.038971 305.658844 -664.876160
v 449.422668 305.502655 -664.980713
v 456.670410 308.763123 -666.951355
v 455.413361 304.954346 -667.079773
v 462.444061 312.666351 -671.240417
v 464.627533 314.316864 -671.934326
v 463.523590 304.302551 -671.092346
v 470.582947 316.732513 -674.391296
v 471.441772 303.601685 -674.175293
v 475.659729 316.505676 -675.435120
v 490.469788 318.225006 -677.735107
v 492.460480 318.592010 -678.198425
v 489.735718 301.668610 -677.246216
v 491.112518 326.676056 -678.388489
v 491.981812 325.721161 -678.561646
v 491.454895 323.576172 -678.508423
v 495.248627 318.664429 -678.232117
v 498.572021 300.703491 -678.323914
v 506.612366 314.152039 -679.490784
v 524.272156 312.267273 -677.334106
v 524.816711 309.357910 -677.434753
v 519.781738 297.990356 -675.788269
v 523.668823 305.898621 -676.744263
v 528.101990 300.374481 -676.314758
v 479.061890 317.291016 -675.668640
v 480.764008 302.625214 -675.852173
v 447.135986 299.998016 -665.588318
v 447.871368 302.747772 -664.883301
v 455.651855 297.163086 -667.674866
v 455.241394 302.044281 -667.092468
v 462.078278 291.449707 -673.484558
v 460.343353 293.595764 -672.498596
v 463.351624 301.392456 -671.104919
v 467.502808 288.658508 -676.372986
v 471.269745 300.691620 -674.187805
v 472.382416 287.674988 -677.450867
v 475.440887 285.790283 -677.879272
v 480.592072 299.715149 -675.864746
v 488.376434 282.858124 -680.738281
v 486.654297 283.763916 -680.203735
v 489.563812 298.758484 -677.258789
v 486.179962 275.328735 -682.244629
v 485.109406 274.587311 -682.202698
v 486.161346 277.504730 -681.862366
v 490.931610 282.254822 -680.820923
v 498.400024 297.793396 -678.336426
v 502.664124 284.700928 -681.535156
v 520.682434 280.555237 -679.576477
v 521.895142 283.237732 -679.238586
v 519.609680 295.080292 -675.800903
v 521.305054 288.135681 -677.976624
v 527.159546 290.933197 -676.827454
v 448.169617 308.187531 -664.907288
v 456.839508 308.726837 -666.741516
v 455.582397 304.918030 -666.869995
v 462.613098 312.630066 -671.030518
v 464.796509 314.280457 -671.724365
v 463.692688 304.266296 -670.882385
v 470.752014 316.696228 -674.181335
v 471.610748 303.565338 -673.965332
v 475.828766 316.469360 -675.225281
v 490.638855 318.188660 -677.525208
v 492.629517 318.555756 -677.988525
v 489.904816 301.632263 -677.036316
v 491.285980 326.638885 -678.173157
v 492.150848 325.684845 -678.351868
v 491.623932 323.539825 -678.298584
v 495.417725 318.628113 -678.022217
v 498.741058 300.667206 -678.113953
v 506.781494 314.115692 -679.280945
v 524.445618 312.230011 -677.118835
v 524.990173 309.320648 -677.219421
v 519.950745 297.954102 -675.578430
v 523.837830 305.862366 -676.534363
v 528.275452 300.337219 -676.099426
v 479.230988 317.254700 -675.458679
v 480.933105 302.588959 -675.642212
v 502.692230 276.669006 -683.123718
v 504.613037 277.827026 -682.937805
v 504.572601 277.555664 -682.952087
v 504.477020 277.228119 -682.931824
v 503.634644 279.806061 -683.339966
v 508.106079 317.488159 -680.422791
v 507.915710 320.688202 -679.715881
v 509.510742 319.100586 -679.742615
v 509.517639 319.706665 -679.643311
v 509.534668 319.372833 -679.714844
v 519.611206 296.553467 -675.899536
v 478.156494 321.314545 -676.217285
v 469.963074 319.718262 -675.131714
v 473.545898 282.459808 -679.225281
v 465.930542 285.734711 -677.762512
v 502.861328 276.632721 -682.913818
v 504.782104 277.790741 -682.727905
v 504.746002 277.518494 -682.736755
v 504.646057 277.191864 -682.721924
v 503.803650 279.769745 -683.130066
v 508.275085 317.451843 -680.212952
v 508.089172 320.650970 -679.500549
v 509.679688 319.064240 -679.532715
v 509.686707 319.670319 -679.433472
v 509.703735 319.336548 -679.504944
v 519.780212 296.517212 -675.689636
v 449.250641 302.592651 -664.993286
v 478.325531 321.278259 -676.007446
v 470.136536 319.681030 -674.916382
v 473.714905 282.423523 -679.015381
v 466.104065 285.697479 -677.547180
v 448.728302 302.651520 -664.953796
v 448.037445 304.185608 -664.777527
v 490.849060 277.987305 -682.361633
v 487.621399 278.787231 -682.253601
v 506.715027 278.999939 -683.065491
v 506.884155 278.963623 -682.855591
v 490.675629 278.024536 -682.576965
v 487.447968 278.824493 -682.468933
v 485.366028 280.388794 -681.767334
v 485.539520 280.351501 -681.551941
v 472.088409 283.833588 -679.179993
v 472.257446 283.797272 -678.970154
v 458.283661 290.166229 -673.569702
v 460.784332 286.902924 -675.009644
v 460.957794 286.865692 -674.794312
v 458.452759 290.129974 -673.359741
v 455.852722 293.526825 -671.457153
v 456.021729 293.490570 -671.247253
v 471.271210 302.164795 -674.286499
v 480.593506 301.188324 -675.963379
v 489.565247 300.231689 -677.357422
v 498.401520 299.266602 -678.435120
v 508.118469 296.616821 -678.034668
v 508.289001 298.053711 -677.923462
v 463.353149 302.865631 -671.203491
v 455.242798 303.517456 -667.191040
v 449.252106 304.065735 -665.091980
v 492.579010 322.064789 -679.121460
v 490.177979 320.939941 -678.627991
v 490.351349 320.902710 -678.412720
v 492.747986 322.028442 -678.911621
v 476.418793 320.327118 -676.354858
v 476.587799 320.290863 -676.144958
v 465.098724 282.870880 -677.588013
v 463.575195 283.617340 -676.687134
v 465.529449 283.458313 -677.833191
v 465.357880 283.036224 -677.768066
v 482.743286 274.440582 -681.923401
v 479.519623 276.012146 -681.534241
v 507.496521 284.248688 -681.358521
v 508.459534 299.490509 -677.812134
v 464.637573 319.375488 -672.495789
v 461.420807 316.603851 -671.522949
v 461.594299 316.566620 -671.307556
v 464.806641 319.339203 -672.285828
v 458.237030 313.620422 -669.901611
v 468.146027 322.137146 -673.705261
v 469.817444 322.636536 -674.509644
v 470.034119 322.444641 -674.717285
v 470.103943 322.009125 -674.848938
v 447.868439 304.221954 -664.987427
v 485.506989 326.469147 -677.628174
v 489.014343 327.287872 -677.832336
v 495.905548 322.098785 -679.164917
v 511.014343 313.440979 -679.141968
v 511.284058 317.504242 -680.084717
v 458.410492 313.583160 -669.686340
v 463.748657 283.580048 -676.471802
v 465.267792 282.834534 -677.378113
v 465.531281 282.998962 -677.552673
v 465.702881 283.421082 -677.617859
v 479.693054 275.974884 -681.318970
v 482.916779 274.403351 -681.708130
v 468.315063 322.100769 -673.495300
v 469.986511 322.600189 -674.299683
v 470.273010 321.972839 -674.638916
v 470.203156 322.408356 -674.507385
v 485.675995 326.432892 -677.418274
v 489.187805 327.250732 -677.617004
v 496.074585 322.062408 -678.955078
v 511.457458 317.467010 -679.869324
v 471.440308 302.128479 -674.076599
v 480.762543 301.152069 -675.753479
v 489.734283 300.195374 -677.147522
v 498.570587 299.230286 -678.225159
v 508.287537 296.580536 -677.824829
v 508.458008 298.017456 -677.713623
v 463.522156 302.829346 -670.993713
v 455.411896 303.481171 -666.981140
v 507.665527 284.212341 -681.148621
v 508.628540 299.454254 -677.602356
v 511.183350 313.404633 -678.932068
v 511.453125 317.467987 -679.874756
v 444.364319 312.843597 -669.529724
v 443.276672 312.988190 -670.161743
v 443.187103 313.052155 -670.363647
v 511.875916 368.339813 -757.678711
v 513.110535 365.055115 -754.174255
v 509.170227 365.387421 -753.282410
v 515.725464 359.172241 -744.836731
v 512.976318 352.547455 -739.846680
v 509.850830 356.280365 -742.593262
v 506.947815 338.983124 -726.443542
v 503.998657 335.608398 -722.246521
v 501.696533 337.606079 -723.039856
v 488.271667 325.000061 -703.145996
v 492.052185 322.926361 -701.519470
v 489.155975 321.498840 -699.774109
v 479.262390 315.664673 -691.766785
v 476.720825 315.074066 -690.320557
v 474.601929 317.341034 -691.818359
v 501.663361 369.471863 -758.089783
v 503.261536 371.251251 -760.433044
v 504.508118 371.085510 -759.708679
v 445.389465 312.541107 -668.455444
v 445.610931 312.677856 -668.805359
v 447.783539 310.918701 -666.928223
v 450.509033 315.702942 -676.542664
v 451.326050 314.210419 -673.012329
v 496.225494 366.386993 -759.823181
v 494.487427 367.531158 -764.995544
v 498.724121 370.088409 -765.320862
v 485.646179 359.963715 -757.116211
v 479.811981 356.956818 -759.117432
v 484.082855 363.379303 -763.223267
v 469.886749 341.951569 -741.748535
v 465.667450 340.704742 -744.519592
v 468.525482 344.091583 -748.769592
v 450.690002 326.613098 -722.125488
v 451.088959 328.372650 -725.321899
v 455.799103 329.321198 -722.083069
v 450.347870 320.619965 -706.047668
v 447.238434 318.993896 -707.451904
v 447.385406 319.902893 -710.289490
v 505.795044 371.320068 -758.962158
v 504.276489 369.603302 -756.741516
v 504.548431 371.485809 -759.686523
v 444.231750 315.145020 -677.070862
v 441.669098 314.109955 -676.482849
v 444.651398 317.238281 -681.601440
v 511.916260 368.740143 -757.656494
v 513.150879 365.455414 -754.152039
v 509.207581 365.758484 -753.261841
v 515.765808 359.572540 -744.814514
v 513.013672 352.918488 -739.826111
v 509.888245 356.651428 -742.572693
v 506.985229 339.354156 -726.422974
v 504.038971 336.008698 -722.224365
v 501.733887 337.977112 -723.019287
v 488.309082 325.371002 -703.125427
v 492.089539 323.297363 -701.498901
v 489.193359 321.869843 -699.753540
v 479.299774 316.035706 -691.746216
v 476.761139 315.474365 -690.298340
v 474.639313 317.712067 -691.797791
v 501.700745 369.842926 -758.069214
v 503.301849 371.651550 -760.410889
v 496.262878 366.758026 -759.802612
v 494.527771 367.931458 -764.973328
v 498.764465 370.488739 -765.298645
v 485.546448 360.545593 -756.811462
v 479.715179 357.568024 -758.811035
v 483.986053 363.990479 -762.916809
v 469.924133 342.322510 -741.727966
v 465.704834 341.075775 -744.499023
v 468.565796 344.491882 -748.747375
v 450.727386 326.984100 -722.104919
v 451.126312 328.743652 -725.301331
v 455.836487 329.692200 -722.062500
v 450.385254 320.990997 -706.027100
v 447.278748 319.394196 -707.429688
v 447.422791 320.273926 -710.268921
v 442.896271 312.872589 -669.904175
v 440.021393 311.950714 -671.438599
v 441.357849 314.340210 -676.382263
v 441.320496 313.969177 -676.402832
v 441.347290 314.348511 -676.329041
v 505.754730 370.919769 -758.984314
v 504.239105 369.232330 -756.762085
v 439.315247 311.220245 -669.855469
v 441.870026 311.792877 -668.385193
v 448.015839 316.034424 -677.991394
v 447.200012 317.117828 -692.727844
v 447.221741 318.203766 -696.517029
v 455.394745 318.911774 -690.031738
v 452.469727 322.264374 -710.175415
v 462.273315 322.659698 -701.011963
v 453.877411 324.002838 -712.315857
v 454.998077 326.781433 -716.693237
v 469.609955 329.268768 -712.125916
v 463.245300 334.652100 -730.822693
v 464.096497 335.846405 -733.487854
v 476.584991 335.876587 -722.617798
v 455.336365 333.882324 -736.262024
v 456.809448 334.547424 -736.928650
v 458.403442 334.299713 -735.357544
v 465.716248 338.175293 -736.350464
v 477.419067 346.911743 -746.987183
v 483.339508 342.716736 -732.676941
v 488.092560 366.100189 -764.647095
v 491.101593 366.706635 -764.028259
v 494.111725 366.099060 -759.576355
v 497.554382 364.897186 -752.065125
v 500.712219 371.626373 -762.566895
v 446.454803 310.381500 -665.740845
v 444.363220 311.461395 -666.936462
v 454.521271 315.784943 -675.557617
v 467.038330 315.570221 -685.023621
v 463.723938 314.926056 -683.148499
v 457.887939 318.580292 -688.583008
v 477.848267 318.892090 -695.463684
v 464.766510 322.328217 -699.563232
v 478.883087 320.703522 -697.832153
v 495.084412 331.728638 -715.522400
v 493.024658 330.608429 -713.359436
v 479.078186 335.545105 -721.169067
v 500.495087 328.739197 -711.544250
v 500.493683 327.878418 -710.022461
v 498.341156 328.989807 -712.151001
v 497.415375 334.109619 -718.194336
v 485.832703 342.385254 -731.228210
v 503.454071 344.042358 -732.783386
v 515.572876 362.446533 -748.679138
v 513.729919 363.698090 -750.879639
v 500.047577 364.565704 -750.616394
v 509.815796 364.507080 -750.984863
v 508.870667 370.541656 -757.826294
v 482.345917 323.184753 -700.900940
v 472.103149 328.937286 -710.677185
v 439.355591 311.620544 -669.833313
v 440.061737 312.351013 -671.416443
v 441.910370 312.193207 -668.363037
v 442.933624 313.243561 -669.883606
v 444.269135 315.516083 -677.050293
v 444.688782 317.609314 -681.580872
v 448.053223 316.405365 -677.970825
v 447.237396 317.488861 -692.707275
v 447.259125 318.574799 -696.496460
v 455.432098 319.282806 -690.011230
v 452.507111 322.635406 -710.154846
v 462.310699 323.030701 -700.991455
v 453.914795 324.373871 -712.295288
v 455.035461 327.152527 -716.672668
v 469.647339 329.639801 -712.105347
v 463.282684 335.023041 -730.802124
v 464.133881 336.217407 -733.467285
v 476.622375 336.247620 -722.597229
v 455.376678 334.282623 -736.239807
v 456.849762 334.947723 -736.906433
v 458.443756 334.700012 -735.335327
v 465.753632 338.546326 -736.329895
v 477.456451 347.282745 -746.966614
v 483.376892 343.087769 -732.656372
v 494.011963 366.681000 -759.271484
v 497.591766 365.268127 -752.044556
v 447.823883 311.319000 -666.906067
v 446.495148 310.781799 -665.718628
v 444.403564 311.861725 -666.914307
v 445.426819 312.912079 -668.434875
v 454.558655 316.155975 -675.537048
v 451.363434 314.581421 -672.991760
v 450.546417 316.073883 -676.522095
v 467.075745 315.941315 -685.003052
v 463.761322 315.297119 -683.127930
v 457.925293 318.951324 -688.562500
v 477.885651 319.263123 -695.443115
v 464.803894 322.699219 -699.542725
v 478.920441 321.074493 -697.811584
v 495.121826 332.099640 -715.501831
v 493.062042 330.979492 -713.338867
v 479.115570 335.916138 -721.148499
v 500.532440 329.110138 -711.523682
v 500.533997 328.278717 -710.000244
v 498.378510 329.360748 -712.130432
v 497.452759 334.480682 -718.173767
v 485.870087 342.756287 -731.207642
v 503.491455 344.413483 -732.762817
v 451.963898 312.930084 -670.219421
v 500.084961 364.936646 -750.595825
v 509.853149 364.878052 -750.964294
v 482.383301 323.555817 -700.880371
v 472.140533 329.308319 -710.656616
v 488.132874 366.500488 -764.624939
v 491.001892 367.288513 -763.723572
v 449.262421 315.868683 -677.267029
v 507.629822 343.307556 -733.311707
v 484.996979 320.563049 -698.379028
v 481.086548 316.912689 -694.551392
v 498.800964 364.731445 -751.340759
v 451.926544 312.559052 -670.239990
v 474.938751 347.653992 -752.307495
v 451.288513 325.044769 -717.965942
v 449.150299 321.158783 -713.108521
v 474.979095 348.054230 -752.285339
v 471.644073 348.422791 -752.873413
v 474.064240 349.955994 -753.909485
v 473.474762 350.025818 -754.098145
v 473.819855 349.987396 -754.031738
v 509.871155 345.195282 -733.103210
v 510.098389 345.163971 -732.951416
v 510.327026 345.126129 -732.684448
v 509.830139 343.316071 -730.684570
v 507.667236 343.678497 -733.291138
v 498.838348 365.102386 -751.320190
v 443.198792 314.745789 -687.418457
v 513.770264 364.098419 -750.857483
v 485.037323 320.963348 -698.356812
v 481.126892 317.312988 -694.529175
v 451.328857 325.445068 -717.943726
v 449.190643 321.559082 -713.086304
v 444.142853 312.706848 -669.179810
v 471.603760 348.022552 -752.895569
v 474.023926 349.555756 -753.931702
v 473.434448 349.625580 -754.120361
v 473.779541 349.587158 -754.053955
v 509.830811 344.795044 -733.125427
v 510.058044 344.763733 -732.973633
v 510.286682 344.725891 -732.706665
v 509.792725 342.945129 -730.705139
v 443.236176 315.116852 -687.397888
v 480.998260 352.234375 -751.661560
v 476.743103 351.268646 -755.417542
v 476.745453 314.718750 -685.854614
v 476.705109 314.318451 -685.876831
v 478.723297 314.743286 -687.992188
v 478.763611 315.143585 -687.969971
v 463.519897 322.493958 -700.287598
v 470.856537 329.103027 -711.401550
v 477.831573 335.710846 -721.893433
v 484.586090 342.550995 -731.952576
v 490.227600 352.302673 -742.337769
v 491.474182 352.136932 -741.613403
v 456.641327 318.746033 -689.307373
v 443.089539 317.166199 -699.201233
v 443.287231 318.761536 -705.294983
v 444.224487 319.330078 -708.038391
v 444.625580 319.308167 -708.372314
v 445.122559 319.258026 -708.371216
v 451.756866 329.692932 -729.447266
v 453.248260 332.564087 -733.775391
v 460.063904 333.220428 -732.913757
v 480.960907 351.863342 -751.682129
v 492.720795 351.971191 -740.889038
v 460.630951 312.428101 -677.289185
v 466.123596 312.520630 -680.301880
v 471.261078 313.420654 -682.831604
v 478.567413 314.811371 -688.937439
v 478.814453 314.762573 -688.506165
v 443.116608 311.627136 -667.660828
v 499.096069 326.468384 -707.134644
v 495.531006 323.872955 -704.011475
v 495.244049 328.543030 -712.471619
v 500.990845 332.611633 -717.866211
v 506.344482 348.495483 -737.059875
v 510.110168 346.456299 -736.027832
v 498.250397 329.758514 -714.646545
v 482.845581 319.191589 -697.379333
v 476.705719 350.897583 -755.438110
v 462.754242 337.695374 -740.084351
v 460.737274 334.746063 -736.444275
v 451.185577 323.400940 -715.776001
v 443.187531 315.570099 -693.629272
v 443.327576 319.161835 -705.272766
v 443.129883 317.566528 -699.179016
v 444.264801 319.730377 -708.016174
v 444.665894 319.708466 -708.350098
v 445.162872 319.658325 -708.348999
v 451.797180 330.093231 -729.425049
v 453.288605 332.964417 -733.753174
v 460.104248 333.620728 -732.891602
v 500.752533 372.026672 -762.544739
v 460.668335 312.799164 -677.268616
v 466.163940 312.920868 -680.279663
v 471.301422 313.820984 -682.809387
v 478.607727 315.211670 -688.915222
v 478.854767 315.162872 -688.483948
v 443.156952 312.027466 -667.638672
v 495.571320 324.273254 -703.989258
v 499.136414 326.868713 -707.112427
v 495.284393 328.943329 -712.449463
v 501.031189 333.011932 -717.844055
v 510.150513 346.856537 -736.005615
v 515.613220 362.846832 -748.656982
v 508.911011 370.941956 -757.804138
v 498.290710 330.158813 -714.624390
v 482.882965 319.562531 -697.358765
v 462.794586 338.095673 -740.062195
v 460.777588 335.146362 -736.422119
v 451.225891 323.801178 -715.753784
v 443.227875 315.970337 -693.607056
v 463.557281 322.864960 -700.267090
v 470.893921 329.474060 -711.380981
v 477.868958 336.081879 -721.872864
v 484.623474 342.922028 -731.932007
v 490.264984 352.673706 -742.317200
v 491.511566 352.507965 -741.592834
v 456.678680 319.117065 -689.286865
v 449.299805 316.239624 -677.246460
v 444.180206 313.077820 -669.159241
v 492.758179 352.342224 -740.868469
v 506.381897 348.866516 -737.039307
v 484.696716 269.640778 -779.157043
v 483.413239 270.672729 -775.928589
v 485.333557 269.272430 -778.786072
v 436.539978 302.900360 -656.391785
v 436.730408 302.729034 -660.280640
v 431.386505 304.647095 -649.200806
v 483.720764 272.335449 -782.629456
v 481.540558 274.919006 -780.336914
v 479.394043 275.054657 -775.034180
v 479.170624 276.181976 -777.953796
v 475.183014 279.905151 -774.027100
v 469.797394 288.603485 -752.614441
v 470.038788 289.664307 -756.272217
v 465.568268 292.922852 -749.567749
v 451.555786 300.990051 -713.944885
v 450.405060 303.033630 -715.357483
v 449.553650 303.641357 -711.458862
v 445.228577 306.513275 -696.343811
v 444.410034 306.624603 -693.070129
v 445.286652 304.732513 -692.889709
v 484.617065 269.992157 -775.010925
v 485.970398 268.904022 -778.415161
v 430.112793 305.383820 -649.942627
v 435.456696 303.465820 -661.022461
v 432.964325 304.985352 -658.556396
v 491.054718 269.415741 -774.795532
v 490.439697 268.448944 -778.716187
v 487.111359 273.522552 -760.418579
v 489.787537 274.295776 -757.098755
v 491.348541 270.554321 -764.611694
v 485.197388 281.568542 -738.135010
v 486.739929 280.003723 -746.544861
v 482.491302 281.369019 -744.036926
v 469.205048 292.274139 -700.013184
v 471.332306 290.928528 -703.168701
v 468.198486 291.385040 -704.339050
v 457.773682 297.518097 -685.791199
v 459.471985 297.912262 -684.297485
v 461.513763 297.093201 -686.858765
v 431.995056 305.162720 -646.122925
v 433.021301 304.625366 -648.081787
v 430.509613 305.346313 -647.000671
v 439.599426 301.102295 -660.731750
v 448.223114 300.500854 -671.909851
v 450.990448 299.459808 -675.177124
v 445.065155 300.921539 -676.385925
v 460.525269 296.423645 -691.065918
v 452.418213 298.594513 -691.321655
v 461.741821 295.350891 -694.147278
v 464.532013 293.367218 -698.966309
v 459.240265 294.538696 -707.062622
v 473.402161 288.374298 -718.060974
v 475.192017 287.503723 -721.071045
v 465.599152 290.487183 -722.004150
v 478.492249 287.093292 -716.191895
v 478.763275 286.843781 -717.985352
v 477.446350 287.399414 -717.923889
v 476.839020 286.025360 -724.984314
v 471.584503 286.297821 -736.441040
v 479.985596 283.796631 -733.176331
v 491.585999 269.343811 -769.277222
v 490.730896 269.495026 -771.220642
v 487.098877 270.775208 -769.863892
v 481.137634 272.789978 -766.258423
v 487.066345 270.901947 -771.775085
v 487.781311 268.065002 -778.198792
v 429.055725 306.919159 -650.391479
v 428.351318 307.200165 -648.288208
v 429.235901 306.083160 -647.742554
v 434.342621 304.136902 -663.397766
v 440.883240 305.313049 -681.091431
v 439.797852 305.378571 -676.845520
v 443.791443 301.658386 -677.127686
v 447.587158 303.918671 -698.646301
v 451.144501 299.331238 -692.063538
v 448.998260 302.720001 -701.628845
v 459.392670 296.655640 -730.325378
v 458.080109 297.242493 -726.780701
v 464.325470 291.223907 -722.745972
v 456.445221 299.753387 -730.984253
v 455.422394 300.437836 -729.628540
v 457.043091 299.201416 -729.807434
v 460.821625 295.274414 -734.650818
v 463.581085 293.291046 -742.442383
v 470.310791 287.034607 -737.182922
v 477.546936 277.464539 -777.454102
v 474.480896 281.010162 -767.188904
v 479.863922 273.526733 -767.000183
v 481.077545 274.181702 -776.519226
v 483.613342 270.475952 -780.626343
v 450.630432 301.414703 -707.189575
v 457.966553 295.275421 -707.804443
v 487.391846 279.195312 -744.431030
v 487.879028 278.361664 -747.076782
v 487.807312 278.446075 -747.290955
v 487.697754 278.515686 -747.380005
v 469.404846 289.097046 -758.034424
v 469.273468 289.166748 -758.085754
v 469.052063 289.251984 -758.042236
v 467.881897 290.480591 -755.794312
v 480.500793 273.158325 -766.629333
v 436.489014 303.244476 -653.398804
v 472.844604 284.096161 -766.966919
v 463.190643 294.975525 -743.379944
v 448.976074 303.710602 -706.906067
v 447.024567 305.749664 -700.229370
v 431.070648 306.378693 -656.554626
v 482.773193 283.648224 -731.974365
v 466.196930 293.749359 -696.875977
v 463.340088 296.312103 -690.726624
v 490.949921 269.174072 -774.855652
v 490.626190 269.253387 -771.280701
v 489.682739 274.054138 -757.158813
v 488.395294 277.950989 -750.901855
v 488.290527 277.709442 -750.961914
v 486.635193 279.762054 -746.604980
v 482.668427 283.406586 -732.034424
v 480.127625 285.501465 -725.661011
v 480.022858 285.259827 -725.721130
v 478.027405 287.380371 -720.720215
v 477.922668 287.138733 -720.780334
v 475.608582 288.569244 -717.099060
v 475.503784 288.327667 -717.159119
v 466.092224 293.507690 -696.936035
v 464.818085 294.971832 -694.798035
v 464.713318 294.730194 -694.858154
v 463.235321 296.070526 -690.786682
v 453.553772 298.961029 -674.057068
v 453.658569 299.202698 -673.996948
v 449.578735 300.753510 -669.295410
v 449.473969 300.511932 -669.355530
v 444.838562 301.870300 -664.088196
v 444.733795 301.628662 -664.148315
v 436.384277 303.002838 -653.458862
v 429.768005 305.473114 -647.431702
v 429.872803 305.714661 -647.371643
v 429.131165 305.841492 -647.802612
v 451.781342 298.962860 -691.692627
v 458.603424 294.907043 -707.433533
v 464.962280 290.855530 -722.375000
v 470.947662 286.666229 -736.812012
v 476.667938 280.452576 -750.974121
v 476.031097 280.820953 -751.344971
v 444.428314 301.290009 -676.756775
v 436.093536 303.097473 -660.651611
v 430.749634 305.015381 -649.571716
v 423.187958 306.951904 -634.665955
v 423.951691 306.766144 -634.161621
v 430.404846 305.104706 -647.060791
v 425.377380 306.940521 -633.528320
v 431.890289 304.921082 -646.183044
v 458.127625 297.648346 -679.362610
v 460.103882 297.174469 -682.432800
v 460.340851 297.218628 -683.023315
v 460.311188 297.327728 -683.410156
v 474.265106 289.809448 -707.252197
v 476.967590 287.830688 -712.335022
v 484.884827 278.375702 -751.287537
v 475.394257 281.189362 -751.715942
v 422.505035 307.396027 -635.052368
v 428.246521 306.958527 -648.348267
v 421.892822 308.836639 -635.427002
v 435.932861 307.021667 -669.275208
v 437.861237 307.531403 -676.120117
v 442.479248 307.369202 -692.697998
v 441.055206 307.523712 -689.306213
v 439.266327 307.527740 -682.379517
v 443.224945 307.211029 -693.361816
v 442.874512 307.321838 -693.196350
v 453.544983 301.379272 -725.977112
v 451.901947 302.745209 -720.277283
v 457.635712 298.965424 -727.567078
v 460.593353 296.800781 -737.038452
v 472.016083 285.860168 -758.946350
v 471.329712 287.822449 -760.841492
v 458.862762 298.465912 -731.882385
v 448.643646 304.327728 -704.218567
v 428.106384 307.109833 -648.386902
v 421.964417 308.914703 -635.516113
v 487.287048 278.953674 -744.491089
v 485.092590 281.326874 -738.195068
v 487.774261 278.119995 -747.136841
v 487.702545 278.204437 -747.351013
v 487.593018 278.274017 -747.440063
v 469.300049 288.855408 -758.094543
v 469.933990 289.422668 -756.332336
v 469.168671 288.925171 -758.145874
v 468.947266 289.010345 -758.102356
v 467.777191 290.238983 -755.854370
v 465.463470 292.681183 -749.627869
v 484.591949 269.399139 -779.217163
v 485.228760 269.030762 -778.846191
v 432.916504 304.383698 -648.141907
v 481.435852 274.677460 -780.396973
v 483.615997 272.093811 -782.689575
v 472.739838 283.854523 -767.027039
v 475.078217 279.663513 -774.087219
v 463.085846 294.733948 -743.440063
v 449.448883 303.399719 -711.518921
v 450.300323 302.791992 -715.417603
v 448.871338 303.468964 -706.966125
v 445.123810 306.271637 -696.403931
v 446.919800 305.508026 -700.289490
v 444.305237 306.383026 -693.130188
v 485.865601 268.662384 -778.475342
v 428.950958 306.677490 -650.451538
v 430.965851 306.137054 -656.614746
v 490.334900 268.207336 -778.776245
v 491.243774 270.312775 -764.671814
v 469.100281 292.032532 -700.073303
v 471.227509 290.686859 -703.228760
v 461.408966 296.851532 -686.918823
v 459.367188 297.670624 -684.357544
v 458.022888 297.406586 -679.422668
v 459.999146 296.932892 -682.492859
v 460.236145 296.976990 -683.083374
v 460.206421 297.086090 -683.470276
v 474.160400 289.567902 -707.312256
v 476.862823 287.589111 -712.395081
v 478.658508 286.602142 -718.045471
v 478.387482 286.851715 -716.251953
v 477.341583 287.157776 -717.983948
v 491.481293 269.102112 -769.337280
v 487.676575 267.823364 -778.258850
v 435.828094 306.780121 -669.335266
v 437.756439 307.289764 -676.180176
v 440.950409 307.282013 -689.366272
v 442.374481 307.127563 -692.758057
v 439.161530 307.286163 -682.439636
v 443.120148 306.969391 -693.421936
v 442.769806 307.080170 -693.256409
v 451.797150 302.503662 -720.337402
v 453.440216 301.137695 -726.037231
v 456.340454 299.511749 -731.044312
v 456.938293 298.959869 -729.867554
v 455.317596 300.196289 -729.688660
v 457.531036 298.723785 -727.627136
v 460.488617 296.559143 -737.098572
v 471.224915 287.580811 -760.901550
v 477.442139 277.222870 -777.514160
v 479.065826 275.940369 -778.013916
v 483.508575 270.234314 -780.686462
v 458.758057 298.224335 -731.942505
v 448.538910 304.086090 -704.278625
vn 0.2913 0.8100 0.5089
vn -0.0885 0.9532 0.2891
vn 0.2155 0.8567 0.4686
vn -0.8680 0.0160 -0.4963
vn -0.8957 0.2690 -0.3541
vn -0.7561 0.6275 -0.1858
vn 0.2914 0.8100 0.5090
vn 0.3069 0.8264 0.4722
vn 0.3265 0.7942 0.5126
vn 0.1694 0.8618 0.4781
vn 0.1455 0.8345 0.5314
vn 0.2066 0.9081 0.3644
vn 0.1703 0.8613 0.4786
vn 0.2331 0.8672 0.4400
vn 0.1734 0.8517 0.4946
vn 0.1304 0.9190 0.3721
vn 0.2376 0.8004 0.5504
vn 0.2530 0.8799 0.4022
vn 0.4022 0.7683 0.4980
vn 0.2793 0.8902 0.3598
vn 0.3083 0.8883 0.3403
vn -0.4180 0.9075 0.0427
vn -0.0884 0.9532 0.2891
vn -0.4379 0.8990 -0.0064
vn 0.2400 0.9320 0.2718
vn 0.2952 0.8922 0.3418
vn 0.0352 0.9897 0.1384
vn -0.3892 0.9211 0.0106
vn -0.4380 0.8990 -0.0065
vn -0.4554 0.8893 -0.0406
vn -0.4562 0.8739 0.1679
vn -0.3707 0.9094 0.1884
vn -0.5327 0.8283 0.1737
vn -0.2793 0.9540 0.1092
vn -0.3777 0.9207 0.0979
vn -0.2688 0.9463 0.1797
vn -0.4165 0.9076 0.0527
vn -0.2616 0.9626 0.0704
vn -0.2122 0.9727 0.0941
vn -0.2809 0.9591 -0.0349
vn -0.4205 0.9026 -0.0918
vn -0.2764 0.9589 -0.0639
vn -0.3218 0.9464 0.0290
vn -0.2829 0.9522 0.1150
vn -0.3686 0.9295 -0.0096
vn -0.3687 0.9295 -0.0096
vn -0.2829 0.9522 0.1151
vn -0.3158 0.9480 0.0398
vn -0.7561 0.6275 -0.1859
vn -0.8957 0.2692 -0.3539
vn -0.5166 0.8484 -0.1155
vn -0.2826 0.9580 -0.0482
vn -0.1793 0.9838 0.0041
vn -0.2491 0.9681 -0.0278
vn -0.2808 0.9591 -0.0348
vn -0.2196 0.9743 0.0493
vn -0.3458 0.9383 0.0071
vn -0.3459 0.9382 0.0072
vn -0.2916 0.9503 0.1086
vn -0.2801 0.9507 0.1330
vn -0.2123 0.9685 0.1301
vn -0.2554 0.9633 0.0826
vn -0.2358 0.9622 0.1364
vn -0.3604 0.9296 0.0778
vn -0.1657 0.9793 0.1162
vn -0.1029 0.9736 0.2035
vn -0.1688 0.9737 0.1534
vn -0.2358 0.9622 0.1365
vn -0.2906 0.9505 0.1097
vn -0.3776 0.9207 0.0981
vn -0.2843 0.9535 0.1002
vn -0.2853 0.9485 0.1376
vn -0.3706 0.9095 0.1885
vn -0.2431 0.9623 0.1219
vn -0.1730 0.9099 0.3771
vn -0.3258 0.9393 0.1073
vn -0.4561 0.8740 0.1678
vn -0.4501 0.8804 0.1496
vn -0.3255 0.9394 0.1073
vn -0.4500 0.8804 0.1497
vn -0.4017 0.9158 -0.0029
vn -0.6963 -0.5941 0.4027
vn -0.7358 -0.4693 0.4883
vn -0.8155 -0.3892 0.4284
vn -0.4180 0.9074 0.0427
vn -0.4019 0.9157 -0.0029
vn -0.4501 0.8804 0.1495
vn 0.3191 -0.9443 0.0808
vn 0.3149 -0.9489 -0.0208
vn 0.2099 -0.9776 -0.0158
vn 0.3480 -0.9314 0.1070
vn 0.3150 -0.9489 -0.0208
vn 0.3193 -0.9442 0.0808
vn 0.3498 0.8688 0.3505
vn 0.2950 0.8923 0.3417
vn 0.2362 0.9145 0.3285
vn 0.1907 0.9511 0.2430
vn 0.3840 0.8461 0.3697
vn 0.2476 0.8752 0.4156
vn 0.1771 0.9266 0.3316
vn 0.2792 0.8903 0.3597
vn 0.1581 0.8969 0.4131
vn 0.1771 0.9266 0.3318
vn 0.1964 0.8646 0.4624
vn 0.0943 0.9294 0.3569
vn 0.2278 0.8940 0.3859
vn 0.0673 0.9449 0.3204
vn -0.0007 0.9612 0.2759
vn 0.1019 0.9467 0.3056
vn 0.1316 0.8969 0.4223
vn 0.1963 0.8646 0.4626
vn 0.1655 0.8914 0.4220
vn 0.1702 0.8614 0.4786
vn 0.0974 0.9054 0.4133
vn -0.1505 0.9071 0.3930
vn 0.2064 0.9081 0.3643
vn 0.1454 0.8345 0.5314
vn 0.1475 0.7880 0.5978
vn 0.1693 0.8618 0.4782
vn 0.1178 0.8217 0.5577
vn 0.2455 0.8792 0.4083
vn 0.1177 0.8217 0.5577
vn 0.1692 0.8618 0.4781
vn -0.1432 -0.4636 0.8744
vn -0.2774 -0.4911 0.8257
vn -0.2487 -0.6487 0.7192
vn 0.2455 0.8792 0.4084
vn 0.2155 0.8567 0.4687
vn 0.1178 0.8217 0.5576
vn 0.1303 0.9190 0.3720
vn 0.0818 0.9329 0.3508
vn 0.1177 0.8915 0.4374
vn -0.2686 0.9463 0.1797
vn 0.1214 0.8437 0.5228
vn -0.2793 0.9540 0.1091
vn 0.1041 0.7990 0.5923
vn 0.1214 0.8437 0.5229
vn 0.1042 0.7990 0.5923
vn -0.0114 0.7966 0.6044
vn 0.0980 0.9947 0.0327
vn -0.0115 0.7966 0.6043
vn -0.4327 0.8479 0.3063
vn -0.4580 0.8674 0.1946
vn 0.0979 0.9947 0.0328
vn -0.4326 0.8479 0.3064
vn 0.1736 0.8514 0.4949
vn -0.4580 0.8674 0.1947
vn 0.1736 0.8514 0.4950
vn -0.3915 0.9062 0.1600
vn -0.4579 0.8674 0.1946
vn 0.2332 0.8672 0.4400
vn -0.3914 0.9062 0.1600
vn -0.1331 0.9281 0.3478
vn 0.1177 0.8217 0.5576
vn -0.5153 0.8540 -0.0722
vn -0.2079 0.9780 -0.0184
vn -0.5153 0.8539 -0.0722
vn 0.2156 0.8567 0.4687
vn 0.3069 0.8264 0.4721
vn 0.1474 0.7880 0.5977
vn 0.1454 0.8345 0.5315
vn 0.1475 0.7879 0.5979
vn 0.1829 0.7211 0.6683
vn 0.1455 0.8345 0.5315
vn 0.1656 0.8913 0.4221
vn 0.4668 0.6564 0.5927
vn 0.1178 0.8915 0.4375
vn 0.1896 0.8125 0.5513
vn 0.2477 0.8751 0.4157
vn 0.3887 0.7564 0.5261
vn -0.4179 0.9075 0.0427
vn -0.4500 0.8804 0.1496
vn 0.2398 0.9320 0.2718
vn 0.5413 0.6543 0.5281
vn 0.2951 0.8922 0.3418
vn 0.3479 -0.9314 0.1072
vn 0.3192 -0.9442 0.0809
vn 0.3202 -0.9341 0.1577
vn -0.3892 0.9211 0.0107
vn -0.4180 0.9074 0.0426
vn -0.3257 0.9394 0.1074
vn -0.3707 0.9095 0.1883
vn -0.4559 0.8740 0.1679
vn -0.2432 0.9623 0.1218
vn -0.2844 0.9535 0.1002
vn -0.2794 0.9540 0.1091
vn -0.4182 0.9083 0.0006
vn -0.2843 0.9535 0.1003
vn -0.3777 0.9207 0.0980
vn -0.2802 0.9507 0.1331
vn -0.4165 0.9076 0.0528
vn -0.5075 0.8605 0.0447
vn -0.3459 0.9382 0.0070
vn -0.3459 0.9383 0.0071
vn -0.4459 0.8928 -0.0633
vn 0.4947 -0.0772 0.8656
vn 0.4363 -0.0724 0.8969
vn 0.4526 -0.0738 0.8887
vn 0.2829 -0.0594 0.9573
vn 0.7924 -0.0978 0.6022
vn 0.8150 -0.0991 0.5709
vn 0.7811 -0.0972 0.6168
vn 0.8269 -0.0996 0.5535
vn 0.8408 -0.1005 0.5320
vn 0.8407 -0.1002 0.5322
vn 0.8150 -0.0989 0.5709
vn 0.8214 -0.0994 0.5616
vn 0.8150 -0.0990 0.5709
vn 0.8288 -0.0997 0.5506
vn 0.8572 -0.1010 0.5049
vn 0.8783 -0.1018 0.4672
vn 0.8783 -0.1018 0.4671
vn 0.9003 -0.1025 0.4231
vn 0.8573 -0.1010 0.5049
vn 0.9002 -0.1028 0.4231
vn 0.9483 -0.1032 0.3003
vn 0.8827 -0.1020 0.4588
vn 0.9564 -0.1031 0.2731
vn 0.8374 -0.1002 0.5374
vn 0.8373 -0.1002 0.5375
vn 0.8050 -0.0985 0.5851
vn 0.8826 -0.1020 0.4588
vn 0.8100 -0.0988 0.5780
vn 0.9346 -0.1032 0.3403
vn 0.9361 -0.1032 0.3364
vn 0.9313 -0.1032 0.3493
vn 0.9346 -0.1033 0.3403
vn 0.9341 -0.1032 0.3417
vn 0.9547 -0.1032 0.2790
vn 0.9360 -0.1032 0.3364
vn 0.9657 -0.1030 0.2384
vn 0.9657 -0.1030 0.2383
vn 0.9611 -0.1031 0.2563
vn 0.9392 -0.1032 0.3274
vn 0.5748 -0.0297 -0.8177
vn 0.5748 -0.0300 -0.8177
vn -0.0218 0.9797 0.1993
vn -0.2122 0.9685 0.1301
vn -0.2195 0.9744 0.0494
vn -0.0217 0.9797 0.1993
vn -0.0568 0.9674 0.2468
vn -0.2122 0.9685 0.1302
vn -0.0671 0.9631 0.2605
vn -0.0671 0.9631 0.2606
vn -0.2853 0.9485 0.1377
vn -0.0672 0.9631 0.2605
vn -0.1151 0.9389 0.3242
vn -0.1152 0.9389 0.3243
vn -0.4385 0.8854 0.1539
vn -0.1151 0.9389 0.3243
vn -0.1741 0.8994 0.4009
vn -0.4386 0.8854 0.1541
vn -0.1742 0.8994 0.4008
vn -0.1331 0.9280 0.3479
vn -0.1792 0.9838 0.0042
vn 0.0271 0.9909 0.1320
vn 0.0272 0.9909 0.1321
vn -0.2078 0.9780 -0.0183
vn 0.0144 0.9886 0.1496
vn -0.1791 0.9838 0.0042
vn -0.2078 0.9780 -0.0184
vn 0.0144 0.9886 0.1497
vn -0.3157 0.9480 0.0398
vn -0.0207 0.9800 0.1980
vn -0.0142 0.9953 0.0956
vn -0.2582 0.9639 -0.0649
vn -0.0523 0.9967 0.0627
vn -0.0141 0.9953 0.0958
vn -0.1696 0.9855 -0.0050
vn -0.2583 0.9639 -0.0649
vn -0.3477 0.9291 -0.1256
vn -0.4426 0.8778 -0.1831
vn -0.1698 0.9855 -0.0050
vn -0.3476 0.9292 -0.1255
vn -0.2825 0.9580 -0.0483
vn -0.8869 0.3506 -0.3009
vn -0.5165 0.8484 -0.1155
vn -0.2003 0.9797 0.0053
vn 0.1195 0.9804 0.1569
vn 0.2105 0.9565 0.2018
vn -0.2002 0.9797 0.0053
vn -0.2763 0.9590 -0.0639
vn 0.1194 0.9804 0.1568
vn 0.0978 0.9947 0.0327
vn -0.2763 0.9590 -0.0638
vn 0.0979 0.9947 0.0327
vn -0.2915 0.9504 0.1087
vn -0.2801 0.9507 0.1331
vn -0.2123 0.9685 0.1300
vn -0.8293 0.4538 -0.3261
vn -0.2121 0.9727 0.0942
vn -0.2664 0.9628 0.0457
vn -0.0701 0.9743 0.2141
vn -0.2122 0.9685 0.1300
vn -0.1028 0.9736 0.2036
vn -0.2664 0.9628 0.0458
vn -0.4386 0.8854 0.1539
vn -0.4982 0.8530 0.1554
vn -0.2854 0.9485 0.1376
vn -0.4982 0.8530 0.1555
vn -0.4561 0.8739 0.1680
vn 0.0817 0.9329 0.3508
vn 0.1770 0.9267 0.3316
vn -0.0569 0.9674 0.2467
vn 0.0943 0.9294 0.3568
vn -0.0671 0.9632 0.2604
vn -0.0672 0.9631 0.2606
vn 0.1183 0.8245 0.5534
vn -0.1152 0.9389 0.3242
vn 0.0974 0.9053 0.4134
vn 0.1176 0.8217 0.5577
vn 0.1906 0.9511 0.2428
vn 0.1771 0.9267 0.3316
vn 0.0352 0.9898 0.1384
vn 0.0145 0.9886 0.1497
vn 0.1907 0.9511 0.2429
vn 0.0535 0.9887 0.1398
vn -0.0521 0.9967 0.0629
vn 0.0534 0.9887 0.1399
vn 0.0314 0.9915 0.1263
vn 0.6007 0.7150 0.3577
vn 0.5802 0.7345 0.3519
vn 0.1812 -0.9831 0.0260
vn 0.5463 0.6526 0.5250
vn 0.3841 0.8460 0.3697
vn 0.3499 0.8687 0.3505
vn 0.5462 0.6527 0.5250
vn 0.2990 0.8559 0.4219
vn 0.3841 0.8461 0.3697
vn -0.0272 0.9982 0.0530
vn 0.2749 0.8996 0.3394
vn -0.1023 0.9946 -0.0194
vn -0.0271 0.9982 0.0531
vn 0.3082 0.8884 0.3402
vn 0.2749 0.8996 0.3393
vn 0.3083 0.8884 0.3402
vn -0.2828 0.9522 0.1152
vn -0.0873 0.9537 0.2877
vn -0.3156 0.9480 0.0399
vn 0.1580 0.8969 0.4130
vn 0.1177 0.8916 0.4374
vn 0.0819 0.9328 0.3509
vn 0.1770 0.9266 0.3317
vn 0.6427 0.2747 0.7152
vn -0.0210 0.9683 0.2489
vn 0.2149 0.8969 0.3866
vn 0.2528 0.8800 0.4021
vn 0.2279 0.8939 0.3860
vn 0.2151 0.8968 0.3867
vn -0.0210 0.9683 0.2488
vn -0.0009 0.9612 0.2758
vn 0.2150 0.8968 0.3867
vn 0.4113 0.6983 0.5859
vn 0.4668 0.6564 0.5926
vn 0.1318 0.8968 0.4223
vn 0.4112 0.6983 0.5859
vn 0.1702 0.8613 0.4787
vn 0.1543 0.7753 0.6124
vn 0.1184 0.8245 0.5534
vn 0.0975 0.9053 0.4134
vn 0.1703 0.8613 0.4787
vn 0.2482 0.6868 0.6832
vn 0.1828 0.7211 0.6682
vn 0.1475 0.7879 0.5978
vn 0.1544 0.7753 0.6125
vn 0.2483 0.6868 0.6832
vn 0.2793 0.8903 0.3597
vn 0.2750 0.8996 0.3394
vn 0.1177 0.8216 0.5577
vn 0.1543 0.7753 0.6125
vn 0.1474 0.7879 0.5979
vn 0.1176 0.8216 0.5577
vn 0.2455 0.8792 0.4082
vn 0.2065 0.9081 0.3643
vn 0.2456 0.8792 0.4083
vn 0.2483 0.6868 0.6831
vn 0.1317 0.8969 0.4222
vn 0.1316 0.8969 0.4222
vn 0.3820 0.7014 0.6018
vn 0.1966 0.8645 0.4626
vn 0.3820 0.7013 0.6018
vn 0.1966 0.8645 0.4625
vn 0.2151 0.8967 0.3868
vn 0.1965 0.8646 0.4625
vn 0.1304 0.9190 0.3720
vn 0.2279 0.8939 0.3859
vn 0.0944 0.9294 0.3568
vn 0.2984 0.7564 0.5821
vn 0.1895 0.8125 0.5513
vn 0.1582 0.8968 0.4131
vn 0.2986 0.7563 0.5821
vn 0.1581 0.8968 0.4131
vn 0.3887 0.7563 0.5262
vn 0.2985 0.7563 0.5821
vn 0.1908 0.9511 0.2429
vn 0.3840 0.8460 0.3698
vn 0.3498 0.8688 0.3506
vn 0.1906 0.9511 0.2429
vn 0.0352 0.9898 0.1382
vn 0.3499 0.8688 0.3504
vn 0.1908 0.9511 0.2430
vn 0.3499 0.8688 0.3505
vn 0.5412 0.6543 0.5282
vn 0.2950 0.8923 0.3418
vn -0.2431 0.9623 0.1218
vn -0.4017 0.9158 -0.0028
vn -0.3891 0.9211 0.0107
vn -0.4983 0.8530 0.1555
vn -0.5571 0.8262 0.0837
vn -0.4561 0.8740 0.1679
vn -0.3778 0.9207 0.0980
vn -0.5570 0.8263 0.0836
vn -0.2688 0.9463 0.1798
vn -0.2907 0.9505 0.1096
vn -0.4820 0.8761 -0.0122
vn -0.4182 0.9084 0.0006
vn -0.3604 0.9295 0.0778
vn -0.4821 0.8760 -0.0121
vn -0.4932 0.8693 -0.0334
vn -0.2554 0.9633 0.0825
vn -0.4934 0.8691 -0.0336
vn -0.2665 0.9628 0.0457
vn -0.2616 0.9626 0.0703
vn -0.5076 0.8604 0.0448
vn -0.5452 0.8381 -0.0195
vn -0.2916 0.9504 0.1087
vn -0.2802 0.9507 0.1330
vn -0.5451 0.8381 -0.0196
vn -0.3460 0.9382 0.0070
vn -0.2917 0.9503 0.1086
vn -0.5451 0.8382 -0.0196
vn -0.2763 0.9589 -0.0638
vn -0.2003 0.9797 0.0051
vn -0.2004 0.9797 0.0052
vn -0.3464 0.9361 -0.0612
vn -0.2826 0.9580 -0.0481
vn -0.2004 0.9797 0.0051
vn -0.5165 0.8484 -0.1156
vn -0.4548 0.8886 -0.0589
vn -0.2826 0.9580 -0.0483
vn -0.3465 0.9361 -0.0613
vn 0.3117 0.9444 0.1041
vn -0.7561 0.6276 -0.1858
vn -0.5167 0.8483 -0.1156
vn -0.4550 0.8886 -0.0590
vn 0.3318 0.9018 0.2770
vn 0.6008 0.7149 0.3577
vn 0.8479 0.3393 0.4073
vn -0.0874 0.9537 0.2877
vn -0.0875 0.9538 0.2876
vn 0.7899 -0.0977 0.6054
vn 0.8087 -0.0987 0.5799
vn 0.7623 -0.0961 0.6401
vn 0.7899 -0.0976 0.6054
vn 0.8119 -0.0989 0.5754
vn 0.6800 -0.0909 0.7276
vn 0.7622 -0.0961 0.6402
vn 0.6203 -0.0867 0.7796
vn 0.7898 -0.0976 0.6055
vn -0.0767 -0.0253 0.9967
vn 0.6203 -0.0868 0.7796
vn -0.2452 -0.0078 0.9694
vn -0.0768 -0.0255 0.9967
vn 0.6800 -0.0909 0.7275
vn -0.4565 0.0157 0.8896
vn -0.2453 -0.0071 0.9694
vn -0.4566 0.0157 0.8896
vn -0.0769 -0.0253 0.9967
vn -0.2454 -0.0077 0.9694
vn -0.9912 0.0943 0.0934
vn 0.2449 -0.0557 0.9679
vn 0.2449 -0.0560 0.9679
vn -0.8279 0.0632 0.5573
vn -0.6821 0.0427 0.7300
vn -0.9101 0.0762 0.4073
vn -0.6821 0.0430 0.7300
vn -0.9403 0.1032 -0.3244
vn -0.9102 0.0759 0.4071
vn -0.9115 0.1028 -0.3983
vn -0.8280 0.0632 0.5571
vn -0.9102 0.0762 0.4072
vn -0.8570 0.1010 -0.5053
vn -0.9115 0.1028 -0.3982
vn -0.8337 0.0999 -0.5431
vn -0.8160 0.0991 -0.5695
vn -0.8337 0.0999 -0.5432
vn -0.8129 0.0989 -0.5739
vn -0.8569 0.1010 -0.5054
vn -0.3994 0.0091 0.9167
vn -0.5748 0.0297 0.8177
vn -0.2774 -0.4910 0.8258
vn -0.5748 0.0299 0.8177
vn 0.8804 -0.1019 0.4631
vn 0.9611 -0.1031 0.2564
vn 0.8714 -0.1016 0.4799
vn -0.9864 0.1014 -0.1293
vn -0.9915 0.1005 -0.0820
vn -0.9789 0.1022 -0.1767
vn -0.9916 0.1002 -0.0823
vn -0.8414 0.1003 -0.5310
vn -0.8783 0.1018 -0.4671
vn -0.8315 0.0999 -0.5465
vn -0.9126 0.1029 -0.3958
vn -0.8097 0.0987 -0.5784
vn -0.8128 0.0989 -0.5741
vn -0.8097 0.0987 -0.5785
vn -0.8129 0.0989 -0.5740
vn -0.6327 0.0876 -0.7694
vn -0.6807 0.0910 -0.7269
vn -0.5958 0.0850 -0.7987
vn -0.6328 0.0876 -0.7694
vn -0.6879 0.0914 -0.7200
vn -0.5775 0.0836 -0.8121
vn -0.5957 0.0850 -0.7987
vn -0.6003 0.0852 -0.7953
vn -0.6327 0.0876 -0.7695
vn -0.7699 0.0965 -0.6308
vn -0.8147 0.0991 -0.5713
vn -0.7188 0.0934 -0.6889
vn -0.7700 0.0965 -0.6308
vn -0.8196 0.0993 -0.5642
vn -0.6530 0.0890 -0.7521
vn -0.7187 0.0934 -0.6890
vn -0.6530 0.0891 -0.7521
vn -0.7699 0.0965 -0.6309
vn -0.7358 -0.4692 0.4883
vn -0.7935 0.0581 0.6058
vn -0.7181 0.0934 -0.6896
vn -0.7106 0.0929 -0.6974
vn -0.7228 0.0937 -0.6847
vn -0.7078 0.0927 -0.7003
vn 0.4103 -0.0704 0.9093
vn 0.4525 -0.0738 0.8887
vn 0.4101 -0.0703 0.9093
vn 0.4945 -0.0772 0.8657
vn 0.7335 -0.0944 0.6732
vn 0.6779 -0.0907 0.7295
vn 0.7334 -0.0944 0.6732
vn 0.7923 -0.0978 0.6022
vn 0.8119 -0.0989 0.5753
vn 0.9500 -0.1032 0.2947
vn 0.9565 -0.1031 0.2730
vn 0.9349 -0.1032 0.3394
vn 0.9483 -0.1032 0.3001
vn 0.9111 -0.1028 0.3992
vn 0.9349 -0.1032 0.3396
vn 0.9071 -0.1027 0.4082
vn 0.9111 -0.1028 0.3991
vn 0.9500 -0.1032 0.2948
vn 0.9349 -0.1032 0.3395
vn 0.8883 -0.1021 0.4479
vn 0.9255 -0.1031 0.3644
vn 0.8509 -0.1007 0.5156
vn 0.8882 -0.1022 0.4478
vn 0.8101 -0.0988 0.5780
vn 0.8508 -0.1007 0.5158
vn 0.8882 -0.1021 0.4479
vn 0.5685 -0.0290 -0.8221
vn 0.5697 -0.0291 -0.8213
vn 0.5685 -0.0291 -0.8222
vn 0.5716 -0.0292 -0.8200
vn 0.8713 -0.1016 0.4800
vn 0.8498 -0.1006 0.5174
vn 0.9167 -0.1030 0.3860
vn 0.9313 -0.1032 0.3494
vn 0.8983 -0.1025 0.4272
vn 0.8542 -0.1008 0.5100
vn 0.8299 -0.0997 0.5490
vn 0.8983 -0.1025 0.4273
vn 0.6233 -0.0870 0.7771
vn 0.8298 -0.0997 0.5490
vn 0.4918 -0.0770 0.8673
vn 0.6234 -0.0868 0.7771
vn 0.8542 -0.1008 0.5101
vn 0.8298 -0.0997 0.5491
vn -0.1154 -0.0214 0.9931
vn 0.4917 -0.0769 0.8674
vn -0.2726 -0.0048 0.9621
vn -0.1153 -0.0210 0.9931
vn 0.6233 -0.0869 0.7771
vn 0.4917 -0.0770 0.8674
vn -0.3493 0.0038 0.9370
vn -0.2726 -0.0043 0.9621
vn -0.3493 0.0036 0.9370
vn -0.1155 -0.0214 0.9931
vn 0.8935 -0.1024 0.4371
vn 0.9071 -0.1027 0.4083
vn 0.8838 -0.1021 0.4565
vn 0.8935 -0.1024 0.4372
vn 0.8521 -0.1008 0.5135
vn 0.8217 -0.0994 0.5611
vn 0.8522 -0.1008 0.5135
vn 0.8839 -0.1021 0.4564
vn 0.6214 -0.0869 0.7787
vn 0.7109 -0.0929 0.6971
vn 0.6214 -0.0868 0.7787
vn 0.7541 -0.0956 0.6497
vn 0.7109 -0.0930 0.6971
vn -0.9489 0.0834 0.3044
vn -0.9042 0.0751 0.4204
vn -0.9721 0.0885 0.2174
vn -0.9489 0.0831 0.3043
vn -0.9043 0.0749 0.4203
vn -0.9842 0.0918 0.1513
vn -0.9721 0.0885 0.2173
vn -0.9842 0.0916 0.1512
vn -0.9490 0.0834 0.3042
vn 0.7542 -0.0956 0.6497
vn 0.8217 -0.0994 0.5612
vn 0.7110 -0.0930 0.6970
vn 0.5012 -0.0777 0.8618
vn 0.3434 -0.0646 0.9370
vn 0.5013 -0.0777 0.8618
vn 0.7334 -0.0944 0.6733
vn 0.2827 -0.0593 0.9574
vn 0.3433 -0.0645 0.9370
vn 0.4362 -0.0725 0.8969
vn 0.5011 -0.0776 0.8619
vn 0.3433 -0.0646 0.9370
vn -0.9610 0.0860 0.2628
vn -0.9866 0.0924 0.1342
vn -0.9866 0.0930 0.1340
vn -0.7936 0.0582 0.6057
vn -0.8155 -0.3891 0.4284
vn -0.9610 0.0859 0.2629
vn -0.7333 0.0942 -0.6734
vn -0.7333 0.0946 -0.6733
vn -0.7182 0.0934 -0.6896
vn -0.5849 0.0311 0.8105
vn -0.5849 0.0305 0.8105
vn -0.6723 0.0903 -0.7348
vn -0.6345 0.0878 -0.7679
vn -0.6925 0.0917 -0.7156
vn -0.6722 0.0903 -0.7348
vn -0.6301 0.0874 -0.7716
vn -0.6346 0.0878 -0.7679
vn -0.7028 0.0924 -0.7053
vn -0.7657 0.0963 -0.6360
vn -0.6703 0.0902 -0.7366
vn -0.7941 0.0980 -0.5998
vn -0.7657 0.0963 -0.6359
vn -0.6407 0.0882 -0.7627
vn -0.6333 0.0876 -0.7689
vn -0.7027 0.0924 -0.7054
vn -0.8119 0.0608 0.5807
vn -0.7626 0.0537 0.6447
vn -0.8937 0.0735 0.4426
vn -0.8118 0.0614 0.5807
vn -0.7626 0.0541 0.6447
vn -0.9796 0.1022 -0.1733
vn -0.8938 0.0733 0.4424
vn -0.9390 0.1032 -0.3280
vn -0.9795 0.1022 -0.1733
vn -0.8119 0.0608 0.5806
vn -0.8938 0.0734 0.4424
vn -0.7942 0.0979 -0.5997
vn -0.9390 0.1032 -0.3281
vn -0.7658 0.0963 -0.6358
vn -0.7942 0.0982 -0.5997
vn -0.9795 0.1022 -0.1736
vn 0.5718 -0.0293 -0.8199
vn 0.5749 -0.0294 -0.8177
vn 0.5698 -0.0291 -0.8213
vn 0.5748 -0.0299 -0.8177
vn -0.7254 0.0939 -0.6819
vn -0.7683 0.0965 -0.6328
vn -0.7105 0.0929 -0.6975
vn -0.8028 0.0984 -0.5881
vn -0.0912 -0.0238 0.9955
vn 0.0328 -0.0361 0.9988
vn -0.0912 -0.0237 0.9956
vn 0.1222 -0.0446 0.9915
vn 0.0327 -0.0361 0.9988
vn -0.8933 0.1024 -0.4377
vn -0.9398 0.1032 -0.3258
vn -0.8633 0.1013 -0.4945
vn -0.9397 0.1034 -0.3259
vn -0.8028 0.0984 -0.5880
vn -0.8632 0.1013 -0.4945
vn -0.8932 0.1024 -0.4378
vn 0.1224 -0.0446 0.9915
vn 0.1883 -0.0505 0.9808
vn 0.0329 -0.0361 0.9988
vn 0.1885 -0.0505 0.9808
vn -0.8031 0.0984 -0.5877
vn -0.8097 0.0988 -0.5784
vn -0.7953 0.0980 -0.5983
vn -0.8032 0.0984 -0.5876
vn -0.8098 0.0987 -0.5784
vn -0.8314 0.0999 -0.5466
vn -0.7974 0.0980 -0.5955
vn -0.9951 0.0983 -0.0097
vn -0.9939 0.0961 0.0543
vn -0.9776 0.1022 -0.1841
vn -0.9951 0.0983 -0.0098
vn -0.9887 0.1010 -0.1111
vn -0.9939 0.0960 0.0542
vn -0.9126 0.1029 -0.3956
vn -0.9775 0.1023 -0.1843
vn -0.8784 0.1018 -0.4670
vn -0.9951 0.0983 -0.0099
vn -0.9775 0.1023 -0.1842
vn -0.0759 -0.0253 0.9968
vn -0.2774 -0.4911 0.8258
vn -0.1432 -0.4635 0.8744
vn -0.0760 -0.0253 0.9968
vn -0.3992 0.0091 0.9168
vn 0.2052 -0.0526 0.9773
vn -0.1431 -0.4636 0.8744
vn 0.2052 -0.0525 0.9773
vn -0.0757 -0.0253 0.9968
vn -0.9887 0.1009 -0.1112
vn -0.9789 0.1022 -0.1768
vn -0.9939 0.0960 0.0541
vn -0.9864 0.1013 -0.1293
vn -0.7819 0.0972 -0.6157
vn -0.7974 0.0981 -0.5955
vn -0.7819 0.0972 -0.6158
vn -0.7619 0.0961 -0.6405
vn -0.7335 0.0944 -0.6731
vn -0.6996 0.0922 -0.7086
vn -0.6996 0.0920 -0.7086
vn -0.7619 0.0961 -0.6406
vn -0.7271 0.0939 -0.6800
vn -0.6003 0.0852 -0.7952
vn -0.7857 0.0974 -0.6109
vn -0.7271 0.0939 -0.6801
vn -0.5776 0.0836 -0.8120
vn -0.6002 0.0852 -0.7953
vn -0.7858 0.0974 -0.6107
vn -0.7272 0.0939 -0.6799
vn -0.6925 0.0917 -0.7155
vn 0.7324 0.0370 0.6799
vn 0.6369 -0.3315 0.6960
vn 0.7319 -0.1109 0.6723
vn -0.9349 -0.2488 -0.2531
vn -0.9693 -0.0449 -0.2418
vn -0.9398 0.1729 -0.2948
vn -0.9627 -0.1600 0.2180
vn -0.9272 -0.3060 0.2161
vn -0.5100 -0.1053 0.8537
vn -0.9398 0.1730 -0.2948
vn -0.9693 -0.0447 -0.2418
vn -0.9241 0.2572 -0.2826
vn -0.3649 -0.9300 -0.0448
vn -0.4894 -0.8633 -0.1231
vn -0.3635 -0.9274 -0.0888
vn -0.0343 -0.7042 0.7092
vn -0.1252 -0.7463 0.6538
vn -0.5148 -0.8385 -0.1788
vn -0.4895 -0.8633 -0.1232
vn 0.7319 -0.1111 0.6723
vn 0.6368 -0.3315 0.6961
vn 0.6003 -0.4943 0.6288
vn -0.9710 0.0475 0.2343
vn -0.5100 -0.1054 0.8537
vn -0.9533 0.1776 0.2444
vn -0.9710 0.0475 0.2344
vn -0.8908 0.3256 0.3169
vn -0.9533 0.1776 0.2443
vn -0.1976 -0.7535 0.6271
vn -0.5378 -0.7036 0.4644
vn -0.5102 -0.1053 0.8536
vn -0.6410 -0.6770 0.3618
vn -0.5378 -0.7037 0.4643
vn -0.6930 -0.6411 0.3299
vn -0.7914 -0.5465 0.2737
vn -0.6930 -0.6411 0.3298
vn -0.8711 -0.4312 0.2352
vn -0.7915 -0.5465 0.2737
vn 0.0715 -0.6261 0.7765
vn 0.1539 -0.5249 0.8371
vn 0.1539 -0.5248 0.8372
vn 0.2090 -0.4157 0.8852
vn -0.4590 0.7104 0.5336
vn -0.5879 0.6549 0.4749
vn -0.5101 -0.1055 0.8536
vn -0.3219 0.6927 0.6454
vn -0.4591 0.7103 0.5336
vn -0.5102 -0.1055 0.8536
vn -0.1437 0.6266 0.7660
vn -0.3217 0.6927 0.6455
vn -0.5100 -0.1055 0.8537
vn -0.0541 0.6123 0.7888
vn -0.1436 0.6266 0.7660
vn 0.0853 0.4878 0.8688
vn 0.2028 0.2990 0.9325
vn -0.5101 -0.1054 0.8536
vn 0.2701 0.0065 0.9628
vn 0.2027 0.2991 0.9324
vn -0.5101 -0.1053 0.8537
vn -0.7490 0.5386 0.3859
vn -0.5101 -0.1054 0.8537
vn 0.2735 -0.0459 0.9608
vn 0.2700 0.0066 0.9628
vn 0.2567 -0.2435 0.9353
vn 0.2091 -0.4157 0.8852
vn 0.2568 -0.2435 0.9353
vn -0.5199 0.6546 -0.5488
vn -0.3418 0.5343 -0.7731
vn -0.5351 0.5673 -0.6259
vn -0.5198 0.6546 -0.5488
vn -0.2993 0.6024 -0.7400
vn -0.5352 0.5673 -0.6259
vn -0.4065 0.3579 -0.8407
vn -0.6670 0.4026 -0.6269
vn -0.3419 0.5342 -0.7732
vn -0.4065 0.3578 -0.8406
vn -0.0668 0.9974 -0.0282
vn 0.1028 0.9934 0.0505
vn -0.1359 0.9870 -0.0864
vn -0.0668 0.9974 -0.0281
vn 0.0946 0.9934 0.0645
vn 0.2791 0.9493 0.1445
vn 0.3284 0.9270 0.1811
vn 0.1072 0.9933 0.0428
vn 0.2625 0.9554 0.1350
vn 0.1073 0.9933 0.0427
vn 0.2791 0.9493 0.1446
vn 0.1067 0.9933 0.0436
vn -0.1021 0.9916 0.0789
vn 0.0556 0.9898 0.1309
vn -0.1167 0.9927 0.0298
vn 0.0415 0.9871 0.1544
vn 0.0555 0.9898 0.1309
vn -0.4255 0.1888 -0.8850
vn -0.4066 0.3577 -0.8407
vn -0.7134 0.0573 -0.6984
vn -0.7133 0.0571 -0.6985
vn -0.4700 -0.0821 -0.8788
vn -0.7198 -0.1765 -0.6713
vn -0.7133 0.0573 -0.6985
vn -0.4255 0.1886 -0.8851
vn -0.7198 -0.1766 -0.6713
vn -0.4689 -0.2627 -0.8433
vn -0.6924 -0.3274 -0.6429
vn -0.4700 -0.0822 -0.8788
vn -0.4356 -0.3806 -0.8157
vn -0.6369 -0.4737 -0.6083
vn -0.6924 -0.3274 -0.6430
vn -0.4689 -0.2628 -0.8433
vn -0.6368 -0.4737 -0.6083
vn -0.3793 -0.5051 -0.7753
vn -0.5816 -0.5761 -0.5743
vn -0.5815 -0.5761 -0.5744
vn -0.2861 -0.6306 -0.7215
vn -0.4284 -0.7630 -0.4840
vn -0.3792 -0.5051 -0.7753
vn 0.3776 0.9253 -0.0341
vn 0.1095 0.9932 0.0389
vn 0.2831 0.9512 0.1229
vn 0.3777 0.9253 -0.0341
vn 0.2001 0.9722 -0.1218
vn 0.1096 0.9932 0.0390
vn 0.2033 0.9461 0.2521
vn 0.0331 0.9851 0.1685
vn 0.2354 0.9239 0.3015
vn 0.0330 0.9851 0.1686
vn 0.2812 0.9496 0.1387
vn 0.1109 0.9932 0.0363
vn 0.2962 0.9433 0.1498
vn 0.1110 0.9932 0.0362
vn 0.1109 0.9932 0.0364
vn -0.1183 0.9930 -0.0080
vn 0.0849 0.9931 0.0811
vn -0.1441 0.9882 -0.0518
vn -0.1182 0.9930 -0.0080
vn 0.0720 0.9921 0.1031
vn 0.2655 0.9564 0.1218
vn 0.2811 0.9496 0.1387
vn 0.1119 0.9931 0.0347
vn 0.1111 0.9932 0.0361
vn 0.2588 0.9529 0.1582
vn 0.0850 0.9931 0.0810
vn 0.3154 0.9250 0.2120
vn 0.2961 0.9433 0.1497
vn 0.1066 0.9933 0.0438
vn 0.3244 0.9304 0.1708
vn 0.2962 0.9433 0.1497
vn -0.1168 0.9927 0.0298
vn -0.0523 0.9975 -0.0485
vn -0.1244 0.9882 -0.0891
vn 0.1067 0.9933 0.0437
vn -0.8811 0.3339 -0.3350
vn -0.8651 0.4086 -0.2908
vn -0.8310 0.4508 -0.3258
vn -0.9241 0.2572 -0.2827
vn -0.6171 0.7155 -0.3277
vn -0.7229 0.5945 -0.3521
vn -0.6443 0.6976 -0.3135
vn -0.6170 0.7155 -0.3276
vn -0.6950 0.6189 -0.3660
vn -0.3267 0.8366 -0.4397
vn -0.5587 0.7634 -0.3240
vn -0.4321 0.8621 -0.2647
vn -0.4456 0.7372 -0.5079
vn -0.6697 0.6336 -0.3874
vn -0.7169 0.5686 -0.4034
vn -0.6777 0.6279 -0.3827
vn -0.7134 0.5672 -0.4115
vn -0.0058 0.9739 -0.2268
vn -0.2887 0.9385 -0.1893
vn -0.0693 0.9948 -0.0745
vn -0.1654 0.9092 -0.3821
vn -0.4320 0.8621 -0.2647
vn -0.1656 0.9091 -0.3822
vn -0.3266 0.8367 -0.4396
vn -0.4319 0.8622 -0.2647
vn -0.2888 0.9385 -0.1893
vn -0.3091 0.9303 -0.1976
vn -0.0622 0.9957 -0.0689
vn -0.6992 0.5969 -0.3936
vn -0.7726 0.4704 -0.4264
vn -0.6909 0.6135 -0.3824
vn -0.6991 0.5969 -0.3936
vn -0.7969 0.4068 -0.4467
vn -0.6639 0.6375 -0.3908
vn -0.6698 0.6335 -0.3874
vn -0.6639 0.6376 -0.3908
vn -0.6993 0.5851 -0.4107
vn 0.4936 0.8312 0.2557
vn 0.6507 0.7404 0.1688
vn 0.5672 0.8227 0.0376
vn 0.6004 0.7267 0.3339
vn 0.6507 0.7403 0.1688
vn 0.2831 0.9512 0.1230
vn 0.3778 0.9253 -0.0340
vn 0.4936 0.8313 0.2557
vn 0.5672 0.8227 0.0377
vn 0.6005 0.7266 0.3340
vn 0.7631 0.6159 0.1960
vn 0.6508 0.7403 0.1688
vn 0.6005 0.7266 0.3339
vn 0.6936 0.5972 0.4029
vn 0.7631 0.6158 0.1960
vn 0.8400 0.4864 0.2407
vn 0.7539 0.4814 0.4472
vn 0.8400 0.4863 0.2407
vn -0.5861 0.7296 -0.3523
vn -0.5932 0.7239 -0.3522
vn -0.6589 0.6406 -0.3944
vn -0.5745 0.7495 -0.3288
vn -0.4340 0.8640 -0.2555
vn -0.5587 0.7635 -0.3240
vn -0.5745 0.7496 -0.3288
vn -0.6670 0.4028 -0.6268
vn -0.6992 0.5968 -0.3936
vn -0.5353 0.5673 -0.6258
vn -0.6671 0.4027 -0.6268
vn -0.7968 0.4068 -0.4467
vn -0.6991 0.5970 -0.3936
vn -0.4931 0.8240 -0.2789
vn -0.3655 0.9047 -0.2187
vn -0.4878 0.8243 -0.2873
vn -0.3717 0.9046 -0.2086
vn -0.3655 0.9048 -0.2187
vn -0.1022 0.9916 0.0789
vn -0.3531 0.9346 -0.0440
vn -0.1579 0.9846 0.0745
vn -0.1023 0.9916 0.0789
vn -0.3823 0.9198 -0.0885
vn -0.4339 0.8640 -0.2554
vn -0.4320 0.8622 -0.2647
vn -0.7359 0.5578 -0.3839
vn -0.6951 0.6188 -0.3661
vn -0.7169 0.5686 -0.4033
vn -0.6170 0.7156 -0.3276
vn -0.5038 0.8224 -0.2642
vn -0.4932 0.8240 -0.2789
vn -0.6034 0.7204 -0.3420
vn -0.6169 0.7156 -0.3276
vn -0.4340 0.8639 -0.2555
vn -0.5819 0.7440 -0.3283
vn -0.4506 0.8519 -0.2668
vn -0.6034 0.7203 -0.3421
vn -0.6950 0.6188 -0.3660
vn -0.6777 0.6278 -0.3827
vn -0.3321 0.9186 -0.2140
vn -0.0667 0.9956 -0.0653
vn -0.3321 0.9186 -0.2139
vn -0.4505 0.8520 -0.2667
vn -0.3322 0.9186 -0.2141
vn -0.4775 0.8290 -0.2911
vn -0.5861 0.7297 -0.3523
vn -0.4762 0.8304 -0.2892
vn -0.4774 0.8291 -0.2911
vn -0.5876 0.7275 -0.3541
vn -0.2971 -0.8644 -0.4056
vn -0.0286 -0.8318 -0.5543
vn -0.1224 -0.9225 -0.3661
vn -0.2972 -0.8644 -0.4056
vn -0.1453 -0.7647 -0.6278
vn -0.5877 0.7275 -0.3541
vn -0.6589 0.6406 -0.3943
vn -0.6602 0.6379 -0.3964
vn -0.6590 0.6405 -0.3943
vn -0.6494 0.6667 -0.3657
vn -0.6909 0.6136 -0.3823
vn -0.6591 0.6549 -0.3697
vn -0.0668 0.9956 -0.0653
vn -0.3425 0.9148 -0.2139
vn -0.0764 0.9948 -0.0677
vn -0.3425 0.9148 -0.2140
vn -0.4843 0.8249 -0.2917
vn -0.3525 0.9098 -0.2192
vn -0.4842 0.8248 -0.2918
vn -0.3607 0.9056 -0.2232
vn -0.7928 0.4126 -0.4485
vn -0.8532 0.1126 -0.5093
vn -0.7883 0.3923 -0.4740
vn -0.7929 0.4126 -0.4485
vn -0.8675 0.1249 -0.4816
vn -0.8257 0.4970 -0.2669
vn -0.9244 0.2931 -0.2440
vn -0.8844 0.4046 -0.2329
vn -0.8256 0.4971 -0.2669
vn -0.8651 0.4087 -0.2908
vn -0.7446 0.5811 -0.3285
vn -0.6580 0.6968 -0.2854
vn -0.6443 0.6976 -0.3134
vn -0.1654 0.9091 -0.3823
vn 0.0887 0.8674 -0.4896
vn -0.0116 0.8351 -0.5500
vn -0.0057 0.9739 -0.2270
vn -0.7906 0.4225 -0.4431
vn -0.7967 0.3962 -0.4564
vn -0.7906 0.4225 -0.4432
vn -0.4712 0.8366 -0.2795
vn -0.3322 0.9186 -0.2140
vn -0.4712 0.8365 -0.2796
vn -0.5877 0.7353 -0.3376
vn -0.4713 0.8365 -0.2796
vn -0.5820 0.7440 -0.3283
vn -0.5877 0.7352 -0.3376
vn -0.3192 0.9476 -0.0118
vn -0.1551 0.9849 0.0768
vn -0.1579 0.9846 0.0744
vn -0.3193 0.9476 -0.0118
vn -0.5262 0.8136 -0.2472
vn -0.3799 0.9047 -0.1929
vn -0.5038 0.8225 -0.2641
vn -0.3969 0.9016 -0.1720
vn -0.3799 0.9047 -0.1930
vn -0.3530 0.9093 -0.2202
vn -0.1245 0.9882 -0.0892
vn -0.0765 0.9948 -0.0677
vn -0.5038 0.8225 -0.2642
vn -0.6442 0.6977 -0.3134
vn -0.5263 0.8136 -0.2473
vn -0.7038 0.5939 -0.3898
vn -0.6649 0.6496 -0.3688
vn -0.5878 0.7351 -0.3377
vn -0.6603 0.6379 -0.3964
vn -0.5878 0.7352 -0.3377
vn -0.6677 0.6413 -0.3781
vn -0.4773 0.8291 -0.2911
vn -0.3530 0.9093 -0.2203
vn -0.8734 0.3073 -0.3778
vn -0.8115 0.4832 -0.3286
vn -0.7792 0.5181 -0.3528
vn -0.8735 0.3073 -0.3777
vn -0.8743 0.3340 -0.3521
vn -0.8115 0.4831 -0.3286
vn -0.1359 0.9869 -0.0866
vn -0.0670 0.9974 -0.0282
vn -0.1359 0.9869 -0.0865
vn -0.3717 0.9046 -0.2085
vn -0.4773 0.8291 -0.2910
vn -0.4761 0.8304 -0.2892
vn -0.5973 0.7224 -0.3484
vn -0.6697 0.6336 -0.3873
vn -0.6778 0.6278 -0.3827
vn -0.7568 0.5409 -0.3669
vn -0.3525 0.9098 -0.2190
vn -0.0525 0.9974 -0.0486
vn -0.1244 0.9882 -0.0892
vn -0.3524 0.9098 -0.2191
vn -0.8686 0.1385 -0.4759
vn -0.7969 0.4067 -0.4467
vn -0.8597 0.1600 -0.4850
vn -0.8686 0.1385 -0.4758
vn -0.7727 0.4703 -0.4264
vn -0.6649 0.6495 -0.3688
vn -0.7125 0.5811 -0.3934
vn -0.6677 0.6412 -0.3781
vn -0.6649 0.6496 -0.3687
vn -0.8043 0.4043 -0.4355
vn -0.7928 0.4127 -0.4484
vn 0.7631 0.6159 0.1959
vn 0.7463 0.6552 -0.1174
vn 0.6508 0.7403 0.1686
vn 0.8554 0.5138 -0.0651
vn -0.1185 0.9929 -0.0080
vn -0.3963 0.9086 -0.1321
vn -0.1169 0.9927 0.0297
vn -0.1184 0.9929 -0.0081
vn -0.3968 0.9017 -0.1720
vn -0.8986 0.1517 -0.4118
vn -0.9071 -0.1818 -0.3797
vn -0.9098 0.1391 -0.3910
vn -0.8986 0.1516 -0.4118
vn -0.8836 -0.2258 -0.4102
vn -0.9070 -0.1820 -0.3797
vn -0.9397 0.1731 -0.2948
vn -0.9256 0.1345 -0.3537
vn -0.8630 -0.1614 -0.4787
vn -0.7134 0.0572 -0.6984
vn -0.7199 -0.1766 -0.6712
vn -0.8598 0.1597 -0.4850
vn -0.7882 0.3923 -0.4741
vn -0.8502 0.1453 -0.5060
vn -0.7718 0.4369 -0.4621
vn -0.8310 0.4509 -0.3258
vn -0.8744 0.3339 -0.3521
vn -0.8810 0.3339 -0.3350
vn -0.7791 0.5182 -0.3528
vn -0.7446 0.5810 -0.3285
vn -0.7791 0.5181 -0.3528
vn -0.1222 -0.9225 -0.3662
vn 0.1099 -0.8752 -0.4711
vn -0.0022 -0.9802 -0.1982
vn -0.1222 -0.9225 -0.3661
vn -0.0285 -0.8319 -0.5543
vn -0.6731 0.6998 -0.2393
vn -0.8256 0.4971 -0.2670
vn -0.6904 0.6929 -0.2078
vn -0.7859 0.5398 -0.3016
vn -0.4843 0.8248 -0.2918
vn -0.5931 0.7239 -0.3523
vn -0.4877 0.8244 -0.2872
vn -0.4842 0.8249 -0.2916
vn -0.4877 0.8244 -0.2873
vn -0.3656 0.9047 -0.2188
vn -0.3606 0.9057 -0.2231
vn -0.0857 0.9941 -0.0665
vn -0.0524 0.9974 -0.0487
vn -0.3606 0.9056 -0.2232
vn -0.8675 0.1247 -0.4816
vn -0.8470 -0.1729 -0.5027
vn -0.8532 0.1125 -0.5093
vn -0.8632 -0.1641 -0.4775
vn -0.8470 -0.1728 -0.5027
vn -0.7853 0.4159 -0.4587
vn -0.8628 0.1117 -0.4931
vn -0.7967 0.3961 -0.4565
vn -0.7852 0.4159 -0.4587
vn -0.8622 0.0695 -0.5017
vn -0.7907 0.4224 -0.4432
vn -0.8809 0.1223 -0.4572
vn -0.8028 0.4270 -0.4160
vn -0.8668 0.1189 -0.4842
vn -0.8669 0.1188 -0.4842
vn -0.8677 -0.2179 -0.4468
vn -0.8809 0.1221 -0.4572
vn -0.8668 0.1188 -0.4843
vn -0.8606 -0.1896 -0.4726
vn -0.8028 0.4271 -0.4160
vn -0.7170 0.5686 -0.4034
vn -0.8028 0.4272 -0.4160
vn -0.7359 0.5577 -0.3839
vn -0.0022 -0.9802 -0.1981
vn 0.2699 -0.8855 -0.3782
vn 0.2054 -0.9720 -0.1145
vn -0.0021 -0.9802 -0.1981
vn 0.2699 -0.8855 -0.3783
vn -0.6581 0.6968 -0.2853
vn -0.7699 0.5561 -0.3131
vn -0.6701 0.6948 -0.2612
vn -0.6580 0.6968 -0.2853
vn -0.7446 0.5811 -0.3284
vn -0.5162 0.8484 -0.1174
vn -0.7192 0.6777 -0.1535
vn -0.5194 0.8529 -0.0533
vn -0.6904 0.6930 -0.2078
vn -0.7191 0.6777 -0.1536
vn -0.5329 0.8189 -0.2133
vn -0.6701 0.6948 -0.2611
vn -0.5318 0.8274 -0.1804
vn -0.6580 0.6969 -0.2853
vn -0.5037 0.8225 -0.2642
vn -0.4457 0.7372 -0.5079
vn -0.5588 0.7634 -0.3240
vn -0.5199 0.6547 -0.5487
vn -0.7928 0.4128 -0.4484
vn -0.7049 0.5704 -0.4217
vn -0.7928 0.4127 -0.4485
vn -0.7883 0.3925 -0.4739
vn -0.7048 0.5705 -0.4216
vn -0.5328 0.8189 -0.2132
vn -0.5328 0.8190 -0.2132
vn -0.6603 0.6379 -0.3965
vn -0.6996 0.5794 -0.4182
vn -0.6589 0.6405 -0.3944
vn -0.6996 0.5793 -0.4182
vn -0.5200 0.6546 -0.5487
vn -0.5352 0.5674 -0.6258
vn -0.6991 0.5970 -0.3935
vn -0.5973 0.7224 -0.3483
vn -0.4879 0.8243 -0.2873
vn -0.8628 0.1115 -0.4931
vn -0.8606 -0.1897 -0.4726
vn -0.8668 0.1187 -0.4843
vn -0.8545 -0.1831 -0.4860
vn -0.8607 -0.1896 -0.4726
vn -0.7967 0.3961 -0.4564
vn -0.8668 0.1190 -0.4842
vn -0.8668 0.1189 -0.4843
vn -0.9099 0.1391 -0.3909
vn -0.9186 -0.1760 -0.3537
vn -0.9214 0.0979 -0.3762
vn -0.9071 -0.1819 -0.3797
vn -0.9186 -0.1760 -0.3538
vn 0.6505 -0.4806 0.5881
vn 0.7319 -0.1112 0.6723
vn 0.6003 -0.4943 0.6287
vn 0.6506 -0.4806 0.5881
vn 0.7620 -0.1583 0.6280
vn 0.7319 -0.1110 0.6723
vn 0.7361 -0.6648 -0.1271
vn 0.5395 -0.8413 0.0354
vn 0.5888 -0.7801 -0.2116
vn 0.6637 -0.7175 0.2115
vn 0.5395 -0.8412 0.0354
vn -0.1360 0.9869 -0.0866
vn -0.0857 0.9941 -0.0666
vn -0.5820 0.7440 -0.3282
vn -0.6676 0.6414 -0.3781
vn -0.5316 0.8276 -0.1803
vn -0.3824 0.9198 -0.0885
vn -0.0669 0.9974 -0.0281
vn -0.3798 0.9047 -0.1929
vn -0.1442 0.9882 -0.0519
vn -0.7859 0.5398 -0.3017
vn -0.6730 0.6998 -0.2393
vn -0.8328 0.3920 -0.3910
vn -0.7447 0.5810 -0.3285
vn -0.8115 0.4833 -0.3286
vn -0.5204 0.8410 -0.1479
vn -0.6903 0.6930 -0.2079
vn -0.5162 0.8484 -0.1175
vn -0.5204 0.8410 -0.1478
vn -0.6730 0.6999 -0.2392
vn -0.6903 0.6930 -0.2078
vn -0.5203 0.8411 -0.1478
vn -0.3531 0.9345 -0.0441
vn -0.9181 -0.2272 -0.3249
vn -0.9256 0.1344 -0.3538
vn -0.9180 -0.2272 -0.3249
vn -0.9256 0.1346 -0.3538
vn -0.8810 0.3339 -0.3351
vn -0.8744 0.3339 -0.3522
vn -0.9213 0.0981 -0.3762
vn -0.5746 0.7495 -0.3289
vn -0.6648 0.6496 -0.3687
vn -0.7717 0.4370 -0.4620
vn -0.7882 0.3925 -0.4740
vn -0.7717 0.4370 -0.4621
vn -0.3967 0.9017 -0.1720
vn 0.5672 0.8227 0.0375
vn 0.6411 0.7482 -0.1707
vn -0.9181 -0.2272 -0.3248
vn -0.9349 -0.2487 -0.2531
vn -0.9398 0.1729 -0.2949
vn -0.9257 0.1343 -0.3537
vn 0.6761 -0.4591 0.5763
vn 0.7843 -0.0974 0.6127
vn -0.6671 0.4026 -0.6268
vn -0.8597 0.1599 -0.4850
vn 0.7877 0.3881 0.4785
vn 0.8414 0.1905 0.5058
vn 0.7864 0.3949 0.4750
vn 0.8303 0.2235 0.5106
vn 0.8414 0.1906 0.5058
vn -0.8781 0.0338 -0.4774
vn -0.8675 0.1247 -0.4815
vn -0.8781 0.0339 -0.4773
vn -0.8628 -0.1812 -0.4720
vn 0.8430 0.1785 0.5074
vn 0.8524 -0.0501 0.5204
vn 0.8303 0.2234 0.5106
vn 0.8430 0.1786 0.5074
vn 0.8412 -0.1622 0.5159
vn 0.8524 -0.0501 0.5205
vn -0.8986 0.1516 -0.4117
vn -0.8735 0.3071 -0.3777
vn -0.9213 0.0981 -0.3763
vn -0.8735 0.3071 -0.3778
vn -0.8531 0.1125 -0.5094
vn -0.8452 -0.1791 -0.5035
vn -0.8502 0.1451 -0.5060
vn 0.8648 -0.1141 0.4890
vn 0.8539 0.1955 0.4823
vn -0.8622 0.0694 -0.5017
vn -0.8490 -0.1890 -0.4934
vn -0.8623 0.0695 -0.5017
vn -0.8502 0.1450 -0.5061
vn -0.8490 -0.1889 -0.4935
vn -0.8623 0.0694 -0.5017
vn -0.8490 -0.1889 -0.4934
vn 0.8008 0.3819 0.4614
vn 0.8508 0.2155 0.4793
vn 0.8003 0.3923 0.4534
vn 0.8474 0.2049 0.4898
vn -0.0692 0.9948 -0.0745
vn 0.1118 0.9931 0.0347
vn 0.1094 0.9932 0.0389
vn -0.0620 0.9957 -0.0688
vn 0.2214 0.9295 0.2949
vn 0.0331 0.9851 0.1687
vn 0.0287 0.9840 0.1758
vn 0.2213 0.9296 0.2948
vn 0.2830 0.9512 0.1229
vn 0.2656 0.9564 0.1218
vn -0.1550 0.9849 0.0769
vn 0.0330 0.9851 0.1687
vn -0.1578 0.9847 0.0745
vn -0.1550 0.9849 0.0768
vn 0.0286 0.9840 0.1758
vn 0.0329 0.9851 0.1686
vn -0.0057 0.9739 -0.2268
vn 0.1093 0.9932 0.0388
vn 0.2000 0.9722 -0.1218
vn -0.0666 0.9956 -0.0652
vn -0.0763 0.9948 -0.0676
vn 0.2579 0.9443 0.2045
vn -0.0621 0.9957 -0.0689
vn 0.1109 0.9932 0.0365
vn 0.1118 0.9931 0.0348
vn 0.1110 0.9932 0.0363
vn -0.1243 0.9882 -0.0891
vn 0.2403 0.9427 0.2314
vn 0.2625 0.9554 0.1351
vn 0.3284 0.9270 0.1812
vn -0.0855 0.9941 -0.0665
vn 0.1027 0.9934 0.0505
vn -0.1358 0.9870 -0.0864
vn -0.0855 0.9941 -0.0664
vn 0.2033 0.9461 0.2520
vn 0.6377 0.6704 0.3793
vn 0.7229 0.5491 0.4193
vn 0.6382 0.6767 0.3671
vn 0.6377 0.6705 0.3793
vn 0.7229 0.5408 0.4301
vn 0.7230 0.5491 0.4193
vn 0.7001 0.5823 0.4134
vn 0.7539 0.4814 0.4471
vn 0.7575 0.4679 0.4552
vn -0.7135 0.5671 -0.4115
vn -0.7852 0.4160 -0.4587
vn -0.7134 0.5671 -0.4115
vn -0.6993 0.5850 -0.4108
vn 0.7948 -0.3611 0.4877
vn 0.7212 -0.5346 0.4405
vn 0.7956 -0.3640 0.4843
vn 0.7321 -0.5148 0.4460
vn 0.7212 -0.5345 0.4406
vn 0.3155 0.9249 0.2121
vn 0.5353 0.7819 0.3195
vn 0.2590 0.9528 0.1583
vn 0.5265 0.7826 0.3322
vn 0.5038 0.8190 0.2745
vn 0.5038 0.8190 0.2746
vn 0.6089 0.7125 0.3487
vn 0.6004 0.7266 0.3339
vn 0.5074 0.7851 0.3553
vn 0.6309 0.6689 0.3932
vn 0.5073 0.7851 0.3553
vn 0.6153 0.6678 0.4187
vn 0.6202 0.6973 0.3594
vn 0.7000 0.5823 0.4134
vn 0.6202 0.6972 0.3594
vn 0.7075 0.5678 0.4207
vn -0.2858 -0.9471 -0.1457
vn -0.0023 -0.9802 -0.1981
vn -0.1125 -0.9931 -0.0337
vn -0.2857 -0.9472 -0.1457
vn -0.1223 -0.9225 -0.3660
vn 0.5125 -0.6005 0.6138
vn 0.3779 -0.7628 0.5248
vn 0.5118 -0.6156 0.5993
vn 0.5126 -0.6003 0.6139
vn 0.4173 -0.7260 0.5466
vn 0.5784 -0.7308 0.3624
vn 0.4090 -0.8733 0.2647
vn 0.5863 -0.7226 0.3663
vn 0.4025 -0.8758 0.2664
vn 0.4089 -0.8733 0.2646
vn 0.4088 -0.8734 0.2646
vn 0.3349 -0.9422 0.0080
vn 0.5394 -0.8413 0.0355
vn 0.2403 -0.9563 0.1663
vn 0.2682 -0.8535 0.4469
vn 0.4174 -0.7260 0.5465
vn 0.3016 -0.8322 0.4652
vn 0.2681 -0.8535 0.4468
vn 0.3778 -0.7629 0.5247
vn 0.4172 -0.7261 0.5465
vn 0.7864 0.3949 0.4751
vn 0.8388 0.1489 0.5236
vn 0.7769 0.4149 0.4735
vn 0.8413 0.1906 0.5058
vn 0.8389 0.1489 0.5236
vn 0.2053 -0.9720 -0.1143
vn 0.2403 -0.9564 0.1663
vn 0.0734 -0.9950 0.0676
vn 0.3348 -0.9423 0.0081
vn 0.2402 -0.9564 0.1662
vn 0.8524 -0.0502 0.5204
vn 0.8490 -0.1353 0.5108
vn 0.3456 -0.9093 0.2318
vn 0.1854 -0.9725 0.1410
vn 0.3615 -0.9028 0.2331
vn 0.3455 -0.9094 0.2317
vn 0.1660 -0.9764 0.1382
vn 0.1853 -0.9725 0.1411
vn 0.0735 -0.9950 0.0677
vn 0.2318 -0.9581 0.1682
vn 0.0682 -0.9948 0.0750
vn 0.7957 0.3668 0.4821
vn 0.7877 0.3880 0.4785
vn 0.7957 0.3668 0.4820
vn 0.8430 0.1787 0.5074
vn 0.3016 -0.8323 0.4652
vn 0.1576 -0.9158 0.3693
vn 0.1667 -0.9121 0.3746
vn 0.7929 -0.3677 0.4858
vn 0.7175 -0.5350 0.4460
vn 0.7321 -0.5149 0.4460
vn 0.8059 0.3780 0.4556
vn 0.8539 0.1957 0.4823
vn 0.6408 -0.6060 0.4712
vn 0.5716 -0.7111 0.4094
vn 0.6531 -0.6083 0.4511
vn 0.6408 -0.6061 0.4712
vn 0.5452 -0.7229 0.4245
vn 0.2653 -0.8786 0.3970
vn 0.3779 -0.7628 0.5247
vn 0.4333 -0.7603 0.4839
vn 0.3779 -0.7629 0.5246
vn 0.4024 -0.8759 0.2663
vn 0.2404 -0.9563 0.1663
vn 0.1704 -0.9264 0.3358
vn 0.2652 -0.8787 0.3970
vn 0.2223 -0.9615 0.1617
vn 0.0641 -0.9955 0.0703
vn 0.3902 -0.8837 0.2585
vn 0.2320 -0.9581 0.1683
vn 0.3901 -0.8837 0.2585
vn 0.2224 -0.9615 0.1618
vn 0.5575 -0.7601 0.3339
vn 0.6466 -0.6626 0.3780
vn 0.5461 -0.7706 0.3285
vn 0.6541 -0.6532 0.3816
vn 0.4221 -0.8314 0.3613
vn 0.2266 -0.9481 0.2228
vn 0.4531 -0.8214 0.3464
vn 0.2006 -0.9499 0.2397
vn 0.2265 -0.9482 0.2228
vn 0.8371 -0.1834 0.5154
vn 0.7949 -0.3610 0.4877
vn 0.7956 -0.3639 0.4843
vn 0.8490 -0.1354 0.5107
vn 0.7949 -0.3610 0.4878
vn 0.7884 -0.3864 0.4786
vn 0.7175 -0.5351 0.4460
vn 0.7929 -0.3678 0.4858
vn 0.7161 -0.5406 0.4415
vn 0.7952 -0.4040 0.4522
vn 0.7161 -0.5405 0.4415
vn 0.7952 -0.4039 0.4522
vn 0.7255 -0.5476 0.4169
vn 0.0337 -0.9765 0.2129
vn 0.1616 -0.9425 0.2924
vn 0.0065 -0.9728 0.2314
vn 0.2095 -0.9645 0.1609
vn 0.0556 -0.9955 0.0763
vn 0.2223 -0.9615 0.1618
vn 0.7022 -0.5741 0.4211
vn 0.6385 -0.6683 0.3817
vn 0.7093 -0.5685 0.4167
vn 0.6252 -0.6812 0.3809
vn 0.3160 -0.8690 0.3808
vn 0.3161 -0.8690 0.3808
vn 0.4822 -0.7410 0.4673
vn 0.8048 -0.3811 0.4550
vn 0.7256 -0.5475 0.4168
vn 0.8048 -0.3812 0.4550
vn 0.7192 -0.5592 0.4124
vn 0.7256 -0.5475 0.4169
vn 0.0555 -0.9955 0.0762
vn 0.2002 -0.9682 0.1500
vn 0.0540 -0.9958 0.0734
vn 0.2001 -0.9682 0.1499
vn 0.5572 -0.7523 0.3514
vn 0.6540 -0.6532 0.3816
vn 0.5573 -0.7523 0.3514
vn 0.6463 -0.6495 0.4006
vn 0.6541 -0.6531 0.3816
vn 0.3798 -0.8894 0.2545
vn 0.6692 -0.6222 0.4063
vn 0.6461 -0.6462 0.4062
vn 0.6692 -0.6221 0.4063
vn 0.3159 -0.8690 0.3808
vn 0.1647 -0.9509 0.2619
vn 0.3570 -0.8573 0.3709
vn 0.3160 -0.8690 0.3807
vn 0.7948 -0.3935 0.4620
vn 0.5602 -0.7476 0.3567
vn 0.4025 -0.8758 0.2663
vn 0.3903 -0.8836 0.2586
vn 0.0478 -0.9965 0.0688
vn 0.1616 -0.9426 0.2923
vn 0.0550 -0.9801 0.1907
vn 0.1617 -0.9426 0.2923
vn 0.0551 -0.9801 0.1907
vn 0.7161 -0.5407 0.4415
vn 0.6463 -0.6494 0.4007
vn 0.5603 -0.7475 0.3568
vn 0.5602 -0.7476 0.3568
vn 0.6460 -0.6463 0.4062
vn 0.6463 -0.6494 0.4006
vn 0.7858 -0.4035 0.4687
vn 0.7094 -0.5685 0.4167
vn 0.7093 -0.5685 0.4168
vn 0.0479 -0.9965 0.0688
vn 0.1659 -0.9764 0.1383
vn 0.0364 -0.9968 0.0718
vn 0.6461 -0.6463 0.4061
vn 0.6691 -0.6223 0.4063
vn 0.6461 -0.6463 0.4062
vn 0.3767 -0.8941 0.2422
vn 0.2096 -0.9644 0.1610
vn 0.3768 -0.8941 0.2421
vn 0.7255 -0.5476 0.4168
vn 0.7161 -0.5406 0.4414
vn 0.6464 -0.6494 0.4006
vn 0.7791 -0.4066 0.4771
vn 0.7022 -0.5740 0.4211
vn 0.7791 -0.4067 0.4771
vn 0.6882 -0.5830 0.4318
vn 0.7023 -0.5740 0.4211
vn 0.0363 -0.9968 0.0718
vn 0.1358 -0.9825 0.1277
vn 0.0188 -0.9975 0.0688
vn 0.1658 -0.9764 0.1383
vn 0.1357 -0.9825 0.1276
vn 0.5119 -0.6156 0.5992
vn 0.4334 -0.7602 0.4840
vn 0.5718 -0.6098 0.5488
vn 0.3571 -0.8573 0.3709
vn 0.5006 -0.7432 0.4439
vn 0.3615 -0.9028 0.2330
vn 0.3616 -0.9027 0.2331
vn 0.0187 -0.9975 0.0687
vn 0.0926 -0.9877 0.1261
vn 0.0109 -0.9970 0.0768
vn 0.0926 -0.9877 0.1262
vn 0.7464 -0.4387 0.5005
vn 0.6883 -0.5829 0.4319
vn 0.5572 -0.7524 0.3514
vn 0.3800 -0.8893 0.2546
vn 0.2717 -0.9369 0.2200
vn 0.4833 -0.8093 0.3338
vn 0.2266 -0.9482 0.2228
vn 0.2717 -0.9369 0.2199
vn 0.6490 -0.6442 0.4047
vn 0.6691 -0.6222 0.4063
vn 0.5863 -0.7225 0.3664
vn 0.6490 -0.6441 0.4048
vn 0.3149 -0.9231 0.2205
vn 0.3455 -0.9093 0.2318
vn 0.1359 -0.9825 0.1277
vn 0.1660 -0.9764 0.1383
vn 0.7191 -0.5593 0.4124
vn 0.6467 -0.6625 0.3780
vn 0.7430 -0.3966 0.5391
vn 0.7463 -0.4387 0.5005
vn 0.6409 -0.6060 0.4713
vn 0.0932 -0.9852 0.1439
vn -0.0151 -0.9961 0.0875
vn 0.0108 -0.9970 0.0767
vn 0.0925 -0.9877 0.1262
vn 0.0931 -0.9852 0.1438
vn 0.3150 -0.9231 0.2206
vn 0.5137 -0.7945 0.3240
vn 0.2718 -0.9369 0.2199
vn 0.2716 -0.9369 0.2199
vn 0.2717 -0.9369 0.2198
vn 0.4222 -0.8314 0.3614
vn 0.0593 -0.9852 0.1606
vn -0.0578 -0.9937 0.0960
vn 0.7321 -0.3817 0.5642
vn 0.5939 -0.6360 0.4927
vn 0.4532 -0.8213 0.3465
vn 0.4222 -0.8313 0.3614
vn 0.5715 -0.7112 0.4093
vn 0.2264 -0.9482 0.2227
vn -0.0577 -0.9937 0.0960
vn 0.0549 -0.9801 0.1907
vn -0.0787 -0.9908 0.1101
vn 0.0592 -0.9852 0.1606
vn 0.6012 -0.6958 0.3929
vn 0.5137 -0.7944 0.3240
vn 0.5328 -0.7799 0.3284
vn 0.6760 -0.4592 0.5763
vn 0.5745 -0.6318 0.5204
vn 0.5329 -0.7798 0.3285
vn 0.5460 -0.7707 0.3285
vn 0.5328 -0.7799 0.3285
vn 0.3617 -0.9027 0.2331
vn 0.2005 -0.9499 0.2397
vn 0.2005 -0.9499 0.2396
vn 0.0594 -0.9852 0.1607
vn -0.7569 0.5409 -0.3669
vn -0.5588 0.7633 -0.3241
vn -0.1169 0.9927 0.0298
vn -0.1022 0.9916 0.0788
vn 0.6505 -0.4807 0.5880
vn 0.6505 -0.4808 0.5880
vn 0.5719 -0.6097 0.5488
vn 0.5745 -0.6317 0.5204
vn -0.5161 0.8484 -0.1174
vn -0.5160 0.8485 -0.1174
vn -0.3193 0.9476 -0.0119
vn -0.2552 -0.9669 0.0039
vn -0.3634 -0.9274 -0.0888
vn -0.2345 -0.9721 -0.0089
vn -0.2553 -0.9669 0.0039
vn -0.3649 -0.9300 -0.0447
vn 0.6012 -0.6959 0.3929
vn 0.6012 -0.6959 0.3928
vn 0.1647 -0.9509 0.2618
vn 0.2004 -0.9499 0.2397
vn 0.1647 -0.9510 0.2618
vn 0.0336 -0.9765 0.2128
vn -0.1150 -0.9858 0.1225
vn 0.6003 -0.4944 0.6286
vn 0.6003 -0.4945 0.6286
vn 0.5119 -0.6155 0.5992
vn 0.4834 -0.8093 0.3338
vn 0.5716 -0.7112 0.4094
vn 0.5452 -0.7228 0.4245
vn 0.5007 -0.7431 0.4439
vn 0.5460 -0.7706 0.3286
vn 0.3769 -0.8940 0.2422
vn 0.5138 -0.7944 0.3240
vn 0.6011 -0.6960 0.3928
vn 0.6251 -0.6813 0.3809
vn 0.5744 -0.6318 0.5204
vn 0.5939 -0.6361 0.4927
vn 0.5329 -0.7799 0.3285
vn 0.6368 -0.3316 0.6961
vn 0.6002 -0.4944 0.6287
vn -0.1149 -0.9858 0.1226
vn -0.0842 -0.9840 0.1573
vn 0.0064 -0.9728 0.2314
vn 0.1576 -0.9159 0.3693
vn 0.0065 -0.9728 0.2315
vn 0.0472 -0.9563 0.2886
vn 0.5574 -0.7601 0.3339
vn 0.4823 -0.7410 0.4673
vn 0.5461 -0.7706 0.3286
vn 0.5462 -0.7706 0.3285
vn 0.7322 -0.3815 0.5643
vn 0.7903 -0.1342 0.5978
vn 0.7843 -0.0973 0.6127
vn 0.8096 0.1911 0.5551
vn 0.8337 -0.1186 0.5393
vn 0.8271 0.1893 0.5292
vn 0.8048 -0.1355 0.5779
vn 0.8509 0.2154 0.4792
vn 0.8648 -0.1142 0.4890
vn 0.8508 0.2154 0.4793
vn 0.8676 -0.0710 0.4921
vn 0.8049 -0.3810 0.4550
vn 0.8648 -0.1143 0.4890
vn 0.8676 -0.0712 0.4921
vn 0.8560 -0.1105 0.5051
vn 0.7948 -0.3934 0.4620
vn 0.8607 -0.1027 0.4987
vn 0.8560 -0.1104 0.5051
vn 0.8474 0.2047 0.4898
vn 0.8607 -0.1025 0.4987
vn 0.8676 -0.0710 0.4922
vn 0.8450 0.1977 0.4969
vn 0.8474 0.2048 0.4898
vn 0.8560 -0.1103 0.5051
vn 0.8607 -0.1026 0.4987
vn 0.8606 -0.1027 0.4988
vn 0.7949 -0.3933 0.4621
vn 0.8676 -0.0711 0.4922
vn -0.8328 0.3919 -0.3910
vn -0.8986 0.1518 -0.4117
vn -0.9098 0.1392 -0.3910
vn 0.8413 0.1934 0.5048
vn 0.8498 -0.1187 0.5135
vn 0.7431 -0.3964 0.5392
vn 0.7322 -0.3815 0.5642
vn 0.7430 -0.3964 0.5392
vn 0.8047 -0.1357 0.5780
vn 0.7902 -0.1344 0.5979
vn 0.8272 0.1893 0.5291
vn 0.8499 -0.1187 0.5135
vn 0.2963 0.9433 0.1498
vn 0.5163 0.8066 0.2878
vn 0.2812 0.9496 0.1388
vn 0.5303 0.7943 0.2963
vn 0.5163 0.8066 0.2879
vn 0.7377 0.1664 0.6543
vn 0.7761 0.1007 0.6225
vn 0.7632 0.2261 0.6053
vn 0.7378 0.1663 0.6543
vn 0.7324 0.0370 0.6798
vn 0.7752 0.4483 0.4451
vn 0.8003 0.3924 0.4534
vn 0.7778 0.4497 0.4391
vn 0.8008 0.3820 0.4614
vn 0.7750 0.4421 0.4516
vn 0.7749 0.4422 0.4516
vn 0.8000 0.3748 0.4685
vn 0.7169 0.5350 0.4469
vn 0.7740 0.4340 0.4611
vn 0.7170 0.5350 0.4469
vn 0.7678 0.4239 0.4805
vn 0.2656 0.9563 0.1220
vn 0.2656 0.9563 0.1219
vn 0.5038 0.8191 0.2745
vn 0.5164 0.8065 0.2879
vn 0.5038 0.8190 0.2747
vn -0.8043 0.4041 -0.4356
vn -0.8044 0.4041 -0.4356
vn -0.8781 0.0340 -0.4773
vn 0.8727 -0.3759 0.3117
vn 0.8371 -0.1834 0.5153
vn 0.7957 -0.3639 0.4843
vn 0.8726 -0.3759 0.3117
vn 0.9568 -0.1200 0.2649
vn -0.8685 0.1385 -0.4759
vn 0.6638 -0.7174 0.2117
vn 0.6637 -0.7175 0.2116
vn 0.7536 -0.6383 0.1571
vn -0.3042 -0.9422 -0.1406
vn -0.2859 -0.9471 -0.1456
vn -0.1126 -0.9931 -0.0338
vn -0.1123 -0.9931 -0.0340
vn 0.8388 0.1488 0.5236
vn 0.9568 -0.1199 0.2649
vn 0.9185 0.2320 0.3202
vn 0.8371 -0.1832 0.5154
vn 0.9568 -0.1199 0.2648
vn 0.8411 -0.1624 0.5159
vn 0.7885 -0.3863 0.4787
vn 0.8524 -0.0502 0.5205
vn 0.6358 0.6833 0.3589
vn 0.7246 0.5552 0.4083
vn 0.6386 0.6816 0.3574
vn 0.6358 0.6834 0.3589
vn 0.7216 0.5566 0.4117
vn 0.7740 0.4341 0.4610
vn 0.7749 0.4421 0.4516
vn 0.7991 0.3648 0.4779
vn 0.7907 0.3523 0.5006
vn 0.7991 0.3647 0.4779
vn 0.7632 0.2263 0.6053
vn 0.7876 0.0688 0.6123
vn 0.7649 0.2581 0.5902
vn 0.7076 0.5678 0.4207
vn 0.7575 0.4680 0.4552
vn 0.7001 0.5822 0.4134
vn 0.7608 0.4597 0.4581
vn 0.7576 0.4679 0.4552
vn 0.6935 0.5973 0.4028
vn 0.6005 0.7265 0.3340
vn 0.7000 0.5824 0.4133
vn 0.5371 0.7861 0.3059
vn 0.3285 0.9269 0.1813
vn 0.2589 0.9528 0.1583
vn 0.8648 -0.1144 0.4890
vn 0.7464 -0.4385 0.5006
vn 0.7430 -0.3965 0.5392
vn 0.8337 -0.1188 0.5393
vn 0.8048 -0.1357 0.5779
vn 0.7987 0.1015 0.5931
vn 0.8047 -0.1355 0.5780
vn 0.8095 0.1912 0.5551
vn 0.7987 0.1014 0.5931
vn 0.8047 -0.1356 0.5780
vn -0.8029 0.4270 -0.4160
vn -0.8985 0.1519 -0.4118
vn 0.7876 0.0687 0.6123
vn 0.7903 -0.1342 0.5979
vn 0.7844 -0.0972 0.6126
vn 0.7903 -0.1340 0.5979
vn 0.8498 -0.1189 0.5135
vn 0.8337 -0.1187 0.5393
vn 0.7762 0.1007 0.6224
vn 0.7843 -0.0972 0.6127
vn 0.7620 -0.1583 0.6279
vn 0.7620 -0.1582 0.6280
vn 0.7320 -0.1109 0.6723
vn 0.7858 -0.4034 0.4687
vn 0.7858 -0.4034 0.4688
vn 0.7539 0.4813 0.4472
vn 0.8689 0.4449 0.2169
vn 0.7769 0.4150 0.4735
vn 0.5304 0.7943 0.2964
vn 0.6328 0.6827 0.3654
vn 0.6309 0.6688 0.3932
vn 0.7170 0.5351 0.4468
vn 0.7177 0.5537 0.4222
vn 0.7608 0.4596 0.4582
vn 0.7697 0.4458 0.4569
vn 0.8490 -0.1352 0.5108
vn 0.8414 0.1904 0.5058
vn 0.8371 -0.1833 0.5154
vn 0.5326 0.7932 0.2953
vn 0.6328 0.6827 0.3653
vn 0.5326 0.7932 0.2954
vn 0.6367 0.6832 0.3575
vn 0.7769 0.4150 0.4734
vn 0.2580 0.9442 0.2047
vn 0.2581 0.9442 0.2046
vn 0.5037 0.8191 0.2746
vn 0.2657 0.9563 0.1219
vn 0.5037 0.8190 0.2746
vn 0.7242 0.5550 0.4092
vn 0.7773 0.4505 0.4392
vn 0.5353 0.7912 0.2958
vn 0.6366 0.6833 0.3575
vn 0.5325 0.7932 0.2952
vn 0.5354 0.7911 0.2958
vn 0.6385 0.6816 0.3572
vn 0.6367 0.6832 0.3576
vn -0.1709 -0.9829 0.0692
vn -0.2555 -0.9661 0.0381
vn -0.2552 -0.9669 0.0040
vn -0.1783 -0.9805 0.0823
vn -0.2556 -0.9660 0.0381
vn 0.7877 0.3882 0.4785
vn 0.7217 0.5565 0.4117
vn 0.5344 0.7914 0.2967
vn 0.6385 0.6817 0.3572
vn 0.5344 0.7915 0.2967
vn 0.6385 0.6816 0.3573
vn 0.7247 0.5551 0.4083
vn 0.2405 0.9426 0.2315
vn 0.5072 0.7851 0.3554
vn 0.2405 0.9427 0.2315
vn 0.4797 0.7924 0.3768
vn 0.5072 0.7852 0.3554
vn -0.1782 -0.9805 0.0823
vn -0.2659 -0.9630 0.0440
vn -0.1854 -0.9780 0.0953
vn -0.2660 -0.9630 0.0440
vn 0.6329 0.6826 0.3654
vn 0.7075 0.5679 0.4206
vn 0.6368 0.6831 0.3576
vn 0.7177 0.5538 0.4222
vn 0.7876 0.3881 0.4785
vn 0.7608 0.4597 0.4582
vn 0.7956 0.3669 0.4820
vn 0.3245 0.9303 0.1709
vn 0.5325 0.7933 0.2952
vn 0.5372 0.7860 0.3059
vn 0.6381 0.6768 0.3671
vn 0.6538 0.4977 0.5699
vn 0.7396 0.3358 0.5833
vn 0.6658 0.5152 0.5397
vn 0.6539 0.4977 0.5699
vn 0.7224 0.2945 0.6256
vn 0.6490 -0.6442 0.4048
vn 0.7212 -0.5347 0.4405
vn 0.5354 0.7818 0.3196
vn 0.5372 0.7861 0.3059
vn 0.6376 0.6705 0.3793
vn 0.2627 0.9554 0.1351
vn 0.3246 0.9303 0.1709
vn 0.2626 0.9554 0.1351
vn 0.5325 0.7933 0.2953
vn 0.6386 0.6816 0.3573
vn 0.6367 0.6831 0.3576
vn 0.7217 0.5564 0.4118
vn 0.7777 0.4497 0.4391
vn 0.7216 0.5565 0.4118
vn 0.7752 0.4484 0.4450
vn -0.2924 0.9539 0.0676
vn -0.1828 0.9747 0.1289
vn -0.6579 0.6969 -0.2853
vn 0.8059 0.3781 0.4556
vn 0.7778 0.4496 0.4392
vn 0.8003 0.3924 0.4533
vn 0.7778 0.4497 0.4392
vn -0.5932 0.7239 -0.3523
vn -0.6638 0.6376 -0.3908
vn -0.5317 0.8275 -0.1804
vn -0.5318 0.8275 -0.1804
vn -0.6729 0.6999 -0.2392
vn -0.3475 -0.9370 0.0365
vn -0.1993 -0.9725 0.1204
vn -0.3476 -0.9369 0.0365
vn 0.7608 0.3986 0.5122
vn 0.7818 0.3261 0.5316
vn 0.3705 0.8459 0.3836
vn 0.5444 0.6949 0.4698
vn 0.3941 0.8329 0.3885
vn 0.5245 0.6988 0.4863
vn 0.2792 0.9493 0.1447
vn 0.2626 0.9554 0.1350
vn 0.2793 0.9493 0.1446
vn 0.5344 0.7915 0.2966
vn 0.5266 0.7825 0.3323
vn 0.7230 0.5490 0.4193
vn 0.8450 0.1978 0.4969
vn 0.7513 0.3827 0.5376
vn 0.7817 0.3260 0.5316
vn 0.7730 0.3021 0.5579
vn 0.7818 0.3260 0.5316
vn 0.6154 0.6678 0.4187
vn 0.6154 0.6678 0.4188
vn 0.7060 0.5248 0.4755
vn 0.7229 0.5407 0.4301
vn 0.5968 0.6691 0.4428
vn 0.7060 0.5249 0.4755
vn 0.5968 0.6692 0.4428
vn 0.6932 0.5176 0.5016
vn 0.3286 0.9269 0.1812
vn 0.5371 0.7862 0.3058
vn 0.8413 0.1935 0.5048
vn 0.7433 0.3529 0.5683
vn 0.7434 0.3528 0.5683
vn 0.2034 0.9461 0.2521
vn 0.2035 0.9461 0.2521
vn 0.4436 0.8057 0.3925
vn 0.4437 0.8056 0.3925
vn 0.4798 0.7923 0.3769
vn 0.5751 0.6731 0.4650
vn 0.5967 0.6693 0.4427
vn 0.5752 0.6730 0.4650
vn 0.6931 0.5176 0.5016
vn 0.6817 0.5058 0.5286
vn 0.6931 0.5177 0.5016
vn 0.8413 0.1936 0.5048
vn 0.7908 0.3523 0.5006
vn 0.7908 0.3522 0.5006
vn 0.7649 0.2582 0.5902
vn 0.7433 0.3528 0.5683
vn 0.7397 0.3358 0.5832
vn 0.6153 0.6678 0.4188
vn 0.5073 0.7851 0.3554
vn 0.6153 0.6679 0.4187
vn 0.6932 0.5175 0.5016
vn 0.7061 0.5247 0.4756
vn 0.7513 0.3827 0.5377
vn 0.2355 0.9239 0.3016
vn 0.4437 0.8057 0.3925
vn 0.2034 0.9461 0.2522
vn 0.2214 0.9295 0.2950
vn 0.3940 0.8330 0.3885
vn 0.3704 0.8460 0.3835
vn 0.7224 0.2945 0.6257
vn 0.7377 0.1665 0.6543
vn 0.5445 0.6949 0.4698
vn 0.6817 0.5058 0.5287
vn 0.5751 0.6730 0.4651
vn 0.5445 0.6948 0.4698
vn 0.6658 0.5153 0.5396
vn 0.5246 0.6987 0.4863
vn 0.6539 0.4979 0.5697
vn 0.6817 0.5057 0.5287
vn 0.5751 0.6731 0.4651
vn 0.5750 0.6731 0.4651
vn 0.8726 -0.3760 0.3117
vn 0.7212 -0.5345 0.4405
vn 0.8081 -0.5363 0.2438
vn 0.7956 -0.3640 0.4842
vn 0.6490 -0.6441 0.4049
vn 0.8080 -0.5363 0.2438
vn 0.6658 0.5152 0.5396
vn 0.7433 0.3530 0.5683
vn -0.9245 0.2930 -0.2439
vn -0.6905 0.6929 -0.2079
vn -0.7193 0.6776 -0.1535
vn -0.6905 0.6929 -0.2078
vn -0.8844 0.4046 -0.2328
vn -0.5193 0.8529 -0.0533
vn -0.5193 0.8529 -0.0532
vn -0.2925 0.9539 0.0675
vn -0.6753 -0.6529 -0.3431
vn -0.4983 -0.8435 -0.2005
vn -0.6759 -0.6680 -0.3113
vn -0.6754 -0.6528 -0.3431
vn -0.5065 -0.8306 -0.2314
vn -0.6650 -0.6968 -0.2689
vn -0.4895 -0.8632 -0.1232
vn -0.6536 -0.7237 -0.2216
vn -0.5149 -0.8384 -0.1789
vn -0.4896 -0.8632 -0.1232
vn -0.7679 -0.5447 -0.3371
vn -0.8128 -0.4178 -0.4058
vn -0.7682 -0.5219 -0.3707
vn -0.8238 -0.4272 -0.3726
vn -0.8128 -0.4178 -0.4059
vn -0.8469 -0.1730 -0.5028
vn -0.8056 -0.3571 -0.4728
vn -0.8452 -0.1792 -0.5035
vn -0.8095 -0.3440 -0.4758
vn -0.8056 -0.3570 -0.4728
vn -0.4285 -0.7631 -0.4838
vn -0.4431 -0.8667 -0.2293
vn -0.5908 -0.7431 -0.3143
vn -0.4286 -0.7631 -0.4838
vn -0.2973 -0.8644 -0.4055
vn -0.4431 -0.8666 -0.2293
vn -0.2973 -0.8644 -0.4054
vn -0.2859 -0.9471 -0.1457
vn -0.6369 -0.4737 -0.6082
vn -0.7216 -0.5702 -0.3927
vn -0.7829 -0.4513 -0.4282
vn -0.6370 -0.4737 -0.6081
vn -0.5817 -0.5761 -0.5743
vn -0.5818 -0.5761 -0.5742
vn -0.5909 -0.7430 -0.3143
vn -0.4286 -0.7630 -0.4838
vn -0.6993 0.5850 -0.4107
vn -0.5909 -0.7431 -0.3142
vn -0.4526 -0.8619 -0.2286
vn -0.5861 -0.7491 -0.3087
vn -0.4432 -0.8666 -0.2293
vn -0.4285 -0.7631 -0.4839
vn -0.1454 -0.7647 -0.6278
vn -0.2861 -0.6306 -0.7214
vn -0.5862 -0.7491 -0.3086
vn -0.7208 -0.5744 -0.3880
vn -0.5909 -0.7430 -0.3142
vn -0.5862 -0.7491 -0.3087
vn -0.7830 -0.4520 -0.4273
vn -0.7007 -0.5935 -0.3960
vn -0.7662 -0.4656 -0.4429
vn -0.7174 -0.5798 -0.3861
vn -0.3043 -0.9422 -0.1406
vn -0.4525 -0.8620 -0.2286
vn -0.4430 -0.8667 -0.2293
vn -0.3044 -0.9421 -0.1407
vn -0.4354 -0.8723 -0.2226
vn -0.5860 -0.7493 -0.3085
vn -0.7829 -0.4512 -0.4283
vn -0.6925 -0.3274 -0.6429
vn -0.6370 -0.4737 -0.6082
vn -0.8328 -0.3120 -0.4573
vn -0.8632 -0.1642 -0.4775
vn -0.8262 -0.3296 -0.4570
vn -0.7329 -0.6679 -0.1292
vn -0.7896 -0.5919 -0.1619
vn -0.6737 -0.7314 -0.1059
vn -0.7330 -0.6679 -0.1292
vn -0.8328 -0.5254 -0.1741
vn -0.4353 -0.8723 -0.2226
vn -0.2861 -0.9489 -0.1331
vn -0.6105 -0.7888 -0.0714
vn -0.5558 -0.8296 -0.0530
vn -0.5861 -0.7492 -0.3085
vn -0.7187 -0.5770 -0.3879
vn -0.5860 -0.7492 -0.3085
vn -0.4331 -0.8761 -0.2117
vn -0.5838 -0.7531 -0.3033
vn -0.7838 -0.4521 -0.4258
vn -0.7175 -0.5798 -0.3861
vn -0.7188 -0.5770 -0.3879
vn -0.2861 -0.9489 -0.1332
vn -0.2871 -0.9500 -0.1229
vn -0.4331 -0.8762 -0.2117
vn -0.8628 -0.1814 -0.4720
vn -0.8263 -0.3295 -0.4569
vn -0.8632 -0.1642 -0.4774
vn -0.8628 -0.1813 -0.4720
vn -0.8307 -0.3242 -0.4527
vn -0.8262 -0.3295 -0.4569
vn -0.7577 -0.4916 -0.4291
vn -0.7610 -0.4763 -0.4404
vn -0.8051 -0.3713 -0.4625
vn -0.4188 -0.8840 -0.2078
vn -0.5605 -0.7708 -0.3029
vn -0.4332 -0.8761 -0.2117
vn -0.7187 -0.5771 -0.3879
vn -0.5839 -0.7530 -0.3033
vn -0.7174 -0.5799 -0.3861
vn -0.7832 -0.4538 -0.4251
vn -0.7838 -0.4520 -0.4258
vn -0.7208 -0.5743 -0.3880
vn -0.4187 -0.8840 -0.2077
vn -0.2871 -0.9500 -0.1228
vn -0.2840 -0.9509 -0.1230
vn -0.8328 -0.3121 -0.4573
vn -0.8315 -0.3189 -0.4548
vn -0.8620 -0.1758 -0.4755
vn -0.8307 -0.3241 -0.4527
vn -0.8315 -0.3189 -0.4549
vn -0.5606 -0.7707 -0.3029
vn -0.7006 -0.5935 -0.3960
vn -0.7832 -0.4538 -0.4250
vn -0.7209 -0.5743 -0.3880
vn -0.5604 -0.7708 -0.3029
vn -0.4035 -0.8922 -0.2031
vn -0.5480 -0.7828 -0.2948
vn -0.4035 -0.8921 -0.2031
vn -0.4034 -0.8922 -0.2031
vn -0.2772 -0.9533 -0.1201
vn -0.8630 -0.1615 -0.4787
vn -0.8315 -0.3190 -0.4549
vn -0.7831 -0.4518 -0.4273
vn -0.7839 -0.4520 -0.4258
vn -0.3927 -0.9005 -0.1867
vn -0.5309 -0.8012 -0.2762
vn -0.3928 -0.9005 -0.1867
vn -0.7006 -0.5936 -0.3960
vn -0.5482 -0.7827 -0.2948
vn -0.6918 -0.6066 -0.3917
vn -0.3927 -0.9005 -0.1866
vn -0.2744 -0.9554 -0.1088
vn -0.7199 -0.1767 -0.6712
vn -0.8328 -0.3119 -0.4573
vn -0.7200 -0.1767 -0.6712
vn -0.6925 -0.3274 -0.6428
vn -0.9186 -0.1762 -0.3537
vn -0.8641 -0.4178 -0.2809
vn -0.9180 -0.2273 -0.3249
vn -0.8498 -0.4282 -0.3075
vn -0.7775 -0.5719 -0.2616
vn -0.8324 -0.4385 -0.3389
vn -0.7723 -0.5602 -0.2995
vn -0.8498 -0.4282 -0.3074
vn -0.5309 -0.8011 -0.2762
vn -0.6843 -0.6234 -0.3782
vn -0.6919 -0.6066 -0.3917
vn -0.5481 -0.7827 -0.2948
vn -0.5310 -0.8011 -0.2762
vn -0.2744 -0.9555 -0.1087
vn -0.3743 -0.9115 -0.1702
vn -0.3927 -0.9006 -0.1866
vn -0.2636 -0.9599 -0.0953
vn -0.3744 -0.9115 -0.1702
vn -0.5558 -0.8271 -0.0838
vn -0.6702 -0.7176 -0.1896
vn -0.5353 -0.8371 -0.1130
vn -0.6579 -0.7390 -0.1450
vn -0.7682 -0.5220 -0.3707
vn -0.6650 -0.6967 -0.2691
vn -0.7678 -0.5448 -0.3371
vn -0.6760 -0.6679 -0.3114
vn -0.8676 -0.2180 -0.4468
vn -0.8836 -0.2260 -0.4102
vn -0.8677 -0.2180 -0.4468
vn -0.5166 -0.8152 -0.2619
vn -0.5308 -0.8012 -0.2762
vn -0.3745 -0.9115 -0.1702
vn -0.5167 -0.8151 -0.2619
vn -0.6764 -0.6381 -0.3679
vn -0.6843 -0.6234 -0.3783
vn -0.3546 -0.9244 -0.1404
vn -0.2635 -0.9599 -0.0953
vn -0.2666 -0.9601 -0.0845
vn -0.7662 -0.4655 -0.4429
vn -0.8094 -0.3441 -0.4758
vn -0.8261 -0.3296 -0.4570
vn -0.7559 -0.5007 -0.4218
vn -0.7627 -0.5085 -0.3996
vn -0.6764 -0.6380 -0.3679
vn -0.5065 -0.8306 -0.2315
vn -0.5168 -0.8151 -0.2619
vn -0.5064 -0.8307 -0.2314
vn -0.5167 -0.8152 -0.2619
vn -0.8545 -0.1832 -0.4860
vn -0.8168 -0.3800 -0.4341
vn -0.8606 -0.1898 -0.4726
vn -0.8043 -0.3825 -0.4547
vn -0.8168 -0.3801 -0.4340
vn -0.2665 -0.9601 -0.0844
vn -0.3657 -0.9224 -0.1246
vn -0.2666 -0.9601 -0.0844
vn -0.2632 -0.9631 -0.0568
vn -0.3657 -0.9223 -0.1247
vn -0.7578 -0.4917 -0.4290
vn -0.5064 -0.8307 -0.2313
vn -0.3658 -0.9223 -0.1247
vn -0.4982 -0.8436 -0.2004
vn -0.7560 -0.5006 -0.4218
vn -0.8043 -0.3826 -0.4547
vn -0.2633 -0.9631 -0.0567
vn -0.2632 -0.9631 -0.0567
vn -0.2346 -0.9721 -0.0089
vn -0.8490 -0.1892 -0.4934
vn -0.7774 -0.5720 -0.2615
vn -0.7719 -0.5976 -0.2169
vn -0.7775 -0.5720 -0.2615
vn -0.6703 -0.7175 -0.1896
vn -0.8606 -0.1898 -0.4725
vn -0.8168 -0.3800 -0.4340
vn -0.8129 -0.4177 -0.4059
vn -0.6650 -0.6967 -0.2690
vn 0.1666 -0.9122 0.3745
vn 0.0473 -0.9563 0.2886
vn 0.1666 -0.9121 0.3745
vn 0.0901 -0.9420 0.3233
vn -0.8836 -0.2260 -0.4101
vn -0.8324 -0.4385 -0.3390
vn -0.8324 -0.4384 -0.3390
vn -0.0841 -0.9840 0.1574
vn -0.0257 -0.9742 0.2244
vn -0.0842 -0.9839 0.1574
vn 0.5395 -0.8412 0.0356
vn 0.6636 -0.7175 0.2116
vn 0.5863 -0.7225 0.3663
vn -0.8502 0.1452 -0.5060
vn -0.7853 0.4158 -0.4588
vn -0.1123 -0.9931 -0.0341
vn -0.2860 -0.9489 -0.1331
vn -0.1124 -0.9931 -0.0341
vn -0.1142 -0.9930 -0.0310
vn -0.0258 -0.9742 0.2244
vn 0.0901 -0.9420 0.3232
vn -0.0349 -0.9681 0.2482
vn 0.0901 -0.9421 0.3231
vn -0.7628 -0.5083 -0.3996
vn -0.7628 -0.5084 -0.3996
vn -0.8167 -0.3801 -0.4341
vn -0.7723 -0.5603 -0.2995
vn -0.3670 -0.9299 -0.0255
vn -0.3648 -0.9300 -0.0447
vn -0.3671 -0.9298 -0.0255
vn -0.5353 -0.8371 -0.1129
vn -0.3671 -0.9298 -0.0256
vn -0.9070 -0.1821 -0.3797
vn -0.8498 -0.4281 -0.3075
vn -0.4982 -0.8435 -0.2005
vn -0.3634 -0.9274 -0.0889
vn -0.4981 -0.8436 -0.2004
vn -0.2660 -0.9630 0.0439
vn -0.2555 -0.9660 0.0381
vn -0.4331 -0.9010 -0.0231
vn -0.4332 -0.9010 -0.0232
vn -0.7720 -0.5974 -0.2169
vn -0.7720 -0.5974 -0.2170
vn -0.8640 -0.4178 -0.2808
vn -0.8498 -0.4282 -0.3073
vn -0.9180 -0.2273 -0.3248
vn -0.8760 -0.4314 -0.2156
vn -0.8641 -0.4177 -0.2809
vn -0.7720 -0.5975 -0.2169
vn -0.6535 -0.7238 -0.2216
vn -0.4896 -0.8632 -0.1231
vn -0.4331 -0.9011 -0.0231
vn -0.2661 -0.9630 0.0440
vn -0.4918 -0.8705 -0.0202
vn -0.5558 -0.8297 -0.0530
vn -0.4332 -0.9010 -0.0231
vn -0.5559 -0.8296 -0.0530
vn -0.4160 -0.9090 0.0263
vn -0.3477 -0.9369 0.0365
vn -0.5091 -0.8604 -0.0231
vn -0.6535 -0.7237 -0.2217
vn -0.7679 -0.5448 -0.3371
vn -0.6536 -0.7237 -0.2217
vn -0.6737 -0.7313 -0.1059
vn -0.7895 -0.5920 -0.1619
vn -0.7719 -0.5976 -0.2168
vn -0.8323 -0.4385 -0.3390
vn -0.5558 -0.8296 -0.0529
vn -0.6104 -0.7888 -0.0714
vn -0.4918 -0.8705 -0.0201
vn -0.7610 -0.4764 -0.4404
vn -0.6843 -0.6233 -0.3784
vn -0.7577 -0.4917 -0.4291
vn -0.6844 -0.6234 -0.3782
vn -0.7683 -0.5218 -0.3707
vn -0.8168 -0.3802 -0.4340
vn -0.8051 -0.3712 -0.4626
vn -0.8490 -0.1891 -0.4934
vn -0.8452 -0.1793 -0.5035
vn -0.9050 -0.3721 -0.2061
vn -0.8761 -0.4313 -0.2156
vn -0.9050 -0.3721 -0.2062
vn -0.8329 -0.5254 -0.1742
vn -0.8329 -0.5253 -0.1742
vn -0.9050 -0.3722 -0.2061
vn -0.1064 0.9628 0.2486
vn -0.3216 0.6928 0.6454
vn 0.1095 0.9151 0.3880
vn -0.1064 0.9628 0.2485
vn -0.7914 -0.5467 0.2736
vn -0.5637 -0.8251 -0.0376
vn -0.7914 -0.5466 0.2736
vn -0.6930 -0.7122 -0.1119
vn -0.5637 -0.8252 -0.0376
vn 0.0716 -0.6261 0.7764
vn 0.4785 -0.6590 0.5803
vn 0.1540 -0.5250 0.8371
vn 0.3677 -0.7796 0.5070
vn 0.4786 -0.6589 0.5804
vn -0.1828 0.9747 0.1288
vn 0.0286 0.9840 0.1759
vn -0.1827 0.9747 0.1289
vn -0.0060 0.9677 0.2519
vn -0.2259 -0.9594 0.1692
vn -0.0351 -0.9681 0.2481
vn 0.0491 -0.9475 0.3160
vn -0.2258 -0.9594 0.1692
vn -0.2154 -0.9649 0.1500
vn -0.8710 -0.4313 0.2350
vn -0.7915 -0.5465 0.2736
vn -0.8005 -0.5749 -0.1693
vn 0.1541 -0.5248 0.8371
vn 0.5576 -0.5317 0.6375
vn 0.2092 -0.4157 0.8851
vn 0.1541 -0.5249 0.8371
vn 0.5576 -0.5317 0.6374
vn -0.3476 -0.9317 0.1057
vn -0.3476 -0.9317 0.1058
vn -0.4159 -0.9090 0.0263
vn 0.1006 -0.9330 0.3455
vn -0.5095 -0.8604 -0.0052
vn -0.3477 -0.9316 0.1056
vn 0.2321 -0.8756 0.4236
vn -0.5636 -0.8252 -0.0377
vn -0.6104 -0.7889 -0.0713
vn 0.2322 -0.8756 0.4236
vn 0.3677 -0.7797 0.5069
vn -0.6929 -0.7122 -0.1120
vn -0.5637 -0.8251 -0.0377
vn -0.9272 -0.3061 0.2159
vn -0.8711 -0.4312 0.2350
vn -0.8817 -0.4239 -0.2073
vn 0.6655 -0.1976 0.7198
vn 0.6655 -0.1977 0.7197
vn -0.9628 -0.1600 0.2179
vn -0.9272 -0.3060 0.2159
vn -0.9461 -0.2304 -0.2276
vn -0.8817 -0.4238 -0.2073
vn -0.3218 0.6928 0.6453
vn -0.2180 0.9606 0.1724
vn -0.4590 0.7104 0.5335
vn -0.2181 0.9606 0.1724
vn -0.0022 -0.9802 -0.1980
vn 0.0734 -0.9950 0.0675
vn -0.1124 -0.9931 -0.0337
vn 0.0733 -0.9950 0.0676
vn 0.0681 -0.9949 0.0750
vn -0.1122 -0.9931 -0.0340
vn -0.1124 -0.9931 -0.0336
vn 0.0640 -0.9955 0.0703
vn -0.1139 -0.9930 -0.0309
vn -0.1121 -0.9931 -0.0340
vn -0.1140 -0.9930 -0.0309
vn 0.0639 -0.9955 0.0703
vn -0.1190 -0.9926 -0.0223
vn -0.1141 -0.9930 -0.0308
vn 0.2569 -0.2435 0.9353
vn 0.6798 0.0978 0.7268
vn 0.2736 -0.0459 0.9607
vn 0.6655 -0.1976 0.7197
vn 0.6798 0.0979 0.7269
vn -0.9710 0.0475 0.2342
vn -0.9461 -0.2303 -0.2276
vn -0.9628 -0.1599 0.2179
vn -0.9622 0.1533 -0.2251
vn 0.0539 -0.9959 0.0733
vn -0.1190 -0.9926 -0.0222
vn -0.1164 -0.9928 -0.0267
vn -0.1191 -0.9926 -0.0222
vn 0.0478 -0.9965 0.0687
vn -0.1164 -0.9928 -0.0268
vn 0.0538 -0.9959 0.0733
vn -0.1185 -0.9927 -0.0231
vn 0.8508 0.2155 0.4792
vn 0.8508 0.2156 0.4793
vn 0.0362 -0.9968 0.0717
vn -0.1220 -0.9924 -0.0171
vn -0.1255 -0.9920 -0.0109
vn -0.1321 -0.9912 0.0007
vn -0.0151 -0.9961 0.0874
vn 0.0108 -0.9970 0.0768
vn -0.0152 -0.9961 0.0874
vn -0.1485 -0.9885 0.0293
vn -0.0152 -0.9961 0.0875
vn -0.1549 -0.9871 0.0407
vn -0.1484 -0.9885 0.0294
vn -0.0788 -0.9908 0.1100
vn -0.0579 -0.9937 0.0960
vn -0.0788 -0.9908 0.1101
vn -0.1151 -0.9858 0.1225
vn 0.3199 0.8808 -0.3490
vn 0.2001 0.9722 -0.1219
vn 0.0888 0.8675 -0.4895
vn -0.1782 -0.9805 0.0824
vn -0.0259 -0.9742 0.2243
vn -0.1992 -0.9725 0.1204
vn -0.1993 -0.9725 0.1205
vn 0.2737 -0.0457 0.9607
vn 0.6719 0.1618 0.7227
vn 0.2701 0.0066 0.9628
vn 0.2737 -0.0459 0.9607
vn 0.6797 0.0978 0.7269
vn 0.6720 0.1617 0.7227
vn -0.9622 0.1534 -0.2251
vn -0.9105 0.3614 -0.2010
vn 0.5579 0.5221 0.6451
vn 0.2029 0.2991 0.9324
vn 0.6719 0.1617 0.7227
vn 0.3677 -0.7796 0.5069
vn 0.4173 -0.7261 0.5465
vn 0.3678 -0.7796 0.5069
vn -0.8005 -0.5749 -0.1694
vn -0.7330 -0.6678 -0.1293
vn -0.6930 -0.7121 -0.1121
vn -0.8328 -0.5254 -0.1742
vn 0.5125 -0.6004 0.6139
vn 0.5577 -0.5317 0.6374
vn -0.8816 -0.4239 -0.2073
vn 0.6369 -0.3317 0.6960
vn -0.9461 -0.2304 -0.2277
vn 0.7040 0.0190 0.7100
vn 0.6798 0.0977 0.7268
vn 0.6656 -0.1975 0.7197
vn 0.6369 -0.3314 0.6961
vn -0.9461 -0.2302 -0.2277
vn -0.9245 0.2931 -0.2439
vn -0.9693 -0.0448 -0.2418
vn 0.6799 0.0978 0.7268
vn 0.6979 0.1875 0.6912
vn 0.6720 0.1618 0.7226
vn 0.6798 0.0979 0.7268
vn 0.7040 0.0191 0.7100
vn 0.6979 0.1874 0.6912
vn -0.9104 0.3615 -0.2011
vn -0.9244 0.2931 -0.2439
vn -0.9104 0.3615 -0.2012
vn 0.6258 0.4662 0.6253
vn 0.5579 0.5220 0.6452
vn -0.8497 0.5043 -0.1540
vn 0.0286 0.9840 0.1760
vn 0.1673 0.9264 0.3375
vn 0.2213 0.9295 0.2950
vn -0.0059 0.9677 0.2519
vn 0.1672 0.9264 0.3374
vn -0.6997 0.5793 -0.4182
vn 0.6258 0.4664 0.6252
vn 0.6538 0.4978 0.5698
vn 0.5247 0.6987 0.4864
vn 0.4839 0.6847 0.5450
vn 0.6258 0.4663 0.6252
vn 0.3048 0.8615 0.4062
vn -0.8909 0.3256 0.3168
vn -0.9104 0.3614 -0.2011
vn 0.4839 0.6847 0.5451
vn 0.3894 0.7458 0.5405
vn 0.5579 0.5221 0.6452
vn 0.6257 0.4664 0.6253
vn -0.6473 0.7602 -0.0546
vn -0.7191 0.6777 -0.1534
vn -0.8496 0.5045 -0.1540
vn 0.3893 0.7459 0.5405
vn 0.3049 0.8613 0.4064
vn 0.1878 0.8889 0.4178
vn 0.4838 0.6848 0.5450
vn -0.4137 0.9077 0.0698
vn -0.6472 0.7604 -0.0545
vn 0.1877 0.8890 0.4178
vn 0.1672 0.9264 0.3375
vn 0.1096 0.9152 0.3879
vn 0.3047 0.8614 0.4063
vn -0.4136 0.9078 0.0699
vn -0.1828 0.9746 0.1290
vn 0.1095 0.9152 0.3879
vn -0.0059 0.9677 0.2520
vn 0.1094 0.9152 0.3879
vn -0.1828 0.9747 0.1290
vn -0.3712 -0.8103 0.4535
vn -0.3713 -0.8102 0.4536
vn -0.2258 -0.9593 0.1694
vn -0.2259 -0.9593 0.1693
vn -0.5377 -0.7038 0.4643
vn -0.3477 -0.9316 0.1059
vn -0.1252 -0.7463 0.6537
vn -0.1976 -0.7535 0.6270
vn -0.6409 -0.6771 0.3616
vn -0.3478 -0.9316 0.1058
vn -0.5379 -0.7037 0.4643
vn -0.6409 -0.6770 0.3617
vn -0.0343 -0.7044 0.7090
vn -0.6929 -0.6411 0.3298
vn -0.5096 -0.8604 -0.0051
vn -0.5636 -0.8252 -0.0376
vn -0.0343 -0.7043 0.7091
vn 0.0716 -0.6262 0.7764
vn -0.0343 -0.7042 0.7091
vn 0.2322 -0.8756 0.4237
vn 0.0854 0.4878 0.8688
vn 0.2028 0.2992 0.9324
vn 0.5578 0.5221 0.6452
vn 0.3049 0.8614 0.4063
vn 0.7224 0.2944 0.6257
vn 0.7377 0.1663 0.6544
vn 0.7040 0.0191 0.7099
vn -0.7490 0.5386 0.3858
vn -0.8496 0.5044 -0.1540
vn -0.8908 0.3258 0.3169
vn -0.6474 0.7602 -0.0545
vn 0.0853 0.4879 0.8687
vn 0.1876 0.8889 0.4178
vn -0.0540 0.6123 0.7888
vn 0.0854 0.4879 0.8687
vn 0.3893 0.7458 0.5405
vn 0.1877 0.8889 0.4178
vn -0.5879 0.6550 0.4747
vn -0.6472 0.7603 -0.0545
vn -0.7489 0.5387 0.3858
vn -0.4138 0.9077 0.0699
vn -0.6473 0.7603 -0.0545
vn -0.0541 0.6123 0.7887
vn 0.1094 0.9152 0.3880
vn -0.4590 0.7105 0.5335
vn -0.5878 0.6550 0.4748
vn -0.4137 0.9077 0.0700
vn -0.2743 -0.9555 -0.1087
vn -0.1220 -0.9924 -0.0172
vn -0.1257 -0.9920 -0.0109
vn -0.1256 -0.9920 -0.0109
vn -0.1322 -0.9912 0.0006
vn -0.1141 -0.9930 -0.0309
vn -0.2870 -0.9500 -0.1228
vn -0.2860 -0.9490 -0.1331
vn -0.1191 -0.9926 -0.0223
vn -0.8686 0.1383 -0.4758
vn -0.8598 0.1598 -0.4850
vn -0.8630 -0.1614 -0.4786
vn -0.8620 -0.1757 -0.4755
vn -0.8781 0.0340 -0.4774
vn 0.9185 0.2322 0.3202
vn 0.8388 0.1490 0.5236
vn -0.2839 -0.9510 -0.1229
vn -0.1165 -0.9928 -0.0268
vn -0.2838 -0.9510 -0.1229
vn -0.1164 -0.9928 -0.0269
vn -0.1186 -0.9927 -0.0231
vn 0.4365 -0.8521 -0.2887
vn 0.3349 -0.9422 0.0079
vn 0.2700 -0.8855 -0.3782
vn 0.8727 -0.3759 0.3115
vn 0.8946 -0.4440 -0.0510
vn 0.9459 -0.3229 -0.0315
vn 0.8081 -0.5363 0.2436
vn 0.9568 -0.1200 0.2648
vn 0.9459 -0.3229 -0.0316
vn 0.9948 -0.0990 -0.0223
vn 0.9460 -0.3227 -0.0315
vn 0.9818 0.1847 -0.0438
vn 0.9185 0.2322 0.3201
vn 0.9948 -0.0989 -0.0223
vn 0.8690 0.4449 0.2167
vn 0.9818 0.1849 -0.0438
vn 0.9312 0.3629 -0.0336
vn 0.9818 0.1848 -0.0438
vn 0.8690 0.4449 0.2168
vn 0.9026 0.4283 -0.0428
vn 0.8400 0.4863 0.2405
vn 0.7631 0.6158 0.1959
vn 0.8400 0.4864 0.2405
vn 0.4366 -0.8521 -0.2886
vn 0.4367 -0.8521 -0.2886
vn 0.5887 -0.7802 -0.2117
vn 0.5394 -0.8413 0.0354
vn 0.8320 -0.5491 -0.0792
vn 0.8945 -0.4441 -0.0511
vn 0.7537 -0.6382 0.1569
vn 0.5478 0.8064 -0.2228
vn 0.3778 0.9252 -0.0342
vn 0.6410 0.7483 -0.1708
vn 0.3778 0.9253 -0.0342
vn 0.5477 0.8064 -0.2228
vn 0.7362 -0.6648 -0.1271
vn 0.8320 -0.5492 -0.0792
vn 0.6638 -0.7174 0.2114
vn -0.1655 0.9091 -0.3822
vn -0.1017 0.7875 -0.6079
vn -0.3266 0.8366 -0.4398
vn -0.0118 0.8350 -0.5501
vn -0.2123 0.7008 -0.6810
vn -0.4455 0.7372 -0.5080
vn -0.4456 0.7372 -0.5080
vn -0.2993 0.6024 -0.7399
vn -0.2993 0.6025 -0.7399
vn 0.3872 -0.6731 0.6301
vn 0.5551 -0.2723 0.7859
vn 0.4327 -0.5986 0.6741
vn 0.7276 0.1026 0.6783
vn 0.6898 -0.0598 0.7216
vn 0.7450 -0.0332 0.6663
vn 0.3871 -0.6732 0.6301
vn 0.4248 -0.6695 0.6094
vn 0.3795 -0.7007 0.6041
vn 0.4220 -0.5668 0.7075
vn 0.3643 -0.5702 0.7363
vn 0.5329 -0.5458 0.6466
vn 0.4215 -0.5678 0.7071
vn 0.4613 -0.5999 0.6537
vn 0.4051 -0.5769 0.7092
vn 0.5220 -0.4896 0.6985
vn 0.3444 -0.6492 0.6782
vn 0.4976 -0.5985 0.6279
vn 0.3827 -0.7500 0.5394
vn 0.5131 -0.6207 0.5929
vn 0.3352 -0.7971 0.5023
vn 0.6011 0.1390 0.7870
vn 0.5551 -0.2724 0.7859
vn 0.6198 0.1833 0.7630
vn 0.5701 -0.4929 0.6573
vn 0.5688 -0.4790 0.6686
vn 0.6867 -0.2987 0.6627
vn 0.6364 0.1298 0.7604
vn 0.6198 0.1834 0.7630
vn 0.6291 0.2179 0.7462
vn 0.4931 0.1103 0.8629
vn 0.5254 0.0221 0.8506
vn 0.4390 0.1792 0.8804
vn 0.6251 -0.0196 0.7803
vn 0.5865 0.0737 0.8066
vn 0.5793 -0.0645 0.8126
vn 0.5955 0.1324 0.7923
vn 0.6583 -0.0152 0.7526
vn 0.6617 -0.0705 0.7464
vn 0.7143 0.0575 0.6975
vn 0.6766 0.2140 0.7046
vn 0.7322 0.0694 0.6775
vn 0.6584 0.0596 0.7503
vn 0.6195 -0.0195 0.7847
vn 0.6590 0.1220 0.7421
vn 0.6590 0.1221 0.7422
vn 0.6195 -0.0194 0.7847
vn 0.6896 -0.0597 0.7217
vn 0.7450 -0.0331 0.6662
vn 0.7278 0.1741 0.6633
vn 0.7310 0.0712 0.6787
vn 0.7303 -0.0516 0.6812
vn 0.7233 0.0259 0.6900
vn 0.6882 -0.0409 0.7243
vn 0.6604 0.0927 0.7452
vn 0.6603 0.0927 0.7452
vn 0.6882 -0.0408 0.7244
vn 0.6202 -0.0086 0.7844
vn 0.6083 -0.0311 0.7931
vn 0.6372 -0.0888 0.7656
vn 0.6583 -0.0153 0.7526
vn 0.6528 -0.0269 0.7570
vn 0.6238 -0.0716 0.7783
vn 0.6088 0.0686 0.7903
vn 0.6629 -0.1217 0.7387
vn 0.6190 -0.2189 0.7543
vn 0.6358 -0.1380 0.7594
vn 0.6088 0.0686 0.7904
vn 0.6238 -0.0715 0.7783
vn 0.6199 -0.0100 0.7846
vn 0.6290 -0.0108 0.7773
vn 0.6028 -0.0289 0.7974
vn 0.5254 0.0220 0.8506
vn 0.6311 -0.0579 0.7735
vn 0.4524 -0.2412 0.8586
vn 0.6057 0.0224 0.7954
vn 0.4932 0.1103 0.8629
vn 0.5103 0.1137 0.8525
vn 0.6057 0.0223 0.7954
vn 0.6378 0.1484 0.7558
vn -0.8392 0.4758 0.2634
vn -0.8002 0.4376 0.4101
vn -0.7178 0.5190 0.4641
vn 0.6011 0.1392 0.7870
vn 0.6378 0.1485 0.7558
vn 0.5103 0.1138 0.8525
vn 0.4437 -0.6463 0.6208
vn 0.4663 -0.5582 0.6862
vn 0.4843 -0.5921 0.6440
vn 0.5700 -0.4930 0.6573
vn 0.4663 -0.5583 0.6862
vn 0.4437 -0.6464 0.6207
vn 0.5385 -0.6484 0.5382
vn 0.6867 -0.2986 0.6628
vn 0.5688 -0.4789 0.6686
vn 0.5526 -0.5770 0.6014
vn 0.6355 -0.4767 0.6074
vn 0.5162 -0.6820 0.5181
vn 0.4848 -0.6004 0.6359
vn 0.5611 -0.5079 0.6537
vn 0.5132 -0.6206 0.5928
vn 0.4857 -0.5298 0.6952
vn 0.5610 -0.5080 0.6536
vn 0.4848 -0.6005 0.6360
vn 0.4388 -0.5812 0.6853
vn 0.5321 -0.4540 0.7147
vn 0.5133 -0.5721 0.6398
vn 0.5605 -0.4153 0.7165
vn 0.5864 -0.3389 0.7357
vn 0.5775 -0.4362 0.6901
vn 0.4751 -0.5130 0.7149
vn 0.5320 -0.4540 0.7148
vn 0.4387 -0.5812 0.6854
vn 0.4776 -0.5396 0.6933
vn 0.4216 -0.5676 0.7072
vn 0.4803 -0.4819 0.7329
vn 0.4453 -0.2676 0.8545
vn 0.3643 -0.5701 0.7363
vn 0.2890 -0.5980 0.7476
vn 0.4219 -0.5668 0.7076
vn 0.3333 -0.5589 0.7593
vn 0.4919 -0.5956 0.6351
vn 0.3333 -0.5588 0.7593
vn 0.4221 -0.5667 0.7076
vn -0.9090 -0.2565 0.3285
vn -0.9279 -0.1147 0.3548
vn -0.9820 -0.0500 0.1821
vn 0.5220 -0.4895 0.6985
vn 0.5359 -0.4411 0.7199
vn 0.4593 -0.5086 0.7283
vn 0.3719 -0.5477 0.7495
vn 0.2925 -0.5616 0.7740
vn 0.2924 -0.5617 0.7740
vn 0.2607 -0.4727 0.8418
vn 0.7761 -0.2966 0.5565
vn 0.2925 -0.5615 0.7740
vn 0.2608 -0.4726 0.8418
vn 0.3952 0.0223 0.9183
vn 0.4718 0.0988 0.8761
vn 0.7761 -0.2969 0.5563
vn 0.3952 0.0222 0.9183
vn 0.4047 -0.5772 0.7093
vn 0.5356 0.0550 0.8427
vn 0.4046 -0.5772 0.7093
vn 0.4613 -0.5999 0.6536
vn 0.5356 0.0549 0.8427
vn 0.4918 -0.2620 0.8303
vn 0.3333 -0.5588 0.7594
vn 0.4918 -0.2621 0.8303
vn 0.6897 -0.0597 0.7217
vn 0.7144 0.1480 0.6839
vn 0.4327 -0.5987 0.6741
vn 0.4247 -0.6695 0.6094
vn 0.4919 -0.5956 0.6350
vn 0.4248 -0.6695 0.6093
vn 0.2891 -0.5979 0.7476
vn 0.4219 -0.5668 0.7077
vn 0.2889 -0.5980 0.7476
vn 0.2020 -0.6513 0.7315
vn 0.4776 -0.5397 0.6933
vn 0.4214 -0.5677 0.7071
vn 0.2519 -0.8312 0.4956
vn 0.4592 -0.5087 0.7283
vn 0.5219 -0.4896 0.6985
vn 0.4592 -0.5086 0.7283
vn 0.3441 -0.6125 0.7116
vn 0.3828 -0.7500 0.5394
vn 0.4848 -0.6005 0.6359
vn 0.5131 -0.6207 0.5928
vn 0.3541 -0.7516 0.5565
vn 0.5551 -0.2723 0.7860
vn 0.5700 -0.4929 0.6573
vn 0.3724 -0.7709 0.5167
vn 0.4438 -0.6464 0.6207
vn 0.6377 0.1485 0.7558
vn 0.6011 0.1391 0.7870
vn 0.6056 0.0223 0.7954
vn 0.5255 0.0220 0.8505
vn 0.4932 0.1101 0.8629
vn 0.6312 -0.0577 0.7735
vn 0.6290 -0.0106 0.7773
vn 0.6268 0.1616 0.7623
vn 0.5865 0.0738 0.8066
vn 0.6250 -0.0197 0.7803
vn 0.6082 -0.0310 0.7931
vn 0.5457 0.2209 0.8084
vn 0.6083 -0.0310 0.7931
vn 0.5956 0.1324 0.7923
vn 0.6604 0.0928 0.7451
vn 0.6604 0.0927 0.7451
vn 0.6471 0.2215 0.7295
vn -0.4773 -0.8532 0.2106
vn -0.5035 -0.8229 0.2633
vn -0.4965 -0.8316 0.2489
vn -0.4773 -0.8531 0.2106
vn -0.5592 -0.7317 0.3897
vn -0.5036 -0.8228 0.2634
vn -0.2787 -0.9529 -0.1197
vn -0.2566 -0.9546 -0.1514
vn -0.2890 -0.9516 -0.1046
vn -0.2444 -0.9549 -0.1685
vn -0.2298 -0.9546 -0.1894
vn -0.2295 -0.9547 -0.1892
vn -0.2567 -0.9546 -0.1515
vn -0.2500 -0.9548 -0.1606
vn -0.2564 -0.9547 -0.1512
vn -0.2424 -0.9549 -0.1714
vn -0.2501 -0.9548 -0.1606
vn -0.2424 -0.9549 -0.1715
vn -0.2107 -0.9536 -0.2149
vn -0.2423 -0.9549 -0.1715
vn -0.1849 -0.9506 -0.2494
vn -0.2107 -0.9536 -0.2150
vn -0.1848 -0.9506 -0.2494
vn -0.1550 -0.9450 -0.2881
vn -0.1551 -0.9449 -0.2882
vn -0.0730 -0.9187 -0.3882
vn -0.1791 -0.9497 -0.2569
vn -0.0554 -0.9109 -0.4089
vn -0.2332 -0.9548 -0.1842
vn -0.2333 -0.9548 -0.1841
vn -0.2666 -0.9540 -0.1372
vn -0.1792 -0.9497 -0.2567
vn -0.2616 -0.9543 -0.1442
vn -0.0996 -0.9289 -0.3568
vn -0.0969 -0.9280 -0.3599
vn -0.1055 -0.9310 -0.3495
vn -0.0995 -0.9288 -0.3569
vn -0.1005 -0.9292 -0.3556
vn -0.0969 -0.9279 -0.3599
vn -0.1317 -0.9391 -0.3174
vn -0.1489 -0.9436 -0.2958
vn -0.1634 -0.9468 -0.2772
vn -0.1678 -0.9477 -0.2716
vn -0.1634 -0.9468 -0.2773
vn 0.5749 -0.0298 -0.8177
vn 0.5769 -0.0221 -0.8165
vn 0.5749 -0.0297 -0.8177
vn 0.5782 -0.0169 -0.8157
vn 0.5769 -0.0220 -0.8165
vn 0.6420 -0.2845 0.7119
vn 0.6372 -0.0889 0.7656
vn 0.6882 -0.0409 0.7244
vn 0.5975 -0.2786 0.7519
vn 0.5974 -0.2786 0.7520
vn 0.6238 -0.0717 0.7783
vn 0.6371 -0.0888 0.7656
vn 0.5839 -0.2767 0.7632
vn 0.5178 -0.2664 0.8129
vn 0.5178 -0.2664 0.8130
vn 0.5138 0.1010 0.8519
vn 0.6027 -0.0289 0.7974
vn 0.5178 -0.2665 0.8129
vn 0.4299 -0.2509 0.8673
vn 0.5138 0.1009 0.8520
vn 0.5102 0.1137 0.8525
vn 0.4299 -0.2510 0.8673
vn 0.4918 -0.2620 0.8304
vn 0.6421 -0.2845 0.7119
vn 0.7303 -0.0518 0.6812
vn 0.7003 -0.2911 0.6518
vn 0.6421 -0.2845 0.7118
vn 0.7450 -0.0332 0.6662
vn 0.6857 -0.2895 0.6679
vn 0.7303 -0.0518 0.6811
vn 0.6856 -0.2895 0.6680
vn 0.6897 -0.0599 0.7216
vn 0.6433 -0.2847 0.7107
vn 0.7173 -0.2385 0.6547
vn 0.7403 0.0540 0.6701
vn 0.7304 -0.1899 0.6561
vn 0.7172 -0.2386 0.6547
vn 0.7390 -0.0552 0.6715
vn 0.7403 0.0539 0.6701
vn 0.7403 0.0541 0.6701
vn 0.7317 0.1669 0.6609
vn 0.7072 0.2857 0.6467
vn 0.7390 -0.0549 0.6715
vn 0.7317 0.1667 0.6609
vn 0.7311 0.0712 0.6786
vn 0.7451 -0.0331 0.6662
vn 0.7451 -0.0330 0.6662
vn 0.7224 -0.0342 0.6906
vn 0.6955 -0.3780 0.6111
vn 0.6681 -0.4719 0.5753
vn 0.7224 -0.0343 0.6906
vn 0.7323 0.0692 0.6775
vn 0.6956 -0.3779 0.6111
vn 0.7760 -0.2972 0.5564
vn 0.6955 -0.3779 0.6111
vn 0.7322 0.0692 0.6775
vn 0.6082 -0.0311 0.7931
vn 0.6372 -0.0887 0.7656
vn 0.3854 0.7647 0.5165
vn 0.6721 0.0018 0.7404
vn 0.6197 -0.2516 0.7434
vn 0.6189 -0.2190 0.7543
vn 0.6196 -0.2517 0.7434
vn 0.6197 -0.2516 0.7435
vn 0.6199 -0.0099 0.7846
vn 0.6028 -0.0288 0.7974
vn 0.6290 -0.0107 0.7773
vn 0.4760 0.1557 0.8656
vn 0.5865 0.0739 0.8066
vn 0.6028 -0.0287 0.7974
vn 0.4759 0.1557 0.8656
vn 0.4931 0.1101 0.8630
vn 0.5102 0.1139 0.8525
vn 0.7234 0.0259 0.6900
vn 0.6882 -0.0408 0.7243
vn 0.7143 0.0575 0.6974
vn 0.7303 -0.0517 0.6812
vn 0.5611 -0.5078 0.6537
vn 0.5359 -0.4410 0.7199
vn 0.5975 -0.2786 0.7520
vn 0.5321 -0.4538 0.7148
vn 0.5974 -0.2786 0.7519
vn 0.5320 -0.4538 0.7148
vn 0.5840 -0.2767 0.7632
vn 0.4804 -0.4818 0.7329
vn 0.3382 -0.5576 0.7581
vn 0.4299 -0.2508 0.8673
vn 0.3333 -0.5587 0.7595
vn 0.3381 -0.5576 0.7581
vn 0.3332 -0.5587 0.7595
vn 0.6355 -0.4766 0.6075
vn 0.7002 -0.2911 0.6519
vn 0.6867 -0.2986 0.6627
vn 0.6355 -0.4765 0.6074
vn 0.5701 -0.4928 0.6573
vn 0.5701 -0.4928 0.6574
vn 0.6856 -0.2895 0.6679
vn 0.5759 -0.5879 0.5681
vn 0.7304 -0.1900 0.6561
vn 0.5758 -0.5879 0.5681
vn 0.6271 -0.5038 0.5940
vn 0.4708 -0.7307 0.4944
vn 0.5758 -0.5880 0.5681
vn 0.3688 -0.8242 0.4297
vn 0.4709 -0.7306 0.4945
vn 0.6270 -0.5040 0.5940
vn 0.3047 -0.8597 0.4100
vn 0.5160 -0.6822 0.5180
vn 0.5384 -0.6484 0.5382
vn 0.3048 -0.8596 0.4101
vn 0.4483 -0.7057 0.5486
vn 0.5161 -0.6821 0.5180
vn 0.7817 -0.0405 0.6223
vn 0.7678 -0.1047 0.6321
vn 0.7902 0.0098 0.6127
vn 0.7761 -0.2969 0.5564
vn -0.7762 0.2971 -0.5561
vn 0.6434 -0.2847 0.7106
vn 0.6195 -0.0196 0.7848
vn 0.5566 -0.2726 0.7848
vn 0.6896 -0.0598 0.7217
vn 0.4858 -0.5298 0.6952
vn 0.5359 -0.4412 0.7199
vn 0.5610 -0.5079 0.6536
vn -0.0847 -0.9648 0.2490
vn 0.6040 -0.3093 0.7345
vn 0.5126 -0.5625 0.6488
vn 0.4977 -0.5984 0.6279
vn 0.4976 -0.5985 0.6278
vn 0.5132 -0.5722 0.6397
vn 0.5220 -0.4896 0.6984
vn 0.4976 -0.5986 0.6278
vn 0.5125 -0.5625 0.6487
vn 0.5125 -0.5625 0.6488
vn 0.6040 -0.3094 0.7345
vn 0.2777 -0.7903 0.5461
vn 0.4775 -0.5397 0.6933
vn 0.4751 -0.5131 0.7149
vn 0.4214 -0.5677 0.7072
vn 0.2717 -0.6089 0.7453
vn 0.3381 -0.5577 0.7581
vn 0.1791 -0.7060 0.6852
vn 0.2019 -0.6512 0.7315
vn 0.2889 -0.5981 0.7476
vn 0.2717 -0.6090 0.7452
vn 0.1791 -0.7061 0.6851
vn 0.3399 -0.8138 0.4715
vn 0.3352 -0.7971 0.5022
vn 0.5525 -0.5770 0.6014
vn 0.2717 -0.6088 0.7453
vn 0.2890 -0.5979 0.7477
vn 0.3332 -0.5588 0.7594
vn 0.5330 -0.5458 0.6466
vn 0.4220 -0.5668 0.7076
vn 0.2717 -0.6089 0.7452
vn 0.1791 -0.7061 0.6850
vn 0.4214 -0.5678 0.7072
vn 0.4047 -0.5771 0.7093
vn 0.4752 -0.5129 0.7149
vn 0.2649 -0.7755 0.5731
vn 0.4750 -0.5131 0.7149
vn 0.4386 -0.5814 0.6853
vn 0.4387 -0.5813 0.6853
vn 0.5125 -0.5626 0.6488
vn 0.2650 -0.7755 0.5731
vn 0.5131 -0.5721 0.6398
vn 0.5321 -0.4539 0.7147
vn 0.5133 -0.5720 0.6398
vn 0.3032 -0.7072 0.6386
vn 0.4857 -0.5299 0.6952
vn 0.3032 -0.7073 0.6386
vn 0.3032 -0.7073 0.6385
vn 0.5611 -0.5080 0.6536
vn 0.5132 -0.6207 0.5928
vn 0.3399 -0.8138 0.4714
vn 0.5385 -0.6483 0.5382
vn 0.6356 -0.4765 0.6074
vn 0.6868 -0.2986 0.6628
vn 0.3723 -0.7710 0.5167
vn 0.5385 -0.6483 0.5383
vn 0.6364 0.1298 0.7603
vn 0.6312 -0.0579 0.7735
vn 0.6058 0.0222 0.7953
vn 0.6364 0.1297 0.7603
vn 0.4390 0.1793 0.8804
vn 0.4861 0.2477 0.8381
vn 0.4862 0.2477 0.8380
vn 0.5966 0.2273 0.7697
vn 0.6268 0.1615 0.7623
vn 0.6088 0.0687 0.7903
vn 0.6017 0.2492 0.7589
vn 0.6089 0.0686 0.7903
vn 0.6528 -0.0268 0.7571
vn 0.6017 0.2495 0.7588
vn 0.6721 0.0020 0.7404
vn 0.6528 -0.0268 0.7570
vn 0.6017 0.2495 0.7587
vn 0.6584 -0.0152 0.7526
vn 0.6722 0.0020 0.7404
vn 0.6618 -0.0705 0.7463
vn 0.5456 0.2211 0.8084
vn 0.5590 0.2907 0.7765
vn 0.6082 -0.0310 0.7932
vn 0.5457 0.2209 0.8083
vn 0.6603 0.0928 0.7452
vn 0.5591 0.2906 0.7765
vn 0.6202 -0.0085 0.7844
vn 0.5591 0.2907 0.7765
vn 0.7322 0.0693 0.6775
vn 0.7224 -0.0341 0.6906
vn 0.7323 0.0694 0.6774
vn 0.7310 0.0713 0.6787
vn 0.6926 0.2171 0.6879
vn 0.7224 -0.0341 0.6907
vn 0.7278 0.1742 0.6633
vn 0.6927 0.2172 0.6877
vn 0.6919 0.3157 0.6494
vn 0.7310 0.0713 0.6786
vn 0.6926 0.2172 0.6878
vn 0.7276 0.1027 0.6783
vn 0.6919 0.3155 0.6494
vn 0.7278 0.1743 0.6633
vn 0.5601 -0.5814 0.5901
vn 0.4709 -0.7306 0.4944
vn 0.3689 -0.8242 0.4297
vn -0.1186 -0.9929 -0.0064
vn 0.5700 -0.4928 0.6574
vn 0.5565 -0.2726 0.7849
vn 0.4663 -0.5582 0.6863
vn 0.5565 -0.2725 0.7849
vn -0.2809 -0.9526 -0.1164
vn -0.2629 -0.9543 -0.1424
vn -0.3057 -0.9488 -0.0798
vn -0.2598 -0.9544 -0.1469
vn -0.3698 -0.9289 0.0201
vn -0.3058 -0.9487 -0.0797
vn -0.4091 -0.9085 0.0858
vn -0.2810 -0.9526 -0.1163
vn -0.6264 -0.4641 0.6263
vn -0.4092 -0.9084 0.0857
vn -0.6296 -0.3147 0.7103
vn -0.6263 -0.4641 0.6263
vn -0.6053 -0.1031 0.7893
vn -0.6298 -0.3145 0.7103
vn -0.6264 -0.4640 0.6263
vn -0.6296 -0.3145 0.7104
vn -0.1758 0.7454 0.6430
vn -0.1759 0.7454 0.6430
vn -0.5703 -0.7069 0.4185
vn -0.5703 -0.7068 0.4185
vn -0.4436 0.3700 0.8163
vn -0.5333 0.1619 0.8303
vn -0.3605 0.5150 0.7777
vn -0.4435 0.3699 0.8164
vn 0.0890 0.9250 0.3694
vn -0.3602 0.5149 0.7779
vn 0.1382 0.9409 0.3093
vn 0.0889 0.9250 0.3693
vn -0.4436 0.3701 0.8162
vn 0.2110 0.9536 0.2146
vn 0.2372 0.9549 0.1787
vn 0.2110 0.9537 0.2146
vn 0.2556 0.9546 0.1528
vn 0.2373 0.9549 0.1786
vn 0.2588 0.9545 0.1483
vn 0.2111 0.9537 0.2144
vn 0.2372 0.9549 0.1786
vn -0.6153 -0.1632 0.7712
vn -0.5749 0.0297 0.8177
vn -0.9278 -0.1148 0.3549
vn -0.6152 -0.1632 0.7713
vn -0.1821 -0.9502 -0.2530
vn -0.1679 -0.9477 -0.2715
vn -0.1936 -0.9518 -0.2378
vn -0.0373 0.8591 0.5104
vn -0.0673 0.8383 0.5410
vn -0.0071 0.8781 0.4783
vn -0.0671 0.8384 0.5409
vn 0.2287 0.9547 0.1903
vn 0.1848 0.9506 0.2495
vn 0.2395 0.9549 0.1753
vn 0.1365 0.9404 0.3114
vn 0.2620 0.9543 0.1438
vn 0.2587 0.9545 0.1484
vn 0.2618 0.9544 0.1438
vn 0.4013 0.9131 -0.0725
vn 0.3692 0.9291 -0.0193
vn 0.4238 0.8989 -0.1115
vn 0.3641 0.9313 -0.0110
vn 0.3692 0.9292 -0.0193
vn 0.4343 0.8913 -0.1301
vn 0.4238 0.8989 -0.1116
vn 0.4211 0.9007 -0.1069
vn 0.4342 0.8913 -0.1302
vn 0.2991 0.9500 0.0897
vn 0.2569 0.9546 0.1510
vn 0.3412 0.9396 0.0255
vn 0.2519 0.9548 0.1580
vn 0.3925 0.9179 -0.0578
vn 0.3413 0.9396 0.0254
vn 0.4032 0.9120 -0.0759
vn -0.4696 0.3167 0.8241
vn -0.8002 0.4375 0.4101
vn 0.3416 0.9395 0.0247
vn 0.3474 0.9376 0.0158
vn 0.3381 0.9406 0.0303
vn 0.3495 0.9369 0.0124
vn -0.5143 -0.8084 0.2863
vn -0.4965 -0.8315 0.2490
vn -0.5145 -0.8083 0.2862
vn -0.3296 -0.9431 -0.0434
vn -0.2891 -0.9516 -0.1045
vn -0.3711 -0.9283 0.0224
vn -0.2598 -0.9544 -0.1470
vn -0.2567 -0.9546 -0.1514
vn -0.2564 -0.9546 -0.1514
vn -0.0695 -0.9172 -0.3924
vn -0.0990 -0.9287 -0.3574
vn -0.0695 -0.9171 -0.3925
vn -0.0730 -0.9187 -0.3883
vn -0.1388 -0.9410 -0.3085
vn -0.0991 -0.9287 -0.3574
vn -0.1449 -0.9426 -0.3009
vn -0.1388 -0.9411 -0.3085
vn -0.1716 -0.9484 -0.2666
vn -0.1155 -0.9343 -0.3372
vn -0.2182 -0.9542 -0.2049
vn -0.2182 -0.9542 -0.2048
vn -0.2616 -0.9543 -0.1443
vn -0.1717 -0.9484 -0.2665
vn 0.5769 -0.0222 -0.8165
vn 0.5765 -0.0237 -0.8168
vn 0.5769 -0.0224 -0.8165
vn 0.5759 -0.0260 -0.8171
vn -0.2193 -0.9543 -0.2032
vn -0.2195 -0.9542 -0.2032
vn -0.1300 -0.9386 -0.3195
vn -0.1056 -0.9310 -0.3495
vn -0.1577 -0.9456 -0.2846
vn -0.0995 -0.9289 -0.3568
vn -0.2143 -0.9539 -0.2102
vn -0.1577 -0.9456 -0.2845
vn -0.2413 -0.9549 -0.1729
vn -0.4071 -0.9097 0.0825
vn -0.2412 -0.9550 -0.1728
vn -0.4786 -0.8518 0.2132
vn -0.4069 -0.9097 0.0827
vn -0.2143 -0.9539 -0.2101
vn -0.6288 -0.4313 0.6470
vn -0.4788 -0.8516 0.2132
vn -0.6283 -0.2888 0.7224
vn -0.6288 -0.4312 0.6470
vn -0.4072 -0.9096 0.0827
vn -0.4787 -0.8516 0.2133
vn -0.6217 -0.2141 0.7534
vn -0.6281 -0.2889 0.7225
vn -0.6220 -0.2142 0.7532
vn -0.6288 -0.4311 0.6471
vn -0.1644 -0.9470 -0.2760
vn -0.1775 -0.9494 -0.2590
vn -0.1644 -0.9470 -0.2759
vn -0.2166 -0.9541 -0.2069
vn -0.1775 -0.9494 -0.2589
vn -0.2498 -0.9548 -0.1610
vn -0.4084 -0.9089 0.0846
vn -0.3471 -0.9377 -0.0161
vn -0.4082 -0.9089 0.0846
vn -0.3127 -0.9473 -0.0693
vn -0.3014 0.6004 0.7408
vn -0.3679 0.5033 0.7819
vn -0.2503 0.6648 0.7038
vn -0.3014 0.6004 0.7407
vn -0.3680 0.5033 0.7818
vn -0.2108 0.7094 0.6725
vn -0.2108 0.7093 0.6726
vn -0.3013 0.6004 0.7407
vn -0.3127 -0.9473 -0.0694
vn -0.2167 -0.9541 -0.2068
vn -0.4741 -0.8564 0.2044
vn -0.3712 -0.9283 0.0225
vn -0.5394 -0.7695 0.3419
vn -0.3297 -0.9431 -0.0433
vn -0.5593 -0.7316 0.3898
vn -0.5394 -0.7694 0.3420
vn -0.5036 -0.8228 0.2635
vn -0.5593 -0.7316 0.3899
vn -0.4741 -0.8564 0.2045
vn -0.5395 -0.7694 0.3420
vn -0.2771 0.6320 0.7237
vn -0.2006 0.7204 0.6640
vn -0.2772 0.6319 0.7238
vn -0.4695 0.3169 0.8241
vn -0.7177 0.5190 0.4642
vn -0.8002 0.4376 0.4102
vn -0.7178 0.5190 0.4642
vn 0.3299 0.9430 0.0432
vn 0.3380 0.9406 0.0304
vn 0.3417 0.9395 0.0247
vn 0.5793 -0.0134 -0.8150
vn 0.5793 -0.0132 -0.8150
vn 0.3751 0.9265 -0.0288
vn 0.3649 0.9309 -0.0131
vn 0.3608 0.9326 -0.0056
vn 0.3279 0.9436 0.0461
vn 0.3647 0.9310 -0.0133
vn 0.3533 0.9355 0.0064
vn 0.3028 0.9493 0.0842
vn 0.3765 0.9259 -0.0311
vn 0.2770 0.9531 0.1221
vn 0.3026 0.9494 0.0841
vn 0.3610 0.9325 -0.0060
vn 0.3255 0.9442 0.0498
vn 0.3533 0.9355 0.0063
vn 0.4656 0.8646 -0.1886
vn 0.4031 0.9120 -0.0761
vn 0.4658 0.8646 -0.1884
vn 0.3926 0.9179 -0.0580
vn 0.4033 0.9119 -0.0760
vn -0.0092 0.8768 0.4807
vn -0.1452 0.7742 0.6161
vn 0.0914 0.9259 0.3665
vn -0.0093 0.8769 0.4806
vn -0.1455 0.7743 0.6158
vn 0.2770 0.9531 0.1222
vn 0.0913 0.9260 0.3662
vn 0.3027 0.9493 0.0843
vn 0.2772 0.9530 0.1224
vn -0.0091 0.8769 0.4806
vn 0.0916 0.9259 0.3664
vn 0.5764 -0.0238 -0.8168
vn 0.5758 -0.0260 -0.8172
vn 0.3361 0.9412 0.0335
vn 0.3006 0.9497 0.0875
vn 0.3475 0.9376 0.0156
vn 0.2686 0.9538 0.1342
vn 0.3475 0.9375 0.0155
vn -0.6275 -0.4518 0.6341
vn -0.6147 -0.5531 0.5623
vn -0.5995 -0.6209 0.5050
vn 0.1648 0.9471 0.2754
vn 0.0900 0.9253 0.3684
vn 0.2035 0.9530 0.2246
vn 0.0900 0.9253 0.3683
vn 0.3005 0.9497 0.0877
vn 0.1649 0.9471 0.2754
vn 0.2036 0.9530 0.2245
vn -0.5995 -0.6210 0.5050
vn -0.5850 -0.6683 0.4595
vn -0.6147 -0.5532 0.5623
vn -0.5850 -0.6683 0.4596
vn 0.2684 0.9539 0.1347
vn 0.2617 0.9544 0.1438
vn 0.2760 0.9532 0.1236
vn 0.2684 0.9539 0.1346
vn 0.2619 0.9543 0.1438
vn 0.2396 0.9549 0.1754
vn 0.2739 0.9534 0.1267
vn 0.2619 0.9543 0.1439
vn 0.2288 0.9547 0.1903
vn -0.1123 0.8031 0.5852
vn -0.1518 0.7683 0.6219
vn -0.0023 0.8809 0.4732
vn -0.1123 0.8030 0.5852
vn -0.0488 0.8513 0.5224
vn -0.1518 0.7683 0.6218
vn 0.1365 0.9404 0.3115
vn -0.0021 0.8810 0.4731
vn 0.1847 0.9506 0.2496
vn -0.1122 0.8032 0.5851
vn -0.6264 -0.4648 0.6258
vn -0.9090 -0.2565 0.3286
vn -0.6153 -0.1634 0.7712
vn -0.9278 -0.1147 0.3549
vn -0.5809 -0.6799 0.4474
vn -0.5808 -0.6801 0.4473
vn -0.6264 -0.4649 0.6257
vn -0.0488 0.8514 0.5223
vn -0.0070 0.8782 0.4783
vn -0.1517 0.7684 0.6217
vn -0.0487 0.8514 0.5223
vn 0.2883 0.9517 0.1056
vn 0.2739 0.9534 0.1266
vn 0.2885 0.9516 0.1058
vn 0.3060 0.9487 0.0793
vn 0.2760 0.9532 0.1237
vn 0.3296 0.9431 0.0435
vn 0.2684 0.9539 0.1345
vn 0.2759 0.9532 0.1237
vn 0.3556 0.9346 0.0027
vn 0.3296 0.9431 0.0434
vn 0.3557 0.9346 0.0027
vn 0.3346 0.9417 0.0356
vn 0.2849 0.9522 0.1107
vn 0.2848 0.9522 0.1109
vn 0.3346 0.9417 0.0358
vn 0.3278 0.9436 0.0463
vn 0.3254 0.9442 0.0499
vn 0.3652 0.9308 -0.0129
vn 0.3610 0.9326 -0.0060
vn -0.6673 0.6009 -0.4401
vn -0.6210 0.6717 -0.4040
vn -0.6489 0.6134 -0.4502
vn 0.5021 -0.0026 -0.8648
vn 0.3682 -0.1218 -0.9217
vn 0.3503 -0.0845 -0.9328
vn 0.6543 -0.0058 -0.7562
vn 0.6489 -0.0520 -0.7591
vn 0.5021 -0.0027 -0.8648
vn 0.5022 -0.0026 -0.8648
vn 0.3503 -0.0844 -0.9328
vn 0.3350 -0.0423 -0.9413
vn 0.5022 -0.0025 -0.8648
vn 0.6367 -0.0881 -0.7661
vn 0.3349 -0.0424 -0.9413
vn 0.3317 -0.0014 -0.9434
vn 0.6083 -0.1355 -0.7821
vn 0.5022 -0.0024 -0.8648
vn 0.3317 -0.0013 -0.9434
vn 0.3378 0.0424 -0.9403
vn 0.6083 -0.1355 -0.7820
vn 0.5794 -0.1606 -0.7991
vn 0.5547 -0.1754 -0.8133
vn 0.5490 -0.1785 -0.8165
vn 0.3379 0.0429 -0.9402
vn 0.3528 0.0857 -0.9318
vn 0.5491 -0.1785 -0.8165
vn 0.5101 -0.1885 -0.8392
vn 0.5021 -0.0028 -0.8648
vn 0.4858 -0.1890 -0.8534
vn 0.4487 -0.1832 -0.8747
vn 0.4304 -0.1746 -0.8856
vn 0.5021 -0.0029 -0.8648
vn 0.3971 -0.1562 -0.9044
vn 0.3863 -0.1465 -0.9107
vn 0.3703 -0.1274 -0.9201
vn 0.3702 -0.1274 -0.9202
vn 0.3528 0.0857 -0.9317
vn 0.3722 0.1246 -0.9197
vn 0.4114 0.1574 -0.8978
vn 0.4335 0.1705 -0.8849
vn 0.4658 0.1815 -0.8661
vn 0.4841 0.1854 -0.8552
vn 0.5344 0.1803 -0.8258
vn 0.5344 0.1804 -0.8257
vn 0.5583 0.1685 -0.8123
vn 0.5875 0.1468 -0.7958
vn 0.5875 0.1469 -0.7958
vn 0.6146 0.1214 -0.7795
vn 0.6403 0.0772 -0.7642
vn 0.6507 0.0375 -0.7584
vn 0.2379 -0.9282 0.2860
vn 0.3286 -0.8787 0.3462
vn 0.3871 -0.8396 0.3811
vn 0.1983 -0.9317 0.3042
vn 0.3286 -0.8787 0.3463
vn 0.0523 -0.9738 0.2214
vn 0.1982 -0.9318 0.3041
vn -0.0139 -0.9802 0.1974
vn -0.3671 -0.9295 -0.0360
vn -0.1822 -0.9792 0.0895
vn -0.3548 -0.9347 -0.0192
vn -0.3671 -0.9295 -0.0361
vn -0.1847 -0.9783 0.0939
vn -0.1823 -0.9792 0.0895
vn -0.5222 -0.8358 -0.1695
vn -0.6389 -0.7273 -0.2508
vn -0.5531 -0.8139 -0.1781
vn -0.5222 -0.8358 -0.1696
vn -0.6753 -0.6804 -0.2847
vn -0.5221 -0.8359 -0.1694
vn -0.3549 -0.9347 -0.0192
vn -0.5221 -0.8359 -0.1695
vn -0.5531 -0.8139 -0.1779
vn -0.3672 -0.9294 -0.0362
vn -0.7995 -0.5127 -0.3131
vn -0.8597 -0.4091 -0.3058
vn -0.7937 -0.5368 -0.2861
vn -0.7994 -0.5127 -0.3131
vn -0.8476 -0.3813 -0.3690
vn -0.8597 -0.4091 -0.3059
vn -0.6755 -0.6802 -0.2847
vn -0.7937 -0.5369 -0.2861
vn -0.6390 -0.7272 -0.2509
vn -0.7994 -0.5128 -0.3131
vn -0.8477 -0.3811 -0.3690
vn -0.8975 -0.2240 -0.3799
vn -0.8598 -0.4091 -0.3058
vn -0.8477 -0.3811 -0.3691
vn -0.8637 -0.2306 -0.4482
vn -0.8975 -0.2241 -0.3800
vn -0.8638 -0.2304 -0.4481
vn -0.8834 -0.0478 -0.4661
vn -0.8975 -0.2240 -0.3800
vn -0.8316 -0.0759 -0.5502
vn -0.8834 -0.0480 -0.4662
vn -0.8125 0.0906 -0.5758
vn -0.7723 0.1816 -0.6087
vn -0.8126 0.0907 -0.5757
vn -0.8834 -0.0478 -0.4662
vn -0.8316 -0.0757 -0.5502
vn -0.6489 0.6132 -0.4504
vn -0.7151 0.4473 -0.5372
vn -0.6673 0.6008 -0.4401
vn -0.6489 0.6133 -0.4504
vn -0.7283 0.3902 -0.5633
vn -0.7723 0.1818 -0.6087
vn -0.7151 0.4472 -0.5372
vn -0.8125 0.0908 -0.5758
vn -0.7723 0.1817 -0.6087
vn -0.6489 0.6133 -0.4503
vn -0.5514 0.7421 -0.3811
vn -0.5328 0.7668 -0.3579
vn -0.5328 0.7669 -0.3578
vn -0.4271 0.8497 -0.3091
vn -0.3847 0.8809 -0.2757
vn -0.5328 0.7669 -0.3579
vn -0.5514 0.7422 -0.3811
vn -0.3846 0.8809 -0.2757
vn -0.2867 0.9285 -0.2360
vn -0.2539 0.9446 -0.2081
vn -0.3846 0.8810 -0.2757
vn -0.4270 0.8498 -0.3091
vn -0.2537 0.9446 -0.2080
vn -0.0909 0.9854 -0.1443
vn -0.0933 0.9883 -0.1207
vn -0.2537 0.9446 -0.2081
vn -0.2866 0.9285 -0.2360
vn 0.3224 0.9342 0.1526
vn 0.4431 0.8548 0.2701
vn 0.4927 0.8204 0.2902
vn 0.3290 0.9236 0.1966
vn 0.5867 0.7304 0.3497
vn 0.5906 0.7220 0.3603
vn 0.4928 0.8203 0.2902
vn 0.4432 0.8548 0.2701
vn 0.5868 0.7303 0.3498
vn 0.6789 0.6008 0.4221
vn 0.5907 0.7220 0.3603
vn 0.7059 0.5665 0.4252
vn 0.7435 0.4610 0.4844
vn 0.7060 0.5664 0.4252
vn 0.7606 0.4520 0.4660
vn 0.8064 0.3565 0.4718
vn 0.8587 0.2205 0.4627
vn 0.8774 0.1506 0.4555
vn 0.8064 0.3566 0.4718
vn 0.7951 0.4034 0.4529
vn 0.8587 0.2206 0.4627
vn 0.8936 -0.0384 0.4472
vn 0.8627 -0.1307 0.4885
vn 0.8587 0.2205 0.4626
vn 0.7606 0.4520 0.4661
vn 0.7950 0.4035 0.4529
vn 0.8064 0.3567 0.4718
vn 0.8139 -0.2964 0.4996
vn 0.8627 -0.1308 0.4885
vn 0.8936 -0.0385 0.4472
vn 0.8139 -0.2963 0.4998
vn 0.7682 -0.2688 0.5810
vn 0.7086 -0.4454 0.5473
vn 0.7682 -0.2689 0.5810
vn 0.8139 -0.2964 0.4997
vn 0.7085 -0.4454 0.5474
vn 0.6649 -0.4360 0.6065
vn 0.7682 -0.2688 0.5811
vn 0.6091 -0.5713 0.5501
vn 0.6648 -0.4361 0.6065
vn 0.7085 -0.4455 0.5473
vn 0.6091 -0.5713 0.5502
vn 0.5558 -0.6115 0.5631
vn 0.3872 -0.8395 0.3812
vn 0.4926 -0.7052 0.5100
vn 0.5182 -0.6896 0.5058
vn 0.3287 -0.8787 0.3463
vn 0.4927 -0.7051 0.5100
vn 0.5558 -0.6116 0.5630
vn 0.6091 -0.5713 0.5500
vn 0.5183 -0.6895 0.5059
vn 0.2320 0.6164 -0.7525
vn 0.2906 0.6335 -0.7171
vn 0.3174 0.6385 -0.7011
vn 0.2049 0.6044 -0.7699
vn 0.2905 0.6335 -0.7172
vn 0.1534 0.5742 -0.8042
vn 0.2049 0.6043 -0.7700
vn 0.1237 0.5512 -0.8252
vn 0.3224 0.9342 0.1525
vn 0.1714 0.9852 0.0033
vn 0.3289 0.9237 0.1966
vn 0.0795 0.9942 -0.0728
vn 0.1713 0.9852 0.0032
vn 0.0763 0.5090 -0.8574
vn 0.1235 0.5512 -0.8252
vn 0.0560 0.4849 -0.8728
vn 0.0182 0.4372 -0.8992
vn 0.0560 0.4848 -0.8728
vn 0.0124 0.4279 -0.9038
vn 0.4650 -0.0409 -0.8844
vn 0.4656 -0.0401 -0.8841
vn 0.4643 -0.0406 -0.8847
vn 0.4649 -0.0409 -0.8844
vn 0.4627 -0.0425 -0.8855
vn 0.4658 -0.0401 -0.8840
vn 0.2436 -0.3331 -0.9109
vn 0.2147 -0.3011 -0.9291
vn 0.1991 -0.2805 -0.9390
vn 0.2437 -0.3330 -0.9109
vn 0.2579 -0.3455 -0.9023
vn 0.2146 -0.3011 -0.9291
vn -0.0021 0.4005 -0.9163
vn 0.0123 0.4278 -0.9038
vn 0.0182 0.4371 -0.8992
vn -0.0241 0.3590 -0.9330
vn -0.0780 0.2351 -0.9688
vn -0.0780 0.2350 -0.9688
vn -0.0822 0.2169 -0.9727
vn -0.0241 0.3589 -0.9330
vn -0.0140 -0.9802 0.1973
vn 0.0522 -0.9738 0.2214
vn -0.1846 -0.9783 0.0939
vn -0.0141 -0.9802 0.1974
vn 0.1250 -0.0649 -0.9900
vn 0.1282 0.0124 -0.9917
vn 0.1320 0.0753 -0.9884
vn 0.1270 -0.0827 -0.9884
vn 0.1282 0.0125 -0.9917
vn 0.1333 0.1267 -0.9830
vn 0.1307 0.1151 -0.9847
vn 0.1282 0.0126 -0.9917
vn 0.1333 0.1266 -0.9830
vn 0.3015 -0.3720 -0.8779
vn 0.2582 -0.3451 -0.9024
vn 0.3253 -0.3838 -0.8642
vn 0.1423 0.1426 -0.9795
vn 0.1519 0.1700 -0.9737
vn 0.1307 0.1150 -0.9847
vn 0.1519 0.1701 -0.9736
vn 0.1714 0.2098 -0.9626
vn 0.1841 0.2307 -0.9555
vn 0.1519 0.1702 -0.9736
vn 0.1423 0.1427 -0.9795
vn 0.1713 0.2099 -0.9626
vn 0.1843 0.2306 -0.9554
vn 0.2002 0.2543 -0.9462
vn 0.2037 0.2580 -0.9444
vn 0.1844 0.2306 -0.9554
vn 0.1715 0.2098 -0.9626
vn 0.2001 0.2543 -0.9462
vn 0.2038 0.2580 -0.9444
vn 0.2483 0.2921 -0.9236
vn 0.2813 0.3164 -0.9060
vn 0.2483 0.2922 -0.9236
vn 0.5095 -0.4088 -0.7572
vn 0.4409 -0.4075 -0.7997
vn 0.3931 -0.4011 -0.8274
vn 0.5346 -0.4036 -0.7425
vn 0.4409 -0.4074 -0.7997
vn 0.5821 -0.3889 -0.7141
vn 0.5987 -0.3808 -0.7046
vn 0.2813 0.3164 -0.9059
vn 0.3236 0.3431 -0.8818
vn 0.3383 0.3496 -0.8737
vn 0.6342 -0.3581 -0.6852
vn 0.5822 -0.3892 -0.7139
vn 0.6541 -0.3422 -0.6745
vn 0.5988 -0.3810 -0.7045
vn 0.6879 -0.3097 -0.6564
vn 0.6542 -0.3422 -0.6745
vn 0.6343 -0.3581 -0.6852
vn 0.7055 -0.2886 -0.6473
vn 0.7322 -0.2538 -0.6320
vn 0.7322 -0.2537 -0.6320
vn 0.7350 -0.2494 -0.6305
vn 0.7458 -0.2287 -0.6257
vn 0.7323 -0.2537 -0.6320
vn 0.7543 -0.2107 -0.6217
vn 0.7707 -0.1697 -0.6141
vn 0.7544 -0.2107 -0.6217
vn 0.7764 -0.1526 -0.6115
vn 0.7544 -0.2106 -0.6217
vn 0.9527 0.1735 0.2495
vn 0.9670 -0.0350 0.2523
vn 0.9507 -0.1899 0.2453
vn 0.9392 0.2420 0.2436
vn 0.9670 -0.0351 0.2523
vn 0.9506 -0.1902 0.2453
vn 0.9053 -0.3576 0.2293
vn 0.8952 -0.3848 0.2247
vn 0.9506 -0.1901 0.2453
vn 0.9670 -0.0352 0.2523
vn 0.8515 -0.4832 0.2036
vn 0.8292 -0.5247 0.1929
vn 0.8291 -0.5247 0.1929
vn 0.7797 -0.6035 0.1668
vn 0.7434 -0.6525 0.1473
vn 0.8515 -0.4833 0.2036
vn 0.3929 -0.4011 -0.8275
vn 0.3016 -0.3720 -0.8779
vn 0.4408 -0.4074 -0.7998
vn 0.0794 0.9942 -0.0727
vn -0.0908 0.9854 -0.1442
vn 0.1713 0.9852 0.0031
vn -0.0932 0.9883 -0.1206
vn 0.7433 -0.6526 0.1473
vn 0.6883 -0.7157 0.1181
vn 0.6692 -0.7353 0.1070
vn 0.6884 -0.7157 0.1181
vn 0.5589 -0.8281 0.0419
vn 0.4804 -0.8770 -0.0015
vn 0.6692 -0.7354 0.1069
vn 0.5589 -0.8282 0.0419
vn 0.4804 -0.8771 -0.0016
vn 0.3718 -0.9264 -0.0600
vn 0.3325 -0.9396 -0.0818
vn 0.4803 -0.8771 -0.0016
vn 0.5588 -0.8282 0.0419
vn 0.3718 -0.9264 -0.0601
vn 0.3324 -0.9396 -0.0819
vn 0.2215 -0.9644 -0.1444
vn 0.1655 -0.9704 -0.1757
vn 0.3324 -0.9396 -0.0818
vn 0.0543 -0.9692 -0.2400
vn -0.0120 -0.9604 -0.2784
vn 0.2215 -0.9644 -0.1445
vn 0.0543 -0.9693 -0.2399
vn -0.0121 -0.9604 -0.2785
vn -0.1198 -0.9322 -0.3415
vn -0.1723 -0.9116 -0.3733
vn 0.0541 -0.9693 -0.2400
vn -0.1724 -0.9115 -0.3733
vn -0.2733 -0.8586 -0.4338
vn -0.3081 -0.8355 -0.4551
vn -0.3081 -0.8354 -0.4551
vn -0.4009 -0.7585 -0.5138
vn -0.4662 -0.6900 -0.5536
vn -0.2734 -0.8585 -0.4339
vn -0.4662 -0.6900 -0.5537
vn -0.5548 -0.5718 -0.6043
vn -0.5694 -0.5480 -0.6128
vn -0.4663 -0.6900 -0.5537
vn -0.4010 -0.7584 -0.5138
vn -0.5548 -0.5719 -0.6043
vn -0.5694 -0.5480 -0.6127
vn -0.6086 -0.4713 -0.6383
vn -0.6329 -0.4143 -0.6541
vn -0.5695 -0.5480 -0.6128
vn -0.6330 -0.4141 -0.6541
vn -0.6631 -0.3253 -0.6742
vn -0.6748 -0.2788 -0.6833
vn -0.6087 -0.4712 -0.6383
vn -0.6942 -0.1726 -0.6988
vn -0.6975 -0.1438 -0.7020
vn -0.6748 -0.2787 -0.6833
vn -0.6631 -0.3252 -0.6742
vn -0.6942 -0.1727 -0.6988
vn 0.3384 0.3496 -0.8736
vn 0.4004 0.3660 -0.8401
vn 0.4361 0.3728 -0.8191
vn 0.3237 0.3431 -0.8818
vn 0.4362 0.3728 -0.8190
vn 0.4906 0.3746 -0.7868
vn 0.5164 0.3711 -0.7717
vn 0.4905 0.3746 -0.7868
vn 0.5699 0.3544 -0.7413
vn 0.6041 0.3380 -0.7217
vn 0.4907 0.3746 -0.7867
vn 0.6576 0.3067 -0.6881
vn 0.6703 0.2964 -0.6803
vn 0.5700 0.3544 -0.7412
vn 0.6703 0.2964 -0.6804
vn 0.7067 0.2581 -0.6587
vn 0.7329 0.2258 -0.6417
vn 0.6576 0.3066 -0.6881
vn 0.7067 0.2582 -0.6587
vn 0.7330 0.2256 -0.6417
vn 0.7637 0.1833 -0.6190
vn 0.7662 0.1789 -0.6172
vn 0.7068 0.2581 -0.6586
vn 0.7774 0.1503 -0.6108
vn 0.7855 0.1268 -0.6057
vn 0.7774 0.1502 -0.6109
vn 0.7856 0.1267 -0.6056
vn 0.7962 0.0828 -0.5993
vn 0.8004 0.0529 -0.5971
vn 0.7775 0.1503 -0.6106
vn 0.8048 0.0263 -0.5930
vn 0.8043 0.0381 -0.5930
vn 0.8047 0.0263 -0.5931
vn 0.7991 -0.0174 -0.6010
vn 0.7912 -0.0797 -0.6063
vn 0.7991 -0.0175 -0.6010
vn -0.6975 -0.1437 -0.7020
vn -0.6996 0.0336 -0.7138
vn -0.6825 0.1885 -0.7062
vn 0.7764 -0.1525 -0.6115
vn 0.7705 -0.1695 -0.6145
vn 0.7912 -0.0798 -0.6063
vn -0.6824 0.1886 -0.7062
vn -0.6324 0.3859 -0.6716
vn -0.6073 0.4497 -0.6549
vn -0.6825 0.1887 -0.7061
vn -0.6995 0.0338 -0.7138
vn 0.8991 0.3744 0.2270
vn 0.9392 0.2421 0.2436
vn 0.9527 0.1736 0.2494
vn 0.8991 0.3743 0.2270
vn 0.8821 0.4168 0.2194
vn 0.8580 0.4694 0.2087
vn 0.8821 0.4169 0.2194
vn 0.8510 0.4835 0.2052
vn 0.8037 0.5672 0.1800
vn 0.8509 0.4835 0.2051
vn 0.8037 0.5671 0.1800
vn 0.7717 0.6146 0.1637
vn 0.1327 -0.1268 -0.9830
vn 0.1266 -0.0828 -0.9885
vn 0.1250 -0.0650 -0.9900
vn 0.1367 -0.1465 -0.9797
vn 0.1266 -0.0827 -0.9885
vn 0.1421 -0.1702 -0.9751
vn 0.1368 -0.1465 -0.9797
vn 0.1437 -0.1752 -0.9740
vn 0.7060 0.6964 0.1287
vn 0.6644 0.7398 0.1064
vn 0.7716 0.6146 0.1637
vn 0.5878 0.8064 0.0650
vn 0.6643 0.7399 0.1064
vn 0.5514 0.8330 0.0446
vn 0.4628 0.8864 -0.0063
vn 0.4196 0.9072 -0.0314
vn 0.2757 0.9538 -0.1190
vn 0.4195 0.9072 -0.0314
vn 0.4628 0.8865 -0.0063
vn 0.2758 0.9538 -0.1191
vn 0.1614 0.9693 -0.1855
vn 0.0065 0.9625 -0.2714
vn 0.1612 0.9693 -0.1856
vn 0.2756 0.9539 -0.1190
vn -0.0393 0.9537 -0.2981
vn -0.1359 0.9250 -0.3548
vn -0.0393 0.9537 -0.2982
vn 0.0064 0.9624 -0.2714
vn -0.1761 0.9086 -0.3789
vn -0.0394 0.9537 -0.2981
vn 0.9087 -0.0687 -0.4118
vn 0.8781 -0.2398 -0.4140
vn 0.8667 -0.2741 -0.4168
vn 0.9087 -0.0688 -0.4118
vn 0.8781 -0.2399 -0.4140
vn 0.8375 -0.3434 -0.4250
vn 0.8269 -0.3647 -0.4281
vn -0.2608 0.8638 -0.4310
vn -0.1761 0.9085 -0.3789
vn -0.1360 0.9250 -0.3548
vn -0.3082 0.8324 -0.4605
vn -0.3859 0.7695 -0.5088
vn -0.3083 0.8324 -0.4606
vn -0.2608 0.8638 -0.4311
vn -0.4241 0.7318 -0.5334
vn 0.8268 -0.3648 -0.4281
vn 0.7952 -0.4143 -0.4427
vn 0.7702 -0.4483 -0.4537
vn 0.7352 -0.4885 -0.4699
vn 0.7182 -0.5047 -0.4790
vn 0.7952 -0.4144 -0.4427
vn 0.6369 -0.5658 -0.5237
vn 0.5858 -0.5970 -0.5481
vn -0.4856 0.6616 -0.5714
vn -0.4242 0.7318 -0.5335
vn -0.3860 0.7695 -0.5089
vn -0.4947 0.6496 -0.5773
vn -0.5253 0.6051 -0.5983
vn -0.5482 0.5680 -0.6139
vn 0.1619 -0.2147 -0.9632
vn 0.1438 -0.1752 -0.9740
vn 0.1619 -0.2146 -0.9632
vn 0.1741 -0.2401 -0.9550
vn -0.6073 0.4498 -0.6549
vn -0.5253 0.6050 -0.5983
vn -0.6324 0.3860 -0.6716
vn 0.4772 0.0005 -0.8788
vn 0.4781 -0.0017 -0.8783
vn 0.4784 0.0028 -0.8781
vn 0.4763 0.0091 -0.8792
vn 0.5857 -0.5971 -0.5482
vn 0.5203 -0.6279 -0.5788
vn 0.4923 -0.6378 -0.5924
vn 0.4922 -0.6378 -0.5925
vn 0.4281 -0.6521 -0.6257
vn 0.3987 -0.6561 -0.6408
vn 0.5202 -0.6280 -0.5788
vn 0.3288 -0.6531 -0.6821
vn 0.2824 -0.6466 -0.7086
vn 0.3288 -0.6532 -0.6821
vn 0.2824 -0.6466 -0.7087
vn 0.2217 -0.6298 -0.7444
vn 0.1931 -0.6170 -0.7629
vn 0.1398 -0.5858 -0.7983
vn 0.1168 -0.5690 -0.8140
vn 0.1932 -0.6170 -0.7629
vn 0.0599 -0.5134 -0.8560
vn 0.0183 -0.4666 -0.8843
vn 0.0600 -0.5135 -0.8560
vn 0.4746 -0.0109 -0.8801
vn 0.4692 -0.0332 -0.8825
vn 0.4745 -0.0109 -0.8802
vn 0.0181 -0.4666 -0.8843
vn -0.0352 -0.3969 -0.9172
vn -0.0467 -0.3785 -0.9244
vn 0.0182 -0.4665 -0.8844
vn 0.0598 -0.5134 -0.8561
vn -0.0353 -0.3969 -0.9172
vn -0.0710 -0.3221 -0.9440
vn -0.0854 -0.2832 -0.9552
vn -0.0468 -0.3785 -0.9244
vn -0.0854 -0.2832 -0.9553
vn -0.0990 -0.2338 -0.9672
vn -0.1030 -0.2069 -0.9729
vn -0.0710 -0.3220 -0.9441
vn -0.0990 -0.2339 -0.9672
vn -0.1030 -0.2068 -0.9729
vn -0.1103 -0.0873 -0.9901
vn -0.1196 -0.0504 -0.9915
vn -0.0990 -0.2337 -0.9673
vn -0.1118 0.0805 -0.9905
vn -0.1221 0.0672 -0.9902
vn -0.1196 -0.0502 -0.9916
vn -0.1103 -0.0872 -0.9901
vn -0.1119 0.0805 -0.9904
vn 0.8785 0.2459 -0.4096
vn 0.9036 0.1338 -0.4069
vn 0.8690 0.2745 -0.4117
vn 0.8547 0.3122 -0.4147
vn 0.8690 0.2746 -0.4117
vn 0.8548 0.3122 -0.4147
vn 0.8501 0.3225 -0.4163
vn 0.8252 0.3696 -0.4272
vn 0.8501 0.3226 -0.4163
vn 0.8252 0.3695 -0.4272
vn 0.8052 0.4027 -0.4353
vn 0.4677 -0.0468 -0.8826
vn 0.4713 -0.0374 -0.8812
vn 0.4692 -0.0333 -0.8825
vn 0.4745 -0.0110 -0.8802
vn 0.4678 -0.0468 -0.8826
vn 0.4714 -0.0374 -0.8811
vn 0.4737 -0.0308 -0.8801
vn 0.4735 -0.0311 -0.8803
vn 0.4713 -0.0373 -0.8812
vn 0.4738 -0.0305 -0.8801
vn 0.7675 0.4546 -0.4520
vn 0.8052 0.4028 -0.4352
vn 0.7400 0.4860 -0.4650
vn 0.4735 -0.0311 -0.8802
vn 0.4700 -0.0347 -0.8820
vn 0.4656 -0.0390 -0.8841
vn 0.4736 -0.0310 -0.8802
vn 0.6907 0.5336 -0.4880
vn 0.7674 0.4547 -0.4520
vn 0.6659 0.5527 -0.5012
vn 0.7399 0.4861 -0.4650
vn 0.6120 0.5867 -0.5303
vn 0.6658 0.5527 -0.5012
vn 0.6906 0.5337 -0.4881
vn 0.5848 0.5999 -0.5460
vn 0.5038 0.6236 -0.5978
vn 0.5848 0.6000 -0.5460
vn 0.4263 0.6350 -0.6443
vn 0.4626 -0.0425 -0.8856
vn 0.4648 -0.0409 -0.8844
vn 0.4699 -0.0347 -0.8820
vn 0.4261 0.6350 -0.6444
vn 0.5037 0.6235 -0.5979
vn 0.1620 -0.2147 -0.9632
vn 0.4794 -0.0380 -0.8768
vn 0.4920 -0.0357 -0.8699
vn 0.4644 -0.0406 -0.8847
vn 0.4654 -0.0402 -0.8842
vn 0.4920 -0.0358 -0.8698
vn 0.4999 -0.0335 -0.8655
vn 0.4977 -0.0332 -0.8667
vn 0.4920 -0.0358 -0.8699
vn 0.5052 -0.0375 -0.8622
vn 0.5167 -0.0432 -0.8551
vn 0.4976 -0.0331 -0.8667
vn 0.4998 -0.0335 -0.8655
vn 0.5299 -0.0494 -0.8466
vn 0.5288 -0.0485 -0.8474
vn 0.5298 -0.0493 -0.8467
vn 0.5286 -0.0484 -0.8475
vn 0.5292 -0.0494 -0.8470
vn 0.5310 -0.0516 -0.8458
vn 0.5287 -0.0484 -0.8475
vn 0.5297 -0.0493 -0.8468
vn 0.5292 -0.0494 -0.8471
vn 0.5289 -0.0472 -0.8473
vn 0.5259 -0.0420 -0.8495
vn 0.5311 -0.0517 -0.8457
vn 0.5293 -0.0496 -0.8470
vn 0.5290 -0.0472 -0.8473
vn 0.5259 -0.0419 -0.8495
vn 0.5234 -0.0381 -0.8512
vn 0.5234 -0.0378 -0.8513
vn 0.5236 -0.0381 -0.8511
vn 0.5233 -0.0370 -0.8514
vn 0.5241 -0.0446 -0.8505
vn 0.5252 -0.0549 -0.8492
vn 0.5232 -0.0372 -0.8514
vn 0.5235 -0.0378 -0.8512
vn 0.5270 -0.0401 -0.8489
vn 0.5268 -0.0173 -0.8498
vn 0.5268 -0.0171 -0.8498
vn 0.5260 -0.0036 -0.8505
vn 0.5253 -0.0081 -0.8509
vn 0.5270 -0.0400 -0.8489
vn 0.5267 -0.0059 -0.8500
vn 0.5292 0.0024 -0.8485
vn 0.4756 0.0188 -0.8795
vn 0.4772 0.0006 -0.8788
vn 0.4756 0.0186 -0.8795
vn 0.4760 0.0168 -0.8793
vn 0.4764 0.0091 -0.8792
vn 0.4838 0.0024 -0.8752
vn 0.4833 0.0031 -0.8755
vn 0.4826 0.0039 -0.8758
vn 0.4838 0.0025 -0.8752
vn 0.4833 0.0031 -0.8754
vn 0.4760 0.0160 -0.8793
vn 0.4760 0.0161 -0.8793
vn 0.4757 0.0171 -0.8795
vn 0.4781 0.0125 -0.8782
vn 0.4757 0.0170 -0.8795
vn 0.4761 0.0160 -0.8792
vn 0.4802 0.0082 -0.8771
vn 0.4782 0.0125 -0.8782
vn 0.4825 0.0039 -0.8759
vn 0.4832 0.0032 -0.8755
vn 0.4803 0.0082 -0.8771
vn 0.4907 -0.0011 -0.8714
vn 0.4840 0.0023 -0.8751
vn 0.4907 -0.0011 -0.8713
vn 0.4962 -0.0039 -0.8682
vn 0.4841 0.0023 -0.8750
vn 0.5014 -0.0062 -0.8652
vn 0.4963 -0.0039 -0.8681
vn 0.4907 -0.0010 -0.8713
vn 0.5019 -0.0063 -0.8649
vn 0.4963 -0.0039 -0.8682
vn 0.5075 -0.0054 -0.8617
vn 0.5019 -0.0064 -0.8649
vn 0.5015 -0.0063 -0.8651
vn 0.5073 -0.0054 -0.8617
vn 0.5133 -0.0041 -0.8582
vn 0.5022 -0.0063 -0.8647
vn 0.5206 -0.0028 -0.8538
vn 0.5134 -0.0041 -0.8582
vn 0.5074 -0.0054 -0.8617
vn 0.5206 -0.0025 -0.8538
vn 0.5215 -0.0020 -0.8532
vn 0.5208 -0.0023 -0.8537
vn 0.5214 -0.0021 -0.8533
vn 0.5223 -0.0013 -0.8527
vn 0.5208 -0.0027 -0.8537
vn 0.5252 0.0021 -0.8510
vn 0.5215 -0.0019 -0.8532
vn 0.5279 0.0057 -0.8493
vn 0.5308 0.0095 -0.8474
vn 0.5307 0.0088 -0.8475
vn 0.5312 0.0097 -0.8472
vn 0.5315 0.0111 -0.8470
vn 0.5307 0.0089 -0.8475
vn 0.5292 0.0025 -0.8485
vn 0.5316 0.0113 -0.8469
vn 0.5268 -0.0058 -0.8500
vn -0.3033 -0.1292 -0.9441
vn -0.3026 0.0260 -0.9527
vn -0.2938 0.1457 -0.9447
vn -0.3037 -0.1292 -0.9440
vn -0.2978 -0.1738 -0.9387
vn -0.3027 0.0260 -0.9527
vn -0.2937 0.1457 -0.9447
vn -0.2806 0.2614 -0.9236
vn -0.2798 0.2640 -0.9230
vn -0.2937 0.1458 -0.9447
vn -0.3026 0.0262 -0.9527
vn -0.2806 0.2613 -0.9236
vn -0.2798 0.2641 -0.9230
vn -0.2558 0.3320 -0.9080
vn -0.2398 0.3736 -0.8961
vn -0.2558 0.3319 -0.9080
vn -0.2038 0.4425 -0.8733
vn -0.1785 0.4822 -0.8577
vn -0.2557 0.3320 -0.9080
vn -0.1785 0.4823 -0.8577
vn -0.1431 0.5313 -0.8350
vn -0.1318 0.5436 -0.8289
vn -0.1432 0.5313 -0.8350
vn -0.1317 0.5435 -0.8290
vn -0.0455 0.6163 -0.7862
vn 0.0154 0.6606 -0.7506
vn 0.0156 0.6606 -0.7505
vn 0.0966 0.7078 -0.6998
vn 0.1260 0.7203 -0.6822
vn -0.0454 0.6164 -0.7861
vn 0.2270 0.7476 -0.6241
vn 0.2815 0.7560 -0.5910
vn 0.0967 0.7079 -0.6997
vn 0.2271 0.7474 -0.6243
vn 0.2813 0.7564 -0.5905
vn 0.3775 0.7567 -0.5337
vn 0.4293 0.7498 -0.5035
vn 0.2270 0.7477 -0.6241
vn 0.3774 0.7567 -0.5337
vn 0.5235 0.7235 -0.4499
vn 0.5769 0.7001 -0.4208
vn 0.5235 0.7235 -0.4500
vn 0.5770 0.6999 -0.4210
vn 0.6677 0.6474 -0.3674
vn 0.6943 0.6275 -0.3525
vn 0.5237 0.7231 -0.4505
vn 0.6677 0.6475 -0.3674
vn 0.6943 0.6275 -0.3524
vn 0.7684 0.5580 -0.3133
vn 0.8193 0.4984 -0.2834
vn 0.7685 0.5580 -0.3133
vn 0.8194 0.4982 -0.2834
vn 0.8806 0.4081 -0.2408
vn 0.8887 0.3935 -0.2354
vn 0.8194 0.4983 -0.2834
vn 0.7685 0.5580 -0.3131
vn 0.8806 0.4081 -0.2407
vn 0.8887 0.3935 -0.2353
vn 0.9159 0.3345 -0.2219
vn 0.9334 0.2891 -0.2124
vn 0.8807 0.4081 -0.2407
vn 0.9159 0.3346 -0.2219
vn 0.9335 0.2889 -0.2124
vn 0.9562 0.2127 -0.2012
vn 0.9659 0.1668 -0.1982
vn 0.9159 0.3344 -0.2219
vn 0.9659 0.1667 -0.1982
vn 0.9764 0.0969 -0.1931
vn 0.9767 0.0940 -0.1931
vn 0.9562 0.2126 -0.2012
vn 0.9764 0.0968 -0.1931
vn 0.9767 0.0941 -0.1931
vn 0.9781 -0.0297 -0.2062
vn 0.9650 -0.1487 -0.2159
vn 0.9781 -0.0297 -0.2061
vn 0.9650 -0.1489 -0.2160
vn 0.9278 -0.2950 -0.2283
vn 0.9114 -0.3372 -0.2359
vn 0.9650 -0.1488 -0.2160
vn 0.9781 -0.0298 -0.2061
vn 0.9278 -0.2949 -0.2286
vn -0.2822 -0.2695 -0.9207
vn -0.2985 -0.1739 -0.9384
vn -0.3037 -0.1293 -0.9440
vn -0.2735 -0.3049 -0.9123
vn -0.2610 -0.3483 -0.9003
vn -0.2611 -0.3482 -0.9003
vn -0.2572 -0.3588 -0.8973
vn -0.2236 -0.4290 -0.8752
vn -0.2012 -0.4716 -0.8586
vn -0.1540 -0.5419 -0.8262
vn -0.1541 -0.5418 -0.8263
vn -0.1242 -0.5787 -0.8061
vn -0.0684 -0.6354 -0.7691
vn -0.1242 -0.5788 -0.8060
vn -0.0685 -0.6355 -0.7691
vn -0.0407 -0.6576 -0.7523
vn -0.1242 -0.5787 -0.8060
vn 0.0337 -0.7047 -0.7087
vn -0.0409 -0.6578 -0.7521
vn 0.0336 -0.7046 -0.7088
vn 0.0725 -0.7238 -0.6862
vn -0.0410 -0.6578 -0.7521
vn 0.1953 -0.7588 -0.6214
vn 0.0726 -0.7239 -0.6861
vn 0.1953 -0.7588 -0.6213
vn 0.2862 -0.7711 -0.5687
vn 0.0725 -0.7239 -0.6861
vn 0.4097 -0.7693 -0.4902
vn 0.2863 -0.7711 -0.5687
vn 0.1954 -0.7588 -0.6213
vn 0.4510 -0.7611 -0.4663
vn 0.5336 -0.7351 -0.4182
vn 0.4511 -0.7610 -0.4662
vn 0.4098 -0.7693 -0.4901
vn 0.5335 -0.7351 -0.4182
vn 0.5657 -0.7208 -0.4005
vn 0.6346 -0.6813 -0.3649
vn 0.5658 -0.7208 -0.4005
vn 0.5337 -0.7349 -0.4184
vn 0.6734 -0.6537 -0.3454
vn 0.5658 -0.7207 -0.4006
vn 0.7378 -0.5982 -0.3127
vn 0.6735 -0.6536 -0.3453
vn 0.6347 -0.6812 -0.3648
vn 0.7707 -0.5637 -0.2972
vn 0.6734 -0.6537 -0.3453
vn 0.8210 -0.5027 -0.2708
vn 0.7379 -0.5981 -0.3127
vn 0.8275 -0.4936 -0.2677
vn 0.8516 -0.4562 -0.2583
vn 0.8275 -0.4935 -0.2677
vn 0.8699 -0.4245 -0.2511
vn 0.8275 -0.4935 -0.2676
vn 0.9115 -0.3374 -0.2351
vn 0.8516 -0.4561 -0.2584
vn 0.9278 -0.2951 -0.2283
vn 0.9036 0.1336 -0.4069
vn 0.9087 -0.0687 -0.4119
vn -0.1119 0.0806 -0.9904
vn -0.0780 0.2350 -0.9689
vn -0.1221 0.0673 -0.9902
vn -0.1118 0.0806 -0.9905
vn -0.0822 0.2168 -0.9727
vn 0.5312 0.0098 -0.8472
vn 0.5252 0.0020 -0.8510
vn 0.5312 0.0099 -0.8472
vn 0.3610 -0.2477 -0.8991
vn 0.4592 -0.0686 -0.8857
vn 0.4635 -0.0974 -0.8807
vn 0.3610 -0.2476 -0.8991
vn 0.3114 -0.2061 -0.9277
vn 0.4591 -0.0686 -0.8857
vn 0.3114 -0.2060 -0.9277
vn 0.4315 -0.0723 -0.8992
vn 0.4592 -0.0685 -0.8857
vn 0.2761 -0.1548 -0.9486
vn 0.4048 -0.2731 -0.8726
vn 0.4720 -0.1201 -0.8734
vn 0.4049 -0.2731 -0.8726
vn 0.4111 -0.0504 -0.9102
vn 0.4315 -0.0722 -0.8992
vn 0.2507 -0.0960 -0.9633
vn 0.4520 -0.2836 -0.8457
vn 0.5045 -0.1063 -0.8568
vn 0.4521 -0.2836 -0.8457
vn 0.4142 -0.0245 -0.9099
vn 0.2507 -0.0959 -0.9633
vn 0.2391 -0.0281 -0.9706
vn 0.5076 -0.2873 -0.8123
vn 0.5046 -0.1063 -0.8568
vn 0.5125 -0.0830 -0.8547
vn 0.4109 -0.0010 -0.9117
vn 0.4142 -0.0244 -0.9098
vn 0.2408 0.0402 -0.9697
vn 0.5478 -0.2751 -0.7901
vn 0.5126 -0.0830 -0.8546
vn 0.5335 -0.1017 -0.8397
vn 0.2408 0.0403 -0.9697
vn 0.4177 0.0233 -0.9083
vn 0.4109 -0.0009 -0.9117
vn 0.2536 0.1021 -0.9619
vn 0.5892 -0.2560 -0.7664
vn 0.5335 -0.1017 -0.8396
vn 0.5455 -0.0925 -0.8330
vn 0.2536 0.1022 -0.9619
vn 0.4227 0.0430 -0.9052
vn 0.4178 0.0233 -0.9083
vn 0.2887 0.1695 -0.9423
vn 0.6433 -0.2141 -0.7351
vn 0.5454 -0.0924 -0.8331
vn 0.5783 -0.0869 -0.8112
vn 0.2887 0.1696 -0.9423
vn 0.4223 0.0849 -0.9025
vn 0.4228 0.0430 -0.9052
vn 0.3232 0.2133 -0.9220
vn 0.6758 -0.1760 -0.7157
vn 0.5656 -0.0436 -0.8235
vn 0.6434 -0.2140 -0.7350
vn 0.4478 0.0912 -0.8895
vn 0.3693 0.2498 -0.8951
vn 0.7082 -0.1067 -0.6979
vn 0.5657 -0.0435 -0.8235
vn 0.5840 -0.0283 -0.8113
vn 0.7082 -0.1066 -0.6979
vn 0.6759 -0.1760 -0.7157
vn 0.4720 0.0769 -0.8783
vn 0.3901 0.2632 -0.8824
vn 0.7234 -0.0389 -0.6894
vn 0.5841 -0.0283 -0.8112
vn 0.5935 -0.0033 -0.8048
vn 0.5841 -0.0282 -0.8112
vn 0.3902 0.2631 -0.8823
vn 0.4681 0.0955 -0.8785
vn 0.4720 0.0769 -0.8782
vn 0.3901 0.2630 -0.8824
vn 0.4289 0.2739 -0.8608
vn 0.7254 0.0264 -0.6879
vn 0.5936 -0.0033 -0.8048
vn 0.5902 0.0203 -0.8070
vn 0.7253 0.0264 -0.6879
vn 0.4901 0.1008 -0.8658
vn 0.4682 0.0955 -0.8785
vn 0.4289 0.2740 -0.8608
vn 0.4744 0.2814 -0.8341
vn 0.4901 0.1007 -0.8658
vn 0.7156 0.0808 -0.6938
vn 0.5903 0.0203 -0.8070
vn 0.5662 0.0351 -0.8235
vn 0.7254 0.0265 -0.6879
vn 0.5903 0.0203 -0.8069
vn 0.4745 0.2814 -0.8341
vn 0.5035 0.1011 -0.8580
vn 0.5243 0.2764 -0.8054
vn 0.5035 0.1012 -0.8580
vn 0.6891 0.1484 -0.7093
vn 0.5661 0.0351 -0.8236
vn 0.5612 0.0558 -0.8258
vn 0.6892 0.1484 -0.7093
vn 0.5661 0.0352 -0.8236
vn 0.5244 0.2764 -0.8054
vn 0.5254 0.1046 -0.8444
vn 0.5607 0.2674 -0.7837
vn 0.5253 0.1045 -0.8445
vn 0.6683 0.1864 -0.7202
vn 0.5701 0.0695 -0.8186
vn 0.6682 0.1865 -0.7202
vn 0.5611 0.0558 -0.8258
vn 0.5320 0.0856 -0.8424
vn 0.5254 0.1045 -0.8444
vn 0.6083 0.2422 -0.7558
vn 0.5320 0.0854 -0.8424
vn 0.6562 0.2010 -0.7273
vn 0.5616 0.0818 -0.8233
vn 0.5702 0.0695 -0.8186
vn 0.5550 0.0869 -0.8273
vn 0.5320 0.0855 -0.8424
vn 0.6346 0.2242 -0.7396
vn 0.5549 0.0868 -0.8273
vn 0.5616 0.0819 -0.8233
vn 0.4636 -0.0972 -0.8807
vn 0.5876 0.1469 -0.7957
vn 0.5583 0.1686 -0.8123
vn 0.4636 -0.0973 -0.8807
vn 0.4592 -0.0684 -0.8857
vn 0.4316 -0.0721 -0.8992
vn 0.6146 0.1215 -0.7794
vn 0.4720 -0.1199 -0.8734
vn 0.5584 0.1686 -0.8123
vn 0.5344 0.1805 -0.8257
vn 0.5584 0.1685 -0.8123
vn 0.4317 -0.0721 -0.8991
vn 0.6404 0.0772 -0.7642
vn 0.6146 0.1214 -0.7794
vn 0.4112 -0.0503 -0.9102
vn 0.5046 -0.1061 -0.8568
vn 0.4841 0.1855 -0.8551
vn 0.4112 -0.0503 -0.9101
vn 0.6508 0.0375 -0.7583
vn 0.4113 -0.0503 -0.9101
vn 0.4144 -0.0245 -0.9098
vn 0.5125 -0.0828 -0.8547
vn 0.4841 0.1855 -0.8552
vn 0.4840 0.1855 -0.8552
vn 0.4144 -0.0244 -0.9098
vn 0.4111 -0.0010 -0.9116
vn 0.5336 -0.1015 -0.8397
vn 0.4658 0.1816 -0.8661
vn 0.4336 0.1706 -0.8848
vn 0.5335 -0.1015 -0.8397
vn 0.4657 0.1817 -0.8661
vn 0.6490 -0.0520 -0.7590
vn 0.6543 -0.0059 -0.7562
vn 0.4111 -0.0011 -0.9116
vn 0.4178 0.0232 -0.9082
vn 0.5454 -0.0923 -0.8331
vn 0.4114 0.1575 -0.8978
vn 0.4179 0.0233 -0.9082
vn 0.4229 0.0430 -0.9052
vn 0.5783 -0.0868 -0.8112
vn 0.5782 -0.0869 -0.8113
vn 0.4229 0.0429 -0.9052
vn 0.6084 -0.1355 -0.7819
vn 0.6367 -0.0882 -0.7661
vn 0.4224 0.0849 -0.9024
vn 0.5655 -0.0434 -0.8236
vn 0.3721 0.1246 -0.9198
vn 0.3527 0.0858 -0.9318
vn 0.4224 0.0848 -0.9024
vn 0.5795 -0.1606 -0.7990
vn 0.6084 -0.1355 -0.7820
vn 0.4479 0.0910 -0.8894
vn 0.5794 -0.1606 -0.7990
vn 0.5839 -0.0282 -0.8113
vn 0.3382 0.0446 -0.9400
vn 0.5839 -0.0281 -0.8113
vn 0.4479 0.0911 -0.8894
vn 0.5547 -0.1755 -0.8133
vn 0.4721 0.0768 -0.8782
vn 0.5934 -0.0033 -0.8049
vn 0.3381 0.0446 -0.9400
vn 0.4720 0.0768 -0.8782
vn 0.5492 -0.1786 -0.8164
vn 0.4682 0.0954 -0.8784
vn 0.5901 0.0203 -0.8070
vn 0.3348 -0.0423 -0.9413
vn 0.5901 0.0203 -0.8071
vn 0.4682 0.0954 -0.8785
vn 0.5100 -0.1887 -0.8392
vn 0.5491 -0.1786 -0.8165
vn 0.4682 0.0953 -0.8785
vn 0.4901 0.1006 -0.8659
vn 0.5660 0.0350 -0.8237
vn 0.3502 -0.0845 -0.9328
vn 0.5660 0.0351 -0.8237
vn 0.4857 -0.1892 -0.8534
vn 0.5101 -0.1886 -0.8392
vn 0.5035 0.1010 -0.8581
vn 0.4858 -0.1892 -0.8534
vn 0.5611 0.0557 -0.8259
vn 0.3682 -0.1219 -0.9217
vn 0.5611 0.0556 -0.8259
vn 0.5253 0.1044 -0.8445
vn 0.4487 -0.1833 -0.8747
vn 0.5701 0.0694 -0.8186
vn 0.3701 -0.1274 -0.9202
vn 0.4304 -0.1747 -0.8856
vn 0.5319 0.0854 -0.8425
vn 0.4303 -0.1747 -0.8856
vn 0.5615 0.0816 -0.8235
vn 0.3863 -0.1466 -0.9107
vn 0.5615 0.0817 -0.8234
vn 0.5700 0.0694 -0.8187
vn 0.5320 0.0854 -0.8425
vn 0.3970 -0.1564 -0.9044
vn 0.5549 0.0868 -0.8274
vn 0.3970 -0.1563 -0.9044
vn 0.3971 -0.1563 -0.9044
vn 0.5549 0.0867 -0.8274
vn -0.5196 -0.8363 -0.1747
vn -0.6396 -0.7251 -0.2552
vn -0.6726 -0.6895 -0.2687
vn -0.5196 -0.8364 -0.1747
vn -0.5005 -0.8485 -0.1719
vn -0.6396 -0.7251 -0.2553
vn 0.2458 -0.9375 0.2464
vn 0.3734 -0.8717 0.3174
vn 0.2750 -0.9250 0.2622
vn 0.2459 -0.9375 0.2464
vn 0.3482 -0.8863 0.3054
vn -0.7774 -0.5341 -0.3322
vn -0.8420 -0.3852 -0.3778
vn -0.8640 -0.3180 -0.3903
vn -0.7428 -0.5907 -0.3150
vn 0.5632 -0.7156 0.4132
vn 0.6638 -0.5856 0.4653
vn 0.5768 -0.7003 0.4206
vn 0.6622 -0.5886 0.4637
vn 0.6638 -0.5856 0.4652
vn 0.6062 0.6363 0.4771
vn 0.6603 0.5552 0.5057
vn 0.5777 0.6526 0.4904
vn 0.6654 0.5618 0.4916
vn 0.6604 0.5551 0.5057
vn -0.6142 0.7635 -0.1995
vn -0.6509 0.7252 -0.2243
vn -0.7171 0.6420 -0.2713
vn -0.6141 0.7636 -0.1995
vn -0.5253 0.8399 -0.1365
vn -0.6509 0.7253 -0.2243
vn -0.8333 0.4221 -0.3569
vn -0.8589 0.3452 -0.3785
vn -0.8881 0.2302 -0.3978
vn -0.8333 0.4222 -0.3569
vn -0.7707 0.5571 -0.3094
vn -0.8588 0.3453 -0.3784
vn -0.8966 -0.1718 -0.4082
vn -0.8641 -0.3179 -0.3903
vn -0.8421 -0.3850 -0.3778
vn -0.9056 -0.1013 -0.4118
vn -0.7428 -0.5908 -0.3150
vn -0.6727 -0.6894 -0.2687
vn -0.6397 -0.7250 -0.2553
vn -0.3612 -0.9278 -0.0936
vn -0.3193 -0.9448 -0.0735
vn -0.3191 -0.9449 -0.0735
vn -0.1310 -0.9908 0.0325
vn -0.1471 -0.9888 0.0268
vn 0.5019 0.7501 0.4305
vn 0.6061 0.6364 0.4771
vn 0.4589 0.7868 0.4128
vn 0.5019 0.7502 0.4305
vn 0.7116 0.4555 0.5348
vn 0.7971 0.2778 0.5362
vn 0.7116 0.4557 0.5348
vn 0.5776 0.6526 0.4903
vn -0.9045 0.1160 -0.4104
vn -0.9106 0.0084 -0.4132
vn -0.9056 -0.1012 -0.4118
vn -0.8966 -0.1717 -0.4082
vn -0.9106 0.0083 -0.4132
vn 0.2458 -0.9375 0.2463
vn 0.0633 -0.9880 0.1406
vn 0.0594 -0.9895 0.1319
vn 0.0633 -0.9880 0.1407
vn 0.5631 -0.7157 0.4131
vn 0.3735 -0.8716 0.3175
vn 0.3483 -0.8862 0.3054
vn 0.5767 -0.7004 0.4205
vn 0.7707 -0.3598 0.5259
vn 0.6639 -0.5856 0.4652
vn 0.6623 -0.5885 0.4637
vn 0.7891 -0.2978 0.5372
vn 0.6638 -0.5855 0.4653
vn 0.8199 -0.1402 0.5551
vn 0.7708 -0.3596 0.5259
vn 0.8097 -0.2070 0.5492
vn 0.7842 0.2689 0.5592
vn 0.8229 0.0790 0.5626
vn 0.8163 0.1265 0.5636
vn 0.7810 0.2945 0.5507
vn 0.3867 0.8416 0.3769
vn 0.5018 0.7502 0.4305
vn 0.4144 0.8227 0.3892
vn -0.2952 0.9554 0.0068
vn -0.1622 0.9829 0.0873
vn -0.1182 0.9864 0.1138
vn -0.2952 0.9554 0.0067
vn -0.3820 0.9230 -0.0463
vn -0.1622 0.9829 0.0872
vn -0.5252 0.8400 -0.1365
vn -0.4834 0.8682 -0.1121
vn -0.4124 0.9086 -0.0667
vn -0.5252 0.8399 -0.1365
vn -0.6142 0.7636 -0.1995
vn -0.4835 0.8681 -0.1122
vn -0.7706 0.5572 -0.3094
vn -0.7172 0.6419 -0.2713
vn 0.5022 -0.0023 -0.8648
vn 0.5091 0.8546 0.1020
vn 0.6322 0.7547 0.1752
vn 0.4584 0.8856 0.0746
vn 0.5088 0.8547 0.1027
vn 0.6778 0.7064 0.2037
vn 0.6329 0.7544 0.1740
vn 0.6788 0.7061 0.2017
vn 0.7561 0.6062 0.2465
vn 0.6330 0.7544 0.1741
vn 0.6788 0.7061 0.2018
vn 0.8050 0.5258 0.2750
vn 0.3507 0.9364 0.0115
vn 0.4590 0.8854 0.0732
vn 0.3142 0.9493 -0.0086
vn 0.3505 0.9365 0.0118
vn 0.5091 0.8547 0.1019
vn 0.8050 0.5256 0.2750
vn 0.8684 0.3844 0.3132
vn 0.8897 0.3203 0.3252
vn 0.1923 0.9780 -0.0815
vn 0.3143 0.9493 -0.0090
vn 0.0966 0.9859 -0.1367
vn 0.1923 0.9780 -0.0814
vn 0.3506 0.9365 0.0115
vn 0.8898 0.3202 0.3252
vn 0.9246 0.1607 0.3454
vn 0.8676 0.3845 0.3153
vn 0.9329 0.0833 0.3504
vn 0.9246 0.1608 0.3454
vn -0.0081 0.9807 -0.1955
vn 0.0965 0.9859 -0.1368
vn -0.0360 0.9766 -0.2121
vn 0.1922 0.9780 -0.0815
vn 0.0964 0.9859 -0.1368
vn 0.9335 -0.0721 0.3512
vn 0.9246 0.1606 0.3455
vn 0.9249 -0.1559 0.3466
vn -0.1438 0.9502 -0.2764
vn -0.0360 0.9766 -0.2122
vn -0.2001 0.9297 -0.3094
vn -0.1439 0.9502 -0.2764
vn -0.0081 0.9806 -0.1956
vn 0.9249 -0.1561 0.3466
vn 0.8927 -0.3064 0.3304
vn 0.9335 -0.0722 0.3512
vn 0.8733 -0.3686 0.3185
vn 0.8930 -0.3063 0.3296
vn -0.2895 0.8863 -0.3614
vn -0.2006 0.9297 -0.3090
vn -0.3280 0.8632 -0.3838
vn -0.2900 0.8864 -0.3608
vn -0.1447 0.9504 -0.2754
vn -0.2002 0.9296 -0.3095
vn 0.8733 -0.3687 0.3185
vn 0.8084 -0.5178 0.2801
vn 0.8930 -0.3064 0.3296
vn 0.7537 -0.6083 0.2487
vn -0.4766 0.7431 -0.4698
vn -0.3283 0.8632 -0.3834
vn -0.5280 0.6881 -0.4977
vn -0.2902 0.8864 -0.3607
vn 0.7537 -0.6084 0.2486
vn 0.6693 -0.7152 0.2015
vn 0.8083 -0.5179 0.2800
vn 0.7537 -0.6084 0.2487
vn 0.6303 -0.7556 0.1782
vn -0.5900 0.6058 -0.5337
vn -0.5280 0.6881 -0.4978
vn -0.6323 0.5360 -0.5593
vn -0.5900 0.6058 -0.5338
vn -0.4767 0.7430 -0.4698
vn -0.5280 0.6880 -0.4978
vn 0.6302 -0.7557 0.1782
vn 0.5127 -0.8514 0.1110
vn 0.6682 -0.7155 0.2038
vn 0.6303 -0.7557 0.1782
vn 0.4683 -0.8794 0.0860
vn 0.5129 -0.8513 0.1107
vn -0.7074 0.3689 -0.6029
vn -0.6324 0.5360 -0.5593
vn -0.7294 0.2984 -0.6156
vn 0.4686 -0.8793 0.0853
vn 0.4011 -0.9148 0.0474
vn 0.5128 -0.8513 0.1106
vn 0.4685 -0.8793 0.0852
vn 0.3957 -0.9173 0.0443
vn 0.4011 -0.9148 0.0475
vn -0.7619 0.1329 -0.6340
vn -0.7294 0.2982 -0.6156
vn -0.7689 0.0526 -0.6372
vn -0.7618 0.1329 -0.6340
vn -0.7294 0.2983 -0.6156
vn 0.3321 -0.9432 0.0061
vn 0.4010 -0.9149 0.0475
vn 0.3956 -0.9173 0.0443
vn 0.2608 -0.9647 -0.0357
vn -0.7667 -0.0957 -0.6349
vn -0.7586 -0.1676 -0.6296
vn -0.7667 -0.0958 -0.6349
vn -0.7619 0.1327 -0.6340
vn 0.2607 -0.9648 -0.0358
vn 0.1443 -0.9843 -0.1020
vn 0.1031 -0.9867 -0.1254
vn 0.1445 -0.9842 -0.1025
vn -0.7343 -0.2859 -0.6156
vn -0.7095 -0.3666 -0.6018
vn -0.7667 -0.0959 -0.6349
vn 0.1036 -0.9866 -0.1264
vn -0.0020 -0.9821 -0.1882
vn 0.1440 -0.9844 -0.1015
vn 0.1033 -0.9867 -0.1258
vn -0.0713 -0.9709 -0.2285
vn -0.6423 -0.5218 -0.5615
vn -0.7095 -0.3668 -0.6018
vn -0.6082 -0.5822 -0.5395
vn -0.6426 -0.5218 -0.5610
vn -0.7343 -0.2861 -0.6156
vn -0.0715 -0.9709 -0.2286
vn -0.1674 -0.9444 -0.2829
vn -0.0020 -0.9821 -0.1883
vn -0.1951 -0.9341 -0.2988
vn -0.1672 -0.9444 -0.2831
vn -0.5623 -0.6495 -0.5118
vn -0.6075 -0.5822 -0.5404
vn -0.5611 -0.6511 -0.5111
vn -0.5624 -0.6494 -0.5119
vn -0.6422 -0.5218 -0.5614
vn -0.1950 -0.9341 -0.2992
vn -0.2989 -0.8837 -0.3601
vn -0.1677 -0.9445 -0.2825
vn -0.1952 -0.9341 -0.2989
vn -0.3627 -0.8446 -0.3939
vn -0.5233 -0.6976 -0.4893
vn -0.4934 -0.7316 -0.4704
vn -0.5237 -0.6977 -0.4889
vn -0.5611 -0.6510 -0.5112
vn -0.3614 -0.8442 -0.3959
vn -0.4294 -0.7921 -0.4337
vn -0.2990 -0.8837 -0.3602
vn -0.3614 -0.8442 -0.3958
vn -0.4472 -0.7765 -0.4439
vn -0.4294 -0.7921 -0.4338
vn -0.4471 -0.7765 -0.4441
vn -0.4929 -0.7315 -0.4712
vn -0.4298 -0.7921 -0.4334
vn -0.4473 -0.7765 -0.4439
vn -0.4929 -0.7315 -0.4711
vn 0.3867 0.8417 0.3769
vn 0.2003 0.9375 0.2846
vn 0.4143 0.8227 0.3892
vn 0.3866 0.8417 0.3769
vn 0.1937 0.9413 0.2767
vn 0.8229 0.0788 0.5626
vn 0.8097 -0.2069 0.5492
vn 0.8199 -0.1401 0.5550
vn 0.8163 0.1264 0.5636
vn 0.8230 0.0789 0.5626
vn -0.3821 0.9230 -0.0464
vn -0.4124 0.9085 -0.0667
vn -0.4835 0.8682 -0.1121
vn -0.2953 0.9554 0.0067
vn -0.1309 -0.9909 0.0326
vn -0.1470 -0.9888 0.0268
vn 0.0593 -0.9895 0.1318
vn 0.2003 0.9375 0.2845
vn 0.0214 0.9815 0.1904
vn 0.0011 0.9840 0.1782
vn 0.1935 0.9413 0.2767
vn 0.0213 0.9815 0.1903
vn -0.1621 0.9829 0.0874
vn 0.0010 0.9840 0.1781
vn -0.1621 0.9829 0.0873
vn 0.7117 0.4556 0.5348
vn 0.7809 0.2948 0.5507
vn 0.7842 0.2690 0.5592
vn 0.7116 0.4556 0.5348
vn 0.7810 0.2946 0.5507
vn -0.9158 0.1744 0.3617
vn -0.8151 0.2687 0.5133
vn -0.9233 0.2511 0.2905
vn -0.9106 0.2570 0.3236
vn -0.8874 0.3404 0.3109
vn -0.8564 0.3646 0.3657
vn -0.8869 -0.1820 0.4247
vn -0.8985 0.0434 0.4368
vn -0.8912 -0.1819 0.4155
vn -0.9412 0.1962 0.2749
vn -0.9165 0.2696 0.2955
vn -0.8551 0.4266 0.2947
vn -0.9159 -0.1854 0.3560
vn -0.8732 -0.2257 0.4321
vn -0.9610 -0.0806 0.2645
vn -0.7942 -0.1317 0.5932
vn -0.8184 -0.0872 0.5680
vn -0.7222 -0.1657 0.6716
vn -0.9242 -0.0974 0.3693
vn -0.9114 -0.0613 0.4070
vn -0.9035 -0.1906 0.3838
vn -0.8775 -0.1485 0.4560
vn -0.9426 -0.0971 0.3196
vn -0.9535 -0.0625 0.2948
vn -0.9408 -0.1993 0.2742
vn -0.9341 -0.1614 0.3186
vn -0.9158 -0.2309 0.3285
vn -0.8144 0.2698 0.5137
vn -0.9234 0.2513 0.2903
vn -0.9105 0.2575 0.3237
vn -0.8867 0.3416 0.3115
vn -0.8557 0.3655 0.3663
vn -0.8872 -0.1817 0.4240
vn -0.8991 0.0434 0.4356
vn -0.8924 -0.1817 0.4131
vn -0.9412 0.1963 0.2749
vn -0.9166 0.2695 0.2954
vn -0.9098 -0.1945 0.3665
vn -0.8739 -0.2255 0.4307
vn -0.9521 -0.0940 0.2909
vn -0.8010 -0.1411 0.5819
vn -0.8124 -0.0817 0.5774
vn -0.7338 -0.1692 0.6580
vn -0.9242 -0.0978 0.3692
vn -0.9113 -0.0627 0.4070
vn -0.9036 -0.1914 0.3832
vn -0.8770 -0.1493 0.4566
vn -0.9425 -0.0976 0.3195
vn -0.9535 -0.0631 0.2946
vn -0.9410 -0.2000 0.2729
vn -0.9341 -0.1617 0.3183
vn -0.9160 -0.2323 0.3272
vn -0.8585 0.2662 0.4383
vn -0.8739 0.2374 0.4242
vn -0.9275 -0.1670 0.3345
vn -0.9716 -0.0652 0.2273
vn -0.9563 -0.1613 0.2437
vn -0.9563 -0.1613 0.2438
vn -0.9736 -0.1214 0.1934
vn -0.9716 -0.2113 0.1063
vn -0.8647 0.3105 0.3949
vn -0.9070 0.2609 0.3307
vn -0.9222 0.2820 0.2645
vn -0.7998 0.1539 0.5802
vn -0.7668 0.2108 0.6063
vn -0.6993 0.2298 0.6769
vn -0.8979 0.2431 0.3669
vn -0.8956 0.1996 0.3977
vn -0.7971 0.4390 0.4147
vn -0.8597 0.2664 0.4358
vn -0.8743 0.2373 0.4234
vn -0.9479 -0.1602 0.2755
vn -0.9719 -0.1257 0.1991
vn -0.9718 -0.1984 0.1274
vn -0.8653 0.3110 0.3931
vn -0.9072 0.2611 0.3299
vn -0.9227 0.2828 0.2619
vn -0.7996 0.1549 0.5802
vn -0.7668 0.2111 0.6061
vn -0.6993 0.2310 0.6765
vn -0.8980 0.2438 0.3663
vn -0.8955 0.1998 0.3977
vn -0.7962 0.4407 0.4145
vn -0.9165 0.2695 0.2955
vn -0.8914 0.2114 0.4008
vn -0.9130 0.2427 0.3278
vn -0.9533 0.1772 0.2445
vn -0.8914 0.2115 0.4008
vn -0.9464 0.3068 0.1008
vn -0.9896 0.0710 0.1254
vn -0.9554 0.2282 0.1873
vn -0.9786 0.1834 0.0930
vn -0.9372 0.3351 0.0965
vn -0.9480 0.1928 0.2531
vn -0.9478 0.2593 0.1855
vn -0.8995 0.1940 0.3915
vn -0.9480 0.1928 0.2532
vn -0.9104 0.2575 0.3237
vn -0.8755 0.2233 0.4285
vn -0.9178 0.1494 0.3679
vn -0.9287 0.2328 0.2887
vn -0.9312 0.1285 0.3411
vn -0.9361 0.0844 0.3413
vn -0.9469 0.1449 0.2871
vn -0.8869 0.1799 0.4256
vn -0.9177 0.1494 0.3680
vn -0.8755 0.2233 0.4286
vn -0.8956 0.1996 0.3976
vn -0.8576 0.2092 0.4698
vn -0.8833 0.1595 0.4408
vn -0.8050 0.0349 0.5922
vn -0.8768 0.1885 0.4423
vn -0.7996 0.1548 0.5802
vn -0.7669 0.2110 0.6061
vn -0.8589 0.2373 0.4539
vn -0.7810 0.1867 0.5960
vn -0.9073 0.2610 0.3298
vn 0.1065 0.0885 0.9904
vn 0.1148 0.0380 0.9927
vn 0.0940 -0.0767 0.9926
vn -0.8743 0.2374 0.4234
vn -0.9159 0.1744 0.3617
vn -0.9180 0.1415 0.3706
vn -0.8773 0.1652 0.4505
vn -0.9380 -0.1360 0.3187
vn -0.9149 -0.0896 0.3937
vn -0.9275 -0.1670 0.3346
vn -0.9736 -0.1213 0.1934
vn -0.9991 -0.0097 0.0411
vn -0.9970 -0.0156 -0.0758
vn -0.9942 -0.0973 0.0468
vn -0.9901 -0.0737 0.1196
vn -0.9814 -0.1198 0.1500
vn -0.9767 -0.1359 0.1663
vn -0.9682 -0.0802 0.2369
vn -0.9341 -0.1614 0.3185
vn -0.9340 -0.1614 0.3186
vn -0.9682 -0.0802 0.2370
vn -0.9141 -0.0954 0.3940
vn -0.9094 -0.0745 0.4091
vn -0.9373 -0.0529 0.3445
vn -0.9426 -0.0971 0.3195
vn -0.9423 -0.0869 0.3232
vn -0.9246 -0.0620 0.3758
vn -0.8963 -0.1362 0.4220
vn -0.9604 -0.0326 0.2768
vn -0.9418 0.0183 0.3357
vn -0.9443 -0.0248 0.3281
vn -0.9246 -0.0620 0.3759
vn -0.9140 -0.0947 0.3944
vn -0.8693 -0.1410 0.4738
vn -0.9018 -0.0838 0.4239
vn -0.8184 -0.0871 0.5679
vn -0.8849 -0.0774 0.4592
vn -0.8747 -0.0551 0.4815
vn -0.9136 -0.1203 0.3883
vn -0.8009 -0.1403 0.5822
vn -0.9137 -0.1203 0.3882
vn -0.8009 -0.1404 0.5822
vn -0.9159 -0.1853 0.3560
vn 0.0975 -0.0397 0.9944
vn 0.1008 -0.1540 0.9829
vn 0.0854 -0.2023 0.9756
vn -0.8868 -0.1821 0.4247
vn -0.8009 -0.1403 0.5821
vn -0.9131 0.2427 0.3278
vn -0.9555 0.2280 0.1872
vn -0.9786 0.1834 0.0931
vn -0.9107 0.2569 0.3235
vn -0.9480 0.2589 0.1854
vn -0.8996 0.1939 0.3914
vn -0.9106 0.2570 0.3237
vn -0.8756 0.2230 0.4284
vn -0.9288 0.2325 0.2888
vn -0.9332 0.1281 0.3358
vn -0.9364 0.0843 0.3407
vn -0.9470 0.1426 0.2878
vn -0.8869 0.1798 0.4255
vn -0.8756 0.2229 0.4285
vn -0.8956 0.1994 0.3976
vn -0.8576 0.2090 0.4699
vn -0.8063 0.0359 0.5905
vn -0.8768 0.1881 0.4426
vn -0.7669 0.2107 0.6062
vn -0.9070 0.2607 0.3307
vn 0.1015 0.0670 0.9926
vn 0.1362 0.0285 0.9903
vn 0.1033 0.0166 0.9945
vn -0.8738 0.2375 0.4242
vn -0.9159 0.1743 0.3617
vn -0.9179 0.1415 0.3706
vn -0.8774 0.1652 0.4505
vn -0.9380 -0.1359 0.3188
vn -0.9479 -0.1601 0.2755
vn -0.9478 -0.1603 0.2756
vn -0.9723 -0.0612 0.2256
vn -0.9991 -0.0096 0.0411
vn -0.9970 -0.0157 -0.0758
vn -0.9682 -0.0802 0.2368
vn -0.9341 -0.1617 0.3184
vn -0.9141 -0.0955 0.3940
vn -0.9094 -0.0747 0.4092
vn -0.9426 -0.0975 0.3195
vn -0.9423 -0.0870 0.3233
vn -0.9600 -0.0345 0.2780
vn -0.9410 0.0180 0.3380
vn -0.9425 -0.0261 0.3333
vn -0.9141 -0.0948 0.3944
vn -0.9242 -0.0977 0.3692
vn -0.8124 -0.0816 0.5774
vn -0.8777 -0.0748 0.4734
vn -0.8059 0.0224 0.5916
vn -0.9086 -0.1347 0.3954
vn -0.8011 -0.1411 0.5817
vn -0.8034 -0.1477 0.5768
vn -0.9086 -0.1346 0.3954
vn -0.8033 -0.1476 0.5770
vn -0.9100 -0.1939 0.3665
vn 0.0925 -0.1315 0.9870
vn 0.1234 -0.1476 0.9813
vn 0.0834 -0.1807 0.9800
vn -0.8872 -0.1819 0.4240
vn -0.9100 -0.1940 0.3665
vn -0.8080 0.2403 0.5379
vn -0.8773 0.1652 0.4506
vn -0.9400 0.2973 0.1672
vn -0.8873 0.3404 0.3111
vn -0.9479 0.2590 0.1854
vn -0.9400 0.2975 0.1671
vn -0.8433 0.0343 0.5363
vn -0.8869 -0.1821 0.4247
vn -0.8009 -0.1402 0.5822
vn -0.8985 0.0434 0.4367
vn -0.9534 0.1772 0.2443
vn -0.9896 0.0711 0.1253
vn -0.9533 0.1773 0.2444
vn -0.9165 0.2696 0.2954
vn -0.8868 -0.1821 0.4248
vn -0.8731 -0.2257 0.4321
vn -0.8868 -0.1822 0.4247
vn -0.8912 -0.1821 0.4154
vn -0.7942 -0.1316 0.5932
vn -0.8185 -0.0871 0.5679
vn -0.7943 -0.1317 0.5931
vn -0.9137 -0.1203 0.3883
vn -0.9055 -0.0836 0.4161
vn -0.9055 -0.0837 0.4161
vn -0.8550 -0.1956 0.4803
vn -0.8775 -0.1484 0.4560
vn -0.8550 -0.1955 0.4803
vn -0.9776 -0.1582 0.1392
vn -0.9766 -0.1360 0.1664
vn -0.9775 -0.1582 0.1393
vn -0.8079 0.2409 0.5379
vn -0.8142 0.2692 0.5143
vn -0.9158 0.1745 0.3617
vn -0.9398 0.2979 0.1672
vn -0.9478 0.2595 0.1855
vn -0.9398 0.2980 0.1672
vn -0.8435 0.0343 0.5361
vn -0.8034 -0.1476 0.5769
vn -0.8991 0.0435 0.4356
vn -0.9099 -0.1940 0.3666
vn -0.8924 -0.1818 0.4131
vn -0.8010 -0.1411 0.5817
vn -0.8124 -0.0817 0.5773
vn -0.8010 -0.1411 0.5818
vn -0.8777 -0.0749 0.4734
vn -0.9054 -0.0844 0.4162
vn -0.9113 -0.0627 0.4069
vn -0.9054 -0.0845 0.4162
vn -0.8545 -0.1966 0.4809
vn -0.9094 -0.0748 0.4092
vn -0.9425 -0.0975 0.3195
vn -0.9341 -0.1618 0.3183
vn -0.9775 -0.1587 0.1391
vn -0.9411 -0.1998 0.2729
vn -0.9054 -0.0836 0.4162
vn -0.8057 0.1847 0.5628
vn -0.9114 -0.0612 0.4071
vn -0.9054 -0.0836 0.4161
vn -0.7467 0.1845 0.6391
vn -0.8056 0.1848 0.5629
vn -0.8056 0.1847 0.5629
vn -0.6896 0.1383 0.7109
vn -0.6896 0.1886 0.6992
vn -0.8057 0.1847 0.5629
vn -0.7467 0.1844 0.6391
vn -0.6897 0.1383 0.7108
vn -0.8280 -0.1205 0.5477
vn -0.7169 -0.0938 0.6908
vn -0.7719 -0.1348 0.6213
vn -0.8279 -0.1206 0.5478
vn -0.6544 -0.1834 0.7336
vn -0.7163 -0.0952 0.6912
vn -0.8465 0.2162 0.4866
vn -0.7719 -0.1349 0.6213
vn -0.8464 0.2162 0.4867
vn -0.8980 0.2429 0.3668
vn -0.8280 -0.1206 0.5477
vn -0.8739 0.2375 0.4242
vn -0.8986 0.0434 0.4367
vn -0.7810 0.1866 0.5960
vn -0.8738 0.2376 0.4242
vn -0.8585 0.2663 0.4383
vn -0.8647 0.3104 0.3949
vn -0.7669 0.2108 0.6062
vn -0.8589 0.2374 0.4539
vn -0.8980 0.2431 0.3667
vn -0.8465 0.2163 0.4866
vn -0.8980 0.2431 0.3668
vn -0.9053 -0.0843 0.4162
vn -0.8060 0.1830 0.5630
vn -0.9113 -0.0626 0.4070
vn -0.9053 -0.0844 0.4162
vn -0.7468 0.1820 0.6396
vn -0.8059 0.1830 0.5631
vn -0.8059 0.1829 0.5631
vn -0.7016 0.1198 0.7025
vn -0.6302 0.1908 0.7526
vn -0.8060 0.1828 0.5630
vn -0.7469 0.1819 0.6396
vn -0.7016 0.1198 0.7024
vn -0.8280 -0.1200 0.5477
vn -0.7118 -0.1004 0.6952
vn -0.7700 -0.1354 0.6235
vn -0.8280 -0.1202 0.5477
vn -0.7148 -0.1562 0.6817
vn -0.7118 -0.1005 0.6952
vn -0.8464 0.2168 0.4864
vn -0.7700 -0.1355 0.6235
vn -0.8464 0.2169 0.4864
vn -0.8981 0.2436 0.3663
vn -0.8280 -0.1202 0.5476
vn -0.7810 0.1865 0.5960
vn -0.8744 0.2372 0.4234
vn -0.9723 -0.0613 0.2255
vn -0.9479 -0.1603 0.2755
vn -0.9723 -0.0612 0.2255
vn -0.9991 -0.0098 0.0411
vn -0.8597 0.2664 0.4359
vn -0.9072 0.2612 0.3299
vn -0.7669 0.2111 0.6061
vn -0.8768 0.1887 0.4423
vn -0.7997 0.1548 0.5801
vn -0.8768 0.1885 0.4424
vn -0.8980 0.2437 0.3662
vn -0.8464 0.2170 0.4863
vn -0.8955 0.1998 0.3976
vn -0.8980 0.2437 0.3663
vn -0.0801 -0.9968 -0.0055
vn -0.0848 -0.9961 0.0255
vn -0.0751 -0.9965 -0.0361
vn -0.0851 -0.9960 0.0255
vn 0.0646 -0.6786 -0.7316
vn 0.0632 -0.6848 -0.7260
vn 0.0626 -0.6870 -0.7240
vn 0.0600 -0.6986 -0.7130
vn -0.8334 0.5102 0.2124
vn -0.9372 0.3352 0.0965
vn -0.9464 0.3069 0.1008
vn -0.8334 0.5101 0.2125
vn -0.9174 0.2851 0.2776
vn -0.9996 0.0192 0.0224
vn -0.9529 0.2548 0.1643
vn -0.9991 -0.0403 -0.0122
vn -0.9399 0.2979 0.1671
vn -0.9529 0.2547 0.1643
vn -0.9837 0.0800 -0.1608
vn -0.9996 0.0192 0.0223
vn -0.9837 0.0799 -0.1609
vn -0.9669 0.0580 0.2484
vn -0.9003 0.0436 0.4330
vn -0.9669 0.0579 0.2485
vn -0.8995 0.1940 0.3914
vn -0.4928 0.6774 0.5461
vn -0.9440 0.0686 0.3226
vn -0.9264 0.2248 0.3020
vn -0.9234 0.2513 0.2902
vn -0.9159 0.1744 0.3616
vn -0.9233 0.2514 0.2902
vn -0.9264 0.2249 0.3020
vn -0.9287 0.2329 0.2886
vn -0.9440 0.0687 0.3227
vn -0.9361 0.0843 0.3414
vn -0.9440 0.0687 0.3226
vn -0.9361 0.0845 0.3413
vn -0.8062 0.3898 0.4451
vn -0.7963 0.4407 0.4144
vn -0.8869 0.1799 0.4255
vn -0.8062 0.3897 0.4452
vn -0.7847 0.1866 0.5911
vn -0.8578 0.2081 0.4700
vn -0.7441 0.2113 0.6337
vn -0.8832 0.1595 0.4410
vn -0.8576 0.2092 0.4699
vn -0.7668 0.2111 0.6062
vn -0.6963 0.2717 0.6643
vn -0.6993 0.2309 0.6765
vn -0.7668 0.2112 0.6061
vn -0.7441 0.2114 0.6338
vn -0.9398 0.2981 0.1671
vn -0.9478 0.2594 0.1855
vn -0.9554 0.2282 0.1872
vn -0.9529 0.2548 0.1644
vn -0.7441 0.2113 0.6338
vn -0.7809 0.1867 0.5961
vn -0.9228 0.2828 0.2618
vn -0.9072 0.2611 0.3298
vn -0.8589 0.2373 0.4538
vn -0.7441 0.2114 0.6337
vn -0.6964 0.2717 0.6643
vn -0.8576 0.2093 0.4699
vn -0.8464 0.2170 0.4864
vn -0.8833 0.1595 0.4409
vn -0.8833 0.1594 0.4408
vn -0.7910 0.3663 0.4901
vn -0.8755 0.2234 0.4286
vn -0.8754 0.2234 0.4286
vn -0.9264 0.2250 0.3021
vn -0.9287 0.2329 0.2887
vn -0.9264 0.2250 0.3020
vn -0.9178 0.1494 0.3680
vn -0.8011 0.3013 0.5171
vn -0.8078 0.2409 0.5380
vn -0.8995 0.1942 0.3915
vn -0.8011 0.3014 0.5170
vn -0.8995 0.1942 0.3914
vn -0.8557 0.3655 0.3665
vn -0.8012 0.3014 0.5170
vn -0.8557 0.3655 0.3664
vn -0.9478 0.2593 0.1854
vn -0.9174 0.2851 0.2777
vn -0.9465 0.3067 0.1007
vn -0.9786 0.1834 0.0929
vn -0.9896 0.0710 0.1252
vn -0.9464 0.3069 0.1007
vn -0.9372 0.3352 0.0964
vn -0.8550 0.4268 0.2947
vn -0.8334 0.5103 0.2125
vn -0.9522 -0.0939 0.2908
vn -0.8777 -0.0749 0.4733
vn -0.9100 -0.1939 0.3664
vn -0.7684 -0.1635 0.6188
vn -0.7686 -0.2132 0.6032
vn -0.7338 -0.1692 0.6579
vn -0.8692 -0.1411 0.4739
vn -0.9053 -0.0845 0.4164
vn -0.8692 -0.1410 0.4739
vn -0.7684 -0.1635 0.6187
vn -0.9141 -0.0949 0.3942
vn -0.8722 -0.2255 0.4341
vn -0.9036 -0.1914 0.3831
vn -0.8721 -0.2255 0.4343
vn -0.8752 -0.2405 0.4198
vn -0.8963 -0.1364 0.4220
vn -0.9141 -0.0949 0.3943
vn -0.9423 -0.0872 0.3233
vn -0.8752 -0.2405 0.4197
vn -0.9535 -0.1042 0.2830
vn -0.8963 -0.1363 0.4220
vn -0.9426 -0.0975 0.3194
vn -0.9535 -0.1040 0.2828
vn -0.9426 -0.0976 0.3194
vn -0.9535 -0.1042 0.2828
vn -0.9141 -0.0956 0.3940
vn -0.8544 -0.1967 0.4810
vn -0.8331 -0.2561 0.4903
vn -0.9141 -0.0956 0.3941
vn -0.9093 -0.0749 0.4093
vn -0.8331 -0.2562 0.4902
vn -0.9160 -0.2322 0.3272
vn -0.9814 -0.1198 0.1499
vn -0.9857 -0.0841 0.1459
vn -0.9814 -0.1199 0.1500
vn -0.9766 -0.1360 0.1663
vn -0.9711 -0.2264 0.0750
vn -0.9941 -0.0974 0.0468
vn -0.4847 -0.6482 0.5873
vn -0.5180 -0.6479 0.5584
vn -0.9970 -0.0157 -0.0759
vn -0.9941 -0.0975 0.0468
vn -0.9711 -0.2264 0.0749
vn -0.9698 -0.2340 0.0681
vn -0.9718 -0.1985 0.1274
vn -0.4561 -0.6474 0.6106
vn -0.4846 -0.6482 0.5874
vn 0.0218 -0.8361 -0.5482
vn 0.0319 -0.8036 -0.5943
vn 0.0198 -0.8421 -0.5390
vn 0.0440 -0.7614 -0.6468
vn -0.9003 0.0437 0.4330
vn -0.8914 0.2114 0.4009
vn -0.9669 0.0579 0.2484
vn 0.0495 0.9816 0.1844
vn 0.0689 0.9949 0.0730
vn 0.0226 0.9436 0.3302
vn 0.0496 0.9816 0.1844
vn 0.0721 0.9960 0.0536
vn 0.0688 0.9949 0.0731
vn -0.0259 0.8228 0.5677
vn 0.0226 0.9436 0.3303
vn -0.0260 0.8228 0.5677
vn -0.6897 0.1382 0.7108
vn -0.6897 0.1886 0.6991
vn -0.6302 0.1909 0.7526
vn -0.1768 -0.2689 0.9468
vn -0.7016 0.1197 0.7024
vn -0.1783 -0.3219 0.9298
vn -0.7017 0.1197 0.7024
vn -0.1789 -0.3439 0.9218
vn -0.1783 -0.3221 0.9298
vn -0.1788 -0.3440 0.9218
vn -0.1768 -0.2690 0.9468
vn -0.1366 0.2493 0.9587
vn -0.1338 0.2716 0.9531
vn -0.1429 0.1958 0.9702
vn -0.1339 0.2716 0.9531
vn -0.1430 0.1956 0.9702
vn -0.1367 0.2492 0.9588
vn -0.1429 0.1956 0.9702
vn -0.7148 -0.1568 0.6815
vn -0.1166 -0.9654 0.2333
vn -0.1488 -0.8635 0.4819
vn -0.0945 -0.9919 0.0852
vn -0.1491 -0.8634 0.4819
vn -0.0764 -0.9967 -0.0280
vn -0.0732 -0.9962 -0.0478
vn -0.1166 -0.9654 0.2332
vn -0.0945 -0.9919 0.0851
vn 0.1360 0.0284 0.9903
vn -0.1642 -0.0380 0.9857
vn 0.1147 0.0379 0.9927
vn 0.1361 0.0285 0.9903
vn -0.1644 -0.0382 0.9856
vn 0.1438 0.8872 -0.4384
vn 0.1361 0.9161 -0.3771
vn 0.1459 0.8778 -0.4562
vn 0.1291 0.9376 -0.3229
vn -0.1793 -0.4990 0.8478
vn 0.0938 -0.0767 0.9926
vn -0.1784 -0.5426 0.8209
vn -0.1793 -0.4991 0.8478
vn -0.1020 -0.9857 0.1340
vn -0.1345 -0.9213 0.3649
vn -0.0922 -0.9932 0.0707
vn -0.1567 -0.8199 0.5507
vn -0.0698 -0.9953 -0.0672
vn -0.0732 -0.9962 -0.0477
vn -0.0697 -0.9953 -0.0670
vn 0.0636 -0.6829 -0.7277
vn 0.0393 -0.7785 -0.6264
vn 0.0776 -0.6191 -0.7815
vn 0.0348 -0.7938 -0.6072
vn 0.0837 -0.5891 -0.8037
vn 0.0777 -0.6190 -0.7816
vn 0.0761 -0.6261 -0.7761
vn 0.0636 -0.6828 -0.7278
vn -0.0298 -0.9559 -0.2922
vn -0.0751 -0.9965 -0.0362
vn 0.0139 -0.8592 -0.5115
vn 0.0541 -0.7223 -0.6895
vn 0.0139 -0.8591 -0.5117
vn 0.0540 -0.7222 -0.6895
vn -0.0297 -0.9559 -0.2923
vn 0.0139 -0.8591 -0.5116
vn -0.1645 -0.0382 0.9856
vn 0.1232 -0.1475 0.9814
vn -0.1644 -0.0381 0.9857
vn 0.1007 -0.1540 0.9829
vn 0.0143 -0.8579 -0.5136
vn 0.0198 -0.8420 -0.5390
vn 0.0109 -0.8676 -0.4972
vn 0.0988 -0.0389 0.9943
vn -0.1115 0.4314 0.8953
vn 0.0989 -0.0389 0.9943
vn 0.0322 0.5089 0.8602
vn -0.1115 0.4314 0.8952
vn 0.1507 0.9282 0.3402
vn 0.1085 0.9792 0.1714
vn 0.1185 0.8540 0.5065
vn 0.1506 0.9282 0.3403
vn 0.0962 0.9853 0.1411
vn 0.1086 0.9792 0.1714
vn 0.0753 0.9966 0.0342
vn 0.0721 0.9959 0.0537
vn 0.0755 0.9966 0.0342
vn 0.1722 0.6763 -0.7162
vn 0.1739 0.6491 -0.7405
vn 0.1671 0.7369 -0.6551
vn 0.1716 0.6834 -0.7096
vn 0.1561 0.8239 -0.5448
vn 0.1671 0.7370 -0.6550
vn 0.1538 0.8374 -0.5245
vn 0.1721 0.6765 -0.7161
vn 0.1671 0.7369 -0.6550
vn 0.1418 0.8952 -0.4225
vn 0.1632 0.7726 -0.6135
vn 0.1107 0.9751 -0.1922
vn 0.1419 0.8952 -0.4225
vn 0.1632 0.7727 -0.6134
vn 0.0702 0.9954 0.0653
vn 0.0650 0.9933 0.0957
vn 0.1419 0.8952 -0.4224
vn 0.1107 0.9751 -0.1921
vn 0.1290 0.9376 -0.3228
vn 0.1100 0.9760 -0.1879
vn 0.1361 0.9162 -0.3770
vn 0.1290 0.9376 -0.3229
vn 0.1101 0.9760 -0.1879
vn 0.1590 0.8048 -0.5718
vn 0.1656 0.7509 -0.6393
vn 0.1486 0.8656 -0.4783
vn 0.1670 0.7380 -0.6538
vn 0.1230 0.9519 -0.2807
vn 0.1485 0.8656 -0.4781
vn 0.1233 0.9519 -0.2807
vn 0.1589 0.8049 -0.5718
vn -0.0670 0.6680 0.7412
vn -0.0208 0.8397 0.5427
vn -0.1049 0.4726 0.8750
vn -0.0670 0.6680 0.7411
vn -0.0207 0.8398 0.5426
vn -0.1517 0.1107 0.9822
vn -0.1565 0.0591 0.9859
vn -0.0670 0.6679 0.7412
vn -0.1048 0.4725 0.8751
vn -0.1586 0.0345 0.9867
vn -0.1565 0.0590 0.9859
vn -0.1587 0.0345 0.9867
vn -0.1515 0.1105 0.9823
vn 0.1456 0.8798 -0.4525
vn 0.1387 0.9073 -0.3969
vn 0.1120 0.9731 -0.2014
vn 0.1387 0.9074 -0.3967
vn 0.0822 0.9966 -0.0078
vn 0.1455 0.8799 -0.4524
vn 0.1386 0.9074 -0.3967
vn -0.0680 0.6631 0.7454
vn -0.0192 0.8437 0.5365
vn -0.0682 0.6631 0.7454
vn 0.0152 0.9295 0.3684
vn -0.1758 -0.2420 0.9542
vn -0.1738 -0.1952 0.9653
vn -0.1772 -0.2810 0.9432
vn -0.1759 -0.2421 0.9542
vn -0.1739 -0.1950 0.9653
vn -0.1782 -0.3131 0.9329
vn -0.1780 -0.3130 0.9329
vn -0.1758 -0.2422 0.9542
vn -0.1772 -0.2812 0.9432
vn 0.0152 0.9296 0.3684
vn 0.0822 0.9966 -0.0076
vn -0.0192 0.8438 0.5363
vn 0.1120 0.9731 -0.2012
vn 0.0428 0.5611 0.8267
vn 0.1186 0.8540 0.5066
vn 0.0412 0.3279 0.9438
vn 0.0429 0.5611 0.8267
vn 0.1596 0.3356 0.9284
vn 0.0412 0.3278 0.9438
vn 0.1740 0.4426 0.8797
vn 0.1595 0.3356 0.9284
vn 0.0429 0.5610 0.8267
vn 0.0411 0.3278 0.9438
vn 0.0853 -0.2023 0.9756
vn 0.0924 -0.1315 0.9870
vn 0.0832 -0.1807 0.9800
vn 0.0852 -0.2023 0.9756
vn 0.0973 -0.0397 0.9945
vn 0.1232 -0.1476 0.9813
vn 0.0028 -0.8893 -0.4574
vn 0.0108 -0.8676 -0.4971
vn 0.0025 -0.8891 -0.4576
vn 0.0144 -0.8580 -0.5135
vn 0.0441 -0.7613 -0.6470
vn 0.0320 -0.8036 -0.5943
vn 0.0440 -0.7613 -0.6468
vn 0.0254 -0.8247 -0.5650
vn -0.0138 -0.9265 -0.3761
vn 0.0450 -0.7571 -0.6517
vn -0.0137 -0.9265 -0.3761
vn 0.0451 -0.7571 -0.6518
vn 0.0255 -0.8246 -0.5652
vn -0.1706 -0.1345 0.9761
vn -0.1690 -0.1104 0.9794
vn -0.1734 -0.1865 0.9670
vn -0.1707 -0.1345 0.9761
vn -0.1693 -0.1103 0.9794
vn -0.1784 -0.5398 0.8227
vn -0.1735 -0.1867 0.9670
vn -0.1688 -0.7194 0.6738
vn -0.1784 -0.5397 0.8227
vn -0.1706 -0.1346 0.9761
vn -0.1734 -0.1867 0.9670
vn -0.1457 -0.8781 0.4557
vn -0.1685 -0.7195 0.6738
vn -0.1461 -0.8782 0.4555
vn -0.1785 -0.5398 0.8227
vn -0.1687 -0.7195 0.6737
vn 0.0089 -0.8730 -0.4876
vn -0.0283 -0.9533 -0.3006
vn 0.0199 -0.8418 -0.5394
vn 0.0088 -0.8730 -0.4876
vn -0.0631 -0.9923 -0.1068
vn -0.0283 -0.9534 -0.3005
vn 0.0199 -0.8417 -0.5396
vn 0.0349 -0.7938 -0.6072
vn 0.0089 -0.8730 -0.4877
vn -0.1508 0.1199 0.9813
vn -0.1463 0.1675 0.9750
vn -0.1415 0.2072 0.9680
vn -0.1460 0.1676 0.9750
vn -0.1451 -0.8818 0.4488
vn -0.1687 -0.7178 0.6755
vn -0.1223 -0.9539 0.2740
vn -0.1687 -0.7179 0.6754
vn -0.0632 -0.9923 -0.1067
vn -0.1450 -0.8819 0.4486
vn -0.1223 -0.9539 0.2739
vn -0.1377 0.2398 0.9610
vn -0.1459 0.1676 0.9750
vn -0.1377 0.2399 0.9610
vn -0.0700 -0.9953 -0.0669
vn -0.0550 -0.9865 -0.1540
vn -0.0701 -0.9953 -0.0669
vn -0.0700 -0.9953 -0.0664
vn -0.0923 -0.9932 0.0705
vn -0.0571 -0.9882 -0.1419
vn -0.1020 -0.9857 0.1339
vn -0.1796 -0.4073 0.8955
vn -0.1792 -0.3666 0.9129
vn -0.1782 -0.5514 0.8150
vn -0.1795 -0.4844 0.8562
vn -0.1567 -0.8198 0.5508
vn -0.1782 -0.5516 0.8149
vn -0.1346 -0.9212 0.3650
vn -0.1797 -0.4074 0.8954
vn -0.1781 -0.5516 0.8149
vn 0.1013 0.0671 0.9926
vn 0.1064 0.0884 0.9904
vn 0.1012 0.0670 0.9926
vn 0.0938 -0.0766 0.9926
vn 0.1013 0.0670 0.9926
vn -0.1795 -0.4846 0.8561
vn -0.1784 -0.5426 0.8208
vn -0.1792 -0.3667 0.9129
vn -0.0417 -0.9726 -0.2288
vn -0.0570 -0.9882 -0.1420
vn -0.0221 -0.9427 -0.3330
vn 0.0024 -0.8897 -0.4565
vn -0.0549 -0.9865 -0.1540
vn -0.8757 -0.2402 0.4190
vn -0.9536 -0.1033 0.2828
vn -0.8757 -0.2401 0.4190
vn -0.9426 -0.0971 0.3194
vn -0.9537 -0.1033 0.2826
vn -0.9535 -0.0625 0.2947
vn -0.9423 -0.0870 0.3232
vn -0.8550 -0.1956 0.4804
vn -0.8334 -0.2550 0.4904
vn -0.8335 -0.2549 0.4902
vn -0.9158 -0.2310 0.3286
vn -0.8334 -0.2550 0.4903
vn -0.9776 -0.1582 0.1391
vn -0.9858 -0.0834 0.1457
vn -0.9775 -0.1583 0.1392
vn -0.9941 -0.0973 0.0468
vn -0.9858 -0.0835 0.1459
vn -0.9814 -0.1198 0.1501
vn -0.4848 -0.6482 0.5873
vn -0.9716 -0.2113 0.1062
vn -0.4561 -0.6474 0.6107
vn -0.9661 0.0577 0.2516
vn -0.9682 -0.0801 0.2370
vn -0.9661 0.0576 0.2516
vn -0.9341 0.0502 0.3533
vn -0.9341 0.0502 0.3534
vn -0.9373 -0.0528 0.3446
vn -0.9341 0.0501 0.3534
vn -0.9233 0.0479 0.3810
vn -0.9246 -0.0619 0.3759
vn -0.9233 0.0480 0.3811
vn -0.9233 0.0479 0.3811
vn -0.8666 0.0379 0.4976
vn -0.8665 0.0380 0.4977
vn -0.8079 -0.1416 0.5720
vn -0.9018 -0.0838 0.4240
vn -0.8665 0.0378 0.4977
vn -0.7889 0.0263 0.6139
vn -0.8079 -0.1418 0.5720
vn -0.7889 0.0263 0.6140
vn -0.8008 -0.1403 0.5822
vn -0.8079 -0.1417 0.5720
vn -0.8433 0.0343 0.5364
vn -0.8008 -0.1402 0.5822
vn -0.9661 0.0577 0.2515
vn -0.9901 -0.0736 0.1195
vn -0.9935 0.0677 0.0920
vn -0.9682 -0.0801 0.2369
vn -0.9935 0.0678 0.0920
vn -0.9887 0.0653 0.1352
vn -0.9934 0.0678 0.0920
vn -0.9887 0.0652 0.1352
vn -0.9716 -0.0651 0.2273
vn -0.9670 0.0579 0.2482
vn -0.9003 0.0438 0.4330
vn -0.8914 0.2113 0.4010
vn -0.9004 0.0437 0.4330
vn -0.9901 -0.0737 0.1195
vn -0.9942 -0.0974 0.0467
vn -0.9970 -0.0155 -0.0760
vn -0.9917 0.1260 0.0274
vn -0.9820 0.1891 -0.0019
vn -0.9858 -0.0833 0.1458
vn -0.9776 -0.1581 0.1391
vn -0.9917 0.1259 0.0273
vn -0.9837 0.0799 -0.1610
vn -0.9779 0.0503 -0.2032
vn -0.9917 0.1259 0.0274
vn -0.9776 -0.1581 0.1392
vn -0.9837 0.0800 -0.1609
vn -0.9142 -0.0953 0.3940
vn -0.9142 -0.0953 0.3939
vn -0.5855 -0.6542 0.4788
vn -0.9536 -0.1032 0.2827
vn -0.9466 0.0366 0.3204
vn -0.9373 -0.0529 0.3446
vn -0.9426 -0.0970 0.3194
vn -0.9418 0.0184 0.3357
vn -0.9465 0.0366 0.3205
vn -0.9536 -0.1033 0.2827
vn -0.9418 0.0184 0.3356
vn -0.9466 0.0365 0.3203
vn -0.9141 -0.0947 0.3944
vn -0.7629 -0.1590 0.6266
vn -0.9018 -0.0840 0.4240
vn -0.8079 -0.1418 0.5719
vn -0.7628 -0.1589 0.6268
vn -0.8008 -0.1403 0.5823
vn -0.9233 0.0480 0.3810
vn -0.8833 0.1594 0.4409
vn -0.9177 0.1493 0.3680
vn -0.8833 0.1593 0.4409
vn -0.8666 0.0378 0.4976
vn -0.7847 0.1865 0.5911
vn -0.8665 0.0379 0.4977
vn -0.8832 0.1593 0.4410
vn -0.7889 0.0264 0.6140
vn -0.8665 0.0380 0.4978
vn -0.7810 0.1865 0.5961
vn -0.9670 0.0580 0.2482
vn -0.9896 0.0710 0.1253
vn -0.8334 0.5102 0.2125
vn -0.9175 0.2846 0.2779
vn -0.9995 0.0198 0.0226
vn -0.9532 0.2538 0.1640
vn -0.9987 -0.0470 -0.0188
vn -0.9995 0.0199 0.0226
vn -0.9400 0.2973 0.1671
vn -0.9533 0.2538 0.1639
vn -0.9867 0.0770 -0.1432
vn -0.9888 0.0684 -0.1325
vn -0.9867 0.0771 -0.1431
vn -0.9401 0.2973 0.1671
vn -0.9995 0.0199 0.0225
vn -0.9716 -0.0651 0.2274
vn -0.8996 0.1939 0.3913
vn -0.8996 0.1940 0.3913
vn -0.9439 0.0692 0.3229
vn -0.9264 0.2245 0.3022
vn -0.9234 0.2510 0.2905
vn -0.9234 0.2512 0.2904
vn -0.9287 0.2326 0.2888
vn -0.9159 0.1744 0.3615
vn -0.9264 0.2247 0.3022
vn -0.9287 0.2326 0.2887
vn -0.9364 0.0843 0.3408
vn -0.9264 0.2245 0.3023
vn -0.9439 0.0693 0.3229
vn -0.9364 0.0844 0.3407
vn -0.8065 0.3892 0.4451
vn -0.8869 0.1800 0.4255
vn -0.7442 0.2113 0.6336
vn -0.8576 0.2091 0.4699
vn -0.6964 0.2713 0.6644
vn -0.6992 0.2298 0.6769
vn -0.7668 0.2109 0.6062
vn -0.7442 0.2113 0.6337
vn -0.9480 0.2589 0.1853
vn -0.9532 0.2540 0.1640
vn -0.9532 0.2539 0.1641
vn -0.7668 0.2107 0.6063
vn -0.9070 0.2608 0.3307
vn -0.8768 0.1881 0.4425
vn -0.9223 0.2819 0.2643
vn -0.8464 0.2164 0.4867
vn -0.7442 0.2114 0.6336
vn -0.8464 0.2164 0.4866
vn -0.7917 0.3655 0.4895
vn -0.8756 0.2230 0.4285
vn -0.8756 0.2231 0.4285
vn -0.9264 0.2247 0.3023
vn -0.7918 0.3655 0.4894
vn -0.8756 0.2231 0.4284
vn -0.9180 0.1415 0.3705
vn -0.9287 0.2325 0.2888
vn -0.8014 0.3013 0.5166
vn -0.8080 0.2403 0.5380
vn -0.8995 0.1941 0.3914
vn -0.8015 0.3014 0.5165
vn -0.8995 0.1941 0.3913
vn -0.8563 0.3645 0.3658
vn -0.8563 0.3646 0.3658
vn -0.9555 0.2280 0.1873
vn -0.8551 0.4266 0.2948
vn -0.9610 -0.0806 0.2644
vn -0.8850 -0.0774 0.4590
vn -0.7628 -0.1590 0.6267
vn -0.7221 -0.1657 0.6717
vn -0.7611 -0.2134 0.6125
vn -0.7629 -0.1590 0.6267
vn -0.7941 -0.1316 0.5933
vn -0.7612 -0.2134 0.6124
vn -0.9054 -0.0837 0.4162
vn -0.9035 -0.1908 0.3837
vn -0.8719 -0.2256 0.4347
vn -0.9036 -0.1907 0.3837
vn -0.8718 -0.2256 0.4347
vn -0.8756 -0.2401 0.4192
vn -0.9140 -0.0948 0.3944
vn -0.8718 -0.2256 0.4348
vn 0.0632 -0.6847 -0.7261
vn 0.0762 -0.6261 -0.7760
vn 0.0632 -0.6847 -0.7260
vn 0.0836 -0.5892 -0.8036
vn -0.9942 -0.0973 0.0467
vn -0.9920 0.1235 0.0277
vn -0.9827 0.1854 -0.0007
vn -0.9857 -0.0840 0.1459
vn -0.9775 -0.1586 0.1391
vn -0.9837 0.0798 -0.1610
vn -0.9775 -0.1585 0.1391
vn -0.9094 -0.0747 0.4093
vn -0.9142 -0.0955 0.3940
vn -0.5897 -0.6505 0.4787
vn -0.9535 -0.1040 0.2829
vn -0.9464 0.0366 0.3210
vn -0.9423 -0.0871 0.3233
vn -0.9410 0.0180 0.3379
vn -0.9600 -0.0346 0.2779
vn -0.9464 0.0365 0.3209
vn -0.9141 -0.0947 0.3942
vn -0.8434 0.0343 0.5362
vn -0.9661 0.0576 0.2515
vn 0.0323 0.5089 0.8602
vn 0.0324 0.5089 0.8602
vn 0.1596 0.3357 0.9283
vn 0.1740 0.4427 0.8796
vn 0.0962 0.9853 0.1409
vn 0.0829 0.9957 0.0408
vn 0.1086 0.9792 0.1713
vn 0.0961 0.9853 0.1409
vn 0.0878 0.9952 -0.0421
vn 0.0878 0.9952 -0.0422
vn 0.1013 0.9864 -0.1294
vn 0.0830 0.9957 0.0407
vn 0.0877 0.9952 -0.0423
vn 0.1016 0.9864 -0.1293
vn 0.0753 0.9966 0.0341
vn 0.0819 0.9966 -0.0057
vn 0.0753 0.9966 0.0343
vn 0.0895 0.9946 -0.0528
vn 0.0894 0.9946 -0.0530
vn 0.1169 0.9650 -0.2349
vn 0.0820 0.9966 -0.0058
vn 0.0894 0.9946 -0.0529
vn 0.1346 0.9210 -0.3655
vn 0.1347 0.9210 -0.3657
vn 0.1498 0.8596 -0.4886
vn 0.1169 0.9649 -0.2351
vn 0.1347 0.9209 -0.3657
vn 0.1498 0.8595 -0.4886
vn 0.1716 0.6835 -0.7095
vn 0.1669 0.7378 -0.6540
vn 0.1668 0.7380 -0.6539
vn 0.0593 0.9902 0.1265
vn 0.0650 0.9933 0.0958
vn 0.0599 0.9902 0.1263
vn 0.1670 0.7380 -0.6539
vn 0.1675 0.7325 -0.6599
vn 0.1667 0.7401 -0.6515
vn 0.1584 0.8082 -0.5672
vn 0.1675 0.7325 -0.6598
vn 0.1523 0.8463 -0.5105
vn 0.1460 0.8778 -0.4563
vn 0.1585 0.8083 -0.5671
vn -0.9661 0.0578 0.2516
vn -0.8080 -0.1417 0.5719
vn -0.8033 -0.1476 0.5769
vn -0.9682 -0.0801 0.2368
vn -0.9887 0.0652 0.1351
vn -0.9723 -0.0611 0.2255
vn 0.0274 -0.8185 -0.5739
vn 0.0024 -0.8897 -0.4566
vn 0.0273 -0.8186 -0.5737
vn -0.0220 -0.9427 -0.3330
vn -0.6142 -0.7539 0.2331
vn -0.3542 -0.8365 0.4181
vn -0.5771 -0.7778 0.2491
vn 0.0550 -0.9448 0.3230
vn -0.1095 -0.9313 0.3475
vn -0.0097 -0.9667 0.2556
vn -0.6386 -0.7515 0.1658
vn -0.5561 -0.8149 0.1633
vn -0.5455 -0.8324 0.0978
vn -0.6002 -0.7083 0.3716
vn -0.6432 -0.6428 0.4160
vn -0.6966 -0.5735 0.4310
vn -0.5556 -0.8062 0.2032
vn -0.5226 -0.8111 0.2625
vn -0.7647 -0.6402 0.0733
vn -0.4708 -0.8441 0.2567
vn -0.6447 -0.7050 0.2956
vn -0.5260 -0.8383 0.1433
vn -0.6561 -0.7526 0.0565
vn -0.4895 -0.8694 0.0670
vn -0.4740 -0.8805 0.0086
vn -0.0605 -0.8222 0.5659
vn -0.0556 -0.8282 0.5577
vn -0.4290 -0.8875 0.1681
vn -0.4259 -0.8847 0.1894
vn -0.2330 -0.9581 0.1664
vn -0.0189 -0.8477 0.5302
vn -0.0090 -0.8030 0.5959
vn -0.1083 -0.9054 0.4104
vn -0.1870 -0.7270 0.6607
vn -0.2632 -0.7406 0.6182
vn -0.1855 -0.6510 0.7361
vn -0.1482 -0.8675 0.4748
vn -0.1579 -0.8650 0.4763
vn -0.0297 -0.8404 0.5411
vn -0.0861 -0.8133 0.5754
vn -0.1191 -0.8966 0.4266
vn -0.1491 -0.9079 0.3919
vn 0.0017 -0.9349 0.3550
vn 0.0789 -0.8791 0.4701
vn 0.0363 -0.9463 0.3213
vn -0.6135 -0.7543 0.2337
vn -0.5770 -0.7777 0.2496
vn 0.0545 -0.9449 0.3228
vn -0.1043 -0.9386 0.3289
vn -0.6387 -0.7511 0.1668
vn -0.5561 -0.8148 0.1638
vn -0.5999 -0.7082 0.3723
vn -0.6430 -0.6430 0.4161
vn -0.6958 -0.5742 0.4315
vn -0.5553 -0.8063 0.2038
vn -0.4707 -0.8442 0.2566
vn -0.6440 -0.7056 0.2958
vn -0.5255 -0.8386 0.1436
vn -0.6548 -0.7537 0.0564
vn -0.4891 -0.8696 0.0672
vn -0.4739 -0.8805 0.0098
vn -0.0610 -0.8222 0.5660
vn -0.0566 -0.8284 0.5573
vn -0.4182 -0.8961 0.1484
vn -0.0273 -0.8587 0.5118
vn -0.0101 -0.8028 0.5962
vn -0.1151 -0.9245 0.3634
vn -0.2033 -0.7200 0.6635
vn -0.2492 -0.7476 0.6156
vn -0.1946 -0.6408 0.7426
vn -0.0301 -0.8407 0.5406
vn -0.0871 -0.8139 0.5744
vn -0.1195 -0.8966 0.4264
vn -0.1502 -0.9081 0.3910
vn 0.0012 -0.9350 0.3546
vn 0.0783 -0.8799 0.4687
vn 0.0358 -0.9462 0.3215
vn -0.0554 0.7860 -0.6158
vn -0.0244 0.8148 -0.5793
vn -0.1661 0.9181 -0.3600
vn -0.0719 -0.8916 0.4471
vn -0.0959 -0.7750 0.6247
vn -0.0981 -0.9030 0.4183
vn -0.0721 -0.8916 0.4471
vn -0.0982 -0.9030 0.4182
vn -0.1704 -0.9051 0.3896
vn -0.0689 -0.8858 0.4589
vn -0.1634 -0.8595 0.4843
vn -0.0219 -0.8773 0.4795
vn -0.1635 -0.8594 0.4844
vn -0.1094 -0.9313 0.3475
vn 0.0551 -0.9448 0.3229
vn -0.0095 -0.9668 0.2555
vn 0.1177 -0.9258 0.3592
vn 0.0383 -0.9413 0.3353
vn -0.0508 -0.9618 0.2691
vn -0.0087 -0.9463 0.3232
vn 0.0016 -0.9349 0.3549
vn -0.0995 -0.9274 0.3606
vn -0.0425 -0.8829 0.4677
vn -0.0426 -0.8829 0.4677
vn -0.0996 -0.9273 0.3608
vn -0.1561 -0.8584 0.4886
vn -0.1817 -0.8499 0.4947
vn -0.1865 -0.8873 0.4219
vn -0.1192 -0.8966 0.4265
vn -0.1327 -0.8931 0.4298
vn -0.1901 -0.8716 0.4518
vn -0.1174 -0.8358 0.5363
vn -0.1770 -0.9164 0.3590
vn -0.2731 -0.8901 0.3649
vn -0.2150 -0.8935 0.3943
vn -0.1174 -0.8358 0.5364
vn -0.1902 -0.8716 0.4519
vn -0.1571 -0.8584 0.4883
vn -0.1361 -0.8124 0.5669
vn -0.1483 -0.8676 0.4747
vn -0.1855 -0.8441 0.5031
vn -0.2633 -0.7406 0.6182
vn -0.2213 -0.8158 0.5343
vn -0.4063 -0.7286 0.5515
vn -0.1067 -0.8502 0.5155
vn -0.1869 -0.7271 0.6606
vn -0.1759 -0.7295 0.6610
vn -0.1068 -0.8503 0.5154
vn -0.1761 -0.7294 0.6610
vn -0.0188 -0.8478 0.5300
vn -0.2291 0.2908 0.9290
vn -0.3193 0.3034 0.8978
vn -0.2778 0.2568 0.9257
vn -0.0188 -0.8477 0.5301
vn -0.5832 -0.7970 0.1570
vn -0.5373 -0.8039 0.2549
vn -0.5353 -0.8259 0.1769
vn -0.4291 -0.8875 0.1682
vn -0.5374 -0.8039 0.2550
vn -0.4919 -0.8699 -0.0349
vn -0.2329 -0.9581 0.1665
vn -0.4260 -0.8847 0.1895
vn -0.4495 -0.8889 0.0884
vn -0.3516 -0.9345 0.0552
vn -0.5188 -0.8528 -0.0593
vn -0.5373 -0.8275 0.1629
vn -0.4423 -0.8817 0.1641
vn -0.4894 -0.8695 0.0669
vn -0.5131 -0.8171 0.2627
vn -0.4424 -0.8817 0.1643
vn -0.5373 -0.8275 0.1630
vn -0.5644 -0.7819 0.2646
vn -0.4495 -0.8473 0.2828
vn -0.5049 -0.8487 0.1573
vn -0.4111 -0.8674 0.2803
vn -0.3576 -0.8789 0.3157
vn -0.4034 -0.8863 0.2275
vn -0.5141 -0.8039 0.2991
vn -0.4496 -0.8473 0.2829
vn -0.5645 -0.7819 0.2646
vn -0.5226 -0.8112 0.2625
vn -0.5696 -0.7629 0.3060
vn -0.4982 -0.8029 0.3274
vn -0.4226 -0.7264 0.5420
vn -0.4797 -0.8624 0.1615
vn -0.6001 -0.7084 0.3716
vn -0.6432 -0.6428 0.4159
vn -0.5690 -0.7631 0.3065
vn -0.6081 -0.6766 0.4153
vn -0.5560 -0.8150 0.1632
vn -0.6080 -0.6766 0.4154
vn -0.5689 -0.7632 0.3064
vn -0.6355 0.3060 0.7089
vn -0.5741 0.3138 0.7563
vn -0.5925 0.3856 0.7073
vn -0.5772 -0.7777 0.2490
vn -0.4707 -0.8441 0.2567
vn -0.4415 -0.8487 0.2913
vn -0.5227 -0.7876 0.3262
vn 0.0546 -0.9449 0.3227
vn 0.1168 -0.9263 0.3582
vn 0.0381 -0.9415 0.3348
vn -0.0089 -0.9463 0.3232
vn 0.0012 -0.9350 0.3545
vn -0.0996 -0.9274 0.3606
vn -0.0428 -0.8829 0.4675
vn -0.0429 -0.8829 0.4676
vn -0.0996 -0.9273 0.3607
vn -0.1563 -0.8585 0.4885
vn -0.1820 -0.8500 0.4943
vn -0.1195 -0.8966 0.4263
vn -0.1902 -0.8716 0.4518
vn -0.1177 -0.8357 0.5364
vn -0.1756 -0.9172 0.3576
vn -0.2725 -0.8909 0.3635
vn -0.1177 -0.8357 0.5365
vn -0.1573 -0.8584 0.4882
vn -0.1362 -0.8124 0.5669
vn -0.2492 -0.7477 0.6155
vn -0.2095 -0.8260 0.5234
vn -0.2206 -0.8251 0.5202
vn -0.1264 -0.8590 0.4961
vn -0.1885 -0.7270 0.6602
vn -0.1265 -0.8590 0.4960
vn -0.1886 -0.7270 0.6603
vn -0.2484 0.3413 0.9065
vn -0.3136 0.2802 0.9073
vn -0.2451 0.2549 0.9354
vn -0.0609 -0.8221 0.5660
vn -0.0272 -0.8587 0.5118
vn -0.4913 -0.8703 -0.0347
vn -0.2329 -0.9581 0.1666
vn -0.4259 -0.8847 0.1895
vn -0.4493 -0.8890 0.0883
vn -0.5180 -0.8533 -0.0594
vn -0.5369 -0.8278 0.1629
vn -0.4890 -0.8697 0.0673
vn -0.4424 -0.8817 0.1642
vn -0.5370 -0.8277 0.1630
vn -0.4132 -0.8676 0.2767
vn -0.3579 -0.8789 0.3154
vn -0.4054 -0.8865 0.2229
vn -0.5225 -0.8112 0.2625
vn -0.4982 -0.8029 0.3275
vn -0.4224 -0.7250 0.5441
vn -0.4794 -0.8622 0.1635
vn -0.5997 -0.7083 0.3723
vn -0.5690 -0.7629 0.3069
vn -0.5688 -0.7630 0.3070
vn -0.6110 0.3019 0.7318
vn -0.5580 0.3363 0.7586
vn -0.6304 0.3453 0.6953
vn -0.5771 -0.7777 0.2494
vn -0.5225 -0.7877 0.3264
vn -0.2226 -0.8270 0.5162
vn -0.5875 -0.7060 0.3955
vn -0.6244 -0.6390 0.4492
vn -0.6243 -0.6391 0.4493
vn -0.5360 -0.7029 0.4675
vn -0.6243 -0.6390 0.4494
vn -0.1001 -0.9935 -0.0551
vn -0.5360 -0.7029 0.4676
vn -0.2137 -0.6936 0.6880
vn -0.2838 -0.7364 0.6142
vn -0.2137 -0.6937 0.6879
vn -0.1982 -0.7578 0.6217
vn -0.2838 -0.7364 0.6141
vn -0.5865 -0.7479 0.3111
vn -0.2136 -0.6936 0.6879
vn -0.5555 -0.8063 0.2033
vn -0.3933 -0.7713 0.5004
vn 0.0743 -0.9208 0.3829
vn 0.0742 -0.9208 0.3829
vn -0.6385 -0.7515 0.1659
vn -0.6386 -0.7515 0.1659
vn -0.6143 -0.7539 0.2331
vn -0.5690 -0.7631 0.3064
vn -0.6002 -0.7084 0.3714
vn -0.4798 -0.8624 0.1614
vn -0.5690 -0.7631 0.3066
vn -0.6432 -0.6429 0.4159
vn -0.5696 -0.7628 0.3059
vn -0.5865 -0.7479 0.3110
vn -0.5696 -0.7629 0.3058
vn -0.5226 -0.8112 0.2624
vn -0.5228 -0.7875 0.3262
vn -0.4708 -0.8441 0.2566
vn -0.6285 -0.6975 0.3442
vn -0.5374 -0.8275 0.1629
vn -0.6560 -0.7526 0.0564
vn -0.6776 -0.7282 0.1027
vn -0.5374 -0.8275 0.1628
vn -0.4895 -0.8695 0.0669
vn -0.1761 -0.7295 0.6610
vn -0.3541 -0.8365 0.4181
vn -0.0606 -0.8223 0.5659
vn -0.4291 -0.8875 0.1681
vn -0.6679 -0.7438 0.0250
vn -0.4260 -0.8847 0.1894
vn -0.0605 -0.8223 0.5659
vn -0.0555 -0.8282 0.5577
vn -0.0089 -0.8030 0.5959
vn -0.2212 -0.8158 0.5343
vn -0.1068 -0.8502 0.5154
vn -0.2631 -0.7408 0.6181
vn -0.1870 -0.7271 0.6606
vn -0.1361 -0.8124 0.5670
vn -0.1482 -0.8676 0.4747
vn -0.2225 -0.8271 0.5161
vn -0.1816 -0.8498 0.4948
vn -0.0860 -0.8133 0.5755
vn -0.0692 -0.7505 0.6573
vn -0.0860 -0.8133 0.5754
vn 0.0789 -0.8791 0.4700
vn 0.0018 -0.9349 0.3550
vn -0.0424 -0.8828 0.4677
vn 0.0459 -0.8512 0.5229
vn -0.2225 -0.8268 0.5167
vn -0.2225 -0.8268 0.5166
vn -0.6245 -0.6387 0.4495
vn -0.6244 -0.6388 0.4496
vn -0.5373 -0.7008 0.4693
vn -0.6245 -0.6387 0.4496
vn -0.2565 -0.9589 0.1212
vn -0.2138 -0.6934 0.6881
vn -0.2940 -0.7399 0.6050
vn -0.1473 -0.9882 0.0410
vn -0.2138 -0.6935 0.6880
vn -0.1968 -0.7571 0.6230
vn -0.5859 -0.7479 0.3122
vn -0.1967 -0.7571 0.6230
vn -0.2137 -0.6935 0.6880
vn -0.5859 -0.7478 0.3122
vn -0.5552 -0.8063 0.2038
vn -0.5771 -0.7776 0.2495
vn -0.1042 -0.9386 0.3290
vn 0.0739 -0.9208 0.3830
vn 0.0108 -0.8896 0.4566
vn 0.0546 -0.9449 0.3228
vn 0.0738 -0.9208 0.3830
vn -0.6388 -0.7511 0.1668
vn -0.6136 -0.7543 0.2336
vn -0.5689 -0.7630 0.3068
vn -0.5999 -0.7083 0.3721
vn -0.6429 -0.6430 0.4162
vn -0.5998 -0.7083 0.3723
vn -0.5552 -0.8064 0.2038
vn -0.5858 -0.7479 0.3121
vn -0.5226 -0.7876 0.3264
vn -0.6439 -0.7056 0.2958
vn -0.4707 -0.8441 0.2566
vn -0.6284 -0.6971 0.3452
vn -0.5371 -0.8277 0.1628
vn -0.6547 -0.7538 0.0562
vn -0.6773 -0.7286 0.1021
vn -0.6547 -0.7538 0.0563
vn -0.1886 -0.7270 0.6602
vn -0.0610 -0.8221 0.5660
vn -0.6681 -0.7436 0.0256
vn -0.4260 -0.8847 0.1893
vn -0.4183 -0.8961 0.1484
vn -0.5876 -0.7998 0.1230
vn -0.6681 -0.7436 0.0257
vn -0.0100 -0.8028 0.5962
vn -0.0564 -0.8284 0.5573
vn -0.0099 -0.8028 0.5961
vn -0.2095 -0.8259 0.5234
vn -0.1265 -0.8590 0.4961
vn -0.2097 -0.8259 0.5234
vn -0.2492 -0.7477 0.6156
vn -0.2034 -0.7200 0.6635
vn -0.2224 -0.8268 0.5166
vn -0.1820 -0.8500 0.4944
vn -0.0704 -0.7512 0.6563
vn -0.1194 -0.8966 0.4264
vn -0.0871 -0.8140 0.5744
vn 0.0013 -0.9350 0.3545
vn 0.0459 -0.8512 0.5228
vn -0.0220 0.9515 -0.3068
vn -0.1662 0.9181 -0.3599
vn -0.0742 0.9807 -0.1810
vn -0.0221 0.9515 -0.3067
vn -0.1683 -0.7823 0.5998
vn -0.0960 -0.7750 0.6247
vn -0.0720 -0.8916 0.4471
vn -0.1684 -0.7822 0.5999
vn -0.2876 -0.7260 0.6247
vn -0.0960 -0.7749 0.6248
vn -0.5021 0.0027 0.8648
vn -0.5063 0.0032 0.8624
vn -0.5041 0.0029 0.8636
vn -0.5064 0.0032 0.8623
vn -0.5087 0.0035 0.8610
vn -0.5042 0.0029 0.8636
vn -0.5051 0.0030 0.8631
vn 0.8442 -0.1141 0.5238
vn 0.9052 -0.1139 0.4094
vn 0.8544 -0.1142 0.5069
vn 0.9688 -0.1099 0.2219
vn 0.9946 -0.0983 -0.0346
vn 0.9947 -0.0987 -0.0274
vn 0.9948 -0.0989 -0.0245
vn 0.9950 -0.0997 -0.0102
vn 0.9947 -0.0987 -0.0275
vn 0.9278 -0.1132 0.3554
vn 0.9744 -0.1091 0.1968
vn 0.9947 -0.1013 0.0191
vn 0.9744 -0.1091 0.1966
vn 0.9947 -0.1013 0.0190
vn 0.9279 -0.1132 0.3553
vn 0.9923 -0.1037 0.0678
vn 0.9869 -0.1062 0.1216
vn 0.9946 -0.0983 -0.0345
vn -0.9593 0.0817 0.2703
vn -0.9208 0.0715 0.3835
vn -0.9377 0.0757 0.3392
vn -0.9593 0.0817 0.2702
vn -0.8730 0.0611 0.4839
vn -0.8981 0.1140 -0.4247
vn -0.8580 0.1142 -0.5008
vn -0.9122 0.1137 -0.3936
vn -0.8287 0.1139 -0.5480
vn -0.8581 0.1142 -0.5007
vn -0.7955 0.1131 -0.5953
vn -0.8537 0.1142 -0.5081
vn -0.8402 0.1140 -0.5302
vn -0.8242 0.1138 -0.5548
vn -0.7518 0.1118 -0.6498
vn -0.6871 0.1090 -0.7183
vn -0.6871 0.1090 -0.7184
vn -0.6104 0.1050 -0.7851
vn -0.7518 0.1118 -0.6499
vn -0.6870 0.1090 -0.7184
vn -0.4047 0.0912 -0.9099
vn -0.6726 0.1083 -0.7321
vn -0.3631 0.0880 -0.9276
vn -0.8030 0.1133 -0.5851
vn -0.6726 0.1083 -0.7320
vn -0.8031 0.1133 -0.5849
vn -0.8732 0.1142 -0.4738
vn -0.6727 0.1083 -0.7319
vn -0.8031 0.1133 -0.5850
vn -0.8635 0.1142 -0.4913
vn -0.4690 0.0959 -0.8780
vn -0.4627 0.0955 -0.8814
vn -0.4840 0.0970 -0.8697
vn -0.4716 0.0961 -0.8766
vn -0.4627 0.0955 -0.8813
vn -0.5505 0.1014 -0.8287
vn -0.4628 0.0955 -0.8813
vn -0.5945 0.1041 -0.7973
vn -0.6322 0.1062 -0.7675
vn -0.5506 0.1014 -0.8286
vn -0.6436 0.1069 -0.7579
vn -0.2796 -0.9213 0.2703
vn -0.1865 -0.8873 0.4218
vn -0.0997 -0.9273 0.3607
vn -0.3212 -0.8793 0.3516
vn -0.3213 -0.8793 0.3517
vn -0.1903 -0.8716 0.4517
vn -0.3324 -0.8658 0.3739
vn -0.1856 -0.8440 0.5032
vn -0.1903 -0.8716 0.4518
vn -0.3785 -0.7981 0.4687
vn -0.1855 -0.8440 0.5032
vn -0.3785 -0.7980 0.4689
vn -0.1815 -0.7348 0.6535
vn -0.1857 -0.8440 0.5032
vn -0.3785 -0.7981 0.4688
vn -0.4226 -0.7085 0.5652
vn -0.1814 -0.7348 0.6535
vn -0.3934 -0.7712 0.5005
vn -0.2795 -0.9213 0.2702
vn -0.0509 -0.9618 0.2690
vn -0.2123 -0.9665 0.1443
vn -0.0997 -0.9274 0.3606
vn -0.0509 -0.9618 0.2689
vn -0.0096 -0.9668 0.2555
vn -0.2307 -0.9566 0.1782
vn -0.2123 -0.9665 0.1442
vn -0.2308 -0.9565 0.1783
vn -0.1096 -0.9313 0.3474
vn -0.2782 -0.9225 0.2677
vn 0.9841 -0.1070 0.1415
vn 0.9642 -0.1105 0.2411
vn 0.9371 -0.1127 0.3305
vn 0.9642 -0.1105 0.2412
vn 0.9689 -0.1099 0.2217
vn 0.9906 -0.0943 -0.0991
vn 0.9053 -0.1139 0.4093
vn 0.9853 -0.0913 -0.1444
vn 0.0384 -0.9414 0.3352
vn -0.0095 -0.9667 0.2556
vn -0.0508 -0.9618 0.2690
vn -0.0508 -0.9539 0.2958
vn -0.2480 -0.9673 0.0536
vn -0.3071 -0.9516 -0.0152
vn -0.0507 -0.9539 0.2957
vn 0.0363 -0.9463 0.3212
vn -0.2479 -0.9673 0.0536
vn -0.1000 -0.9935 -0.0550
vn 0.0362 -0.9463 0.3212
vn -0.1864 -0.8873 0.4219
vn -0.1817 -0.8498 0.4947
vn -0.1561 -0.8585 0.4885
vn 0.4299 -0.4673 0.7725
vn -0.1492 -0.9079 0.3918
vn -0.0920 -0.9069 0.4111
vn -0.2879 -0.8960 0.3381
vn -0.1327 -0.8931 0.4299
vn -0.2878 -0.8960 0.3381
vn -0.1572 -0.8584 0.4883
vn -0.1814 -0.7349 0.6535
vn -0.1747 -0.6897 0.7027
vn -0.1855 -0.8440 0.5033
vn -0.1760 -0.7294 0.6610
vn -0.0087 -0.9463 0.3231
vn 0.0017 -0.9349 0.3549
vn -0.4414 -0.8487 0.2912
vn -0.4422 -0.8817 0.1643
vn -0.4494 -0.8474 0.2829
vn -0.4414 -0.8487 0.2913
vn -0.4494 -0.8474 0.2828
vn -0.6055 -0.6809 0.4119
vn -0.4982 -0.8028 0.3275
vn -0.3785 -0.7981 0.4689
vn -0.6080 -0.6765 0.4155
vn -0.3515 -0.9345 0.0552
vn -0.4422 -0.8818 0.1642
vn -0.2330 -0.9581 0.1665
vn -0.2307 -0.9566 0.1781
vn -0.3514 -0.9346 0.0553
vn -0.4290 -0.8875 0.1682
vn -0.2782 -0.9225 0.2676
vn -0.7276 -0.6773 -0.1092
vn -0.5189 -0.8528 -0.0596
vn -0.4919 -0.8700 -0.0350
vn -0.7275 -0.6773 -0.1092
vn -0.5556 -0.8246 0.1069
vn -0.5189 -0.8528 -0.0594
vn -0.1177 -0.9846 0.1293
vn -0.4674 -0.8826 0.0509
vn -0.0275 -0.9887 0.1472
vn -0.1179 -0.9846 0.1292
vn -0.4739 -0.8805 0.0086
vn -0.1002 -0.9934 -0.0551
vn -0.1178 -0.9846 0.1292
vn -0.2782 -0.9224 0.2678
vn -0.3531 -0.8380 0.4160
vn -0.1096 -0.9313 0.3475
vn -0.5130 -0.8172 0.2628
vn -0.5227 -0.7876 0.3263
vn -0.4423 -0.8817 0.1642
vn -0.5130 -0.8172 0.2627
vn -0.9586 -0.2827 -0.0343
vn -0.3288 -0.8906 0.3144
vn -0.5027 -0.8469 0.1732
vn -0.5258 -0.8385 0.1433
vn -0.5259 -0.8384 0.1432
vn -0.5050 -0.8487 0.1573
vn -0.5029 -0.8469 0.1731
vn -0.5050 -0.8487 0.1572
vn -0.3288 -0.8905 0.3144
vn -0.3576 -0.8789 0.3158
vn -0.5028 -0.8469 0.1733
vn -0.3288 -0.8906 0.3143
vn -0.4034 -0.8863 0.2274
vn -0.7367 -0.6626 0.1350
vn -0.6056 -0.6809 0.4119
vn -0.5696 -0.7628 0.3060
vn -0.6544 -0.6291 0.4196
vn -0.6055 -0.6810 0.4118
vn -0.5697 -0.7628 0.3059
vn -0.6433 -0.6428 0.4160
vn -0.7323 -0.5619 0.3848
vn -0.6433 -0.6428 0.4159
vn -0.6544 -0.6290 0.4196
vn -0.7323 -0.5619 0.3846
vn -0.4895 -0.8694 0.0668
vn -0.4676 -0.8825 0.0508
vn -0.4740 -0.8805 0.0085
vn -0.4675 -0.8825 0.0509
vn -0.6081 -0.6765 0.4154
vn -0.4797 -0.8625 0.1614
vn -0.5452 -0.8325 0.0983
vn -0.5689 -0.7632 0.3065
vn -0.6545 -0.6290 0.4195
vn -0.5866 -0.7478 0.3110
vn -0.7323 -0.5620 0.3847
vn -0.5140 -0.8039 0.2992
vn -0.5226 -0.8112 0.2626
vn -0.7373 -0.6499 0.1845
vn -0.7367 -0.6627 0.1350
vn -0.5646 -0.7818 0.2646
vn -0.5029 -0.8468 0.1732
vn -0.5050 -0.8486 0.1572
vn -0.5228 -0.7875 0.3263
vn -0.6896 -0.6764 0.2587
vn -0.6897 -0.6763 0.2586
vn -0.5132 -0.8171 0.2627
vn -0.6776 -0.7282 0.1028
vn -0.5374 -0.8274 0.1629
vn -0.4495 -0.8889 0.0883
vn -0.5557 -0.8245 0.1071
vn -0.2328 -0.9582 0.1665
vn -0.4918 -0.8700 -0.0350
vn -0.5188 -0.8529 -0.0595
vn -0.3515 -0.9346 0.0551
vn -0.7277 -0.6772 -0.1092
vn -0.4919 -0.8700 -0.0349
vn -0.1084 -0.9055 0.4103
vn -0.0160 -0.8485 0.5290
vn -0.1025 -0.6872 0.7192
vn -0.1748 -0.6897 0.7027
vn -0.1869 -0.7270 0.6607
vn -0.1024 -0.6873 0.7191
vn -0.2225 -0.8270 0.5163
vn -0.1025 -0.6874 0.7191
vn -0.0296 -0.8404 0.5411
vn -0.0106 -0.8011 0.5984
vn -0.1482 -0.8676 0.4748
vn -0.1174 -0.8357 0.5364
vn -0.0106 -0.8011 0.5985
vn 0.0144 -0.8030 0.5958
vn -0.1571 -0.8584 0.4884
vn -0.1326 -0.8931 0.4299
vn 0.0145 -0.8030 0.5958
vn -0.0918 -0.9069 0.4113
vn -0.0918 -0.9069 0.4112
vn -0.1490 -0.9079 0.3918
vn -0.0693 -0.7504 0.6573
vn 0.0024 -0.7543 0.6565
vn -0.0693 -0.7505 0.6573
vn -0.0425 -0.8828 0.4678
vn 0.0025 -0.7544 0.6564
vn 0.0459 -0.8511 0.5229
vn -0.1560 -0.8584 0.4886
vn -0.0506 -0.9539 0.2958
vn -0.0086 -0.9463 0.3232
vn -0.0507 -0.9539 0.2959
vn 0.0894 -0.8960 0.4349
vn 0.0896 -0.8960 0.4350
vn 0.1801 -0.9015 0.3937
vn 0.0895 -0.8960 0.4349
vn 0.0552 -0.9448 0.3230
vn 0.1800 -0.9015 0.3935
vn 0.9804 -0.1079 0.1649
vn 0.9790 -0.1082 0.1729
vn 0.9923 -0.1037 0.0680
vn -0.5372 -0.8039 0.2551
vn -0.8989 0.1140 -0.4230
vn -0.8661 0.1142 -0.4867
vn -0.9366 0.1128 -0.3318
vn -0.8599 0.1142 -0.4975
vn -0.9833 0.1072 -0.1473
vn -0.9366 0.1128 -0.3316
vn -0.8990 0.1140 -0.4229
vn -0.9366 0.1128 -0.3317
vn -0.7044 0.0317 0.7091
vn -0.7560 0.0400 0.6533
vn -0.6396 0.0218 0.7684
vn -0.7561 0.0400 0.6533
vn -0.1625 -0.0383 0.9860
vn -0.6395 0.0218 0.7685
vn -0.0830 -0.0468 0.9955
vn -0.7043 0.0317 0.7092
vn -0.0505 -0.0502 0.9975
vn -0.0830 -0.0468 0.9954
vn -0.1624 -0.0383 0.9860
vn -0.8231 0.0516 0.5656
vn -0.8411 0.0549 0.5381
vn -0.7765 0.0434 0.6287
vn -0.8230 0.0516 0.5657
vn -0.8411 0.0549 0.5380
vn -0.3513 -0.0165 0.9361
vn -0.7764 0.0434 0.6288
vn -0.2668 -0.0265 0.9634
vn -0.1927 -0.0349 0.9806
vn -0.1926 -0.0350 0.9807
vn -0.3511 -0.0165 0.9362
vn 0.7528 -0.1118 0.6487
vn 0.6150 -0.1053 0.7814
vn 0.8123 -0.1136 0.5721
vn 0.7527 -0.1118 0.6488
vn 0.6151 -0.1053 0.7814
vn 0.8517 -0.1142 0.5115
vn 0.8123 -0.1135 0.5720
vn 0.8580 -0.1142 0.5008
vn 0.7529 -0.1118 0.6486
vn 0.8123 -0.1136 0.5720
vn -0.5579 0.3362 0.7587
vn -0.5741 0.3137 0.7563
vn -0.5580 0.3362 0.7587
vn -0.6437 0.1069 -0.7578
vn -0.6801 0.1087 -0.7250
vn -0.7095 0.1101 -0.6961
vn 0.1695 -0.0716 0.9829
vn 0.1163 -0.0666 0.9910
vn 0.2291 -0.0769 0.9704
vn 0.1694 -0.0715 0.9830
vn 0.1163 -0.0667 0.9910
vn 0.7939 -0.1131 0.5974
vn 0.6878 -0.1091 0.7177
vn 0.8179 -0.1137 0.5641
vn 0.7939 -0.1131 0.5975
vn 0.5615 -0.1021 0.8211
vn 0.8642 -0.1142 0.4901
vn 0.8580 -0.1142 0.5009
vn 0.9947 -0.0986 -0.0294
vn 0.9904 -0.1048 0.0896
vn 0.9898 -0.0938 -0.1077
vn 0.9884 -0.1056 0.1094
vn 0.9897 -0.0937 -0.1078
vn 0.9947 -0.0986 -0.0296
vn -0.3193 0.3033 0.8978
vn -0.3137 0.2800 0.9073
vn 0.9747 -0.1090 0.1949
vn 0.9790 -0.1082 0.1730
vn 0.9718 -0.1095 0.2088
vn -0.9181 0.0709 0.3899
vn -0.9376 0.0757 0.3393
vn -0.9593 0.0817 0.2704
vn -0.9642 0.1105 -0.2409
vn -0.9879 0.1058 -0.1132
vn -0.8982 0.1140 -0.4246
vn -0.8600 0.1142 -0.4974
vn -0.3962 0.0906 -0.9137
vn -0.3630 0.0880 -0.9276
vn -0.4678 0.0958 -0.8786
vn -0.5687 0.1025 -0.8161
vn -0.4679 0.0958 -0.8786
vn -0.5844 0.1035 -0.8048
vn -0.3963 0.0906 -0.9137
vn -0.6535 0.1074 -0.7493
vn -0.5094 0.0987 -0.8548
vn -0.7682 0.1123 -0.6303
vn -0.5093 0.0987 -0.8549
vn -0.7683 0.1123 -0.6302
vn -0.8731 0.1142 -0.4739
vn -0.6536 0.1074 -0.7492
vn -0.7719 0.1124 -0.6257
vn -0.6802 0.1087 -0.7249
vn -0.7718 0.1124 -0.6258
vn -0.5461 0.1011 -0.8316
vn -0.4841 0.0970 -0.8696
vn -0.6175 0.1054 -0.7794
vn -0.5460 0.1011 -0.8316
vn -0.7598 0.1120 -0.6404
vn -0.6177 0.1054 -0.7793
vn -0.8216 0.1137 -0.5586
vn -0.7598 0.1120 -0.6405
vn -0.5462 0.1011 -0.8316
vn -0.6176 0.1054 -0.7794
vn -0.9940 0.0974 0.0498
vn -0.8217 0.1137 -0.5584
vn -0.9548 0.0803 0.2863
vn -0.8217 0.1138 -0.5584
vn -0.6897 0.0294 0.7235
vn -0.9547 0.0803 0.2864
vn -0.6279 0.0201 0.7780
vn -0.5980 0.0158 0.8013
vn -0.6279 0.0201 0.7781
vn -0.6896 0.0289 0.7236
vn -0.6349 0.1064 -0.7652
vn -0.5846 0.1035 -0.8047
vn -0.6686 0.1081 -0.7357
vn -0.6350 0.1064 -0.7652
vn -0.5845 0.1035 -0.8048
vn -0.7655 0.1122 -0.6336
vn -0.6685 0.1081 -0.7358
vn -0.8391 0.1140 -0.5319
vn -0.9938 0.0971 0.0540
vn -0.9788 0.1082 -0.1739
vn -0.9452 0.1122 -0.3065
vn -0.9788 0.1082 -0.1738
vn -0.2030 -0.0338 0.9786
vn -0.2738 -0.0257 0.9614
vn -0.1448 -0.0402 0.9886
vn -0.0964 -0.0454 0.9943
vn -0.1447 -0.0402 0.9887
vn -0.2029 -0.0338 0.9786
vn -0.1446 -0.0402 0.9887
vn -0.9452 0.1122 -0.3067
vn -0.8392 0.1140 -0.5317
vn -0.9788 0.1082 -0.1740
vn -0.7655 0.1122 -0.6335
vn -0.9677 0.0843 0.2374
vn -0.9879 0.1058 -0.1130
vn -0.8651 0.0595 0.4980
vn -0.9643 0.1105 -0.2408
vn -0.8729 0.0611 0.4841
vn -0.8651 0.0595 0.4981
vn -0.9207 0.0715 0.3837
vn -0.9677 0.0843 0.2375
vn -0.2290 0.2907 0.9290
vn -0.2778 0.2566 0.9257
vn -0.2289 0.2907 0.9290
vn -0.3136 0.2800 0.9073
vn -0.2779 0.2566 0.9257
vn -0.2452 0.2548 0.9354
vn 0.9644 -0.1105 0.2404
vn 0.9644 -0.1105 0.2403
vn 0.9827 -0.1074 0.1506
vn 0.9325 -0.1130 0.3429
vn 0.9927 -0.1035 0.0626
vn 0.9828 -0.1074 0.1506
vn 0.8921 -0.1141 0.4373
vn 0.9927 -0.1035 0.0625
vn 0.9828 -0.1074 0.1505
vn -0.3642 -0.0149 0.9312
vn -0.3996 -0.0106 0.9166
vn -0.2877 -0.0241 0.9574
vn 0.2223 -0.0763 0.9720
vn -0.2875 -0.0241 0.9575
vn 0.4491 -0.0945 0.8885
vn -0.3640 -0.0149 0.9313
vn -0.2876 -0.0241 0.9575
vn 0.8920 -0.1141 0.4374
vn 0.4492 -0.0945 0.8884
vn 0.2224 -0.0763 0.9720
vn 0.9701 -0.1097 0.2165
vn 0.9294 -0.1131 0.3513
vn 0.9789 -0.1082 0.1731
vn 0.8776 -0.1142 0.4656
vn 0.9904 -0.1048 0.0897
vn -0.6992 0.0308 0.7143
vn -0.7495 0.0389 0.6609
vn -0.7864 0.0457 0.6160
vn 0.6359 -0.1064 0.7644
vn 0.4455 -0.0942 0.8903
vn 0.7345 -0.1111 0.6695
vn 0.8775 -0.1142 0.4658
vn 0.7346 -0.1111 0.6693
vn 0.8775 -0.1142 0.4657
vn 0.6360 -0.1064 0.7643
vn -0.7865 0.0451 0.6159
vn -0.8156 0.0502 0.5764
vn -0.7496 0.0389 0.6607
vn -0.8157 0.0502 0.5763
vn 0.8765 -0.1142 0.4677
vn 0.8641 -0.1142 0.4901
vn 0.8901 -0.1141 0.4412
vn 0.8179 -0.1137 0.5640
vn 0.8864 -0.1142 0.4486
vn 0.0418 -0.0595 0.9974
vn -0.0172 -0.0536 0.9984
vn 0.2367 -0.0775 0.9685
vn 0.1474 -0.0695 0.9866
vn 0.5614 -0.1021 0.8212
vn 0.2368 -0.0775 0.9685
vn 0.6877 -0.1091 0.7178
vn 0.5614 -0.1021 0.8213
vn 0.0419 -0.0595 0.9973
vn 0.2369 -0.0775 0.9684
vn -0.6111 0.3018 0.7318
vn -0.6355 0.3058 0.7089
vn -0.6110 0.3018 0.7318
vn -0.5581 0.3362 0.7586
vn -0.6305 0.3453 0.6952
vn -0.6356 0.3058 0.7088
vn -0.5926 0.3856 0.7072
vn -0.6304 0.3453 0.6952
vn 0.1475 -0.0696 0.9866
vn -0.0170 -0.0536 0.9984
vn 0.9110 -0.1138 0.3963
vn 0.8864 -0.1142 0.4485
vn 0.9370 -0.1127 0.3307
vn 0.8902 -0.1141 0.4410
vn 0.9370 -0.1127 0.3306
vn 0.0142 -0.8026 0.5963
vn -0.0925 -0.9071 0.4106
vn -0.1194 -0.8967 0.4263
vn -0.0925 -0.9072 0.4104
vn -0.1501 -0.9081 0.3909
vn -0.0925 -0.9072 0.4105
vn -0.1562 -0.8585 0.4885
vn 0.0013 -0.7542 0.6567
vn -0.0705 -0.7513 0.6562
vn -0.0428 -0.8829 0.4676
vn 0.0014 -0.7543 0.6566
vn 0.0013 -0.7543 0.6566
vn -0.0089 -0.9463 0.3231
vn 0.0359 -0.9463 0.3214
vn -0.0503 -0.9538 0.2961
vn 0.0013 -0.9350 0.3546
vn 0.0359 -0.9462 0.3216
vn -0.0504 -0.9538 0.2962
vn 0.0883 -0.8971 0.4330
vn 0.1168 -0.9263 0.3583
vn 0.0884 -0.8970 0.4330
vn 0.1786 -0.9023 0.3924
vn 0.0382 -0.9415 0.3348
vn 0.0885 -0.8971 0.4329
vn 0.1785 -0.9024 0.3923
vn 0.0740 -0.9208 0.3829
vn 0.0547 -0.9449 0.3227
vn -0.3785 -0.7982 0.4687
vn -0.1887 -0.7270 0.6602
vn -0.2539 -0.9430 0.2150
vn 0.0382 -0.9416 0.3347
vn -0.0507 -0.9618 0.2690
vn 0.0382 -0.9415 0.3347
vn 0.1168 -0.9263 0.3581
vn -0.0505 -0.9538 0.2961
vn -0.2462 -0.9676 0.0557
vn -0.2461 -0.9676 0.0557
vn -0.0945 -0.9939 -0.0561
vn -0.1001 -0.9934 -0.0551
vn 0.0358 -0.9463 0.3214
vn -0.0944 -0.9940 -0.0560
vn -0.1563 -0.8585 0.4884
vn -0.1821 -0.8500 0.4944
vn -0.1503 -0.9081 0.3908
vn -0.0927 -0.9072 0.4105
vn -0.2884 -0.8963 0.3369
vn -0.1195 -0.8967 0.4263
vn -0.2726 -0.8909 0.3634
vn -0.1573 -0.8585 0.4881
vn -0.1574 -0.8584 0.4882
vn -0.1361 -0.8124 0.5671
vn -0.1833 -0.6845 0.7056
vn -0.1361 -0.8123 0.5671
vn -0.1834 -0.6844 0.7056
vn -0.2033 -0.7199 0.6636
vn -0.1814 -0.7347 0.6537
vn -0.1885 -0.7270 0.6603
vn -0.0090 -0.9463 0.3231
vn -0.0996 -0.9274 0.3607
vn 0.0012 -0.9351 0.3545
vn -0.4182 -0.8962 0.1485
vn -0.7266 -0.6783 -0.1089
vn -0.5182 -0.8532 -0.0595
vn -0.4915 -0.8702 -0.0348
vn -0.7265 -0.6784 -0.1089
vn -0.5543 -0.8255 0.1064
vn -0.5181 -0.8533 -0.0594
vn -0.1207 -0.9842 0.1295
vn -0.4674 -0.8826 0.0510
vn -0.0276 -0.9887 0.1472
vn -0.1208 -0.9842 0.1295
vn -0.4738 -0.8806 0.0098
vn -0.4673 -0.8826 0.0510
vn -0.1076 -0.9932 -0.0447
vn -0.1207 -0.9842 0.1293
vn -0.1201 -0.9896 -0.0794
vn -0.1208 -0.9842 0.1294
vn -0.9579 -0.2853 -0.0327
vn -0.3278 -0.8906 0.3153
vn -0.5021 -0.8471 0.1743
vn -0.5253 -0.8387 0.1436
vn -0.5022 -0.8471 0.1741
vn -0.3279 -0.8906 0.3152
vn -0.4054 -0.8865 0.2230
vn -0.5225 -0.8112 0.2624
vn -0.7366 -0.6627 0.1350
vn -0.6543 -0.6290 0.4197
vn -0.4982 -0.8028 0.3274
vn -0.7314 -0.5622 0.3859
vn -0.6958 -0.5742 0.4316
vn -0.7315 -0.5622 0.3859
vn -0.4891 -0.8697 0.0672
vn -0.4890 -0.8697 0.0672
vn -0.4494 -0.8889 0.0882
vn -0.6543 -0.6290 0.4198
vn -0.6081 -0.6766 0.4154
vn -0.6542 -0.6291 0.4198
vn -0.5561 -0.8148 0.1637
vn -0.4793 -0.8623 0.1634
vn -0.5560 -0.8149 0.1636
vn -0.5690 -0.7630 0.3069
vn -0.4793 -0.8623 0.1635
vn -0.6543 -0.6291 0.4197
vn -0.5860 -0.7478 0.3122
vn -0.5860 -0.7478 0.3121
vn -0.5646 -0.7818 0.2645
vn -0.5022 -0.8470 0.1742
vn -0.7373 -0.6499 0.1844
vn -0.5226 -0.7876 0.3265
vn -0.6284 -0.6970 0.3453
vn -0.6774 -0.7285 0.1022
vn -0.5371 -0.8276 0.1629
vn -0.4493 -0.8890 0.0882
vn -0.4494 -0.8890 0.0883
vn -0.5543 -0.8255 0.1065
vn -0.4675 -0.8825 0.0510
vn -0.5181 -0.8532 -0.0593
vn -0.5543 -0.8255 0.1066
vn -0.3515 -0.9346 0.0552
vn -0.2329 -0.9582 0.1665
vn -0.4913 -0.8703 -0.0348
vn -0.6683 -0.7435 0.0256
vn -0.1265 -0.8591 0.4960
vn -0.1151 -0.9246 0.3632
vn -0.2096 -0.8260 0.5233
vn -0.1152 -0.9246 0.3632
vn -0.1833 -0.6844 0.7057
vn -0.1945 -0.6407 0.7428
vn -0.1069 -0.6801 0.7253
vn -0.2033 -0.7199 0.6637
vn -0.1068 -0.6801 0.7253
vn -0.2224 -0.8268 0.5167
vn -0.0300 -0.8408 0.5405
vn -0.0118 -0.8014 0.5980
vn -0.1572 -0.8585 0.4881
vn -0.1176 -0.8356 0.5365
vn -0.1176 -0.8357 0.5365
vn -0.0117 -0.8014 0.5980
vn 0.5577 0.8210 0.1219
vn 0.4175 0.7432 0.5228
vn 0.5578 0.8210 0.1217
vn 0.5933 0.7921 -0.1433
vn -0.0219 0.9515 -0.3067
vn 0.2103 0.9526 -0.2198
vn 0.1467 0.9756 -0.1636
vn -0.0219 0.9515 -0.3068
vn 0.2104 0.9526 -0.2199
vn -0.5233 -0.7796 0.3441
vn -0.2540 -0.9430 0.2149
vn -0.3856 -0.7991 0.4613
vn -0.5232 -0.7796 0.3442
vn -0.4182 -0.8961 0.1485
vn -0.2540 -0.9430 0.2150
vn -0.6557 -0.6814 0.3251
vn -0.5234 -0.7795 0.3443
vn -0.4999 -0.7186 0.4835
vn -0.6558 -0.6814 0.3250
vn -0.7002 -0.7061 0.1053
vn -0.5234 -0.7795 0.3442
vn -0.4998 -0.7186 0.4835
vn -0.3856 -0.7990 0.4614
vn -0.3871 -0.7615 0.5198
vn -0.5232 -0.7796 0.3443
vn -0.3871 -0.7616 0.5198
vn -0.1684 -0.7822 0.5998
vn 0.0994 0.1077 0.9892
vn 0.0626 -0.0844 0.9945
vn 0.0874 0.1404 0.9862
vn 0.2669 -0.2904 0.9189
vn 0.1832 -0.3106 0.9327
vn 0.3141 -0.3694 0.8746
vn 0.2698 0.1242 0.9549
vn 0.1999 0.1140 0.9732
vn 0.1356 0.1779 0.9747
vn -0.2021 0.1648 0.9654
vn -0.1135 0.1242 0.9857
vn -0.0868 0.0602 0.9944
vn 0.1098 0.3202 0.9410
vn 0.1242 0.0642 0.9902
vn 0.1609 0.1029 0.9816
vn -0.0002 0.1615 0.9869
vn 0.1597 0.0314 0.9867
vn 0.2396 0.0966 0.9660
vn 0.2218 0.1943 0.9556
vn 0.2060 0.1091 0.9724
vn 0.1646 0.2298 0.9592
vn 0.0346 -0.3049 0.9517
vn 0.0627 -0.0844 0.9945
vn 0.0228 -0.3027 0.9528
vn 0.2377 0.2813 0.9297
vn 0.2356 0.1163 0.9649
vn 0.2505 0.0378 0.9674
vn 0.0021 -0.3420 0.9397
vn 0.0803 -0.3262 0.9419
vn 0.1850 -0.2452 0.9517
vn -0.1248 -0.1732 0.9770
vn -0.1456 -0.2282 0.9627
vn -0.2483 -0.2337 0.9401
vn 0.0722 -0.1935 0.9784
vn 0.1038 -0.2344 0.9666
vn 0.0636 -0.3200 0.9453
vn 0.1885 -0.2150 0.9583
vn 0.1552 -0.2435 0.9574
vn -0.0037 -0.2654 0.9641
vn 0.1096 -0.3686 0.9231
vn 0.1397 -0.3045 0.9422
vn 0.1744 -0.3483 0.9210
vn 0.0985 0.1077 0.9893
vn 0.0621 -0.0844 0.9945
vn 0.0847 0.1401 0.9865
vn 0.2675 -0.2897 0.9190
vn 0.1838 -0.3099 0.9328
vn 0.3157 -0.3675 0.8748
vn 0.2681 0.1233 0.9555
vn 0.1990 0.1137 0.9734
vn 0.1336 0.1778 0.9750
vn -0.2025 0.1647 0.9653
vn -0.1138 0.1240 0.9857
vn -0.0876 0.0598 0.9944
vn 0.1606 0.1027 0.9817
vn -0.0005 0.1598 0.9872
vn 0.1597 0.0312 0.9867
vn 0.2394 0.0957 0.9662
vn 0.2230 0.1950 0.9551
vn 0.2063 0.1091 0.9724
vn 0.0322 -0.3040 0.9521
vn 0.0621 -0.0843 0.9945
vn 0.0220 -0.3024 0.9529
vn 0.2379 0.2810 0.9298
vn 0.2359 0.1155 0.9649
vn 0.2510 0.0375 0.9673
vn 0.0007 -0.3414 0.9399
vn 0.0798 -0.3255 0.9422
vn 0.1839 -0.2442 0.9521
vn -0.1250 -0.1735 0.9769
vn -0.1457 -0.2281 0.9627
vn 0.0726 -0.1932 0.9785
vn 0.1039 -0.2343 0.9666
vn 0.0643 -0.3190 0.9456
vn 0.1885 -0.2143 0.9584
vn 0.1552 -0.2431 0.9575
vn -0.0035 -0.2642 0.9645
vn 0.1108 -0.3687 0.9229
vn 0.1400 -0.3043 0.9422
vn 0.1764 -0.3479 0.9208
vn 0.2358 0.1155 0.9649
vn 0.0730 -0.0205 0.9971
vn 0.3023 0.0122 0.9531
vn 0.0901 0.1371 0.9864
vn 0.0730 -0.0206 0.9971
vn 0.1455 0.1152 0.9826
vn 0.0900 0.1372 0.9865
vn 0.0730 -0.0207 0.9971
vn 0.0657 -0.0847 0.9942
vn 0.3023 0.0121 0.9532
vn -0.0656 0.0848 -0.9942
vn 0.1832 -0.3105 0.9327
vn 0.0800 -0.2219 0.9718
vn 0.1462 -0.2801 0.9488
vn 0.2571 -0.2247 0.9399
vn 0.1831 -0.3106 0.9327
vn 0.5362 -0.2195 0.8150
vn 0.4381 -0.2008 0.8762
vn 0.2669 -0.2904 0.9190
vn 0.3147 -0.2921 0.9031
vn 0.3539 -0.2524 0.9006
vn 0.4137 -0.2845 0.8648
vn 0.1396 -0.3044 0.9422
vn 0.2417 -0.2410 0.9399
vn 0.2953 -0.3050 0.9054
vn 0.0782 -0.2275 0.9706
vn 0.2416 -0.2410 0.9400
vn 0.1553 -0.2435 0.9574
vn 0.1400 -0.1961 0.9705
vn 0.0670 -0.2045 0.9766
vn 0.0378 -0.2604 0.9648
vn 0.1054 -0.1989 0.9743
vn 0.1540 -0.2328 0.9603
vn 0.1574 -0.1723 0.9724
vn 0.1613 -0.1286 0.9785
vn 0.2115 -0.1903 0.9587
vn 0.0781 -0.2267 0.9708
vn 0.1053 -0.1989 0.9743
vn 0.0491 -0.2103 0.9764
vn -0.0204 -0.2538 0.9670
vn -0.1195 -0.0689 0.9904
vn -0.0031 -0.1911 0.9816
vn -0.1247 -0.1730 0.9770
vn -0.1414 -0.2357 0.9615
vn -0.1454 -0.2283 0.9627
vn 0.0667 -0.2644 0.9621
vn 0.0806 -0.3257 0.9420
vn -0.1416 -0.2357 0.9615
vn -0.9154 -0.0479 0.3996
vn -0.9292 -0.0078 0.3694
vn -0.9161 0.0026 0.4009
vn 0.0805 -0.3257 0.9421
vn 0.0228 -0.3028 0.9528
vn 0.2009 0.0946 0.9750
vn 0.1219 0.0767 0.9896
vn 0.2355 0.1163 0.9649
vn 0.2354 0.1165 0.9649
vn 0.1218 0.0767 0.9896
vn 0.2786 0.0135 0.9603
vn 0.3771 -0.1107 0.9195
vn 0.4240 0.1246 0.8971
vn 0.4288 0.1535 0.8903
vn 0.4217 -0.0027 0.9067
vn 0.3387 0.0562 0.9392
vn 0.3426 0.0877 0.9354
vn 0.2718 0.0306 0.9619
vn 0.2060 0.1090 0.9725
vn 0.2717 0.0306 0.9619
vn 0.1302 0.0571 0.9898
vn 0.2399 0.0774 0.9677
vn 0.1505 0.0074 0.9886
vn 0.0928 0.0945 0.9912
vn 0.2327 -0.0119 0.9725
vn 0.1692 -0.0625 0.9836
vn 0.1756 -0.0187 0.9843
vn 0.0927 0.0945 0.9912
vn 0.1503 0.0074 0.9886
vn 0.0922 0.0497 0.9945
vn 0.0735 0.0323 0.9968
vn 0.0462 0.0891 0.9950
vn 0.1242 0.0640 0.9902
vn -0.0868 0.0600 0.9944
vn 0.0747 0.0620 0.9953
vn -0.1181 -0.0564 0.9914
vn -0.1029 0.0965 0.9900
vn 0.0659 0.1144 0.9912
vn 0.0660 0.1143 0.9912
vn 0.2000 0.1138 0.9732
vn -0.9109 0.0570 0.4087
vn -0.8983 0.1726 0.4040
vn -0.8825 0.2200 0.4157
vn 0.0994 0.1079 0.9892
vn 0.1999 0.1139 0.9732
vn 0.0634 0.0401 0.9972
vn 0.1466 -0.0001 0.9892
vn 0.1838 -0.3100 0.9328
vn 0.0974 -0.2554 0.9619
vn 0.1455 -0.2820 0.9483
vn 0.5362 -0.2195 0.8151
vn 0.2676 -0.2895 0.9190
vn 0.3148 -0.2918 0.9032
vn 0.4136 -0.2844 0.8649
vn 0.2954 -0.3046 0.9055
vn 0.1399 -0.3042 0.9423
vn 0.0380 -0.2600 0.9648
vn 0.1540 -0.2326 0.9603
vn 0.1556 -0.1696 0.9732
vn 0.1628 -0.1283 0.9783
vn 0.2110 -0.1880 0.9592
vn 0.0781 -0.2265 0.9709
vn 0.0378 -0.2600 0.9649
vn -0.1179 -0.0715 0.9904
vn -0.0037 -0.1909 0.9816
vn -0.1249 -0.1735 0.9769
vn -0.1456 -0.2283 0.9627
vn 0.0662 -0.2640 0.9623
vn 0.0800 -0.3252 0.9422
vn 0.0663 -0.2639 0.9623
vn -0.9169 -0.0690 0.3932
vn -0.9210 -0.0182 0.3891
vn -0.9063 0.0951 0.4117
vn 0.0799 -0.3253 0.9422
vn 0.0220 -0.3026 0.9529
vn 0.1959 0.0946 0.9761
vn 0.2509 0.0374 0.9673
vn 0.4241 0.1241 0.8971
vn 0.4292 0.1529 0.8902
vn 0.3388 0.0561 0.9392
vn 0.3426 0.0874 0.9354
vn 0.2063 0.1089 0.9724
vn 0.2062 0.1089 0.9724
vn 0.2398 0.0769 0.9678
vn 0.0930 0.0944 0.9912
vn 0.2338 -0.0138 0.9722
vn 0.1716 -0.0629 0.9832
vn 0.1811 -0.0200 0.9833
vn 0.1502 0.0074 0.9886
vn 0.0734 0.0323 0.9968
vn 0.0462 0.0890 0.9950
vn -0.0875 0.0597 0.9944
vn 0.0736 0.0612 0.9954
vn -0.1181 -0.0563 0.9914
vn 0.0656 0.1141 0.9913
vn 0.0656 0.1140 0.9913
vn 0.1991 0.1135 0.9734
vn -0.8986 0.1498 0.4123
vn -0.9085 0.1675 0.3829
vn -0.8862 0.1983 0.4186
vn 0.0985 0.1079 0.9893
vn 0.1990 0.1136 0.9734
vn -0.0636 0.0842 0.9944
vn -0.2451 0.0590 0.9677
vn -0.1574 0.1035 0.9821
vn -0.0636 0.0843 0.9944
vn -0.3064 0.1475 0.9404
vn -0.2451 0.0591 0.9677
vn 0.0572 -0.2123 0.9755
vn -0.1575 0.1037 0.9821
vn 0.0722 -0.1933 0.9785
vn -0.0635 0.0842 0.9944
vn 0.0281 0.1006 0.9945
vn -0.0993 -0.2171 0.9711
vn -0.1950 -0.2120 0.9576
vn -0.2762 -0.1581 0.9480
vn -0.2729 -0.2147 0.9378
vn -0.0993 -0.2170 0.9711
vn -0.1950 -0.2119 0.9576
vn -0.2761 -0.1581 0.9480
vn -0.0517 -0.0709 0.9961
vn 0.0626 -0.0842 0.9945
vn 0.0994 0.1078 0.9892
vn 0.2571 -0.2248 0.9399
vn 0.1355 0.1779 0.9747
vn 0.0874 0.1405 0.9862
vn -0.0867 0.0600 0.9944
vn 0.0748 0.0622 0.9953
vn 0.0462 0.0891 0.9949
vn 0.0282 0.1007 0.9945
vn 0.1610 0.1029 0.9816
vn 0.1242 0.0641 0.9902
vn 0.1597 0.0315 0.9867
vn -0.0297 0.1374 0.9901
vn -0.0009 0.1611 0.9869
vn 0.2061 0.1092 0.9724
vn 0.3621 0.1249 0.9237
vn 0.3427 0.0879 0.9353
vn 0.2060 0.1091 0.9725
vn 0.2217 0.1943 0.9556
vn 0.3621 0.1248 0.9237
vn -0.0518 -0.0709 0.9961
vn -0.1414 -0.2356 0.9615
vn 0.0627 -0.0843 0.9945
vn 0.2787 0.0135 0.9603
vn 0.2505 0.0379 0.9674
vn 0.2355 0.1164 0.9649
vn 0.2788 0.0134 0.9603
vn 0.3772 -0.1106 0.9195
vn 0.0228 -0.3029 0.9528
vn 0.0020 -0.3420 0.9397
vn 0.0346 -0.3050 0.9517
vn -0.1455 -0.2282 0.9627
vn -0.1247 -0.1732 0.9770
vn -0.0031 -0.1912 0.9815
vn 0.1039 -0.2344 0.9666
vn 0.0572 -0.2125 0.9755
vn -0.0204 -0.2539 0.9670
vn 0.1039 -0.2345 0.9666
vn -0.0444 -0.3043 0.9515
vn -0.0036 -0.2655 0.9641
vn 0.0670 -0.2047 0.9765
vn 0.1396 -0.3045 0.9422
vn 0.3145 -0.3304 0.8899
vn 0.1744 -0.3482 0.9210
vn 0.2952 -0.3051 0.9054
vn 0.3145 -0.3305 0.8899
vn -0.0637 0.0841 0.9944
vn -0.2526 0.0730 0.9648
vn -0.1584 0.1052 0.9818
vn -0.0637 0.0843 0.9944
vn -0.2292 0.1139 0.9667
vn -0.2527 0.0731 0.9648
vn 0.0726 -0.1931 0.9785
vn 0.0279 0.1001 0.9946
vn -0.0996 -0.2185 0.9707
vn 0.1607 0.1025 0.9817
vn 0.0280 0.1002 0.9946
vn -0.1933 -0.2132 0.9577
vn -0.0997 -0.2185 0.9707
vn -0.0998 -0.2185 0.9707
vn -0.2654 -0.1469 0.9529
vn -0.3458 -0.2133 0.9137
vn -0.1029 0.0964 0.9900
vn 0.0622 -0.0843 0.9945
vn 0.2710 -0.2227 0.9365
vn 0.2676 -0.2897 0.9190
vn 0.2709 -0.2228 0.9365
vn 0.0847 0.1402 0.9865
vn 0.1336 0.1777 0.9750
vn 0.0986 0.1079 0.9893
vn -0.1137 0.1240 0.9857
vn -0.1137 0.1241 0.9857
vn 0.0736 0.0613 0.9954
vn -0.0298 0.1368 0.9901
vn -0.0003 0.1599 0.9871
vn -0.0298 0.1369 0.9901
vn 0.3621 0.1246 0.9238
vn 0.3426 0.0875 0.9354
vn 0.3620 0.1246 0.9238
vn 0.0221 -0.3024 0.9529
vn 0.3023 0.0121 0.9531
vn 0.0220 -0.3025 0.9529
vn 0.0007 -0.3415 0.9399
vn 0.0321 -0.3042 0.9521
vn 0.0006 -0.3415 0.9399
vn -0.1456 -0.2281 0.9627
vn -0.0037 -0.1910 0.9816
vn 0.1040 -0.2343 0.9666
vn 0.0727 -0.1932 0.9785
vn -0.0446 -0.3038 0.9517
vn 0.0670 -0.2046 0.9765
vn 0.3147 -0.3297 0.8901
vn 0.1762 -0.3479 0.9208
vn 0.2954 -0.3047 0.9055
vn 0.3148 -0.3297 0.8901
vn 0.0544 -0.2024 0.9778
vn 0.0671 -0.0840 0.9942
vn 0.0973 -0.2553 0.9619
vn 0.0655 -0.0847 0.9943
vn 0.0672 -0.0840 0.9942
vn 0.2708 -0.2227 0.9365
vn 0.0656 -0.0848 0.9942
vn 0.2708 -0.2226 0.9365
vn 0.3138 -0.1103 0.9430
vn 0.0656 -0.0849 0.9942
vn 0.0670 -0.0841 0.9942
vn 0.0655 -0.0848 0.9942
vn 0.0729 -0.0207 0.9971
vn -0.0016 -0.3401 0.9404
vn 0.0378 -0.2601 0.9649
vn 0.0097 -0.3570 0.9341
vn -0.0015 -0.3401 0.9404
vn 0.0782 -0.2266 0.9708
vn 0.0378 -0.2601 0.9648
vn -0.6380 0.4853 0.5978
vn -0.6049 0.5442 0.5813
vn -0.6298 0.5007 0.5938
vn -0.6911 0.3704 0.6207
vn 0.1303 0.9893 0.0662
vn 0.0222 0.9880 0.1531
vn -0.0288 0.9808 0.1929
vn 0.1883 0.9819 0.0182
vn 0.0221 0.9880 0.1531
vn 0.2564 0.9658 -0.0395
vn 0.1885 0.9819 0.0181
vn 0.1304 0.9893 0.0662
vn 0.2561 0.9658 -0.0395
vn 0.1617 0.9860 0.0402
vn 0.1303 0.9893 0.0660
vn 0.1979 0.9802 0.0101
vn 0.1303 0.9893 0.0661
vn 0.3352 0.9359 -0.1081
vn 0.1980 0.9801 0.0101
vn 0.1618 0.9860 0.0403
vn 0.4293 0.8823 -0.1932
vn 0.5163 0.8109 -0.2756
vn 0.4295 0.8822 -0.1932
vn 0.3353 0.9359 -0.1082
vn 0.5164 0.8108 -0.2756
vn 0.4294 0.8822 -0.1933
vn 0.6259 0.6769 -0.3872
vn 0.6608 0.6185 -0.4253
vn 0.6797 0.5816 -0.4469
vn 0.6260 0.6771 -0.3869
vn 0.6609 0.6184 -0.4252
vn 0.0818 0.9910 0.1055
vn 0.0575 0.9904 0.1253
vn 0.1063 0.9906 0.0858
vn 0.0575 0.9905 0.1249
vn 0.6299 0.6709 -0.3913
vn 0.6260 0.6771 -0.3870
vn 0.6168 0.6908 -0.3772
vn 0.6245 0.6792 -0.3855
vn 0.5696 0.7535 -0.3283
vn 0.5695 0.7535 -0.3284
vn 0.5310 0.7962 -0.2900
vn 0.6245 0.6793 -0.3854
vn 0.4939 0.8316 -0.2539
vn 0.5310 0.7962 -0.2899
vn 0.5694 0.7536 -0.3283
vn 0.4939 0.8316 -0.2540
vn 0.4818 0.8421 -0.2423
vn 0.1401 -0.1961 0.9705
vn 0.2552 -0.1047 0.9612
vn 0.1401 -0.1960 0.9705
vn 0.1512 -0.0941 0.9840
vn 0.1053 -0.1989 0.9744
vn 0.1511 -0.0941 0.9840
vn 0.1219 -0.0910 0.9884
vn 0.0491 -0.2102 0.9764
vn 0.1218 -0.0910 0.9884
vn -0.0070 -0.0763 0.9971
vn -0.1339 -0.2313 0.9636
vn -0.0072 -0.0764 0.9971
vn 0.0489 -0.2102 0.9764
vn -0.1339 -0.2314 0.9636
vn -0.1460 -0.0591 0.9875
vn -0.0072 -0.0763 0.9971
vn -0.1416 -0.2356 0.9615
vn -0.1461 -0.0591 0.9875
vn -0.1340 -0.2313 0.9636
vn -0.1415 -0.2356 0.9615
vn -0.1461 -0.0592 0.9875
vn 0.3540 -0.2523 0.9005
vn 0.4070 -0.1184 0.9057
vn 0.3672 -0.1150 0.9230
vn 0.4381 -0.2007 0.8762
vn 0.3541 -0.2523 0.9005
vn 0.2572 -0.2246 0.9399
vn 0.2585 -0.1050 0.9603
vn 0.2167 -0.9176 -0.3332
vn 0.3183 -0.8573 -0.4046
vn 0.1103 -0.9606 -0.2550
vn 0.3184 -0.8572 -0.4049
vn 0.5063 -0.6833 -0.5261
vn 0.4582 -0.7371 -0.4967
vn 0.5337 -0.6490 -0.5421
vn 0.4581 -0.7373 -0.4964
vn 0.4137 -0.2846 0.8648
vn 0.3540 -0.2524 0.9005
vn 0.5363 -0.2194 0.8150
vn 0.4723 -0.0712 0.8786
vn 0.3273 -0.2587 0.9088
vn 0.5045 -0.0124 0.8633
vn 0.3146 -0.3304 0.8899
vn 0.3273 -0.2586 0.9088
vn 0.6214 -0.1336 0.7720
vn 0.4723 -0.0712 0.8785
vn 0.6215 -0.1335 0.7720
vn 0.3146 -0.3303 0.8899
vn 0.4724 -0.0712 0.8785
vn 0.0783 -0.2274 0.9706
vn 0.1401 -0.1962 0.9705
vn 0.0783 -0.2275 0.9706
vn -0.2576 -0.6947 0.6716
vn 0.1821 -0.1135 0.9767
vn 0.1905 -0.2561 0.9477
vn 0.1886 -0.2149 0.9583
vn 0.1400 -0.1962 0.9705
vn 0.1539 -0.2328 0.9603
vn 0.1553 -0.2434 0.9574
vn 0.1906 -0.2561 0.9477
vn 0.1821 -0.1136 0.9767
vn 0.1614 -0.1286 0.9785
vn 0.0782 -0.2267 0.9708
vn 0.1038 -0.2343 0.9666
vn -0.1340 -0.2314 0.9636
vn -0.0206 -0.2539 0.9670
vn -0.1971 -0.2395 0.9507
vn 0.0490 -0.2104 0.9764
vn -0.0205 -0.2539 0.9670
vn -0.1972 -0.2395 0.9507
vn 0.2418 -0.2410 0.9399
vn 0.3541 -0.2524 0.9005
vn 0.3148 -0.2920 0.9031
vn 0.2552 -0.1046 0.9612
vn 0.1503 0.0073 0.9886
vn 0.0734 0.0321 0.9968
vn -0.0970 0.0950 0.9907
vn 0.0733 0.0322 0.9968
vn -0.1460 -0.0592 0.9875
vn -0.1030 0.0964 0.9900
vn -0.0970 0.0952 0.9907
vn -0.0519 -0.0709 0.9961
vn -0.1031 0.0964 0.9900
vn 0.4218 -0.0028 0.9067
vn 0.4217 -0.0028 0.9067
vn 0.3773 -0.1107 0.9195
vn 0.2787 0.0134 0.9603
vn -0.1768 -0.9839 -0.0278
vn -0.1529 -0.9871 -0.0476
vn -0.1289 -0.9894 -0.0674
vn -0.1770 -0.9838 -0.0280
vn 0.4584 -0.7370 -0.4967
vn 0.4633 -0.7318 -0.4998
vn 0.4562 -0.7393 -0.4953
vn 0.4458 -0.7499 -0.4888
vn 0.4289 0.1536 0.8902
vn 0.3144 0.3577 0.8794
vn 0.4240 0.1247 0.8970
vn 0.4288 0.1536 0.8902
vn 0.2543 0.1293 0.9584
vn 0.3143 0.3575 0.8794
vn 0.3624 0.0797 0.9286
vn 0.4600 -0.1749 0.8705
vn 0.4778 -0.2366 0.8460
vn 0.3623 0.0799 0.9286
vn 0.3623 0.1248 0.9237
vn 0.4600 -0.1748 0.8705
vn 0.4601 -0.1748 0.8705
vn 0.6215 -0.1334 0.7720
vn 0.3622 0.1248 0.9237
vn 0.6216 -0.1335 0.7719
vn 0.0800 -0.2218 0.9718
vn 0.2583 -0.1050 0.9603
vn 0.2583 -0.1050 0.9604
vn 0.1303 0.0571 0.9898
vn 0.1466 -0.0000 0.9892
vn 0.1304 0.0571 0.9898
vn 0.1467 -0.0000 0.9892
vn -0.1009 0.6253 0.7739
vn 0.2397 0.0966 0.9660
vn 0.2259 0.0716 0.9715
vn 0.1859 -0.0816 0.9792
vn 0.2397 0.0967 0.9660
vn 0.1598 0.0315 0.9866
vn 0.2399 0.0776 0.9677
vn 0.2259 0.0717 0.9715
vn 0.2398 0.0967 0.9660
vn 0.1691 -0.0626 0.9836
vn 0.2258 0.0716 0.9715
vn 0.2328 -0.0119 0.9725
vn 0.1859 -0.0815 0.9792
vn 0.0783 0.2722 0.9591
vn 0.1099 0.3203 0.9409
vn 0.0782 0.2721 0.9591
vn 0.0922 0.0498 0.9945
vn 0.0459 0.0880 0.9951
vn -0.1480 0.1321 0.9801
vn 0.0460 0.0891 0.9950
vn 0.0733 0.0323 0.9968
vn -0.1851 0.2037 0.9614
vn -0.1136 0.1242 0.9857
vn -0.1851 0.2038 0.9614
vn -0.1135 0.1243 0.9857
vn 0.3624 0.0800 0.9286
vn 0.3622 0.1249 0.9237
vn 0.3427 0.0878 0.9353
vn -0.1030 0.0965 0.9900
vn 0.0748 0.0621 0.9953
vn 0.2699 0.1242 0.9549
vn 0.0748 0.0620 0.9953
vn 0.0660 0.1144 0.9912
vn 0.0280 0.1007 0.9945
vn -0.1479 0.1321 0.9801
vn 0.0281 0.1007 0.9945
vn 0.0461 0.0891 0.9950
vn 0.0923 0.0497 0.9945
vn 0.0734 0.0322 0.9968
vn 0.0923 0.0496 0.9945
vn 0.0278 0.2574 0.9659
vn 0.0928 0.0947 0.9912
vn 0.0923 0.0498 0.9945
vn 0.2258 0.0718 0.9715
vn 0.2399 0.0775 0.9677
vn 0.1504 0.0074 0.9886
vn 0.1598 0.0314 0.9867
vn -0.0032 0.1953 0.9807
vn -0.0298 0.1375 0.9901
vn -0.0031 0.1953 0.9807
vn 0.1302 0.0573 0.9898
vn 0.1645 0.2298 0.9592
vn 0.1303 0.0573 0.9898
vn 0.1304 0.0573 0.9898
vn 0.3387 0.0561 0.9392
vn 0.3427 0.0877 0.9353
vn 0.2542 0.1293 0.9585
vn 0.4288 0.1535 0.8902
vn 0.4241 0.1245 0.8970
vn 0.3772 -0.1107 0.9195
vn 0.4218 -0.0027 0.9067
vn 0.4289 0.1535 0.8902
vn 0.4241 0.1247 0.8970
vn 0.2378 0.2815 0.9296
vn 0.3143 0.3576 0.8794
vn 0.4239 0.1246 0.8971
vn 0.1851 -0.2451 0.9517
vn -0.0030 -0.1912 0.9815
vn 0.0806 -0.3255 0.9421
vn 0.0668 -0.2643 0.9621
vn -0.2483 -0.2338 0.9400
vn -0.1935 -0.2896 0.9374
vn -0.1934 -0.2897 0.9374
vn 0.0571 -0.2124 0.9755
vn 0.0637 -0.3200 0.9453
vn 0.0782 -0.2268 0.9708
vn -0.0017 -0.3412 0.9400
vn -0.0018 -0.3412 0.9400
vn 0.0092 -0.3581 0.9336
vn 0.0781 -0.2268 0.9708
vn 0.0377 -0.2605 0.9647
vn 0.1539 -0.2329 0.9602
vn 0.1905 -0.2563 0.9477
vn 0.0378 -0.2605 0.9647
vn 0.1907 -0.2562 0.9476
vn 0.1554 -0.2435 0.9574
vn 0.1886 -0.2150 0.9582
vn 0.1906 -0.2563 0.9476
vn 0.1539 -0.2330 0.9602
vn 0.1553 -0.2436 0.9574
vn -0.0446 -0.3043 0.9515
vn -0.0744 -0.3571 0.9311
vn -0.0445 -0.3043 0.9515
vn 0.0669 -0.2046 0.9765
vn 0.0781 -0.2275 0.9706
vn -0.0743 -0.3571 0.9311
vn 0.3146 -0.3305 0.8898
vn 0.3148 -0.2921 0.9031
vn 0.3146 -0.3305 0.8899
vn 0.2953 -0.3051 0.9054
vn 0.3147 -0.2922 0.9031
vn 0.4136 -0.2845 0.8648
vn 0.3532 -0.4025 0.8446
vn 0.3272 -0.2587 0.9088
vn 0.4136 -0.2846 0.8648
vn -0.3595 -0.6690 0.6505
vn -0.4002 -0.6594 0.6364
vn 0.3533 -0.4025 0.8445
vn 0.5363 -0.2195 0.8150
vn 0.3570 -0.4104 0.8391
vn 0.2670 -0.2905 0.9189
vn -0.4003 -0.6594 0.6364
vn -0.4337 -0.6504 0.6237
vn 0.3370 -0.8439 -0.4175
vn 0.2957 -0.8724 -0.3891
vn 0.2874 -0.8777 -0.3834
vn 0.3843 -0.8066 -0.4491
vn 0.2786 0.0134 0.9603
vn 0.1218 0.0766 0.9896
vn 0.0655 -0.0847 0.9942
vn 0.2582 -0.1050 0.9604
vn 0.0998 0.9908 0.0910
vn 0.0109 0.9867 0.1619
vn -0.1087 0.9611 0.2538
vn 0.1151 0.9902 0.0785
vn -0.1088 0.9611 0.2539
vn -0.3129 0.8611 0.4008
vn -0.1089 0.9611 0.2540
vn 0.0109 0.9867 0.1620
vn -0.3131 0.8609 0.4010
vn -0.3065 0.1475 0.9404
vn -0.3064 0.1478 0.9403
vn -0.2527 0.0730 0.9648
vn -0.7805 -0.1886 0.5960
vn -0.7756 -0.2425 0.5828
vn -0.7756 -0.2426 0.5827
vn -0.7728 -0.2652 0.5766
vn -0.7805 -0.1888 0.5960
vn -0.7729 -0.2646 0.5768
vn -0.7003 0.3471 0.6238
vn -0.7083 0.3250 0.6267
vn -0.7255 0.2732 0.6316
vn -0.7003 0.3465 0.6240
vn -0.7082 0.3251 0.6267
vn -0.7256 0.2731 0.6316
vn -0.2653 -0.1467 0.9529
vn -0.7085 0.3250 0.6264
vn -0.2654 -0.1468 0.9529
vn -0.2762 -0.1582 0.9480
vn -0.3459 -0.2133 0.9137
vn -0.2730 -0.2147 0.9378
vn -0.2761 -0.1582 0.9480
vn -0.5116 -0.8154 0.2710
vn -0.3328 -0.9370 0.1059
vn -0.2227 -0.9748 0.0107
vn -0.5117 -0.8153 0.2712
vn -0.1352 -0.9889 -0.0621
vn -0.1199 -0.9900 -0.0747
vn -0.3327 -0.9371 0.1058
vn -0.1352 -0.9889 -0.0622
vn -0.7744 0.0430 0.6313
vn -0.9084 0.1675 0.3830
vn -0.8983 0.1726 0.4041
vn -0.7744 0.0431 0.6313
vn 0.4589 0.8607 -0.2204
vn 0.4817 0.8422 -0.2423
vn 0.4587 0.8608 -0.2207
vn -0.9108 0.0569 0.4089
vn -0.7396 -0.4246 0.5222
vn -0.7253 -0.4702 0.5029
vn -0.4307 -0.8813 0.1944
vn -0.2602 -0.9646 0.0427
vn -0.2107 -0.9776 0.0006
vn -0.4308 -0.8813 0.1945
vn -0.5595 -0.7653 0.3183
vn -0.1046 -0.9907 -0.0873
vn -0.1047 -0.9907 -0.0870
vn 0.3655 -0.8220 -0.4366
vn 0.4592 -0.7362 -0.4971
vn 0.5117 -0.6768 -0.5292
vn 0.3485 -0.8353 -0.4252
vn 0.4593 -0.7361 -0.4972
vn 0.5118 -0.6767 -0.5293
vn 0.5338 -0.6490 -0.5422
vn 0.5064 -0.6833 -0.5260
vn 0.4593 -0.7360 -0.4973
vn -0.1288 -0.9894 -0.0674
vn 0.0773 -0.9701 -0.2300
vn 0.2650 -0.8914 -0.3676
vn 0.2651 -0.8914 -0.3677
vn 0.4239 -0.7713 -0.4747
vn 0.2650 -0.8914 -0.3677
vn 0.4235 -0.7716 -0.4747
vn -0.9292 -0.0077 0.3695
vn -0.7744 0.0429 0.6312
vn -0.9209 -0.0182 0.3893
vn -0.7744 0.0430 0.6312
vn 0.2875 -0.8777 -0.3834
vn 0.2732 -0.8865 -0.3733
vn 0.2956 -0.8725 -0.3890
vn 0.2729 -0.8866 -0.3735
vn -0.9068 0.0962 0.4105
vn -0.0289 0.9808 0.1930
vn -0.2160 0.9179 0.3328
vn -0.3718 0.8170 0.4407
vn 0.1153 0.9902 0.0785
vn 0.1303 0.9892 0.0665
vn 0.1152 0.9902 0.0785
vn 0.6646 0.6113 -0.4296
vn 0.6268 0.6757 -0.3880
vn 0.6609 0.6184 -0.4253
vn 0.6267 0.6758 -0.3879
vn 0.5545 0.7709 -0.3133
vn 0.5408 0.7860 -0.2996
vn 0.6268 0.6758 -0.3879
vn 0.6646 0.6115 -0.4294
vn 0.5546 0.7709 -0.3132
vn 0.6001 0.7145 -0.3597
vn 0.4705 0.8515 -0.2315
vn 0.3065 0.9483 -0.0829
vn 0.6000 0.7145 -0.3599
vn 0.4704 0.8515 -0.2316
vn 0.3064 0.9483 -0.0828
vn 0.1063 0.9906 0.0857
vn 0.4704 0.8516 -0.2316
vn 0.7742 -0.0451 -0.6313
vn 0.7743 -0.0452 -0.6312
vn 0.6168 0.6909 -0.3772
vn 0.5730 0.7493 -0.3318
vn 0.5100 0.8169 -0.2694
vn 0.5730 0.7493 -0.3319
vn 0.5099 0.8170 -0.2693
vn 0.3689 0.9192 -0.1379
vn 0.5730 0.7494 -0.3318
vn 0.3689 0.9192 -0.1378
vn -0.2909 0.8755 0.3858
vn -0.4753 0.7190 0.5071
vn -0.6069 0.5411 0.5822
vn -0.2906 0.8756 0.3858
vn -0.6068 0.5410 0.5823
vn -0.7481 0.1907 0.6356
vn -0.7593 0.1389 0.6357
vn -0.4755 0.7189 0.5071
vn -0.7481 0.1907 0.6355
vn -0.7594 0.1389 0.6356
vn -0.7638 0.1150 0.6352
vn -0.7482 0.1905 0.6356
vn -0.7638 0.1149 0.6351
vn 0.4911 0.8340 -0.2513
vn 0.4526 0.8654 -0.2149
vn 0.5407 0.7860 -0.2996
vn 0.5545 0.7710 -0.3132
vn 0.4911 0.8341 -0.2513
vn 0.4526 0.8655 -0.2148
vn 0.3113 0.9463 -0.0871
vn 0.1632 0.9858 0.0392
vn 0.4911 0.8341 -0.2512
vn 0.3114 0.9463 -0.0871
vn -0.2868 0.8782 0.3829
vn -0.4767 0.7172 0.5083
vn -0.1407 0.9503 0.2777
vn -0.4767 0.7172 0.5082
vn -0.7833 -0.1141 0.6111
vn -0.7821 -0.1611 0.6020
vn -0.7797 -0.2009 0.5931
vn -0.7833 -0.1140 0.6112
vn -0.7820 -0.1611 0.6021
vn -0.7796 -0.2010 0.5931
vn -0.7767 -0.2333 0.5850
vn -0.7767 -0.2335 0.5850
vn 0.1629 0.9859 0.0393
vn -0.2866 0.8783 0.3827
vn 0.1630 0.9858 0.0393
vn 0.3113 0.9463 -0.0869
vn -0.3719 0.8169 0.4408
vn -0.6005 0.5516 0.5790
vn -0.6751 0.4084 0.6144
vn -0.2161 0.9179 0.3329
vn -0.6911 0.3703 0.6207
vn -0.6381 0.4852 0.5979
vn -0.6751 0.4083 0.6144
vn -0.6005 0.5514 0.5791
vn -0.9161 0.0026 0.4010
vn -0.9168 -0.0691 0.3934
vn -0.9154 -0.0479 0.3998
vn -0.9161 0.0025 0.4010
vn -0.9063 0.0951 0.4118
vn -0.9292 -0.0078 0.3695
vn 0.1837 -0.3100 0.9328
vn 0.0973 -0.2554 0.9619
vn 0.2708 -0.2228 0.9365
vn 0.3371 -0.8438 -0.4174
vn 0.1472 -0.9478 -0.2827
vn 0.3097 -0.8632 -0.3987
vn 0.3888 -0.8028 -0.4519
vn 0.1472 -0.9479 -0.2826
vn 0.3889 -0.8028 -0.4520
vn 0.4583 -0.7371 -0.4966
vn 0.3097 -0.8631 -0.3988
vn -0.7811 -0.0292 0.6238
vn -0.7822 -0.0529 0.6208
vn -0.7832 -0.1054 0.6127
vn -0.7809 -0.0290 0.6240
vn -0.7821 -0.0529 0.6209
vn -0.7833 -0.1056 0.6126
vn -0.7265 -0.4669 0.5043
vn -0.6376 -0.6586 0.3996
vn -0.7821 -0.0531 0.6208
vn -0.4935 -0.8320 0.2535
vn -0.7265 -0.4669 0.5041
vn -0.4937 -0.8319 0.2534
vn 0.0830 -0.9686 -0.2344
vn 0.2422 -0.9043 -0.3515
vn 0.2883 -0.8772 -0.3840
vn -0.0715 -0.9909 -0.1139
vn 0.3655 -0.8221 -0.4366
vn 0.2884 -0.8771 -0.3840
vn 0.2423 -0.9043 -0.3516
vn -0.7338 0.2457 0.6334
vn -0.7460 0.1991 0.6355
vn -0.7337 0.2456 0.6335
vn -0.7220 0.2844 0.6307
vn -0.7461 0.1991 0.6354
vn -0.6397 -0.6552 0.4019
vn -0.4889 -0.8360 0.2491
vn -0.3630 -0.9223 0.1328
vn -0.6397 -0.6553 0.4018
vn -0.4888 -0.8361 0.2491
vn -0.3629 -0.9223 0.1327
vn -0.0716 -0.9909 -0.1138
vn 0.0830 -0.9686 -0.2343
vn -0.3630 -0.9223 0.1327
vn -0.4888 -0.8362 0.2489
vn -0.7114 0.3162 0.6277
vn -0.7337 0.2458 0.6335
vn -0.7113 0.3161 0.6278
vn -0.1047 -0.9907 -0.0869
vn -0.0728 -0.9909 -0.1128
vn -0.0358 -0.9892 -0.1423
vn -0.0729 -0.9909 -0.1128
vn -0.2106 -0.9776 0.0005
vn -0.1042 -0.9907 -0.0875
vn -0.0462 -0.9899 -0.1340
vn -0.2601 -0.9646 0.0426
vn -0.7695 -0.2881 0.5700
vn -0.7623 -0.3298 0.5569
vn -0.7227 -0.4779 0.4994
vn -0.7695 -0.2881 0.5699
vn -0.7441 -0.4084 0.5286
vn -0.7226 -0.4780 0.4993
vn -0.5596 -0.7652 0.3183
vn -0.4308 -0.8812 0.1946
vn -0.7623 -0.3300 0.5568
vn -0.8983 0.1727 0.4041
vn -0.8861 0.1983 0.4189
vn -0.8825 0.2199 0.4157
vn -0.8983 0.1726 0.4042
vn -0.8861 0.1983 0.4188
vn -0.8986 0.1498 0.4124
vn -0.8861 0.1984 0.4188
vn -0.7253 -0.4703 0.5028
vn -0.7441 -0.4085 0.5286
vn -0.7695 -0.2882 0.5699
vn -0.0461 -0.9899 -0.1342
vn 0.0251 -0.9815 -0.1897
vn -0.1041 -0.9907 -0.0875
vn 0.0252 -0.9814 -0.1901
vn -0.0356 -0.9892 -0.1423
vn 0.1101 -0.9607 -0.2549
vn 0.2166 -0.9176 -0.3332
vn -0.0357 -0.9892 -0.1424
vn 0.0098 -0.3570 0.9341
vn 0.1539 -0.2327 0.9603
vn 0.1907 -0.2555 0.9478
vn 0.0380 -0.2601 0.9648
vn 0.1908 -0.2555 0.9478
vn 0.1553 -0.2431 0.9575
vn 0.1886 -0.2144 0.9584
vn 0.1540 -0.2327 0.9603
vn 0.1399 -0.3043 0.9423
vn 0.3149 -0.3297 0.8900
vn 0.3149 -0.2918 0.9032
vn 0.3274 -0.2582 0.9089
vn 0.2954 -0.3048 0.9055
vn 0.3527 -0.4023 0.8448
vn 0.3148 -0.2917 0.9032
vn 0.3528 -0.4024 0.8448
vn 0.3592 -0.4091 0.8388
vn 0.2676 -0.2897 0.9189
vn 0.3158 -0.3676 0.8747
vn -0.4337 -0.6503 0.6237
vn 0.1512 -0.0942 0.9840
vn 0.1400 -0.1960 0.9706
vn -0.0071 -0.0764 0.9971
vn -0.1338 -0.2313 0.9636
vn 0.4069 -0.1184 0.9057
vn 0.2710 -0.2226 0.9365
vn 0.3141 -0.1103 0.9430
vn 0.4137 -0.2844 0.8648
vn 0.4722 -0.0718 0.8786
vn 0.3275 -0.2581 0.9089
vn 0.5102 -0.0057 0.8600
vn 0.4721 -0.0718 0.8786
vn 0.3276 -0.2581 0.9089
vn 0.6077 -0.1306 0.7833
vn 0.4722 -0.0719 0.8786
vn 0.5999 -0.1217 0.7907
vn -0.2576 -0.6946 0.6717
vn 0.1827 -0.1135 0.9766
vn 0.1908 -0.2554 0.9478
vn 0.1886 -0.2143 0.9584
vn 0.1553 -0.2430 0.9575
vn 0.1907 -0.2553 0.9479
vn 0.0782 -0.2265 0.9709
vn 0.1040 -0.2342 0.9666
vn 0.1467 -0.0001 0.9892
vn 0.1511 -0.0940 0.9840
vn -0.0970 0.0951 0.9907
vn 0.3140 -0.1103 0.9430
vn 0.4293 0.1530 0.8901
vn 0.3150 0.3565 0.8796
vn 0.4241 0.1243 0.8970
vn 0.2556 0.1285 0.9582
vn 0.3150 0.3564 0.8796
vn 0.3624 0.0798 0.9286
vn 0.4594 -0.1731 0.8712
vn 0.4778 -0.2365 0.8460
vn 0.4594 -0.1730 0.8712
vn 0.4595 -0.1730 0.8712
vn 0.6251 -0.1307 0.7695
vn 0.6217 -0.1334 0.7718
vn 0.6252 -0.1307 0.7695
vn -0.1030 0.6294 0.7703
vn 0.2394 0.0956 0.9662
vn 0.2262 0.0710 0.9715
vn 0.1865 -0.0817 0.9790
vn 0.2398 0.0770 0.9678
vn 0.1598 0.0312 0.9867
vn 0.2398 0.0771 0.9678
vn 0.2263 0.0712 0.9715
vn 0.1715 -0.0630 0.9832
vn 0.1865 -0.0817 0.9791
vn 0.1716 -0.0630 0.9831
vn 0.1865 -0.0816 0.9791
vn 0.0458 0.0880 0.9951
vn -0.2026 0.1647 0.9653
vn 0.3623 0.0798 0.9286
vn 0.3388 0.0562 0.9392
vn -0.1139 0.1240 0.9857
vn 0.0737 0.0612 0.9954
vn 0.2682 0.1232 0.9554
vn 0.1991 0.1136 0.9734
vn 0.0279 0.1002 0.9946
vn -0.1850 0.2037 0.9614
vn 0.0279 0.1003 0.9946
vn 0.0284 0.2574 0.9659
vn 0.0930 0.0945 0.9912
vn 0.2262 0.0712 0.9715
vn 0.0930 0.0946 0.9912
vn 0.0285 0.2573 0.9659
vn 0.2062 0.1090 0.9724
vn 0.2555 0.1284 0.9582
vn 0.3622 0.0798 0.9287
vn 0.4291 0.1529 0.8902
vn 0.4242 0.1241 0.8970
vn 0.4294 0.1529 0.8901
vn 0.4242 0.1243 0.8970
vn 0.2379 0.2812 0.9297
vn 0.3149 0.3565 0.8796
vn 0.4241 0.1242 0.8971
vn 0.1840 -0.2442 0.9521
vn 0.0664 -0.2638 0.9623
vn -0.0036 -0.1910 0.9816
vn 0.0664 -0.2639 0.9623
vn -0.1934 -0.2896 0.9374
vn 0.0571 -0.2125 0.9755
vn -0.0649 0.9426 0.3274
vn -0.2235 0.9392 0.2606
vn 0.1745 0.7540 0.6333
vn 0.1360 0.8171 0.5602
vn 0.1877 0.8342 0.5185
vn -0.0233 0.7116 0.7022
vn -0.0407 0.6464 0.7619
vn -0.0274 0.5774 0.8160
vn 0.1011 0.8086 0.5796
vn 0.0332 0.8137 0.5803
vn 0.3171 0.6425 0.6975
vn 0.0127 0.8465 0.5323
vn 0.0647 0.7080 0.7032
vn 0.1385 0.8404 0.5240
vn 0.2782 0.7545 0.5944
vn 0.1868 0.8710 0.4543
vn 0.2298 0.8818 0.4119
vn -0.4593 0.8250 0.3293
vn -0.1853 0.8394 0.5110
vn -0.4546 0.8309 0.3209
vn 0.0050 0.8318 0.5551
vn 0.1441 0.8024 0.5791
vn 0.0502 0.8999 0.4332
vn 0.0501 0.8999 0.4331
vn 0.0225 0.8966 0.4422
vn -0.0381 0.9623 0.2693
vn -0.4488 0.8501 0.2753
vn -0.5109 0.8058 0.2995
vn -0.3003 0.9076 0.2934
vn -0.4792 0.7305 0.4865
vn -0.4045 0.7442 0.5316
vn -0.5456 0.6549 0.5229
vn -0.3366 0.8701 0.3601
vn -0.3331 0.8676 0.3693
vn -0.4530 0.8430 0.2901
vn -0.4549 0.8162 0.3563
vn -0.3091 0.8988 0.3109
vn -0.2640 0.9100 0.3196
vn -0.3067 0.9365 0.1702
vn -0.4451 0.8810 0.1604
vn -0.2945 0.9476 0.1234
vn 0.1010 0.7525 0.6508
vn -0.1868 0.8376 0.5133
vn 0.0716 0.7787 0.6233
vn -0.1779 0.8995 0.3991
vn -0.3603 0.9313 0.0531
vn -0.2467 0.9329 0.2622
vn 0.1709 0.7521 0.6365
vn 0.1337 0.8168 0.5613
vn 0.1816 0.8345 0.5203
vn -0.0110 0.7082 0.7060
vn -0.0416 0.6465 0.7618
vn 0.1002 0.8093 0.5788
vn 0.0325 0.8142 0.5797
vn 0.3127 0.6470 0.6954
vn 0.0654 0.7096 0.7016
vn 0.1355 0.8405 0.5246
vn 0.2763 0.7561 0.5933
vn 0.1856 0.8719 0.4531
vn 0.2271 0.8841 0.4084
vn -0.4611 0.8235 0.3304
vn -0.1868 0.8376 0.5134
vn -0.4583 0.8271 0.3255
vn -0.4231 0.8636 0.2742
vn -0.5116 0.8040 0.3030
vn -0.2507 0.9276 0.2768
vn -0.4683 0.7185 0.5143
vn -0.4078 0.7548 0.5137
vn -0.5479 0.6343 0.5454
vn -0.3363 0.8699 0.3608
vn -0.3318 0.8669 0.3721
vn -0.4516 0.8433 0.2914
vn -0.4535 0.8175 0.3552
vn -0.3087 0.8987 0.3115
vn -0.2646 0.9092 0.3214
vn -0.3054 0.9369 0.1703
vn -0.4431 0.8817 0.1617
vn -0.2898 0.9489 0.1246
vn -0.0648 0.9427 0.3273
vn -0.3447 0.8784 0.3312
vn -0.2236 0.9392 0.2606
vn -0.3942 0.8814 0.2602
vn -0.3448 0.8784 0.3311
vn 0.9812 -0.1077 0.1601
vn 0.9716 -0.1095 0.2098
vn 0.9783 -0.1083 0.1765
vn 0.1041 0.7566 0.6455
vn 0.0718 0.7804 0.6211
vn -0.3507 0.9000 0.2589
vn -0.3273 0.8749 0.3570
vn -0.3274 0.8749 0.3570
vn -0.3449 0.8783 0.3312
vn -0.1778 0.8995 0.3991
vn -0.1025 0.9822 0.1573
vn -0.3603 0.9313 0.0530
vn -0.2053 0.9737 0.0986
vn -0.2059 0.9631 0.1731
vn -0.2738 0.9478 0.1634
vn -0.3065 0.9365 0.1702
vn -0.2614 0.9293 0.2610
vn -0.3827 0.8851 0.2647
vn -0.3827 0.8851 0.2648
vn -0.2615 0.9292 0.2611
vn -0.3447 0.8611 0.3738
vn -0.3373 0.8526 0.3991
vn -0.2716 0.8897 0.3670
vn -0.3090 0.8988 0.3109
vn -0.3052 0.8954 0.3242
vn -0.2958 0.8742 0.3851
vn -0.4053 0.8386 0.3639
vn -0.2216 0.9185 0.3275
vn -0.1792 0.8925 0.4140
vn -0.2334 0.8959 0.3780
vn -0.4054 0.8385 0.3640
vn -0.2959 0.8741 0.3852
vn -0.3439 0.8610 0.3747
vn -0.4228 0.8154 0.3955
vn -0.3365 0.8701 0.3601
vn -0.3428 0.8469 0.4066
vn -0.4044 0.7442 0.5317
vn -0.3522 0.8188 0.4533
vn -0.2756 0.7322 0.6228
vn -0.3925 0.8529 0.3443
vn -0.4791 0.7306 0.4864
vn -0.4849 0.7330 0.4770
vn -0.3924 0.8529 0.3443
vn -0.4848 0.7329 0.4772
vn -0.4487 0.8502 0.2752
vn -0.6947 -0.2848 0.6605
vn -0.6222 -0.2964 0.7246
vn -0.6675 -0.2492 0.7017
vn -0.4594 0.8250 0.3293
vn -0.4488 0.8502 0.2752
vn 0.1439 0.8025 0.5790
vn 0.0636 0.8181 0.5715
vn 0.1319 0.8394 0.5273
vn 0.0049 0.8317 0.5551
vn 0.0636 0.8180 0.5717
vn 0.1439 0.8025 0.5791
vn 0.2789 0.8736 0.3987
vn -0.0381 0.9623 0.2694
vn 0.0224 0.8966 0.4422
vn 0.1484 0.8905 0.4301
vn 0.1288 0.9357 0.3284
vn 0.3110 0.8539 0.4172
vn 0.1270 0.8297 0.5436
vn 0.0791 0.8836 0.4614
vn 0.1868 0.8711 0.4542
vn 0.0284 0.8197 0.5721
vn 0.0790 0.8836 0.4615
vn 0.1270 0.8296 0.5437
vn 0.0521 0.7846 0.6178
vn -0.0205 0.8498 0.5266
vn 0.1160 0.8508 0.5126
vn -0.0374 0.8698 0.4919
vn -0.0946 0.8813 0.4631
vn 0.0047 0.8884 0.4590
vn -0.0028 0.8066 0.5911
vn -0.0206 0.8498 0.5267
vn 0.0332 0.8138 0.5802
vn 0.0186 0.7658 0.6428
vn -0.0353 0.8057 0.5913
vn -0.2593 0.7300 0.6323
vn 0.0999 0.8644 0.4927
vn -0.0234 0.7117 0.7021
vn -0.0407 0.6465 0.7619
vn 0.0179 0.7659 0.6427
vn -0.0574 0.6801 0.7309
vn 0.1360 0.8172 0.5600
vn -0.0575 0.6801 0.7308
vn 0.0179 0.7661 0.6425
vn -0.3010 -0.2994 0.9054
vn -0.3732 -0.3065 0.8757
vn -0.3216 -0.3808 0.8670
vn 0.0720 0.7804 0.6212
vn 0.0127 0.8466 0.5321
vn -0.0319 0.8512 0.5239
vn -0.0221 0.7905 0.6120
vn -0.3219 0.8790 0.3519
vn -0.4003 0.8783 0.2615
vn -0.4004 0.8782 0.2616
vn -0.2331 0.9345 0.2689
vn -0.1136 0.9059 0.4080
vn -0.1058 0.9817 0.1585
vn -0.0458 0.9975 0.0531
vn -0.2033 0.9741 0.0990
vn -0.2724 0.9481 0.1640
vn -0.3053 0.9369 0.1704
vn -0.3819 0.8851 0.2660
vn -0.3820 0.8850 0.2661
vn -0.3440 0.8612 0.3740
vn -0.3363 0.8531 0.3990
vn -0.3044 0.8955 0.3247
vn -0.4039 0.8389 0.3649
vn -0.4039 0.8388 0.3650
vn -0.3434 0.8612 0.3748
vn -0.4221 0.8154 0.3961
vn -0.3575 0.8640 0.3547
vn -0.4741 0.7287 0.4941
vn -0.3574 0.8640 0.3546
vn -0.4242 0.8645 0.2696
vn -0.4612 0.8235 0.3303
vn -0.4231 0.8636 0.2741
vn -0.4741 0.7288 0.4941
vn 0.1450 0.7997 0.5827
vn 0.0654 0.8226 0.5649
vn 0.0419 0.8933 0.4474
vn 0.1450 0.7996 0.5827
vn 0.2789 0.8737 0.3987
vn -0.0377 0.9620 0.2704
vn 0.0249 0.8968 0.4418
vn 0.1476 0.8910 0.4293
vn 0.1288 0.9357 0.3285
vn 0.3101 0.8545 0.4166
vn 0.1259 0.8298 0.5437
vn 0.0790 0.8836 0.4614
vn 0.1855 0.8720 0.4530
vn 0.0282 0.8199 0.5718
vn 0.1259 0.8297 0.5439
vn 0.0508 0.7854 0.6169
vn -0.0205 0.8498 0.5267
vn 0.1148 0.8510 0.5125
vn -0.0328 0.8773 0.4788
vn -0.0920 0.8843 0.4577
vn -0.0001 0.8915 0.4530
vn -0.0035 0.8069 0.5907
vn -0.0206 0.8498 0.5268
vn 0.0508 0.7854 0.6170
vn 0.0323 0.8142 0.5797
vn 0.0420 0.8934 0.4474
vn 0.1451 0.7996 0.5827
vn 0.3033 0.7520 0.5852
vn -0.0416 0.6466 0.7617
vn 0.0158 0.7658 0.6428
vn 0.1336 0.8168 0.5612
vn -0.0575 0.6801 0.7309
vn 0.0158 0.7659 0.6427
vn 0.0717 0.7787 0.6233
vn 0.0126 0.8465 0.5322
vn -0.0224 0.7908 0.6116
vn -0.4003 0.8782 0.2616
vn -0.2331 0.9346 0.2689
vn -0.2865 0.9309 0.2265
vn -0.4078 0.7549 0.5137
vn -0.3469 0.8323 0.4324
vn -0.3553 0.8507 0.3873
vn -0.0390 0.9574 0.2862
vn -0.1025 0.9822 0.1574
vn 0.1745 0.7539 0.6334
vn 0.1041 0.7566 0.6456
vn 0.0720 0.7804 0.6211
vn 0.0179 0.7660 0.6425
vn -0.0232 0.7117 0.7021
vn 0.1000 0.8644 0.4927
vn 0.0178 0.7660 0.6426
vn 0.0188 0.7658 0.6428
vn 0.1010 0.8087 0.5795
vn 0.0226 0.7508 0.6601
vn 0.0333 0.8138 0.5802
vn -0.0221 0.7904 0.6122
vn 0.0127 0.8465 0.5322
vn -0.0221 0.7905 0.6121
vn 0.0145 0.7008 0.7132
vn 0.0647 0.7081 0.7032
vn 0.1272 0.8296 0.5436
vn 0.2782 0.7546 0.5943
vn 0.2486 0.7305 0.6361
vn -0.2376 0.7746 0.5861
vn -0.4848 0.7330 0.4772
vn -0.4592 0.8250 0.3294
vn 0.3012 0.7524 0.5859
vn 0.0501 0.8999 0.4333
vn 0.1440 0.8025 0.5791
vn 0.3012 0.7524 0.5858
vn -0.4489 0.8501 0.2753
vn -0.5110 0.8058 0.2994
vn -0.4791 0.7306 0.4865
vn -0.4044 0.7443 0.5315
vn -0.3924 0.8529 0.3444
vn -0.3523 0.8188 0.4532
vn -0.3357 0.8300 0.4453
vn -0.3374 0.8526 0.3991
vn -0.4550 0.8162 0.3562
vn -0.5345 0.7537 0.3825
vn -0.3091 0.8988 0.3108
vn -0.3828 0.8851 0.2647
vn -0.4450 0.8811 0.1604
vn -0.4745 0.8535 0.2153
vn -0.3323 0.8303 0.4473
vn -0.0504 0.7094 0.7030
vn -0.3317 0.8669 0.3721
vn -0.3323 0.8304 0.4473
vn -0.0789 0.6427 0.7620
vn -0.0791 0.6428 0.7619
vn -0.1385 0.7065 0.6941
vn -0.0791 0.6427 0.7620
vn 0.1000 0.9935 0.0550
vn -0.1385 0.7064 0.6941
vn -0.4946 0.6913 0.5268
vn -0.3955 0.7343 0.5518
vn 0.1002 0.9934 0.0551
vn -0.4946 0.6913 0.5267
vn -0.4414 0.7593 0.4781
vn -0.3954 0.7343 0.5518
vn 0.0208 0.7504 0.6607
vn -0.4415 0.7593 0.4781
vn 0.0207 0.7503 0.6608
vn 0.1002 0.8093 0.5787
vn -0.2378 0.7743 0.5865
vn -0.2378 0.7742 0.5866
vn -0.3604 0.9313 0.0531
vn -0.6489 0.7597 0.0422
vn -0.8237 0.5658 -0.0367
vn -0.6489 0.7597 0.0421
vn 0.0718 0.7787 0.6233
vn 0.1011 0.7525 0.6508
vn 0.1337 0.8167 0.5613
vn 0.0158 0.7659 0.6428
vn -0.0110 0.7082 0.7059
vn 0.1546 0.8734 0.4618
vn 0.0157 0.7659 0.6428
vn -0.0417 0.6466 0.7617
vn -0.0111 0.7082 0.7059
vn 0.0324 0.8142 0.5797
vn 0.0653 0.7096 0.7016
vn -0.0224 0.7908 0.6117
vn 0.0122 0.7039 0.7102
vn 0.1260 0.8297 0.5437
vn 0.2763 0.7561 0.5932
vn 0.2452 0.7325 0.6351
vn 0.1260 0.8297 0.5438
vn 0.1857 0.8719 0.4531
vn -0.4611 0.8236 0.3303
vn -0.4739 0.7288 0.4942
vn -0.4611 0.8236 0.3304
vn -0.5117 0.8040 0.3030
vn -0.4612 0.8235 0.3302
vn -0.4584 0.8271 0.3253
vn -0.3469 0.8322 0.4325
vn -0.3574 0.8640 0.3547
vn -0.4220 0.8155 0.3960
vn -0.3324 0.8304 0.4472
vn -0.3318 0.8669 0.3720
vn -0.3365 0.8530 0.3989
vn -0.4534 0.8175 0.3551
vn -0.5302 0.7568 0.3824
vn -0.3820 0.8851 0.2660
vn -0.4431 0.8818 0.1617
vn -0.4724 0.8532 0.2211
vn -0.0649 0.9427 0.3273
vn -0.1499 0.8760 0.4584
vn -0.3447 0.8783 0.3313
vn -0.1499 0.8760 0.4585
vn -0.6488 0.7598 0.0423
vn -0.3942 0.8815 0.2601
vn 0.9783 -0.1083 0.1764
vn 0.9623 -0.1107 0.2484
vn 0.9624 -0.1107 0.2482
vn 0.9716 -0.1094 0.2097
vn -0.3357 0.8300 0.4454
vn -0.3330 0.8676 0.3693
vn -0.0790 0.6428 0.7620
vn 0.1001 0.9935 0.0551
vn -0.4897 0.6973 0.5234
vn -0.3907 0.7400 0.5475
vn -0.4896 0.6974 0.5234
vn -0.4397 0.7612 0.4768
vn -0.4397 0.7611 0.4768
vn -0.4897 0.6974 0.5233
vn 0.0225 0.7508 0.6601
vn -0.4396 0.7612 0.4768
vn 0.9868 -0.1062 0.1220
vn 0.9924 -0.1037 0.0662
vn 0.9813 -0.1077 0.1597
vn -0.5187 0.6837 0.5133
vn -0.5479 0.6342 0.5455
vn -0.5777 0.6782 0.4542
vn -0.5186 0.6838 0.5133
vn -0.4683 0.7184 0.5144
vn -0.5462 0.1011 -0.8315
vn -0.0937 0.9233 0.3726
vn -0.2613 0.9293 0.2611
vn -0.1438 0.8818 0.4492
vn -0.2715 0.8897 0.3670
vn -0.1438 0.8817 0.4493
vn -0.2957 0.8742 0.3852
vn -0.1577 0.8684 0.4701
vn -0.3428 0.8468 0.4067
vn -0.2173 0.8013 0.5574
vn -0.2174 0.8012 0.5575
vn -0.4757 0.7383 0.4782
vn -0.3427 0.8468 0.4068
vn -0.2795 0.7122 0.6439
vn -0.4757 0.7383 0.4781
vn -0.2376 0.7745 0.5862
vn -0.0937 0.9233 0.3724
vn -0.2058 0.9632 0.1731
vn -0.0175 0.9677 0.2515
vn -0.0390 0.9574 0.2861
vn -0.2059 0.9632 0.1730
vn -0.2052 0.9738 0.0985
vn -0.2292 0.9554 0.1864
vn 0.0790 0.9682 0.2375
vn 0.1679 0.9523 0.2547
vn -0.2292 0.9554 0.1863
vn -0.2944 0.9477 0.1234
vn 0.0789 0.9682 0.2374
vn 0.1001 0.9934 0.0551
vn -0.2944 0.9477 0.1235
vn -0.3373 0.8526 0.3992
vn -0.3446 0.8611 0.3738
vn -0.2614 0.9292 0.2611
vn -0.2717 0.8897 0.3669
vn -0.8828 0.4697 0.0074
vn -0.2639 0.9101 0.3196
vn -0.3090 0.9090 0.2795
vn -0.1486 0.8983 0.4135
vn -0.3090 0.8988 0.3108
vn -0.1791 0.8925 0.4140
vn -0.1486 0.8983 0.4136
vn -0.1792 0.8925 0.4139
vn -0.1486 0.8983 0.4134
vn -0.3439 0.8611 0.3746
vn -0.3438 0.8611 0.3746
vn -0.5218 0.6934 0.4969
vn -0.4228 0.8153 0.3955
vn -0.3429 0.8468 0.4067
vn -0.4849 0.7329 0.4772
vn -0.4758 0.7382 0.4782
vn -0.4849 0.7329 0.4771
vn -0.3066 0.9365 0.1702
vn -0.0318 0.8512 0.5238
vn 0.0789 0.8837 0.4615
vn -0.0206 0.8499 0.5266
vn -0.0206 0.8498 0.5266
vn -0.0558 0.6844 0.7269
vn -0.0576 0.6800 0.7309
vn -0.0558 0.6844 0.7270
vn -0.0576 0.6801 0.7309
vn 0.0789 0.8837 0.4614
vn 0.1287 0.9358 0.3283
vn 0.0500 0.9000 0.4331
vn 0.4579 0.6840 0.5679
vn 0.3112 0.8539 0.4172
vn 0.2790 0.8736 0.3987
vn 0.4578 0.6841 0.5678
vn 0.1847 0.8265 0.5318
vn 0.3111 0.8539 0.4173
vn -0.0513 0.9855 0.1618
vn 0.1899 0.8840 0.4272
vn -0.1114 0.9895 0.0924
vn -0.0512 0.9855 0.1619
vn 0.2298 0.8818 0.4118
vn 0.1899 0.8840 0.4271
vn -0.0511 0.9855 0.1619
vn -0.1500 0.8759 0.4586
vn -0.3273 0.8748 0.3572
vn -0.1718 0.8541 0.4910
vn 0.0282 0.8197 0.5721
vn -0.0222 0.7905 0.6120
vn 0.0283 0.8198 0.5720
vn 0.5056 0.2852 0.8142
vn -0.1077 0.8929 0.4373
vn 0.1010 0.8490 0.5186
vn 0.1384 0.8405 0.5238
vn 0.1386 0.8404 0.5239
vn 0.1160 0.8507 0.5126
vn 0.0128 0.8465 0.5322
vn 0.1012 0.8490 0.5187
vn -0.1078 0.8929 0.4372
vn 0.1010 0.8490 0.5187
vn -0.1076 0.8929 0.4372
vn 0.0048 0.8884 0.4590
vn 0.2497 0.6652 0.7037
vn 0.0186 0.7657 0.6429
vn -0.0384 0.6327 0.7734
vn -0.0557 0.6844 0.7270
vn 0.0187 0.7657 0.6429
vn 0.0303 0.5656 0.8241
vn -0.0384 0.6327 0.7735
vn 0.0304 0.5657 0.8241
vn 0.1869 0.8710 0.4542
vn 0.1900 0.8840 0.4272
vn 0.2299 0.8818 0.4119
vn 0.1485 0.8905 0.4301
vn 0.1361 0.8172 0.5601
vn 0.0999 0.8645 0.4927
vn 0.1871 0.8344 0.5184
vn 0.1000 0.8645 0.4926
vn -0.0383 0.6327 0.7735
vn 0.0227 0.7508 0.6602
vn 0.0188 0.7657 0.6429
vn -0.0029 0.8066 0.5910
vn 0.0332 0.8138 0.5803
vn 0.2070 0.6527 0.7288
vn 0.0522 0.7845 0.6179
vn 0.1011 0.8489 0.5188
vn 0.1161 0.8507 0.5126
vn 0.0126 0.8466 0.5322
vn -0.0222 0.7904 0.6121
vn 0.1189 0.6794 0.7241
vn 0.0144 0.7007 0.7133
vn -0.0221 0.7904 0.6121
vn 0.1191 0.6793 0.7241
vn 0.1271 0.8296 0.5437
vn 0.2486 0.7304 0.6361
vn 0.1485 0.8905 0.4300
vn 0.1846 0.8264 0.5319
vn 0.1485 0.8905 0.4302
vn 0.2789 0.8737 0.3986
vn -0.0381 0.9623 0.2692
vn 0.3111 0.8539 0.4171
vn 0.1289 0.9357 0.3283
vn 0.3013 0.7523 0.5859
vn 0.4578 0.6840 0.5679
vn 0.2788 0.8737 0.3987
vn 0.3011 0.7524 0.5858
vn 0.2531 -0.0789 0.9642
vn -0.2467 0.9330 0.2622
vn -0.3002 0.9077 0.2933
vn -0.3522 0.8189 0.4532
vn -0.4492 0.8509 0.2723
vn -0.5219 0.6934 0.4969
vn -0.5456 0.6548 0.5230
vn -0.5720 0.6908 0.4423
vn -0.4792 0.7306 0.4865
vn -0.5456 0.6549 0.5230
vn -0.4229 0.8153 0.3955
vn -0.5719 0.6909 0.4423
vn -0.3359 0.8300 0.4454
vn -0.5123 0.8039 0.3021
vn -0.3440 0.8611 0.3745
vn -0.4530 0.8430 0.2900
vn -0.4055 0.8385 0.3640
vn -0.5124 0.8038 0.3022
vn -0.5225 0.8057 0.2791
vn -0.3440 0.8610 0.3746
vn -0.3053 0.8954 0.3242
vn -0.3093 0.9090 0.2794
vn -0.3092 0.9090 0.2794
vn -0.2640 0.9101 0.3195
vn -0.3091 0.8989 0.3107
vn -0.5346 0.7536 0.3825
vn -0.5694 0.7573 0.3199
vn -0.3375 0.8526 0.3991
vn -0.5345 0.7537 0.3824
vn -0.3829 0.8851 0.2647
vn -0.5693 0.7574 0.3198
vn -0.4746 0.8534 0.2155
vn -0.3448 0.8611 0.3737
vn -0.2945 0.9477 0.1234
vn -0.2293 0.9554 0.1862
vn -0.2739 0.9478 0.1634
vn -0.3067 0.9365 0.1701
vn -0.2293 0.9553 0.1863
vn -0.3654 0.9304 0.0287
vn -0.2294 0.9553 0.1863
vn -0.3602 0.9314 0.0529
vn -0.9133 0.4035 0.0552
vn -0.8238 0.5657 -0.0367
vn -0.2052 0.9737 0.0985
vn -0.3653 0.9305 0.0285
vn 0.0049 0.8318 0.5551
vn 0.0634 0.8181 0.5716
vn 0.8127 -0.1136 0.5716
vn 0.8517 -0.1142 0.5114
vn 0.7521 -0.1118 0.6495
vn 0.8578 -0.1142 0.5011
vn 0.6150 -0.1053 0.7815
vn 0.7520 -0.1118 0.6496
vn 0.8126 -0.1136 0.5716
vn -0.2661 -0.0266 0.9636
vn -0.8233 0.0516 0.5653
vn -0.2662 -0.0266 0.9636
vn -0.0841 -0.0467 0.9954
vn -0.1612 -0.0384 0.9862
vn -0.0504 -0.0502 0.9975
vn -0.6388 0.0217 0.7690
vn -0.1614 -0.0384 0.9861
vn -0.7048 0.0317 0.7087
vn -0.7561 0.0400 0.6532
vn -0.7049 0.0317 0.7086
vn -0.6390 0.0218 0.7689
vn -0.9378 0.1127 -0.3284
vn -0.9378 0.1127 -0.3285
vn -0.8598 0.1142 -0.4977
vn -0.9377 0.1127 -0.3286
vn -0.8989 0.1140 -0.4231
vn -0.4223 -0.0077 0.9064
vn -0.3732 -0.3063 0.8757
vn -0.4222 0.8154 0.3961
vn -0.5777 0.6783 0.4541
vn -0.3324 0.8303 0.4473
vn -0.5186 0.6838 0.5132
vn -0.9559 0.0807 0.2823
vn -0.9126 0.1137 -0.3926
vn -0.9651 0.1104 -0.2374
vn -0.8945 0.1141 -0.4322
vn -0.9126 0.1137 -0.3927
vn -0.9911 0.1044 -0.0827
vn -0.8598 0.1142 -0.4978
vn -0.3946 0.0905 -0.9144
vn -0.5848 0.1035 -0.8045
vn -0.5686 0.1025 -0.8162
vn -0.3639 0.0881 -0.9273
vn -0.3944 0.0904 -0.9145
vn -0.4033 0.0911 -0.9105
vn -0.7717 0.1124 -0.6260
vn -0.8638 0.1142 -0.4907
vn -0.6503 0.1072 -0.7521
vn -0.8728 0.1142 -0.4745
vn -0.5095 0.0987 -0.8548
vn -0.6502 0.1072 -0.7522
vn -0.7716 0.1125 -0.6261
vn -0.6222 -0.2963 0.7246
vn -0.6166 0.0185 0.7871
vn -0.6221 -0.2963 0.7247
vn -0.6524 0.1073 -0.7502
vn -0.6355 0.1064 -0.7647
vn -0.6627 0.1078 -0.7411
vn -0.6524 0.1073 -0.7503
vn -0.6290 0.1061 -0.7701
vn -0.6354 0.1064 -0.7648
vn 0.1164 -0.0667 0.9910
vn 0.1699 -0.0716 0.9829
vn 0.2815 -0.2175 0.9346
vn 0.1699 -0.0716 0.9828
vn 0.7433 -0.2020 0.6378
vn 0.8155 -0.1510 0.5587
vn 0.6633 -0.2072 0.7191
vn 0.7432 -0.2020 0.6378
vn 0.8262 -0.1405 0.5455
vn 0.9895 -0.0936 -0.1103
vn 0.9855 -0.0913 -0.1432
vn 0.9947 -0.0986 -0.0288
vn 0.9904 -0.1048 0.0899
vn 0.9947 -0.0986 -0.0287
vn 0.9883 -0.1056 0.1096
vn 0.9895 -0.0936 -0.1102
vn 0.9753 -0.1089 0.1923
vn 0.9947 -0.1013 0.0192
vn 0.9259 -0.1133 0.3603
vn 0.8541 -0.1142 0.5075
vn 0.9259 -0.1133 0.3604
vn 0.9752 -0.1089 0.1924
vn 0.4992 -0.0023 -0.8665
vn 0.4995 -0.0023 -0.8663
vn 0.5006 -0.0024 -0.8657
vn 0.4997 -0.0023 -0.8662
vn 0.9258 -0.1133 0.3607
vn 0.9623 -0.1107 0.2483
vn 0.9947 -0.0987 -0.0273
vn 0.9828 -0.1073 0.1506
vn 0.8921 -0.1141 0.4372
vn 0.4493 -0.0945 0.8884
vn 0.2244 -0.0765 0.9715
vn -0.2866 -0.0242 0.9578
vn 0.2243 -0.0764 0.9715
vn 0.2243 -0.0765 0.9715
vn -0.2866 -0.0242 0.9577
vn 0.9788 -0.1082 0.1737
vn 0.8770 -0.1142 0.4666
vn 0.9788 -0.1082 0.1738
vn 0.4454 -0.0942 0.8903
vn 0.7338 -0.1111 0.6702
vn -0.7492 0.0388 0.6612
vn -0.7867 0.0451 0.6156
vn -0.7868 0.0451 0.6155
vn -0.7868 0.0452 0.6155
vn 0.7340 -0.1111 0.6700
vn 0.8770 -0.1142 0.4668
vn 0.8769 -0.1142 0.4668
vn 0.3545 -0.2159 0.9098
vn 0.6632 -0.2072 0.7192
vn 0.0245 -0.2521 0.9674
vn 0.3546 -0.2159 0.9097
vn 0.7431 -0.2022 0.6379
vn 0.6631 -0.2074 0.7192
vn 0.0746 -0.3606 0.9297
vn 0.0243 -0.2521 0.9674
vn 0.2006 -0.3554 0.9129
vn 0.0244 -0.2520 0.9674
vn -0.7671 0.0418 0.6402
vn -0.6947 -0.2847 0.6606
vn -0.6675 -0.2490 0.7017
vn -0.8232 0.0516 0.5655
vn -0.7670 0.0418 0.6403
vn -0.6865 0.1090 -0.7189
vn 0.4970 -0.0020 -0.8678
vn 0.4956 -0.0018 -0.8686
vn 0.4990 -0.0022 -0.8666
vn -0.5491 0.1013 -0.8296
vn -0.4714 0.0961 -0.8767
vn -0.5948 0.1041 -0.7971
vn -0.4713 0.0961 -0.8767
vn -0.4691 0.0959 -0.8779
vn -0.6282 0.0202 0.7778
vn -0.6896 0.0294 0.7236
vn -0.5980 0.0158 0.8014
vn -0.9547 0.0803 0.2865
vn -0.9940 0.0974 0.0499
vn -0.6283 0.0202 0.7777
vn 0.5007 -0.0025 -0.8656
vn 0.4998 -0.0023 -0.8661
vn -0.6359 0.1064 -0.7644
vn -0.8397 0.1140 -0.5309
vn -0.6358 0.1064 -0.7645
vn -0.5688 0.1025 -0.8161
vn -0.1434 -0.0404 0.9888
vn -0.9780 0.1084 -0.1780
vn -0.9455 0.1122 -0.3057
vn -0.9780 0.1084 -0.1781
vn -0.9938 0.0971 0.0541
vn -0.8398 0.1140 -0.5307
vn -0.9454 0.1122 -0.3059
vn -0.9780 0.1084 -0.1782
vn -0.9455 0.1122 -0.3058
vn -0.1433 -0.0404 0.9888
vn -0.8403 0.1140 -0.5299
vn -0.8241 0.1138 -0.5549
vn -0.8531 0.1142 -0.5090
vn -0.8945 0.1141 -0.4323
vn -0.8292 0.1139 -0.5473
vn -0.8867 0.0640 0.4578
vn -0.8584 0.0582 0.5096
vn -0.9587 0.0815 0.2727
vn -0.8868 0.0640 0.4578
vn -0.9302 0.0738 0.3596
vn -0.9911 0.1044 -0.0824
vn -0.9587 0.0815 0.2726
vn -0.9651 0.1104 -0.2373
vn -0.9911 0.1044 -0.0825
vn -0.8868 0.0640 0.4577
vn -0.2656 -0.0267 0.9637
vn -0.3732 -0.3064 0.8757
vn -0.3011 -0.2992 0.9054
vn -0.4222 -0.0077 0.9065
vn -0.0832 -0.0468 0.9954
vn -0.3010 -0.2993 0.9055
vn -0.3215 -0.3808 0.8670
vn -0.2655 -0.0267 0.9638
vn -0.3010 -0.2993 0.9054
vn -0.9303 0.0738 0.3594
vn -0.9560 0.0807 0.2822
vn -0.8585 0.0583 0.5094
vn -0.8291 0.1139 -0.5474
vn -0.8531 0.1142 -0.5091
vn -0.7513 0.1117 -0.6504
vn -0.8240 0.1138 -0.5551
vn -0.7513 0.1118 -0.6504
vn -0.8240 0.1138 -0.5550
vn -0.7512 0.1117 -0.6505
vn -0.6684 0.1081 -0.7359
vn -0.4035 0.0911 -0.9104
vn -0.8064 0.1134 -0.5803
vn -0.6683 0.1081 -0.7360
vn -0.3640 0.0881 -0.9272
vn -0.8728 0.1142 -0.4744
vn -0.8065 0.1134 -0.5802
vn -0.6685 0.1082 -0.7358
vn -0.4626 0.0955 -0.8814
vn -0.6290 0.1061 -0.7702
vn -0.5949 0.1041 -0.7971
vn -0.6289 0.1061 -0.7702
vn 0.2816 -0.2175 0.9345
vn 0.2006 -0.3552 0.9130
vn 0.1700 -0.0716 0.9828
vn 0.2816 -0.2177 0.9345
vn 0.2007 -0.3554 0.9129
vn 0.8595 -0.1198 0.4969
vn 0.8879 -0.1142 0.4457
vn 0.8880 -0.1142 0.4455
vn 0.8768 -0.1142 0.4671
vn 0.8768 -0.1142 0.4670
vn 0.9642 -0.1105 0.2410
vn 0.9855 -0.0913 -0.1431
vn 0.9689 -0.1099 0.2218
vn 0.9689 -0.1099 0.2219
vn 0.9948 -0.0988 -0.0248
vn 0.9946 -0.0983 -0.0347
vn 0.9924 -0.1036 0.0661
vn 0.9948 -0.0989 -0.0247
vn 0.9869 -0.1062 0.1218
vn 0.9924 -0.1037 0.0661
vn 0.4991 -0.0023 -0.8665
vn 0.4971 -0.0020 -0.8677
vn 0.2531 -0.0788 0.9642
vn -0.2330 0.9346 0.2688
vn -0.1059 0.9817 0.1584
vn 0.0050 0.8318 0.5550
vn -0.0649 0.9427 0.3274
vn 0.0420 0.8934 0.4473
vn 0.0250 0.8968 0.4417
vn 0.3033 0.7521 0.5851
vn -0.5078 0.8059 0.3043
vn -0.3433 0.8613 0.3747
vn -0.4041 0.8388 0.3649
vn -0.5184 0.8074 0.2817
vn -0.4040 0.8388 0.3649
vn -0.5078 0.8059 0.3044
vn -0.3045 0.8955 0.3247
vn -0.5184 0.8074 0.2816
vn -0.3081 0.9086 0.2820
vn -0.3046 0.8955 0.3246
vn -0.4040 0.8389 0.3648
vn -0.5184 0.8075 0.2815
vn -0.3086 0.8988 0.3114
vn -0.3080 0.9086 0.2820
vn -0.2646 0.9093 0.3213
vn -0.3087 0.8987 0.3114
vn -0.3080 0.9087 0.2819
vn -0.3441 0.8612 0.3740
vn -0.5302 0.7567 0.3824
vn -0.5658 0.7587 0.3228
vn -0.3441 0.8612 0.3741
vn -0.5301 0.7568 0.3824
vn -0.3821 0.8850 0.2661
vn -0.5657 0.7588 0.3228
vn -0.4724 0.8532 0.2212
vn -0.5657 0.7588 0.3227
vn -0.4740 0.7287 0.4943
vn -0.2379 0.7742 0.5865
vn -0.1057 0.9817 0.1584
vn -0.0397 0.9570 0.2872
vn -0.0174 0.9677 0.2514
vn -0.0397 0.9570 0.2874
vn -0.2329 0.9346 0.2689
vn -0.0894 0.9264 0.3658
vn -0.1058 0.9817 0.1584
vn -0.2253 0.9561 0.1873
vn -0.3053 0.9369 0.1702
vn -0.2034 0.9741 0.0989
vn -0.2254 0.9561 0.1874
vn -0.3598 0.9325 0.0297
vn -0.2033 0.9741 0.0989
vn -0.2033 0.9741 0.0988
vn -0.1058 0.9817 0.1582
vn -0.2032 0.9741 0.0989
vn -0.0457 0.9976 0.0529
vn -0.1057 0.9817 0.1583
vn -0.2252 0.9561 0.1875
vn 0.1680 0.9523 0.2547
vn -0.2252 0.9561 0.1874
vn -0.2897 0.9490 0.1246
vn -0.3440 0.8613 0.3741
vn -0.2716 0.8896 0.3671
vn -0.3364 0.8530 0.3989
vn -0.3440 0.8613 0.3740
vn -0.2716 0.8897 0.3669
vn -0.8794 0.4759 0.0127
vn -0.2645 0.9092 0.3214
vn -0.3079 0.9087 0.2820
vn -0.1486 0.8975 0.4152
vn -0.3086 0.8987 0.3115
vn -0.1486 0.8975 0.4153
vn -0.3079 0.9087 0.2821
vn -0.3433 0.8612 0.3748
vn -0.4741 0.7287 0.4942
vn -0.9231 0.3783 0.0684
vn -0.9142 0.4012 0.0564
vn -0.0459 0.9975 0.0530
vn -0.2034 0.9741 0.0987
vn -0.3598 0.9326 0.0295
vn -0.3742 0.9273 0.0016
vn -0.9305 0.3577 0.0791
vn -0.9232 0.3783 0.0684
vn -0.3052 0.9369 0.1703
vn -0.0397 0.9570 0.2873
vn 0.0419 0.8934 0.4474
vn -0.1660 0.8601 0.4824
vn 0.0653 0.8225 0.5649
vn -0.0895 0.9263 0.3659
vn 0.4569 0.6854 0.5670
vn 0.3103 0.8545 0.4167
vn 0.4567 0.6849 0.5677
vn 0.1809 0.8294 0.5286
vn 0.3102 0.8545 0.4167
vn 0.1866 0.8861 0.4242
vn -0.1115 0.9895 0.0923
vn 0.2269 0.8842 0.4083
vn 0.1866 0.8862 0.4241
vn 0.2271 0.8842 0.4082
vn -0.3218 0.8790 0.3520
vn -0.2330 0.9345 0.2691
vn 0.0281 0.8199 0.5718
vn -0.0225 0.7908 0.6116
vn 0.5008 0.2925 0.8147
vn -0.1086 0.8929 0.4369
vn 0.0975 0.8499 0.5178
vn 0.1354 0.8406 0.5245
vn 0.1355 0.8405 0.5245
vn 0.1149 0.8509 0.5125
vn 0.1356 0.8405 0.5245
vn 0.0977 0.8499 0.5179
vn 0.1149 0.8510 0.5125
vn -0.1087 0.8930 0.4368
vn -0.0922 0.8843 0.4577
vn -0.0920 0.8844 0.4576
vn 0.2449 0.6685 0.7022
vn 0.0324 0.8141 0.5798
vn -0.0034 0.8069 0.5907
vn 0.2448 0.6686 0.7022
vn -0.0389 0.6328 0.7733
vn -0.0557 0.6845 0.7269
vn -0.0417 0.6465 0.7618
vn 0.0283 0.5664 0.8236
vn -0.0275 0.5774 0.8160
vn -0.0388 0.6327 0.7734
vn 0.0284 0.5664 0.8236
vn 0.1857 0.8720 0.4530
vn 0.1867 0.8861 0.4243
vn 0.2272 0.8841 0.4083
vn 0.1477 0.8911 0.4292
vn 0.1867 0.8861 0.4241
vn -0.0389 0.6327 0.7734
vn 0.1546 0.8734 0.4617
vn 0.1805 0.8346 0.5204
vn 0.1337 0.8168 0.5612
vn 0.1547 0.8735 0.4616
vn 0.0284 0.5665 0.8236
vn 0.0208 0.7503 0.6607
vn 0.2028 0.6559 0.7271
vn 0.2448 0.6685 0.7023
vn 0.0509 0.7853 0.6171
vn 0.0509 0.7853 0.6170
vn 0.0977 0.8498 0.5179
vn 0.2028 0.6560 0.7270
vn 0.0510 0.7853 0.6170
vn 0.0976 0.8498 0.5179
vn 0.0127 0.8466 0.5322
vn -0.0225 0.7908 0.6117
vn 0.1172 0.6806 0.7232
vn 0.0122 0.7038 0.7103
vn 0.0282 0.8199 0.5719
vn 0.1173 0.6806 0.7232
vn 0.2451 0.7324 0.6353
vn 0.1174 0.6806 0.7232
vn 0.1259 0.8297 0.5438
vn 0.2452 0.7324 0.6352
vn 0.1477 0.8911 0.4291
vn 0.1477 0.8910 0.4293
vn 0.1807 0.8294 0.5286
vn -0.0377 0.9620 0.2703
vn 0.3102 0.8545 0.4166
vn 0.3034 0.7520 0.5852
vn 0.4568 0.6849 0.5677
vn 0.2788 0.8736 0.3987
vn 0.3033 0.7521 0.5852
vn -0.3573 0.8641 0.3546
vn -0.2505 0.9277 0.2768
vn -0.4230 0.8636 0.2742
vn -0.8141 -0.5596 -0.1556
vn -0.5264 -0.8480 0.0618
vn -0.7656 -0.6333 -0.1133
vn -0.2112 -0.9747 0.0735
vn -0.2900 -0.9554 0.0563
vn -0.3246 -0.9431 -0.0724
vn -0.8141 -0.5595 -0.1556
vn -0.7933 -0.5790 -0.1881
vn -0.8253 -0.5343 -0.1827
vn -0.7581 -0.6485 -0.0691
vn -0.7865 -0.6173 -0.0204
vn -0.6884 -0.7077 -0.1591
vn -0.7587 -0.6477 -0.0696
vn -0.7508 -0.6448 -0.1432
vn -0.7706 -0.6341 -0.0639
vn -0.6700 -0.7369 -0.0900
vn -0.8266 -0.5558 -0.0882
vn -0.7296 -0.6600 -0.1792
vn -0.8329 -0.4927 -0.2522
vn -0.7061 -0.6721 -0.2228
vn -0.6996 -0.6668 -0.2568
vn -0.1737 -0.9522 0.2514
vn -0.5265 -0.8480 0.0618
vn -0.1207 -0.9610 0.2487
vn -0.6426 -0.7523 -0.1451
vn -0.6369 -0.7599 -0.1299
vn -0.4606 -0.8814 -0.1048
vn -0.1610 -0.9644 0.2099
vn -0.0814 -0.9647 0.2506
vn -0.2570 -0.9026 0.3455
vn -0.3184 -0.9076 0.2736
vn -0.2183 -0.8796 0.4228
vn -0.2987 -0.9423 0.1511
vn -0.2411 -0.9408 0.2382
vn -0.3613 -0.9161 0.1740
vn -0.1829 -0.9496 0.2546
vn -0.2745 -0.9544 0.1170
vn -0.3169 -0.9449 0.0823
vn -0.1747 -0.9807 0.0882
vn -0.0544 -0.9793 0.1952
vn -0.1513 -0.9859 0.0714
vn -0.2106 -0.9653 0.1545
vn -0.3019 -0.9403 0.1571
vn -0.1540 -0.9713 0.1815
vn -0.1539 -0.9713 0.1815
vn -0.3018 -0.9403 0.1572
vn -0.2900 -0.9553 0.0564
vn -0.3247 -0.9430 -0.0724
vn -0.0569 -0.9912 0.1192
vn -0.2023 -0.9793 0.0011
vn -0.2549 -0.9669 0.0117
vn -0.1959 -0.9787 0.0618
vn -0.1749 -0.9806 0.0881
vn -0.2758 -0.9587 0.0688
vn -0.1800 -0.9693 0.1673
vn -0.1799 -0.9693 0.1674
vn -0.2759 -0.9587 0.0689
vn -0.2924 -0.9424 0.1623
vn -0.3180 -0.9340 0.1628
vn -0.3468 -0.9327 0.0988
vn -0.2875 -0.9506 0.1168
vn -0.3414 -0.9318 0.1234
vn -0.2329 -0.9490 0.2126
vn -0.3558 -0.9332 0.0500
vn -0.4535 -0.8906 0.0337
vn -0.3850 -0.9203 0.0699
vn -0.2330 -0.9489 0.2127
vn -0.3413 -0.9318 0.1235
vn -0.2937 -0.9421 0.1619
vn -0.2412 -0.9408 0.2382
vn -0.2889 -0.9453 0.1517
vn -0.3193 -0.9323 0.1698
vn -0.3185 -0.9076 0.2736
vn -0.3261 -0.9372 0.1235
vn -0.5568 -0.8105 0.1819
vn -0.2748 -0.9418 0.1936
vn -0.2569 -0.9026 0.3455
vn -0.2454 -0.9112 0.3310
vn -0.2749 -0.9418 0.1934
vn -0.2456 -0.9111 0.3311
vn -0.1429 -0.9659 0.2158
vn 0.1060 0.4565 0.8834
vn 0.0061 0.3487 0.9372
vn 0.0622 0.2384 0.9692
vn -0.1735 -0.9522 0.2515
vn -0.1428 -0.9659 0.2159
vn -0.2454 -0.9111 0.3311
vn -0.7762 -0.6046 -0.1790
vn -0.7317 -0.6738 -0.1031
vn -0.7351 -0.6593 -0.1581
vn -0.7762 -0.6045 -0.1791
vn -0.7177 -0.6348 -0.2861
vn -0.6368 -0.7600 -0.1297
vn -0.6706 -0.7138 -0.2022
vn -0.5911 -0.7800 -0.2052
vn -0.7399 -0.5999 -0.3044
vn -0.7377 -0.6539 -0.1679
vn -0.6550 -0.7405 -0.1504
vn -0.7060 -0.6722 -0.2229
vn -0.7088 -0.6992 -0.0932
vn -0.6550 -0.7405 -0.1503
vn -0.7378 -0.6538 -0.1679
vn -0.7556 -0.6473 -0.1003
vn -0.6465 -0.7600 -0.0665
vn -0.7105 -0.6837 -0.1664
vn -0.6097 -0.7903 -0.0610
vn -0.5507 -0.8344 -0.0229
vn -0.6105 -0.7859 -0.0984
vn -0.7068 -0.7044 -0.0657
vn -0.6465 -0.7600 -0.0664
vn -0.7556 -0.6473 -0.1002
vn -0.7175 -0.6900 -0.0949
vn -0.6889 -0.7238 -0.0407
vn -0.5782 -0.7981 0.1695
vn -0.7865 -0.6173 -0.0202
vn -0.8297 -0.5580 0.0142
vn -0.7581 -0.6485 -0.0690
vn -0.7946 -0.6068 0.0177
vn -0.7319 -0.6600 -0.1698
vn -0.7945 -0.6070 0.0177
vn -0.5542 0.5946 0.5825
vn -0.4524 0.5723 0.6840
vn -0.3198 0.7029 0.6354
vn -0.7320 -0.6598 -0.1699
vn -0.7656 -0.6332 -0.1134
vn -0.6698 -0.7370 -0.0900
vn -0.6377 -0.7681 -0.0585
vn -0.7129 -0.6997 -0.0459
vn -0.3614 -0.9160 0.1740
vn -0.7729 -0.6345 -0.0043
vn -0.8121 -0.5815 0.0484
vn -0.7730 -0.6345 -0.0042
vn -0.7783 -0.6081 0.1564
vn -0.3878 -0.8945 -0.2225
vn -0.8121 -0.5815 0.0485
vn -0.3613 -0.9161 0.1741
vn -0.7782 -0.6082 0.1564
vn -0.3775 -0.8400 0.3898
vn -0.2773 -0.8908 0.3599
vn -0.3878 -0.8945 -0.2224
vn -0.7709 -0.6338 -0.0638
vn -0.2774 -0.8908 0.3599
vn -0.7709 -0.6337 -0.0638
vn -0.2849 -0.9168 0.2799
vn -0.7709 -0.6338 -0.0637
vn -0.7508 -0.6448 -0.1431
vn -0.5524 -0.8232 0.1310
vn -0.7946 -0.6069 0.0177
vn -0.5525 -0.8232 0.1309
vn -0.0920 -0.9877 0.1265
vn -0.1539 -0.9713 0.1814
vn -0.2111 -0.9747 0.0735
vn -0.0920 -0.9877 0.1264
vn -0.7657 -0.6332 -0.1133
vn -0.7865 -0.6173 -0.0203
vn -0.7581 -0.6484 -0.0690
vn -0.8825 -0.4697 0.0240
vn -0.7865 -0.6172 -0.0203
vn -0.7176 -0.6899 -0.0950
vn -0.9031 -0.3488 -0.2507
vn -0.7130 -0.6997 -0.0459
vn -0.8132 -0.5801 -0.0473
vn -0.7378 -0.6538 -0.1680
vn -0.7061 -0.6721 -0.2229
vn -0.8328 -0.4927 -0.2522
vn -0.8483 -0.4788 -0.2260
vn -0.1737 -0.9521 0.2515
vn -0.5266 -0.8479 0.0617
vn -0.2455 -0.9111 0.3311
vn -0.8407 -0.4682 -0.2722
vn -0.8407 -0.4682 -0.2721
vn -0.1611 -0.9644 0.2099
vn -0.2571 -0.9025 0.3454
vn -0.2748 -0.9418 0.1935
vn -0.3259 -0.9373 0.1235
vn -0.2888 -0.9453 0.1517
vn -0.2987 -0.9423 0.1512
vn -0.1373 -0.9628 0.2329
vn -0.3179 -0.9340 0.1629
vn -0.1264 -0.9324 0.3387
vn -0.3178 -0.9340 0.1629
vn -0.1798 -0.9694 0.1674
vn -0.0544 -0.9793 0.1951
vn -0.0663 -0.9705 0.2317
vn -0.9125 0.4066 -0.0441
vn -0.9191 0.3934 0.0206
vn -0.9177 0.3972 0.0027
vn -0.9179 0.3530 0.1811
vn -0.7896 0.4469 -0.4205
vn -0.7706 0.4471 -0.4541
vn -0.7983 0.4466 -0.4042
vn -0.7598 0.4469 -0.4723
vn -0.7706 0.4471 -0.4542
vn -0.7598 0.4469 -0.4722
vn -0.7461 0.4465 -0.4938
vn -0.7463 0.4464 -0.4938
vn -0.7706 0.4472 -0.4541
vn -0.7648 0.4470 -0.4640
vn -0.7580 0.4469 -0.4752
vn -0.7649 0.4470 -0.4639
vn -0.7579 0.4469 -0.4752
vn -0.7287 0.4453 -0.5203
vn -0.7648 0.4470 -0.4639
vn -0.7036 0.4432 -0.5555
vn -0.7035 0.4432 -0.5555
vn -0.6733 0.4399 -0.5943
vn -0.7287 0.4453 -0.5204
vn -0.6736 0.4397 -0.5941
vn -0.5847 0.4253 -0.6908
vn -0.6979 0.4426 -0.5630
vn -0.5643 0.4212 -0.7100
vn -0.7496 0.4466 -0.4885
vn -0.7497 0.4465 -0.4885
vn -0.7793 0.4471 -0.4392
vn -0.6980 0.4426 -0.5629
vn -0.7750 0.4471 -0.4467
vn -0.6143 0.4308 -0.6611
vn -0.6114 0.4303 -0.6641
vn -0.6209 0.4319 -0.6542
vn -0.6153 0.4310 -0.6600
vn -0.6154 0.4310 -0.6600
vn -0.6491 0.4364 -0.6231
vn -0.6115 0.4303 -0.6641
vn -0.6671 0.4390 -0.6019
vn -0.6821 0.4409 -0.5834
vn -0.6491 0.4364 -0.6230
vn -0.6866 0.4414 -0.5777
vn -0.6821 0.4409 -0.5835
vn 0.5083 -0.0062 -0.8611
vn 0.5125 -0.0087 -0.8587
vn 0.5083 -0.0062 -0.8612
vn -0.4824 -0.8750 -0.0408
vn -0.3469 -0.9327 0.0987
vn -0.2760 -0.9587 0.0688
vn -0.5063 -0.8623 0.0129
vn -0.3468 -0.9327 0.0987
vn -0.5064 -0.8622 0.0130
vn -0.3415 -0.9317 0.1234
vn -0.3468 -0.9327 0.0989
vn -0.5063 -0.8622 0.0130
vn -0.5130 -0.8579 0.0288
vn -0.3415 -0.9318 0.1233
vn -0.3194 -0.9323 0.1697
vn -0.5423 -0.8338 0.1030
vn -0.3194 -0.9323 0.1698
vn -0.2552 -0.9117 0.3221
vn -0.5424 -0.8338 0.1030
vn -0.5737 -0.7955 0.1950
vn -0.2552 -0.9116 0.3222
vn -0.4824 -0.8750 -0.0409
vn -0.2550 -0.9669 0.0117
vn -0.4463 -0.8874 -0.1155
vn -0.2759 -0.9587 0.0687
vn -0.4461 -0.8875 -0.1155
vn -0.3247 -0.9431 -0.0724
vn -0.4558 -0.8848 -0.0961
vn -0.4559 -0.8848 -0.0961
vn -0.2901 -0.9553 0.0562
vn -0.4816 -0.8754 -0.0425
vn -0.2901 -0.9553 0.0563
vn -0.4004 -0.9113 -0.0956
vn -0.1588 -0.9858 0.0542
vn -0.3578 -0.9306 -0.0767
vn -0.2512 -0.9679 -0.0010
vn -0.0612 -0.9918 0.1118
vn 0.0412 -0.9832 0.1781
vn -0.2511 -0.9680 -0.0010
vn -0.2023 -0.9793 0.0010
vn -0.3245 -0.9431 -0.0723
vn -0.2023 -0.9793 0.0009
vn -0.0569 -0.9912 0.1194
vn -0.3246 -0.9431 -0.0725
vn -0.2467 -0.9686 0.0315
vn -0.4990 -0.8467 -0.1846
vn -0.5646 -0.7892 -0.2416
vn -0.2467 -0.9686 0.0314
vn -0.3879 -0.8944 -0.2225
vn -0.1514 -0.9859 0.0713
vn -0.2925 -0.9424 0.1623
vn -0.3467 -0.9327 0.0988
vn 0.4486 -0.7260 0.5212
vn -0.3171 -0.9448 0.0822
vn -0.2514 -0.9616 0.1104
vn -0.4752 -0.8798 0.0093
vn -0.2876 -0.9506 0.1168
vn -0.2746 -0.9544 0.1170
vn -0.2937 -0.9421 0.1618
vn -0.2411 -0.9408 0.2383
vn -0.2235 -0.8974 0.3805
vn -0.2236 -0.8974 0.3805
vn -0.2570 -0.9025 0.3455
vn -0.2234 -0.8974 0.3805
vn -0.2454 -0.9111 0.3312
vn -0.1958 -0.9787 0.0618
vn -0.2549 -0.9669 0.0118
vn -0.6376 -0.7681 -0.0586
vn -0.6549 -0.7406 -0.1503
vn -0.5063 -0.8622 0.0129
vn -0.5130 -0.8579 0.0287
vn -0.6889 -0.7237 -0.0407
vn -0.6888 -0.7238 -0.0407
vn -0.7920 -0.6104 0.0149
vn -0.6889 -0.7237 -0.0406
vn -0.7946 -0.6069 0.0179
vn -0.7920 -0.6103 0.0149
vn -0.7945 -0.6069 0.0179
vn -0.5910 -0.7802 -0.2052
vn -0.4823 -0.8751 -0.0408
vn -0.5911 -0.7801 -0.2052
vn -0.4558 -0.8849 -0.0961
vn -0.6425 -0.7524 -0.1450
vn -0.6425 -0.7524 -0.1451
vn -0.6754 -0.6917 -0.2558
vn -0.3580 -0.9306 -0.0768
vn -0.6754 -0.6916 -0.2558
vn -0.6086 -0.7614 -0.2234
vn -0.7770 -0.5420 -0.3201
vn -0.6755 -0.6916 -0.2558
vn -0.8414 -0.4078 -0.3545
vn -0.7769 -0.5421 -0.3201
vn -0.6087 -0.7613 -0.2235
vn -0.6754 -0.6916 -0.2559
vn -0.8731 -0.3390 -0.3503
vn -0.7399 -0.5998 -0.3046
vn -0.7178 -0.6347 -0.2861
vn -0.8731 -0.3392 -0.3503
vn -0.7563 -0.6203 -0.2077
vn -0.3594 -0.9274 -0.1033
vn -0.6898 -0.6867 -0.2294
vn -0.2674 -0.9611 -0.0685
vn -0.6994 -0.6669 -0.2569
vn -0.6897 -0.6867 -0.2294
vn -0.3595 -0.9274 -0.1034
vn -0.6995 -0.6669 -0.2568
vn -0.4817 -0.8753 -0.0423
vn -0.3020 -0.9403 0.1571
vn -0.5258 -0.8485 0.0601
vn -0.2902 -0.9553 0.0563
vn -0.3019 -0.9403 0.1572
vn -0.7087 -0.6993 -0.0931
vn -0.7129 -0.6998 -0.0458
vn -0.6377 -0.7681 -0.0586
vn -0.9519 0.0841 -0.2946
vn -0.5219 -0.8528 -0.0180
vn -0.7073 -0.6897 -0.1551
vn -0.7295 -0.6601 -0.1792
vn -0.7296 -0.6600 -0.1793
vn -0.7106 -0.6836 -0.1664
vn -0.6700 -0.7369 -0.0901
vn -0.7296 -0.6599 -0.1793
vn -0.7074 -0.6896 -0.1552
vn -0.7107 -0.6836 -0.1664
vn -0.5219 -0.8528 -0.0179
vn -0.5506 -0.8344 -0.0229
vn -0.5220 -0.8528 -0.0180
vn -0.6105 -0.7859 -0.0983
vn -0.7176 -0.6900 -0.0950
vn -0.8898 -0.4047 -0.2108
vn -0.9031 -0.3488 -0.2506
vn -0.7176 -0.6899 -0.0949
vn -0.7068 -0.7043 -0.0658
vn -0.7921 -0.6103 0.0149
vn -0.8409 -0.5409 0.0165
vn -0.7920 -0.6103 0.0148
vn -0.6890 -0.7237 -0.0406
vn -0.8297 -0.5580 0.0143
vn -0.9089 -0.4164 -0.0220
vn -0.8825 -0.4697 0.0241
vn -0.8298 -0.5579 0.0142
vn -0.9090 -0.4162 -0.0220
vn -0.6706 -0.7137 -0.2023
vn -0.8409 -0.5409 0.0166
vn -0.7947 -0.6068 0.0178
vn -0.7921 -0.6102 0.0149
vn -0.7946 -0.6068 0.0178
vn -0.7318 -0.6599 -0.1699
vn -0.6883 -0.7077 -0.1592
vn -0.7933 -0.5791 -0.1881
vn -0.7318 -0.6600 -0.1699
vn -0.8410 -0.5408 0.0166
vn -0.9090 -0.4163 -0.0220
vn -0.7588 -0.6476 -0.0696
vn -0.7710 -0.6337 -0.0638
vn -0.7067 -0.7044 -0.0657
vn -0.7176 -0.6900 -0.0949
vn -0.7068 -0.7043 -0.0657
vn -0.8936 -0.4119 -0.1784
vn -0.7557 -0.6472 -0.1003
vn -0.7557 -0.6471 -0.1004
vn -0.7074 -0.6896 -0.1551
vn -0.7557 -0.6471 -0.1003
vn -0.7107 -0.6835 -0.1663
vn -0.6699 -0.7370 -0.0900
vn -0.7130 -0.6997 -0.0458
vn -0.8628 -0.4908 -0.1214
vn -0.8132 -0.5801 -0.0472
vn -0.8628 -0.4906 -0.1216
vn -0.7089 -0.6992 -0.0932
vn -0.8484 -0.4788 -0.2259
vn -0.8628 -0.4907 -0.1216
vn -0.8484 -0.4788 -0.2260
vn -0.6705 -0.7138 -0.2023
vn -0.6707 -0.7137 -0.2022
vn -0.6706 -0.7137 -0.2022
vn -0.7177 -0.6349 -0.2861
vn -0.5909 -0.7802 -0.2053
vn -0.5911 -0.7800 -0.2053
vn -0.7178 -0.6347 -0.2862
vn -0.8408 -0.4680 -0.2721
vn -0.6369 -0.7599 -0.1298
vn -0.2748 -0.9418 0.1934
vn -0.1612 -0.9644 0.2097
vn -0.3260 -0.9373 0.1234
vn -0.2750 -0.9418 0.1935
vn -0.1611 -0.9644 0.2098
vn -0.2234 -0.8974 0.3806
vn -0.1303 -0.9050 0.4049
vn -0.2570 -0.9025 0.3456
vn -0.1303 -0.9051 0.4048
vn -0.3613 -0.9160 0.1741
vn -0.0916 -0.9531 0.2886
vn -0.2936 -0.9421 0.1618
vn -0.2328 -0.9490 0.2127
vn -0.0917 -0.9530 0.2887
vn -0.0668 -0.9546 0.2902
vn -0.2875 -0.9506 0.1170
vn -0.0664 -0.9546 0.2904
vn -0.2513 -0.9616 0.1105
vn -0.2876 -0.9506 0.1169
vn -0.2328 -0.9490 0.2126
vn -0.0664 -0.9546 0.2903
vn -0.2512 -0.9616 0.1104
vn -0.2744 -0.9545 0.1170
vn -0.1263 -0.9323 0.3388
vn -0.0491 -0.9365 0.3471
vn -0.3179 -0.9340 0.1630
vn -0.0491 -0.9366 0.3469
vn -0.1798 -0.9693 0.1675
vn -0.2923 -0.9424 0.1623
vn -0.1957 -0.9787 0.0619
vn -0.2466 -0.9686 0.0314
vn -0.1512 -0.9859 0.0714
vn -0.2466 -0.9686 0.0315
vn 0.0899 -0.9693 0.2290
vn -0.1958 -0.9787 0.0619
vn -0.2465 -0.9686 0.0315
vn -0.0570 -0.9912 0.1193
vn 0.4722 -0.6579 0.5867
vn -0.2022 -0.9793 0.0011
vn -0.2110 -0.9747 0.0735
vn -0.0176 -0.9933 0.1139
vn 0.4794 -0.6382 0.6024
vn -0.6842 -0.6923 -0.2294
vn -0.7770 -0.5422 -0.3200
vn -0.8414 -0.4079 -0.3545
vn -0.8511 0.2598 -0.4562
vn -0.5259 -0.8484 0.0600
vn -0.7316 -0.6739 -0.1030
vn -0.4816 -0.8753 -0.0423
vn -0.5259 -0.8484 0.0601
vn -0.7915 0.4469 -0.4169
vn -0.7761 0.4471 -0.4447
vn -0.8116 0.4458 -0.3775
vn -0.7734 0.4471 -0.4494
vn -0.8582 0.4385 -0.2668
vn -0.8117 0.4458 -0.3774
vn -0.8821 0.4302 -0.1918
vn -0.8275 0.2316 0.5114
vn -0.8821 0.4303 -0.1917
vn -0.7460 0.1629 0.6457
vn -0.8821 0.4302 -0.1917
vn -0.6045 0.0647 0.7939
vn -0.7461 0.1623 0.6457
vn -0.6045 0.0647 0.7940
vn -0.8275 0.2315 0.5116
vn -0.7459 0.1627 0.6459
vn 0.2622 -0.3384 0.9037
vn 0.2623 -0.3384 0.9037
vn -0.9139 0.3419 0.2188
vn -0.1916 -0.1578 0.9687
vn -0.3900 -0.0595 0.9189
vn -0.0347 -0.2270 0.9733
vn -0.1914 -0.1575 0.9688
vn -0.3900 -0.0594 0.9189
vn 0.6026 -0.4287 0.6731
vn -0.0345 -0.2268 0.9733
vn 0.6560 -0.4374 0.6151
vn 0.6025 -0.4289 0.6731
vn -0.1914 -0.1579 0.9687
vn -0.0345 -0.2270 0.9733
vn 0.7289 -0.4454 0.5199
vn 0.7532 -0.4467 0.4828
vn 0.6027 -0.4287 0.6730
vn 0.7698 -0.4471 0.4556
vn 0.7725 -0.4471 0.4510
vn 0.7697 -0.4471 0.4557
vn 0.7290 -0.4454 0.5198
vn -0.6476 0.0926 0.7563
vn -0.4525 0.5723 0.6839
vn -0.5021 0.0026 0.8648
vn -0.7009 0.4429 -0.5591
vn -0.7121 0.4440 -0.5438
vn 0.4514 -0.3948 0.8003
vn 0.4130 -0.3842 0.8257
vn 0.4894 -0.4044 0.7726
vn 0.4514 -0.3947 0.8003
vn 0.4128 -0.3844 0.8257
vn 0.7455 -0.4463 0.4950
vn 0.7035 -0.4432 0.5556
vn 0.7554 -0.4467 0.4794
vn 0.6542 -0.4371 0.6172
vn 0.7752 -0.4472 0.4462
vn 0.7752 -0.4471 0.4462
vn 0.8778 -0.4321 0.2070
vn 0.8579 -0.4386 0.2678
vn 0.8901 -0.4262 0.1618
vn 0.8777 -0.4321 0.2070
vn 0.8545 -0.4394 0.2770
vn 0.8953 -0.4230 0.1400
vn 0.8887 -0.4269 0.1673
vn 0.8778 -0.4321 0.2069
vn 0.8901 -0.4262 0.1617
vn 0.8063 -0.4462 0.3882
vn 0.7709 -0.4471 0.4537
vn 0.8385 -0.4426 0.3178
vn 0.7665 -0.4470 0.4611
vn 0.8700 -0.4349 0.2323
vn 0.8386 -0.4426 0.3177
vn 0.8699 -0.4351 0.2323
vn 0.8064 -0.4462 0.3881
vn 0.0061 0.3486 0.9372
vn -0.2450 -0.1326 0.9604
vn 0.8389 -0.4425 0.3170
vn 0.8429 -0.4419 0.3069
vn 0.8362 -0.4430 0.3232
vn 0.8444 -0.4416 0.3032
vn 0.8429 -0.4419 0.3070
vn -0.9208 0.3868 0.0491
vn -0.9177 0.3972 0.0029
vn -0.9208 0.3870 0.0489
vn -0.9125 0.4066 -0.0439
vn -0.9177 0.3972 0.0028
vn -0.8300 0.4439 -0.3376
vn -0.7982 0.4466 -0.4042
vn -0.8592 0.4382 -0.2642
vn -0.8301 0.4439 -0.3375
vn -0.7896 0.4469 -0.4204
vn -0.7983 0.4466 -0.4041
vn -0.7761 0.4471 -0.4448
vn -0.5806 0.4245 -0.6948
vn -0.5643 0.4212 -0.7101
vn -0.6137 0.4307 -0.6617
vn -0.5805 0.4245 -0.6948
vn -0.5846 0.4253 -0.6909
vn -0.5642 0.4212 -0.7101
vn -0.6566 0.4375 -0.6144
vn -0.6630 0.4384 -0.6068
vn -0.6566 0.4375 -0.6143
vn -0.5806 0.4245 -0.6947
vn -0.6904 0.4418 -0.5728
vn -0.6318 0.4338 -0.6424
vn -0.7357 0.4458 -0.5100
vn -0.6319 0.4337 -0.6424
vn -0.7750 0.4471 -0.4466
vn -0.7357 0.4458 -0.5099
vn -0.7792 0.4471 -0.4392
vn -0.6905 0.4418 -0.5727
vn 0.5081 -0.0063 -0.8612
vn 0.5070 -0.0055 -0.8619
vn 0.5081 -0.0062 -0.8613
vn 0.5052 -0.0044 -0.8630
vn 0.5070 -0.0054 -0.8619
vn -0.7122 0.4440 -0.5437
vn -0.7367 0.4459 -0.5083
vn -0.7368 0.4459 -0.5083
vn -0.6473 0.4362 -0.6251
vn -0.6762 0.4401 -0.5908
vn -0.7320 0.4456 -0.5154
vn -0.6763 0.4401 -0.5907
vn -0.7570 0.4469 -0.4768
vn -0.8811 0.4307 -0.1954
vn -0.7571 0.4467 -0.4768
vn -0.9130 0.4060 -0.0408
vn -0.8811 0.4307 -0.1955
vn -0.7570 0.4468 -0.4767
vn -0.8111 0.2165 0.5434
vn -0.9131 0.4057 -0.0407
vn -0.7302 0.1509 0.6663
vn -0.8111 0.2164 0.5434
vn -0.8811 0.4306 -0.1954
vn -0.9130 0.4060 -0.0407
vn -0.6823 0.1161 0.7218
vn -0.7302 0.1510 0.6664
vn -0.6823 0.1163 0.7218
vn -0.8110 0.2164 0.5435
vn -0.6831 0.4410 -0.5821
vn -0.6963 0.4425 -0.5651
vn -0.7342 0.4457 -0.5121
vn -0.6964 0.4425 -0.5650
vn -0.7646 0.4470 -0.4643
vn -0.8817 0.4304 -0.1931
vn -0.8428 0.4419 -0.3073
vn -0.8817 0.4304 -0.1932
vn -0.8171 0.4453 -0.3660
vn 0.0669 -0.2681 0.9611
vn -0.0479 -0.2217 0.9739
vn 0.1494 -0.2992 0.9424
vn 0.0670 -0.2679 0.9611
vn -0.0479 -0.2213 0.9740
vn 0.2102 -0.3209 0.9235
vn 0.1495 -0.2992 0.9424
vn 0.2103 -0.3209 0.9235
vn 0.0670 -0.2681 0.9611
vn -0.8171 0.4453 -0.3661
vn -0.7647 0.4470 -0.4642
vn -0.8428 0.4419 -0.3074
vn -0.7343 0.4457 -0.5120
vn -0.9115 0.4081 -0.0515
vn -0.9214 0.3699 0.1193
vn -0.9115 0.4080 -0.0515
vn -0.8592 0.4382 -0.2641
vn -0.9180 0.3529 0.1812
vn -0.9214 0.3698 0.1194
vn -0.9192 0.3933 0.0208
vn -0.9180 0.3529 0.1811
vn -0.9115 0.4080 -0.0513
vn -0.9214 0.3697 0.1194
vn 0.1067 -0.2832 0.9531
vn 0.2257 -0.3262 0.9180
vn 0.0621 0.2384 0.9692
vn 0.1067 -0.2833 0.9531
vn 0.2258 -0.3266 0.9178
vn -0.2449 -0.1326 0.9604
vn 0.0621 0.2383 0.9692
vn 0.1065 -0.2832 0.9531
vn 0.8302 -0.4437 0.3375
vn 0.8302 -0.4438 0.3374
vn 0.5154 -0.0106 -0.8569
vn 0.5154 -0.0105 -0.8569
vn 0.8617 -0.4376 0.2569
vn 0.8771 -0.4323 0.2093
vn 0.8522 -0.4400 0.2831
vn 0.8787 -0.4317 0.2038
vn 0.8471 -0.4410 0.2966
vn 0.8093 -0.4460 0.3823
vn 0.8626 -0.4373 0.2543
vn 0.8471 -0.4410 0.2965
vn 0.7882 -0.4469 0.4231
vn 0.8748 -0.4332 0.2170
vn 0.8775 -0.4322 0.2078
vn -0.2171 -0.1459 0.9652
vn -0.2891 -0.1113 0.9508
vn -0.0706 -0.2118 0.9748
vn -0.2172 -0.1461 0.9651
vn -0.2891 -0.1114 0.9508
vn 0.4868 -0.4037 0.7746
vn -0.0703 -0.2116 0.9748
vn 0.6053 -0.4292 0.6704
vn 0.4867 -0.4040 0.7745
vn -0.0704 -0.2118 0.9748
vn 0.7881 -0.4469 0.4232
vn 0.6054 -0.4292 0.6703
vn 0.8092 -0.4460 0.3824
vn 0.7882 -0.4467 0.4233
vn 0.4870 -0.4038 0.7745
vn 0.5051 -0.0043 -0.8631
vn 0.5069 -0.0054 -0.8620
vn 0.8347 -0.4432 0.3267
vn 0.8075 -0.4461 0.3859
vn 0.8430 -0.4419 0.3068
vn 0.7811 -0.4471 0.4359
vn 0.8579 -0.4386 0.2677
vn 0.8430 -0.4419 0.3067
vn -0.8216 0.2259 0.5233
vn -0.8672 0.2721 0.4170
vn -0.8215 0.2262 0.5235
vn -0.8918 0.3031 0.3360
vn -0.8671 0.2723 0.4171
vn 0.6835 -0.4410 0.5817
vn 0.6037 -0.4289 0.6720
vn 0.7218 -0.4448 0.5302
vn 0.6036 -0.4289 0.6721
vn 0.7810 -0.4471 0.4360
vn 0.8075 -0.4461 0.3860
vn 0.7810 -0.4471 0.4361
vn 0.6836 -0.4410 0.5815
vn -0.8918 0.3031 0.3359
vn -0.9056 0.3241 0.2736
vn -0.8672 0.2723 0.4170
vn -0.9054 0.3246 0.2738
vn 0.7809 -0.4471 0.4363
vn 0.7753 -0.4470 0.4462
vn 0.7873 -0.4470 0.4247
vn 0.7808 -0.4471 0.4364
vn 0.7554 -0.4467 0.4793
vn 0.7856 -0.4470 0.4278
vn 0.3520 -0.3668 0.8611
vn 0.2967 -0.3497 0.8886
vn 0.4953 -0.4059 0.7681
vn 0.4365 -0.3909 0.8103
vn 0.6541 -0.4371 0.6173
vn 0.4955 -0.4058 0.7680
vn 0.7034 -0.4432 0.5557
vn 0.3521 -0.3668 0.8611
vn -0.8279 0.2319 0.5107
vn -0.5543 0.5946 0.5825
vn -0.8278 0.2319 0.5108
vn -0.6477 0.0928 0.7562
vn -0.4525 0.5723 0.6840
vn -0.9083 0.3297 0.2574
vn -0.5543 0.5946 0.5824
vn -0.9083 0.3298 0.2575
vn -0.8279 0.2320 0.5106
vn 0.4367 -0.3909 0.8102
vn 0.4895 -0.4044 0.7725
vn 0.2968 -0.3497 0.8886
vn 0.4515 -0.3947 0.8002
vn 0.4895 -0.4044 0.7726
vn 0.7976 -0.4467 0.4054
vn 0.7855 -0.4470 0.4279
vn 0.8119 -0.4457 0.3770
vn 0.8300 -0.4439 0.3377
vn 0.8486 -0.4409 0.2924
vn 0.8488 -0.4406 0.2923
vn 0.8337 -0.4434 0.3291
vn 0.8887 -0.4270 0.1673
vn 0.7947 -0.4468 0.4108
vn 0.7664 -0.4470 0.4612
vn 0.7946 -0.4468 0.4111
vn 0.8337 -0.4434 0.3292
vn 0.7946 -0.4468 0.4110
vn 0.8771 -0.4323 0.2092
vn 0.8748 -0.4332 0.2169
vn 0.8445 -0.4415 0.3032
vt 0.538730 0.084080
vt 0.542980 0.084530
vt 0.537390 0.102160
vt 0.502300 0.783990
vt 0.503780 0.752460
vt 0.506260 0.771830
vt 0.507860 0.090050
vt 0.519080 0.072990
vt 0.511750 0.118430
vt 0.484870 0.136400
vt 0.501140 0.106910
vt 0.484260 0.254300
vt 0.463150 0.280560
vt 0.473200 0.238980
vt 0.461180 0.475250
vt 0.450310 0.492820
vt 0.447770 0.472730
vt 0.455130 0.572060
vt 0.467870 0.586530
vt 0.457580 0.588460
vt 0.546160 0.103780
vt 0.547290 0.084610
vt 0.478470 0.812650
vt 0.486120 0.768810
vt 0.495750 0.752160
vt 0.577210 0.094680
vt 0.568330 0.076190
vt 0.578230 0.172610
vt 0.594410 0.143620
vt 0.594930 0.186140
vt 0.596440 0.289580
vt 0.574710 0.265750
vt 0.591810 0.247020
vt 0.581620 0.501170
vt 0.569820 0.481910
vt 0.586650 0.481670
vt 0.551480 0.591120
vt 0.566780 0.579220
vt 0.562210 0.595180
vt 0.493960 0.826310
vt 0.485620 0.825070
vt 0.495650 0.815420
vt 0.486270 0.813040
vt 0.510190 0.744460
vt 0.533720 0.675090
vt 0.509730 0.661090
vt 0.540330 0.654100
vt 0.515230 0.576180
vt 0.554820 0.561100
vt 0.555550 0.543750
vt 0.561220 0.514730
vt 0.520730 0.487520
vt 0.571030 0.407150
vt 0.526110 0.403870
vt 0.574580 0.389560
vt 0.599230 0.406380
vt 0.591350 0.400700
vt 0.597400 0.398090
vt 0.576480 0.367330
vt 0.578690 0.322460
vt 0.531690 0.322640
vt 0.582050 0.112210
vt 0.589220 0.120050
vt 0.566220 0.125160
vt 0.542460 0.151760
vt 0.562580 0.116330
vt 0.554850 0.077620
vt 0.469200 0.813060
vt 0.476920 0.824500
vt 0.466860 0.823640
vt 0.485500 0.743570
vt 0.472480 0.649640
vt 0.501360 0.660540
vt 0.475930 0.671340
vt 0.467480 0.555300
vt 0.506770 0.575650
vt 0.470450 0.538050
vt 0.469440 0.382520
vt 0.518030 0.403350
vt 0.470150 0.401560
vt 0.447520 0.388370
vt 0.453210 0.391730
vt 0.444670 0.396380
vt 0.470280 0.358860
vt 0.470210 0.316680
vt 0.523110 0.322070
vt 0.493040 0.113750
vt 0.493510 0.169930
vt 0.535010 0.151300
vt 0.516880 0.107550
vt 0.532190 0.076300
vt 0.512630 0.487000
vt 0.469560 0.508300
vt 0.600100 0.254910
vt 0.599960 0.241460
vt 0.598610 0.240640
vt 0.599160 0.240850
vt 0.467280 0.231780
vt 0.465840 0.232420
vt 0.466710 0.231920
vt 0.463980 0.245730
vt 0.538740 0.151510
vt 0.478410 0.178410
vt 0.460590 0.314970
vt 0.456890 0.514790
vt 0.456050 0.550720
vt 0.478000 0.782200
vt 0.593720 0.323770
vt 0.572450 0.522170
vt 0.568550 0.557950
vt 0.578230 0.093830
vt 0.583020 0.111310
vt 0.596060 0.185420
vt 0.594540 0.222260
vt 0.595720 0.221720
vt 0.592380 0.246170
vt 0.595020 0.323460
vt 0.590910 0.358760
vt 0.592220 0.358440
vt 0.588450 0.386750
vt 0.589740 0.386640
vt 0.582990 0.408220
vt 0.583330 0.407670
vt 0.573780 0.522250
vt 0.569060 0.535610
vt 0.570350 0.535310
vt 0.569840 0.557660
vt 0.556280 0.654480
vt 0.545110 0.684560
vt 0.554960 0.654220
vt 0.546420 0.684860
vt 0.533960 0.718510
vt 0.535220 0.718970
vt 0.503580 0.784290
vt 0.481180 0.826200
vt 0.481280 0.824840
vt 0.476920 0.826010
vt 0.511000 0.575920
vt 0.516680 0.487260
vt 0.522070 0.403610
vt 0.527400 0.322350
vt 0.537210 0.239540
vt 0.532900 0.239250
vt 0.505550 0.660810
vt 0.499770 0.752310
vt 0.482340 0.812860
vt 0.484950 0.903000
vt 0.480030 0.902530
vt 0.485340 0.826360
vt 0.494360 0.826840
vt 0.493240 0.902780
vt 0.569590 0.602290
vt 0.566400 0.620220
vt 0.568120 0.597850
vt 0.568990 0.599260
vt 0.598910 0.426990
vt 0.593410 0.456710
vt 0.577200 0.225060
vt 0.528590 0.238960
vt 0.475260 0.902560
vt 0.466310 0.824000
vt 0.466730 0.902960
vt 0.468910 0.714410
vt 0.463170 0.679210
vt 0.449380 0.594600
vt 0.457460 0.647910
vt 0.450330 0.612770
vt 0.451390 0.590380
vt 0.450350 0.591670
vt 0.442410 0.416900
vt 0.444170 0.447100
vt 0.460580 0.400240
vt 0.459170 0.350210
vt 0.487060 0.218400
vt 0.473850 0.214220
vt 0.458090 0.378310
vt 0.458520 0.528500
vt 0.466180 0.902550
vt 0.465310 0.824480
vt 0.601340 0.254450
vt 0.597730 0.289220
vt 0.600900 0.240640
vt 0.599750 0.239760
vt 0.598790 0.239460
vt 0.467260 0.230590
vt 0.472750 0.238060
vt 0.466260 0.230760
vt 0.465020 0.231490
vt 0.462810 0.245120
vt 0.461920 0.280020
vt 0.539350 0.082950
vt 0.543060 0.083290
vt 0.497000 0.815440
vt 0.506950 0.089080
vt 0.519250 0.071880
vt 0.477390 0.177540
vt 0.483870 0.135490
vt 0.459340 0.314480
vt 0.448980 0.492800
vt 0.446410 0.472620
vt 0.455560 0.514710
vt 0.453840 0.571910
vt 0.454810 0.550270
vt 0.456690 0.587830
vt 0.546800 0.083410
vt 0.467960 0.812540
vt 0.476720 0.781990
vt 0.568310 0.075060
vt 0.595520 0.142840
vt 0.582940 0.501300
vt 0.588010 0.481730
vt 0.568080 0.579250
vt 0.563180 0.594660
vt 0.567740 0.620410
vt 0.570940 0.602180
vt 0.570170 0.598750
vt 0.568860 0.596980
vt 0.594750 0.456710
vt 0.600240 0.426770
vt 0.597680 0.397190
vt 0.600450 0.405880
vt 0.590780 0.399550
vt 0.590060 0.119060
vt 0.554010 0.076530
vt 0.467570 0.714560
vt 0.461830 0.679320
vt 0.448980 0.612800
vt 0.448060 0.594320
vt 0.456110 0.648000
vt 0.450760 0.589430
vt 0.449250 0.591020
vt 0.442840 0.446930
vt 0.441130 0.416510
vt 0.447360 0.387440
vt 0.453920 0.390650
vt 0.443520 0.395740
vt 0.460310 0.399640
vt 0.457910 0.349740
vt 0.472760 0.213520
vt 0.492330 0.112660
vt 0.500280 0.105900
vt 0.533160 0.075370
vt 0.456830 0.378030
vt 0.457280 0.528040
vt 0.408040 0.629180
vt 0.408660 0.665730
vt 0.428500 0.629010
vt 0.448950 0.628850
vt 0.399810 0.723940
vt 0.403790 0.723930
vt 0.398140 0.726500
vt 0.695900 0.506030
vt 0.682450 0.505710
vt 0.733940 0.454710
vt 0.415070 0.723910
vt 0.416920 0.723920
vt 0.715500 0.454380
vt 0.395580 0.724110
vt 0.391290 0.724270
vt 0.388230 0.724430
vt 0.418180 0.723930
vt 0.412020 0.723910
vt 0.408040 0.723920
vt 0.378080 0.724910
vt 0.379460 0.724760
vt 0.377940 0.724910
vt 0.382990 0.724600
vt 0.307000 0.029080
vt 0.384250 0.006150
vt 0.355260 0.028440
vt 0.346080 0.006660
vt 0.422070 0.005650
vt 0.403200 0.027790
vt 0.096020 0.378580
vt 0.095610 0.326780
vt 0.098680 0.280200
vt 0.101870 0.248700
vt 0.170700 0.564090
vt 0.135010 0.512150
vt 0.480310 0.004920
vt 0.477090 0.027200
vt 0.539070 0.004690
vt 0.550970 0.026600
vt 0.579940 0.004830
vt 0.602640 0.026770
vt 0.646250 0.004760
vt 0.686460 0.026690
vt 0.701490 0.004780
vt 0.756290 0.026710
vt 0.736470 0.004970
vt 0.800520 0.026950
vt 0.138030 0.031480
vt 0.128030 0.063520
vt 0.116160 0.031660
vt 0.206280 0.603350
vt 0.112790 0.144720
vt 0.106770 0.185920
vt 0.113120 0.460990
vt 0.103270 0.422450
vt 0.118790 0.099290
vt 0.103830 0.214980
vt 0.407790 0.597760
vt 0.375940 0.630460
vt 0.370460 0.598720
vt 0.250430 0.419610
vt 0.300990 0.457020
vt 0.255510 0.458000
vt 0.297500 0.418680
vt 0.212170 0.030370
vt 0.261380 0.061670
vt 0.205590 0.062380
vt 0.266250 0.029670
vt 0.294440 0.322720
vt 0.350570 0.372850
vt 0.294850 0.374030
vt 0.350160 0.321650
vt 0.160250 0.063000
vt 0.168540 0.030980
vt 0.152590 0.098850
vt 0.353810 0.060410
vt 0.403750 0.096270
vt 0.352510 0.096570
vt 0.403460 0.059760
vt 0.295210 0.276620
vt 0.350360 0.275680
vt 0.303840 0.061070
vt 0.249030 0.245280
vt 0.247560 0.277510
vt 0.296100 0.244150
vt 0.256900 0.097680
vt 0.199530 0.098310
vt 0.185090 0.376390
vt 0.133580 0.325860
vt 0.184680 0.324830
vt 0.133990 0.377530
vt 0.226180 0.602530
vt 0.196470 0.563270
vt 0.352080 0.417690
vt 0.190040 0.420650
vt 0.246630 0.375160
vt 0.254080 0.142480
vt 0.195650 0.143320
vt 0.147660 0.144070
vt 0.189860 0.213430
vt 0.188640 0.246510
vt 0.249880 0.212520
vt 0.836110 0.027250
vt 0.784310 0.005510
vt 0.860980 0.027640
vt 0.764630 0.005210
vt 0.296580 0.211720
vt 0.300960 0.097160
vt 0.142690 0.184970
vt 0.186600 0.278490
vt 0.138690 0.247660
vt 0.136070 0.279400
vt 0.404420 0.179600
vt 0.478550 0.209390
vt 0.404670 0.209990
vt 0.478310 0.179000
vt 0.343520 0.631740
vt 0.381980 0.666770
vt 0.354970 0.667820
vt 0.308560 0.508250
vt 0.266660 0.509210
vt 0.212410 0.008550
vt 0.236540 0.008150
vt 0.405970 0.371670
vt 0.405560 0.320590
vt 0.191740 0.183930
vt 0.251230 0.182790
vt 0.252570 0.635530
vt 0.237910 0.636670
vt 0.196710 0.459080
vt 0.140090 0.421600
vt 0.148350 0.460090
vt 0.140280 0.214260
vt 0.351230 0.140970
vt 0.299200 0.141750
vt 0.297400 0.181770
vt 0.407050 0.506200
vt 0.364270 0.559480
vt 0.357970 0.507220
vt 0.407470 0.558520
vt 0.246220 0.323720
vt 0.353980 0.455980
vt 0.477640 0.095670
vt 0.477340 0.059160
vt 0.351070 0.180680
vt 0.404100 0.140170
vt 0.271060 0.007670
vt 0.313840 0.007120
vt 0.166660 0.511270
vt 0.468760 0.454440
vt 0.520860 0.505290
vt 0.463950 0.505740
vt 0.530880 0.453940
vt 0.440120 0.597500
vt 0.551230 0.058570
vt 0.478810 0.241190
vt 0.404920 0.241780
vt 0.794300 0.005430
vt 0.873620 0.027530
vt 0.302670 0.600590
vt 0.318610 0.632960
vt 0.332820 0.599690
vt 0.552440 0.208800
vt 0.552200 0.178410
vt 0.405190 0.274870
vt 0.479440 0.320000
vt 0.479070 0.274150
vt 0.474120 0.416160
vt 0.406330 0.416700
vt 0.476540 0.371100
vt 0.541900 0.415610
vt 0.547120 0.370530
vt 0.320740 0.560440
vt 0.284720 0.561340
vt 0.280370 0.634290
vt 0.335690 0.668810
vt 0.302700 0.669910
vt 0.211440 0.510280
vt 0.235380 0.562350
vt 0.350780 0.210850
vt 0.350670 0.242970
vt 0.553330 0.319400
vt 0.499180 0.557780
vt 0.453330 0.558150
vt 0.472440 0.597240
vt 0.406640 0.454940
vt 0.259210 0.601600
vt 0.351810 0.140960
vt 0.403750 0.096120
vt 0.477990 0.139580
vt 0.551880 0.138980
vt 0.552700 0.240590
vt 0.552960 0.273550
vt 0.405190 0.274740
vt 0.231500 0.636720
vt 0.551520 0.094810
vt 0.602240 0.058600
vt 0.601790 0.094990
vt 0.861240 0.059650
vt 0.873870 0.059550
vt 0.433710 0.665670
vt 0.506100 0.628840
vt 0.480590 0.628820
vt 0.460490 0.665600
vt 0.752650 0.094960
vt 0.800770 0.058940
vt 0.756550 0.058700
vt 0.795470 0.095200
vt 0.836360 0.059250
vt 0.531400 0.628870
vt 0.485540 0.665550
vt 0.405540 0.059890
vt 0.477640 0.095470
vt 0.772060 0.274070
vt 0.807230 0.241440
vt 0.777760 0.241100
vt 0.800040 0.274420
vt 0.829670 0.095520
vt 0.853140 0.095920
vt 0.551060 0.628930
vt 0.504770 0.665540
vt 0.601220 0.139180
vt 0.579020 0.454030
vt 0.651180 0.415770
vt 0.583290 0.415800
vt 0.642370 0.454000
vt 0.570130 0.597310
vt 0.543640 0.597240
vt 0.590980 0.597430
vt 0.825360 0.139750
vt 0.847900 0.140160
vt 0.792100 0.139420
vt 0.742380 0.209010
vt 0.675940 0.240760
vt 0.739650 0.240820
vt 0.677670 0.208950
vt 0.691740 0.454090
vt 0.733380 0.416150
vt 0.705080 0.415860
vt 0.600130 0.178610
vt 0.598980 0.209010
vt 0.647420 0.558330
vt 0.631850 0.558110
vt 0.605260 0.597600
vt 0.818690 0.179200
vt 0.839830 0.179620
vt 0.595120 0.319630
vt 0.673220 0.273730
vt 0.597020 0.273770
vt 0.669060 0.319590
vt 0.608940 0.557950
vt 0.575900 0.557860
vt 0.598240 0.240810
vt 0.811940 0.209620
vt 0.831690 0.210040
vt 0.746330 0.178610
vt 0.680220 0.178560
vt 0.786820 0.178870
vt 0.684210 0.094920
vt 0.682700 0.139120
vt 0.657480 0.505480
vt 0.750210 0.139170
vt 0.825980 0.241870
vt 0.817300 0.274850
vt 0.781480 0.209280
vt 0.592510 0.370710
vt 0.789070 0.320300
vt 0.804060 0.320740
vt 0.512320 0.597210
vt 0.619130 0.505360
vt 0.774360 0.371400
vt 0.786330 0.371850
vt 0.751670 0.371050
vt 0.720350 0.370760
vt 0.685400 0.058660
vt 0.763360 0.319950
vt 0.753040 0.416510
vt 0.768540 0.416910
vt 0.729010 0.319670
vt 0.741630 0.455130
vt 0.567930 0.505340
vt 0.705750 0.506380
vt 0.663420 0.370670
vt 0.735450 0.273800
vt 0.542520 0.557780
vt 0.651730 0.558650
vt 0.611210 0.597840
vt 0.563370 0.629060
vt 0.865780 0.095820
vt 0.709890 0.506350
vt 0.655770 0.558610
vt 0.615260 0.597810
vt 0.280450 0.670920
vt 0.271720 0.671820
vt 0.573520 0.629210
vt 0.577570 0.629180
vt 0.686710 0.058670
vt 0.602900 0.058750
vt 0.551520 0.094800
vt 0.516440 0.665590
vt 0.860540 0.140060
vt 0.524360 0.665680
vt 0.361350 0.722030
vt 0.361600 0.722030
vt 0.429040 0.720210
vt 0.423480 0.720220
vt 0.416230 0.720230
vt 0.270860 0.671830
vt 0.434710 0.720250
vt 0.408480 0.720250
vt 0.432420 0.720230
vt 0.401230 0.720270
vt 0.852470 0.179520
vt 0.393510 0.720570
vt 0.844320 0.209940
vt 0.838620 0.241760
vt 0.829940 0.274750
vt 0.816700 0.320640
vt 0.798960 0.371750
vt 0.775520 0.416850
vt 0.748610 0.455070
vt 0.195110 0.008690
vt 0.385690 0.720870
vt 0.380110 0.721160
vt 0.370570 0.721480
vt 0.364130 0.721770
vt 0.480620 0.005160
vt 0.422180 0.005640
vt 0.544000 0.093320
vt 0.546070 0.080630
vt 0.540300 0.100870
vt 0.519730 0.855130
vt 0.507710 0.904320
vt 0.512280 0.835000
vt 0.541400 0.080240
vt 0.509180 0.088180
vt 0.518800 0.068810
vt 0.511040 0.118680
vt 0.481470 0.139530
vt 0.498430 0.104570
vt 0.481230 0.273990
vt 0.457760 0.304700
vt 0.468290 0.256580
vt 0.459850 0.524480
vt 0.447790 0.544280
vt 0.444770 0.521890
vt 0.453790 0.634100
vt 0.468590 0.650300
vt 0.457020 0.652770
vt 0.549480 0.102460
vt 0.550760 0.080770
vt 0.498510 0.903720
vt 0.493160 0.853250
vt 0.503120 0.834470
vt 0.582050 0.092520
vt 0.574630 0.072070
vt 0.586640 0.179260
vt 0.603840 0.146460
vt 0.606010 0.194260
vt 0.609410 0.312410
vt 0.584350 0.285550
vt 0.603570 0.263960
vt 0.595760 0.551800
vt 0.582140 0.530310
vt 0.601100 0.529790
vt 0.563280 0.654270
vt 0.580560 0.640540
vt 0.575450 0.658760
vt 0.516630 0.919890
vt 0.506880 0.918200
vt 0.518540 0.907050
vt 0.528890 0.826580
vt 0.544290 0.749170
vt 0.517200 0.733610
vt 0.551500 0.725310
vt 0.521960 0.637830
vt 0.566690 0.620070
vt 0.567140 0.600240
vt 0.573030 0.567400
vt 0.526990 0.537580
vt 0.582450 0.445970
vt 0.531700 0.442990
vt 0.586140 0.425900
vt 0.613820 0.445810
vt 0.606280 0.439350
vt 0.612200 0.438560
vt 0.587770 0.400670
vt 0.589720 0.349840
vt 0.536390 0.350750
vt 0.591060 0.109970
vt 0.599460 0.120660
vt 0.572590 0.125980
vt 0.546410 0.156890
vt 0.568420 0.116360
vt 0.682830 0.787320
vt 0.660350 0.770820
vt 0.672370 0.773990
vt 0.487850 0.905020
vt 0.497500 0.917570
vt 0.488820 0.917700
vt 0.491710 0.825490
vt 0.474960 0.721150
vt 0.507930 0.733170
vt 0.478850 0.745890
vt 0.467610 0.614810
vt 0.512580 0.637360
vt 0.470870 0.595090
vt 0.467100 0.419640
vt 0.522360 0.442530
vt 0.468210 0.441320
vt 0.442480 0.430290
vt 0.448530 0.431660
vt 0.439910 0.437330
vt 0.467910 0.392830
vt 0.467050 0.345200
vt 0.526970 0.350280
vt 0.488810 0.114300
vt 0.491200 0.177190
vt 0.537250 0.156380
vt 0.516990 0.106710
vt 0.665850 0.788950
vt 0.677060 0.786440
vt 0.655740 0.800910
vt 0.517670 0.537110
vt 0.469510 0.561530
vt 0.613340 0.273710
vt 0.613260 0.259300
vt 0.611690 0.258140
vt 0.612450 0.258390
vt 0.460840 0.250040
vt 0.459240 0.251030
vt 0.460080 0.250230
vt 0.457560 0.265550
vt 0.541830 0.156630
vt 0.525980 0.870800
vt 0.473940 0.186920
vt 0.456150 0.343540
vt 0.455310 0.568900
vt 0.454540 0.609700
vt 0.484870 0.868480
vt 0.606760 0.351140
vt 0.585800 0.575550
vt 0.582270 0.616220
vt 0.583090 0.091500
vt 0.592190 0.108730
vt 0.607280 0.193390
vt 0.606310 0.235660
vt 0.607560 0.234800
vt 0.675500 0.836570
vt 0.653430 0.816870
vt 0.675870 0.835080
vt 0.653060 0.818360
vt 0.638470 0.924140
vt 0.604280 0.902170
vt 0.638840 0.922650
vt 0.603910 0.903660
vt 0.577610 0.884070
vt 0.577240 0.885550
vt 0.554590 0.872910
vt 0.554220 0.874390
vt 0.618700 0.720370
vt 0.629940 0.708250
vt 0.620180 0.720810
vt 0.628460 0.707810
vt 0.583750 0.590240
vt 0.582320 0.590750
vt 0.583700 0.615710
vt 0.696840 0.671530
vt 0.689760 0.667530
vt 0.696960 0.671210
vt 0.689650 0.667850
vt 0.681440 0.664160
vt 0.681320 0.664480
vt 0.665420 0.658010
vt 0.665310 0.658330
vt 0.652630 0.652530
vt 0.651780 0.651880
vt 0.652750 0.652220
vt 0.651670 0.652190
vt 0.517270 0.637590
vt 0.522330 0.537350
vt 0.527020 0.442760
vt 0.531680 0.350510
vt 0.541160 0.256240
vt 0.536470 0.256000
vt 0.512560 0.733380
vt 0.507700 0.834740
vt 0.503110 0.904020
vt 0.670900 0.695080
vt 0.588980 0.680030
vt 0.590720 0.674980
vt 0.669750 0.699660
vt 0.666860 0.709160
vt 0.587120 0.688820
vt 0.568000 0.725280
vt 0.584240 0.666680
vt 0.580700 0.687090
vt 0.582330 0.661290
vt 0.583610 0.662900
vt 0.614540 0.468160
vt 0.608610 0.501840
vt 0.595980 0.447010
vt 0.586560 0.239140
vt 0.531790 0.255750
vt 0.591900 0.669950
vt 0.672050 0.690510
vt 0.673970 0.681990
vt 0.593560 0.660890
vt 0.472510 0.794750
vt 0.464540 0.755140
vt 0.455500 0.659970
vt 0.465130 0.720030
vt 0.456740 0.680660
vt 0.600900 0.634870
vt 0.595720 0.636900
vt 0.599220 0.636050
vt 0.602670 0.635310
vt 0.502190 0.917900
vt 0.436990 0.459390
vt 0.439830 0.493420
vt 0.457360 0.440040
vt 0.455230 0.383180
vt 0.484020 0.232770
vt 0.468820 0.228080
vt 0.454140 0.414940
vt 0.457230 0.584370
vt 0.603980 0.390710
vt 0.601850 0.422420
vt 0.557200 0.759680
vt 0.544880 0.797610
vt 0.595200 0.659990
vt 0.674030 0.680670
vt 0.614730 0.273200
vt 0.610870 0.311980
vt 0.614530 0.258240
vt 0.613270 0.256980
vt 0.612160 0.256530
vt 0.603560 0.262440
vt 0.460600 0.248490
vt 0.468450 0.255080
vt 0.459530 0.248780
vt 0.458060 0.249770
vt 0.456210 0.264870
vt 0.456340 0.304120
vt 0.542000 0.078810
vt 0.546150 0.079240
vt 0.658290 0.654060
vt 0.658170 0.654380
vt 0.508260 0.087050
vt 0.518870 0.067760
vt 0.472780 0.185910
vt 0.480300 0.138520
vt 0.649970 0.849160
vt 0.687710 0.839980
vt 0.649870 0.850690
vt 0.687800 0.838460
vt 0.642890 0.790730
vt 0.640610 0.767930
vt 0.644440 0.790900
vt 0.639060 0.767760
vt 0.645020 0.817120
vt 0.646570 0.817290
vt 0.621680 0.633400
vt 0.645670 0.633250
vt 0.621490 0.634890
vt 0.645860 0.631750
vt 0.602870 0.633820
vt 0.550330 0.079280
vt 0.647470 0.650590
vt 0.639670 0.648890
vt 0.647580 0.650280
vt 0.639550 0.649210
vt 0.574680 0.071010
vt 0.605120 0.145590
vt 0.671360 0.945690
vt 0.671730 0.944200
vt 0.606780 0.743800
vt 0.608270 0.744230
vt 0.594600 0.763430
vt 0.596090 0.763870
vt 0.663410 0.640150
vt 0.646110 0.631260
vt 0.663780 0.638670
vt 0.645740 0.632750
vt 0.685700 0.650700
vt 0.686080 0.649220
vt 0.655770 0.652840
vt 0.653720 0.652560
vt 0.655880 0.652520
vt 0.653600 0.652880
vt 0.704910 0.675520
vt 0.705020 0.675200
vt 0.709100 0.677460
vt 0.709220 0.677140
vt 0.585070 0.662070
vt 0.586130 0.666290
vt 0.583270 0.660030
vt 0.576000 0.657310
vt 0.582190 0.790180
vt 0.583670 0.790610
vt 0.562700 0.819070
vt 0.564190 0.819500
vt 0.612880 0.437350
vt 0.615190 0.445250
vt 0.605890 0.437810
vt 0.595360 0.445600
vt 0.616000 0.467780
vt 0.600580 0.119580
vt 0.560890 0.072830
vt 0.561740 0.074110
vt 0.650220 0.650970
vt 0.650330 0.650660
vt 0.623560 0.644060
vt 0.615300 0.641230
vt 0.623670 0.643750
vt 0.615190 0.641540
vt 0.599360 0.638200
vt 0.595150 0.636820
vt 0.599470 0.637890
vt 0.595050 0.637120
vt 0.607820 0.640060
vt 0.607920 0.639750
vt 0.600800 0.633550
vt 0.598580 0.634500
vt 0.595290 0.635550
vt 0.637730 0.738070
vt 0.632190 0.703850
vt 0.639280 0.738240
vt 0.630640 0.703680
vt 0.441980 0.428850
vt 0.449030 0.430380
vt 0.438600 0.436610
vt 0.435580 0.458870
vt 0.458090 0.438770
vt 0.610850 0.858350
vt 0.610760 0.859880
vt 0.467670 0.227080
vt 0.487810 0.113100
vt 0.497430 0.103200
vt 0.532290 0.071190
vt 0.531300 0.072370
vt 0.653520 0.815340
vt 0.680300 0.806220
vt 0.680390 0.804690
vt 0.579990 0.867630
vt 0.579890 0.869160
vt 0.554680 0.871380
vt 0.649310 0.832550
vt 0.650860 0.832720
vt 0.453170 0.609040
vt 0.455870 0.583710
vt 0.497710 0.453630
vt 0.494230 0.459970
vt 0.496180 0.455890
vt 0.458140 0.436550
vt 0.459740 0.434890
vt 0.459900 0.435190
vt 0.456350 0.436370
vt 0.456410 0.435830
vt 0.460080 0.435830
vt 0.456580 0.435210
vt 0.460140 0.436410
vt 0.456930 0.434640
vt 0.460090 0.436890
vt 0.457130 0.434430
vt 0.457300 0.434300
vt 0.457610 0.434090
vt 0.459960 0.437370
vt 0.457950 0.433990
vt 0.458290 0.433950
vt 0.458620 0.434020
vt 0.458880 0.434100
vt 0.459180 0.434320
vt 0.459420 0.434520
vt 0.459590 0.434720
vt 0.459550 0.438100
vt 0.459310 0.438340
vt 0.459060 0.438520
vt 0.458810 0.438620
vt 0.458290 0.438750
vt 0.457760 0.438660
vt 0.457490 0.438560
vt 0.457240 0.438400
vt 0.456820 0.437940
vt 0.456540 0.437370
vt 0.456400 0.436900
vt 0.438600 0.390430
vt 0.428170 0.396140
vt 0.431380 0.395110
vt 0.436510 0.389460
vt 0.446130 0.387160
vt 0.444770 0.385010
vt 0.469200 0.385010
vt 0.457340 0.385500
vt 0.468550 0.387160
vt 0.456840 0.383040
vt 0.476080 0.390430
vt 0.485800 0.396140
vt 0.478040 0.389850
vt 0.483300 0.395110
vt 0.487820 0.400920
vt 0.497590 0.414840
vt 0.492560 0.405110
vt 0.493780 0.410100
vt 0.499490 0.422390
vt 0.498410 0.421110
vt 0.500590 0.430300
vt 0.500180 0.427900
vt 0.500750 0.438540
vt 0.502080 0.437610
vt 0.500180 0.447330
vt 0.499180 0.446830
vt 0.490970 0.465330
vt 0.491150 0.464180
vt 0.484560 0.472430
vt 0.486160 0.470280
vt 0.476680 0.478170
vt 0.477750 0.476790
vt 0.468550 0.482180
vt 0.468890 0.481370
vt 0.445480 0.482040
vt 0.438000 0.478170
vt 0.437900 0.478280
vt 0.446130 0.482180
vt 0.430120 0.472430
vt 0.428310 0.470970
vt 0.422040 0.463310
vt 0.423710 0.465330
vt 0.417790 0.455890
vt 0.420450 0.459970
vt 0.416490 0.452450
vt 0.414500 0.447330
vt 0.414960 0.447490
vt 0.416970 0.453630
vt 0.412600 0.437610
vt 0.413220 0.438540
vt 0.414500 0.427900
vt 0.413440 0.429680
vt 0.416260 0.421110
vt 0.414440 0.422590
vt 0.420900 0.410100
vt 0.416380 0.414840
vt 0.423920 0.401390
vt 0.426860 0.400920
vt 0.482640 0.491380
vt 0.484400 0.548530
vt 0.472000 0.496620
vt 0.504040 0.538850
vt 0.492940 0.483880
vt 0.523060 0.525000
vt 0.457340 0.485050
vt 0.456960 0.483570
vt 0.501330 0.474580
vt 0.538550 0.507830
vt 0.505590 0.467570
vt 0.546420 0.494900
vt 0.429250 0.391810
vt 0.436020 0.384240
vt 0.437060 0.386750
vt 0.427800 0.389570
vt 0.434390 0.486170
vt 0.421740 0.483880
vt 0.425040 0.479370
vt 0.432040 0.491380
vt 0.510140 0.459280
vt 0.554820 0.479580
vt 0.513370 0.451040
vt 0.559430 0.464410
vt 0.406510 0.449570
vt 0.398820 0.438330
vt 0.404250 0.438050
vt 0.401310 0.451040
vt 0.401310 0.425630
vt 0.406510 0.426530
vt 0.444040 0.490930
vt 0.442680 0.496620
vt 0.403620 0.416750
vt 0.408600 0.418470
vt 0.409680 0.402340
vt 0.414100 0.405400
vt 0.417480 0.390340
vt 0.421180 0.394510
vt 0.423390 0.382740
vt 0.426540 0.387610
vt 0.470640 0.490930
vt 0.457340 0.500380
vt 0.457340 0.494340
vt 0.480290 0.486170
vt 0.432830 0.376620
vt 0.435110 0.382060
vt 0.489640 0.479370
vt 0.497250 0.470930
vt 0.501110 0.464580
vt 0.505240 0.457050
vt 0.508170 0.449570
vt 0.408590 0.448990
vt 0.406430 0.437940
vt 0.408590 0.426890
vt 0.410600 0.419160
vt 0.415880 0.406620
vt 0.422660 0.396180
vt 0.444040 0.378180
vt 0.444590 0.380530
vt 0.457340 0.376210
vt 0.457340 0.378640
vt 0.470640 0.378180
vt 0.470090 0.380530
vt 0.479570 0.382060
vt 0.478660 0.384240
vt 0.488140 0.387610
vt 0.486880 0.389570
vt 0.493500 0.394510
vt 0.492020 0.396180
vt 0.500580 0.405400
vt 0.498800 0.406620
vt 0.506080 0.418470
vt 0.504080 0.419160
vt 0.508170 0.426530
vt 0.506090 0.426890
vt 0.442680 0.372340
vt 0.457340 0.370170
vt 0.472000 0.372340
vt 0.481850 0.376620
vt 0.491290 0.382740
vt 0.497200 0.390340
vt 0.505000 0.402340
vt 0.511060 0.416750
vt 0.513370 0.425630
vt 0.515860 0.438330
vt 0.510430 0.438050
vt 0.508250 0.437940
vt 0.506090 0.448990
vt 0.411400 0.456160
vt 0.409440 0.457050
vt 0.415360 0.463370
vt 0.413570 0.464580
vt 0.419070 0.469470
vt 0.417430 0.470930
vt 0.404540 0.459280
vt 0.409090 0.467570
vt 0.426370 0.477560
vt 0.435330 0.484080
vt 0.444590 0.488650
vt 0.457340 0.491920
vt 0.470090 0.488650
vt 0.479350 0.484080
vt 0.353890 0.417470
vt 0.349300 0.440920
vt 0.358160 0.401070
vt 0.488310 0.477560
vt 0.495610 0.469470
vt 0.369350 0.374480
vt 0.383750 0.352310
vt 0.394670 0.338280
vt 0.499320 0.463370
vt 0.503280 0.456160
vt 0.413350 0.474580
vt 0.410980 0.448310
vt 0.408920 0.437810
vt 0.412100 0.326990
vt 0.430280 0.319090
vt 0.457340 0.315080
vt 0.484400 0.319090
vt 0.502580 0.326990
vt 0.520010 0.338280
vt 0.410980 0.427300
vt 0.530930 0.352310
vt 0.545330 0.374480
vt 0.556520 0.401070
vt 0.560790 0.417470
vt 0.561700 0.441050
vt 0.353890 0.464370
vt 0.359860 0.479580
vt 0.368260 0.494900
vt 0.376130 0.507830
vt 0.412890 0.419950
vt 0.417910 0.408030
vt 0.391620 0.525000
vt 0.424360 0.398100
vt 0.410640 0.538850
vt 0.430280 0.548530
vt 0.457340 0.555470
vt 0.445210 0.383210
vt 0.457340 0.381410
vt 0.469470 0.383210
vt 0.477620 0.386750
vt 0.485430 0.391810
vt 0.490320 0.398100
vt 0.496770 0.408030
vt 0.501790 0.419950
vt 0.503700 0.427300
vt 0.505760 0.437810
vt 0.503700 0.448310
vt 0.413650 0.455130
vt 0.436410 0.481690
vt 0.427890 0.475490
vt 0.417420 0.462000
vt 0.420950 0.467790
vt 0.445210 0.486030
vt 0.457340 0.489140
vt 0.469470 0.486030
vt 0.478270 0.481690
vt 0.486790 0.475490
vt 0.493730 0.467790
vt 0.501020 0.455130
vt 0.497260 0.462000
vt 0.472610 0.395440
vt 0.468970 0.415030
vt 0.466330 0.413330
vt 0.477280 0.398460
vt 0.473470 0.419840
vt 0.485280 0.407000
vt 0.467500 0.393590
vt 0.463460 0.412290
vt 0.476510 0.425790
vt 0.490690 0.417580
vt 0.457400 0.391920
vt 0.457770 0.411340
vt 0.477950 0.430670
vt 0.493240 0.426240
vt 0.447540 0.394380
vt 0.452220 0.412730
vt 0.478480 0.436190
vt 0.494170 0.436060
vt 0.442850 0.396200
vt 0.449580 0.413760
vt 0.477860 0.441850
vt 0.493080 0.446100
vt 0.438050 0.399550
vt 0.446880 0.415640
vt 0.476080 0.448250
vt 0.489920 0.457480
vt 0.433490 0.403970
vt 0.444310 0.418130
vt 0.472330 0.454260
vt 0.483250 0.468150
vt 0.425800 0.417580
vt 0.439980 0.425790
vt 0.470190 0.456450
vt 0.479460 0.472030
vt 0.423210 0.426480
vt 0.438520 0.430800
vt 0.468330 0.457740
vt 0.476160 0.474330
vt 0.422330 0.435280
vt 0.438030 0.435760
vt 0.464990 0.459950
vt 0.470210 0.478250
vt 0.423410 0.446100
vt 0.438630 0.441850
vt 0.461400 0.461000
vt 0.463840 0.480110
vt 0.426790 0.457850
vt 0.440540 0.448460
vt 0.457770 0.461400
vt 0.457390 0.480820
vt 0.429990 0.463530
vt 0.442340 0.451660
vt 0.454200 0.460700
vt 0.451060 0.479590
vt 0.432770 0.466700
vt 0.443900 0.453450
vt 0.451510 0.459820
vt 0.446280 0.478020
vt 0.436030 0.470360
vt 0.445740 0.455510
vt 0.448300 0.457610
vt 0.440570 0.474090
vt 0.459280 0.434320
vt 0.459030 0.434160
vt 0.459710 0.434780
vt 0.458750 0.434060
vt 0.460000 0.435350
vt 0.458200 0.433970
vt 0.460140 0.435820
vt 0.457670 0.434100
vt 0.460190 0.436350
vt 0.457420 0.434200
vt 0.460130 0.436900
vt 0.457160 0.434380
vt 0.459960 0.437510
vt 0.456910 0.434620
vt 0.459600 0.438090
vt 0.456500 0.435350
vt 0.459400 0.438300
vt 0.456360 0.435840
vt 0.459220 0.438420
vt 0.456310 0.436310
vt 0.458900 0.438630
vt 0.456370 0.436900
vt 0.458550 0.438730
vt 0.456550 0.437530
vt 0.458200 0.438770
vt 0.456720 0.437840
vt 0.457860 0.438710
vt 0.456870 0.438010
vt 0.457600 0.438620
vt 0.457050 0.438210
vt 0.457300 0.438410
vt 0.556490 0.434290
vt 0.771800 0.454700
vt 0.556490 0.452500
vt 0.771850 0.433190
vt 0.556490 0.318440
vt 0.771800 0.295070
vt 0.771850 0.318190
vt 0.556490 0.299720
vt 0.556490 0.483650
vt 0.771510 0.487330
vt 0.556490 0.504690
vt 0.771650 0.473400
vt 0.556490 0.281960
vt 0.771510 0.262440
vt 0.771710 0.283320
vt 0.556490 0.252040
vt 0.556490 0.291860
vt 0.771700 0.266340
vt 0.556490 0.279160
vt 0.771890 0.278110
vt 0.771790 0.469510
vt 0.556490 0.475750
vt 0.771700 0.483420
vt 0.556490 0.460990
vt 0.771520 0.491740
vt 0.556490 0.514010
vt 0.771360 0.496090
vt 0.556490 0.501710
vt 0.771460 0.492600
vt 0.556490 0.514630
vt 0.556490 0.414390
vt 0.771890 0.408720
vt 0.556490 0.375090
vt 0.771740 0.374480
vt 0.772020 0.295470
vt 0.556490 0.309540
vt 0.556490 0.268330
vt 0.771630 0.262730
vt 0.556490 0.518270
vt 0.771410 0.495640
vt 0.556490 0.450200
vt 0.556490 0.432560
vt 0.556490 0.480390
vt 0.556490 0.413270
vt 0.556490 0.500780
vt 0.556490 0.375190
vt 0.556490 0.510410
vt 0.556490 0.336680
vt 0.556490 0.337970
vt 0.556490 0.513940
vt 0.556490 0.320290
vt 0.556490 0.509810
vt 0.556490 0.302160
vt 0.556490 0.497890
vt 0.556490 0.284950
vt 0.556490 0.472730
vt 0.771890 0.341050
vt 0.556490 0.241930
vt 0.771460 0.257060
vt 0.556490 0.238510
vt 0.771410 0.254280
vt 0.556490 0.255900
vt 0.771360 0.253680
vt 0.556490 0.242720
vt 0.771530 0.258510
vt 0.556490 0.331760
vt 0.772040 0.322020
vt 0.556490 0.424970
vt 0.772110 0.407840
vt 0.556490 0.400150
vt 0.771990 0.432400
vt 0.771860 0.455690
vt 0.556490 0.448120
vt 0.556490 0.255960
vt 0.556490 0.458430
vt 0.556490 0.246160
vt 0.556490 0.445960
vt 0.556490 0.242840
vt 0.556490 0.423530
vt 0.556490 0.246930
vt 0.556490 0.399480
vt 0.556490 0.259700
vt 0.556490 0.375150
vt 0.556490 0.375040
vt 0.556490 0.271740
vt 0.556490 0.351240
vt 0.556490 0.350370
vt 0.556490 0.282240
vt 0.556490 0.333210
vt 0.556490 0.294540
vt 0.556490 0.311680
vt 0.771610 0.431100
vt 0.771610 0.418150
vt 0.771610 0.453260
vt 0.771610 0.403990
vt 0.771610 0.468220
vt 0.771610 0.376040
vt 0.771610 0.475290
vt 0.771610 0.348720
vt 0.771610 0.477880
vt 0.771610 0.335750
vt 0.771610 0.474850
vt 0.771610 0.322440
vt 0.771610 0.466100
vt 0.771610 0.309810
vt 0.771610 0.447640
vt 0.771610 0.288520
vt 0.771610 0.437140
vt 0.771610 0.281330
vt 0.771610 0.427990
vt 0.771610 0.278900
vt 0.771610 0.411520
vt 0.771610 0.281900
vt 0.771610 0.393870
vt 0.771610 0.291270
vt 0.771610 0.376010
vt 0.771610 0.300110
vt 0.771610 0.358460
vt 0.771610 0.307820
vt 0.771610 0.345230
vt 0.771610 0.316850
vt 0.771610 0.329420
vt 0.772030 0.343020
vt 0.772030 0.374820
vt 0.330430 0.523420
vt 0.300780 0.545550
vt 0.288400 0.524070
vt 0.365870 0.608410
vt 0.330860 0.627440
vt 0.331530 0.606490
vt 0.555180 0.102210
vt 0.542510 0.080940
vt 0.556240 0.081710
vt 0.461910 0.818010
vt 0.450140 0.867460
vt 0.437630 0.830780
vt 0.605200 0.125170
vt 0.617360 0.083340
vt 0.647060 0.108180
vt 0.667990 0.196610
vt 0.715160 0.166340
vt 0.722020 0.221090
vt 0.696940 0.375000
vt 0.746010 0.345640
vt 0.743710 0.382840
vt 0.734910 0.567320
vt 0.696060 0.541670
vt 0.749430 0.547350
vt 0.696820 0.646030
vt 0.657170 0.623490
vt 0.698200 0.625030
vt 0.332330 0.523340
vt 0.303100 0.544860
vt 0.290900 0.523720
vt 0.367600 0.608740
vt 0.333080 0.627620
vt 0.333600 0.607550
vt 0.554930 0.104750
vt 0.542350 0.083550
vt 0.556300 0.084330
vt 0.463360 0.817230
vt 0.452560 0.867450
vt 0.439820 0.830170
vt 0.604560 0.127900
vt 0.617190 0.086080
vt 0.646230 0.110960
vt 0.666370 0.198510
vt 0.712850 0.168750
vt 0.719490 0.222870
vt 0.695290 0.376300
vt 0.743990 0.347260
vt 0.741550 0.384180
vt 0.732650 0.566390
vt 0.694300 0.541490
vt 0.746960 0.546770
vt 0.694640 0.646000
vt 0.655520 0.623570
vt 0.696040 0.625880
vt 0.528790 0.080170
vt 0.527790 0.099640
vt 0.555760 0.872720
vt 0.518690 0.869720
vt 0.561540 0.857310
vt 0.547710 0.822830
vt 0.570110 0.837760
vt 0.467600 0.075210
vt 0.464530 0.111560
vt 0.435130 0.096770
vt 0.362350 0.147950
vt 0.394700 0.185710
vt 0.349940 0.201590
vt 0.312310 0.322970
vt 0.337180 0.357870
vt 0.310180 0.360440
vt 0.528390 0.082760
vt 0.527510 0.102190
vt 0.552940 0.873020
vt 0.546400 0.821890
vt 0.568070 0.836950
vt 0.467420 0.077890
vt 0.464640 0.114010
vt 0.435660 0.099360
vt 0.363150 0.150470
vt 0.395430 0.187980
vt 0.351030 0.203940
vt 0.314110 0.324760
vt 0.338800 0.359350
vt 0.312180 0.362010
vt 0.484100 0.882240
vt 0.454170 0.880850
vt 0.486180 0.866800
vt 0.454400 0.789650
vt 0.491470 0.800170
vt 0.398460 0.699930
vt 0.495810 0.710800
vt 0.414430 0.721770
vt 0.500090 0.627370
vt 0.373470 0.639400
vt 0.374070 0.590090
vt 0.346520 0.429770
vt 0.509650 0.447230
vt 0.351210 0.448790
vt 0.277580 0.438850
vt 0.297730 0.442240
vt 0.269760 0.447430
vt 0.344780 0.403690
vt 0.379800 0.293150
vt 0.513720 0.361120
vt 0.387040 0.124120
vt 0.414090 0.116770
vt 0.447930 0.125130
vt 0.525350 0.155520
vt 0.498130 0.073400
vt 0.505200 0.535010
vt 0.365590 0.557960
vt 0.555270 0.886650
vt 0.519390 0.886290
vt 0.520160 0.802530
vt 0.567140 0.794460
vt 0.606090 0.732860
vt 0.524890 0.713160
vt 0.625790 0.712530
vt 0.651580 0.652860
vt 0.528950 0.629150
vt 0.657810 0.604590
vt 0.672970 0.573950
vt 0.533110 0.536160
vt 0.686550 0.464190
vt 0.537640 0.447880
vt 0.694800 0.446950
vt 0.776850 0.470980
vt 0.747910 0.462870
vt 0.768780 0.461250
vt 0.698470 0.422500
vt 0.669580 0.312320
vt 0.542530 0.361280
vt 0.667350 0.127730
vt 0.693050 0.137400
vt 0.619750 0.136140
vt 0.552120 0.154410
vt 0.586850 0.075700
vt 0.482500 0.883840
vt 0.452340 0.880650
vt 0.484940 0.867820
vt 0.452980 0.790570
vt 0.490690 0.801090
vt 0.396820 0.700720
vt 0.495270 0.711620
vt 0.412830 0.722650
vt 0.499800 0.627670
vt 0.371850 0.639310
vt 0.372390 0.589860
vt 0.345010 0.428810
vt 0.509620 0.446450
vt 0.349850 0.447950
vt 0.277240 0.436390
vt 0.297900 0.439970
vt 0.268280 0.445330
vt 0.343170 0.402540
vt 0.378870 0.291300
vt 0.513780 0.359810
vt 0.386690 0.121590
vt 0.413540 0.114300
vt 0.447600 0.122690
vt 0.525620 0.153140
vt 0.498860 0.070860
vt 0.505100 0.534710
vt 0.363860 0.557810
vt 0.551220 0.887170
vt 0.517780 0.884270
vt 0.517690 0.868630
vt 0.519550 0.801540
vt 0.565830 0.793390
vt 0.604600 0.731830
vt 0.524470 0.712310
vt 0.624230 0.711580
vt 0.650030 0.652760
vt 0.528670 0.628840
vt 0.656130 0.604580
vt 0.671230 0.573860
vt 0.532860 0.536450
vt 0.685160 0.464850
vt 0.537330 0.448670
vt 0.693280 0.447760
vt 0.775170 0.472930
vt 0.747860 0.465140
vt 0.768220 0.463670
vt 0.696820 0.423470
vt 0.668240 0.313980
vt 0.542120 0.362620
vt 0.666030 0.130370
vt 0.692400 0.139950
vt 0.618960 0.137900
vt 0.551520 0.156860
vt 0.587290 0.078300
vt 0.325800 0.567770
vt 0.342670 0.643420
vt 0.538880 0.153760
vt 0.717610 0.298510
vt 0.707870 0.586900
vt 0.683360 0.660710
vt 0.327840 0.567290
vt 0.344210 0.643870
vt 0.538440 0.156170
vt 0.716410 0.300350
vt 0.705850 0.586210
vt 0.681810 0.660980
vt 0.747560 0.305930
vt 0.735660 0.288170
vt 0.738220 0.288540
vt 0.741400 0.289410
vt 0.314880 0.283290
vt 0.325970 0.267030
vt 0.328560 0.266870
vt 0.322710 0.267510
vt 0.345480 0.278980
vt 0.745950 0.308030
vt 0.735130 0.290580
vt 0.737570 0.291010
vt 0.740460 0.291800
vt 0.316240 0.285550
vt 0.326340 0.269500
vt 0.328820 0.269340
vt 0.323390 0.269990
vt 0.346330 0.281010
vt 0.337200 0.583700
vt 0.335300 0.583120
vt 0.374410 0.731180
vt 0.350450 0.698670
vt 0.376460 0.729960
vt 0.348220 0.699710
vt 0.404290 0.764080
vt 0.317360 0.649260
vt 0.322770 0.665680
vt 0.322320 0.646250
vt 0.318810 0.647450
vt 0.501890 0.868000
vt 0.500930 0.883750
vt 0.265620 0.467640
vt 0.275940 0.499420
vt 0.324050 0.451350
vt 0.311540 0.398740
vt 0.518750 0.265270
vt 0.384080 0.250980
vt 0.345050 0.251580
vt 0.313130 0.429160
vt 0.668770 0.266330
vt 0.720870 0.270960
vt 0.738800 0.420620
vt 0.734130 0.450740
vt 0.720820 0.471710
vt 0.694940 0.601700
vt 0.670320 0.714930
vt 0.641440 0.743510
vt 0.610570 0.775030
vt 0.402320 0.765280
vt 0.703380 0.685480
vt 0.701040 0.684750
vt 0.672390 0.716160
vt 0.710270 0.668600
vt 0.707990 0.668930
vt 0.708350 0.665370
vt 0.706770 0.666970
vt 0.704230 0.663220
vt 0.703380 0.665450
vt 0.766600 0.524220
vt 0.764130 0.524030
vt 0.779740 0.492430
vt 0.777370 0.493410
vt 0.722050 0.470860
vt 0.320370 0.666160
vt 0.315170 0.648700
vt 0.321690 0.643940
vt 0.317370 0.645650
vt 0.273470 0.499370
vt 0.263390 0.466470
vt 0.322940 0.450380
vt 0.309440 0.397430
vt 0.343740 0.249660
vt 0.311000 0.428600
vt 0.736270 0.450410
vt 0.696930 0.601310
vt 0.643370 0.744920
vt 0.612410 0.776440
vt 0.514370 0.628420
vt 0.519100 0.535450
vt 0.523630 0.447160
vt 0.528150 0.360540
vt 0.547450 0.264870
vt 0.533190 0.264160
vt 0.510080 0.712400
vt 0.505410 0.801910
vt 0.501760 0.869220
vt 0.500760 0.886050
vt 0.670390 0.264460
vt 0.518930 0.263440
vt 0.383180 0.249010
vt 0.722720 0.269380
vt 0.741030 0.419530
vt 0.546870 0.266720
vt 0.514380 0.628110
vt 0.519030 0.535740
vt 0.523490 0.447950
vt 0.527920 0.361870
vt 0.532810 0.266010
vt 0.510140 0.711560
vt 0.505500 0.800970
vt 0.541680 0.027750
vt 0.550560 0.028500
vt 0.540500 0.046400
vt 0.527510 0.743930
vt 0.512080 0.790620
vt 0.510760 0.723920
vt 0.502300 0.021840
vt 0.499970 0.056670
vt 0.481500 0.041810
vt 0.435960 0.091020
vt 0.454930 0.126660
vt 0.425880 0.140920
vt 0.398200 0.254620
vt 0.413330 0.288680
vt 0.395190 0.290320
vt 0.403410 0.447820
vt 0.383180 0.468040
vt 0.376610 0.447530
vt 0.397210 0.548410
vt 0.423250 0.560840
vt 0.402990 0.564460
vt 0.557670 0.048720
vt 0.559450 0.029120
vt 0.493210 0.794010
vt 0.474450 0.739690
vt 0.493250 0.722220
vt 0.589170 0.069340
vt 0.599170 0.029170
vt 0.616630 0.052140
vt 0.624490 0.135500
vt 0.654950 0.107010
vt 0.657540 0.157620
vt 0.636210 0.303340
vt 0.668590 0.274480
vt 0.665630 0.309860
vt 0.653260 0.486930
vt 0.629100 0.463580
vt 0.662640 0.467700
vt 0.598750 0.572610
vt 0.628170 0.564800
vt 0.620140 0.579890
vt 0.542190 0.025530
vt 0.550740 0.026220
vt 0.540760 0.044190
vt 0.528110 0.744510
vt 0.508580 0.793390
vt 0.510920 0.724420
vt 0.502520 0.019440
vt 0.499790 0.054520
vt 0.480830 0.039590
vt 0.435120 0.088900
vt 0.454270 0.124680
vt 0.424890 0.138890
vt 0.396570 0.253090
vt 0.411900 0.287360
vt 0.393440 0.288990
vt 0.401660 0.447490
vt 0.381010 0.468140
vt 0.374340 0.447360
vt 0.395160 0.547980
vt 0.421740 0.560400
vt 0.401570 0.563690
vt 0.558040 0.046570
vt 0.559340 0.026860
vt 0.483500 0.794240
vt 0.472090 0.740360
vt 0.492060 0.723080
vt 0.590040 0.066930
vt 0.599350 0.026720
vt 0.617730 0.049780
vt 0.626040 0.132380
vt 0.656960 0.103590
vt 0.659580 0.154560
vt 0.637740 0.302250
vt 0.670430 0.273210
vt 0.667560 0.308810
vt 0.655410 0.487340
vt 0.630810 0.463460
vt 0.664930 0.467830
vt 0.600270 0.572400
vt 0.630260 0.564660
vt 0.621660 0.579330
vt 0.530920 0.790610
vt 0.531800 0.791300
vt 0.532810 0.794600
vt 0.532730 0.798990
vt 0.532040 0.801400
vt 0.515370 0.802340
vt 0.531630 0.793110
vt 0.542750 0.718990
vt 0.567470 0.651730
vt 0.516220 0.633700
vt 0.580090 0.631760
vt 0.522160 0.550720
vt 0.603170 0.543700
vt 0.603680 0.525340
vt 0.613620 0.495410
vt 0.528000 0.460550
vt 0.626540 0.388960
vt 0.534080 0.375500
vt 0.632360 0.372120
vt 0.683740 0.394950
vt 0.667270 0.387820
vt 0.679870 0.386170
vt 0.635110 0.348810
vt 0.622590 0.243740
vt 0.540480 0.292380
vt 0.627590 0.070550
vt 0.643390 0.080080
vt 0.597300 0.078840
vt 0.553170 0.098340
vt 0.578500 0.023090
vt 0.463140 0.799990
vt 0.499560 0.813960
vt 0.478000 0.838270
vt 0.470200 0.712460
vt 0.436620 0.621490
vt 0.498430 0.632420
vt 0.445420 0.643220
vt 0.420940 0.530550
vt 0.504320 0.549460
vt 0.426170 0.512570
vt 0.415360 0.356410
vt 0.517200 0.374280
vt 0.417690 0.375030
vt 0.370440 0.364270
vt 0.382720 0.367600
vt 0.365420 0.372460
vt 0.415580 0.331460
vt 0.440370 0.224860
vt 0.522760 0.291060
vt 0.451290 0.065830
vt 0.468200 0.058440
vt 0.489640 0.067480
vt 0.537730 0.097250
vt 0.523720 0.018920
vt 0.511190 0.459340
vt 0.422670 0.481460
vt 0.543590 0.719660
vt 0.568890 0.652550
vt 0.516700 0.634320
vt 0.581650 0.632400
vt 0.522580 0.550700
vt 0.604790 0.543310
vt 0.605240 0.525050
vt 0.615250 0.495280
vt 0.528400 0.460150
vt 0.627770 0.388100
vt 0.534440 0.374720
vt 0.633810 0.371290
vt 0.685350 0.393420
vt 0.667290 0.385830
vt 0.680490 0.384090
vt 0.636660 0.347930
vt 0.623830 0.242310
vt 0.540960 0.291140
vt 0.629160 0.067170
vt 0.644230 0.077940
vt 0.598450 0.075810
vt 0.554160 0.096300
vt 0.577890 0.020860
vt 0.468410 0.713020
vt 0.434930 0.621860
vt 0.497710 0.633040
vt 0.443770 0.643740
vt 0.419340 0.529900
vt 0.503900 0.549420
vt 0.424690 0.512040
vt 0.414010 0.355390
vt 0.517050 0.373490
vt 0.416600 0.373990
vt 0.370110 0.362110
vt 0.382990 0.365570
vt 0.364030 0.370730
vt 0.414170 0.330350
vt 0.439530 0.223220
vt 0.522650 0.289830
vt 0.450770 0.063550
vt 0.467510 0.056280
vt 0.489290 0.065330
vt 0.537980 0.095240
vt 0.524650 0.016800
vt 0.510920 0.458910
vt 0.421120 0.481080
vt 0.654230 0.229800
vt 0.672180 0.237350
vt 0.666890 0.221070
vt 0.670040 0.222130
vt 0.668330 0.221470
vt 0.407470 0.201980
vt 0.404190 0.202570
vt 0.405980 0.202160
vt 0.399910 0.217340
vt 0.418710 0.212430
vt 0.545460 0.097770
vt 0.540950 0.759360
vt 0.397790 0.489910
vt 0.398340 0.528380
vt 0.456250 0.754180
vt 0.635860 0.506640
vt 0.629780 0.544750
vt 0.655370 0.228250
vt 0.673790 0.235740
vt 0.667550 0.218980
vt 0.671110 0.220190
vt 0.669130 0.219350
vt 0.407110 0.199750
vt 0.403410 0.200490
vt 0.405500 0.199940
vt 0.398540 0.215470
vt 0.417900 0.210690
vt 0.546080 0.095750
vt 0.542740 0.759910
vt 0.395820 0.489850
vt 0.396480 0.527340
vt 0.453950 0.753570
vt 0.454860 0.790550
vt 0.637860 0.506860
vt 0.631780 0.543990
vt 0.515480 0.788270
vt 0.513920 0.799450
vt 0.505740 0.803820
vt 0.496510 0.810520
vt 0.508080 0.806490
vt 0.474600 0.846430
vt 0.402270 0.505480
vt 0.400550 0.504640
vt 0.417620 0.651530
vt 0.405550 0.619850
vt 0.419780 0.650920
vt 0.403350 0.620280
vt 0.433000 0.686230
vt 0.435120 0.685520
vt 0.657790 0.202220
vt 0.659420 0.200830
vt 0.662380 0.345040
vt 0.664370 0.344070
vt 0.658880 0.373970
vt 0.660770 0.373530
vt 0.649930 0.394510
vt 0.650900 0.393600
vt 0.629250 0.521480
vt 0.631100 0.520880
vt 0.612030 0.635320
vt 0.591120 0.663330
vt 0.609920 0.634570
vt 0.593130 0.664300
vt 0.569900 0.694740
vt 0.571880 0.695800
vt 0.513240 0.550100
vt 0.519590 0.459950
vt 0.525640 0.374890
vt 0.531620 0.291720
vt 0.546890 0.201110
vt 0.538150 0.200470
vt 0.507330 0.633060
vt 0.502070 0.723140
vt 0.503210 0.792290
vt 0.398230 0.375510
vt 0.393300 0.355020
vt 0.399030 0.376570
vt 0.391490 0.354320
vt 0.636310 0.587460
vt 0.631080 0.603650
vt 0.633470 0.583790
vt 0.635380 0.585230
vt 0.684210 0.415070
vt 0.674640 0.444910
vt 0.624580 0.198700
vt 0.529410 0.199820
vt 0.385980 0.569710
vt 0.388920 0.586400
vt 0.389290 0.566500
vt 0.387210 0.567630
vt 0.362260 0.392370
vt 0.367760 0.423290
vt 0.393870 0.325900
vt 0.444720 0.185080
vt 0.419350 0.184920
vt 0.633270 0.604100
vt 0.638420 0.587070
vt 0.637050 0.583970
vt 0.634530 0.582020
vt 0.676930 0.444890
vt 0.686360 0.414180
vt 0.386690 0.586540
vt 0.383950 0.569030
vt 0.388480 0.564560
vt 0.385740 0.566160
vt 0.365490 0.422950
vt 0.360240 0.391200
vt 0.392070 0.324680
vt 0.418170 0.183170
vt 0.513240 0.550070
vt 0.519660 0.459540
vt 0.525750 0.374100
vt 0.531810 0.290480
vt 0.547590 0.199460
vt 0.538520 0.198830
vt 0.507210 0.633680
vt 0.501490 0.723810
vt 0.496980 0.792860
vt 0.626030 0.197170
vt 0.529450 0.198200
vt 0.443890 0.183330
vt 0.459260 0.810750
vt 0.478110 0.800330
vt 0.498770 0.792340
vt 0.528130 0.102750
vt 0.538680 0.085640
vt 0.526870 0.086590
vt 0.565990 0.764850
vt 0.569910 0.823780
vt 0.589550 0.782610
vt 0.452640 0.110070
vt 0.477860 0.118710
vt 0.476300 0.088990
vt 0.402450 0.199430
vt 0.430950 0.182640
vt 0.402280 0.160150
vt 0.356060 0.310600
vt 0.380110 0.310930
vt 0.361790 0.277440
vt 0.335150 0.479720
vt 0.363660 0.461140
vt 0.324830 0.459470
vt 0.357840 0.560310
vt 0.392160 0.543830
vt 0.359510 0.540810
vt 0.550450 0.084620
vt 0.551440 0.101700
vt 0.453200 0.764840
vt 0.460290 0.803200
vt 0.478030 0.753570
vt 0.601870 0.080320
vt 0.595080 0.116500
vt 0.628700 0.098600
vt 0.690910 0.141560
vt 0.653550 0.170990
vt 0.701280 0.187360
vt 0.733340 0.294200
vt 0.692110 0.323890
vt 0.734220 0.327380
vt 0.752540 0.477380
vt 0.702720 0.476050
vt 0.740600 0.496650
vt 0.711680 0.556410
vt 0.671940 0.557370
vt 0.712090 0.576460
vt 0.528030 0.100830
vt 0.538510 0.083500
vt 0.526890 0.084450
vt 0.567130 0.766350
vt 0.569760 0.825010
vt 0.591850 0.783920
vt 0.451870 0.108100
vt 0.477460 0.116950
vt 0.476140 0.086840
vt 0.402790 0.205550
vt 0.430230 0.183320
vt 0.400210 0.159590
vt 0.354430 0.308920
vt 0.378870 0.309140
vt 0.360450 0.275330
vt 0.332950 0.480250
vt 0.361880 0.461090
vt 0.322450 0.459680
vt 0.355740 0.560020
vt 0.390530 0.543410
vt 0.357610 0.539690
vt 0.550080 0.082470
vt 0.551190 0.099680
vt 0.451090 0.765710
vt 0.460140 0.804460
vt 0.476890 0.755140
vt 0.601730 0.078070
vt 0.595140 0.114530
vt 0.629130 0.096410
vt 0.691600 0.139460
vt 0.654130 0.169090
vt 0.702220 0.185400
vt 0.734960 0.292620
vt 0.693390 0.322630
vt 0.736030 0.325990
vt 0.754880 0.477760
vt 0.704370 0.476070
vt 0.742760 0.497350
vt 0.713710 0.555400
vt 0.673550 0.557170
vt 0.714300 0.576290
vt 0.495530 0.817680
vt 0.496180 0.810890
vt 0.495500 0.817810
vt 0.494040 0.824240
vt 0.513240 0.814850
vt 0.513200 0.814070
vt 0.529400 0.829630
vt 0.564450 0.833390
vt 0.531190 0.813350
vt 0.587100 0.733930
vt 0.537980 0.741570
vt 0.645420 0.646800
vt 0.544300 0.649190
vt 0.626700 0.668650
vt 0.548060 0.565760
vt 0.668530 0.586470
vt 0.670990 0.538800
vt 0.550970 0.476850
vt 0.683390 0.508180
vt 0.695720 0.388900
vt 0.553680 0.395380
vt 0.689890 0.405040
vt 0.766930 0.398220
vt 0.747980 0.400920
vt 0.774060 0.406410
vt 0.696860 0.366490
vt 0.556140 0.318550
vt 0.663890 0.270390
vt 0.670530 0.119130
vt 0.647470 0.112890
vt 0.553310 0.144960
vt 0.608210 0.123630
vt 0.575950 0.076630
vt 0.463990 0.814650
vt 0.494190 0.823010
vt 0.497300 0.806950
vt 0.508220 0.738040
vt 0.470740 0.725220
vt 0.433630 0.655660
vt 0.515110 0.647070
vt 0.418850 0.633690
vt 0.396450 0.573640
vt 0.519960 0.564290
vt 0.399360 0.526230
vt 0.384090 0.392490
vt 0.528410 0.394080
vt 0.381440 0.374860
vt 0.308370 0.387150
vt 0.334770 0.383520
vt 0.316060 0.379460
vt 0.382000 0.351020
vt 0.531490 0.317350
vt 0.419990 0.257570
vt 0.437250 0.126920
vt 0.416770 0.136610
vt 0.531410 0.146860
vt 0.465650 0.129350
vt 0.501020 0.082120
vt 0.392780 0.495170
vt 0.524670 0.475550
vt 0.529250 0.830880
vt 0.564300 0.834620
vt 0.588500 0.735310
vt 0.538540 0.742970
vt 0.647090 0.647730
vt 0.544750 0.650110
vt 0.628340 0.669720
vt 0.548350 0.566030
vt 0.670110 0.586490
vt 0.672590 0.538650
vt 0.551180 0.476520
vt 0.685020 0.508100
vt 0.697050 0.388060
vt 0.553880 0.394600
vt 0.691120 0.404300
vt 0.767300 0.395860
vt 0.747880 0.398790
vt 0.775500 0.404470
vt 0.698250 0.365500
vt 0.556350 0.317360
vt 0.664700 0.268890
vt 0.670830 0.116970
vt 0.647930 0.110740
vt 0.553210 0.143230
vt 0.608440 0.121640
vt 0.575330 0.074490
vt 0.463840 0.815880
vt 0.507780 0.739500
vt 0.469470 0.726510
vt 0.432020 0.656560
vt 0.514700 0.647930
vt 0.417230 0.634450
vt 0.394910 0.573490
vt 0.519730 0.564540
vt 0.397780 0.525910
vt 0.382890 0.391590
vt 0.528300 0.393260
vt 0.380160 0.373800
vt 0.307070 0.385110
vt 0.335030 0.381400
vt 0.315850 0.377140
vt 0.380690 0.349710
vt 0.531390 0.316060
vt 0.419460 0.254970
vt 0.436360 0.125110
vt 0.416080 0.134630
vt 0.531060 0.145300
vt 0.465070 0.127870
vt 0.501340 0.079950
vt 0.391160 0.494920
vt 0.524570 0.475190
vt 0.731920 0.259140
vt 0.723070 0.244680
vt 0.720860 0.244510
vt 0.725710 0.245140
vt 0.705060 0.254720
vt 0.396540 0.242760
vt 0.368740 0.241680
vt 0.382660 0.228250
vt 0.380200 0.227940
vt 0.377360 0.227960
vt 0.542350 0.145880
vt 0.356900 0.501960
vt 0.367820 0.576730
vt 0.717110 0.517270
vt 0.700680 0.592500
vt 0.733130 0.257190
vt 0.723440 0.242430
vt 0.721130 0.242310
vt 0.726330 0.242990
vt 0.705870 0.252960
vt 0.397560 0.237920
vt 0.368020 0.239000
vt 0.382630 0.225430
vt 0.380120 0.225440
vt 0.377040 0.225600
vt 0.542130 0.144240
vt 0.530850 0.815520
vt 0.354970 0.502270
vt 0.366350 0.576210
vt 0.719020 0.517740
vt 0.702250 0.592090
vt 0.530250 0.820950
vt 0.511650 0.827550
vt 0.736770 0.359220
vt 0.735310 0.387760
vt 0.706290 0.228700
vt 0.707440 0.227010
vt 0.734820 0.360440
vt 0.733340 0.388290
vt 0.723110 0.408870
vt 0.724200 0.407960
vt 0.708280 0.532950
vt 0.710110 0.532390
vt 0.665140 0.678620
vt 0.694670 0.648730
vt 0.692440 0.647600
vt 0.667230 0.679960
vt 0.634830 0.713490
vt 0.636910 0.714950
vt 0.534000 0.565070
vt 0.537810 0.476250
vt 0.541040 0.394770
vt 0.543800 0.317990
vt 0.556950 0.236400
vt 0.545370 0.236270
vt 0.529680 0.648170
vt 0.523020 0.739940
vt 0.514280 0.810220
vt 0.350830 0.371630
vt 0.358020 0.392200
vt 0.359000 0.393230
vt 0.348950 0.370920
vt 0.362780 0.517380
vt 0.364540 0.518070
vt 0.727600 0.598890
vt 0.721560 0.615270
vt 0.722690 0.595670
vt 0.726200 0.597010
vt 0.777460 0.425430
vt 0.767070 0.454960
vt 0.660910 0.228840
vt 0.533850 0.236050
vt 0.371790 0.630660
vt 0.393920 0.663410
vt 0.396030 0.662270
vt 0.369600 0.631580
vt 0.421940 0.697100
vt 0.341310 0.580950
vt 0.345950 0.597260
vt 0.346290 0.578160
vt 0.342790 0.579200
vt 0.511790 0.826320
vt 0.303620 0.405880
vt 0.311880 0.436090
vt 0.352220 0.343700
vt 0.425390 0.227360
vt 0.399280 0.224840
vt 0.419900 0.698280
vt 0.723960 0.615840
vt 0.729830 0.598400
vt 0.727720 0.595240
vt 0.723420 0.593360
vt 0.769440 0.454960
vt 0.779620 0.424360
vt 0.343630 0.597630
vt 0.339190 0.580330
vt 0.345770 0.575930
vt 0.341470 0.577430
vt 0.309560 0.435930
vt 0.301560 0.404650
vt 0.350440 0.342270
vt 0.396520 0.220780
vt 0.534030 0.565330
vt 0.537870 0.475900
vt 0.541090 0.393970
vt 0.543850 0.316750
vt 0.557150 0.234970
vt 0.545500 0.234880
vt 0.529700 0.649060
vt 0.523050 0.741420
vt 0.661660 0.227190
vt 0.533930 0.234710
vt 0.424400 0.226170
vt 0.396530 0.220750
vt 0.505160 0.923190
vt 0.513890 0.922660
vt 0.512850 0.923440
vt 0.479150 0.081500
vt 0.476360 0.122610
vt 0.454760 0.104770
vt 0.399150 0.167120
vt 0.424700 0.208560
vt 0.391210 0.227710
vt 0.367870 0.361000
vt 0.387350 0.398800
vt 0.366880 0.401880
vt 0.386870 0.577830
vt 0.365810 0.601690
vt 0.357100 0.579290
vt 0.388090 0.688590
vt 0.417140 0.699930
vt 0.395750 0.705310
vt 0.543970 0.112870
vt 0.535600 0.089150
vt 0.545930 0.089870
vt 0.496220 0.925540
vt 0.476800 0.929240
vt 0.496450 0.922970
vt 0.481560 0.880280
vt 0.498640 0.863100
vt 0.581120 0.136500
vt 0.592220 0.089340
vt 0.612910 0.115920
vt 0.623460 0.212710
vt 0.657870 0.178980
vt 0.662120 0.237560
vt 0.641550 0.405550
vt 0.677800 0.371910
vt 0.675200 0.412330
vt 0.664410 0.610920
vt 0.637160 0.585420
vt 0.674510 0.589320
vt 0.605150 0.705110
vt 0.636880 0.696490
vt 0.628110 0.712660
vt 0.525910 0.085630
vt 0.535820 0.086440
vt 0.524340 0.107490
vt 0.531490 0.882110
vt 0.544150 0.854920
vt 0.543250 0.895530
vt 0.479420 0.078660
vt 0.476110 0.119950
vt 0.454140 0.102040
vt 0.396890 0.165470
vt 0.423560 0.206620
vt 0.389960 0.225820
vt 0.365980 0.359430
vt 0.385610 0.397470
vt 0.364780 0.400440
vt 0.384960 0.577620
vt 0.363530 0.601960
vt 0.354680 0.579270
vt 0.385950 0.688330
vt 0.415490 0.699620
vt 0.394190 0.704590
vt 0.544690 0.110310
vt 0.545830 0.087160
vt 0.582500 0.133400
vt 0.592430 0.086410
vt 0.614210 0.112880
vt 0.625960 0.210810
vt 0.661440 0.176450
vt 0.665650 0.235750
vt 0.643340 0.404330
vt 0.679920 0.370400
vt 0.677340 0.411160
vt 0.666680 0.611310
vt 0.638990 0.585280
vt 0.676910 0.589440
vt 0.606800 0.704910
vt 0.639030 0.696370
vt 0.629710 0.712050
vt 0.513980 0.926090
vt 0.533900 0.931190
vt 0.546950 0.898190
vt 0.547350 0.898160
vt 0.545270 0.897560
vt 0.525320 0.088300
vt 0.524080 0.110180
vt 0.532060 0.942030
vt 0.514170 0.938950
vt 0.515140 0.863540
vt 0.573060 0.789950
vt 0.519400 0.772200
vt 0.586360 0.768390
vt 0.522480 0.683940
vt 0.609650 0.673830
vt 0.610110 0.653790
vt 0.620560 0.620930
vt 0.525220 0.585420
vt 0.632320 0.502470
vt 0.528480 0.490610
vt 0.638620 0.483380
vt 0.696200 0.507950
vt 0.677760 0.500410
vt 0.691710 0.498300
vt 0.641350 0.457030
vt 0.624410 0.337870
vt 0.532230 0.396410
vt 0.625640 0.137430
vt 0.644560 0.147670
vt 0.590660 0.147480
vt 0.539620 0.171290
vt 0.567770 0.082670
vt 0.495180 0.938330
vt 0.479360 0.939750
vt 0.475600 0.854490
vt 0.435370 0.763410
vt 0.500740 0.771550
vt 0.446320 0.785580
vt 0.412370 0.667430
vt 0.503280 0.683330
vt 0.416590 0.647480
vt 0.394350 0.475270
vt 0.509510 0.489990
vt 0.398360 0.496060
vt 0.345060 0.487170
vt 0.358940 0.490110
vt 0.340040 0.496630
vt 0.392780 0.447100
vt 0.414190 0.324240
vt 0.512010 0.395680
vt 0.417060 0.134270
vt 0.438410 0.124140
vt 0.463920 0.135610
vt 0.521500 0.170090
vt 0.504480 0.078150
vt 0.506700 0.584820
vt 0.410540 0.613770
vt 0.533060 0.943110
vt 0.514050 0.941180
vt 0.535880 0.931420
vt 0.514380 0.927370
vt 0.532870 0.882980
vt 0.515860 0.864360
vt 0.545460 0.855750
vt 0.574660 0.790760
vt 0.520010 0.772940
vt 0.588120 0.769070
vt 0.522950 0.684000
vt 0.611400 0.673450
vt 0.611830 0.653520
vt 0.622350 0.620810
vt 0.525650 0.585030
vt 0.633710 0.501550
vt 0.528880 0.489790
vt 0.640280 0.482490
vt 0.698000 0.506170
vt 0.677740 0.498140
vt 0.692370 0.495910
vt 0.643140 0.456070
vt 0.626010 0.336260
vt 0.532840 0.395000
vt 0.592240 0.145640
vt 0.541250 0.168650
vt 0.474730 0.929530
vt 0.495160 0.940600
vt 0.478300 0.940990
vt 0.495700 0.926780
vt 0.474330 0.855260
vt 0.497980 0.863830
vt 0.480320 0.880950
vt 0.433610 0.763990
vt 0.500090 0.772260
vt 0.444680 0.786310
vt 0.410600 0.666900
vt 0.502840 0.683360
vt 0.414940 0.647070
vt 0.392700 0.474300
vt 0.509300 0.489210
vt 0.397020 0.495060
vt 0.344550 0.484910
vt 0.359070 0.488000
vt 0.338350 0.494760
vt 0.391030 0.446030
vt 0.413170 0.322520
vt 0.511880 0.394410
vt 0.465110 0.895560
vt 0.463400 0.132760
vt 0.521910 0.167600
vt 0.506380 0.584430
vt 0.408810 0.613520
vt 0.627890 0.134660
vt 0.645590 0.144990
vt 0.506890 0.863330
vt 0.388430 0.311460
vt 0.383770 0.624850
vt 0.387720 0.666880
vt 0.530570 0.170660
vt 0.467020 0.895110
vt 0.660450 0.321140
vt 0.645230 0.633010
vt 0.638540 0.674800
vt 0.661800 0.319320
vt 0.682990 0.327490
vt 0.675500 0.308480
vt 0.679590 0.309780
vt 0.677290 0.308920
vt 0.374350 0.297760
vt 0.370170 0.298800
vt 0.372530 0.298090
vt 0.365700 0.316420
vt 0.387430 0.309630
vt 0.531600 0.168110
vt 0.578270 0.835010
vt 0.438120 0.120690
vt 0.381580 0.624920
vt 0.385630 0.665880
vt 0.647450 0.633200
vt 0.640710 0.673950
vt 0.505080 0.925820
vt 0.681120 0.329410
vt 0.674760 0.310930
vt 0.678380 0.312080
vt 0.676420 0.311350
vt 0.374910 0.300280
vt 0.371220 0.301180
vt 0.373230 0.300580
vt 0.367290 0.318330
vt 0.580190 0.836060
vt 0.627610 0.284260
vt 0.666130 0.287900
vt 0.380010 0.729960
vt 0.378090 0.712130
vt 0.382420 0.729640
vt 0.375830 0.711540
vt 0.512880 0.683630
vt 0.515960 0.585110
vt 0.519000 0.490290
vt 0.522120 0.396040
vt 0.535780 0.291400
vt 0.525670 0.291080
vt 0.510070 0.771860
vt 0.617940 0.770800
vt 0.645330 0.720500
vt 0.639990 0.737720
vt 0.642290 0.716660
vt 0.644320 0.718150
vt 0.697210 0.530290
vt 0.687260 0.563690
vt 0.658640 0.508200
vt 0.625430 0.285990
vt 0.515570 0.290760
vt 0.438740 0.830210
vt 0.420100 0.795610
vt 0.402510 0.763970
vt 0.381350 0.708470
vt 0.379240 0.709840
vt 0.504670 0.938740
vt 0.337750 0.518930
vt 0.345800 0.552920
vt 0.377590 0.499050
vt 0.367860 0.442380
vt 0.416460 0.277960
vt 0.387000 0.279660
vt 0.369460 0.475350
vt 0.389950 0.641620
vt 0.664040 0.289200
vt 0.672110 0.452310
vt 0.668470 0.485040
vt 0.638000 0.649390
vt 0.598590 0.801290
vt 0.642380 0.738180
vt 0.620220 0.771570
vt 0.647620 0.720050
vt 0.646120 0.716770
vt 0.643430 0.714730
vt 0.689790 0.563610
vt 0.699580 0.529250
vt 0.659710 0.507160
vt 0.566950 0.080050
vt 0.436790 0.831130
vt 0.417930 0.796460
vt 0.400180 0.764610
vt 0.380330 0.706470
vt 0.377520 0.708350
vt 0.504600 0.941110
vt 0.343280 0.552690
vt 0.335440 0.517760
vt 0.376620 0.497930
vt 0.365690 0.441090
vt 0.385570 0.277770
vt 0.416270 0.131330
vt 0.505650 0.075640
vt 0.367320 0.474680
vt 0.388040 0.640910
vt 0.674360 0.451160
vt 0.670640 0.484510
vt 0.640030 0.648720
vt 0.600710 0.802260
vt 0.512900 0.683670
vt 0.516020 0.584730
vt 0.519090 0.489490
vt 0.522360 0.394690
vt 0.536870 0.289450
vt 0.526300 0.289240
vt 0.510050 0.772590
vt 0.506920 0.864090
vt 0.505040 0.927160
vt 0.515720 0.289030
vt 0.415390 0.276180
vt 0.535790 0.054530
vt 0.540470 0.054940
vt 0.534670 0.074390
vt 0.517650 0.808240
vt 0.506600 0.857190
vt 0.509370 0.788420
vt 0.502050 0.061660
vt 0.514040 0.042730
vt 0.506840 0.092720
vt 0.477690 0.112920
vt 0.494990 0.080280
vt 0.479220 0.242250
vt 0.456550 0.271440
vt 0.466810 0.225650
vt 0.457970 0.484980
vt 0.446380 0.504450
vt 0.443220 0.482460
vt 0.453100 0.591220
vt 0.467320 0.606860
vt 0.456070 0.609170
vt 0.544310 0.076000
vt 0.545190 0.054960
vt 0.497440 0.856820
vt 0.490750 0.806620
vt 0.500580 0.788020
vt 0.578200 0.065450
vt 0.568120 0.045320
vt 0.580770 0.150910
vt 0.597980 0.118800
vt 0.599350 0.165440
vt 0.602910 0.278870
vt 0.578630 0.253130
vt 0.597050 0.232280
vt 0.590520 0.511210
vt 0.577230 0.490310
vt 0.595680 0.489730
vt 0.559090 0.610410
vt 0.575660 0.597090
vt 0.570930 0.614660
vt 0.515640 0.872120
vt 0.506260 0.870780
vt 0.517340 0.859700
vt 0.524390 0.778610
vt 0.541220 0.702990
vt 0.514630 0.687950
vt 0.548060 0.679700
vt 0.519070 0.594690
vt 0.562210 0.577420
vt 0.562700 0.558380
vt 0.568390 0.526460
vt 0.523490 0.497360
vt 0.577200 0.408300
vt 0.527880 0.405520
vt 0.580770 0.388940
vt 0.608110 0.406940
vt 0.599360 0.400860
vt 0.605950 0.397880
vt 0.582450 0.364530
vt 0.584040 0.315270
vt 0.532500 0.316330
vt 0.583840 0.084590
vt 0.591850 0.093050
vt 0.566720 0.099090
vt 0.541150 0.128700
vt 0.562570 0.089470
vt 0.553360 0.047140
vt 0.486870 0.858460
vt 0.496680 0.870410
vt 0.488400 0.870760
vt 0.489200 0.778900
vt 0.473450 0.676000
vt 0.505340 0.687490
vt 0.477560 0.699760
vt 0.466340 0.572630
vt 0.509790 0.594250
vt 0.469280 0.553670
vt 0.465330 0.383140
vt 0.519000 0.405100
vt 0.466470 0.404010
vt 0.441410 0.389970
vt 0.447710 0.393540
vt 0.438430 0.398800
vt 0.465810 0.357180
vt 0.464960 0.310920
vt 0.523080 0.315860
vt 0.486240 0.087930
vt 0.487800 0.149540
vt 0.532970 0.128340
vt 0.512270 0.080680
vt 0.528470 0.046120
vt 0.514600 0.496930
vt 0.467760 0.521070
vt 0.606280 0.240780
vt 0.605890 0.226030
vt 0.604390 0.225150
vt 0.605000 0.225380
vt 0.460180 0.217860
vt 0.458610 0.218590
vt 0.459550 0.218030
vt 0.456810 0.233230
vt 0.537060 0.128500
vt 0.524410 0.823730
vt 0.471400 0.159130
vt 0.454370 0.309230
vt 0.453990 0.528410
vt 0.453730 0.567810
vt 0.482510 0.821890
vt 0.600560 0.316430
vt 0.580850 0.534420
vt 0.577210 0.573720
vt 0.579300 0.064490
vt 0.584890 0.083580
vt 0.600570 0.164620
vt 0.599580 0.205070
vt 0.600870 0.204450
vt 0.597660 0.231330
vt 0.601980 0.316060
vt 0.598120 0.354850
vt 0.599540 0.354480
vt 0.595930 0.385610
vt 0.597340 0.385460
vt 0.590330 0.409250
vt 0.590690 0.408640
vt 0.582300 0.534490
vt 0.577370 0.549220
vt 0.578780 0.548870
vt 0.578620 0.573390
vt 0.565530 0.679730
vt 0.554210 0.712890
vt 0.564070 0.679480
vt 0.555660 0.713160
vt 0.544370 0.750880
vt 0.545830 0.751210
vt 0.525900 0.823940
vt 0.501410 0.872070
vt 0.501470 0.870590
vt 0.496820 0.871860
vt 0.514430 0.594470
vt 0.519050 0.497140
vt 0.523440 0.405310
vt 0.527790 0.316090
vt 0.537020 0.225080
vt 0.532290 0.224840
vt 0.509990 0.687720
vt 0.504970 0.788220
vt 0.502020 0.857000
vt 0.504250 0.957810
vt 0.498760 0.957200
vt 0.505990 0.872210
vt 0.516080 0.872770
vt 0.513530 0.957710
vt 0.579140 0.622310
vt 0.575980 0.642010
vt 0.577450 0.617480
vt 0.578430 0.619000
vt 0.608140 0.429550
vt 0.602640 0.462250
vt 0.580610 0.208460
vt 0.527560 0.224610
vt 0.493410 0.957150
vt 0.487890 0.871480
vt 0.483870 0.957470
vt 0.470300 0.747220
vt 0.463650 0.708570
vt 0.447190 0.616030
vt 0.456950 0.674340
vt 0.448530 0.635940
vt 0.449310 0.611370
vt 0.448200 0.612800
vt 0.436330 0.421340
vt 0.438810 0.454430
vt 0.455940 0.402740
vt 0.453470 0.347910
vt 0.481620 0.202820
vt 0.467060 0.198490
vt 0.452810 0.378740
vt 0.456030 0.543420
vt 0.483330 0.956960
vt 0.486660 0.871700
vt 0.607630 0.240250
vt 0.604310 0.278460
vt 0.606890 0.225110
vt 0.605630 0.224170
vt 0.604560 0.223860
vt 0.460130 0.216560
vt 0.466290 0.224650
vt 0.459040 0.216770
vt 0.457690 0.217590
vt 0.455520 0.232580
vt 0.455190 0.270870
vt 0.536450 0.053280
vt 0.540530 0.053590
vt 0.518890 0.859710
vt 0.501040 0.060610
vt 0.514210 0.041520
vt 0.470260 0.158190
vt 0.476580 0.111940
vt 0.452990 0.308720
vt 0.444920 0.504450
vt 0.441730 0.482370
vt 0.452540 0.528350
vt 0.451680 0.591090
vt 0.452350 0.567340
vt 0.455080 0.608480
vt 0.544640 0.053650
vt 0.485310 0.858430
vt 0.481000 0.821950
vt 0.568080 0.044080
vt 0.599190 0.117940
vt 0.591970 0.511340
vt 0.597170 0.489780
vt 0.577080 0.597090
vt 0.571980 0.614070
vt 0.577440 0.642200
vt 0.580620 0.622170
vt 0.579710 0.618420
vt 0.578240 0.616510
vt 0.604110 0.462220
vt 0.609590 0.429280
vt 0.606240 0.396880
vt 0.609440 0.406370
vt 0.598720 0.399600
vt 0.592760 0.091950
vt 0.552410 0.045970
vt 0.468820 0.747410
vt 0.462190 0.708710
vt 0.447050 0.635990
vt 0.445730 0.615750
vt 0.455480 0.674450
vt 0.448610 0.610340
vt 0.446980 0.612110
vt 0.437350 0.454260
vt 0.434910 0.420930
vt 0.441210 0.388950
vt 0.448460 0.392340
vt 0.437150 0.398110
vt 0.455640 0.402090
vt 0.452080 0.347410
vt 0.465850 0.197740
vt 0.485440 0.086750
vt 0.494030 0.079190
vt 0.529520 0.045080
vt 0.451420 0.378460
vt 0.454660 0.542930
s 0
usemtl mat2.292
f 1/1/1 3/2/2 2/3/3
f 4/4/4 6/5/5 5/6/6
f 1/1/7 8/7/8 7/8/9
f 9/9/10 11/10/11 10/11/12
f 12/12/13 14/13/14 13/14/15
f 15/15/16 17/16/17 16/17/18
f 18/18/19 20/19/20 19/20/21
f 21/21/22 3/2/23 22/22/24
f 23/23/25 25/24/26 24/25/27
f 26/26/28 22/22/29 27/27/30
f 28/28/31 30/29/32 29/30/33
f 31/31/34 33/32/35 32/33/36
f 34/34/37 36/35/38 35/36/39
f 37/37/40 39/38/41 38/39/42
f 40/40/43 42/41/44 41/42/45
f 41/42/46 42/41/47 43/43/48
f 5/6/49 6/5/50 44/44/51
f 45/45/52 47/46/53 46/47/54
f 37/37/55 49/48/56 48/49/57
f 48/49/58 49/48/56 50/50/59
f 51/51/60 52/52/61 36/35/38
f 53/53/62 55/54/63 54/55/64
f 56/56/65 58/57/66 57/58/67
f 54/55/64 55/54/68 59/59/69
f 33/32/70 61/60/71 60/61/72
f 30/29/73 63/62/74 62/63/75
f 64/64/76 28/28/77 65/65/78
f 64/64/79 65/65/80 66/66/81
f 27/27/82 22/22/83 67/67/84
f 21/21/85 66/66/86 65/65/87
f 68/68/88 70/69/89 69/70/90
f 23/23/91 70/69/92 68/68/93
f 71/71/94 24/25/27 25/24/95
f 72/72/96 74/73/97 73/74/98
f 75/75/99 76/76/100 20/19/101
f 77/77/102 76/76/103 75/75/99
f 78/78/104 80/79/105 79/80/106
f 81/81/107 83/82/108 82/83/109
f 84/84/110 80/79/105 78/78/111
f 85/85/112 12/12/113 86/86/114
f 87/87/115 10/11/116 11/10/117
f 88/88/118 9/9/119 89/89/120
f 90/90/121 89/89/122 9/9/123
f 91/91/124 1/1/125 7/8/126
f 90/90/127 2/3/128 89/89/129
f 15/15/130 93/92/131 92/93/132
f 32/33/133 94/94/134 31/31/135
f 32/33/133 95/95/136 94/94/137
f 95/95/138 97/96/139 96/97/140
f 95/95/136 32/33/36 97/96/141
f 98/98/142 100/99/143 99/100/144
f 98/98/145 13/14/146 100/99/147
f 13/14/148 101/101/149 100/99/150
f 13/14/148 14/13/151 101/101/152
f 2/3/3 102/102/153 89/89/154
f 2/3/3 3/2/23 102/102/153
f 43/43/48 4/4/155 41/42/46
f 43/43/48 6/5/156 4/4/157
f 2/3/128 8/7/8 1/1/7
f 2/3/158 90/90/127 8/7/159
f 88/88/160 11/10/161 9/9/119
f 88/88/162 103/103/163 11/10/164
f 85/85/165 14/13/14 12/12/113
f 85/85/165 104/104/166 14/13/14
f 92/93/167 17/16/17 15/15/16
f 92/93/167 105/105/168 17/16/17
f 75/75/169 18/18/19 106/106/170
f 75/75/169 20/19/20 18/18/19
f 102/102/153 21/21/171 65/65/172
f 102/102/153 3/2/23 21/21/171
f 23/23/173 107/107/174 25/24/175
f 23/23/176 68/68/177 107/107/178
f 21/21/85 26/26/179 66/66/86
f 21/21/180 22/22/24 26/26/28
f 64/64/181 30/29/182 28/28/183
f 64/64/181 63/62/184 30/29/182
f 61/60/185 31/31/186 108/108/187
f 61/60/188 33/32/189 31/31/135
f 51/51/190 34/34/191 109/109/192
f 51/51/60 36/35/38 34/34/37
f 48/49/193 39/38/41 37/37/40
f 48/49/194 110/110/195 39/38/41
f 111/111/196 63/62/197 26/26/198
f 111/111/196 112/112/199 63/62/197
f 113/113/200 114/114/201 29/30/202
f 113/113/200 115/115/203 114/114/201
f 115/115/203 32/33/204 114/114/201
f 115/115/203 116/116/205 32/33/205
f 117/117/206 118/118/207 108/108/206
f 117/117/208 119/119/209 118/118/207
f 119/119/209 120/120/210 118/118/207
f 119/119/209 121/121/211 120/120/210
f 121/121/212 122/122/213 120/120/214
f 121/121/211 123/123/215 122/122/215
f 124/124/216 125/125/217 109/109/218
f 124/124/216 126/126/219 125/125/217
f 126/126/220 110/110/221 125/125/222
f 126/126/220 127/127/223 110/110/221
f 128/128/224 130/129/225 129/130/226
f 128/128/227 131/131/228 130/129/225
f 131/131/228 132/132/229 130/129/230
f 131/131/228 133/133/231 132/132/229
f 133/133/232 4/4/233 132/132/229
f 133/133/232 134/134/234 4/4/233
f 135/135/235 70/69/235 136/136/235
f 135/135/236 137/137/236 70/69/236
f 138/138/237 52/52/238 49/48/239
f 138/138/240 139/139/241 52/52/238
f 139/139/241 55/54/68 52/52/242
f 139/139/241 140/140/243 55/54/68
f 140/140/244 60/61/245 55/54/68
f 140/140/246 141/141/247 60/61/245
f 141/141/248 142/142/249 60/61/245
f 141/141/250 143/143/251 142/142/249
f 143/143/251 65/65/80 142/142/252
f 143/143/253 102/102/254 65/65/78
f 138/138/237 47/46/255 144/144/256
f 138/138/237 49/48/56 47/46/255
f 144/144/257 6/5/258 145/145/259
f 144/144/257 47/46/260 6/5/261
f 145/145/262 43/43/263 146/146/264
f 145/145/262 6/5/258 43/43/263
f 135/135/265 148/147/266 147/148/267
f 135/135/268 149/149/269 148/147/266
f 148/147/270 151/150/271 150/151/272
f 148/147/266 149/149/273 151/150/274
f 45/45/275 6/5/156 47/46/53
f 45/45/276 44/44/277 6/5/50
f 129/130/278 153/152/279 152/153/280
f 129/130/281 38/39/282 153/152/279
f 153/152/283 155/154/284 154/155/284
f 153/152/283 38/39/285 155/154/286
f 50/50/287 52/52/61 51/51/288
f 50/50/287 49/48/56 52/52/289
f 35/36/290 157/156/290 156/157/290
f 35/36/291 122/122/292 157/156/293
f 53/53/62 52/52/289 55/54/63
f 53/53/62 36/35/38 52/52/294
f 58/57/295 157/156/293 122/122/296
f 58/57/66 56/56/65 157/156/293
f 59/59/69 60/61/72 61/60/188
f 59/59/69 55/54/68 60/61/72
f 33/32/189 142/142/297 158/158/298
f 33/32/189 60/61/299 142/142/297
f 158/158/300 65/65/78 28/28/301
f 158/158/300 142/142/297 65/65/78
f 46/47/54 49/48/56 37/37/55
f 46/47/54 47/46/53 49/48/56
f 93/92/302 138/138/237 76/76/303
f 93/92/302 139/139/304 138/138/237
f 80/79/105 139/139/241 93/92/131
f 80/79/305 140/140/306 139/139/241
f 86/86/114 140/140/307 80/79/305
f 86/86/114 141/141/250 140/140/244
f 159/159/308 141/141/309 86/86/310
f 159/159/308 143/143/251 141/141/248
f 89/89/311 143/143/251 159/159/308
f 89/89/311 102/102/254 143/143/251
f 74/73/312 138/138/237 144/144/257
f 74/73/312 76/76/313 138/138/237
f 24/25/314 144/144/257 145/145/315
f 24/25/314 74/73/316 144/144/257
f 23/23/173 145/145/262 146/146/264
f 23/23/173 24/25/314 145/145/262
f 160/160/317 135/135/268 147/148/318
f 160/160/319 137/137/320 135/135/268
f 161/161/321 160/160/322 162/162/321
f 161/161/323 137/137/323 160/160/323
f 163/163/324 73/74/325 71/71/326
f 163/163/327 164/164/328 73/74/329
f 165/165/330 167/166/331 166/167/332
f 165/165/333 19/20/334 167/166/335
f 168/168/284 165/165/333 169/169/284
f 168/168/286 19/20/336 165/165/333
f 146/146/264 42/41/337 136/136/338
f 146/146/264 43/43/339 42/41/337
f 93/92/131 77/77/340 92/93/341
f 93/92/342 76/76/343 77/77/102
f 170/170/344 16/17/344 171/171/344
f 170/170/345 172/172/346 16/17/347
f 16/17/18 79/80/348 15/15/16
f 16/17/18 172/172/349 79/80/348
f 170/170/350 83/82/351 172/172/352
f 170/170/345 82/83/109 83/82/108
f 85/85/165 173/173/353 104/104/354
f 85/85/165 84/84/355 173/173/356
f 159/159/308 12/12/357 174/174/358
f 159/159/359 86/86/360 12/12/361
f 88/88/162 175/175/362 103/103/363
f 88/88/364 174/174/365 175/175/366
f 20/19/367 167/166/368 19/20/21
f 20/19/101 72/72/96 167/166/331
f 174/174/358 89/89/369 159/159/308
f 174/174/370 88/88/371 89/89/372
f 90/90/373 10/11/374 8/7/159
f 90/90/375 9/9/10 10/11/374
f 174/174/365 13/14/148 175/175/376
f 174/174/358 12/12/361 13/14/148
f 84/84/377 86/86/114 80/79/305
f 84/84/378 85/85/112 86/86/114
f 84/84/377 176/176/379 173/173/356
f 84/84/377 78/78/380 176/176/381
f 78/78/382 172/172/383 176/176/379
f 78/78/384 79/80/348 172/172/349
f 15/15/130 80/79/305 93/92/131
f 15/15/385 79/80/386 80/79/387
f 92/93/167 177/177/388 105/105/389
f 92/93/167 77/77/390 177/177/391
f 77/77/392 106/106/393 177/177/394
f 77/77/390 75/75/169 106/106/393
f 72/72/96 76/76/313 74/73/395
f 72/72/96 20/19/101 76/76/313
f 72/72/96 164/164/328 167/166/331
f 72/72/96 73/74/396 164/164/328
f 71/71/397 74/73/398 24/25/399
f 71/71/400 73/74/329 74/73/401
f 71/71/402 107/107/403 163/163/324
f 71/71/397 25/24/404 107/107/403
f 64/64/79 26/26/179 63/62/405
f 64/64/79 66/66/406 26/26/407
f 158/158/408 29/30/33 114/114/409
f 158/158/300 28/28/410 29/30/33
f 33/32/411 114/114/412 32/33/413
f 33/32/411 158/158/298 114/114/412
f 59/59/414 108/108/187 118/118/415
f 59/59/414 61/60/185 108/108/416
f 54/55/417 118/118/418 120/120/419
f 54/55/417 59/59/414 118/118/418
f 53/53/420 120/120/421 122/122/422
f 53/53/420 54/55/64 120/120/421
f 36/35/38 122/122/422 35/36/39
f 36/35/423 53/53/420 122/122/422
f 50/50/287 109/109/424 125/125/425
f 50/50/426 51/51/427 109/109/192
f 48/49/193 125/125/428 110/110/195
f 48/49/429 50/50/430 125/125/431
f 46/47/54 38/39/432 129/130/433
f 46/47/54 37/37/40 38/39/42
f 45/45/52 129/130/434 130/129/435
f 45/45/436 46/47/54 129/130/437
f 44/44/438 130/129/435 132/132/439
f 44/44/438 45/45/440 130/129/441
f 5/6/442 132/132/442 4/4/442
f 5/6/443 44/44/444 132/132/445
f 161/161/446 179/178/446 178/179/446
f 161/161/447 162/162/321 179/178/448
f 23/23/173 136/136/449 70/69/449
f 23/23/173 146/146/264 136/136/450
f 180/180/451 31/31/452 94/94/453
f 180/180/454 181/181/455 31/31/452
f 182/182/456 94/94/457 95/95/458
f 182/182/456 180/180/459 94/94/453
f 183/183/460 95/95/461 96/97/462
f 183/183/463 182/182/464 95/95/461
f 184/184/465 96/97/466 97/96/465
f 184/184/467 183/183/468 96/97/469
f 116/116/470 97/96/470 32/33/470
f 116/116/470 184/184/470 97/96/470
f 185/185/471 13/14/471 98/98/471
f 185/185/472 186/186/472 13/14/472
f 187/187/473 98/98/474 99/100/475
f 187/187/473 185/185/476 98/98/476
f 188/188/477 99/100/478 100/99/479
f 188/188/477 187/187/480 99/100/481
f 189/189/482 100/99/483 101/101/484
f 189/189/482 188/188/477 100/99/479
f 190/190/485 101/101/486 14/13/487
f 190/190/485 189/189/488 101/101/486
f 191/191/489 3/2/490 1/1/491
f 191/191/489 192/192/492 3/2/492
f 134/134/234 41/42/493 4/4/494
f 134/134/234 193/193/495 41/42/493
f 194/194/496 7/8/497 8/7/498
f 194/194/496 195/195/499 7/8/499
f 196/196/500 11/10/501 103/103/502
f 196/196/500 197/197/503 11/10/501
f 198/198/504 14/13/505 104/104/504
f 198/198/506 190/190/485 14/13/507
f 199/199/508 16/17/509 17/16/510
f 199/199/511 200/200/512 16/17/509
f 201/201/513 17/16/514 105/105/515
f 201/201/513 199/199/516 17/16/514
f 202/202/517 106/106/518 18/18/519
f 202/202/520 203/203/521 106/106/518
f 204/204/522 18/18/523 19/20/522
f 204/204/524 202/202/525 18/18/523
f 192/192/490 22/22/526 3/2/490
f 192/192/490 205/205/527 22/22/83
f 206/206/528 107/107/529 68/68/530
f 206/206/528 207/207/531 107/107/529
f 208/208/532 26/26/533 27/27/532
f 208/208/534 111/111/535 26/26/533
f 209/209/536 29/30/202 30/29/537
f 209/209/538 113/113/539 29/30/202
f 181/181/540 108/108/208 31/31/452
f 181/181/455 117/117/208 108/108/208
f 210/210/541 109/109/542 34/34/543
f 210/210/541 124/124/544 109/109/542
f 211/211/545 34/34/546 35/36/547
f 211/211/548 210/210/549 34/34/550
f 212/212/551 38/39/552 39/38/553
f 212/212/554 213/213/552 38/39/552
f 127/127/555 39/38/556 110/110/221
f 127/127/555 212/212/557 39/38/556
f 151/150/558 42/41/559 40/40/558
f 151/150/560 149/149/561 42/41/559
f 193/193/562 40/40/563 41/42/493
f 193/193/562 151/150/563 40/40/563
f 214/214/564 129/130/565 152/153/566
f 214/214/564 128/128/224 129/130/226
f 215/215/567 152/153/566 153/152/568
f 215/215/567 214/214/564 152/153/569
f 216/216/570 153/152/571 154/155/572
f 216/216/573 215/215/574 153/152/575
f 217/217/576 154/155/577 155/154/578
f 217/217/579 216/216/580 154/155/581
f 213/213/582 155/154/583 38/39/582
f 213/213/584 217/217/585 155/154/578
f 218/218/586 35/36/587 156/157/588
f 218/218/589 211/211/545 35/36/587
f 219/219/590 156/157/588 157/156/591
f 219/219/592 218/218/589 156/157/593
f 220/220/594 56/56/595 57/58/594
f 220/220/596 221/221/597 56/56/598
f 222/222/599 57/58/600 58/57/601
f 222/222/602 220/220/603 57/58/603
f 123/123/604 58/57/605 122/122/604
f 123/123/606 222/222/607 58/57/605
f 221/221/608 157/156/609 56/56/610
f 221/221/608 219/219/590 157/156/609
f 223/223/611 30/29/537 62/63/612
f 223/223/613 209/209/614 30/29/537
f 112/112/615 62/63/616 63/62/617
f 112/112/615 223/223/618 62/63/619
f 224/224/620 27/27/621 67/67/84
f 224/224/620 208/208/622 27/27/622
f 205/205/623 67/67/624 22/22/526
f 205/205/623 224/224/625 67/67/624
f 161/161/626 68/68/530 69/70/626
f 161/161/627 206/206/628 68/68/530
f 137/137/629 69/70/629 70/69/629
f 137/137/630 161/161/630 69/70/630
f 225/225/631 164/164/632 163/163/633
f 225/225/634 226/226/635 164/164/636
f 227/227/637 165/165/638 166/167/639
f 227/227/637 228/228/640 165/165/641
f 229/229/642 166/167/639 167/166/643
f 229/229/642 227/227/644 166/167/639
f 230/230/645 19/20/646 168/168/647
f 230/230/648 204/204/649 19/20/649
f 231/231/650 168/168/651 169/169/652
f 231/231/653 230/230/654 168/168/655
f 228/228/656 169/169/657 165/165/658
f 228/228/659 231/231/660 169/169/657
f 149/149/661 136/136/662 42/41/663
f 149/149/661 135/135/664 136/136/664
f 232/232/665 170/170/666 171/171/667
f 232/232/665 233/233/668 170/170/666
f 200/200/512 171/171/667 16/17/509
f 200/200/512 232/232/665 171/171/667
f 234/234/669 83/82/670 81/81/669
f 234/234/671 235/235/672 83/82/673
f 236/236/674 81/81/675 82/83/676
f 236/236/674 234/234/677 81/81/677
f 233/233/678 82/83/679 170/170/666
f 233/233/678 236/236/680 82/83/679
f 235/235/681 172/172/682 83/82/683
f 235/235/681 237/237/684 172/172/684
f 238/238/685 104/104/686 173/173/687
f 238/238/688 198/198/506 104/104/506
f 239/239/689 103/103/690 175/175/691
f 239/239/506 196/196/500 103/103/502
f 240/240/692 10/11/693 87/87/694
f 240/240/695 241/241/696 10/11/697
f 197/197/698 87/87/699 11/10/700
f 197/197/698 240/240/701 87/87/702
f 242/242/703 1/1/704 91/91/705
f 242/242/706 191/191/707 1/1/491
f 195/195/708 91/91/709 7/8/708
f 195/195/710 242/242/711 91/91/705
f 241/241/712 8/7/713 10/11/714
f 241/241/696 194/194/715 8/7/713
f 186/186/716 175/175/717 13/14/716
f 186/186/718 239/239/506 175/175/691
f 243/243/719 173/173/687 176/176/720
f 243/243/719 238/238/685 173/173/687
f 237/237/721 176/176/720 172/172/721
f 237/237/722 243/243/723 176/176/720
f 244/244/724 105/105/725 177/177/726
f 244/244/727 201/201/728 105/105/729
f 203/203/521 177/177/730 106/106/518
f 203/203/521 244/244/731 177/177/730
f 226/226/635 167/166/643 164/164/632
f 226/226/635 229/229/642 167/166/643
f 207/207/531 163/163/732 107/107/529
f 207/207/531 225/225/631 163/163/732
f 874/573/2591 876/574/2592 875/575/2593
f 877/576/2594 879/577/2595 878/578/2596
f 880/579/2597 882/580/2598 881/581/2599
f 883/582/2600 885/583/2601 884/584/2602
f 886/585/2603 888/586/2604 887/587/2605
f 889/588/2606 891/589/2607 890/590/2608
f 892/591/2609 894/592/2610 893/593/2611
f 895/594/2612 876/574/2613 896/595/2614
f 897/596/2615 899/597/2616 898/598/2617
f 900/599/2618 896/595/2619 901/600/2620
f 902/601/2621 904/602/2622 903/603/2623
f 905/604/2624 907/605/2625 906/606/2626
f 908/607/2627 910/608/2628 909/609/2629
f 911/610/2630 913/611/2631 912/612/2632
f 914/613/2633 916/614/2634 915/615/2635
f 915/615/2636 916/614/2637 879/577/2638
f 877/576/2594 878/578/2639 917/616/2640
f 918/617/2641 920/618/2642 919/619/2643
f 911/610/2630 922/620/2644 921/621/2645
f 921/621/2646 922/620/2647 923/622/2648
f 924/623/2649 925/624/2650 910/608/2651
f 926/625/2652 928/626/2653 927/627/2654
f 929/628/2655 931/629/2656 930/630/2657
f 927/627/2658 928/626/2659 932/631/2660
f 907/605/2625 934/632/2661 933/633/2662
f 904/602/2663 936/634/2664 935/635/2665
f 937/636/2666 902/601/2667 938/637/2668
f 937/636/2669 938/637/2668 939/638/2670
f 940/639/2671 942/640/2672 941/641/2673
f 895/594/2674 939/638/2675 938/637/2676
f 943/642/2677 945/643/2678 944/644/2679
f 897/596/2680 945/643/2681 943/642/2682
f 946/645/2683 898/598/2684 899/597/2685
f 947/646/2686 949/647/2687 948/648/2688
f 950/649/2689 951/650/2690 894/592/2691
f 952/651/2692 951/650/2693 950/649/2694
f 953/652/2695 955/653/2696 954/654/2697
f 956/655/2698 958/656/2699 957/657/2700
f 959/658/2701 955/653/2702 953/652/2703
f 960/659/2704 886/585/2705 961/660/2706
f 962/661/2707 884/584/2602 885/583/2708
f 963/662/2709 883/582/2710 964/663/2711
f 965/664/2712 964/663/2713 883/582/2714
f 966/665/2715 968/666/2716 967/667/2717
f 965/664/2712 875/575/2593 964/663/2711
f 889/588/2718 970/668/2719 969/669/2720
f 906/606/2626 971/670/2721 905/604/2624
f 906/606/2626 972/671/2722 971/670/2721
f 972/671/2723 974/672/2724 973/673/2725
f 972/671/2726 906/606/2626 974/672/2727
f 975/674/2728 977/675/2729 976/676/2730
f 975/674/2731 887/587/2732 977/675/2729
f 887/587/2732 978/677/2733 977/675/2729
f 887/587/2734 888/586/2735 978/677/2736
f 875/575/2593 979/678/2737 964/663/2738
f 875/575/2593 876/574/2613 979/678/2739
f 879/577/2740 980/679/2741 915/615/2636
f 879/577/2740 877/576/2594 980/679/2741
f 875/575/2742 882/580/2743 880/579/2597
f 875/575/2593 965/664/2744 882/580/2745
f 963/662/2746 885/583/2708 883/582/2747
f 963/662/2748 981/680/2749 885/583/2601
f 960/659/2750 888/586/2604 886/585/2751
f 960/659/2704 982/681/2752 888/586/2604
f 969/669/2753 891/589/2607 889/588/2754
f 969/669/2755 983/682/2756 891/589/2607
f 892/591/2757 950/649/2758 894/592/2759
f 892/591/2757 984/683/2760 950/649/2758
f 979/678/2739 895/594/2612 938/637/2668
f 979/678/2739 876/574/2761 895/594/2612
f 897/596/2762 985/684/2763 899/597/2616
f 897/596/2680 943/642/2764 985/684/2763
f 895/594/2674 900/599/2618 939/638/2765
f 895/594/2766 896/595/2619 900/599/2618
f 937/636/2767 904/602/2768 902/601/2769
f 937/636/2669 936/634/2770 904/602/2768
f 934/632/2771 905/604/2624 986/685/2772
f 934/632/2771 907/605/2773 905/604/2774
f 924/623/2775 908/607/2627 987/686/2776
f 924/623/2777 910/608/2628 908/607/2778
f 921/621/2779 913/611/2631 911/610/2630
f 921/621/2780 988/687/2781 913/611/2631
f 989/688/2782 936/634/2783 900/599/2784
f 989/688/2785 990/689/2786 936/634/2787
f 991/690/2788 992/691/2789 903/603/2790
f 991/690/2788 993/692/2791 992/691/2789
f 994/693/2791 996/694/2792 995/695/2789
f 994/693/2791 997/696/2793 996/694/2793
f 998/697/2794 1000/698/2795 999/699/2794
f 998/697/2796 1001/700/2797 1000/698/2798
f 1001/700/2799 1002/701/2800 1000/698/2795
f 1001/700/2801 1003/702/2802 1002/701/2803
f 1003/702/2804 1004/703/2805 1002/701/2803
f 1003/702/2804 1005/704/2806 1004/703/2806
f 1006/705/2807 1008/706/2808 1007/707/2809
f 1006/705/2807 1009/708/2810 1008/706/2808
f 1010/709/2811 988/687/2812 1011/710/2813
f 1010/709/2811 1012/711/2814 988/687/2812
f 1013/712/2815 1015/713/2816 1014/714/2817
f 1013/712/2818 1016/715/2819 1015/713/2820
f 1016/715/2819 1017/716/2821 1015/713/2816
f 1016/715/2819 1018/717/2822 1017/716/2821
f 1018/717/2822 1019/718/2823 1017/716/2821
f 1018/717/2822 1020/719/2824 1019/718/2825
f 1021/720/2826 1023/721/2827 1022/722/2826
f 1021/720/2828 1024/723/2829 1023/721/2830
f 1025/724/2831 925/624/2832 922/620/2833
f 1025/724/2831 1026/725/2834 925/624/2650
f 1026/725/2835 928/626/2836 925/624/2837
f 1026/725/2834 1027/726/2838 928/626/2836
f 1027/726/2838 933/633/2662 928/626/2836
f 1027/726/2838 1028/727/2839 933/633/2662
f 1028/727/2840 1029/728/2841 933/633/2842
f 1028/727/2843 1030/729/2844 1029/728/2845
f 1030/729/2844 938/637/2846 1029/728/2841
f 1030/729/2847 979/678/2848 938/637/2846
f 1025/724/2849 920/618/2850 1031/730/2851
f 1025/724/2852 922/620/2644 920/618/2850
f 1031/730/2851 878/578/2853 1032/731/2854
f 1031/730/2851 920/618/2855 878/578/2853
f 1032/731/2856 879/577/2857 1033/732/2858
f 1032/731/2856 878/578/2596 879/577/2857
f 1034/733/2859 1036/734/2860 1035/735/2861
f 1034/733/2862 1037/736/2863 1036/734/2864
f 1036/734/2865 1039/737/2866 1038/738/2867
f 1036/734/2860 1037/736/2868 1039/737/2869
f 918/617/2870 878/578/2871 920/618/2642
f 918/617/2870 917/616/2640 878/578/2872
f 1040/739/2873 1042/740/2874 1041/741/2875
f 1040/739/2876 912/612/2877 1042/740/2874
f 1042/740/2878 1044/742/2879 1043/743/2879
f 1042/740/2880 912/612/2881 1044/742/2730
f 923/622/2648 925/624/2837 924/623/2882
f 923/622/2648 922/620/2647 925/624/2883
f 909/609/2884 1046/744/2884 1045/745/2884
f 909/609/2629 1047/746/2885 1046/744/2886
f 926/625/2652 925/624/2650 928/626/2653
f 926/625/2652 910/608/2628 925/624/2650
f 931/629/2887 1046/744/2888 1047/746/2885
f 931/629/2656 929/628/2655 1046/744/2889
f 932/631/2890 933/633/2891 934/632/2892
f 932/631/2660 928/626/2653 933/633/2891
f 907/605/2773 1029/728/2841 1048/747/2893
f 907/605/2894 933/633/2895 1029/728/2841
f 1048/747/2896 938/637/2846 902/601/2897
f 1048/747/2896 1029/728/2841 938/637/2898
f 919/619/2899 922/620/2900 911/610/2901
f 919/619/2899 920/618/2902 922/620/2900
f 970/668/2719 1025/724/2831 951/650/2903
f 970/668/2904 1026/725/2905 1025/724/2831
f 955/653/2906 1026/725/2907 970/668/2904
f 955/653/2908 1027/726/2909 1026/725/2834
f 961/660/2706 1027/726/2838 955/653/2908
f 961/660/2910 1028/727/2839 1027/726/2838
f 1049/748/2911 1028/727/2839 961/660/2910
f 1049/748/2911 1030/729/2912 1028/727/2839
f 964/663/2913 1030/729/2844 1049/748/2914
f 964/663/2915 979/678/2848 1030/729/2844
f 949/647/2916 1025/724/2852 1031/730/2917
f 949/647/2916 951/650/2690 1025/724/2852
f 898/598/2918 1031/730/2851 1032/731/2854
f 898/598/2684 949/647/2919 1031/730/2851
f 897/596/2920 1032/731/2856 1033/732/2858
f 897/596/2921 898/598/2918 1032/731/2922
f 1050/749/2923 1034/733/2862 1035/735/2924
f 1050/749/2925 1051/750/2926 1034/733/2862
f 1052/751/2927 1050/749/2928 1053/752/2929
f 1052/751/2930 1051/750/2931 1050/749/2928
f 1054/753/2932 948/648/2933 946/645/2934
f 1054/753/2935 1055/754/2936 948/648/2937
f 1056/755/2938 1058/756/2938 1057/757/2939
f 1056/755/2938 893/593/2940 1058/756/2938
f 1059/758/2941 1061/759/2941 1060/760/2941
f 1059/758/2942 1062/761/2942 1061/759/2942
f 1033/732/2943 916/614/2944 1063/762/2945
f 1033/732/2858 879/577/2946 916/614/2944
f 970/668/2719 952/651/2947 969/669/2755
f 970/668/2948 951/650/2949 952/651/2947
f 1064/763/2950 890/590/2950 1065/764/2950
f 1064/763/2951 1066/765/2952 890/590/2953
f 890/590/2954 954/654/2955 889/588/2956
f 890/590/2957 1066/765/2958 954/654/2955
f 1064/763/2951 958/656/2699 1066/765/2959
f 1064/763/2960 957/657/2700 958/656/2699
f 960/659/2750 1067/766/2961 982/681/2752
f 960/659/2962 959/658/2963 1067/766/2961
f 1049/748/2914 886/585/2964 1068/767/2965
f 1049/748/2966 961/660/2706 886/585/2964
f 963/662/2748 1069/768/2967 981/680/2968
f 963/662/2969 1068/767/2970 1069/768/2971
f 894/592/2759 1058/756/2972 893/593/2973
f 894/592/2759 947/646/2974 1058/756/2972
f 1068/767/2975 964/663/2711 1049/748/2966
f 1068/767/2975 963/662/2976 964/663/2977
f 965/664/2744 884/584/2978 882/580/2745
f 965/664/2712 883/582/2979 884/584/2978
f 1068/767/2980 887/587/2732 1069/768/2981
f 1068/767/2970 886/585/2982 887/587/2983
f 959/658/2984 961/660/2706 955/653/2702
f 959/658/2984 960/659/2704 961/660/2706
f 959/658/2963 1070/769/2985 1067/766/2961
f 959/658/2986 953/652/2987 1070/769/2985
f 953/652/2988 1066/765/2989 1070/769/2990
f 953/652/2988 954/654/2991 1066/765/2959
f 889/588/2718 955/653/2992 970/668/2948
f 889/588/2718 954/654/2993 955/653/2696
f 969/669/2755 1071/770/2994 983/682/2756
f 969/669/2753 952/651/2995 1071/770/2996
f 952/651/2995 984/683/2760 1071/770/2997
f 952/651/2995 950/649/2758 984/683/2760
f 947/646/2686 951/650/2998 949/647/2687
f 947/646/2686 894/592/2999 951/650/2693
f 947/646/2686 1055/754/2936 1058/756/3000
f 947/646/2686 948/648/2937 1055/754/2936
f 946/645/3001 949/647/3002 898/598/3003
f 946/645/2683 948/648/2937 949/647/2687
f 946/645/2683 985/684/3004 1054/753/2932
f 946/645/3005 899/597/2685 985/684/2763
f 937/636/2669 900/599/3006 936/634/3007
f 937/636/3008 939/638/2670 900/599/3009
f 1048/747/2896 903/603/3010 992/691/3011
f 1048/747/2896 902/601/2621 903/603/2623
f 907/605/2894 992/691/3012 906/606/2626
f 907/605/2773 1048/747/2896 992/691/3012
f 932/631/2890 986/685/2772 1072/771/3013
f 932/631/2890 934/632/2771 986/685/3014
f 927/627/3015 1072/771/3013 1073/772/3016
f 927/627/3017 932/631/2890 1072/771/3013
f 926/625/3018 1073/772/3019 1047/746/3020
f 926/625/3021 927/627/2654 1073/772/3022
f 910/608/3023 1047/746/3024 909/609/3025
f 910/608/2628 926/625/3021 1047/746/3020
f 923/622/2648 987/686/3026 1011/710/3027
f 923/622/2648 924/623/3028 987/686/3029
f 921/621/3030 1011/710/3031 988/687/2781
f 921/621/3030 923/622/3032 1011/710/3033
f 919/619/2899 912/612/3034 1040/739/3035
f 919/619/2899 911/610/2630 912/612/3036
f 918/617/3037 1040/739/3035 1074/773/3038
f 918/617/2641 919/619/2643 1040/739/3039
f 917/616/3040 1074/773/3041 1075/774/3042
f 917/616/3040 918/617/3043 1074/773/3044
f 877/576/3045 1075/774/3046 980/679/2741
f 877/576/3045 917/616/3047 1075/774/3042
f 1052/751/3048 1077/775/3048 1076/776/3048
f 1052/751/3049 1053/752/3050 1077/775/3051
f 897/596/3052 1063/762/3053 945/643/3054
f 897/596/2921 1033/732/2858 1063/762/3055
f 1078/777/3056 905/604/3057 971/670/3058
f 1078/777/3056 1079/778/3059 905/604/3057
f 1080/779/3060 971/670/3061 972/671/3062
f 1080/779/3060 1078/777/3063 971/670/3061
f 1081/780/3064 972/671/3065 973/673/3066
f 1081/780/3067 1080/779/3060 972/671/3062
f 1082/781/3068 973/673/3069 974/672/3068
f 1082/781/3068 1081/780/3070 973/673/3071
f 1083/782/3072 974/672/3072 906/606/3072
f 1083/782/3073 1082/781/3073 974/672/3073
f 1084/783/3074 887/587/3074 975/674/3074
f 1084/783/3075 1085/784/3075 887/587/3075
f 1086/785/3076 975/674/3077 976/676/3078
f 1086/785/3079 1084/783/3077 975/674/3077
f 1087/786/3080 976/676/3081 977/675/3082
f 1087/786/3083 1086/785/3084 976/676/3078
f 1088/787/3085 977/675/3082 978/677/3086
f 1088/787/3087 1087/786/3080 977/675/3082
f 1089/788/3088 978/677/3089 888/586/3090
f 1089/788/3088 1088/787/3091 978/677/3092
f 1090/789/3093 876/574/3094 880/579/3095
f 1090/789/3096 1091/790/3094 876/574/3094
f 1020/719/2824 1092/791/3097 1019/718/2823
f 1020/719/3098 1093/792/3099 1092/791/3097
f 1094/793/3100 881/581/3101 882/580/3102
f 1094/793/3100 1095/794/3103 881/581/3103
f 1096/795/3104 885/583/3105 981/680/3106
f 1096/795/3104 1097/796/3107 885/583/3105
f 1098/797/3108 1100/798/3109 1099/799/3108
f 1098/797/3110 1101/800/3088 1100/798/3090
f 1102/801/3111 1104/802/3112 1103/803/3113
f 1102/801/3111 1105/804/3114 1104/802/3115
f 1106/805/3116 1103/803/3117 1107/806/3118
f 1106/805/3119 1102/801/3111 1103/803/3113
f 1108/807/3120 1110/808/3121 1109/809/3122
f 1108/807/3120 1111/810/3123 1110/808/3121
f 1112/811/3124 1109/809/3125 1062/761/3126
f 1112/811/3124 1108/807/3120 1109/809/3125
f 1091/790/3094 896/595/2672 876/574/3094
f 1091/790/3094 1113/812/3127 896/595/3128
f 1114/813/3129 1116/814/3130 1115/815/3131
f 1114/813/3129 1117/816/3132 1116/814/3130
f 1118/817/3133 900/599/3134 901/600/3133
f 1118/817/3135 989/688/2785 900/599/2784
f 1119/818/3136 903/603/3137 904/602/3138
f 1119/818/3136 991/690/2788 903/603/3137
f 1120/819/3139 999/699/3140 1121/820/3057
f 1120/819/3059 998/697/3141 999/699/3141
f 1122/821/3142 1007/707/2809 1123/822/3143
f 1122/821/3144 1006/705/3145 1007/707/2809
f 1124/823/3146 1123/822/3147 1125/824/3148
f 1124/823/3149 1122/821/3142 1123/822/3147
f 1126/825/3150 1128/826/3151 1127/827/3152
f 1126/825/3150 1129/828/3151 1128/826/3151
f 1130/829/2814 1127/827/3153 1131/830/2812
f 1130/829/3154 1126/825/3155 1127/827/3153
f 1132/831/3156 1134/832/3157 1133/833/3156
f 1132/831/3158 1135/834/3159 1134/832/3157
f 1093/792/3099 1133/833/3160 1092/791/3097
f 1093/792/3099 1132/831/3161 1133/833/3161
f 1136/835/3162 1014/714/3163 1137/836/3164
f 1136/835/3162 1013/712/3165 1014/714/3163
f 1138/837/3166 1137/836/3167 1139/838/3168
f 1138/837/3166 1136/835/3162 1137/836/3167
f 1140/839/3169 1042/740/3170 1043/743/3171
f 1140/839/3172 1141/840/3173 1042/740/3168
f 1142/841/3174 1043/743/3175 1044/742/3176
f 1142/841/3177 1140/839/3178 1043/743/3179
f 1143/842/3180 1044/742/3181 912/612/3180
f 1143/842/3182 1142/841/3183 1044/742/3176
f 1144/843/3184 1125/824/3148 1145/844/3185
f 1144/843/3186 1124/823/3149 1125/824/3148
f 1146/845/3187 1145/844/3188 1147/846/3189
f 1146/845/3187 1144/843/3184 1145/844/3188
f 1148/847/3190 929/628/3191 930/630/3190
f 1148/847/3192 1149/848/3193 929/628/3191
f 1150/849/3194 930/630/3195 931/629/3196
f 1150/849/3197 1148/847/3198 930/630/3198
f 1151/850/3199 931/629/3196 1047/746/3199
f 1151/850/3200 1150/849/3201 931/629/3196
f 1149/848/3202 1046/744/3189 929/628/3191
f 1149/848/3202 1152/851/3203 1046/744/3189
f 1153/852/3204 904/602/3205 935/635/3206
f 1153/852/3204 1119/818/3207 904/602/3205
f 990/689/3208 935/635/3209 936/634/3210
f 990/689/3211 1153/852/3212 935/635/3213
f 1154/853/3214 901/600/3215 1155/854/2673
f 1154/853/3216 1118/817/3215 901/600/3215
f 1113/812/3217 1155/854/3218 896/595/3219
f 1113/812/3217 1154/853/3216 1155/854/3220
f 1156/855/3221 1115/815/3222 1157/856/3221
f 1156/855/3221 1114/813/3223 1115/815/3222
f 1024/723/2829 1157/856/3224 1023/721/2830
f 1024/723/2829 1156/855/3225 1157/856/3225
f 1158/857/3226 1160/858/3227 1159/859/3228
f 1158/857/3226 1161/860/3229 1160/858/3230
f 1162/861/3231 1164/862/3232 1163/863/3233
f 1162/861/3231 1165/864/3234 1164/862/3235
f 1166/865/3236 1163/863/3233 1167/866/3237
f 1166/865/3236 1162/861/3238 1163/863/3233
f 1168/867/3239 1062/761/3240 1059/758/3239
f 1168/867/3241 1112/811/3242 1062/761/3243
f 1169/868/3244 1059/758/3245 1060/760/3246
f 1169/868/3247 1168/867/3248 1059/758/3248
f 1170/869/3249 1060/760/3250 1061/759/3251
f 1170/869/3252 1169/868/3253 1060/760/3254
f 1135/834/3159 1022/722/2826 1134/832/3255
f 1135/834/3256 1021/720/2828 1022/722/2828
f 1171/870/3257 1173/871/3258 1172/872/3259
f 1171/870/3257 1174/873/3260 1173/871/3258
f 1105/804/3114 1172/872/3261 1104/802/3112
f 1105/804/3114 1171/870/3257 1172/872/3261
f 1175/874/3262 958/656/3263 956/655/3262
f 1175/874/3262 1176/875/3264 958/656/3263
f 1177/876/3265 956/655/3266 957/657/3267
f 1177/876/3265 1175/874/3268 956/655/3268
f 1178/877/3260 957/657/3267 1064/763/3269
f 1178/877/3260 1177/876/3270 957/657/3271
f 1176/875/3272 1066/765/3273 958/656/3274
f 1176/875/3272 1179/878/3275 1066/765/3275
f 1180/879/3276 1099/799/3277 1181/880/3278
f 1180/879/3279 1098/797/3108 1099/799/3108
f 1182/881/3280 981/680/3281 1069/768/3282
f 1182/881/3283 1096/795/3284 981/680/3281
f 1183/882/3285 884/584/3286 962/661/3287
f 1183/882/3288 1184/883/3289 884/584/3290
f 1097/796/3291 962/661/3292 885/583/3293
f 1097/796/3291 1183/882/3294 962/661/3292
f 1185/884/3295 880/579/3095 1186/885/3296
f 1185/884/3295 1090/789/3297 880/579/3298
f 1095/794/3299 1186/885/2715 881/581/3299
f 1095/794/3300 1185/884/3301 1186/885/2715
f 1184/883/3302 882/580/3303 884/584/3304
f 1184/883/3305 1094/793/3100 882/580/3303
f 1187/886/3306 1189/887/3307 1188/694/3306
f 1187/886/3308 1190/888/3283 1189/887/3307
f 1191/889/3309 1181/880/3310 1192/890/3311
f 1191/889/3309 1180/879/3312 1181/880/3313
f 1193/891/3314 1192/890/3315 1194/703/3314
f 1193/891/3316 1191/889/3309 1192/890/3311
f 1195/892/3317 1107/806/3118 1196/893/3318
f 1195/892/3317 1106/805/3116 1107/806/3118
f 1197/894/3123 1071/770/3319 984/683/3121
f 1197/894/3123 1198/895/3320 1071/770/3319
f 1161/860/3321 1167/866/3322 1160/858/3323
f 1161/860/3321 1166/865/3324 1167/866/3322
f 1117/816/3132 1159/859/3228 1116/814/3130
f 1117/816/3132 1158/857/3226 1159/859/3228
f 1547/1244/4359 1549/1245/4360 1548/1246/4361
f 1547/1244/4362 1550/1247/4363 1549/1245/4364
f 1551/1248/4365 1553/1249/4366 1552/1250/4367
f 1551/1248/4368 1554/1251/4369 1553/1249/4366
f 1555/1252/4370 1557/1253/4371 1556/1254/4372
f 1555/1252/4370 1558/1255/4373 1557/1253/4371
f 1559/1256/4374 1561/1257/4375 1560/1258/4376
f 1559/1256/4374 1562/1259/4377 1561/1257/4378
f 1563/1260/4379 1565/1261/4380 1564/1262/4381
f 1563/1260/4379 1566/1263/4382 1565/1261/4383
f 1567/1264/4384 1569/1265/4385 1568/1266/4386
f 1567/1264/4387 1570/1267/4388 1569/1265/4389
f 1571/1268/4390 1573/1269/4391 1572/1270/4392
f 1571/1268/4393 1574/1271/4394 1573/1269/4395
f 1575/1272/4396 1556/1254/4397 1557/1253/4398
f 1575/1272/4396 1576/1273/4399 1556/1254/4397
f 1558/1255/4400 1548/1246/4401 1549/1245/4402
f 1558/1255/4400 1555/1252/4370 1548/1246/4401
f 1550/1247/4363 1578/1274/4403 1577/1275/4404
f 1550/1247/4363 1547/1244/4362 1578/1274/4403
f 1577/1275/4405 1580/1276/4406 1579/1277/4407
f 1577/1275/4405 1578/1274/4403 1580/1276/4406
f 1563/1260/4379 1581/1278/4408 1566/1263/4382
f 1563/1260/4409 1582/1279/4410 1581/1278/4411
f 1583/1280/4412 1565/1261/4383 1584/1281/4413
f 1583/1280/4414 1564/1262/4415 1565/1261/4380
f 1585/1282/4416 1572/1270/4392 1573/1269/4391
f 1585/1282/4416 1586/1283/4417 1572/1270/4392
f 1576/1273/4418 1586/1283/4417 1585/1282/4416
f 1576/1273/4418 1575/1272/4419 1586/1283/4420
f 1547/1244/3333 1588/1284/3333 1587/1285/3333
f 1547/1244/3353 1548/1246/3353 1588/1284/3353
f 1548/1246/3333 1589/1286/3333 1588/1284/3333
f 1548/1246/3328 1555/1252/3328 1589/1286/3328
f 1578/1274/3333 1587/1285/3333 1590/1287/3333
f 1578/1274/3333 1547/1244/3333 1587/1285/3333
f 1555/1252/3333 1591/1288/3333 1589/1286/3333
f 1555/1252/3334 1556/1254/3334 1591/1288/3334
f 1580/1276/3328 1590/1287/3328 1592/1289/3328
f 1580/1276/3333 1578/1274/3333 1590/1287/3333
f 1556/1254/3333 1593/1290/3333 1591/1288/3333
f 1556/1254/3353 1576/1273/3353 1593/1290/3353
f 1594/1291/3333 1592/1289/3333 1595/1292/3333
f 1594/1291/3342 1580/1276/3342 1592/1289/3342
f 1576/1273/3333 1596/1293/3333 1593/1290/3333
f 1576/1273/3333 1585/1282/3333 1596/1293/3333
f 1551/1248/3333 1595/1292/3333 1597/1294/3333
f 1551/1248/3333 1594/1291/3333 1595/1292/3333
f 1585/1282/3334 1598/1295/3334 1596/1293/3334
f 1585/1282/3353 1573/1269/3353 1598/1295/3353
f 1554/1251/3333 1597/1294/3333 1599/1296/3333
f 1554/1251/3333 1551/1248/3333 1597/1294/3333
f 1573/1269/3333 1600/1297/3333 1598/1295/3333
f 1573/1269/3353 1574/1271/3353 1600/1297/3353
f 1559/1256/3333 1599/1296/3333 1601/1298/3333
f 1559/1256/3342 1554/1251/3342 1599/1296/3342
f 1574/1271/3333 1602/1299/3333 1600/1297/3333
f 1574/1271/3334 1569/1265/3334 1602/1299/3334
f 1551/1248/4421 1603/1300/4422 1594/1291/4423
f 1551/1248/4421 1552/1250/4367 1603/1300/4424
f 1559/1256/4425 1553/1249/4426 1554/1251/4427
f 1559/1256/4374 1560/1258/4428 1553/1249/4426
f 1604/1301/4429 1561/1257/4430 1562/1259/4431
f 1604/1301/4429 1605/1302/4432 1561/1257/4433
f 1606/1303/4434 1605/1302/4432 1604/1301/4435
f 1606/1303/4434 1607/1304/4436 1605/1302/4432
f 1608/1305/4437 1610/1306/4438 1609/1307/4439
f 1608/1305/4437 1611/1308/4440 1610/1306/4438
f 1612/1309/4441 1581/1278/4442 1582/1279/4410
f 1612/1309/4441 1613/1310/4443 1581/1278/4442
f 1614/1311/4444 1616/1312/4445 1615/1313/4446
f 1614/1311/4447 1617/1314/4448 1616/1312/4449
f 1570/1267/4450 1619/1315/4451 1618/1316/4452
f 1570/1267/4453 1567/1264/4454 1619/1315/4455
f 1574/1271/4456 1568/1266/4386 1569/1265/4385
f 1574/1271/4394 1571/1268/4393 1568/1266/4457
f 1562/1259/3357 1601/1298/3357 1620/1317/3357
f 1562/1259/4458 1559/1256/4458 1601/1298/4458
f 1569/1265/3333 1621/1318/3333 1602/1299/3333
f 1569/1265/3333 1570/1267/3333 1621/1318/3333
f 1604/1301/3333 1620/1317/3333 1622/1319/3333
f 1604/1301/3333 1562/1259/3333 1620/1317/3333
f 1570/1267/3333 1623/1320/3333 1621/1318/3333
f 1570/1267/3357 1618/1316/3357 1623/1320/3357
f 1606/1303/3334 1622/1319/3334 1624/1321/3334
f 1606/1303/3333 1604/1301/3333 1622/1319/3333
f 1618/1316/3333 1625/1322/3333 1623/1320/3333
f 1618/1316/3337 1614/1311/3337 1625/1322/3337
f 1609/1307/3333 1624/1321/3333 1626/1323/3333
f 1609/1307/3333 1606/1303/3333 1624/1321/3333
f 1614/1311/3333 1627/1324/3333 1625/1322/3333
f 1614/1311/3342 1615/1313/3342 1627/1324/3342
f 1608/1305/3353 1626/1323/3353 1628/1325/3353
f 1608/1305/3333 1609/1307/3333 1626/1323/3333
f 1615/1313/3328 1629/1326/3328 1627/1324/3328
f 1615/1313/3353 1630/1327/3353 1629/1326/3353
f 1583/1280/3333 1628/1325/3333 1631/1328/3333
f 1583/1280/3353 1608/1305/3353 1628/1325/3353
f 1630/1327/3328 1632/1329/3328 1629/1326/3328
f 1630/1327/3337 1633/1330/3337 1632/1329/3337
f 1564/1262/3333 1631/1328/3333 1634/1331/3333
f 1564/1262/3357 1583/1280/3357 1631/1328/3357
f 1633/1330/3333 1635/1332/3333 1632/1329/3333
f 1633/1330/3328 1612/1309/3328 1635/1332/3328
f 1563/1260/3333 1634/1331/3333 1636/1333/3333
f 1563/1260/3353 1564/1262/3353 1634/1331/3353
f 1612/1309/3333 1637/1334/3333 1635/1332/3333
f 1612/1309/3353 1582/1279/3353 1637/1334/3353
f 1582/1279/3328 1636/1333/3328 1637/1334/3328
f 1582/1279/3353 1563/1260/3353 1636/1333/3353
f 1587/1285/4459 1639/1335/4460 1638/1336/4461
f 1587/1285/4462 1588/1284/4463 1639/1335/4464
f 1588/1284/4465 1640/1337/4466 1639/1335/4467
f 1588/1284/4468 1589/1286/4469 1640/1337/4466
f 1590/1287/4470 1638/1336/4471 1641/1338/4472
f 1590/1287/4473 1587/1285/4474 1638/1336/4471
f 1589/1286/4475 1642/1339/4476 1640/1337/4466
f 1589/1286/4475 1591/1288/4477 1642/1339/4476
f 1592/1289/4478 1641/1338/4479 1643/1340/4480
f 1592/1289/4481 1590/1287/4482 1641/1338/4479
f 1591/1288/4483 1644/1341/4484 1642/1339/4485
f 1591/1288/4483 1593/1290/4486 1644/1341/4487
f 1595/1292/4488 1643/1340/4489 1645/1342/4490
f 1595/1292/4488 1592/1289/4491 1643/1340/4492
f 1593/1290/4486 1646/1343/4493 1644/1341/4494
f 1593/1290/4486 1596/1293/4495 1646/1343/4493
f 1597/1294/4496 1645/1342/4497 1647/1344/4498
f 1597/1294/4499 1595/1292/4500 1645/1342/4490
f 1596/1293/4501 1648/1345/4502 1646/1343/4503
f 1596/1293/4501 1598/1295/4504 1648/1345/4505
f 1599/1296/4506 1647/1344/4507 1649/1346/4508
f 1599/1296/4509 1597/1294/4510 1647/1344/4511
f 1598/1295/4512 1650/1347/4513 1648/1345/4514
f 1598/1295/4512 1600/1297/4515 1650/1347/4513
f 1601/1298/4516 1649/1346/4517 1651/1348/4518
f 1601/1298/4516 1599/1296/4519 1649/1346/4508
f 1600/1297/4520 1652/1349/4521 1650/1347/4522
f 1600/1297/4523 1602/1299/4524 1652/1349/4521
f 1620/1317/4525 1651/1348/4526 1653/1350/4527
f 1620/1317/4528 1601/1298/4529 1651/1348/4530
f 1602/1299/4531 1654/1351/4532 1652/1349/4533
f 1602/1299/4534 1621/1318/4535 1654/1351/4536
f 1622/1319/4537 1653/1350/4538 1655/1352/4539
f 1622/1319/4537 1620/1317/4528 1653/1350/4538
f 1621/1318/4540 1656/1353/4541 1654/1351/4542
f 1621/1318/4543 1623/1320/4544 1656/1353/4545
f 1624/1321/4546 1655/1352/4547 1657/1354/4548
f 1624/1321/4549 1622/1319/4537 1655/1352/4550
f 1623/1320/4544 1658/1355/4551 1656/1353/4552
f 1623/1320/4553 1625/1322/4554 1658/1355/4551
f 1626/1323/4555 1657/1354/4548 1659/1356/4556
f 1626/1323/4557 1624/1321/4558 1657/1354/4548
f 1625/1322/4559 1660/1357/4560 1658/1355/4551
f 1625/1322/4559 1627/1324/4561 1660/1357/4562
f 1628/1325/4563 1659/1356/4556 1661/1358/4564
f 1628/1325/4563 1626/1323/4565 1659/1356/4556
f 1627/1324/4566 1662/1359/4567 1660/1357/4568
f 1627/1324/4569 1629/1326/4570 1662/1359/4567
f 1631/1328/4571 1661/1358/4572 1663/1360/4573
f 1631/1328/4574 1628/1325/4575 1661/1358/4572
f 1629/1326/4576 1664/1361/4577 1662/1359/4578
f 1629/1326/4576 1632/1329/4579 1664/1361/4580
f 1634/1331/4581 1663/1360/4582 1665/1362/4583
f 1634/1331/4584 1631/1328/4585 1663/1360/4582
f 1632/1329/4586 1666/1363/4587 1664/1361/4588
f 1632/1329/4589 1635/1332/4590 1666/1363/4587
f 1636/1333/4591 1665/1362/4583 1667/1364/4592
f 1636/1333/4593 1634/1331/4581 1665/1362/4594
f 1635/1332/4595 1668/1365/4596 1666/1363/4597
f 1635/1332/4598 1637/1334/4599 1668/1365/4600
f 1637/1334/4601 1667/1364/4602 1668/1365/4603
f 1637/1334/4604 1636/1333/4591 1667/1364/4605
f 1612/1309/4606 1669/1366/4607 1613/1310/4608
f 1612/1309/4609 1633/1330/4610 1669/1366/4607
f 1606/1303/4434 1610/1306/4611 1607/1304/4612
f 1606/1303/4613 1609/1307/4614 1610/1306/4615
f 1617/1314/4616 1618/1316/4617 1619/1315/4618
f 1617/1314/4616 1614/1311/4619 1618/1316/4452
f 1580/1276/4620 1603/1300/4422 1579/1277/4621
f 1580/1276/4620 1594/1291/4622 1603/1300/4422
f 1669/1366/4623 1630/1327/4624 1670/1367/4625
f 1669/1366/4607 1633/1330/4626 1630/1327/4624
f 1630/1327/4627 1616/1312/4628 1670/1367/4629
f 1630/1327/4627 1615/1313/4446 1616/1312/4630
f 1583/1280/4631 1611/1308/4632 1608/1305/4633
f 1583/1280/4634 1584/1281/4413 1611/1308/4635
f 1671/1368/4636 1673/1369/4637 1672/1370/4638
f 1674/1371/4639 1676/1372/4640 1675/1373/4641
f 1677/1374/4642 1679/1375/4643 1678/1376/4644
f 1680/1377/4645 1682/1378/4646 1681/1379/4647
f 1683/1380/4648 1685/1381/4649 1684/1382/4650
f 1686/1383/4651 1688/1384/4652 1687/1385/4653
f 1689/1386/4654 1691/1387/4655 1690/1388/4656
f 1692/1389/4657 1694/1390/4658 1693/1391/4659
f 1695/1392/4660 1697/1393/4661 1696/1394/4662
f 1698/1395/4636 1700/1396/4663 1699/1397/4664
f 1701/1398/4665 1703/1399/4666 1702/1400/4667
f 1704/1401/4668 1706/1402/4669 1705/1403/4670
f 1707/1404/4671 1709/1405/4672 1708/1406/4647
f 1710/1407/4673 1712/1408/4674 1711/1409/4675
f 1713/1410/4676 1715/1411/4677 1714/1412/4678
f 1716/1413/4679 1718/1414/4680 1717/1415/4681
f 1719/1416/4682 1721/1417/4683 1720/1418/4684
f 1722/1419/4685 1724/1420/4686 1723/1421/4687
f 1725/1422/4688 1679/1375/4643 1726/1423/4689
f 1727/1424/4690 1729/1425/4691 1728/1426/4692
f 1728/1426/4693 1731/1427/4694 1730/1428/4695
f 1732/1429/4696 1734/1430/4697 1733/1431/4698
f 1735/1432/4699 1737/1433/4700 1736/1434/4701
f 1738/1435/4702 1740/1436/4703 1739/1437/4704
f 1741/1438/4705 1706/1402/4669 1742/1439/4706
f 1743/1440/4707 1745/1441/4708 1744/1442/4709
f 1746/1443/4710 1748/1444/4711 1747/1445/4712
f 1749/1446/4713 1751/1447/4714 1750/1448/4715
f 1752/1449/4716 1754/1450/4717 1753/1451/4718
f 1709/1405/4719 1756/1452/4720 1755/1453/4721
f 1757/1454/4722 1756/1452/4723 1709/1405/4646
f 1758/1455/4724 1759/1456/4725 1707/1404/4645
f 1760/1457/4726 1762/1458/4727 1761/1459/4728
f 1701/1398/4665 1764/1460/4729 1763/1461/4730
f 1765/1462/4731 1764/1460/4732 1701/1398/4733
f 1766/1463/4734 1768/1464/4735 1767/1465/4736
f 1769/1466/4737 1771/1467/4738 1770/1468/4739
f 1772/1469/4740 1768/1464/4741 1766/1463/4742
f 1754/1450/4743 1774/1470/4744 1773/1471/4745
f 1775/1472/4746 1776/1473/4747 1749/1446/4748
f 1751/1447/4749 1778/1474/4750 1777/1475/4751
f 1748/1444/4752 1777/1475/4751 1778/1474/4750
f 1779/1476/4753 1741/1438/4754 1746/1443/4755
f 1748/1444/4711 1742/1439/4756 1777/1475/4751
f 1698/1395/4757 1781/1477/4758 1780/1478/4759
f 1782/1479/4760 1783/1480/4761 1727/1424/4762
f 1727/1424/4762 1783/1480/4761 1729/1425/4691
f 1731/1427/4763 1785/1481/4764 1784/1482/4765
f 1786/1483/4766 1788/1484/4767 1787/1485/4768
f 1789/1486/4769 1790/1487/4770 1697/1393/4771
f 1697/1393/4772 1790/1487/4773 1791/1488/4774
f 1792/1489/4775 1793/1490/4776 1694/1390/4777
f 1794/1491/4778 1796/1492/4779 1795/1493/4780
f 1797/1494/4781 1799/1495/4782 1798/1496/4783
f 1795/1493/4780 1796/1492/4784 1800/1497/4785
f 1801/1498/4786 1689/1386/4654 1802/1499/4787
f 1688/1384/4788 1804/1500/4789 1803/1501/4790
f 1805/1502/4791 1686/1383/4651 1806/1503/4792
f 1805/1502/4793 1806/1503/4794 1683/1380/4795
f 1685/1381/4796 1678/1376/4797 1807/1504/4798
f 1677/1374/4799 1683/1380/4648 1806/1503/4800
f 1682/1378/4719 1809/1505/4720 1808/1506/4801
f 1810/1507/4722 1809/1505/4723 1682/1378/4646
f 1811/1508/4724 1812/1509/4725 1680/1377/4645
f 1813/1510/4802 1815/1511/4803 1814/1512/4728
f 1674/1371/4804 1817/1513/4729 1816/1514/4805
f 1818/1515/4806 1817/1513/4732 1674/1371/4807
f 1819/1516/4808 1821/1517/4735 1820/1518/4809
f 1822/1519/4810 1824/1520/4811 1823/1521/4812
f 1825/1522/4813 1821/1517/4741 1819/1516/4814
f 1740/1436/4815 1827/1523/4816 1826/1524/4745
f 1828/1525/4817 1829/1526/4818 1735/1432/4699
f 1737/1433/4819 1831/1527/4750 1830/1528/4751
f 1734/1430/4820 1830/1528/4751 1831/1527/4750
f 1832/1529/4821 1725/1422/4822 1732/1429/4823
f 1734/1430/4697 1726/1423/4824 1830/1528/4751
f 1671/1368/4825 1834/1530/4826 1833/1531/4827
f 1835/1532/4828 1836/1533/4761 1743/1440/4829
f 1743/1440/4830 1836/1533/4761 1837/1534/4831
f 1745/1441/4708 1839/1535/4832 1838/1536/4833
f 1840/1537/4766 1842/1538/4767 1841/1539/4768
f 1843/1540/4769 1844/1541/4834 1724/1420/4686
f 1724/1420/4835 1844/1541/4773 1845/1542/4836
f 1846/1543/4837 1847/1544/4776 1721/1417/4838
f 1848/1545/4839 1850/1546/4779 1849/1547/4780
f 1851/1548/4840 1853/1549/4841 1852/1550/4842
f 1849/1547/4780 1850/1546/4784 1854/1551/4843
f 1855/1552/4786 1716/1413/4844 1856/1553/4787
f 1715/1411/4845 1858/1554/4846 1857/1555/4847
f 1859/1556/4848 1713/1410/4849 1860/1557/4850
f 1859/1556/4851 1860/1557/4852 1710/1407/4853
f 1712/1408/4854 1705/1403/4855 1861/1558/4856
f 1704/1401/4857 1710/1407/4858 1860/1557/4850
f 1671/1368/4636 1862/1559/4859 1673/1369/4637
f 1671/1368/4636 1833/1531/4860 1862/1559/4859
f 1674/1371/4807 1863/1560/4861 1676/1372/4862
f 1674/1371/4639 1816/1514/4863 1863/1560/4864
f 1864/1561/4865 1677/1374/4866 1806/1503/4867
f 1864/1561/4865 1679/1375/4868 1677/1374/4642
f 1810/1507/4869 1680/1377/4645 1812/1509/4870
f 1810/1507/4871 1682/1378/4872 1680/1377/4671
f 1677/1374/4873 1685/1381/4874 1683/1380/4648
f 1677/1374/4875 1678/1376/4876 1685/1381/4649
f 1686/1383/4877 1804/1500/4789 1688/1384/4878
f 1686/1383/4879 1805/1502/4880 1804/1500/4789
f 1689/1386/4654 1865/1562/4881 1691/1387/4655
f 1689/1386/4654 1801/1498/4786 1865/1562/4882
f 1694/1390/4777 1866/1563/4883 1792/1489/4775
f 1694/1390/4777 1692/1389/4884 1866/1563/4885
f 1697/1393/4661 1867/1564/4886 1789/1486/4887
f 1697/1393/4661 1695/1392/4660 1867/1564/4888
f 1698/1395/4636 1868/1565/4889 1700/1396/4890
f 1698/1395/4891 1780/1478/4860 1868/1565/4889
f 1701/1398/4733 1869/1566/4892 1703/1399/4666
f 1701/1398/4733 1763/1461/4893 1869/1566/4894
f 1870/1567/4895 1704/1401/4668 1860/1557/4896
f 1870/1567/4895 1706/1402/4897 1704/1401/4668
f 1757/1454/4869 1707/1404/4645 1759/1456/4870
f 1757/1454/4871 1709/1405/4672 1707/1404/4671
f 1704/1401/4857 1712/1408/4674 1710/1407/4898
f 1704/1401/4857 1705/1403/4899 1712/1408/4674
f 1713/1410/4900 1858/1554/4846 1715/1411/4901
f 1713/1410/4902 1859/1556/4848 1858/1554/4903
f 1716/1413/4844 1871/1568/4904 1718/1414/4905
f 1716/1413/4679 1855/1552/4786 1871/1568/4906
f 1721/1417/4683 1872/1569/4907 1846/1543/4908
f 1721/1417/4909 1719/1416/4682 1872/1569/4907
f 1724/1420/4910 1873/1570/4911 1843/1540/4887
f 1724/1420/4686 1722/1419/4912 1873/1570/4911
f 1865/1562/4913 1874/1571/4914 1691/1387/4915
f 1865/1562/4916 1875/1572/4917 1874/1571/4918
f 1874/1571/4919 1877/1573/4920 1876/1574/4921
f 1874/1571/4922 1875/1572/4923 1877/1573/4924
f 1878/1575/4925 1880/1576/4926 1879/1577/4927
f 1878/1575/4928 1881/1578/4929 1880/1576/4930
f 1882/1579/4931 1878/1575/4928 1879/1577/4932
f 1882/1579/4933 1738/1435/4934 1878/1575/4935
f 1864/1561/4865 1726/1423/4936 1679/1375/4937
f 1864/1561/4865 1830/1528/4938 1726/1423/4824
f 1729/1425/4691 1731/1427/4694 1728/1426/4693
f 1729/1425/4691 1785/1481/4764 1731/1427/4694
f 1726/1423/4939 1732/1429/4696 1725/1422/4940
f 1726/1423/4939 1734/1430/4697 1732/1429/4941
f 1737/1433/4942 1829/1526/4818 1831/1527/4943
f 1737/1433/4819 1735/1432/4699 1829/1526/4818
f 1827/1523/4744 1738/1435/4944 1882/1579/4945
f 1827/1523/4744 1740/1436/4743 1738/1435/4946
f 1871/1568/4947 1883/1580/4948 1718/1414/4949
f 1871/1568/4950 1884/1581/4951 1883/1580/4952
f 1883/1580/4953 1886/1582/4954 1885/1583/4955
f 1883/1580/4956 1884/1581/4957 1886/1582/4958
f 1887/1584/4959 1889/1585/4960 1888/1586/4961
f 1887/1584/4962 1890/1587/4963 1889/1585/4964
f 1891/1588/4965 1887/1584/4962 1888/1586/4966
f 1891/1588/4967 1752/1449/4968 1887/1584/4969
f 1870/1567/4895 1742/1439/4706 1706/1402/4897
f 1870/1567/4895 1777/1475/4970 1742/1439/4971
f 1837/1534/4972 1745/1441/4708 1743/1440/4973
f 1837/1534/4974 1839/1535/4975 1745/1441/4708
f 1742/1439/4756 1746/1443/4710 1741/1438/4976
f 1742/1439/4706 1748/1444/4977 1746/1443/4710
f 1751/1447/4978 1776/1473/4979 1778/1474/4943
f 1751/1447/4749 1749/1446/4980 1776/1473/4981
f 1774/1470/4744 1752/1449/4982 1891/1588/4983
f 1774/1470/4744 1754/1450/4984 1752/1449/4985
f 1675/1373/4986 1892/1589/4987 1702/1400/4988
f 1675/1373/4986 1893/1590/4989 1892/1589/4989
f 1894/1591/4990 1896/1592/4991 1895/1593/4992
f 1894/1591/4990 1897/1594/4993 1896/1592/4991
f 1898/1595/4994 1761/1459/4995 1758/1455/4996
f 1898/1595/4997 1895/1593/4998 1761/1459/4995
f 1899/1596/4999 1896/1592/5000 1900/1597/5001
f 1899/1596/4999 1869/1566/5002 1896/1592/5003
f 1901/1598/5004 1899/1596/5005 1902/1599/5004
f 1901/1598/5006 1869/1566/5002 1899/1596/5005
f 1903/1600/5007 1836/1533/4761 1904/1601/5008
f 1903/1600/5009 1837/1534/4831 1836/1533/4761
f 1781/1477/4758 1765/1462/5010 1780/1478/4827
f 1781/1477/4758 1764/1460/4732 1765/1462/5010
f 1905/1602/5011 1699/1397/5011 1906/1603/5011
f 1905/1602/5012 1907/1604/5013 1699/1397/5014
f 1699/1397/5014 1767/1465/4736 1698/1395/5015
f 1699/1397/5016 1907/1604/5017 1767/1465/5018
f 1905/1602/5019 1771/1467/5020 1907/1604/5013
f 1905/1602/5021 1770/1468/4739 1771/1467/5022
f 1754/1450/4984 1908/1605/5023 1753/1451/5024
f 1754/1450/4984 1772/1469/5025 1908/1605/5026
f 1909/1606/5027 1774/1470/5028 1910/1607/5029
f 1909/1606/5027 1773/1471/5030 1774/1470/5031
f 1751/1447/5032 1911/1608/5033 1750/1448/5034
f 1751/1447/5035 1910/1607/5036 1911/1608/5033
f 1763/1461/4893 1896/1592/5000 1869/1566/5037
f 1763/1461/5038 1760/1457/5039 1896/1592/5040
f 1910/1607/5041 1777/1475/5042 1909/1606/5027
f 1910/1607/5041 1751/1447/4978 1777/1475/5042
f 1748/1444/4752 1776/1473/4747 1747/1445/5043
f 1748/1444/5044 1778/1474/5045 1776/1473/4747
f 1910/1607/5046 1891/1588/4967 1911/1608/5047
f 1910/1607/5046 1774/1470/5048 1891/1588/5049
f 1772/1469/5025 1773/1471/5050 1768/1464/4741
f 1772/1469/4813 1754/1450/4743 1773/1471/5051
f 1772/1469/5025 1912/1609/5052 1908/1605/5026
f 1772/1469/5025 1766/1463/5053 1912/1609/5052
f 1766/1463/5054 1907/1604/5055 1912/1609/5052
f 1766/1463/5054 1767/1465/5056 1907/1604/5057
f 1698/1395/4757 1768/1464/4741 1781/1477/4758
f 1698/1395/5015 1767/1465/4736 1768/1464/5058
f 1780/1478/4860 1892/1589/5059 1868/1565/5060
f 1780/1478/4860 1765/1462/5061 1892/1589/5062
f 1765/1462/5063 1702/1400/5064 1892/1589/5065
f 1765/1462/5063 1701/1398/4733 1702/1400/5066
f 1760/1457/5039 1764/1460/4729 1762/1458/4727
f 1760/1457/5039 1763/1461/5067 1764/1460/4729
f 1760/1457/4726 1895/1593/5068 1896/1592/5040
f 1760/1457/4726 1761/1459/4995 1895/1593/5068
f 1758/1455/5069 1762/1458/5070 1759/1456/5071
f 1758/1455/5072 1761/1459/5073 1762/1458/5070
f 1758/1455/5072 1708/1406/5074 1898/1595/5075
f 1758/1455/4724 1707/1404/4645 1708/1406/4647
f 1859/1556/4851 1711/1409/5076 1858/1554/5077
f 1859/1556/4851 1710/1407/5078 1711/1409/5076
f 1913/1610/5079 1714/1412/4678 1914/1611/5080
f 1913/1610/5079 1713/1410/4902 1714/1412/5081
f 1855/1552/5082 1914/1611/5080 1871/1568/5083
f 1855/1552/5084 1913/1610/5085 1914/1611/5080
f 1854/1551/5086 1717/1415/4681 1915/1612/5087
f 1854/1551/5086 1716/1413/4844 1717/1415/5088
f 1849/1547/4780 1915/1612/5089 1916/1613/5090
f 1849/1547/5091 1854/1551/5092 1915/1612/5089
f 1848/1545/5093 1916/1613/5094 1917/1614/5095
f 1848/1545/5093 1849/1547/5096 1916/1613/5094
f 1721/1417/5097 1917/1614/5098 1720/1418/4684
f 1721/1417/5099 1848/1545/5093 1917/1614/5100
f 1845/1542/5101 1872/1569/5102 1918/1615/5103
f 1845/1542/5104 1846/1543/5105 1872/1569/4907
f 1724/1420/4835 1918/1615/5106 1723/1421/5107
f 1724/1420/4835 1845/1542/5101 1918/1615/5106
f 1841/1539/5108 1873/1570/4911 1919/1616/5109
f 1841/1539/5110 1843/1540/5111 1873/1570/4911
f 1840/1537/4766 1919/1616/5109 1920/1617/5112
f 1840/1537/5113 1841/1539/4768 1919/1616/5109
f 1838/1536/5114 1920/1617/5115 1921/1618/5114
f 1838/1536/5116 1840/1537/5117 1920/1617/5118
f 1745/1441/4708 1921/1618/5119 1744/1442/5120
f 1745/1441/5121 1838/1536/5122 1921/1618/5122
f 1681/1379/5123 1898/1595/5124 1708/1406/5125
f 1681/1379/5123 1922/1619/5126 1898/1595/5124
f 1757/1454/4722 1904/1601/5127 1756/1452/5128
f 1757/1454/4722 1903/1600/5129 1904/1601/5127
f 1874/1571/5130 1718/1414/5131 1883/1580/5132
f 1874/1571/5133 1691/1387/5134 1718/1414/5135
f 1876/1574/5136 1883/1580/5137 1885/1583/5136
f 1876/1574/5138 1874/1571/5130 1883/1580/5137
f 1877/1573/4924 1885/1583/4955 1886/1582/4958
f 1877/1573/5139 1876/1574/5140 1885/1583/5141
f 1875/1572/5142 1886/1582/5143 1884/1581/5144
f 1875/1572/5142 1877/1573/5139 1886/1582/5145
f 1865/1562/5146 1884/1581/5147 1871/1568/5146
f 1865/1562/5148 1875/1572/5149 1884/1581/5147
f 1879/1577/5150 1891/1588/5151 1888/1586/5152
f 1879/1577/5150 1882/1579/5153 1891/1588/5153
f 1880/1576/4926 1888/1586/5154 1889/1585/4960
f 1880/1576/4926 1879/1577/5155 1888/1586/5156
f 1881/1578/4929 1889/1585/4964 1890/1587/5157
f 1881/1578/4929 1880/1576/4926 1889/1585/4960
f 1878/1575/5158 1890/1587/5159 1887/1584/5160
f 1878/1575/5158 1881/1578/5161 1890/1587/5161
f 1738/1435/5162 1887/1584/5160 1752/1449/5163
f 1738/1435/5162 1878/1575/5164 1887/1584/5165
f 1725/1422/5166 1706/1402/5167 1741/1438/5168
f 1725/1422/5169 1679/1375/5170 1706/1402/5170
f 1730/1428/5171 1743/1440/5172 1744/1442/5173
f 1730/1428/5171 1727/1424/5174 1743/1440/5172
f 1733/1431/5175 1746/1443/5176 1747/1445/5177
f 1733/1431/5178 1732/1429/4823 1746/1443/5176
f 1736/1434/5179 1749/1446/5180 1750/1448/5181
f 1736/1434/5179 1735/1432/5182 1749/1446/5180
f 1739/1437/5183 1752/1449/5184 1753/1451/5183
f 1739/1437/5185 1738/1435/5162 1752/1449/5184
f 1673/1369/5186 1699/1397/5187 1700/1396/5188
f 1673/1369/5186 1672/1370/5189 1699/1397/5187
f 1862/1559/5190 1700/1396/5191 1868/1565/5192
f 1862/1559/5190 1673/1369/5193 1700/1396/5191
f 1676/1372/5194 1702/1400/5195 1703/1399/5196
f 1676/1372/5194 1675/1373/4986 1702/1400/4988
f 1863/1560/5197 1703/1399/5198 1869/1566/5197
f 1863/1560/5199 1676/1372/5200 1703/1399/5201
f 1679/1375/5202 1705/1403/5203 1706/1402/5202
f 1679/1375/5204 1678/1376/5205 1705/1403/5203
f 1682/1378/5206 1708/1406/5207 1709/1405/5208
f 1682/1378/5206 1681/1379/5123 1708/1406/5125
f 1685/1381/5209 1711/1409/5210 1712/1408/4854
f 1685/1381/5211 1684/1382/5212 1711/1409/5213
f 1688/1384/5214 1714/1412/5215 1715/1411/5216
f 1688/1384/5217 1687/1385/5218 1714/1412/5219
f 1691/1387/5134 1717/1415/5220 1718/1414/5131
f 1691/1387/5221 1690/1388/5222 1717/1415/5222
f 1692/1389/5223 1872/1569/5224 1719/1416/5225
f 1692/1389/5223 1866/1563/5226 1872/1569/5224
f 1693/1391/5227 1719/1416/5228 1720/1418/5229
f 1693/1391/5227 1692/1389/5230 1719/1416/5231
f 1695/1392/5232 1873/1570/5233 1722/1419/5234
f 1695/1392/5235 1867/1564/5236 1873/1570/5236
f 1696/1394/5237 1722/1419/5234 1723/1421/5238
f 1696/1394/5237 1695/1392/5239 1722/1419/5240
f 1727/1424/5241 1835/1532/5242 1743/1440/5243
f 1727/1424/5244 1782/1479/5245 1835/1532/5245
f 1923/1620/5246 1919/1616/5247 1924/1621/5248
f 1923/1620/5246 1925/1622/5249 1919/1616/5247
f 1926/1623/5250 1924/1621/5251 1927/1624/5250
f 1926/1623/5252 1923/1620/5253 1924/1621/5251
f 1928/1625/5254 1927/1624/5255 1929/1626/5256
f 1928/1625/5257 1926/1623/5258 1927/1624/5258
f 1930/1627/5259 1929/1626/5256 1931/1628/5260
f 1930/1627/5259 1928/1625/5261 1929/1626/5262
f 1867/1564/5263 1931/1628/5264 1873/1570/5263
f 1867/1564/5265 1930/1627/5266 1931/1628/5264
f 1932/1629/5267 1720/1418/5229 1933/1630/5268
f 1932/1629/5267 1693/1391/5227 1720/1418/5229
f 1934/1631/5269 1933/1630/5270 1935/1632/5271
f 1934/1631/5269 1932/1629/5272 1933/1630/5273
f 1798/1496/5274 1851/1548/5275 1852/1550/5274
f 1798/1496/5276 1797/1494/5277 1851/1548/5275
f 1799/1495/5278 1852/1550/5279 1853/1549/5280
f 1799/1495/5281 1798/1496/5282 1852/1550/5282
f 1936/1633/5283 1853/1549/5280 1917/1614/5283
f 1936/1633/5284 1799/1495/5285 1853/1549/5286
f 1797/1494/5287 1935/1632/5288 1851/1548/5289
f 1797/1494/5287 1934/1631/5290 1935/1632/5288
f 1803/1501/5291 1715/1411/5292 1857/1555/5293
f 1803/1501/5294 1688/1384/5217 1715/1411/5292
f 1804/1500/5295 1857/1555/5296 1858/1554/5297
f 1804/1500/5298 1803/1501/5299 1857/1555/5300
f 1807/1504/5301 1712/1408/5302 1861/1558/5303
f 1807/1504/5304 1685/1381/5305 1712/1408/5302
f 1678/1376/5205 1861/1558/5303 1705/1403/5306
f 1678/1376/5205 1807/1504/5301 1861/1558/5303
f 1808/1506/5307 1709/1405/5308 1755/1453/5307
f 1808/1506/5309 1682/1378/5310 1709/1405/5308
f 1922/1619/5311 1895/1593/4992 1898/1595/5312
f 1922/1619/5313 1894/1591/4990 1895/1593/4992
f 1937/1634/5314 1899/1596/5315 1900/1597/5316
f 1937/1634/5314 1938/1635/5317 1899/1596/5317
f 1897/1594/4993 1900/1597/5318 1896/1592/4991
f 1897/1594/4993 1937/1634/5319 1900/1597/5318
f 1939/1636/5320 1869/1566/5321 1901/1598/5322
f 1939/1636/5323 1863/1560/5324 1869/1566/5324
f 1940/1637/5325 1901/1598/5326 1902/1599/5327
f 1940/1637/5328 1939/1636/5329 1901/1598/5330
f 1938/1635/5331 1902/1599/5332 1899/1596/5331
f 1938/1635/5333 1940/1637/5334 1902/1599/5335
f 1941/1638/5336 1905/1602/5337 1906/1603/5338
f 1941/1638/5339 1942/1639/5340 1905/1602/5341
f 1672/1370/5189 1906/1603/5342 1699/1397/5187
f 1672/1370/5343 1941/1638/5344 1906/1603/5342
f 1822/1519/5345 1771/1467/5346 1769/1466/5345
f 1822/1519/5345 1824/1520/5347 1771/1467/5348
f 1823/1521/5349 1769/1466/5350 1770/1468/5351
f 1823/1521/5349 1822/1519/5352 1769/1466/5352
f 1942/1639/5353 1770/1468/5351 1905/1602/5341
f 1942/1639/5353 1823/1521/5354 1770/1468/5355
f 1824/1520/5347 1907/1604/5356 1771/1467/5357
f 1824/1520/5347 1943/1640/5358 1907/1604/5358
f 1944/1641/5353 1753/1451/5359 1908/1605/5360
f 1944/1641/5353 1739/1437/5361 1753/1451/5361
f 1945/1642/5362 1750/1448/5363 1911/1608/5364
f 1945/1642/5362 1736/1434/5365 1750/1448/5363
f 1828/1525/5366 1776/1473/5367 1775/1472/5368
f 1828/1525/5366 1829/1526/5369 1776/1473/5367
f 1735/1432/5370 1775/1472/5371 1749/1446/5372
f 1735/1432/5370 1828/1525/5373 1775/1472/5374
f 1832/1529/5375 1741/1438/5168 1779/1476/5376
f 1832/1529/5377 1725/1422/5169 1741/1438/5168
f 1732/1429/4823 1779/1476/4753 1746/1443/5378
f 1732/1429/4823 1832/1529/5379 1779/1476/4753
f 1829/1526/5380 1747/1445/5381 1776/1473/5382
f 1829/1526/5380 1733/1431/5178 1747/1445/5381
f 1882/1579/5383 1911/1608/5384 1891/1588/5383
f 1882/1579/5383 1945/1642/5362 1911/1608/5384
f 1946/1643/5385 1908/1605/5360 1912/1609/5386
f 1946/1643/5385 1944/1641/5340 1908/1605/5387
f 1794/1491/4839 1947/1644/5388 1936/1633/5389
f 1794/1491/4839 1795/1493/5096 1947/1644/5390
f 1694/1390/5391 1936/1633/5392 1693/1391/5393
f 1694/1390/5391 1794/1491/5394 1936/1633/5392
f 1791/1488/4774 1866/1563/5395 1948/1645/5396
f 1791/1488/4774 1792/1489/4775 1866/1563/5395
f 1697/1393/4772 1948/1645/5397 1696/1394/5398
f 1697/1393/4772 1791/1488/4836 1948/1645/5399
f 1787/1485/5108 1867/1564/5400 1925/1622/5401
f 1787/1485/5110 1789/1486/5111 1867/1564/5402
f 1786/1483/5403 1925/1622/5404 1949/1646/5112
f 1786/1483/5113 1787/1485/5405 1925/1622/5404
f 1784/1482/5406 1949/1646/5115 1950/1647/5406
f 1784/1482/5116 1786/1483/5113 1949/1646/5118
f 1731/1427/4694 1950/1647/5119 1730/1428/5407
f 1731/1427/5408 1784/1482/5122 1950/1647/5122
f 1951/1648/5409 1793/1490/4776 1790/1487/5410
f 1951/1648/5411 1952/1649/5412 1793/1490/4776
f 1952/1649/5413 1796/1492/4784 1793/1490/5414
f 1952/1649/5415 1953/1650/5416 1796/1492/5417
f 1953/1650/5418 1802/1499/4787 1796/1492/5417
f 1953/1650/5419 1954/1651/5420 1802/1499/4787
f 1954/1651/5421 1955/1652/5422 1802/1499/5423
f 1954/1651/5424 1956/1653/5425 1955/1652/5426
f 1956/1653/5427 1806/1503/5428 1955/1652/5429
f 1956/1653/5427 1864/1561/5430 1806/1503/5431
f 1951/1648/5432 1788/1484/5433 1957/1654/5434
f 1951/1648/5432 1790/1487/5435 1788/1484/5433
f 1957/1654/5436 1785/1481/4764 1958/1655/5437
f 1957/1654/5438 1788/1484/5433 1785/1481/4832
f 1958/1655/5439 1729/1425/5440 1959/1656/5441
f 1958/1655/5439 1785/1481/4764 1729/1425/5440
f 1810/1507/4722 1960/1657/5442 1809/1505/5443
f 1810/1507/4722 1959/1656/5009 1960/1657/5444
f 1786/1483/4766 1785/1481/4975 1788/1484/5445
f 1786/1483/5446 1784/1482/5447 1785/1481/4832
f 1925/1622/5401 1926/1623/5448 1923/1620/5449
f 1925/1622/5450 1867/1564/5451 1926/1623/5448
f 1926/1623/5452 1930/1627/5453 1928/1625/5454
f 1926/1623/5455 1867/1564/5456 1930/1627/5457
f 1791/1488/5458 1793/1490/4776 1792/1489/4775
f 1791/1488/5459 1790/1487/4770 1793/1490/4776
f 1693/1391/5460 1934/1631/5460 1932/1629/5460
f 1693/1391/5393 1936/1633/5461 1934/1631/5462
f 1794/1491/4839 1793/1490/5463 1796/1492/4784
f 1794/1491/4778 1694/1390/5464 1793/1490/4776
f 1799/1495/5465 1934/1631/5466 1936/1633/5467
f 1799/1495/5468 1797/1494/4781 1934/1631/5469
f 1800/1497/5470 1802/1499/4787 1689/1386/4654
f 1800/1497/5470 1796/1492/4784 1802/1499/4787
f 1801/1498/5084 1955/1652/5426 1961/1658/5471
f 1801/1498/5084 1802/1499/5472 1955/1652/5473
f 1961/1658/5474 1806/1503/5475 1686/1383/4877
f 1961/1658/5471 1955/1652/5426 1806/1503/5475
f 1787/1485/4768 1790/1487/4834 1789/1486/4769
f 1787/1485/4768 1788/1484/5445 1790/1487/4834
f 1834/1530/4758 1951/1648/5409 1817/1513/4732
f 1834/1530/4758 1952/1649/5413 1951/1648/5409
f 1821/1517/4741 1952/1649/5413 1834/1530/4758
f 1821/1517/4741 1953/1650/5476 1952/1649/5413
f 1826/1524/5477 1953/1650/5416 1821/1517/5478
f 1826/1524/5479 1954/1651/5480 1953/1650/5419
f 1962/1659/5481 1954/1651/5482 1826/1524/5483
f 1962/1659/5027 1956/1653/5484 1954/1651/5485
f 1830/1528/4970 1956/1653/5427 1962/1659/5027
f 1830/1528/5486 1864/1561/5430 1956/1653/5427
f 1815/1511/4727 1951/1648/5432 1957/1654/5438
f 1815/1511/4727 1817/1513/4729 1951/1648/5432
f 1812/1509/5071 1957/1654/5436 1958/1655/5439
f 1812/1509/5071 1815/1511/5070 1957/1654/5438
f 1810/1507/4869 1958/1655/5439 1959/1656/5487
f 1810/1507/4869 1812/1509/5488 1958/1655/5439
f 1922/1619/5489 1814/1512/5073 1811/1508/4996
f 1922/1619/4997 1894/1591/5490 1814/1512/4995
f 1938/1635/5491 1897/1594/5492 1937/1634/5493
f 1938/1635/5494 1863/1560/5495 1897/1594/5496
f 1939/1636/5497 1938/1635/5494 1940/1637/5498
f 1939/1636/5499 1863/1560/5500 1938/1635/5501
f 1959/1656/5129 1783/1480/4761 1960/1657/5008
f 1959/1656/5129 1729/1425/5502 1783/1480/4761
f 1834/1530/4758 1818/1515/5503 1833/1531/4759
f 1834/1530/4758 1817/1513/4732 1818/1515/5504
f 1942/1639/5011 1672/1370/5011 1941/1638/5011
f 1942/1639/5505 1943/1640/5506 1672/1370/5507
f 1672/1370/5508 1820/1518/5509 1671/1368/5510
f 1672/1370/5508 1943/1640/5511 1820/1518/5512
f 1942/1639/5505 1824/1520/5513 1943/1640/5514
f 1942/1639/5515 1823/1521/4812 1824/1520/5516
f 1740/1436/4743 1944/1641/5517 1739/1437/4704
f 1740/1436/4703 1825/1522/5518 1944/1641/5517
f 1962/1659/5027 1827/1523/5028 1963/1660/5519
f 1962/1659/5027 1826/1524/5030 1827/1523/5520
f 1737/1433/4700 1945/1642/5521 1736/1434/5522
f 1737/1433/5523 1963/1660/5524 1945/1642/5521
f 1816/1514/5525 1897/1594/5526 1863/1560/4864
f 1816/1514/4805 1813/1510/4802 1897/1594/5527
f 1963/1660/5524 1830/1528/5042 1962/1659/5027
f 1963/1660/5524 1737/1433/5528 1830/1528/5042
f 1734/1430/5529 1829/1526/5530 1733/1431/5531
f 1734/1430/5529 1831/1527/5045 1829/1526/4818
f 1963/1660/5519 1882/1579/5532 1945/1642/5521
f 1963/1660/5533 1827/1523/5031 1882/1579/5534
f 1825/1522/4813 1826/1524/5050 1821/1517/4741
f 1825/1522/4813 1740/1436/4815 1826/1524/5051
f 1825/1522/5025 1946/1643/5535 1944/1641/5517
f 1825/1522/5025 1819/1516/5536 1946/1643/5535
f 1819/1516/5537 1943/1640/5538 1946/1643/5539
f 1819/1516/5540 1820/1518/5509 1943/1640/5511
f 1671/1368/5015 1821/1517/4741 1834/1530/5541
f 1671/1368/5510 1820/1518/5542 1821/1517/4735
f 1833/1531/4860 1893/1590/5543 1862/1559/5544
f 1833/1531/4860 1818/1515/5545 1893/1590/5546
f 1818/1515/5547 1675/1373/5548 1893/1590/5546
f 1818/1515/5547 1674/1371/4639 1675/1373/5549
f 1813/1510/5550 1817/1513/4729 1815/1511/4727
f 1813/1510/4802 1816/1514/4805 1817/1513/4729
f 1813/1510/5550 1894/1591/5490 1897/1594/5527
f 1813/1510/5550 1814/1512/4995 1894/1591/5490
f 1811/1508/5069 1815/1511/5070 1812/1509/5071
f 1811/1508/5072 1814/1512/5073 1815/1511/5070
f 1811/1508/5072 1681/1379/5074 1922/1619/5075
f 1811/1508/4724 1680/1377/4645 1681/1379/5551
f 1805/1502/4793 1684/1382/5552 1804/1500/5553
f 1805/1502/4793 1683/1380/4795 1684/1382/5552
f 1961/1658/5554 1687/1385/5555 1964/1661/5556
f 1961/1658/5557 1686/1383/5558 1687/1385/5555
f 1801/1498/5082 1964/1661/5559 1865/1562/5560
f 1801/1498/5084 1961/1658/5471 1964/1661/5559
f 1800/1497/4843 1690/1388/5561 1965/1662/5562
f 1800/1497/4843 1689/1386/4654 1690/1388/5563
f 1795/1493/4780 1965/1662/5564 1947/1644/5565
f 1795/1493/5096 1800/1497/5566 1965/1662/5567
f 1893/1590/5568 1868/1565/5569 1892/1589/5568
f 1893/1590/5570 1862/1559/5571 1868/1565/5569
f 1840/1537/5113 1839/1535/4975 1842/1538/5445
f 1840/1537/5572 1838/1536/5447 1839/1535/4764
f 1919/1616/5109 1927/1624/5573 1924/1621/5574
f 1919/1616/5575 1873/1570/5576 1927/1624/5573
f 1927/1624/5573 1931/1628/5577 1929/1626/5577
f 1927/1624/5573 1873/1570/5578 1931/1628/5453
f 1845/1542/4836 1847/1544/5463 1846/1543/5579
f 1845/1542/5580 1844/1541/4770 1847/1544/4776
f 1720/1418/5581 1935/1632/5581 1933/1630/5581
f 1720/1418/4684 1917/1614/5582 1935/1632/5583
f 1848/1545/5584 1847/1544/5463 1850/1546/4784
f 1848/1545/4839 1721/1417/5097 1847/1544/4776
f 1853/1549/4841 1935/1632/5583 1917/1614/5582
f 1853/1549/5585 1851/1548/5586 1935/1632/5587
f 1854/1551/5588 1856/1553/4787 1716/1413/4844
f 1854/1551/5588 1850/1546/4784 1856/1553/4787
f 1855/1552/5084 1966/1663/5426 1913/1610/5085
f 1855/1552/5084 1856/1553/5472 1966/1663/5426
f 1913/1610/5079 1860/1557/4852 1713/1410/4902
f 1913/1610/5079 1966/1663/5426 1860/1557/4896
f 1841/1539/4768 1844/1541/4770 1843/1540/4769
f 1841/1539/4768 1842/1538/5445 1844/1541/4770
f 1781/1477/4758 1967/1664/5409 1764/1460/4732
f 1781/1477/4758 1968/1665/5412 1967/1664/5409
f 1768/1464/4741 1968/1665/5413 1781/1477/4758
f 1768/1464/4741 1969/1666/5476 1968/1665/5413
f 1773/1471/5479 1969/1666/5419 1768/1464/5478
f 1773/1471/5479 1970/1667/5420 1969/1666/5418
f 1909/1606/5481 1970/1667/5482 1773/1471/5483
f 1909/1606/5481 1971/1668/5425 1970/1667/5421
f 1777/1475/5486 1971/1668/5427 1909/1606/5027
f 1777/1475/5486 1870/1567/5589 1971/1668/5427
f 1762/1458/4727 1967/1664/5590 1972/1669/5438
f 1762/1458/4727 1764/1460/4729 1967/1664/5432
f 1759/1456/5071 1972/1669/5438 1973/1670/5439
f 1759/1456/5488 1762/1458/5070 1972/1669/5438
f 1757/1454/4869 1973/1670/5439 1903/1600/5441
f 1757/1454/4869 1759/1456/5488 1973/1670/5439
f 1684/1382/5591 1858/1554/5297 1711/1409/5213
f 1684/1382/5592 1804/1500/5593 1858/1554/5594
f 1687/1385/5595 1914/1611/5596 1714/1412/5597
f 1687/1385/5598 1964/1661/5599 1914/1611/5596
f 1964/1661/5600 1871/1568/5601 1914/1611/5602
f 1964/1661/5603 1865/1562/5604 1871/1568/5604
f 1690/1388/5605 1915/1612/5606 1717/1415/5605
f 1690/1388/5607 1965/1662/5608 1915/1612/5606
f 1965/1662/5609 1916/1613/5610 1915/1612/5611
f 1965/1662/5612 1947/1644/5613 1916/1613/5610
f 1947/1644/5614 1917/1614/5615 1916/1613/5616
f 1947/1644/5617 1936/1633/5618 1917/1614/5618
f 1866/1563/5619 1918/1615/5620 1872/1569/5224
f 1866/1563/5619 1948/1645/5621 1918/1615/5621
f 1948/1645/5622 1723/1421/5623 1918/1615/5622
f 1948/1645/5624 1696/1394/5237 1723/1421/5623
f 1925/1622/5625 1920/1617/5626 1919/1616/5247
f 1925/1622/5625 1949/1646/5627 1920/1617/5626
f 1949/1646/5627 1921/1618/5628 1920/1617/5629
f 1949/1646/5627 1950/1647/5630 1921/1618/5628
f 1950/1647/5630 1744/1442/5631 1921/1618/5632
f 1950/1647/5630 1730/1428/5171 1744/1442/5173
f 1967/1664/5409 1847/1544/4776 1844/1541/5435
f 1967/1664/5633 1968/1665/5412 1847/1544/4776
f 1968/1665/5413 1850/1546/4784 1847/1544/5414
f 1968/1665/5413 1969/1666/5416 1850/1546/4784
f 1969/1666/5418 1856/1553/4787 1850/1546/5417
f 1969/1666/5418 1970/1667/5420 1856/1553/4787
f 1970/1667/5482 1966/1663/5429 1856/1553/5423
f 1970/1667/5421 1971/1668/5425 1966/1663/5634
f 1971/1668/5427 1860/1557/4896 1966/1663/5429
f 1971/1668/5427 1870/1567/5589 1860/1557/5635
f 1967/1664/5432 1842/1538/5433 1972/1669/5438
f 1967/1664/5432 1844/1541/5636 1842/1538/5433
f 1972/1669/5436 1839/1535/4764 1973/1670/5637
f 1972/1669/5436 1842/1538/5445 1839/1535/4832
f 1973/1670/5439 1837/1534/4974 1903/1600/5441
f 1973/1670/5439 1839/1535/4764 1837/1534/5638
f 1943/1640/5639 1912/1609/5640 1907/1604/5639
f 1943/1640/5641 1946/1643/5642 1912/1609/5640
f 1974/1671/5643 1976/1672/5644 1975/1673/5645
f 1977/1674/5646 1979/1675/5647 1978/1676/5648
f 1980/1677/5649 1982/1678/5650 1981/1679/5651
f 1983/1680/5652 1985/1681/5653 1984/1682/5654
f 1986/1683/5655 1988/1684/5656 1987/1685/5657
f 1989/1686/5658 1991/1687/5659 1990/1688/5660
f 1992/1689/5661 1994/1690/5662 1993/1691/5663
f 1995/1692/5664 1976/1672/5644 1996/1693/5665
f 1997/1694/5666 1999/1695/5667 1998/1696/5668
f 2000/1697/5669 2002/1698/5670 2001/1699/5671
f 2003/1700/5672 2005/1701/5673 2004/1702/5674
f 2006/1703/5675 2008/1704/5676 2007/1705/5677
f 2009/1706/5678 2011/1707/5679 2010/1708/5680
f 2012/1709/5681 2014/1710/5682 2013/1711/5683
f 2015/1712/5684 2017/1713/5644 2016/1714/5685
f 2018/1715/5686 2020/1716/5687 2019/1717/5648
f 2021/1718/5688 2023/1719/5689 2022/1720/5651
f 2024/1721/5690 2026/1722/5691 2025/1723/5692
f 2027/1724/5693 2029/1725/5656 2028/1726/5657
f 2030/1727/5694 2032/1728/5695 2031/1729/5696
f 2033/1730/5697 2035/1731/5698 2034/1732/5699
f 2036/1733/5700 2017/1713/5644 2037/1734/5701
f 2038/1735/5702 2040/1736/5667 2039/1737/5668
f 2041/1738/5703 2043/1739/5704 2042/1740/5705
f 2044/1741/5706 2046/1742/5707 2045/1743/5708
f 2047/1744/5675 2049/1745/5676 2048/1746/5709
f 2050/1747/5710 2052/1748/5711 2051/1749/5712
f 2053/1750/5713 2055/1751/5714 2054/1752/5715
f 2056/1753/5716 2058/1754/5717 2057/1755/5718
f 2059/1756/5719 2056/1753/5720 2058/1754/5721
f 2059/1756/5722 2058/1754/5723 2057/1755/5724
f 2060/1757/5725 2062/1758/5726 2061/1759/5727
f 2061/1759/5727 2062/1758/5728 1979/1675/5729
f 1977/1674/5730 1978/1676/5731 2063/1760/5732
f 2064/1761/5733 2066/1762/5734 2065/1763/5735
f 2012/1709/5736 2068/1764/5737 2067/1765/5738
f 2067/1765/5739 2068/1764/5740 2069/1766/5741
f 2070/1767/5742 2071/1768/5743 2011/1707/5744
f 2072/1769/5745 2074/1770/5746 2073/1771/5747
f 2075/1772/5748 2077/1773/5749 2076/1774/5750
f 2073/1771/5751 2074/1770/5752 2078/1775/5753
f 2079/1776/5754 2006/1703/5755 2080/1777/5756
f 2005/1701/5757 2082/1778/5758 2081/1779/5759
f 2083/1780/5760 2003/1700/5761 2084/1781/5762
f 2083/1780/5763 2084/1781/5764 2000/1697/5765
f 2002/1698/5766 1996/1693/5767 2085/1782/5768
f 1995/1692/5664 2000/1697/5769 2084/1781/5762
f 2086/1783/5770 2088/1784/5771 2087/1785/5772
f 1997/1694/5773 2088/1784/5774 2086/1783/5770
f 2089/1786/5775 1998/1696/5776 1999/1695/5777
f 2090/1787/5778 2092/1788/5779 2091/1789/5780
f 2093/1790/5781 2094/1791/5782 1994/1690/5783
f 2095/1792/5784 2094/1791/5785 2093/1790/5786
f 2096/1793/5787 2098/1794/5788 2097/1795/5789
f 2099/1796/5790 2101/1797/5791 2100/1798/5792
f 2102/1799/5793 2098/1794/5794 2096/1793/5795
f 1988/1684/5796 2104/1800/5797 2103/1801/5798
f 2105/1802/5799 2106/1803/5800 1983/1680/5801
f 1985/1681/5802 2108/1804/5803 2107/1805/5804
f 1982/1678/5805 2107/1805/5806 2108/1804/5807
f 2109/1806/5808 1974/1671/5809 1980/1677/5810
f 1982/1678/5650 1975/1673/5811 2107/1805/5804
f 1989/1686/5812 2111/1807/5813 2110/1808/5814
f 2018/1715/5815 2019/1717/5731 2112/1809/5816
f 2113/1810/5817 2115/1811/5734 2114/1812/5818
f 2053/1750/5819 2117/1813/5820 2116/1814/5821
f 2116/1814/5822 2117/1813/5823 2118/1815/5824
f 2119/1816/5825 2120/1817/5743 2052/1748/5826
f 2121/1818/5745 2123/1819/5827 2122/1820/5828
f 2124/1821/5829 2126/1822/5830 2125/1823/5750
f 2122/1820/5831 2123/1819/5752 2127/1824/5832
f 2128/1825/5833 2047/1744/5755 2129/1826/5756
f 2046/1742/5834 2131/1827/5835 2130/1828/5836
f 2132/1829/5837 2044/1741/5706 2133/1830/5838
f 2132/1829/5839 2133/1830/5840 2041/1738/5703
f 2043/1739/5841 2037/1734/5842 2134/1831/5843
f 2036/1733/5844 2041/1738/5845 2133/1830/5838
f 2135/1832/5846 2039/1737/5847 2040/1736/5848
f 2136/1833/5849 2138/1834/5779 2137/1835/5850
f 2139/1836/5851 2140/1837/5782 2035/1731/5852
f 2141/1838/5784 2140/1837/5853 2139/1836/5854
f 2142/1839/5787 2144/1840/5788 2143/1841/5789
f 2145/1842/5855 2147/1843/5856 2146/1844/5857
f 2148/1845/5793 2144/1840/5794 2142/1839/5795
f 2029/1725/5858 2150/1846/5797 2149/1847/5859
f 2151/1848/5860 2152/1849/5861 2024/1721/5862
f 2026/1722/5691 2154/1850/5863 2153/1851/5804
f 2023/1719/5689 2153/1851/5806 2154/1850/5864
f 2155/1852/5865 2015/1712/5866 2021/1718/5867
f 2023/1719/5689 2016/1714/5868 2153/1851/5804
f 2030/1727/5694 2157/1853/5813 2156/1854/5869
f 2158/1855/5870 2159/1856/5871 2008/1704/5676
f 2158/1855/5870 2160/1857/5872 2159/1856/5871
f 2160/1857/5873 2161/1858/5874 2159/1856/5871
f 2160/1857/5875 2162/1859/5876 2161/1858/5877
f 2163/1860/5878 2165/1861/5879 2164/1862/5876
f 2163/1860/5880 2166/1863/5881 2165/1861/5882
f 2167/1864/5883 2166/1863/5881 2163/1860/5884
f 2167/1864/5883 1986/1683/5885 2166/1863/5881
f 1975/1673/5645 2168/1865/5886 2107/1805/5806
f 1975/1673/5645 1976/1672/5644 2168/1865/5886
f 1979/1675/5729 2169/1866/5887 2061/1759/5727
f 1979/1675/5729 1977/1674/5646 2169/1866/5888
f 1980/1677/5889 1975/1673/5811 1982/1678/5650
f 1980/1677/5890 1974/1671/5891 1975/1673/5811
f 2108/1804/5892 1983/1680/5893 2106/1803/5894
f 2108/1804/5895 1985/1681/5896 1983/1680/5652
f 2104/1800/5897 1986/1683/5885 2167/1864/5898
f 2104/1800/5899 1988/1684/5900 1986/1683/5885
f 2110/1808/5901 1991/1687/5659 1989/1686/5902
f 2110/1808/5814 2170/1867/5903 1991/1687/5659
f 2093/1790/5904 1992/1689/5905 2171/1868/5906
f 2093/1790/5907 1994/1690/5908 1992/1689/5905
f 2168/1865/5886 1995/1692/5664 2084/1781/5909
f 2168/1865/5886 1976/1672/5910 1995/1692/5911
f 1997/1694/5912 2172/1869/5913 1999/1695/5914
f 1997/1694/5912 2086/1783/5770 2172/1869/5913
f 1995/1692/5915 2002/1698/5670 2000/1697/5669
f 1995/1692/5915 1996/1693/5916 2002/1698/5917
f 2082/1778/5918 2003/1700/5761 2083/1780/5919
f 2082/1778/5758 2005/1701/5920 2003/1700/5921
f 2079/1776/5922 2008/1704/5676 2006/1703/5923
f 2079/1776/5922 2158/1855/5924 2008/1704/5676
f 2070/1767/5925 2009/1706/5926 2173/1870/5927
f 2070/1767/5925 2011/1707/5679 2009/1706/5928
f 2067/1765/5738 2014/1710/5929 2012/1709/5930
f 2067/1765/5931 2174/1871/5932 2014/1710/5929
f 2175/1872/5933 2176/1873/5871 2049/1745/5676
f 2175/1872/5934 2177/1874/5935 2176/1873/5871
f 2177/1874/5936 2178/1875/5937 2176/1873/5871
f 2177/1874/5938 2179/1876/5939 2178/1875/5937
f 2180/1877/5940 2182/1878/5941 2181/1879/5942
f 2180/1877/5943 2183/1880/5944 2182/1878/5941
f 2184/1881/5945 2183/1880/5946 2180/1877/5947
f 2184/1881/5948 2027/1724/5949 2183/1880/5946
f 2016/1714/5685 2185/1882/5886 2153/1851/5806
f 2016/1714/5950 2017/1713/5644 2185/1882/5886
f 2020/1716/5951 2186/1883/5952 2057/1755/5953
f 2020/1716/5951 2018/1715/5954 2186/1883/5955
f 2021/1718/5956 2016/1714/5868 2023/1719/5689
f 2021/1718/5956 2015/1712/5957 2016/1714/5868
f 2154/1850/5958 2024/1721/5959 2152/1849/5861
f 2154/1850/5863 2026/1722/5960 2024/1721/5961
f 2150/1846/5899 2027/1724/5962 2184/1881/5963
f 2150/1846/5899 2029/1725/5900 2027/1724/5949
f 2156/1854/5964 2032/1728/5965 2030/1727/5966
f 2156/1854/5964 2187/1884/5967 2032/1728/5695
f 2139/1836/5968 2033/1730/5969 2188/1885/5970
f 2139/1836/5968 2035/1731/5698 2033/1730/5971
f 2185/1882/5886 2036/1733/5700 2133/1830/5972
f 2185/1882/5886 2017/1713/5644 2036/1733/5973
f 2038/1735/5702 2189/1886/5974 2040/1736/5975
f 2038/1735/5976 2190/1887/5977 2189/1886/5978
f 2036/1733/5844 2043/1739/5979 2041/1738/5703
f 2036/1733/5844 2037/1734/5980 2043/1739/5981
f 2131/1827/5982 2044/1741/5706 2132/1829/5983
f 2131/1827/5984 2046/1742/5985 2044/1741/5986
f 2128/1825/5922 2049/1745/5676 2047/1744/5923
f 2128/1825/5922 2175/1872/5987 2049/1745/5676
f 2119/1816/5988 2050/1747/5710 2191/1888/5989
f 2119/1816/5988 2052/1748/5990 2050/1747/5991
f 2116/1814/5821 2055/1751/5714 2053/1750/5992
f 2116/1814/5821 2192/1889/5993 2055/1751/5714
f 2057/1755/5718 2193/1890/5994 2056/1753/5716
f 2057/1755/5995 2020/1716/5996 2193/1890/5997
f 2194/1891/5998 2056/1753/5999 2059/1756/6000
f 2194/1891/6001 2193/1890/6002 2056/1753/6003
f 2195/1892/6004 2088/1784/6005 2196/1893/6005
f 2195/1892/6004 2197/1894/6004 2088/1784/6005
f 2195/1892/6004 2062/1758/6006 2197/1894/6004
f 2195/1892/6004 2194/1891/6006 2062/1758/6006
f 2088/1784/6007 2198/1895/6008 2196/1893/6007
f 2088/1784/6005 2087/1785/6008 2198/1895/6008
f 2062/1758/6009 2059/1756/6010 2060/1757/6010
f 2062/1758/6009 2194/1891/6009 2059/1756/6010
f 2188/1885/6011 2199/1896/6012 2171/1868/6013
f 2188/1885/6011 2200/1897/6014 2199/1896/6012
f 2201/1898/6015 2203/1899/6016 2202/1900/6017
f 2201/1898/6015 2204/1901/6018 2203/1899/6019
f 2033/1730/6020 2171/1868/6013 1992/1689/6021
f 2033/1730/6020 2188/1885/6011 2171/1868/6013
f 2034/1732/6022 1992/1689/6023 1993/1691/6022
f 2034/1732/6024 2033/1730/6025 1992/1689/6023
f 2205/1902/6026 2202/1900/6017 2206/1903/6027
f 2205/1902/6026 2201/1898/6028 2202/1900/6017
f 2042/1740/6029 2082/1778/6030 2001/1699/6031
f 2042/1740/6032 2131/1827/6033 2082/1778/6030
f 2045/1743/6034 2207/1904/6035 2004/1702/6036
f 2045/1743/6034 2208/1905/6037 2207/1904/6038
f 2208/1905/6037 2158/1855/6039 2207/1904/6035
f 2208/1905/6037 2175/1872/6039 2158/1855/6039
f 2048/1746/6040 2209/1906/6041 2007/1705/6040
f 2048/1746/6040 2210/1907/6042 2209/1906/6041
f 2210/1907/6042 2211/1908/6043 2209/1906/6041
f 2210/1907/6042 2212/1909/6044 2211/1908/6043
f 2212/1909/6045 2213/1910/6046 2211/1908/6047
f 2212/1909/6048 2214/1911/6046 2213/1910/6046
f 2191/1888/6049 2215/1912/6050 2173/1870/6051
f 2191/1888/6049 2216/1913/6052 2215/1912/6053
f 2216/1913/6054 2174/1871/6055 2215/1912/6056
f 2216/1913/6057 2192/1889/6058 2174/1871/6055
f 2217/1914/6059 2219/1915/6060 2218/1916/6061
f 2217/1914/6059 2220/1917/6062 2219/1915/6063
f 2220/1917/6062 2221/1918/6064 2219/1915/6065
f 2220/1917/6062 2222/1919/6066 2221/1918/6064
f 2222/1919/6066 2169/1866/6067 2221/1918/6068
f 2222/1919/6066 2186/1883/6069 2169/1866/6067
f 2223/1920/6070 2071/1768/6071 2068/1764/6072
f 2223/1920/6070 2224/1921/6073 2071/1768/6071
f 2224/1921/6074 2074/1770/6075 2071/1768/6071
f 2224/1921/6074 2225/1922/6076 2074/1770/6075
f 2225/1922/6076 2080/1777/6077 2074/1770/6078
f 2225/1922/6076 2226/1923/6079 2080/1777/6080
f 2226/1923/6081 2227/1924/6082 2080/1777/6083
f 2226/1923/6084 2228/1925/6085 2227/1924/6086
f 2228/1925/6085 2084/1781/5909 2227/1924/6086
f 2228/1925/6085 2168/1865/6087 2084/1781/5764
f 2223/1920/6088 2066/1762/6089 2229/1926/6090
f 2223/1920/6088 2068/1764/6091 2066/1762/6092
f 2229/1926/6090 1978/1676/6093 2230/1927/6094
f 2229/1926/6095 2066/1762/6092 1978/1676/6093
f 2230/1927/6096 1979/1675/6097 2231/1928/6098
f 2230/1927/6096 1978/1676/6093 1979/1675/6097
f 2232/1929/6099 2234/1930/6100 2233/1931/6099
f 2232/1929/6099 2235/1932/6101 2234/1930/6102
f 2200/1897/6103 2170/1867/6104 2199/1896/6105
f 2200/1897/6103 2187/1884/6106 2170/1867/6104
f 2064/1761/6107 1978/1676/6108 2066/1762/6109
f 2064/1761/6107 2063/1760/5732 1978/1676/6108
f 2218/1916/6110 2237/1933/6111 2236/1934/6112
f 2218/1916/6113 2013/1711/6114 2237/1933/6115
f 2237/1933/6115 2239/1935/6116 2238/1936/6116
f 2237/1933/6115 2013/1711/6117 2239/1935/5876
f 2069/1766/5741 2071/1768/6118 2070/1767/6119
f 2069/1766/6120 2068/1764/5823 2071/1768/6118
f 2010/1708/6121 2241/1937/6121 2240/1938/6121
f 2010/1708/6122 2213/1910/6123 2241/1937/6124
f 2072/1769/6125 2071/1768/6118 2074/1770/5827
f 2072/1769/5745 2011/1707/5679 2071/1768/5743
f 2077/1773/5749 2241/1937/6124 2213/1910/6123
f 2077/1773/5749 2075/1772/5748 2241/1937/6126
f 2078/1775/5753 2080/1777/6080 2006/1703/5923
f 2078/1775/6127 2074/1770/5752 2080/1777/5756
f 2079/1776/5922 2227/1924/6128 2242/1939/6129
f 2079/1776/5922 2080/1777/6130 2227/1924/6086
f 2242/1939/6129 2084/1781/6131 2003/1700/5672
f 2242/1939/6129 2227/1924/6086 2084/1781/6131
f 2065/1763/6132 2068/1764/5737 2012/1709/6133
f 2065/1763/6132 2066/1762/6109 2068/1764/5820
f 2111/1807/6134 2223/1920/6070 2094/1791/6135
f 2111/1807/6134 2224/1921/6073 2223/1920/6070
f 2098/1794/6136 2224/1921/6073 2111/1807/6137
f 2098/1794/6136 2225/1922/6076 2224/1921/6074
f 2103/1801/5859 2225/1922/6076 2098/1794/6138
f 2103/1801/5859 2226/1923/6084 2225/1922/6076
f 2243/1940/6139 2226/1923/6081 2103/1801/6140
f 2243/1940/6139 2228/1925/6085 2226/1923/6141
f 2107/1805/5806 2228/1925/6085 2243/1940/6139
f 2107/1805/6142 2168/1865/6087 2228/1925/6085
f 2092/1788/6143 2223/1920/6088 2229/1926/6090
f 2092/1788/6143 2094/1791/6144 2223/1920/6088
f 1998/1696/6145 2229/1926/6095 2230/1927/6146
f 1998/1696/6145 2092/1788/6147 2229/1926/6095
f 1997/1694/6148 2230/1927/6096 2231/1928/6149
f 1997/1694/6148 1998/1696/5847 2230/1927/6096
f 2206/1903/6150 2091/1789/6151 2089/1786/6152
f 2206/1903/6153 2202/1900/6154 2091/1789/6155
f 2244/1941/6156 2203/1899/6157 2245/1942/6158
f 2244/1941/6159 1993/1691/6160 2203/1899/6157
f 2246/1943/6161 2244/1941/6162 2247/1944/6161
f 2246/1943/5876 1993/1691/6160 2244/1941/6159
f 2231/1928/6163 2062/1758/5728 2197/1894/6164
f 2231/1928/6163 1979/1675/6165 2062/1758/5728
f 2111/1807/5813 2095/1792/6166 2110/1808/6167
f 2111/1807/5813 2094/1791/6168 2095/1792/6169
f 2248/1945/6170 1990/1688/6170 2249/1946/6170
f 2248/1945/6171 2233/1931/6172 1990/1688/6173
f 1990/1688/6174 2097/1795/6175 1989/1686/5902
f 1990/1688/5660 2233/1931/6176 2097/1795/6177
f 2248/1945/6178 2101/1797/6179 2233/1931/6180
f 2248/1945/6181 2100/1798/6182 2101/1797/5791
f 1988/1684/5900 2250/1947/6183 1987/1685/5657
f 1988/1684/5796 2102/1799/5793 2250/1947/6183
f 2243/1940/6184 2104/1800/6185 2251/1948/6186
f 2243/1940/6187 2103/1801/6140 2104/1800/6188
f 1985/1681/6189 2252/1949/6190 1984/1682/5654
f 1985/1681/6191 2251/1948/6192 2252/1949/6193
f 1994/1690/6194 2203/1899/6195 1993/1691/6196
f 1994/1690/5783 2090/1787/5778 2203/1899/6197
f 2251/1948/6192 2107/1805/6198 2243/1940/6139
f 2251/1948/6192 1985/1681/5653 2107/1805/6198
f 1982/1678/5805 2106/1803/6199 1981/1679/6200
f 1982/1678/5805 2108/1804/6201 2106/1803/6199
f 2251/1948/6202 2167/1864/6203 2252/1949/6204
f 2251/1948/6202 2104/1800/6188 2167/1864/6203
f 2102/1799/6205 2103/1801/5859 2098/1794/5788
f 2102/1799/6205 1988/1684/6206 2103/1801/6140
f 2102/1799/5793 2234/1930/6207 2250/1947/6208
f 2102/1799/5793 2096/1793/6209 2234/1930/6207
f 2096/1793/5795 2233/1931/6210 2234/1930/6207
f 2096/1793/5795 2097/1795/6211 2233/1931/6210
f 1989/1686/5812 2098/1794/6138 2111/1807/5813
f 1989/1686/5812 2097/1795/5789 2098/1794/5788
f 2110/1808/6212 2199/1896/6213 2170/1867/5903
f 2110/1808/6167 2095/1792/5784 2199/1896/6214
f 2095/1792/6215 2171/1868/6216 2199/1896/6214
f 2095/1792/5784 2093/1790/6217 2171/1868/6216
f 2090/1787/6218 2094/1791/5782 2092/1788/5779
f 2090/1787/6218 1994/1690/5783 2094/1791/5782
f 2090/1787/5778 2202/1900/6219 2203/1899/6197
f 2090/1787/5778 2091/1789/6155 2202/1900/6219
f 2089/1786/6152 2092/1788/6143 1998/1696/6220
f 2089/1786/6221 2091/1789/6222 2092/1788/6223
f 2089/1786/6152 2172/1869/5913 2206/1903/6224
f 2089/1786/6225 1999/1695/5777 2172/1869/5913
f 2083/1780/5763 2001/1699/6226 2082/1778/5758
f 2083/1780/5763 2000/1697/6227 2001/1699/6226
f 2242/1939/6129 2004/1702/5674 2207/1904/6228
f 2242/1939/6229 2003/1700/6230 2004/1702/5674
f 2079/1776/5922 2207/1904/6231 2158/1855/6232
f 2079/1776/5922 2242/1939/6129 2207/1904/6233
f 2078/1775/5753 2007/1705/6234 2209/1906/6235
f 2078/1775/5753 2006/1703/6236 2007/1705/6234
f 2073/1771/6237 2209/1906/6238 2211/1908/6239
f 2073/1771/5751 2078/1775/6240 2209/1906/6235
f 2072/1769/6241 2211/1908/6242 2213/1910/6243
f 2072/1769/6241 2073/1771/5751 2211/1908/6239
f 2011/1707/5679 2213/1910/6244 2010/1708/6245
f 2011/1707/5679 2072/1769/6241 2213/1910/6244
f 2069/1766/5741 2173/1870/6246 2215/1912/6247
f 2069/1766/5741 2070/1767/5925 2173/1870/6248
f 2067/1765/6249 2215/1912/6250 2174/1871/6251
f 2067/1765/6249 2069/1766/6252 2215/1912/6250
f 2065/1763/6132 2013/1711/6114 2218/1916/6253
f 2065/1763/6254 2012/1709/5681 2013/1711/5683
f 2064/1761/5733 2218/1916/6255 2219/1915/6256
f 2064/1761/5733 2065/1763/5735 2218/1916/6255
f 2063/1760/5732 2219/1915/6257 2221/1918/6258
f 2063/1760/5732 2064/1761/6107 2219/1915/6259
f 1977/1674/6260 2221/1918/6261 2169/1866/5887
f 1977/1674/6260 2063/1760/5732 2221/1918/6261
f 2189/1886/6262 2206/1903/6027 2172/1869/6263
f 2189/1886/6262 2205/1902/6264 2206/1903/6027
f 1997/1694/6148 2197/1894/6164 2088/1784/6265
f 1997/1694/6148 2231/1928/6163 2197/1894/6164
f 2176/1873/6266 2008/1704/6267 2159/1856/6268
f 2176/1873/6266 2049/1745/6269 2008/1704/6267
f 2178/1875/6270 2159/1856/6271 2161/1858/6270
f 2178/1875/6270 2176/1873/6272 2159/1856/6273
f 2179/1876/6274 2161/1858/6275 2162/1859/6276
f 2179/1876/6274 2178/1875/6277 2161/1858/6277
f 2177/1874/6278 2162/1859/6279 2160/1857/6280
f 2177/1874/6278 2179/1876/6281 2162/1859/6279
f 2175/1872/6282 2160/1857/6283 2158/1855/6282
f 2175/1872/6282 2177/1874/6284 2160/1857/6283
f 2180/1877/6285 2167/1864/6286 2163/1860/6287
f 2180/1877/6288 2184/1881/6289 2167/1864/6289
f 2181/1879/6290 2163/1860/6291 2164/1862/6292
f 2181/1879/6290 2180/1877/6288 2163/1860/6291
f 2182/1878/6293 2164/1862/6292 2165/1861/6293
f 2182/1878/6294 2181/1879/6295 2164/1862/6292
f 2183/1880/6296 2165/1861/6297 2166/1863/6298
f 2183/1880/6299 2182/1878/6300 2165/1861/6300
f 2027/1724/6301 2166/1863/6302 1986/1683/6303
f 2027/1724/6301 2183/1880/6304 2166/1863/6305
f 2015/1712/6306 1976/1672/6004 1974/1671/6307
f 2015/1712/6308 2017/1713/6004 1976/1672/6004
f 2186/1883/6309 2061/1759/6310 2169/1866/6067
f 2186/1883/6309 2057/1755/6311 2061/1759/6310
f 2022/1720/6312 1980/1677/6313 1981/1679/6314
f 2022/1720/6315 2021/1718/6316 1980/1677/6316
f 2025/1723/6317 1983/1680/6318 1984/1682/6319
f 2025/1723/6320 2024/1721/6321 1983/1680/6318
f 2028/1726/6322 1986/1683/6323 1987/1685/6322
f 2028/1726/6322 2027/1724/6301 1986/1683/6303
f 2032/1728/6324 1990/1688/6325 1991/1687/6326
f 2032/1728/6324 2031/1729/6327 1990/1688/6325
f 2187/1884/6106 1991/1687/6328 2170/1867/6104
f 2187/1884/6106 2032/1728/6329 1991/1687/6328
f 2017/1713/6004 1996/1693/6330 1976/1672/6004
f 2017/1713/6004 2037/1734/6331 1996/1693/6330
f 2190/1887/6332 2172/1869/6333 2086/1783/6334
f 2190/1887/6332 2189/1886/6262 2172/1869/6263
f 2043/1739/6335 2001/1699/6336 2002/1698/6335
f 2043/1739/6335 2042/1740/6337 2001/1699/6336
f 2046/1742/6338 2004/1702/6036 2005/1701/6339
f 2046/1742/6338 2045/1743/6340 2004/1702/6036
f 2049/1745/6269 2007/1705/6040 2008/1704/6267
f 2049/1745/6341 2048/1746/6040 2007/1705/6040
f 2050/1747/6342 2173/1870/6343 2009/1706/6344
f 2050/1747/6342 2191/1888/6049 2173/1870/6343
f 2051/1749/6345 2009/1706/6346 2010/1708/6347
f 2051/1749/6345 2050/1747/6348 2009/1706/6346
f 2055/1751/6349 2013/1711/6350 2014/1710/6351
f 2055/1751/6349 2054/1752/6352 2013/1711/6352
f 2192/1889/6058 2014/1710/6353 2174/1871/6354
f 2192/1889/6058 2055/1751/6355 2014/1710/6353
f 2057/1755/6311 2060/1757/6356 2061/1759/6357
f 2057/1755/6311 2059/1756/6358 2060/1757/6358
f 2253/1950/6359 2218/1916/6360 2236/1934/6361
f 2253/1950/6362 2217/1914/6059 2218/1916/6360
f 2254/1951/6363 2236/1934/6364 2237/1933/6365
f 2254/1951/6366 2253/1950/6367 2236/1934/6368
f 2255/1952/6369 2237/1933/6370 2238/1936/6371
f 2255/1952/6369 2254/1951/6363 2237/1933/6372
f 2256/1953/6373 2238/1936/6374 2239/1935/6375
f 2256/1953/6373 2255/1952/6369 2238/1936/6374
f 2054/1752/6376 2239/1935/6377 2013/1711/6376
f 2054/1752/6376 2256/1953/6378 2239/1935/6377
f 2257/1954/6379 2010/1708/6380 2240/1938/6381
f 2257/1954/6382 2051/1749/6345 2010/1708/6383
f 2258/1955/6384 2240/1938/6385 2241/1937/6386
f 2258/1955/6384 2257/1954/6382 2240/1938/6381
f 2125/1823/6387 2075/1772/6388 2076/1774/6387
f 2125/1823/6387 2124/1821/6389 2075/1772/6390
f 2126/1822/6391 2076/1774/6392 2077/1773/6393
f 2126/1822/6391 2125/1823/6392 2076/1774/6392
f 2214/1911/6394 2077/1773/6395 2213/1910/6394
f 2214/1911/6394 2126/1822/6396 2077/1773/6397
f 2124/1821/6398 2241/1937/6399 2075/1772/6400
f 2124/1821/6398 2258/1955/6401 2241/1937/6399
f 2130/1828/6402 2005/1701/6403 2081/1779/6404
f 2130/1828/6402 2046/1742/6405 2005/1701/6403
f 2131/1827/6406 2081/1779/6407 2082/1778/6408
f 2131/1827/6406 2130/1828/6409 2081/1779/6407
f 2134/1831/5843 2002/1698/6410 2085/1782/6411
f 2134/1831/5843 2043/1739/5841 2002/1698/6412
f 2037/1734/6413 2085/1782/6414 1996/1693/6330
f 2037/1734/6331 2134/1831/6415 2085/1782/6414
f 2198/1895/6416 2086/1783/6334 2087/1785/6416
f 2198/1895/6417 2190/1887/6332 2086/1783/6334
f 2259/1956/6418 2244/1941/6419 2245/1942/6420
f 2259/1956/6421 2260/1957/6422 2244/1941/6419
f 2204/1901/6018 2245/1942/6423 2203/1899/6016
f 2204/1901/6018 2259/1956/6424 2245/1942/6423
f 2261/1958/6425 1993/1691/6426 2246/1943/6427
f 2261/1958/6425 2034/1732/6426 1993/1691/6426
f 2262/1959/6428 2246/1943/6429 2247/1944/6430
f 2262/1959/6428 2261/1958/6431 2246/1943/6432
f 2260/1957/6433 2247/1944/6434 2244/1941/6419
f 2260/1957/6433 2262/1959/6435 2247/1944/6434
f 2263/1960/6436 2248/1945/6437 2249/1946/6438
f 2263/1960/6436 2264/1961/6439 2248/1945/6437
f 2031/1729/6327 2249/1946/6333 1990/1688/6440
f 2031/1729/6327 2263/1960/6436 2249/1946/6438
f 2145/1842/6441 2101/1797/6442 2099/1796/6441
f 2145/1842/6441 2147/1843/6443 2101/1797/6442
f 2146/1844/6444 2099/1796/6445 2100/1798/6446
f 2146/1844/6444 2145/1842/6445 2099/1796/6445
f 2264/1961/6447 2100/1798/6448 2248/1945/6437
f 2264/1961/6449 2146/1844/6450 2100/1798/6448
f 2147/1843/6451 2233/1931/6452 2101/1797/6453
f 2147/1843/6451 2232/1929/6454 2233/1931/6454
f 2265/1962/6455 1987/1685/6456 2250/1947/6457
f 2265/1962/6455 2028/1726/6456 1987/1685/6456
f 2266/1963/6456 1984/1682/6458 2252/1949/6459
f 2266/1963/6456 2025/1723/6317 1984/1682/6458
f 2151/1848/6460 2106/1803/6461 2105/1802/6462
f 2151/1848/6460 2152/1849/6463 2106/1803/6461
f 2024/1721/6464 2105/1802/6465 1983/1680/6466
f 2024/1721/6467 2151/1848/6468 2105/1802/6469
f 2155/1852/6470 1974/1671/6307 2109/1806/6471
f 2155/1852/6472 2015/1712/6473 1974/1671/6307
f 2021/1718/6474 2109/1806/6475 1980/1677/6476
f 2021/1718/6477 2155/1852/6470 2109/1806/6471
f 2152/1849/6478 1981/1679/6314 2106/1803/6479
f 2152/1849/6478 2022/1720/6312 1981/1679/6314
f 2184/1881/6480 2252/1949/6481 2167/1864/6480
f 2184/1881/6480 2266/1963/6322 2252/1949/6481
f 2235/1932/6482 2250/1947/6483 2234/1930/6102
f 2235/1932/6484 2265/1962/6455 2250/1947/6483
f 2121/1818/6241 2212/1909/6485 2214/1911/6486
f 2121/1818/6241 2122/1820/5828 2212/1909/6485
f 2052/1748/6487 2214/1911/6488 2051/1749/6489
f 2052/1748/6487 2121/1818/6241 2214/1911/6490
f 2118/1815/6491 2191/1888/5989 2216/1913/6492
f 2118/1815/6491 2119/1816/5988 2191/1888/6493
f 2116/1814/6494 2216/1913/6495 2192/1889/6251
f 2116/1814/6494 2118/1815/5824 2216/1913/6496
f 2114/1812/6497 2054/1752/6498 2217/1914/6499
f 2114/1812/5818 2053/1750/6500 2054/1752/6501
f 2113/1810/5817 2217/1914/6502 2220/1917/6503
f 2113/1810/5817 2114/1812/5818 2217/1914/6502
f 2112/1809/6504 2220/1917/6505 2222/1919/6506
f 2112/1809/5816 2113/1810/6507 2220/1917/6508
f 2018/1715/5954 2222/1919/6509 2186/1883/6510
f 2018/1715/6511 2112/1809/5816 2222/1919/6509
f 2267/1964/6070 2120/1817/6071 2117/1813/6072
f 2267/1964/6070 2268/1965/6073 2120/1817/6071
f 2268/1965/6074 2123/1819/6075 2120/1817/6071
f 2268/1965/6074 2269/1966/6076 2123/1819/6075
f 2269/1966/6076 2129/1826/6077 2123/1819/6078
f 2269/1966/6076 2270/1967/6512 2129/1826/6080
f 2270/1967/6141 2271/1968/6086 2129/1826/6083
f 2270/1967/6084 2272/1969/6085 2271/1968/6086
f 2272/1969/6085 2133/1830/6513 2271/1968/6086
f 2272/1969/6085 2185/1882/6087 2133/1830/5972
f 2267/1964/6088 2115/1811/6089 2273/1970/6090
f 2267/1964/6088 2117/1813/6091 2115/1811/6092
f 2273/1970/6095 2019/1717/6093 2274/1971/6094
f 2273/1970/6095 2115/1811/6092 2019/1717/6093
f 2274/1971/6096 2020/1716/5687 2275/1972/6514
f 2274/1971/6096 2019/1717/6093 2020/1716/5687
f 2113/1810/6515 2019/1717/6108 2115/1811/6516
f 2113/1810/6517 2112/1809/6518 2019/1717/6108
f 2217/1914/6519 2254/1951/6520 2253/1950/6112
f 2217/1914/6519 2054/1752/5715 2254/1951/6521
f 2254/1951/6521 2256/1953/6522 2255/1952/6523
f 2254/1951/6521 2054/1752/6524 2256/1953/6525
f 2118/1815/6526 2120/1817/6118 2119/1816/6527
f 2118/1815/5824 2117/1813/5823 2120/1817/6118
f 2051/1749/6121 2258/1955/6121 2257/1954/6121
f 2051/1749/6528 2214/1911/6529 2258/1955/6530
f 2121/1818/6125 2120/1817/6118 2123/1819/5827
f 2121/1818/5745 2052/1748/6531 2120/1817/5743
f 2126/1822/6532 2258/1955/6530 2214/1911/6529
f 2126/1822/5830 2124/1821/5829 2258/1955/6530
f 2127/1824/6533 2129/1826/6080 2047/1744/5755
f 2127/1824/6534 2123/1819/5827 2129/1826/5756
f 2128/1825/6535 2271/1968/6128 2276/1973/6536
f 2128/1825/6537 2129/1826/6130 2271/1968/6086
f 2276/1973/6538 2133/1830/5840 2044/1741/6539
f 2276/1973/6536 2271/1968/6540 2133/1830/6541
f 2114/1812/6542 2117/1813/6543 2053/1750/6544
f 2114/1812/6542 2115/1811/6109 2117/1813/5820
f 2157/1853/6134 2267/1964/6070 2140/1837/6135
f 2157/1853/6134 2268/1965/6073 2267/1964/6070
f 2144/1840/6136 2268/1965/6073 2157/1853/6137
f 2144/1840/6136 2269/1966/6076 2268/1965/6074
f 2149/1847/5859 2269/1966/6076 2144/1840/6138
f 2149/1847/5859 2270/1967/6512 2269/1966/6076
f 2277/1974/6139 2270/1967/6141 2149/1847/5859
f 2277/1974/6139 2272/1969/6085 2270/1967/6084
f 2153/1851/5806 2272/1969/6085 2277/1974/6139
f 2153/1851/6142 2185/1882/6087 2272/1969/6085
f 2138/1834/6143 2267/1964/6088 2273/1970/6090
f 2138/1834/6143 2140/1837/6144 2267/1964/6088
f 2039/1737/5776 2273/1970/6095 2274/1971/6094
f 2039/1737/5776 2138/1834/6147 2273/1970/6095
f 2038/1735/6545 2274/1971/6096 2275/1972/6514
f 2038/1735/6545 2039/1737/5847 2274/1971/6096
f 2205/1902/6546 2137/1835/6547 2135/1832/6548
f 2205/1902/6549 2201/1898/6550 2137/1835/6551
f 2260/1957/6552 2204/1901/6553 2259/1956/6554
f 2260/1957/6555 2034/1732/6556 2204/1901/6557
f 2261/1958/6558 2260/1957/6559 2262/1959/6560
f 2261/1958/6558 2034/1732/5699 2260/1957/6561
f 2157/1853/6137 2141/1838/6166 2156/1854/5964
f 2157/1853/5813 2140/1837/5782 2141/1838/6169
f 2264/1961/6562 2031/1729/6562 2263/1960/6562
f 2264/1961/6563 2232/1929/6564 2031/1729/6565
f 2031/1729/5696 2143/1841/6175 2030/1727/5694
f 2031/1729/5696 2232/1929/6566 2143/1841/6177
f 2264/1961/6563 2147/1843/5856 2232/1929/6564
f 2264/1961/6567 2146/1844/6568 2147/1843/5856
f 2029/1725/6569 2265/1962/6183 2028/1726/5657
f 2029/1725/5796 2148/1845/5793 2265/1962/6570
f 2277/1974/6139 2150/1846/6185 2278/1975/6571
f 2277/1974/6187 2149/1847/6572 2150/1846/6188
f 2026/1722/5960 2266/1963/6573 2025/1723/6574
f 2026/1722/5691 2278/1975/6571 2266/1963/6575
f 2035/1731/6576 2204/1901/6157 2034/1732/5699
f 2035/1731/6577 2136/1833/6578 2204/1901/6157
f 2278/1975/6579 2153/1851/6580 2277/1974/6139
f 2278/1975/6581 2026/1722/5960 2153/1851/6198
f 2023/1719/6582 2152/1849/6583 2022/1720/6200
f 2023/1719/6584 2154/1850/6585 2152/1849/6586
f 2278/1975/6587 2184/1881/6588 2266/1963/6575
f 2278/1975/6587 2150/1846/6188 2184/1881/6589
f 2148/1845/5793 2149/1847/5859 2144/1840/5788
f 2148/1845/5793 2029/1725/6206 2149/1847/6140
f 2148/1845/5793 2235/1932/6207 2265/1962/6208
f 2148/1845/5793 2142/1839/6590 2235/1932/6207
f 2142/1839/5795 2232/1929/6591 2235/1932/6592
f 2142/1839/5795 2143/1841/6175 2232/1929/6591
f 2030/1727/5694 2144/1840/6138 2157/1853/5813
f 2030/1727/5694 2143/1841/5789 2144/1840/5788
f 2156/1854/6593 2200/1897/6213 2187/1884/6594
f 2156/1854/5964 2141/1838/5784 2200/1897/6214
f 2141/1838/6215 2188/1885/6595 2200/1897/6214
f 2141/1838/5784 2139/1836/6596 2188/1885/6595
f 2136/1833/5849 2140/1837/5782 2138/1834/5779
f 2136/1833/6597 2035/1731/6577 2140/1837/5782
f 2136/1833/6598 2201/1898/6599 2204/1901/6600
f 2136/1833/6578 2137/1835/6601 2201/1898/6602
f 2135/1832/5846 2138/1834/6603 2039/1737/6604
f 2135/1832/6605 2137/1835/5850 2138/1834/6223
f 2135/1832/6548 2189/1886/6606 2205/1902/6546
f 2135/1832/5846 2040/1736/5777 2189/1886/5978
f 2132/1829/6607 2042/1740/6608 2131/1827/6609
f 2132/1829/6607 2041/1738/5703 2042/1740/6610
f 2276/1973/6611 2045/1743/6612 2208/1905/6613
f 2276/1973/6536 2044/1741/6614 2045/1743/5708
f 2128/1825/6537 2208/1905/6615 2175/1872/6616
f 2128/1825/5922 2276/1973/6536 2208/1905/6613
f 2127/1824/5832 2048/1746/6617 2210/1907/6618
f 2127/1824/6619 2047/1744/5923 2048/1746/6617
f 2122/1820/6620 2210/1907/6618 2212/1909/6485
f 2122/1820/6621 2127/1824/5832 2210/1907/6622
f 2038/1735/6623 2280/1976/6623 2279/1977/6624
f 2038/1735/6625 2190/1887/6626 2280/1976/6625
f 2193/1890/6627 2275/1972/6628 2281/1978/6629
f 2193/1890/6630 2020/1716/5996 2275/1972/6631
f 2279/1977/6632 2275/1972/6633 2281/1978/6634
f 2279/1977/6635 2038/1735/6636 2275/1972/6637
f 2198/1895/6638 2279/1977/6639 2196/1893/6640
f 2198/1895/6641 2280/1976/6642 2279/1977/6643
f 2196/1893/6644 2281/1978/6645 2195/1892/6646
f 2196/1893/6644 2279/1977/6647 2281/1978/6645
f 2195/1892/6648 2193/1890/6002 2194/1891/6649
f 2195/1892/6646 2281/1978/6645 2193/1890/6002
f 2282/1979/6650 2284/1980/6651 2283/1981/6652
f 2285/1982/6653 2287/1983/6654 2286/1984/6655
f 2288/1985/6656 2290/1986/6657 2289/1987/6658
f 2291/1988/6659 2293/1989/6660 2292/1990/6661
f 2294/1991/6662 2296/1992/6663 2295/1993/6664
f 2297/1994/6665 2299/1995/6666 2298/1996/6667
f 2300/1997/6668 2302/1998/6669 2301/1999/6670
f 2303/2000/6671 2284/1980/6672 2304/2001/6673
f 2305/2002/6674 2307/2003/6675 2306/2004/6676
f 2308/2005/6677 2310/2006/6678 2309/2007/6679
f 2311/2008/6680 2313/2009/6681 2312/2010/6682
f 2314/2011/6683 2316/2012/6684 2315/2013/6685
f 2317/2014/6686 2319/2015/6687 2318/2016/6688
f 2320/2017/6689 2322/2018/6690 2321/2019/6691
f 2323/2020/6692 2325/2021/6693 2324/2022/6694
f 2326/2023/6695 2328/2024/6696 2327/2025/6697
f 2329/2026/6698 2331/2027/6699 2330/2028/6700
f 2332/2029/6701 2334/2030/6702 2333/2031/6703
f 2335/2032/6662 2337/2033/6663 2336/2034/6704
f 2338/2035/6705 2340/2036/6706 2339/2037/6707
f 2341/2038/6708 2343/2039/6709 2342/2040/6670
f 2344/2041/6710 2325/2021/6711 2345/2042/6712
f 2346/2043/6713 2348/2044/6714 2347/2045/6715
f 2349/2046/6716 2351/2047/6717 2350/2048/6718
f 2352/2049/6719 2354/2050/6720 2353/2051/6682
f 2355/2052/6721 2357/2053/6722 2356/2054/6723
f 2358/2055/6724 2360/2056/6725 2359/2057/6726
f 2361/2058/6727 2363/2059/6728 2362/2060/6729
f 2348/2044/6730 2365/2061/6731 2364/2062/6732
f 2348/2044/6730 2366/2063/6733 2365/2061/6734
f 2348/2044/6730 2367/2064/6735 2366/2063/6736
f 2365/2061/6737 2368/2065/6738 2364/2062/6739
f 2369/2066/6740 2368/2065/6740 2364/2062/6740
f 2287/1983/6741 2371/2067/6742 2370/2068/6743
f 2372/2069/6744 2371/2067/6742 2287/1983/6745
f 2373/2070/6746 2374/2071/6747 2285/1982/6748
f 2375/2072/6749 2377/2073/6750 2376/2074/6751
f 2322/2018/6752 2379/2075/6753 2378/2076/6754
f 2380/2077/6755 2379/2075/6756 2322/2018/6752
f 2319/2015/6757 2382/2078/6758 2381/2079/6759
f 2383/2080/6760 2385/2081/6761 2384/2082/6762
f 2386/2083/6763 2388/2084/6764 2387/2085/6765
f 2389/2086/6766 2385/2081/6767 2383/2080/6760
f 2390/2087/6768 2316/2012/6684 2391/2088/6769
f 2392/2089/6770 2393/2090/6771 2311/2008/6772
f 2394/2091/6773 2313/2009/6774 2395/2092/6775
f 2310/2006/6776 2394/2091/6777 2395/2092/6775
f 2396/2093/6778 2303/2000/6779 2308/2005/6780
f 2394/2091/6773 2310/2006/6781 2304/2001/6782
f 2397/2094/6783 2398/2095/6784 2307/2003/6785
f 2307/2003/6786 2398/2095/6787 2399/2096/6788
f 2306/2004/6676 2401/2097/6789 2400/2098/6790
f 2402/2099/6791 2404/2100/6792 2403/2101/6793
f 2405/2102/6794 2406/2103/6795 2302/1998/6796
f 2302/1998/6796 2406/2103/6797 2407/2104/6798
f 2408/2105/6799 2410/2106/6800 2409/2107/6801
f 2411/2108/6802 2413/2109/6803 2412/2110/6804
f 2409/2107/6805 2410/2106/6806 2414/2111/6807
f 2415/2112/6808 2416/2113/6809 2296/1992/6810
f 2292/1990/6811 2418/2114/6812 2417/2115/6813
f 2419/2116/6814 2420/2117/6815 2293/1989/6660
f 2420/2117/6816 2419/2116/6814 2290/1986/6817
f 2289/1987/6818 2283/1981/6819 2421/2118/6820
f 2419/2116/6814 2282/1979/6821 2290/1986/6822
f 2422/2119/6823 2423/2120/6824 2299/1995/6666
f 2328/2024/6825 2425/2121/6826 2424/2122/6827
f 2426/2123/6828 2427/2124/6747 2326/2023/6829
f 2428/2125/6830 2430/2126/6750 2429/2127/6831
f 2363/2059/6728 2432/2128/6753 2431/2129/6832
f 2433/2130/6755 2432/2128/6756 2363/2059/6833
f 2360/2056/6725 2435/2131/6758 2434/2132/6759
f 2436/2133/6834 2438/2134/6761 2437/2135/6835
f 2439/2136/6836 2441/2137/6837 2440/2138/6838
f 2442/2139/6839 2438/2134/6767 2436/2133/6840
f 2443/2140/6768 2357/2053/6722 2444/2141/6769
f 2445/2142/6841 2446/2143/6842 2352/2049/6843
f 2447/2144/6773 2354/2050/6844 2448/2145/6845
f 2351/2047/6846 2447/2144/6777 2448/2145/6847
f 2449/2146/6848 2344/2041/6849 2349/2046/6850
f 2447/2144/6773 2351/2047/6851 2345/2042/6852
f 2367/2064/6735 2348/2044/6730 2450/2147/6853
f 2347/2045/6854 2452/2148/6789 2451/2149/6855
f 2453/2150/6856 2455/2151/6792 2454/2152/6857
f 2456/2153/6858 2457/2154/6795 2343/2039/6859
f 2343/2039/6860 2457/2154/6797 2458/2155/6798
f 2459/2156/6861 2461/2157/6806 2460/2158/6862
f 2462/2159/6863 2464/2160/6864 2463/2161/6865
f 2460/2158/6862 2461/2157/6866 2465/2162/6807
f 2466/2163/6867 2467/2164/6868 2337/2033/6810
f 2333/2031/6869 2469/2165/6870 2468/2166/6871
f 2470/2167/6814 2471/2168/6872 2334/2030/6702
f 2471/2168/6873 2470/2167/6814 2331/2027/6874
f 2330/2028/6875 2324/2022/6876 2472/2169/6877
f 2470/2167/6814 2323/2020/6878 2331/2027/6879
f 2473/2170/6823 2474/2171/6824 2340/2036/6706
f 2475/2172/6880 2477/2173/6881 2476/2174/6882
f 2475/2172/6883 2478/2175/6884 2477/2173/6885
f 2479/2176/6886 2475/2172/6883 2476/2174/6887
f 2479/2176/6886 2314/2011/6888 2475/2172/6889
f 2480/2177/6890 2481/2178/6891 2295/1993/6664
f 2480/2177/6890 2482/2179/6892 2481/2178/6891
f 2481/2178/6891 2484/2180/6893 2483/2181/6894
f 2481/2178/6895 2482/2179/6896 2484/2180/6897
f 2485/2182/6898 2282/1979/6821 2419/2116/6814
f 2485/2182/6898 2284/1980/6899 2282/1979/6900
f 2372/2069/6744 2285/1982/6653 2374/2071/6747
f 2372/2069/6901 2287/1983/6654 2285/1982/6653
f 2289/1987/6902 2282/1979/6821 2283/1981/6903
f 2289/1987/6658 2290/1986/6657 2282/1979/6821
f 2293/1989/6660 2418/2114/6812 2292/1990/6904
f 2293/1989/6660 2420/2117/6815 2418/2114/6905
f 2295/1993/6664 2416/2113/6906 2480/2177/6907
f 2295/1993/6908 2296/1992/6909 2416/2113/6809
f 2299/1995/6910 2486/2183/6911 2422/2119/6823
f 2299/1995/6666 2297/1994/6912 2486/2183/6911
f 2302/1998/6913 2487/2184/6914 2405/2102/6915
f 2302/1998/6916 2300/1997/6917 2487/2184/6918
f 2304/2001/6673 2485/2182/6919 2394/2091/6920
f 2304/2001/6673 2284/1980/6921 2485/2182/6919
f 2399/2096/6922 2306/2004/6923 2307/2003/6924
f 2399/2096/6925 2401/2097/6926 2306/2004/6676
f 2304/2001/6927 2308/2005/6928 2303/2000/6929
f 2304/2001/6782 2310/2006/6781 2308/2005/6677
f 2393/2090/6771 2313/2009/6930 2311/2008/6931
f 2393/2090/6932 2395/2092/6775 2313/2009/6930
f 2479/2176/6886 2316/2012/6933 2314/2011/6683
f 2479/2176/6934 2391/2088/6935 2316/2012/6936
f 2319/2015/6687 2488/2185/6937 2318/2016/6938
f 2319/2015/6687 2381/2079/6939 2488/2185/6937
f 2322/2018/6940 2489/2186/6941 2321/2019/6942
f 2322/2018/6940 2378/2076/6943 2489/2186/6944
f 2490/2187/6945 2492/2188/6946 2491/2189/6947
f 2490/2187/6948 2493/2190/6949 2492/2188/6950
f 2494/2191/6886 2490/2187/6948 2491/2189/6947
f 2494/2191/6886 2355/2052/6951 2490/2187/6883
f 2495/2192/6952 2496/2193/6953 2336/2034/6954
f 2495/2192/6955 2497/2194/6956 2496/2193/6957
f 2496/2193/6958 2499/2195/6959 2498/2196/6960
f 2496/2193/6957 2497/2194/6956 2499/2195/6959
f 2500/2197/6898 2323/2020/6692 2470/2167/6961
f 2500/2197/6898 2325/2021/6962 2323/2020/6692
f 2501/2198/6963 2326/2023/6964 2427/2124/6747
f 2501/2198/6965 2328/2024/6825 2326/2023/6695
f 2330/2028/6700 2323/2020/6878 2324/2022/6966
f 2330/2028/6967 2331/2027/6879 2323/2020/6968
f 2334/2030/6969 2469/2165/6870 2333/2031/6869
f 2334/2030/6970 2471/2168/6872 2469/2165/6971
f 2336/2034/6954 2467/2164/6809 2495/2192/6955
f 2336/2034/6954 2337/2033/6909 2467/2164/6809
f 2340/2036/6706 2502/2199/6972 2473/2170/6823
f 2340/2036/6706 2338/2035/6973 2502/2199/6974
f 2343/2039/6709 2503/2200/6975 2456/2153/6976
f 2343/2039/6860 2341/2038/6708 2503/2200/6977
f 2345/2042/6712 2500/2197/6919 2447/2144/6920
f 2345/2042/6978 2325/2021/6672 2500/2197/6898
f 2364/2062/6732 2347/2045/6715 2348/2044/6714
f 2364/2062/6979 2452/2148/6926 2347/2045/6715
f 2345/2042/6980 2349/2046/6981 2344/2041/6982
f 2345/2042/6852 2351/2047/6851 2349/2046/6983
f 2446/2143/6842 2354/2050/6984 2352/2049/6843
f 2446/2143/6985 2448/2145/6845 2354/2050/6984
f 2494/2191/6886 2357/2053/6986 2355/2052/6987
f 2494/2191/6934 2444/2141/6935 2357/2053/6722
f 2360/2056/6725 2504/2201/6988 2359/2057/6726
f 2360/2056/6725 2434/2132/6989 2504/2201/6988
f 2363/2059/6728 2505/2202/6990 2362/2060/6991
f 2363/2059/6728 2431/2129/6992 2505/2202/6993
f 2506/2203/6994 2507/2204/6995 2425/2121/6996
f 2506/2203/6994 2368/2065/6997 2507/2204/6998
f 2501/2198/6999 2368/2065/7000 2506/2203/6994
f 2501/2198/7001 2369/2066/7002 2368/2065/7003
f 2507/2204/6998 2365/2061/6737 2367/2064/6997
f 2507/2204/7004 2368/2065/7005 2365/2061/7006
f 2508/2205/7007 2436/2133/7008 2509/2206/7009
f 2508/2205/7010 2442/2139/7011 2436/2133/7012
f 2393/2090/7013 2350/2048/7014 2309/2007/7015
f 2393/2090/7013 2446/2143/7016 2350/2048/7014
f 2510/2207/7017 2353/2051/7018 2312/2010/7019
f 2510/2207/7017 2511/2208/7020 2353/2051/7021
f 2479/2176/7022 2511/2208/7023 2510/2207/7024
f 2479/2176/7025 2494/2191/7025 2511/2208/7023
f 2512/2209/7026 2356/2054/7027 2315/2013/7027
f 2512/2209/7026 2508/2205/7028 2356/2054/7029
f 2513/2210/7030 2508/2205/7031 2512/2209/7032
f 2513/2210/7030 2509/2206/7033 2508/2205/7031
f 2514/2211/7034 2509/2206/7035 2513/2210/7036
f 2514/2211/7037 2515/2212/7037 2509/2206/7038
f 2516/2213/7039 2504/2201/7040 2488/2185/7041
f 2516/2213/7042 2517/2214/7042 2504/2201/7043
f 2320/2017/7044 2517/2214/7045 2516/2213/7045
f 2320/2017/7044 2361/2058/7046 2517/2214/7047
f 2518/2215/7048 2520/2216/7049 2519/2217/7050
f 2518/2215/7048 2521/2218/7051 2520/2216/7049
f 2522/2219/7052 2521/2218/7051 2518/2215/7048
f 2522/2219/7053 2523/2220/7054 2521/2218/7055
f 2286/1984/7056 2523/2220/7057 2522/2219/7058
f 2286/1984/7059 2327/2025/7060 2523/2220/7057
f 2382/2078/7061 2524/2221/7062 2379/2075/6753
f 2382/2078/7063 2525/2222/7064 2524/2221/7062
f 2385/2081/7065 2525/2222/7066 2382/2078/6758
f 2385/2081/6767 2526/2223/7067 2525/2222/7066
f 2390/2087/7068 2526/2223/7069 2385/2081/7065
f 2390/2087/7068 2527/2224/7070 2526/2223/7069
f 2528/2225/7071 2527/2224/7072 2390/2087/7073
f 2528/2225/7074 2529/2226/7075 2527/2224/7076
f 2394/2091/7077 2529/2226/7078 2528/2225/7079
f 2394/2091/7080 2485/2182/6919 2529/2226/7081
f 2377/2073/7082 2524/2221/7062 2530/2227/7083
f 2377/2073/7082 2379/2075/6753 2524/2221/7062
f 2374/2071/6747 2530/2227/7083 2531/2228/7084
f 2374/2071/7085 2377/2073/7086 2530/2227/7083
f 2372/2069/7087 2531/2228/7084 2532/2229/7088
f 2372/2069/7087 2374/2071/6747 2531/2228/7084
f 2533/2230/7089 2535/2231/7090 2534/2232/7090
f 2533/2230/7089 2536/2233/7091 2535/2231/7092
f 2486/2183/7093 2538/2234/7094 2537/2235/7094
f 2486/2183/7093 2502/2199/7095 2538/2234/7096
f 2374/2071/6747 2376/2074/7097 2377/2073/7098
f 2374/2071/7085 2373/2070/7099 2376/2074/6751
f 2539/2236/7100 2519/2217/7101 2540/2237/7102
f 2539/2236/7100 2489/2186/7103 2519/2217/7104
f 2541/2238/7105 2539/2236/7106 2542/2239/7105
f 2541/2238/7107 2489/2186/7108 2539/2236/7109
f 2382/2078/6758 2380/2077/7110 2381/2079/6759
f 2382/2078/7111 2379/2075/6753 2380/2077/7112
f 2543/2240/7113 2317/2014/7113 2544/2241/7113
f 2543/2240/7114 2514/2211/7115 2317/2014/7116
f 2382/2078/7117 2384/2082/7118 2385/2081/6767
f 2382/2078/7111 2319/2015/7119 2384/2082/7118
f 2543/2240/7114 2388/2084/6764 2514/2211/7120
f 2543/2240/7121 2387/2085/6765 2388/2084/7122
f 2390/2087/6768 2389/2086/7123 2316/2012/7124
f 2390/2087/7068 2385/2081/6767 2389/2086/7011
f 2528/2225/7125 2391/2088/7126 2545/2242/7127
f 2528/2225/7074 2390/2087/7128 2391/2088/7129
f 2394/2091/7077 2545/2242/7130 2313/2009/6930
f 2394/2091/7080 2528/2225/7125 2545/2242/7127
f 2379/2075/7131 2375/2072/6749 2378/2076/6754
f 2379/2075/7131 2377/2073/7132 2375/2072/7133
f 2524/2221/7062 2423/2120/6824 2406/2103/6797
f 2524/2221/7134 2525/2222/7064 2423/2120/6824
f 2525/2222/7066 2410/2106/6806 2423/2120/6824
f 2525/2222/7066 2526/2223/7067 2410/2106/7135
f 2526/2223/7069 2415/2112/7136 2410/2106/6806
f 2526/2223/7069 2527/2224/7070 2415/2112/7136
f 2527/2224/7072 2546/2243/7137 2415/2112/7138
f 2527/2224/7076 2529/2226/7139 2546/2243/7137
f 2529/2226/7078 2419/2116/7140 2546/2243/7141
f 2529/2226/7081 2485/2182/7142 2419/2116/7143
f 2524/2221/7062 2404/2100/7144 2530/2227/7083
f 2524/2221/7062 2406/2103/6795 2404/2100/7145
f 2530/2227/7083 2401/2097/7146 2531/2228/7084
f 2530/2227/7083 2404/2100/7144 2401/2097/7146
f 2531/2228/7084 2399/2096/6925 2532/2229/7088
f 2531/2228/7084 2401/2097/6789 2399/2096/7147
f 2537/2235/7148 2342/2040/7149 2301/1999/7150
f 2537/2235/7151 2538/2234/7151 2342/2040/7149
f 2547/2244/7152 2549/2245/7153 2548/2246/7154
f 2547/2244/7152 2550/2247/7155 2549/2245/7153
f 2402/2099/7156 2551/2248/7157 2400/2098/7158
f 2402/2099/7159 2548/2246/7160 2551/2248/7161
f 2547/2244/7162 2553/2249/7163 2552/2250/7164
f 2547/2244/7165 2487/2184/7166 2553/2249/7167
f 2553/2249/7168 2555/2251/7169 2554/2252/7169
f 2553/2249/7168 2487/2184/7170 2555/2251/7171
f 2371/2067/7172 2532/2229/7173 2556/2253/7005
f 2371/2067/7172 2372/2069/6744 2532/2229/7174
f 2407/2104/7175 2423/2120/7176 2422/2119/6823
f 2407/2104/7177 2406/2103/6797 2423/2120/7178
f 2298/1996/7179 2558/2254/7179 2557/2255/7179
f 2298/1996/7180 2534/2232/7181 2558/2254/7182
f 2408/2105/6799 2298/1996/7183 2299/1995/7184
f 2408/2105/7185 2534/2232/7186 2298/1996/7187
f 2413/2109/7188 2558/2254/7182 2534/2232/7189
f 2413/2109/6803 2411/2108/7190 2558/2254/7191
f 2559/2256/7192 2296/1992/6663 2294/1991/7193
f 2559/2256/7194 2414/2111/7195 2296/1992/6663
f 2416/2113/7196 2546/2243/7141 2560/2257/7197
f 2416/2113/7198 2415/2112/7199 2546/2243/7141
f 2561/2258/7200 2293/1989/7201 2291/1988/6659
f 2561/2258/7202 2560/2257/7197 2293/1989/7203
f 2547/2244/7204 2405/2102/6915 2487/2184/7205
f 2547/2244/7165 2403/2101/6793 2405/2102/7206
f 2419/2116/7207 2560/2257/7197 2546/2243/7141
f 2419/2116/7207 2293/1989/6660 2560/2257/7197
f 2418/2114/7208 2290/1986/6817 2288/1985/7209
f 2418/2114/7210 2420/2117/7211 2290/1986/6817
f 2480/2177/7212 2560/2257/7213 2561/2258/7200
f 2480/2177/7214 2416/2113/7215 2560/2257/7213
f 2415/2112/6867 2414/2111/7216 2410/2106/6806
f 2415/2112/7217 2296/1992/6810 2414/2111/7218
f 2533/2230/7219 2414/2111/7195 2559/2256/7194
f 2533/2230/7219 2409/2107/7220 2414/2111/7221
f 2534/2232/7222 2409/2107/7220 2533/2230/7219
f 2534/2232/7222 2408/2105/7223 2409/2107/7220
f 2410/2106/6806 2299/1995/6666 2423/2120/7176
f 2410/2106/7224 2408/2105/6799 2299/1995/7225
f 2537/2235/7226 2422/2119/6823 2486/2183/7227
f 2537/2235/7228 2407/2104/7229 2422/2119/6823
f 2301/1999/7230 2407/2104/7231 2537/2235/7228
f 2301/1999/7230 2302/1998/6916 2407/2104/7232
f 2406/2103/6795 2403/2101/7233 2404/2100/6792
f 2406/2103/6795 2405/2102/7234 2403/2101/7233
f 2548/2246/7235 2403/2101/6793 2547/2244/7165
f 2548/2246/7235 2402/2099/7236 2403/2101/6793
f 2404/2100/7144 2400/2098/7237 2401/2097/7238
f 2404/2100/7239 2402/2099/7240 2400/2098/7241
f 2305/2002/7242 2400/2098/7158 2551/2248/7243
f 2305/2002/6674 2306/2004/6676 2400/2098/7244
f 2309/2007/7245 2395/2092/6775 2393/2090/7246
f 2309/2007/7245 2310/2006/7247 2395/2092/7248
f 2312/2010/7249 2545/2242/7130 2510/2207/7250
f 2312/2010/6682 2313/2009/6930 2545/2242/7130
f 2510/2207/7251 2391/2088/7126 2479/2176/7252
f 2510/2207/7251 2545/2242/7127 2391/2088/7126
f 2315/2013/7253 2389/2086/7254 2512/2209/7255
f 2315/2013/7253 2316/2012/6684 2389/2086/7254
f 2512/2209/7256 2383/2080/6760 2513/2210/7257
f 2512/2209/7256 2389/2086/7258 2383/2080/7259
f 2513/2210/7257 2384/2082/7260 2514/2211/7261
f 2513/2210/7257 2383/2080/7262 2384/2082/7260
f 2514/2211/7263 2319/2015/7264 2317/2014/7265
f 2514/2211/7266 2384/2082/7267 2319/2015/7268
f 2488/2185/7269 2380/2077/7110 2516/2213/7270
f 2488/2185/7271 2381/2079/7272 2380/2077/7273
f 2516/2213/7274 2322/2018/6940 2320/2017/6689
f 2516/2213/7274 2380/2077/7112 2322/2018/6940
f 2489/2186/7275 2375/2072/7276 2519/2217/7101
f 2489/2186/7277 2378/2076/7278 2375/2072/7279
f 2519/2217/7101 2376/2074/7280 2518/2215/7281
f 2519/2217/7282 2375/2072/6749 2376/2074/7283
f 2518/2215/7284 2373/2070/7285 2522/2219/7285
f 2518/2215/7286 2376/2074/7097 2373/2070/7287
f 2522/2219/7288 2285/1982/7289 2286/1984/6655
f 2522/2219/7290 2373/2070/7290 2285/1982/7291
f 2551/2248/7292 2346/2043/7293 2305/2002/7294
f 2551/2248/7292 2562/2259/7295 2346/2043/7293
f 2556/2253/7000 2399/2096/7296 2398/2095/7297
f 2556/2253/7298 2532/2229/7299 2399/2096/7296
f 2314/2011/7300 2490/2187/7301 2475/2172/7302
f 2314/2011/7300 2355/2052/7303 2490/2187/7301
f 2475/2172/7304 2493/2190/7305 2478/2175/7305
f 2475/2172/7306 2490/2187/7307 2493/2190/7308
f 2478/2175/7309 2492/2188/6950 2477/2173/6885
f 2478/2175/7310 2493/2190/6949 2492/2188/7311
f 2477/2173/6885 2491/2189/7312 2476/2174/7313
f 2477/2173/6885 2492/2188/7311 2491/2189/7312
f 2476/2174/7314 2494/2191/7315 2479/2176/7315
f 2476/2174/7314 2491/2189/7316 2494/2191/7317
f 2480/2177/7318 2497/2194/7319 2482/2179/7320
f 2480/2177/7321 2495/2192/7321 2497/2194/7322
f 2482/2179/7323 2499/2195/7324 2484/2180/6897
f 2482/2179/7323 2497/2194/7325 2499/2195/7326
f 2484/2180/7327 2498/2196/7328 2483/2181/7329
f 2484/2180/7330 2499/2195/7326 2498/2196/7328
f 2483/2181/7331 2496/2193/7332 2481/2178/7333
f 2483/2181/7334 2498/2196/7334 2496/2193/7332
f 2481/2178/7333 2336/2034/7335 2295/1993/7336
f 2481/2178/7333 2496/2193/7337 2336/2034/7338
f 2284/1980/7339 2324/2022/7340 2283/1981/7341
f 2284/1980/7342 2325/2021/7342 2324/2022/7340
f 2287/1983/7343 2327/2025/7344 2286/1984/7059
f 2287/1983/7345 2328/2024/7345 2327/2025/7060
f 2289/1987/7346 2329/2026/7347 2288/1985/7348
f 2289/1987/7346 2330/2028/6875 2329/2026/7347
f 2292/1990/7349 2332/2029/7350 2291/1988/7351
f 2292/1990/7352 2333/2031/7353 2332/2029/7350
f 2295/1993/7336 2335/2032/7354 2294/1991/7354
f 2295/1993/7336 2336/2034/7338 2335/2032/7355
f 2298/1996/7356 2338/2035/7357 2297/1994/7358
f 2298/1996/7356 2339/2037/7359 2338/2035/7360
f 2297/1994/7361 2502/2199/7362 2486/2183/7363
f 2297/1994/7361 2338/2035/7364 2502/2199/7362
f 2301/1999/7365 2341/2038/7366 2300/1997/7367
f 2301/1999/7365 2342/2040/7149 2341/2038/7366
f 2300/1997/7368 2503/2200/7369 2487/2184/7369
f 2300/1997/7370 2341/2038/7366 2503/2200/7371
f 2303/2000/7372 2325/2021/7373 2284/1980/7373
f 2303/2000/7372 2344/2041/7374 2325/2021/7375
f 2305/2002/7376 2348/2044/7377 2307/2003/7377
f 2305/2002/7294 2346/2043/7378 2348/2044/7379
f 2309/2007/7015 2349/2046/7380 2308/2005/6780
f 2309/2007/7015 2350/2048/7014 2349/2046/7380
f 2312/2010/7381 2352/2049/7382 2311/2008/7383
f 2312/2010/7381 2353/2051/7021 2352/2049/7382
f 2315/2013/7029 2355/2052/7384 2314/2011/7300
f 2315/2013/7385 2356/2054/7385 2355/2052/7386
f 2488/2185/7041 2359/2057/7387 2318/2016/7388
f 2488/2185/7041 2504/2201/7389 2359/2057/7387
f 2318/2016/7390 2358/2055/7391 2317/2014/7392
f 2318/2016/7393 2359/2057/7394 2358/2055/7395
f 2489/2186/7396 2362/2060/7397 2321/2019/7398
f 2489/2186/7399 2505/2202/7399 2362/2060/7400
f 2321/2019/7401 2361/2058/7402 2320/2017/7044
f 2321/2019/7401 2362/2060/7403 2361/2058/7402
f 2371/2067/7404 2424/2122/7404 2370/2068/7404
f 2371/2067/7405 2425/2121/7405 2424/2122/7405
f 2519/2217/7406 2563/2260/7407 2540/2237/7408
f 2519/2217/7406 2520/2216/7049 2563/2260/7409
f 2540/2237/7410 2564/2261/7411 2539/2236/7411
f 2540/2237/7410 2563/2260/7412 2564/2261/7413
f 2539/2236/7414 2565/2262/7415 2542/2239/7416
f 2539/2236/7417 2564/2261/7417 2565/2262/7415
f 2542/2239/7418 2566/2263/7419 2541/2238/7420
f 2542/2239/7418 2565/2262/7421 2566/2263/7422
f 2541/2238/7423 2505/2202/7424 2489/2186/7424
f 2541/2238/7423 2566/2263/7425 2505/2202/7426
f 2317/2014/7392 2567/2264/7427 2544/2241/7428
f 2317/2014/7429 2358/2055/7430 2567/2264/7431
f 2544/2241/7432 2568/2265/7433 2543/2240/7434
f 2544/2241/7432 2567/2264/7435 2568/2265/7436
f 2387/2085/7437 2439/2136/7438 2386/2083/7438
f 2387/2085/7437 2440/2138/7439 2439/2136/7440
f 2386/2083/7441 2441/2137/7442 2388/2084/7443
f 2386/2083/7444 2439/2136/7444 2441/2137/7445
f 2388/2084/7446 2515/2212/7447 2514/2211/7447
f 2388/2084/7446 2441/2137/7442 2515/2212/7448
f 2543/2240/7449 2440/2138/7439 2387/2085/7450
f 2543/2240/7451 2568/2265/7452 2440/2138/7439
f 2311/2008/7453 2445/2142/7454 2392/2089/7455
f 2311/2008/7453 2352/2049/7456 2445/2142/7454
f 2392/2089/7455 2446/2143/7457 2393/2090/7458
f 2392/2089/7459 2445/2142/7460 2446/2143/7457
f 2308/2005/7461 2449/2146/7462 2396/2093/7463
f 2308/2005/7464 2349/2046/7465 2449/2146/7462
f 2396/2093/7463 2344/2041/7374 2303/2000/7466
f 2396/2093/7463 2449/2146/7462 2344/2041/7374
f 2328/2024/7467 2506/2203/6994 2425/2121/7468
f 2328/2024/7467 2501/2198/7469 2506/2203/6994
f 2548/2246/7154 2562/2259/7295 2551/2248/7470
f 2548/2246/7154 2549/2245/7153 2562/2259/7295
f 2553/2249/7471 2569/2266/7472 2552/2250/7473
f 2553/2249/7474 2570/2267/7474 2569/2266/7472
f 2552/2250/7475 2550/2247/7155 2547/2244/7476
f 2552/2250/7475 2569/2266/7477 2550/2247/7155
f 2487/2184/7478 2571/2268/7479 2555/2251/7480
f 2487/2184/7481 2503/2200/7481 2571/2268/7482
f 2555/2251/7483 2572/2269/7484 2554/2252/7485
f 2555/2251/7483 2571/2268/7486 2572/2269/7484
f 2554/2252/7485 2570/2267/7487 2553/2249/7487
f 2554/2252/7485 2572/2269/7488 2570/2267/7489
f 2558/2254/7490 2573/2270/7491 2557/2255/7492
f 2558/2254/7490 2574/2271/7493 2573/2270/7491
f 2557/2255/7492 2339/2037/7359 2298/1996/7494
f 2557/2255/7495 2573/2270/7496 2339/2037/7359
f 2413/2109/7497 2463/2161/7498 2412/2110/7498
f 2413/2109/7499 2464/2160/7500 2463/2161/7501
f 2412/2110/7502 2462/2159/7503 2411/2108/7504
f 2412/2110/7505 2463/2161/7505 2462/2159/7506
f 2411/2108/7507 2574/2271/7508 2558/2254/7509
f 2411/2108/7510 2462/2159/7511 2574/2271/7508
f 2534/2232/7512 2464/2160/7500 2413/2109/7513
f 2534/2232/7514 2535/2231/7514 2464/2160/7500
f 2294/1991/7515 2575/2272/7516 2559/2256/7517
f 2294/1991/7354 2335/2032/7354 2575/2272/7518
f 2291/1988/7519 2576/2273/7520 2561/2258/7521
f 2291/1988/7519 2332/2029/7522 2576/2273/7520
f 2418/2114/7523 2468/2166/7524 2417/2115/7525
f 2418/2114/7526 2469/2165/7527 2468/2166/7524
f 2417/2115/7528 2333/2031/7529 2292/1990/7530
f 2417/2115/7528 2468/2166/7531 2333/2031/7529
f 2283/1981/7532 2472/2169/7533 2421/2118/7534
f 2283/1981/7535 2324/2022/7340 2472/2169/7536
f 2421/2118/6820 2330/2028/7537 2289/1987/7346
f 2421/2118/6820 2472/2169/7538 2330/2028/7537
f 2288/1985/7539 2469/2165/7540 2418/2114/7541
f 2288/1985/7539 2329/2026/7347 2469/2165/7540
f 2561/2258/7542 2495/2192/7543 2480/2177/7543
f 2561/2258/7542 2576/2273/7544 2495/2192/7545
f 2559/2256/7546 2536/2233/7547 2533/2230/7548
f 2559/2256/7549 2575/2272/7516 2536/2233/7547
f 2509/2206/7550 2437/2135/7551 2515/2212/7552
f 2509/2206/7550 2436/2133/7553 2437/2135/7551
f 2515/2212/7554 2360/2056/7555 2358/2055/7556
f 2515/2212/7554 2437/2135/7557 2360/2056/7555
f 2504/2201/6988 2433/2130/7110 2517/2214/7270
f 2504/2201/6988 2434/2132/6939 2433/2130/7112
f 2517/2214/7274 2363/2059/7558 2361/2058/6727
f 2517/2214/7274 2433/2130/7112 2363/2059/6728
f 2505/2202/7559 2428/2125/7560 2520/2216/7561
f 2505/2202/6990 2431/2129/7562 2428/2125/7560
f 2520/2216/7561 2429/2127/6831 2521/2218/7563
f 2520/2216/7561 2428/2125/7564 2429/2127/6831
f 2521/2218/7284 2426/2123/7285 2523/2220/7285
f 2521/2218/7565 2429/2127/6751 2426/2123/6746
f 2523/2220/7566 2326/2023/7567 2327/2025/7568
f 2523/2220/7290 2426/2123/7290 2326/2023/7569
f 2435/2131/7061 2577/2274/7062 2432/2128/6753
f 2435/2131/7063 2578/2275/7570 2577/2274/7062
f 2438/2134/7065 2578/2275/7066 2435/2131/7571
f 2438/2134/6767 2579/2276/7067 2578/2275/7066
f 2443/2140/7068 2579/2276/7069 2438/2134/7065
f 2443/2140/7068 2580/2277/7572 2579/2276/7069
f 2581/2278/7079 2580/2277/7072 2443/2140/7073
f 2581/2278/7573 2582/2279/7139 2580/2277/7076
f 2447/2144/7080 2582/2279/7078 2581/2278/7079
f 2447/2144/7080 2500/2197/6919 2582/2279/7078
f 2430/2126/7086 2577/2274/7062 2583/2280/7574
f 2430/2126/7082 2432/2128/6753 2577/2274/7062
f 2427/2124/7085 2583/2280/7083 2584/2281/7084
f 2427/2124/6747 2430/2126/7132 2583/2280/7083
f 2501/2198/7575 2584/2281/7084 2369/2066/7576
f 2501/2198/7575 2427/2124/6747 2584/2281/7084
f 2427/2124/6747 2429/2127/7577 2430/2126/7132
f 2427/2124/7085 2426/2123/7099 2429/2127/6831
f 2564/2261/7578 2520/2216/7579 2563/2260/7580
f 2564/2261/7581 2505/2202/6993 2520/2216/7582
f 2566/2263/7583 2564/2261/7584 2565/2262/7585
f 2566/2263/7583 2505/2202/6993 2564/2261/7584
f 2435/2131/6758 2433/2130/7110 2434/2132/6759
f 2435/2131/7111 2432/2128/6756 2433/2130/7112
f 2568/2265/7586 2358/2055/7586 2567/2264/7586
f 2568/2265/7587 2515/2212/7588 2358/2055/7589
f 2435/2131/7117 2437/2135/6835 2438/2134/6767
f 2435/2131/7111 2360/2056/7590 2437/2135/6835
f 2568/2265/7587 2441/2137/6837 2515/2212/7591
f 2568/2265/7587 2440/2138/6838 2441/2137/6837
f 2443/2140/6768 2442/2139/7592 2357/2053/7593
f 2443/2140/7068 2438/2134/6767 2442/2139/7592
f 2581/2278/7125 2444/2141/7126 2585/2282/7127
f 2581/2278/7074 2443/2140/7128 2444/2141/7129
f 2447/2144/7077 2585/2282/7130 2354/2050/6720
f 2447/2144/7080 2581/2278/7125 2585/2282/7127
f 2432/2128/6753 2428/2125/7560 2431/2129/6832
f 2432/2128/7131 2430/2126/7132 2428/2125/7560
f 2577/2274/7062 2474/2171/6824 2457/2154/6797
f 2577/2274/7062 2578/2275/7064 2474/2171/7594
f 2578/2275/7066 2461/2157/6806 2474/2171/6824
f 2578/2275/7595 2579/2276/7067 2461/2157/7135
f 2579/2276/7069 2466/2163/7136 2461/2157/6806
f 2579/2276/7069 2580/2277/7572 2466/2163/7136
f 2580/2277/7076 2586/2283/7596 2466/2163/7138
f 2580/2277/7072 2582/2279/7139 2586/2283/7137
f 2582/2279/7078 2470/2167/6961 2586/2283/7596
f 2582/2279/7078 2500/2197/6919 2470/2167/7140
f 2577/2274/7062 2455/2151/7144 2583/2280/7574
f 2577/2274/7062 2457/2154/6795 2455/2151/7144
f 2583/2280/7083 2452/2148/7146 2584/2281/7084
f 2583/2280/7083 2455/2151/7144 2452/2148/7146
f 2584/2281/7084 2364/2062/6979 2369/2066/7597
f 2584/2281/7084 2452/2148/7238 2364/2062/6979
f 2453/2150/7598 2562/2259/7599 2451/2149/7600
f 2453/2150/6856 2549/2245/7601 2562/2259/7602
f 2550/2247/7603 2570/2267/7604 2569/2266/7605
f 2550/2247/7603 2503/2200/6975 2570/2267/7606
f 2570/2267/7607 2571/2268/7608 2572/2269/7609
f 2570/2267/7607 2503/2200/6975 2571/2268/7610
f 2458/2155/7175 2474/2171/7176 2473/2170/6823
f 2458/2155/7177 2457/2154/6797 2474/2171/6824
f 2339/2037/7611 2574/2271/7611 2573/2270/7611
f 2339/2037/7612 2535/2231/7613 2574/2271/7614
f 2459/2156/7615 2339/2037/6707 2340/2036/7616
f 2459/2156/7617 2535/2231/7618 2339/2037/6707
f 2464/2160/7619 2574/2271/7620 2535/2231/7613
f 2464/2160/7621 2462/2159/6863 2574/2271/7622
f 2575/2272/7194 2337/2033/6663 2335/2032/7193
f 2575/2272/7194 2465/2162/7221 2337/2033/6663
f 2467/2164/7623 2586/2283/7141 2587/2284/7197
f 2467/2164/7198 2466/2163/7199 2586/2283/7141
f 2588/2285/7200 2334/2030/6702 2332/2029/7624
f 2588/2285/7200 2587/2284/7197 2334/2030/6702
f 2550/2247/7204 2456/2153/6976 2503/2200/7170
f 2550/2247/7625 2454/2152/7626 2456/2153/6976
f 2470/2167/7207 2587/2284/7197 2586/2283/7141
f 2470/2167/7207 2334/2030/7627 2587/2284/7197
f 2469/2165/7628 2331/2027/6874 2329/2026/7629
f 2469/2165/6870 2471/2168/6873 2331/2027/7630
f 2495/2192/7631 2587/2284/7197 2588/2285/7632
f 2495/2192/7633 2467/2164/7215 2587/2284/7213
f 2466/2163/6867 2465/2162/7216 2461/2157/6806
f 2466/2163/7217 2337/2033/6810 2465/2162/7216
f 2536/2233/7634 2465/2162/7195 2575/2272/7194
f 2536/2233/7634 2460/2158/7635 2465/2162/7221
f 2535/2231/7636 2460/2158/7637 2536/2233/7638
f 2535/2231/7636 2459/2156/7617 2460/2158/7637
f 2461/2157/6806 2340/2036/6706 2474/2171/7176
f 2461/2157/7224 2459/2156/6861 2340/2036/7616
f 2538/2234/7226 2473/2170/6823 2502/2199/6972
f 2538/2234/7228 2458/2155/7231 2473/2170/6823
f 2342/2040/7230 2458/2155/7231 2538/2234/7228
f 2342/2040/6670 2343/2039/7639 2458/2155/7175
f 2457/2154/6795 2454/2152/6857 2455/2151/7145
f 2457/2154/6795 2456/2153/6976 2454/2152/6857
f 2549/2245/7640 2454/2152/6857 2550/2247/7641
f 2549/2245/7601 2453/2150/7642 2454/2152/7626
f 2455/2151/7144 2451/2149/7643 2452/2148/7146
f 2455/2151/7144 2453/2150/7644 2451/2149/7645
f 2346/2043/7646 2451/2149/7645 2562/2259/7647
f 2346/2043/6713 2347/2045/6854 2451/2149/7648
f 2350/2048/7649 2448/2145/7650 2446/2143/7651
f 2350/2048/7649 2351/2047/6846 2448/2145/7652
f 2353/2051/6682 2585/2282/7130 2511/2208/7250
f 2353/2051/6682 2354/2050/6720 2585/2282/7130
f 2511/2208/7653 2444/2141/7126 2494/2191/7654
f 2511/2208/7251 2585/2282/7127 2444/2141/7126
f 2356/2054/6723 2442/2139/7592 2508/2205/7010
f 2356/2054/6723 2357/2053/6722 2442/2139/7011
f 2589/2286/7655 2591/2287/7656 2590/2288/7655
f 2592/2289/7657 2594/2290/7658 2593/2291/7659
f 2595/2292/7660 2597/2293/7661 2596/2294/7662
f 2598/2295/7663 2600/2296/7664 2599/2297/7665
f 2601/2298/7666 2603/2299/7667 2602/2300/7668
f 2604/2301/7669 2606/2302/7670 2605/2303/7671
f 2607/2304/7672 2609/2305/7673 2608/2306/7674
f 2610/2307/7675 2612/2308/7676 2611/2309/7677
f 2611/2309/7678 2614/2310/7679 2613/2311/7680
f 2615/2312/7681 2617/2313/7682 2616/2314/7683
f 2618/2315/7684 2620/2316/7685 2619/2317/7686
f 2621/2318/7687 2623/2319/7688 2622/2320/7689
f 2624/2321/7690 2626/2322/7691 2625/2323/7692
f 2627/2324/7693 2629/2325/7694 2628/2326/7695
f 2630/2327/7696 2632/2328/7697 2631/2329/7698
f 2633/2330/7699 2635/2331/7700 2634/2332/7701
f 2636/2333/7702 2638/2334/7703 2637/2335/7704
f 2639/2336/7705 2641/2337/7706 2640/2338/7662
f 2642/2339/7707 2644/2340/7708 2643/2341/7709
f 2645/2342/7666 2647/2343/7710 2646/2344/7711
f 2648/2345/7712 2650/2346/7713 2649/2347/7714
f 2651/2348/7715 2632/2328/7716 2652/2349/7717
f 2653/2350/7718 2655/2351/7719 2654/2352/7720
f 2656/2353/7721 2658/2354/7722 2657/2355/7723
f 2659/2356/7724 2661/2357/7725 2660/2358/7726
f 2662/2359/7727 2664/2360/7728 2663/2361/7729
f 2665/2362/7730 2667/2363/7731 2666/2364/7732
f 2590/2288/7733 2591/2287/7656 2668/2365/7734
f 2591/2287/7735 2669/2366/7736 2668/2365/7737
f 2670/2367/7738 2672/2368/7739 2671/2369/7740
f 2673/2370/7741 2609/2305/7673 2674/2371/7742
f 2675/2372/7743 2676/2373/7744 2669/2366/7736
f 2669/2366/7736 2676/2373/7745 2668/2365/7746
f 2633/2330/7747 2677/2374/7748 2635/2331/7749
f 2678/2375/7750 2680/2376/7751 2679/2377/7752
f 2627/2324/7753 2682/2378/7754 2681/2379/7755
f 2681/2379/7756 2682/2378/7757 2683/2380/7758
f 2684/2381/7759 2685/2382/7760 2626/2322/7761
f 2686/2383/7762 2688/2384/7763 2687/2385/7764
f 2689/2386/7765 2691/2387/7766 2690/2388/7767
f 2687/2385/7768 2688/2384/7769 2692/2389/7770
f 2693/2390/7771 2621/2318/7772 2694/2391/7773
f 2620/2316/7774 2696/2392/7775 2695/2393/7776
f 2697/2394/7777 2618/2315/7778 2698/2395/7779
f 2697/2394/7780 2698/2395/7781 2615/2312/7782
f 2617/2313/7783 2608/2306/7784 2699/2396/7785
f 2607/2304/7786 2615/2312/7787 2698/2395/7779
f 2612/2308/7788 2701/2397/7789 2700/2398/7790
f 2610/2307/7791 2701/2397/7792 2612/2308/7793
f 2702/2399/7794 2613/2311/7795 2614/2310/7796
f 2703/2400/7797 2705/2401/7798 2704/2402/7799
f 2706/2403/7800 2707/2404/7801 2606/2302/7802
f 2708/2405/7803 2707/2404/7804 2706/2403/7805
f 2709/2406/7806 2711/2407/7807 2710/2408/7808
f 2712/2409/7809 2714/2410/7810 2713/2411/7811
f 2715/2412/7812 2711/2407/7813 2709/2406/7806
f 2600/2296/7814 2717/2413/7815 2716/2414/7816
f 2718/2415/7817 2719/2416/7818 2595/2292/7819
f 2597/2293/7820 2721/2417/7821 2720/2418/7822
f 2594/2290/7823 2720/2418/7824 2721/2417/7825
f 2722/2419/7826 2673/2370/7827 2592/2289/7828
f 2594/2290/7658 2674/2371/7829 2720/2418/7822
f 2601/2298/7830 2724/2420/7831 2723/2421/7832
f 2725/2422/7743 2727/2423/7833 2726/2424/7834
f 2726/2424/7835 2727/2423/7833 2728/2425/7836
f 2729/2426/7837 2731/2427/7838 2730/2428/7839
f 2732/2429/7840 2734/2430/7751 2733/2431/7841
f 2665/2362/7842 2736/2432/7754 2735/2433/7843
f 2735/2433/7844 2736/2432/7757 2737/2434/7845
f 2738/2435/7846 2739/2436/7760 2664/2360/7728
f 2740/2437/7847 2742/2438/7763 2741/2439/7848
f 2743/2440/7765 2745/2441/7766 2744/2442/7767
f 2741/2439/7849 2742/2438/7769 2746/2443/7850
f 2747/2444/7851 2659/2356/7724 2748/2445/7773
f 2749/2446/7852 2656/2353/7721 2750/2447/7853
f 2749/2446/7854 2750/2447/7853 2653/2350/7855
f 2651/2348/7856 2653/2350/7857 2750/2447/7858
f 2751/2448/7859 2753/2449/7860 2752/2450/7790
f 2754/2451/7861 2753/2449/7860 2751/2448/7862
f 2755/2452/7863 2757/2453/7864 2756/2454/7865
f 2758/2455/7866 2760/2456/7867 2759/2457/7868
f 2761/2458/7869 2762/2459/7870 2650/2346/7871
f 2763/2460/7872 2762/2459/7804 2761/2458/7873
f 2764/2461/7874 2766/2462/7875 2765/2463/7876
f 2767/2464/7877 2769/2465/7878 2768/2466/7879
f 2770/2467/7880 2766/2462/7881 2764/2461/7882
f 2644/2340/7883 2772/2468/7815 2771/2469/7816
f 2754/2451/7884 2751/2448/7885 2773/2470/7886
f 2641/2337/7887 2775/2471/7888 2774/2472/7822
f 2638/2334/7889 2774/2472/7890 2775/2471/7891
f 2638/2334/7703 2631/2329/7892 2774/2472/7822
f 2645/2342/7893 2777/2473/7831 2776/2474/7894
f 2726/2424/7895 2728/2425/7896 2670/2367/7897
f 2658/2354/7898 2779/2475/7899 2778/2476/7900
f 2780/2477/7901 2591/2287/7656 2589/2286/7655
f 2780/2477/7901 2677/2374/7902 2591/2287/7656
f 2674/2371/7829 2592/2289/7903 2673/2370/7904
f 2674/2371/7905 2594/2290/7658 2592/2289/7657
f 2721/2417/7906 2595/2292/7907 2719/2416/7908
f 2721/2417/7909 2597/2293/7820 2595/2292/7660
f 2717/2413/7910 2598/2295/7911 2781/2478/7912
f 2717/2413/7910 2600/2296/7913 2598/2295/7911
f 2723/2421/7914 2603/2299/7667 2601/2298/7915
f 2723/2421/7916 2782/2479/7917 2603/2299/7918
f 2706/2403/7919 2604/2301/7920 2783/2480/7921
f 2706/2403/7919 2606/2302/7670 2604/2301/7920
f 2784/2481/7922 2607/2304/7672 2698/2395/7923
f 2784/2481/7922 2609/2305/7673 2607/2304/7924
f 2611/2309/7677 2785/2482/7925 2614/2310/7679
f 2611/2309/7926 2612/2308/7927 2785/2482/7928
f 2607/2304/7672 2617/2313/7682 2615/2312/7929
f 2607/2304/7672 2608/2306/7674 2617/2313/7930
f 2618/2315/7931 2696/2392/7775 2620/2316/7932
f 2618/2315/7778 2697/2394/7933 2696/2392/7934
f 2693/2390/7771 2623/2319/7688 2621/2318/7772
f 2693/2390/7771 2786/2483/7935 2623/2319/7688
f 2684/2381/7936 2624/2321/7937 2787/2484/7938
f 2684/2381/7936 2626/2322/7939 2624/2321/7937
f 2681/2379/7940 2629/2325/7941 2627/2324/7693
f 2681/2379/7940 2788/2485/7942 2629/2325/7941
f 2789/2486/7943 2790/2487/7944 2661/2357/7945
f 2789/2486/7946 2791/2488/7947 2790/2487/7944
f 2791/2488/7948 2792/2489/7949 2790/2487/7944
f 2791/2488/7950 2793/2490/7951 2792/2489/7952
f 2794/2491/7953 2796/2492/7954 2795/2493/7955
f 2794/2491/7956 2797/2494/7957 2796/2492/7958
f 2798/2495/7959 2797/2494/7960 2794/2491/7956
f 2798/2495/7961 2642/2339/7962 2797/2494/7960
f 2631/2329/7698 2799/2496/7963 2774/2472/7890
f 2631/2329/7698 2632/2328/7697 2799/2496/7964
f 2635/2331/7965 2671/2369/7966 2634/2332/7701
f 2635/2331/7749 2800/2497/7967 2671/2369/7968
f 2631/2329/7969 2636/2333/7702 2630/2327/7970
f 2631/2329/7969 2638/2334/7971 2636/2333/7702
f 2775/2471/7972 2639/2336/7973 2801/2498/7974
f 2775/2471/7975 2641/2337/7976 2639/2336/7977
f 2772/2468/7910 2642/2339/7962 2798/2495/7959
f 2772/2468/7910 2644/2340/7978 2642/2339/7962
f 2776/2474/7894 2647/2343/7979 2645/2342/7915
f 2776/2474/7980 2802/2499/7981 2647/2343/7979
f 2761/2458/7982 2648/2345/7983 2803/2500/7984
f 2761/2458/7985 2650/2346/7986 2648/2345/7712
f 2799/2496/7963 2651/2348/7987 2750/2447/7988
f 2799/2496/7963 2632/2328/7697 2651/2348/7989
f 2651/2348/7856 2655/2351/7990 2653/2350/7718
f 2651/2348/7991 2652/2349/7992 2655/2351/7990
f 2656/2353/7721 2779/2475/7993 2658/2354/7898
f 2656/2353/7721 2749/2446/7994 2779/2475/7993
f 2747/2444/7995 2661/2357/7945 2659/2356/7724
f 2747/2444/7995 2789/2486/7996 2661/2357/7997
f 2738/2435/7998 2662/2359/7999 2804/2501/8000
f 2738/2435/7998 2664/2360/7728 2662/2359/7727
f 2735/2433/8001 2667/2363/8002 2665/2362/7730
f 2735/2433/8001 2805/2502/8003 2667/2363/8002
f 2590/2288/8004 2806/2503/8005 2589/2286/8004
f 2590/2288/8004 2668/2365/8006 2806/2503/8007
f 2591/2287/7735 2671/2369/8008 2669/2366/8009
f 2591/2287/7735 2634/2332/7701 2671/2369/8008
f 2671/2369/8010 2726/2424/8011 2669/2366/8012
f 2671/2369/8010 2672/2368/8013 2726/2424/8011
f 2786/2483/8014 2807/2504/7944 2623/2319/8015
f 2786/2483/8014 2808/2505/8016 2807/2504/7944
f 2808/2505/7948 2809/2506/7949 2807/2504/7944
f 2808/2505/7950 2810/2507/8017 2809/2506/7952
f 2811/2508/8018 2813/2509/8019 2812/2510/8017
f 2811/2508/8020 2814/2511/8021 2813/2509/8019
f 2781/2478/7912 2814/2511/8022 2811/2508/8023
f 2781/2478/8024 2598/2295/7911 2814/2511/8025
f 2674/2371/7742 2784/2481/7922 2720/2418/7824
f 2674/2371/7742 2609/2305/7673 2784/2481/7922
f 2815/2512/8026 2671/2369/8010 2800/2497/8027
f 2815/2512/8026 2670/2367/8028 2671/2369/8010
f 2816/2513/8029 2657/2355/8030 2817/2514/8031
f 2816/2513/8032 2656/2353/8033 2657/2355/7723
f 2818/2515/6368 2820/2516/6363 2819/2517/8034
f 2818/2515/6368 2821/2518/6365 2820/2516/6366
f 2822/2519/8035 2685/2382/7760 2682/2378/8036
f 2822/2519/8035 2823/2520/8037 2685/2382/8038
f 2823/2520/8039 2688/2384/8040 2685/2382/8038
f 2823/2520/8039 2824/2521/8041 2688/2384/8040
f 2824/2521/8041 2694/2391/8042 2688/2384/8040
f 2824/2521/8041 2825/2522/8043 2694/2391/8042
f 2825/2522/8044 2826/2523/8045 2694/2391/8046
f 2825/2522/8044 2827/2524/8047 2826/2523/8048
f 2827/2524/8047 2698/2395/7781 2826/2523/8048
f 2827/2524/8047 2784/2481/8049 2698/2395/7781
f 2822/2519/8050 2680/2376/8051 2828/2525/8052
f 2822/2519/8050 2682/2378/8036 2680/2376/8051
f 2828/2525/8052 2677/2374/7748 2780/2477/8053
f 2828/2525/8052 2680/2376/8051 2677/2374/7748
f 2678/2375/7750 2677/2374/7748 2680/2376/8054
f 2678/2375/8055 2635/2331/7749 2677/2374/7748
f 2829/2526/8056 2831/2527/8057 2830/2528/8058
f 2829/2526/8059 2628/2326/8060 2831/2527/8061
f 2831/2527/8061 2833/2529/8062 2832/2530/8062
f 2831/2527/8061 2628/2326/8063 2833/2529/8017
f 2683/2380/7758 2685/2382/7760 2684/2381/8064
f 2683/2380/8065 2682/2378/8066 2685/2382/8067
f 2625/2323/8068 2835/2531/8068 2834/2532/8068
f 2625/2323/8069 2836/2533/8070 2835/2531/8071
f 2686/2383/7762 2685/2382/8067 2688/2384/7763
f 2686/2383/7762 2626/2322/8072 2685/2382/7760
f 2691/2387/8073 2835/2531/8074 2836/2533/8070
f 2691/2387/8075 2689/2386/7765 2835/2531/8076
f 2692/2389/8077 2694/2391/8042 2621/2318/7772
f 2692/2389/8078 2688/2384/7763 2694/2391/7773
f 2693/2390/7771 2826/2523/8048 2837/2534/8079
f 2693/2390/8080 2694/2391/8081 2826/2523/8048
f 2837/2534/8079 2698/2395/8082 2618/2315/7684
f 2837/2534/8079 2826/2523/8083 2698/2395/8084
f 2679/2377/7752 2682/2378/7754 2627/2324/8085
f 2679/2377/7752 2680/2376/8054 2682/2378/7754
f 2724/2420/8086 2822/2519/8035 2707/2404/8087
f 2724/2420/8086 2823/2520/8037 2822/2519/8035
f 2711/2407/8088 2823/2520/8039 2724/2420/7831
f 2711/2407/8088 2824/2521/8041 2823/2520/8039
f 2716/2414/7816 2824/2521/8041 2711/2407/8089
f 2716/2414/7816 2825/2522/8043 2824/2521/8041
f 2838/2535/8090 2825/2522/8044 2716/2414/7816
f 2838/2535/8090 2827/2524/8047 2825/2522/8044
f 2720/2418/8091 2827/2524/8047 2838/2535/8092
f 2720/2418/8093 2784/2481/8049 2827/2524/8047
f 2705/2401/7798 2822/2519/8050 2828/2525/8052
f 2705/2401/7798 2707/2404/8094 2822/2519/8050
f 2613/2311/7680 2828/2525/8052 2780/2477/8053
f 2613/2311/7680 2705/2401/8095 2828/2525/8052
f 2611/2309/8096 2780/2477/7901 2589/2286/7655
f 2611/2309/8096 2613/2311/7680 2780/2477/7901
f 2839/2536/8097 2704/2402/8098 2702/2399/8099
f 2839/2536/8100 2840/2537/8101 2704/2402/8102
f 2820/2516/8103 2841/2538/8104 2819/2517/8105
f 2820/2516/8106 2605/2303/8107 2841/2538/8108
f 2842/2539/8017 2820/2516/8109 2843/2540/8017
f 2842/2539/8017 2605/2303/8107 2820/2516/8109
f 2806/2503/8110 2676/2373/8111 2844/2541/8112
f 2806/2503/8110 2668/2365/8006 2676/2373/8111
f 2724/2420/7831 2708/2405/8113 2723/2421/8114
f 2724/2420/7831 2707/2404/7870 2708/2405/8115
f 2845/2542/8116 2602/2300/8116 2846/2543/8116
f 2845/2542/8117 2847/2544/8118 2602/2300/8119
f 2602/2300/8120 2710/2408/8121 2601/2298/8122
f 2602/2300/7668 2847/2544/8123 2710/2408/8121
f 2845/2542/8124 2714/2410/7810 2847/2544/8125
f 2845/2542/8126 2713/2411/8127 2714/2410/7810
f 2600/2296/7913 2848/2545/8128 2599/2297/7665
f 2600/2296/7664 2715/2412/7812 2848/2545/8128
f 2838/2535/8092 2717/2413/8129 2849/2546/8130
f 2838/2535/8131 2716/2414/7816 2717/2413/8132
f 2597/2293/7661 2850/2547/8133 2596/2294/7662
f 2597/2293/7661 2849/2546/8134 2850/2547/8135
f 2606/2302/8136 2841/2538/8137 2605/2303/8138
f 2606/2302/7802 2703/2400/8139 2841/2538/8104
f 2849/2546/8130 2720/2418/7890 2838/2535/8092
f 2849/2546/8130 2597/2293/7661 2720/2418/8091
f 2594/2290/8140 2719/2416/8141 2593/2291/8142
f 2594/2290/8140 2721/2417/7825 2719/2416/8143
f 2849/2546/8144 2781/2478/8145 2850/2547/8135
f 2849/2546/8144 2717/2413/8146 2781/2478/8145
f 2715/2412/8147 2716/2414/7816 2711/2407/7875
f 2715/2412/8147 2600/2296/8148 2716/2414/7816
f 2715/2412/7812 2851/2548/8149 2848/2545/8128
f 2715/2412/7812 2709/2406/8150 2851/2548/8149
f 2709/2406/7806 2847/2544/8151 2851/2548/8149
f 2709/2406/7806 2710/2408/8152 2847/2544/8151
f 2601/2298/8153 2711/2407/8088 2724/2420/7831
f 2601/2298/7830 2710/2408/7808 2711/2407/7875
f 2723/2421/8154 2852/2549/8155 2782/2479/8156
f 2723/2421/8157 2708/2405/7803 2852/2549/8158
f 2708/2405/7803 2783/2480/7921 2852/2549/8158
f 2708/2405/7803 2706/2403/8159 2783/2480/8160
f 2703/2400/8161 2707/2404/7801 2705/2401/7798
f 2703/2400/8161 2606/2302/7802 2707/2404/7801
f 2703/2400/7797 2840/2537/8162 2841/2538/8104
f 2703/2400/8163 2704/2402/8102 2840/2537/8101
f 2702/2399/8164 2705/2401/7798 2613/2311/8165
f 2702/2399/8164 2704/2402/8166 2705/2401/8167
f 2702/2399/8099 2785/2482/8168 2839/2536/8169
f 2702/2399/8170 2614/2310/7679 2785/2482/8171
f 2634/2332/8172 2677/2374/8172 2633/2330/8172
f 2634/2332/8173 2591/2287/7735 2677/2374/7748
f 2697/2394/7933 2616/2314/8174 2696/2392/8175
f 2697/2394/7780 2615/2312/8176 2616/2314/8174
f 2837/2534/8177 2619/2317/8178 2853/2550/8179
f 2837/2534/8079 2618/2315/8180 2619/2317/8181
f 2693/2390/8182 2853/2550/8183 2786/2483/8184
f 2693/2390/7771 2837/2534/8079 2853/2550/8183
f 2692/2389/8077 2622/2320/7689 2854/2551/8185
f 2692/2389/8186 2621/2318/7772 2622/2320/8187
f 2687/2385/8188 2854/2551/8189 2855/2552/8190
f 2687/2385/7768 2692/2389/8191 2854/2551/8185
f 2686/2383/8192 2855/2552/8190 2836/2533/8193
f 2686/2383/7762 2687/2385/7768 2855/2552/8190
f 2626/2322/7939 2836/2533/8194 2625/2323/8195
f 2626/2322/8196 2686/2383/7762 2836/2533/8194
f 2683/2380/7758 2787/2484/8197 2856/2553/8198
f 2683/2380/7758 2684/2381/8199 2787/2484/8200
f 2681/2379/8201 2856/2553/8202 2788/2485/8203
f 2681/2379/8201 2683/2380/8204 2856/2553/8202
f 2679/2377/7752 2628/2326/8205 2829/2526/8206
f 2679/2377/8207 2627/2324/8208 2628/2326/7695
f 2678/2375/7750 2829/2526/8209 2857/2554/8210
f 2678/2375/7750 2679/2377/7752 2829/2526/8211
f 2635/2331/8212 2857/2554/8213 2800/2497/8214
f 2635/2331/7749 2678/2375/8215 2857/2554/8216
f 2610/2307/8217 2844/2541/8112 2701/2397/8218
f 2610/2307/8217 2806/2503/8110 2844/2541/8112
f 2790/2487/8219 2623/2319/8220 2807/2504/8221
f 2790/2487/8219 2661/2357/8222 2623/2319/6301
f 2792/2489/8223 2807/2504/8224 2809/2506/8223
f 2792/2489/8223 2790/2487/8225 2807/2504/8224
f 2793/2490/8226 2809/2506/6293 2810/2507/6295
f 2793/2490/8226 2792/2489/6294 2809/2506/6294
f 2791/2488/6291 2810/2507/6290 2808/2505/8227
f 2791/2488/6291 2793/2490/8228 2810/2507/6290
f 2789/2486/6286 2808/2505/8227 2786/2483/6286
f 2789/2486/6286 2791/2488/6287 2808/2505/8227
f 2794/2491/8229 2781/2478/6282 2811/2508/8230
f 2794/2491/8229 2798/2495/8231 2781/2478/8231
f 2795/2493/8232 2811/2508/8233 2812/2510/8234
f 2795/2493/8232 2794/2491/8229 2811/2508/8233
f 2796/2492/8235 2812/2510/8236 2813/2509/8235
f 2796/2492/8235 2795/2493/8237 2812/2510/8236
f 2797/2494/8238 2813/2509/6270 2814/2511/6272
f 2797/2494/8239 2796/2492/6270 2813/2509/6270
f 2642/2339/6267 2814/2511/6266 2598/2295/8240
f 2642/2339/6267 2797/2494/8241 2814/2511/8242
f 2630/2327/8243 2609/2305/6004 2673/2370/8244
f 2630/2327/8243 2632/2328/6004 2609/2305/6004
f 2747/2444/8245 2817/2514/8246 2789/2486/8247
f 2747/2444/7851 2816/2513/8248 2817/2514/8246
f 2637/2335/6336 2592/2289/6335 2593/2291/8249
f 2637/2335/6336 2636/2333/6335 2592/2289/6335
f 2640/2338/8250 2595/2292/8251 2596/2294/8252
f 2640/2338/8253 2639/2336/8254 2595/2292/8251
f 2643/2341/6040 2598/2295/8255 2599/2297/6040
f 2643/2341/6040 2642/2339/6267 2598/2295/8255
f 2647/2343/6346 2602/2300/6345 2603/2299/8256
f 2647/2343/6346 2646/2344/8257 2602/2300/8258
f 2802/2499/8259 2603/2299/8260 2782/2479/8261
f 2802/2499/8259 2647/2343/6344 2603/2299/8260
f 2648/2345/8262 2783/2480/8263 2604/2301/8264
f 2648/2345/8262 2803/2500/8265 2783/2480/8263
f 2649/2347/8266 2604/2301/8267 2605/2303/8266
f 2649/2347/6352 2648/2345/8268 2604/2301/8267
f 2632/2328/6004 2608/2306/8269 2609/2305/6004
f 2632/2328/6004 2652/2349/8270 2608/2306/8271
f 2751/2448/8272 2785/2482/8273 2612/2308/8274
f 2751/2448/8275 2773/2470/8276 2785/2482/8277
f 2655/2351/8278 2616/2314/8279 2617/2313/8278
f 2655/2351/6313 2654/2352/8280 2616/2314/8281
f 2658/2354/8282 2619/2317/8283 2620/2316/8284
f 2658/2354/8285 2657/2355/8286 2619/2317/8283
f 2661/2357/8222 2622/2320/6456 2623/2319/8220
f 2661/2357/8222 2660/2358/6456 2622/2320/6456
f 2662/2359/8287 2787/2484/8288 2624/2321/8289
f 2662/2359/8287 2804/2501/6104 2787/2484/8288
f 2663/2361/8290 2624/2321/8291 2625/2323/8292
f 2663/2361/8290 2662/2359/8293 2624/2321/8291
f 2667/2363/8294 2628/2326/8295 2629/2325/8296
f 2667/2363/8294 2666/2364/6022 2628/2326/6022
f 2805/2502/8297 2629/2325/8298 2788/2485/6011
f 2805/2502/8297 2667/2363/8299 2629/2325/8298
f 2725/2422/8300 2676/2373/8301 2675/2372/8300
f 2725/2422/8300 2727/2423/8302 2676/2373/8303
f 2726/2424/8011 2675/2372/8304 2669/2366/8305
f 2726/2424/8011 2725/2422/8304 2675/2372/8304
f 2858/2555/6423 2829/2526/6018 2830/2528/6424
f 2858/2555/6423 2859/2556/8306 2829/2526/6018
f 2860/2557/6419 2830/2528/8307 2831/2527/8308
f 2860/2557/6419 2858/2555/6420 2830/2528/8307
f 2861/2558/8309 2831/2527/6433 2832/2530/8310
f 2861/2558/6434 2860/2557/6419 2831/2527/6433
f 2862/2559/8311 2832/2530/8312 2833/2529/6431
f 2862/2559/8311 2861/2558/6430 2832/2530/8313
f 2666/2364/6426 2833/2529/6425 2628/2326/6426
f 2666/2364/6426 2862/2559/8314 2833/2529/6425
f 2863/2560/8315 2625/2323/8292 2834/2532/6436
f 2863/2560/8315 2663/2361/8290 2625/2323/8292
f 2864/2561/6437 2834/2532/6436 2835/2531/8316
f 2864/2561/6437 2863/2560/8317 2834/2532/6436
f 2744/2442/6445 2689/2386/6444 2690/2388/6445
f 2744/2442/8318 2743/2440/8319 2689/2386/6444
f 2745/2441/8320 2690/2388/6441 2691/2387/8321
f 2745/2441/8320 2744/2442/6441 2690/2388/6441
f 2865/2562/6452 2691/2387/8322 2836/2533/6452
f 2865/2562/6452 2745/2441/8320 2691/2387/8323
f 2743/2440/8324 2835/2531/8325 2689/2386/6450
f 2743/2440/8324 2864/2561/6437 2835/2531/8326
f 2778/2476/8327 2620/2316/8328 2695/2393/8329
f 2778/2476/8330 2658/2354/8331 2620/2316/8332
f 2779/2475/8333 2695/2393/8334 2696/2392/8335
f 2779/2475/8333 2778/2476/8330 2695/2393/8336
f 2866/2563/8337 2617/2313/8338 2699/2396/8339
f 2866/2563/8337 2655/2351/8340 2617/2313/8338
f 2652/2349/8270 2699/2396/8339 2608/2306/8269
f 2652/2349/8270 2866/2563/8341 2699/2396/8339
f 2752/2450/8342 2612/2308/8274 2700/2398/8342
f 2752/2450/8342 2751/2448/8272 2612/2308/8274
f 2753/2449/8343 2700/2398/8344 2701/2397/8345
f 2753/2449/8343 2752/2450/8344 2700/2398/8344
f 2867/2564/8346 2840/2537/8347 2839/2536/8348
f 2867/2564/8346 2868/2565/6060 2840/2537/8349
f 2869/2566/6360 2819/2517/6359 2841/2538/8350
f 2869/2566/6360 2818/2515/6368 2819/2517/6362
f 2870/2567/8351 2605/2303/6376 2842/2539/8352
f 2870/2567/8351 2649/2347/8353 2605/2303/8353
f 2871/2568/8354 2842/2539/6373 2843/2540/8355
f 2871/2568/8354 2870/2567/8356 2842/2539/6373
f 2821/2518/6372 2843/2540/6369 2820/2516/6363
f 2821/2518/6370 2871/2568/6374 2843/2540/6369
f 2727/2423/8357 2844/2541/3333 2676/2373/8358
f 2727/2423/8357 2872/2569/3333 2844/2541/3333
f 2873/2570/6381 2845/2542/6384 2846/2543/8359
f 2873/2570/6381 2874/2571/8360 2845/2542/6384
f 2646/2344/8257 2846/2543/8361 2602/2300/8362
f 2646/2344/8257 2873/2570/6381 2846/2543/8361
f 2767/2464/6392 2714/2410/6391 2712/2409/6392
f 2767/2464/6392 2769/2465/8363 2714/2410/6391
f 2768/2466/8364 2712/2409/6387 2713/2411/8365
f 2768/2466/8366 2767/2464/8367 2712/2409/8367
f 2874/2571/8368 2713/2411/8369 2845/2542/6401
f 2874/2571/8368 2768/2466/8370 2713/2411/8371
f 2769/2465/8372 2847/2544/6394 2714/2410/6396
f 2769/2465/8363 2875/2572/6394 2847/2544/6394
f 2876/2573/8373 2599/2297/6040 2848/2545/8374
f 2876/2573/8373 2643/2341/6040 2599/2297/6040
f 2877/2574/8375 2596/2294/8376 2850/2547/8377
f 2877/2574/8375 2640/2338/8253 2596/2294/8376
f 2878/2575/8378 2719/2416/8379 2718/2415/8380
f 2878/2575/8381 2801/2498/8382 2719/2416/8379
f 2639/2336/8383 2718/2415/8384 2595/2292/8385
f 2639/2336/8386 2878/2575/8387 2718/2415/8384
f 2879/2576/8388 2673/2370/8389 2722/2419/8390
f 2879/2576/8388 2630/2327/8391 2673/2370/8389
f 2636/2333/8392 2722/2419/8393 2592/2289/8394
f 2636/2333/8392 2879/2576/8395 2722/2419/8396
f 2801/2498/8397 2593/2291/8398 2719/2416/8399
f 2801/2498/8397 2637/2335/6031 2593/2291/8398
f 2798/2495/6039 2850/2547/8400 2781/2478/6039
f 2798/2495/6039 2877/2574/8401 2850/2547/8400
f 2880/2577/8402 2848/2545/8403 2851/2548/6044
f 2880/2577/8404 2876/2573/8373 2848/2545/8405
f 2875/2572/6046 2851/2548/6048 2847/2544/6046
f 2875/2572/6046 2880/2577/8406 2851/2548/6045
f 2881/2578/8407 2782/2479/8408 2852/2549/8409
f 2881/2578/8410 2802/2499/8411 2782/2479/8408
f 2803/2500/8412 2852/2549/8413 2783/2480/8263
f 2803/2500/8412 2881/2578/8414 2852/2549/8413
f 2868/2565/6060 2841/2538/8350 2840/2537/8349
f 2868/2565/8415 2869/2566/6061 2841/2538/8350
f 2773/2470/8416 2839/2536/8417 2785/2482/8277
f 2773/2470/8418 2867/2564/8346 2839/2536/8417
f 2654/2352/8419 2696/2392/8420 2616/2314/8421
f 2654/2352/8422 2779/2475/8333 2696/2392/8423
f 2657/2355/8286 2853/2550/8424 2619/2317/8283
f 2657/2355/8286 2817/2514/8425 2853/2550/8424
f 2817/2514/8426 2786/2483/6480 2853/2550/8424
f 2817/2514/8426 2789/2486/6480 2786/2483/6480
f 2660/2358/6322 2854/2551/8427 2622/2320/6322
f 2660/2358/6322 2882/2579/6457 2854/2551/8427
f 2882/2579/6483 2855/2552/6484 2854/2551/8428
f 2882/2579/6483 2883/2580/6102 2855/2552/6482
f 2883/2580/8429 2836/2533/6099 2855/2552/6101
f 2883/2580/8429 2865/2562/6099 2836/2533/6099
f 2804/2501/6104 2856/2553/6103 2787/2484/8430
f 2804/2501/6104 2884/2581/6105 2856/2553/8431
f 2884/2581/6012 2788/2485/6011 2856/2553/8432
f 2884/2581/6012 2805/2502/8297 2788/2485/6011
f 2859/2556/8306 2857/2554/6015 2829/2526/6018
f 2859/2556/8306 2885/2582/8433 2857/2554/8434
f 2885/2582/8433 2800/2497/8435 2857/2554/6015
f 2885/2582/8436 2815/2512/8437 2800/2497/8438
f 2872/2569/3333 2701/2397/8439 2844/2541/3333
f 2872/2569/3333 2753/2449/8440 2701/2397/8439
f 2670/2367/8441 2731/2427/8441 2729/2426/8441
f 2670/2367/7897 2728/2425/8442 2731/2427/8443
f 2611/2309/8096 2806/2503/8007 2610/2307/8444
f 2611/2309/8096 2589/2286/8445 2806/2503/8005
f 2754/2451/8446 2756/2454/8447 2757/2453/7864
f 2754/2451/8446 2773/2470/8448 2756/2454/8447
f 2746/2443/7850 2660/2358/7726 2882/2579/8449
f 2746/2443/8450 2659/2356/7724 2660/2358/7726
f 2741/2439/8451 2882/2579/8449 2883/2580/8452
f 2741/2439/8453 2746/2443/7850 2882/2579/8454
f 2740/2437/8455 2883/2580/8456 2865/2562/8457
f 2740/2437/8458 2741/2439/8459 2883/2580/8460
f 2664/2360/8461 2865/2562/8462 2663/2361/8463
f 2664/2360/8464 2740/2437/8458 2865/2562/8465
f 2737/2434/8466 2804/2501/8467 2884/2581/8468
f 2737/2434/8469 2738/2435/7998 2804/2501/8470
f 2735/2433/8471 2884/2581/8472 2805/2502/8473
f 2735/2433/8471 2737/2434/8466 2884/2581/8474
f 2886/2583/8035 2739/2436/8038 2736/2432/8036
f 2886/2583/8035 2887/2584/8037 2739/2436/8038
f 2887/2584/8039 2742/2438/8040 2739/2436/8038
f 2887/2584/8039 2888/2585/8041 2742/2438/8040
f 2888/2585/8041 2748/2445/8042 2742/2438/8040
f 2888/2585/8041 2889/2586/8043 2748/2445/8042
f 2889/2586/8044 2890/2587/8045 2748/2445/8046
f 2889/2586/8044 2891/2588/8047 2890/2587/8048
f 2891/2588/8047 2750/2447/8475 2890/2587/8048
f 2891/2588/8047 2799/2496/8476 2750/2447/8475
f 2886/2583/8050 2734/2430/8051 2892/2589/8052
f 2886/2583/8050 2736/2432/8036 2734/2430/8051
f 2892/2589/8052 2731/2427/8477 2893/2590/8478
f 2892/2589/8479 2734/2430/8051 2731/2427/8477
f 2893/2590/8480 2728/2425/8481 2894/2591/8482
f 2893/2590/8480 2731/2427/8483 2728/2425/8481
f 2733/2431/7841 2666/2364/7732 2859/2556/8484
f 2733/2431/7841 2665/2362/8485 2666/2364/7732
f 2732/2429/8486 2859/2556/8487 2885/2582/8488
f 2732/2429/8489 2733/2431/7841 2859/2556/8487
f 2732/2429/8490 2731/2427/8491 2734/2430/8054
f 2732/2429/8492 2730/2428/8493 2731/2427/8494
f 2859/2556/8495 2860/2557/8057 2858/2555/8496
f 2859/2556/8497 2666/2364/7732 2860/2557/8061
f 2860/2557/8061 2862/2559/8062 2861/2558/8062
f 2860/2557/8061 2666/2364/8498 2862/2559/8017
f 2737/2434/8499 2739/2436/8500 2738/2435/8501
f 2737/2434/8502 2736/2432/8066 2739/2436/8503
f 2663/2361/8504 2864/2561/8504 2863/2560/8504
f 2663/2361/8505 2865/2562/8506 2864/2561/8507
f 2740/2437/7847 2739/2436/8067 2742/2438/7763
f 2740/2437/7847 2664/2360/8508 2739/2436/7760
f 2745/2441/8073 2864/2561/8509 2865/2562/8510
f 2745/2441/8075 2743/2440/7765 2864/2561/8507
f 2746/2443/8511 2748/2445/8042 2659/2356/7724
f 2746/2443/8511 2742/2438/7763 2748/2445/7773
f 2747/2444/7851 2890/2587/8048 2816/2513/8032
f 2747/2444/7851 2748/2445/8081 2890/2587/8048
f 2816/2513/8029 2750/2447/8475 2656/2353/8033
f 2816/2513/8248 2890/2587/8048 2750/2447/8512
f 2730/2428/8513 2885/2582/8514 2815/2512/8513
f 2730/2428/8515 2732/2429/8516 2885/2582/8517
f 2729/2426/8518 2815/2512/8518 2670/2367/8518
f 2729/2426/8519 2730/2428/8520 2815/2512/8520
f 2733/2431/7841 2736/2432/7754 2665/2362/8521
f 2733/2431/7841 2734/2430/8054 2736/2432/7754
f 2777/2473/8086 2886/2583/8035 2762/2459/8087
f 2777/2473/8086 2887/2584/8037 2886/2583/8035
f 2766/2462/8088 2887/2584/8039 2777/2473/7831
f 2766/2462/8088 2888/2585/8041 2887/2584/8039
f 2771/2469/7816 2888/2585/8041 2766/2462/8089
f 2771/2469/7816 2889/2586/8043 2888/2585/8041
f 2895/2592/8090 2889/2586/8044 2771/2469/7816
f 2895/2592/8090 2891/2588/8047 2889/2586/8044
f 2774/2472/8091 2891/2588/8047 2895/2592/8092
f 2774/2472/8091 2799/2496/8476 2891/2588/8047
f 2760/2456/7798 2886/2583/8050 2892/2589/8052
f 2760/2456/7798 2762/2459/8094 2886/2583/8050
f 2757/2453/7864 2892/2589/8479 2893/2590/8522
f 2757/2453/7864 2760/2456/8095 2892/2589/8479
f 2754/2451/8446 2893/2590/8480 2894/2591/8482
f 2754/2451/8446 2757/2453/7864 2893/2590/8480
f 2754/2451/8523 2872/2569/8524 2753/2449/8525
f 2754/2451/8446 2894/2591/8526 2872/2569/8524
f 2867/2564/8527 2759/2457/8528 2755/2452/8099
f 2867/2564/8529 2868/2565/8530 2759/2457/8531
f 2821/2518/8103 2869/2566/8532 2818/2515/8533
f 2821/2518/8106 2649/2347/8534 2869/2566/8535
f 2870/2567/7951 2821/2518/8109 2871/2568/7951
f 2870/2567/8017 2649/2347/8536 2821/2518/8109
f 2894/2591/8526 2727/2423/8537 2872/2569/8524
f 2894/2591/8526 2728/2425/8538 2727/2423/8537
f 2777/2473/7831 2763/2460/8539 2776/2474/8540
f 2777/2473/7831 2762/2459/7870 2763/2460/7872
f 2874/2571/8541 2646/2344/8541 2873/2570/8541
f 2874/2571/8542 2875/2572/8543 2646/2344/8544
f 2646/2344/8545 2765/2463/8546 2645/2342/8122
f 2646/2344/8547 2875/2572/8548 2765/2463/8549
f 2874/2571/8550 2769/2465/8551 2875/2572/8543
f 2874/2571/8542 2768/2466/7879 2769/2465/8552
f 2644/2340/7708 2876/2573/8553 2643/2341/7709
f 2644/2340/8554 2770/2467/8555 2876/2573/8556
f 2895/2592/8131 2772/2468/8129 2896/2593/8557
f 2895/2592/8558 2771/2469/7816 2772/2468/8132
f 2641/2337/8559 2877/2574/8560 2640/2338/8561
f 2641/2337/7706 2896/2593/8562 2877/2574/8563
f 2650/2346/8564 2869/2566/8565 2649/2347/8566
f 2650/2346/8564 2758/2455/8567 2869/2566/8568
f 2896/2593/8562 2774/2472/7890 2895/2592/8092
f 2896/2593/8569 2641/2337/8559 2774/2472/8091
f 2638/2334/7889 2801/2498/8570 2637/2335/8571
f 2638/2334/8572 2775/2471/7891 2801/2498/8573
f 2896/2593/8562 2798/2495/7959 2877/2574/8574
f 2896/2593/8562 2772/2468/8132 2798/2495/8575
f 2770/2467/7880 2771/2469/7816 2766/2462/7875
f 2770/2467/7880 2644/2340/7883 2771/2469/7816
f 2770/2467/8555 2880/2577/8576 2876/2573/8577
f 2770/2467/8555 2764/2461/8578 2880/2577/8576
f 2764/2461/8579 2875/2572/8580 2880/2577/8581
f 2764/2461/8582 2765/2463/8546 2875/2572/8583
f 2645/2342/8584 2766/2462/8088 2777/2473/7831
f 2645/2342/7830 2765/2463/7876 2766/2462/7875
f 2776/2474/8585 2881/2578/8586 2802/2499/8587
f 2776/2474/7980 2763/2460/8588 2881/2578/8589
f 2763/2460/8588 2803/2500/8590 2881/2578/8591
f 2763/2460/8588 2761/2458/8592 2803/2500/8593
f 2758/2455/8594 2762/2459/7801 2760/2456/7798
f 2758/2455/8594 2650/2346/8564 2762/2459/7801
f 2758/2455/7866 2868/2565/8530 2869/2566/8565
f 2758/2455/8595 2759/2457/8531 2868/2565/8596
f 2755/2452/8164 2760/2456/7798 2757/2453/8597
f 2755/2452/8164 2759/2457/8598 2760/2456/8167
f 2755/2452/8099 2773/2470/8599 2867/2564/8600
f 2755/2452/8601 2756/2454/7865 2773/2470/8602
f 2749/2446/8603 2654/2352/8604 2779/2475/7899
f 2749/2446/7994 2653/2350/8605 2654/2352/8604
f 2897/2594/8606 2899/2595/8607 2898/2596/8608
f 2900/2597/8609 2902/2598/8610 2901/2599/8611
f 2897/2594/8612 2904/2600/8613 2903/2601/8614
f 2905/2602/8615 2907/2603/8616 2906/2604/8617
f 2908/2605/8618 2910/2606/8619 2909/2607/8620
f 2911/2608/8621 2913/2609/8622 2912/2610/8623
f 2914/2611/8624 2916/2612/8625 2915/2613/8626
f 2917/2614/8627 2899/2595/8628 2918/2615/8629
f 2919/2616/8630 2921/2617/8631 2920/2618/8632
f 2922/2619/8633 2918/2615/8629 2923/2620/8634
f 2924/2621/8635 2926/2622/8636 2925/2623/8637
f 2927/2624/8638 2929/2625/8639 2928/2626/8640
f 2930/2627/8641 2932/2628/8642 2931/2629/8643
f 2933/2630/8644 2935/2631/8645 2934/2632/8646
f 2936/2633/8647 2938/2634/8648 2937/2635/8649
f 2937/2635/8650 2938/2634/8651 2902/2598/8652
f 2900/2597/8609 2901/2599/8653 2939/2636/8654
f 2940/2637/8655 2942/2638/8656 2941/2639/8657
f 2933/2630/8658 2944/2640/8659 2943/2641/8660
f 2943/2641/8661 2944/2640/8662 2945/2642/8663
f 2946/2643/8664 2947/2644/8665 2932/2628/8642
f 2948/2645/8666 2950/2646/8667 2949/2647/8668
f 2951/2648/8669 2953/2649/8670 2952/2650/8671
f 2949/2647/8672 2950/2646/8673 2954/2651/8674
f 2929/2625/8675 2956/2652/8676 2955/2653/8677
f 2926/2622/8678 2958/2654/8679 2957/2655/8680
f 2959/2656/8681 2924/2621/8682 2960/2657/8683
f 2959/2656/8684 2960/2657/8685 2961/2658/8686
f 2923/2620/8687 2918/2615/8688 2962/2659/8689
f 2917/2614/8690 2961/2658/8691 2960/2657/8692
f 2963/2660/8693 2965/2661/8694 2964/2662/8695
f 2919/2616/8630 2965/2661/8694 2963/2660/8696
f 2966/2663/8697 2920/2618/8632 2921/2617/8698
f 2967/2664/8699 2969/2665/8700 2968/2666/8701
f 2970/2667/8702 2971/2668/8703 2916/2612/8704
f 2972/2669/8705 2971/2668/8706 2970/2667/8707
f 2973/2670/8708 2975/2671/8709 2974/2672/8710
f 2976/2673/8711 2978/2674/8712 2977/2675/8713
f 2979/2676/8714 2975/2671/8715 2973/2670/8716
f 2980/2677/8717 2908/2605/8618 2981/2678/8718
f 2982/2679/8719 2906/2604/8617 2907/2603/8720
f 2983/2680/8721 2905/2602/8722 2984/2681/8723
f 2985/2682/8724 2984/2681/8725 2905/2602/8615
f 2986/2683/8726 2897/2594/8727 2903/2601/8728
f 2985/2682/8729 2898/2596/8730 2984/2681/8723
f 2911/2608/8731 2988/2684/8732 2987/2685/8733
f 2928/2626/8734 2989/2686/8735 2927/2624/8638
f 2928/2626/8734 2990/2687/8736 2989/2686/8737
f 2990/2687/8736 2992/2688/8738 2991/2689/8739
f 2990/2687/8740 2928/2626/8741 2992/2688/8742
f 2993/2690/8743 2995/2691/8744 2994/2692/8745
f 2993/2690/8743 2909/2607/8746 2995/2691/8747
f 2909/2607/8748 2996/2693/8749 2995/2691/8744
f 2909/2607/8750 2910/2606/8751 2996/2693/8749
f 2898/2596/8608 2997/2694/8752 2984/2681/8753
f 2898/2596/8608 2899/2595/8607 2997/2694/8754
f 2902/2598/8610 2998/2695/8755 2937/2635/8756
f 2902/2598/8610 2900/2597/8757 2998/2695/8758
f 2898/2596/8759 2904/2600/8613 2897/2594/8612
f 2898/2596/8730 2985/2682/8729 2904/2600/8613
f 2983/2680/8721 2907/2603/8760 2905/2602/8761
f 2983/2680/8721 2999/2696/8762 2907/2603/8763
f 2980/2677/8764 2910/2606/8619 2908/2605/8618
f 2980/2677/8764 3000/2697/8765 2910/2606/8619
f 2987/2685/8766 2913/2609/8622 2911/2608/8621
f 2987/2685/8766 3001/2698/8767 2913/2609/8622
f 2914/2611/8624 2970/2667/8768 2916/2612/8769
f 2914/2611/8770 3002/2699/8771 2970/2667/8768
f 2917/2614/8772 2997/2694/8754 2899/2595/8773
f 2917/2614/8627 2960/2657/8774 2997/2694/8754
f 2919/2616/8630 3003/2700/8775 2921/2617/8631
f 2919/2616/8630 2963/2660/8696 3003/2700/8776
f 2917/2614/8690 2922/2619/8777 2961/2658/8691
f 2917/2614/8690 2918/2615/8629 2922/2619/8777
f 2959/2656/8681 2926/2622/8636 2924/2621/8778
f 2959/2656/8779 2958/2654/8780 2926/2622/8636
f 2956/2652/8781 2927/2624/8782 3004/2701/8783
f 2956/2652/8676 2929/2625/8639 2927/2624/8782
f 2946/2643/8784 2930/2627/8641 3005/2702/8785
f 2946/2643/8786 2932/2628/8642 2930/2627/8641
f 2943/2641/8787 2935/2631/8788 2933/2630/8644
f 2943/2641/8661 3006/2703/8789 2935/2631/8645
f 3007/2704/8790 2958/2654/8791 2922/2619/8792
f 3007/2704/8790 3008/2705/8793 2958/2654/8791
f 3009/2706/8794 3010/2707/8795 2925/2623/8796
f 3009/2706/8794 3011/2708/8797 3010/2707/8798
f 3011/2708/8799 2928/2626/8800 3010/2707/8798
f 3011/2708/8797 3012/2709/8801 2928/2626/8801
f 3013/2710/8802 3014/2711/8803 3004/2701/8802
f 3013/2710/8798 3015/2712/8804 3014/2711/8805
f 3015/2712/8806 3016/2713/8807 3014/2711/8808
f 3015/2712/8806 3017/2714/8809 3016/2713/8807
f 3017/2714/8810 3018/2715/8811 3016/2713/8812
f 3017/2714/8809 3019/2716/8813 3018/2715/8813
f 3020/2717/8814 3021/2718/8815 3005/2702/8816
f 3020/2717/8814 3022/2719/8817 3021/2718/8815
f 3022/2719/8818 3006/2703/8819 3021/2718/8820
f 3022/2719/8818 3023/2720/8821 3006/2703/8819
f 3024/2721/8822 3026/2722/8823 3025/2723/8824
f 3024/2721/8822 3027/2724/8825 3026/2722/8823
f 3027/2724/8826 3028/2725/8827 3026/2722/8828
f 3027/2724/8826 3029/2726/8829 3028/2725/8827
f 3029/2726/8829 2998/2695/8830 3028/2725/8831
f 3029/2726/8829 3030/2727/8832 2998/2695/8833
f 3031/2728/3333 2965/2661/8834 3032/2729/3333
f 3031/2728/3337 3033/2730/8835 2965/2661/8836
f 3034/2731/8837 2947/2644/8838 2944/2640/8839
f 3034/2731/8837 3035/2732/8840 2947/2644/8841
f 3035/2732/8842 2950/2646/8843 2947/2644/8844
f 3035/2732/8845 3036/2733/8846 2950/2646/8847
f 3036/2733/8846 2955/2653/8848 2950/2646/8667
f 3036/2733/8846 3037/2734/8849 2955/2653/8850
f 3037/2734/8849 3038/2735/8851 2955/2653/8677
f 3037/2734/8852 3039/2736/8853 3038/2735/8851
f 3039/2736/8853 2960/2657/8774 3038/2735/8854
f 3039/2736/8853 2997/2694/8752 2960/2657/8774
f 3034/2731/8855 2942/2638/8856 3040/2737/8857
f 3034/2731/8855 2944/2640/8858 2942/2638/8856
f 3040/2737/8859 2901/2599/8860 3041/2738/8861
f 3040/2737/8859 2942/2638/8856 2901/2599/8860
f 3041/2738/8862 2902/2598/8863 3042/2739/8864
f 3041/2738/8862 2901/2599/8860 2902/2598/8865
f 3031/2728/8866 3044/2740/8867 3043/2741/8868
f 3031/2728/8866 3045/2742/8869 3044/2740/8867
f 3044/2740/8867 3047/2743/8870 3046/2744/8871
f 3044/2740/8867 3045/2742/8872 3047/2743/8870
f 2940/2637/8873 2901/2599/8874 2942/2638/8656
f 2940/2637/8875 2939/2636/8876 2901/2599/8877
f 3025/2723/8878 3049/2745/8879 3048/2746/8880
f 3025/2723/8881 2934/2632/8646 3049/2745/8879
f 3049/2745/8879 3051/2747/8882 3050/2748/8882
f 3049/2745/8879 2934/2632/8883 3051/2747/8739
f 2945/2642/8884 2947/2644/8844 2946/2643/8664
f 2945/2642/8884 2944/2640/8659 2947/2644/8885
f 2931/2629/8886 3053/2749/8886 3052/2750/8886
f 2931/2629/8887 3018/2715/8888 3053/2749/8889
f 2948/2645/8890 2947/2644/8885 2950/2646/8667
f 2948/2645/8890 2932/2628/8891 2947/2644/8885
f 2953/2649/8670 3053/2749/8889 3018/2715/8888
f 2953/2649/8670 2951/2648/8669 3053/2749/8889
f 2954/2651/8892 2955/2653/8677 2956/2652/8676
f 2954/2651/8892 2950/2646/8667 2955/2653/8677
f 2929/2625/8893 3038/2735/8851 3054/2751/8894
f 2929/2625/8893 2955/2653/8677 3038/2735/8851
f 3054/2751/8895 2960/2657/8774 2924/2621/8896
f 3054/2751/8897 3038/2735/8854 2960/2657/8898
f 2941/2639/8657 2944/2640/8659 2933/2630/8658
f 2941/2639/8899 2942/2638/8900 2944/2640/8659
f 2988/2684/8901 3034/2731/8837 2971/2668/8902
f 2988/2684/8901 3035/2732/8903 3034/2731/8837
f 2975/2671/8715 3035/2732/8845 2988/2684/8901
f 2975/2671/8715 3036/2733/8904 3035/2732/8845
f 2981/2678/8905 3036/2733/8846 2975/2671/8715
f 2981/2678/8906 3037/2734/8849 3036/2733/8846
f 3055/2752/8907 3037/2734/8849 2981/2678/8908
f 3055/2752/8907 3039/2736/8853 3037/2734/8849
f 2984/2681/8909 3039/2736/8853 3055/2752/8910
f 2984/2681/8911 2997/2694/8752 3039/2736/8853
f 2969/2665/8912 3034/2731/8913 3040/2737/8859
f 2969/2665/8914 2971/2668/8902 3034/2731/8855
f 2920/2618/8632 3040/2737/8859 3041/2738/8915
f 2920/2618/8632 2969/2665/8912 3040/2737/8859
f 2919/2616/8916 3041/2738/8862 3042/2739/8864
f 2919/2616/8917 2920/2618/8632 3041/2738/8862
f 3056/2753/8918 3031/2728/8866 3043/2741/8919
f 3056/2753/8920 3033/2730/8921 3031/2728/8866
f 3057/2754/8922 3056/2753/8923 3058/2755/8924
f 3057/2754/8925 3033/2730/8926 3056/2753/8927
f 3059/2756/8928 2968/2666/8929 2966/2663/8930
f 3059/2756/8931 3060/2757/8932 2968/2666/8701
f 3061/2758/8933 3063/2759/8934 3062/2760/8935
f 3061/2758/8933 2915/2613/8936 3063/2759/8937
f 3064/2761/8882 3061/2758/8938 3065/2762/8882
f 3064/2761/8882 2915/2613/8939 3061/2758/8938
f 3042/2739/8940 2938/2634/8941 3032/2729/8942
f 3042/2739/8940 2902/2598/8943 2938/2634/8944
f 2988/2684/8732 2972/2669/8945 2987/2685/8946
f 2988/2684/8947 2971/2668/8703 2972/2669/8705
f 3066/2763/8948 2912/2610/8948 3067/2764/8948
f 3066/2763/8949 3068/2765/8950 2912/2610/8951
f 2912/2610/8952 2974/2672/8953 2911/2608/8954
f 2912/2610/8955 3068/2765/8956 2974/2672/8957
f 3066/2763/8958 2978/2674/8959 3068/2765/8950
f 3066/2763/8960 2977/2675/8961 2978/2674/8712
f 2980/2677/8962 3069/2766/8963 3000/2697/8964
f 2980/2677/8965 2979/2676/8966 3069/2766/8963
f 3055/2752/8967 2908/2605/8618 3070/2767/8968
f 3055/2752/8969 2981/2678/8970 2908/2605/8618
f 2983/2680/8971 3071/2768/8972 2999/2696/8973
f 2983/2680/8974 3070/2767/8968 3071/2768/8975
f 2916/2612/8769 3063/2759/8934 2915/2613/8939
f 2916/2612/8769 2967/2664/8976 3063/2759/8934
f 3070/2767/8977 2984/2681/8978 3055/2752/8979
f 3070/2767/8977 2983/2680/8971 2984/2681/8980
f 2985/2682/8981 2906/2604/8982 2904/2600/8983
f 2985/2682/8984 2905/2602/8615 2906/2604/8982
f 3070/2767/8985 2909/2607/8748 3071/2768/8986
f 3070/2767/8968 2908/2605/8987 2909/2607/8988
f 2979/2676/8989 2981/2678/8905 2975/2671/8715
f 2979/2676/8989 2980/2677/8990 2981/2678/8718
f 2979/2676/8991 3072/2769/8992 3069/2766/8963
f 2979/2676/8991 2973/2670/8993 3072/2769/8992
f 2973/2670/8994 3068/2765/8995 3072/2769/8992
f 2973/2670/8996 2974/2672/8997 3068/2765/8956
f 2911/2608/8998 2975/2671/8715 2988/2684/8901
f 2911/2608/8998 2974/2672/8953 2975/2671/8709
f 2987/2685/8999 3073/2770/9000 3001/2698/9001
f 2987/2685/8766 2972/2669/8705 3073/2770/9002
f 2972/2669/9003 3002/2699/9004 3073/2770/9005
f 2972/2669/8705 2970/2667/8768 3002/2699/9006
f 2967/2664/9007 2971/2668/8703 2969/2665/8700
f 2967/2664/9007 2916/2612/8704 2971/2668/8703
f 2967/2664/9008 3060/2757/8932 3063/2759/8934
f 2967/2664/9009 2968/2666/8701 3060/2757/8932
f 2966/2663/9010 2969/2665/9011 2920/2618/8632
f 2966/2663/9010 2968/2666/8701 2969/2665/9012
f 2966/2663/9013 3003/2700/9014 3059/2756/8928
f 2966/2663/9010 2921/2617/9015 3003/2700/8776
f 2959/2656/9016 2922/2619/9017 2958/2654/9018
f 2959/2656/9019 2961/2658/8686 2922/2619/9020
f 3054/2751/9021 2925/2623/8637 3010/2707/9022
f 3054/2751/8894 2924/2621/9023 2925/2623/8637
f 2929/2625/8893 3010/2707/9024 2928/2626/9025
f 2929/2625/8893 3054/2751/8894 3010/2707/9024
f 2954/2651/8892 3004/2701/8783 3014/2711/9026
f 2954/2651/9027 2956/2652/8781 3004/2701/8783
f 2949/2647/9028 3014/2711/9029 3016/2713/9030
f 2949/2647/9028 2954/2651/8674 3014/2711/9029
f 2948/2645/9031 3016/2713/9032 3018/2715/9033
f 2948/2645/9034 2949/2647/9035 3016/2713/9036
f 2932/2628/8642 3018/2715/9037 2931/2629/8643
f 2932/2628/9038 2948/2645/8666 3018/2715/9037
f 2945/2642/8884 3005/2702/9039 3021/2718/9040
f 2945/2642/8663 2946/2643/9041 3005/2702/8785
f 2943/2641/8787 3021/2718/9042 3006/2703/8789
f 2943/2641/9043 2945/2642/9044 3021/2718/9042
f 2941/2639/9045 2934/2632/8646 3025/2723/9046
f 2941/2639/9045 2933/2630/8644 2934/2632/9047
f 2940/2637/8655 3025/2723/9048 3026/2722/9049
f 2940/2637/8655 2941/2639/9050 3025/2723/9051
f 2939/2636/9052 3026/2722/9049 3028/2725/9053
f 2939/2636/9052 2940/2637/9054 3026/2722/9049
f 2900/2597/9055 3028/2725/9056 2998/2695/8758
f 2900/2597/9057 2939/2636/9052 3028/2725/9053
f 3057/2754/9058 3075/2771/9058 3074/2772/9058
f 3057/2754/9059 3058/2755/9060 3075/2771/9061
f 2919/2616/8916 3032/2729/9062 2965/2661/9063
f 2919/2616/8916 3042/2739/9064 3032/2729/9065
f 3076/2773/9066 2927/2624/9067 2989/2686/9068
f 3076/2773/9066 3077/2774/9069 2927/2624/9067
f 3078/2775/9070 2989/2686/9071 2990/2687/9072
f 3078/2775/9070 3076/2773/9066 2989/2686/9071
f 3079/2776/9073 2990/2687/9074 2991/2689/9075
f 3079/2776/9073 3078/2775/9070 2990/2687/9076
f 3080/2777/9077 2991/2689/9078 2992/2688/9077
f 3080/2777/9079 3079/2776/9080 2991/2689/9081
f 3012/2709/9082 2992/2688/9082 2928/2626/9082
f 3012/2709/9083 3080/2777/9083 2992/2688/9083
f 3081/2778/9084 2909/2607/9084 2993/2690/9084
f 3081/2778/9084 3082/2779/9084 2909/2607/9084
f 3083/2780/9085 2993/2690/9086 2994/2692/9087
f 3083/2780/9088 3081/2778/9089 2993/2690/9089
f 3084/2781/9090 2994/2692/9091 2995/2691/9092
f 3084/2781/9093 3083/2780/9094 2994/2692/9095
f 3085/2782/9096 2995/2691/9092 2996/2693/9097
f 3085/2782/9096 3084/2781/9098 2995/2691/9092
f 3086/2783/9099 2996/2693/9097 2910/2606/9100
f 3086/2783/9101 3085/2782/9102 2996/2693/9097
f 3087/2784/9103 2899/2595/6004 2897/2594/9104
f 3087/2784/9103 3088/2785/9105 2899/2595/9105
f 3030/2727/8832 2937/2635/9106 2998/2695/8830
f 3030/2727/8832 3089/2786/9107 2937/2635/9106
f 3090/2787/9108 2903/2601/9109 2904/2600/9110
f 3090/2787/9111 3091/2788/9112 2903/2601/9112
f 3092/2789/9113 2907/2603/9114 2999/2696/9115
f 3092/2789/9113 3093/2790/9116 2907/2603/9114
f 3094/2791/9117 2910/2606/9100 3000/2697/9117
f 3094/2791/9118 3086/2783/9099 2910/2606/9100
f 3095/2792/9119 2912/2610/9120 2913/2609/9121
f 3095/2792/9122 3096/2793/9123 2912/2610/9120
f 3097/2794/9124 2913/2609/9121 3001/2698/9125
f 3097/2794/9124 3095/2792/9126 2913/2609/9127
f 3098/2795/9128 3002/2699/9129 2914/2611/9130
f 3098/2795/9128 3099/2796/9131 3002/2699/9129
f 3100/2797/9132 2914/2611/9133 2915/2613/9132
f 3100/2797/9134 3098/2795/9135 2914/2611/9133
f 3088/2785/6004 2918/2615/9136 2899/2595/6004
f 3088/2785/6004 3101/2798/9137 2918/2615/8688
f 3102/2799/9138 3003/2700/9139 2963/2660/9140
f 3102/2799/9138 3103/2800/9141 3003/2700/9142
f 3104/2801/9143 2922/2619/9144 2923/2620/9143
f 3104/2801/9145 3007/2704/9146 2922/2619/9147
f 3105/2802/9148 2925/2623/9149 2926/2622/9150
f 3105/2802/9151 3009/2706/9152 2925/2623/9153
f 3077/2774/9069 3004/2701/8798 2927/2624/9154
f 3077/2774/9069 3013/2710/8798 3004/2701/8798
f 3106/2803/9155 3005/2702/9156 2930/2627/9157
f 3106/2803/9158 3020/2717/9159 3005/2702/9160
f 3107/2804/9161 2930/2627/9157 2931/2629/9162
f 3107/2804/9163 3106/2803/9164 2930/2627/9157
f 3108/2805/9165 2934/2632/9166 2935/2631/9167
f 3108/2805/9165 3109/2806/9168 2934/2632/9168
f 3023/2720/9169 2935/2631/9170 3006/2703/9171
f 3023/2720/8821 3108/2805/9172 2935/2631/9170
f 3047/2743/9173 2938/2634/9174 2936/2633/9173
f 3047/2743/9175 3045/2742/9176 2938/2634/9177
f 3089/2786/9178 2936/2633/9179 2937/2635/9106
f 3089/2786/9178 3047/2743/9180 2936/2633/9180
f 3110/2807/9181 3025/2723/8824 3048/2746/9182
f 3110/2807/9181 3024/2721/8822 3025/2723/8824
f 3111/2808/9183 3048/2746/9184 3049/2745/9185
f 3111/2808/9183 3110/2807/9181 3048/2746/9184
f 3112/2809/9186 3049/2745/9187 3050/2748/9188
f 3112/2809/9189 3111/2808/9183 3049/2745/9190
f 3113/2810/9191 3050/2748/9192 3051/2747/9193
f 3113/2810/9194 3112/2809/9195 3050/2748/9196
f 3109/2806/9197 3051/2747/9198 2934/2632/9197
f 3109/2806/9199 3113/2810/9200 3051/2747/9193
f 3114/2811/9201 2931/2629/9162 3052/2750/9202
f 3114/2811/9201 3107/2804/9161 2931/2629/9162
f 3115/2812/9203 3052/2750/9204 3053/2749/9205
f 3115/2812/9203 3114/2811/9201 3052/2750/9204
f 3116/2813/9206 2951/2648/9207 2952/2650/9206
f 3116/2813/9208 3117/2814/9209 2951/2648/9207
f 3118/2815/9210 2952/2650/9211 2953/2649/9212
f 3118/2815/9213 3116/2813/9214 2952/2650/9214
f 3019/2716/9215 2953/2649/9216 3018/2715/9215
f 3019/2716/9217 3118/2815/9218 2953/2649/9216
f 3117/2814/9219 3053/2749/9220 2951/2648/9221
f 3117/2814/9219 3115/2812/9222 3053/2749/9205
f 3119/2816/9223 2926/2622/9150 2957/2655/9224
f 3119/2816/9225 3105/2802/9151 2926/2622/9226
f 3008/2705/9227 2957/2655/9228 2958/2654/9229
f 3008/2705/9230 3119/2816/9231 2957/2655/9232
f 3120/2817/9233 2923/2620/9234 2962/2659/9235
f 3120/2817/9236 3104/2801/9237 2923/2620/9237
f 3101/2798/9238 2962/2659/9239 2918/2615/8688
f 3101/2798/9137 3120/2817/9240 2962/2659/9239
f 3057/2754/9241 2963/2660/9140 2964/2662/9241
f 3057/2754/9242 3102/2799/9138 2963/2660/9140
f 3033/2730/8835 2964/2662/9243 2965/2661/8836
f 3033/2730/8835 3057/2754/9244 2964/2662/9244
f 3121/2818/9245 3060/2757/9246 3059/2756/9247
f 3121/2818/9245 3122/2819/9248 3060/2757/9246
f 3123/2820/9249 3061/2758/9250 3062/2760/9251
f 3123/2820/9252 3124/2821/9253 3061/2758/9250
f 3125/2822/9254 3062/2760/9251 3063/2759/9255
f 3125/2822/9254 3123/2820/9252 3062/2760/9251
f 3126/2823/9256 2915/2613/9257 3064/2761/9258
f 3126/2823/9259 3100/2797/9260 2915/2613/9260
f 3127/2824/9261 3064/2761/9262 3065/2762/9263
f 3127/2824/9264 3126/2823/9256 3064/2761/9265
f 3124/2821/9266 3065/2762/9267 3061/2758/9268
f 3124/2821/9269 3127/2824/9270 3065/2762/9267
f 3045/2742/9271 3032/2729/3328 2938/2634/9272
f 3045/2742/9271 3031/2728/3357 3032/2729/3357
f 3128/2825/9273 3066/2763/9274 3067/2764/9275
f 3128/2825/9273 3129/2826/9276 3066/2763/9274
f 3096/2793/9123 3067/2764/9275 2912/2610/9277
f 3096/2793/9123 3128/2825/9273 3067/2764/9278
f 3130/2827/9279 2978/2674/9280 2976/2673/9279
f 3130/2827/9281 3131/2828/9282 2978/2674/9283
f 3132/2829/9284 2976/2673/9285 2977/2675/9286
f 3132/2829/9284 3130/2827/9287 2976/2673/9287
f 3129/2826/9288 2977/2675/9286 3066/2763/9289
f 3129/2826/9290 3132/2829/9291 2977/2675/9286
f 3131/2828/9292 3068/2765/9293 2978/2674/9294
f 3131/2828/9292 3133/2830/9295 3068/2765/9295
f 3134/2831/9296 3000/2697/9297 3069/2766/9298
f 3134/2831/9299 3094/2791/9117 3000/2697/9117
f 3135/2832/9118 2999/2696/9300 3071/2768/9301
f 3135/2832/9118 3092/2789/9113 2999/2696/9300
f 3136/2833/9302 2906/2604/9303 2982/2679/9304
f 3136/2833/9302 3137/2834/9305 2906/2604/9303
f 3093/2790/9306 2982/2679/9307 2907/2603/9308
f 3093/2790/9306 3136/2833/9309 2982/2679/9307
f 3138/2835/9310 2897/2594/9104 2986/2683/9311
f 3138/2835/9312 3087/2784/9313 2897/2594/9314
f 3091/2788/9315 2986/2683/9316 2903/2601/9315
f 3091/2788/9317 3138/2835/9318 2986/2683/9311
f 3137/2834/9319 2904/2600/9320 2906/2604/9321
f 3137/2834/9319 3090/2787/9322 2904/2600/9323
f 3082/2779/9324 3071/2768/9325 2909/2607/9324
f 3082/2779/9324 3135/2832/9118 3071/2768/9301
f 3139/2836/9326 3069/2766/9298 3072/2769/9327
f 3139/2836/9326 3134/2831/9299 3069/2766/9298
f 3133/2830/9328 3072/2769/9327 3068/2765/9328
f 3133/2830/9329 3139/2836/9326 3072/2769/9327
f 3140/2837/9330 3001/2698/9331 3073/2770/9332
f 3140/2837/9330 3097/2794/9124 3001/2698/9331
f 3099/2796/9333 3073/2770/9334 3002/2699/9129
f 3099/2796/9131 3140/2837/9335 3073/2770/9336
f 3122/2819/9248 3063/2759/9255 3060/2757/9337
f 3122/2819/9248 3125/2822/9338 3063/2759/9255
f 3103/2800/9339 3059/2756/9247 3003/2700/9139
f 3103/2800/9339 3121/2818/9245 3059/2756/9247
usemtl mat0.984
f 245/245/733 247/246/734 246/247/735
f 248/248/736 250/246/737 249/247/738
f 251/249/739 253/250/740 252/251/741
f 249/247/742 250/246/743 254/245/744
f 255/252/745 257/253/746 256/254/747
f 258/255/748 252/251/741 259/256/749
f 260/257/750 256/254/747 257/253/751
f 246/247/752 247/246/753 261/248/754
f 262/258/755 251/249/739 252/251/756
f 263/259/757 262/258/758 252/251/741
f 264/260/759 263/259/760 252/251/741
f 265/261/761 259/256/749 252/251/741
f 266/261/762 265/261/761 252/251/763
f 267/256/764 266/261/765 252/251/741
f 268/255/766 267/256/764 252/251/741
f 269/262/767 268/255/768 252/251/741
f 270/263/769 269/262/770 252/251/741
f 271/262/771 272/263/772 252/251/741
f 272/263/773 273/250/774 252/251/741
f 274/264/775 275/265/776 252/251/777
f 276/266/778 274/264/779 252/251/780
f 277/264/781 276/266/782 252/251/783
f 278/265/784 277/264/785 252/251/777
f 279/267/786 278/265/784 252/251/777
f 280/260/787 279/267/786 252/251/788
f 281/259/789 280/260/790 252/251/788
f 253/250/740 270/263/769 252/251/791
f 282/267/792 264/260/759 252/251/793
f 283/258/794 281/259/795 252/251/788
f 284/249/796 283/258/794 252/251/791
f 275/265/776 282/267/792 252/251/783
f 273/250/797 284/249/798 252/251/788
f 258/255/748 271/262/771 252/251/793
f 285/268/799 287/269/800 286/270/801
f 285/268/802 288/271/803 287/269/800
f 286/270/804 290/272/805 289/273/806
f 286/270/804 287/269/807 290/272/808
f 291/274/809 293/275/810 292/275/811
f 291/274/812 294/274/813 293/275/810
f 295/276/814 293/275/810 296/275/815
f 295/276/814 297/276/816 293/275/810
f 298/277/817 297/276/818 295/276/819
f 298/277/817 299/277/820 297/276/818
f 300/278/821 302/279/822 301/279/823
f 300/278/821 303/278/824 302/279/825
f 304/280/826 289/273/806 290/272/827
f 304/280/826 305/281/828 289/273/806
f 305/281/829 307/282/830 306/283/831
f 305/281/832 304/280/833 307/282/830
f 306/283/834 309/284/835 308/285/836
f 306/283/834 307/282/837 309/284/835
f 308/285/836 311/286/838 310/287/839
f 308/285/840 309/284/841 311/286/838
f 310/287/842 313/288/843 312/289/844
f 310/287/839 311/286/838 313/288/843
f 312/289/845 315/290/846 314/291/847
f 312/289/844 313/288/848 315/290/846
f 316/292/849 318/293/850 317/293/851
f 316/292/852 319/294/853 318/293/854
f 320/278/855 322/295/856 321/295/857
f 320/278/855 303/278/824 322/295/858
f 323/296/859 325/297/860 324/297/861
f 323/296/859 326/296/862 325/297/863
f 327/298/864 329/299/865 328/299/866
f 327/298/867 330/298/868 329/299/865
f 331/300/869 326/296/862 323/296/870
f 331/300/869 332/300/871 326/296/872
f 333/274/873 329/299/874 334/299/875
f 333/274/873 294/274/813 329/299/874
f 324/297/876 336/301/877 335/301/878
f 324/297/879 325/297/863 336/301/877
f 301/279/880 330/298/868 327/298/864
f 301/279/823 302/279/822 330/298/868
f 337/277/881 336/301/877 338/301/882
f 337/277/881 299/277/883 336/301/877
f 339/302/884 341/303/885 340/304/886
f 339/302/884 254/245/887 341/303/885
f 342/305/888 344/306/889 343/307/890
f 342/305/891 345/308/892 344/306/889
f 346/309/893 348/310/894 347/311/895
f 346/309/893 349/312/896 348/310/894
f 350/313/897 352/314/898 351/315/899
f 350/313/897 353/316/900 352/314/898
f 354/292/901 356/317/902 355/293/903
f 354/292/901 357/318/904 356/317/902
f 347/311/905 357/318/906 346/309/907
f 347/311/908 356/317/909 357/318/906
f 355/293/903 359/319/910 358/300/911
f 355/293/903 356/317/909 359/319/910
f 360/320/912 362/321/913 361/322/914
f 360/320/915 363/323/916 362/321/913
f 364/324/917 353/316/900 350/313/918
f 364/324/919 365/325/920 353/316/900
f 366/317/921 368/309/922 367/318/923
f 366/317/921 369/311/924 368/309/925
f 317/293/926 367/318/923 316/292/927
f 317/293/926 366/317/928 367/318/929
f 369/311/930 370/312/931 368/309/932
f 369/311/933 371/310/934 370/312/935
f 371/310/934 372/268/936 370/312/935
f 371/310/934 373/326/937 372/268/938
f 374/327/939 364/324/919 375/328/940
f 374/327/939 376/329/941 364/324/919
f 347/311/905 378/330/942 377/331/943
f 347/311/905 348/310/944 378/330/945
f 289/273/946 360/320/947 286/270/948
f 289/273/949 363/323/950 360/320/951
f 379/332/952 381/333/953 380/334/954
f 379/332/952 382/335/955 381/333/956
f 300/278/957 384/336/958 383/295/959
f 300/278/960 385/337/961 384/336/958
f 377/331/962 356/317/909 347/311/963
f 377/331/962 359/319/910 356/317/909
f 351/315/899 386/338/964 345/308/965
f 351/315/899 352/314/966 386/338/964
f 379/332/952 342/305/967 387/339/968
f 379/332/969 388/340/970 342/305/971
f 377/331/972 390/341/973 389/342/974
f 377/331/972 378/330/942 390/341/973
f 388/340/975 345/308/976 342/305/891
f 388/340/975 351/315/977 345/308/892
f 358/300/911 392/343/978 391/296/979
f 358/300/911 359/319/910 392/343/980
f 389/342/981 359/319/910 377/331/962
f 389/342/981 392/343/982 359/319/910
f 393/344/983 374/327/984 394/345/985
f 393/344/986 395/346/987 374/327/939
f 396/347/988 398/348/989 397/349/990
f 396/347/991 399/350/992 398/348/989
f 395/346/993 376/329/994 374/327/939
f 395/346/993 400/351/995 376/329/996
f 401/326/997 361/322/998 402/352/999
f 401/326/997 360/320/915 361/322/914
f 391/296/1000 404/353/1001 403/297/1002
f 391/296/1000 392/343/978 404/353/1003
f 405/354/1004 406/355/1005 394/345/985
f 405/354/1006 407/356/1007 406/355/1005
f 408/357/1008 410/358/1009 409/359/1010
f 408/357/1011 411/360/1012 410/358/1009
f 412/361/1013 414/362/1014 413/363/1015
f 412/361/1016 341/303/1017 414/362/1014
f 343/307/890 416/364/1018 415/365/1019
f 343/307/1020 344/306/889 416/364/1018
f 357/318/1021 418/366/1022 417/367/1023
f 357/318/1021 354/292/1024 418/366/1022
f 419/368/1025 353/316/900 420/369/1026
f 419/368/1027 352/314/898 353/316/900
f 421/370/1028 392/343/1029 389/342/981
f 421/370/1030 404/353/1003 392/343/1029
f 389/342/974 422/371/1031 421/370/1032
f 389/342/974 390/341/1033 422/371/1034
f 383/295/959 424/372/1035 423/373/1036
f 383/295/1037 384/336/958 424/372/1038
f 425/374/1039 426/375/1040 387/339/1041
f 425/374/1039 427/376/1042 426/375/1043
f 403/297/1002 428/377/1044 338/301/1045
f 403/297/1046 404/353/1003 428/377/1044
f 387/339/1047 343/307/1048 425/374/1049
f 387/339/968 342/305/967 343/307/1048
f 402/352/999 430/378/1050 429/379/1051
f 402/352/999 361/322/914 430/378/1050
f 422/371/1052 400/351/1053 395/346/993
f 422/371/1054 431/380/1055 400/351/995
f 393/344/986 404/353/1003 421/370/1030
f 393/344/1056 428/377/1057 404/353/1003
f 432/381/1058 434/382/1059 433/383/1060
f 432/381/1061 435/384/1062 434/382/1063
f 292/275/1064 382/335/955 291/274/1065
f 292/275/1066 381/333/956 382/335/1067
f 394/345/985 428/377/1057 393/344/1068
f 394/345/1069 406/355/1005 428/377/1057
f 436/385/1070 351/315/899 388/340/975
f 436/385/1070 350/313/1071 351/315/1072
f 421/370/1032 395/346/987 393/344/983
f 421/370/1032 422/371/1031 395/346/993
f 345/308/892 437/386/1073 344/306/889
f 345/308/965 386/338/964 437/386/1073
f 338/301/1045 406/355/1074 337/277/1075
f 338/301/1076 428/377/1057 406/355/1077
f 438/387/1078 363/323/1079 439/388/1080
f 438/387/1081 362/321/1082 363/323/1079
f 429/379/1083 440/389/1084 431/380/1085
f 429/379/1086 430/378/1050 440/389/1084
f 440/389/1084 441/390/1087 408/357/1088
f 440/389/1084 430/378/1050 441/390/1087
f 370/312/1089 442/391/1090 368/309/1091
f 370/312/1089 443/392/1092 442/391/1090
f 327/298/1093 444/393/1094 301/279/1095
f 327/298/1096 427/376/1097 444/393/1094
f 445/394/1098 447/395/1099 446/396/1100
f 445/394/1101 448/397/1102 447/395/1103
f 339/302/884 249/247/1104 254/245/887
f 339/302/884 449/398/1105 249/247/742
f 450/399/1106 305/281/1107 306/283/1108
f 450/399/1106 439/388/1109 305/281/1107
f 409/359/1110 452/400/1111 451/401/1112
f 409/359/1110 410/358/1009 452/400/1111
f 435/384/1062 340/304/1113 434/382/1063
f 435/384/1114 339/302/1115 340/304/886
f 344/306/889 433/383/1116 416/364/1117
f 344/306/889 437/386/1073 433/383/1118
f 397/349/1119 454/402/1120 453/403/1121
f 397/349/1122 398/348/1123 454/402/1120
f 455/404/1124 412/361/1125 456/405/1126
f 455/404/1124 457/406/1127 412/361/1016
f 394/345/985 375/328/940 405/354/1128
f 394/345/985 374/327/939 375/328/1129
f 380/334/1130 407/356/1007 405/354/1131
f 380/334/1132 381/333/1133 407/356/1007
f 337/277/1075 407/356/1134 458/276/1135
f 337/277/1136 406/355/1005 407/356/1137
f 411/360/1138 459/407/1139 410/358/1140
f 411/360/1138 460/408/1141 459/407/1142
f 461/409/1143 462/410/1144 420/369/1145
f 461/409/1146 463/411/1147 462/410/1144
f 419/368/1148 465/412/1149 464/413/1150
f 419/368/1148 466/414/1151 465/412/1149
f 466/414/1152 467/415/1153 465/412/1154
f 466/414/1155 468/416/1156 467/415/1153
f 464/413/1157 352/314/1158 419/368/1025
f 464/413/1159 386/338/1160 352/314/1158
f 453/403/1161 470/348/1162 469/349/1163
f 453/403/1164 454/402/1120 470/348/1165
f 415/365/1166 472/417/1167 471/418/1168
f 415/365/1169 416/364/1170 472/417/1167
f 473/419/1171 475/420/1172 474/421/1173
f 473/419/1171 456/405/1174 475/420/1175
f 476/422/1176 471/418/1177 477/423/1178
f 476/422/1176 415/365/1179 471/418/1177
f 387/339/1047 382/335/955 379/332/952
f 387/339/1180 426/375/1043 382/335/955
f 349/312/1181 401/326/997 348/310/1182
f 349/312/1181 285/268/1183 401/326/997
f 408/357/1184 478/424/1185 440/389/1084
f 408/357/1186 409/359/1187 478/424/1188
f 476/422/1189 427/376/1042 425/374/1039
f 476/422/1190 444/393/1094 427/376/1042
f 400/351/1191 479/425/1192 376/329/1193
f 400/351/1191 478/424/1188 479/425/1194
f 285/268/1195 360/320/951 401/326/997
f 285/268/1183 286/270/1196 360/320/1197
f 405/354/1128 436/385/1198 380/334/1199
f 405/354/1128 375/328/940 436/385/1198
f 462/410/1200 468/416/1201 466/414/1202
f 462/410/1200 480/426/1203 468/416/1204
f 420/369/1205 466/414/1206 419/368/1148
f 420/369/1205 462/410/1144 466/414/1207
f 446/396/1208 482/427/1209 481/428/1210
f 446/396/1100 447/395/1211 482/427/1212
f 483/429/1213 246/247/1214 261/248/1215
f 483/429/1216 484/398/1217 246/247/1218
f 485/288/1219 487/291/1220 486/290/1221
f 485/288/1219 488/289/1222 487/291/1223
f 458/276/1135 381/333/956 292/275/1224
f 458/276/1225 407/356/1134 381/333/956
f 390/341/1226 431/380/1055 422/371/1054
f 390/341/1033 429/379/1086 431/380/1227
f 430/378/1050 362/321/913 441/390/1087
f 430/378/1050 361/322/914 362/321/913
f 477/423/1228 444/393/1094 476/422/1190
f 477/423/1228 385/337/1229 444/393/1094
f 291/274/1230 426/375/1231 328/299/1232
f 291/274/1065 382/335/1067 426/375/1231
f 471/418/1168 457/406/1233 455/404/1234
f 471/418/1177 472/417/1167 457/406/1233
f 489/430/1235 386/338/1160 464/413/1157
f 489/430/1235 437/386/1073 386/338/1160
f 416/364/1236 434/382/1059 472/417/1167
f 416/364/1236 433/383/1118 434/382/1237
f 472/417/1167 340/304/1113 457/406/1233
f 472/417/1167 434/382/1059 340/304/1113
f 490/431/1238 456/405/1239 473/419/1240
f 490/431/1241 455/404/1242 456/405/1243
f 490/431/1244 385/337/961 477/423/1228
f 490/431/1244 384/336/1245 385/337/961
f 481/428/1210 491/429/1246 449/398/1247
f 481/428/1210 482/427/1209 491/429/1248
f 435/384/1114 449/398/1249 339/302/1250
f 435/384/1251 481/428/1252 449/398/1249
f 378/330/1253 429/379/1254 390/341/1033
f 378/330/1253 402/352/999 429/379/1051
f 451/401/1255 478/424/1188 409/359/1256
f 451/401/1257 479/425/1194 478/424/1188
f 431/380/1085 478/424/1188 400/351/995
f 431/380/1055 440/389/1084 478/424/1188
f 328/299/1232 427/376/1258 327/298/1096
f 328/299/1232 426/375/1040 427/376/1097
f 367/318/1259 442/391/1090 492/367/1260
f 367/318/1259 368/309/1091 442/391/1090
f 380/334/1199 388/340/975 379/332/952
f 380/334/1199 436/385/1198 388/340/970
f 248/248/736 449/398/1247 491/429/1261
f 248/248/1262 249/247/1263 449/398/1264
f 493/427/1265 484/398/1217 483/429/1216
f 493/427/1265 494/428/1266 484/398/1217
f 289/273/1267 439/388/1080 363/323/1079
f 289/273/1267 305/281/828 439/388/1268
f 495/432/1269 497/433/1270 496/322/1271
f 495/432/1269 498/390/1272 497/433/1273
f 499/434/1274 460/408/1141 411/360/1275
f 499/434/1276 500/435/1277 460/408/1141
f 501/357/1278 502/434/1279 498/390/1280
f 501/357/1281 503/360/1282 502/434/1283
f 465/412/1154 448/397/1102 445/394/1284
f 465/412/1154 467/415/1153 448/397/1102
f 432/381/1285 481/428/1286 435/384/1251
f 432/381/1287 446/396/1100 481/428/1252
f 410/358/1288 504/436/1289 452/400/1290
f 410/358/1140 459/407/1139 504/436/1289
f 501/357/1278 505/358/1291 503/360/1282
f 501/357/1278 506/359/1292 505/358/1291
f 480/426/1203 463/411/1293 507/437/1294
f 480/426/1203 462/410/1200 463/411/1295
f 452/400/1296 507/437/1297 463/411/1298
f 452/400/1296 504/436/1289 507/437/1299
f 508/325/1300 510/401/1301 509/425/1302
f 508/325/1300 511/438/1303 510/401/1301
f 355/293/1304 332/300/1305 318/293/1306
f 355/293/1304 358/300/1307 332/300/871
f 512/373/1308 322/295/1309 513/439/1310
f 512/373/1311 321/295/857 322/295/858
f 317/293/1312 332/300/871 331/300/1313
f 317/293/1312 318/293/850 332/300/871
f 423/373/1314 322/295/1315 383/295/1316
f 423/373/1317 513/439/1318 322/295/1319
f 354/292/1320 318/293/1321 319/294/1322
f 354/292/1320 355/293/1304 318/293/1306
f 300/278/821 322/295/1315 303/278/824
f 300/278/821 383/295/1316 322/295/858
f 391/296/1323 325/297/860 326/296/862
f 391/296/1323 403/297/1324 325/297/860
f 514/298/1325 329/299/865 330/298/868
f 514/298/1325 334/299/875 329/299/865
f 358/300/1326 326/296/1327 332/300/1328
f 358/300/911 391/296/1323 326/296/1329
f 291/274/812 329/299/874 294/274/813
f 291/274/812 328/299/866 329/299/874
f 403/297/1324 336/301/877 325/297/863
f 403/297/1324 338/301/1330 336/301/877
f 515/279/1331 330/298/868 302/279/822
f 515/279/1331 514/298/1325 330/298/868
f 298/277/1332 336/301/877 299/277/883
f 298/277/817 335/301/878 336/301/877
f 333/274/873 293/275/810 294/274/813
f 333/274/873 296/275/1333 293/275/810
f 458/276/1334 293/275/1335 297/276/816
f 458/276/1334 292/275/1336 293/275/1335
f 337/277/881 297/276/818 299/277/820
f 337/277/881 458/276/1337 297/276/818
f 320/278/855 302/279/825 303/278/824
f 320/278/1338 515/279/1331 302/279/825
f 516/332/1339 518/385/1340 517/334/1341
f 516/332/1342 519/340/1343 518/385/1344
f 520/330/1345 373/326/1346 371/310/934
f 520/330/1345 521/352/1347 373/326/1346
f 353/316/1348 461/409/1349 420/369/1026
f 353/316/1350 365/325/1351 461/409/1349
f 522/440/1352 524/441/1353 523/399/1354
f 522/440/1352 525/442/1355 524/441/1356
f 334/299/1357 526/335/1358 333/274/1359
f 334/299/1357 527/375/1360 526/335/1358
f 528/319/1361 369/311/924 366/317/921
f 528/319/1362 529/331/1363 369/311/1364
f 530/376/1365 531/339/1366 527/375/1360
f 530/376/1367 532/374/1368 531/339/1366
f 533/342/1369 520/330/1370 529/331/1363
f 533/342/1371 534/341/1372 520/330/1370
f 535/443/1373 453/403/1374 536/444/1375
f 535/443/1376 397/349/1377 453/403/1374
f 537/445/1378 539/446/1379 538/447/1380
f 537/445/1381 540/448/1382 539/446/1379
f 541/449/1383 543/450/1384 542/451/1385
f 541/449/1383 544/452/1386 543/450/1387
f 543/450/1388 545/347/1389 487/291/1390
f 543/450/1388 546/453/1391 545/347/1389
f 547/454/1392 540/448/1393 548/455/1394
f 547/454/1395 539/446/1396 540/448/1397
f 496/322/1398 550/456/1399 549/320/1400
f 496/322/1271 497/433/1401 550/456/1402
f 469/349/1403 546/453/1404 551/443/1405
f 469/349/1403 545/347/1406 546/453/1407
f 502/434/1283 497/433/1270 498/390/1280
f 502/434/1408 552/457/1409 497/433/1270
f 553/458/1410 555/459/1411 554/460/1412
f 553/458/1413 556/461/1414 555/459/1415
f 551/443/1416 558/462/1417 557/463/1418
f 551/443/1405 546/453/1404 558/462/1417
f 559/389/1419 498/390/1272 495/432/1420
f 559/389/1421 501/357/1422 498/390/1272
f 548/455/1423 560/464/1424 547/454/1395
f 548/455/1423 561/465/1425 560/464/1424
f 562/435/1426 525/442/1355 522/440/1352
f 562/435/1426 563/466/1427 525/442/1428
f 564/424/1429 501/357/1422 559/389/1421
f 564/424/1429 506/359/1430 501/357/1422
f 565/467/1431 567/468/1432 566/469/1433
f 565/467/1434 568/470/1435 567/468/1432
f 569/471/1436 539/446/1437 547/454/1395
f 569/471/1436 570/472/1438 539/446/1439
f 544/452/1440 546/453/1404 543/450/1388
f 544/452/1440 558/462/1417 546/453/1441
f 547/454/1395 571/473/1442 569/471/1443
f 547/454/1395 560/464/1424 571/473/1442
f 557/463/1418 573/474/1444 572/475/1445
f 557/463/1418 558/462/1417 573/474/1444
f 574/476/1446 558/462/1447 544/452/1440
f 574/476/1448 573/474/1449 558/462/1417
f 575/477/1450 577/478/1451 576/479/1452
f 575/477/1450 578/480/1453 577/478/1451
f 579/481/1454 581/482/1455 580/483/1456
f 579/481/1454 582/257/1457 581/482/1458
f 583/388/1459 522/440/1460 523/399/1461
f 583/388/1459 552/457/1462 522/440/1463
f 584/408/1464 563/466/1465 562/435/1466
f 584/408/1464 585/484/1467 563/466/1465
f 586/407/1468 585/484/1469 584/408/1464
f 586/407/1470 587/485/1471 585/484/1467
f 571/473/1442 589/486/1472 588/487/1473
f 571/473/1442 590/488/1474 589/486/1472
f 572/475/1445 592/489/1475 591/490/1476
f 572/475/1445 573/474/1477 592/489/1475
f 593/491/1478 595/492/1479 594/493/1480
f 593/491/1478 596/494/1481 595/492/1479
f 597/495/1482 570/472/1438 569/471/1436
f 597/495/1483 598/496/1484 570/472/1438
f 569/471/1436 588/487/1473 597/495/1482
f 569/471/1443 571/473/1442 588/487/1473
f 599/436/1485 587/485/1486 586/407/1468
f 599/436/1487 600/497/1488 587/485/1489
f 591/490/1490 602/498/1491 601/499/1492
f 591/490/1490 592/489/1475 602/498/1493
f 603/500/1494 578/480/1495 575/477/1450
f 603/500/1496 604/501/1497 578/480/1498
f 605/502/1499 573/474/1449 574/476/1448
f 605/502/1499 592/489/1475 573/474/1477
f 563/466/1465 606/503/1500 525/442/1428
f 563/466/1465 607/504/1501 606/503/1502
f 597/495/1503 609/253/1504 608/505/1505
f 597/495/1506 588/487/1473 609/253/1504
f 610/437/1507 600/497/1488 599/436/1487
f 610/437/1507 594/493/1480 600/497/1488
f 611/506/1508 544/452/1509 541/449/1383
f 611/506/1508 574/476/1510 544/452/1509
f 601/499/1492 555/459/1411 612/507/1511
f 601/499/1492 602/498/1493 555/459/1411
f 588/487/1512 613/252/1513 609/253/1504
f 588/487/1514 589/486/1472 613/252/1515
f 585/484/1516 607/504/1501 563/466/1465
f 585/484/1467 604/501/1517 607/504/1501
f 611/506/1518 604/501/1497 603/500/1494
f 611/506/1519 607/504/1520 604/501/1521
f 614/426/1522 594/493/1523 610/437/1507
f 614/426/1522 593/491/1478 594/493/1524
f 612/507/1525 556/461/1526 615/508/1527
f 612/507/1511 555/459/1415 556/461/1414
f 541/449/1383 607/504/1528 611/506/1508
f 541/449/1383 606/503/1529 607/504/1530
f 616/509/1531 592/489/1532 605/502/1499
f 616/509/1533 602/498/1491 592/489/1532
f 587/485/1534 604/501/1517 585/484/1535
f 587/485/1534 578/480/1498 604/501/1536
f 608/505/1505 582/257/1457 579/481/1454
f 608/505/1505 609/253/1504 582/257/1457
f 617/416/1537 593/491/1538 614/426/1522
f 617/416/1539 618/510/1540 593/491/1541
f 615/508/1542 620/511/1543 619/512/1544
f 615/508/1542 556/461/1545 620/511/1546
f 538/447/1547 570/472/1548 621/513/1549
f 538/447/1547 539/446/1437 570/472/1548
f 608/505/1550 598/496/1484 597/495/1483
f 608/505/1505 622/514/1551 598/496/1484
f 554/460/1552 602/498/1491 616/509/1533
f 554/460/1553 555/459/1411 602/498/1491
f 619/512/1554 624/515/1555 623/516/1556
f 619/512/1544 620/511/1543 624/515/1557
f 625/415/1558 618/510/1559 617/416/1539
f 625/415/1558 566/469/1433 618/510/1540
f 603/500/1494 574/476/1510 611/506/1508
f 603/500/1560 605/502/1561 574/476/1510
f 580/483/1456 627/517/1562 626/518/1563
f 580/483/1456 581/482/1564 627/517/1565
f 541/449/1383 628/519/1566 606/503/1567
f 541/449/1383 542/451/1568 628/519/1569
f 629/520/1570 556/461/1414 553/458/1571
f 629/520/1570 620/511/1572 556/461/1573
f 600/497/1574 578/480/1498 587/485/1534
f 600/497/1574 577/478/1575 578/480/1498
f 630/397/1576 566/469/1433 625/415/1577
f 630/397/1576 565/467/1578 566/469/1433
f 594/493/1523 577/478/1575 600/497/1574
f 594/493/1480 595/492/1479 577/478/1575
f 623/516/1556 632/521/1579 631/522/1580
f 623/516/1581 624/515/1582 632/521/1583
f 626/518/1563 629/520/1584 633/523/1585
f 626/518/1563 627/517/1586 629/520/1584
f 627/517/1587 620/511/1572 629/520/1570
f 627/517/1588 624/515/1557 620/511/1572
f 579/481/1454 622/514/1551 608/505/1505
f 579/481/1589 568/470/1435 622/514/1551
f 631/522/1580 635/254/1590 634/524/1591
f 631/522/1580 632/521/1583 635/254/1590
f 636/395/1592 565/467/1431 630/397/1576
f 636/395/1592 637/525/1593 565/467/1431
f 580/483/1594 568/470/1435 579/481/1595
f 580/483/1594 567/468/1596 568/470/1435
f 581/482/1597 624/515/1557 627/517/1587
f 581/482/1597 632/521/1579 624/515/1557
f 634/524/1598 613/252/1599 638/526/1600
f 634/524/1591 635/254/1601 613/252/1599
f 618/510/1540 596/494/1481 593/491/1478
f 618/510/1540 639/527/1602 596/494/1481
f 633/523/1603 553/458/1410 640/528/1604
f 633/523/1603 629/520/1584 553/458/1410
f 493/427/1605 637/525/1593 636/395/1592
f 493/427/1605 641/529/1606 637/525/1593
f 640/528/1607 554/460/1553 576/479/1608
f 640/528/1609 553/458/1410 554/460/1610
f 582/257/1611 632/521/1579 581/482/1597
f 582/257/1612 635/254/1613 632/521/1579
f 489/430/1235 433/383/1060 437/386/1614
f 489/430/1235 432/381/1058 433/383/1060
f 348/310/1615 402/352/999 378/330/1253
f 348/310/1182 401/326/997 402/352/999
f 301/279/1616 385/337/961 300/278/1617
f 301/279/1095 444/393/1094 385/337/961
f 483/429/1618 641/529/1606 493/427/1605
f 483/429/1619 621/513/1620 641/529/1621
f 473/419/1622 384/336/958 490/431/1244
f 473/419/1623 424/372/1624 384/336/958
f 642/526/1625 256/254/1626 643/524/1627
f 642/526/1628 255/252/1629 256/254/747
f 566/469/1433 639/527/1630 618/510/1540
f 566/469/1433 567/468/1432 639/527/1631
f 609/253/1632 635/254/1613 582/257/1633
f 609/253/1634 613/252/1513 635/254/1590
f 638/526/1600 589/486/1635 644/530/1636
f 638/526/1600 613/252/1599 589/486/1472
f 261/248/1637 621/513/1620 483/429/1619
f 261/248/1638 538/447/1639 621/513/1620
f 626/518/1640 567/468/1641 580/483/1594
f 626/518/1640 639/527/1631 567/468/1641
f 637/525/1593 568/470/1642 565/467/1434
f 637/525/1593 622/514/1643 568/470/1435
f 576/479/1644 616/509/1645 575/477/1450
f 576/479/1452 554/460/1610 616/509/1533
f 633/523/1646 639/527/1647 626/518/1640
f 633/523/1646 596/494/1648 639/527/1647
f 641/529/1649 622/514/1643 637/525/1650
f 641/529/1649 598/496/1484 622/514/1643
f 640/528/1651 596/494/1648 633/523/1646
f 640/528/1651 595/492/1479 596/494/1648
f 247/246/1652 538/447/1639 261/248/1653
f 247/246/1652 537/445/1381 538/447/1639
f 644/530/1654 590/488/1474 645/531/1655
f 644/530/1636 589/486/1635 590/488/1656
f 560/464/1657 590/488/1658 571/473/1442
f 560/464/1657 646/532/1659 590/488/1474
f 575/477/1660 605/502/1561 603/500/1494
f 575/477/1660 616/509/1533 605/502/1561
f 621/513/1549 598/496/1661 641/529/1649
f 621/513/1549 570/472/1548 598/496/1484
f 576/479/1662 595/492/1479 640/528/1607
f 576/479/1663 577/478/1451 595/492/1479
f 636/395/1664 494/428/1266 493/427/1265
f 636/395/1664 647/396/1665 494/428/1666
f 648/430/1667 650/412/1668 649/413/1669
f 648/430/1667 651/394/1670 650/412/1668
f 510/401/1671 505/358/1672 506/359/1292
f 510/401/1673 652/400/1674 505/358/1672
f 599/436/1675 505/358/1676 652/400/1677
f 599/436/1675 586/407/1470 505/358/1676
f 610/437/1507 653/410/1678 614/426/1522
f 610/437/1679 654/411/1680 653/410/1681
f 511/438/1682 652/400/1674 510/401/1301
f 511/438/1682 654/411/1683 652/400/1684
f 655/369/1685 654/411/1683 511/438/1686
f 655/369/1685 653/410/1687 654/411/1688
f 599/436/1675 654/411/1689 610/437/1690
f 599/436/1675 652/400/1691 654/411/1680
f 489/430/1692 446/396/1100 432/381/1287
f 489/430/1692 445/394/1693 446/396/1694
f 656/368/1695 653/410/1687 655/369/1685
f 656/368/1695 657/414/1696 653/410/1687
f 630/397/1697 647/396/1665 636/395/1698
f 630/397/1699 651/394/1700 647/396/1701
f 649/413/1702 657/414/1696 656/368/1695
f 649/413/1702 650/412/1668 657/414/1703
f 324/297/1704 658/343/1705 323/296/1706
f 324/297/1704 659/353/1707 658/343/1708
f 660/303/1709 662/302/1710 661/304/1711
f 660/303/1712 245/245/1713 662/302/1710
f 663/324/1714 509/425/1715 664/329/1716
f 663/324/1714 508/325/1717 509/425/1715
f 665/313/1718 508/325/1717 663/324/1714
f 665/313/1719 666/316/1720 508/325/1717
f 667/305/1721 668/315/1722 519/340/1343
f 667/305/1723 669/308/1724 668/315/1722
f 331/300/1725 366/317/928 317/293/926
f 331/300/1726 528/319/1727 366/317/921
f 658/343/1728 529/331/1363 528/319/1729
f 658/343/1728 533/342/1369 529/331/1363
f 441/390/1730 411/360/1012 408/357/1011
f 441/390/1731 499/434/1732 411/360/1012
f 670/283/1733 583/388/1734 523/399/1735
f 670/283/1736 671/281/1737 583/388/1459
f 438/387/1738 441/390/1731 362/321/1082
f 438/387/1081 499/434/1732 441/390/1731
f 488/289/1739 628/519/1569 542/451/1568
f 488/289/1740 672/287/1741 628/519/1566
f 536/444/1375 673/463/1742 535/443/1743
f 536/444/1744 674/533/1745 673/463/1742
f 550/456/1746 671/281/1747 675/273/1748
f 550/456/1399 583/388/1749 671/281/1750
f 562/435/1426 503/360/1751 584/408/1752
f 562/435/1426 502/434/1753 503/360/1751
f 676/354/1754 678/327/1755 677/345/1756
f 676/354/1757 679/328/1758 678/327/1755
f 668/315/1759 666/316/1720 665/313/1760
f 668/315/1722 680/314/1761 666/316/1720
f 669/308/1724 680/314/1761 668/315/1722
f 669/308/1724 681/338/1762 680/314/1763
f 661/304/1764 683/384/1765 682/382/1766
f 661/304/1764 662/302/1710 683/384/1765
f 534/341/1767 521/352/1768 520/330/1769
f 534/341/1767 684/379/1770 521/352/1771
f 529/331/1363 371/310/1772 369/311/1773
f 529/331/1363 520/330/1774 371/310/934
f 333/274/1359 685/333/1775 296/275/1776
f 333/274/1777 526/335/1358 685/333/1775
f 584/408/1752 505/358/1778 586/407/1470
f 584/408/1752 503/360/1751 505/358/1778
f 625/415/1779 651/394/1700 630/397/1780
f 625/415/1779 650/412/1781 651/394/1782
f 686/381/1783 651/394/1784 648/430/1785
f 686/381/1786 647/396/1665 651/394/1787
f 464/413/1788 445/394/1789 489/430/1235
f 464/413/1157 465/412/1149 445/394/1098
f 683/384/1790 647/396/1791 686/381/1786
f 683/384/1765 494/428/1792 647/396/1793
f 617/416/1537 650/412/1781 625/415/1779
f 617/416/1537 657/414/1794 650/412/1795
f 662/302/1796 494/428/1797 683/384/1765
f 662/302/1796 484/398/1798 494/428/1797
f 662/302/1710 246/247/1218 484/398/1799
f 662/302/1710 245/245/1713 246/247/1800
f 614/426/1801 657/414/1794 617/416/1537
f 614/426/1802 653/410/1681 657/414/1794
f 373/326/1803 687/270/1804 372/268/938
f 373/326/1346 549/320/1805 687/270/1804
f 659/353/1806 533/342/1369 658/343/1728
f 659/353/1806 688/370/1807 533/342/1369
f 531/339/1808 519/340/1343 516/332/1339
f 531/339/1808 667/305/1809 519/340/1343
f 689/371/1810 684/379/1811 534/341/1767
f 689/371/1810 690/380/1812 684/379/1770
f 552/457/1813 550/456/1746 497/433/1814
f 552/457/1409 583/388/1815 550/456/1746
f 691/377/1816 688/370/1817 659/353/1806
f 691/377/1818 692/344/1819 688/370/1817
f 521/352/1768 549/320/1805 373/326/1803
f 521/352/1347 496/322/1271 549/320/1820
f 514/298/1821 527/375/1360 334/299/875
f 514/298/1822 530/376/1367 527/375/1360
f 323/296/859 528/319/1823 331/300/1824
f 323/296/859 658/343/1708 528/319/1825
f 693/346/1826 690/380/1812 689/371/1810
f 693/346/1826 694/351/1827 690/380/1812
f 695/355/1828 692/344/1829 691/377/1830
f 695/355/1831 677/345/1832 692/344/1833
f 696/534/1834 697/530/1835 642/526/1836
f 696/534/1834 698/535/1837 697/530/1838
f 684/379/1770 496/322/1271 521/352/1771
f 684/379/1811 495/432/1839 496/322/1271
f 517/334/1341 679/328/1840 676/354/1757
f 517/334/1341 518/385/1344 679/328/1758
f 699/356/1841 677/345/1842 695/355/1828
f 699/356/1843 676/354/1757 677/345/1844
f 678/327/1845 694/351/1827 693/346/1826
f 678/327/1845 664/329/1716 694/351/1827
f 515/279/1846 530/376/1847 514/298/1821
f 515/279/1848 700/393/1849 530/376/1850
f 698/535/1851 701/531/1852 697/530/1838
f 698/535/1851 702/536/1853 701/531/1854
f 688/370/1855 534/341/1856 533/342/1369
f 688/370/1855 689/371/1810 534/341/1372
f 692/344/1857 689/371/1858 688/370/1855
f 692/344/1857 693/346/1826 689/371/1858
f 690/380/1812 495/432/1859 684/379/1860
f 690/380/1812 559/389/1861 495/432/1269
f 335/301/1862 659/353/1707 324/297/1704
f 335/301/1862 691/377/1863 659/353/1707
f 685/333/1864 676/354/1757 699/356/1841
f 685/333/1775 517/334/1865 676/354/1757
f 703/405/1866 705/406/1867 704/404/1868
f 703/405/1869 706/361/1870 705/406/1867
f 606/503/1502 524/441/1353 525/442/1428
f 606/503/1500 628/519/1871 524/441/1872
f 526/335/1873 517/334/1865 685/333/1874
f 526/335/1873 516/332/1875 517/334/1865
f 298/277/1876 691/377/1863 335/301/1877
f 298/277/1878 695/355/1828 691/377/1879
f 677/345/1880 693/346/1826 692/344/1881
f 677/345/1756 678/327/1755 693/346/1826
f 679/328/1882 664/329/1883 678/327/1845
f 679/328/1884 663/324/1885 664/329/1716
f 423/373/1314 708/537/1886 707/538/1887
f 423/373/1317 424/372/1035 708/537/1886
f 425/374/1039 415/365/1888 476/422/1176
f 425/374/1039 343/307/1048 415/365/1179
f 564/424/1889 664/329/1890 509/425/1891
f 564/424/1889 694/351/1827 664/329/1892
f 375/328/1893 350/313/897 436/385/1070
f 375/328/940 364/324/1894 350/313/918
f 477/423/1895 455/404/1242 490/431/1238
f 477/423/1896 471/418/1177 455/404/1897
f 702/536/1853 709/539/1898 701/531/1854
f 702/536/1853 710/540/1899 709/539/1900
f 711/306/1901 681/338/1762 669/308/1724
f 711/306/1901 712/386/1902 681/338/1762
f 713/372/1903 715/431/1904 714/336/1905
f 713/372/1903 716/419/1906 715/431/1904
f 295/276/1907 695/355/1828 298/277/1908
f 295/276/1909 699/356/1910 695/355/1828
f 527/375/1911 516/332/1875 526/335/1873
f 527/375/1360 531/339/1366 516/332/1875
f 518/385/1344 663/324/1714 679/328/1884
f 518/385/1912 665/313/1760 663/324/1714
f 511/438/1303 666/316/1720 655/369/1913
f 511/438/1303 508/325/1300 666/316/1720
f 717/364/1914 712/386/1915 711/306/1901
f 717/364/1914 718/383/1916 712/386/1917
f 532/374/1918 667/305/1721 531/339/1808
f 532/374/1919 719/307/1920 667/305/1721
f 519/340/1343 665/313/1719 518/385/1912
f 519/340/1921 668/315/1722 665/313/1719
f 720/422/1922 719/307/1923 532/374/1919
f 720/422/1924 721/365/1925 719/307/1923
f 296/275/1926 699/356/1910 295/276/1909
f 296/275/1776 685/333/1927 699/356/1910
f 655/369/1913 680/314/1763 656/368/1928
f 655/369/1913 666/316/1720 680/314/1763
f 722/417/1929 718/383/1916 717/364/1914
f 722/417/1930 682/382/1766 718/383/1916
f 320/278/1931 700/393/1849 515/279/1846
f 320/278/1932 723/337/1933 700/393/1849
f 719/307/1920 669/308/1724 667/305/1721
f 719/307/1920 711/306/1901 669/308/1724
f 723/337/1934 720/422/1924 700/393/1935
f 723/337/1934 724/423/1936 720/422/1937
f 724/423/1938 721/365/1939 720/422/1924
f 724/423/1938 725/418/1940 721/365/1941
f 656/368/1942 681/338/1943 649/413/1702
f 656/368/1928 680/314/1763 681/338/1944
f 705/406/1867 682/382/1945 722/417/1946
f 705/406/1947 661/304/1764 682/382/1945
f 700/393/1935 532/374/1948 530/376/1949
f 700/393/1935 720/422/1924 532/374/1950
f 721/365/1951 711/306/1901 719/307/1952
f 721/365/1925 717/364/1953 711/306/1901
f 321/295/1954 723/337/1955 320/278/1956
f 321/295/1954 714/336/1905 723/337/1933
f 512/373/1957 714/336/1958 321/295/1954
f 512/373/1957 713/372/1959 714/336/1958
f 649/413/1702 712/386/1917 648/430/1785
f 649/413/1702 681/338/1762 712/386/1917
f 706/361/1960 661/304/1764 705/406/1947
f 706/361/1960 660/303/1961 661/304/1764
f 715/431/1962 725/418/1963 724/423/1964
f 715/431/1965 704/404/1966 725/418/1940
f 716/419/1967 704/404/1966 715/431/1962
f 716/419/1967 703/405/1968 704/404/1966
f 725/418/1969 717/364/1953 721/365/1925
f 725/418/1969 722/417/1929 717/364/1953
f 714/336/1905 724/423/1970 723/337/1955
f 714/336/1905 715/431/1904 724/423/1971
f 670/283/1972 524/441/1973 726/285/1974
f 670/283/1972 523/399/1975 524/441/1353
f 718/383/1916 648/430/1785 712/386/1917
f 718/383/1916 686/381/1783 648/430/1785
f 726/285/1974 628/519/1976 672/287/1741
f 726/285/1977 524/441/1353 628/519/1566
f 564/424/1429 690/380/1812 694/351/1827
f 564/424/1429 559/389/1421 690/380/1812
f 704/404/1978 722/417/1929 725/418/1969
f 704/404/1868 705/406/1947 722/417/1979
f 682/382/1945 686/381/1783 718/383/1916
f 682/382/1766 683/384/1765 686/381/1783
f 562/435/1426 552/457/1462 502/434/1408
f 562/435/1426 522/440/1460 552/457/1462
f 254/245/744 414/362/1014 341/303/885
f 254/245/744 250/246/743 414/362/1980
f 456/405/1981 413/363/1015 475/420/1982
f 456/405/1983 412/361/1016 413/363/1984
f 474/421/1985 424/372/1624 473/419/1622
f 474/421/1986 708/537/1987 424/372/1624
f 727/518/1988 729/482/1989 728/483/1990
f 727/518/1991 730/517/1992 729/482/1989
f 731/481/1993 257/253/1994 732/505/1995
f 731/481/1993 260/257/1996 257/253/1997
f 733/470/1998 735/469/1999 734/468/2000
f 733/470/1998 736/467/2001 735/469/2002
f 457/406/1233 341/303/1017 412/361/1016
f 457/406/1233 340/304/1113 341/303/1017
f 459/407/2003 737/497/2004 504/436/2005
f 459/407/1139 738/485/2006 737/497/2007
f 314/291/2008 740/453/2009 739/450/2010
f 314/291/2011 396/347/2012 740/453/2013
f 396/347/2014 535/443/2015 740/453/2009
f 396/347/2014 397/349/990 535/443/2015
f 310/287/2016 742/451/2017 741/541/2018
f 310/287/2019 312/289/2020 742/451/2017
f 312/289/2021 739/450/2022 742/451/2017
f 312/289/2020 314/291/2023 739/450/2022
f 376/329/996 365/325/2024 364/324/917
f 376/329/1193 479/425/1192 365/325/2024
f 739/450/2025 744/462/2026 743/452/2027
f 739/450/2010 740/453/2028 744/462/2026
f 314/291/2029 399/350/2030 396/347/991
f 314/291/2029 315/290/2031 399/350/2030
f 742/451/2017 743/452/2032 745/449/2033
f 742/451/2017 739/450/2034 743/452/2035
f 746/501/2036 748/477/2037 747/480/2038
f 746/501/2036 749/500/2039 748/477/2037
f 740/453/2009 673/463/2040 744/462/2041
f 740/453/2042 535/443/1743 673/463/2043
f 743/452/2027 751/474/2044 750/476/2045
f 743/452/2027 744/462/2026 751/474/2044
f 741/541/2046 308/285/2047 310/287/2048
f 741/541/2046 752/542/2049 308/285/2047
f 460/408/2050 738/485/2006 459/407/1139
f 460/408/2050 753/484/2051 738/485/2006
f 754/455/2052 756/446/2053 755/454/2054
f 754/455/2055 757/448/2056 756/446/2053
f 673/463/2040 751/474/2057 744/462/2026
f 673/463/2040 758/475/2058 751/474/2057
f 759/465/2059 755/454/2054 760/464/2060
f 759/465/2059 754/455/2052 755/454/2054
f 745/449/2033 750/476/2061 761/506/2062
f 745/449/2033 743/452/2035 750/476/2063
f 750/476/2045 763/489/2064 762/502/2065
f 750/476/2045 751/474/2044 763/489/2064
f 764/504/2066 749/500/2067 746/501/2036
f 764/504/2066 761/506/2068 749/500/2039
f 758/475/2069 763/489/2064 751/474/2057
f 758/475/2058 765/490/2070 763/489/2071
f 500/435/2072 753/484/2073 460/408/2074
f 500/435/2075 766/466/2076 753/484/2077
f 767/492/2078 737/497/2004 768/478/2079
f 767/492/2078 769/493/2080 737/497/2004
f 762/502/2065 771/498/2081 770/509/2082
f 762/502/2065 763/489/2083 771/498/2081
f 761/506/2084 762/502/2085 749/500/2086
f 761/506/2062 750/476/2061 762/502/2085
f 772/503/2087 761/506/2062 764/504/2088
f 772/503/2087 745/449/2089 761/506/2062
f 765/490/2070 771/498/2090 763/489/2071
f 765/490/2091 773/499/2092 771/498/2090
f 772/503/2087 752/542/2093 741/541/2046
f 772/503/2087 774/442/2094 752/542/2049
f 775/543/2095 766/466/2096 500/435/2075
f 775/543/2095 774/442/2097 766/466/2096
f 749/500/2086 770/509/2098 748/477/2099
f 749/500/2039 762/502/2085 770/509/2098
f 741/541/2018 745/449/2089 772/503/2100
f 741/541/2018 742/451/2017 745/449/2101
f 770/509/2102 777/459/2103 776/460/2104
f 770/509/2102 771/498/2081 777/459/2105
f 773/499/2092 777/459/2106 771/498/2090
f 773/499/2092 778/507/2107 777/459/2106
f 450/399/2108 774/442/2097 775/543/2095
f 450/399/2108 752/542/2049 774/442/2094
f 764/504/2088 774/442/2109 772/503/2087
f 764/504/2088 766/466/2076 774/442/2097
f 746/501/2110 766/466/2076 764/504/2111
f 746/501/2110 753/484/2051 766/466/2076
f 776/460/2104 780/461/2112 779/458/2113
f 776/460/2104 777/459/2105 780/461/2114
f 748/477/2115 776/460/2116 781/479/2117
f 748/477/2115 770/509/2098 776/460/2116
f 778/507/2107 780/461/2118 777/459/2103
f 778/507/2107 782/508/2119 780/461/2118
f 306/283/2120 752/542/2121 450/399/2108
f 306/283/2122 308/285/2123 752/542/2049
f 482/427/2124 783/513/2125 491/429/2126
f 482/427/2124 784/529/2127 783/513/2125
f 785/496/2128 787/525/2129 786/514/2130
f 785/496/2128 784/529/2131 787/525/2129
f 781/479/2117 779/458/2132 788/528/2133
f 781/479/2134 776/460/2135 779/458/2136
f 782/508/2137 789/511/2138 780/461/2139
f 782/508/2137 790/512/2140 789/511/2141
f 791/473/2142 793/495/2143 792/487/2144
f 791/473/2142 794/471/2145 793/495/2143
f 734/468/2146 731/481/2147 733/470/2148
f 734/468/2000 728/483/2149 731/481/2147
f 467/415/2150 736/467/2001 448/397/2151
f 467/415/2152 735/469/2002 736/467/2001
f 779/458/2113 789/511/2141 795/520/2153
f 779/458/2154 780/461/2114 789/511/2155
f 788/528/2133 795/520/2156 796/523/2157
f 788/528/2158 779/458/2113 795/520/2156
f 790/512/2140 797/515/2159 789/511/2141
f 790/512/2160 798/516/2161 797/515/2159
f 747/480/2162 753/484/2051 746/501/2110
f 747/480/2162 738/485/2163 753/484/2164
f 799/494/2165 727/518/1991 800/527/2166
f 799/494/2165 796/523/2167 727/518/1991
f 796/523/2167 730/517/2168 727/518/1988
f 796/523/2167 795/520/2169 730/517/1992
f 795/520/2153 797/515/2159 730/517/2170
f 795/520/2171 789/511/2155 797/515/2159
f 480/426/2172 801/510/2173 468/416/2174
f 480/426/2172 802/491/2175 801/510/2176
f 798/516/2177 803/521/2178 797/515/2159
f 798/516/2179 804/522/2180 803/521/2181
f 768/478/2079 738/485/2163 747/480/2162
f 768/478/2079 737/497/2004 738/485/2006
f 767/492/2182 796/523/2167 799/494/2165
f 767/492/2078 788/528/2158 796/523/2167
f 730/517/2183 803/521/2184 729/482/2185
f 730/517/2170 797/515/2159 803/521/2184
f 799/494/2186 769/493/2080 767/492/2078
f 799/494/2186 802/491/2187 769/493/2080
f 804/522/2188 256/254/1626 803/521/2178
f 804/522/2189 643/524/2190 256/254/1626
f 507/437/2191 802/491/2187 480/426/2172
f 507/437/2191 769/493/2080 802/491/2187
f 800/527/2166 728/483/2149 734/468/2146
f 800/527/2166 727/518/1991 728/483/2149
f 785/496/2192 794/471/2145 805/472/2193
f 785/496/2194 793/495/2195 794/471/2145
f 468/416/2196 735/469/2002 467/415/2150
f 468/416/2196 801/510/2197 735/469/2198
f 728/483/1990 260/257/1996 731/481/2199
f 728/483/1990 729/482/1989 260/257/1996
f 561/465/2200 646/532/2201 560/464/1657
f 561/465/2202 806/544/2203 646/532/2201
f 448/397/2204 787/525/2205 447/395/1103
f 448/397/2204 736/467/2001 787/525/2206
f 645/531/2207 646/532/1659 807/539/2208
f 645/531/2209 590/488/1474 646/532/1659
f 542/451/1385 487/291/2210 488/289/2211
f 542/451/2212 543/450/1384 487/291/2210
f 452/400/2213 461/409/2214 451/401/1112
f 452/400/2213 463/411/1295 461/409/1349
f 674/533/2215 758/475/2216 673/463/1742
f 674/533/2217 808/545/2218 758/475/2216
f 807/539/2219 806/544/2220 809/546/2221
f 807/539/2219 646/532/2201 806/544/2222
f 800/527/2223 802/491/2187 799/494/2186
f 800/527/2224 801/510/2225 802/491/2187
f 786/514/2226 793/495/2195 785/496/2194
f 786/514/2226 732/505/1995 793/495/2195
f 697/530/1838 255/252/1629 642/526/1836
f 697/530/1838 810/486/2227 255/252/2228
f 257/253/751 810/486/2229 792/487/2230
f 257/253/751 255/252/1629 810/486/2231
f 447/395/2232 784/529/2233 482/427/2124
f 447/395/2232 787/525/2129 784/529/2127
f 729/482/2234 256/254/2235 260/257/750
f 729/482/2236 803/521/2184 256/254/1626
f 701/531/2237 810/486/2227 697/530/2238
f 701/531/2237 811/488/2239 810/486/2227
f 792/487/2144 811/488/2240 791/473/2142
f 792/487/2144 810/486/2229 811/488/2239
f 805/472/2241 784/529/2131 785/496/2128
f 805/472/2242 783/513/2243 784/529/2244
f 491/429/2245 812/447/2246 248/248/736
f 491/429/2245 783/513/2247 812/447/2246
f 756/446/2053 783/513/2243 805/472/2248
f 756/446/2053 812/447/2246 783/513/2243
f 732/505/2249 792/487/2144 793/495/2143
f 732/505/2249 257/253/2250 792/487/2144
f 709/539/1900 811/488/2251 701/531/2252
f 709/539/1900 813/532/2253 811/488/2239
f 791/473/2142 813/532/2253 760/464/2254
f 791/473/2142 811/488/2255 813/532/2253
f 760/464/2060 794/471/2145 791/473/2142
f 760/464/2256 755/454/2054 794/471/2145
f 814/546/2257 813/532/2253 709/539/2258
f 814/546/2257 815/544/2259 813/532/2253
f 733/470/2148 732/505/2260 786/514/2226
f 733/470/2261 731/481/2199 732/505/2262
f 805/472/2248 755/454/2263 756/446/2264
f 805/472/2265 794/471/2145 755/454/2054
f 736/467/2001 786/514/2130 787/525/2266
f 736/467/2001 733/470/2261 786/514/2130
f 760/464/2267 815/544/2259 759/465/2268
f 760/464/2060 813/532/2269 815/544/2259
f 768/478/2270 788/528/2271 767/492/2272
f 768/478/2270 781/479/2134 788/528/2273
f 734/468/2274 801/510/2275 800/527/2224
f 734/468/2000 735/469/2002 801/510/2275
f 504/436/2005 769/493/2276 507/437/2277
f 504/436/2278 737/497/2007 769/493/2080
f 747/480/2038 781/479/2134 768/478/2270
f 747/480/2038 748/477/2099 781/479/2134
f 248/248/736 816/445/2279 250/246/737
f 248/248/736 812/447/2280 816/445/2281
f 757/448/2282 812/447/2246 756/446/2053
f 757/448/2283 816/445/2284 812/447/2246
f 277/264/785 817/547/2285 276/266/2286
f 277/264/785 818/548/2287 817/547/2288
f 269/262/2289 819/549/2290 268/255/768
f 269/262/2291 820/550/2292 819/549/2293
f 271/262/2294 821/551/2295 272/263/2296
f 271/262/2294 822/550/2297 821/551/2298
f 707/538/2299 513/439/2300 423/373/1317
f 707/538/2301 823/552/2302 513/439/2300
f 824/553/2303 809/546/2304 825/553/2305
f 824/553/2306 826/546/2307 809/546/2304
f 270/263/2308 820/550/2292 269/262/2309
f 270/263/2308 827/551/2310 820/550/2292
f 272/263/2311 828/554/2312 273/250/2313
f 272/263/2314 821/551/2298 828/554/2315
f 829/553/2316 826/546/2307 824/553/2303
f 829/553/2317 814/546/2318 826/546/2307
f 825/553/2305 806/544/2220 830/555/2319
f 825/553/2305 809/546/2221 806/544/2220
f 831/555/2320 814/546/2318 829/553/2321
f 831/555/2320 815/544/2259 814/546/2318
f 830/555/2319 561/465/2202 832/549/2322
f 830/555/2319 806/544/2203 561/465/2200
f 819/549/2323 815/544/2259 831/555/2320
f 819/549/2323 759/465/2324 815/544/2259
f 832/549/2325 548/455/1423 822/550/2326
f 832/549/2325 561/465/2202 548/455/1423
f 820/550/2327 759/465/2268 819/549/2328
f 820/550/2327 754/455/2052 759/465/2059
f 253/250/2329 827/551/2310 270/263/2330
f 253/250/2329 833/554/2331 827/551/2310
f 273/250/2313 834/556/2332 284/249/798
f 273/250/2313 828/554/2312 834/556/2333
f 251/249/2334 833/554/2331 253/250/2335
f 251/249/2334 835/556/2336 833/554/2337
f 276/266/2338 836/548/2339 274/264/2340
f 276/266/2338 817/547/2288 836/548/2341
f 453/403/2342 551/443/2343 536/444/2344
f 453/403/1161 469/349/1403 551/443/2345
f 557/463/2346 536/444/2344 551/443/2345
f 557/463/2346 674/533/2347 536/444/2348
f 572/475/2349 674/533/2347 557/463/2346
f 572/475/2349 808/545/2350 674/533/2351
f 591/490/1490 808/545/2352 572/475/2353
f 591/490/1490 837/557/2354 808/545/2355
f 284/249/2356 838/558/2357 283/258/2358
f 284/249/2356 834/556/2359 838/558/2360
f 262/258/2361 835/556/2362 251/249/2363
f 262/258/2361 839/558/2364 835/556/2362
f 601/499/2365 837/557/2366 591/490/1490
f 601/499/2365 840/559/2367 837/557/2368
f 612/507/2369 840/559/2370 601/499/2371
f 612/507/2369 841/560/2372 840/559/2370
f 564/424/1429 510/401/2373 506/359/1430
f 564/424/1429 509/425/1891 510/401/2374
f 615/508/2375 841/560/2372 612/507/1511
f 615/508/2375 842/561/2376 841/560/2372
f 619/512/1554 842/561/2376 615/508/2375
f 619/512/1554 843/562/2377 842/561/2376
f 623/516/1581 843/562/2377 619/512/1544
f 623/516/1581 844/563/2378 843/562/2377
f 631/522/2379 844/563/2378 623/516/2380
f 631/522/2381 845/564/2382 844/563/2378
f 634/524/1591 845/564/2382 631/522/2383
f 634/524/1591 846/565/2384 845/564/2385
f 638/526/2386 846/565/2384 634/524/2387
f 638/526/2388 696/534/1834 846/565/2384
f 644/530/2389 696/534/1834 638/526/2386
f 644/530/2389 698/535/1851 696/534/1834
f 847/566/2390 354/292/1024 319/294/2391
f 847/566/2390 418/366/2392 354/292/1024
f 645/531/1655 698/535/2393 644/530/2389
f 645/531/1655 702/536/1853 698/535/2393
f 807/539/2394 702/536/1853 645/531/1655
f 807/539/2394 710/540/2395 702/536/1853
f 809/546/2304 710/540/2396 807/539/2394
f 809/546/2304 826/546/2307 710/540/2396
f 283/258/2397 848/567/2398 281/259/2399
f 283/258/2400 838/558/2401 848/567/2402
f 263/259/760 839/558/2403 262/258/2361
f 263/259/760 849/567/2404 839/558/2364
f 281/259/2399 850/568/2405 280/260/2406
f 281/259/2399 848/567/2407 850/568/2405
f 822/550/2408 540/448/2409 821/551/2295
f 822/550/2410 548/455/1394 540/448/2409
f 827/551/2411 754/455/2412 820/550/2413
f 827/551/2310 757/448/2414 754/455/2412
f 821/551/2298 537/445/2415 828/554/2416
f 821/551/2298 540/448/1393 537/445/2415
f 833/554/2417 757/448/2283 827/551/2411
f 833/554/2331 816/445/2281 757/448/2282
f 828/554/2416 247/246/1652 834/556/2333
f 828/554/2416 537/445/1381 247/246/2418
f 835/556/2419 816/445/2279 833/554/2331
f 835/556/2419 250/246/737 816/445/2281
f 834/556/2359 851/362/2420 838/558/2421
f 834/556/2422 247/246/2423 851/362/2420
f 839/558/2364 250/246/743 835/556/2424
f 839/558/2364 414/362/2425 250/246/2426
f 838/558/2427 852/363/2428 848/567/2429
f 838/558/2430 851/362/2431 852/363/2432
f 849/567/2433 414/362/2434 839/558/2403
f 849/567/2435 413/363/1984 414/362/2425
f 848/567/2429 853/420/2436 850/568/2437
f 848/567/2429 852/363/2428 853/420/2436
f 854/568/2438 413/363/1984 849/567/2433
f 854/568/2438 475/420/1982 413/363/1984
f 513/439/2439 855/538/2440 512/373/2441
f 513/439/2439 823/552/2442 855/538/2443
f 479/425/2444 461/409/1349 365/325/1351
f 479/425/1194 451/401/1255 461/409/1349
f 716/419/1967 853/420/2445 703/405/2446
f 716/419/2447 856/421/2448 853/420/2449
f 857/537/2450 512/373/2441 855/538/2440
f 857/537/2450 713/372/1959 512/373/1957
f 264/260/2451 849/567/2452 263/259/760
f 264/260/2451 854/568/2438 849/567/2404
f 850/568/2437 856/421/2453 858/569/2454
f 850/568/2455 853/420/2456 856/421/2453
f 859/569/2457 475/420/2458 854/568/2459
f 859/569/2457 474/421/1173 475/420/2458
f 858/569/2460 857/537/2461 860/570/2462
f 858/569/2460 856/421/2463 857/537/2461
f 861/570/2464 474/421/1986 859/569/2465
f 861/570/2464 708/537/1987 474/421/1986
f 860/570/2466 855/538/2467 818/548/2468
f 860/570/2466 857/537/2469 855/538/2467
f 836/548/2341 708/537/1886 861/570/2470
f 836/548/2341 707/538/2471 708/537/1886
f 818/548/2472 823/552/2473 817/547/2288
f 818/548/2474 855/538/2467 823/552/2442
f 817/547/2288 707/538/2475 836/548/2339
f 817/547/2288 823/552/2302 707/538/2475
f 862/261/2476 825/553/2305 265/261/761
f 862/261/2477 824/553/2478 825/553/2305
f 266/261/765 824/553/2479 862/261/2476
f 266/261/2480 829/553/2481 824/553/2479
f 265/261/761 830/555/2319 259/256/2482
f 265/261/2483 825/553/2305 830/555/2319
f 267/256/2484 829/553/2485 266/261/2486
f 267/256/2487 831/555/2320 829/553/2485
f 259/256/2482 832/549/2322 258/255/2488
f 259/256/2482 830/555/2319 832/549/2325
f 268/255/2489 831/555/2490 267/256/2487
f 268/255/2489 819/549/2491 831/555/2490
f 258/255/2492 822/550/2326 271/262/2493
f 258/255/2494 832/549/2495 822/550/2297
f 280/260/2406 858/569/2460 279/267/2496
f 280/260/2497 850/568/2498 858/569/2454
f 716/419/1906 857/537/2499 856/421/2463
f 716/419/1906 713/372/1903 857/537/2499
f 853/420/2436 706/361/1960 703/405/1866
f 853/420/2436 852/363/2428 706/361/2500
f 245/245/1713 851/362/2420 247/246/753
f 245/245/733 660/303/2501 851/362/2502
f 710/540/2396 814/546/2318 709/539/1900
f 710/540/2396 826/546/2307 814/546/2318
f 282/267/2503 854/568/2504 264/260/2505
f 282/267/2503 859/569/2506 854/568/2504
f 279/267/2507 860/570/2508 278/265/2509
f 279/267/2510 858/569/2511 860/570/2512
f 275/265/2513 859/569/2514 282/267/2515
f 275/265/2513 861/570/2516 859/569/2517
f 278/265/2518 818/548/2519 277/264/785
f 278/265/784 860/570/2512 818/548/2472
f 852/363/2428 660/303/1709 706/361/2500
f 852/363/2432 851/362/2502 660/303/1709
f 274/264/2520 861/570/2470 275/265/2521
f 274/264/2340 836/548/2341 861/570/2522
f 842/561/2376 790/512/2160 782/508/2523
f 842/561/2524 843/562/2525 790/512/2160
f 843/562/2526 798/516/2177 790/512/2140
f 843/562/2526 844/563/2527 798/516/2177
f 844/563/2527 804/522/2189 798/516/2179
f 844/563/2527 845/564/2382 804/522/2189
f 845/564/2382 643/524/1627 804/522/2189
f 845/564/2382 846/565/2384 643/524/2190
f 846/565/2384 642/526/1836 643/524/1627
f 846/565/2384 696/534/1834 642/526/1836
f 808/545/2528 765/490/2529 758/475/2530
f 808/545/2528 837/557/2531 765/490/2091
f 450/399/1106 438/387/2532 439/388/2533
f 450/399/2534 775/543/2095 438/387/2532
f 499/434/1276 775/543/2535 500/435/1277
f 499/434/2536 438/387/2532 775/543/2535
f 549/320/1820 675/273/2537 687/270/1804
f 549/320/1805 550/456/2538 675/273/2537
f 837/557/2531 773/499/2539 765/490/2091
f 837/557/2368 840/559/2540 773/499/2539
f 840/559/2540 778/507/2107 773/499/2541
f 840/559/2542 841/560/2543 778/507/2107
f 841/560/2543 782/508/2523 778/507/2107
f 841/560/2543 842/561/2524 782/508/2523
f 469/349/1163 863/350/2544 545/347/2545
f 469/349/1163 470/348/2546 863/350/2544
f 670/283/2547 865/284/2548 864/282/2549
f 670/283/2547 726/285/2550 865/284/2548
f 671/281/2551 864/282/2552 866/571/2553
f 671/281/2551 670/283/2547 864/282/2554
f 671/281/1750 867/572/2555 675/273/2556
f 671/281/1750 866/571/2557 867/572/2555
f 687/270/2558 867/572/2559 868/269/2560
f 687/270/2558 675/273/2556 867/572/2561
f 687/270/2562 869/271/2563 372/268/2564
f 687/270/2558 868/269/2560 869/271/2563
f 372/268/2564 443/392/1092 370/312/2565
f 372/268/2566 869/271/2563 443/392/1092
f 863/350/2567 487/291/1220 545/347/2545
f 863/350/2568 486/290/2569 487/291/2570
f 726/285/2550 870/286/2571 865/284/2572
f 726/285/2550 672/287/2573 870/286/2571
f 367/318/1259 871/366/2574 316/292/2575
f 367/318/1259 492/367/2576 871/366/2574
f 316/292/2577 847/566/2390 319/294/2391
f 316/292/2575 871/366/2578 847/566/2390
f 672/287/2573 485/288/2579 870/286/2580
f 672/287/2573 488/289/2581 485/288/1219
f 357/318/2582 872/391/2583 346/309/2584
f 357/318/1021 417/367/2585 872/391/2583
f 346/309/2584 873/392/2586 349/312/2587
f 346/309/2584 872/391/2583 873/392/2586
f 349/312/2588 288/271/2589 285/268/1183
f 349/312/2588 873/392/2586 288/271/2590
usemtl mat1.470
f 1199/896/3325 1201/897/3326 1200/898/3327
f 1202/899/3328 1204/900/3329 1203/901/3330
f 1205/902/3331 1206/903/3332 1202/899/3333
f 1202/899/3334 1203/901/3335 1207/904/3336
f 1202/899/3337 1206/903/3332 1208/905/3338
f 1202/899/3333 1207/904/3339 1209/906/3340
f 1202/899/3333 1208/905/3338 1210/907/3341
f 1202/899/3342 1209/906/3343 1211/908/3344
f 1202/899/3333 1210/907/3345 1212/909/3346
f 1202/899/3328 1212/909/3346 1213/910/3347
f 1202/899/3337 1213/910/3347 1214/911/3348
f 1202/899/3333 1211/908/3349 1215/912/3350
f 1202/899/3328 1214/911/3351 1216/913/3352
f 1202/899/3353 1218/914/3354 1217/915/3355
f 1202/899/3333 1216/913/3352 1218/914/3354
f 1202/899/3328 1217/915/3355 1219/916/3356
f 1202/899/3357 1219/916/3356 1220/917/3358
f 1202/899/3328 1220/917/3358 1221/918/3359
f 1202/899/3333 1221/918/3359 1222/919/3360
f 1202/899/3337 1222/919/3361 1204/900/3329
f 1202/899/3333 1215/912/3362 1223/920/3363
f 1202/899/3333 1223/920/3363 1224/921/3364
f 1202/899/3333 1224/921/3364 1225/922/3365
f 1202/899/3328 1225/922/3365 1226/923/3366
f 1202/899/3333 1226/923/3366 1227/924/3367
f 1202/899/3353 1227/924/3367 1228/925/3368
f 1202/899/3333 1228/925/3369 1229/926/3370
f 1202/899/3333 1229/926/3370 1230/927/3371
f 1202/899/3353 1230/927/3372 1231/928/3373
f 1202/899/3334 1231/928/3373 1232/929/3374
f 1202/899/3333 1232/929/3374 1233/930/3375
f 1202/899/3333 1233/930/3375 1205/902/3331
f 1234/931/3376 1236/932/3377 1235/933/3378
f 1234/931/3376 1237/934/3379 1236/932/3380
f 1238/935/3381 1237/934/3382 1234/931/3376
f 1238/935/3381 1239/936/3383 1237/934/3382
f 1240/937/3384 1242/938/3385 1241/939/3386
f 1240/937/3387 1243/940/3388 1242/938/3389
f 1244/941/3390 1246/942/3391 1245/943/3392
f 1244/941/3393 1247/944/3394 1246/942/3391
f 1244/941/3395 1240/937/3387 1241/939/3396
f 1244/941/3397 1245/943/3398 1240/937/3399
f 1248/945/3400 1250/946/3401 1249/947/3402
f 1248/945/3403 1251/948/3404 1250/946/3405
f 1247/944/3406 1249/947/3407 1246/942/3408
f 1247/944/3406 1248/945/3409 1249/947/3407
f 1251/948/3410 1252/949/3411 1250/946/3412
f 1251/948/3413 1253/950/3414 1252/949/3415
f 1253/950/3416 1254/951/3417 1252/949/3418
f 1253/950/3414 1255/952/3419 1254/951/3420
f 1256/953/3421 1255/952/3419 1257/954/3422
f 1256/953/3423 1254/951/3424 1255/952/3425
f 1200/898/3426 1258/955/3427 1199/896/3428
f 1200/898/3429 1259/956/3430 1258/955/3427
f 1259/956/3430 1257/954/3431 1258/955/3432
f 1259/956/3430 1256/953/3433 1257/954/3434
f 1200/898/3435 1261/957/3436 1260/958/3437
f 1200/898/3327 1201/897/3326 1261/957/3436
f 1260/958/3438 1263/959/3439 1262/960/3440
f 1260/958/3441 1261/957/3442 1263/959/3439
f 1262/960/3443 1265/961/3444 1264/962/3445
f 1262/960/3446 1263/959/3447 1265/961/3444
f 1264/962/3448 1267/963/3449 1266/964/3450
f 1264/962/3451 1265/961/3452 1267/963/3449
f 1268/965/3453 1270/966/3454 1269/967/3455
f 1268/965/3453 1271/968/3456 1270/966/3454
f 1269/967/3455 1273/969/3457 1272/970/3458
f 1269/967/3459 1270/966/3460 1273/969/3461
f 1273/969/3461 1274/971/3462 1272/970/3463
f 1273/969/3461 1275/972/3464 1274/971/3462
f 1276/973/3465 1275/972/3466 1277/974/3467
f 1276/973/3465 1274/971/3462 1275/972/3466
f 1278/975/3468 1280/976/3469 1279/977/3470
f 1278/975/3471 1281/978/3472 1280/976/3473
f 1279/977/3470 1283/979/3474 1282/980/3475
f 1279/977/3470 1280/976/3476 1283/979/3474
f 1277/974/3477 1278/975/3471 1276/973/3465
f 1277/974/3467 1281/978/3478 1278/975/3479
f 1284/981/3480 1282/980/3481 1283/979/3482
f 1284/981/3483 1285/982/3484 1282/980/3475
f 1286/983/3485 1285/982/3486 1284/981/3487
f 1286/983/3488 1287/984/3489 1285/982/3490
f 1288/985/3491 1287/984/3492 1286/983/3493
f 1288/985/3494 1289/986/3495 1287/984/3492
f 1235/933/3496 1291/987/3497 1290/988/3498
f 1235/933/3496 1236/932/3499 1291/987/3500
f 1290/988/3498 1289/986/3501 1288/985/3502
f 1290/988/3503 1291/987/3500 1289/986/3501
f 1292/989/3504 1294/990/3505 1293/991/3506
f 1292/989/3504 1295/992/3507 1294/990/3508
f 1296/993/3509 1295/992/3510 1292/989/3504
f 1296/993/3509 1297/994/3511 1295/992/3510
f 1268/965/3512 1298/995/3513 1271/968/3514
f 1268/965/3512 1299/996/3515 1298/995/3516
f 1300/997/3517 1297/994/3518 1296/993/3509
f 1300/997/3517 1301/998/3519 1297/994/3518
f 1302/999/3520 1301/998/3521 1300/997/3517
f 1302/999/3520 1303/1000/3522 1301/998/3521
f 1304/1001/3523 1306/1002/3524 1305/1003/3525
f 1304/1001/3526 1307/1004/3527 1306/1002/3528
f 1308/1005/3529 1310/1006/3530 1309/1007/3531
f 1308/1005/3532 1311/1008/3533 1310/1006/3534
f 1312/1009/3535 1303/1000/3536 1302/999/3537
f 1312/1009/3535 1313/1010/3538 1303/1000/3536
f 1314/1011/3539 1313/1010/3538 1312/1009/3535
f 1314/1011/3540 1315/1012/3541 1313/1010/3542
f 1242/938/3385 1239/936/3543 1238/935/3544
f 1242/938/3385 1243/940/3545 1239/936/3546
f 1316/1013/3547 1318/1014/3548 1317/1015/3549
f 1316/1013/3547 1319/1016/3550 1318/1014/3551
f 1317/1015/3549 1321/1017/3552 1320/1018/3553
f 1317/1015/3549 1318/1014/3554 1321/1017/3555
f 1322/1019/3556 1311/1008/3557 1308/1005/3532
f 1322/1019/3556 1323/1020/3558 1311/1008/3557
f 1320/1018/3553 1325/1021/3559 1324/1022/3560
f 1320/1018/3561 1321/1017/3555 1325/1021/3559
f 1324/1022/3562 1327/1023/3563 1326/1024/3564
f 1324/1022/3565 1325/1021/3566 1327/1023/3567
f 1326/1024/3568 1329/1025/3569 1328/1026/3570
f 1326/1024/3571 1327/1023/3572 1329/1025/3573
f 1328/1026/3574 1331/1027/3575 1330/1028/3576
f 1328/1026/3574 1329/1025/3573 1331/1027/3577
f 1332/1029/3578 1334/1030/3579 1333/1031/3580
f 1332/1029/3578 1293/991/3581 1334/1030/3582
f 1335/1032/3583 1293/991/3581 1332/1029/3578
f 1335/1032/3583 1292/989/3584 1293/991/3581
f 1330/1028/3585 1337/1033/3586 1336/1034/3587
f 1330/1028/3576 1331/1027/3577 1337/1033/3586
f 1338/1035/3588 1292/989/3584 1335/1032/3589
f 1338/1035/3588 1296/993/3590 1292/989/3591
f 1339/1036/3592 1296/993/3593 1338/1035/3594
f 1339/1036/3592 1300/997/3595 1296/993/3590
f 1340/1037/3596 1300/997/3595 1339/1036/3592
f 1340/1037/3597 1302/999/3598 1300/997/3595
f 1341/1038/3599 1302/999/3598 1340/1037/3600
f 1341/1038/3599 1312/1009/3601 1302/999/3598
f 1342/1039/3602 1312/1009/3603 1341/1038/3599
f 1342/1039/3602 1314/1011/3604 1312/1009/3605
f 1343/1040/3606 1317/1015/3607 1344/1041/3608
f 1343/1040/3606 1316/1013/3609 1317/1015/3610
f 1344/1041/3611 1320/1018/3612 1345/1042/3613
f 1344/1041/3614 1317/1015/3615 1320/1018/3612
f 1345/1042/3613 1324/1022/3616 1346/1043/3617
f 1345/1042/3613 1320/1018/3612 1324/1022/3616
f 1346/1043/3618 1326/1024/3619 1347/1044/3620
f 1346/1043/3618 1324/1022/3621 1326/1024/3619
f 1333/1031/3622 1323/1020/3558 1322/1019/3623
f 1333/1031/3622 1334/1030/3624 1323/1020/3558
f 1299/996/3625 1267/963/3626 1298/995/3627
f 1299/996/3625 1266/964/3628 1267/963/3626
f 1347/1044/3629 1328/1026/3630 1348/1045/3631
f 1347/1044/3629 1326/1024/3619 1328/1026/3632
f 1348/1045/3631 1330/1028/3633 1307/1004/3634
f 1348/1045/3635 1328/1026/3630 1330/1028/3636
f 1307/1004/3637 1336/1034/3638 1306/1002/3639
f 1307/1004/3640 1330/1028/3641 1336/1034/3642
f 1306/1002/3643 1350/1046/3644 1349/1047/3645
f 1306/1002/3646 1336/1034/3642 1350/1046/3644
f 1349/1047/3645 1352/1048/3647 1351/1049/3648
f 1349/1047/3645 1350/1046/3649 1352/1048/3650
f 1351/1049/3651 1354/1050/3652 1353/1051/3653
f 1351/1049/3651 1352/1048/3654 1354/1050/3652
f 1353/1051/3655 1356/1052/3656 1355/1053/3657
f 1353/1051/3655 1354/1050/3652 1356/1052/3656
f 1355/1053/3658 1358/1054/3659 1357/1055/3660
f 1355/1053/3658 1356/1052/3661 1358/1054/3659
f 1357/1055/3662 1360/1056/3663 1359/1057/3664
f 1357/1055/3665 1358/1054/3666 1360/1056/3667
f 1359/1057/3668 1362/1058/3669 1361/1059/3670
f 1359/1057/3671 1360/1056/3667 1362/1058/3669
f 1361/1059/3672 1364/1060/3673 1363/1061/3674
f 1361/1059/3672 1362/1058/3675 1364/1060/3673
f 1363/1061/3674 1366/1062/3676 1365/1063/3677
f 1363/1061/3678 1364/1060/3679 1366/1062/3680
f 1336/1034/3681 1367/1064/3682 1350/1046/3683
f 1336/1034/3681 1337/1033/3684 1367/1064/3682
f 1350/1046/3685 1368/1065/3686 1352/1048/3687
f 1350/1046/3685 1367/1064/3682 1368/1065/3688
f 1352/1048/3687 1369/1066/3689 1354/1050/3690
f 1352/1048/3687 1368/1065/3691 1369/1066/3689
f 1354/1050/3690 1370/1067/3692 1356/1052/3693
f 1354/1050/3690 1369/1066/3694 1370/1067/3692
f 1356/1052/3695 1371/1068/3696 1358/1054/3697
f 1356/1052/3693 1370/1067/3698 1371/1068/3699
f 1358/1054/3700 1372/1069/3701 1360/1056/3702
f 1358/1054/3697 1371/1068/3703 1372/1069/3701
f 1360/1056/3702 1373/1070/3704 1362/1058/3705
f 1360/1056/3702 1372/1069/3701 1373/1070/3706
f 1362/1058/3707 1374/1071/3708 1364/1060/3709
f 1362/1058/3705 1373/1070/3710 1374/1071/3708
f 1364/1060/3709 1375/1072/3711 1366/1062/3712
f 1364/1060/3709 1374/1071/3708 1375/1072/3713
f 1366/1062/3712 1377/1073/3714 1376/1074/3715
f 1366/1062/3712 1375/1072/3711 1377/1073/3716
f 1365/1063/3717 1376/1074/3718 1378/1075/3719
f 1365/1063/3677 1366/1062/3676 1376/1074/3718
f 1376/1074/3715 1314/1011/3720 1342/1039/3721
f 1376/1074/3722 1377/1073/3716 1314/1011/3720
f 1378/1075/3723 1342/1039/3724 1379/1076/3725
f 1378/1075/3726 1376/1074/3727 1342/1039/3724
f 1380/1077/3728 1316/1013/3729 1343/1040/3730
f 1380/1077/3731 1381/1078/3732 1316/1013/3729
f 1382/1079/3733 1381/1078/3734 1380/1077/3728
f 1382/1079/3733 1383/1080/3735 1381/1078/3734
f 1384/1081/3736 1383/1080/3737 1382/1079/3733
f 1384/1081/3738 1385/1082/3739 1383/1080/3735
f 1381/1078/3740 1319/1016/3741 1316/1013/3742
f 1381/1078/3740 1386/1083/3743 1319/1016/3744
f 1383/1080/3745 1386/1083/3746 1381/1078/3740
f 1383/1080/3745 1387/1084/3747 1386/1083/3743
f 1388/1085/3748 1385/1082/3739 1384/1081/3736
f 1388/1085/3748 1309/1007/3749 1385/1082/3750
f 1389/1086/3751 1309/1007/3752 1388/1085/3748
f 1389/1086/3751 1308/1005/3753 1309/1007/3752
f 1390/1087/3754 1308/1005/3753 1389/1086/3751
f 1390/1087/3754 1322/1019/3755 1308/1005/3753
f 1391/1088/3756 1322/1019/3757 1390/1087/3758
f 1391/1088/3759 1333/1031/3760 1322/1019/3757
f 1392/1089/3761 1333/1031/3762 1391/1088/3763
f 1392/1089/3761 1332/1029/3764 1333/1031/3762
f 1393/1090/3765 1332/1029/3766 1392/1089/3767
f 1393/1090/3765 1335/1032/3768 1332/1029/3769
f 1318/1014/3770 1394/1091/3771 1321/1017/3772
f 1318/1014/3773 1395/1092/3773 1394/1091/3774
f 1321/1017/3772 1396/1093/3775 1325/1021/3776
f 1321/1017/3772 1394/1091/3774 1396/1093/3775
f 1397/1094/3777 1335/1032/3778 1393/1090/3779
f 1397/1094/3777 1338/1035/3780 1335/1032/3778
f 1398/1095/3781 1338/1035/3782 1397/1094/3783
f 1398/1095/3781 1339/1036/3784 1338/1035/3782
f 1325/1021/3785 1399/1096/3786 1327/1023/3787
f 1325/1021/3785 1396/1093/3775 1399/1096/3786
f 1327/1023/3787 1400/1097/3788 1329/1025/3789
f 1327/1023/3787 1399/1096/3790 1400/1097/3788
f 1329/1025/3789 1401/1098/3791 1331/1027/3792
f 1329/1025/3789 1400/1097/3788 1401/1098/3791
f 1402/1099/3793 1339/1036/3794 1398/1095/3795
f 1402/1099/3793 1340/1037/3796 1339/1036/3794
f 1403/1100/3797 1340/1037/3796 1402/1099/3793
f 1403/1100/3797 1341/1038/3798 1340/1037/3796
f 1385/1082/3799 1387/1084/3800 1383/1080/3745
f 1385/1082/3801 1404/1101/3802 1387/1084/3747
f 1379/1076/3803 1341/1038/3798 1403/1100/3804
f 1379/1076/3803 1342/1039/3805 1341/1038/3798
f 1405/1102/3806 1344/1041/3807 1406/1103/3808
f 1405/1102/3806 1343/1040/3809 1344/1041/3807
f 1331/1027/3810 1407/1104/3811 1337/1033/3812
f 1331/1027/3810 1401/1098/3791 1407/1104/3811
f 1337/1033/3813 1408/1105/3814 1367/1064/3815
f 1337/1033/3813 1407/1104/3816 1408/1105/3814
f 1367/1064/3815 1409/1106/3817 1368/1065/3818
f 1367/1064/3815 1408/1105/3814 1409/1106/3819
f 1368/1065/3820 1410/1107/3821 1369/1066/3822
f 1368/1065/3818 1409/1106/3817 1410/1107/3821
f 1369/1066/3822 1411/1108/3823 1370/1067/3824
f 1369/1066/3825 1410/1107/3821 1411/1108/3823
f 1370/1067/3824 1412/1109/3826 1371/1068/3827
f 1370/1067/3824 1411/1108/3823 1412/1109/3828
f 1406/1103/3808 1345/1042/3829 1413/1110/3830
f 1406/1103/3808 1344/1041/3807 1345/1042/3831
f 1371/1068/3832 1414/1111/3833 1372/1069/3834
f 1371/1068/3835 1412/1109/3836 1414/1111/3837
f 1372/1069/3834 1415/1112/3838 1373/1070/3839
f 1372/1069/3840 1414/1111/3837 1415/1112/3838
f 1373/1070/3841 1416/1113/3842 1374/1071/3843
f 1373/1070/3841 1415/1112/3844 1416/1113/3845
f 1374/1071/3846 1417/1114/3847 1375/1072/3848
f 1374/1071/3843 1416/1113/3849 1417/1114/3847
f 1375/1072/3848 1418/1115/3850 1377/1073/3851
f 1375/1072/3852 1417/1114/3853 1418/1115/3854
f 1386/1083/3855 1419/1116/3856 1319/1016/3856
f 1386/1083/3855 1420/1117/3857 1419/1116/3856
f 1387/1084/3858 1420/1117/3859 1386/1083/3855
f 1387/1084/3860 1421/1118/3861 1420/1117/3859
f 1404/1101/3862 1421/1118/3863 1387/1084/3858
f 1404/1101/3864 1422/1119/3865 1421/1118/3863
f 1413/1110/3830 1346/1043/3866 1423/1120/3867
f 1413/1110/3868 1345/1042/3869 1346/1043/3870
f 1423/1120/3871 1347/1044/3872 1424/1121/3873
f 1423/1120/3874 1346/1043/3870 1347/1044/3875
f 1310/1006/3876 1422/1119/3877 1404/1101/3862
f 1310/1006/3876 1425/1122/3878 1422/1119/3877
f 1424/1121/3879 1348/1045/3880 1426/1123/3881
f 1424/1121/3879 1347/1044/3882 1348/1045/3880
f 1311/1008/3883 1425/1122/3878 1310/1006/3884
f 1311/1008/3883 1427/1124/3885 1425/1122/3886
f 1323/1020/3887 1427/1124/3888 1311/1008/3889
f 1323/1020/3887 1428/1125/3890 1427/1124/3885
f 1334/1030/3891 1428/1125/3892 1323/1020/3887
f 1334/1030/3891 1429/1126/3893 1428/1125/3892
f 1426/1123/3881 1307/1004/3894 1304/1001/3895
f 1426/1123/3881 1348/1045/3896 1307/1004/3894
f 1293/991/3506 1429/1126/3897 1334/1030/3898
f 1293/991/3506 1294/990/3505 1429/1126/3897
f 1309/1007/3531 1404/1101/3802 1385/1082/3899
f 1309/1007/3531 1310/1006/3534 1404/1101/3802
f 1305/1003/3525 1349/1047/3900 1430/1127/3901
f 1305/1003/3902 1306/1002/3903 1349/1047/3900
f 1430/1127/3904 1351/1049/3905 1431/1128/3906
f 1430/1127/3907 1349/1047/3900 1351/1049/3905
f 1431/1128/3906 1353/1051/3908 1432/1129/3909
f 1431/1128/3910 1351/1049/3911 1353/1051/3908
f 1432/1129/3909 1355/1053/3912 1433/1130/3913
f 1432/1129/3909 1353/1051/3908 1355/1053/3914
f 1433/1130/3915 1357/1055/3916 1434/1131/3917
f 1433/1130/3918 1355/1053/3919 1357/1055/3920
f 1434/1131/3917 1359/1057/3921 1435/1132/3922
f 1434/1131/3923 1357/1055/3924 1359/1057/3925
f 1435/1132/3926 1361/1059/3927 1436/1133/3928
f 1435/1132/3922 1359/1057/3921 1361/1059/3929
f 1436/1133/3930 1363/1061/3931 1437/1134/3932
f 1436/1133/3933 1361/1059/3934 1363/1061/3931
f 1437/1134/3932 1365/1063/3935 1438/1135/3936
f 1437/1134/3932 1363/1061/3931 1365/1063/3935
f 1438/1135/3937 1378/1075/3938 1439/1136/3939
f 1438/1135/3937 1365/1063/3940 1378/1075/3938
f 1439/1136/3939 1379/1076/3941 1440/1137/3942
f 1439/1136/3939 1378/1075/3938 1379/1076/3941
f 1441/1138/3943 1343/1040/3809 1405/1102/3944
f 1441/1138/3945 1380/1077/3946 1343/1040/3947
f 1442/1139/3948 1388/1085/3949 1443/1140/3950
f 1442/1139/3951 1389/1086/3951 1388/1085/3952
f 1444/1141/3953 1380/1077/3946 1441/1138/3945
f 1444/1141/3954 1382/1079/3955 1380/1077/3946
f 1445/1142/3956 1382/1079/3957 1444/1141/3958
f 1445/1142/3956 1384/1081/3959 1382/1079/3957
f 1443/1140/3950 1384/1081/3959 1445/1142/3960
f 1443/1140/3961 1388/1085/3962 1384/1081/3963
f 1446/1143/3964 1389/1086/3965 1442/1139/3965
f 1446/1143/3966 1390/1087/3967 1389/1086/3968
f 1447/1144/3969 1390/1087/3970 1446/1143/3971
f 1447/1144/3969 1391/1088/3972 1390/1087/3973
f 1448/1145/3974 1391/1088/3975 1447/1144/3976
f 1448/1145/3977 1392/1089/3978 1391/1088/3979
f 1449/1146/3980 1392/1089/3981 1448/1145/3982
f 1449/1146/3983 1393/1090/3983 1392/1089/3981
f 1450/1147/3984 1393/1090/3985 1449/1146/3985
f 1450/1147/3986 1397/1094/3987 1393/1090/3988
f 1451/1148/3989 1397/1094/3987 1450/1147/3990
f 1451/1148/3989 1398/1095/3991 1397/1094/3987
f 1452/1149/3992 1402/1099/3993 1453/1150/3994
f 1452/1149/3992 1403/1100/3995 1402/1099/3996
f 1440/1137/3997 1403/1100/3998 1452/1149/3992
f 1440/1137/3997 1379/1076/3999 1403/1100/3998
f 1280/976/4000 1406/1103/4001 1283/979/4002
f 1280/976/4003 1405/1102/4004 1406/1103/4005
f 1283/979/4006 1413/1110/4007 1284/981/4008
f 1283/979/4009 1406/1103/4010 1413/1110/4011
f 1284/981/4012 1423/1120/4013 1286/983/4014
f 1284/981/4012 1413/1110/4011 1423/1120/4015
f 1286/983/4014 1424/1121/4016 1288/985/4017
f 1286/983/4014 1423/1120/4018 1424/1121/4016
f 1288/985/4019 1426/1123/4020 1290/988/4021
f 1288/985/4017 1424/1121/4016 1426/1123/4022
f 1290/988/4023 1304/1001/4024 1235/933/4025
f 1290/988/4023 1426/1123/4020 1304/1001/4024
f 1235/933/4026 1305/1003/4027 1234/931/4028
f 1235/933/4026 1304/1001/4029 1305/1003/4027
f 1234/931/4028 1430/1127/4030 1238/935/4031
f 1234/931/4028 1305/1003/4032 1430/1127/4033
f 1238/935/4034 1431/1128/4035 1242/938/4036
f 1238/935/4034 1430/1127/4037 1431/1128/4038
f 1242/938/4036 1432/1129/4039 1241/939/4040
f 1242/938/4036 1431/1128/4035 1432/1129/4041
f 1241/939/4042 1433/1130/4043 1244/941/4044
f 1241/939/4040 1432/1129/4045 1433/1130/4046
f 1244/941/4047 1434/1131/4048 1247/944/4049
f 1244/941/4044 1433/1130/4043 1434/1131/4050
f 1247/944/4051 1435/1132/4052 1248/945/4053
f 1247/944/4054 1434/1131/4055 1435/1132/4056
f 1248/945/4057 1436/1133/4058 1251/948/4059
f 1248/945/4053 1435/1132/4060 1436/1133/4061
f 1251/948/4062 1437/1134/4063 1253/950/4064
f 1251/948/4062 1436/1133/4065 1437/1134/4063
f 1253/950/4066 1438/1135/4067 1255/952/4068
f 1253/950/4064 1437/1134/4069 1438/1135/4070
f 1255/952/4071 1439/1136/4072 1257/954/4073
f 1255/952/4071 1438/1135/4070 1439/1136/4074
f 1257/954/4075 1440/1137/4076 1258/955/4077
f 1257/954/4078 1439/1136/4079 1440/1137/4080
f 1281/978/4081 1405/1102/4082 1280/976/4083
f 1281/978/4081 1441/1138/4084 1405/1102/4082
f 1277/974/4085 1441/1138/4084 1281/978/4081
f 1277/974/4086 1444/1141/4087 1441/1138/4084
f 1275/972/4088 1444/1141/4087 1277/974/4085
f 1275/972/4088 1445/1142/4089 1444/1141/4087
f 1273/969/4090 1445/1142/4089 1275/972/4088
f 1273/969/4091 1443/1140/4092 1445/1142/4089
f 1270/966/4093 1443/1140/4094 1273/969/4090
f 1270/966/4095 1442/1139/4096 1443/1140/4097
f 1271/968/4098 1442/1139/4099 1270/966/4095
f 1271/968/4100 1446/1143/4101 1442/1139/4102
f 1298/995/4103 1446/1143/4104 1271/968/4098
f 1298/995/4105 1447/1144/4106 1446/1143/4107
f 1267/963/4108 1447/1144/4109 1298/995/4110
f 1267/963/4108 1448/1145/4111 1447/1144/4109
f 1265/961/4112 1448/1145/4113 1267/963/4114
f 1265/961/4115 1449/1146/4116 1448/1145/4113
f 1263/959/4117 1449/1146/4118 1265/961/4119
f 1263/959/4117 1450/1147/4120 1449/1146/4121
f 1261/957/4122 1450/1147/4123 1263/959/4124
f 1261/957/4122 1451/1148/4125 1450/1147/4126
f 1201/897/4127 1451/1148/4125 1261/957/4128
f 1201/897/4127 1453/1150/4129 1451/1148/4125
f 1199/896/4130 1453/1150/4131 1201/897/4127
f 1199/896/4130 1452/1149/4132 1453/1150/4133
f 1258/955/4134 1452/1149/4132 1199/896/4135
f 1258/955/4134 1440/1137/4136 1452/1149/4132
f 1419/1116/4137 1318/1014/3770 1319/1016/4137
f 1419/1116/4137 1395/1092/3770 1318/1014/4138
f 1418/1115/4139 1314/1011/4140 1377/1073/4141
f 1418/1115/4142 1315/1012/4143 1314/1011/4140
f 1453/1150/4144 1398/1095/3991 1451/1148/4145
f 1453/1150/4146 1402/1099/3993 1398/1095/3991
f 1454/1151/4147 1456/1152/4148 1455/1153/4149
f 1454/1151/4150 1457/1154/4151 1456/1152/4152
f 1457/1154/4153 1458/1155/4154 1456/1152/4155
f 1457/1154/4153 1459/1156/4156 1458/1155/4154
f 1460/1157/4157 1455/1153/4149 1461/1158/4158
f 1460/1157/4159 1454/1151/4150 1455/1153/4149
f 1459/1156/4156 1462/1159/4160 1458/1155/4161
f 1459/1156/4156 1463/1160/4162 1462/1159/4160
f 1464/1161/4163 1461/1158/4158 1465/1162/4164
f 1464/1161/4165 1460/1157/4159 1461/1158/4158
f 1463/1160/4162 1466/1163/4166 1462/1159/4160
f 1463/1160/4167 1467/1164/4168 1466/1163/4166
f 1468/1165/4169 1465/1162/4170 1469/1166/4171
f 1468/1165/4169 1464/1161/4165 1465/1162/4170
f 1467/1164/4168 1470/1167/4172 1466/1163/4173
f 1467/1164/4168 1471/1168/4174 1470/1167/4172
f 1472/1169/4175 1469/1166/4176 1473/1170/4177
f 1472/1169/4175 1468/1165/4169 1469/1166/4176
f 1471/1168/4178 1474/1171/4179 1470/1167/4180
f 1471/1168/4178 1475/1172/4181 1474/1171/4179
f 1476/1173/4182 1473/1170/4183 1477/1174/4184
f 1476/1173/4182 1472/1169/4175 1473/1170/4183
f 1475/1172/4185 1478/1175/4186 1474/1171/4187
f 1475/1172/4185 1479/1176/4188 1478/1175/4186
f 1480/1177/4189 1477/1174/4190 1481/1178/4191
f 1480/1177/4189 1476/1173/4182 1477/1174/4184
f 1479/1176/4192 1482/1179/4193 1478/1175/4194
f 1479/1176/4192 1483/1180/4195 1482/1179/4193
f 1484/1181/4196 1481/1178/4191 1485/1182/4197
f 1484/1181/4196 1480/1177/4198 1481/1178/4191
f 1483/1180/4195 1486/1183/4199 1482/1179/4193
f 1483/1180/4195 1487/1184/4200 1486/1183/4199
f 1488/1185/4201 1485/1182/4202 1489/1186/4203
f 1488/1185/4204 1484/1181/4205 1485/1182/4197
f 1487/1184/4200 1490/1187/4206 1486/1183/4199
f 1487/1184/4200 1491/1188/4207 1490/1187/4206
f 1492/1189/4208 1489/1186/4209 1493/1190/4210
f 1492/1189/4208 1488/1185/4201 1489/1186/4211
f 1491/1188/4212 1494/1191/4213 1490/1187/4214
f 1491/1188/4215 1495/1192/4216 1494/1191/4213
f 1496/1193/4217 1493/1190/4218 1497/1194/4219
f 1496/1193/4220 1492/1189/4208 1493/1190/4210
f 1495/1192/4216 1498/1195/4221 1494/1191/4222
f 1495/1192/4223 1499/1196/4224 1498/1195/4225
f 1500/1197/4226 1497/1194/4227 1501/1198/4228
f 1500/1197/4226 1496/1193/4229 1497/1194/4230
f 1499/1196/4231 1502/1199/4232 1498/1195/4221
f 1499/1196/4231 1503/1200/4233 1502/1199/4234
f 1504/1201/4235 1501/1198/4236 1505/1202/4237
f 1504/1201/4238 1500/1197/4226 1501/1198/4239
f 1503/1200/4240 1506/1203/4241 1502/1199/4234
f 1503/1200/4233 1507/1204/4242 1506/1203/4243
f 1508/1205/4244 1505/1202/4237 1509/1206/4245
f 1508/1205/4246 1504/1201/4235 1505/1202/4247
f 1507/1204/4242 1510/1207/4248 1506/1203/4249
f 1507/1204/4242 1511/1208/4250 1510/1207/4251
f 1512/1209/4252 1509/1206/4245 1513/1210/4253
f 1512/1209/4252 1508/1205/4244 1509/1206/4254
f 1511/1208/4250 1514/1211/4255 1510/1207/4256
f 1511/1208/4250 1515/1212/4257 1514/1211/4258
f 1515/1212/4257 1513/1210/4259 1514/1211/4258
f 1515/1212/4257 1512/1209/4252 1513/1210/4253
f 1455/1153/4260 1517/1213/4261 1516/1214/4262
f 1455/1153/4263 1456/1152/4264 1517/1213/3372
f 1456/1152/4264 1518/1215/3373 1517/1213/4261
f 1456/1152/4264 1458/1155/4265 1518/1215/4266
f 1461/1158/4267 1516/1214/4268 1519/1216/4269
f 1461/1158/4267 1455/1153/4260 1516/1214/4270
f 1458/1155/4271 1520/1217/4272 1518/1215/4273
f 1458/1155/4265 1462/1159/4274 1520/1217/3374
f 1465/1162/4275 1519/1216/4269 1521/1218/4276
f 1465/1162/4275 1461/1158/4267 1519/1216/4269
f 1462/1159/4277 1522/1219/4278 1520/1217/4272
f 1462/1159/4279 1466/1163/4280 1522/1219/4278
f 1469/1166/4281 1521/1218/4282 1523/1220/3366
f 1469/1166/4281 1465/1162/4275 1521/1218/4283
f 1466/1163/4284 1524/1221/3331 1522/1219/4278
f 1466/1163/4284 1470/1167/4285 1524/1221/3331
f 1473/1170/4286 1523/1220/4287 1525/1222/4288
f 1473/1170/4289 1469/1166/4281 1523/1220/4290
f 1470/1167/4285 1526/1223/4291 1524/1221/4292
f 1470/1167/4293 1474/1171/4294 1526/1223/3332
f 1477/1174/4295 1525/1222/4288 1527/1224/4296
f 1477/1174/4295 1473/1170/4289 1525/1222/4288
f 1474/1171/4294 1528/1225/3338 1526/1223/4291
f 1474/1171/4297 1478/1175/4298 1528/1225/3338
f 1481/1178/4299 1527/1224/4296 1529/1226/3363
f 1481/1178/4300 1477/1174/4295 1527/1224/4296
f 1478/1175/4301 1530/1227/4302 1528/1225/4303
f 1478/1175/4298 1482/1179/4304 1530/1227/3345
f 1485/1182/4305 1529/1226/4306 1531/1228/4307
f 1485/1182/4305 1481/1178/4299 1529/1226/4306
f 1482/1179/4308 1532/1229/4309 1530/1227/4310
f 1482/1179/4193 1486/1183/4311 1532/1229/4312
f 1489/1186/4313 1531/1228/4307 1533/1230/4314
f 1489/1186/4315 1485/1182/4305 1531/1228/4307
f 1486/1183/4316 1534/1231/4317 1532/1229/4309
f 1486/1183/4311 1490/1187/4318 1534/1231/4317
f 1493/1190/4319 1533/1230/4320 1535/1232/3340
f 1493/1190/4319 1489/1186/4315 1533/1230/4314
f 1490/1187/4321 1536/1233/4322 1534/1231/4317
f 1490/1187/4318 1494/1191/4323 1536/1233/4322
f 1497/1194/4324 1535/1232/3340 1537/1234/4325
f 1497/1194/4326 1493/1190/4210 1535/1232/3340
f 1494/1191/4327 1538/1235/4328 1536/1233/4329
f 1494/1191/4330 1498/1195/4331 1538/1235/4328
f 1501/1198/4332 1537/1234/4325 1539/1236/4333
f 1501/1198/4334 1497/1194/4326 1537/1234/4325
f 1498/1195/4331 1540/1237/4335 1538/1235/4336
f 1498/1195/4225 1502/1199/4337 1540/1237/4338
f 1505/1202/4339 1539/1236/4333 1541/1238/4340
f 1505/1202/4341 1501/1198/4332 1539/1236/4333
f 1502/1199/4337 1542/1239/3355 1540/1237/4338
f 1502/1199/4337 1506/1203/4342 1542/1239/4343
f 1509/1206/4344 1541/1238/4340 1543/1240/4345
f 1509/1206/4344 1505/1202/4341 1541/1238/4340
f 1506/1203/4342 1544/1241/4346 1542/1239/3355
f 1506/1203/4342 1510/1207/4347 1544/1241/4348
f 1513/1210/4349 1543/1240/3361 1545/1242/4350
f 1513/1210/4351 1509/1206/4352 1543/1240/4345
f 1510/1207/4353 1546/1243/4354 1544/1241/4346
f 1510/1207/4353 1514/1211/4355 1546/1243/4356
f 1514/1211/4355 1545/1242/4350 1546/1243/4357
f 1514/1211/4358 1513/1210/4351 1545/1242/4350
