# Blender 4.2.3 LTS
# www.blender.org
mtllib cover.mtl
o dynamic
v -834.062317 -366.722321 419.689911
v -838.286804 -372.401367 422.830353
v -837.981689 -372.484253 422.919739
v -815.167969 -372.235931 421.069824
v -814.675049 -380.304138 420.903168
v -814.803406 -373.923004 424.171509
v -815.054016 -378.557526 417.645477
v -852.438904 -379.862396 436.774017
v -839.752930 -373.321594 424.962646
v -841.847717 -375.748657 428.677948
v -849.969238 -380.278778 437.125702
v -856.909546 -382.943298 442.069305
v -852.836426 -383.254395 442.787781
v -863.398743 -382.999603 442.333008
v -860.285950 -382.953705 441.998596
v -857.629211 -380.617523 437.181793
v -839.224609 -373.700928 425.477570
v -838.710022 -372.104767 422.702911
v -837.563721 -372.037659 422.627106
v -849.587891 -383.454895 444.022583
v -849.470032 -383.649597 443.560394
v -848.169495 -381.650116 439.097595
v -837.574158 -371.743958 422.887604
v -832.957703 -369.334534 417.813263
v -833.183289 -369.161896 418.370941
v -830.188171 -367.355835 414.256287
v -830.416077 -367.214355 414.814575
v -827.348267 -364.049683 409.160217
v -826.908264 -358.005188 411.749603
v -826.892517 -358.241730 411.522034
v -824.429077 -356.507935 407.362091
v -830.335571 -361.528076 416.316986
v -830.307434 -361.669495 416.056915
v -837.981689 -372.484253 422.919739
v -834.096069 -366.513947 419.990143
v -838.016174 -372.193359 423.221405
v -838.461182 -372.138092 423.157104
v -836.011169 -365.923553 419.966705
v -839.211365 -372.100891 422.948730
v -838.678711 -365.447815 419.439117
v -839.737854 -372.025238 422.799347
v -841.340149 -366.073792 418.338287
v -841.407593 -365.860687 418.640686
v -842.823303 -360.463745 414.064789
v -844.175781 -354.954559 400.016998
v -844.176025 -355.156372 400.483673
v -844.309814 -354.756470 403.644257
v -843.778259 -356.747253 398.815765
v -843.793640 -356.835388 399.601105
v -843.571228 -359.296997 401.529877
v -843.573486 -359.387177 400.971344
v -843.215576 -365.895233 411.933716
v -843.446045 -363.368164 406.667633
v -843.044006 -366.642639 412.607544
v -839.949951 -372.202698 423.728302
v -839.958618 -372.602325 423.504242
v -842.047791 -373.560547 424.997711
v -847.968933 -375.456818 427.984650
v -847.882874 -375.777924 427.732239
v -855.211792 -378.294006 431.797058
v -866.045837 -382.812103 442.870728
v -860.006409 -380.633972 437.264832
v -853.283142 -378.518677 432.648865
v -846.560059 -375.757996 428.291931
v -840.071228 -371.780487 422.058838
v -838.191772 -368.552795 416.221680
v -834.826904 -364.044556 406.283447
v -827.130371 -364.019775 408.378052
v -835.376709 -355.790558 410.362183
v -836.582764 -359.795227 415.679047
v -833.890198 -360.336823 416.132782
v -839.522888 -359.853058 415.034149
v -839.264343 -355.821960 409.711304
v -837.669373 -353.902496 404.472809
v -841.001831 -354.194550 404.027557
v -842.256897 -368.419769 415.911865
v -833.764282 -357.820160 399.228790
v -834.309814 -360.871460 401.518616
v -838.897583 -360.259674 400.964111
v -833.793640 -355.112152 400.848907
v -829.559204 -358.233917 400.394073
v -834.351318 -353.995911 405.023712
v -838.346924 -357.392639 398.691254
v -839.200745 -354.870972 400.170898
v -838.770386 -363.238403 405.231140
v -830.808960 -361.135773 402.436157
v -825.136475 -361.215668 404.839600
v -823.875732 -358.904266 403.198456
v -825.102356 -361.125824 405.361511
v -829.013977 -355.731995 402.061798
v -823.535278 -357.071411 404.482605
v -830.152527 -354.637451 405.926117
v -832.025513 -356.384979 411.074219
v -843.817261 -356.689514 408.557037
v -861.818420 -380.457123 437.218811
v -868.108154 -382.451996 443.392517
v -863.507751 -382.822327 442.807404
v -846.141602 -379.356598 434.495026
v -853.471619 -382.992279 443.139587
v -857.079224 -382.721802 442.562775
v -860.745544 -382.755493 442.521606
v -845.651794 -378.759186 434.063416
v -838.869385 -373.108398 425.304810
v -848.203308 -381.482025 439.491180
v -823.841858 -358.976807 403.928223
v -834.062317 -366.722321 419.689911
v -839.758118 -372.238068 422.531433
v -842.726013 -360.620819 413.812164
v -843.418457 -362.378632 405.735504
v -842.116699 -368.364716 416.566040
v -840.024597 -371.519257 422.419037
v -842.066589 -373.249359 425.245911
v -855.364624 -377.976166 432.085114
v -861.353577 -380.080048 436.995789
v -868.279358 -382.284668 443.868164
v -865.988159 -382.623169 443.321869
v -848.185242 -376.644623 431.395935
v -839.058289 -372.664276 424.619385
v -851.430420 -379.105713 436.312103
v -839.427917 -372.303650 423.866638
v -846.662231 -375.475586 428.545013
v -853.567627 -378.155273 432.837219
v -858.291321 -380.627594 438.077545
v -865.988159 -382.623169 443.321869
v -863.507751 -382.822327 442.807404
v -861.353577 -380.080048 436.995789
v -860.745544 -382.755493 442.521606
v -857.079224 -382.721802 442.562775
v -850.009460 -379.967255 437.453430
v -853.471619 -382.992279 443.139587
v -848.203308 -381.482025 439.491180
v -849.587891 -383.454895 444.022583
v -845.651794 -378.759186 434.063416
v -838.869385 -373.108398 425.304810
v -837.574158 -371.743958 422.887604
v -838.070496 -367.607941 415.210327
v -833.183289 -369.161896 418.370941
v -830.416077 -367.214355 414.814575
v -831.500305 -363.458588 406.651428
v -834.754089 -365.391937 410.208313
v -827.348267 -364.049683 409.160217
v -830.454712 -361.010895 403.129272
v -825.102356 -361.125824 405.361511
v -829.700256 -358.350983 401.178711
v -823.841858 -358.976807 403.928223
v -828.855957 -355.949738 402.643616
v -823.535278 -357.071411 404.482605
v -824.429077 -356.507935 407.362091
v -827.720764 -355.574677 406.489807
v -826.892517 -358.241730 411.522034
v -830.307434 -361.669495 416.056915
v -831.700317 -356.638428 410.853851
v -832.556213 -354.418457 405.452057
v -835.332642 -356.034271 410.140259
v -834.235901 -360.462524 415.774353
v -836.528381 -360.007477 415.379883
v -835.876465 -366.229218 419.658447
v -834.062317 -366.722321 419.689911
v -838.286804 -372.401367 422.830353
v -838.873047 -372.387482 422.680054
v -838.078918 -365.784363 419.322021
v -840.118347 -365.875671 418.719818
v -839.218689 -372.300873 422.646149
v -839.165649 -360.073975 414.822205
v -838.862793 -356.061371 409.571167
v -842.726013 -360.620819 413.812164
v -841.340149 -366.073792 418.338287
v -839.758118 -372.238068 422.531433
v -843.817261 -356.689514 408.557037
v -840.968750 -354.454987 404.039886
v -844.309814 -354.756470 403.644257
v -844.176025 -355.156372 400.483673
v -838.533752 -355.052399 400.771240
v -837.633728 -354.168427 404.496704
v -833.788818 -355.338409 401.369995
v -838.076416 -357.504974 399.582825
v -843.793640 -356.835388 399.601105
v -843.571228 -359.296997 401.529877
v -843.418457 -362.378632 405.735504
v -837.856323 -360.393005 401.730255
v -833.746765 -357.871002 400.107147
v -834.287720 -360.730408 402.142090
v -837.041138 -363.177124 405.647095
v -839.667908 -364.821930 409.405518
v -843.215576 -365.895233 411.933716
v -842.116699 -368.364716 416.566040
v -840.024597 -371.519257 422.419037
v -839.949951 -372.202698 423.728302
v -842.066589 -373.249359 425.245911
v -847.968933 -375.456818 427.984650
v -855.364624 -377.976166 432.085114
v -868.279358 -382.284668 443.868164
v -848.851379 -367.596039 414.471588
v -841.022278 -371.158630 420.941711
v -850.441345 -365.739197 410.571014
v -854.069519 -368.323456 413.939697
v -846.297852 -369.967346 418.084412
v -859.029297 -365.158875 409.053406
v -858.260742 -362.730042 405.088562
v -839.924561 -372.323517 423.014130
v -848.318298 -370.828705 418.702423
v -839.041687 -371.925476 422.425323
v -837.945435 -372.963348 424.348083
v -838.781372 -373.700043 425.628448
v -840.456482 -373.294800 424.806427
v -840.407776 -372.517487 423.469757
v -842.545654 -371.849548 421.824005
v -842.572388 -371.481628 421.943451
v -840.425537 -372.166687 423.601532
v -840.433350 -372.893005 424.923523
v -842.482483 -376.662598 431.028870
v -842.299072 -375.936218 430.544891
v -843.176758 -378.511597 434.389771
v -843.193298 -378.192841 434.618591
v -843.372559 -380.009247 437.860199
v -843.367554 -380.291809 437.575958
v -843.336853 -384.220825 446.021545
v -838.011658 -378.029144 433.327271
v -838.133606 -382.924591 441.215759
v -838.509888 -380.474487 436.978546
v -834.845764 -380.043854 436.271027
v -833.109436 -382.342438 440.028931
v -830.146423 -377.547058 432.926941
v -827.120911 -380.499786 438.529388
v -830.363770 -383.855621 444.169159
v -834.107178 -384.598419 445.031189
v -837.967224 -384.786438 445.738739
v -833.470032 -384.857544 448.821838
v -833.512085 -382.054382 450.227081
v -838.423706 -385.143707 449.631287
v -829.234253 -384.055359 447.715576
v -823.701416 -382.030060 445.525421
v -825.022217 -381.908081 442.717896
v -828.592041 -381.265106 448.868591
v -827.596985 -377.406799 446.831421
v -830.857422 -377.611877 448.074127
v -823.356628 -379.924072 446.368317
v -824.317383 -377.244171 445.295013
v -826.911804 -374.403656 441.717468
v -826.901001 -374.709686 441.653290
v -830.478699 -372.451843 436.397858
v -830.455261 -372.785736 436.392365
v -834.359497 -372.504608 430.276215
v -834.807007 -372.064026 429.682739
v -837.701782 -371.827911 431.218445
v -839.291565 -372.629364 424.035034
v -838.457825 -372.567871 423.837708
v -838.410095 -372.944519 423.777069
v -833.810974 -372.065063 437.598145
v -831.316528 -374.157440 443.444794
v -835.312073 -374.449493 444.544189
v -836.700317 -372.161469 438.316803
v -839.497253 -372.733734 438.633942
v -839.011780 -375.004578 444.953888
v -842.896790 -373.910156 438.797180
v -841.584961 -372.887329 431.310242
v -840.157043 -373.220367 424.199585
v -840.218872 -372.828827 424.255188
v -842.801147 -374.251801 438.780151
v -841.481445 -373.264557 431.252197
v -843.717041 -376.570129 444.948425
v -840.776794 -378.993469 449.433563
v -844.090942 -379.670319 449.222473
v -843.866272 -382.790771 451.042267
v -843.872192 -382.522308 450.616058
v -838.663879 -382.527222 450.901855
v -837.450012 -378.392548 449.359222
v -843.473267 -384.802704 450.158020
v -843.326172 -383.746887 445.905670
v -843.497437 -384.171143 449.666992
v -834.147888 -377.966858 448.908264
v -823.681763 -381.425629 445.079803
v -824.998352 -381.408325 442.536316
v -827.001343 -380.187775 438.837616
v -829.099304 -378.203308 434.875916
v -830.551025 -376.872498 432.494415
v -833.445129 -375.032410 428.930206
v -837.997437 -372.530426 424.376343
v -833.121948 -375.577606 429.194244
v -833.904358 -377.549286 432.538971
v -839.362061 -371.355011 422.030212
v -846.383728 -367.118713 412.758667
v -843.268921 -369.504272 416.916595
v -846.926514 -367.018768 411.935638
v -849.079102 -364.407318 407.554596
v -849.120239 -364.034607 407.477417
v -850.520386 -361.716095 403.438599
v -854.259155 -362.345886 404.397675
v -854.174805 -361.766479 404.270813
v -858.153992 -362.250916 404.969208
v -861.328918 -362.796753 405.141235
v -861.435181 -362.323273 405.050446
v -864.518555 -362.129822 404.914978
v -864.393127 -362.615753 405.003021
v -867.071960 -361.653290 404.841919
v -866.947388 -362.138428 404.953156
v -862.673096 -365.542480 409.883453
v -860.873657 -365.597778 409.652710
v -869.124451 -361.464172 405.011292
v -869.291443 -361.038208 404.911621
v -862.838867 -365.102570 409.894562
v -855.918762 -368.842743 414.487274
v -856.064941 -368.433533 414.584686
v -848.559509 -370.434479 418.753632
v -850.640137 -361.337189 403.403534
v -839.362061 -371.355011 422.030212
v -840.483704 -371.444702 422.292023
v -846.006348 -368.546204 417.125977
v -839.635437 -372.157593 423.710693
v -837.997437 -372.530426 424.376343
v -850.791199 -365.155243 410.300842
v -846.383728 -367.118713 412.758667
v -849.120239 -364.034607 407.477417
v -854.174805 -361.766479 404.270813
v -850.640137 -361.337189 403.403534
v -858.153992 -362.250916 404.969208
v -854.321533 -364.323608 409.162964
v -861.435181 -362.323273 405.050446
v -859.117065 -364.855438 409.275513
v -864.518555 -362.129822 404.914978
v -867.071960 -361.653290 404.841919
v -862.838867 -365.102570 409.894562
v -861.059998 -365.153748 409.662842
v -869.291443 -361.038208 404.911621
v -854.231567 -367.817413 413.891754
v -847.268799 -369.974304 418.405029
v -856.064941 -368.433533 414.584686
v -848.559509 -370.434479 418.753632
v -842.572388 -371.481628 421.943451
v -840.425537 -372.166687 423.601532
v -840.433350 -372.893005 424.923523
v -837.703491 -376.871979 432.180664
v -842.299072 -375.936218 430.544891
v -843.193298 -378.192841 434.618591
v -840.075073 -377.941437 433.975342
v -843.372559 -380.009247 437.860199
v -838.104797 -382.530212 441.275482
v -843.326172 -383.746887 445.905670
v -838.477539 -380.180359 437.244598
v -833.753723 -382.031830 440.247894
v -834.805664 -379.752960 436.541748
v -829.099304 -378.203308 434.875916
v -827.001343 -380.187775 438.837616
v -830.551025 -376.872498 432.494415
v -833.445129 -375.032410 428.930206
v -830.734558 -383.357391 444.057770
v -824.998352 -381.408325 442.536316
v -829.469666 -383.466553 447.242950
v -823.681763 -381.425629 445.079803
v -828.663757 -380.987122 448.423706
v -823.356628 -379.924072 446.368317
v -824.317383 -377.244171 445.295013
v -827.577698 -377.489655 446.630890
v -826.901001 -374.709686 441.653290
v -829.689880 -374.534973 442.807404
v -830.455261 -372.785736 436.392365
v -834.359497 -372.504608 430.276215
v -834.297424 -372.388947 437.611206
v -833.754517 -374.505035 444.006561
v -838.350647 -372.777222 438.453522
v -835.562317 -372.312042 430.711517
v -838.107605 -372.290863 431.208344
v -839.181641 -373.054871 423.990295
v -840.157043 -373.220367 424.199585
v -841.481445 -373.264557 431.252197
v -842.801147 -374.251801 438.780151
v -838.815063 -375.275604 444.828033
v -843.717041 -376.570129 444.948425
v -844.090942 -379.670319 449.222473
v -840.731567 -379.078033 449.226807
v -837.424744 -378.542023 449.118713
v -838.849060 -382.242401 450.440247
v -843.497437 -384.171143 449.666992
v -837.796082 -384.469299 448.988434
v -833.523071 -381.761383 449.746307
v -843.872192 -382.522308 450.616058
v -832.381775 -377.842163 448.275299
v -833.486206 -384.202087 448.272919
v -838.406494 -384.240936 445.642059
v -834.095886 -384.002441 444.800262
v -838.410095 -372.944519 423.777069
v -827.196411 -370.440826 419.241943
v -823.835388 -369.986206 417.428497
v -823.392273 -369.606049 417.638611
v -827.547913 -370.896729 418.953644
v -832.193970 -371.320068 420.672363
v -830.263672 -371.494568 421.023346
v -838.194824 -371.974030 421.708862
v -817.806885 -369.929962 418.530853
v -817.690674 -368.080170 414.973999
v -832.082275 -373.901123 425.369690
v -839.962952 -373.748718 424.956665
v -815.860168 -371.957733 422.175476
v -825.958008 -374.036072 425.866791
v -821.303101 -374.451202 426.633942
v -826.476074 -374.589966 425.681091
v -822.016724 -374.894379 426.513214
v -819.067322 -375.264374 427.231384
v -815.146790 -375.473236 428.136292
v -814.735168 -377.631836 426.983795
v -815.491089 -376.215546 427.763885
v -815.586548 -375.927643 427.905487
v -815.716858 -375.767212 427.971924
v -816.124573 -375.677582 427.908417
v -814.825317 -375.867828 427.692963
v -815.128601 -373.511230 424.841125
v -815.177490 -375.186951 428.015625
v -814.803406 -373.923004 424.171509
v -814.675049 -380.304138 420.903168
v -815.167969 -372.235931 421.069824
v -815.987000 -370.544769 417.881836
v -815.484680 -371.741821 421.641235
v -816.078491 -370.306335 418.927795
v -816.803284 -369.215912 416.993866
v -817.411499 -368.617981 414.375275
v -817.667480 -368.307526 414.554718
v -818.381409 -368.262238 415.008667
v -818.653137 -368.550446 414.827179
v -818.272339 -368.525909 414.613495
v -818.121582 -368.709442 414.471802
v -817.937073 -369.819122 413.818390
v -817.898743 -371.494385 412.878082
v -817.325806 -374.845947 410.866241
v -817.909973 -373.561218 411.711212
v -817.678589 -374.791687 411.005890
v -817.658447 -374.973022 411.080933
v -816.704407 -376.253357 413.407257
v -815.912964 -376.759094 414.321655
v -815.668823 -378.102753 416.847870
v -816.114990 -377.178650 415.111572
v -815.054016 -378.557526 417.645477
v -815.346191 -379.070465 418.567871
v -815.147217 -380.013306 420.281860
v -815.074036 -380.926086 421.977417
v -815.110046 -382.166931 424.260803
v -814.714661 -382.214386 424.399445
v -815.401001 -382.265961 424.442139
v -815.401001 -382.265961 424.442139
v -815.318115 -380.866852 425.203674
v -815.350891 -377.214447 427.232452
v -819.504333 -368.744110 415.265839
v -832.317383 -374.396423 425.172394
v -839.729675 -374.044342 425.447968
v -839.797424 -374.496338 425.249634
v -849.379456 -374.667145 426.357574
v -849.110168 -375.115814 426.132294
v -859.050354 -375.995911 427.516052
v -862.761536 -375.918457 428.196228
v -874.243958 -377.681183 430.001129
v -883.633301 -378.207092 431.731323
v -883.382385 -378.688049 431.659485
v -885.419312 -378.902191 431.867462
v -884.601868 -378.965576 431.749390
v -884.882019 -379.208557 431.658447
v -885.892578 -380.154419 431.095581
v -885.169556 -380.190338 431.168182
v -885.771851 -385.342438 428.286346
v -885.190247 -384.273865 428.910583
v -885.538391 -385.381500 428.351746
v -880.453003 -382.405243 423.045532
v -885.438660 -385.506378 428.263763
v -883.224487 -384.287323 426.019745
v -881.033691 -383.056763 423.950714
v -877.668213 -381.322388 420.785217
v -873.611328 -379.267853 417.193176
v -873.677917 -379.022614 416.941498
v -873.635254 -372.826202 420.422638
v -873.254944 -373.885254 419.907928
v -873.230042 -377.892273 417.646301
v -873.946533 -372.711548 420.574432
v -873.320618 -372.336243 420.719757
v -879.887146 -375.722839 425.930725
v -878.542664 -374.893921 425.474579
v -885.542603 -378.788818 431.536041
v -885.065796 -378.440552 431.805847
v -882.390930 -377.369446 430.290192
v -855.716614 -374.825806 426.435089
v -878.487122 -375.242859 426.451019
v -855.565125 -374.069458 425.103729
v -845.157166 -372.327026 422.085419
v -845.677124 -372.724762 421.876038
v -853.775452 -372.792877 421.751068
v -854.737122 -372.420868 422.031250
v -866.374878 -372.632751 421.058990
v -860.533386 -372.772095 421.443390
v -871.951843 -372.609802 420.667084
v -865.229370 -372.305695 421.510376
v -872.593567 -372.244202 421.046448
v -872.810547 -372.676392 420.575684
v -873.026489 -372.910095 420.437714
v -838.405396 -372.443695 421.465729
v -832.371155 -371.735321 420.410095
v -885.542603 -378.788818 431.536041
v -885.065796 -378.440552 431.805847
v -885.419312 -378.902191 431.867462
v -863.390930 -403.735443 477.525391
v -859.635193 -404.702637 480.010712
v -859.541565 -405.320465 480.200714
v -867.111755 -402.108795 474.339905
v -863.411194 -403.095520 477.157410
v -863.043457 -410.314209 474.310455
v -866.900269 -408.621216 471.028809
v -871.148010 -406.274261 466.635284
v -870.564453 -400.200928 470.801849
v -874.777100 -403.850281 462.360443
v -877.873840 -401.566742 457.783569
v -880.729858 -399.271515 453.751465
v -885.642578 -394.844055 445.278687
v -875.247375 -397.186768 465.117828
v -885.502869 -388.543793 449.199860
v -886.154053 -394.403351 444.759430
v -880.690613 -393.032745 457.208374
v -880.132385 -392.767761 457.661041
v -873.900879 -397.576599 466.542633
v -878.458862 -392.846802 458.113312
v -884.842834 -388.503387 449.793823
v -890.863892 -382.731049 438.909271
v -889.878479 -382.369385 438.603058
v -890.861938 -382.158813 438.017883
v -888.999023 -380.958801 435.938690
v -849.837830 -384.358154 443.358978
v -868.067322 -370.264648 416.882660
v -815.884216 -376.942383 430.397461
v -853.709900 -406.257385 483.176514
v -824.935608 -364.224213 406.890015
v -830.529480 -386.574249 447.716125
v -821.762268 -380.978394 437.713104
v -848.350220 -407.019226 484.742828
v -822.280762 -393.253815 460.234253
v -823.689880 -400.135284 472.716370
v -827.904175 -403.334381 478.491394
v -830.833801 -404.940796 481.277985
v -840.631531 -407.203918 485.175934
v -823.577576 -391.642120 457.187469
v -827.643616 -383.307343 441.828033
v -820.691833 -366.227020 410.705200
v -839.654846 -362.787720 403.906311
v -831.703430 -385.084412 445.139709
v -815.384521 -373.890961 424.912354
v -831.452881 -362.844208 404.204834
v -882.218994 -377.212891 429.233398
v -873.262756 -372.583099 420.882782
v -888.598328 -380.674194 435.019562
v -879.915771 -375.977509 426.243622
v -875.338684 -373.718689 422.012970
v -889.181458 -381.142365 435.262756
v -880.921631 -382.937439 423.653015
v -875.390503 -379.947357 418.585938
v -869.746399 -377.426544 413.909332
v -867.500549 -370.043396 415.657928
v -861.488953 -367.562866 411.690765
v -865.370300 -375.609406 410.614960
v -861.026428 -373.940247 407.699890
v -856.603333 -372.466064 405.154816
v -857.112610 -366.091949 409.124481
v -852.359009 -364.989960 406.631409
v -852.706970 -364.864502 407.372986
v -847.942749 -363.830872 405.489532
v -843.804260 -363.202240 404.345276
v -847.866699 -364.081299 404.957886
v -843.478760 -363.367157 403.799622
v -852.128845 -371.302277 403.066254
v -847.607605 -370.323700 401.434296
v -843.321594 -369.638702 400.314117
v -839.338135 -369.283142 399.696472
v -839.223755 -362.856384 403.263245
v -835.173401 -369.164154 399.646759
v -835.036255 -362.663422 403.393097
v -831.406982 -369.392822 400.133942
v -831.433899 -363.135010 403.621918
v -827.784607 -369.894257 401.190247
v -827.920959 -363.400848 404.970398
v -824.731934 -364.355591 406.341766
v -824.534485 -370.772217 402.839233
v -821.966736 -365.544586 408.526215
v -821.727600 -371.928253 405.097473
v -819.571228 -366.984375 411.249908
v -819.323608 -373.398804 407.864594
v -817.657104 -368.660706 414.311127
v -817.432312 -375.078583 410.944122
v -816.235596 -370.404999 417.589813
v -816.006348 -376.884033 414.313324
v -815.156128 -378.724274 417.641296
v -815.428650 -372.084045 421.138306
v -817.006470 -369.551361 416.797424
v -814.930969 -374.081451 424.446503
v -814.785522 -380.706757 421.231598
v -815.021729 -375.966705 427.786285
v -814.882324 -382.371704 424.376709
v -815.772888 -377.629639 430.813080
v -817.432739 -378.847015 433.543701
v -815.637695 -384.024292 427.356842
v -817.188782 -385.462067 429.952301
v -819.221191 -379.987671 435.574738
v -819.220093 -386.736053 432.175690
v -822.031616 -381.641815 438.110718
v -822.300476 -388.251648 434.910492
v -827.790466 -390.483032 438.806274
v -828.072083 -384.066040 442.439758
v -824.220581 -382.183289 439.665222
v -829.848206 -384.849762 444.119904
v -830.537537 -385.747345 445.591797
v -829.519714 -391.354797 440.479279
v -830.314758 -392.234253 442.072876
v -830.038879 -393.218689 443.802826
v -830.250366 -386.700775 447.221436
v -828.872925 -394.298920 445.795166
v -829.227478 -387.579315 449.190369
v -824.728516 -390.635193 454.782501
v -825.275818 -390.209930 454.480957
v -822.825745 -392.383820 457.872406
v -822.713928 -398.829224 454.254913
v -824.697083 -397.093475 451.012299
v -821.615601 -400.250458 456.895355
v -821.032776 -401.835297 459.743164
v -821.735535 -393.824493 460.512726
v -821.258667 -395.245667 463.385834
v -821.375244 -396.956818 466.573578
v -821.103699 -403.461731 462.788513
v -821.803589 -405.222687 466.020020
v -823.121521 -406.950623 469.214447
v -822.105042 -398.691956 469.733765
v -823.317566 -400.643738 472.754761
v -825.521912 -402.042633 475.937836
v -825.197876 -402.436401 475.779083
v -825.028442 -408.686005 472.308838
v -827.475281 -410.321564 475.276123
v -827.604980 -403.934448 478.675079
v -830.113403 -411.652710 477.641846
v -830.358887 -405.412079 481.139648
v -833.292053 -412.839417 479.729492
v -833.693665 -406.285675 483.311310
v -836.683594 -413.703705 481.206512
v -836.978699 -407.136353 484.689301
v -840.319702 -414.236938 481.972076
v -843.844299 -414.320038 482.153961
v -840.399658 -407.783661 485.413757
v -844.291931 -407.679504 485.554474
v -847.826538 -414.159698 481.674286
v -847.919250 -407.705444 485.119232
v -851.840454 -407.173615 484.067505
v -851.573181 -413.650391 480.723267
v -855.508667 -412.797913 479.032227
v -859.358887 -411.670380 476.837830
v -855.719177 -406.326477 482.413300
v -889.298950 -387.461151 431.927460
v -888.905945 -387.433258 431.652832
v -891.164490 -388.814667 434.122131
v -891.302002 -382.721161 438.035919
v -890.996826 -382.202362 437.382935
v -891.201782 -389.274139 435.224182
v -890.946350 -389.535950 435.411957
v -890.769775 -383.573700 439.547485
v -868.830872 -400.657593 472.365662
v -819.404602 -385.918823 430.938690
v -821.511658 -381.095612 436.225647
v -823.902161 -388.270569 435.183167
v -817.363403 -384.041138 427.627350
v -818.973267 -379.524902 433.395142
v -815.637695 -384.024292 427.356842
v -817.188782 -385.462067 429.952301
v -819.220093 -386.736053 432.175690
v -822.300476 -388.251648 434.910492
v -828.933228 -390.355896 438.815765
v -827.790466 -390.483032 438.806274
v -829.519714 -391.354797 440.479279
v -830.639282 -391.292267 440.460815
v -830.438049 -385.040588 443.244843
v -831.521240 -386.141785 445.230347
v -831.385559 -392.143036 441.967163
v -830.314758 -392.234253 442.072876
v -825.286926 -382.830139 439.345428
v -814.882324 -382.371704 424.376709
v -816.666504 -382.477692 424.685516
v -814.785522 -380.706757 421.231598
v -816.602295 -380.019653 420.176483
v -816.804626 -376.484741 427.968018
v -816.820862 -373.669525 422.738678
v -818.214722 -376.362793 413.467438
v -818.641235 -370.038605 416.055115
v -820.946106 -373.742798 408.609894
v -821.078613 -367.830017 411.883331
v -823.208862 -372.349884 405.962982
v -823.336914 -366.365540 409.261261
v -826.011292 -365.278381 407.083923
v -825.881531 -371.185638 403.798645
v -828.921814 -370.373199 402.238190
v -829.051575 -364.465881 405.523438
v -824.534485 -370.772217 402.839233
v -828.921814 -370.373199 402.238190
v -821.727600 -371.928253 405.097473
v -832.279602 -369.841614 401.243408
v -827.784607 -369.894257 401.190247
v -831.406982 -369.392822 400.133942
v -835.912354 -369.632874 400.747681
v -835.173401 -369.164154 399.646759
v -839.759644 -369.712677 400.791718
v -839.338135 -369.283142 399.696472
v -843.321594 -369.638702 400.314117
v -845.592346 -370.392731 401.794067
v -847.607605 -370.323700 401.434296
v -852.128845 -371.302277 403.066254
v -856.603333 -372.466064 405.154816
v -854.160889 -372.181610 404.928986
v -862.141113 -374.833313 409.528442
v -850.579956 -365.372131 406.685364
v -858.718506 -367.615021 410.620941
v -861.026428 -373.940247 407.699890
v -865.370300 -375.609406 410.614960
v -869.746399 -377.426544 413.909332
v -880.921631 -382.937439 423.653015
v -870.481873 -378.392395 415.845642
v -879.529846 -382.943634 424.028534
v -876.802429 -375.544250 424.653839
v -866.973450 -370.822540 416.306396
v -889.065308 -382.438110 436.963135
v -889.158020 -388.492004 433.844452
v -889.595520 -383.072296 438.120209
v -889.564758 -389.038116 434.866455
v -891.164490 -388.814667 434.122131
v -888.905945 -387.433258 431.652832
v -843.883728 -364.188232 404.713959
v -839.873901 -363.811859 404.085358
v -836.026978 -363.732086 404.041351
v -819.323608 -373.398804 407.864594
v -817.432312 -375.078583 410.944122
v -816.006348 -376.884033 414.313324
v -815.156128 -378.724274 417.641296
v -817.506165 -378.119446 430.884583
v -879.520447 -399.081909 453.509857
v -882.959961 -390.083801 451.087646
v -884.580017 -394.433960 444.828857
v -876.812500 -395.360687 460.942505
v -877.873840 -401.566742 457.783569
v -873.917480 -403.488068 461.744598
v -885.642578 -394.844055 445.278687
v -880.729858 -399.271515 453.751465
v -889.066956 -389.844543 436.309967
v -890.946350 -389.535950 435.411957
v -891.164490 -388.814667 434.122131
v -889.564758 -389.038116 434.866455
v -889.595520 -383.072296 438.120209
v -889.146667 -383.827057 439.463715
v -871.148010 -406.274261 466.635284
v -867.668396 -407.461945 469.121521
v -871.404419 -399.249084 468.228271
v -866.610779 -401.999390 473.376434
v -861.563354 -404.270386 477.623962
v -863.017700 -409.634827 473.209686
v -856.950928 -411.781006 477.324371
v -855.756775 -406.087097 481.156494
v -852.082825 -406.926086 482.731506
v -851.995911 -412.942383 479.524292
v -848.402954 -407.438477 483.717926
v -848.299011 -413.384277 480.532501
v -844.771301 -407.606079 484.143097
v -844.654419 -413.552979 480.954742
v -840.319702 -414.236938 481.972076
v -841.129517 -413.460785 480.799408
v -843.844299 -414.320038 482.153961
v -847.826538 -414.159698 481.674286
v -851.573181 -413.650391 480.723267
v -855.508667 -412.797913 479.032227
v -859.358887 -411.670380 476.837830
v -863.043457 -410.314209 474.310455
v -866.900269 -408.621216 471.028809
v -836.683594 -413.703705 481.206512
v -837.719482 -413.000580 480.056335
v -841.226807 -407.449158 484.021698
v -837.832153 -406.982544 483.270081
v -834.486511 -412.142029 478.633514
v -834.607056 -406.188904 481.833313
v -830.113403 -411.652710 477.641846
v -831.513489 -411.059448 476.631592
v -833.292053 -412.839417 479.729492
v -827.974609 -403.156372 476.381409
v -831.623352 -405.046631 479.857239
v -828.836792 -409.657990 474.207886
v -827.475281 -410.321564 475.276123
v -825.028442 -408.686005 472.308838
v -823.121521 -406.950623 469.214447
v -825.358459 -407.151550 469.689453
v -821.803589 -405.222687 466.020020
v -823.436462 -404.775177 465.298676
v -824.159424 -399.730957 470.320801
v -822.861694 -397.039825 465.435242
v -822.728394 -403.048523 462.191467
v -822.768616 -395.422302 462.425934
v -822.623169 -401.363098 459.211456
v -823.518433 -393.429962 458.825470
v -823.541504 -399.198151 455.137604
v -826.093079 -390.867157 454.034454
v -826.153320 -396.691071 450.515350
v -830.068604 -393.996552 445.516785
v -831.095215 -387.341858 447.372772
v -831.125305 -392.989044 443.623596
v -831.521240 -386.141785 445.230347
v -831.385559 -392.143036 441.967163
v -830.314758 -392.234253 442.072876
v -830.038879 -393.218689 443.802826
v -828.872925 -394.298920 445.795166
v -824.697083 -397.093475 451.012299
v -822.713928 -398.829224 454.254913
v -821.615601 -400.250458 456.895355
v -821.032776 -401.835297 459.743164
v -821.103699 -403.461731 462.788513
v -850.058472 -385.121704 442.912323
v -816.804626 -376.484741 427.968018
v -816.820862 -373.669525 422.738678
v -822.861694 -397.039825 465.435242
v -822.768616 -395.422302 462.425934
v -827.974609 -403.156372 476.381409
v -824.159424 -399.730957 470.320801
v -837.832153 -406.982544 483.270081
v -834.607056 -406.188904 481.833313
v -841.226807 -407.449158 484.021698
v -844.771301 -407.606079 484.143097
v -855.756775 -406.087097 481.156494
v -852.082825 -406.926086 482.731506
v -871.404419 -399.249084 468.228271
v -866.610779 -401.999390 473.376434
v -876.802429 -375.544250 424.653839
v -889.065308 -382.438110 436.963135
v -866.973450 -370.822540 416.306396
v -843.883728 -364.188232 404.713959
v -850.579956 -365.372131 406.685364
v -839.873901 -363.811859 404.085358
v -836.026978 -363.732086 404.041351
v -832.401550 -363.937408 404.532623
v -829.051575 -364.465881 405.523438
v -826.011292 -365.278381 407.083923
v -823.336914 -366.365540 409.261261
v -821.078613 -367.830017 411.883331
v -818.641235 -370.038605 416.055115
v -817.506165 -378.119446 430.884583
v -818.973267 -379.524902 433.395142
v -821.511658 -381.095612 436.225647
v -825.286926 -382.830139 439.345428
v -830.438049 -385.040588 443.244843
v -831.521240 -386.141785 445.230347
v -831.095215 -387.341858 447.372772
v -826.093079 -390.867157 454.034454
v -823.518433 -393.429962 458.825470
v -831.623352 -405.046631 479.857239
v -848.402954 -407.438477 483.717926
v -861.563354 -404.270386 477.623962
v -889.146667 -383.827057 439.463715
v -882.959961 -390.083801 451.087646
v -889.595520 -383.072296 438.120209
v -885.771851 -385.342438 428.286346
v -885.538391 -385.381500 428.351746
v -885.438660 -385.506378 428.263763
v -815.987000 -370.544769 417.881836
v -815.054016 -378.557526 417.645477
v -815.167969 -372.235931 421.069824
v -815.912964 -376.759094 414.321655
v -828.872925 -394.298920 445.795166
v -824.728516 -390.635193 454.782501
v -829.227478 -387.579315 449.190369
v -824.697083 -397.093475 451.012299
v -839.654846 -362.787720 403.906311
v -868.067322 -370.264648 416.882660
v -852.706970 -364.864502 407.372986
v -849.837830 -384.358154 443.358978
v -891.164490 -388.814667 434.122131
v -879.529846 -382.943634 424.028534
v -888.905945 -387.433258 431.652832
v -889.158020 -388.492004 433.844452
v -831.513489 -411.059448 476.631592
v -834.607056 -406.188904 481.833313
v -834.486511 -412.142029 478.633514
v -831.623352 -405.046631 479.857239
v -844.771301 -407.606079 484.143097
v -841.129517 -413.460785 480.799408
v -841.226807 -407.449158 484.021698
v -844.654419 -413.552979 480.954742
v -866.973450 -370.822540 416.306396
v -850.579956 -365.372131 406.685364
v -858.718506 -367.615021 410.620941
v -850.058472 -385.121704 442.912323
v -871.404419 -399.249084 468.228271
v -882.959961 -390.083801 451.087646
v -876.812500 -395.360687 460.942505
v -850.058472 -385.121704 442.912323
v -841.785828 -373.416016 425.563141
v -842.339600 -373.411865 425.326141
v -841.894104 -372.667206 425.580292
v -841.792786 -374.031555 425.214386
v -840.681519 -372.256378 425.809265
v -836.757446 -372.952332 425.248138
v -841.041382 -374.053619 425.122681
v -840.145447 -373.944214 425.076599
v -837.026855 -373.831940 424.802002
v -836.023499 -373.574219 424.487793
v -835.998596 -372.962036 424.141907
v -836.071289 -372.874481 423.225555
v -836.149109 -372.925446 424.791107
v -837.186218 -371.728485 424.922485
v -836.831543 -372.432037 425.299805
v -836.263611 -371.791962 422.841583
v -836.419434 -371.648010 422.261993
v -836.166016 -372.520569 422.446869
v -837.181213 -371.030060 423.378357
v -838.530945 -370.743866 423.777130
v -837.241455 -370.886505 422.687653
v -837.153687 -371.269196 422.240997
v -839.363586 -370.616119 423.105194
v -840.090820 -370.713684 423.846771
v -841.260620 -370.890076 423.202026
v -840.935242 -371.724121 425.306946
v -842.162048 -371.409149 423.093842
v -842.135559 -371.784821 422.536682
v -842.674377 -372.038544 422.841461
v -841.858154 -372.379517 422.165771
v -842.709045 -372.624237 422.482788
v -839.544922 -372.282013 421.969940
v -838.583801 -372.191376 421.915863
v -837.076050 -372.095123 421.767181
v -836.390381 -372.169678 421.919891
v -842.547974 -373.031372 424.772186
v -842.668884 -373.321075 423.740784
v -842.574036 -373.674774 424.519196
v -842.344299 -374.023590 425.038910
v -838.604492 -371.482147 425.249817
v -838.417542 -372.023407 425.680573
v -885.419312 -378.902191 431.867462
v -885.892578 -380.154419 431.095581
v -885.542603 -378.788818 431.536041
v -815.146790 -375.473236 428.136292
v -821.303101 -374.451202 426.633942
v -815.177490 -375.186951 428.015625
v -815.177490 -375.186951 428.015625
v -814.825317 -375.867828 427.692963
v -815.146790 -375.473236 428.136292
v -828.592041 -381.265106 448.868591
v -833.470032 -384.857544 448.821838
v -833.512085 -382.054382 450.227081
v -829.234253 -384.055359 447.715576
v -838.509888 -380.474487 436.978546
v -833.904358 -377.549286 432.538971
v -838.011658 -378.029144 433.327271
v -834.845764 -380.043854 436.271027
v -815.350891 -377.214447 427.232452
v -815.146790 -375.473236 428.136292
v -814.735168 -377.631836 426.983795
v -815.491089 -376.215546 427.763885
v -817.363403 -384.041138 427.627350
v -816.804626 -376.484741 427.968018
v -817.506165 -378.119446 430.884583
v -816.666504 -382.477692 424.685516
v -830.335571 -361.528076 416.316986
v -837.981689 -372.484253 422.919739
v -834.096069 -366.513947 419.990143
v -834.062317 -366.722321 419.689911
vn 0.0994 -0.5370 -0.8377
vn 0.9947 0.0625 -0.0823
vn 0.9946 0.0625 -0.0829
vn -0.1532 -0.7855 -0.5996
vn -0.0690 -0.8501 -0.5221
vn -0.0642 -0.8381 -0.5418
vn 0.0133 -0.8879 -0.4599
vn -0.0481 -0.8263 -0.5611
vn 0.1130 -0.9440 -0.3100
vn -0.0433 -0.8251 -0.5634
vn -0.1135 -0.8520 -0.5111
vn 0.0180 -0.8681 -0.4960
vn 0.9640 -0.0403 0.2627
vn 0.7625 -0.4138 0.4973
vn 0.7496 -0.4828 0.4529
vn 0.8230 -0.3555 0.4431
vn 0.9017 -0.1490 0.4058
vn 0.8689 -0.3119 0.3844
vn 0.8484 -0.4208 0.3211
vn 0.8402 -0.3392 0.4231
vn -0.0578 0.5235 0.8501
vn -0.2066 0.5101 0.8349
vn -0.1774 0.4705 0.8644
vn -0.9620 -0.2719 -0.0230
vn -0.9967 -0.0744 -0.0328
vn -0.9787 -0.2010 -0.0417
vn -0.9928 -0.1150 -0.0322
vn -0.9977 -0.0655 0.0146
vn -0.9424 -0.3158 -0.1102
vn -0.6469 0.3838 -0.6590
vn -0.5462 0.4222 -0.7235
vn -0.0064 -0.9297 -0.3682
vn -0.0087 -0.9042 -0.4270
vn 0.1826 -0.9333 -0.3093
vn 0.0670 -0.8910 -0.4490
vn 0.0178 -0.8774 -0.4794
vn 0.0148 -0.8773 -0.4796
vn 0.0141 -0.8784 -0.4777
vn 0.1228 -0.8892 -0.4408
vn 0.0566 0.7913 0.6088
vn -0.1419 0.8059 0.5748
vn -0.1064 0.7951 0.5970
vn -0.1238 0.9433 0.3079
vn 0.0081 -0.8762 -0.4819
vn -0.0403 -0.9047 -0.4241
vn 0.0162 -0.6020 -0.7983
vn 0.2769 0.4955 -0.8233
vn 0.0686 0.9660 -0.2491
vn 0.0332 -0.6248 -0.7801
vn 0.1470 0.5090 -0.8481
vn 0.1286 0.5339 -0.8357
vn 0.0737 0.9670 -0.2439
vn -0.0591 0.9782 -0.1992
vn -0.1139 -0.6037 -0.7891
vn -0.0293 0.9414 0.3360
vn -0.0592 0.9496 0.3079
vn -0.1523 -0.8117 -0.5639
vn -0.1504 -0.8127 -0.5629
vn -0.0929 -0.6340 -0.7677
vn 0.0417 0.5161 -0.8555
vn -0.1211 -0.8728 -0.4729
vn -0.0628 -0.8918 -0.4480
vn -0.0403 -0.8199 -0.5711
vn 0.0074 -0.8800 -0.4750
vn -0.0216 -0.8310 -0.5558
vn 0.0381 -0.9148 -0.4021
vn 0.0803 -0.8336 -0.5464
vn 0.1573 -0.6106 -0.7762
vn 0.1390 -0.8543 -0.5008
vn 0.1546 -0.6123 -0.7754
vn 0.0199 -0.8798 -0.4750
vn 0.8195 -0.3784 0.4304
vn 0.8851 -0.4040 0.2311
vn 0.2131 -0.8206 -0.5302
vn 0.2949 -0.6316 -0.7170
vn 0.8843 -0.4664 0.0226
vn 0.2726 -0.6514 -0.7081
vn 0.4398 0.4298 -0.7886
vn 0.4506 0.4546 -0.7683
vn 0.2780 0.9553 -0.1006
vn 0.3429 0.9255 -0.1611
vn 0.2735 0.4915 -0.8268
vn 0.1799 0.9591 -0.2187
vn 0.1949 0.9537 -0.2290
vn 0.0694 0.9367 0.3432
vn 0.0955 0.9379 0.3336
vn 0.0083 0.7865 0.6175
vn 0.1884 0.8920 0.4109
vn 0.2315 0.8925 0.3872
vn 0.1425 0.7291 0.6693
vn 0.8597 -0.3233 0.3956
vn 0.2113 0.7309 0.6489
vn 0.1312 0.5219 0.8428
vn 0.1500 0.5201 0.8408
vn 0.1174 0.4165 0.9015
vn -0.0232 0.5717 0.8202
vn -0.0898 0.4703 0.8779
vn -0.0609 0.5684 0.8205
vn -0.1839 0.5908 0.7856
vn -0.3126 0.4716 0.8245
vn -0.3096 0.5589 0.7692
vn -0.3272 0.5597 0.7614
vn -0.3076 0.7657 0.5649
vn -0.2915 0.7637 0.5760
vn -0.2581 0.9050 0.3381
vn -0.1974 0.9054 0.3760
vn -0.1366 0.9629 -0.2327
vn -0.0151 0.9984 -0.0551
vn 0.0163 0.5591 -0.8290
vn -0.9829 -0.1687 -0.0735
vn 0.1016 -0.9125 -0.3962
vn 0.2519 -0.9474 -0.1972
vn 0.0131 -0.8690 -0.4946
vn -0.1720 -0.8065 -0.5656
vn -0.2752 -0.7969 -0.5378
vn -0.0768 -0.8987 -0.4319
vn -0.0716 -0.8632 -0.4998
vn 0.0366 -0.9427 -0.3315
vn 0.0871 -0.8968 -0.4338
vn 0.1473 -0.9376 -0.3148
vn 0.1716 -0.9118 -0.3731
vn -0.3824 -0.4359 -0.8147
vn 0.0969 -0.8871 -0.4512
vn 0.0278 -0.8680 -0.4957
vn 0.0050 -0.9363 0.3510
vn -0.1260 -0.8646 -0.4863
vn -0.1027 -0.8581 -0.5030
vn -0.0124 -0.9112 -0.4119
vn -0.2696 -0.7165 -0.6434
vn -0.1417 -0.8992 0.4140
vn -0.1281 -0.9205 0.3692
vn 0.0038 -0.9118 0.4106
vn 0.8325 -0.4327 0.3461
vn 0.7685 -0.6066 0.2037
vn 0.9094 -0.3486 0.2268
vn 0.9042 -0.2653 0.3347
vn 0.8195 -0.5713 0.0448
vn 0.8304 -0.5492 -0.0933
vn 0.9881 -0.1416 -0.0598
vn 0.8562 -0.4094 0.3152
vn -0.9730 -0.1395 0.1837
vn -0.9636 -0.2660 -0.0276
vn -0.9125 -0.3950 -0.1060
vn -0.9993 -0.0361 0.0099
vn -0.9869 0.1245 0.1029
vn -0.9757 -0.0280 0.2173
vn -0.9765 -0.0363 0.2123
vn -0.9515 -0.2131 0.2219
vn -0.9534 -0.1718 0.2481
vn -0.9942 0.0397 0.1001
vn -0.9986 -0.0078 0.0527
vn -0.5164 0.5146 -0.6845
vn -0.6618 0.3029 -0.6858
vn -0.6749 0.5258 -0.5177
vn -0.6434 0.6196 -0.4496
vn -0.0610 -0.9179 0.3921
vn -0.0663 -0.9485 0.3098
vn 0.0059 -0.9226 0.3856
vn -0.9827 0.1408 0.1201
vn 0.8617 -0.4462 0.2417
vn 0.9082 -0.3431 0.2398
vn -0.9261 -0.3507 -0.1387
vn -0.6555 0.4490 -0.6072
vn -0.5450 0.4037 -0.7349
vn -0.5084 0.4439 -0.7379
vn -0.6566 0.4455 -0.6086
vn -0.0045 -0.9364 0.3510
vn 0.0637 -0.9134 0.4021
vn 0.0524 -0.9314 0.3601
vn 0.7966 -0.6000 0.0733
vn 0.9523 -0.2424 0.1854
vn -0.1863 -0.9215 0.3407
vn -0.1881 -0.9194 0.3454
vn 0.8209 -0.3639 0.4401
vn -0.0525 0.8903 0.4523
vn -0.1158 0.9167 0.3825
vn -0.1025 0.9149 0.3904
vn -0.2477 0.9357 0.2513
vn -0.1874 0.9399 0.2853
vn -0.1919 0.9430 0.2720
vn 0.0269 0.9205 0.3898
vn 0.1830 0.7992 0.5726
vn -0.1056 0.9183 0.3814
vn 0.0241 0.8964 0.4425
vn 0.0083 0.9015 0.4328
vn -0.0135 0.8708 0.4915
vn 0.0686 0.8354 0.5453
vn -0.0081 0.8849 0.4658
vn 0.1194 0.8446 0.5220
vn 0.0172 0.9148 0.4035
vn 0.1520 0.8530 0.4993
vn 0.3303 0.6711 0.6637
vn 0.0022 0.8395 0.5434
vn 0.0871 0.8468 0.5248
vn -0.0347 0.8945 0.4456
vn -0.0279 0.8793 0.4755
vn -0.0148 0.8799 0.4750
vn -0.0213 0.8838 0.4674
vn -0.1318 0.8938 0.4287
vn -0.0719 0.9024 0.4248
vn -0.0272 0.9205 0.3898
vn -0.1994 0.8300 0.5209
vn -0.1957 0.8316 0.5198
vn -0.2912 0.6181 0.7302
vn -0.2699 0.6388 0.7205
vn -0.3583 -0.2072 0.9103
vn -0.4279 -0.3563 0.8306
vn -0.2423 -0.9636 0.1133
vn -0.3128 -0.9320 0.1832
vn -0.1324 -0.8846 -0.4471
vn -0.1511 -0.7305 -0.6659
vn -0.2326 -0.8747 -0.4253
vn -0.0818 -0.9263 -0.3677
vn -0.1442 -0.9231 -0.3565
vn -0.0098 -0.7871 -0.6167
vn -0.1771 -0.7308 -0.6592
vn -0.0517 -0.7900 -0.6109
vn 0.0300 -0.5642 -0.8251
vn -0.1291 -0.5285 -0.8391
vn -0.1021 -0.5296 -0.8421
vn -0.0996 -0.4238 -0.9003
vn 0.2024 -0.5090 -0.8366
vn 0.0434 -0.4570 -0.8884
vn 0.0117 -0.5658 -0.8245
vn 0.2688 -0.4746 -0.8382
vn 0.2564 -0.5677 -0.7823
vn 0.1816 -0.5871 -0.7889
vn 0.1028 -0.7932 -0.6002
vn 0.1423 -0.8041 -0.5773
vn 0.2807 -0.7704 -0.5725
vn 0.3045 -0.5613 -0.7695
vn 0.3282 -0.5633 -0.7583
vn 0.3316 -0.4709 -0.8175
vn 0.1228 -0.5049 -0.8544
vn 0.2216 -0.7582 -0.6132
vn 0.1863 -0.9223 -0.3388
vn 0.1272 -0.9186 -0.3742
vn 0.0119 -0.9920 0.1260
vn 0.0613 -0.9728 0.2235
vn -0.0897 -0.9640 0.2504
vn 0.0538 -0.9744 0.2182
vn -0.1384 -0.4526 0.8809
vn -0.0490 -0.4429 0.8952
vn -0.0362 -0.4715 0.8811
vn 0.0750 0.6192 0.7816
vn 0.0869 0.5987 0.7963
vn 0.1333 0.8017 0.5826
vn -0.0471 0.5937 0.8033
vn -0.0383 0.5842 0.8107
vn 0.0105 0.8161 0.5779
vn 0.1105 0.8208 0.5604
vn 0.0362 0.9060 0.4218
vn 0.1163 0.8775 0.4653
vn -0.0556 0.8387 0.5418
vn -0.0365 0.8916 0.4513
vn 0.0863 0.8677 0.4895
vn 0.0356 0.9048 0.4244
vn 0.0299 0.9043 0.4258
vn -0.0069 0.8817 0.4717
vn -0.0051 0.8795 0.4758
vn -0.0009 0.8790 0.4767
vn 0.0496 0.8865 0.4600
vn 0.0063 0.8190 0.5737
vn -0.0177 0.8402 0.5421
vn -0.1560 0.9058 0.3940
vn -0.1310 0.9325 0.3366
vn -0.0871 0.9019 0.4230
vn -0.0495 0.9385 0.3417
vn -0.1600 0.5923 0.7897
vn -0.0815 0.8296 0.5523
vn -0.2784 -0.4323 0.8577
vn -0.1446 -0.4435 0.8845
vn -0.1343 0.6105 0.7806
vn -0.0937 -0.9648 0.2457
vn -0.1866 -0.9448 0.2693
vn -0.2753 -0.4283 0.8607
vn 0.0188 -0.9382 -0.3454
vn 0.1245 -0.9391 -0.3202
vn 0.0550 -0.9536 -0.2961
vn -0.2636 -0.9495 0.1704
vn 0.0742 0.8382 0.5403
vn 0.2435 0.8250 0.5100
vn 0.0146 -0.8683 -0.4959
vn -0.0848 -0.9127 -0.3998
vn -0.0651 -0.9110 -0.4071
vn 0.1695 -0.7398 -0.6512
vn 0.1700 -0.7644 -0.6219
vn 0.2237 -0.7348 -0.6404
vn 0.0673 -0.8565 -0.5117
vn 0.1595 -0.7945 -0.5859
vn -0.1977 -0.9792 0.0451
vn 0.0569 -0.8647 -0.4991
vn 0.0483 -0.8596 -0.5087
vn 0.0393 -0.8770 -0.4789
vn 0.0184 -0.8813 -0.4722
vn -0.1302 -0.8551 -0.5019
vn 0.0078 -0.9230 -0.3847
vn -0.4943 -0.3007 0.8157
vn -0.6412 -0.2786 0.7150
vn -0.6389 -0.2988 0.7089
vn -0.9988 -0.0401 -0.0279
vn -0.9553 0.0467 -0.2918
vn -0.9613 0.1271 -0.2443
vn -0.9983 0.0582 -0.0025
vn -0.9786 0.1773 -0.1047
vn -0.9819 0.0743 -0.1742
vn -0.9988 0.0242 -0.0416
vn -0.9980 -0.0063 -0.0633
vn -0.0169 -0.8735 -0.4865
vn -0.0508 -0.8706 -0.4894
vn -0.1611 -0.8951 -0.4158
vn -0.9999 -0.0147 -0.0031
vn -0.1001 -0.8203 -0.5631
vn -0.0931 -0.8655 -0.4922
vn -0.0005 -0.8532 -0.5217
vn -0.0176 -0.8662 -0.4993
vn 0.1310 -0.8461 -0.5167
vn 0.0606 -0.8388 -0.5411
vn 0.1643 -0.8863 -0.4329
vn 0.0907 -0.9145 -0.3943
vn 0.0089 -0.9122 -0.4096
vn -0.0246 -0.9248 -0.3798
vn 0.0350 -0.9966 -0.0740
vn 0.1724 -0.9803 -0.0960
vn 0.1695 -0.4396 0.8820
vn 0.0434 -0.9953 -0.0863
vn 0.1583 -0.9817 -0.1057
vn 0.2779 -0.9451 -0.1718
vn 0.4637 -0.4274 0.7761
vn 0.3026 -0.9413 -0.1494
vn 0.3827 0.3523 0.8541
vn 0.3083 0.3808 0.8718
vn 0.2026 0.3264 0.9233
vn 0.4763 -0.3928 0.7866
vn 0.2911 0.4438 0.8475
vn 0.2004 0.8329 0.5159
vn 0.8503 0.1366 -0.5082
vn 0.8453 0.1378 -0.5162
vn 0.8380 0.0677 -0.5414
vn 0.8376 0.1392 -0.5283
vn 0.8404 0.0678 -0.5377
vn 0.0199 0.9931 -0.1152
vn 0.0763 0.9970 -0.0095
vn -0.0816 0.9961 -0.0348
vn 0.8252 0.1901 -0.5319
vn 0.8367 0.1352 -0.5307
vn 0.1104 0.9938 -0.0138
vn 0.0214 0.9442 0.3287
vn 0.2010 0.9464 0.2529
vn -0.0209 0.9985 0.0499
vn 0.0517 0.9411 0.3342
vn -0.1920 0.9787 0.0731
vn -0.1458 0.9176 0.3697
vn -0.1021 0.9337 0.3433
vn -0.2924 0.8926 0.3432
vn -0.3231 0.9436 0.0723
vn -0.2616 0.9636 0.0544
vn -0.9459 -0.2549 -0.2006
vn -0.9552 -0.2344 -0.1808
vn -0.9736 -0.1268 -0.1896
vn -0.2639 0.9636 -0.0431
vn -0.9527 -0.2312 -0.1973
vn -0.9392 -0.2513 -0.2341
vn -0.1996 0.8014 0.5638
vn -0.2568 0.7698 0.5843
vn -0.2966 0.8903 0.3454
vn -0.0022 0.5037 0.8639
vn -0.9937 -0.1005 -0.0495
vn -0.1245 0.3163 0.9405
vn -0.0443 0.3606 0.9317
vn 0.0936 0.3238 0.9415
vn 0.1556 -0.4199 0.8941
vn 0.0648 -0.4311 0.9000
vn 0.0448 -0.3946 0.9177
vn -0.0814 -0.9866 -0.1415
vn -0.9994 0.0150 -0.0309
vn -0.9953 -0.0803 -0.0544
vn -0.9801 -0.1438 -0.1367
vn -0.9843 -0.1553 -0.0840
vn -0.9995 0.0270 0.0184
vn -0.1240 0.7648 0.6322
vn -0.0180 0.7895 0.6135
vn 0.0879 0.3183 0.9439
vn 0.0637 0.8028 0.5928
vn 0.1091 0.7880 0.6060
vn -0.0456 0.7718 0.6342
vn 0.1986 0.3288 0.9233
vn -0.2233 0.9730 -0.0591
vn 0.2478 0.8205 0.5151
vn 0.1513 0.9565 0.2495
vn 0.1703 0.7978 0.5784
vn 0.9867 -0.1160 -0.1137
vn 0.8321 -0.3464 -0.4331
vn 0.8839 -0.1964 -0.4244
vn 0.8225 -0.2284 -0.5209
vn 0.8974 0.0841 -0.4331
vn 0.9015 0.0756 -0.4262
vn 0.8827 0.0129 -0.4698
vn 0.8808 0.2868 -0.3766
vn 0.7960 0.0944 -0.5979
vn 0.7363 0.1317 -0.6637
vn 0.7334 0.1100 -0.6709
vn 0.8164 0.2267 -0.5311
vn 0.0190 -0.8719 -0.4893
vn 0.0003 -0.8615 -0.5078
vn 0.0085 -0.8792 -0.4764
vn 0.0519 -0.8656 -0.4981
vn 0.0567 -0.8366 -0.5449
vn 0.0017 -0.8581 -0.5135
vn 0.8904 0.1353 -0.4345
vn 0.8871 0.2157 -0.4080
vn 0.7837 -0.0550 -0.6187
vn 0.8002 0.0347 -0.5988
vn 0.8325 0.1648 -0.5290
vn -0.2210 -0.9278 -0.3007
vn -0.2965 -0.9301 -0.2169
vn -0.1281 -0.9404 -0.3150
vn 0.7859 -0.2786 -0.5521
vn -0.1441 -0.8795 -0.4535
vn 0.8886 0.0032 -0.4586
vn 0.9512 0.0417 -0.3057
vn 0.0006 -0.8369 -0.5474
vn -0.0905 -0.8953 -0.4362
vn -0.1471 -0.1912 -0.9705
vn -0.2161 -0.1787 -0.9599
vn -0.1471 -0.2079 -0.9670
vn 0.0009 -0.8761 -0.4821
vn -0.0115 -0.2393 -0.9709
vn -0.0200 -0.1927 -0.9811
vn 0.0326 -0.1698 -0.9849
vn 0.0336 -0.1811 -0.9829
vn -0.0282 -0.8630 -0.5045
vn -0.1647 -0.9188 -0.3588
vn -0.0054 -0.1797 -0.9837
vn -0.0239 -0.2293 -0.9731
vn -0.0007 -0.8058 -0.5922
vn -0.2843 -0.8863 -0.3655
vn -0.0918 -0.8549 -0.5107
vn -0.1023 -0.2473 -0.9635
vn -0.6270 -0.0640 0.7764
vn -0.1035 -0.2649 -0.9587
vn -0.6905 -0.2771 0.6682
vn -0.6265 -0.2549 0.7365
vn -0.6459 -0.3873 0.6579
vn -0.5246 -0.3699 0.7668
vn -0.4847 -0.3975 0.7792
vn -0.5218 -0.4160 0.7448
vn 0.0774 -0.8408 -0.5358
vn 0.0375 -0.7853 -0.6180
vn 0.0172 -0.8312 -0.5558
vn -0.0835 -0.8956 -0.4369
vn 0.0096 -0.8535 -0.5210
vn -0.2172 -0.1580 -0.9633
vn 0.9448 0.2832 -0.1650
vn 0.2137 -0.8886 -0.4058
vn -0.1096 -0.9886 -0.1036
vn -0.1166 -0.9199 -0.3744
vn 0.0180 -0.8817 -0.4714
vn 0.1525 -0.7868 -0.5980
vn 0.0295 0.9001 0.4347
vn 0.0363 0.8876 0.4593
vn 0.1066 0.9182 0.3815
vn 0.0283 0.9002 0.4345
vn 0.3076 0.9318 0.1928
vn 0.1492 0.8856 0.4398
vn 0.1279 0.8935 0.4304
vn 0.0315 0.8388 0.5436
vn -0.0182 0.8672 0.4976
vn -0.0086 0.8933 0.4493
vn 0.1000 0.9253 0.3659
vn -0.0798 0.8351 0.5443
vn 0.0323 0.8650 0.5007
vn 0.1598 0.9139 0.3732
vn -0.0057 0.8058 0.5922
vn 0.2574 0.8848 0.3884
vn 0.0909 0.8563 0.5084
vn -0.0176 0.8329 0.5531
vn 0.0822 0.8978 0.4327
vn -0.1747 0.7672 0.6172
vn -0.2003 0.7144 0.6704
vn -0.2952 0.6011 0.7426
vn -0.0828 0.8434 0.5308
vn -0.0346 0.7906 0.6114
vn -0.1210 0.7923 0.5980
vn -0.1466 0.8248 0.5460
vn -0.1109 0.8528 0.5103
vn -0.0738 0.8843 0.4610
vn -0.0763 0.8741 0.4797
vn -0.0207 0.8734 0.4866
vn 0.0086 0.8782 0.4783
vn -0.0127 0.8587 0.5123
vn 0.0052 0.8743 0.4854
vn 0.0482 0.8287 0.5576
vn 0.0308 0.8712 0.4899
vn 0.1595 0.8957 0.4152
vn 0.0925 0.8639 0.4951
vn 0.0961 0.8425 0.5300
vn 0.0075 0.8366 0.5477
vn 0.0409 0.8336 0.5508
vn 0.0196 0.8646 0.5022
vn 0.0011 0.8520 0.5236
vn -0.0538 0.8164 0.5750
vn -0.0715 0.8405 0.5371
vn -0.0218 0.8670 0.4978
vn -0.1300 0.8572 0.4983
vn -0.0206 0.8815 0.4718
vn -0.0062 0.8738 0.4863
vn -0.1972 0.8942 0.4019
vn -0.1530 0.8894 0.4307
vn -0.2836 0.9479 0.1451
vn -0.2783 0.9486 0.1505
vn -0.4523 0.4990 -0.7392
vn -0.3845 0.6477 -0.6578
vn -0.2479 -0.4355 -0.8654
vn -0.3333 -0.3461 -0.8770
vn -0.1393 -0.8564 -0.4972
vn -0.2578 -0.8282 -0.4976
vn -0.1600 -0.9570 -0.2419
vn -0.1746 -0.9550 -0.2396
vn -0.0975 -0.9951 0.0165
vn -0.0970 -0.9473 -0.3052
vn 0.0252 -0.9484 -0.3160
vn 0.0820 -0.9946 -0.0640
vn -0.1521 -0.9882 0.0169
vn -0.0101 -0.9999 -0.0093
vn 0.0119 -0.9946 0.1035
vn 0.1827 -0.9802 0.0765
vn 0.2775 -0.9596 0.0461
vn 0.2762 -0.9595 -0.0552
vn 0.3091 -0.9484 -0.0702
vn 0.2355 -0.9207 -0.3111
vn 0.2744 -0.9019 -0.3335
vn 0.1430 -0.8071 -0.5729
vn 0.1920 -0.7823 -0.5926
vn 0.0252 -0.3448 -0.9383
vn 0.1052 -0.7745 -0.6237
vn 0.0588 -0.3267 -0.9433
vn -0.0577 0.4882 -0.8708
vn -0.0741 0.5198 -0.8511
vn -0.1559 0.4867 -0.8596
vn -0.0963 -0.3017 -0.9485
vn -0.0069 -0.4395 -0.8982
vn -0.2080 -0.2900 -0.9341
vn -0.1129 -0.3202 -0.9406
vn -0.1717 0.5072 -0.8446
vn -0.3008 0.4880 -0.8194
vn -0.2996 0.4897 -0.8188
vn -0.0425 0.9970 0.0648
vn -0.0490 0.9958 0.0769
vn -0.1694 0.9818 0.0862
vn -0.1556 0.9832 0.0955
vn 0.0200 0.9304 0.3659
vn -0.0115 0.9180 0.3965
vn -0.0897 0.9165 0.3900
vn 0.1024 0.9935 0.0491
vn 0.1124 0.9225 0.3692
vn -0.1315 -0.8182 -0.5596
vn -0.1744 -0.8022 -0.5710
vn -0.2767 -0.3689 -0.8873
vn 0.0086 -0.7943 -0.6075
vn 0.0189 -0.7847 -0.6196
vn 0.0655 0.9912 0.1148
vn 0.0834 -0.9298 -0.3584
vn 0.1366 -0.9905 -0.0181
vn -0.0986 -0.9819 0.1616
vn -0.0937 0.8660 0.4912
vn -0.0810 0.8431 0.5317
vn 0.0892 0.9155 0.3923
vn -0.4129 0.6924 -0.5917
vn -0.3899 0.7498 -0.5345
vn 0.0856 0.7860 0.6123
vn -0.3111 0.6675 -0.6765
vn -0.0113 0.8691 0.4946
vn -0.0122 0.8802 0.4744
vn -0.0103 0.8716 0.4901
vn -0.0112 0.8712 0.4907
vn -0.0192 0.8873 0.4608
vn -0.1285 0.9538 0.2717
vn -0.0195 0.8781 0.4781
vn -0.0083 0.8763 0.4817
vn -0.0093 0.8820 0.4711
vn -0.0838 -0.2455 0.9658
vn -0.0022 0.8739 0.4861
vn -0.1631 -0.0061 0.9866
vn -0.1911 -0.1467 0.9705
vn -0.2131 0.1691 0.9623
vn -0.2216 0.0923 0.9708
vn 0.6651 -0.2490 0.7040
vn -0.0110 -0.4442 0.8958
vn -0.0479 -0.4151 0.9085
vn -0.1889 -0.1743 0.9664
vn -0.2253 -0.0082 0.9743
vn 0.9042 0.3714 0.2107
vn 0.9055 0.3694 0.2090
vn 0.9988 0.0397 0.0282
vn 0.8776 0.4568 0.1453
vn 0.9998 0.0194 0.0014
vn 0.9104 0.4134 -0.0146
vn 0.8972 0.4212 0.1331
vn 0.8726 0.4841 0.0651
vn 0.1974 0.8837 0.4244
vn 0.8629 0.5038 -0.0393
vn 0.0791 0.8834 0.4620
vn 0.0686 0.8869 0.4568
vn 0.7628 0.6459 -0.0299
vn 0.8753 0.4742 -0.0950
vn 0.1251 0.8862 0.4460
vn -0.3446 0.7110 -0.6130
vn -0.3358 0.7935 -0.5075
vn -0.2478 0.4563 -0.8546
vn -0.1726 0.3823 -0.9078
vn -0.1784 0.4772 -0.8605
vn -0.1823 0.4783 -0.8591
vn -0.2004 0.4788 -0.8547
vn -0.1735 0.4851 -0.8571
vn -0.2713 0.4398 -0.8561
vn 0.9415 0.1752 -0.2880
vn 0.0188 -0.8727 -0.4879
vn 0.0011 -0.8746 -0.4848
vn -0.0500 -0.8837 -0.4653
vn -0.0020 -0.8829 -0.4695
vn -0.0173 -0.8812 -0.4724
vn 0.9420 0.1753 -0.2863
vn 0.0924 -0.8731 -0.4787
vn -0.0113 -0.8723 -0.4888
vn 0.0122 -0.8755 -0.4830
vn 0.0862 -0.8756 -0.4752
vn 0.0876 -0.8758 -0.4746
vn 0.0413 -0.9034 -0.4268
vn 0.0625 -0.8761 -0.4780
vn 0.0907 -0.4890 0.8676
vn 0.9999 -0.0015 0.0106
vn -0.0431 -0.4758 0.8785
vn 0.0240 -0.4853 0.8740
vn -0.4347 0.7363 -0.5185
vn -0.4472 0.7715 -0.4526
vn -0.4374 0.7900 -0.4297
vn -0.2544 0.9671 0.0094
vn 0.1594 0.8714 0.4640
vn 0.1650 0.8712 0.4624
vn -0.0041 0.8749 0.4843
vn -0.0927 -0.3303 0.9393
vn 0.0165 -0.3768 0.9261
vn 0.0148 -0.4035 0.9149
vn 0.1119 -0.4133 0.9037
vn 0.1126 -0.3910 0.9135
vn 0.1600 -0.3646 0.9173
vn 0.1602 -0.3675 0.9161
vn 0.1754 -0.1456 0.9737
vn 0.1891 -0.2629 0.9461
vn 0.1837 -0.0510 0.9817
vn 0.1105 -0.0902 0.9898
vn 0.1223 -0.2243 0.9668
vn 0.0945 -0.4427 0.8917
vn 0.0261 -0.5316 0.8466
vn -0.1113 -0.4177 0.9017
vn -0.1112 -0.4752 0.8728
vn -0.0508 -0.4831 0.8741
vn -0.3063 -0.3502 0.8852
vn -0.7485 0.3022 -0.5903
vn -0.3517 -0.6179 -0.7032
vn -0.5666 -0.3470 -0.7474
vn -0.2160 -0.7213 -0.6581
vn -0.2793 -0.6854 -0.6724
vn -0.2099 -0.7274 -0.6534
vn -0.3606 -0.5865 -0.7253
vn -0.2370 0.4770 -0.8464
vn 0.1778 0.4810 -0.8585
vn 0.1267 0.4881 -0.8636
vn 0.9188 -0.1321 -0.3720
vn -0.7174 0.3244 -0.6165
vn -0.5008 0.8627 -0.0705
vn -0.1691 0.5881 -0.7909
vn -0.7189 0.3260 -0.6140
vn -0.7474 0.3696 -0.5520
vn -0.7421 0.3177 -0.5903
vn -0.5597 0.8090 -0.1795
vn -0.5456 0.8326 -0.0949
vn -0.5489 0.8298 -0.1009
vn 0.0345 0.1062 0.9937
vn -0.1253 0.9009 0.4157
vn -0.1847 0.9263 0.3285
vn -0.0117 0.8700 0.4929
vn -0.0113 0.8687 0.4952
vn -0.1693 0.9250 0.3402
vn -0.0175 0.8821 0.4708
vn -0.0136 0.8806 0.4737
vn -0.0215 0.8961 0.4433
vn -0.0193 0.8933 0.4490
vn -0.0132 0.8700 0.4928
vn -0.0727 0.5373 -0.8403
vn 0.0099 0.4557 -0.8901
vn -0.0013 0.5994 -0.8005
vn -0.0113 0.8692 0.4942
vn 0.0362 0.6593 -0.7510
vn 0.0624 0.5100 -0.8579
vn 0.0697 0.3877 -0.9191
vn 0.0635 0.4863 -0.8715
vn 0.0250 0.9557 -0.2932
vn -0.0143 0.8759 0.4823
vn -0.0220 0.8842 0.4666
vn 0.0286 0.9437 -0.3296
vn -0.1595 0.9267 0.3402
vn -0.2318 0.9398 0.2510
vn 0.0585 0.4626 -0.8846
vn 0.0743 0.4817 -0.8732
vn 0.0838 0.4480 -0.8901
vn 0.0853 0.4601 -0.8837
vn -0.0679 0.4826 -0.8732
vn -0.2062 0.5208 -0.8284
vn -0.1996 0.5826 -0.7879
vn -0.3250 0.6002 -0.7308
vn -0.0161 0.8772 0.4798
vn -0.0164 0.8831 0.4688
vn -0.0124 0.8711 0.4910
vn -0.0064 0.8555 0.5178
vn -0.0107 0.8545 0.5193
vn -0.6786 0.5799 0.4509
vn -0.4119 0.4444 0.7955
vn -0.5098 0.1813 0.8409
vn -0.6280 -0.3682 0.6856
vn -0.6929 -0.3445 0.6334
vn -0.4726 0.4279 0.7704
vn -0.6915 -0.3463 0.6340
vn -0.7609 -0.3136 0.5681
vn -0.7585 -0.3175 0.5690
vn -0.8044 -0.2816 0.5232
vn -0.3591 -0.9093 -0.2105
vn -0.8429 -0.3802 0.3806
vn -0.6267 -0.7780 -0.0435
vn -0.8535 -0.2495 0.4575
vn -0.8540 -0.2481 0.4574
vn -0.8834 -0.2167 0.4155
vn -0.8857 -0.2208 0.4085
vn -0.6844 0.3355 0.6473
vn -0.6848 0.3778 0.6232
vn -0.5545 0.5042 0.6621
vn -0.1028 0.8427 0.5285
vn -0.1004 0.8483 0.5199
vn -0.5958 0.5006 0.6281
vn -0.0706 0.8610 0.5037
vn -0.5803 0.5415 0.6083
vn -0.1448 0.8388 0.5249
vn -0.1398 0.8334 0.5347
vn -0.0752 0.8913 0.4471
vn -0.0113 0.8853 0.4650
vn -0.0133 0.8777 0.4791
vn -0.0145 0.8785 0.4776
vn -0.0055 0.8741 0.4858
vn -0.0099 0.8789 0.4769
vn -0.0158 0.8768 0.4807
vn -0.0127 0.8767 0.4809
vn -0.0133 0.8792 0.4763
vn -0.0108 0.8785 0.4776
vn -0.0063 0.8798 0.4754
vn -0.0151 0.8626 0.5057
vn -0.0081 0.8751 0.4838
vn -0.0060 0.8770 0.4804
vn -0.0121 0.8762 0.4817
vn -0.0013 0.8837 0.4680
vn -0.0090 0.8775 0.4795
vn -0.0190 0.8747 0.4843
vn -0.0110 0.8765 0.4813
vn -0.0119 0.8766 0.4812
vn -0.0100 0.8862 0.4633
vn -0.0110 0.8783 0.4779
vn -0.0141 0.8789 0.4768
vn -0.0113 0.8786 0.4774
vn -0.3947 0.9122 0.1102
vn -0.4229 0.9049 0.0482
vn -0.1015 0.9123 0.3968
vn -0.4865 0.8736 -0.0138
vn -0.7233 0.3375 -0.6024
vn -0.5256 0.8424 -0.1186
vn -0.6702 0.6790 -0.2995
vn -0.7464 0.3242 -0.5812
vn -0.7284 0.3290 -0.6010
vn -0.6836 0.3562 -0.6371
vn -0.2891 -0.6524 -0.7006
vn -0.6853 0.3586 -0.6338
vn -0.4304 0.9019 -0.0362
vn -0.3890 0.9211 -0.0136
vn -0.5613 0.7942 -0.2329
vn -0.6138 0.3880 -0.6875
vn -0.6519 0.3568 -0.6691
vn -0.6117 0.3873 -0.6898
vn -0.5600 0.4099 -0.7200
vn -0.5537 0.4079 -0.7260
vn -0.3706 0.8715 -0.3212
vn -0.4955 0.4303 -0.7545
vn -0.1490 0.9460 0.2880
vn -0.1277 0.9368 0.3257
vn -0.3139 0.9009 -0.2997
vn -0.0371 0.9127 0.4069
vn -0.2529 0.8609 -0.4416
vn -0.0646 0.9546 0.2908
vn -0.3327 0.8339 -0.4403
vn -0.2517 0.8746 -0.4145
vn -0.2958 0.4602 -0.8371
vn -0.3876 0.4409 -0.8095
vn -0.3903 0.4419 -0.8077
vn -0.2926 0.4589 -0.8389
vn -0.1761 0.4748 -0.8623
vn -0.1662 0.4808 -0.8609
vn -0.0243 0.4855 -0.8739
vn 0.1410 0.4921 -0.8591
vn 0.0039 0.4993 -0.8664
vn 0.1184 0.4838 -0.8671
vn 0.3066 0.4644 -0.8309
vn 0.3462 0.4774 -0.8076
vn 0.4632 0.4531 -0.7617
vn 0.4982 0.4272 -0.7545
vn 0.6701 0.3706 -0.6432
vn 0.6686 0.3720 -0.6438
vn 0.7891 0.3134 -0.5284
vn 0.7932 0.3079 -0.5254
vn 0.8766 0.2507 -0.4108
vn 0.8802 0.2443 -0.4069
vn 0.9367 0.1838 -0.2979
vn 0.9336 0.1916 -0.3028
vn 0.9754 0.1326 -0.1758
vn 0.9789 0.1188 -0.1664
vn 0.6143 0.7580 0.2190
vn 0.2595 0.8722 0.4146
vn 0.6322 0.7017 0.3285
vn 0.9914 0.0905 -0.0945
vn 0.9958 0.0566 -0.0716
vn 0.9995 0.0069 0.0310
vn 0.6627 0.6443 0.3817
vn 0.8239 0.3850 0.4160
vn 0.5434 0.7116 0.4454
vn 0.9994 0.0042 0.0330
vn 0.9769 -0.0834 0.1966
vn 0.8741 -0.2165 0.4348
vn 0.6464 0.4688 0.6020
vn 0.9761 -0.0870 0.1992
vn 0.8857 -0.1958 0.4208
vn 0.7927 -0.2680 0.5475
vn 0.7832 -0.2796 0.5554
vn 0.7123 -0.3291 0.6199
vn 0.7308 -0.3070 0.6097
vn 0.6328 -0.3603 0.6854
vn 0.6346 -0.3576 0.6852
vn 0.7219 -0.3167 0.6153
vn 0.5730 0.0349 0.8188
vn 0.3670 0.4495 0.8144
vn 0.5943 0.2739 0.7561
vn 0.3183 0.6160 0.7206
vn 0.2202 0.7835 0.5810
vn 0.9271 -0.1463 0.3450
vn 0.7371 -0.3013 0.6049
vn 0.9160 -0.1666 0.3651
vn 0.9902 0.0914 -0.1059
vn 0.9884 0.0944 -0.1189
vn 0.8890 0.2349 -0.3930
vn 0.9017 0.2320 -0.3649
vn 0.5413 0.8358 0.0918
vn 0.6950 0.7068 -0.1319
vn -0.2145 0.8012 0.5586
vn 0.6461 0.7558 -0.1069
vn 0.5950 0.8021 0.0509
vn 0.7301 0.6803 -0.0644
vn 0.8813 0.2428 -0.4054
vn 0.8800 0.2427 -0.4083
vn 0.9388 0.1808 -0.2932
vn 0.9842 0.1003 -0.1456
vn 0.9400 0.1806 -0.2896
vn 0.6938 0.7129 0.1025
vn 0.6335 0.7302 0.2561
vn 0.9885 0.0978 -0.1157
vn 0.2256 0.8549 0.4672
vn 0.9989 0.0156 0.0449
vn 0.9993 0.0165 0.0321
vn 0.9819 -0.0628 0.1784
vn 0.9795 -0.0636 0.1913
vn 0.9396 -0.1354 0.3144
vn 0.6340 0.5083 0.5828
vn 0.9466 -0.1349 0.2928
vn 0.1828 0.8434 0.5053
vn 0.7045 0.3253 0.6308
vn 0.6020 0.4885 0.6317
vn 0.8813 -0.2109 0.4229
vn 0.8806 -0.2109 0.4244
vn 0.8106 -0.2673 0.5210
vn 0.8045 -0.2662 0.5310
vn 0.7168 -0.3162 0.6215
vn 0.7212 -0.3168 0.6160
vn 0.6026 -0.3720 0.7060
vn 0.5733 -0.3656 0.7332
vn 0.4499 -0.4069 0.7950
vn 0.4409 -0.4050 0.8010
vn 0.2465 -0.4454 0.8607
vn 0.2658 -0.4511 0.8520
vn 0.0565 -0.4693 0.8812
vn 0.1126 0.4153 0.9027
vn 0.0200 -0.4546 0.8905
vn 0.0437 0.3940 0.9181
vn -0.1109 0.4237 0.8990
vn -0.0217 0.7196 0.6941
vn -0.1244 -0.4589 0.8797
vn -0.1019 -0.4696 0.8770
vn -0.2878 -0.4487 0.8461
vn -0.1920 0.3765 0.9063
vn -0.2767 -0.4556 0.8461
vn -0.4335 -0.4275 0.7933
vn -0.5394 -0.4037 0.7390
vn -0.4320 -0.4286 0.7935
vn -0.5354 -0.4072 0.7399
vn -0.3550 0.1696 0.9194
vn -0.3327 0.4353 0.8365
vn -0.4512 0.1991 0.8699
vn -0.6142 -0.3831 0.6899
vn -0.1883 0.4599 0.8678
vn 0.0713 0.7637 0.6416
vn 0.4844 0.2413 0.8409
vn 0.0579 0.7932 0.6061
vn 0.5362 0.3100 0.7851
vn 0.4645 0.4628 0.7551
vn 0.5111 0.4743 0.7168
vn 0.6676 0.2692 0.6941
vn 0.1880 0.7946 0.5774
vn 0.1110 0.8650 0.4894
vn 0.6301 0.7645 0.1362
vn 0.7271 0.6407 0.2466
vn 0.3633 0.8687 0.3367
vn 0.5085 0.2813 0.8138
vn 0.2087 0.6925 0.6905
vn 0.5683 0.2409 0.7868
vn 0.2372 0.7427 0.6261
vn 0.1405 0.8148 0.5624
vn 0.0238 0.8835 0.4677
vn 0.4709 0.8624 0.1857
vn 0.7095 0.7016 0.0657
vn 0.5013 0.8517 0.1530
vn 0.5880 0.8036 -0.0923
vn 0.3717 0.9255 0.0724
vn 0.4312 0.9005 -0.0557
vn 0.3260 0.9396 -0.1040
vn 0.2305 0.8737 -0.4284
vn 0.0935 0.9594 0.2661
vn 0.1440 0.8874 -0.4380
vn -0.0415 0.9902 -0.1336
vn -0.0014 0.9747 0.2233
vn -0.1168 0.9762 -0.1826
vn -0.1566 0.9157 -0.3702
vn -0.4713 0.4207 -0.7752
vn -0.7476 0.3208 -0.5815
vn -0.4871 -0.4581 -0.7436
vn -0.4632 -0.5223 -0.7161
vn -0.8096 0.2760 -0.5180
vn -0.9378 0.1724 -0.3013
vn -0.9994 -0.0007 -0.0341
vn -0.5399 -0.7703 -0.3393
vn -0.5652 -0.8140 -0.1341
vn -0.7179 -0.6961 0.0055
vn -0.9559 -0.1281 0.2643
vn -0.9063 -0.2097 0.3670
vn -0.7284 0.3601 0.5829
vn -0.8678 0.2348 0.4380
vn -0.8997 -0.1957 0.3902
vn -0.5029 0.8630 0.0477
vn -0.7795 0.6141 0.1235
vn -0.7936 0.2955 -0.5318
vn -0.6637 0.7181 -0.2092
vn -0.7259 0.5797 0.3703
vn -0.5020 0.8635 0.0484
vn -0.1053 0.8004 0.5901
vn -0.0783 0.8507 0.5197
vn -0.0670 0.8567 0.5115
vn -0.5017 0.5035 0.7034
vn -0.6487 0.3062 0.6967
vn -0.5883 0.3159 0.7444
vn -0.4357 0.5011 0.7477
vn -0.8085 -0.2728 0.5214
vn -0.7864 0.2671 -0.5570
vn -0.7334 0.3306 -0.5939
vn -0.0738 -0.8371 -0.5420
vn -0.0742 -0.8472 -0.5261
vn -0.8812 0.2202 -0.4183
vn -0.0475 -0.8614 -0.5056
vn -0.0690 -0.8370 -0.5428
vn -0.0846 -0.8281 -0.5542
vn -0.0904 -0.8045 -0.5871
vn -0.0939 -0.8012 -0.5909
vn -0.0404 -0.8684 -0.4942
vn -0.0958 -0.8191 -0.5656
vn -0.7421 0.2925 -0.6031
vn -0.9025 0.1991 -0.3819
vn -0.9179 0.1733 -0.3569
vn -0.0398 -0.8614 -0.5063
vn -0.0254 -0.8699 -0.4927
vn -0.6564 0.3645 -0.6605
vn -0.6866 0.3234 -0.6511
vn -0.6396 0.3578 -0.6804
vn -0.0695 -0.8648 -0.4972
vn -0.0286 -0.8831 -0.4684
vn -0.0298 -0.8797 -0.4746
vn -0.9997 -0.0117 -0.0206
vn -0.9995 -0.0293 -0.0126
vn -0.9719 -0.1422 0.1874
vn -0.9784 -0.1054 0.1777
vn -0.8962 -0.2184 0.3861
vn -0.8882 -0.2376 0.3932
vn -0.7972 -0.3060 0.5204
vn -0.7992 -0.3032 0.5190
vn -0.6724 -0.3683 0.6420
vn -0.6767 -0.3692 0.6370
vn -0.5006 -0.4291 0.7519
vn -0.5006 -0.4291 0.7518
vn -0.0277 -0.9033 -0.4281
vn -0.0242 -0.9053 -0.4241
vn -0.0156 -0.9029 -0.4296
vn -0.0222 -0.9000 -0.4354
vn -0.0154 -0.9227 -0.3853
vn -0.0048 -0.9189 -0.3944
vn -0.0019 -0.9265 -0.3763
vn 0.0224 -0.9336 -0.3575
vn 0.0148 -0.9235 -0.3833
vn 0.0283 -0.9343 -0.3555
vn 0.0360 -0.9117 -0.4093
vn 0.0407 -0.9142 -0.4033
vn 0.0441 -0.9060 -0.4210
vn 0.0754 -0.9310 -0.3572
vn 0.0555 -0.9249 -0.3761
vn 0.0682 -0.9101 -0.4086
vn 0.3878 -0.4161 0.8225
vn 0.5533 -0.3749 0.7438
vn 0.0715 -0.9128 -0.4022
vn 0.4862 -0.4491 0.7496
vn 0.0875 -0.9151 -0.3936
vn 0.0909 -0.9181 -0.3857
vn 0.0620 -0.9023 -0.4265
vn 0.0787 -0.9037 -0.4209
vn 0.6558 -0.3448 0.6716
vn 0.1024 -0.9131 -0.3947
vn 0.7189 -0.3173 0.6185
vn 0.6983 -0.3613 0.6179
vn 0.6202 -0.3965 0.6768
vn 0.7547 -0.3263 0.5691
vn 0.7604 -0.3066 0.5725
vn 0.9279 -0.1819 0.3255
vn 0.9436 -0.1548 0.2928
vn 0.0820 -0.8922 -0.4441
vn 0.1053 -0.9081 -0.4053
vn 0.3248 -0.4745 0.8182
vn 0.2023 -0.4621 0.8635
vn 0.1796 -0.4768 0.8605
vn 0.0201 -0.4870 0.8732
vn -0.0190 -0.8914 -0.4528
vn -0.0266 -0.8844 -0.4661
vn -0.0326 -0.8866 -0.4613
vn -0.0309 -0.8869 -0.4609
vn -0.0235 -0.8774 -0.4792
vn -0.0371 -0.8811 -0.4714
vn -0.8906 0.2025 -0.4071
vn 0.8762 0.2194 -0.4291
vn 0.8893 0.2342 -0.3929
vn 0.1084 -0.8487 -0.5176
vn 0.8573 0.2616 -0.4433
vn 0.0324 -0.8585 -0.5117
vn 0.1311 -0.8343 -0.5355
vn 0.0411 -0.8756 -0.4814
vn 0.1096 -0.8498 -0.5156
vn 0.1063 -0.8507 -0.5148
vn 0.1048 -0.8524 -0.5123
vn 0.1123 -0.8591 -0.4994
vn 0.9575 0.1418 -0.2510
vn 0.9601 0.1397 -0.2423
vn 0.9055 0.2007 -0.3739
vn 0.9072 0.2047 -0.3676
vn 0.1597 -0.8161 -0.5554
vn 0.0929 -0.8416 -0.5320
vn 0.8013 0.3088 -0.5125
vn 0.8366 0.2499 -0.4876
vn 0.7727 0.2901 -0.5645
vn 0.6902 0.3567 -0.6295
vn 0.7055 0.3264 -0.6291
vn 0.6072 0.4002 -0.6864
vn 0.5646 0.3761 -0.7347
vn 0.4369 0.4374 -0.7860
vn 0.4486 0.4255 -0.7859
vn 0.2891 0.4536 -0.8430
vn 0.2845 0.4566 -0.8430
vn 0.1240 0.4703 -0.8738
vn 0.1230 0.4708 -0.8736
vn 0.0252 -0.8343 -0.5507
vn -0.0024 -0.8347 -0.5508
vn -0.0077 -0.8448 -0.5351
vn 0.0358 -0.8198 -0.5716
vn 0.0603 -0.8140 -0.5777
vn 0.0132 -0.8590 -0.5118
vn 0.0374 -0.8547 -0.5178
vn 0.0404 -0.8431 -0.5362
vn 0.0742 -0.8280 -0.5557
vn 0.0735 -0.8301 -0.5527
vn 0.0718 -0.8495 -0.5227
vn 0.0543 -0.8503 -0.5235
vn 0.1083 -0.8296 -0.5478
vn 0.0867 -0.8354 -0.5428
vn 0.0013 -0.8527 -0.5224
vn 0.0053 -0.8322 -0.5545
vn -0.2478 0.4546 -0.8556
vn -0.2516 0.4522 -0.8557
vn -0.4535 0.4148 -0.7888
vn -0.4565 0.4125 -0.7884
vn -0.0141 -0.8706 -0.4918
vn -0.0222 -0.8543 -0.5194
vn -0.0083 -0.8477 -0.5304
vn -0.0070 -0.8560 -0.5170
vn -0.7220 0.3036 -0.6218
vn -0.7350 0.3101 -0.6030
vn -0.0155 -0.8581 -0.5133
vn -0.0085 -0.8674 -0.4976
vn -0.0289 -0.8652 -0.5006
vn -0.0300 -0.8641 -0.5024
vn -0.0291 -0.8641 -0.5025
vn -0.8751 0.1796 -0.4494
vn -0.8296 0.2729 -0.4872
vn -0.0256 -0.8744 -0.4845
vn -0.0240 -0.8751 -0.4833
vn -0.9332 0.1774 -0.3125
vn -0.9733 0.0761 -0.2166
vn -0.9805 0.0761 -0.1812
vn -0.9994 -0.0042 -0.0332
vn -0.9993 -0.0041 -0.0376
vn -0.9836 -0.1038 0.1474
vn -0.9807 -0.1026 0.1665
vn -0.9033 -0.2286 0.3631
vn -0.8955 -0.2233 0.3849
vn -0.8231 -0.2874 0.4898
vn -0.8332 -0.2641 0.4859
vn -0.8964 -0.2419 0.3715
vn -0.9852 -0.0910 0.1450
vn -0.9901 -0.0837 0.1128
vn -0.1164 -0.8919 -0.4371
vn -0.0257 -0.8705 -0.4914
vn -0.1215 -0.9007 -0.4171
vn -0.1340 -0.9039 -0.4062
vn -0.1443 -0.9157 -0.3750
vn -0.1068 -0.9023 -0.4177
vn -0.1146 -0.9092 -0.4004
vn -0.0740 -0.8935 -0.4429
vn -0.0792 -0.8911 -0.4468
vn -0.0414 -0.8767 -0.4793
vn -0.1030 -0.8764 -0.4705
vn -0.1145 -0.8877 -0.4460
vn -0.0402 -0.8695 -0.4923
vn -0.0267 -0.8753 -0.4828
vn -0.0398 -0.8692 -0.4929
vn 0.0077 -0.8731 -0.4875
vn 0.0156 -0.8804 -0.4740
vn 0.0112 -0.8774 -0.4797
vn 0.0129 -0.8773 -0.4798
vn 0.0059 -0.8809 -0.4733
vn 0.0187 -0.8732 -0.4871
vn 0.0026 -0.8796 -0.4757
vn 0.0179 -0.8752 -0.4834
vn 0.0144 -0.8774 -0.4796
vn 0.0037 -0.8788 -0.4772
vn 0.0169 -0.8765 -0.4811
vn 0.0223 -0.8765 -0.4809
vn 0.0157 -0.8770 -0.4803
vn 0.0166 -0.8778 -0.4787
vn 0.0055 -0.8772 -0.4801
vn 0.0065 -0.8772 -0.4800
vn 0.0118 -0.8774 -0.4797
vn 0.0098 -0.8769 -0.4805
vn 0.0136 -0.8771 -0.4801
vn 0.0127 -0.8777 -0.4790
vn 0.0122 -0.8792 -0.4763
vn 0.0072 -0.8774 -0.4797
vn 0.0142 -0.8778 -0.4788
vn 0.0127 -0.8780 -0.4785
vn 0.0150 -0.8783 -0.4779
vn 0.0043 -0.8763 -0.4817
vn 0.0111 -0.8779 -0.4787
vn 0.0253 -0.8816 -0.4713
vn -0.0006 -0.8733 -0.4872
vn 0.0161 -0.8797 -0.4752
vn 0.0092 -0.8748 -0.4844
vn 0.0123 -0.8790 -0.4767
vn 0.0133 -0.8807 -0.4736
vn 0.0118 -0.8765 -0.4813
vn 0.0118 -0.8772 -0.4801
vn 0.0134 -0.8712 -0.4907
vn 0.0079 -0.8814 -0.4724
vn 0.0100 -0.8795 -0.4758
vn 0.0147 -0.8696 -0.4935
vn 0.0132 -0.8775 -0.4794
vn -0.2991 -0.6977 0.6510
vn 0.9750 0.1191 -0.1875
vn 0.9751 0.1191 -0.1873
vn 0.8168 0.2938 -0.4964
vn 0.8168 0.2939 -0.4965
vn -0.0134 0.8788 0.4770
vn -0.0132 0.8787 0.4772
vn 0.0854 -0.9009 -0.4255
vn 0.0856 -0.9009 -0.4254
vn 0.0857 -0.9010 -0.4253
vn -0.6072 0.3669 -0.7047
vn -0.6077 0.3665 -0.7046
vn -0.6078 0.3664 -0.7045
vn -0.0511 0.4711 -0.8806
vn -0.0510 0.4712 -0.8806
vn 0.0109 -0.8779 -0.4787
vn 0.0109 -0.8779 -0.4788
vn 0.0135 -0.8780 -0.4786
vn 0.0130 -0.8781 -0.4783
vn -0.3525 -0.4582 0.8159
vn -0.3927 -0.0778 0.9164
vn -0.1699 -0.0471 0.9843
vn 0.0912 -0.4917 0.8660
vn 0.0860 -0.2846 0.9548
vn 0.0991 -0.4846 0.8691
vn 0.1063 -0.5108 0.8531
vn 0.0942 -0.4732 0.8759
vn 0.3736 -0.5080 0.7761
vn 0.9717 0.0850 0.2205
vn 0.9921 -0.0897 -0.0874
vn 0.5892 -0.2458 0.7697
vn 0.8944 0.4075 0.1844
vn 0.7356 0.6035 0.3077
vn 0.7138 0.5746 0.4003
vn 0.6004 0.0063 0.7996
vn 0.9518 0.2346 -0.1976
vn 0.6445 0.7644 0.0167
vn 0.9853 0.1618 -0.0551
vn 0.7064 0.6440 0.2936
vn 0.3006 0.8686 0.3939
vn 0.2536 0.9512 0.1756
vn 0.7007 0.7083 0.0861
vn -0.0324 0.7559 -0.6539
vn 0.3947 0.7346 -0.5518
vn 0.1313 0.9910 0.0257
vn -0.1276 0.6065 -0.7847
vn 0.0261 0.9875 0.1555
vn -0.1434 0.9896 -0.0105
vn -0.3444 0.8534 0.3913
vn -0.4948 0.7790 0.3852
vn -0.3743 0.7605 -0.5306
vn -0.1125 0.6614 -0.7415
vn -0.1022 0.4917 -0.8647
vn -0.5599 0.2344 -0.7947
vn -0.5802 0.6624 -0.4739
vn -0.4246 0.4910 -0.7607
vn -0.0941 0.4587 -0.8836
vn -0.0928 0.4562 -0.8850
vn -0.1165 0.4860 -0.8662
vn 0.2801 0.4974 -0.8211
vn 0.2384 0.5418 -0.8059
vn 0.9417 0.2195 -0.2548
vn -0.9910 0.1013 0.0878
vn -0.9972 0.0145 0.0728
vn -0.9930 -0.0062 0.1181
vn -0.9499 -0.0802 0.3022
vn -0.9371 -0.1425 0.3187
vn -0.2824 -0.4060 0.8691
vn -0.7439 0.5733 0.3435
vn -0.8029 0.3056 0.5118
vn -0.7913 0.5071 0.3417
vn -0.5736 0.7044 0.4182
vn -0.3327 0.5585 0.7599
vn -0.0517 0.6723 0.7384
vn -0.0740 0.8396 0.5382
vn 0.2761 0.6551 0.7033
vn -0.0190 0.6185 0.7856
vn 0.2518 0.8601 0.4437
vn 0.0373 0.8926 0.4493
vn 0.0843 -0.2928 0.9524
vn 0.3277 0.5694 0.7539
vn 0.2169 -0.0658 0.9740
vn 0.9909 0.1169 -0.0675
vn -0.9180 0.1127 0.3804
vn -0.1622 0.3685 0.9154
vn 0.8772 0.2633 0.4015
vn 0.3031 -0.4227 0.8541
vn 0.3036 -0.4234 0.8536
vn -0.0101 -0.8301 -0.5575
vn -0.0100 -0.8302 -0.5574
vn 0.0433 -0.4642 0.8847
vn 0.0426 -0.4643 0.8847
vn -0.9787 0.0809 -0.1889
vn -0.9784 0.0809 -0.1900
vn 0.8531 -0.3796 0.3580
vn 0.8530 -0.3792 0.3587
vt 1.107670 1.510100
vt 1.229510 2.484390
vt 1.271460 2.486350
vt 0.435040 0.576870
vt 0.426830 0.607590
vt 0.441450 0.604170
vt 0.421090 0.580220
vt 0.265970 0.623460
vt 0.252820 0.570670
vt 0.251660 0.588820
vt 0.257520 0.621750
vt 0.267220 0.646080
vt 0.257180 0.642570
vt 0.282630 0.655260
vt 0.275730 0.650380
vt 0.276800 0.633530
vt 0.250860 0.570120
vt 0.253150 0.556170
vt 0.247780 0.555220
vt 0.245060 0.641350
vt 0.245340 0.639640
vt 0.249490 0.624960
vt 0.246560 0.555930
vt 0.233990 0.527060
vt 0.231940 0.527570
vt 0.227270 0.507830
vt 0.225870 0.511830
vt 0.220740 0.480540
vt 0.222140 0.412300
vt 0.221020 0.412520
vt 0.220890 0.431410
vt 0.227450 0.387800
vt 0.226140 0.387740
vt 0.243510 0.331920
vt 0.235210 0.361130
vt 0.244850 0.332560
vt 0.246650 0.332560
vt 0.242960 0.361610
vt 0.249640 0.332530
vt 0.253460 0.361370
vt 0.251840 0.332530
vt 0.265790 0.359230
vt 0.264440 0.359840
vt 0.274880 0.385570
vt 0.282050 0.439950
vt 0.283120 0.439070
vt 0.284920 0.429210
vt 0.281320 0.444750
vt 0.283610 0.445080
vt 0.286540 0.455980
vt 0.284580 0.455030
vt 0.283300 0.508320
vt 0.285990 0.483440
vt 0.279760 0.510850
vt 0.258090 0.562090
vt 0.256260 0.561970
vt 0.260080 0.572400
vt 0.271310 0.592210
vt 0.270120 0.592400
vt 0.279670 0.615990
vt 0.288190 0.660360
vt 0.282200 0.637260
vt 0.273970 0.614310
vt 0.265880 0.591450
vt 0.259010 0.555220
vt 0.253850 0.526440
vt 0.251690 0.479480
vt 0.222270 0.475140
vt 0.252540 0.410780
vt 0.251260 0.387770
vt 0.241310 0.387950
vt 0.262000 0.386940
vt 0.265600 0.410170
vt 0.263440 0.428080
vt 0.273510 0.428170
vt 0.274640 0.527390
vt 0.254830 0.449020
vt 0.254620 0.460160
vt 0.269170 0.458850
vt 0.254370 0.440540
vt 0.242840 0.449020
vt 0.253580 0.428360
vt 0.267370 0.448010
vt 0.269170 0.440050
vt 0.267860 0.476820
vt 0.243290 0.460070
vt 0.222720 0.457690
vt 0.224770 0.447680
vt 0.220740 0.458390
vt 0.240670 0.440960
vt 0.223090 0.441450
vt 0.240760 0.429060
vt 0.241160 0.411300
vt 0.283150 0.409650
vt 0.286750 0.639580
vt 0.293010 0.664720
vt 0.282450 0.657120
vt 0.252390 0.608840
vt 0.256970 0.644460
vt 0.266980 0.647630
vt 0.275520 0.652180
vt 0.251230 0.606310
vt 0.249120 0.567060
vt 0.248300 0.625540
vt 0.222360 0.447830
vt 0.233830 0.360730
vt 0.253270 0.331670
vt 0.276220 0.385300
vt 0.288460 0.474320
vt 0.276100 0.528000
vt 0.260050 0.556540
vt 0.261450 0.571980
vt 0.280860 0.616170
vt 0.287880 0.640090
vt 0.292700 0.666310
vt 0.287910 0.661820
vt 0.071510 0.623400
vt 0.079840 0.553580
vt 0.075750 0.551260
vt 0.079530 0.661460
vt 0.056280 0.698260
vt 0.065430 0.603440
vt 0.054380 0.653310
vt 0.045350 0.756800
vt 0.041170 0.710290
vt 0.055120 0.745200
vt 0.067780 0.732230
vt 0.083740 0.717400
vt 0.092900 0.661850
vt 0.103120 0.705130
vt 0.110420 0.665910
vt 0.124060 0.693960
vt 0.097840 0.627920
vt 0.083960 0.555100
vt 0.078490 0.541340
vt 0.063420 0.522840
vt 0.077150 0.521740
vt 0.077000 0.511980
vt 0.064520 0.497570
vt 0.074530 0.496350
vt 0.063330 0.508190
vt 0.061370 0.489360
vt 0.072020 0.485370
vt 0.059210 0.483720
vt 0.070680 0.479480
vt 0.059360 0.478830
vt 0.069860 0.475360
vt 0.067720 0.469890
vt 0.061040 0.471850
vt 0.062840 0.460860
vt 0.053530 0.463850
vt 0.055760 0.449780
vt 0.052340 0.474320
vt 0.046910 0.465740
vt 0.048220 0.452440
vt 0.043920 0.453690
vt 0.044130 0.439310
vt 0.047580 0.437940
vt 0.037900 0.425700
vt 0.036070 0.426280
vt 0.039800 0.440660
vt 0.035680 0.441450
vt 0.038910 0.454820
vt 0.040530 0.467270
vt 0.031710 0.456070
vt 0.033140 0.441790
vt 0.035000 0.426560
vt 0.030950 0.469220
vt 0.037720 0.478220
vt 0.031220 0.479810
vt 0.043000 0.483660
vt 0.032440 0.486310
vt 0.051000 0.481400
vt 0.043670 0.476670
vt 0.045110 0.487960
vt 0.034180 0.490220
vt 0.036710 0.496450
vt 0.048040 0.493700
vt 0.040920 0.505020
vt 0.052400 0.485980
vt 0.054440 0.491740
vt 0.053770 0.501450
vt 0.052950 0.511730
vt 0.048830 0.520770
vt 0.056250 0.529680
vt 0.069730 0.545370
vt 0.073120 0.551260
vt 0.070380 0.567310
vt 0.057400 0.606490
vt 0.043580 0.658410
vt 0.036590 0.768670
vt 0.330240 0.376020
vt 0.339790 0.407880
vt 0.338300 0.418230
vt 0.335670 0.361950
vt 0.325940 0.334390
vt 0.315680 0.346110
vt 0.318950 0.366560
vt 0.330270 0.390120
vt 0.323440 0.388650
vt 0.333140 0.408550
vt 0.345350 0.425980
vt 0.343300 0.416520
vt 0.338420 0.434400
vt 0.334480 0.425240
vt 0.336800 0.419050
vt 0.331740 0.409010
vt 0.335120 0.418870
vt 0.333260 0.424270
vt 0.320570 0.452380
vt 0.318400 0.450510
vt 0.312420 0.469070
vt 0.310800 0.468800
vt 0.308940 0.486950
vt 0.306590 0.487140
vt 0.334730 0.468640
vt 0.327310 0.503980
vt 0.308270 0.522840
vt 0.329080 0.485790
vt 0.346320 0.503680
vt 0.344030 0.485790
vt 0.366740 0.475940
vt 0.370950 0.505810
vt 0.350810 0.520980
vt 0.338600 0.520830
vt 0.326400 0.521780
vt 0.338390 0.531970
vt 0.338820 0.540450
vt 0.324780 0.533130
vt 0.350630 0.531970
vt 0.370460 0.523270
vt 0.368420 0.533310
vt 0.353040 0.540000
vt 0.372330 0.549580
vt 0.360210 0.551290
vt 0.349620 0.552140
vt 0.370130 0.539540
vt 0.371040 0.568680
vt 0.372200 0.568470
vt 0.365730 0.593190
vt 0.367080 0.593250
vt 0.357160 0.619770
vt 0.359390 0.620260
vt 0.344950 0.648430
vt 0.344710 0.619340
vt 0.352610 0.593040
vt 0.348310 0.648430
vt 0.349710 0.649040
vt 0.340680 0.570210
vt 0.354350 0.569600
vt 0.341960 0.593220
vt 0.331740 0.593980
vt 0.328200 0.570790
vt 0.318340 0.595420
vt 0.329260 0.621050
vt 0.317000 0.595660
vt 0.339920 0.649280
vt 0.327430 0.621720
vt 0.341170 0.648460
vt 0.310070 0.571340
vt 0.319710 0.552780
vt 0.308300 0.551770
vt 0.324620 0.540910
vt 0.311170 0.541030
vt 0.310070 0.541920
vt 0.329780 0.552900
vt 0.311870 0.536210
vt 0.306370 0.522260
vt 0.309580 0.535910
vt 0.339640 0.552630
vt 0.370860 0.533130
vt 0.372450 0.522570
vt 0.373000 0.505940
vt 0.371230 0.487380
vt 0.367350 0.469160
vt 0.359840 0.450610
vt 0.346750 0.425210
vt 0.359600 0.453930
vt 0.352340 0.468860
vt 0.343360 0.410600
vt 0.340680 0.392010
vt 0.341960 0.375010
vt 0.340830 0.372110
vt 0.343730 0.356030
vt 0.344920 0.355450
vt 0.347910 0.341200
vt 0.336040 0.338050
vt 0.326240 0.333350
vt 0.336220 0.336530
vt 0.317450 0.330520
vt 0.317670 0.328780
vt 0.310560 0.325570
vt 0.310770 0.323860
vt 0.305090 0.320840
vt 0.305310 0.319160
vt 0.310980 0.343730
vt 0.306440 0.341410
vt 0.300180 0.316230
vt 0.300520 0.314710
vt 0.305310 0.340890
vt 0.313520 0.365000
vt 0.312360 0.364820
vt 0.321880 0.388770
vt 0.348130 0.339700
vt 0.140390 0.616320
vt 0.143070 0.632770
vt 0.138550 0.626090
vt 0.139590 0.573200
vt 0.134500 0.521320
vt 0.140140 0.640090
vt 0.126990 0.552900
vt 0.117040 0.513440
vt 0.127140 0.475230
vt 0.105470 0.484600
vt 0.147220 0.463790
vt 0.164100 0.451370
vt 0.147980 0.500720
vt 0.173130 0.485030
vt 0.177710 0.438180
vt 0.188390 0.426530
vt 0.183110 0.478200
vt 0.192180 0.471970
vt 0.197790 0.416150
vt 0.171510 0.530110
vt 0.157540 0.578910
vt 0.183170 0.525590
vt 0.165750 0.576400
vt 0.150090 0.614580
vt 0.146310 0.630360
vt 0.149080 0.636550
vt 0.151560 0.660150
vt 0.160920 0.651780
vt 0.167430 0.660630
vt 0.160190 0.662280
vt 0.171480 0.669580
vt 0.164400 0.680900
vt 0.178260 0.686300
vt 0.160890 0.671860
vt 0.152990 0.674060
vt 0.155610 0.683190
vt 0.140450 0.678340
vt 0.138890 0.668940
vt 0.141610 0.687800
vt 0.139650 0.658190
vt 0.154490 0.692770
vt 0.142700 0.696220
vt 0.155400 0.698750
vt 0.143650 0.702170
vt 0.154970 0.703570
vt 0.144200 0.706350
vt 0.145940 0.711940
vt 0.152740 0.710470
vt 0.150180 0.721310
vt 0.155890 0.719870
vt 0.156470 0.732840
vt 0.164040 0.730770
vt 0.163820 0.745230
vt 0.163550 0.718130
vt 0.171820 0.729270
vt 0.171210 0.743190
vt 0.166260 0.744440
vt 0.173530 0.757870
vt 0.175510 0.757470
vt 0.178200 0.742420
vt 0.180880 0.728260
vt 0.172950 0.716450
vt 0.182590 0.715200
vt 0.176460 0.705740
vt 0.183050 0.704610
vt 0.172640 0.699730
vt 0.170410 0.706870
vt 0.180820 0.693990
vt 0.182260 0.698020
vt 0.169770 0.695490
vt 0.163430 0.701620
vt 0.161600 0.708640
vt 0.162330 0.696980
vt 0.160710 0.691090
vt 0.168710 0.689320
vt 0.171970 0.758290
vt 0.443160 0.527330
vt 0.451920 0.540970
vt 0.444320 0.525220
vt 0.451030 0.543320
vt 0.426430 0.521680
vt 0.435290 0.506090
vt 0.429030 0.479230
vt 0.412060 0.474290
vt 0.447040 0.565970
vt 0.431960 0.571980
vt 0.461840 0.567280
vt 0.411270 0.533340
vt 0.411970 0.507130
vt 0.409310 0.531480
vt 0.408830 0.554920
vt 0.407360 0.550830
vt 0.405160 0.563890
vt 0.406410 0.580580
vt 0.407360 0.582200
vt 0.407480 0.588580
vt 0.404160 0.580890
vt 0.404000 0.582570
vt 0.404310 0.579700
vt 0.404190 0.577380
vt 0.420580 0.577870
vt 0.434610 0.577170
vt 0.444410 0.572620
vt 0.448100 0.573780
vt 0.433730 0.575150
vt 0.453540 0.569450
vt 0.462200 0.569450
vt 0.463390 0.563620
vt 0.462080 0.564870
vt 0.464130 0.565810
vt 0.464830 0.567060
vt 0.467240 0.572530
vt 0.469860 0.579970
vt 0.472520 0.595600
vt 0.472790 0.588790
vt 0.473710 0.594530
vt 0.456470 0.600210
vt 0.461560 0.600510
vt 0.472550 0.597310
vt 0.445750 0.604850
vt 0.453660 0.602740
vt 0.430010 0.608630
vt 0.437850 0.606830
vt 0.422220 0.610340
vt 0.411600 0.612600
vt 0.410720 0.610980
vt 0.410870 0.614060
vt 0.407880 0.611650
vt 0.406990 0.604940
vt 0.404280 0.587880
vt 0.461720 0.559620
vt 0.410290 0.506000
vt 0.410290 0.473680
vt 0.408640 0.473190
vt 0.404130 0.432020
vt 0.402880 0.432450
vt 0.394790 0.389080
vt 0.392990 0.372450
vt 0.380930 0.323740
vt 0.376420 0.283580
vt 0.374400 0.284650
vt 0.376540 0.277110
vt 0.374250 0.278880
vt 0.374400 0.276350
vt 0.378120 0.273630
vt 0.376570 0.271460
vt 0.392680 0.254890
vt 0.387590 0.257210
vt 0.391640 0.254220
vt 0.417400 0.275700
vt 0.393990 0.254190
vt 0.404550 0.262580
vt 0.414650 0.270910
vt 0.430100 0.284160
vt 0.447860 0.301770
vt 0.448040 0.300180
vt 0.426920 0.323190
vt 0.428300 0.324050
vt 0.432780 0.321270
vt 0.445720 0.306890
vt 0.401870 0.299600
vt 0.426920 0.326000
vt 0.404130 0.305430
vt 0.376780 0.278450
vt 0.389780 0.290290
vt 0.403000 0.403420
vt 0.409650 0.403850
vt 0.407880 0.307630
vt 0.426470 0.447830
vt 0.427530 0.446640
vt 0.425790 0.412790
vt 0.424790 0.407120
vt 0.427260 0.381690
vt 0.428240 0.356210
vt 0.428910 0.331770
vt 0.424510 0.361550
vt 0.426530 0.329050
vt 0.429180 0.327400
vt 0.429980 0.325540
vt 0.430550 0.478440
vt 0.436660 0.504530
vt 2.303380 5.472330
vt 2.350270 5.464860
vt 2.328700 5.393290
vt 0.372720 0.179230
vt 0.380170 0.164160
vt 0.370160 0.179420
vt 0.382400 0.164490
vt 0.395550 0.194370
vt 0.382950 0.211190
vt 0.361610 0.193730
vt 0.365430 0.229320
vt 0.348890 0.207620
vt 0.347850 0.244760
vt 0.330970 0.259620
vt 0.314310 0.271520
vt 0.277320 0.296910
vt 0.280680 0.295940
vt 0.328260 0.226810
vt 0.298990 0.250220
vt 0.268140 0.270670
vt 0.299600 0.247840
vt 0.332410 0.221440
vt 0.300060 0.241370
vt 0.269330 0.267340
vt 0.227790 0.288520
vt 0.229470 0.290750
vt 0.226480 0.290630
vt 0.218240 0.287300
vt 0.226880 0.147310
vt 0.187600 0.269140
vt 0.130830 0.226880
vt 0.131930 0.039460
vt 0.153510 0.038300
vt 0.185770 0.052550
vt 0.394700 0.122040
vt 0.389450 0.142190
vt 0.065800 0.083800
vt 0.078580 0.066560
vt 0.058440 0.108040
vt 0.235850 0.074340
vt 0.274060 0.049010
vt 0.224860 0.079870
vt 0.207310 0.069610
vt 0.392470 0.095680
vt 0.285840 0.043580
vt 0.335030 0.042150
vt 0.360270 0.054200
vt 0.372200 0.062960
vt 0.062320 0.136230
vt 0.214850 0.286750
vt 0.175020 0.263710
vt 0.148690 0.244360
vt 0.139870 0.271950
vt 0.155250 0.250650
vt 0.216620 0.288800
vt 0.164890 0.290140
vt 0.125340 0.226450
vt 0.116920 0.254160
vt 0.105720 0.207160
vt 0.100440 0.240730
vt 0.085150 0.226450
vt 0.093020 0.193400
vt 0.070830 0.211070
vt 0.083220 0.179080
vt 0.080480 0.179390
vt 0.073240 0.164190
vt 0.071260 0.164520
vt 0.066470 0.149660
vt 0.064150 0.149780
vt 0.046810 0.177500
vt 0.057830 0.194770
vt 0.037900 0.159950
vt 0.031400 0.142130
vt 0.059750 0.135380
vt 0.028050 0.123750
vt 0.027310 0.105470
vt 0.057920 0.121430
vt 0.056760 0.107760
vt 0.029720 0.087190
vt 0.059940 0.095220
vt 0.063810 0.082890
vt 0.036840 0.069890
vt 0.070960 0.071660
vt 0.046880 0.054080
vt 0.080390 0.061460
vt 0.059690 0.040040
vt 0.091650 0.052610
vt 0.074770 0.028110
vt 0.104280 0.045440
vt 0.091560 0.018650
vt 0.118140 0.040960
vt 0.109380 0.012050
vt 0.100740 0.049930
vt 0.131320 0.037050
vt 0.127570 0.008090
vt 0.144350 0.035860
vt 0.156260 0.036870
vt 0.145240 0.007720
vt 0.161530 0.010010
vt 0.167300 0.040860
vt 0.176120 0.014710
vt 0.177160 0.045470
vt 0.189000 0.021390
vt 0.188760 0.052520
vt 0.202950 0.031740
vt 0.210790 0.068790
vt 0.219430 0.048040
vt 0.219250 0.073460
vt 0.195530 0.059180
vt 0.226880 0.074280
vt 0.223790 0.051000
vt 0.226880 0.051700
vt 0.229930 0.051000
vt 0.234500 0.072790
vt 0.234380 0.047980
vt 0.243540 0.068610
vt 0.263650 0.055390
vt 0.264530 0.053130
vt 0.276470 0.045660
vt 0.264930 0.021640
vt 0.251350 0.031460
vt 0.277570 0.015290
vt 0.291970 0.010650
vt 0.286450 0.041080
vt 0.297190 0.038450
vt 0.309180 0.037320
vt 0.308270 0.008180
vt 0.325910 0.008700
vt 0.322090 0.038180
vt 0.344070 0.012180
vt 0.335950 0.040380
vt 0.349500 0.045320
vt 0.348520 0.046600
vt 0.361950 0.018740
vt 0.378640 0.028320
vt 0.361980 0.052640
vt 0.393930 0.040010
vt 0.373490 0.061310
vt 0.406780 0.054050
vt 0.381970 0.072150
vt 0.416850 0.069860
vt 0.389230 0.083190
vt 0.423990 0.087190
vt 0.394480 0.094940
vt 0.425700 0.105290
vt 0.395890 0.108000
vt 0.396470 0.121340
vt 0.425490 0.123690
vt 0.421520 0.141570
vt 0.393870 0.135380
vt 0.415720 0.159890
vt 0.406960 0.177620
vt 0.389020 0.149720
vt 0.211650 0.313000
vt 0.209540 0.313400
vt 0.225380 0.315840
vt 0.225230 0.291480
vt 0.227300 0.291760
vt 0.230630 0.315010
vt 0.232280 0.315740
vt 0.232250 0.290720
vt 0.353100 0.200320
vt 0.901360 0.349770
vt 0.908380 0.327530
vt 0.895660 0.329020
vt 0.921840 0.347120
vt 0.905030 0.352580
vt 0.886130 0.356300
vt 0.887880 0.351480
vt 0.895530 0.354380
vt 0.917690 0.350440
vt 0.941890 0.344460
vt 0.940150 0.347120
vt 0.948330 0.346290
vt 0.949550 0.343460
vt 0.945280 0.323010
vt 0.952970 0.322120
vt 0.955290 0.342910
vt 0.954650 0.346080
vt 0.924370 0.325570
vt 0.876000 0.357890
vt 0.864830 0.359260
vt 0.877070 0.352670
vt 0.860740 0.354290
vt 0.875000 0.331190
vt 0.856200 0.332840
vt 0.835440 0.356640
vt 0.831110 0.334670
vt 0.815120 0.358260
vt 0.813780 0.335640
vt 0.802480 0.359110
vt 0.801320 0.336190
vt 0.789150 0.336590
vt 0.790120 0.359840
vt 0.778100 0.360120
vt 0.777120 0.336860
vt 0.803430 0.364420
vt 0.791530 0.364910
vt 0.777950 0.360420
vt 0.779840 0.365150
vt 0.765500 0.360970
vt 0.767720 0.365310
vt 0.752400 0.361430
vt 0.754810 0.365520
vt 0.738360 0.361860
vt 0.740840 0.365670
vt 0.725550 0.365760
vt 0.716210 0.362220
vt 0.708760 0.365860
vt 0.690420 0.365920
vt 0.670800 0.365950
vt 0.680560 0.362410
vt 0.650230 0.365860
vt 0.696370 0.336440
vt 0.642870 0.362100
vt 0.660360 0.335610
vt 0.628860 0.365730
vt 0.597310 0.365490
vt 0.598380 0.361310
vt 0.547110 0.364880
vt 0.618550 0.334360
vt 0.544970 0.359970
vt 0.562700 0.332530
vt 0.485370 0.330030
vt 0.483510 0.358290
vt 0.480240 0.329870
vt 0.479260 0.358100
vt 0.477950 0.364020
vt 0.491960 0.364020
vt 0.723040 0.336860
vt 0.738030 0.337020
vt 0.752070 0.336590
vt 0.815670 0.363750
vt 0.828180 0.362860
vt 0.840660 0.361830
vt 0.852960 0.360610
vt 0.885650 0.330120
vt 0.876860 0.391800
vt 0.899380 0.365400
vt 0.855190 0.370280
vt 0.915220 0.387400
vt 0.915490 0.391640
vt 0.838950 0.395950
vt 0.887720 0.394480
vt 0.859580 0.397320
vt 0.952020 0.383190
vt 0.957550 0.387560
vt 0.958010 0.382460
vt 0.961180 0.386910
vt 0.955230 0.359020
vt 0.949680 0.359660
vt 0.822320 0.401010
vt 0.802300 0.399760
vt 0.820790 0.373850
vt 0.794400 0.376450
vt 0.769950 0.378610
vt 0.779170 0.401990
vt 0.752040 0.404400
vt 0.745080 0.380630
vt 0.730580 0.381660
vt 0.732200 0.406050
vt 0.716820 0.382550
vt 0.718310 0.407090
vt 0.703670 0.383250
vt 0.704950 0.407970
vt 0.703120 0.412700
vt 0.690420 0.413920
vt 0.691920 0.408730
vt 0.716360 0.411420
vt 0.730220 0.410020
vt 0.744990 0.408520
vt 0.760890 0.406960
vt 0.777890 0.405350
vt 0.795650 0.403640
vt 0.677910 0.414990
vt 0.678880 0.409380
vt 0.690850 0.383830
vt 0.678060 0.384290
vt 0.665360 0.409830
vt 0.664790 0.384590
vt 0.651230 0.416360
vt 0.651230 0.410140
vt 0.664910 0.415780
vt 0.630910 0.384720
vt 0.636680 0.410290
vt 0.650960 0.384750
vt 0.636980 0.416670
vt 0.622490 0.416760
vt 0.613000 0.410170
vt 0.608080 0.416640
vt 0.601150 0.384170
vt 0.594010 0.416240
vt 0.592550 0.409830
vt 0.579480 0.383440
vt 0.578600 0.409410
vt 0.566520 0.382820
vt 0.565420 0.408890
vt 0.550580 0.381940
vt 0.547230 0.407940
vt 0.527540 0.380470
vt 0.524550 0.406540
vt 0.498000 0.404610
vt 0.492810 0.378120
vt 0.488940 0.403940
vt 0.483230 0.377510
vt 0.481730 0.403670
vt 0.490680 0.407420
vt 0.482740 0.407600
vt 0.500870 0.407850
vt 0.529650 0.410320
vt 0.544820 0.412000
vt 0.556290 0.413310
vt 0.568040 0.414590
vt 0.580650 0.415540
vt 0.818170 0.108830
vt 0.766810 0.180060
vt 0.774770 0.179570
vt 0.753040 0.177770
vt 0.736110 0.170930
vt 0.867980 0.180640
vt 0.881310 0.179230
vt 0.860010 0.179690
vt 0.850860 0.176340
vt 0.898680 0.172830
vt 0.909270 0.165960
vt 0.920500 0.152900
vt 0.923700 0.145330
vt 0.915560 0.159830
vt 0.925320 0.137180
vt 0.925540 0.128610
vt 0.921320 0.110540
vt 0.913880 0.095830
vt 0.924220 0.119690
vt 0.904660 0.082370
vt 0.892640 0.069370
vt 0.779690 0.039950
vt 0.753990 0.059360
vt 0.816580 0.016330
vt 0.819700 0.015410
vt 0.715020 0.108220
vt 0.711940 0.117310
vt 0.722860 0.093600
vt 0.710440 0.126190
vt 0.710440 0.134770
vt 0.711880 0.142950
vt 0.714930 0.150610
vt 0.719690 0.157630
vt 0.725850 0.163910
vt 0.781940 0.177160
vt 0.790280 0.172280
vt 0.799890 0.164860
vt 0.812220 0.154640
vt 0.817710 0.152720
vt 0.823110 0.154760
vt 0.839110 0.168610
vt 0.823080 0.016970
vt 0.851500 0.035950
vt -7.027270 -2.030420
vt -6.982000 -2.015810
vt -6.996110 -2.034380
vt 0.448980 0.573490
vt 0.441450 0.604180
vt 0.456460 0.600210
vt 0.231780 0.045690
vt 0.264540 0.053130
vt 0.251360 0.031470
vt 0.243550 0.068610
vt 0.061420 0.135700
vt 0.130820 0.226900
vt 0.226880 0.147350
vt 0.083220 0.179100
vt 0.476880 0.362930
vt 0.544900 0.359790
vt 0.483440 0.358080
vt 0.491890 0.363820
vt 0.651150 0.410190
vt 0.665050 0.384740
vt 0.650870 0.384800
vt 0.665280 0.409890
vt 0.703950 0.383340
vt 0.691900 0.408740
vt 0.704930 0.407980
vt 0.690830 0.383840
vt 0.753990 0.059330
vt 0.722940 0.093620
vt 0.818180 0.108790
vt 0.736140 0.076270
vt 0.892740 0.069190
vt 0.851490 0.035940
vt 0.818170 0.108820
vt 0.875380 0.053910
vt 0.109560 0.439650
vt 0.107270 0.442090
vt 0.108980 0.443460
vt 0.106080 0.444230
vt 0.102080 0.443650
vt 0.106170 0.437730
vt 0.089300 0.440720
vt 0.102240 0.436540
vt 0.088990 0.437640
vt 0.084900 0.440260
vt 0.085120 0.443370
vt 0.087100 0.442090
vt 0.082550 0.446490
vt 0.085760 0.450030
vt 0.091040 0.444930
vt 0.090150 0.442550
vt 0.085850 0.452220
vt 0.082580 0.450450
vt 0.090000 0.449870
vt 0.094240 0.449840
vt 0.089630 0.451890
vt 0.096220 0.452310
vt 0.088170 0.453690
vt 0.101810 0.452650
vt 0.098760 0.450450
vt 0.102180 0.445940
vt 0.104950 0.453080
vt 0.105560 0.455090
vt 0.105810 0.457960
vt 0.107490 0.453900
vt 0.109410 0.455670
vt 0.096190 0.459430
vt 0.092230 0.458810
vt 0.086030 0.456070
vt 0.083590 0.453600
vt 0.109320 0.445910
vt 0.112030 0.449570
vt 0.112250 0.445510
vt 0.111390 0.442180
vt 0.095430 0.445200
vt 0.095100 0.443100
vt 1.590060 0.676780
vt 1.542980 0.682830
vt 1.555280 0.871230
vt 1.670540 1.072050
vt 1.652280 1.036570
vt 0.857760 1.184830
vt -3.490760 -0.739240
vt -3.515410 -0.707870
vt -3.468860 -0.635210
vt 0.353070 0.540040
vt 0.338390 0.532030
vt 0.350660 0.532010
vt 0.338840 0.540490
vt 0.328320 0.485620
vt 0.352330 0.468860
vt 0.334720 0.468640
vt 0.404300 0.586200
vt 0.406510 0.580590
vt 0.404090 0.582580
vt 0.407570 0.588590
vt 0.887670 0.351370
vt 0.875010 0.331190
vt 0.877080 0.352670
vt 0.885660 0.330120
vt 0.223190 0.387410
vt 0.243490 0.331910
vt 0.233820 0.360720
vt 0.235190 0.361120
s 0
usemtl mat0.1057
f 1/1/1 3/2/1 2/3/1
f 4/4/2 5/5/2 7/6/2
f 4/4/3 6/7/3 5/5/3
f 8/8/4 9/9/4 10/10/4
f 8/8/5 10/10/5 11/11/5
f 12/12/6 8/8/6 11/11/6
f 12/12/7 11/11/7 13/13/7
f 14/14/8 8/8/8 15/15/8
f 14/14/9 16/16/9 8/8/9
f 10/10/10 9/9/10 17/17/10
f 17/17/11 9/9/11 18/18/11
f 17/17/12 18/18/12 19/19/12
f 20/20/13 21/21/13 22/22/13
f 23/23/14 19/19/14 24/24/14
f 23/23/15 24/24/15 25/25/15
f 25/25/16 24/24/16 26/26/16
f 27/27/17 26/26/17 28/28/17
f 29/29/18 30/30/18 31/31/18
f 32/32/19 33/33/19 30/30/19
f 34/34/20 35/35/20 36/36/20
f 35/35/21 37/37/21 36/36/21
f 38/38/22 39/39/22 37/37/22
f 40/40/23 41/41/23 39/39/23
f 42/42/24 43/43/24 44/44/24
f 45/45/25 46/46/25 47/47/25
f 48/48/26 49/49/26 46/46/26
f 48/48/27 50/50/27 49/49/27
f 48/48/28 51/51/28 50/50/28
f 52/52/29 53/53/29 54/54/29
f 55/55/30 56/56/30 57/57/30
f 58/58/31 59/59/31 60/60/31
f 61/61/32 62/62/32 16/16/32
f 62/62/33 63/63/33 16/16/33
f 63/63/34 64/64/34 9/9/34
f 9/9/35 56/56/35 18/18/35
f 65/65/36 66/66/36 18/18/36
f 24/24/37 18/18/37 66/66/37
f 66/66/38 26/26/38 24/24/38
f 67/67/39 68/68/39 26/26/39
f 69/69/40 70/70/40 71/71/40
f 69/69/41 72/72/41 70/70/41
f 69/69/42 73/73/42 72/72/42
f 74/74/43 75/75/43 73/73/43
f 66/66/44 65/65/44 76/76/44
f 67/67/45 66/66/45 54/54/45
f 77/77/46 78/78/46 79/79/46
f 80/80/47 81/81/47 77/77/47
f 80/80/48 74/74/48 82/82/48
f 77/77/49 79/79/49 83/83/49
f 80/80/50 77/77/50 83/83/50
f 80/80/51 83/83/51 84/84/51
f 80/80/52 84/84/52 74/74/52
f 84/84/53 75/75/53 74/74/53
f 83/83/54 79/79/54 51/51/54
f 82/82/55 74/74/55 73/73/55
f 82/82/56 73/73/56 69/69/56
f 79/79/57 53/53/57 51/51/57
f 79/79/58 85/85/58 53/53/58
f 83/83/59 51/51/59 48/48/59
f 84/84/60 83/83/60 48/48/60
f 85/85/61 54/54/61 53/53/61
f 85/85/62 67/67/62 54/54/62
f 78/78/63 85/85/63 79/79/63
f 54/54/64 66/66/64 76/76/64
f 78/78/65 67/67/65 85/85/65
f 67/67/66 26/26/66 66/66/66
f 78/78/67 86/86/67 67/67/67
f 77/77/68 86/86/68 78/78/68
f 86/86/69 68/68/69 67/67/69
f 77/77/70 81/81/70 86/86/70
f 24/24/71 19/19/71 18/18/71
f 25/25/72 26/26/72 27/27/72
f 68/68/73 28/28/73 26/26/73
f 86/86/74 87/87/74 68/68/74
f 81/81/75 87/87/75 86/86/75
f 88/88/76 89/89/76 87/87/76
f 81/81/77 88/88/77 87/87/77
f 90/90/78 88/88/78 81/81/78
f 90/90/79 91/91/79 88/88/79
f 90/90/80 31/31/80 91/91/80
f 90/90/81 92/92/81 31/31/81
f 80/80/82 90/90/82 81/81/82
f 80/80/83 92/92/83 90/90/83
f 80/80/84 82/82/84 92/92/84
f 82/82/85 93/93/85 92/92/85
f 82/82/86 69/69/86 93/93/86
f 69/69/87 71/71/87 93/93/87
f 92/92/88 29/29/88 31/31/88
f 92/92/89 93/93/89 29/29/89
f 93/93/90 32/32/90 29/29/90
f 32/32/91 30/30/91 29/29/91
f 93/93/92 71/71/92 32/32/92
f 71/71/93 35/35/93 32/32/93
f 71/71/94 38/38/94 35/35/94
f 35/35/95 38/38/95 37/37/95
f 70/70/96 38/38/96 71/71/96
f 38/38/97 40/40/97 39/39/97
f 70/70/98 40/40/98 38/38/98
f 70/70/99 72/72/99 40/40/99
f 40/40/100 43/43/100 41/41/100
f 72/72/101 43/43/101 40/40/101
f 72/72/102 44/44/102 43/43/102
f 73/73/103 44/44/103 72/72/103
f 73/73/104 94/94/104 44/44/104
f 75/75/105 94/94/105 73/73/105
f 75/75/106 47/47/106 94/94/106
f 84/84/107 47/47/107 75/75/107
f 84/84/108 45/45/108 47/47/108
f 84/84/109 48/48/109 45/45/109
f 48/48/110 46/46/110 45/45/110
f 9/9/111 8/8/111 16/16/111
f 63/63/112 9/9/112 16/16/112
f 15/15/113 8/8/113 12/12/113
f 61/61/114 16/16/114 14/14/114
f 95/95/115 61/61/115 96/96/115
f 95/95/116 62/62/116 61/61/116
f 95/95/117 63/63/117 62/62/117
f 95/95/118 60/60/118 63/63/118
f 60/60/119 64/64/119 63/63/119
f 60/60/120 59/59/120 64/64/120
f 64/64/121 59/59/121 57/57/121
f 64/64/122 57/57/122 56/56/122
f 64/64/123 56/56/123 9/9/123
f 65/65/124 18/18/124 56/56/124
f 61/61/125 14/14/125 97/97/125
f 11/11/126 98/98/126 22/22/126
f 13/13/127 11/11/127 22/22/127
f 13/13/128 22/22/128 21/21/128
f 11/11/129 10/10/129 98/98/129
f 12/12/130 13/13/130 99/99/130
f 12/12/131 99/99/131 100/100/131
f 101/101/132 12/12/132 100/100/132
f 102/102/133 98/98/133 10/10/133
f 103/103/134 102/102/134 10/10/134
f 104/104/135 22/22/135 98/98/135
f 23/23/136 103/103/136 19/19/136
f 87/87/137 89/89/137 28/28/137
f 88/88/138 105/105/138 89/89/138
f 88/88/139 91/91/139 105/105/139
f 106/106/140 33/33/140 32/32/140
f 107/107/141 41/41/141 43/43/141
f 107/107/142 43/43/142 42/42/142
f 44/44/143 94/94/143 108/108/143
f 51/51/144 109/109/144 50/50/144
f 53/53/145 52/52/145 109/109/145
f 52/52/146 54/54/146 76/76/146
f 52/52/147 76/76/147 110/110/147
f 110/110/148 76/76/148 65/65/148
f 110/110/149 65/65/149 111/111/149
f 111/111/150 65/65/150 56/56/150
f 111/111/151 56/56/151 55/55/151
f 112/112/152 57/57/152 59/59/152
f 113/113/153 60/60/153 95/95/153
f 114/114/154 95/95/154 96/96/154
f 114/114/155 96/96/155 115/115/155
f 96/96/156 61/61/156 116/116/156
f 96/96/157 116/116/157 115/115/157
f 61/61/158 97/97/158 116/116/158
f 51/51/159 53/53/159 109/109/159
f 103/103/160 17/17/160 19/19/160
f 87/87/161 28/28/161 68/68/161
f 42/42/162 44/44/162 108/108/162
f 113/113/163 95/95/163 114/114/163
f 58/58/164 60/60/164 113/113/164
f 112/112/165 59/59/165 58/58/165
f 55/55/166 57/57/166 112/112/166
f 101/101/167 15/15/167 12/12/167
f 97/97/168 15/15/168 101/101/168
f 97/97/169 14/14/169 15/15/169
f 104/104/170 98/98/170 102/102/170
f 20/20/171 22/22/171 104/104/171
f 13/13/172 21/21/172 20/20/172
f 13/13/173 20/20/173 99/99/173
f 103/103/174 10/10/174 17/17/174
f 117/117/175 118/118/175 120/119/175
f 117/117/176 119/120/176 118/118/176
f 123/121/177 119/120/177 117/117/177
f 117/117/178 120/119/178 121/122/178
f 122/123/179 117/117/179 121/122/179
f 123/121/180 117/117/180 122/123/180
f 124/124/181 123/121/181 126/125/181
f 124/124/182 125/126/182 123/121/182
f 127/127/183 119/120/183 123/121/183
f 125/126/184 127/127/184 123/121/184
f 126/125/185 123/121/185 122/123/185
f 127/127/186 128/128/186 119/120/186
f 128/128/187 129/129/187 119/120/187
f 128/128/188 130/130/188 129/129/188
f 130/130/189 131/131/189 129/129/189
f 130/130/190 132/132/190 131/131/190
f 129/129/191 131/131/191 133/133/191
f 129/129/192 133/133/192 118/118/192
f 133/133/193 134/134/193 118/118/193
f 134/134/194 135/135/194 118/118/194
f 120/119/195 118/118/195 135/135/195
f 136/136/196 135/135/196 137/137/196
f 136/136/197 120/119/197 135/135/197
f 136/136/198 137/137/198 138/138/198
f 139/139/199 138/138/199 141/140/199
f 139/139/200 140/141/200 138/138/200
f 140/141/201 136/136/201 138/138/201
f 142/142/202 141/140/202 143/143/202
f 142/142/203 139/139/203 141/140/203
f 144/144/204 142/142/204 143/143/204
f 144/144/205 143/143/205 145/145/205
f 146/146/206 145/145/206 147/147/206
f 146/146/207 144/144/207 145/145/207
f 146/146/208 147/147/208 148/148/208
f 146/146/209 148/148/209 149/149/209
f 149/149/210 148/148/210 150/150/210
f 152/151/211 150/150/211 151/152/211
f 149/149/212 150/150/212 152/151/212
f 153/153/213 152/151/213 154/154/213
f 153/153/214 149/149/214 152/151/214
f 154/154/215 152/151/215 155/155/215
f 152/151/216 151/152/216 155/155/216
f 154/154/217 155/155/217 156/156/217
f 156/156/218 155/155/218 157/157/218
f 155/155/219 158/158/219 157/157/219
f 155/155/220 151/152/220 158/158/220
f 158/158/221 159/159/221 157/157/221
f 157/157/222 159/159/222 160/160/222
f 157/157/223 160/160/223 161/161/223
f 156/156/224 157/157/224 161/161/224
f 161/161/225 163/160/225 162/162/225
f 164/163/226 161/161/226 162/162/226
f 156/156/227 161/161/227 164/163/227
f 154/154/228 164/163/228 165/164/228
f 154/154/229 156/156/229 164/163/229
f 165/164/230 164/163/230 166/165/230
f 164/163/231 167/166/231 166/165/231
f 164/163/232 162/162/232 167/166/232
f 162/162/233 168/167/233 167/166/233
f 162/162/234 163/160/234 168/167/234
f 165/164/235 166/165/235 169/168/235
f 170/169/236 165/164/236 169/168/236
f 170/169/237 169/168/237 171/170/237
f 173/171/238 171/170/238 172/172/238
f 173/171/239 170/169/239 171/170/239
f 175/173/240 174/174/240 173/171/240
f 173/171/241 174/174/241 170/169/241
f 175/173/242 173/171/242 176/175/242
f 173/171/243 177/176/243 176/175/243
f 173/171/244 172/172/244 177/176/244
f 176/175/245 177/176/245 178/177/245
f 176/175/246 178/177/246 180/178/246
f 180/178/247 178/177/247 179/179/247
f 181/180/248 176/175/248 180/178/248
f 181/180/249 180/178/249 182/181/249
f 182/181/250 180/178/250 183/182/250
f 180/178/251 179/179/251 183/182/251
f 183/182/252 184/183/252 140/141/252
f 183/182/253 179/179/253 184/183/253
f 182/181/254 183/182/254 139/139/254
f 183/182/255 140/141/255 139/139/255
f 179/179/256 185/184/256 184/183/256
f 140/141/257 184/183/257 136/136/257
f 184/183/258 185/184/258 136/136/258
f 136/136/259 185/184/259 186/185/259
f 136/136/260 186/185/260 187/186/260
f 136/136/261 187/186/261 120/119/261
f 187/186/262 188/187/262 120/119/262
f 120/119/263 188/187/263 189/188/263
f 121/122/264 120/119/264 189/188/264
f 121/122/265 189/188/265 190/189/265
f 191/190/266 121/122/266 190/189/266
f 191/190/267 122/123/267 121/122/267
f 126/125/268 122/123/268 191/190/268
f 181/180/269 182/181/269 142/142/269
f 182/181/270 139/139/270 142/142/270
f 175/173/271 181/180/271 144/144/271
f 175/173/272 176/175/272 181/180/272
f 181/180/273 142/142/273 144/144/273
f 175/173/274 153/153/274 174/174/274
f 175/173/275 146/146/275 153/153/275
f 175/173/276 144/144/276 146/146/276
f 153/153/277 165/164/277 174/174/277
f 174/174/278 165/164/278 170/169/278
f 153/153/279 154/154/279 165/164/279
f 146/146/280 149/149/280 153/153/280
f 119/120/281 129/129/281 118/118/281
f 126/125/282 192/191/282 124/124/282
f 193/192/283 194/193/283 200/194/283
f 193/192/284 195/195/284 194/193/284
f 199/196/285 195/195/285 193/192/285
f 198/197/286 193/192/286 196/198/286
f 196/198/287 193/192/287 197/199/287
f 193/192/288 200/194/288 197/199/288
f 198/197/289 199/196/289 193/192/289
f 197/199/290 200/194/290 201/200/290
f 201/200/291 200/194/291 207/201/291
f 203/202/292 200/194/292 202/203/292
f 194/193/293 202/203/293 200/194/293
f 204/204/294 200/194/294 203/202/294
f 205/205/295 200/194/295 204/204/295
f 205/205/296 206/206/296 200/194/296
f 200/194/297 206/206/297 207/201/297
f 208/207/298 201/200/298 207/201/298
f 209/208/299 208/207/299 207/201/299
f 209/208/300 207/201/300 206/206/300
f 210/209/301 209/208/301 206/206/301
f 210/209/302 211/210/302 212/211/302
f 210/209/303 205/205/303 211/210/303
f 210/209/304 206/206/304 205/205/304
f 212/211/305 211/210/305 213/212/305
f 212/211/306 213/212/306 214/213/306
f 214/213/307 216/214/307 215/215/307
f 214/213/308 213/212/308 216/214/308
f 216/214/309 211/210/309 218/216/309
f 216/214/310 213/212/310 211/210/310
f 219/217/311 217/218/311 216/214/311
f 217/218/312 215/215/312 216/214/312
f 216/214/313 218/216/313 220/219/313
f 219/217/314 216/214/314 220/219/314
f 222/220/315 220/219/315 221/221/315
f 222/220/316 219/217/316 220/219/316
f 222/220/317 223/222/317 224/223/317
f 222/220/318 221/221/318 223/222/318
f 225/224/319 222/220/319 224/223/319
f 226/225/320 222/220/320 225/224/320
f 226/225/321 219/217/321 222/220/321
f 226/225/322 227/226/322 219/217/322
f 228/227/323 227/226/323 226/225/323
f 228/227/324 226/225/324 225/224/324
f 229/228/325 230/229/325 228/227/325
f 228/227/326 230/229/326 227/226/326
f 228/227/327 225/224/327 231/230/327
f 231/230/328 233/231/328 232/232/328
f 234/233/329 231/230/329 232/232/329
f 231/230/330 225/224/330 233/231/330
f 234/233/331 238/234/331 235/235/331
f 234/233/332 235/235/332 236/236/332
f 229/228/333 234/233/333 236/236/333
f 234/233/334 232/232/334 237/237/334
f 234/233/335 237/237/335 238/234/335
f 235/235/336 238/234/336 239/238/336
f 239/238/337 238/234/337 240/239/337
f 241/240/338 239/238/338 240/239/338
f 241/240/339 240/239/339 242/241/339
f 244/242/340 242/241/340 243/243/340
f 244/242/341 241/240/341 242/241/341
f 244/242/342 246/244/342 245/245/342
f 249/246/343 244/242/343 245/245/343
f 244/242/344 247/247/344 246/244/344
f 248/248/345 247/247/345 244/242/345
f 248/248/346 244/242/346 243/243/346
f 249/246/347 241/240/347 244/242/347
f 251/249/348 250/250/348 249/246/348
f 250/250/349 241/240/349 249/246/349
f 252/251/350 249/246/350 245/245/350
f 251/249/351 249/246/351 252/251/351
f 252/251/352 245/245/352 253/252/352
f 251/249/353 252/251/353 253/252/353
f 251/249/354 253/252/354 254/253/354
f 254/253/355 253/252/355 255/254/355
f 253/252/356 256/255/356 255/254/356
f 253/252/357 245/245/357 256/255/357
f 256/255/358 259/256/358 255/254/358
f 257/257/359 260/258/359 256/255/359
f 257/257/360 256/255/360 258/259/360
f 245/245/361 258/259/361 256/255/361
f 256/255/362 260/258/362 259/256/362
f 255/254/363 259/256/363 261/260/363
f 262/261/364 261/260/364 263/262/364
f 262/261/365 254/253/365 261/260/365
f 254/253/366 255/254/366 261/260/366
f 266/263/367 263/262/367 264/264/367
f 264/264/368 263/262/368 265/265/368
f 266/263/369 262/261/369 263/262/369
f 266/263/370 267/266/370 262/261/370
f 229/228/371 267/266/371 266/263/371
f 229/228/372 266/263/372 230/229/372
f 266/263/373 268/267/373 230/229/373
f 266/263/374 264/264/374 268/267/374
f 230/229/375 268/267/375 217/218/375
f 268/267/376 269/268/376 217/218/376
f 268/267/377 270/269/377 269/268/377
f 268/267/378 265/265/378 270/269/378
f 268/267/379 264/264/379 265/265/379
f 217/218/380 269/268/380 215/215/380
f 267/266/381 254/253/381 262/261/381
f 271/270/382 254/253/382 267/266/382
f 229/228/383 271/270/383 267/266/383
f 271/270/384 236/236/384 250/250/384
f 271/270/385 250/250/385 251/249/385
f 271/270/386 251/249/386 254/253/386
f 229/228/387 236/236/387 271/270/387
f 245/245/388 246/244/388 258/259/388
f 235/235/389 239/238/389 250/250/389
f 250/250/390 239/238/390 241/240/390
f 236/236/391 235/235/391 250/250/391
f 232/232/392 272/271/392 237/237/392
f 232/232/393 273/272/393 272/271/393
f 232/232/394 233/231/394 273/272/394
f 233/231/395 274/273/395 273/272/395
f 224/223/396 275/274/396 274/273/396
f 233/231/397 224/223/397 274/273/397
f 224/223/398 223/222/398 275/274/398
f 276/275/399 275/274/399 223/222/399
f 277/276/400 276/275/400 223/222/400
f 277/276/401 203/202/401 278/277/401
f 277/276/402 279/278/402 203/202/402
f 277/276/403 223/222/403 279/278/403
f 279/278/404 204/204/404 203/202/404
f 280/279/405 211/210/405 279/278/405
f 279/278/406 211/210/406 204/204/406
f 223/222/407 280/279/407 279/278/407
f 223/222/408 221/221/408 280/279/408
f 280/279/409 218/216/409 211/210/409
f 278/277/410 203/202/410 202/203/410
f 281/280/411 278/277/411 202/203/411
f 281/280/412 283/281/412 282/282/412
f 281/280/413 202/203/413 283/281/413
f 282/282/414 283/281/414 284/283/414
f 195/195/415 284/283/415 283/281/415
f 195/195/416 283/281/416 194/193/416
f 283/281/417 202/203/417 194/193/417
f 282/282/418 284/283/418 285/284/418
f 195/195/419 285/284/419 284/283/419
f 282/282/420 285/284/420 286/285/420
f 286/285/421 285/284/421 287/286/421
f 288/287/422 287/286/422 285/284/422
f 288/287/423 285/284/423 195/195/423
f 290/288/424 289/289/424 288/287/424
f 289/289/425 287/286/425 288/287/425
f 290/288/426 288/287/426 199/196/426
f 199/196/427 288/287/427 195/195/427
f 290/288/428 199/196/428 291/290/428
f 290/288/429 291/290/429 292/291/429
f 292/291/430 294/292/430 293/293/430
f 292/291/431 291/290/431 294/292/431
f 294/292/432 291/290/432 198/197/432
f 296/294/433 294/292/433 198/197/433
f 294/292/434 295/295/434 293/293/434
f 294/292/435 296/294/435 295/295/435
f 296/294/436 198/197/436 298/296/436
f 297/297/437 299/298/437 296/294/437
f 297/297/438 296/294/438 298/296/438
f 299/298/439 295/295/439 296/294/439
f 300/299/440 299/298/440 297/297/440
f 299/298/441 300/299/441 295/295/441
f 300/299/442 297/297/442 301/300/442
f 301/300/443 297/297/443 302/301/443
f 301/300/444 302/301/444 303/302/444
f 304/303/445 303/302/445 302/301/445
f 208/207/446 304/303/446 201/200/446
f 304/303/447 302/301/447 201/200/447
f 302/301/448 196/198/448 201/200/448
f 297/297/449 196/198/449 302/301/449
f 298/296/450 198/197/450 196/198/450
f 297/297/451 298/296/451 196/198/451
f 291/290/452 199/196/452 198/197/452
f 289/289/453 305/304/453 287/286/453
f 286/285/454 287/286/454 305/304/454
f 225/224/455 224/223/455 233/231/455
f 230/229/456 217/218/456 227/226/456
f 227/226/457 217/218/457 219/217/457
f 211/210/458 205/205/458 204/204/458
f 196/198/459 197/199/459 201/200/459
f 307/305/460 309/306/460 306/307/460
f 306/307/461 308/308/461 307/305/461
f 308/308/462 306/307/462 311/309/462
f 309/306/463 310/310/463 306/307/463
f 311/309/464 306/307/464 312/311/464
f 311/309/465 312/311/465 313/312/465
f 314/313/466 311/309/466 313/312/466
f 314/313/467 313/312/467 315/314/467
f 316/315/468 311/309/468 314/313/468
f 318/316/469 317/317/469 316/315/469
f 316/315/470 317/317/470 311/309/470
f 318/316/471 319/318/471 317/317/471
f 320/319/472 319/318/472 318/316/472
f 321/320/473 319/318/473 320/319/473
f 321/320/474 323/321/474 319/318/474
f 322/322/475 321/320/475 324/323/475
f 322/322/476 323/321/476 321/320/476
f 323/321/477 325/324/477 319/318/477
f 322/322/478 325/324/478 323/321/478
f 325/324/479 307/305/479 308/308/479
f 319/318/480 325/324/480 308/308/480
f 325/324/481 326/325/481 307/305/481
f 327/326/482 326/325/482 325/324/482
f 322/322/483 327/326/483 325/324/483
f 327/326/484 328/327/484 326/325/484
f 326/325/485 328/327/485 329/328/485
f 326/325/486 329/328/486 309/306/486
f 309/306/487 329/328/487 330/329/487
f 331/330/488 309/306/488 330/329/488
f 332/331/489 310/310/489 331/330/489
f 332/331/490 331/330/490 333/332/490
f 331/330/491 310/310/491 309/306/491
f 334/333/492 332/331/492 333/332/492
f 334/333/493 335/334/493 332/331/493
f 336/335/494 335/334/494 334/333/494
f 337/336/495 336/335/495 338/337/495
f 337/336/496 339/338/496 336/335/496
f 336/335/497 339/338/497 335/334/497
f 339/338/498 341/339/498 332/331/498
f 339/338/499 332/331/499 335/334/499
f 340/340/500 339/338/500 337/336/500
f 340/340/501 341/339/501 339/338/501
f 342/341/502 332/331/502 341/339/502
f 340/340/503 342/341/503 341/339/503
f 342/341/504 344/342/504 332/331/504
f 340/340/505 343/343/505 342/341/505
f 344/342/506 345/344/506 332/331/506
f 332/331/507 345/344/507 310/310/507
f 346/345/508 347/346/508 343/343/508
f 346/345/509 343/343/509 340/340/509
f 348/347/510 347/346/510 346/345/510
f 348/347/511 349/348/511 347/346/511
f 350/349/512 349/348/512 348/347/512
f 350/349/513 351/350/513 349/348/513
f 350/349/514 352/351/514 351/350/514
f 350/349/515 353/352/515 352/351/515
f 353/352/516 354/353/516 352/351/516
f 353/352/517 355/354/517 354/353/517
f 355/354/518 356/355/518 354/353/518
f 355/354/519 358/356/519 356/355/519
f 358/356/520 357/357/520 356/355/520
f 359/358/521 358/356/521 355/354/521
f 359/358/522 360/359/522 358/356/522
f 360/359/523 362/360/523 358/356/523
f 358/356/524 361/361/524 357/357/524
f 358/356/525 362/360/525 361/361/525
f 361/361/526 362/360/526 363/362/526
f 362/360/527 364/363/527 363/362/527
f 362/360/528 365/364/528 364/363/528
f 360/359/529 365/364/529 362/360/529
f 360/359/530 366/365/530 365/364/530
f 367/366/531 368/367/531 366/365/531
f 367/366/532 366/365/532 360/359/532
f 370/368/533 369/369/533 368/367/533
f 370/368/534 368/367/534 367/366/534
f 372/370/535 370/368/535 371/371/535
f 371/371/536 370/368/536 367/366/536
f 372/370/537 369/369/537 370/368/537
f 372/370/538 373/372/538 376/373/538
f 372/370/539 374/374/539 373/372/539
f 375/375/540 374/374/540 372/370/540
f 375/375/541 372/370/541 371/371/541
f 372/370/542 376/373/542 369/369/542
f 375/375/543 377/376/543 350/349/543
f 375/375/544 371/371/544 377/376/544
f 375/375/545 378/377/545 374/374/545
f 375/375/546 350/349/546 348/347/546
f 375/375/547 348/347/547 378/377/547
f 378/377/548 380/378/548 379/379/548
f 378/377/549 379/379/549 374/374/549
f 378/377/550 346/345/550 380/378/550
f 378/377/551 348/347/551 346/345/551
f 380/378/552 337/336/552 379/379/552
f 380/378/553 340/340/553 337/336/553
f 380/378/554 346/345/554 340/340/554
f 374/374/555 379/379/555 338/337/555
f 379/379/556 337/336/556 338/337/556
f 377/376/557 355/354/557 353/352/557
f 377/376/558 359/358/558 355/354/558
f 350/349/559 377/376/559 353/352/559
f 377/376/560 371/371/560 367/366/560
f 377/376/561 367/366/561 359/358/561
f 374/374/562 338/337/562 373/372/562
f 359/358/563 367/366/563 360/359/563
f 357/357/564 363/362/564 381/380/564
f 357/357/565 361/361/565 363/362/565
f 326/325/566 309/306/566 307/305/566
f 319/318/567 308/308/567 317/317/567
f 317/317/568 308/308/568 311/309/568
f 382/381/569 383/382/569 385/383/569
f 382/381/570 384/384/570 383/382/570
f 387/385/571 384/384/571 382/381/571
f 386/386/572 382/381/572 385/383/572
f 387/385/573 382/381/573 386/386/573
f 387/385/574 388/387/574 392/388/574
f 387/385/575 386/386/575 388/387/575
f 389/389/576 387/385/576 393/390/576
f 389/389/577 390/391/577 387/385/577
f 390/391/578 384/384/578 387/385/578
f 394/392/579 387/385/579 391/393/579
f 391/393/580 387/385/580 392/388/580
f 393/390/581 387/385/581 394/392/581
f 391/393/582 396/394/582 394/392/582
f 393/390/583 394/392/583 395/395/583
f 397/396/584 395/395/584 394/392/584
f 394/392/585 396/394/585 397/396/585
f 397/396/586 398/397/586 399/398/586
f 399/398/587 395/395/587 397/396/587
f 405/399/588 399/398/588 400/400/588
f 399/398/589 402/401/589 401/402/589
f 399/398/590 403/403/590 402/401/590
f 399/398/591 404/404/591 403/403/591
f 399/398/592 398/397/592 404/404/592
f 408/7/593 406/405/593 405/399/593
f 405/399/594 406/405/594 407/398/594
f 400/400/595 408/7/595 405/399/595
f 410/406/596 406/405/596 408/7/596
f 409/5/597 408/7/597 400/400/597
f 413/407/598 410/406/598 411/408/598
f 410/406/599 412/409/599 406/405/599
f 410/406/600 413/407/600 412/409/600
f 412/409/601 413/407/601 414/410/601
f 411/408/602 414/410/602 413/407/602
f 414/410/603 390/391/603 389/389/603
f 393/390/604 414/410/604 389/389/604
f 414/410/605 415/411/605 416/391/605
f 414/410/606 411/408/606 415/411/606
f 412/409/607 414/410/607 393/390/607
f 416/391/608 418/412/608 417/413/608
f 416/391/609 419/414/609 418/412/609
f 416/391/610 420/415/610 419/414/610
f 415/411/611 420/415/611 416/391/611
f 415/411/612 421/416/612 420/415/612
f 415/411/613 422/417/613 421/416/613
f 423/418/614 422/417/614 415/411/614
f 423/418/615 424/419/615 422/417/615
f 423/418/616 425/420/616 424/419/616
f 428/421/617 423/418/617 415/411/617
f 423/418/618 427/422/618 426/423/618
f 423/418/619 428/421/619 427/422/619
f 429/424/620 428/421/620 431/6/620
f 429/424/621 430/425/621 428/421/621
f 428/421/622 430/425/622 427/422/622
f 428/421/623 415/411/623 411/408/623
f 431/6/624 409/5/624 433/426/624
f 429/424/625 431/6/625 432/427/625
f 431/6/626 433/426/626 432/427/626
f 433/426/627 409/5/627 434/428/627
f 435/429/628 434/428/628 409/5/628
f 436/430/629 437/431/629 435/429/629
f 435/429/630 409/5/630 436/430/630
f 438/432/631 436/430/631 400/400/631
f 409/5/632 400/400/632 436/430/632
f 438/432/633 400/400/633 439/433/633
f 400/400/634 440/434/634 439/433/634
f 417/413/635 418/412/635 441/435/635
f 384/384/636 441/435/636 383/382/636
f 384/384/637 417/413/637 441/435/637
f 390/391/638 417/413/638 384/384/638
f 412/409/639 393/390/639 406/405/639
f 406/405/640 393/390/640 407/398/640
f 407/398/641 393/390/641 395/395/641
f 391/393/642 442/436/642 396/394/642
f 443/437/643 442/436/643 391/393/643
f 443/437/644 444/438/644 442/436/644
f 445/439/645 444/438/645 443/437/645
f 445/439/646 446/440/646 444/438/646
f 445/439/647 447/441/647 446/440/647
f 445/439/648 448/442/648 447/441/648
f 448/442/649 449/443/649 447/441/649
f 448/442/650 450/444/650 449/443/650
f 450/444/651 451/445/651 449/443/651
f 452/446/652 451/445/652 450/444/652
f 452/446/653 453/447/653 451/445/653
f 452/446/654 454/448/654 453/447/654
f 455/449/655 454/448/655 452/446/655
f 455/449/656 456/450/656 454/448/656
f 457/451/657 456/450/657 455/449/657
f 457/451/658 458/452/658 456/450/658
f 458/452/659 457/451/659 459/453/659
f 460/454/660 457/451/660 455/449/660
f 461/455/661 457/451/661 460/454/661
f 461/455/662 460/454/662 462/456/662
f 463/457/663 462/456/663 460/454/663
f 463/457/664 460/454/664 464/458/664
f 464/458/665 466/459/665 465/460/665
f 464/458/666 460/454/666 466/459/666
f 466/459/667 470/461/667 467/462/667
f 466/459/668 467/462/668 468/463/668
f 466/459/669 468/463/669 469/464/669
f 469/464/670 465/460/670 466/459/670
f 460/454/671 470/461/671 466/459/671
f 472/465/672 471/466/672 470/461/672
f 471/466/673 467/462/673 470/461/673
f 460/454/674 472/465/674 470/461/674
f 455/449/675 474/446/675 472/465/675
f 460/454/676 455/449/676 472/465/676
f 472/465/677 473/467/677 471/466/677
f 474/446/678 473/467/678 472/465/678
f 474/446/679 475/468/679 473/467/679
f 452/446/680 450/444/680 475/468/680
f 475/468/681 450/444/681 476/469/681
f 475/468/682 476/469/682 473/467/682
f 476/469/683 477/470/683 479/471/683
f 450/444/684 477/470/684 476/469/684
f 473/467/685 476/469/685 478/472/685
f 476/469/686 479/471/686 478/472/686
f 479/471/687 392/388/687 388/387/687
f 479/471/688 388/387/688 480/473/688
f 478/472/689 479/471/689 480/473/689
f 477/470/690 392/388/690 479/471/690
f 388/387/691 481/474/691 480/473/691
f 480/473/692 481/474/692 482/475/692
f 480/473/693 482/475/693 483/476/693
f 478/472/694 480/473/694 483/476/694
f 482/475/695 485/477/695 483/476/695
f 483/476/696 484/478/696 486/479/696
f 483/476/697 485/477/697 484/478/697
f 483/476/698 486/479/698 471/466/698
f 471/466/699 487/480/699 483/476/699
f 478/472/700 483/476/700 487/480/700
f 478/472/701 487/480/701 488/481/701
f 471/466/702 488/481/702 487/480/702
f 473/467/703 478/472/703 488/481/703
f 473/467/704 488/481/704 471/466/704
f 471/466/705 486/479/705 489/482/705
f 467/462/706 471/466/706 489/482/706
f 467/462/707 489/482/707 490/483/707
f 467/462/708 490/483/708 468/463/708
f 388/387/709 491/484/709 481/474/709
f 388/387/710 492/485/710 491/484/710
f 388/387/711 386/386/711 492/485/711
f 386/386/712 385/383/712 492/485/712
f 448/442/713 445/439/713 477/470/713
f 445/439/714 392/388/714 477/470/714
f 450/444/715 448/442/715 477/470/715
f 445/439/716 443/437/716 392/388/716
f 391/393/717 392/388/717 443/437/717
f 493/486/718 495/487/718 494/488/718
f 496/489/719 497/490/719 500/491/719
f 496/489/720 498/492/720 497/490/720
f 498/492/721 496/489/721 501/493/721
f 502/494/722 496/489/722 499/495/722
f 499/495/723 496/489/723 500/491/723
f 501/493/724 496/489/724 502/494/724
f 503/496/725 502/494/725 499/495/725
f 503/496/726 499/495/726 504/497/726
f 505/498/727 503/496/727 504/497/727
f 505/498/728 506/499/728 503/496/728
f 505/498/729 507/500/729 506/499/729
f 507/500/730 511/501/730 508/502/730
f 507/500/731 505/498/731 509/503/731
f 507/500/732 509/503/732 512/504/732
f 507/500/733 510/505/733 511/501/733
f 507/500/734 512/504/734 510/505/734
f 512/504/735 509/503/735 513/506/735
f 512/504/736 513/506/736 510/505/736
f 513/506/737 509/503/737 514/507/737
f 513/506/738 514/507/738 515/508/738
f 516/509/739 513/506/739 515/508/739
f 513/506/740 516/509/740 510/505/740
f 516/509/741 515/508/741 518/510/741
f 510/505/742 516/509/742 517/511/742
f 516/509/743 518/510/743 517/511/743
f 517/511/744 518/510/744 519/512/744
f 520/513/745 519/512/745 518/510/745
f 518/510/746 521/514/746 520/513/746
f 515/508/747 521/514/747 518/510/747
f 541/515/748 521/514/748 522/516/748
f 539/517/749 521/514/749 523/518/749
f 523/518/750 521/514/750 527/519/750
f 528/520/751 521/514/751 524/521/751
f 524/521/752 521/514/752 500/491/752
f 525/522/753 521/514/753 536/523/753
f 540/524/754 521/514/754 525/522/754
f 526/525/755 521/514/755 534/526/755
f 538/527/756 521/514/756 526/525/756
f 527/519/757 521/514/757 535/528/757
f 533/529/758 521/514/758 528/520/758
f 529/530/759 521/514/759 530/531/759
f 534/526/760 521/514/760 529/530/760
f 530/531/761 521/514/761 531/532/761
f 531/532/762 521/514/762 532/533/762
f 532/533/763 521/514/763 533/529/763
f 500/491/764 521/514/764 515/508/764
f 535/528/765 521/514/765 538/527/765
f 536/523/766 521/514/766 539/517/766
f 520/513/767 521/514/767 541/515/767
f 537/534/768 521/514/768 540/524/768
f 543/535/769 520/513/769 541/515/769
f 544/536/770 541/515/770 542/537/770
f 542/537/771 541/515/771 522/516/771
f 544/536/772 543/535/772 541/515/772
f 548/538/773 544/536/773 545/539/773
f 545/539/774 544/536/774 542/537/774
f 544/536/775 546/540/775 543/535/775
f 547/541/776 546/540/776 544/536/776
f 548/538/777 547/541/777 544/536/777
f 548/538/778 545/539/778 550/542/778
f 548/538/779 549/543/779 547/541/779
f 548/538/780 550/542/780 549/543/780
f 542/537/781 522/516/781 550/542/781
f 550/542/782 522/516/782 551/544/782
f 545/539/783 542/537/783 550/542/783
f 552/545/784 550/542/784 551/544/784
f 549/543/785 550/542/785 552/545/785
f 552/545/786 551/544/786 553/546/786
f 553/546/787 551/544/787 555/547/787
f 553/546/788 555/547/788 554/548/788
f 555/547/789 557/549/789 556/550/789
f 554/548/790 555/547/790 556/550/790
f 551/544/791 557/549/791 555/547/791
f 551/544/792 522/516/792 557/549/792
f 556/550/793 557/549/793 558/551/793
f 558/551/794 557/549/794 537/534/794
f 560/552/795 558/551/795 559/553/795
f 558/551/796 537/534/796 559/553/796
f 556/550/797 558/551/797 560/552/797
f 560/552/798 559/553/798 561/554/798
f 563/555/799 560/552/799 561/554/799
f 562/556/800 560/552/800 563/555/800
f 562/556/801 556/550/801 560/552/801
f 563/555/802 561/554/802 564/557/802
f 565/558/803 564/557/803 561/554/803
f 565/558/804 561/554/804 566/559/804
f 567/560/805 565/558/805 566/559/805
f 569/561/806 567/560/806 568/562/806
f 567/560/807 566/559/807 568/562/807
f 569/561/808 568/562/808 570/563/808
f 571/564/809 569/561/809 570/563/809
f 571/564/810 570/563/810 572/565/810
f 571/564/811 572/565/811 573/566/811
f 571/564/812 573/566/812 574/567/812
f 574/567/813 575/568/813 576/569/813
f 574/567/814 573/566/814 575/568/814
f 576/569/815 575/568/815 577/570/815
f 576/569/816 577/570/816 578/571/816
f 578/571/817 577/570/817 579/572/817
f 578/571/818 579/572/818 580/573/818
f 580/573/819 581/574/819 582/575/819
f 580/573/820 579/572/820 581/574/820
f 582/575/821 584/576/821 583/577/821
f 582/575/822 581/574/822 584/576/822
f 584/576/823 581/574/823 585/578/823
f 584/576/824 585/578/824 539/517/824
f 586/579/825 584/576/825 539/517/825
f 583/577/826 584/576/826 586/579/826
f 583/577/827 586/579/827 587/580/827
f 587/580/828 586/579/828 588/581/828
f 588/581/829 586/579/829 539/517/829
f 590/582/830 588/581/830 523/518/830
f 588/581/831 539/517/831 523/518/831
f 587/580/832 588/581/832 589/583/832
f 589/583/833 588/581/833 590/582/833
f 592/584/834 590/582/834 591/585/834
f 591/585/835 590/582/835 523/518/835
f 589/583/836 590/582/836 592/584/836
f 592/584/837 591/585/837 593/586/837
f 593/586/838 591/585/838 594/587/838
f 593/586/839 594/587/839 595/588/839
f 595/588/840 596/589/840 597/590/840
f 595/588/841 594/587/841 596/589/841
f 597/590/842 599/591/842 598/592/842
f 597/590/843 596/589/843 599/591/843
f 598/592/844 599/591/844 601/593/844
f 596/589/845 600/594/845 599/591/845
f 599/591/846 600/594/846 535/528/846
f 601/593/847 599/591/847 535/528/847
f 535/528/848 538/527/848 601/593/848
f 601/593/849 538/527/849 602/595/849
f 603/596/850 601/593/850 602/595/850
f 598/592/851 601/593/851 603/596/851
f 603/596/852 602/595/852 604/597/852
f 605/598/853 604/597/853 602/595/853
f 605/598/854 602/595/854 606/599/854
f 607/600/855 605/598/855 606/599/855
f 607/600/856 606/599/856 608/601/856
f 606/599/857 526/525/857 608/601/857
f 608/601/858 526/525/858 534/526/858
f 608/601/859 534/526/859 610/602/859
f 609/603/860 608/601/860 610/602/860
f 609/603/861 610/602/861 534/526/861
f 609/603/862 534/526/862 611/604/862
f 612/605/863 609/603/863 611/604/863
f 612/605/864 613/606/864 609/603/864
f 614/607/865 612/605/865 611/604/865
f 615/608/866 614/607/866 616/609/866
f 614/607/867 611/604/867 616/609/867
f 611/604/868 529/530/868 616/609/868
f 616/609/869 529/530/869 617/610/869
f 615/608/870 616/609/870 617/610/870
f 617/610/871 529/530/871 618/611/871
f 619/612/872 617/610/872 618/611/872
f 619/612/873 615/608/873 617/610/873
f 620/613/874 619/612/874 618/611/874
f 620/613/875 618/611/875 622/614/875
f 621/615/876 620/613/876 622/614/876
f 622/614/877 530/531/877 623/616/877
f 621/615/878 622/614/878 623/616/878
f 618/611/879 530/531/879 622/614/879
f 625/617/880 623/616/880 624/618/880
f 623/616/881 530/531/881 624/618/881
f 626/619/882 623/616/882 625/617/882
f 626/619/883 621/615/883 623/616/883
f 627/620/884 626/619/884 625/617/884
f 627/620/885 625/617/885 628/621/885
f 629/622/886 627/620/886 628/621/886
f 629/622/887 628/621/887 630/623/887
f 631/624/888 629/622/888 630/623/888
f 631/624/889 630/623/889 632/625/889
f 633/626/890 631/624/890 632/625/890
f 633/626/891 632/625/891 634/627/891
f 635/628/892 633/626/892 634/627/892
f 635/628/893 634/627/893 637/629/893
f 636/630/894 635/628/894 637/629/894
f 637/629/895 634/627/895 533/529/895
f 636/630/896 637/629/896 638/631/896
f 638/631/897 637/629/897 533/529/897
f 640/632/898 638/631/898 528/520/898
f 638/631/899 533/529/899 528/520/899
f 639/633/900 636/630/900 638/631/900
f 639/633/901 638/631/901 640/632/901
f 642/634/902 640/632/902 641/635/902
f 641/635/903 640/632/903 528/520/903
f 642/634/904 639/633/904 640/632/904
f 643/636/905 642/634/905 641/635/905
f 644/637/906 643/636/906 645/638/906
f 643/636/907 641/635/907 645/638/907
f 644/637/908 645/638/908 498/492/908
f 645/638/909 641/635/909 524/521/909
f 497/490/910 645/638/910 524/521/910
f 498/492/911 645/638/911 497/490/911
f 501/493/912 644/637/912 498/492/912
f 641/635/913 528/520/913 524/521/913
f 632/625/914 533/529/914 634/627/914
f 632/625/915 630/623/915 532/533/915
f 632/625/916 532/533/916 533/529/916
f 630/623/917 628/621/917 532/533/917
f 628/621/918 531/532/918 532/533/918
f 624/618/919 531/532/919 628/621/919
f 628/621/920 625/617/920 624/618/920
f 530/531/921 531/532/921 624/618/921
f 618/611/922 529/530/922 530/531/922
f 611/604/923 534/526/923 529/530/923
f 602/595/924 526/525/924 606/599/924
f 526/525/925 602/595/925 538/527/925
f 600/594/926 596/589/926 527/519/926
f 600/594/927 527/519/927 535/528/927
f 596/589/928 594/587/928 527/519/928
f 594/587/929 591/585/929 527/519/929
f 591/585/930 523/518/930 527/519/930
f 585/578/931 536/523/931 539/517/931
f 579/572/932 536/523/932 585/578/932
f 581/574/933 579/572/933 585/578/933
f 579/572/934 577/570/934 536/523/934
f 577/570/935 575/568/935 536/523/935
f 575/568/936 525/522/936 536/523/936
f 575/568/937 573/566/937 525/522/937
f 572/565/938 525/522/938 573/566/938
f 572/565/939 570/563/939 540/524/939
f 540/524/940 525/522/940 572/565/940
f 570/563/941 568/562/941 540/524/941
f 566/559/942 537/534/942 568/562/942
f 537/534/943 540/524/943 568/562/943
f 559/553/944 537/534/944 566/559/944
f 561/554/945 559/553/945 566/559/945
f 554/548/946 556/550/946 562/556/946
f 547/541/947 646/639/947 546/540/947
f 547/541/948 647/640/948 646/639/948
f 646/639/949 647/640/949 648/641/949
f 646/639/950 648/641/950 650/642/950
f 648/641/951 649/643/951 650/642/951
f 651/644/952 649/643/952 648/641/952
f 651/644/953 648/641/953 652/645/953
f 511/501/954 652/645/954 508/502/954
f 511/501/955 651/644/955 652/645/955
f 651/644/956 653/646/956 649/643/956
f 511/501/957 653/646/957 651/644/957
f 653/646/958 510/505/958 517/511/958
f 653/646/959 517/511/959 649/643/959
f 511/501/960 510/505/960 653/646/960
f 543/535/961 650/642/961 519/512/961
f 650/642/962 649/643/962 519/512/962
f 646/639/963 650/642/963 546/540/963
f 546/540/964 650/642/964 543/535/964
f 517/511/965 519/512/965 649/643/965
f 543/535/966 519/512/966 520/513/966
f 497/490/967 524/521/967 500/491/967
f 514/507/968 500/491/968 515/508/968
f 514/507/969 654/647/969 500/491/969
f 514/507/970 504/497/970 654/647/970
f 509/503/971 504/497/971 514/507/971
f 504/497/972 499/495/972 654/647/972
f 499/495/973 500/491/973 654/647/973
f 505/498/974 504/497/974 509/503/974
f 655/648/975 656/649/975 659/650/975
f 655/648/976 657/651/976 656/649/976
f 662/652/977 657/651/977 655/648/977
f 660/653/978 655/648/978 658/654/978
f 658/654/979 655/648/979 659/650/979
f 660/653/980 661/655/980 655/648/980
f 661/655/981 662/652/981 655/648/981
f 662/652/982 663/656/982 657/651/982
f 663/656/983 664/657/983 657/651/983
f 663/656/984 665/658/984 664/657/984
f 665/658/985 666/659/985 667/660/985
f 665/658/986 667/660/986 664/657/986
f 664/657/987 667/660/987 668/661/987
f 667/660/988 669/662/988 668/661/988
f 667/660/989 670/663/989 669/662/989
f 666/659/990 670/663/990 667/660/990
f 666/659/991 671/664/991 670/663/991
f 664/657/992 668/661/992 672/665/992
f 657/651/993 672/665/993 656/649/993
f 657/651/994 664/657/994 672/665/994
f 673/666/995 660/653/995 658/654/995
f 675/667/996 673/666/996 674/668/996
f 673/666/997 658/654/997 674/668/997
f 676/669/998 674/668/998 677/670/998
f 676/669/999 677/670/999 678/671/999
f 679/672/1000 678/671/1000 680/673/1000
f 679/672/1001 676/669/1001 678/671/1001
f 681/674/1002 679/672/1002 680/673/1002
f 681/674/1003 680/673/1003 682/675/1003
f 683/676/1004 681/674/1004 682/675/1004
f 683/676/1005 682/675/1005 684/677/1005
f 683/676/1006 684/677/1006 685/678/1006
f 683/676/1007 685/678/1007 686/679/1007
f 685/678/1008 687/680/1008 686/679/1008
f 685/678/1009 688/681/1009 687/680/1009
f 691/682/1010 686/679/1010 689/683/1010
f 689/683/1011 686/679/1011 690/684/1011
f 693/685/1012 690/684/1012 692/686/1012
f 689/683/1013 690/684/1013 693/685/1013
f 693/685/1014 692/686/1014 694/687/1014
f 694/687/1015 695/688/1015 696/689/1015
f 694/687/1016 692/686/1016 695/688/1016
f 696/689/1017 697/690/1017 698/691/1017
f 696/689/1018 695/688/1018 697/690/1018
f 699/692/1019 698/691/1019 697/690/1019
f 699/692/1020 697/690/1020 700/693/1020
f 701/694/1021 699/692/1021 700/693/1021
f 702/695/1022 701/694/1022 700/693/1022
f 703/696/1023 702/695/1023 704/697/1023
f 702/695/1024 700/693/1024 704/697/1024
f 708/698/1025 703/696/1025 704/697/1025
f 704/697/1026 700/693/1026 706/699/1026
f 705/700/1027 704/697/1027 707/701/1027
f 708/698/1028 704/697/1028 705/700/1028
f 704/697/1029 706/699/1029 707/701/1029
f 709/702/1030 708/698/1030 705/700/1030
f 710/703/1031 709/702/1031 705/700/1031
f 710/703/1032 705/700/1032 712/704/1032
f 711/705/1033 710/703/1033 712/704/1033
f 712/704/1034 705/700/1034 715/706/1034
f 711/705/1035 712/704/1035 713/707/1035
f 712/704/1036 714/708/1036 713/707/1036
f 712/704/1037 715/706/1037 714/708/1037
f 705/700/1038 707/701/1038 715/706/1038
f 713/707/1039 714/708/1039 716/709/1039
f 713/707/1040 716/709/1040 717/710/1040
f 717/710/1041 716/709/1041 718/711/1041
f 717/710/1042 718/711/1042 719/712/1042
f 720/713/1043 717/710/1043 719/712/1043
f 721/714/1044 711/705/1044 713/707/1044
f 700/693/1045 722/715/1045 706/699/1045
f 697/690/1046 722/715/1046 700/693/1046
f 697/690/1047 723/716/1047 722/715/1047
f 724/717/1048 723/716/1048 697/690/1048
f 724/717/1048 697/690/1048 695/688/1048
f 725/718/1049 681/674/1049 683/676/1049
f 726/719/1050 681/674/1050 725/718/1050
f 727/720/1051 679/672/1051 726/719/1051
f 726/719/1052 679/672/1052 681/674/1052
f 728/721/1053 679/672/1053 727/720/1053
f 728/721/1054 676/669/1054 679/672/1054
f 658/654/1055 659/650/1055 729/722/1055
f 730/723/1056 731/724/1056 733/725/1056
f 730/723/1057 732/726/1057 731/724/1057
f 736/727/1058 732/726/1058 730/723/1058
f 730/723/1059 733/725/1059 735/728/1059
f 737/729/1060 730/723/1060 734/730/1060
f 734/730/1061 730/723/1061 735/728/1061
f 736/727/1062 730/723/1062 737/729/1062
f 736/727/1063 738/731/1063 732/726/1063
f 739/732/1064 738/731/1064 736/727/1064
f 739/732/1065 741/733/1065 738/731/1065
f 740/734/1066 741/733/1066 739/732/1066
f 738/731/1067 741/733/1067 742/735/1067
f 738/731/1068 742/735/1068 743/736/1068
f 732/726/1069 743/736/1069 731/724/1069
f 732/726/1070 738/731/1070 743/736/1070
f 734/730/1071 735/728/1071 744/737/1071
f 744/737/1072 735/728/1072 745/738/1072
f 735/728/1073 746/739/1073 745/738/1073
f 735/728/1074 733/725/1074 746/739/1074
f 745/738/1075 746/739/1075 747/740/1075
f 745/738/1076 747/740/1076 748/741/1076
f 745/738/1077 748/741/1077 749/742/1077
f 749/742/1078 748/741/1078 750/743/1078
f 750/743/1079 748/741/1079 751/744/1079
f 750/743/1080 751/744/1080 752/745/1080
f 750/743/1081 752/745/1081 753/746/1081
f 753/746/1082 752/745/1082 754/747/1082
f 753/746/1083 754/747/1083 755/748/1083
f 755/748/1084 754/747/1084 756/749/1084
f 755/748/1085 756/749/1085 757/750/1085
f 760/751/1086 755/748/1086 757/750/1086
f 758/752/1087 757/750/1087 759/753/1087
f 758/752/1088 760/751/1088 757/750/1088
f 760/751/1089 761/754/1089 755/748/1089
f 761/754/1090 753/746/1090 755/748/1090
f 761/754/1091 762/755/1091 753/746/1091
f 763/756/1092 753/746/1092 762/755/1092
f 763/756/1093 750/743/1093 753/746/1093
f 764/757/1094 750/743/1094 763/756/1094
f 765/758/1095 750/743/1095 764/757/1095
f 766/759/1096 749/742/1096 765/758/1096
f 765/758/1097 749/742/1097 750/743/1097
f 744/737/1098 745/738/1098 766/759/1098
f 766/759/1099 745/738/1099 749/742/1099
f 767/760/1100 759/753/1100 768/761/1100
f 767/760/1101 758/752/1101 759/753/1101
f 768/761/1102 759/753/1102 769/762/1102
f 768/761/1103 769/762/1103 770/763/1103
f 771/764/1104 770/763/1104 772/765/1104
f 771/764/1105 768/761/1105 770/763/1105
f 773/766/1106 771/764/1106 774/767/1106
f 773/766/1107 775/768/1107 771/764/1107
f 775/768/1108 768/761/1108 771/764/1108
f 775/768/1109 767/760/1109 768/761/1109
f 774/767/1110 776/769/1110 778/770/1110
f 774/767/1111 777/771/1111 776/769/1111
f 779/772/1112 774/767/1112 778/770/1112
f 779/772/1113 773/766/1113 774/767/1113
f 780/773/1114 779/772/1114 778/770/1114
f 780/773/1115 778/770/1115 782/774/1115
f 781/775/1116 780/773/1116 782/774/1116
f 782/774/1117 776/769/1117 785/776/1117
f 778/770/1118 776/769/1118 782/774/1118
f 783/777/1119 782/774/1119 784/778/1119
f 783/777/1120 781/775/1120 782/774/1120
f 782/774/1121 785/776/1121 784/778/1121
f 784/778/1122 785/776/1122 786/779/1122
f 784/778/1123 786/779/1123 787/780/1123
f 787/780/1124 786/779/1124 788/781/1124
f 787/780/1125 788/781/1125 789/782/1125
f 789/782/1126 788/781/1126 790/783/1126
f 789/782/1127 790/783/1127 791/784/1127
f 791/784/1128 790/783/1128 792/785/1128
f 791/784/1129 792/785/1129 793/786/1129
f 793/786/1130 792/785/1130 794/787/1130
f 794/787/1131 792/785/1131 795/788/1131
f 794/787/1132 795/788/1132 796/789/1132
f 796/789/1133 795/788/1133 797/790/1133
f 796/789/1134 797/790/1134 798/791/1134
f 800/792/1135 796/789/1135 798/791/1135
f 800/792/1136 798/791/1136 799/793/1136
f 801/794/1137 796/789/1137 800/792/1137
f 801/794/1138 794/787/1138 796/789/1138
f 802/795/1139 794/787/1139 801/794/1139
f 803/796/1140 793/786/1140 802/795/1140
f 802/795/1141 793/786/1141 794/787/1141
f 803/796/1142 791/784/1142 793/786/1142
f 804/797/1143 791/784/1143 803/796/1143
f 805/798/1144 791/784/1144 804/797/1144
f 806/799/1145 789/782/1145 805/798/1145
f 805/798/1146 789/782/1146 791/784/1146
f 806/799/1147 784/778/1147 787/780/1147
f 806/799/1148 783/777/1148 784/778/1148
f 806/799/1149 787/780/1149 789/782/1149
f 807/800/1150 808/801/1150 835/802/1150
f 807/800/1151 809/803/1151 808/801/1151
f 807/800/1152 834/804/1152 809/803/1152
f 807/800/1153 810/805/1153 813/806/1153
f 807/800/1154 811/807/1154 810/805/1154
f 807/800/1155 843/808/1155 811/807/1155
f 807/800/1156 812/809/1156 844/810/1156
f 807/800/1157 813/806/1157 812/809/1157
f 807/800/1158 814/811/1158 816/812/1158
f 807/800/1159 815/813/1159 814/811/1159
f 807/800/1160 844/810/1160 815/813/1160
f 807/800/1161 816/812/1161 817/814/1161
f 807/800/1162 817/814/1162 845/815/1162
f 807/800/1163 818/816/1163 846/817/1163
f 807/800/1164 819/818/1164 818/816/1164
f 807/800/1165 845/815/1165 819/818/1165
f 807/800/1166 821/819/1166 820/820/1166
f 807/800/1167 846/817/1167 821/819/1167
f 807/800/1168 822/821/1168 824/822/1168
f 807/800/1169 823/823/1169 822/821/1169
f 807/800/1170 849/824/1170 823/823/1170
f 807/800/1171 825/825/1171 827/826/1171
f 807/800/1172 826/827/1172 825/825/1172
f 807/800/1173 827/826/1173 828/828/1173
f 807/800/1174 828/828/1174 829/829/1174
f 807/800/1175 829/829/1175 830/830/1175
f 807/800/1176 830/830/1176 831/831/1176
f 807/800/1177 831/831/1177 832/832/1177
f 807/800/1178 832/832/1178 833/833/1178
f 807/800/1179 833/833/1179 834/804/1179
f 807/800/1180 835/802/1180 836/834/1180
f 807/800/1181 836/834/1181 837/835/1181
f 807/800/1182 837/835/1182 838/836/1182
f 807/800/1183 838/836/1183 839/837/1183
f 807/800/1184 839/837/1184 840/838/1184
f 807/800/1185 840/838/1185 841/839/1185
f 807/800/1186 841/839/1186 842/840/1186
f 807/800/1187 842/840/1187 843/808/1187
f 807/800/1188 847/841/1188 849/824/1188
f 807/800/1189 848/842/1189 847/841/1189
f 850/843/1190 852/844/1190 851/845/1190
f 853/846/1191 854/847/1191 856/848/1191
f 853/846/1192 855/406/1192 854/847/1192
f 857/849/1193 858/850/1193 860/851/1193
f 857/849/1194 859/852/1194 858/850/1194
f 861/853/1195 862/854/1195 864/855/1195
f 861/853/1196 863/856/1196 862/854/1196
f 865/857/1197 866/858/1197 868/859/1197
f 865/857/1198 867/860/1198 866/858/1199
f 869/861/1200 870/862/1201 872/863/1201
f 869/861/1202 871/864/1202 870/862/1202
f 873/865/1203 874/866/1203 876/867/1203
f 873/865/1204 875/868/1204 874/866/1204
f 877/869/1205 878/870/1205 880/871/1205
f 877/869/1206 879/872/1206 878/870/1206
f 881/873/1207 882/874/1207 884/875/1207
f 881/873/1208 883/876/1208 882/874/1208
f 888/877/1209 885/878/1209 886/879/1209
f 885/878/1210 887/880/1210 886/879/1210
f 889/881/1211 887/880/1211 885/878/1211
f 891/882/1212 885/878/1212 888/877/1212
f 889/881/1213 885/878/1213 890/883/1213
f 890/883/1214 885/878/1214 891/882/1214
f 890/883/1215 891/882/1215 892/884/1215
f 890/883/1216 892/884/1216 893/885/1216
f 890/883/1217 893/885/1217 894/886/1217
f 894/886/1218 895/887/1218 897/888/1218
f 894/886/1219 896/889/1219 895/887/1219
f 890/883/1220 894/886/1220 897/888/1220
f 895/887/1221 900/890/1221 897/888/1221
f 900/890/1222 898/891/1222 897/888/1222
f 898/891/1223 899/892/1223 897/888/1223
f 890/883/1224 897/888/1224 899/892/1224
f 901/893/1225 900/890/1225 902/894/1225
f 903/895/1226 900/890/1226 901/893/1226
f 902/894/1227 900/890/1227 895/887/1227
f 900/890/1228 903/895/1228 898/891/1228
f 904/896/1229 898/891/1229 903/895/1229
f 904/896/1230 903/895/1230 905/897/1230
f 903/895/1231 901/893/1231 905/897/1231
f 907/898/1232 905/897/1232 906/899/1232
f 906/899/1233 905/897/1233 901/893/1233
f 904/896/1234 905/897/1234 907/898/1234
f 906/899/1235 909/900/1235 907/898/1235
f 908/901/1236 904/896/1236 907/898/1236
f 907/898/1237 909/900/1237 908/901/1237
f 909/900/1238 910/902/1238 908/901/1238
f 910/902/1239 909/900/1239 911/903/1239
f 909/900/1240 912/904/1240 911/903/1240
f 909/900/1241 906/899/1241 912/904/1241
f 914/905/1242 912/904/1242 906/899/1242
f 914/905/1243 913/906/1243 912/904/1243
f 912/904/1244 913/906/1244 911/903/1244
f 914/905/1245 915/907/1245 913/906/1245
f 906/899/1246 916/908/1246 914/905/1246
f 916/908/1247 906/899/1247 917/909/1247
f 917/909/1248 906/899/1248 918/910/1248
f 918/910/1249 906/899/1249 901/893/1249
f 918/910/1250 901/893/1250 919/911/1250
f 901/893/1251 902/894/1251 919/911/1251
f 920/912/1252 915/907/1252 921/913/1252
f 920/912/1253 913/906/1253 915/907/1253
f 920/912/1254 921/913/1254 922/914/1254
f 886/879/1255 920/912/1255 922/914/1255
f 886/879/1256 922/914/1256 923/915/1256
f 888/877/1257 886/879/1257 923/915/1257
f 913/906/1258 920/912/1258 887/880/1258
f 887/880/1259 920/912/1259 886/879/1259
f 913/906/1260 887/880/1260 911/903/1260
f 910/902/1261 911/903/1261 887/880/1261
f 887/880/1262 889/881/1262 910/902/1262
f 889/881/1263 924/916/1263 910/902/1263
f 908/901/1264 910/902/1264 924/916/1264
f 898/891/1265 924/916/1265 925/917/1265
f 889/881/1266 925/917/1266 924/916/1266
f 924/916/1267 898/891/1267 904/896/1267
f 924/916/1268 904/896/1268 908/901/1268
f 925/917/1269 889/881/1269 890/883/1269
f 898/891/1270 925/917/1270 899/892/1270
f 890/883/1271 899/892/1271 925/917/1271
f 902/894/1272 895/887/1272 896/889/1272
f 926/918/1273 928/919/1273 927/920/1273
f 929/921/1274 931/922/1274 930/923/1274
f 932/924/1275 934/925/1275 933/926/1275
f 935/927/1276 936/928/1276 938/929/1276
f 935/927/1277 937/930/1277 936/928/1277
f 939/931/1278 940/932/1278 942/221/1278
f 939/931/1279 941/933/1279 940/932/1279
f 943/934/1280 944/935/1280 946/936/1280
f 943/934/1281 945/937/1281 944/935/1281
f 947/938/1282 948/939/1282 950/940/1282
f 947/938/1283 949/941/1283 948/939/1283
f 951/942/1284 952/943/1284 954/944/1284
f 951/942/1285 953/945/1285 952/943/1285
