# Blender 4.2.3 LTS
# www.blender.org
mtllib hat.mtl
o dynamic
v 447.386902 -331.004791 229.824219
v 450.262085 -328.095001 228.556244
v 450.724518 -328.671112 228.587006
v 450.999084 -329.381683 228.664001
v 451.191193 -330.133118 228.748566
v 451.169769 -330.938568 228.870514
v 451.062317 -331.750671 228.996063
v 450.748474 -332.528259 229.145721
v 450.357788 -333.277557 229.292877
v 449.799438 -333.908508 229.448029
v 449.184814 -334.481049 229.594299
v 448.467163 -334.868988 229.731995
v 447.722351 -335.178070 229.854187
v 446.954346 -335.264099 229.953094
v 446.192322 -335.262604 230.031586
v 445.490967 -335.033722 230.076874
v 444.827637 -334.722321 230.098816
v 444.299957 -334.213104 230.083862
v 443.835815 -333.639496 230.045410
v 443.562347 -332.927399 229.973053
v 443.368408 -332.178741 229.879517
v 443.390808 -331.371979 229.761597
v 443.496521 -330.562408 229.627716
v 443.811188 -329.783356 229.483032
v 444.200531 -329.035980 229.328918
v 444.760345 -328.403137 229.180634
v 445.373901 -327.832001 229.029297
v 446.093262 -327.441406 228.900146
v 446.837341 -327.133789 228.773956
v 447.607025 -327.045074 228.683777
v 448.368317 -327.047882 228.600769
v 449.071014 -327.274445 228.563293
v 449.733307 -327.587616 228.535187
v 453.321960 -324.973541 227.593018
v 452.201508 -323.996399 227.568726
v 447.429108 -330.945923 230.112457
v 454.825684 -327.600159 227.821381
v 454.208618 -326.190002 227.678253
v 455.151642 -329.147797 228.017792
v 455.172333 -330.773560 228.261200
v 454.888977 -332.415680 228.539520
v 454.310760 -334.010956 228.840088
v 453.462097 -335.497772 229.153259
v 452.374603 -336.818237 229.468933
v 451.091064 -337.923553 229.773560
v 449.659882 -338.770416 230.054138
v 448.136902 -339.327240 230.301666
v 446.580627 -339.570740 230.508636
v 445.049988 -339.493958 230.665955
v 443.603821 -339.098633 230.766022
v 442.296936 -338.402008 230.804810
v 441.179901 -337.428741 230.780212
v 440.294495 -336.217926 230.693787
v 439.676178 -334.814423 230.549011
v 439.347565 -333.272491 230.353241
v 439.323212 -331.649750 230.114624
v 439.602295 -330.009064 229.840881
v 440.175110 -328.414398 229.540314
v 441.018982 -326.925903 229.226105
v 442.103271 -325.601532 228.911621
v 443.385437 -324.490997 228.606842
v 444.816284 -323.639709 228.321686
v 446.341003 -323.078339 228.069275
v 447.901489 -322.830200 227.861877
v 449.437927 -322.903595 227.706177
v 450.889771 -323.298065 227.607117
v 457.305939 -320.342133 233.041626
v 455.704254 -318.957855 232.971405
v 457.431519 -316.448303 232.742584
v 459.402405 -318.156616 232.817902
v 459.969513 -326.218048 234.024506
v 459.469116 -324.058716 233.525421
v 462.024811 -322.794189 233.212555
v 462.596130 -325.518097 233.612091
v 458.560394 -314.809357 232.703247
v 460.767578 -316.725311 232.781525
v 460.958160 -320.292999 232.994781
v 462.504028 -319.128937 232.947327
v 458.579163 -322.062073 233.233978
v 459.744293 -330.679535 235.608612
v 460.076141 -328.433228 234.797638
v 462.670258 -328.327484 234.291260
v 462.196075 -331.186920 234.977539
v 463.682129 -321.955597 233.110016
v 464.288086 -325.056061 233.394012
v 457.745758 -335.038116 236.827209
v 458.944702 -332.926117 236.236938
v 461.143555 -334.049652 235.429352
v 459.613464 -336.726349 235.901825
v 464.317017 -328.280304 233.897003
v 463.729004 -331.564667 234.394226
v 454.426666 -338.420624 238.204407
v 456.228882 -336.879669 237.535736
v 457.720947 -339.028564 236.660858
v 455.508392 -340.916504 237.519501
v 462.507355 -334.832153 234.699249
v 460.766693 -337.868347 235.104065
v 450.193451 -340.452057 239.057800
v 452.378052 -339.640594 238.668915
v 453.016968 -342.373718 238.245697
v 450.357605 -343.328583 238.876282
v 458.635925 -340.462280 235.905914
v 456.172455 -342.555328 236.944458
v 445.834686 -340.619263 239.946899
v 447.989166 -340.774414 239.513947
v 447.651550 -343.712585 239.481476
v 444.992706 -343.528412 239.992065
v 453.427185 -344.123138 237.978882
v 450.493317 -345.127533 238.906189
v 441.930023 -339.015472 240.335052
v 443.790588 -340.022278 240.231415
v 442.470123 -342.799591 240.319763
v 440.176636 -341.561737 240.439575
v 447.478027 -345.533783 239.666107
v 444.497589 -345.329376 240.231262
v 439.037109 -335.936554 239.986755
v 440.325592 -337.635284 240.251678
v 438.201691 -339.859283 240.344635
v 436.619385 -337.760254 240.041016
v 441.668030 -344.517059 240.583893
v 439.096710 -343.131561 240.713013
v 437.633270 -331.799591 239.131256
v 438.121338 -333.976501 239.571716
v 435.496002 -335.338867 239.552490
v 434.885620 -332.670227 238.966705
v 436.885071 -341.222290 240.611938
v 435.114807 -338.865875 240.286224
v 438.016144 -327.115814 238.300323
v 437.609802 -329.467163 238.755463
v 434.825165 -329.841888 238.352081
v 435.293365 -326.990662 237.637817
v 433.857544 -336.150787 239.745911
v 433.156616 -333.184631 239.007599
v 439.983093 -322.801666 236.931091
v 438.808502 -324.879059 237.637634
v 436.262146 -324.246033 236.786438
v 437.732727 -321.653229 236.029816
v 433.042542 -330.080475 238.098114
v 433.520966 -326.950989 237.076996
v 443.333679 -319.374542 235.704651
v 441.524506 -320.925781 236.338928
v 439.684631 -319.267090 235.554871
v 441.981049 -317.261047 235.095673
v 434.590607 -323.898071 236.046600
v 436.248566 -320.978271 235.247406
v 447.409210 -317.565674 234.097992
v 445.307983 -318.259735 234.884125
v 444.478241 -315.795288 234.397552
v 447.124207 -314.859772 233.702637
v 438.462006 -318.267883 234.839905
v 441.077209 -315.960419 234.526794
v 451.781647 -317.379425 233.273773
v 449.601227 -317.260956 233.583038
v 449.869568 -314.420807 233.283691
v 452.584900 -314.524933 233.043671
v 443.932373 -314.237885 234.016357
v 446.951172 -313.112915 233.495331
v 453.840912 -317.955078 233.061737
v 455.133850 -315.216156 232.842804
v 450.061707 -312.572723 233.189789
v 453.121460 -312.665344 233.002380
v 455.984558 -313.430450 232.809570
v 457.508179 -322.841003 233.469604
v 456.365692 -321.312164 233.272766
v 454.934509 -320.077301 233.206360
v 458.766663 -326.529236 234.254974
v 458.313934 -324.608978 233.781525
v 458.557922 -330.524536 235.632538
v 458.855316 -328.516754 234.914459
v 456.817444 -334.354523 236.932861
v 457.863342 -332.503265 236.287720
v 453.878296 -337.340118 238.282471
v 455.475586 -335.980927 237.627258
v 450.145203 -339.087067 239.271973
v 452.072266 -338.396179 238.810394
v 446.266602 -339.216370 240.133209
v 448.187927 -339.358429 239.733643
v 442.780334 -337.782471 240.484253
v 444.441681 -338.681854 240.390747
v 440.195648 -335.034241 240.168793
v 441.347137 -336.550049 240.408783
v 438.927612 -331.359406 239.337585
v 439.374969 -333.287384 239.785309
v 439.221802 -327.243439 238.368164
v 438.882751 -329.310150 238.887543
v 440.953339 -323.426056 237.025665
v 439.917328 -325.263092 237.718262
v 443.901276 -320.427948 235.718231
v 442.305145 -321.785614 236.378784
v 447.548950 -318.801788 234.320557
v 445.665619 -319.430786 234.991669
v 451.437256 -318.658813 233.505157
v 449.500763 -318.537811 233.833191
v 453.271057 -319.180481 233.290863
v 450.594879 -320.375275 230.881805
v 451.189209 -319.257660 232.944397
v 452.954407 -319.759460 232.740997
v 452.287415 -320.849609 230.714111
v 455.933167 -321.811493 232.723633
v 454.556000 -320.622162 232.662018
v 454.748291 -320.346283 233.080078
v 456.146881 -321.552948 233.144501
v 457.032532 -323.282990 232.910126
v 457.263458 -323.045746 233.338593
v 457.808594 -324.983887 233.209167
v 458.051758 -324.771454 233.648010
v 458.242004 -326.835632 233.648682
v 458.493774 -326.648071 234.107544
v 458.319733 -328.759491 234.240936
v 458.576843 -328.594849 234.733521
v 458.026703 -330.701508 234.892670
v 458.283630 -330.560455 235.419983
v 457.357788 -332.606659 235.514252
v 457.606598 -332.491425 236.065125
v 456.352722 -334.385895 236.135132
v 456.587524 -334.296082 236.706543
v 455.059875 -335.953278 236.789886
v 455.277405 -335.883911 237.386993
v 453.522217 -337.261810 237.411194
v 453.718140 -337.209839 238.031555
v 451.788239 -338.272125 237.933685
v 451.958130 -338.235626 238.566040
v 449.937683 -338.930511 238.393738
v 450.079498 -338.904449 239.035919
v 448.053894 -339.191895 238.832672
v 448.168579 -339.167877 239.491425
v 446.201721 -339.058929 239.200531
v 446.290619 -339.029938 239.877502
v 444.443054 -338.547821 239.435883
v 444.507050 -338.508820 240.125000
v 442.843231 -337.682922 239.521667
v 442.883423 -337.630493 240.214783
v 441.464478 -336.495758 239.453278
v 442.843231 -337.682922 239.521667
v 442.883423 -337.630493 240.214783
v 441.483459 -336.425934 240.142639
v 440.358185 -335.033539 239.234619
v 440.359100 -334.944031 239.911896
v 439.571198 -333.348450 238.882263
v 439.557953 -333.236298 239.541748
v 439.140717 -331.492523 238.456940
v 439.119873 -331.354462 239.100067
v 439.092896 -329.526520 238.007812
v 439.071594 -329.358337 238.641235
v 439.415039 -327.543640 237.493896
v 439.398682 -327.345306 238.115234
v 440.084778 -325.637238 236.877472
v 440.076813 -325.412598 237.475952
v 441.083344 -323.867188 236.224579
v 441.088043 -323.618805 236.797241
v 442.382690 -322.290588 235.601685
v 442.406006 -322.019989 236.154083
v 443.919434 -320.983368 234.975098
v 443.963989 -320.695862 235.503723
v 445.624390 -320.014038 234.315125
v 445.690491 -319.717468 234.808899
v 447.444794 -319.397736 233.711761
v 447.534058 -319.098206 234.171600
v 449.325867 -319.140350 233.258698
v 449.441315 -318.839844 233.698395
v 451.331940 -318.959839 233.373199
v 453.123138 -319.470154 233.162170
v 454.255554 -326.172455 227.477448
v 454.880524 -327.596161 227.623230
v 453.219238 -328.372589 228.010803
v 452.731659 -327.259552 227.900940
v 452.031708 -326.299652 227.835815
v 453.358765 -324.944550 227.390686
v 455.212341 -329.159210 227.823517
v 455.236633 -330.802002 228.071808
v 453.494781 -330.880646 228.345612
v 453.477570 -329.595184 228.160919
v 454.953278 -332.461792 228.355927
v 454.371277 -334.075409 228.662476
v 452.816101 -333.441772 228.790039
v 453.272095 -332.179626 228.558044
v 453.514954 -335.581055 228.981873
v 452.416229 -336.918945 229.304016
v 451.286652 -335.666290 229.276489
v 452.146240 -334.619385 229.032684
v 451.118195 -338.039642 229.614594
v 449.669556 -338.898773 229.900421
v 449.139404 -337.214996 229.730988
v 450.271759 -336.543030 229.512390
v 448.126892 -339.464508 230.152679
v 446.549835 -339.712799 230.363647
v 446.700989 -337.852570 230.084045
v 447.933929 -337.657837 229.924042
v 444.998383 -339.636200 230.524048
v 443.532532 -339.236298 230.626068
v 444.342743 -337.482056 230.281372
v 445.488281 -337.793732 230.204712
v 442.207703 -338.530365 230.665314
v 441.075684 -337.543793 230.640259
v 442.423462 -336.159729 230.292542
v 443.307465 -336.930878 230.311005
v 440.178925 -336.316254 230.552277
v 439.553253 -334.893036 230.404510
v 441.235168 -334.087280 230.115967
v 441.723328 -335.200073 230.226807
v 439.221558 -333.329803 230.204742
v 439.198578 -331.685577 229.961670
v 440.959412 -331.579773 229.778900
v 440.976746 -332.864990 229.964783
v 439.482819 -330.024200 229.682709
v 440.064819 -328.410492 229.376099
v 441.637512 -329.019318 229.332855
v 441.182007 -330.281250 229.565552
v 440.920837 -326.905243 229.055634
v 442.020050 -325.567017 228.734863
v 443.167084 -326.794861 228.846588
v 442.307556 -327.841644 229.090179
v 443.317810 -324.446442 228.423981
v 444.765747 -323.588776 228.133087
v 445.314819 -325.245483 228.393524
v 444.182251 -325.917755 228.611267
v 446.307098 -323.024475 227.875549
v 447.884186 -322.776489 227.664337
v 447.753662 -324.607361 228.042755
v 446.520630 -324.802612 228.201569
v 449.435944 -322.852203 227.505646
v 450.902039 -323.251984 227.405090
v 450.112244 -324.977539 227.846985
v 448.966522 -324.665955 227.923065
v 449.943634 -321.701569 228.849457
v 451.527832 -322.138184 228.721710
v 450.902039 -323.251984 227.405090
v 449.435944 -322.852203 227.505646
v 452.226929 -323.957916 227.365997
v 451.147522 -325.528687 227.817444
v 453.271057 -319.180481 233.290863
v 454.934509 -320.077301 233.206360
v 451.437256 -318.658813 233.505157
v 449.500763 -318.537811 233.833191
v 447.548950 -318.801788 234.320557
v 445.665619 -319.430786 234.991669
v 443.901276 -320.427948 235.718231
v 442.305145 -321.785614 236.378784
v 440.953339 -323.426056 237.025665
v 439.917328 -325.263092 237.718262
v 439.221802 -327.243439 238.368164
v 438.882751 -329.310150 238.887543
v 438.927612 -331.359406 239.337585
v 439.374969 -333.287384 239.785309
v 440.195648 -335.034241 240.168793
v 441.347137 -336.550049 240.408783
v 442.780334 -337.782471 240.484253
v 444.441681 -338.681854 240.390747
v 442.780334 -337.782471 240.484253
v 446.266602 -339.216370 240.133209
v 448.187927 -339.358429 239.733643
v 450.145203 -339.087067 239.271973
v 452.072266 -338.396179 238.810394
v 453.878296 -337.340118 238.282471
v 455.475586 -335.980927 237.627258
v 456.817444 -334.354523 236.932861
v 457.863342 -332.503265 236.287720
v 458.557922 -330.524536 235.632538
v 458.855316 -328.516754 234.914459
v 458.766663 -326.529236 234.254974
v 458.313934 -324.608978 233.781525
v 457.508179 -322.841003 233.469604
v 456.365692 -321.312164 233.272766
v 446.568481 -321.871887 229.323608
v 448.268311 -321.613495 229.049347
v 447.884186 -322.776489 227.664337
v 446.307098 -323.024475 227.875549
v 452.960754 -322.903748 228.672150
v 452.226929 -323.957916 227.365997
v 443.355591 -323.379333 230.054962
v 444.911102 -322.467133 229.669434
v 444.765747 -323.588776 228.133087
v 443.317810 -324.446442 228.423981
v 440.777344 -326.018127 230.850311
v 441.959473 -324.580383 230.449097
v 442.020050 -325.567017 228.734863
v 440.920837 -326.905243 229.055634
v 439.238220 -329.369934 231.646881
v 439.859924 -327.634705 231.258514
v 440.064819 -328.410492 229.376099
v 439.482819 -330.024200 229.682709
v 438.965302 -332.934113 232.288635
v 438.935883 -331.160950 231.989655
v 439.198578 -331.685577 229.961670
v 439.221558 -333.329803 230.204742
v 440.014587 -336.148132 232.746979
v 439.330902 -334.617157 232.547211
v 439.553253 -334.893036 230.404510
v 440.178925 -336.316254 230.552277
v 442.216400 -338.536682 232.903961
v 440.989746 -337.470734 232.868103
v 441.075684 -337.543793 230.640259
v 442.207703 -338.530365 230.665314
v 445.231323 -339.741913 232.716583
v 443.648987 -339.302643 232.852600
v 443.532532 -339.236298 230.626068
v 444.998383 -339.636200 230.524048
v 448.604462 -339.574371 232.232239
v 446.903992 -339.833893 232.502838
v 446.549835 -339.712799 230.363647
v 448.126892 -339.464508 230.152679
v 442.216400 -338.536682 232.903961
v 442.207703 -338.530365 230.665314
v 451.832336 -338.045685 231.573303
v 450.269440 -338.968384 231.923248
v 449.669556 -338.898773 229.900421
v 451.118195 -338.039642 229.614594
v 454.409271 -335.408875 230.770691
v 453.229065 -336.844269 231.180115
v 452.416229 -336.918945 229.304016
v 453.514954 -335.581055 228.981873
v 455.949738 -332.055267 229.981171
v 455.328369 -333.790009 230.370758
v 454.371277 -334.075409 228.662476
v 454.953278 -332.461792 228.355927
v 456.207581 -328.512177 229.267242
v 456.244843 -330.274811 229.603027
v 455.236633 -330.802002 228.071808
v 455.212341 -329.159210 227.823517
v 455.160461 -325.295258 228.819061
v 455.841187 -326.830383 229.004974
v 454.880524 -327.596161 227.623230
v 454.255554 -326.172455 227.477448
v 454.187012 -323.970001 228.706207
v 453.358765 -324.944550 227.390686
v 446.997375 -320.531860 231.510040
v 448.806854 -320.271393 231.142151
v 453.820618 -321.672363 230.648987
v 443.592529 -322.094666 232.518890
v 445.240051 -321.144043 231.990021
v 440.856781 -324.885040 233.553925
v 442.110596 -323.361847 233.035553
v 439.236267 -328.436127 234.599457
v 439.888824 -326.596100 234.090912
v 438.960175 -332.232117 235.412323
v 438.920959 -330.342804 235.033508
v 440.105804 -335.645355 236.037933
v 439.362549 -334.020294 235.758698
v 442.474274 -338.190948 236.262695
v 441.157532 -337.052582 236.209961
v 445.694672 -339.495300 236.005219
v 444.006470 -339.015167 236.193298
v 449.287048 -339.346161 235.352051
v 447.475800 -339.609222 235.711060
v 442.474274 -338.190948 236.262695
v 452.728882 -337.730927 234.520477
v 451.063293 -338.707550 234.962341
v 455.461243 -334.945709 233.468323
v 454.211548 -336.462769 234.007080
v 457.085205 -331.389526 232.439789
v 456.433319 -333.228668 232.951813
v 457.324097 -327.645905 231.449615
v 457.382324 -329.508484 231.918976
v 456.183746 -324.225403 230.849182
v 456.920044 -325.860413 231.094666
v 455.136200 -322.812164 230.697510
v 457.315826 -320.320831 233.219635
v 459.403992 -318.145905 232.997253
v 457.437195 -316.441833 232.922363
v 455.717346 -318.940460 233.149933
v 459.989532 -326.173065 234.197205
v 462.614990 -325.483734 233.787506
v 462.033112 -322.772736 233.390808
v 459.484497 -324.025726 233.701324
v 460.766296 -316.718414 232.961060
v 458.563324 -314.806671 232.882965
v 460.961182 -320.278656 233.173920
v 462.504059 -319.118591 233.127014
v 458.590424 -322.036499 233.411469
v 459.776978 -330.638214 235.780487
v 462.245544 -331.162811 235.147827
v 462.705109 -328.288727 234.463165
v 460.102020 -328.382599 234.968018
v 463.688171 -321.939178 233.289032
v 464.306335 -325.027893 233.570618
v 457.795776 -335.019073 236.997742
v 459.677887 -336.729156 236.066498
v 461.201294 -334.044556 235.597412
v 458.985352 -332.899658 236.409790
v 464.354095 -328.248810 234.069855
v 463.782471 -331.549164 234.563721
v 454.473175 -338.417206 238.376526
v 455.564636 -340.925140 237.687195
v 457.786713 -339.034149 236.824402
v 456.282227 -336.866211 237.705353
v 462.568909 -334.835571 234.864868
v 460.834351 -337.877960 235.265930
v 450.225159 -340.462006 239.233398
v 450.392365 -343.326080 239.051910
v 453.059692 -342.379425 238.418671
v 452.414490 -339.646271 238.843781
v 458.705078 -340.473206 236.067017
v 456.232880 -342.566010 237.109894
v 445.854370 -340.631866 240.124817
v 445.017792 -343.519867 240.169586
v 447.682281 -343.705109 239.657837
v 448.017151 -340.786255 239.690399
v 453.473816 -344.126587 238.150543
v 450.530792 -345.119171 239.081207
v 441.927856 -339.020050 240.514648
v 440.186737 -341.548676 240.618622
v 442.487549 -342.789825 240.498444
v 443.799103 -340.032288 240.410675
v 447.510345 -345.517883 239.842010
v 444.524597 -345.312164 240.407990
v 439.019928 -335.923615 240.164673
v 436.619873 -337.734833 240.218750
v 438.206116 -339.840485 240.523407
v 440.314575 -337.631866 240.431030
v 441.688904 -344.498932 240.761414
v 439.112183 -343.110901 240.890900
v 437.614166 -331.774445 239.307281
v 434.877014 -332.637970 239.142517
v 435.493561 -335.308441 239.729279
v 438.101440 -333.955505 239.748322
v 436.895905 -341.197052 240.789490
v 435.122925 -338.835480 240.462982
v 438.004242 -327.072113 238.472870
v 435.266571 -326.942383 237.805878
v 434.806030 -329.804962 238.525452
v 437.593018 -329.436035 238.930450
v 433.862152 -336.115997 239.921783
v 433.152618 -333.147766 239.182800
v 439.984528 -322.749023 237.102051
v 437.708557 -321.595062 236.194855
v 436.234680 -324.187500 236.950439
v 438.803467 -324.825256 237.807556
v 433.023926 -330.038879 238.270294
v 433.490723 -326.899323 237.242920
v 443.361847 -319.330200 235.876526
v 441.987366 -317.207245 235.266388
v 439.670227 -319.212372 235.723480
v 441.536194 -320.879150 236.511902
v 434.557007 -323.838165 236.208252
v 436.216766 -320.919403 235.409912
v 447.445526 -317.531891 234.270599
v 447.150940 -314.830994 233.877991
v 444.503296 -315.750000 234.569702
v 445.347351 -318.218475 235.054291
v 438.438141 -318.212128 235.006134
v 441.074036 -315.905731 234.696716
v 451.802856 -317.360718 233.451233
v 452.598877 -314.517883 233.222809
v 449.888031 -314.406189 233.461884
v 449.628113 -317.235809 233.759003
v 443.950012 -314.192780 234.189117
v 446.972595 -313.087128 233.671997
v 455.144684 -315.211884 233.022156
v 453.858429 -317.939117 233.239929
v 450.076477 -312.562408 233.368591
v 453.132324 -312.662445 233.181702
v 455.992798 -313.430054 232.988861
v 457.487274 -322.835785 233.647644
v 456.349487 -321.317078 233.451782
v 454.926727 -320.089935 233.385437
v 458.739777 -326.494263 234.427277
v 458.290710 -324.590637 233.957703
v 458.527405 -330.469757 235.797180
v 458.824860 -328.467743 235.081360
v 456.806274 -334.287292 237.096497
v 457.839691 -332.444427 236.452484
v 453.885864 -337.267517 238.445251
v 455.476349 -335.907318 237.789154
v 450.170746 -339.025146 239.438690
v 452.086670 -338.329041 238.975616
v 446.306152 -339.158661 240.298798
v 448.223358 -339.299835 239.899872
v 442.821045 -337.724762 240.649506
v 444.482117 -338.624268 240.555939
v 440.236725 -334.977570 240.334412
v 441.387817 -336.492584 240.574036
v 438.977509 -331.314575 239.504120
v 439.418610 -333.234344 239.951416
v 439.288269 -327.211487 238.530701
v 438.941620 -329.273712 239.052490
v 441.021454 -323.413513 237.188782
v 439.987183 -325.237091 237.879791
v 443.964661 -320.437683 235.882446
v 442.370056 -321.787628 236.542938
v 447.592651 -318.815155 234.492371
v 445.723480 -319.442535 235.158142
v 451.450928 -318.677429 233.683136
v 449.527496 -318.554016 234.009155
v 453.273895 -319.198212 233.469666
v 454.208618 -326.190002 227.678253
v 457.171570 -323.097565 233.481171
v 456.069336 -321.623718 233.289886
v 453.321960 -324.973541 227.593018
v 454.825684 -327.600159 227.821381
v 457.948608 -324.799896 233.785889
v 455.151642 -329.147797 228.017792
v 458.382782 -326.650116 234.237244
v 455.172333 -330.773560 228.261200
v 458.462708 -328.570343 234.852356
v 454.888977 -332.415680 228.539520
v 458.171204 -330.511902 235.528412
v 454.310760 -334.010956 228.840088
v 457.501831 -332.419403 236.164520
v 453.462097 -335.497772 229.153259
v 456.496613 -334.199127 236.796478
v 452.374603 -336.818237 229.468933
v 455.205170 -335.764252 237.467651
v 451.091064 -337.923553 229.773560
v 453.666321 -337.073151 238.104736
v 449.659882 -338.770416 230.054138
v 451.929779 -338.085876 238.633759
v 448.136902 -339.327240 230.301666
v 450.079346 -338.745636 239.098999
v 446.580627 -339.570740 230.508636
v 448.197235 -339.005524 239.549194
v 445.049988 -339.493958 230.665955
v 446.345001 -338.869476 239.929718
v 443.603821 -339.098633 230.766022
v 444.584717 -338.355042 240.173431
v 442.296936 -338.402008 230.804810
v 442.981873 -337.487701 240.262115
v 444.584717 -338.355042 240.173431
v 443.603821 -339.098633 230.766022
v 441.179901 -337.428741 230.780212
v 441.599976 -336.298798 240.190979
v 440.294495 -336.217926 230.693787
v 440.490082 -334.835968 239.964111
v 439.676178 -334.814423 230.549011
v 439.699860 -333.151947 239.598755
v 439.347565 -333.272491 230.353241
v 439.268677 -331.298401 239.162140
v 439.323212 -331.649750 230.114624
v 439.222107 -329.331909 238.708221
v 439.602295 -330.009064 229.840881
v 439.545410 -327.345428 238.187378
v 440.175110 -328.414398 229.540314
v 440.214935 -325.437866 237.555206
v 441.018982 -326.925903 229.226105
v 441.211792 -323.669647 236.885895
v 442.103271 -325.601532 228.911621
v 442.511322 -322.092926 236.252289
v 443.385437 -324.490997 228.606842
v 444.050018 -320.784149 235.610962
v 444.816284 -323.639709 228.321686
v 445.754944 -319.816284 234.926575
v 446.341003 -323.078339 228.069275
v 447.572754 -319.203430 234.300537
v 447.901489 -322.830200 227.861877
v 449.452454 -318.947174 233.835632
v 449.437927 -322.903595 227.706177
v 451.317749 -319.064941 233.515381
v 450.889771 -323.298065 227.607117
v 453.085815 -319.568390 233.307312
v 454.689514 -320.432922 233.226105
v 452.201508 -323.996399 227.568726
v 454.689514 -320.432922 233.226105
v 453.085815 -319.568390 233.307312
v 451.317749 -319.064941 233.515381
v 449.452454 -318.947174 233.835632
v 447.572754 -319.203430 234.300537
v 445.754944 -319.816284 234.926575
v 444.050018 -320.784149 235.610962
v 442.511322 -322.092926 236.252289
v 441.211792 -323.669647 236.885895
v 440.214935 -325.437866 237.555206
v 439.545410 -327.345428 238.187378
v 439.222107 -329.331909 238.708221
v 439.268677 -331.298401 239.162140
v 439.699860 -333.151947 239.598755
v 440.490082 -334.835968 239.964111
v 441.599976 -336.298798 240.190979
v 442.981873 -337.487701 240.262115
v 444.584717 -338.355042 240.173431
v 446.345001 -338.869476 239.929718
v 448.197235 -339.005524 239.549194
v 450.079346 -338.745636 239.098999
v 451.929779 -338.085876 238.633759
v 453.666321 -337.073151 238.104736
v 455.205170 -335.764252 237.467651
v 456.496613 -334.199127 236.796478
v 457.501831 -332.419403 236.164520
v 458.171204 -330.511902 235.528412
v 458.462708 -328.570343 234.852356
v 458.382782 -326.650116 234.237244
v 457.948608 -324.799896 233.785889
v 457.171570 -323.097565 233.481171
v 456.069336 -321.623718 233.289886
v 460.766296 -316.718414 232.961060
v 462.504059 -319.118591 233.127014
v 458.563324 -314.806671 232.882965
v 463.688171 -321.939178 233.289032
v 464.306335 -325.027893 233.570618
v 464.354095 -328.248810 234.069855
v 463.782471 -331.549164 234.563721
v 462.568909 -334.835571 234.864868
v 460.834351 -337.877960 235.265930
v 458.705078 -340.473206 236.067017
v 456.232880 -342.566010 237.109894
v 453.473816 -344.126587 238.150543
v 450.530792 -345.119171 239.081207
v 447.510345 -345.517883 239.842010
v 444.524597 -345.312164 240.407990
v 441.688904 -344.498932 240.761414
v 439.112183 -343.110901 240.890900
v 436.895905 -341.197052 240.789490
v 435.122925 -338.835480 240.462982
v 433.862152 -336.115997 239.921783
v 433.152618 -333.147766 239.182800
v 433.023926 -330.038879 238.270294
v 433.490723 -326.899323 237.242920
v 434.557007 -323.838165 236.208252
v 436.216766 -320.919403 235.409912
v 438.438141 -318.212128 235.006134
v 441.074036 -315.905731 234.696716
v 443.950012 -314.192780 234.189117
v 446.972595 -313.087128 233.671997
v 450.076477 -312.562408 233.368591
v 453.132324 -312.662445 233.181702
v 455.992798 -313.430054 232.988861
vn -0.5572 -0.8105 0.1804
vn -0.5639 -0.7754 0.2841
vn -0.5850 -0.7622 0.2770
vn -0.5574 -0.8104 0.1803
vn -0.5848 -0.7624 0.2770
vn -0.6047 -0.7503 0.2673
vn -0.5573 -0.8105 0.1804
vn -0.6049 -0.7501 0.2672
vn -0.6216 -0.7414 0.2529
vn -0.5572 -0.8106 0.1805
vn -0.6217 -0.7413 0.2529
vn -0.6364 -0.7342 0.2367
vn -0.5572 -0.8106 0.1804
vn -0.6366 -0.7340 0.2365
vn -0.6472 -0.7306 0.2176
vn -0.5573 -0.8105 0.1803
vn -0.6471 -0.7307 0.2175
vn -0.6555 -0.7289 0.1976
vn -0.5572 -0.8106 0.1802
vn -0.6552 -0.7292 0.1976
vn -0.6585 -0.7315 0.1769
vn -0.5573 -0.8105 0.1800
vn -0.6529 -0.7367 0.1758
vn -0.6594 -0.7353 0.1563
vn -0.5573 -0.8106 0.1798
vn -0.6594 -0.7354 0.1562
vn -0.6547 -0.7434 0.1366
vn -0.6550 -0.7432 0.1366
vn -0.6478 -0.7526 0.1182
vn -0.5573 -0.8106 0.1799
vn -0.6480 -0.7525 0.1182
vn -0.6363 -0.7646 0.1024
vn -0.5574 -0.8105 0.1800
vn -0.6361 -0.7648 0.1022
vn -0.6224 -0.7776 0.0886
vn -0.5573 -0.8106 0.1800
vn -0.6222 -0.7778 0.0887
vn -0.6048 -0.7924 0.0791
vn -0.5572 -0.8107 0.1799
vn -0.6052 -0.7922 0.0792
vn -0.5860 -0.8071 0.0723
vn -0.5861 -0.8070 0.0723
vn -0.5655 -0.8217 0.0709
vn -0.5588 -0.8095 0.1799
vn -0.5449 -0.8354 0.0719
vn -0.5444 -0.8357 0.0721
vn -0.5243 -0.8478 0.0789
vn -0.5243 -0.8479 0.0787
vn -0.5040 -0.8592 0.0878
vn -0.5042 -0.8591 0.0879
vn -0.4866 -0.8677 0.1013
vn -0.4868 -0.8676 0.1016
vn -0.4716 -0.8740 0.1172
vn -0.4713 -0.8742 0.1171
vn -0.4605 -0.8773 0.1353
vn -0.4601 -0.8775 0.1355
vn -0.4509 -0.8790 0.1549
vn -0.5573 -0.8106 0.1801
vn -0.4512 -0.8788 0.1551
vn -0.4475 -0.8769 0.1756
vn -0.5574 -0.8105 0.1802
vn -0.4473 -0.8769 0.1757
vn -0.4458 -0.8734 0.1962
vn -0.5574 -0.8104 0.1802
vn -0.4461 -0.8732 0.1965
vn -0.4504 -0.8662 0.2164
vn -0.4503 -0.8662 0.2165
vn -0.4575 -0.8575 0.2354
vn -0.5573 -0.8104 0.1805
vn -0.4569 -0.8577 0.2356
vn -0.4694 -0.8463 0.2519
vn -0.5574 -0.8104 0.1804
vn -0.4692 -0.8464 0.2520
vn -0.4833 -0.8339 0.2665
vn -0.4834 -0.8338 0.2666
vn -0.5014 -0.8198 0.2765
vn -0.5017 -0.8196 0.2766
vn -0.5209 -0.8050 0.2839
vn -0.5570 -0.8107 0.1803
vn -0.5210 -0.8049 0.2840
vn -0.5424 -0.7901 0.2855
vn 0.5626 0.7753 -0.2869
vn 0.5419 0.7893 -0.2888
vn 0.5570 0.8099 -0.1837
vn 0.6018 0.7513 -0.2711
vn 0.5832 0.7622 -0.2809
vn 0.5569 0.8100 -0.1836
vn 0.6189 0.7418 -0.2583
vn 0.6020 0.7511 -0.2710
vn 0.5568 0.8101 -0.1838
vn 0.6331 0.7351 -0.2423
vn 0.6184 0.7422 -0.2583
vn 0.5568 0.8100 -0.1838
vn 0.6448 0.7312 -0.2227
vn 0.6327 0.7355 -0.2422
vn 0.5570 0.8100 -0.1837
vn 0.6531 0.7300 -0.2013
vn 0.5569 0.8101 -0.1836
vn 0.6570 0.7320 -0.1803
vn 0.6534 0.7298 -0.2013
vn 0.5570 0.8100 -0.1835
vn 0.6570 0.7368 -0.1596
vn 0.6570 0.7320 -0.1801
vn 0.5569 0.8101 -0.1833
vn 0.6530 0.7445 -0.1391
vn 0.6571 0.7367 -0.1597
vn 0.5570 0.8100 -0.1833
vn 0.6450 0.7546 -0.1208
vn 0.6528 0.7447 -0.1389
vn 0.5569 0.8101 -0.1832
vn 0.6339 0.7661 -0.1057
vn 0.6449 0.7547 -0.1206
vn 0.5570 0.8101 -0.1833
vn 0.6202 0.7788 -0.0935
vn 0.6344 0.7657 -0.1056
vn 0.5570 0.8100 -0.1832
vn 0.6039 0.7926 -0.0843
vn 0.6205 0.7786 -0.0934
vn 0.5855 0.8069 -0.0784
vn 0.6039 0.7926 -0.0842
vn 0.5570 0.8101 -0.1832
vn 0.5652 0.8214 -0.0763
vn 0.5851 0.8072 -0.0782
vn 0.5568 0.8102 -0.1834
vn 0.5448 0.8349 -0.0780
vn 0.5653 0.8213 -0.0762
vn 0.5572 0.8099 -0.1833
vn 0.5246 0.8472 -0.0837
vn 0.5451 0.8348 -0.0780
vn 0.5572 0.8100 -0.1830
vn 0.5057 0.8577 -0.0927
vn 0.5249 0.8470 -0.0837
vn 0.5570 0.8101 -0.1831
vn 0.4892 0.8659 -0.1047
vn 0.5056 0.8578 -0.0929
vn 0.4744 0.8721 -0.1196
vn 0.4888 0.8661 -0.1049
vn 0.4620 0.8761 -0.1379
vn 0.4744 0.8721 -0.1198
vn 0.4529 0.8774 -0.1583
vn 0.4623 0.8759 -0.1380
vn 0.5569 0.8100 -0.1834
vn 0.4483 0.8758 -0.1789
vn 0.4527 0.8775 -0.1584
vn 0.5569 0.8101 -0.1835
vn 0.4477 0.8715 -0.2001
vn 0.4483 0.8757 -0.1791
vn 0.5569 0.8100 -0.1835
vn 0.4519 0.8642 -0.2214
vn 0.4475 0.8716 -0.2002
vn 0.4597 0.8547 -0.2411
vn 0.4516 0.8643 -0.2215
vn 0.5569 0.8100 -0.1837
vn 0.4707 0.8439 -0.2573
vn 0.4598 0.8547 -0.2412
vn 0.5570 0.8099 -0.1838
vn 0.4850 0.8317 -0.2703
vn 0.4709 0.8438 -0.2576
vn 0.5026 0.8177 -0.2806
vn 0.4852 0.8316 -0.2704
vn 0.5565 0.8103 -0.1837
vn 0.5219 0.8034 -0.2867
vn 0.5023 0.8180 -0.2804
vn 0.5419 0.7893 -0.2889
vn 0.5218 0.8035 -0.2866
vn 0.5558 0.8108 -0.1837
vn -0.5427 -0.7899 0.2855
vn -0.5640 -0.7753 0.2843
vn 0.5829 0.7625 -0.2808
vn 0.5627 0.7753 -0.2869
vn -0.5321 -0.8369 0.1283
vn -0.5626 -0.8178 0.1207
vn -0.5665 -0.8227 0.0470
vn -0.5668 -0.8225 0.0471
vn -0.5311 -0.8456 0.0539
vn -0.4825 -0.8333 0.2699
vn -0.5105 -0.8364 0.1996
vn -0.5225 -0.8434 0.1252
vn -0.4824 -0.8334 0.2698
vn -0.5226 -0.8434 0.1252
vn -0.5231 -0.8245 0.2158
vn -0.5308 -0.8458 0.0537
vn -0.5667 -0.8226 0.0469
vn -0.5672 -0.8233 0.0212
vn -0.5309 -0.8457 0.0536
vn -0.5674 -0.8231 0.0212
vn -0.5310 -0.8469 0.0274
vn -0.5222 -0.8495 0.0749
vn -0.5309 -0.8457 0.0535
vn -0.5310 -0.8469 0.0277
vn -0.5226 -0.8493 0.0750
vn -0.5306 -0.8472 0.0277
vn -0.5235 -0.8508 0.0462
vn -0.5105 -0.8365 0.1991
vn -0.5215 -0.8397 0.1517
vn -0.5224 -0.8493 0.0753
vn -0.5105 -0.8365 0.1992
vn -0.5226 -0.8493 0.0753
vn -0.5224 -0.8435 0.1249
vn -0.5595 -0.7759 0.2914
vn -0.4858 -0.8155 0.3146
vn -0.5800 -0.7620 0.2882
vn -0.5596 -0.7759 0.2914
vn -0.5798 -0.7622 0.2881
vn -0.6984 -0.6645 0.2661
vn -0.5225 -0.8435 0.1245
vn -0.5226 -0.8493 0.0747
vn -0.5233 -0.8509 0.0460
vn -0.5221 -0.8437 0.1247
vn -0.5234 -0.8508 0.0461
vn -0.5300 -0.8432 0.0905
vn -0.5233 -0.8244 0.2157
vn -0.5297 -0.8434 0.0906
vn -0.5232 -0.8244 0.2158
vn -0.5300 -0.8432 0.0908
vn -0.5426 -0.8206 0.1797
vn -0.4859 -0.8155 0.3145
vn -0.4821 -0.8333 0.2704
vn -0.5234 -0.8242 0.2162
vn -0.4859 -0.8155 0.3144
vn -0.5234 -0.8242 0.2163
vn -0.7179 -0.6516 0.2451
vn -0.6523 -0.7155 0.2501
vn -0.7949 -0.5714 0.2039
vn -0.7179 -0.6515 0.2452
vn -0.7946 -0.5718 0.2040
vn -0.8399 -0.5091 0.1881
vn -0.5800 -0.7621 0.2878
vn -0.5231 -0.8244 0.2162
vn -0.5425 -0.8206 0.1799
vn -0.5799 -0.7622 0.2878
vn -0.5427 -0.8205 0.1799
vn -0.6127 -0.7462 0.2603
vn -0.6984 -0.6645 0.2660
vn -0.5797 -0.7623 0.2879
vn -0.6127 -0.7462 0.2606
vn -0.6983 -0.6645 0.2660
vn -0.6127 -0.7461 0.2607
vn -0.7411 -0.6260 0.2427
vn -0.6523 -0.7154 0.2502
vn -0.5596 -0.7759 0.2912
vn -0.6984 -0.6643 0.2661
vn -0.6524 -0.7154 0.2500
vn -0.6983 -0.6646 0.2659
vn -0.7949 -0.5714 0.2040
vn -0.7604 -0.6287 0.1629
vn -0.7519 -0.6175 0.2308
vn -0.8526 -0.4909 0.1792
vn -0.7604 -0.6287 0.1628
vn -0.8527 -0.4908 0.1791
vn -0.8317 -0.5383 0.1359
vn -0.7948 -0.5716 0.2040
vn -0.7411 -0.6260 0.2428
vn -0.7948 -0.5716 0.2038
vn -0.7410 -0.6261 0.2426
vn -0.8332 -0.5235 0.1783
vn -0.8399 -0.5091 0.1880
vn -0.7949 -0.5715 0.2039
vn -0.8332 -0.5234 0.1783
vn -0.8399 -0.5090 0.1881
vn -0.8332 -0.5235 0.1782
vn -0.8692 -0.4656 0.1668
vn -0.7519 -0.6175 0.2307
vn -0.7178 -0.6515 0.2454
vn -0.8400 -0.5091 0.1879
vn -0.7519 -0.6176 0.2308
vn -0.8398 -0.5094 0.1880
vn -0.8526 -0.4908 0.1792
vn -0.7459 -0.6639 0.0541
vn -0.7520 -0.6532 0.0883
vn -0.7751 -0.6225 0.1077
vn -0.7459 -0.6638 0.0542
vn -0.7751 -0.6226 0.1080
vn -0.7179 -0.6856 0.1209
vn -0.8526 -0.4910 0.1790
vn -0.8400 -0.5090 0.1878
vn -0.8693 -0.4654 0.1666
vn -0.8528 -0.4905 0.1792
vn -0.8690 -0.4658 0.1667
vn -0.8759 -0.4533 0.1652
vn -0.8317 -0.5383 0.1357
vn -0.8760 -0.4530 0.1655
vn -0.8317 -0.5383 0.1358
vn -0.8759 -0.4533 0.1653
vn -0.8488 -0.5103 0.1385
vn -0.7523 -0.6529 0.0884
vn -0.7605 -0.6286 0.1626
vn -0.8316 -0.5384 0.1360
vn -0.7522 -0.6529 0.0884
vn -0.8318 -0.5382 0.1361
vn -0.7749 -0.6229 0.1077
vn -0.7004 -0.7138 0.0063
vn -0.7361 -0.6760 0.0346
vn -0.6830 -0.7184 0.1319
vn -0.7003 -0.7138 0.0063
vn -0.6831 -0.7184 0.1319
vn -0.6530 -0.7480 0.1186
vn -0.7750 -0.6226 0.1080
vn -0.8486 -0.5105 0.1388
vn -0.7751 -0.6226 0.1078
vn -0.7789 -0.6131 0.1322
vn -0.7180 -0.6855 0.1209
vn -0.7750 -0.6227 0.1079
vn -0.7791 -0.6129 0.1322
vn -0.7179 -0.6855 0.1211
vn -0.7792 -0.6126 0.1323
vn -0.7036 -0.6926 0.1589
vn -0.7360 -0.6761 0.0344
vn -0.7460 -0.6637 0.0541
vn -0.7180 -0.6855 0.1207
vn -0.6833 -0.7181 0.1320
vn -0.5672 -0.8231 -0.0271
vn -0.6396 -0.7685 -0.0182
vn -0.6129 -0.7838 0.1002
vn -0.5674 -0.8230 -0.0272
vn -0.6128 -0.7839 0.1003
vn -0.5644 -0.8202 0.0930
vn -0.6829 -0.7184 0.1322
vn -0.7180 -0.6854 0.1211
vn -0.7037 -0.6926 0.1586
vn -0.6832 -0.7182 0.1322
vn -0.7036 -0.6927 0.1587
vn -0.6577 -0.7328 0.1744
vn -0.6530 -0.7480 0.1190
vn -0.6831 -0.7182 0.1322
vn -0.6576 -0.7329 0.1744
vn -0.6529 -0.7480 0.1190
vn -0.6578 -0.7328 0.1742
vn -0.6291 -0.7597 0.1648
vn -0.6399 -0.7683 -0.0181
vn -0.6530 -0.7481 0.1185
vn -0.6398 -0.7683 -0.0183
vn -0.6532 -0.7479 0.1186
vn -0.6125 -0.7841 0.1002
vn -0.4173 -0.9088 0.0047
vn -0.4904 -0.8713 -0.0192
vn -0.5130 -0.8526 0.0997
vn -0.4170 -0.9089 0.0048
vn -0.5133 -0.8524 0.0998
vn -0.4653 -0.8773 0.1175
vn -0.6127 -0.7839 0.1007
vn -0.6290 -0.7598 0.1646
vn -0.6125 -0.7840 0.1006
vn -0.6292 -0.7597 0.1645
vn -0.5978 -0.7876 0.1497
vn -0.5643 -0.8202 0.0934
vn -0.6126 -0.7840 0.1006
vn -0.5978 -0.7876 0.1494
vn -0.5643 -0.8203 0.0932
vn -0.5978 -0.7876 0.1495
vn -0.5609 -0.8154 0.1433
vn -0.4901 -0.8715 -0.0191
vn -0.5652 -0.8245 -0.0270
vn -0.5645 -0.8202 0.0931
vn -0.4900 -0.8715 -0.0190
vn -0.5645 -0.8201 0.0930
vn -0.5134 -0.8523 0.0998
vn -0.3542 -0.9337 0.0518
vn -0.3690 -0.9289 0.0324
vn -0.4268 -0.8949 0.1304
vn -0.3543 -0.9337 0.0519
vn -0.4268 -0.8949 0.1303
vn -0.3836 -0.9158 0.1189
vn -0.5132 -0.8524 0.1001
vn -0.5634 -0.8209 0.0934
vn -0.5611 -0.8152 0.1433
vn -0.5135 -0.8523 0.1000
vn -0.5609 -0.8154 0.1435
vn -0.5220 -0.8398 0.1491
vn -0.4652 -0.8773 0.1179
vn -0.5135 -0.8522 0.1001
vn -0.5217 -0.8400 0.1491
vn -0.4653 -0.8773 0.1179
vn -0.5215 -0.8401 0.1492
vn -0.4845 -0.8593 0.1638
vn -0.3694 -0.9287 0.0323
vn -0.4172 -0.9088 0.0046
vn -0.4652 -0.8774 0.1176
vn -0.3581 -0.9331 0.0340
vn -0.4267 -0.8950 0.1304
vn -0.3148 -0.9356 0.1600
vn -0.3416 -0.9359 0.0859
vn -0.3047 -0.9466 0.1051
vn -0.3151 -0.9354 0.1603
vn -0.3046 -0.9467 0.1051
vn -0.2055 -0.9697 0.1324
vn -0.4269 -0.8948 0.1306
vn -0.4653 -0.8772 0.1179
vn -0.4844 -0.8593 0.1639
vn -0.4266 -0.8949 0.1306
vn -0.4845 -0.8593 0.1639
vn -0.4490 -0.8766 0.1731
vn -0.3839 -0.9156 0.1192
vn -0.4264 -0.8950 0.1307
vn -0.4488 -0.8767 0.1732
vn -0.3836 -0.9158 0.1192
vn -0.4491 -0.8766 0.1731
vn -0.3951 -0.9052 0.1568
vn -0.3411 -0.9361 0.0860
vn -0.3540 -0.9338 0.0519
vn -0.3838 -0.9157 0.1187
vn -0.3414 -0.9360 0.0861
vn -0.3838 -0.9157 0.1189
vn -0.3049 -0.9466 0.1051
vn -0.3510 -0.9042 0.2432
vn -0.3073 -0.9239 0.2281
vn -0.1533 -0.9726 0.1749
vn -0.3510 -0.9043 0.2431
vn -0.1533 -0.9726 0.1750
vn -0.1746 -0.9673 0.1842
vn -0.3044 -0.9467 0.1051
vn -0.3836 -0.9158 0.1190
vn -0.3952 -0.9051 0.1568
vn -0.3951 -0.9051 0.1569
vn -0.2940 -0.9470 0.1295
vn -0.2055 -0.9697 0.1323
vn -0.3048 -0.9466 0.1051
vn -0.2942 -0.9469 0.1295
vn -0.2056 -0.9697 0.1322
vn -0.2938 -0.9471 0.1295
vn -0.1733 -0.9756 0.1349
vn -0.3118 -0.9226 0.2269
vn -0.3152 -0.9354 0.1603
vn -0.3072 -0.9239 0.2282
vn -0.2056 -0.9697 0.1321
vn -0.1534 -0.9725 0.1750
vn -0.5237 -0.8007 0.2909
vn -0.4340 -0.8658 0.2490
vn -0.2492 -0.9475 0.2006
vn -0.5234 -0.8010 0.2906
vn -0.2493 -0.9474 0.2007
vn -0.3701 -0.8908 0.2637
vn -0.1532 -0.9725 0.1752
vn -0.2054 -0.9697 0.1321
vn -0.1733 -0.9756 0.1348
vn -0.1532 -0.9726 0.1749
vn -0.1734 -0.9756 0.1346
vn -0.1101 -0.9808 0.1608
vn -0.1749 -0.9672 0.1841
vn -0.1534 -0.9726 0.1750
vn -0.1099 -0.9809 0.1607
vn -0.1746 -0.9673 0.1841
vn -0.1099 -0.9808 0.1608
vn -0.1237 -0.9789 0.1624
vn -0.4343 -0.8657 0.2488
vn -0.3510 -0.9043 0.2430
vn -0.1748 -0.9672 0.1841
vn -0.4341 -0.8659 0.2486
vn -0.2491 -0.9474 0.2009
vn -0.6045 -0.7490 0.2713
vn -0.5863 -0.7462 0.3154
vn -0.5029 -0.8150 0.2877
vn -0.6046 -0.7491 0.2708
vn -0.5029 -0.8152 0.2875
vn -0.5823 -0.7836 0.2166
vn -0.2494 -0.9474 0.2007
vn -0.1747 -0.9672 0.1842
vn -0.1239 -0.9790 0.1622
vn -0.2492 -0.9474 0.2008
vn -0.1241 -0.9789 0.1624
vn -0.1908 -0.9660 0.1746
vn -0.3701 -0.8906 0.2642
vn -0.2492 -0.9474 0.2007
vn -0.1908 -0.9660 0.1743
vn -0.3699 -0.8908 0.2639
vn -0.1908 -0.9660 0.1745
vn -0.3190 -0.9168 0.2401
vn -0.5863 -0.7462 0.3153
vn -0.5233 -0.8009 0.2911
vn -0.3697 -0.8908 0.2641
vn -0.5866 -0.7461 0.3149
vn -0.3699 -0.8908 0.2640
vn -0.5033 -0.8149 0.2875
vn -0.5976 -0.7872 0.1523
vn -0.5981 -0.7761 0.1997
vn -0.6008 -0.7895 0.1256
vn -0.5974 -0.7874 0.1519
vn -0.6009 -0.7895 0.1254
vn -0.6066 -0.7914 0.0756
vn -0.5032 -0.8148 0.2880
vn -0.3699 -0.8907 0.2641
vn -0.3188 -0.9169 0.2403
vn -0.5032 -0.8151 0.2872
vn -0.3188 -0.9169 0.2402
vn -0.4770 -0.8397 0.2595
vn -0.5820 -0.7838 0.2167
vn -0.5031 -0.8149 0.2877
vn -0.4769 -0.8396 0.2600
vn -0.5823 -0.7837 0.2159
vn -0.4768 -0.8400 0.2592
vn -0.5720 -0.8003 0.1798
vn -0.5979 -0.7762 0.2003
vn -0.6047 -0.7490 0.2709
vn -0.5822 -0.7837 0.2166
vn -0.5983 -0.7760 0.1999
vn -0.5821 -0.7838 0.2163
vn -0.6009 -0.7894 0.1256
vn -0.5625 -0.8179 0.1210
vn -0.5912 -0.7962 0.1284
vn -0.6008 -0.7975 0.0545
vn -0.5627 -0.8178 0.1207
vn -0.6006 -0.7977 0.0543
vn -0.5670 -0.8223 0.0473
vn -0.6006 -0.7896 0.1257
vn -0.5825 -0.7836 0.2161
vn -0.5719 -0.8004 0.1799
vn -0.6010 -0.7894 0.1252
vn -0.5715 -0.8007 0.1795
vn -0.5983 -0.7961 0.0908
vn -0.6067 -0.7913 0.0755
vn -0.6009 -0.7894 0.1253
vn -0.5983 -0.7961 0.0909
vn -0.6067 -0.7913 0.0753
vn -0.5983 -0.7961 0.0907
vn -0.6079 -0.7927 0.0465
vn -0.5914 -0.7961 0.1285
vn -0.5975 -0.7873 0.1520
vn -0.6068 -0.7913 0.0755
vn -0.5914 -0.7961 0.1283
vn -0.6005 -0.7978 0.0543
vn -0.6006 -0.7977 0.0542
vn -0.6080 -0.7926 0.0465
vn -0.6005 -0.7978 0.0541
vn -0.6080 -0.7926 0.0464
vn -0.6017 -0.7982 0.0278
vn -0.5663 -0.8229 0.0467
vn -0.6002 -0.7980 0.0542
vn -0.6018 -0.7981 0.0279
vn -0.5665 -0.8227 0.0469
vn -0.6020 -0.7980 0.0277
vn -0.5671 -0.8234 0.0210
vn -0.5214 -0.8398 0.1516
vn -0.5322 -0.8369 0.1283
vn -0.5307 -0.8458 0.0541
vn -0.5213 -0.8398 0.1516
vn -0.5308 -0.8458 0.0540
vn -0.5226 -0.8492 0.0751
vn -0.5215 -0.8286 0.2036
vn -0.5321 -0.8274 0.1795
vn -0.5323 -0.8368 0.1286
vn -0.5215 -0.8286 0.2039
vn -0.5321 -0.8368 0.1286
vn -0.5215 -0.8396 0.1521
vn -0.5322 -0.8273 0.1796
vn -0.5582 -0.8117 0.1718
vn -0.5627 -0.8177 0.1211
vn -0.5320 -0.8275 0.1796
vn -0.5628 -0.8177 0.1212
vn -0.5322 -0.8368 0.1286
vn -0.4609 -0.8376 0.2932
vn -0.5058 -0.8267 0.2463
vn -0.5102 -0.8365 0.1999
vn -0.4606 -0.8377 0.2934
vn -0.5107 -0.8362 0.2000
vn -0.4821 -0.8335 0.2701
vn -0.5059 -0.8268 0.2460
vn -0.5216 -0.8285 0.2039
vn -0.5214 -0.8396 0.1520
vn -0.5058 -0.8268 0.2460
vn -0.5214 -0.8397 0.1521
vn -0.5105 -0.8364 0.1997
vn -0.4552 -0.8432 0.2860
vn -0.4258 -0.8500 0.3101
vn -0.4553 -0.8431 0.2861
vn -0.4856 -0.8156 0.3145
vn -0.5597 -0.7758 0.2912
vn -0.4256 -0.8501 0.3102
vn -0.4605 -0.8377 0.2936
vn -0.4823 -0.8332 0.2705
vn -0.6065 -0.7453 0.2769
vn -0.5323 -0.8033 0.2670
vn -0.6526 -0.7153 0.2500
vn -0.6068 -0.7451 0.2768
vn -0.6522 -0.7157 0.2498
vn -0.7181 -0.6514 0.2451
vn -0.5325 -0.8033 0.2668
vn -0.4553 -0.8432 0.2858
vn -0.5597 -0.7760 0.2909
vn -0.5325 -0.8033 0.2667
vn -0.5593 -0.7762 0.2911
vn -0.6524 -0.7154 0.2499
vn -0.6968 -0.6891 0.1990
vn -0.6584 -0.7033 0.2681
vn -0.6967 -0.6892 0.1991
vn -0.7435 -0.6283 0.2291
vn -0.6582 -0.7034 0.2684
vn -0.6062 -0.7455 0.2770
vn -0.7181 -0.6513 0.2453
vn -0.6584 -0.7033 0.2682
vn -0.7178 -0.6516 0.2454
vn -0.7519 -0.6176 0.2307
vn -0.7628 -0.6459 0.0298
vn -0.7320 -0.6735 0.1026
vn -0.7521 -0.6531 0.0884
vn -0.7628 -0.6460 0.0297
vn -0.7523 -0.6529 0.0882
vn -0.7460 -0.6637 0.0540
vn -0.7323 -0.6732 0.1026
vn -0.6967 -0.6892 0.1990
vn -0.7321 -0.6734 0.1027
vn -0.7606 -0.6285 0.1626
vn -0.7521 -0.6530 0.0885
vn -0.7252 -0.6860 -0.0598
vn -0.7662 -0.6424 -0.0190
vn -0.7361 -0.6760 0.0342
vn -0.7251 -0.6861 -0.0598
vn -0.7360 -0.6761 0.0342
vn -0.7004 -0.7138 0.0060
vn -0.7660 -0.6426 -0.0191
vn -0.7629 -0.6459 0.0299
vn -0.7662 -0.6423 -0.0189
vn -0.7459 -0.6639 0.0539
vn -0.7362 -0.6758 0.0344
vn -0.5646 -0.8194 -0.0989
vn -0.6521 -0.7530 -0.0884
vn -0.6395 -0.7686 -0.0187
vn -0.5648 -0.8193 -0.0988
vn -0.6398 -0.7683 -0.0187
vn -0.5673 -0.8231 -0.0277
vn -0.6523 -0.7528 -0.0884
vn -0.7252 -0.6859 -0.0599
vn -0.7006 -0.7136 0.0060
vn -0.6522 -0.7529 -0.0885
vn -0.7004 -0.7137 0.0058
vn -0.6396 -0.7685 -0.0188
vn -0.3829 -0.9217 -0.0619
vn -0.4719 -0.8771 -0.0894
vn -0.4900 -0.8715 -0.0196
vn -0.4901 -0.8715 -0.0196
vn -0.4173 -0.9087 0.0044
vn -0.4717 -0.8772 -0.0897
vn -0.5650 -0.8192 -0.0988
vn -0.5672 -0.8231 -0.0275
vn -0.4718 -0.8771 -0.0897
vn -0.5674 -0.8230 -0.0278
vn -0.4902 -0.8714 -0.0197
vn -0.3314 -0.9431 0.0272
vn -0.3272 -0.9447 -0.0216
vn -0.3691 -0.9288 0.0323
vn -0.3314 -0.9431 0.0273
vn -0.3692 -0.9288 0.0323
vn -0.3540 -0.9338 0.0516
vn -0.3278 -0.9445 -0.0218
vn -0.4172 -0.9088 0.0045
vn -0.3273 -0.9447 -0.0216
vn -0.4175 -0.9087 0.0043
vn -0.3690 -0.9289 0.0321
vn -0.3937 -0.8978 0.1972
vn -0.3675 -0.9246 0.1006
vn -0.3417 -0.9359 0.0860
vn -0.3943 -0.8976 0.1970
vn -0.3414 -0.9360 0.0863
vn -0.3151 -0.9354 0.1602
vn -0.3673 -0.9247 0.1003
vn -0.3313 -0.9431 0.0274
vn -0.3674 -0.9247 0.1002
vn -0.3539 -0.9338 0.0520
vn -0.3413 -0.9360 0.0858
vn -0.4681 -0.8389 0.2777
vn -0.4206 -0.8671 0.2669
vn -0.3071 -0.9239 0.2282
vn -0.4780 -0.8339 0.2759
vn -0.3508 -0.9043 0.2433
vn -0.4205 -0.8672 0.2666
vn -0.3940 -0.8977 0.1972
vn -0.4208 -0.8671 0.2665
vn -0.3074 -0.9238 0.2282
vn -0.6234 -0.7274 0.2869
vn -0.5587 -0.7852 0.2671
vn -0.4340 -0.8659 0.2487
vn -0.6234 -0.7275 0.2866
vn -0.4342 -0.8659 0.2485
vn -0.5233 -0.8011 0.2906
vn -0.4782 -0.8337 0.2763
vn -0.5588 -0.7852 0.2668
vn -0.3511 -0.9043 0.2429
vn -0.4339 -0.8660 0.2485
vn -0.6162 -0.7305 0.2943
vn -0.6402 -0.7022 0.3115
vn -0.5864 -0.7462 0.3151
vn -0.6162 -0.7304 0.2946
vn -0.6048 -0.7489 0.2710
vn -0.6232 -0.7275 0.2871
vn -0.5233 -0.8010 0.2910
vn -0.6402 -0.7023 0.3113
vn -0.5233 -0.8009 0.2910
vn -0.5867 -0.7835 0.2045
vn -0.5901 -0.7686 0.2468
vn -0.5980 -0.7761 0.2003
vn -0.5867 -0.7836 0.2042
vn -0.5979 -0.7761 0.2001
vn -0.5973 -0.7874 0.1525
vn -0.5902 -0.7686 0.2469
vn -0.6163 -0.7304 0.2944
vn -0.6046 -0.7490 0.2711
vn -0.5902 -0.7687 0.2467
vn -0.6045 -0.7491 0.2711
vn -0.5980 -0.7760 0.2003
vn -0.5580 -0.8119 0.1719
vn -0.5822 -0.7929 0.1799
vn -0.5912 -0.7961 0.1289
vn -0.5582 -0.8117 0.1719
vn -0.5913 -0.7961 0.1288
vn -0.5634 -0.8173 0.1211
vn -0.6437 -0.1986 -0.7390
vn -0.6536 -0.2067 -0.7280
vn -0.5064 -0.3460 -0.7898
vn -0.6438 -0.1985 -0.7390
vn -0.5062 -0.3461 -0.7899
vn -0.4971 -0.3367 -0.7997
vn -0.1491 -0.5923 -0.7918
vn -0.3343 -0.4783 -0.8121
vn -0.3582 -0.5140 -0.7794
vn -0.1493 -0.5923 -0.7918
vn -0.3586 -0.5135 -0.7796
vn -0.1776 -0.6249 -0.7602
vn 0.0343 -0.6804 -0.7321
vn -0.1493 -0.5921 -0.7919
vn -0.1776 -0.6251 -0.7601
vn 0.0340 -0.6802 -0.7322
vn -0.1773 -0.6252 -0.7601
vn 0.0019 -0.7110 -0.7032
vn 0.2073 -0.7405 -0.6393
vn 0.0343 -0.6802 -0.7322
vn 0.0019 -0.7108 -0.7034
vn 0.2075 -0.7407 -0.6390
vn 0.1736 -0.7709 -0.6129
vn 0.3632 -0.7736 -0.5193
vn 0.2075 -0.7408 -0.6389
vn 0.1735 -0.7708 -0.6130
vn 0.3633 -0.7737 -0.5191
vn 0.1736 -0.7707 -0.6131
vn 0.3317 -0.8034 -0.4945
vn 0.4914 -0.7811 -0.3851
vn 0.3630 -0.7738 -0.5190
vn 0.3314 -0.8035 -0.4945
vn 0.4915 -0.7810 -0.3852
vn 0.3314 -0.8034 -0.4948
vn 0.2847 -0.9311 -0.2283
vn 0.5894 -0.7691 -0.2472
vn 0.4914 -0.7810 -0.3854
vn 0.2846 -0.9312 -0.2279
vn 0.5893 -0.7691 -0.2473
vn 0.3756 -0.9189 -0.1209
vn 0.6616 -0.7427 -0.1037
vn 0.5894 -0.7690 -0.2476
vn 0.3754 -0.9189 -0.1213
vn 0.6616 -0.7426 -0.1037
vn 0.3754 -0.9189 -0.1209
vn 0.4366 -0.8996 -0.0026
vn 0.7109 -0.7015 0.0490
vn 0.6617 -0.7425 -0.1037
vn 0.4366 -0.8996 -0.0030
vn 0.7109 -0.7016 0.0488
vn 0.4368 -0.8996 -0.0026
vn 0.6818 -0.7290 0.0612
vn 0.7350 -0.6467 0.2040
vn 0.7109 -0.7016 0.0487
vn 0.6817 -0.7291 0.0610
vn 0.7349 -0.6467 0.2041
vn 0.6818 -0.7290 0.0611
vn 0.7065 -0.6739 0.2161
vn 0.7331 -0.5794 0.3560
vn 0.7065 -0.6740 0.2161
vn 0.7046 -0.6080 0.3659
vn 0.7039 -0.4980 0.5065
vn 0.7330 -0.5795 0.3562
vn 0.7046 -0.6079 0.3660
vn 0.7038 -0.4979 0.5066
vn 0.7048 -0.6078 0.3659
vn 0.6745 -0.5290 0.5149
vn 0.6425 -0.3983 0.6546
vn 0.7039 -0.4979 0.5066
vn 0.6744 -0.5291 0.5150
vn 0.6423 -0.3984 0.6548
vn 0.6749 -0.5288 0.5147
vn 0.6111 -0.4304 0.6643
vn 0.5465 -0.2814 0.7888
vn 0.6425 -0.3985 0.6546
vn 0.6110 -0.4304 0.6644
vn 0.5463 -0.2814 0.7889
vn 0.6112 -0.4304 0.6642
vn 0.5128 -0.3129 0.7995
vn 0.4183 -0.1522 0.8955
vn 0.5465 -0.2813 0.7888
vn 0.5128 -0.3128 0.7995
vn 0.4182 -0.1523 0.8955
vn 0.5131 -0.3129 0.7992
vn 0.3851 -0.1847 0.9042
vn 0.2616 -0.0181 0.9650
vn 0.4182 -0.1521 0.8956
vn 0.3852 -0.1846 0.9042
vn 0.2620 -0.0181 0.9649
vn 0.3854 -0.1845 0.9041
vn 0.2313 -0.0531 0.9714
vn 0.0840 0.1131 0.9900
vn 0.2616 -0.0183 0.9650
vn 0.2313 -0.0533 0.9714
vn 0.0576 0.0750 0.9955
vn -0.1028 0.2328 0.9671
vn 0.0876 0.1097 0.9901
vn 0.0575 0.0748 0.9955
vn -0.1029 0.2327 0.9671
vn 0.0576 0.0752 0.9955
vn -0.1242 0.1918 0.9736
vn -0.2842 0.3317 0.8995
vn -0.1024 0.2326 0.9672
vn -0.1244 0.1920 0.9735
vn -0.2842 0.3318 0.8995
vn -0.1244 0.1919 0.9735
vn -0.3025 0.2890 0.9083
vn -0.4512 0.4060 0.7947
vn -0.2843 0.3316 0.8996
vn -0.3027 0.2892 0.9081
vn -0.4512 0.4057 0.7949
vn -0.3027 0.2891 0.9082
vn -0.4687 0.3632 0.8052
vn -0.5961 0.4547 0.6618
vn -0.4513 0.4058 0.7948
vn -0.4688 0.3636 0.8050
vn -0.5959 0.4547 0.6619
vn -0.4689 0.3635 0.8050
vn -0.6147 0.4140 0.6714
vn -0.7121 0.4774 0.5148
vn -0.5959 0.4547 0.6620
vn -0.6145 0.4139 0.6716
vn -0.7120 0.4776 0.5148
vn -0.6145 0.4141 0.6715
vn -0.7306 0.4391 0.5229
vn -0.7997 0.4767 0.3649
vn -0.7121 0.4772 0.5150
vn -0.7998 0.4764 0.3651
vn -0.7305 0.4391 0.5231
vn -0.8161 0.4396 0.3750
vn -0.8644 0.4552 0.2134
vn -0.7998 0.4765 0.3651
vn -0.8162 0.4397 0.3748
vn -0.8645 0.4552 0.2134
vn -0.8798 0.4186 0.2254
vn -0.9085 0.4139 0.0583
vn -0.8644 0.4553 0.2134
vn -0.8797 0.4187 0.2254
vn -0.8798 0.4185 0.2254
vn -0.9236 0.3769 0.0705
vn -0.9304 0.3543 -0.0944
vn -0.9085 0.4139 0.0582
vn -0.9304 0.3543 -0.0942
vn -0.9236 0.3769 0.0706
vn -0.9961 0.0875 0.0056
vn -0.9305 0.2781 -0.2384
vn -0.9305 0.3540 -0.0945
vn -0.9962 0.0874 0.0058
vn -0.9305 0.2781 -0.2385
vn -0.9962 0.0872 0.0058
vn -0.9933 0.0240 -0.1131
vn -0.9079 0.1829 -0.3771
vn -0.9306 0.2777 -0.2385
vn -0.9933 0.0242 -0.1131
vn -0.9079 0.1829 -0.3772
vn -0.9933 0.0241 -0.1129
vn -0.9732 -0.0649 -0.2208
vn -0.8563 0.0661 -0.5123
vn -0.9731 -0.0646 -0.2211
vn -0.8564 0.0663 -0.5120
vn -0.9732 -0.0643 -0.2206
vn -0.8727 0.0262 -0.4875
vn -0.7710 -0.0667 -0.6333
vn -0.8564 0.0664 -0.5120
vn -0.8726 0.0262 -0.4878
vn -0.7711 -0.0668 -0.6332
vn -0.8727 0.0262 -0.4876
vn -0.7870 -0.1090 -0.6072
vn -0.6535 -0.2063 -0.7283
vn -0.7711 -0.0666 -0.6332
vn -0.7870 -0.1092 -0.6073
vn -0.6536 -0.2062 -0.7282
vn -0.7869 -0.1092 -0.6074
vn -0.6705 -0.2477 -0.6994
vn -0.5065 -0.3460 -0.7898
vn -0.6537 -0.2065 -0.7280
vn -0.6706 -0.2480 -0.6991
vn -0.6707 -0.2477 -0.6991
vn -0.5266 -0.3845 -0.7582
vn -0.3342 -0.4783 -0.8121
vn -0.5062 -0.3463 -0.7898
vn -0.5270 -0.3841 -0.7581
vn -0.3341 -0.4784 -0.8121
vn -0.5268 -0.3844 -0.7581
vn -0.3582 -0.5138 -0.7796
vn -0.5694 -0.7907 0.2248
vn -0.5768 -0.7871 0.2187
vn -0.5880 -0.7733 0.2373
vn -0.5693 -0.7908 0.2249
vn -0.5880 -0.7732 0.2373
vn -0.5761 -0.7798 0.2449
vn -0.5622 -0.7884 0.2498
vn -0.5603 -0.7960 0.2289
vn -0.5694 -0.7907 0.2247
vn -0.5622 -0.7883 0.2500
vn -0.5695 -0.7907 0.2247
vn -0.5757 -0.7801 0.2449
vn -0.5819 -0.7855 0.2108
vn -0.5834 -0.7866 0.2023
vn -0.6053 -0.7662 0.2156
vn -0.5817 -0.7857 0.2108
vn -0.6053 -0.7663 0.2156
vn -0.5977 -0.7689 0.2273
vn -0.5881 -0.7732 0.2372
vn -0.5771 -0.7869 0.2186
vn -0.5816 -0.7856 0.2108
vn -0.5980 -0.7685 0.2275
vn -0.5833 -0.7889 0.1932
vn -0.5819 -0.7917 0.1859
vn -0.6127 -0.7669 0.1907
vn -0.5837 -0.7887 0.1931
vn -0.6128 -0.7669 0.1904
vn -0.6103 -0.7658 0.2029
vn -0.6052 -0.7664 0.2156
vn -0.5836 -0.7865 0.2021
vn -0.5836 -0.7887 0.1934
vn -0.6054 -0.7663 0.2154
vn -0.5836 -0.7887 0.1932
vn -0.6102 -0.7658 0.2030
vn -0.5790 -0.7951 0.1807
vn -0.5748 -0.7989 0.1774
vn -0.6110 -0.7735 0.1684
vn -0.5790 -0.7951 0.1806
vn -0.6110 -0.7736 0.1683
vn -0.6128 -0.7697 0.1789
vn -0.6128 -0.7669 0.1906
vn -0.5818 -0.7919 0.1857
vn -0.6130 -0.7696 0.1789
vn -0.5707 -0.8023 0.1749
vn -0.5671 -0.8051 0.1740
vn -0.6020 -0.7843 0.1500
vn -0.5705 -0.8025 0.1748
vn -0.6021 -0.7842 0.1500
vn -0.6069 -0.7788 0.1586
vn -0.6110 -0.7735 0.1683
vn -0.5749 -0.7988 0.1773
vn -0.5706 -0.8024 0.1749
vn -0.6112 -0.7734 0.1683
vn -0.5705 -0.8025 0.1749
vn -0.6072 -0.7786 0.1585
vn -0.5640 -0.8072 0.1743
vn -0.5616 -0.8085 0.1758
vn -0.5879 -0.7970 0.1385
vn -0.5641 -0.8071 0.1744
vn -0.5878 -0.7971 0.1386
vn -0.5958 -0.7902 0.1435
vn -0.6020 -0.7843 0.1501
vn -0.5669 -0.8053 0.1739
vn -0.6017 -0.7845 0.1502
vn -0.5642 -0.8070 0.1743
vn -0.5954 -0.7905 0.1434
vn -0.5600 -0.8093 0.1775
vn -0.5580 -0.8103 0.1787
vn -0.5708 -0.8101 0.1338
vn -0.5596 -0.8095 0.1775
vn -0.5793 -0.8038 0.1355
vn -0.5880 -0.7969 0.1386
vn -0.5618 -0.8084 0.1757
vn -0.5596 -0.8095 0.1774
vn -0.5880 -0.7969 0.1387
vn -0.5597 -0.8095 0.1773
vn -0.5795 -0.8036 0.1355
vn -0.5576 -0.8106 0.1792
vn -0.5568 -0.8112 0.1788
vn -0.5525 -0.8227 0.1336
vn -0.5574 -0.8107 0.1792
vn -0.5526 -0.8227 0.1337
vn -0.5617 -0.8165 0.1332
vn -0.5706 -0.8103 0.1337
vn -0.5582 -0.8102 0.1789
vn -0.5574 -0.8107 0.1793
vn -0.5707 -0.8102 0.1337
vn -0.5616 -0.8166 0.1332
vn -0.5556 -0.8123 0.1775
vn -0.5539 -0.8138 0.1757
vn -0.5337 -0.8343 0.1382
vn -0.5555 -0.8124 0.1774
vn -0.5339 -0.8342 0.1383
vn -0.5434 -0.8285 0.1354
vn -0.5564 -0.8115 0.1787
vn -0.5556 -0.8123 0.1774
vn -0.5524 -0.8228 0.1336
vn -0.5430 -0.8287 0.1352
vn -0.5516 -0.8157 0.1741
vn -0.5489 -0.8176 0.1738
vn -0.5173 -0.8426 0.1496
vn -0.5518 -0.8156 0.1743
vn -0.5172 -0.8427 0.1497
vn -0.5247 -0.8392 0.1430
vn -0.5339 -0.8341 0.1383
vn -0.5540 -0.8138 0.1758
vn -0.5517 -0.8157 0.1741
vn -0.5339 -0.8341 0.1384
vn -0.5513 -0.8159 0.1743
vn -0.5255 -0.8387 0.1430
vn -0.5451 -0.8200 0.1747
vn -0.5402 -0.8227 0.1771
vn -0.5036 -0.8475 0.1678
vn -0.5450 -0.8200 0.1749
vn -0.5035 -0.8476 0.1677
vn -0.5103 -0.8454 0.1581
vn -0.5171 -0.8428 0.1495
vn -0.5488 -0.8177 0.1738
vn -0.5450 -0.8200 0.1748
vn -0.5171 -0.8427 0.1496
vn -0.5451 -0.8200 0.1748
vn -0.5097 -0.8457 0.1581
vn -0.5352 -0.8252 0.1803
vn -0.5308 -0.8269 0.1855
vn -0.4967 -0.8469 0.1899
vn -0.5352 -0.8253 0.1803
vn -0.4967 -0.8469 0.1900
vn -0.4995 -0.8478 0.1781
vn -0.5402 -0.8227 0.1772
vn -0.5351 -0.8253 0.1804
vn -0.5038 -0.8474 0.1677
vn -0.5352 -0.8252 0.1804
vn -0.4991 -0.8480 0.1782
vn -0.5274 -0.8274 0.1931
vn -0.5255 -0.8265 0.2017
vn -0.4986 -0.8398 0.2149
vn -0.5276 -0.8273 0.1929
vn -0.4986 -0.8398 0.2148
vn -0.4966 -0.8441 0.2023
vn -0.4966 -0.8469 0.1901
vn -0.5311 -0.8267 0.1855
vn -0.5275 -0.8274 0.1929
vn -0.4966 -0.8469 0.1899
vn -0.5274 -0.8274 0.1929
vn -0.4970 -0.8438 0.2024
vn -0.5250 -0.8246 0.2106
vn -0.5279 -0.8208 0.2183
vn -0.5110 -0.8263 0.2368
vn -0.5250 -0.8247 0.2104
vn -0.5109 -0.8264 0.2367
vn -0.5034 -0.8338 0.2267
vn -0.4987 -0.8397 0.2150
vn -0.5249 -0.8269 0.2019
vn -0.5249 -0.8247 0.2106
vn -0.4987 -0.8397 0.2151
vn -0.5252 -0.8246 0.2105
vn -0.5032 -0.8338 0.2269
vn -0.5340 -0.8151 0.2246
vn -0.5419 -0.8087 0.2288
vn -0.5344 -0.8076 0.2495
vn -0.5343 -0.8149 0.2246
vn -0.5342 -0.8076 0.2497
vn -0.5213 -0.8175 0.2447
vn -0.5110 -0.8263 0.2369
vn -0.5280 -0.8207 0.2184
vn -0.5111 -0.8263 0.2369
vn -0.5337 -0.8153 0.2247
vn -0.5217 -0.8174 0.2445
vn -0.6721 -0.2812 -0.6850
vn -0.5327 -0.4125 -0.7390
vn -0.5553 -0.4561 -0.6954
vn -0.6719 -0.2814 -0.6852
vn -0.5556 -0.4558 -0.6954
vn -0.6906 -0.3284 -0.6444
vn -0.5341 -0.8077 0.2498
vn -0.5417 -0.8088 0.2288
vn -0.5511 -0.8020 0.2302
vn -0.5479 -0.7978 0.2515
vn -0.5642 -0.7752 0.2841
vn -0.5425 -0.7901 0.2854
vn -0.5477 -0.7979 0.2517
vn -0.5641 -0.7753 0.2841
vn -0.5481 -0.7977 0.2516
vn -0.5624 -0.7882 0.2500
vn -0.5643 -0.7752 0.2840
vn -0.5621 -0.7884 0.2501
vn -0.5620 -0.7884 0.2500
vn -0.5759 -0.7799 0.2452
vn -0.6047 -0.7503 0.2671
vn -0.5851 -0.7622 0.2769
vn -0.5760 -0.7798 0.2452
vn -0.6047 -0.7503 0.2672
vn -0.5757 -0.7800 0.2452
vn -0.5881 -0.7732 0.2374
vn -0.6049 -0.7501 0.2673
vn -0.5881 -0.7731 0.2376
vn -0.6216 -0.7415 0.2527
vn -0.5881 -0.7731 0.2374
vn -0.5978 -0.7687 0.2274
vn -0.5982 -0.7684 0.2274
vn -0.5979 -0.7686 0.2274
vn -0.6049 -0.7665 0.2158
vn -0.6364 -0.7342 0.2364
vn -0.6052 -0.7663 0.2157
vn -0.6472 -0.7306 0.2177
vn -0.6052 -0.7662 0.2158
vn -0.6100 -0.7659 0.2033
vn -0.6554 -0.7290 0.1976
vn -0.6473 -0.7306 0.2173
vn -0.6100 -0.7660 0.2030
vn -0.6099 -0.7660 0.2030
vn -0.6128 -0.7668 0.1908
vn -0.6586 -0.7314 0.1769
vn -0.6558 -0.7286 0.1976
vn -0.6127 -0.7670 0.1907
vn -0.6586 -0.7314 0.1768
vn -0.6127 -0.7670 0.1905
vn -0.6130 -0.7696 0.1790
vn -0.6592 -0.7355 0.1562
vn -0.6585 -0.7315 0.1768
vn -0.6130 -0.7695 0.1790
vn -0.6593 -0.7354 0.1563
vn -0.6129 -0.7696 0.1789
vn -0.6111 -0.7735 0.1682
vn -0.6548 -0.7433 0.1367
vn -0.6110 -0.7735 0.1682
vn -0.6548 -0.7434 0.1367
vn -0.6070 -0.7788 0.1585
vn -0.6479 -0.7525 0.1182
vn -0.6546 -0.7436 0.1365
vn -0.6071 -0.7787 0.1583
vn -0.6479 -0.7526 0.1180
vn -0.6073 -0.7785 0.1584
vn -0.6020 -0.7843 0.1498
vn -0.6362 -0.7647 0.1025
vn -0.6020 -0.7843 0.1497
vn -0.6361 -0.7648 0.1025
vn -0.6019 -0.7844 0.1497
vn -0.5957 -0.7904 0.1430
vn -0.6222 -0.7778 0.0884
vn -0.6364 -0.7645 0.1024
vn -0.5956 -0.7905 0.1430
vn -0.6224 -0.7777 0.0887
vn -0.5952 -0.7907 0.1429
vn -0.5881 -0.7968 0.1384
vn -0.6049 -0.7924 0.0794
vn -0.6225 -0.7776 0.0887
vn -0.6050 -0.7923 0.0793
vn -0.5879 -0.7970 0.1382
vn -0.5796 -0.8036 0.1351
vn -0.5862 -0.8069 0.0724
vn -0.6048 -0.7924 0.0793
vn -0.5795 -0.8036 0.1353
vn -0.5861 -0.8070 0.0725
vn -0.5797 -0.8035 0.1354
vn -0.5705 -0.8104 0.1334
vn -0.5859 -0.8071 0.0724
vn -0.5707 -0.8103 0.1332
vn -0.5707 -0.8102 0.1334
vn -0.5615 -0.8167 0.1328
vn -0.5445 -0.8357 0.0722
vn -0.5655 -0.8217 0.0710
vn -0.5617 -0.8166 0.1329
vn -0.5619 -0.8165 0.1326
vn -0.5528 -0.8226 0.1331
vn -0.5240 -0.8480 0.0788
vn -0.5526 -0.8228 0.1332
vn -0.5240 -0.8481 0.0786
vn -0.5525 -0.8227 0.1334
vn -0.5435 -0.8285 0.1349
vn -0.5043 -0.8590 0.0881
vn -0.5242 -0.8479 0.0787
vn -0.5434 -0.8286 0.1348
vn -0.5041 -0.8592 0.0879
vn -0.5432 -0.8287 0.1349
vn -0.5339 -0.8342 0.1380
vn -0.4872 -0.8674 0.1015
vn -0.5041 -0.8591 0.0879
vn -0.5340 -0.8342 0.1378
vn -0.4871 -0.8674 0.1014
vn -0.5341 -0.8341 0.1379
vn -0.5251 -0.8389 0.1428
vn -0.5253 -0.8389 0.1427
vn -0.4714 -0.8741 0.1171
vn -0.5253 -0.8388 0.1429
vn -0.5171 -0.8428 0.1491
vn -0.4599 -0.8776 0.1355
vn -0.4715 -0.8741 0.1172
vn -0.4599 -0.8776 0.1354
vn -0.5170 -0.8428 0.1494
vn -0.5102 -0.8454 0.1579
vn -0.4606 -0.8772 0.1354
vn -0.5100 -0.8456 0.1580
vn -0.4511 -0.8789 0.1549
vn -0.5098 -0.8457 0.1578
vn -0.5036 -0.8475 0.1675
vn -0.4545 -0.8734 0.1747
vn -0.4511 -0.8789 0.1550
vn -0.5037 -0.8475 0.1676
vn -0.4473 -0.8770 0.1756
vn -0.5037 -0.8475 0.1677
vn -0.4994 -0.8479 0.1783
vn -0.4463 -0.8731 0.1962
vn -0.4474 -0.8769 0.1756
vn -0.4992 -0.8479 0.1783
vn -0.4461 -0.8732 0.1962
vn -0.4992 -0.8479 0.1784
vn -0.4966 -0.8469 0.1900
vn -0.4504 -0.8662 0.2162
vn -0.4456 -0.8734 0.1965
vn -0.4967 -0.8469 0.1901
vn -0.4502 -0.8663 0.2165
vn -0.4967 -0.8468 0.1900
vn -0.4965 -0.8441 0.2025
vn -0.4570 -0.8578 0.2353
vn -0.4966 -0.8440 0.2026
vn -0.4571 -0.8577 0.2354
vn -0.4987 -0.8396 0.2153
vn -0.4691 -0.8464 0.2519
vn -0.4573 -0.8576 0.2355
vn -0.4986 -0.8397 0.2152
vn -0.4692 -0.8464 0.2519
vn -0.5034 -0.8337 0.2268
vn -0.4833 -0.8339 0.2663
vn -0.4693 -0.8463 0.2521
vn -0.5034 -0.8338 0.2268
vn -0.4834 -0.8338 0.2665
vn -0.5032 -0.8338 0.2270
vn -0.5108 -0.8263 0.2370
vn -0.5016 -0.8197 0.2764
vn -0.5111 -0.8262 0.2371
vn -0.5017 -0.8197 0.2764
vn -0.5214 -0.8174 0.2448
vn -0.5213 -0.8048 0.2838
vn -0.5015 -0.8198 0.2765
vn -0.5217 -0.8173 0.2448
vn -0.5218 -0.8172 0.2449
vn -0.5340 -0.8077 0.2499
vn -0.5424 -0.7901 0.2854
vn -0.5209 -0.8050 0.2840
vn -0.5342 -0.8076 0.2500
vn -0.5426 -0.7900 0.2854
vn -0.5341 -0.8076 0.2499
vn -0.5478 -0.7978 0.2518
vn -0.5305 -0.7672 -0.3605
vn -0.6494 -0.6768 -0.3467
vn -0.6460 -0.6797 -0.3474
vn -0.5306 -0.7671 -0.3605
vn -0.6463 -0.6794 -0.3476
vn -0.5309 -0.7669 -0.3605
vn -0.6499 -0.6765 -0.3464
vn -0.7506 -0.5856 -0.3060
vn -0.7452 -0.5909 -0.3091
vn -0.6497 -0.6767 -0.3464
vn -0.7450 -0.5910 -0.3094
vn -0.7507 -0.5856 -0.3059
vn -0.8387 -0.4886 -0.2406
vn -0.8320 -0.4969 -0.2466
vn -0.8321 -0.4968 -0.2466
vn -0.7449 -0.5911 -0.3093
vn -0.8385 -0.4887 -0.2409
vn -0.9136 -0.3738 -0.1601
vn -0.9088 -0.3828 -0.1661
vn -0.8384 -0.4888 -0.2411
vn -0.9089 -0.3826 -0.1659
vn -0.8322 -0.4965 -0.2469
vn -0.9137 -0.3736 -0.1600
vn -0.9732 -0.0644 -0.2206
vn -0.9606 -0.2646 -0.0855
vn -0.9136 -0.3736 -0.1601
vn -0.9605 -0.2647 -0.0856
vn -0.9089 -0.3825 -0.1661
vn -0.9742 -0.0605 -0.2173
vn -0.9933 0.0241 -0.1131
vn -0.9834 -0.1809 -0.0107
vn -0.9732 -0.0647 -0.2205
vn -0.9834 -0.1812 -0.0109
vn -0.9605 -0.2647 -0.0857
vn -0.9933 0.0237 -0.1130
vn -0.9961 0.0876 0.0059
vn -0.9874 -0.1355 0.0823
vn -0.9933 0.0240 -0.1130
vn -0.9873 -0.1357 0.0821
vn -0.9834 -0.1813 -0.0108
vn -0.9961 0.0876 0.0060
vn -0.9720 -0.1072 0.2089
vn -0.9725 -0.1077 0.2064
vn -0.9962 0.0874 0.0059
vn -0.9725 -0.1075 0.2065
vn -0.9874 -0.1353 0.0826
vn -0.9720 -0.1072 0.2091
vn -0.9395 -0.0921 0.3300
vn -0.9389 -0.0916 0.3316
vn -0.9720 -0.1075 0.2089
vn -0.9389 -0.0916 0.3319
vn -0.9725 -0.1079 0.2065
vn -0.9395 -0.0917 0.3302
vn -0.8965 -0.1019 0.4311
vn -0.8951 -0.1028 0.4339
vn -0.9394 -0.0917 0.3303
vn -0.8951 -0.1030 0.4338
vn -0.9388 -0.0920 0.3318
vn -0.8965 -0.1022 0.4311
vn -0.8384 -0.1497 0.5241
vn -0.8349 -0.1534 0.5285
vn -0.8965 -0.1022 0.4312
vn -0.8349 -0.1535 0.5286
vn -0.8950 -0.1030 0.4339
vn -0.8384 -0.1502 0.5239
vn -0.7508 -0.2224 0.6220
vn -0.7429 -0.2285 0.6292
vn -0.8383 -0.1503 0.5240
vn -0.7430 -0.2286 0.6290
vn -0.8349 -0.1533 0.5286
vn -0.7507 -0.2227 0.6220
vn -0.6410 -0.2908 0.7104
vn -0.6317 -0.2958 0.7166
vn -0.7506 -0.2230 0.6220
vn -0.6316 -0.2958 0.7166
vn -0.7432 -0.2281 0.6290
vn -0.6409 -0.2908 0.7104
vn -0.5314 -0.3447 0.7738
vn -0.5241 -0.3484 0.7771
vn -0.6407 -0.2911 0.7104
vn -0.5241 -0.3482 0.7772
vn -0.6318 -0.2953 0.7167
vn -0.5312 -0.3449 0.7739
vn -0.4313 -0.3926 0.8123
vn -0.4202 -0.4028 0.8131
vn -0.4205 -0.4025 0.8131
vn -0.5243 -0.3480 0.7772
vn -0.4243 -0.4003 0.8122
vn -0.3173 -0.4677 0.8250
vn -0.3174 -0.4676 0.8250
vn -0.4245 -0.4002 0.8122
vn -0.3174 -0.4675 0.8250
vn -0.4205 -0.4026 0.8131
vn -0.3170 -0.4679 0.8250
vn -0.2094 -0.5474 0.8102
vn -0.2199 -0.5406 0.8120
vn -0.2199 -0.5407 0.8119
vn -0.3171 -0.4677 0.8251
vn -0.2164 -0.5437 0.8109
vn -0.1267 -0.6235 0.7715
vn -0.1326 -0.6181 0.7749
vn -0.2165 -0.5435 0.8110
vn -0.1323 -0.6181 0.7749
vn -0.2198 -0.5409 0.8119
vn -0.1270 -0.6235 0.7715
vn -0.0376 -0.7064 0.7068
vn -0.0455 -0.6995 0.7132
vn -0.1266 -0.6235 0.7715
vn -0.0452 -0.6996 0.7131
vn -0.1325 -0.6181 0.7749
vn -0.0378 -0.7063 0.7069
vn 0.0645 -0.7842 0.6172
vn 0.0567 -0.7791 0.6243
vn 0.0564 -0.7791 0.6244
vn -0.0451 -0.6995 0.7132
vn 0.0641 -0.7843 0.6170
vn 0.1629 -0.8396 0.5182
vn 0.1584 -0.8376 0.5228
vn 0.0644 -0.7842 0.6172
vn 0.1583 -0.8377 0.5227
vn 0.0568 -0.7790 0.6244
vn 0.1626 -0.8396 0.5183
vn 0.2276 -0.8763 0.4245
vn 0.2259 -0.8754 0.4275
vn 0.1623 -0.8397 0.5182
vn 0.2257 -0.8754 0.4274
vn 0.1588 -0.8376 0.5227
vn 0.2274 -0.8764 0.4246
vn 0.2514 -0.9123 0.3233
vn 0.2513 -0.9118 0.3248
vn 0.2273 -0.8764 0.4245
vn 0.2515 -0.9116 0.3251
vn 0.2262 -0.8754 0.4273
vn 0.2517 -0.9122 0.3233
vn 0.2475 -0.9476 0.2018
vn 0.2476 -0.9481 0.1995
vn 0.2516 -0.9123 0.3232
vn 0.2475 -0.9481 0.1995
vn 0.2513 -0.9118 0.3246
vn 0.2478 -0.9476 0.2017
vn 0.4367 -0.8996 -0.0025
vn 0.2258 -0.9712 0.0756
vn 0.2259 -0.9712 0.0753
vn 0.2473 -0.9483 0.1991
vn 0.4367 -0.8996 -0.0024
vn 0.1811 -0.9833 -0.0177
vn 0.4370 -0.8995 -0.0025
vn 0.1809 -0.9833 -0.0178
vn 0.3755 -0.9189 -0.1211
vn 0.0941 -0.9913 -0.0919
vn 0.0944 -0.9913 -0.0918
vn 0.1809 -0.9833 -0.0179
vn 0.2848 -0.9311 -0.2280
vn -0.0247 -0.9859 -0.1655
vn -0.0346 -0.9846 -0.1712
vn 0.2846 -0.9311 -0.2279
vn -0.0348 -0.9846 -0.1712
vn 0.0943 -0.9913 -0.0918
vn -0.0250 -0.9859 -0.1652
vn -0.1594 -0.9564 -0.2447
vn -0.1694 -0.9531 -0.2507
vn -0.0247 -0.9860 -0.1650
vn -0.1698 -0.9530 -0.2508
vn -0.0351 -0.9846 -0.1713
vn -0.1600 -0.9563 -0.2448
vn -0.2820 -0.9084 -0.3087
vn -0.2895 -0.9049 -0.3120
vn -0.1599 -0.9563 -0.2446
vn -0.2893 -0.9050 -0.3120
vn -0.1693 -0.9532 -0.2503
vn -0.2821 -0.9083 -0.3089
vn -0.4035 -0.8463 -0.3479
vn -0.4075 -0.8441 -0.3486
vn -0.2825 -0.9082 -0.3088
vn -0.4073 -0.8441 -0.3486
vn -0.4033 -0.8462 -0.3482
vn -0.5308 -0.7669 -0.3607
vn -0.5304 -0.7673 -0.3605
vn -0.4032 -0.8464 -0.3481
vn -0.4075 -0.8439 -0.3488
vn -0.8701 -0.0208 -0.4925
vn -0.7853 -0.1485 -0.6010
vn -0.8012 -0.1982 -0.5647
vn -0.8700 -0.0209 -0.4926
vn -0.8009 -0.1985 -0.5649
vn -0.8841 -0.0727 -0.4616
vn -0.5552 -0.4559 -0.6956
vn -0.5330 -0.4124 -0.7388
vn -0.3728 -0.5351 -0.7581
vn -0.5554 -0.4559 -0.6955
vn -0.3784 -0.5317 -0.7577
vn -0.4001 -0.5749 -0.7138
vn -0.9527 0.1950 -0.2329
vn -0.9250 0.0956 -0.3678
vn -0.9389 0.0422 -0.3417
vn -0.9527 0.1952 -0.2329
vn -0.9387 0.0420 -0.3421
vn -0.9672 0.1410 -0.2113
vn -0.8011 -0.1986 -0.5646
vn -0.7850 -0.1487 -0.6013
vn -0.6721 -0.2810 -0.6851
vn -0.8011 -0.1986 -0.5647
vn -0.6718 -0.2812 -0.6853
vn -0.6906 -0.3280 -0.6446
vn -0.9387 0.3393 0.0606
vn -0.9569 0.2760 -0.0900
vn -0.9724 0.2219 -0.0718
vn -0.9724 0.2218 -0.0719
vn -0.9556 0.2849 0.0752
vn -0.9386 0.0421 -0.3423
vn -0.9251 0.0958 -0.3673
vn -0.8700 -0.0210 -0.4926
vn -0.9387 0.0421 -0.3421
vn -0.8701 -0.0208 -0.4924
vn -0.8841 -0.0728 -0.4617
vn -0.8351 0.4091 0.3678
vn -0.8980 0.3844 0.2142
vn -0.9167 0.3297 0.2256
vn -0.8351 0.4093 0.3677
vn -0.9167 0.3298 0.2256
vn -0.8558 0.3543 0.3770
vn -0.9724 0.2218 -0.0718
vn -0.9570 0.2758 -0.0900
vn -0.9527 0.1952 -0.2330
vn -0.9725 0.2218 -0.0717
vn -0.9671 0.1411 -0.2116
vn -0.6356 0.3902 0.6662
vn -0.7487 0.4116 0.5197
vn -0.7717 0.3564 0.5267
vn -0.6356 0.3899 0.6663
vn -0.7717 0.3566 0.5265
vn -0.6614 0.3345 0.6714
vn -0.9166 0.3298 0.2259
vn -0.8981 0.3842 0.2142
vn -0.9387 0.3393 0.0605
vn -0.9167 0.3297 0.2259
vn -0.9556 0.2851 0.0750
vn -0.3292 0.2697 0.9049
vn -0.4944 0.3430 0.7987
vn -0.5237 0.2877 0.8018
vn -0.3290 0.2697 0.9050
vn -0.5239 0.2879 0.8016
vn -0.3614 0.2143 0.9074
vn -0.7717 0.3563 0.5268
vn -0.7487 0.4117 0.5196
vn -0.8350 0.4094 0.3677
vn -0.7718 0.3563 0.5266
vn -0.8351 0.4088 0.3680
vn -0.8559 0.3543 0.3767
vn 0.0402 0.0498 0.9979
vn -0.1473 0.1702 0.9743
vn -0.1820 0.1161 0.9764
vn 0.0402 0.0500 0.9979
vn -0.1819 0.1162 0.9764
vn 0.0036 -0.0032 1.0000
vn -0.5238 0.2874 0.8019
vn -0.4945 0.3430 0.7986
vn -0.6358 0.3902 0.6660
vn -0.5238 0.2880 0.8016
vn -0.6615 0.3350 0.6709
vn 0.3767 -0.2162 0.9007
vn 0.2193 -0.0822 0.9722
vn 0.1812 -0.1338 0.9743
vn 0.3765 -0.2162 0.9008
vn 0.1811 -0.1338 0.9743
vn 0.3364 -0.2661 0.9033
vn -0.1817 0.1159 0.9765
vn -0.1473 0.1703 0.9743
vn -0.3292 0.2698 0.9049
vn -0.1818 0.1162 0.9764
vn -0.3290 0.2696 0.9050
vn -0.3616 0.2149 0.9072
vn 0.5962 -0.4586 0.6590
vn 0.5029 -0.3443 0.7928
vn 0.4621 -0.3912 0.7959
vn 0.5961 -0.4588 0.6589
vn 0.4621 -0.3913 0.7958
vn 0.5536 -0.5025 0.6641
vn 0.1810 -0.1340 0.9743
vn 0.2192 -0.0825 0.9722
vn 0.0403 0.0499 0.9979
vn 0.1812 -0.1340 0.9743
vn 0.0039 -0.0033 1.0000
vn 0.6827 -0.6364 0.3589
vn 0.6553 -0.5559 0.5114
vn 0.6121 -0.5969 0.5186
vn 0.6828 -0.6364 0.3588
vn 0.6120 -0.5970 0.5187
vn 0.6387 -0.6756 0.3683
vn 0.4617 -0.3912 0.7961
vn 0.5031 -0.3441 0.7927
vn 0.3765 -0.2163 0.9008
vn 0.4618 -0.3913 0.7960
vn 0.3762 -0.2163 0.9009
vn 0.3367 -0.2663 0.9032
vn 0.6519 -0.7566 0.0511
vn 0.6808 -0.7032 0.2052
vn 0.6366 -0.7401 0.2168
vn 0.6520 -0.7565 0.0512
vn 0.6365 -0.7402 0.2166
vn 0.6073 -0.7918 0.0658
vn 0.6119 -0.5970 0.5188
vn 0.6556 -0.5557 0.5113
vn 0.5962 -0.4585 0.6590
vn 0.6121 -0.5971 0.5186
vn 0.5959 -0.4586 0.6592
vn 0.5538 -0.5024 0.6640
vn 0.5200 -0.8193 -0.2416
vn 0.5979 -0.7955 -0.0991
vn 0.5531 -0.8292 -0.0806
vn 0.5200 -0.8193 -0.2415
vn 0.5528 -0.8294 -0.0808
vn 0.4746 -0.8523 -0.2199
vn 0.6367 -0.7401 0.2165
vn 0.6807 -0.7033 0.2050
vn 0.6828 -0.6363 0.3589
vn 0.6365 -0.7403 0.2166
vn 0.6827 -0.6364 0.3590
vn 0.6390 -0.6754 0.3682
vn 0.2866 -0.8178 -0.4991
vn 0.4160 -0.8282 -0.3756
vn 0.3712 -0.8601 -0.3499
vn 0.2864 -0.8177 -0.4994
vn 0.3713 -0.8601 -0.3498
vn 0.2432 -0.8494 -0.4683
vn 0.5531 -0.8292 -0.0808
vn 0.5981 -0.7952 -0.0991
vn 0.6519 -0.7566 0.0514
vn 0.6074 -0.7917 0.0663
vn -0.0287 -0.7242 -0.6890
vn 0.1362 -0.7834 -0.6064
vn 0.0953 -0.8161 -0.5700
vn -0.0284 -0.7243 -0.6889
vn -0.0656 -0.7586 -0.6482
vn 0.3709 -0.8603 -0.3498
vn 0.4160 -0.8283 -0.3753
vn 0.5198 -0.8194 -0.2416
vn 0.3711 -0.8602 -0.3498
vn 0.5199 -0.8194 -0.2415
vn -0.4000 -0.5749 -0.7138
vn -0.3731 -0.5350 -0.7580
vn -0.2013 -0.6409 -0.7408
vn -0.3996 -0.5753 -0.7137
vn -0.2014 -0.6408 -0.7408
vn -0.2336 -0.6776 -0.6974
vn 0.0956 -0.8162 -0.5699
vn 0.1361 -0.7833 -0.6066
vn 0.2867 -0.8176 -0.4994
vn 0.0958 -0.8162 -0.5698
vn 0.2868 -0.8176 -0.4993
vn 0.2435 -0.8493 -0.4683
vn -0.6437 -0.1984 -0.7391
vn -0.4968 -0.3370 -0.7997
vn -0.5329 -0.4123 -0.7389
vn -0.6435 -0.1986 -0.7392
vn -0.6718 -0.2815 -0.6851
vn -0.2339 -0.6776 -0.6973
vn -0.2011 -0.6410 -0.7408
vn -0.0290 -0.7243 -0.6888
vn -0.0288 -0.7243 -0.6889
vn -0.0658 -0.7587 -0.6481
vn -0.8471 0.0704 -0.5267
vn -0.7613 -0.0603 -0.6456
vn -0.8472 0.0704 -0.5267
vn -0.7850 -0.1487 -0.6014
vn -0.8701 -0.0207 -0.4925
vn -0.5327 -0.4121 -0.7392
vn -0.4972 -0.3367 -0.7997
vn -0.3267 -0.4674 -0.8215
vn -0.5329 -0.4122 -0.7390
vn -0.3307 -0.4652 -0.8211
vn -0.3723 -0.5346 -0.7586
vn -0.9253 0.2836 -0.2518
vn -0.9005 0.1866 -0.3928
vn -0.9249 0.0955 -0.3680
vn -0.9254 0.2834 -0.2518
vn -0.9251 0.0956 -0.3675
vn -0.9527 0.1949 -0.2332
vn -0.7853 -0.1487 -0.6009
vn -0.7611 -0.0605 -0.6458
vn -0.6436 -0.1983 -0.7393
vn -0.7851 -0.1490 -0.6012
vn -0.6435 -0.1984 -0.7393
vn -0.6720 -0.2813 -0.6851
vn -0.9052 0.4223 0.0487
vn -0.9264 0.3616 -0.1051
vn -0.9569 0.2762 -0.0900
vn -0.9052 0.4223 0.0485
vn -0.9569 0.2761 -0.0900
vn -0.9249 0.0958 -0.3679
vn -0.9006 0.1865 -0.3926
vn -0.8471 0.0701 -0.5269
vn -0.9250 0.0957 -0.3677
vn -0.8472 0.0702 -0.5266
vn -0.7958 0.4882 0.3582
vn -0.8615 0.4648 0.2043
vn -0.8980 0.3843 0.2142
vn -0.7958 0.4882 0.3581
vn -0.8981 0.3842 0.2141
vn -0.8352 0.4090 0.3676
vn -0.9570 0.2759 -0.0898
vn -0.9264 0.3615 -0.1050
vn -0.9252 0.2838 -0.2520
vn -0.9252 0.2837 -0.2521
vn -0.9527 0.1952 -0.2328
vn -0.5905 0.4687 0.6569
vn -0.7069 0.4901 0.5100
vn -0.5904 0.4685 0.6572
vn -0.7487 0.4116 0.5196
vn -0.6354 0.3898 0.6666
vn -0.8614 0.4649 0.2044
vn -0.9052 0.4222 0.0485
vn -0.9052 0.4221 0.0485
vn -0.9387 0.3394 0.0605
vn -0.2783 0.3477 0.8953
vn -0.4460 0.4213 0.7897
vn -0.4946 0.3429 0.7986
vn -0.2785 0.3477 0.8953
vn -0.4946 0.3431 0.7985
vn -0.3293 0.2692 0.9050
vn -0.7488 0.4116 0.5196
vn -0.7067 0.4904 0.5099
vn -0.7959 0.4883 0.3580
vn -0.7959 0.4881 0.3583
vn -0.8351 0.4092 0.3677
vn 0.0936 0.1277 0.9874
vn -0.0949 0.2483 0.9640
vn -0.1472 0.1705 0.9743
vn 0.0935 0.1274 0.9874
vn -0.1471 0.1706 0.9743
vn 0.0350 0.0550 0.9979
vn -0.4946 0.3427 0.7987
vn -0.4462 0.4214 0.7895
vn -0.5907 0.4683 0.6571
vn -0.4946 0.3432 0.7985
vn -0.5906 0.4685 0.6570
vn -0.6357 0.3901 0.6661
vn 0.4313 -0.1409 0.8911
vn 0.2735 -0.0052 0.9619
vn 0.2197 -0.0823 0.9721
vn 0.4313 -0.1408 0.8912
vn 0.3763 -0.2165 0.9009
vn -0.1471 0.1704 0.9743
vn -0.0947 0.2484 0.9640
vn -0.2783 0.3480 0.8952
vn -0.2780 0.3478 0.8954
vn -0.3296 0.2700 0.9047
vn 0.6533 -0.3886 0.6498
vn 0.5585 -0.2713 0.7839
vn 0.5031 -0.3442 0.7927
vn 0.6532 -0.3885 0.6499
vn 0.5033 -0.3441 0.7927
vn 0.5961 -0.4586 0.6590
vn 0.2193 -0.0821 0.9722
vn 0.2736 -0.0055 0.9618
vn 0.0937 0.1276 0.9874
vn 0.2195 -0.0821 0.9721
vn 0.0936 0.1275 0.9874
vn 0.0406 0.0502 0.9979
vn 0.7427 -0.5714 0.3491
vn 0.7136 -0.4887 0.5019
vn 0.6555 -0.5557 0.5113
vn 0.6554 -0.5559 0.5113
vn 0.6826 -0.6367 0.3587
vn 0.5029 -0.3444 0.7928
vn 0.5590 -0.2711 0.7836
vn 0.4312 -0.1411 0.8912
vn 0.5030 -0.3442 0.7928
vn 0.4310 -0.1411 0.8912
vn 0.3765 -0.2167 0.9007
vn 0.7174 -0.6956 0.0390
vn 0.7431 -0.6402 0.1949
vn 0.6808 -0.7032 0.2048
vn 0.7173 -0.6956 0.0390
vn 0.6807 -0.7033 0.2049
vn 0.6520 -0.7565 0.0510
vn 0.6554 -0.5558 0.5114
vn 0.7138 -0.4885 0.5018
vn 0.6534 -0.3883 0.6499
vn 0.6533 -0.3883 0.6499
vn 0.5963 -0.4583 0.6591
vn 0.5927 -0.7620 -0.2608
vn 0.6671 -0.7362 -0.1143
vn 0.5982 -0.7952 -0.0990
vn 0.5927 -0.7620 -0.2607
vn 0.5981 -0.7953 -0.0991
vn 0.5198 -0.8193 -0.2418
vn 0.6806 -0.7034 0.2048
vn 0.7429 -0.6404 0.1949
vn 0.7427 -0.5715 0.3490
vn 0.6806 -0.7034 0.2049
vn 0.7425 -0.5716 0.3492
vn 0.6825 -0.6368 0.3587
vn 0.3632 -0.7636 -0.5339
vn 0.4921 -0.7727 -0.4010
vn 0.4161 -0.8281 -0.3756
vn 0.3631 -0.7636 -0.5339
vn 0.4163 -0.8281 -0.3753
vn 0.5982 -0.7952 -0.0991
vn 0.6671 -0.7362 -0.1144
vn 0.0381 -0.6679 -0.7433
vn 0.2098 -0.7293 -0.6512
vn 0.1360 -0.7835 -0.6064
vn 0.0383 -0.6680 -0.7431
vn 0.1358 -0.7834 -0.6066
vn -0.0289 -0.7242 -0.6890
vn 0.4160 -0.8282 -0.3755
vn 0.4921 -0.7728 -0.4008
vn 0.5926 -0.7621 -0.2608
vn 0.4160 -0.8281 -0.3757
vn 0.5924 -0.7623 -0.2608
vn 0.5198 -0.8195 -0.2414
vn -0.3727 -0.5347 -0.7584
vn -0.3268 -0.4673 -0.8215
vn -0.1440 -0.5802 -0.8016
vn -0.3727 -0.5348 -0.7583
vn -0.2011 -0.6406 -0.7411
vn 0.1361 -0.7835 -0.6063
vn 0.2097 -0.7291 -0.6515
vn 0.3635 -0.7636 -0.5337
vn 0.3634 -0.7636 -0.5337
vn 0.2869 -0.8176 -0.4993
vn -0.2012 -0.6407 -0.7410
vn -0.1438 -0.5803 -0.8016
vn 0.0381 -0.6681 -0.7431
vn -0.2011 -0.6408 -0.7409
vn 0.0380 -0.6680 -0.7432
vn -0.0288 -0.7244 -0.6888
vn -0.8562 0.0665 -0.5123
vn -0.8470 0.0703 -0.5269
vn -0.7712 -0.0668 -0.6330
vn -0.4970 -0.3367 -0.7998
vn -0.5064 -0.3458 -0.7900
vn -0.3340 -0.4779 -0.8124
vn -0.4971 -0.3365 -0.7998
vn -0.3287 -0.4810 -0.8127
vn -0.3265 -0.4672 -0.8217
vn -0.9253 0.2833 -0.2521
vn -0.9306 0.2779 -0.2384
vn -0.9078 0.1829 -0.3773
vn -0.9253 0.2836 -0.2520
vn -0.9005 0.1865 -0.3928
vn -0.7613 -0.0605 -0.6456
vn -0.7709 -0.0670 -0.6334
vn -0.6536 -0.2065 -0.7281
vn -0.7612 -0.0605 -0.6457
vn -0.6535 -0.2066 -0.7282
vn -0.6437 -0.1984 -0.7392
vn -0.9052 0.4222 0.0486
vn -0.9084 0.4140 0.0583
vn -0.9304 0.3544 -0.0941
vn -0.9303 0.3544 -0.0942
vn -0.9264 0.3616 -0.1050
vn -0.9005 0.1866 -0.3927
vn -0.9080 0.1828 -0.3771
vn -0.8562 0.0663 -0.5124
vn -0.9006 0.1866 -0.3927
vn -0.8471 0.0702 -0.5268
vn -0.7959 0.4881 0.3581
vn -0.7999 0.4764 0.3650
vn -0.7959 0.4882 0.3580
vn -0.8646 0.4551 0.2132
vn -0.8615 0.4649 0.2041
vn -0.9265 0.3614 -0.1049
vn -0.9252 0.2837 -0.2519
vn -0.5903 0.4684 0.6574
vn -0.5957 0.4550 0.6619
vn -0.7119 0.4776 0.5148
vn -0.5904 0.4687 0.6571
vn -0.7120 0.4775 0.5148
vn -0.7068 0.4902 0.5100
vn -0.8614 0.4651 0.2042
vn -0.8645 0.4551 0.2134
vn -0.9084 0.4141 0.0583
vn -0.8614 0.4650 0.2042
vn -0.2783 0.3475 0.8954
vn -0.2845 0.3315 0.8995
vn -0.4514 0.4058 0.7947
vn -0.4514 0.4059 0.7947
vn -0.4464 0.4214 0.7894
vn -0.7069 0.4901 0.5101
vn -0.7120 0.4775 0.5147
vn -0.7998 0.4766 0.3649
vn -0.7069 0.4902 0.5100
vn -0.7998 0.4765 0.3650
vn 0.0913 0.1303 0.9873
vn 0.0840 0.1138 0.9899
vn -0.1026 0.2332 0.9670
vn 0.0940 0.1279 0.9873
vn -0.1023 0.2329 0.9671
vn -0.0948 0.2485 0.9640
vn -0.4463 0.4211 0.7896
vn -0.4514 0.4064 0.7944
vn -0.5959 0.4546 0.6620
vn -0.4462 0.4213 0.7896
vn -0.5959 0.4548 0.6619
vn -0.5905 0.4686 0.6571
vn 0.4312 -0.1410 0.8912
vn 0.4183 -0.1524 0.8954
vn 0.4313 -0.1410 0.8911
vn 0.2618 -0.0180 0.9649
vn 0.2734 -0.0051 0.9619
vn -0.0945 0.2483 0.9641
vn -0.1024 0.2328 0.9671
vn -0.2844 0.3316 0.8995
vn -0.0949 0.2486 0.9640
vn -0.2841 0.3316 0.8996
vn -0.2786 0.3480 0.8952
vn 0.6425 -0.3983 0.6547
vn 0.5464 -0.2814 0.7888
vn 0.6533 -0.3884 0.6499
vn 0.5464 -0.2814 0.7889
vn 0.5590 -0.2712 0.7835
vn 0.2736 -0.0051 0.9618
vn 0.2620 -0.0180 0.9649
vn 0.0842 0.1137 0.9899
vn 0.2737 -0.0054 0.9618
vn 0.0841 0.1137 0.9900
vn 0.0938 0.1279 0.9873
vn 0.7332 -0.5795 0.3559
vn 0.7425 -0.5717 0.3492
vn 0.7038 -0.4980 0.5066
vn 0.7139 -0.4886 0.5016
vn 0.5589 -0.2711 0.7837
vn 0.5464 -0.2815 0.7888
vn 0.4185 -0.1526 0.8953
vn 0.5588 -0.2712 0.7837
vn 0.4182 -0.1525 0.8954
vn 0.4314 -0.1412 0.8910
vn 0.7173 -0.6956 0.0389
vn 0.7109 -0.7016 0.0489
vn 0.7350 -0.6467 0.2039
vn 0.7351 -0.6466 0.2040
vn 0.7430 -0.6403 0.1948
vn 0.7040 -0.4979 0.5065
vn 0.6425 -0.3982 0.6547
vn 0.6423 -0.3981 0.6549
vn 0.6535 -0.3882 0.6498
vn 0.5927 -0.7620 -0.2609
vn 0.5894 -0.7691 -0.2473
vn 0.5928 -0.7619 -0.2609
vn 0.6617 -0.7426 -0.1033
vn 0.7332 -0.5795 0.3558
vn 0.7430 -0.6403 0.1947
vn 0.7330 -0.5796 0.3560
vn 0.7425 -0.5717 0.3491
vn 0.3629 -0.7736 -0.5195
vn 0.4915 -0.7810 -0.3853
vn 0.4916 -0.7810 -0.3853
vn 0.4921 -0.7727 -0.4009
vn 0.6618 -0.7425 -0.1036
vn 0.7110 -0.7015 0.0489
vn 0.6672 -0.7361 -0.1143
vn 0.7174 -0.6956 0.0391
vn 0.0379 -0.6681 -0.7431
vn 0.0342 -0.6805 -0.7320
vn 0.2073 -0.7407 -0.6390
vn 0.0382 -0.6680 -0.7432
vn 0.2096 -0.7292 -0.6514
vn 0.4920 -0.7728 -0.4008
vn 0.5893 -0.7692 -0.2472
vn 0.5893 -0.7691 -0.2474
vn 0.5925 -0.7622 -0.2607
vn -0.3267 -0.4671 -0.8216
vn -0.3341 -0.4780 -0.8123
vn -0.1488 -0.5922 -0.7919
vn -0.3265 -0.4671 -0.8217
vn -0.1491 -0.5919 -0.7921
vn -0.1437 -0.5799 -0.8019
vn 0.2097 -0.7292 -0.6513
vn 0.2074 -0.7406 -0.6391
vn 0.3633 -0.7736 -0.5192
vn 0.2098 -0.7291 -0.6515
vn 0.3634 -0.7634 -0.5340
vn -0.5823 -0.7928 0.1800
vn -0.5866 -0.7838 0.2040
vn -0.5976 -0.7872 0.1524
vn -0.5824 -0.7928 0.1798
vn -0.5975 -0.7872 0.1524
vn -0.5910 -0.7963 0.1290
vn -0.1441 -0.5799 -0.8019
vn -0.1490 -0.5922 -0.7919
vn 0.0339 -0.6802 -0.7322
vn -0.1438 -0.5800 -0.8018
vn 0.0340 -0.6804 -0.7321
vn 0.0380 -0.6682 -0.7430
vn -0.5479 -0.7979 0.2513
vn -0.5514 -0.8018 0.2304
vn -0.5606 -0.7958 0.2290
vn -0.5607 -0.7958 0.2289
vn -0.5622 -0.7883 0.2499
vn 0.5321 0.8372 -0.1264
vn 0.5309 0.8457 -0.0540
vn 0.5665 0.8227 -0.0470
vn 0.5318 0.8374 -0.1265
vn 0.5630 0.8179 -0.1189
vn 0.4806 0.8350 -0.2679
vn 0.5234 0.8242 -0.2161
vn 0.5224 0.8435 -0.1251
vn 0.4808 0.8348 -0.2682
vn 0.5225 0.8434 -0.1252
vn 0.5095 0.8375 -0.1976
vn 0.5311 0.8456 -0.0537
vn 0.5310 0.8470 -0.0274
vn 0.5672 0.8233 -0.0212
vn 0.5309 0.8457 -0.0536
vn 0.5671 0.8234 -0.0212
vn 0.5667 0.8226 -0.0465
vn 0.5228 0.8491 -0.0748
vn 0.5234 0.8508 -0.0461
vn 0.5309 0.8470 -0.0276
vn 0.5225 0.8494 -0.0746
vn 0.5309 0.8470 -0.0277
vn 0.5306 0.8459 -0.0538
vn 0.5094 0.8376 -0.1976
vn 0.5226 0.8434 -0.1250
vn 0.5225 0.8493 -0.0752
vn 0.5094 0.8375 -0.1977
vn 0.5227 0.8492 -0.0751
vn 0.5208 0.8404 -0.1499
vn 0.5575 0.7778 -0.2903
vn 0.6982 0.6645 -0.2663
vn 0.5799 0.7620 -0.2881
vn 0.5578 0.7776 -0.2904
vn 0.5799 0.7620 -0.2883
vn 0.4839 0.8172 -0.3132
vn 0.5224 0.8435 -0.1248
vn 0.5299 0.8432 -0.0905
vn 0.5235 0.8508 -0.0462
vn 0.5225 0.8434 -0.1247
vn 0.5238 0.8506 -0.0461
vn 0.5226 0.8493 -0.0749
vn 0.5229 0.8246 -0.2159
vn 0.5431 0.8202 -0.1797
vn 0.5298 0.8432 -0.0909
vn 0.5232 0.8245 -0.2158
vn 0.5300 0.8432 -0.0907
vn 0.5227 0.8433 -0.1247
vn 0.4840 0.8172 -0.3129
vn 0.5801 0.7619 -0.2880
vn 0.5232 0.8243 -0.2162
vn 0.4842 0.8170 -0.3130
vn 0.5232 0.8244 -0.2161
vn 0.4807 0.8348 -0.2685
vn 0.7146 0.6549 -0.2457
vn 0.8398 0.5093 -0.1882
vn 0.7946 0.5717 -0.2041
vn 0.7147 0.6548 -0.2458
vn 0.7947 0.5717 -0.2041
vn 0.6495 0.7181 -0.2498
vn 0.5798 0.7622 -0.2879
vn 0.6134 0.7455 -0.2607
vn 0.5428 0.8203 -0.1803
vn 0.5798 0.7622 -0.2878
vn 0.5429 0.8202 -0.1802
vn 0.5233 0.8243 -0.2161
vn 0.6981 0.6646 -0.2662
vn 0.7415 0.6255 -0.2426
vn 0.6131 0.7457 -0.2609
vn 0.6982 0.6647 -0.2661
vn 0.6131 0.7457 -0.2607
vn 0.5799 0.7621 -0.2880
vn 0.6496 0.7180 -0.2498
vn 0.7947 0.5717 -0.2040
vn 0.6985 0.6643 -0.2662
vn 0.6498 0.7179 -0.2498
vn 0.6983 0.6646 -0.2660
vn 0.5573 0.7780 -0.2900
vn 0.7568 0.6324 -0.1655
vn 0.8315 0.5386 -0.1359
vn 0.8525 0.4910 -0.1792
vn 0.7567 0.6325 -0.1655
vn 0.7483 0.6214 -0.2322
vn 0.7946 0.5717 -0.2042
vn 0.8332 0.5235 -0.1783
vn 0.7414 0.6257 -0.2427
vn 0.7946 0.5718 -0.2041
vn 0.7414 0.6257 -0.2428
vn 0.6982 0.6647 -0.2660
vn 0.8691 0.4656 -0.1668
vn 0.8452 0.4989 -0.1917
vn 0.8332 0.5234 -0.1783
vn 0.7945 0.5720 -0.2041
vn 0.7483 0.6213 -0.2323
vn 0.8526 0.4909 -0.1793
vn 0.8398 0.5093 -0.1881
vn 0.7145 0.6550 -0.2456
vn 0.7427 0.6670 -0.0588
vn 0.7179 0.6855 -0.1210
vn 0.7751 0.6226 -0.1080
vn 0.7428 0.6670 -0.0587
vn 0.7751 0.6226 -0.1077
vn 0.7487 0.6565 -0.0922
vn 0.8526 0.4909 -0.1791
vn 0.8758 0.4534 -0.1653
vn 0.8691 0.4656 -0.1667
vn 0.8527 0.4906 -0.1791
vn 0.8692 0.4655 -0.1667
vn 0.8398 0.5093 -0.1880
vn 0.8316 0.5385 -0.1359
vn 0.8487 0.5104 -0.1386
vn 0.8759 0.4532 -0.1654
vn 0.8758 0.4534 -0.1654
vn 0.8526 0.4910 -0.1792
vn 0.7485 0.6567 -0.0923
vn 0.7751 0.6225 -0.1081
vn 0.8316 0.5384 -0.1361
vn 0.7485 0.6566 -0.0923
vn 0.8316 0.5385 -0.1361
vn 0.7570 0.6322 -0.1653
vn 0.6983 0.7157 -0.0122
vn 0.6528 0.7481 -0.1188
vn 0.6829 0.7185 -0.1319
vn 0.6985 0.7155 -0.0122
vn 0.6832 0.7182 -0.1317
vn 0.7333 0.6788 -0.0399
vn 0.7749 0.6228 -0.1078
vn 0.7795 0.6123 -0.1322
vn 0.8487 0.5104 -0.1388
vn 0.7750 0.6227 -0.1079
vn 0.8487 0.5104 -0.1389
vn 0.8316 0.5384 -0.1360
vn 0.7037 0.6925 -0.1588
vn 0.7793 0.6125 -0.1322
vn 0.7179 0.6856 -0.1207
vn 0.7792 0.6126 -0.1323
vn 0.7751 0.6225 -0.1080
vn 0.7334 0.6786 -0.0398
vn 0.7179 0.6856 -0.1208
vn 0.7334 0.6787 -0.0399
vn 0.7426 0.6671 -0.0588
vn 0.5675 0.8231 0.0208
vn 0.5643 0.8204 -0.0928
vn 0.6129 0.7838 -0.1002
vn 0.5673 0.8233 0.0207
vn 0.6126 0.7840 -0.1005
vn 0.6387 0.7694 0.0119
vn 0.6830 0.7183 -0.1322
vn 0.6575 0.7330 -0.1743
vn 0.7038 0.6924 -0.1587
vn 0.6831 0.7183 -0.1322
vn 0.7039 0.6923 -0.1587
vn 0.6529 0.7480 -0.1191
vn 0.6289 0.7598 -0.1648
vn 0.6575 0.7330 -0.1744
vn 0.6528 0.7482 -0.1190
vn 0.6576 0.7329 -0.1745
vn 0.6830 0.7184 -0.1322
vn 0.6129 0.7837 -0.1004
vn 0.6530 0.7481 -0.1186
vn 0.6387 0.7693 0.0119
vn 0.6530 0.7480 -0.1185
vn 0.6986 0.7154 -0.0123
vn 0.4196 0.9076 -0.0106
vn 0.4652 0.8774 -0.1174
vn 0.5132 0.8525 -0.0998
vn 0.4195 0.9077 -0.0106
vn 0.5135 0.8523 -0.0998
vn 0.4913 0.8709 0.0128
vn 0.6127 0.7839 -0.1007
vn 0.5981 0.7873 -0.1496
vn 0.6291 0.7597 -0.1647
vn 0.6127 0.7839 -0.1006
vn 0.6290 0.7598 -0.1647
vn 0.6530 0.7479 -0.1189
vn 0.5644 0.8202 -0.0933
vn 0.5608 0.8154 -0.1434
vn 0.5978 0.7875 -0.1496
vn 0.5643 0.8202 -0.0935
vn 0.5979 0.7875 -0.1495
vn 0.5133 0.8524 -0.0998
vn 0.5645 0.8202 -0.0930
vn 0.4913 0.8709 0.0127
vn 0.5664 0.8189 -0.0929
vn 0.5673 0.8232 0.0208
vn 0.3580 0.9320 -0.0565
vn 0.3838 0.9157 -0.1189
vn 0.4269 0.8948 -0.1305
vn 0.3583 0.9319 -0.0565
vn 0.4268 0.8949 -0.1304
vn 0.3726 0.9272 -0.0377
vn 0.5133 0.8524 -0.1001
vn 0.5218 0.8399 -0.1492
vn 0.5609 0.8154 -0.1434
vn 0.5133 0.8523 -0.1001
vn 0.5646 0.8201 -0.0935
vn 0.4653 0.8773 -0.1178
vn 0.4841 0.8595 -0.1640
vn 0.5216 0.8400 -0.1493
vn 0.4653 0.8773 -0.1179
vn 0.5219 0.8399 -0.1492
vn 0.5130 0.8525 -0.1001
vn 0.3725 0.9273 -0.0378
vn 0.4269 0.8949 -0.1303
vn 0.4652 0.8773 -0.1177
vn 0.4655 0.8772 -0.1175
vn 0.4197 0.9076 -0.0106
vn 0.3199 0.9334 -0.1628
vn 0.2057 0.9696 -0.1324
vn 0.3048 0.9466 -0.1051
vn 0.3198 0.9334 -0.1627
vn 0.3457 0.9340 -0.0899
vn 0.4267 0.8949 -0.1307
vn 0.4491 0.8765 -0.1732
vn 0.4844 0.8593 -0.1639
vn 0.4269 0.8948 -0.1308
vn 0.4845 0.8593 -0.1639
vn 0.4654 0.8772 -0.1178
vn 0.3837 0.9157 -0.1191
vn 0.3952 0.9051 -0.1569
vn 0.4488 0.8767 -0.1732
vn 0.3837 0.9158 -0.1190
vn 0.4488 0.8767 -0.1733
vn 0.4269 0.8948 -0.1307
vn 0.3464 0.9338 -0.0898
vn 0.3045 0.9467 -0.1052
vn 0.3839 0.9157 -0.1189
vn 0.3459 0.9339 -0.0899
vn 0.3838 0.9157 -0.1188
vn 0.3552 0.9025 -0.2437
vn 0.1752 0.9671 -0.1843
vn 0.1534 0.9725 -0.1752
vn 0.1534 0.9725 -0.1750
vn 0.3122 0.9219 -0.2296
vn 0.2933 0.9472 -0.1295
vn 0.3950 0.9052 -0.1568
vn 0.3048 0.9466 -0.1052
vn 0.3949 0.9052 -0.1568
vn 0.3834 0.9159 -0.1192
vn 0.2056 0.9697 -0.1323
vn 0.1734 0.9756 -0.1347
vn 0.2938 0.9471 -0.1293
vn 0.2936 0.9471 -0.1295
vn 0.3046 0.9466 -0.1053
vn 0.3120 0.9219 -0.2298
vn 0.1535 0.9725 -0.1752
vn 0.2051 0.9697 -0.1324
vn 0.3119 0.9219 -0.2296
vn 0.3200 0.9333 -0.1629
vn 0.5257 0.7998 -0.2897
vn 0.3701 0.8907 -0.2641
vn 0.2495 0.9473 -0.2008
vn 0.5258 0.7996 -0.2901
vn 0.2494 0.9474 -0.2007
vn 0.4378 0.8640 -0.2486
vn 0.1101 0.9808 -0.1609
vn 0.1733 0.9756 -0.1346
vn 0.1533 0.9725 -0.1752
vn 0.1733 0.9756 -0.1345
vn 0.2058 0.9696 -0.1322
vn 0.1750 0.9672 -0.1841
vn 0.1241 0.9789 -0.1624
vn 0.1100 0.9808 -0.1608
vn 0.1749 0.9672 -0.1843
vn 0.1102 0.9808 -0.1609
vn 0.1537 0.9725 -0.1749
vn 0.4373 0.8644 -0.2482
vn 0.1751 0.9671 -0.1844
vn 0.4375 0.8642 -0.2487
vn 0.1748 0.9672 -0.1842
vn 0.3556 0.9023 -0.2437
vn 0.6067 0.7481 -0.2689
vn 0.5820 0.7838 -0.2165
vn 0.5031 0.8150 -0.2875
vn 0.6065 0.7481 -0.2692
vn 0.5030 0.8149 -0.2879
vn 0.5885 0.7452 -0.3137
vn 0.2495 0.9473 -0.2010
vn 0.1910 0.9659 -0.1747
vn 0.1242 0.9788 -0.1627
vn 0.2496 0.9473 -0.2009
vn 0.1238 0.9789 -0.1625
vn 0.1751 0.9672 -0.1839
vn 0.3699 0.8908 -0.2639
vn 0.3185 0.9170 -0.2400
vn 0.1909 0.9660 -0.1746
vn 0.3701 0.8906 -0.2642
vn 0.1908 0.9660 -0.1744
vn 0.5886 0.7453 -0.3132
vn 0.5031 0.8150 -0.2876
vn 0.3699 0.8908 -0.2640
vn 0.5886 0.7451 -0.3138
vn 0.3700 0.8907 -0.2643
vn 0.5258 0.7996 -0.2902
vn 0.5983 0.7870 -0.1503
vn 0.6067 0.7914 -0.0755
vn 0.6007 0.7896 -0.1253
vn 0.5984 0.7869 -0.1507
vn 0.6008 0.7895 -0.1257
vn 0.5995 0.7755 -0.1981
vn 0.5034 0.8149 -0.2872
vn 0.4762 0.8402 -0.2594
vn 0.5031 0.8149 -0.2878
vn 0.3186 0.9170 -0.2400
vn 0.5824 0.7836 -0.2163
vn 0.5717 0.8005 -0.1800
vn 0.4762 0.8401 -0.2597
vn 0.5821 0.7837 -0.2167
vn 0.4764 0.8399 -0.2601
vn 0.5029 0.8151 -0.2878
vn 0.5995 0.7755 -0.1982
vn 0.6007 0.7895 -0.1255
vn 0.5821 0.7839 -0.2162
vn 0.5996 0.7753 -0.1985
vn 0.6063 0.7483 -0.2691
vn 0.5619 0.8186 -0.1190
vn 0.5662 0.8229 -0.0470
vn 0.6008 0.7976 -0.0544
vn 0.5631 0.8178 -0.1191
vn 0.6006 0.7977 -0.0544
vn 0.5917 0.7961 -0.1267
vn 0.6010 0.7894 -0.1252
vn 0.5980 0.7963 -0.0908
vn 0.5717 0.8005 -0.1798
vn 0.6009 0.7894 -0.1257
vn 0.5717 0.8004 -0.1801
vn 0.5819 0.7840 -0.2163
vn 0.6066 0.7914 -0.0752
vn 0.6079 0.7926 -0.0464
vn 0.5982 0.7961 -0.0908
vn 0.6067 0.7913 -0.0754
vn 0.5982 0.7962 -0.0909
vn 0.6009 0.7895 -0.1253
vn 0.5918 0.7960 -0.1268
vn 0.6007 0.7976 -0.0544
vn 0.6068 0.7913 -0.0755
vn 0.5918 0.7961 -0.1266
vn 0.6065 0.7915 -0.0756
vn 0.5987 0.7868 -0.1501
vn 0.6006 0.7977 -0.0540
vn 0.6021 0.7979 -0.0279
vn 0.6080 0.7926 -0.0465
vn 0.6007 0.7976 -0.0543
vn 0.6069 0.7912 -0.0752
vn 0.5658 0.8232 -0.0470
vn 0.5670 0.8234 -0.0214
vn 0.6019 0.7981 -0.0279
vn 0.5665 0.8227 -0.0468
vn 0.6018 0.7981 -0.0278
vn 0.6005 0.7978 -0.0541
vn 0.5225 0.8493 -0.0751
vn 0.5308 0.8458 -0.0540
vn 0.5207 0.8404 -0.1500
vn 0.5308 0.8457 -0.0541
vn 0.5319 0.8374 -0.1264
vn 0.5201 0.8304 -0.1998
vn 0.5206 0.8405 -0.1502
vn 0.5319 0.8372 -0.1268
vn 0.5318 0.8373 -0.1268
vn 0.5312 0.8288 -0.1757
vn 0.5316 0.8286 -0.1757
vn 0.5319 0.8373 -0.1266
vn 0.5629 0.8179 -0.1193
vn 0.5315 0.8286 -0.1758
vn 0.5626 0.8181 -0.1193
vn 0.5589 0.8120 -0.1680
vn 0.4571 0.8409 -0.2896
vn 0.4808 0.8348 -0.2683
vn 0.5092 0.8376 -0.1979
vn 0.4574 0.8409 -0.2895
vn 0.5094 0.8375 -0.1980
vn 0.5037 0.8292 -0.2421
vn 0.5034 0.8296 -0.2417
vn 0.5093 0.8375 -0.1978
vn 0.5206 0.8404 -0.1503
vn 0.5034 0.8295 -0.2418
vn 0.5207 0.8404 -0.1503
vn 0.5202 0.8303 -0.1999
vn 0.4508 0.8462 -0.2839
vn 0.4841 0.8171 -0.3130
vn 0.4509 0.8461 -0.2841
vn 0.4842 0.8171 -0.3130
vn 0.4213 0.8534 -0.3070
vn 0.4218 0.8531 -0.3071
vn 0.4297 0.8493 -0.3065
vn 0.4806 0.8348 -0.2685
vn 0.4572 0.8408 -0.2897
vn 0.5984 0.7517 -0.2772
vn 0.6499 0.7178 -0.2497
vn 0.5991 0.7511 -0.2774
vn 0.6498 0.7178 -0.2499
vn 0.5261 0.8078 -0.2658
vn 0.5260 0.8079 -0.2658
vn 0.6496 0.7181 -0.2496
vn 0.5578 0.7776 -0.2901
vn 0.5264 0.8076 -0.2657
vn 0.5576 0.7778 -0.2900
vn 0.4507 0.8464 -0.2838
vn 0.6882 0.6962 -0.2041
vn 0.7570 0.6322 -0.1655
vn 0.7484 0.6213 -0.2322
vn 0.6884 0.6961 -0.2040
vn 0.6499 0.7101 -0.2707
vn 0.6500 0.7101 -0.2706
vn 0.7484 0.6212 -0.2323
vn 0.7148 0.6547 -0.2458
vn 0.6500 0.7101 -0.2707
vn 0.5988 0.7513 -0.2774
vn 0.7562 0.6532 -0.0397
vn 0.7429 0.6668 -0.0587
vn 0.7487 0.6565 -0.0919
vn 0.7561 0.6532 -0.0397
vn 0.7245 0.6804 -0.1103
vn 0.7241 0.6808 -0.1102
vn 0.7488 0.6563 -0.0923
vn 0.7567 0.6325 -0.1651
vn 0.7241 0.6809 -0.1103
vn 0.7568 0.6324 -0.1654
vn 0.6885 0.6960 -0.2040
vn 0.7218 0.6905 0.0473
vn 0.6984 0.7156 -0.0118
vn 0.7334 0.6786 -0.0394
vn 0.7216 0.6907 0.0474
vn 0.7334 0.6786 -0.0397
vn 0.7609 0.6488 0.0077
vn 0.7613 0.6484 0.0075
vn 0.7333 0.6787 -0.0396
vn 0.7613 0.6484 0.0076
vn 0.7428 0.6669 -0.0588
vn 0.7561 0.6532 -0.0398
vn 0.5656 0.8203 0.0851
vn 0.5671 0.8234 0.0213
vn 0.6388 0.7693 0.0124
vn 0.5657 0.8202 0.0850
vn 0.6386 0.7694 0.0126
vn 0.6507 0.7556 0.0752
vn 0.6505 0.7557 0.0751
vn 0.6391 0.7691 0.0124
vn 0.6985 0.7155 -0.0115
vn 0.6506 0.7557 0.0750
vn 0.6986 0.7155 -0.0118
vn 0.7219 0.6904 0.0474
vn 0.3884 0.9202 0.0495
vn 0.4193 0.9078 -0.0100
vn 0.4913 0.8709 0.0130
vn 0.3883 0.9202 0.0493
vn 0.4915 0.8708 0.0129
vn 0.4746 0.8769 0.0761
vn 0.4749 0.8767 0.0762
vn 0.4914 0.8708 0.0133
vn 0.5674 0.8232 0.0210
vn 0.4748 0.8768 0.0764
vn 0.5701 0.8213 0.0216
vn 0.3406 0.9395 -0.0372
vn 0.3582 0.9319 -0.0564
vn 0.3724 0.9273 -0.0375
vn 0.3405 0.9395 -0.0373
vn 0.3723 0.9274 -0.0377
vn 0.3349 0.9422 0.0101
vn 0.3346 0.9423 0.0101
vn 0.3725 0.9273 -0.0375
vn 0.4193 0.9078 -0.0105
vn 0.4195 0.9077 -0.0105
vn 0.3885 0.9201 0.0493
vn 0.4036 0.8923 -0.2021
vn 0.3197 0.9335 -0.1627
vn 0.3463 0.9338 -0.0898
vn 0.4035 0.8924 -0.2021
vn 0.3461 0.9339 -0.0899
vn 0.3768 0.9199 -0.1085
vn 0.3772 0.9198 -0.1081
vn 0.3459 0.9340 -0.0899
vn 0.3772 0.9198 -0.1080
vn 0.3581 0.9320 -0.0565
vn 0.4866 0.8287 -0.2766
vn 0.3553 0.9024 -0.2438
vn 0.4866 0.8286 -0.2768
vn 0.3119 0.9219 -0.2297
vn 0.4299 0.8617 -0.2694
vn 0.4299 0.8618 -0.2692
vn 0.3120 0.9219 -0.2296
vn 0.3198 0.9334 -0.1629
vn 0.4299 0.8618 -0.2693
vn 0.4035 0.8923 -0.2023
vn 0.6277 0.7245 -0.2848
vn 0.5258 0.7997 -0.2899
vn 0.4373 0.8644 -0.2483
vn 0.6278 0.7244 -0.2850
vn 0.4373 0.8643 -0.2485
vn 0.5654 0.7807 -0.2662
vn 0.5653 0.7809 -0.2657
vn 0.4375 0.8642 -0.2484
vn 0.3552 0.9026 -0.2433
vn 0.5652 0.7808 -0.2663
vn 0.3553 0.9024 -0.2437
vn 0.4866 0.8286 -0.2767
vn 0.6206 0.7283 -0.2907
vn 0.6064 0.7482 -0.2692
vn 0.5886 0.7451 -0.3136
vn 0.6204 0.7285 -0.2906
vn 0.5886 0.7451 -0.3135
vn 0.6444 0.6998 -0.3083
vn 0.6444 0.6999 -0.3082
vn 0.5886 0.7451 -0.3137
vn 0.5257 0.7997 -0.2900
vn 0.6442 0.7000 -0.3082
vn 0.6281 0.7241 -0.2849
vn 0.5888 0.7830 -0.2004
vn 0.5984 0.7869 -0.1508
vn 0.5995 0.7754 -0.1982
vn 0.5890 0.7828 -0.2007
vn 0.5994 0.7754 -0.1986
vn 0.5936 0.7673 -0.2425
vn 0.5937 0.7672 -0.2426
vn 0.5994 0.7755 -0.1985
vn 0.6066 0.7481 -0.2690
vn 0.5936 0.7673 -0.2427
vn 0.6200 0.7288 -0.2905
vn 0.5586 0.8122 -0.1680
vn 0.5917 0.7961 -0.1272
vn 0.5586 0.8123 -0.1680
vn 0.5916 0.7961 -0.1271
vn 0.5834 0.7929 -0.1759
vn -0.0160 0.6982 0.7157
vn -0.0073 0.6945 0.7194
vn 0.1704 0.6088 0.7748
vn -0.0159 0.6982 0.7157
vn 0.1704 0.6087 0.7748
vn 0.1656 0.6115 0.7737
vn -0.0159 0.6980 0.7160
vn -0.1880 0.7579 0.6247
vn -0.1775 0.7547 0.6316
vn -0.0163 0.6984 0.7155
vn -0.1772 0.7546 0.6318
vn -0.0074 0.6944 0.7195
vn -0.3425 0.7903 0.5081
vn -0.3331 0.7890 0.5163
vn -0.1775 0.7548 0.6315
vn -0.3427 0.7903 0.5079
vn -0.1776 0.7549 0.6314
vn -0.1880 0.7576 0.6251
vn -0.3424 0.7904 0.5080
vn -0.4706 0.7978 0.3770
vn -0.4634 0.7979 0.3855
vn -0.3422 0.7904 0.5080
vn -0.4634 0.7980 0.3854
vn -0.3329 0.7893 0.5160
vn -0.5699 0.7859 0.2397
vn -0.5640 0.7873 0.2492
vn -0.4634 0.7980 0.3853
vn -0.5699 0.7860 0.2397
vn -0.4632 0.7980 0.3855
vn -0.4706 0.7978 0.3769
vn -0.5701 0.7858 0.2397
vn -0.6435 0.7594 0.0959
vn -0.6391 0.7617 0.1065
vn -0.5703 0.7858 0.2394
vn -0.6390 0.7618 0.1067
vn -0.5641 0.7871 0.2496
vn -0.6937 0.7181 -0.0560
vn -0.6912 0.7212 -0.0461
vn -0.6392 0.7616 0.1066
vn -0.6938 0.7180 -0.0561
vn -0.6391 0.7617 0.1068
vn -0.6437 0.7592 0.0959
vn -0.6936 0.7182 -0.0559
vn -0.7187 0.6629 -0.2100
vn -0.7179 0.6661 -0.2022
vn -0.6937 0.7181 -0.0561
vn -0.7179 0.6662 -0.2022
vn -0.6911 0.7213 -0.0459
vn -0.7175 0.5951 -0.3619
vn -0.7180 0.5986 -0.3551
vn -0.7180 0.6661 -0.2021
vn -0.7175 0.5950 -0.3621
vn -0.7186 0.6630 -0.2100
vn -0.7176 0.5950 -0.3620
vn -0.6882 0.5133 -0.5128
vn -0.6903 0.5166 -0.5065
vn -0.6903 0.5167 -0.5065
vn -0.7180 0.5987 -0.3550
vn -0.6272 0.4139 -0.6598
vn -0.6296 0.4164 -0.6559
vn -0.6902 0.5167 -0.5066
vn -0.6274 0.4138 -0.6596
vn -0.6886 0.5130 -0.5125
vn -0.6275 0.4139 -0.6595
vn -0.5324 0.2978 -0.7924
vn -0.5335 0.2987 -0.7913
vn -0.6275 0.4140 -0.6595
vn -0.5337 0.2987 -0.7912
vn -0.6294 0.4166 -0.6559
vn -0.4052 0.1693 -0.8984
vn -0.4053 0.1694 -0.8984
vn -0.5331 0.2987 -0.7915
vn -0.4054 0.1695 -0.8983
vn -0.5334 0.2988 -0.7913
vn -0.5326 0.2979 -0.7922
vn -0.4058 0.1694 -0.8981
vn -0.2493 0.0356 -0.9678
vn -0.2491 0.0352 -0.9678
vn -0.4055 0.1693 -0.8983
vn -0.2490 0.0352 -0.9679
vn -0.4052 0.1691 -0.8985
vn -0.0718 -0.0957 -0.9928
vn -0.0718 -0.0958 -0.9928
vn -0.2492 0.0353 -0.9678
vn -0.0719 -0.0957 -0.9928
vn -0.2488 0.0353 -0.9679
vn -0.2494 0.0354 -0.9677
vn -0.0717 -0.0958 -0.9928
vn 0.1142 -0.2149 -0.9699
vn 0.1141 -0.2148 -0.9700
vn -0.0717 -0.0960 -0.9928
vn 0.1140 -0.2150 -0.9699
vn -0.0718 -0.0959 -0.9928
vn 0.2954 -0.3135 -0.9025
vn 0.2955 -0.3138 -0.9023
vn 0.1138 -0.2147 -0.9700
vn 0.2956 -0.3136 -0.9024
vn 0.1137 -0.2147 -0.9700
vn 0.1142 -0.2151 -0.9699
vn 0.2957 -0.3138 -0.9023
vn 0.4617 -0.3872 -0.7981
vn 0.4629 -0.3875 -0.7972
vn 0.2957 -0.3135 -0.9024
vn 0.4629 -0.3877 -0.7971
vn 0.2954 -0.3133 -0.9026
vn 0.6051 -0.4351 -0.6667
vn 0.6083 -0.4360 -0.6632
vn 0.6052 -0.4353 -0.6666
vn 0.4629 -0.3874 -0.7973
vn 0.4617 -0.3875 -0.7979
vn 0.6050 -0.4353 -0.6667
vn 0.7206 -0.4576 -0.5209
vn 0.7248 -0.4578 -0.5148
vn 0.6050 -0.4352 -0.6668
vn 0.7247 -0.4581 -0.5147
vn 0.6081 -0.4360 -0.6634
vn 0.8087 -0.4564 -0.3711
vn 0.8122 -0.4559 -0.3640
vn 0.7248 -0.4579 -0.5148
vn 0.8087 -0.4565 -0.3710
vn 0.7248 -0.4577 -0.5149
vn 0.7206 -0.4576 -0.5208
vn 0.8088 -0.4563 -0.3708
vn 0.8738 -0.4340 -0.2193
vn 0.8766 -0.4324 -0.2113
vn 0.8088 -0.4564 -0.3709
vn 0.8766 -0.4322 -0.2115
vn 0.8123 -0.4557 -0.3640
vn 0.9177 -0.3918 -0.0654
vn 0.9198 -0.3885 -0.0554
vn 0.8765 -0.4324 -0.2114
vn 0.8738 -0.4339 -0.2193
vn 0.9176 -0.3920 -0.0654
vn 0.9394 -0.3316 0.0866
vn 0.9402 -0.3263 0.0975
vn 0.9176 -0.3920 -0.0656
vn 0.9402 -0.3265 0.0976
vn 0.9198 -0.3885 -0.0555
vn 0.9392 -0.2539 0.2311
vn 0.9384 -0.2480 0.2406
vn 0.9402 -0.3263 0.0973
vn 0.9393 -0.2539 0.2308
vn 0.9403 -0.3261 0.0974
vn 0.9396 -0.3312 0.0867
vn 0.9393 -0.2537 0.2308
vn 0.9159 -0.1576 0.3691
vn 0.9138 -0.1507 0.3773
vn 0.9393 -0.2537 0.2309
vn 0.9137 -0.1508 0.3774
vn 0.9385 -0.2476 0.2408
vn 0.8646 -0.0408 0.5009
vn 0.8600 -0.0326 0.5093
vn 0.9137 -0.1507 0.3774
vn 0.8645 -0.0409 0.5010
vn 0.9161 -0.1576 0.3686
vn 0.8644 -0.0412 0.5011
vn 0.7800 0.0910 0.6192
vn 0.7735 0.0997 0.6259
vn 0.8645 -0.0412 0.5010
vn 0.7734 0.0997 0.6260
vn 0.8600 -0.0330 0.5092
vn 0.6636 0.2299 0.7119
vn 0.6573 0.2365 0.7156
vn 0.7735 0.0996 0.6259
vn 0.6638 0.2298 0.7117
vn 0.7797 0.0911 0.6195
vn 0.6638 0.2299 0.7117
vn 0.5183 0.3686 0.7717
vn 0.5142 0.3719 0.7728
vn 0.6637 0.2299 0.7118
vn 0.6572 0.2368 0.7155
vn 0.3482 0.4991 0.7935
vn 0.5141 0.3719 0.7729
vn 0.5091 0.3753 0.7745
vn 0.3484 0.4990 0.7935
vn 0.5183 0.3684 0.7718
vn 0.3484 0.4989 0.7935
vn 0.5313 0.7682 0.3572
vn 0.5310 0.7684 0.3572
vn 0.6464 0.6811 0.3439
vn 0.5314 0.7682 0.3571
vn 0.6463 0.6812 0.3438
vn 0.6499 0.6782 0.3429
vn 0.6497 0.6785 0.3429
vn 0.6466 0.6811 0.3435
vn 0.7447 0.5935 0.3054
vn 0.6499 0.6784 0.3427
vn 0.7448 0.5933 0.3053
vn 0.7501 0.5883 0.3021
vn 0.7502 0.5882 0.3021
vn 0.7446 0.5936 0.3053
vn 0.8314 0.5000 0.2426
vn 0.7501 0.5883 0.3022
vn 0.8315 0.4998 0.2424
vn 0.8375 0.4925 0.2369
vn 0.8377 0.4920 0.2371
vn 0.8311 0.5001 0.2431
vn 0.9074 0.3878 0.1617
vn 0.8375 0.4922 0.2372
vn 0.9075 0.3878 0.1618
vn 0.9125 0.3786 0.1553
vn 0.9124 0.3786 0.1556
vn 0.9077 0.3872 0.1616
vn 0.9587 0.2730 0.0800
vn 0.9125 0.3784 0.1554
vn 0.9587 0.2731 0.0798
vn 0.9608 0.2668 0.0754
vn 0.9607 0.2672 0.0756
vn 0.9811 0.1933 0.0047
vn 0.9608 0.2668 0.0751
vn 0.9811 0.1935 0.0048
vn 0.9816 0.1910 0.0011
vn 0.9816 0.1909 0.0007
vn 0.9810 0.1940 0.0047
vn 0.9845 0.1518 -0.0878
vn 0.9816 0.1909 0.0009
vn 0.9846 0.1513 -0.0880
vn 0.9843 0.1509 -0.0917
vn 0.9843 0.1505 -0.0923
vn 0.9845 0.1518 -0.0880
vn 0.9691 0.1279 -0.2109
vn 0.9843 0.1508 -0.0921
vn 0.9688 0.1278 -0.2122
vn 0.9688 0.1278 -0.2121
vn 0.9691 0.1277 -0.2113
vn 0.9352 0.1166 -0.3345
vn 0.9688 0.1277 -0.2123
vn 0.9352 0.1170 -0.3343
vn 0.9360 0.1167 -0.3321
vn 0.9359 0.1173 -0.3320
vn 0.9352 0.1167 -0.3344
vn 0.8917 0.1322 -0.4329
vn 0.9360 0.1168 -0.3321
vn 0.8916 0.1324 -0.4331
vn 0.8936 0.1310 -0.4292
vn 0.8936 0.1310 -0.4293
vn 0.8915 0.1326 -0.4331
vn 0.8320 0.1839 -0.5234
vn 0.8936 0.1309 -0.4293
vn 0.8321 0.1835 -0.5234
vn 0.8365 0.1797 -0.5176
vn 0.8365 0.1794 -0.5177
vn 0.8320 0.1839 -0.5233
vn 0.7413 0.2577 -0.6198
vn 0.7413 0.2574 -0.6199
vn 0.7497 0.2517 -0.6121
vn 0.7499 0.2512 -0.6120
vn 0.7412 0.2579 -0.6198
vn 0.6325 0.3253 -0.7029
vn 0.7497 0.2515 -0.6121
vn 0.6326 0.3251 -0.7029
vn 0.6416 0.3206 -0.6968
vn 0.6417 0.3202 -0.6969
vn 0.6327 0.3251 -0.7028
vn 0.5296 0.3785 -0.7591
vn 0.5297 0.3783 -0.7591
vn 0.5360 0.3754 -0.7562
vn 0.5362 0.3750 -0.7562
vn 0.5296 0.3784 -0.7592
vn 0.4317 0.4315 -0.7921
vn 0.5363 0.3752 -0.7560
vn 0.4318 0.4313 -0.7922
vn 0.4355 0.4291 -0.7913
vn 0.4357 0.4291 -0.7913
vn 0.4317 0.4314 -0.7922
vn 0.3348 0.4928 -0.8031
vn 0.4355 0.4293 -0.7912
vn 0.3348 0.4931 -0.8030
vn 0.3352 0.4926 -0.8031
vn 0.3346 0.4932 -0.8030
vn 0.3347 0.4930 -0.8030
vn 0.2427 0.5616 -0.7910
vn 0.3348 0.4930 -0.8030
vn 0.2429 0.5616 -0.7910
vn 0.2396 0.5641 -0.7902
vn 0.2428 0.5616 -0.7910
vn 0.1588 0.6339 -0.7569
vn 0.2399 0.5642 -0.7900
vn 0.1587 0.6338 -0.7570
vn 0.1531 0.6389 -0.7539
vn 0.1533 0.6389 -0.7539
vn 0.1591 0.6338 -0.7569
vn 0.0731 0.7109 -0.6995
vn 0.1535 0.6387 -0.7539
vn 0.0728 0.7108 -0.6996
vn 0.0650 0.7175 -0.6935
vn 0.0648 0.7175 -0.6936
vn 0.0732 0.7108 -0.6996
vn -0.0281 0.7878 -0.6153
vn 0.0651 0.7175 -0.6935
vn -0.0283 0.7878 -0.6153
vn -0.0371 0.7936 -0.6073
vn -0.0372 0.7935 -0.6074
vn -0.0280 0.7877 -0.6155
vn -0.1290 0.8457 -0.5178
vn -0.1291 0.8457 -0.5178
vn -0.1342 0.8484 -0.5120
vn -0.1345 0.8483 -0.5121
vn -0.1288 0.8458 -0.5177
vn -0.1974 0.8826 -0.4266
vn -0.1344 0.8484 -0.5120
vn -0.1975 0.8826 -0.4267
vn -0.1991 0.8840 -0.4229
vn -0.1996 0.8838 -0.4231
vn -0.1975 0.8826 -0.4266
vn -0.2266 0.9172 -0.3276
vn -0.1994 0.8840 -0.4228
vn -0.2266 0.9172 -0.3277
vn -0.2272 0.9179 -0.3254
vn -0.2269 0.9181 -0.3251
vn -0.2268 0.9171 -0.3277
vn -0.2273 0.9522 -0.2041
vn -0.2270 0.9179 -0.3254
vn -0.2273 0.9522 -0.2040
vn -0.2278 0.9518 -0.2054
vn -0.2277 0.9519 -0.2051
vn -0.2277 0.9521 -0.2040
vn -0.2098 0.9744 -0.0812
vn -0.2276 0.9519 -0.2051
vn -0.2099 0.9743 -0.0813
vn -0.2106 0.9739 -0.0851
vn -0.2108 0.9738 -0.0851
vn -0.2096 0.9744 -0.0809
vn -0.1686 0.9856 0.0114
vn -0.2108 0.9739 -0.0848
vn -0.1713 0.9852 0.0077
vn -0.1714 0.9852 0.0079
vn -0.1688 0.9856 0.0114
vn -0.0855 0.9926 0.0861
vn -0.1713 0.9852 0.0079
vn -0.0856 0.9926 0.0862
vn -0.0920 0.9924 0.0817
vn -0.0922 0.9924 0.0817
vn -0.0859 0.9926 0.0862
vn 0.0398 0.9852 0.1669
vn 0.0400 0.9851 0.1670
vn 0.0295 0.9866 0.1605
vn 0.0300 0.9866 0.1605
vn 0.0398 0.9852 0.1666
vn 0.1727 0.9536 0.2467
vn 0.0299 0.9866 0.1604
vn 0.1724 0.9537 0.2464
vn 0.1634 0.9566 0.2412
vn 0.1632 0.9568 0.2408
vn 0.1730 0.9535 0.2466
vn 0.2915 0.9057 0.3078
vn 0.1635 0.9567 0.2407
vn 0.2916 0.9057 0.3079
vn 0.2849 0.9088 0.3049
vn 0.2848 0.9088 0.3050
vn 0.2914 0.9057 0.3079
vn 0.4089 0.8448 0.3450
vn 0.4089 0.8449 0.3450
vn 0.4047 0.8472 0.3443
vn 0.4052 0.8469 0.3444
vn 0.4088 0.8449 0.3451
vn 0.5311 0.7685 0.3569
vn 0.4049 0.8471 0.3443
vn 0.5317 0.7679 0.3573
vn 0.5315 0.7681 0.3572
vn 0.5834 0.7929 -0.1760
vn 0.5918 0.7960 -0.1271
vn 0.5984 0.7869 -0.1505
vn 0.5835 0.7928 -0.1762
vn 0.5982 0.7870 -0.1507
vn 0.5891 0.7828 -0.2005
vn 0.3415 -0.2756 -0.8986
vn 0.1677 -0.1444 -0.9752
vn 0.1690 -0.1453 -0.9749
vn 0.3419 -0.2757 -0.8984
vn 0.1688 -0.1452 -0.9749
vn 0.3420 -0.2758 -0.8983
vn 0.1680 -0.1442 -0.9752
vn -0.0170 -0.0158 -0.9997
vn -0.0169 -0.0158 -0.9997
vn 0.1680 -0.1444 -0.9752
vn -0.0169 -0.0163 -0.9997
vn 0.1688 -0.1450 -0.9749
vn 0.5611 -0.5308 -0.6352
vn 0.4760 -0.4054 -0.7804
vn 0.4756 -0.4050 -0.7809
vn 0.5609 -0.5309 -0.6352
vn 0.4754 -0.4050 -0.7810
vn 0.5601 -0.5293 -0.6373
vn 0.4760 -0.4055 -0.7804
vn 0.3415 -0.2750 -0.8987
vn 0.3424 -0.2760 -0.8981
vn 0.3425 -0.2760 -0.8981
vn 0.6124 -0.7334 -0.2951
vn 0.6055 -0.6446 -0.4667
vn 0.6046 -0.6416 -0.4720
vn 0.6124 -0.7334 -0.2950
vn 0.6048 -0.6414 -0.4719
vn 0.6126 -0.7310 -0.3006
vn 0.6054 -0.6445 -0.4670
vn 0.5609 -0.5312 -0.6350
vn 0.5598 -0.5291 -0.6377
vn 0.6055 -0.6447 -0.4666
vn 0.5598 -0.5293 -0.6376
vn 0.6047 -0.6417 -0.4718
vn 0.5897 -0.8058 0.0549
vn 0.5993 -0.7902 -0.1281
vn 0.5997 -0.7892 -0.1322
vn 0.5996 -0.7893 -0.1321
vn 0.5896 -0.8059 0.0537
vn 0.5991 -0.7903 -0.1282
vn 0.6127 -0.7330 -0.2954
vn 0.6130 -0.7307 -0.3005
vn 0.5991 -0.7904 -0.1283
vn 0.6130 -0.7307 -0.3004
vn 0.5996 -0.7894 -0.1321
vn 0.6058 -0.6865 0.4022
vn 0.5920 -0.7689 0.2413
vn 0.5920 -0.7681 0.2442
vn 0.6058 -0.6865 0.4020
vn 0.5920 -0.7681 0.2438
vn 0.6066 -0.6826 0.4075
vn 0.5919 -0.7691 0.2413
vn 0.5896 -0.8059 0.0547
vn 0.5898 -0.8058 0.0535
vn 0.5897 -0.8058 0.0535
vn 0.6071 -0.4279 0.6696
vn 0.6197 -0.5685 0.5411
vn 0.6203 -0.5626 0.5466
vn 0.6072 -0.4278 0.6696
vn 0.6203 -0.5625 0.5467
vn 0.6056 -0.4229 0.6741
vn 0.6197 -0.5686 0.5410
vn 0.6057 -0.6866 0.4022
vn 0.6063 -0.6828 0.4077
vn 0.6063 -0.6829 0.4075
vn 0.6200 -0.5628 0.5467
vn 0.4252 -0.1486 0.8928
vn 0.5431 -0.2849 0.7898
vn 0.5412 -0.2821 0.7922
vn 0.5413 -0.2822 0.7921
vn 0.4230 -0.1467 0.8942
vn 0.5433 -0.2850 0.7897
vn 0.6069 -0.4279 0.6698
vn 0.6058 -0.4229 0.6740
vn 0.5432 -0.2850 0.7897
vn 0.6060 -0.4228 0.6738
vn 0.5410 -0.2821 0.7923
vn 0.0860 0.1164 0.9895
vn 0.2667 -0.0147 0.9637
vn 0.2656 -0.0138 0.9640
vn 0.0858 0.1165 0.9895
vn 0.2657 -0.0140 0.9640
vn 0.2669 -0.0149 0.9636
vn 0.4249 -0.1481 0.8930
vn 0.4234 -0.1465 0.8940
vn 0.2669 -0.0148 0.9636
vn 0.4235 -0.1465 0.8940
vn 0.2652 -0.0137 0.9641
vn -0.2831 0.3396 0.8970
vn -0.1011 0.2387 0.9658
vn -0.0998 0.2381 0.9661
vn -0.2830 0.3395 0.8970
vn -0.0999 0.2379 0.9661
vn -0.2805 0.3382 0.8983
vn -0.1013 0.2388 0.9658
vn 0.0869 0.1158 0.9895
vn 0.0857 0.1167 0.9895
vn -0.1012 0.2389 0.9658
vn 0.0861 0.1165 0.9895
vn -0.0998 0.2379 0.9662
vn -0.6108 0.4111 0.6767
vn -0.4535 0.4013 0.7958
vn -0.4501 0.4008 0.7980
vn -0.6108 0.4113 0.6766
vn -0.4502 0.4011 0.7978
vn -0.6056 0.4115 0.6811
vn -0.4536 0.4017 0.7956
vn -0.2830 0.3392 0.8971
vn -0.2808 0.3383 0.8982
vn -0.4536 0.4016 0.7956
vn -0.2808 0.3384 0.8981
vn -0.4499 0.4006 0.7982
vn -0.8541 0.3192 0.4106
vn -0.7478 0.3733 0.5490
vn -0.7423 0.3759 0.5546
vn -0.8542 0.3189 0.4107
vn -0.7424 0.3758 0.5546
vn -0.8507 0.3211 0.4161
vn -0.7477 0.3738 0.5488
vn -0.6106 0.4110 0.6770
vn -0.6055 0.4118 0.6810
vn -0.7477 0.3737 0.5488
vn -0.6057 0.4118 0.6808
vn -0.7423 0.3759 0.5547
vn -0.9626 0.2635 0.0639
vn -0.9276 0.2775 0.2502
vn -0.9267 0.2778 0.2530
vn -0.9625 0.2636 0.0639
vn -0.9267 0.2780 0.2529
vn -0.9626 0.2634 0.0625
vn -0.9276 0.2775 0.2500
vn -0.8541 0.3192 0.4107
vn -0.8508 0.3211 0.4159
vn -0.9276 0.2776 0.2501
vn -0.8507 0.3212 0.4161
vn -0.9266 0.2782 0.2528
vn -0.9056 0.3129 -0.2863
vn -0.9529 0.2790 -0.1191
vn -0.9523 0.2794 -0.1230
vn -0.9057 0.3128 -0.2862
vn -0.9522 0.2797 -0.1230
vn -0.9035 0.3140 -0.2918
vn -0.9529 0.2789 -0.1192
vn -0.9626 0.2634 0.0640
vn -0.9626 0.2635 0.0628
vn -0.9627 0.2633 0.0627
vn -0.9521 0.2799 -0.1231
vn -0.7010 0.3383 -0.6278
vn -0.8218 0.3384 -0.4584
vn -0.8186 0.3388 -0.4637
vn -0.8185 0.3389 -0.4638
vn -0.6990 0.3379 -0.6302
vn -0.8216 0.3386 -0.4586
vn -0.9057 0.3125 -0.2864
vn -0.9036 0.3137 -0.2917
vn -0.8188 0.3389 -0.4634
vn -0.3864 0.2261 -0.8942
vn -0.5547 0.3045 -0.7743
vn -0.5541 0.3041 -0.7749
vn -0.3864 0.2262 -0.8942
vn -0.5541 0.3043 -0.7748
vn -0.3865 0.2264 -0.8941
vn -0.5548 0.3044 -0.7743
vn -0.7012 0.3386 -0.6275
vn -0.6987 0.3382 -0.6304
vn -0.5548 0.3045 -0.7743
vn -0.6987 0.3383 -0.6303
vn -0.5541 0.3043 -0.7749
vn -0.0170 -0.0160 -0.9997
vn -0.2022 0.1107 -0.9731
vn -0.2035 0.1116 -0.9727
vn -0.0168 -0.0160 -0.9997
vn -0.0169 -0.0161 -0.9997
vn -0.2025 0.1107 -0.9730
vn -0.3860 0.2258 -0.8945
vn -0.3870 0.2262 -0.8939
vn -0.2023 0.1107 -0.9730
vn -0.2034 0.1114 -0.9727
vn 0.1658 0.6112 0.7739
vn 0.1701 0.6088 0.7749
vn 0.3481 0.4992 0.7935
vn 0.1755 0.6052 0.7765
vn 0.3483 0.4991 0.7935
vn 0.3486 0.4988 0.7935
vt 0.476130 0.421940
vt 0.473930 0.396810
vt 0.469640 0.397730
vt 0.465690 0.399990
vt 0.461970 0.402760
vt 0.459030 0.406600
vt 0.456450 0.410800
vt 0.454960 0.415630
vt 0.453920 0.420620
vt 0.454110 0.425710
vt 0.454780 0.430730
vt 0.456620 0.435290
vt 0.458880 0.439570
vt 0.462090 0.442910
vt 0.465590 0.445810
vt 0.469680 0.447420
vt 0.473900 0.448500
vt 0.478240 0.448140
vt 0.482540 0.447230
vt 0.486480 0.444960
vt 0.490200 0.442210
vt 0.493140 0.438360
vt 0.495720 0.434170
vt 0.497210 0.429330
vt 0.498250 0.424350
vt 0.498060 0.419260
vt 0.497390 0.414240
vt 0.495560 0.409670
vt 0.493290 0.405390
vt 0.490090 0.402050
vt 0.486580 0.399150
vt 0.482500 0.397530
vt 0.478270 0.396460
vt 0.650780 0.351360
vt 0.641940 0.351060
vt 0.646240 0.402940
vt 0.667620 0.357890
vt 0.659450 0.353660
vt 0.674960 0.363890
vt 0.681200 0.371430
vt 0.686100 0.380210
vt 0.689460 0.389900
vt 0.691170 0.400120
vt 0.691140 0.410480
vt 0.689390 0.420570
vt 0.685980 0.430010
vt 0.681060 0.438440
vt 0.674810 0.445530
vt 0.667470 0.451020
vt 0.659320 0.454690
vt 0.650680 0.456420
vt 0.641870 0.456130
vt 0.633230 0.453850
vt 0.625090 0.449650
vt 0.617750 0.443690
vt 0.611510 0.436190
vt 0.606590 0.427440
vt 0.603200 0.417770
vt 0.601470 0.407560
vt 0.601470 0.397200
vt 0.603190 0.387080
vt 0.606580 0.377620
vt 0.611490 0.369150
vt 0.617750 0.362030
vt 0.625100 0.356510
vt 0.633270 0.352810
vt 0.579020 0.624800
vt 0.566510 0.625220
vt 0.565110 0.643240
vt 0.580510 0.642720
vt 0.613270 0.607120
vt 0.602840 0.615570
vt 0.609840 0.631050
vt 0.622680 0.620430
vt 0.564180 0.654980
vt 0.581400 0.654410
vt 0.595620 0.638670
vt 0.598350 0.649830
vt 0.591290 0.621570
vt 0.628930 0.584070
vt 0.622140 0.596510
vt 0.633660 0.607250
vt 0.642210 0.591780
vt 0.614290 0.641160
vt 0.628620 0.629080
vt 0.635570 0.555620
vt 0.633390 0.570250
vt 0.648220 0.574470
vt 0.651430 0.556230
vt 0.640970 0.614170
vt 0.650970 0.596620
vt 0.632720 0.526530
vt 0.635290 0.540860
vt 0.651310 0.537960
vt 0.648040 0.520200
vt 0.658220 0.576940
vt 0.662130 0.556440
vt 0.621250 0.500800
vt 0.628080 0.512980
vt 0.642000 0.503500
vt 0.633270 0.488590
vt 0.662130 0.535990
vt 0.658250 0.516060
vt 0.601710 0.483070
vt 0.612310 0.490720
vt 0.622070 0.476170
vt 0.608930 0.466650
vt 0.650930 0.497470
vt 0.640760 0.480950
vt 0.577650 0.475620
vt 0.590010 0.477990
vt 0.594410 0.460310
vt 0.579070 0.457360
vt 0.628100 0.467090
vt 0.613380 0.456410
vt 0.552740 0.479280
vt 0.565080 0.476050
vt 0.563460 0.457910
vt 0.548130 0.461940
vt 0.597130 0.449300
vt 0.579970 0.445990
vt 0.530760 0.493810
vt 0.541100 0.485220
vt 0.533680 0.469340
vt 0.520720 0.479930
vt 0.562490 0.446610
vt 0.545330 0.451140
vt 0.515620 0.517580
vt 0.522220 0.504850
vt 0.509860 0.493390
vt 0.501430 0.509000
vt 0.529130 0.459440
vt 0.514490 0.471230
vt 0.508480 0.545920
vt 0.510960 0.531380
vt 0.495550 0.526080
vt 0.492700 0.544150
vt 0.501950 0.486080
vt 0.491950 0.503380
vt 0.510910 0.575030
vt 0.508490 0.560710
vt 0.493200 0.562650
vt 0.496620 0.580630
vt 0.485130 0.522500
vt 0.482100 0.542720
vt 0.523060 0.600160
vt 0.515840 0.588330
vt 0.502830 0.597200
vt 0.511710 0.611870
vt 0.482960 0.563600
vt 0.487230 0.584120
vt 0.542590 0.617790
vt 0.532090 0.610090
vt 0.522780 0.624310
vt 0.535670 0.634010
vt 0.494520 0.602910
vt 0.504490 0.619460
vt 0.554210 0.622880
vt 0.549980 0.640350
vt 0.516810 0.633590
vt 0.531230 0.644610
vt 0.547260 0.651760
vt 0.589280 0.613850
vt 0.578330 0.616720
vt 0.567140 0.617080
vt 0.608890 0.601050
vt 0.599600 0.608550
vt 0.622800 0.580490
vt 0.616740 0.591590
vt 0.628720 0.555160
vt 0.626810 0.568180
vt 0.626070 0.529230
vt 0.628430 0.541990
vt 0.615510 0.506660
vt 0.621770 0.517300
vt 0.598100 0.491050
vt 0.607480 0.497800
vt 0.576960 0.484510
vt 0.587810 0.486580
vt 0.555080 0.487730
vt 0.565920 0.484890
vt 0.535560 0.500470
vt 0.544820 0.492960
vt 0.521800 0.521260
vt 0.527810 0.510070
vt 0.515330 0.546480
vt 0.517580 0.533520
vt 0.517500 0.572390
vt 0.515310 0.559630
vt 0.528300 0.594800
vt 0.521890 0.584250
vt 0.545750 0.610470
vt 0.536360 0.603650
vt 0.556140 0.614990
vt 0.457920 0.804890
vt 0.443680 0.803230
vt 0.442320 0.814450
vt 0.456470 0.815210
vt 0.442400 0.836710
vt 0.441910 0.825580
vt 0.438730 0.825600
vt 0.439210 0.836900
vt 0.443820 0.847890
vt 0.440630 0.848260
vt 0.446200 0.859200
vt 0.443020 0.859750
vt 0.449290 0.870690
vt 0.446080 0.871460
vt 0.452880 0.882410
vt 0.449590 0.883420
vt 0.457300 0.894170
vt 0.453950 0.895420
vt 0.462830 0.905730
vt 0.459490 0.907200
vt 0.469090 0.917080
vt 0.465800 0.918780
vt 0.475660 0.928250
vt 0.472410 0.930190
vt 0.482680 0.939010
vt 0.479480 0.941170
vt 0.490260 0.949100
vt 0.487160 0.951440
vt 0.498040 0.958630
vt 0.495060 0.961160
vt 0.505690 0.967750
vt 0.502810 0.970480
vt 0.513370 0.976330
vt 0.510570 0.979270
vt 0.521290 0.984200
vt 0.518590 0.987320
vt 0.529550 0.991310
vt 0.527010 0.994500
vt 0.521250 0.666860
vt 0.529450 0.659750
vt 0.526930 0.656550
vt 0.518530 0.663750
vt 0.513360 0.674740
vt 0.510530 0.671820
vt 0.505690 0.683330
vt 0.502780 0.680610
vt 0.498020 0.692440
vt 0.495030 0.689930
vt 0.490220 0.701960
vt 0.487110 0.699620
vt 0.482610 0.712040
vt 0.479400 0.709880
vt 0.475560 0.722770
vt 0.472300 0.720840
vt 0.468950 0.733930
vt 0.465650 0.732240
vt 0.462660 0.745280
vt 0.459310 0.743820
vt 0.457100 0.756850
vt 0.453750 0.755610
vt 0.452670 0.768630
vt 0.449380 0.767640
vt 0.449090 0.780370
vt 0.445870 0.779630
vt 0.446020 0.791890
vt 0.442830 0.791370
vt 0.440490 0.802910
vt 0.439130 0.814300
vt 0.462880 0.372130
vt 0.454630 0.376390
vt 0.459310 0.386470
vt 0.465760 0.383140
vt 0.472600 0.381340
vt 0.471630 0.369830
vt 0.447200 0.382430
vt 0.440880 0.390020
vt 0.448560 0.397130
vt 0.453500 0.391190
vt 0.435910 0.398870
vt 0.432480 0.408650
vt 0.441990 0.411690
vt 0.444670 0.404050
vt 0.430740 0.418980
vt 0.430740 0.429450
vt 0.440630 0.427950
vt 0.440630 0.419770
vt 0.432480 0.439660
vt 0.435910 0.449220
vt 0.444670 0.443410
vt 0.441990 0.435940
vt 0.440870 0.457770
vt 0.447180 0.464960
vt 0.453480 0.455710
vt 0.448550 0.450090
vt 0.454600 0.470530
vt 0.462840 0.474260
vt 0.465720 0.462990
vt 0.459280 0.460070
vt 0.471580 0.476030
vt 0.480490 0.475750
vt 0.479530 0.464150
vt 0.472560 0.464370
vt 0.489240 0.473450
vt 0.497480 0.469190
vt 0.492820 0.459020
vt 0.486370 0.462350
vt 0.504910 0.463160
vt 0.511230 0.455570
vt 0.503570 0.448370
vt 0.498630 0.454300
vt 0.516210 0.446710
vt 0.519630 0.436930
vt 0.510130 0.433800
vt 0.507460 0.441450
vt 0.521380 0.426610
vt 0.521380 0.416130
vt 0.511500 0.417540
vt 0.511500 0.425730
vt 0.519640 0.405920
vt 0.516220 0.396360
vt 0.507460 0.402090
vt 0.510140 0.409560
vt 0.511260 0.387820
vt 0.504940 0.380630
vt 0.498650 0.389780
vt 0.503580 0.395410
vt 0.497530 0.375050
vt 0.489290 0.371320
vt 0.486400 0.382500
vt 0.492850 0.385420
vt 0.472670 0.806600
vt 0.471210 0.816050
vt 0.482030 0.816660
vt 0.483530 0.807820
vt 0.480540 0.369550
vt 0.479570 0.381120
vt 0.437060 0.814260
vt 0.436660 0.825620
vt 0.438450 0.802800
vt 0.440850 0.791180
vt 0.443920 0.779330
vt 0.447410 0.767190
vt 0.451780 0.754990
vt 0.457450 0.743050
vt 0.463930 0.731340
vt 0.470670 0.719800
vt 0.477880 0.708710
vt 0.485740 0.698370
vt 0.493770 0.688630
vt 0.501560 0.679250
vt 0.509300 0.670400
vt 0.517320 0.662260
vt 0.525850 0.654950
vt 0.517400 0.988820
vt 0.525940 0.996090
vt 0.509360 0.980710
vt 0.501590 0.971850
vt 0.493810 0.962470
vt 0.485790 0.952700
vt 0.477960 0.942350
vt 0.470780 0.931240
vt 0.464080 0.919690
vt 0.457640 0.907990
vt 0.451980 0.896060
vt 0.447630 0.883880
vt 0.444140 0.871770
vt 0.441040 0.859970
vt 0.438590 0.848400
vt 0.437140 0.836980
vt 0.478530 0.787560
vt 0.475180 0.797120
vt 0.485960 0.798970
vt 0.489330 0.790120
vt 0.470710 0.825470
vt 0.481560 0.825480
vt 0.487570 0.768420
vt 0.482680 0.777990
vt 0.493480 0.781260
vt 0.498400 0.772500
vt 0.499410 0.749800
vt 0.493230 0.759030
vt 0.503910 0.763840
vt 0.509940 0.755400
vt 0.512770 0.732250
vt 0.505970 0.740860
vt 0.516300 0.747200
vt 0.522920 0.739360
vt 0.526940 0.716460
vt 0.519840 0.724150
vt 0.529670 0.731860
vt 0.536500 0.724810
vt 0.541070 0.702340
vt 0.534020 0.709220
vt 0.543290 0.718110
vt 0.550100 0.711830
vt 0.555560 0.689680
vt 0.548230 0.695870
vt 0.556890 0.705840
vt 0.563800 0.700190
vt 0.541070 0.948860
vt 0.548200 0.955360
vt 0.556930 0.945470
vt 0.550170 0.939450
vt 0.527000 0.934670
vt 0.534060 0.941940
vt 0.543400 0.933130
vt 0.536630 0.926400
vt 0.555490 0.961600
vt 0.563800 0.951180
vt 0.512880 0.918820
vt 0.519920 0.926960
vt 0.529820 0.919320
vt 0.523090 0.911790
vt 0.499570 0.901230
vt 0.506100 0.910190
vt 0.516490 0.903930
vt 0.510140 0.895690
vt 0.487740 0.882570
vt 0.493400 0.891980
vt 0.504120 0.887240
vt 0.498610 0.878540
vt 0.478690 0.863400
vt 0.482860 0.872980
vt 0.493680 0.869760
vt 0.489510 0.860890
vt 0.472770 0.844350
vt 0.475320 0.853830
vt 0.486110 0.852030
vt 0.483640 0.843150
vt 0.471240 0.834890
vt 0.482100 0.834310
vt 0.463580 0.783950
vt 0.460330 0.794470
vt 0.456030 0.825500
vt 0.472140 0.762570
vt 0.467440 0.773250
vt 0.484040 0.741740
vt 0.477760 0.752030
vt 0.497600 0.721960
vt 0.490630 0.731640
vt 0.512410 0.704270
vt 0.504930 0.712840
vt 0.527140 0.688390
vt 0.519770 0.696090
vt 0.542430 0.674400
vt 0.534670 0.681190
vt 0.527110 0.962720
vt 0.534600 0.969940
vt 0.512430 0.946800
vt 0.519760 0.954990
vt 0.542320 0.976740
vt 0.497670 0.929060
vt 0.504970 0.938200
vt 0.484170 0.909250
vt 0.490730 0.919360
vt 0.472300 0.888400
vt 0.477910 0.898940
vt 0.463740 0.867030
vt 0.467610 0.877710
vt 0.458030 0.846100
vt 0.460480 0.856510
vt 0.456540 0.835770
vt 0.745330 0.576950
vt 0.741030 0.594340
vt 0.756210 0.597280
vt 0.757610 0.579320
vt 0.714310 0.554050
vt 0.702820 0.565620
vt 0.713820 0.578100
vt 0.723250 0.564020
vt 0.738240 0.605710
vt 0.755300 0.609020
vt 0.726700 0.587890
vt 0.722160 0.598400
vt 0.733710 0.571790
vt 0.702230 0.528720
vt 0.687880 0.534220
vt 0.694050 0.550880
vt 0.707160 0.542160
vt 0.707750 0.587280
vt 0.695470 0.573080
vt 0.699660 0.499520
vt 0.683690 0.497600
vt 0.684310 0.516150
vt 0.699740 0.514300
vt 0.685660 0.556420
vt 0.678470 0.537630
vt 0.706930 0.471200
vt 0.692740 0.462480
vt 0.686620 0.479540
vt 0.702130 0.485000
vt 0.674030 0.517130
vt 0.673020 0.496150
vt 0.722380 0.447500
vt 0.712460 0.433630
vt 0.701460 0.446950
vt 0.713710 0.458490
vt 0.676210 0.475810
vt 0.683330 0.456720
vt 0.744430 0.432920
vt 0.739860 0.415710
vt 0.725430 0.423120
vt 0.732770 0.438910
vt 0.693600 0.439590
vt 0.706260 0.424960
vt 0.769430 0.429200
vt 0.770810 0.411070
vt 0.755180 0.411640
vt 0.756810 0.429650
vt 0.720880 0.413270
vt 0.737040 0.404960
vt 0.793570 0.436710
vt 0.800710 0.420380
vt 0.786180 0.414020
vt 0.781840 0.431580
vt 0.754180 0.400390
vt 0.771670 0.399740
vt 0.813110 0.454540
vt 0.825040 0.442350
vt 0.813840 0.429940
vt 0.804170 0.444430
vt 0.788870 0.403050
vt 0.805130 0.410190
vt 0.824690 0.480400
vt 0.840020 0.473930
vt 0.833830 0.457230
vt 0.819960 0.466760
vt 0.819840 0.420890
vt 0.832490 0.434720
vt 0.827470 0.509510
vt 0.843560 0.510080
vt 0.843460 0.491750
vt 0.827280 0.494790
vt 0.842710 0.451150
vt 0.850200 0.469660
vt 0.820300 0.537990
vt 0.833670 0.545610
vt 0.840030 0.528310
vt 0.825060 0.524120
vt 0.854330 0.489650
vt 0.854330 0.510300
vt 0.804340 0.561080
vt 0.813900 0.574280
vt 0.824910 0.561110
vt 0.813290 0.550470
vt 0.850030 0.530870
vt 0.842450 0.550420
vt 0.782390 0.575580
vt 0.786830 0.592560
vt 0.801080 0.584890
vt 0.793940 0.569530
vt 0.832360 0.567880
vt 0.820010 0.582780
vt 0.771670 0.596720
vt 0.770110 0.578870
vt 0.805650 0.594900
vt 0.789680 0.603650
vt 0.772670 0.608370
vt 0.737020 0.564300
vt 0.747340 0.568860
vt 0.758260 0.570960
vt 0.719810 0.548540
vt 0.727730 0.557420
vt 0.709180 0.526030
vt 0.713530 0.537950
vt 0.706970 0.500220
vt 0.706980 0.513270
vt 0.713440 0.475160
vt 0.709180 0.487360
vt 0.727360 0.454550
vt 0.719560 0.464070
vt 0.746860 0.441760
vt 0.736600 0.447030
vt 0.768720 0.438530
vt 0.757700 0.438910
vt 0.789820 0.445100
vt 0.779560 0.440600
vt 0.807090 0.460730
vt 0.799130 0.451870
vt 0.817640 0.483320
vt 0.813320 0.471380
vt 0.820140 0.509060
vt 0.819960 0.496030
vt 0.813860 0.534240
vt 0.818070 0.521970
vt 0.799790 0.554760
vt 0.807680 0.545310
vt 0.780290 0.567660
vt 0.790550 0.562310
vt 0.769380 0.570570
vt 0.580360 0.799830
vt 0.538010 0.793840
vt 0.536320 0.804680
vt 0.578590 0.808600
vt 0.583020 0.791060
vt 0.540550 0.782880
vt 0.586490 0.782270
vt 0.543640 0.771720
vt 0.590690 0.773470
vt 0.547050 0.760250
vt 0.595540 0.764700
vt 0.551190 0.748650
vt 0.600930 0.756020
vt 0.556430 0.737220
vt 0.606730 0.747490
vt 0.562290 0.725970
vt 0.612820 0.739160
vt 0.568340 0.714830
vt 0.619090 0.731110
vt 0.574750 0.704030
vt 0.625450 0.723390
vt 0.581700 0.693850
vt 0.631800 0.716020
vt 0.588760 0.684180
vt 0.638090 0.709000
vt 0.595570 0.674810
vt 0.644310 0.702310
vt 0.602340 0.665840
vt 0.650480 0.695880
vt 0.609400 0.657440
vt 0.644780 0.951720
vt 0.601490 0.988020
vt 0.608690 0.996090
vt 0.650480 0.958410
vt 0.639190 0.944950
vt 0.594800 0.979520
vt 0.633620 0.937990
vt 0.588530 0.970510
vt 0.628040 0.930760
vt 0.582590 0.960960
vt 0.622410 0.923200
vt 0.576670 0.951020
vt 0.616750 0.915290
vt 0.570510 0.940750
vt 0.611120 0.907030
vt 0.564510 0.929980
vt 0.605600 0.898440
vt 0.559100 0.918640
vt 0.600290 0.889600
vt 0.554090 0.907000
vt 0.595280 0.880570
vt 0.549260 0.895270
vt 0.590700 0.871440
vt 0.545090 0.883420
vt 0.586670 0.862270
vt 0.542010 0.871490
vt 0.583280 0.853130
vt 0.539650 0.859760
vt 0.580610 0.844060
vt 0.537590 0.848360
vt 0.578760 0.835080
vt 0.536040 0.837220
vt 0.577790 0.826190
vt 0.535350 0.826270
vt 0.535460 0.815460
vt 0.577720 0.817370
vt 0.758470 0.568320
vt 0.769110 0.567940
vt 0.779560 0.565140
vt 0.789380 0.560000
vt 0.798190 0.552750
vt 0.805670 0.543630
vt 0.811530 0.532970
vt 0.815550 0.521190
vt 0.817540 0.508830
vt 0.817340 0.496360
vt 0.815120 0.484190
vt 0.811040 0.472750
vt 0.805140 0.462560
vt 0.797580 0.454110
vt 0.788690 0.447640
vt 0.778880 0.443360
vt 0.768500 0.441370
vt 0.757960 0.441730
vt 0.747590 0.444450
vt 0.737790 0.449480
vt 0.729000 0.456660
vt 0.721600 0.465770
vt 0.715800 0.476410
vt 0.711710 0.488090
vt 0.709570 0.500400
vt 0.709590 0.512900
vt 0.711680 0.525140
vt 0.715780 0.536610
vt 0.721700 0.546800
vt 0.729240 0.555320
vt 0.738140 0.561920
vt 0.748020 0.566300
vt 0.581560 0.655460
vt 0.598750 0.650820
vt 0.564090 0.656040
vt 0.614880 0.642050
vt 0.629350 0.629850
vt 0.641810 0.614820
vt 0.651910 0.597110
vt 0.659220 0.577250
vt 0.663160 0.556540
vt 0.663160 0.535880
vt 0.659240 0.515720
vt 0.651850 0.496940
vt 0.641580 0.480270
vt 0.628780 0.466270
vt 0.613890 0.455480
vt 0.597440 0.448280
vt 0.580050 0.444920
vt 0.562340 0.445550
vt 0.544970 0.450130
vt 0.528580 0.458530
vt 0.513790 0.470440
vt 0.501130 0.485420
vt 0.491020 0.502900
vt 0.484120 0.522240
vt 0.481070 0.542680
vt 0.481930 0.563760
vt 0.486230 0.584480
vt 0.493590 0.603430
vt 0.503650 0.620120
vt 0.516100 0.634380
vt 0.530690 0.645530
vt 0.546940 0.652770
s 0
usemtl mat0.992
f 1/1/1 2/2/2 3/3/3
f 1/1/4 3/3/5 4/4/6
f 1/1/7 4/4/8 5/5/9
f 1/1/10 5/5/11 6/6/12
f 1/1/13 6/6/14 7/7/15
f 1/1/16 7/7/17 8/8/18
f 1/1/19 8/8/20 9/9/21
f 1/1/22 9/9/23 10/10/24
f 1/1/25 10/10/26 11/11/27
f 1/1/25 11/11/28 12/12/29
f 1/1/30 12/12/31 13/13/32
f 1/1/33 13/13/34 14/14/35
f 1/1/36 14/14/37 15/15/38
f 1/1/39 15/15/40 16/16/41
f 1/1/36 16/16/42 17/17/43
f 1/1/44 17/17/43 18/18/45
f 1/1/33 18/18/46 19/19/47
f 1/1/33 19/19/48 20/20/49
f 1/1/25 20/20/50 21/21/51
f 1/1/30 21/21/52 22/22/53
f 1/1/22 22/22/54 23/23/55
f 1/1/33 23/23/56 24/24/57
f 1/1/58 24/24/59 25/25/60
f 1/1/61 25/25/62 26/26/63
f 1/1/64 26/26/65 27/27/66
f 1/1/7 27/27/67 28/28/68
f 1/1/69 28/28/70 29/29/71
f 1/1/72 29/29/73 30/30/74
f 1/1/1 30/30/75 31/31/76
f 1/1/7 31/31/77 32/32/78
f 1/1/79 32/32/80 33/33/81
f 34/34/82 35/35/83 36/36/84
f 37/37/85 38/38/86 36/36/87
f 39/39/88 37/37/89 36/36/90
f 40/40/91 39/39/92 36/36/93
f 41/41/94 40/40/95 36/36/96
f 42/42/97 41/41/94 36/36/98
f 43/43/99 42/42/100 36/36/101
f 44/44/102 43/43/103 36/36/104
f 45/45/105 44/44/106 36/36/107
f 46/46/108 45/45/109 36/36/110
f 47/47/111 46/46/112 36/36/113
f 48/48/114 47/47/115 36/36/116
f 49/49/117 48/48/118 36/36/107
f 50/50/119 49/49/120 36/36/121
f 51/51/122 50/50/123 36/36/124
f 52/52/125 51/51/126 36/36/127
f 53/53/128 52/52/129 36/36/130
f 54/54/131 53/53/132 36/36/133
f 55/55/134 54/54/135 36/36/110
f 56/56/136 55/55/137 36/36/133
f 57/57/138 56/56/139 36/36/107
f 58/58/140 57/57/141 36/36/142
f 59/59/143 58/58/144 36/36/145
f 60/60/146 59/59/147 36/36/148
f 61/61/149 60/60/150 36/36/87
f 62/62/151 61/61/152 36/36/153
f 63/63/154 62/62/155 36/36/156
f 64/64/157 63/63/158 36/36/87
f 65/65/159 64/64/160 36/36/161
f 66/66/162 65/65/163 36/36/153
f 35/35/164 66/66/165 36/36/166
f 1/1/7 33/33/167 2/2/168
f 38/38/169 34/34/170 36/36/96
f 67/67/171 68/68/172 69/69/173
f 67/67/171 69/69/174 70/70/175
f 71/71/176 72/72/177 73/73/178
f 71/71/179 73/73/180 74/74/181
f 70/70/182 69/69/183 75/75/184
f 70/70/185 75/75/186 76/76/187
f 77/77/188 70/70/189 76/76/190
f 77/77/191 76/76/192 78/78/193
f 72/72/194 79/79/195 77/77/196
f 72/72/197 77/77/198 73/73/199
f 80/80/200 81/81/201 82/82/202
f 80/80/203 82/82/204 83/83/205
f 73/73/206 77/77/207 78/78/208
f 73/73/209 78/78/210 84/84/211
f 74/74/212 73/73/199 84/84/213
f 74/74/214 84/84/215 85/85/216
f 81/81/217 71/71/218 74/74/219
f 81/81/220 74/74/221 82/82/204
f 86/86/222 87/87/223 88/88/224
f 86/86/225 88/88/226 89/89/227
f 82/82/228 74/74/229 85/85/230
f 82/82/231 85/85/232 90/90/233
f 83/83/234 82/82/235 90/90/236
f 83/83/237 90/90/238 91/91/239
f 87/87/240 80/80/241 83/83/242
f 87/87/243 83/83/244 88/88/245
f 92/92/246 93/93/247 94/94/248
f 92/92/249 94/94/250 95/95/251
f 88/88/252 83/83/244 91/91/253
f 88/88/254 91/91/255 96/96/256
f 89/89/257 88/88/258 96/96/259
f 89/89/260 96/96/261 97/97/262
f 93/93/263 86/86/264 89/89/265
f 93/93/266 89/89/267 94/94/268
f 98/98/269 99/99/270 100/100/271
f 98/98/272 100/100/273 101/101/274
f 94/94/275 89/89/276 97/97/277
f 94/94/278 97/97/279 102/102/280
f 95/95/281 94/94/250 102/102/282
f 95/95/283 102/102/284 103/103/285
f 99/99/286 92/92/287 95/95/288
f 99/99/289 95/95/290 100/100/291
f 104/104/292 105/105/293 106/106/294
f 104/104/295 106/106/296 107/107/297
f 100/100/298 95/95/290 103/103/299
f 100/100/300 103/103/299 108/108/301
f 101/101/302 100/100/303 108/108/304
f 101/101/305 108/108/306 109/109/307
f 105/105/308 98/98/309 101/101/310
f 105/105/308 101/101/274 106/106/311
f 110/110/312 111/111/313 112/112/314
f 110/110/315 112/112/316 113/113/317
f 106/106/318 101/101/319 109/109/320
f 106/106/321 109/109/322 114/114/323
f 107/107/324 106/106/325 114/114/326
f 107/107/327 114/114/328 115/115/329
f 111/111/330 104/104/295 107/107/331
f 111/111/332 107/107/333 112/112/334
f 116/116/335 117/117/336 118/118/337
f 116/116/338 118/118/339 119/119/340
f 112/112/341 107/107/327 115/115/342
f 112/112/343 115/115/344 120/120/345
f 113/113/346 112/112/347 120/120/348
f 113/113/349 120/120/350 121/121/351
f 117/117/352 110/110/353 113/113/354
f 117/117/355 113/113/356 118/118/357
f 122/122/358 123/123/359 124/124/360
f 122/122/361 124/124/362 125/125/363
f 118/118/364 113/113/365 121/121/366
f 118/118/367 121/121/368 126/126/369
f 119/119/370 118/118/371 126/126/372
f 119/119/373 126/126/374 127/127/375
f 123/123/376 116/116/377 119/119/378
f 123/123/379 119/119/340 124/124/380
f 128/128/381 129/129/382 130/130/383
f 128/128/384 130/130/385 131/131/386
f 124/124/387 119/119/388 127/127/389
f 124/124/390 127/127/391 132/132/392
f 125/125/393 124/124/394 132/132/395
f 125/125/396 132/132/397 133/133/398
f 129/129/399 122/122/400 125/125/401
f 129/129/402 125/125/403 130/130/404
f 134/134/405 135/135/406 136/136/407
f 134/134/408 136/136/409 137/137/410
f 130/130/411 125/125/412 133/133/413
f 130/130/383 133/133/414 138/138/415
f 131/131/416 130/130/417 138/138/418
f 131/131/419 138/138/420 139/139/421
f 135/135/422 128/128/423 131/131/419
f 135/135/424 131/131/425 136/136/426
f 140/140/427 141/141/428 142/142/429
f 140/140/430 142/142/431 143/143/432
f 136/136/433 131/131/434 139/139/435
f 136/136/436 139/139/437 144/144/438
f 137/137/439 136/136/440 144/144/441
f 137/137/442 144/144/443 145/145/444
f 141/141/445 134/134/446 137/137/447
f 141/141/448 137/137/439 142/142/449
f 146/146/450 147/147/451 148/148/452
f 146/146/453 148/148/454 149/149/455
f 142/142/456 137/137/457 145/145/458
f 142/142/459 145/145/460 150/150/461
f 143/143/462 142/142/463 150/150/464
f 143/143/465 150/150/466 151/151/467
f 147/147/468 140/140/469 143/143/470
f 147/147/471 143/143/472 148/148/473
f 152/152/474 153/153/475 154/154/476
f 152/152/477 154/154/478 155/155/479
f 148/148/480 143/143/481 151/151/482
f 148/148/483 151/151/484 156/156/485
f 149/149/486 148/148/487 156/156/488
f 149/149/489 156/156/490 157/157/491
f 153/153/492 146/146/493 149/149/494
f 153/153/495 149/149/496 154/154/497
f 68/68/498 158/158/499 159/159/500
f 68/68/501 159/159/502 69/69/503
f 154/154/504 149/149/505 157/157/506
f 154/154/507 157/157/508 160/160/509
f 155/155/510 154/154/511 160/160/512
f 155/155/513 160/160/514 161/161/515
f 158/158/516 152/152/517 155/155/518
f 158/158/519 155/155/518 159/159/520
f 159/159/521 155/155/510 161/161/522
f 159/159/523 161/161/524 162/162/525
f 69/69/526 159/159/527 162/162/528
f 69/69/529 162/162/530 75/75/531
f 79/79/532 67/67/533 70/70/534
f 79/79/535 70/70/536 77/77/537
f 163/163/538 164/164/539 67/67/540
f 163/163/541 67/67/542 79/79/543
f 164/164/544 165/165/545 68/68/546
f 164/164/547 68/68/548 67/67/549
f 166/166/550 167/167/551 72/72/552
f 166/166/553 72/72/554 71/71/555
f 167/167/556 163/163/557 79/79/558
f 167/167/559 79/79/560 72/72/561
f 168/168/562 169/169/563 81/81/220
f 168/168/564 81/81/565 80/80/566
f 169/169/567 166/166/568 71/71/218
f 169/169/567 71/71/569 81/81/201
f 170/170/570 171/171/571 87/87/572
f 170/170/573 87/87/574 86/86/575
f 171/171/576 168/168/577 80/80/578
f 171/171/579 80/80/580 87/87/581
f 172/172/582 173/173/583 93/93/266
f 172/172/584 93/93/585 92/92/249
f 173/173/586 170/170/587 86/86/588
f 173/173/589 86/86/590 93/93/591
f 174/174/592 175/175/593 99/99/594
f 174/174/595 99/99/596 98/98/597
f 175/175/598 172/172/599 92/92/246
f 175/175/600 92/92/601 99/99/602
f 176/176/603 177/177/604 105/105/605
f 176/176/606 105/105/607 104/104/608
f 177/177/609 174/174/610 98/98/309
f 177/177/611 98/98/612 105/105/613
f 178/178/614 179/179/615 111/111/616
f 178/178/617 111/111/618 110/110/619
f 179/179/620 176/176/621 104/104/622
f 179/179/623 104/104/624 111/111/625
f 180/180/626 181/181/627 117/117/628
f 180/180/626 117/117/629 116/116/630
f 181/181/631 178/178/632 110/110/633
f 181/181/634 110/110/635 117/117/636
f 182/182/637 183/183/638 123/123/639
f 182/182/640 123/123/641 122/122/642
f 183/183/643 180/180/626 116/116/644
f 183/183/645 116/116/646 123/123/647
f 184/184/648 185/185/649 129/129/650
f 184/184/651 129/129/652 128/128/653
f 185/185/654 182/182/655 122/122/358
f 185/185/656 122/122/657 129/129/658
f 186/186/659 187/187/660 135/135/661
f 186/186/662 135/135/424 134/134/663
f 187/187/664 184/184/665 128/128/384
f 187/187/666 128/128/384 135/135/667
f 188/188/668 189/189/669 141/141/670
f 188/188/671 141/141/672 140/140/673
f 189/189/669 186/186/674 134/134/663
f 189/189/675 134/134/676 141/141/677
f 190/190/678 191/191/679 147/147/680
f 190/190/681 147/147/680 146/146/682
f 191/191/679 188/188/683 140/140/684
f 191/191/685 140/140/686 147/147/680
f 192/192/687 193/193/688 153/153/689
f 192/192/690 153/153/691 152/152/692
f 193/193/693 190/190/694 146/146/695
f 193/193/696 146/146/697 153/153/698
f 165/165/699 194/194/700 158/158/701
f 165/165/702 158/158/703 68/68/704
f 195/195/705 196/196/706 197/197/707
f 195/195/708 197/197/709 198/198/710
f 199/199/711 200/200/712 201/201/713
f 199/199/714 201/201/715 202/202/716
f 203/203/717 199/199/718 202/202/719
f 203/203/720 202/202/721 204/204/722
f 205/205/723 203/203/724 204/204/725
f 205/205/726 204/204/722 206/206/727
f 207/207/728 205/205/729 206/206/730
f 207/207/731 206/206/732 208/208/733
f 209/209/734 207/207/735 208/208/736
f 209/209/737 208/208/738 210/210/739
f 211/211/740 209/209/741 210/210/742
f 211/211/743 210/210/742 212/212/744
f 213/213/745 211/211/746 212/212/747
f 213/213/748 212/212/749 214/214/750
f 215/215/751 213/213/752 214/214/753
f 215/215/754 214/214/755 216/216/756
f 217/217/757 215/215/758 216/216/759
f 217/217/760 216/216/761 218/218/762
f 219/219/763 217/217/760 218/218/762
f 219/219/763 218/218/764 220/220/765
f 221/221/766 219/219/767 220/220/768
f 221/221/769 220/220/770 222/222/771
f 223/223/772 221/221/773 222/222/774
f 223/223/775 222/222/776 224/224/777
f 225/225/778 223/223/779 224/224/780
f 225/225/781 224/224/782 226/226/783
f 227/227/784 225/225/785 226/226/786
f 227/227/787 226/226/788 228/228/789
f 229/229/790 227/227/791 228/228/792
f 229/229/793 228/228/794 230/230/795
f 231/231/796 229/229/797 230/230/798
f 231/231/796 230/230/798 232/232/799
f 233/233/800 234/234/801 235/235/802
f 233/233/803 235/235/804 236/236/805
f 237/237/806 233/233/807 236/236/808
f 237/237/809 236/236/810 238/238/811
f 239/239/812 237/237/813 238/238/814
f 239/239/815 238/238/816 240/240/817
f 241/241/818 239/239/819 240/240/820
f 241/241/821 240/240/822 242/242/823
f 243/243/824 241/241/825 242/242/826
f 243/243/827 242/242/828 244/244/829
f 245/245/830 243/243/831 244/244/829
f 245/245/832 244/244/833 246/246/834
f 247/247/835 245/245/836 246/246/837
f 247/247/838 246/246/837 248/248/839
f 249/249/840 247/247/841 248/248/842
f 249/249/840 248/248/843 250/250/844
f 251/251/845 249/249/846 250/250/844
f 251/251/847 250/250/848 252/252/849
f 253/253/850 251/251/851 252/252/852
f 253/253/853 252/252/854 254/254/855
f 255/255/856 253/253/857 254/254/858
f 255/255/859 254/254/860 256/256/861
f 257/257/862 255/255/859 256/256/863
f 257/257/864 256/256/865 258/258/866
f 259/259/867 257/257/868 258/258/869
f 259/259/870 258/258/871 260/260/872
f 196/196/873 259/259/874 260/260/875
f 196/196/876 260/260/877 261/261/878
f 197/197/879 196/196/880 261/261/881
f 197/197/707 261/261/882 262/262/883
f 200/200/884 197/197/885 262/262/886
f 200/200/887 262/262/888 201/201/889
f 263/263/890 264/264/891 265/265/892
f 263/263/893 265/265/894 266/266/895
f 267/267/896 268/268/897 263/263/898
f 267/267/899 263/263/900 266/266/901
f 269/269/902 270/270/903 271/271/904
f 269/269/905 271/271/906 272/272/907
f 265/265/908 264/264/909 269/269/902
f 265/265/908 269/269/910 272/272/911
f 273/273/912 274/274/913 275/275/914
f 273/273/915 275/275/916 276/276/917
f 271/271/918 270/270/919 273/273/920
f 271/271/921 273/273/922 276/276/923
f 277/277/924 278/278/925 279/279/926
f 277/277/927 279/279/928 280/280/929
f 275/275/930 274/274/931 277/277/927
f 275/275/930 277/277/924 280/280/932
f 281/281/933 282/282/934 283/283/935
f 281/281/936 283/283/937 284/284/938
f 279/279/939 278/278/940 281/281/941
f 279/279/942 281/281/943 284/284/944
f 285/285/945 286/286/946 287/287/947
f 285/285/948 287/287/949 288/288/950
f 283/283/951 282/282/952 285/285/948
f 283/283/953 285/285/954 288/288/955
f 289/289/956 290/290/957 291/291/958
f 289/289/959 291/291/958 292/292/960
f 287/287/961 286/286/962 289/289/963
f 287/287/964 289/289/965 292/292/966
f 293/293/967 294/294/968 295/295/969
f 293/293/970 295/295/971 296/296/972
f 291/291/973 290/290/974 293/293/975
f 291/291/976 293/293/975 296/296/977
f 297/297/978 298/298/979 299/299/980
f 297/297/981 299/299/982 300/300/983
f 295/295/971 294/294/984 297/297/985
f 295/295/986 297/297/978 300/300/987
f 301/301/988 302/302/989 303/303/990
f 301/301/991 303/303/992 304/304/993
f 299/299/994 298/298/995 301/301/996
f 299/299/997 301/301/998 304/304/999
f 305/305/1000 306/306/1001 307/307/1002
f 305/305/1003 307/307/1004 308/308/1005
f 303/303/1006 302/302/1007 305/305/1008
f 303/303/1009 305/305/1010 308/308/1011
f 309/309/1012 310/310/1013 311/311/1014
f 309/309/1015 311/311/1016 312/312/1017
f 307/307/1002 306/306/1018 309/309/1019
f 307/307/1020 309/309/1021 312/312/1022
f 313/313/1023 314/314/1024 315/315/1025
f 313/313/1026 315/315/1027 316/316/1028
f 311/311/1029 310/310/1030 313/313/1031
f 311/311/1032 313/313/1033 316/316/1034
f 317/317/1035 318/318/1036 319/319/1037
f 317/317/1038 319/319/1039 320/320/1040
f 315/315/1041 314/314/1042 317/317/1043
f 315/315/1044 317/317/1045 320/320/1046
f 321/321/1047 322/322/1048 323/323/1049
f 321/321/1050 323/323/1051 324/324/1052
f 319/319/1053 318/318/1054 321/321/1047
f 319/319/1055 321/321/1056 324/324/1057
f 325/325/1058 326/326/1059 327/327/1060
f 325/325/1061 327/327/1062 328/328/1063
f 323/323/1064 322/322/1065 329/329/1066
f 323/323/1051 329/329/1066 330/330/1067
f 2/2/1068 33/33/1069 330/330/1070
f 2/2/1071 330/330/1072 267/267/1073
f 3/3/5 2/2/1074 267/267/1075
f 3/3/5 267/267/1076 266/266/1077
f 4/4/1078 3/3/1079 266/266/1080
f 4/4/1081 266/266/1082 265/265/1083
f 5/5/11 4/4/1084 265/265/1085
f 5/5/1086 265/265/1087 272/272/1088
f 6/6/14 5/5/9 272/272/1089
f 6/6/14 272/272/1090 271/271/1091
f 7/7/15 6/6/1092 271/271/1093
f 7/7/1094 271/271/1095 276/276/1096
f 8/8/1097 7/7/1098 276/276/1099
f 8/8/20 276/276/1100 275/275/1101
f 9/9/1102 8/8/1103 275/275/1104
f 9/9/1105 275/275/1106 280/280/1107
f 10/10/1108 9/9/1109 280/280/1110
f 10/10/1111 280/280/1112 279/279/1113
f 11/11/1114 10/10/26 279/279/1115
f 11/11/1116 279/279/1113 284/284/1117
f 12/12/1118 11/11/1119 284/284/1120
f 12/12/1121 284/284/1122 283/283/1123
f 13/13/1124 12/12/1118 283/283/1125
f 13/13/1126 283/283/1127 288/288/1128
f 14/14/1129 13/13/1130 288/288/1131
f 14/14/1132 288/288/1133 287/287/1134
f 15/15/1135 14/14/1136 287/287/1134
f 15/15/1137 287/287/1138 292/292/1139
f 16/16/1140 15/15/1141 292/292/1142
f 16/16/1143 292/292/1144 291/291/1145
f 17/17/43 16/16/1146 291/291/1147
f 17/17/43 291/291/1148 296/296/1149
f 18/18/1150 17/17/1151 296/296/1152
f 18/18/46 296/296/1153 295/295/1154
f 19/19/1155 18/18/1150 295/295/1156
f 19/19/1157 295/295/1158 300/300/1159
f 20/20/1160 19/19/1161 300/300/1162
f 20/20/1163 300/300/1164 299/299/1165
f 21/21/1166 20/20/1167 299/299/1168
f 21/21/1169 299/299/1170 304/304/1171
f 22/22/54 21/21/52 304/304/1172
f 22/22/1173 304/304/1174 303/303/1175
f 23/23/1176 22/22/1177 303/303/1006
f 23/23/1178 303/303/1179 308/308/1180
f 24/24/57 23/23/1181 308/308/1182
f 24/24/1183 308/308/1184 307/307/1185
f 25/25/1186 24/24/1187 307/307/1188
f 25/25/1189 307/307/1190 312/312/1191
f 26/26/1192 25/25/1193 312/312/1194
f 26/26/1195 312/312/1196 311/311/1197
f 27/27/1198 26/26/1199 311/311/1200
f 27/27/1201 311/311/1202 316/316/1203
f 28/28/1204 27/27/1201 316/316/1205
f 28/28/1206 316/316/1205 315/315/1207
f 29/29/1208 28/28/1209 315/315/1210
f 29/29/1211 315/315/1207 320/320/1212
f 30/30/1213 29/29/1214 320/320/1215
f 30/30/1216 320/320/1217 319/319/1218
f 31/31/1219 30/30/74 319/319/1220
f 31/31/1221 319/319/1220 324/324/1222
f 32/32/1223 31/31/1224 324/324/1225
f 32/32/1223 324/324/1226 323/323/1227
f 33/33/1228 32/32/1229 323/323/1230
f 33/33/1231 323/323/1232 330/330/1233
f 201/201/1234 262/262/1235 331/331/1236
f 201/201/1237 331/331/1238 332/332/1239
f 262/262/1240 261/261/1241 333/333/1242
f 262/262/1243 333/333/1244 331/331/1236
f 261/261/1245 260/260/1246 334/334/1247
f 261/261/1241 334/334/1248 333/333/1249
f 260/260/1250 258/258/1251 335/335/1252
f 260/260/1253 335/335/1254 334/334/1255
f 258/258/1256 256/256/1257 336/336/1258
f 258/258/1259 336/336/1260 335/335/1261
f 256/256/1262 254/254/1263 337/337/1264
f 256/256/1265 337/337/1266 336/336/1267
f 254/254/1268 252/252/1269 338/338/1270
f 254/254/1271 338/338/1272 337/337/1273
f 252/252/1274 250/250/1275 339/339/1276
f 252/252/1277 339/339/1278 338/338/1279
f 250/250/1280 248/248/1281 340/340/1282
f 250/250/1283 340/340/1284 339/339/1285
f 248/248/1286 246/246/1287 341/341/1288
f 248/248/1289 341/341/1290 340/340/1291
f 246/246/1292 244/244/1293 342/342/1294
f 246/246/1295 342/342/1296 341/341/1297
f 244/244/1298 242/242/1299 343/343/1300
f 244/244/1301 343/343/1302 342/342/1303
f 242/242/1304 240/240/1305 344/344/1306
f 242/242/1307 344/344/1308 343/343/1309
f 240/240/1310 238/238/1311 345/345/1312
f 240/240/1313 345/345/1314 344/344/1315
f 238/238/1316 236/236/1317 346/346/1318
f 238/238/1316 346/346/1319 345/345/1320
f 236/236/1321 235/235/1322 347/347/1323
f 236/236/1324 347/347/1325 346/346/1326
f 232/232/1327 230/230/1328 348/348/1329
f 232/232/1325 348/348/1330 349/349/1331
f 230/230/1332 228/228/1333 350/350/1334
f 230/230/1335 350/350/1336 348/348/1337
f 228/228/1338 226/226/1339 351/351/1340
f 228/228/1341 351/351/1342 350/350/1343
f 226/226/1344 224/224/1345 352/352/1346
f 226/226/1344 352/352/1347 351/351/1348
f 224/224/1349 222/222/1350 353/353/1351
f 224/224/1352 353/353/1353 352/352/1354
f 222/222/1355 220/220/1356 354/354/1357
f 222/222/1358 354/354/1359 353/353/1360
f 220/220/1361 218/218/1362 355/355/1363
f 220/220/1364 355/355/1365 354/354/1366
f 218/218/1367 216/216/1368 356/356/1369
f 218/218/1370 356/356/1371 355/355/1372
f 216/216/1373 214/214/1374 357/357/1375
f 216/216/1373 357/357/1376 356/356/1377
f 214/214/1378 212/212/744 358/358/1379
f 214/214/1380 358/358/1381 357/357/1376
f 212/212/1382 210/210/742 359/359/1383
f 212/212/1382 359/359/1384 358/358/1385
f 210/210/1386 208/208/1387 360/360/1388
f 210/210/1389 360/360/1390 359/359/1391
f 208/208/1392 206/206/1393 361/361/1394
f 208/208/1395 361/361/1396 360/360/1397
f 206/206/1398 204/204/1399 362/362/1400
f 206/206/1401 362/362/1402 361/361/1403
f 204/204/1404 202/202/1405 363/363/1406
f 204/204/1407 363/363/1408 362/362/1402
f 202/202/1409 201/201/1410 332/332/1411
f 202/202/1412 332/332/1410 363/363/1413
f 364/364/1414 365/365/1415 366/366/1416
f 364/364/1417 366/366/1418 367/367/1419
f 327/327/1420 326/326/1421 368/368/1422
f 327/327/1423 368/368/1424 369/369/1425
f 370/370/1426 371/371/1427 372/372/1428
f 370/370/1429 372/372/1430 373/373/1431
f 366/366/1432 365/365/1433 325/325/1434
f 366/366/1435 325/325/1436 328/328/1437
f 374/374/1438 375/375/1439 376/376/1440
f 374/374/1438 376/376/1441 377/377/1442
f 372/372/1443 371/371/1444 364/364/1445
f 372/372/1446 364/364/1447 367/367/1448
f 378/378/1449 379/379/1450 380/380/1451
f 378/378/1452 380/380/1453 381/381/1454
f 376/376/1455 375/375/1456 370/370/1457
f 376/376/1458 370/370/1429 373/373/1459
f 382/382/1460 383/383/1461 384/384/1462
f 382/382/1463 384/384/1464 385/385/1465
f 380/380/1466 379/379/1467 374/374/1468
f 380/380/1469 374/374/1468 377/377/1470
f 386/386/1471 387/387/1472 388/388/1473
f 386/386/1474 388/388/1475 389/389/1476
f 384/384/1477 383/383/1478 378/378/1479
f 384/384/1480 378/378/1481 381/381/1482
f 390/390/1483 391/391/1484 392/392/1485
f 390/390/1486 392/392/1487 393/393/1488
f 388/388/1489 387/387/1490 382/382/1491
f 388/388/1492 382/382/1463 385/385/1493
f 394/394/1494 395/395/1495 396/396/1496
f 394/394/1497 396/396/1498 397/397/1499
f 392/392/1500 391/391/1501 386/386/1502
f 392/392/1503 386/386/1504 389/389/1505
f 398/398/1506 399/399/1507 400/400/1508
f 398/398/1509 400/400/1510 401/401/1511
f 396/396/1512 395/395/1513 402/402/1514
f 396/396/1515 402/402/1483 403/403/1516
f 404/404/1517 405/405/1518 406/406/1519
f 404/404/1520 406/406/1521 407/407/1522
f 400/400/1523 399/399/1524 394/394/1525
f 400/400/1526 394/394/1527 397/397/1528
f 408/408/1529 409/409/1530 410/410/1531
f 408/408/1532 410/410/1533 411/411/1534
f 406/406/1535 405/405/1536 398/398/1537
f 406/406/1538 398/398/1539 401/401/1540
f 412/412/1541 413/413/1542 414/414/1543
f 412/412/1544 414/414/1545 415/415/1546
f 410/410/1547 409/409/1548 404/404/1549
f 410/410/1550 404/404/1551 407/407/1552
f 416/416/1553 417/417/1554 418/418/1555
f 416/416/1556 418/418/1557 419/419/1558
f 414/414/1559 413/413/1560 408/408/1532
f 414/414/1559 408/408/1561 411/411/1562
f 420/420/1563 421/421/1564 422/422/1565
f 420/420/1566 422/422/1565 423/423/1567
f 418/418/1568 417/417/1569 412/412/1570
f 418/418/1571 412/412/1572 415/415/1546
f 369/369/1573 368/368/1574 424/424/1575
f 369/369/1576 424/424/1577 425/425/1578
f 422/422/1579 421/421/1580 416/416/1581
f 422/422/1582 416/416/1583 419/419/1584
f 195/195/1585 198/198/1586 326/326/1587
f 195/195/1588 326/326/1587 325/325/1589
f 425/425/1590 424/424/1591 420/420/1592
f 425/425/1578 420/420/1593 423/423/1594
f 426/426/1595 427/427/1596 365/365/1415
f 426/426/1597 365/365/1598 364/364/1599
f 326/326/1600 198/198/1601 428/428/1602
f 326/326/1603 428/428/1604 368/368/1605
f 429/429/1606 430/430/1607 371/371/1608
f 429/429/1609 371/371/1610 370/370/1611
f 365/365/1612 427/427/1613 195/195/1614
f 365/365/1615 195/195/1616 325/325/1617
f 431/431/1618 432/432/1619 375/375/1620
f 431/431/1621 375/375/1622 374/374/1438
f 371/371/1623 430/430/1624 426/426/1625
f 371/371/1626 426/426/1627 364/364/1417
f 433/433/1628 434/434/1629 379/379/1630
f 433/433/1631 379/379/1632 378/378/1633
f 375/375/1634 432/432/1635 429/429/1636
f 375/375/1634 429/429/1637 370/370/1638
f 435/435/1639 436/436/1640 383/383/1478
f 435/435/1641 383/383/1642 382/382/1643
f 379/379/1630 434/434/1644 431/431/1645
f 379/379/1630 431/431/1646 374/374/1647
f 437/437/1648 438/438/1649 387/387/1650
f 437/437/1651 387/387/1652 386/386/1653
f 383/383/1654 436/436/1655 433/433/1656
f 383/383/1478 433/433/1657 378/378/1658
f 439/439/1659 440/440/1660 391/391/1661
f 439/439/1662 391/391/1663 390/390/1664
f 387/387/1665 438/438/1666 435/435/1667
f 387/387/1668 435/435/1669 382/382/1670
f 441/441/1671 442/442/1672 395/395/1673
f 441/441/1674 395/395/1495 394/394/1675
f 391/391/1676 440/440/1677 437/437/1678
f 391/391/1661 437/437/1679 386/386/1680
f 443/443/1681 444/444/1682 399/399/1683
f 443/443/1684 399/399/1685 398/398/1686
f 395/395/1687 442/442/1688 445/445/1689
f 395/395/1690 445/445/1691 402/402/1692
f 446/446/1693 447/447/1694 405/405/1695
f 446/446/1693 405/405/1696 404/404/1697
f 399/399/1698 444/444/1699 441/441/1700
f 399/399/1701 441/441/1702 394/394/1703
f 448/448/1704 449/449/1705 409/409/1706
f 448/448/1707 409/409/1708 408/408/1709
f 405/405/1710 447/447/1711 443/443/1712
f 405/405/1536 443/443/1713 398/398/1714
f 450/450/1715 451/451/1716 413/413/1717
f 450/450/1718 413/413/1719 412/412/1720
f 409/409/1721 449/449/1722 446/446/1723
f 409/409/1724 446/446/1725 404/404/1726
f 452/452/1727 453/453/1728 417/417/1729
f 452/452/1730 417/417/1731 416/416/1583
f 413/413/1732 451/451/1733 448/448/1704
f 413/413/1732 448/448/1704 408/408/1532
f 454/454/1734 455/455/1735 421/421/1736
f 454/454/1737 421/421/1738 420/420/1739
f 417/417/1740 453/453/1741 450/450/1742
f 417/417/1743 450/450/1744 412/412/1745
f 368/368/1746 428/428/1747 456/456/1748
f 368/368/1749 456/456/1748 424/424/1750
f 421/421/1751 455/455/1752 452/452/1753
f 421/421/1564 452/452/1754 416/416/1755
f 424/424/1756 456/456/1757 454/454/1758
f 424/424/1759 454/454/1760 420/420/1761
f 426/426/1595 257/257/1762 259/259/867
f 426/426/1763 259/259/1764 427/427/1613
f 198/198/1765 197/197/1766 200/200/1767
f 198/198/1768 200/200/1769 428/428/1770
f 429/429/1771 253/253/1772 255/255/1773
f 429/429/1774 255/255/859 430/430/1775
f 427/427/1776 259/259/1777 196/196/1778
f 427/427/1779 196/196/1780 195/195/1781
f 431/431/1782 249/249/1783 251/251/1784
f 431/431/1621 251/251/1785 432/432/1786
f 430/430/1787 255/255/1788 257/257/1789
f 430/430/1790 257/257/864 426/426/1791
f 433/433/1792 245/245/1793 247/247/838
f 433/433/1794 247/247/1795 434/434/1796
f 432/432/1786 251/251/847 253/253/1772
f 432/432/1797 253/253/850 429/429/1798
f 435/435/1799 241/241/1800 243/243/1801
f 435/435/1802 243/243/1803 436/436/1804
f 434/434/1805 247/247/1806 249/249/1807
f 434/434/1808 249/249/1783 431/431/1645
f 437/437/1809 237/237/1810 239/239/1811
f 437/437/1651 239/239/1812 438/438/1813
f 436/436/1814 243/243/1815 245/245/1816
f 436/436/1817 245/245/1818 433/433/1792
f 439/439/1819 234/234/1820 233/233/1821
f 439/439/1822 233/233/1823 440/440/1824
f 438/438/1825 239/239/1826 241/241/1827
f 438/438/1828 241/241/1829 435/435/1830
f 441/441/1831 227/227/1832 229/229/793
f 441/441/1833 229/229/1834 442/442/1835
f 440/440/1836 233/233/1837 237/237/1838
f 440/440/1839 237/237/1840 437/437/1841
f 443/443/1713 223/223/1842 225/225/1843
f 443/443/1844 225/225/1845 444/444/1846
f 442/442/1847 229/229/1848 231/231/1849
f 442/442/1850 231/231/1851 445/445/1852
f 446/446/1693 219/219/1853 221/221/773
f 446/446/1854 221/221/1855 447/447/1856
f 444/444/1857 225/225/1858 227/227/1859
f 444/444/1860 227/227/1861 441/441/1862
f 448/448/1863 215/215/1864 217/217/1865
f 448/448/1863 217/217/1866 449/449/1867
f 447/447/1711 221/221/1868 223/223/1869
f 447/447/1711 223/223/1870 443/443/1871
f 450/450/1872 211/211/1873 213/213/752
f 450/450/1874 213/213/1875 451/451/1733
f 449/449/1722 217/217/760 219/219/1876
f 449/449/1877 219/219/1878 446/446/1879
f 452/452/1754 207/207/1880 209/209/1881
f 452/452/1754 209/209/1882 453/453/1883
f 451/451/1716 213/213/1884 215/215/1885
f 451/451/1886 215/215/1885 448/448/1887
f 454/454/1888 203/203/1889 205/205/1890
f 454/454/1891 205/205/729 455/455/1892
f 453/453/1893 209/209/1881 211/211/1894
f 453/453/1728 211/211/1895 450/450/1896
f 428/428/1897 200/200/1898 199/199/1899
f 428/428/1900 199/199/1901 456/456/1902
f 455/455/1903 205/205/1904 207/207/1905
f 455/455/1906 207/207/728 452/452/1907
f 194/194/1908 192/192/1909 152/152/1910
f 194/194/1911 152/152/1912 158/158/1913
f 456/456/1914 199/199/1915 203/203/1916
f 456/456/1917 203/203/1918 454/454/1919
f 330/330/1920 329/329/1921 268/268/1922
f 330/330/1067 268/268/1923 267/267/1924
f 457/457/1925 458/458/1926 459/459/1927
f 457/457/1928 459/459/1927 460/460/1929
f 461/461/1930 462/462/1931 463/463/1932
f 461/461/1933 463/463/1934 464/464/1935
f 458/458/1936 465/465/1937 466/466/1938
f 458/458/1939 466/466/1940 459/459/1941
f 467/467/1942 468/468/1943 465/465/1944
f 467/467/1945 465/465/1946 458/458/1947
f 464/464/1948 463/463/1949 467/467/1950
f 464/464/1951 467/467/1952 469/469/1953
f 470/470/1954 471/471/1955 472/472/1956
f 470/470/1957 472/472/1958 473/473/1959
f 463/463/1960 474/474/1961 468/468/1962
f 463/463/1963 468/468/1964 467/467/1965
f 462/462/1966 475/475/1967 474/474/1968
f 462/462/1969 474/474/1970 463/463/1971
f 473/473/1972 472/472/1973 462/462/1974
f 473/473/1975 462/462/1976 461/461/1977
f 476/476/1978 477/477/1979 478/478/1980
f 476/476/1981 478/478/1982 479/479/1983
f 472/472/1984 480/480/1985 475/475/1986
f 472/472/1987 475/475/1988 462/462/1989
f 471/471/1990 481/481/1991 480/480/1992
f 471/471/1993 480/480/1994 472/472/1995
f 479/479/1996 478/478/1997 471/471/1998
f 479/479/1999 471/471/2000 470/470/2001
f 482/482/2002 483/483/2003 484/484/2004
f 482/482/2005 484/484/2004 485/485/2006
f 478/478/2007 486/486/2008 481/481/2009
f 478/478/2010 481/481/2011 471/471/2012
f 477/477/1979 487/487/2013 486/486/2008
f 477/477/2014 486/486/2015 478/478/2016
f 485/485/2017 484/484/2018 477/477/1979
f 485/485/2006 477/477/2019 476/476/2020
f 488/488/2021 489/489/2022 490/490/2023
f 488/488/2024 490/490/2025 491/491/2026
f 484/484/2027 492/492/2028 487/487/2029
f 484/484/2030 487/487/2031 477/477/2032
f 483/483/2033 493/493/2034 492/492/2035
f 483/483/2033 492/492/2036 484/484/2037
f 491/491/2038 490/490/2039 483/483/2040
f 491/491/2041 483/483/2042 482/482/2043
f 494/494/2044 495/495/2045 496/496/2046
f 494/494/2047 496/496/2048 497/497/2049
f 490/490/2050 498/498/2051 493/493/2052
f 490/490/2053 493/493/2054 483/483/2055
f 489/489/2022 499/499/2056 498/498/2057
f 489/489/2058 498/498/2059 490/490/2060
f 497/497/2061 496/496/2046 489/489/2062
f 497/497/2063 489/489/2058 488/488/2064
f 500/500/2065 501/501/2066 502/502/2067
f 500/500/2068 502/502/2069 503/503/2070
f 496/496/2071 504/504/2072 499/499/2073
f 496/496/2074 499/499/2075 489/489/2022
f 495/495/2076 505/505/2077 504/504/2078
f 495/495/2079 504/504/2080 496/496/2081
f 503/503/2070 502/502/2082 495/495/2083
f 503/503/2084 495/495/2085 494/494/2086
f 506/506/2087 507/507/2088 508/508/2089
f 506/506/2090 508/508/2091 509/509/2092
f 502/502/2093 510/510/2094 505/505/2095
f 502/502/2096 505/505/2097 495/495/2098
f 501/501/2099 511/511/2100 510/510/2101
f 501/501/2102 510/510/2103 502/502/2096
f 509/509/2092 508/508/2104 501/501/2105
f 509/509/2106 501/501/2107 500/500/2108
f 512/512/2109 513/513/2110 514/514/2111
f 512/512/2112 514/514/2113 515/515/2114
f 508/508/2115 516/516/2116 511/511/2117
f 508/508/2118 511/511/2117 501/501/2119
f 507/507/2120 517/517/2121 516/516/2122
f 507/507/2123 516/516/2124 508/508/2125
f 515/515/2126 514/514/2127 507/507/2128
f 515/515/2126 507/507/2129 506/506/2130
f 518/518/2131 519/519/2132 520/520/2133
f 518/518/2134 520/520/2133 521/521/2135
f 514/514/2136 522/522/2137 517/517/2138
f 514/514/2139 517/517/2140 507/507/2141
f 513/513/2142 523/523/2143 522/522/2144
f 513/513/2145 522/522/2146 514/514/2147
f 521/521/2148 520/520/2149 513/513/2150
f 521/521/2151 513/513/2152 512/512/2109
f 524/524/2153 525/525/2154 526/526/2155
f 524/524/2153 526/526/2156 527/527/2157
f 520/520/2133 528/528/2158 523/523/2159
f 520/520/2160 523/523/2161 513/513/2162
f 519/519/2163 529/529/2164 528/528/2165
f 519/519/2132 528/528/2166 520/520/2167
f 527/527/2168 526/526/2169 519/519/2170
f 527/527/2171 519/519/2163 518/518/2172
f 530/530/2173 531/531/2174 532/532/2175
f 530/530/2176 532/532/2177 533/533/2178
f 526/526/2169 534/534/2179 529/529/2180
f 526/526/2181 529/529/2182 519/519/2183
f 525/525/2184 535/535/2185 534/534/2186
f 525/525/2187 534/534/2188 526/526/2189
f 533/533/2190 532/532/2175 525/525/2191
f 533/533/2192 525/525/2193 524/524/2194
f 536/536/2195 537/537/2196 538/538/2197
f 536/536/2198 538/538/2199 539/539/2200
f 532/532/2201 540/540/2202 535/535/2203
f 532/532/2204 535/535/2205 525/525/2206
f 531/531/2207 541/541/2208 540/540/2209
f 531/531/2210 540/540/2211 532/532/2175
f 539/539/2212 538/538/2213 531/531/2214
f 539/539/2215 531/531/2216 530/530/2217
f 542/542/2218 543/543/2219 544/544/2220
f 542/542/2221 544/544/2222 545/545/2223
f 538/538/2224 546/546/2225 541/541/2208
f 538/538/2226 541/541/2227 531/531/2216
f 537/537/2228 547/547/2229 546/546/2230
f 537/537/2231 546/546/2232 538/538/2233
f 545/545/2234 544/544/2235 537/537/2236
f 545/545/2237 537/537/2231 536/536/2238
f 460/460/2239 459/459/2240 548/548/2241
f 460/460/2242 548/548/2243 549/549/2244
f 544/544/2245 550/550/2246 547/547/2247
f 544/544/2248 547/547/2249 537/537/2250
f 543/543/2251 551/551/2252 550/550/2253
f 543/543/2254 550/550/2255 544/544/2256
f 549/549/2257 548/548/2258 543/543/2259
f 549/549/2260 543/543/2261 542/542/2262
f 548/548/2263 552/552/2264 551/551/2265
f 548/548/2266 551/551/2265 543/543/2267
f 459/459/2268 466/466/2269 552/552/2270
f 459/459/2271 552/552/2272 548/548/2273
f 469/469/1953 467/467/2274 458/458/2275
f 469/469/2276 458/458/2277 457/457/2278
f 553/553/2279 469/469/2280 457/457/2281
f 553/553/2279 457/457/2282 554/554/2283
f 554/554/2284 457/457/2285 460/460/2286
f 554/554/2287 460/460/2288 555/555/2289
f 556/556/2290 461/461/2291 464/464/2292
f 556/556/2293 464/464/2294 557/557/2295
f 557/557/2296 464/464/2297 469/469/2298
f 557/557/2299 469/469/2300 553/553/2301
f 558/558/2302 470/470/1954 473/473/2303
f 558/558/2304 473/473/2305 559/559/2306
f 559/559/2307 473/473/2303 461/461/1977
f 559/559/2308 461/461/2309 556/556/2310
f 560/560/2311 476/476/1978 479/479/2312
f 560/560/2313 479/479/2314 561/561/2315
f 561/561/2316 479/479/2317 470/470/2318
f 561/561/2319 470/470/2320 558/558/2321
f 562/562/2322 482/482/2323 485/485/2324
f 562/562/2325 485/485/2017 563/563/2326
f 563/563/2327 485/485/2328 476/476/2329
f 563/563/2330 476/476/2329 560/560/2331
f 564/564/2332 488/488/2333 491/491/2334
f 564/564/2335 491/491/2038 565/565/2336
f 565/565/2337 491/491/2338 482/482/2339
f 565/565/2340 482/482/2341 562/562/2342
f 566/566/2343 494/494/2344 497/497/2345
f 566/566/2346 497/497/2347 567/567/2348
f 567/567/2349 497/497/2350 488/488/2333
f 567/567/2351 488/488/2352 564/564/2353
f 568/568/2354 500/500/2355 503/503/2356
f 568/568/2357 503/503/2358 569/569/2359
f 569/569/2360 503/503/2361 494/494/2362
f 569/569/2363 494/494/2364 566/566/2365
f 570/570/2366 506/506/2367 509/509/2368
f 570/570/2369 509/509/2370 571/571/2371
f 571/571/2372 509/509/2373 500/500/2374
f 571/571/2375 500/500/2376 568/568/2354
f 572/572/2377 512/512/2378 515/515/2379
f 572/572/2380 515/515/2381 573/573/2382
f 573/573/2383 515/515/2384 506/506/2385
f 573/573/2382 506/506/2386 570/570/2387
f 574/574/2388 518/518/2389 521/521/2390
f 574/574/2391 521/521/2392 575/575/2393
f 575/575/2394 521/521/2395 512/512/2112
f 575/575/2396 512/512/2397 572/572/2380
f 576/576/2398 524/524/2399 527/527/2171
f 576/576/2400 527/527/2401 577/577/2402
f 577/577/2403 527/527/2404 518/518/2405
f 577/577/2406 518/518/2131 574/574/2407
f 578/578/2408 530/530/2409 533/533/2410
f 578/578/2411 533/533/2412 579/579/2413
f 579/579/2414 533/533/2415 524/524/2416
f 579/579/2417 524/524/2418 576/576/2419
f 580/580/2420 536/536/2421 539/539/2422
f 580/580/2423 539/539/2424 581/581/2425
f 581/581/2426 539/539/2427 530/530/2428
f 581/581/2429 530/530/2176 578/578/2430
f 582/582/2431 542/542/2432 545/545/2433
f 582/582/2434 545/545/2435 583/583/2436
f 583/583/2437 545/545/2438 536/536/2439
f 583/583/2440 536/536/2198 580/580/2441
f 555/555/2442 460/460/2288 549/549/2443
f 555/555/2444 549/549/2445 584/584/2446
f 585/585/2447 586/586/2448 587/587/2449
f 585/585/2450 587/587/2451 588/588/2452
f 585/585/2453 589/589/2454 590/590/2455
f 585/585/2456 590/590/2457 586/586/2458
f 591/591/2459 592/592/2460 590/590/2461
f 591/591/2462 590/590/2463 589/589/2464
f 591/591/2465 593/593/2466 594/594/2467
f 591/591/2468 594/594/2469 592/592/2470
f 595/595/2471 596/596/2472 594/594/2473
f 595/595/2474 594/594/2475 593/593/2476
f 595/595/2477 597/597/2478 598/598/2479
f 595/595/2480 598/598/2481 596/596/2482
f 599/599/2483 600/600/2484 598/598/2485
f 599/599/2486 598/598/2487 597/597/2488
f 599/599/2489 601/601/2490 602/602/2491
f 599/599/2492 602/602/2493 600/600/2494
f 603/603/2495 604/604/2496 602/602/2497
f 603/603/2498 602/602/2493 601/601/2499
f 603/603/2500 605/605/2501 606/606/2502
f 603/603/2498 606/606/2503 604/604/2504
f 607/607/2505 608/608/2506 606/606/2507
f 607/607/2508 606/606/2503 605/605/2509
f 607/607/2510 609/609/2511 610/610/2512
f 607/607/2513 610/610/2514 608/608/2515
f 611/611/2516 612/612/2517 610/610/2518
f 611/611/2519 610/610/2520 609/609/2521
f 611/611/2522 613/613/2523 614/614/2524
f 611/611/2525 614/614/2526 612/612/2527
f 615/615/2528 616/616/2529 617/617/2530
f 615/615/2531 617/617/2532 618/618/2533
f 615/615/2534 619/619/2535 620/620/2536
f 615/615/2537 620/620/2538 616/616/2539
f 621/621/2540 622/622/2541 620/620/2542
f 621/621/2543 620/620/2544 619/619/2545
f 621/621/2546 623/623/2547 624/624/2548
f 621/621/2549 624/624/2550 622/622/2551
f 625/625/2552 626/626/2553 624/624/2550
f 625/625/2554 624/624/2555 623/623/2556
f 625/625/2557 627/627/2558 628/628/2559
f 625/625/2560 628/628/2561 626/626/2562
f 629/629/2563 630/630/2564 628/628/2565
f 629/629/2566 628/628/2567 627/627/2568
f 629/629/2569 631/631/2570 632/632/2571
f 629/629/2572 632/632/2573 630/630/2574
f 633/633/2575 634/634/2576 632/632/2577
f 633/633/2575 632/632/2577 631/631/2578
f 633/633/2579 635/635/2580 636/636/2581
f 633/633/2582 636/636/2583 634/634/2584
f 637/637/2585 638/638/2586 636/636/2587
f 637/637/2588 636/636/2589 635/635/2590
f 637/637/2591 639/639/2592 640/640/2593
f 637/637/2594 640/640/2595 638/638/2596
f 641/641/2597 642/642/2598 640/640/2599
f 641/641/2600 640/640/2595 639/639/2601
f 641/641/2602 643/643/2603 644/644/2604
f 641/641/2605 644/644/2606 642/642/2607
f 645/645/2608 646/646/2609 644/644/2610
f 645/645/2611 644/644/2604 643/643/2612
f 645/645/2613 647/647/2614 648/648/2615
f 645/645/2616 648/648/2615 646/646/2617
f 649/649/2618 648/648/2619 647/647/2620
f 649/649/2621 647/647/2622 650/650/2623
f 651/651/2624 555/555/2625 584/584/2626
f 651/651/2627 584/584/2628 652/652/2629
f 652/652/2630 584/584/2631 582/582/2632
f 652/652/2633 582/582/2634 653/653/2635
f 653/653/2636 582/582/2637 583/583/2638
f 653/653/2639 583/583/2640 654/654/2641
f 654/654/2642 583/583/2643 580/580/2644
f 654/654/2645 580/580/2646 655/655/2647
f 655/655/2648 580/580/2649 581/581/2650
f 655/655/2651 581/581/2652 656/656/2653
f 656/656/2654 581/581/2652 578/578/2655
f 656/656/2656 578/578/2657 657/657/2658
f 657/657/2659 578/578/2660 579/579/2661
f 657/657/2662 579/579/2663 658/658/2664
f 658/658/2665 579/579/2666 576/576/2667
f 658/658/2668 576/576/2667 659/659/2669
f 659/659/2670 576/576/2671 577/577/2672
f 659/659/2673 577/577/2674 660/660/2675
f 660/660/2676 577/577/2677 574/574/2678
f 660/660/2679 574/574/2680 661/661/2681
f 661/661/2682 574/574/2683 575/575/2684
f 661/661/2685 575/575/2686 662/662/2687
f 662/662/2688 575/575/2689 572/572/2690
f 662/662/2687 572/572/2691 663/663/2692
f 663/663/2693 572/572/2694 573/573/2695
f 663/663/2696 573/573/2697 664/664/2698
f 664/664/2699 573/573/2700 570/570/2701
f 664/664/2698 570/570/2702 665/665/2703
f 665/665/2704 570/570/2705 571/571/2706
f 665/665/2707 571/571/2708 666/666/2709
f 666/666/2710 571/571/2711 568/568/2712
f 666/666/2713 568/568/2714 667/667/2715
f 667/667/2716 568/568/2717 569/569/2718
f 667/667/2719 569/569/2720 668/668/2721
f 668/668/2721 569/569/2722 566/566/2723
f 668/668/2724 566/566/2725 669/669/2726
f 669/669/2727 566/566/2728 567/567/2729
f 669/669/2730 567/567/2731 670/670/2732
f 670/670/2733 567/567/2734 564/564/2735
f 670/670/2736 564/564/2737 671/671/2738
f 671/671/2739 564/564/2740 565/565/2741
f 671/671/2738 565/565/2742 672/672/2743
f 672/672/2744 565/565/2745 562/562/2746
f 672/672/2747 562/562/2748 673/673/2749
f 673/673/2750 562/562/2751 563/563/2752
f 673/673/2753 563/563/2754 674/674/2755
f 674/674/2756 563/563/2757 560/560/2758
f 674/674/2759 560/560/2760 675/675/2761
f 675/675/2762 560/560/2763 561/561/2764
f 675/675/2765 561/561/2766 676/676/2767
f 676/676/2768 561/561/2769 558/558/2770
f 676/676/2771 558/558/2770 677/677/2772
f 677/677/2773 558/558/2774 559/559/2775
f 677/677/2776 559/559/2777 678/678/2778
f 678/678/2779 559/559/2780 556/556/2781
f 678/678/2779 556/556/2782 679/679/2783
f 679/679/2784 556/556/2785 557/557/2786
f 679/679/2787 557/557/2788 680/680/2789
f 680/680/2790 557/557/2791 553/553/2792
f 680/680/2793 553/553/2794 681/681/2795
f 681/681/2796 553/553/2797 554/554/2798
f 681/681/2796 554/554/2799 682/682/2800
f 682/682/2801 554/554/2802 555/555/2803
f 682/682/2804 555/555/2805 651/651/2806
f 584/584/2807 549/549/2808 542/542/2809
f 584/584/2810 542/542/2811 582/582/2812
f 78/78/2813 76/76/2814 683/683/2815
f 78/78/2816 683/683/2817 684/684/2818
f 76/76/2819 75/75/2820 685/685/2821
f 76/76/2822 685/685/2823 683/683/2824
f 85/85/2825 84/84/2826 686/686/2827
f 85/85/2828 686/686/2829 687/687/2830
f 84/84/2831 78/78/2832 684/684/2833
f 84/84/2826 684/684/2834 686/686/2829
f 91/91/2835 90/90/2836 688/688/2837
f 91/91/2838 688/688/2839 689/689/2840
f 90/90/2841 85/85/2842 687/687/2843
f 90/90/2844 687/687/2845 688/688/2846
f 97/97/2847 96/96/2848 690/690/2849
f 97/97/2847 690/690/2850 691/691/2851
f 96/96/2852 91/91/2853 689/689/2854
f 96/96/2855 689/689/2856 690/690/2857
f 103/103/2858 102/102/2859 692/692/2860
f 103/103/2861 692/692/2862 693/693/2863
f 102/102/2864 97/97/2865 691/691/2866
f 102/102/2864 691/691/2867 692/692/2860
f 109/109/2868 108/108/2869 694/694/2870
f 109/109/2871 694/694/2872 695/695/2873
f 108/108/2874 103/103/2875 693/693/2876
f 108/108/2869 693/693/2877 694/694/2878
f 115/115/2879 114/114/2880 696/696/2881
f 115/115/2879 696/696/2882 697/697/2883
f 114/114/2884 109/109/2885 695/695/2886
f 114/114/2887 695/695/2888 696/696/2889
f 121/121/2890 120/120/2891 698/698/2892
f 121/121/2893 698/698/2894 699/699/2893
f 120/120/2895 115/115/2896 697/697/2897
f 120/120/2898 697/697/2899 698/698/2900
f 127/127/2901 126/126/2902 700/700/2903
f 127/127/2904 700/700/2905 701/701/2906
f 126/126/2907 121/121/2908 699/699/2909
f 126/126/2910 699/699/2911 700/700/2912
f 133/133/2913 132/132/2914 702/702/2915
f 133/133/2916 702/702/2917 703/703/2918
f 132/132/2919 127/127/2920 701/701/2921
f 132/132/2922 701/701/2923 702/702/2924
f 139/139/2925 138/138/2926 704/704/2927
f 139/139/2928 704/704/2929 705/705/2930
f 138/138/2931 133/133/2932 703/703/2933
f 138/138/2934 703/703/2935 704/704/2936
f 145/145/2937 144/144/2938 706/706/2939
f 145/145/2940 706/706/2941 707/707/2942
f 144/144/2943 139/139/2944 705/705/2945
f 144/144/2946 705/705/2947 706/706/2948
f 151/151/2949 150/150/2950 708/708/2951
f 151/151/2952 708/708/2953 709/709/2954
f 150/150/2955 145/145/2956 707/707/2957
f 150/150/2955 707/707/2958 708/708/2959
f 157/157/2960 156/156/2961 710/710/2962
f 157/157/2960 710/710/2963 711/711/2964
f 156/156/2965 151/151/2966 709/709/2967
f 156/156/2965 709/709/2967 710/710/2968
f 161/161/2969 160/160/2970 712/712/2971
f 161/161/2972 712/712/2973 713/713/2974
f 160/160/2975 157/157/2976 711/711/2977
f 160/160/2978 711/711/2979 712/712/2980
f 75/75/2981 162/162/2982 714/714/2983
f 75/75/2984 714/714/2983 685/685/2985
f 162/162/2986 161/161/2987 713/713/2988
f 162/162/2989 713/713/2988 714/714/2990
f 588/588/2991 587/587/2992 649/649/2993
f 588/588/2994 649/649/2995 650/650/2996
