# Blender 4.2.3 LTS
# www.blender.org
mtllib paint_brush.mtl
o dynamic
v -25.747108 -32.362026 157.142532
v -33.730896 -28.543215 152.212448
v -33.616890 -28.012053 152.517792
v -25.860233 -32.891991 156.836792
v -33.700428 -28.998777 151.732239
v -25.829227 -33.346661 156.356506
v -33.128529 -29.899294 149.912079
v -25.257328 -34.247169 154.536362
v -24.953915 -34.319088 153.952286
v -32.824486 -29.970457 149.327652
v -32.461487 -29.831339 148.840576
v -24.591759 -34.181229 153.465485
v -17.056339 -8.929407 141.313660
v -14.377930 4.086969 136.999786
v -21.330475 -6.577448 138.807083
v -10.085453 1.762075 139.500580
v -25.060360 -20.176264 144.363098
v -16.768272 -9.109415 141.611710
v -9.853485 1.491754 139.809204
v -9.599590 2.109472 139.957855
v -9.830433 2.389272 139.656219
v -14.118526 4.721178 137.154556
v -14.829304 4.191228 136.908478
v -14.570816 4.816343 137.056259
v -21.724613 -6.381184 138.704880
v -29.668545 -17.543621 141.731415
v -29.325314 -17.811430 141.853027
v -37.156834 -27.182341 145.415009
v -37.591106 -27.530657 145.826706
v -36.878601 -27.529894 145.572281
v -32.632851 -29.920450 148.090881
v -33.068340 -30.263491 148.509583
v -37.319054 -27.879065 145.993668
v -32.230709 -29.951647 148.334656
v -32.659767 -30.293547 148.743500
v -24.722012 -20.285622 144.641998
v -38.549088 -25.249708 149.601959
v -39.442924 -23.213507 147.783569
v -39.319847 -22.664911 148.089890
v -38.666164 -25.785131 149.297806
v -39.417400 -23.677923 147.303467
v -38.637592 -26.243799 148.817947
v -38.845493 -24.578440 145.483307
v -38.065685 -27.144316 146.997787
v -37.759472 -27.212809 146.412125
v -38.535240 -24.642756 144.894714
v -38.160019 -24.491171 144.398575
v -37.393425 -27.069407 145.923904
v -39.319847 -22.664911 148.089890
v -38.897923 -16.162516 144.470734
v -38.778873 -15.590246 144.806137
v -39.442924 -23.213507 147.783569
v -38.866081 -16.621103 143.985367
v -39.417400 -23.677923 147.303467
v -38.845493 -24.578440 145.483307
v -38.294174 -17.521620 142.165207
v -38.196739 -14.449812 139.950897
v -37.988178 -17.594984 141.575363
v -38.493595 -14.361595 140.539139
v -39.065495 -13.461079 142.359299
v -39.107834 -13.015207 142.850571
v -39.004620 -12.446444 143.209671
v -38.535240 -24.642756 144.894714
v -37.597309 -17.450724 141.045670
v -37.809101 -14.328909 139.404770
v -38.160019 -24.491171 144.398575
v -33.789013 -30.282160 149.718704
v -37.710323 -28.004751 146.541489
v -38.044792 -27.904425 147.205139
v -33.456676 -30.385015 149.056320
v -34.442898 -29.252554 151.799789
v -33.039680 -30.415606 149.275391
v -33.362644 -30.317633 149.917252
v -33.994534 -29.322664 151.928314
v -34.041924 -28.837477 152.465164
v -34.493031 -28.753176 152.354660
v -38.698677 -26.874819 149.286224
v -38.746990 -26.372419 149.840820
v -34.389370 -28.183393 152.713974
v -38.640381 -25.798510 150.198975
v -33.938389 -28.280226 152.812881
v -38.869930 -25.517035 149.896713
v -38.976570 -26.078596 149.550247
v -38.931053 -26.566885 149.013672
v -38.299232 -27.561739 147.002838
v -37.974083 -27.657099 146.359711
v -37.591106 -27.530657 145.826706
v -37.319054 -27.879065 145.993668
v -33.068340 -30.263491 148.509583
v -32.659767 -30.293547 148.743500
v -46.492996 -3.811165 136.687546
v -50.970909 -1.974028 133.673935
v -50.899300 -1.390314 134.100861
v -46.568142 -4.402440 136.259521
v -43.687256 -6.168669 138.709885
v -39.004620 -12.446444 143.209671
v -43.772221 -6.758320 138.300095
v -39.107834 -13.015207 142.850571
v -46.507812 -4.832865 135.752121
v -43.717411 -7.194106 137.797089
v -45.935913 -5.733382 133.931961
v -43.145504 -8.094622 135.976929
v -39.065495 -13.461079 142.359299
v -38.493595 -14.361595 140.539139
v -38.196739 -14.449812 139.950897
v -42.856136 -8.200775 135.384537
v -45.650425 -5.847466 133.338776
v -45.249290 -5.769505 132.729263
v -42.455528 -8.108137 134.789749
v -37.809101 -14.328909 139.404770
v -49.657692 -3.345335 130.149292
v -50.053558 -3.418497 130.754318
v -61.056362 1.319051 124.317307
v -61.435066 1.235817 124.883652
v -76.733292 8.535981 115.847107
v -79.210381 10.308550 114.354782
v -77.367340 8.573232 116.250961
v -79.483604 10.097557 114.860397
v -77.786674 8.743181 116.762047
v -61.719387 1.345306 125.470558
v -50.909027 -2.401751 133.166428
v -62.291286 2.245815 127.290703
v -50.337128 -3.302260 131.346283
v -78.358574 9.643702 118.582207
v -62.348610 2.674274 127.791122
v -78.279266 10.009130 119.153259
v -62.271206 3.231935 128.183701
v -77.935913 10.429620 119.674606
v -80.336777 12.082174 117.939697
v -80.382179 11.512451 117.720245
v -81.771034 13.088270 116.504486
v -81.827530 12.741787 115.959480
v -80.313225 11.023998 117.285149
v -79.741318 10.123478 115.464989
v -81.255630 11.841267 114.139320
v -82.226402 13.779503 112.875366
v -81.816147 13.557903 112.415031
v -80.872337 11.673182 113.644257
v -80.388618 11.644252 113.324509
v -82.798302 14.680023 114.695526
v -82.714943 14.973145 115.275566
v -81.514656 13.417308 116.908279
v -1.338215 -31.456518 167.199493
v 3.967838 -24.000715 165.177963
v -0.626294 -20.505365 160.996933
v -2.643006 -1.833289 149.444778
v -9.872242 -11.260267 152.886520
v -0.362545 -10.893122 155.646469
v -24.294033 -32.256222 157.693573
v -8.741360 -42.917229 169.025070
v -12.332245 -37.525547 164.719376
v 5.472557 -21.886366 164.604675
v 7.197105 -19.463133 163.947647
v -17.555553 -22.056492 155.813782
v 10.801365 -14.868670 162.132492
v 7.902637 -8.040731 156.432022
v 13.826832 -11.012026 160.608810
v 14.815025 -9.752337 160.111145
v 15.310501 -9.120764 159.861618
v 9.799377 -16.145918 162.637085
v -6.599011 -39.600674 168.496780
v -7.376114 -36.164452 166.110001
v -5.346917 -37.662323 168.188019
v -4.695054 -36.653194 168.027283
v -7.396267 -40.834934 168.693375
v -24.550232 -32.835228 157.585312
v -9.163372 -43.344101 169.342072
v -1.888688 -1.338164 148.626358
v -2.239823 -1.485712 149.085312
v 15.783092 -8.773561 159.383621
v 15.913746 -8.201185 159.699356
v -80.199776 12.770684 118.012184
v -78.104584 14.004126 118.278549
v -77.394516 10.824056 120.045609
v -78.611267 14.279073 117.946945
v -81.514656 13.417308 116.908279
v -81.051262 13.738127 117.182083
v -80.336777 12.082174 117.939697
v -77.935913 10.429620 119.674606
v -62.076752 3.790800 128.378159
v -62.271206 3.231935 128.183701
v -50.715305 -0.823263 134.320831
v -50.899300 -1.390314 134.100861
v -46.304909 -3.236746 136.907516
v -46.492996 -3.811165 136.687546
v -43.687256 -6.168669 138.709885
v -43.485588 -5.585660 138.914795
v -38.773846 -11.853838 143.374039
v -42.129013 -3.073757 138.967484
v -45.198639 -1.104885 137.028885
v -47.656944 4.056335 133.702972
v -43.255737 1.625185 136.288666
v -49.599869 1.326250 134.443207
v -57.922329 10.273265 127.401741
v -60.423695 6.758481 128.354721
v -72.765160 13.083204 121.347847
v -69.760689 17.304930 120.203186
v -73.028282 16.032749 119.486130
v -72.341164 17.451883 119.038986
v -72.279892 17.983526 118.803169
v -72.206131 18.416195 118.547684
v -69.705048 21.628935 117.116005
v -72.587532 19.977377 117.343674
v -72.870361 19.476263 116.875969
v -73.548553 20.315603 116.069138
v -73.266251 20.822140 116.539612
v -72.962128 22.940664 115.254730
v -74.633469 21.532982 115.585060
v -74.341988 23.165657 114.625931
v -76.048996 21.697510 114.971695
v -76.407578 23.101612 114.008598
v -77.502045 21.398174 114.629807
v -77.046135 20.717058 114.480652
v -75.770454 20.975836 114.794647
v -78.228951 20.091295 114.442154
v -78.806801 20.693710 114.585358
v -78.807808 19.530760 114.589867
v -79.555138 19.943213 114.760002
v -79.159279 19.147364 114.629951
v -79.817375 19.658840 114.789062
v -79.709984 17.975597 114.973885
v -79.841301 16.759287 115.517212
v -80.430664 18.390606 115.177361
v -81.961227 18.845020 114.369545
v -82.196030 17.145922 115.136391
v -80.589951 17.044403 115.780769
v -81.885666 15.404051 116.095695
v -80.256142 15.767595 116.541573
v -79.537361 15.645073 116.194359
v -79.447899 14.732553 117.370880
v -82.748627 17.088556 114.703316
v -82.413979 15.211910 115.737267
v -83.065987 16.943815 114.190376
v -82.714943 14.973145 115.275566
v -81.771034 13.088270 116.504486
v -82.800278 18.866055 113.322906
v -82.495750 18.919287 113.876793
v -81.935951 20.608900 112.732254
v -80.531830 22.053570 112.458664
v -81.672554 20.579214 113.314140
v -80.335213 21.955168 113.053658
v -81.197220 20.385538 113.847435
v -79.956100 21.662510 113.605621
v -78.574867 22.953329 113.113159
v -78.322433 22.588917 113.660599
v -76.511620 23.505592 113.488556
v -74.180397 23.754257 113.612549
v -74.286194 23.574417 114.154312
v -76.517326 23.681740 112.914352
v -78.683662 23.101639 112.520767
v -72.408745 23.222244 114.919212
v -69.634628 22.094168 116.511925
v -55.450272 12.816390 125.585007
v -55.836411 12.559398 126.000671
v -45.759705 5.831592 132.142731
v -46.150780 5.590606 132.581787
v -41.365662 3.393497 134.734100
v -41.761932 3.146852 135.176682
v -37.740986 2.186708 136.444427
v -29.306000 1.181608 139.514618
v -38.143764 1.920416 136.879623
v -32.736591 -2.679587 141.723618
v -39.906891 0.048673 138.120865
v -29.716877 0.872595 139.923431
v -26.430916 2.017805 140.343658
v -26.002905 2.361898 139.938675
v -30.459824 -2.920599 142.558228
v -33.024117 -12.805981 146.643265
v -25.997074 -2.931914 143.966034
v -34.979828 -9.271896 144.280289
v -36.217915 -7.571383 143.049957
v -38.523590 -14.974215 144.950821
v -39.051678 -22.047594 148.213867
v -38.288715 -24.647913 149.724594
v -38.778873 -15.590246 144.806137
v -39.319847 -22.664911 148.089890
v -38.549088 -25.249708 149.601959
v -39.004620 -12.446444 143.209671
v -31.517155 -14.350084 147.880692
v -23.762989 -3.454287 144.926437
v -19.451359 5.493818 140.746384
v -16.466019 6.016267 141.410416
v -16.047310 6.368711 141.029037
v -19.021763 5.856954 140.356567
v -72.602974 18.419628 117.669487
v -72.686501 17.874435 117.994949
v -72.755348 17.236469 118.279869
v -74.067123 14.906011 119.612213
v -74.995056 14.345658 119.488495
v -74.206200 15.073185 118.715401
v -75.351715 14.388703 118.558266
v -76.848579 13.867778 118.861595
v -76.605629 14.095656 118.174957
v -10.792976 -39.949276 159.820435
v -23.070019 -34.183552 153.797974
v -6.763836 -46.031021 162.731354
v -5.495804 -43.827385 162.644943
v -5.601597 -38.958599 160.462402
v -4.622056 -42.713566 162.204910
v -15.840767 -24.756584 150.356247
v -8.157452 -13.960360 147.428986
v 1.383781 -23.670420 154.599609
v 1.143444 -35.364132 159.301285
v -2.535439 -40.053707 161.154037
v 6.449497 -27.908327 157.279739
v 9.678764 -23.370745 156.049438
v 7.954227 -25.793989 156.706467
v 12.053238 -19.694841 155.463913
v 1.318340 -13.539835 150.296829
v -1.418999 -3.760611 145.549210
v 9.403839 -10.404516 151.654236
v 12.967506 -18.279470 155.238449
v 15.728115 -14.005789 154.557693
v 17.081909 -11.910013 154.223877
v 16.629807 -12.609884 154.335342
v 17.622742 -11.670267 153.528671
v -1.162770 -3.181631 145.657455
v -3.249833 -40.964378 161.513809
v -23.473183 -34.531147 154.157455
v -7.236447 -46.378235 163.209366
v -25.492584 -31.769518 157.266418
v -26.570534 -17.091768 150.791397
v -18.699306 -21.439644 155.415665
v -33.361073 -27.417459 152.641403
v -33.616890 -28.012053 152.517792
v -25.747108 -32.362026 157.142532
v -18.806862 -6.182654 147.833527
v -10.935658 -10.530542 152.457794
v -11.490135 3.314512 144.308838
v -3.615971 -1.029532 148.931686
v -3.203797 -0.685278 148.553818
v -11.076496 3.660597 143.930176
v -24.114918 -34.622524 155.163864
v -7.871655 -46.156113 164.499405
v -23.824333 -34.678677 154.616409
v -8.246899 -46.011196 165.274414
v -7.236447 -46.378235 163.209366
v -23.473183 -34.531147 154.157455
v -1.418999 -3.760611 145.549210
v -7.904038 -14.081110 146.884109
v -8.157452 -13.960360 147.428986
v -1.041619 -3.570719 145.085403
v -1.162770 -3.181631 145.657455
v -1.043774 -2.668566 145.937302
v -0.791092 -2.958872 145.234238
v -0.688050 -2.403670 145.580872
v -1.064942 -2.233820 146.382095
v -0.735039 -1.918505 146.116989
v -1.598088 -1.394335 148.078903
v -1.367699 -0.922324 148.130524
v -1.888688 -1.338164 148.626358
v -1.690659 -0.824969 148.771805
v -2.239823 -1.485712 149.085312
v -2.069169 -0.946417 149.301895
v -2.494095 -1.283659 149.708099
v -2.643006 -1.833289 149.444778
v -9.872242 -11.260267 152.886520
v -9.938877 -10.877054 153.360260
v -17.555553 -22.056492 155.813782
v -24.294033 -32.256222 157.693573
v -17.808975 -21.935741 156.358688
v -24.671391 -32.446129 158.157379
v -24.550232 -32.835228 157.585312
v -24.921932 -33.057976 158.008514
v -24.669250 -33.348274 157.305466
v -25.024960 -33.613186 157.661896
v -24.648067 -33.783028 156.860672
v -24.977978 -34.098331 157.125763
v -24.114918 -34.622524 155.163864
v -24.345318 -35.094513 155.112228
v -23.824333 -34.678677 154.616409
v -24.022350 -35.191887 154.470963
v -23.473183 -34.531147 154.157455
v -23.643856 -35.070431 153.940872
v -23.070019 -34.183552 153.797974
v -23.218922 -34.733189 153.534683
v -15.840767 -24.756584 150.356247
v -15.774136 -25.139793 149.882523
v -16.859905 -24.335964 149.561493
v -16.967449 -9.078985 141.979340
v -24.731117 -19.988100 144.937210
v -9.096252 -13.426863 146.603638
v -24.179581 -33.836975 153.087601
v -32.047855 -29.485250 148.461899
v -24.591759 -34.181229 153.465485
v -32.461487 -29.831339 148.840576
v -10.176914 1.246721 140.129349
v -2.302968 -3.096987 144.752853
v -9.921097 1.841310 140.252975
v -2.048455 -2.504481 144.876770
v -15.880287 6.452573 141.781250
v -11.151470 4.469369 143.860611
v -11.586952 4.126333 144.279312
v -15.439854 6.801733 141.359863
v -19.159443 -5.617865 148.007080
v -23.433582 -3.265906 145.500504
v -15.849632 6.829965 141.126266
v -16.283905 6.481641 141.537933
v -23.772190 -3.157084 145.221558
v -31.716122 -14.319519 148.248108
v -31.428425 -14.499887 148.546463
v -27.163464 -16.864721 151.056519
v -34.134354 -27.556196 152.869598
v -38.380959 -25.164289 150.353745
v -38.640381 -25.798510 150.198975
v -38.611431 -24.891932 150.044464
v -38.869930 -25.517035 149.896713
v -34.389370 -28.183393 152.713974
v -33.938389 -28.280226 152.812881
v -33.684505 -27.662504 152.961563
v -26.769699 -17.061344 151.159042
v -18.815960 -5.885134 148.128769
v -11.307274 3.780901 144.436096
v -10.878208 4.122781 144.027237
v -24.591759 -34.181229 153.465485
v -24.259800 -34.157497 152.922745
v -24.179581 -33.836975 153.087601
v -24.684925 -34.494984 153.329025
v -24.953915 -34.319088 153.952286
v -25.063541 -34.616608 153.859177
v -25.257328 -34.247169 154.536362
v -25.829227 -33.346661 156.356506
v -25.386581 -34.519337 154.500488
v -26.019241 -33.523155 156.514023
v -25.860233 -32.891991 156.836792
v -26.066166 -33.037888 157.050140
v -25.963001 -32.482521 157.396713
v -25.747108 -32.362026 157.142532
v -25.492584 -31.769518 157.266418
v -25.712299 -31.870390 157.545532
v -18.699306 -21.439644 155.415665
v -10.935658 -10.530542 152.457794
v -18.850243 -21.360558 155.746933
v -10.980164 -10.301886 152.748520
v -3.615971 -1.029532 148.931686
v -3.535748 -0.708994 149.096542
v -3.203797 -0.685278 148.553818
v -3.110646 -0.371519 148.690247
v -2.841645 -0.547415 148.067001
v -2.732018 -0.249903 148.160110
v -2.538243 -0.619326 147.482925
v -2.408982 -0.347159 147.518784
v -1.966340 -1.519839 145.662766
v -1.776322 -1.343340 145.505264
v -1.935315 -1.974520 145.182480
v -1.729397 -1.828623 144.969147
v -2.048455 -2.504481 144.876770
v -1.832566 -2.383982 144.622574
v -2.302968 -3.096987 144.752853
v -2.083245 -2.996100 144.473755
v -8.945320 -13.505934 146.272369
v -9.096252 -13.426863 146.603638
v -16.859905 -24.335964 149.561493
v -16.815407 -24.564610 149.270782
v -2.538243 -0.619326 147.482925
v -10.713497 3.799700 143.443085
v -10.409462 3.728552 142.858658
v -2.841645 -0.547415 148.067001
v -1.966340 -1.519839 145.662766
v -9.837559 2.828035 141.038498
v -1.935315 -1.974520 145.182480
v -9.807087 2.372469 140.558304
v -2.048455 -2.504481 144.876770
v -9.921097 1.841310 140.252975
v -11.076496 3.660597 143.930176
v -3.203797 -0.685278 148.553818
v -1.729397 -1.828623 144.969147
v -0.791092 -2.958872 145.234238
v -0.688050 -2.403670 145.580872
v -1.832566 -2.383982 144.622574
v -1.776322 -1.343340 145.505264
v -0.735039 -1.918505 146.116989
v -2.408982 -0.347159 147.518784
v -2.732018 -0.249903 148.160110
v -1.367699 -0.922324 148.130524
v -1.690659 -0.824969 148.771805
v -3.110646 -0.371519 148.690247
v -2.069169 -0.946417 149.301895
v -3.535748 -0.708994 149.096542
v -2.069169 -0.946417 149.301895
v -2.494095 -1.283659 149.708099
v -3.110646 -0.371519 148.690247
v -9.938877 -10.877054 153.360260
v -10.980164 -10.301886 152.748520
v -17.808975 -21.935741 156.358688
v -18.850243 -21.360558 155.746933
v -25.712299 -31.870390 157.545532
v -24.671391 -32.446129 158.157379
v -25.963001 -32.482521 157.396713
v -24.921932 -33.057976 158.008514
v -24.259800 -34.157497 152.922745
v -23.643856 -35.070431 153.940872
v -23.218922 -34.733189 153.534683
v -24.684925 -34.494984 153.329025
v -16.815407 -24.564610 149.270782
v -8.945320 -13.505934 146.272369
v -15.774136 -25.139793 149.882523
v -7.904038 -14.081110 146.884109
v -2.083245 -2.996100 144.473755
v -1.041619 -3.570719 145.085403
v -1.832566 -2.383982 144.622574
v -0.791092 -2.958872 145.234238
v 9.799377 -16.145918 162.637085
v 9.678764 -23.370745 156.049438
v 7.197105 -19.463133 163.947647
v 12.053238 -19.694841 155.463913
v 12.967506 -18.279470 155.238449
v 13.826832 -11.012026 160.608810
v 15.728115 -14.005789 154.557693
v 10.801365 -14.868670 162.132492
v 1.143444 -35.364132 159.301285
v -4.695054 -36.653194 168.027283
v -1.338215 -31.456518 167.199493
v -2.535439 -40.053707 161.154037
v 6.449497 -27.908327 157.279739
v 3.967838 -24.000715 165.177963
v -5.346917 -37.662323 168.188019
v -4.622056 -42.713566 162.204910
v -6.599011 -39.600674 168.496780
v -3.249833 -40.964378 161.513809
v 9.678764 -23.370745 156.049438
v 5.472557 -21.886366 164.604675
v 7.197105 -19.463133 163.947647
v 7.954227 -25.793989 156.706467
v -24.550232 -32.835228 157.585312
v -9.256519 -43.975510 168.906921
v -24.669250 -33.348274 157.305466
v -9.163372 -43.344101 169.342072
v -9.018490 -44.796265 167.730072
v -24.648067 -33.783028 156.860672
v -8.246899 -46.011196 165.274414
v -24.114918 -34.622524 155.163864
v -1.043774 -2.668566 145.937302
v 17.359028 -10.031004 155.518860
v -1.064942 -2.233820 146.382095
v 17.715900 -11.038847 153.963806
v -1.162770 -3.181631 145.657455
v 17.622742 -11.670267 153.528671
v 16.288998 -8.346136 158.924377
v -1.598088 -1.394335 148.078903
v 15.913746 -8.201185 159.699356
v -1.888688 -1.338164 148.626358
v -4.622056 -42.713566 162.204910
v -12.332245 -37.525547 164.719376
v -6.599011 -39.600674 168.496780
v -10.792976 -39.949276 159.820435
v -5.495804 -43.827385 162.644943
v -12.332245 -37.525547 164.719376
v -10.792976 -39.949276 159.820435
v -7.396267 -40.834934 168.693375
v -5.601597 -38.958599 160.462402
v -4.695054 -36.653194 168.027283
v -2.535439 -40.053707 161.154037
v -7.376114 -36.164452 166.110001
v -3.249833 -40.964378 161.513809
v -7.376114 -36.164452 166.110001
v -5.601597 -38.958599 160.462402
v -5.346917 -37.662323 168.188019
v -0.626294 -20.505365 160.996933
v 7.954227 -25.793989 156.706467
v 1.383781 -23.670420 154.599609
v 5.472557 -21.886366 164.604675
v -0.626294 -20.505365 160.996933
v 6.449497 -27.908327 157.279739
v 3.967838 -24.000715 165.177963
v 1.383781 -23.670420 154.599609
v 16.629807 -12.609884 154.335342
v 7.902637 -8.040731 156.432022
v 14.815025 -9.752337 160.111145
v 9.403839 -10.404516 151.654236
v 9.403839 -10.404516 151.654236
v 13.826832 -11.012026 160.608810
v 7.902637 -8.040731 156.432022
v 15.728115 -14.005789 154.557693
v 12.967506 -18.279470 155.238449
v -0.362545 -10.893122 155.646469
v 10.801365 -14.868670 162.132492
v 1.318340 -13.539835 150.296829
v 12.053238 -19.694841 155.463913
v -0.362545 -10.893122 155.646469
v 1.318340 -13.539835 150.296829
v 9.799377 -16.145918 162.637085
v 17.715900 -11.038847 153.963806
v 17.622742 -11.670267 153.528671
v 17.081909 -11.910013 154.223877
v 17.359028 -10.031004 155.518860
v 14.815025 -9.752337 160.111145
v 16.288998 -8.346136 158.924377
v 15.783092 -8.773561 159.383621
v 15.913746 -8.201185 159.699356
v 15.310501 -9.120764 159.861618
v 16.629807 -12.609884 154.335342
v -5.495804 -43.827385 162.644943
v -6.763836 -46.031021 162.731354
v -7.236447 -46.378235 163.209366
v -7.871655 -46.156113 164.499405
v -7.396267 -40.834934 168.693375
v -8.246899 -46.011196 165.274414
v -9.018490 -44.796265 167.730072
v -9.256519 -43.975510 168.906921
v -8.741360 -42.917229 169.025070
v -9.163372 -43.344101 169.342072
v -70.350670 14.820531 113.908020
v -67.921288 14.408606 114.349014
v -70.275482 15.724340 113.602615
v -71.085190 13.241335 114.358528
v -71.578857 15.383979 114.535538
v -71.482948 16.656048 114.104866
v -71.661102 17.248648 113.864304
v -70.729309 17.817049 112.796310
v -68.317200 19.443621 112.698967
v -70.761909 17.932478 112.732468
v -71.310066 18.624714 112.251175
v -71.823540 17.827948 113.544327
v -72.553894 18.749403 112.903465
v -71.662628 20.894480 111.118896
v -73.081734 21.181278 110.615036
v -73.260544 19.723019 111.210258
v -74.825401 19.943726 110.643951
v -76.399673 19.639898 110.324089
v -74.856773 19.537161 111.886742
v -75.147331 21.117233 109.997704
v -75.385841 21.732948 109.905624
v -77.449257 21.180948 109.530746
v -77.062195 20.604538 109.649704
v -76.424255 19.614223 110.329697
v -79.209702 20.182947 109.471581
v -78.695847 19.678131 109.594727
v -77.773712 18.880777 110.270317
v -78.837891 17.791618 110.473297
v -76.203156 19.281193 111.631897
v -77.329742 18.675413 111.580322
v -78.256386 17.725672 111.756371
v -78.819893 16.574059 112.141037
v -79.494759 16.474541 110.914040
v -80.700974 16.860641 110.358650
v -80.935791 15.161542 111.125496
v -79.670937 15.049440 111.556694
v -80.625420 13.419672 112.084801
v -79.312386 13.661698 112.346169
v -78.952324 15.359491 112.687889
v -78.637695 14.228451 113.331024
v -78.210434 13.690615 113.721771
v -78.621048 12.749992 113.005409
v -78.441620 12.490160 113.178978
v -79.791008 11.753748 113.171188
v -80.388618 11.644252 113.324509
v -79.210381 10.308550 114.354782
v -78.900276 10.724500 113.876350
v -76.898262 11.585099 113.994858
v -77.455833 11.914536 113.715645
v -76.006660 8.638741 115.628571
v -76.733292 8.535981 115.847107
v -61.056362 1.319051 124.317307
v -60.670204 1.576059 123.901634
v -49.657692 -3.345335 130.149292
v -45.249290 -5.769505 132.729263
v -49.266636 -3.104334 129.710236
v -58.584278 3.862157 122.500557
v -47.760452 -1.570074 128.589020
v -44.853035 -5.522868 132.286713
v -42.052727 -7.841828 134.354538
v -42.455528 -8.108137 134.789749
v -43.359230 -4.001210 131.174713
v -40.289604 -5.970089 133.113297
v -41.416328 -1.271140 130.434479
v -45.817535 1.160011 127.848808
v -44.702110 3.309536 127.971191
v -56.082920 7.376940 121.547569
v -54.429871 10.344657 121.524147
v -54.235428 10.903506 121.718605
v -68.432007 20.200529 112.684425
v -71.282356 21.448620 111.334297
v -73.160156 21.801361 110.570541
v -75.618530 22.266499 110.053818
v -73.281693 22.339169 110.752319
v -77.784821 21.686321 109.660072
v -79.632950 20.638199 109.597862
v -81.037056 19.193506 109.871407
v -80.547081 18.807035 109.732140
v -81.901398 17.450684 110.462112
v -81.370239 17.147066 110.294716
v -82.167137 15.528499 111.329681
v -81.623016 15.316176 111.120903
v -81.816147 13.557903 112.415031
v -81.288200 13.439266 112.154335
v -80.872337 11.673182 113.644257
v -79.936966 18.401159 109.836540
v -44.518105 3.876571 128.191162
v -40.310055 0.860731 130.555878
v -40.121952 1.435157 130.775818
v -36.710911 -0.335753 132.319366
v -36.509266 0.247240 132.524292
v -28.110477 -0.700859 135.709702
v -28.341255 -1.293457 135.545334
v -30.897177 -5.575919 135.869431
v -28.620415 -5.816931 136.704041
v -25.076660 -0.114603 136.033539
v -24.157650 -5.828257 138.111862
v -18.130085 3.413355 136.541275
v -24.821348 0.501421 136.178207
v -17.861935 4.030698 136.665253
v -15.151997 3.947214 137.228363
v -14.891651 4.549013 137.350998
v -21.923576 -6.350617 139.072250
v -29.677746 -17.246416 142.026505
v -31.184700 -15.702312 140.789078
v -36.974689 -26.716967 145.542542
v -37.393425 -27.069407 145.923904
v -37.730412 -24.128057 144.008743
v -33.140419 -12.168228 138.426102
v -37.169327 -17.106627 140.640701
v -38.160019 -24.491171 144.398575
v -37.597309 -17.450724 141.045670
v -37.809101 -14.328909 139.404770
v -37.398228 -14.019888 138.995956
v -34.378506 -10.467714 137.195770
v -38.067482 -2.847658 132.266678
v -70.925751 10.186880 115.493675
v -72.240585 12.060823 114.597923
v -73.072472 11.627704 114.601585
v -75.460289 11.316805 114.391418
v -75.562691 12.453456 114.855675
v -74.241714 12.640908 115.025551
v -73.046761 13.247540 115.025337
v -76.850319 12.707702 114.536079
v -77.911247 13.313141 113.984306
v -76.151550 19.308447 111.633507
v -80.553383 21.961376 111.798470
v -78.080803 22.138683 110.042259
v -78.652702 23.039204 111.862419
v -79.981476 21.060856 109.978310
v -81.997345 20.475693 112.079803
v -80.531830 22.053570 112.458664
v -81.935951 20.608900 112.732254
v -82.800278 18.866055 113.322906
v -83.065987 16.943815 114.190376
v -82.886238 18.683376 112.687256
v -81.425446 19.575172 110.259644
v -82.314323 17.782856 110.867096
v -83.159416 16.706575 113.579430
v -82.587509 15.806056 111.759270
v -82.798302 14.680023 114.695526
v -82.714943 14.973145 115.275566
v -82.226402 13.779503 112.875366
v -82.167137 15.528499 111.329681
v -81.816147 13.557903 112.415031
v -81.901398 17.450684 110.462112
v -81.037056 19.193506 109.871407
v -79.632950 20.638199 109.597862
v -77.784821 21.686321 109.660072
v -78.683662 23.101639 112.520767
v -75.562691 12.453456 114.855675
v -75.351715 14.388703 118.558266
v -76.605629 14.095656 118.174957
v -74.241714 12.640908 115.025551
v -77.816719 14.229392 117.611778
v -76.850319 12.707702 114.536079
v -76.898262 11.585099 113.994858
v -77.030823 12.817007 114.465431
v -77.455833 11.914536 113.715645
v -77.911247 13.313141 113.984306
v -78.061684 14.359851 117.449982
v -79.447899 14.732553 117.370880
v -78.834808 14.767384 116.923683
v -78.611267 14.279073 117.946945
v -78.104584 14.004126 118.278549
v -76.848579 13.867778 118.861595
v -79.537361 15.645073 116.194359
v -80.256142 15.767595 116.541573
v -78.210434 13.690615 113.721771
v -78.637695 14.228451 113.331024
v -79.841301 16.759287 115.517212
v -78.952324 15.359491 112.687889
v -78.441620 12.490160 113.178978
v -79.709984 17.975597 114.973885
v -78.952324 15.359491 112.687889
v -79.841301 16.759287 115.517212
v -78.819893 16.574059 112.141037
v -79.159279 19.147364 114.629951
v -78.256386 17.725672 111.756371
v -77.329742 18.675413 111.580322
v -78.228951 20.091295 114.442154
v -78.807808 19.530760 114.589867
v -77.046135 20.717058 114.480652
v -76.151550 19.308447 111.633507
v -76.203156 19.281193 111.631897
v -74.286194 23.574417 114.154312
v -71.965408 23.339266 114.513565
v -72.408745 23.222244 114.919212
v -74.180397 23.754257 113.612549
v -71.606926 23.257675 113.968155
v -74.021683 23.710209 112.985535
v -76.517326 23.681740 112.914352
v -76.424873 23.635683 112.267311
v -78.683662 23.101639 112.520767
v -78.652702 23.039204 111.862419
v -75.852959 22.735163 110.447151
v -78.080803 22.138683 110.042259
v -75.618530 22.266499 110.053818
v -77.784821 21.686321 109.660072
v -73.281693 22.339169 110.752319
v -71.282356 21.448620 111.334297
v -71.066833 21.924372 111.653725
v -73.160156 21.801361 110.570541
v -73.449776 22.809689 111.165375
v -71.035019 22.357155 112.147995
v -68.773232 21.408400 113.328049
v -68.594490 20.900404 112.908615
v -54.158020 11.461170 122.111183
v -54.235428 10.903506 121.718605
v -68.432007 20.200529 112.684425
v -44.518105 3.876571 128.191162
v -44.446495 4.460285 128.618088
v -40.121952 1.435157 130.775818
v -40.046829 2.026426 131.203857
v -36.509266 0.247240 132.524292
v -36.424309 0.836902 132.934097
v -28.110477 -0.700859 135.709702
v -28.007267 -0.132082 136.068832
v -36.479118 1.272688 133.437103
v -28.049612 0.313795 136.560104
v -28.621515 1.214307 138.380264
v -37.051018 2.173204 135.257263
v -40.679062 3.357368 133.531433
v -40.964546 3.471460 134.124619
v -37.340385 2.279358 135.849655
v -37.740986 2.186708 136.444427
v -28.918362 1.302522 138.968521
v -41.365662 3.393497 134.734100
v -45.759705 5.831592 132.142731
v -55.450272 12.816390 125.585007
v -45.363846 5.904754 131.537704
v -55.071560 12.899628 125.018654
v -45.080292 5.788501 130.945740
v -44.508392 4.887992 129.125595
v -54.787231 12.790153 124.431747
v -40.107162 2.456859 131.711288
v -54.215340 11.889644 122.611603
v -69.506401 22.336302 115.810913
v -69.345131 22.308920 115.148209
v -69.634628 22.094168 116.511925
v -29.306000 1.181608 139.514618
v -75.770454 20.975836 114.794647
v -76.151550 19.308447 111.633507
v -77.046135 20.717058 114.480652
v -74.856773 19.537161 111.886742
v -73.607323 19.343004 112.327797
v -74.555756 20.836405 115.346321
v -74.633469 21.532982 115.585060
v -76.048996 21.697510 114.971695
v -73.266251 20.822140 116.539612
v -73.548553 20.315603 116.069138
v -72.553894 18.749403 112.903465
v -71.823540 17.827948 113.544327
v -72.870361 19.476263 116.875969
v -72.602974 18.419628 117.669487
v -71.482948 16.656048 114.104866
v -71.661102 17.248648 113.864304
v -73.260544 19.723019 111.210258
v -71.310066 18.624714 112.251175
v -74.825401 19.943726 110.643951
v -72.121956 14.200206 114.855186
v -72.755348 17.236469 118.279869
v -73.306038 16.064657 118.623688
v -71.578857 15.383979 114.535538
v -73.046761 13.247540 115.025337
v -70.350670 14.820531 113.908020
v -71.085190 13.241335 114.358528
v -72.240585 12.060823 114.597923
v -74.241714 12.640908 115.025551
v -74.206200 15.073185 118.715401
v -75.351715 14.388703 118.558266
v -74.067123 14.906011 119.612213
v -73.028282 16.032749 119.486130
v -72.341164 17.451883 119.038986
v -72.686501 17.874435 117.994949
v -71.482948 16.656048 114.104866
v -72.602974 18.419628 117.669487
v -26.019241 -33.523155 156.514023
v -25.024960 -33.613186 157.661896
v -24.977978 -34.098331 157.125763
v -26.066166 -33.037888 157.050140
v -25.386581 -34.519337 154.500488
v -24.345318 -35.094513 155.112228
v -25.063541 -34.616608 153.859177
v -24.022350 -35.191887 154.470963
v -24.684925 -34.494984 153.329025
v -23.643856 -35.070431 153.940872
v -24.921932 -33.057976 158.008514
v -25.963001 -32.482521 157.396713
v -28.007267 -0.132082 136.068832
v -24.821348 0.501421 136.178207
v -24.702295 1.073686 136.513626
v -28.110477 -0.700859 135.709702
v -28.049612 0.313795 136.560104
v -24.734154 1.532270 136.998993
v -28.621515 1.214307 138.380264
v -28.918362 1.302522 138.968521
v -25.306057 2.432791 138.819153
v -25.612032 2.506159 139.408981
v -17.764381 5.043710 137.451660
v -18.336285 5.944227 139.271820
v -18.646545 6.008535 139.860413
v -19.021763 5.856954 140.356567
v -26.002905 2.361898 139.938675
v -29.306000 1.181608 139.514618
v -17.738853 4.579286 136.971558
v -17.861935 4.030698 136.665253
v -17.738853 4.579286 136.971558
v -14.891651 4.549013 137.350998
v -14.774582 5.084444 137.655151
v -17.861935 4.030698 136.665253
v -17.764381 5.043710 137.451660
v -18.336285 5.944227 139.271820
v -14.803139 5.543100 138.135025
v -15.375038 6.443613 139.955185
v -15.681278 6.512121 140.540833
v -18.646545 6.008535 139.860413
v -19.021763 5.856954 140.356567
v -16.047310 6.368711 141.029037
v -15.439854 6.801733 141.359863
v -10.763145 4.590902 143.313858
v -11.151470 4.469369 143.860611
v -15.048588 6.927423 140.812027
v -15.466648 6.956388 140.593262
v -15.849632 6.829965 141.126266
v -15.141499 6.861036 139.950150
v -14.714119 6.827104 140.148407
v -14.509678 5.866182 137.939316
v -14.464169 5.377885 137.402725
v -14.060230 5.797498 138.067322
v -14.011909 5.295080 137.512695
v -9.726791 2.959062 140.015518
v -9.776913 3.458437 140.570404
v -10.430801 4.488042 142.651489
v -9.543457 3.151918 140.842438
v -10.175335 4.146867 142.853470
v -10.498302 4.244852 143.495346
v -10.878208 4.122781 144.027237
v -9.496059 2.666723 140.305573
v -9.830433 2.389272 139.656219
v -9.599590 2.109472 139.957855
v -14.118526 4.721178 137.154556
v -14.570816 4.816343 137.056259
v -15.375038 6.443613 139.955185
v -15.466648 6.956388 140.593262
v -15.681278 6.512121 140.540833
v -15.141499 6.861036 139.950150
v -14.803139 5.543100 138.135025
v -14.509678 5.866182 137.939316
v -14.774582 5.084444 137.655151
v -14.464169 5.377885 137.402725
v -14.891651 4.549013 137.350998
v -14.570816 4.816343 137.056259
v -15.151997 3.947214 137.228363
v -21.923576 -6.350617 139.072250
v -14.829304 4.191228 136.908478
v -21.724613 -6.381184 138.704880
v -29.677746 -17.246416 142.026505
v -29.668545 -17.543621 141.731415
v -36.974689 -26.716967 145.542542
v -37.156834 -27.182341 145.415009
v -37.393425 -27.069407 145.923904
v -37.591106 -27.530657 145.826706
v -37.974083 -27.657099 146.359711
v -37.759472 -27.212809 146.412125
v -38.065685 -27.144316 146.997787
v -38.637592 -26.243799 148.817947
v -38.299232 -27.561739 147.002838
v -38.931053 -26.566885 149.013672
v -38.666164 -25.785131 149.297806
v -38.976570 -26.078596 149.550247
v -38.549088 -25.249708 149.601959
v -38.869930 -25.517035 149.896713
v -38.288715 -24.647913 149.724594
v -38.611431 -24.891932 150.044464
v -31.517155 -14.350084 147.880692
v -31.716122 -14.319519 148.248108
v -23.762989 -3.454287 144.926437
v -23.772190 -3.157084 145.221558
v -16.466019 6.016267 141.410416
v -16.283905 6.481641 141.537933
v -16.047310 6.368711 141.029037
v -15.849632 6.829965 141.126266
v -10.409462 3.728552 142.858658
v -9.543457 3.151918 140.842438
v -9.837559 2.828035 141.038498
v -10.175335 4.146867 142.853470
v -10.713497 3.799700 143.443085
v -10.498302 4.244852 143.495346
v -11.076496 3.660597 143.930176
v -10.878208 4.122781 144.027237
v -11.490135 3.314512 144.308838
v -11.307274 3.780901 144.436096
v -18.806862 -6.182654 147.833527
v -18.815960 -5.885134 148.128769
v -26.570534 -17.091768 150.791397
v -33.361073 -27.417459 152.641403
v -26.769699 -17.061344 151.159042
v -33.684505 -27.662504 152.961563
v -33.616890 -28.012053 152.517792
v -33.938389 -28.280226 152.812881
v -33.730896 -28.543215 152.212448
v -34.041924 -28.837477 152.465164
v -33.700428 -28.998777 151.732239
v -33.994534 -29.322664 151.928314
v -33.128529 -29.899294 149.912079
v -33.362644 -30.317633 149.917252
v -32.824486 -29.970457 149.327652
v -33.039680 -30.415606 149.275391
v -32.461487 -29.831339 148.840576
v -32.659767 -30.293547 148.743500
v -32.047855 -29.485250 148.461899
v -32.230709 -29.951647 148.334656
v -24.731117 -19.988100 144.937210
v -24.722012 -20.285622 144.641998
v -16.967449 -9.078985 141.979340
v -16.768272 -9.109415 141.611710
v -10.176914 1.246721 140.129349
v -9.853485 1.491754 139.809204
v -9.921097 1.841310 140.252975
v -9.599590 2.109472 139.957855
v -9.807087 2.372469 140.558304
v -9.496059 2.666723 140.305573
vn 0.0870 -0.9466 0.3106
vn -0.2380 -0.9613 0.1390
vn 0.0870 -0.9465 0.3107
vn 0.0872 -0.9465 0.3107
vn -0.2378 -0.9613 0.1391
vn -0.5312 -0.8456 -0.0519
vn -0.2379 -0.9613 0.1388
vn -0.5313 -0.8456 -0.0519
vn -0.5313 -0.8456 -0.0520
vn -0.2379 -0.9613 0.1389
vn -0.5313 -0.8456 -0.0518
vn -0.7534 -0.6136 -0.2364
vn -0.7534 -0.6136 -0.2365
vn -0.5314 -0.8456 -0.0518
vn -0.7533 -0.6136 -0.2365
vn -0.7533 -0.6136 -0.2364
vn -0.8718 -0.2990 -0.3880
vn -0.8718 -0.2990 -0.3879
vn -0.8718 -0.2991 -0.3879
vn -0.8719 -0.2991 -0.3878
vn -0.8719 -0.2992 -0.3877
vn -0.8719 0.0552 -0.4865
vn -0.8719 -0.2990 -0.3878
vn -0.8720 0.0552 -0.4864
vn -0.8719 0.0552 -0.4866
vn -0.5135 0.6270 -0.5859
vn -0.4377 0.8461 -0.3042
vn -0.3052 0.7797 -0.5467
vn -0.5135 0.6270 -0.5858
vn -0.6193 0.6815 -0.3899
vn -0.4378 0.8461 -0.3042
vn -0.5709 0.5618 -0.5987
vn -0.6194 0.6815 -0.3898
vn -0.5134 0.6271 -0.5858
vn -0.2733 0.6998 -0.6600
vn -0.5133 0.6271 -0.5859
vn -0.3052 0.7796 -0.5469
vn -0.5709 0.5617 -0.5989
vn -0.5134 0.6269 -0.5861
vn -0.4519 0.5843 -0.6741
vn -0.2734 0.6997 -0.6600
vn -0.4521 0.5842 -0.6740
vn -0.5132 0.6270 -0.5861
vn 0.0950 0.8128 -0.5747
vn -0.2734 0.6996 -0.6602
vn -0.3053 0.7797 -0.5467
vn 0.0949 0.8129 -0.5746
vn 0.0375 0.9021 -0.4298
vn -0.3051 0.7796 -0.5469
vn -0.1244 0.9829 -0.1357
vn 0.0375 0.9020 -0.4300
vn -0.3050 0.7797 -0.5469
vn -0.4378 0.8461 -0.3041
vn -0.1243 0.9829 -0.1357
vn -0.1242 0.9829 -0.1359
vn -0.5263 0.8275 -0.1958
vn -0.2264 0.9740 0.0088
vn -0.1244 0.9829 -0.1359
vn -0.4376 0.8461 -0.3043
vn -0.6630 0.6930 -0.2832
vn -0.5262 0.8275 -0.1960
vn -0.7148 0.6342 -0.2948
vn -0.6630 0.6929 -0.2833
vn -0.6194 0.6816 -0.3897
vn -0.4377 0.8461 -0.3041
vn -0.6195 0.6815 -0.3897
vn -0.6631 0.6929 -0.2831
vn -0.6769 0.6162 -0.4026
vn -0.8420 0.4689 -0.2667
vn -0.7147 0.6343 -0.2948
vn -0.7148 0.6341 -0.2948
vn -0.6769 0.6163 -0.4025
vn -0.6769 0.6162 -0.4025
vn -0.8265 0.4045 -0.3914
vn -0.8265 0.4045 -0.3916
vn -0.9800 0.1178 -0.1605
vn -0.8421 0.4687 -0.2667
vn -0.8265 0.4045 -0.3915
vn -0.6963 0.3353 -0.6346
vn -0.7877 -0.0353 -0.6151
vn -0.8264 0.4046 -0.3917
vn -0.6769 0.6162 -0.4027
vn -0.7876 -0.0352 -0.6151
vn -0.9460 0.0496 -0.3203
vn -0.8265 0.4044 -0.3916
vn -0.9460 0.0495 -0.3203
vn -0.5924 0.3372 -0.7316
vn -0.7877 -0.0351 -0.6151
vn -0.6964 0.3353 -0.6345
vn -0.5923 0.3374 -0.7317
vn -0.6651 -0.0503 -0.7451
vn -0.7877 -0.0352 -0.6150
vn -0.5036 0.5256 -0.6856
vn -0.5924 0.3374 -0.7316
vn -0.6963 0.3354 -0.6346
vn -0.5036 0.5256 -0.6857
vn -0.5709 0.5615 -0.5989
vn -0.5709 0.5617 -0.5988
vn -0.4520 0.5843 -0.6740
vn -0.5037 0.5256 -0.6856
vn -0.6963 0.3354 -0.6345
vn -0.6769 0.6161 -0.4029
vn -0.5711 0.5617 -0.5987
vn -0.1715 -0.7417 0.6484
vn -0.4779 -0.5411 0.6920
vn -0.4768 -0.6515 0.5901
vn -0.1793 -0.6441 0.7436
vn -0.4779 -0.5410 0.6921
vn -0.6960 -0.4042 0.5934
vn -0.4767 -0.6515 0.5901
vn -0.4779 -0.5410 0.6920
vn -0.6960 -0.4042 0.5935
vn -0.7077 -0.5133 0.4855
vn -0.4767 -0.6515 0.5902
vn -0.7076 -0.5132 0.4856
vn -0.8537 -0.2395 0.4625
vn -0.8744 -0.3392 0.3469
vn -0.7076 -0.5132 0.4857
vn -0.6959 -0.4043 0.5935
vn -0.8537 -0.2394 0.4625
vn -0.8744 -0.3391 0.3471
vn -0.9540 -0.0435 0.2965
vn -0.9540 -0.0436 0.2966
vn -0.9758 -0.1303 0.1756
vn -0.9758 -0.1303 0.1755
vn -0.9541 -0.0437 0.2963
vn -0.9785 0.1906 0.0794
vn -0.9758 -0.1302 0.1755
vn -0.9926 0.1162 -0.0341
vn -0.1793 -0.6443 0.7435
vn -0.5050 -0.4361 0.7449
vn -0.4780 -0.5411 0.6919
vn -0.1793 -0.6442 0.7435
vn -0.2288 -0.5767 0.7843
vn -0.5050 -0.4362 0.7448
vn -0.6844 -0.3014 0.6639
vn -0.4781 -0.5409 0.6920
vn -0.5052 -0.4360 0.7448
vn -0.6843 -0.3015 0.6639
vn -0.4781 -0.5409 0.6919
vn -0.6960 -0.4041 0.5935
vn -0.8154 -0.1647 0.5550
vn -0.8536 -0.2395 0.4625
vn -0.6961 -0.4041 0.5934
vn -0.6845 -0.3016 0.6637
vn -0.8154 -0.1646 0.5551
vn -0.9781 -0.1446 0.1498
vn -0.9144 -0.0084 0.4047
vn -0.8154 -0.1647 0.5549
vn -0.8760 -0.3570 0.3244
vn -0.9781 -0.1447 0.1498
vn -0.6844 -0.3016 0.6638
vn -0.8153 -0.1649 0.5551
vn -0.8537 -0.2394 0.4624
vn -0.8155 -0.1647 0.5549
vn -0.6845 -0.3015 0.6638
vn -0.7080 -0.5325 0.4639
vn -0.8760 -0.3571 0.3243
vn -0.7080 -0.5325 0.4638
vn -0.5050 -0.4360 0.7448
vn -0.4730 -0.6723 0.5695
vn -0.7080 -0.5326 0.4638
vn -0.6843 -0.3015 0.6640
vn -0.2290 -0.5766 0.7843
vn -0.1528 -0.7656 0.6249
vn -0.4729 -0.6723 0.5696
vn -0.2289 -0.5766 0.7843
vn -0.4729 -0.6724 0.5694
vn -0.5049 -0.4362 0.7448
vn -0.8537 -0.2395 0.4624
vn -0.9548 -0.0349 0.2953
vn -0.9541 -0.0437 0.2964
vn -0.9145 -0.0085 0.4044
vn -0.9660 0.1934 0.1718
vn -0.9145 -0.0085 0.4045
vn -0.9913 0.1106 -0.0718
vn -0.9660 0.1934 0.1716
vn -0.9145 -0.0084 0.4044
vn -0.9913 0.1104 -0.0717
vn -0.9784 0.1908 0.0794
vn -0.6492 -0.6575 -0.3824
vn -0.9362 -0.2847 -0.2063
vn -0.7652 -0.3756 -0.5229
vn -0.8210 -0.5674 -0.0640
vn -0.9362 -0.2846 -0.2061
vn -0.4477 -0.8679 -0.2150
vn -0.8209 -0.5674 -0.0640
vn -0.6335 -0.3941 -0.6659
vn -0.6492 -0.6575 -0.3825
vn -0.7652 -0.3758 -0.5227
vn -0.5197 -0.6709 -0.5289
vn -0.4478 -0.8679 -0.2152
vn -0.6334 -0.3941 -0.6660
vn -0.5198 -0.6709 -0.5290
vn -0.6493 -0.6574 -0.3825
vn -0.5199 -0.6709 -0.5289
vn -0.3339 -0.8649 -0.3747
vn -0.3339 -0.8651 -0.3745
vn -0.0761 -0.9763 -0.2027
vn -0.1847 -0.9820 -0.0406
vn -0.3339 -0.8650 -0.3745
vn -0.1848 -0.9819 -0.0407
vn -0.4477 -0.8679 -0.2152
vn -0.6186 -0.7788 0.1042
vn -0.3539 -0.8930 0.2779
vn -0.6186 -0.7788 0.1043
vn -0.4477 -0.8679 -0.2151
vn 0.1197 -0.9830 0.1390
vn -0.3537 -0.8931 0.2778
vn -0.1849 -0.9819 -0.0404
vn -0.0761 -0.9763 -0.2025
vn 0.1197 -0.9830 0.1389
vn -0.1848 -0.9819 -0.0405
vn 0.1197 -0.9830 0.1391
vn -0.0371 -0.8997 0.4350
vn -0.0760 -0.9763 -0.2024
vn 0.2206 -0.9753 -0.0090
vn 0.1198 -0.9830 0.1389
vn -0.3538 -0.8931 0.2779
vn -0.0374 -0.8997 0.4350
vn -0.0911 -0.8107 0.5784
vn -0.3539 -0.8931 0.2778
vn -0.0910 -0.8107 0.5783
vn -0.4144 -0.7994 0.4349
vn -0.6185 -0.7788 0.1042
vn -0.4144 -0.7994 0.4350
vn -0.6765 -0.6873 0.2645
vn -0.3537 -0.8931 0.2779
vn -0.4143 -0.7994 0.4351
vn -0.8210 -0.5674 -0.0639
vn -0.6187 -0.7787 0.1041
vn -0.6764 -0.6874 0.2644
vn -0.8209 -0.5674 -0.0639
vn -0.8644 -0.4911 0.1082
vn -0.9362 -0.2848 -0.2060
vn -0.8644 -0.4910 0.1082
vn -0.9767 -0.2120 -0.0322
vn -0.8209 -0.5674 -0.0642
vn -0.9460 0.0497 -0.3202
vn -0.9800 0.1179 -0.1604
vn -0.9461 0.0496 -0.3202
vn -0.9363 -0.2846 -0.2059
vn -0.9768 -0.2119 -0.0321
vn -0.7652 -0.3755 -0.5229
vn -0.9460 0.0495 -0.3204
vn -0.7876 -0.0353 -0.6151
vn -0.6651 -0.0502 -0.7451
vn -0.7650 -0.3758 -0.5230
vn -0.7877 -0.0351 -0.6150
vn -0.6650 -0.0502 -0.7452
vn -0.6336 -0.3940 -0.6658
vn -0.7651 -0.3758 -0.5229
vn -0.4478 -0.8679 -0.2150
vn -0.8209 -0.5675 -0.0640
vn -0.0672 -0.9524 0.2973
vn -0.2976 -0.9535 0.0473
vn -0.3516 -0.9228 0.1579
vn -0.0673 -0.9524 0.2973
vn -0.0269 -0.9767 0.2130
vn -0.0939 -0.9048 0.4153
vn -0.0673 -0.9524 0.2974
vn -0.3514 -0.9228 0.1581
vn -0.0940 -0.9048 0.4153
vn -0.3514 -0.9228 0.1580
vn -0.4008 -0.8629 0.3079
vn -0.1526 -0.7656 0.6250
vn -0.0941 -0.9047 0.4154
vn -0.4008 -0.8629 0.3078
vn -0.5927 -0.8054 0.0068
vn -0.4009 -0.8628 0.3080
vn -0.3516 -0.9227 0.1582
vn -0.4729 -0.6723 0.5695
vn -0.6539 -0.7370 0.1710
vn -0.4008 -0.8628 0.3080
vn -0.5927 -0.8054 0.0067
vn -0.6539 -0.7370 0.1711
vn -0.5928 -0.8053 0.0068
vn -0.7754 -0.6146 -0.1451
vn -0.8394 -0.5433 0.0167
vn -0.7081 -0.5325 0.4638
vn -0.6539 -0.7370 0.1709
vn -0.8395 -0.5432 0.0168
vn -0.7082 -0.5324 0.4637
vn -0.8760 -0.3572 0.3242
vn -0.9447 -0.2948 -0.1439
vn -0.9781 -0.1445 0.1497
vn -0.8394 -0.5432 0.0166
vn -0.8394 -0.5432 0.0167
vn -0.8862 -0.3642 -0.2863
vn -0.9447 -0.2947 -0.1438
vn -0.9447 -0.2947 -0.1439
vn -0.8863 -0.3641 -0.2862
vn -0.9119 -0.0702 -0.4044
vn -0.9119 -0.0702 -0.4045
vn -0.9542 -0.0065 -0.2992
vn -0.9781 -0.1446 0.1497
vn -0.9542 -0.0063 -0.2991
vn -0.9781 -0.1447 0.1497
vn -0.9541 -0.0064 -0.2993
vn -0.9913 0.1103 -0.0720
vn -0.8863 -0.3640 -0.2863
vn -0.8683 -0.0977 -0.4863
vn -0.9118 -0.0703 -0.4045
vn -0.8863 -0.3640 -0.2864
vn -0.8281 -0.3993 -0.3934
vn -0.8684 -0.0978 -0.4862
vn -0.8280 -0.3993 -0.3936
vn -0.8563 -0.0917 -0.5083
vn -0.8683 -0.0979 -0.4863
vn -0.8281 -0.3992 -0.3936
vn -0.8141 -0.4011 -0.4200
vn -0.8562 -0.0917 -0.5084
vn -0.8140 -0.4012 -0.4201
vn -0.8921 -0.0158 -0.4516
vn -0.8562 -0.0916 -0.5085
vn -0.8741 -0.3330 -0.3536
vn -0.8921 -0.0158 -0.4517
vn -0.8742 -0.3331 -0.3534
vn -0.9326 0.0696 -0.3542
vn -0.7564 -0.6196 -0.2096
vn -0.9391 -0.2551 -0.2302
vn -0.8741 -0.3330 -0.3535
vn -0.9391 -0.2553 -0.2299
vn -0.9326 0.0697 -0.3542
vn -0.6944 -0.6567 -0.2942
vn -0.7566 -0.6194 -0.2096
vn -0.5298 -0.8402 -0.1158
vn -0.6944 -0.6566 -0.2944
vn -0.7107 -0.6513 -0.2661
vn -0.5299 -0.8401 -0.1157
vn -0.5125 -0.8467 -0.1430
vn -0.6944 -0.6566 -0.2943
vn -0.5126 -0.8467 -0.1430
vn -0.8140 -0.4011 -0.4201
vn -0.7107 -0.6512 -0.2661
vn -0.8140 -0.4011 -0.4200
vn -0.8282 -0.3992 -0.3934
vn -0.7754 -0.6146 -0.1453
vn -0.7106 -0.6513 -0.2660
vn -0.7106 -0.6513 -0.2661
vn -0.7754 -0.6145 -0.1451
vn -0.5126 -0.8466 -0.1433
vn -0.2791 -0.9600 0.0243
vn -0.5125 -0.8467 -0.1432
vn -0.5299 -0.8401 -0.1159
vn -0.2975 -0.9535 0.0473
vn -0.5126 -0.8466 -0.1430
vn -0.5526 -0.8325 -0.0399
vn -0.5526 -0.8325 -0.0402
vn -0.5125 -0.8466 -0.1432
vn -0.0268 -0.9767 0.2130
vn -0.2792 -0.9599 0.0244
vn -0.0056 -0.9801 0.1985
vn -0.2791 -0.9599 0.0244
vn -0.5527 -0.8324 -0.0402
vn -0.2845 -0.9489 0.1363
vn -0.2846 -0.9489 0.1362
vn -0.0056 -0.9801 0.1986
vn 0.0073 -0.9553 0.2957
vn -0.2845 -0.9490 0.1362
vn 0.0072 -0.9552 0.2958
vn 0.0019 -0.9064 0.4225
vn -0.3181 -0.9040 0.2858
vn 0.0073 -0.9552 0.2959
vn -0.3180 -0.9040 0.2858
vn -0.2846 -0.9489 0.1363
vn -0.3535 -0.8243 0.4422
vn -0.3182 -0.9039 0.2857
vn -0.6638 -0.6848 0.3007
vn -0.3180 -0.9040 0.2859
vn -0.3536 -0.8242 0.4424
vn -0.6123 -0.7824 0.1138
vn -0.3181 -0.9039 0.2859
vn -0.6123 -0.7824 0.1137
vn -0.5526 -0.8325 -0.0400
vn -0.8276 -0.5575 -0.0651
vn -0.6124 -0.7824 0.1137
vn -0.8805 -0.4586 0.1205
vn -0.5526 -0.8324 -0.0403
vn -0.6124 -0.7823 0.1138
vn -0.6638 -0.6848 0.3006
vn -0.8805 -0.4585 0.1206
vn -0.8994 -0.3141 0.3041
vn -0.8805 -0.4585 0.1204
vn -0.8805 -0.4584 0.1205
vn -0.8994 -0.3139 0.3043
vn -0.9973 -0.0298 0.0670
vn -0.8275 -0.5576 -0.0653
vn -0.9827 -0.1671 -0.0804
vn -0.8805 -0.4585 0.1205
vn -0.9973 -0.0297 0.0669
vn -0.9827 -0.1670 -0.0804
vn -0.9391 -0.2553 -0.2301
vn -0.9391 -0.2552 -0.2300
vn -0.9826 -0.1672 -0.0805
vn -0.9502 0.1526 -0.2716
vn -0.9391 -0.2551 -0.2300
vn -0.9502 0.1527 -0.2717
vn -0.9325 0.0698 -0.3543
vn -0.6703 -0.5533 0.4945
vn -0.6704 -0.5533 0.4945
vn -0.3535 -0.8243 0.4423
vn -0.3425 -0.7137 0.6111
vn -0.7565 -0.6195 -0.2095
vn -0.7565 -0.6195 -0.2096
vn -0.8276 -0.5575 -0.0653
vn -0.9391 -0.2551 -0.2301
vn 0.0019 -0.9063 0.4226
vn 0.0100 -0.8502 0.5264
vn -0.3536 -0.8243 0.4422
vn -0.5300 -0.8401 -0.1159
vn -0.3516 -0.9227 0.1581
vn -0.5298 -0.8402 -0.1159
vn -0.3515 -0.9227 0.1581
vn -0.8281 -0.3992 -0.3935
vn -0.8863 -0.3641 -0.2864
vn 0.5129 -0.6432 0.5685
vn 0.5380 -0.5921 0.5999
vn 0.5765 -0.5937 0.5614
vn 0.6228 -0.5681 0.5379
vn 0.5969 -0.5935 0.5400
vn 0.6122 -0.5661 0.5521
vn 0.5385 -0.6558 0.5291
vn 0.5240 -0.6487 0.5519
vn 0.5646 -0.6255 0.5385
vn 0.5765 -0.5938 0.5614
vn 0.5379 -0.5922 0.6000
vn 0.5839 -0.5702 0.5779
vn 0.5970 -0.5935 0.5398
vn 0.5532 -0.6427 0.5301
vn 0.5765 -0.5938 0.5612
vn 0.5531 -0.6427 0.5301
vn 0.5131 -0.6431 0.5685
vn 0.5764 -0.5938 0.5614
vn 0.6121 -0.5660 0.5522
vn 0.6211 -0.5227 0.5840
vn 0.5873 -0.5950 0.5486
vn 0.6211 -0.5226 0.5840
vn 0.6130 -0.5280 0.5878
vn 0.5872 -0.5952 0.5485
vn 0.5873 -0.5952 0.5485
vn 0.6129 -0.5281 0.5878
vn 0.6020 -0.5503 0.5787
vn 0.5840 -0.5701 0.5778
vn 0.6214 -0.5327 0.5745
vn 0.6121 -0.5661 0.5521
vn 0.6021 -0.5502 0.5785
vn 0.6122 -0.5661 0.5520
vn 0.5873 -0.5951 0.5485
vn 0.6227 -0.5681 0.5380
vn 0.5644 -0.6256 0.5386
vn 0.4883 -0.6137 0.6204
vn 0.4913 -0.6538 0.5754
vn 0.4316 -0.6326 0.6431
vn 0.4912 -0.6539 0.5754
vn 0.4913 -0.6538 0.5755
vn 0.4315 -0.6326 0.6431
vn 0.5130 -0.6431 0.5686
vn 0.5239 -0.6488 0.5519
vn 0.4838 -0.6655 0.5683
vn 0.5643 -0.6257 0.5386
vn 0.5132 -0.6430 0.5685
vn 0.5532 -0.6428 0.5299
vn 0.4911 -0.6541 0.5753
vn 0.5531 -0.6429 0.5299
vn 0.5386 -0.6559 0.5288
vn 0.5644 -0.6257 0.5384
vn 0.5645 -0.6257 0.5384
vn 0.4913 -0.6539 0.5753
vn 0.5386 -0.6560 0.5288
vn 0.5343 -0.6488 0.5418
vn 0.5344 -0.6487 0.5418
vn 0.5387 -0.6558 0.5290
vn 0.5342 -0.6488 0.5420
vn 0.5240 -0.6486 0.5520
vn 0.5326 -0.6559 0.5349
vn 0.5326 -0.6559 0.5348
vn 0.5326 -0.6560 0.5349
vn 0.5326 -0.6560 0.5348
vn 0.7959 -0.1779 0.5787
vn 0.7887 -0.1851 0.5863
vn 0.7959 -0.1778 0.5787
vn 0.7960 -0.1778 0.5786
vn 0.5840 -0.5702 0.5778
vn 0.5970 -0.5933 0.5399
vn 0.5842 -0.5700 0.5777
vn 0.5953 -0.5951 0.5399
vn 0.5764 -0.5938 0.5613
vn 0.5330 -0.6599 0.5296
vn 0.5333 -0.6545 0.5359
vn 0.3474 -0.7803 0.5200
vn 0.3226 -0.8359 0.4440
vn 0.5329 -0.6599 0.5296
vn 0.3227 -0.8359 0.4439
vn 0.3475 -0.7802 0.5200
vn 0.0018 -0.9063 0.4226
vn 0.5332 -0.6546 0.5359
vn 0.3613 -0.7542 0.5483
vn 0.3476 -0.7803 0.5199
vn 0.0099 -0.8502 0.5264
vn 0.0018 -0.9064 0.4225
vn 0.3475 -0.7803 0.5199
vn 0.3612 -0.7543 0.5483
vn 0.0099 -0.8502 0.5263
vn 0.3227 -0.8359 0.4440
vn 0.0073 -0.9552 0.2958
vn 0.2886 -0.8851 0.3651
vn 0.3226 -0.8359 0.4441
vn 0.0072 -0.9552 0.2959
vn 0.2620 -0.8922 0.3678
vn 0.2886 -0.8851 0.3652
vn -0.0055 -0.9801 0.1986
vn 0.2620 -0.8923 0.3677
vn -0.0270 -0.9766 0.2131
vn 0.2385 -0.8809 0.4087
vn 0.2621 -0.8922 0.3678
vn -0.0269 -0.9766 0.2132
vn 0.2385 -0.8810 0.4086
vn -0.0270 -0.9766 0.2132
vn -0.0674 -0.9524 0.2974
vn 0.2494 -0.8452 0.4728
vn -0.0676 -0.9524 0.2973
vn -0.0940 -0.9047 0.4156
vn 0.2493 -0.8452 0.4728
vn 0.2387 -0.8809 0.4086
vn 0.2681 -0.7755 0.5716
vn 0.2495 -0.8451 0.4727
vn -0.0942 -0.9048 0.4154
vn 0.2680 -0.7756 0.5714
vn 0.5081 -0.7065 0.4926
vn 0.2495 -0.8452 0.4726
vn 0.2495 -0.8452 0.4727
vn 0.5083 -0.7064 0.4925
vn 0.4968 -0.7244 0.4779
vn 0.2496 -0.8452 0.4726
vn 0.4969 -0.7244 0.4779
vn 0.2388 -0.8810 0.4085
vn 0.5082 -0.7065 0.4925
vn 0.6837 -0.5122 0.5198
vn 0.4970 -0.7243 0.4780
vn 0.4969 -0.7243 0.4780
vn 0.6868 -0.5176 0.5103
vn 0.5044 -0.7247 0.4695
vn 0.4968 -0.7244 0.4780
vn 0.6867 -0.5176 0.5103
vn 0.2389 -0.8810 0.4085
vn 0.5016 -0.7272 0.4686
vn 0.6774 -0.5333 0.5066
vn 0.5043 -0.7247 0.4695
vn 0.6775 -0.5332 0.5066
vn 0.5190 -0.7132 0.4711
vn 0.5190 -0.7133 0.4710
vn 0.2621 -0.8923 0.3675
vn 0.5045 -0.7247 0.4694
vn 0.5043 -0.7248 0.4693
vn 0.5189 -0.7134 0.4710
vn 0.2886 -0.8852 0.3649
vn 0.2620 -0.8923 0.3675
vn 0.2888 -0.8851 0.3651
vn 0.5117 -0.6814 0.5233
vn 0.5189 -0.7133 0.4711
vn 0.6775 -0.5333 0.5066
vn 0.6432 -0.5445 0.5384
vn 0.6432 -0.5444 0.5384
vn 0.5117 -0.6815 0.5233
vn 0.5115 -0.6815 0.5233
vn 0.6431 -0.5443 0.5387
vn 0.5301 -0.6068 0.5923
vn 0.5345 -0.6386 0.5536
vn 0.6432 -0.5443 0.5385
vn 0.5344 -0.6388 0.5536
vn 0.5724 -0.5870 0.5726
vn 0.5722 -0.5871 0.5726
vn 0.6219 -0.5188 0.5865
vn 0.6368 -0.5083 0.5798
vn 0.6219 -0.5188 0.5866
vn 0.6775 -0.5332 0.5067
vn 0.7819 -0.3126 0.5395
vn 0.6367 -0.5084 0.5798
vn 0.6432 -0.5444 0.5385
vn 0.7819 -0.3125 0.5394
vn -0.1484 -0.9154 0.3743
vn -0.1893 -0.7597 0.6221
vn -0.1902 -0.7559 0.6265
vn -0.1894 -0.7597 0.6221
vn -0.0984 -0.5544 0.8264
vn -0.1904 -0.7558 0.6265
vn -0.1483 -0.9153 0.3744
vn -0.1902 -0.7558 0.6265
vn -0.1541 -0.8960 0.4164
vn 0.7819 -0.3127 0.5394
vn 0.6325 -0.5285 0.5663
vn 0.7819 -0.3125 0.5393
vn 0.7128 -0.3554 0.6046
vn 0.6326 -0.5284 0.5662
vn 0.6158 -0.5459 0.5682
vn 0.6325 -0.5284 0.5664
vn 0.7128 -0.3555 0.6046
vn 0.6157 -0.5460 0.5682
vn 0.6815 -0.3811 0.6247
vn 0.6124 -0.5635 0.5545
vn 0.6157 -0.5461 0.5681
vn 0.6815 -0.3812 0.6248
vn 0.6123 -0.5636 0.5544
vn 0.6814 -0.3811 0.6248
vn 0.6401 -0.4249 0.6401
vn 0.6002 -0.5808 0.5499
vn 0.6124 -0.5635 0.5544
vn 0.6400 -0.4249 0.6401
vn 0.1893 -0.9816 -0.0258
vn 0.4168 -0.8998 -0.1291
vn 0.3860 -0.9147 -0.1196
vn 0.1575 -0.9875 -0.0052
vn 0.6042 -0.7808 -0.1590
vn 0.3861 -0.9147 -0.1196
vn 0.4169 -0.8997 -0.1291
vn 0.6218 -0.7669 -0.1588
vn 0.6796 -0.7151 -0.1637
vn 0.6219 -0.7668 -0.1589
vn 0.6681 -0.7252 -0.1666
vn 0.7318 -0.6627 -0.1589
vn 0.6796 -0.7150 -0.1638
vn 0.6218 -0.7669 -0.1589
vn 0.6682 -0.7251 -0.1666
vn 0.7287 -0.6660 -0.1595
vn 0.7288 -0.6659 -0.1594
vn 0.8787 -0.4658 -0.1039
vn 0.7319 -0.6626 -0.1589
vn 0.7287 -0.6660 -0.1594
vn 0.8684 -0.4834 -0.1103
vn 0.8787 -0.4659 -0.1039
vn 0.9671 -0.2543 0.0065
vn 0.8684 -0.4834 -0.1104
vn 0.5435 -0.6374 0.5462
vn 0.4418 -0.6203 0.6482
vn 0.5599 -0.6321 0.5358
vn 0.9671 -0.2542 0.0065
vn 0.9592 -0.2825 -0.0116
vn 0.4136 -0.6707 0.6157
vn 0.5599 -0.6320 0.5358
vn 0.4420 -0.6201 0.6481
vn 0.4135 -0.6708 0.6157
vn 0.5603 -0.6386 0.5275
vn 0.3917 -0.7152 0.5789
vn 0.5602 -0.6388 0.5274
vn 0.4134 -0.6708 0.6157
vn 0.3919 -0.7150 0.5789
vn 0.5486 -0.6496 0.5263
vn 0.5603 -0.6387 0.5274
vn 0.9858 -0.0827 0.1459
vn 0.9833 -0.0558 0.1733
vn 0.9592 -0.2824 -0.0116
vn 0.9833 -0.0558 0.1732
vn 0.5346 -0.6516 0.5381
vn 0.5486 -0.6497 0.5263
vn 0.3614 -0.7542 0.5483
vn 0.5486 -0.6497 0.5262
vn 0.3918 -0.7152 0.5788
vn 0.5346 -0.6516 0.5382
vn 0.3613 -0.7542 0.5484
vn 0.3612 -0.7542 0.5483
vn 0.3919 -0.7151 0.5789
vn 0.0384 -0.7697 0.6373
vn 0.3918 -0.7151 0.5789
vn 0.0864 -0.6671 0.7400
vn 0.0384 -0.7698 0.6371
vn 0.3916 -0.7151 0.5790
vn 0.0866 -0.6670 0.7400
vn 0.0385 -0.7698 0.6372
vn 0.0866 -0.6671 0.7399
vn -0.2842 -0.5669 0.7732
vn 0.0385 -0.7697 0.6372
vn -0.2843 -0.5671 0.7730
vn -0.3426 -0.7137 0.6110
vn 0.0384 -0.7697 0.6372
vn -0.3424 -0.7138 0.6109
vn 0.0385 -0.7697 0.6373
vn 0.0100 -0.8502 0.5263
vn -0.3424 -0.7138 0.6110
vn -0.3536 -0.8242 0.4423
vn 0.0866 -0.6672 0.7398
vn -0.1729 -0.3848 0.9067
vn -0.2843 -0.5668 0.7733
vn 0.1667 -0.5451 0.8216
vn -0.1730 -0.3849 0.9066
vn 0.1667 -0.5450 0.8217
vn -0.0129 -0.1830 0.9830
vn 0.2736 -0.4125 0.8689
vn 0.1746 0.0098 0.9846
vn -0.0128 -0.1830 0.9830
vn -0.0128 -0.1829 0.9831
vn 0.4835 -0.5611 0.6718
vn 0.3957 -0.2849 0.8731
vn 0.2737 -0.4126 0.8688
vn 0.2736 -0.4126 0.8689
vn 0.1746 0.0097 0.9846
vn 0.4418 -0.6202 0.6482
vn 0.2737 -0.4125 0.8688
vn 0.1665 -0.5451 0.8216
vn 0.4417 -0.6202 0.6482
vn 0.4836 -0.5610 0.6719
vn 0.5882 -0.5864 0.5569
vn 0.4836 -0.5612 0.6717
vn 0.5608 -0.6109 0.5589
vn 0.4837 -0.5610 0.6718
vn 0.5434 -0.6374 0.5463
vn 0.5607 -0.6110 0.5588
vn 0.5435 -0.6372 0.5464
vn 0.4835 -0.5613 0.6717
vn 0.4419 -0.6202 0.6481
vn 0.5392 -0.5019 0.6762
vn 0.3956 -0.2850 0.8731
vn 0.5393 -0.5020 0.6761
vn 0.5883 -0.5863 0.5569
vn 0.5920 -0.4606 0.6613
vn 0.5393 -0.5019 0.6762
vn 0.5393 -0.5020 0.6762
vn 0.5182 -0.1767 0.8368
vn 0.5392 -0.5020 0.6762
vn 0.5919 -0.4606 0.6614
vn 0.5181 -0.1769 0.8368
vn 0.5920 -0.4604 0.6615
vn 0.6305 -0.0973 0.7701
vn 0.6002 -0.5809 0.5499
vn 0.6400 -0.4250 0.6401
vn 0.5919 -0.4607 0.6614
vn 0.5920 -0.4605 0.6614
vn 0.6400 -0.4249 0.6402
vn 0.6305 -0.0972 0.7700
vn 0.6305 -0.0973 0.7700
vn 0.6636 0.3314 0.6706
vn 0.5257 0.2727 0.8058
vn 0.6305 -0.0974 0.7700
vn 0.7258 -0.0374 0.6869
vn 0.6637 0.3314 0.6706
vn 0.7257 -0.0372 0.6870
vn 0.6305 -0.0971 0.7701
vn 0.5181 -0.1767 0.8369
vn 0.5256 0.2727 0.8058
vn 0.3605 0.1657 0.9179
vn 0.5181 -0.1768 0.8369
vn 0.3606 0.1655 0.9179
vn 0.3958 -0.2848 0.8730
vn 0.3607 0.1657 0.9179
vn 0.1746 0.0096 0.9846
vn 0.6399 -0.4248 0.6404
vn 0.6815 -0.3811 0.6248
vn 0.7257 -0.0373 0.6870
vn 0.6814 -0.3812 0.6248
vn 0.7990 -0.0010 0.6014
vn 0.7257 -0.0371 0.6870
vn 0.8714 0.0264 0.4898
vn 0.7990 -0.0009 0.6013
vn 0.6815 -0.3808 0.6249
vn 0.7127 -0.3553 0.6048
vn 0.7818 -0.3126 0.5395
vn 0.9124 0.0627 0.4045
vn 0.8714 0.0265 0.4898
vn 0.7819 -0.3126 0.5394
vn 0.7818 -0.3125 0.5395
vn 0.8310 -0.2691 0.4869
vn 0.9123 0.0628 0.4046
vn 0.8310 -0.2691 0.4868
vn 0.9031 0.0799 0.4219
vn 0.9124 0.0628 0.4044
vn 0.8336 -0.2430 0.4960
vn 0.8337 -0.2430 0.4959
vn 0.8575 0.0983 0.5049
vn 0.9032 0.0800 0.4218
vn 0.8114 -0.2305 0.5370
vn 0.7848 0.0937 0.6126
vn 0.8336 -0.2432 0.4959
vn 0.8114 -0.2303 0.5371
vn 0.8575 0.0983 0.5050
vn 0.8115 -0.2304 0.5370
vn 0.7660 -0.2585 0.5886
vn 0.7848 0.0936 0.6126
vn 0.6010 0.0906 0.7941
vn 0.7847 0.0936 0.6127
vn 0.6364 -0.5535 0.5373
vn 0.7659 -0.2585 0.5886
vn 0.6652 -0.5282 0.5278
vn 0.6363 -0.5535 0.5373
vn 0.6822 -0.3052 0.6644
vn 0.7659 -0.2586 0.5886
vn 0.6651 -0.5282 0.5279
vn 0.7660 -0.2585 0.5885
vn 0.7660 -0.2586 0.5886
vn 0.6009 0.0906 0.7942
vn 0.6154 -0.5642 0.5503
vn 0.6363 -0.5535 0.5374
vn 0.6822 -0.3054 0.6643
vn 0.4812 -0.0447 0.8755
vn 0.3760 0.1105 0.9200
vn 0.6154 -0.5642 0.5504
vn 0.6179 -0.5103 0.5982
vn 0.6823 -0.3053 0.6643
vn 0.3760 0.1104 0.9200
vn 0.6011 0.0904 0.7940
vn 0.5454 -0.6526 0.5260
vn 0.6154 -0.5643 0.5503
vn 0.5316 -0.6594 0.5315
vn 0.6118 -0.5771 0.5409
vn 0.6155 -0.5643 0.5503
vn 0.5317 -0.6594 0.5315
vn 0.6364 -0.5536 0.5372
vn 0.6119 -0.5769 0.5411
vn 0.6179 -0.5104 0.5981
vn 0.6153 -0.5643 0.5504
vn 0.5267 -0.6780 0.5128
vn 0.4705 -0.6778 0.5650
vn 0.5268 -0.6779 0.5127
vn 0.2291 -0.6874 0.6892
vn 0.5316 -0.6594 0.5316
vn 0.4706 -0.6776 0.5652
vn 0.2290 -0.6872 0.6894
vn 0.5453 -0.6527 0.5260
vn 0.5317 -0.6593 0.5316
vn 0.2290 -0.6873 0.6894
vn -0.0547 -0.6532 0.7552
vn 0.2186 -0.7511 0.6230
vn 0.2289 -0.6873 0.6894
vn 0.2187 -0.7510 0.6230
vn 0.2288 -0.6874 0.6893
vn 0.2187 -0.7511 0.6230
vn -0.1714 -0.7416 0.6485
vn -0.0548 -0.6530 0.7553
vn -0.0548 -0.6531 0.7553
vn 0.2680 -0.7756 0.5715
vn -0.1527 -0.7655 0.6251
vn 0.2681 -0.7755 0.5715
vn -0.0942 -0.9047 0.4155
vn -0.1527 -0.7656 0.6250
vn 0.2185 -0.7511 0.6230
vn 0.5565 -0.6550 0.5112
vn 0.5453 -0.6526 0.5260
vn 0.6119 -0.5771 0.5409
vn 0.5564 -0.6550 0.5112
vn 0.6187 -0.5844 0.5251
vn 0.6118 -0.5772 0.5409
vn 0.6186 -0.5844 0.5252
vn 0.5681 -0.3020 0.7655
vn 0.6119 -0.5770 0.5410
vn 0.6412 -0.2708 0.7180
vn 0.5681 -0.3020 0.7656
vn 0.5682 -0.3021 0.7655
vn 0.6413 -0.2707 0.7179
vn 0.5704 0.1012 0.8151
vn 0.5682 -0.3020 0.7654
vn 0.5706 0.1012 0.8150
vn 0.4565 0.0781 0.8863
vn 0.4812 -0.0445 0.8755
vn 0.5682 -0.3021 0.7654
vn 0.4567 0.0780 0.8862
vn 0.4811 -0.0445 0.8755
vn 0.4567 0.0779 0.8862
vn 0.3760 0.1102 0.9200
vn 0.6118 -0.5770 0.5411
vn 0.5682 -0.3020 0.7655
vn 0.6180 -0.5103 0.5981
vn 0.4705 -0.6776 0.5652
vn 0.5266 -0.6779 0.5129
vn 0.2680 -0.7757 0.5713
vn 0.2681 -0.7756 0.5714
vn 0.5269 -0.6780 0.5126
vn 0.5081 -0.7066 0.4925
vn 0.5268 -0.6779 0.5128
vn 0.6652 -0.5283 0.5277
vn 0.6651 -0.5283 0.5277
vn 0.6653 -0.5282 0.5277
vn 0.6651 -0.5282 0.5278
vn 0.8114 -0.2305 0.5371
vn 0.6837 -0.5121 0.5199
vn 0.8337 -0.2431 0.4959
vn 0.8310 -0.2692 0.4868
vn 0.6867 -0.5176 0.5104
vn 0.8336 -0.2431 0.4959
vn 0.6837 -0.5122 0.5199
vn 0.8311 -0.2691 0.4867
vn 0.6776 -0.5331 0.5067
vn 0.8311 -0.2692 0.4866
vn 0.4133 -0.6708 0.6158
vn 0.1666 -0.5450 0.8217
vn 0.4135 -0.6706 0.6159
vn 0.4417 -0.6202 0.6483
vn 0.1665 -0.5451 0.8217
vn -0.1894 -0.7596 0.6222
vn -0.1559 -0.6133 0.7743
vn -0.0986 -0.5544 0.8264
vn -0.0785 -0.5352 0.8411
vn -0.1557 -0.6134 0.7743
vn -0.0701 -0.5255 0.8479
vn -0.0785 -0.5352 0.8410
vn -0.0984 -0.5545 0.8263
vn -0.0701 -0.5254 0.8480
vn -0.0592 -0.4708 0.8802
vn -0.0787 -0.5352 0.8411
vn -0.0702 -0.5254 0.8480
vn -0.0564 -0.4646 0.8837
vn -0.0591 -0.4707 0.8803
vn 0.5301 -0.6067 0.5924
vn 0.5077 -0.6013 0.6170
vn 0.5115 -0.6815 0.5234
vn 0.5078 -0.6013 0.6170
vn 0.4905 -0.6333 0.5986
vn 0.5116 -0.6815 0.5234
vn 0.2251 -0.1254 0.9662
vn 0.3708 0.0064 0.9287
vn 0.2226 -0.1274 0.9666
vn 0.4277 0.0716 0.9011
vn 0.5996 0.1423 0.7876
vn 0.4277 0.0717 0.9011
vn 0.6013 0.1424 0.7862
vn 0.5995 0.1423 0.7876
vn 0.3708 0.0063 0.9287
vn 0.4277 0.0718 0.9011
vn 0.5329 -0.6600 0.5295
vn 0.5020 -0.6563 0.5632
vn 0.5020 -0.6562 0.5633
vn 0.5116 -0.6813 0.5235
vn 0.4905 -0.6334 0.5985
vn 0.5021 -0.6561 0.5633
vn 0.5115 -0.6814 0.5235
vn 0.2887 -0.8851 0.3651
vn -0.6429 0.6033 -0.4719
vn -0.6439 0.6081 -0.4644
vn -0.5680 0.6979 -0.4362
vn -0.5679 0.6981 -0.4360
vn -0.4773 0.7837 -0.3976
vn -0.6430 0.6033 -0.4718
vn -0.4839 0.7802 -0.3964
vn -0.4773 0.7837 -0.3975
vn -0.5677 0.6981 -0.4363
vn -0.6438 0.6081 -0.4644
vn -0.6956 0.5872 -0.4139
vn -0.6957 0.5872 -0.4138
vn -0.6935 0.6202 -0.3665
vn -0.5679 0.6981 -0.4361
vn -0.5989 0.6579 -0.4565
vn -0.6180 0.6568 -0.4320
vn -0.6777 0.6020 -0.4223
vn -0.6957 0.5871 -0.4140
vn -0.6776 0.6021 -0.4223
vn -0.6438 0.6083 -0.4642
vn -0.6182 0.6567 -0.4320
vn -0.6776 0.6022 -0.4221
vn -0.7365 0.5885 -0.3336
vn -0.6957 0.5871 -0.4138
vn -0.6182 0.6568 -0.4319
vn -0.6520 0.6508 -0.3889
vn -0.6777 0.6021 -0.4221
vn -0.6089 0.6776 -0.4124
vn -0.6265 0.6500 -0.4301
vn -0.5990 0.6579 -0.4565
vn -0.6089 0.6777 -0.4123
vn -0.6181 0.6568 -0.4319
vn -0.6090 0.6775 -0.4124
vn -0.5990 0.6580 -0.4563
vn -0.5824 0.6825 -0.4415
vn -0.5825 0.6825 -0.4415
vn -0.5700 0.7112 -0.4115
vn -0.6088 0.6777 -0.4124
vn -0.6136 0.6513 -0.4465
vn -0.5824 0.6825 -0.4416
vn -0.6820 0.5512 -0.4806
vn -0.5823 0.6826 -0.4416
vn -0.5990 0.6580 -0.4564
vn -0.6821 0.5512 -0.4806
vn -0.6135 0.6515 -0.4464
vn -0.5685 0.7183 -0.4011
vn -0.6136 0.6513 -0.4464
vn -0.5763 0.7139 -0.3978
vn -0.5684 0.7185 -0.4010
vn -0.7030 0.5427 -0.4596
vn -0.6137 0.6511 -0.4467
vn -0.7030 0.5428 -0.4595
vn -0.5765 0.7137 -0.3978
vn -0.6135 0.6514 -0.4464
vn -0.7795 0.3920 -0.4886
vn -0.7795 0.3919 -0.4886
vn -0.7795 0.3920 -0.4885
vn -0.7365 0.5884 -0.3336
vn -0.6934 0.6204 -0.3664
vn -0.8855 0.2245 -0.4067
vn -0.8855 0.2245 -0.4068
vn -0.8855 0.2246 -0.4068
vn 0.4050 -0.8006 0.4417
vn 0.5738 -0.6547 0.4921
vn 0.4052 -0.8004 0.4418
vn 0.4051 -0.8005 0.4417
vn 0.0872 -0.9465 0.3106
vn 0.4050 -0.8006 0.4416
vn 0.0871 -0.9465 0.3106
vn 0.5737 -0.6547 0.4922
vn 0.6244 -0.5970 0.5036
vn 0.5738 -0.6546 0.4922
vn 0.6245 -0.5969 0.5036
vn 0.6246 -0.5969 0.5036
vn 0.6245 -0.5970 0.5036
vn 0.7512 -0.4075 0.5193
vn 0.7512 -0.4074 0.5193
vn 0.7513 -0.4074 0.5193
vn 0.8718 -0.0552 0.4868
vn 0.8718 -0.0552 0.4867
vn 0.8718 -0.0551 0.4867
vn -0.7907 -0.5963 -0.1383
vn -0.8801 -0.4139 -0.2326
vn -0.7909 -0.5960 -0.1385
vn -0.7908 -0.5963 -0.1384
vn -0.8804 -0.4130 -0.2330
vn -0.8801 -0.4139 -0.2327
vn -0.8966 -0.3654 -0.2501
vn -0.8801 -0.4140 -0.2326
vn -0.8805 -0.4129 -0.2329
vn -0.8967 -0.3653 -0.2500
vn -0.8967 -0.3654 -0.2500
vn 0.4616 -0.2377 -0.8546
vn 0.4617 -0.2376 -0.8546
vn 0.4617 -0.2377 -0.8546
vn 0.4675 -0.2269 -0.8544
vn 0.4616 -0.2378 -0.8546
vn 0.4618 -0.2375 -0.8546
vn 0.4618 -0.2376 -0.8546
vn 0.4617 -0.2378 -0.8546
vn -0.6245 0.5969 -0.5036
vn -0.5739 0.6545 -0.4922
vn -0.5737 0.6547 -0.4922
vn -0.6246 0.5968 -0.5036
vn -0.5738 0.6547 -0.4922
vn -0.7513 0.4074 -0.5192
vn -0.7513 0.4075 -0.5191
vn -0.6246 0.5969 -0.5036
vn -0.7513 0.4076 -0.5191
vn -0.5738 0.6547 -0.4921
vn -0.5737 0.6547 -0.4921
vn -0.4052 0.8005 -0.4417
vn -0.4051 0.8005 -0.4417
vn -0.4051 0.8006 -0.4415
vn -0.4052 0.8005 -0.4415
vn -0.0873 0.9466 -0.3104
vn -0.4052 0.8006 -0.4415
vn -0.0873 0.9466 -0.3103
vn -0.0872 0.9466 -0.3103
vn 0.6943 -0.3363 0.6363
vn 0.9449 -0.0457 0.3241
vn 0.7844 0.0337 0.6194
vn 0.6942 -0.3363 0.6364
vn 0.8265 -0.4024 0.3936
vn 0.9449 -0.0457 0.3242
vn 0.6768 -0.6161 0.4030
vn 0.8265 -0.4024 0.3937
vn 0.6940 -0.3364 0.6365
vn 0.6942 -0.3361 0.6365
vn 0.7844 0.0337 0.6193
vn 0.6627 0.0455 0.7475
vn 0.6767 -0.6161 0.4031
vn 0.6942 -0.3362 0.6365
vn 0.5707 -0.5616 0.5990
vn 0.5707 -0.5615 0.5992
vn 0.5907 -0.3392 0.7322
vn 0.6942 -0.3362 0.6364
vn 0.6626 0.0454 0.7476
vn 0.5906 -0.3391 0.7322
vn 0.5705 -0.5617 0.5992
vn 0.5906 -0.3393 0.7322
vn 0.5032 -0.5254 0.6861
vn 0.5131 -0.6269 0.5863
vn 0.5033 -0.5255 0.6860
vn 0.4517 -0.5840 0.6744
vn 0.5131 -0.6268 0.5864
vn 0.5707 -0.5614 0.5992
vn 0.5032 -0.5256 0.6860
vn 0.4353 -0.8467 0.3058
vn 0.6192 -0.6814 0.3903
vn 0.5133 -0.6268 0.5862
vn 0.6192 -0.6814 0.3902
vn 0.5707 -0.5616 0.5991
vn 0.5132 -0.6269 0.5861
vn 0.4354 -0.8467 0.3058
vn 0.3055 -0.7779 0.5491
vn 0.3054 -0.7778 0.5493
vn 0.5132 -0.6267 0.5864
vn 0.4516 -0.5842 0.6744
vn 0.4354 -0.8467 0.3057
vn 0.3053 -0.7779 0.5492
vn -0.0373 -0.8996 0.4350
vn -0.0372 -0.8997 0.4350
vn 0.3056 -0.7779 0.5491
vn 0.2749 -0.6979 0.6614
vn 0.4517 -0.5841 0.6744
vn 0.2749 -0.6980 0.6613
vn -0.0372 -0.8997 0.4349
vn 0.2748 -0.6980 0.6613
vn -0.0911 -0.8106 0.5784
vn 0.2207 -0.9753 -0.0093
vn 0.4352 -0.8467 0.3059
vn 0.1198 -0.9830 0.1390
vn 0.2206 -0.9753 -0.0093
vn 0.5239 -0.8289 0.1959
vn 0.4352 -0.8468 0.3059
vn 0.5241 -0.8288 0.1961
vn 0.6629 -0.6929 0.2838
vn 0.6192 -0.6815 0.3900
vn 0.6192 -0.6815 0.3901
vn 0.6629 -0.6928 0.2838
vn 0.7146 -0.6342 0.2953
vn 0.6767 -0.6162 0.4029
vn 0.6194 -0.6814 0.3900
vn 0.7145 -0.6342 0.2953
vn 0.8265 -0.4025 0.3936
vn 0.8430 -0.4667 0.2675
vn 0.8431 -0.4665 0.2676
vn 0.9449 -0.0456 0.3241
vn 0.8265 -0.4024 0.3938
vn 0.8430 -0.4666 0.2676
vn 0.9805 -0.1120 0.1614
vn 0.6191 -0.6815 0.3902
vn 0.6766 -0.6161 0.4032
vn -0.4617 0.2377 0.8546
vn -0.4616 0.2378 0.8546
vn -0.4617 0.2376 0.8546
vn -0.4618 0.2376 0.8546
vn -0.4616 0.2377 0.8546
vn -0.4617 0.2378 0.8546
vn -0.4592 0.2422 0.8547
vn -0.4618 0.2375 0.8546
vn -0.4615 0.2379 0.8546
vn -0.4616 0.2379 0.8546
vn 0.7533 0.6137 0.2365
vn 0.8718 0.2991 0.3880
vn 0.7534 0.6136 0.2364
vn 0.7533 0.6136 0.2365
vn 0.5313 0.8456 0.0518
vn 0.7534 0.6136 0.2365
vn 0.5312 0.8456 0.0520
vn 0.5312 0.8457 0.0520
vn 0.2378 0.9614 -0.1387
vn 0.2379 0.9613 -0.1388
vn -0.0870 0.9466 -0.3103
vn 0.2378 0.9613 -0.1388
vn 0.8718 0.2992 0.3880
vn 0.8718 -0.0551 0.4868
vn 0.2692 0.9556 -0.1202
vn -0.0515 0.9546 -0.2933
vn -0.0517 0.9546 -0.2934
vn 0.5417 0.8385 0.0596
vn 0.2691 0.9556 -0.1202
vn 0.5416 0.8385 0.0595
vn 0.5417 0.8385 0.0595
vn 0.2692 0.9556 -0.1201
vn 0.7464 0.6246 0.2296
vn 0.5417 0.8385 0.0593
vn 0.5416 0.8385 0.0594
vn 0.7464 0.6247 0.2296
vn 0.7464 0.6247 0.2297
vn 0.8652 0.3329 0.3750
vn 0.8612 0.3341 0.3830
vn 0.8777 -0.0160 0.4790
vn 0.8652 0.3330 0.3749
vn 0.7613 -0.3883 0.5193
vn 0.8776 -0.0160 0.4790
vn 0.7613 -0.3881 0.5193
vn 0.6267 -0.5943 0.5041
vn 0.7613 -0.3882 0.5193
vn 0.6268 -0.5942 0.5041
vn 0.5713 -0.6572 0.4916
vn 0.6268 -0.5943 0.5040
vn 0.5712 -0.6572 0.4917
vn 0.6268 -0.5942 0.5040
vn 0.6267 -0.5943 0.5040
vn 0.3879 -0.8123 0.4356
vn 0.5713 -0.6573 0.4915
vn 0.3879 -0.8122 0.4357
vn 0.5712 -0.6573 0.4916
vn 0.0514 -0.9545 0.2936
vn 0.0515 -0.9545 0.2936
vn 0.3878 -0.8123 0.4356
vn 0.3879 -0.8122 0.4356
vn -0.7613 0.3883 -0.5192
vn -0.8778 0.0160 -0.4788
vn -0.8778 0.0160 -0.4787
vn -0.7613 0.3883 -0.5193
vn -0.7614 0.3882 -0.5192
vn -0.8779 0.0160 -0.4787
vn -0.7589 0.3914 -0.5205
vn -0.6267 0.5943 -0.5040
vn -0.6267 0.5943 -0.5041
vn -0.6268 0.5942 -0.5040
vn -0.5713 0.6572 -0.4916
vn -0.5711 0.6573 -0.4917
vn -0.3880 0.8122 -0.4356
vn -0.3879 0.8123 -0.4355
vn -0.5714 0.6572 -0.4915
vn -0.5712 0.6573 -0.4916
vn -0.3881 0.8122 -0.4357
vn -0.0517 0.9546 -0.2933
vn -0.3880 0.8123 -0.4355
vn -0.3880 0.8122 -0.4355
vn -0.0516 0.9546 -0.2933
vn -0.1701 -0.9367 0.3060
vn -0.3603 -0.9123 0.1945
vn -0.3611 -0.9121 0.1942
vn -0.3603 -0.9123 0.1947
vn -0.3612 -0.9121 0.1941
vn -0.6207 -0.7840 0.0073
vn -0.3603 -0.9123 0.1946
vn -0.6212 -0.7836 0.0067
vn -0.6206 -0.7841 0.0072
vn -0.6212 -0.7836 0.0068
vn -0.7909 -0.5961 -0.1384
vn -0.7908 -0.5963 -0.1382
vn -0.7909 -0.5960 -0.1384
vn 0.2700 0.9626 0.0228
vn 0.5364 0.8232 0.1858
vn 0.2641 0.9643 0.0194
vn 0.2700 0.9626 0.0229
vn 0.5369 0.8228 0.1863
vn 0.5364 0.8232 0.1860
vn 0.0559 0.9940 -0.0944
vn 0.2702 0.9625 0.0227
vn 0.2643 0.9642 0.0194
vn 0.0557 0.9940 -0.0944
vn 0.0556 0.9940 -0.0944
vn 0.5369 0.8228 0.1862
vn 0.6915 0.6435 0.3282
vn 0.5364 0.8233 0.1858
vn 0.5370 0.8228 0.1862
vn 0.6866 0.6516 0.3226
vn 0.6916 0.6435 0.3281
vn 0.6866 0.6516 0.3224
vn 0.7551 0.5138 0.4072
vn -0.5991 -0.7640 -0.2395
vn -0.5992 -0.7640 -0.2394
vn -0.5991 -0.7640 -0.2394
vn -0.5992 -0.7640 -0.2393
vn 0.6956 0.7157 0.0623
vn -0.5361 -0.7765 -0.3312
vn -0.5360 -0.7766 -0.3311
vn -0.5361 -0.7765 -0.3311
vn -0.5362 -0.7765 -0.3311
vn 0.7166 0.6974 0.0142
vn -0.5360 -0.7765 -0.3311
vn 0.7165 0.6974 0.0142
vn 0.6484 0.7451 0.1564
vn 0.6483 0.7452 0.1563
vn -0.5878 -0.7671 -0.2569
vn -0.5878 -0.7671 -0.2570
vn 0.6514 0.7436 0.1509
vn 0.6512 0.7437 0.1509
vn 0.6513 0.7437 0.1508
vn -0.6693 0.6645 -0.3324
vn -0.6733 0.6686 -0.3157
vn -0.5730 0.7034 -0.4206
vn -0.6733 0.6685 -0.3157
vn -0.6801 0.6604 -0.3185
vn -0.5729 0.7035 -0.4207
vn -0.9406 0.2873 0.1809
vn -0.8624 0.4367 0.2562
vn -0.8643 0.4338 0.2545
vn -0.9406 0.2874 0.1809
vn -0.8643 0.4339 0.2544
vn -0.9623 0.2235 0.1552
vn -0.9623 0.2233 0.1553
vn -0.9881 0.1513 0.0289
vn -0.9623 0.2237 0.1550
vn -0.9852 0.1535 0.0761
vn -0.9881 0.1511 0.0289
vn -0.6801 0.6603 -0.3185
vn -0.6348 0.6697 -0.3853
vn -0.5729 0.7034 -0.4207
vn -0.3664 0.8454 -0.3887
vn -0.5817 0.6966 -0.4200
vn -0.6348 0.6696 -0.3856
vn -0.6156 0.6314 -0.4715
vn -0.3665 0.8453 -0.3888
vn -0.9882 0.0832 -0.1284
vn -0.9881 0.1511 0.0287
vn -0.6142 0.6386 -0.4636
vn -0.3666 0.8453 -0.3887
vn -0.6157 0.6314 -0.4715
vn -0.9551 -0.0488 -0.2923
vn -0.9882 0.0832 -0.1286
vn -0.9886 0.0862 -0.1236
vn -0.9886 0.0863 -0.1236
vn -0.9882 0.0831 -0.1284
vn -0.9551 -0.0487 -0.2923
vn -0.9886 0.0861 -0.1236
vn -0.9327 -0.1061 -0.3447
vn -0.4539 0.8135 -0.3637
vn -0.3666 0.8453 -0.3888
vn -0.6143 0.6386 -0.4636
vn -0.6141 0.6386 -0.4637
vn -0.4838 0.8007 -0.3532
vn -0.4537 0.8135 -0.3639
vn -0.6143 0.6385 -0.4636
vn -0.6050 0.6459 -0.4657
vn -0.4838 0.8008 -0.3532
vn -0.5967 0.6427 -0.4806
vn -0.4839 0.8007 -0.3532
vn -0.6048 0.6460 -0.4657
vn -0.6793 -0.1184 -0.7242
vn -0.4528 0.0305 -0.8911
vn -0.6542 -0.1060 -0.7489
vn -0.5304 0.7736 -0.3466
vn -0.5966 0.6427 -0.4806
vn -0.6078 0.6273 -0.4870
vn -0.5304 0.7737 -0.3466
vn -0.5303 0.7737 -0.3466
vn -0.6076 0.6274 -0.4870
vn -0.5793 0.7449 -0.3309
vn -0.4839 0.8007 -0.3531
vn -0.5304 0.7737 -0.3465
vn -0.3559 0.9332 -0.0499
vn -0.4871 0.8733 0.0013
vn -0.3560 0.9332 -0.0498
vn -0.5305 0.7736 -0.3466
vn -0.5792 0.7451 -0.3308
vn -0.4871 0.8733 0.0014
vn -0.5792 0.7450 -0.3309
vn -0.6068 0.6250 -0.4911
vn -0.6008 0.6291 -0.4932
vn -0.5793 0.7450 -0.3308
vn -0.6078 0.6272 -0.4871
vn -0.5794 0.7449 -0.3308
vn -0.6245 0.7806 0.0255
vn -0.4872 0.8733 0.0013
vn -0.6290 0.7073 -0.3228
vn -0.6245 0.7806 0.0253
vn -0.6009 0.6290 -0.4932
vn -0.6289 0.7072 -0.3229
vn -0.6289 0.7073 -0.3228
vn -0.6009 0.6291 -0.4931
vn -0.6023 0.6284 -0.4924
vn -0.3584 0.0952 -0.9287
vn -0.3027 0.1580 -0.9399
vn -0.3581 0.0954 -0.9288
vn -0.1530 0.3203 -0.9349
vn -0.3155 0.1453 -0.9377
vn -0.3585 0.0951 -0.9287
vn -0.3163 0.1447 -0.9375
vn -0.3156 0.1452 -0.9377
vn -0.1533 0.3198 -0.9350
vn -0.1534 0.3200 -0.9349
vn -0.0139 0.4989 -0.8666
vn -0.0230 0.4861 -0.8736
vn -0.0230 0.4860 -0.8736
vn -0.1531 0.3204 -0.9348
vn -0.6053 0.6269 -0.4905
vn -0.7451 0.5571 -0.3667
vn -0.7167 0.6083 -0.3409
vn -0.7166 0.6085 -0.3409
vn -0.6022 0.6284 -0.4924
vn -0.6054 0.6268 -0.4905
vn -0.6103 0.6233 -0.4889
vn -0.7451 0.5570 -0.3667
vn 0.0803 0.6501 -0.7556
vn -0.0228 0.4860 -0.8737
vn -0.0139 0.4986 -0.8667
vn -0.6104 0.6233 -0.4888
vn -0.7612 0.5104 -0.4001
vn -0.7451 0.5571 -0.3668
vn -0.6104 0.6232 -0.4889
vn -0.6155 0.6176 -0.4897
vn -0.7612 0.5105 -0.4001
vn 0.0915 0.6714 -0.7355
vn 0.1411 0.8023 -0.5800
vn 0.0803 0.6500 -0.7557
vn 0.0802 0.6500 -0.7557
vn -0.0139 0.4987 -0.8667
vn 0.0913 0.6713 -0.7356
vn 0.0915 0.6714 -0.7354
vn 0.1454 0.8231 -0.5490
vn 0.1482 0.8781 -0.4550
vn 0.1453 0.8232 -0.5489
vn 0.1489 0.8779 -0.4551
vn 0.1482 0.8780 -0.4551
vn 0.1411 0.8024 -0.5799
vn 0.1489 0.8778 -0.4552
vn 0.1229 0.9306 -0.3448
vn -0.6230 0.6301 -0.4635
vn -0.7779 0.4670 -0.4205
vn -0.6206 0.6193 -0.4810
vn -0.6207 0.6192 -0.4810
vn -0.7778 0.4670 -0.4206
vn -0.7611 0.5105 -0.4002
vn -0.6153 0.6177 -0.4897
vn -0.6229 0.6302 -0.4636
vn -0.7854 0.4387 -0.4367
vn -0.7779 0.4670 -0.4204
vn -0.7611 0.5106 -0.3999
vn -0.7779 0.4671 -0.4203
vn -0.7779 0.4671 -0.4204
vn -0.6230 0.6301 -0.4636
vn -0.6238 0.6428 -0.4445
vn -0.7853 0.4388 -0.4367
vn -0.8022 0.3456 -0.4869
vn -0.6426 0.6233 -0.4455
vn -0.7855 0.4387 -0.4365
vn -0.6240 0.6428 -0.4444
vn -0.6427 0.6233 -0.4454
vn -0.8021 0.3456 -0.4871
vn -0.8920 -0.0158 -0.4517
vn -0.8920 -0.0157 -0.4517
vn -0.8562 -0.0917 -0.5085
vn -0.8021 0.3456 -0.4870
vn -0.8017 0.2540 -0.5411
vn -0.8683 -0.0978 -0.4863
vn -0.8017 0.2541 -0.5411
vn -0.8160 0.2341 -0.5284
vn -0.8683 -0.0978 -0.4864
vn -0.8161 0.2341 -0.5284
vn -0.6714 0.5300 -0.5180
vn -0.8162 0.2341 -0.5282
vn -0.8017 0.2540 -0.5410
vn -0.6713 0.5300 -0.5182
vn -0.6832 0.5155 -0.5172
vn -0.8161 0.2341 -0.5283
vn -0.8387 0.2445 -0.4866
vn -0.8162 0.2340 -0.5283
vn -0.6831 0.5156 -0.5173
vn -0.8386 0.2445 -0.4867
vn -0.8387 0.2445 -0.4867
vn -0.6831 0.5156 -0.5172
vn -0.6900 0.5154 -0.5082
vn -0.8386 0.2444 -0.4868
vn -0.8470 0.3004 -0.4386
vn -0.9541 -0.0066 -0.2993
vn -0.8471 0.3004 -0.4384
vn -0.6899 0.5155 -0.5082
vn -0.8387 0.2443 -0.4868
vn -0.9541 -0.0066 -0.2994
vn -0.9118 -0.0704 -0.4045
vn -0.6899 0.5154 -0.5083
vn -0.6821 0.5368 -0.4965
vn -0.6821 0.5369 -0.4965
vn -0.6900 0.5154 -0.5081
vn -0.5031 0.7276 -0.4664
vn -0.5006 0.7228 -0.4764
vn -0.5032 0.7275 -0.4664
vn -0.6901 0.5154 -0.5081
vn -0.6831 0.5156 -0.5171
vn -0.5033 0.7275 -0.4662
vn -0.5007 0.7228 -0.4762
vn -0.2448 0.8832 -0.4000
vn -0.5128 0.7101 -0.4825
vn -0.5007 0.7228 -0.4764
vn -0.6830 0.5158 -0.5172
vn -0.2594 0.8701 -0.4192
vn -0.2446 0.8833 -0.4000
vn -0.5009 0.7228 -0.4762
vn -0.2594 0.8700 -0.4193
vn -0.5008 0.7228 -0.4762
vn -0.5129 0.7101 -0.4824
vn -0.2593 0.8700 -0.4194
vn -0.3665 0.8453 -0.3887
vn -0.0279 0.9658 -0.2577
vn -0.5130 0.7101 -0.4823
vn -0.2445 0.8833 -0.4001
vn -0.2593 0.8699 -0.4195
vn 0.0619 0.9511 -0.3025
vn -0.0278 0.9658 -0.2577
vn 0.0618 0.9511 -0.3025
vn -0.1356 0.9752 -0.1751
vn -0.0279 0.9658 -0.2578
vn -0.2345 0.9658 -0.1108
vn -0.1356 0.9751 -0.1752
vn -0.1291 0.9564 0.2618
vn -0.2345 0.9657 -0.1112
vn -0.1290 0.9564 0.2619
vn 0.0347 0.9884 0.1479
vn -0.4837 0.8008 -0.3531
vn -0.3560 0.9332 -0.0499
vn -0.2344 0.9658 -0.1110
vn -0.4538 0.8135 -0.3636
vn -0.4838 0.8008 -0.3531
vn -0.3227 0.8794 0.3500
vn -0.3558 0.9332 -0.0498
vn -0.4872 0.8733 0.0014
vn -0.5318 0.7478 0.3974
vn -0.3228 0.8794 0.3500
vn -0.5320 0.7477 0.3973
vn -0.6244 0.7807 0.0254
vn -0.7283 0.5646 0.3884
vn -0.5319 0.7478 0.3974
vn -0.8793 0.3532 0.3194
vn -0.7284 0.5645 0.3883
vn -0.7520 0.6590 0.0164
vn -0.7284 0.5645 0.3884
vn -0.6245 0.7806 0.0254
vn -0.7521 0.6588 0.0165
vn -0.8794 0.3531 0.3195
vn -0.7521 0.6589 0.0165
vn -0.8535 0.5205 -0.0261
vn -0.9676 0.1469 0.2053
vn -0.8793 0.3532 0.3195
vn -0.8535 0.5205 -0.0260
vn -0.9676 0.1468 0.2053
vn -0.8534 0.5205 -0.0260
vn -0.9188 0.3829 -0.0955
vn -0.9973 -0.0299 0.0669
vn -0.9188 0.3830 -0.0956
vn -0.9973 -0.0298 0.0668
vn -0.9188 0.3831 -0.0956
vn -0.9480 0.2606 -0.1826
vn -0.9973 -0.0299 0.0668
vn -0.9480 0.2606 -0.1827
vn -0.9502 0.1528 -0.2717
vn -0.7451 0.5572 -0.3666
vn -0.9480 0.2607 -0.1825
vn -0.9188 0.3830 -0.0955
vn -0.7613 0.5105 -0.3999
vn -0.9502 0.1528 -0.2716
vn -0.7451 0.5571 -0.3666
vn -0.7611 0.5106 -0.4001
vn -0.9481 0.2606 -0.1824
vn -0.7166 0.6086 -0.3408
vn -0.9187 0.3832 -0.0955
vn -0.7166 0.6085 -0.3407
vn -0.9188 0.3831 -0.0955
vn -0.6766 0.6605 -0.3255
vn -0.6767 0.6604 -0.3255
vn -0.7167 0.6084 -0.3409
vn -0.6290 0.7072 -0.3228
vn -0.6024 0.6282 -0.4925
vn -0.6767 0.6604 -0.3256
vn -0.7522 0.6587 0.0164
vn -0.6023 0.6282 -0.4925
vn -0.6290 0.7073 -0.3227
vn -0.2445 0.8832 -0.4001
vn 0.0619 0.9512 -0.3024
vn 0.0618 0.9587 -0.2776
vn -0.2658 0.8950 -0.3582
vn 0.0619 0.9587 -0.2775
vn -0.2658 0.8950 -0.3583
vn 0.0619 0.9587 -0.2776
vn 0.0131 0.9803 -0.1969
vn -0.3305 0.8870 -0.3226
vn -0.2659 0.8950 -0.3583
vn 0.0132 0.9803 -0.1970
vn -0.0752 0.9919 -0.1021
vn -0.4344 0.8613 -0.2635
vn -0.0753 0.9919 -0.1021
vn -0.2376 0.9665 0.0972
vn -0.4344 0.8613 -0.2636
vn -0.3305 0.8869 -0.3227
vn -0.0753 0.9919 -0.1022
vn -0.5797 0.6842 -0.4426
vn -0.5579 0.6941 -0.4550
vn -0.4345 0.8612 -0.2636
vn -0.5581 0.6939 -0.4550
vn -0.3306 0.8869 -0.3226
vn -0.5799 0.6840 -0.4427
vn -0.4343 0.8614 -0.2635
vn -0.5670 0.7275 -0.3864
vn -0.4213 0.8982 0.1257
vn -0.4344 0.8612 -0.2637
vn -0.2374 0.9665 0.0974
vn -0.5846 0.6730 -0.4532
vn -0.5797 0.6841 -0.4427
vn -0.5670 0.7274 -0.3865
vn -0.5847 0.6729 -0.4532
vn -0.5670 0.7274 -0.3864
vn -0.5245 0.8394 -0.1426
vn -0.5245 0.8394 -0.1428
vn -0.4214 0.8981 0.1257
vn -0.3611 0.8804 0.3073
vn -0.2377 0.9665 0.0974
vn -0.3614 0.8803 0.3074
vn -0.5244 0.8394 -0.1427
vn -0.3612 0.8804 0.3074
vn -0.3427 0.9128 0.2222
vn -0.4523 0.8712 -0.1908
vn -0.5245 0.8394 -0.1425
vn -0.3426 0.9129 0.2221
vn -0.4522 0.8713 -0.1908
vn -0.3425 0.9129 0.2223
vn -0.2506 0.9590 0.1326
vn -0.5789 0.6664 -0.4699
vn -0.4522 0.8713 -0.1907
vn -0.6410 0.5958 -0.4839
vn -0.5846 0.6728 -0.4534
vn -0.5788 0.6664 -0.4701
vn -0.5788 0.6665 -0.4699
vn -0.5845 0.6729 -0.4534
vn -0.6410 0.5959 -0.4839
vn -0.6512 0.5973 -0.4682
vn -0.8749 0.3911 -0.2857
vn -0.6511 0.5973 -0.4683
vn -0.8637 0.4542 -0.2186
vn -0.8749 0.3911 -0.2856
vn -0.9927 0.1161 -0.0340
vn -0.8749 0.3910 -0.2858
vn -0.8637 0.4541 -0.2187
vn -0.6511 0.5974 -0.4682
vn -0.6634 0.5890 -0.4615
vn -0.8637 0.4541 -0.2188
vn -0.7144 0.5600 -0.4195
vn -0.6634 0.5891 -0.4614
vn -0.9571 0.2896 0.0052
vn -0.8637 0.4540 -0.2188
vn -0.9785 0.1906 0.0793
vn -0.8636 0.4542 -0.2187
vn -0.9784 0.1907 0.0795
vn -0.9571 0.2895 0.0052
vn -0.9660 0.1933 0.1716
vn -0.8486 0.3908 -0.3566
vn -0.9913 0.1105 -0.0721
vn -0.8487 0.3907 -0.3565
vn -0.9571 0.2896 0.0054
vn -0.8470 0.3002 -0.4386
vn -0.8485 0.3910 -0.3565
vn -0.9913 0.1105 -0.0719
vn -0.8486 0.3909 -0.3564
vn -0.8471 0.3003 -0.4385
vn -0.6820 0.5370 -0.4965
vn -0.6675 0.5695 -0.4797
vn -0.7144 0.5601 -0.4194
vn -0.8486 0.3910 -0.3564
vn -0.6674 0.5696 -0.4797
vn -0.7143 0.5601 -0.4196
vn -0.6635 0.5889 -0.4615
vn -0.6675 0.5696 -0.4797
vn -0.5579 0.6940 -0.4552
vn -0.5251 0.7151 -0.4613
vn -0.5251 0.7152 -0.4613
vn -0.5580 0.6940 -0.4550
vn -0.5251 0.7153 -0.4612
vn -0.5252 0.7152 -0.4612
vn -0.5032 0.7276 -0.4662
vn -0.2660 0.8950 -0.3580
vn -0.5251 0.7152 -0.4612
vn -0.2659 0.8951 -0.3580
vn -0.3307 0.8869 -0.3226
vn -0.8471 0.3001 -0.4386
vn -0.9913 0.1104 -0.0719
vn -0.9541 -0.0065 -0.2994
vn -0.5796 0.6841 -0.4428
vn -0.5797 0.6840 -0.4428
vn -0.6512 0.5972 -0.4683
vn -0.5008 0.7298 -0.4655
vn -0.2447 0.8833 -0.4000
vn -0.2660 0.8950 -0.3581
vn -0.5128 0.7101 -0.4824
vn -0.6713 0.5302 -0.5179
vn -0.5731 0.7032 -0.4208
vn -0.5127 0.7102 -0.4825
vn -0.5129 0.7101 -0.4825
vn -0.6832 0.5156 -0.5171
vn -0.6714 0.5301 -0.5179
vn -0.8016 0.2540 -0.5411
vn -0.6809 0.5720 -0.4574
vn -0.6713 0.5301 -0.5181
vn -0.6715 0.5300 -0.5179
vn -0.6809 0.5721 -0.4573
vn -0.5729 0.7034 -0.4208
vn -0.6481 0.6749 -0.3528
vn -0.6693 0.6645 -0.3325
vn -0.6808 0.5722 -0.4572
vn -0.6478 0.6751 -0.3528
vn -0.6809 0.5721 -0.4572
vn -0.6875 0.6228 -0.3735
vn -0.8020 0.3455 -0.4872
vn -0.6873 0.6229 -0.3736
vn -0.6809 0.5723 -0.4571
vn -0.6809 0.5722 -0.4572
vn -0.6694 0.6644 -0.3324
vn -0.6808 0.5721 -0.4574
vn -0.3586 0.8986 0.2527
vn -0.5769 0.7638 0.2896
vn -0.4277 0.8660 0.2590
vn -0.6954 0.5940 -0.4045
vn -0.6873 0.6228 -0.3737
vn -0.4276 0.8661 0.2590
vn -0.2009 0.9679 0.1511
vn -0.1969 0.9694 0.1466
vn -0.1967 0.9694 0.1466
vn -0.3587 0.8986 0.2527
vn -0.3587 0.8986 0.2528
vn -0.5787 0.7622 0.2900
vn -0.0077 0.9976 -0.0690
vn -0.1968 0.9694 0.1466
vn -0.2008 0.9679 0.1512
vn -0.0075 0.9976 -0.0689
vn -0.2009 0.9679 0.1512
vn -0.0235 0.9985 -0.0504
vn -0.6426 0.6234 -0.4454
vn 0.1489 0.8779 -0.4552
vn 0.1175 0.9423 -0.3134
vn -0.4731 0.0148 -0.8809
vn -0.3585 0.0952 -0.9287
vn -0.3583 0.0954 -0.9287
vn -0.4729 0.0148 -0.8810
vn -0.3582 0.0954 -0.9288
vn -0.4527 0.0304 -0.8912
vn -0.6792 -0.1183 -0.7243
vn -0.4731 0.0150 -0.8809
vn -0.4528 0.0304 -0.8911
vn -0.0906 0.3232 0.9420
vn -0.1017 0.7482 0.6557
vn -0.3557 0.5839 0.7298
vn 0.1413 0.4940 0.8579
vn -0.1019 0.7481 0.6558
vn 0.1414 0.4942 0.8578
vn -0.3211 0.0964 0.9421
vn -0.0907 0.3231 0.9420
vn -0.3456 0.5895 0.7301
vn -0.3209 0.0966 0.9422
vn -0.0129 -0.1829 0.9830
vn -0.3211 0.0967 0.9421
vn -0.1728 -0.3849 0.9066
vn -0.0128 -0.1829 0.9830
vn -0.3212 0.0965 0.9421
vn -0.5076 -0.1503 0.8484
vn -0.5075 -0.1503 0.8485
vn -0.2843 -0.5669 0.7732
vn -0.1728 -0.3850 0.9066
vn -0.5073 -0.1503 0.8485
vn -0.3211 0.0966 0.9421
vn -0.5807 0.3677 0.7263
vn -0.5074 -0.1504 0.8485
vn -0.5808 0.3677 0.7263
vn -0.7625 0.1160 0.6365
vn -0.6235 -0.3746 0.6862
vn -0.5075 -0.1503 0.8484
vn -0.7624 0.1160 0.6366
vn -0.6234 -0.3747 0.6863
vn -0.2842 -0.5670 0.7732
vn -0.6702 -0.5533 0.4946
vn -0.6234 -0.3748 0.6862
vn -0.8666 -0.1206 0.4842
vn -0.6235 -0.3747 0.6862
vn -0.7625 0.1159 0.6366
vn -0.8665 -0.1207 0.4843
vn -0.6233 -0.3747 0.6863
vn -0.6702 -0.5534 0.4946
vn -0.6233 -0.3748 0.6863
vn -0.2844 -0.5669 0.7732
vn -0.6702 -0.5533 0.4947
vn -0.8994 -0.3141 0.3042
vn -0.8993 -0.3140 0.3043
vn -0.8666 -0.1207 0.4841
vn -0.8667 -0.1207 0.4841
vn -0.8794 0.3530 0.3194
vn -0.7624 0.1161 0.6367
vn -0.8794 0.3532 0.3194
vn -0.8667 -0.1207 0.4840
vn -0.7624 0.1161 0.6366
vn -0.5807 0.3677 0.7264
vn -0.5320 0.7477 0.3975
vn -0.5806 0.3678 0.7264
vn -0.5319 0.7477 0.3974
vn -0.5319 0.7477 0.3975
vn -0.3455 0.5895 0.7302
vn -0.1019 0.7481 0.6557
vn -0.3226 0.8794 0.3500
vn -0.3210 0.0965 0.9421
vn -0.3457 0.5894 0.7302
vn 0.1413 0.4941 0.8578
vn 0.1747 0.0097 0.9846
vn 0.3254 0.7597 0.5630
vn 0.0586 0.6553 0.7531
vn 0.0598 0.6559 0.7525
vn 0.3256 0.7596 0.5630
vn 0.3285 0.7604 0.5602
vn 0.0585 0.6553 0.7531
vn 0.5594 0.7731 0.2989
vn 0.3286 0.7603 0.5603
vn 0.3255 0.7596 0.5631
vn 0.5542 0.7740 0.3063
vn 0.6537 0.7424 0.1466
vn 0.5594 0.7732 0.2987
vn 0.5541 0.7740 0.3062
vn -0.0236 0.9984 -0.0505
vn 0.0868 0.9797 -0.1806
vn -0.0076 0.9976 -0.0689
vn 0.6536 0.7425 0.1465
vn -0.0237 0.9984 -0.0505
vn 0.0888 0.9789 -0.1839
vn 0.0868 0.9797 -0.1805
vn 0.0888 0.9789 -0.1840
vn 0.1174 0.9424 -0.3132
vn 0.0867 0.9797 -0.1806
vn 0.6536 0.7425 0.1466
vn 0.7227 0.6912 -0.0011
vn 0.8059 0.1488 0.5730
vn 0.8700 0.1561 0.4676
vn 0.8693 0.1575 0.4686
vn 0.8700 0.1561 0.4677
vn 0.9319 0.0866 0.3522
vn 0.8694 0.1576 0.4684
vn 0.9202 0.1029 0.3777
vn 0.9319 0.0866 0.3521
vn 0.6537 0.7425 0.1466
vn 0.7216 0.6923 0.0016
vn 0.8059 0.1490 0.5729
vn 0.8693 0.1575 0.4685
vn 0.7883 0.1482 0.5972
vn 0.6014 0.1426 0.7861
vn 0.7882 0.1483 0.5972
vn 0.6012 0.1426 0.7862
vn 0.5994 0.1426 0.7876
vn 0.7217 0.6922 0.0017
vn 0.7722 0.6164 -0.1544
vn 0.7967 0.5264 -0.2970
vn 0.9858 -0.0827 0.1461
vn 0.9203 0.1026 0.3775
vn 0.9833 -0.0557 0.1732
vn 0.9858 -0.0826 0.1459
vn 0.9320 0.0864 0.3521
vn 0.9202 0.1026 0.3777
vn 0.7228 0.6911 -0.0010
vn 0.7722 0.6163 -0.1543
vn 0.7969 0.5248 -0.2992
vn 0.7739 0.2955 -0.5601
vn 0.7969 0.5248 -0.2993
vn 0.7740 0.2959 -0.5598
vn 0.7967 0.5263 -0.2972
vn 0.1227 0.9307 -0.3446
vn 0.1174 0.9424 -0.3133
vn 0.6563 0.0283 -0.7539
vn 0.7741 0.2958 -0.5597
vn 0.6579 0.0312 -0.7524
vn 0.7740 0.2956 -0.5600
vn 0.4579 -0.2421 -0.8554
vn 0.6562 0.0284 -0.7540
vn 0.6579 0.0311 -0.7525
vn 0.4579 -0.2420 -0.8554
vn 0.4619 -0.2376 -0.8545
vn 0.2105 -0.4773 -0.8532
vn 0.4578 -0.2421 -0.8555
vn 0.4620 -0.2373 -0.8545
vn 0.2104 -0.4774 -0.8531
vn 0.2135 -0.4748 -0.8538
vn 0.4579 -0.2419 -0.8554
vn 0.2134 -0.4749 -0.8538
vn 0.3412 -0.3631 -0.8670
vn 0.2103 -0.4773 -0.8532
vn -0.0670 -0.6595 -0.7487
vn 0.2134 -0.4748 -0.8538
vn -0.0669 -0.6595 -0.7487
vn 0.0729 -0.5770 -0.8135
vn -0.0684 -0.6603 -0.7479
vn 0.0731 -0.5770 -0.8135
vn 0.2104 -0.4773 -0.8532
vn 0.7258 -0.0372 0.6869
vn 0.7762 0.3392 0.5315
vn 0.6637 0.3313 0.6707
vn 0.7990 -0.0010 0.6013
vn 0.7762 0.3392 0.5314
vn 0.6486 0.6496 0.3967
vn 0.6637 0.3314 0.6705
vn 0.6486 0.6495 0.3967
vn 0.5106 0.6488 0.5642
vn 0.5104 0.6490 0.5642
vn 0.5257 0.2726 0.8058
vn 0.5104 0.6489 0.5643
vn 0.3446 0.5996 0.7223
vn 0.5257 0.2725 0.8058
vn 0.3446 0.5997 0.7222
vn 0.3607 0.1656 0.9179
vn 0.5257 0.2724 0.8059
vn 0.3443 0.5996 0.7224
vn 0.1412 0.4941 0.8578
vn 0.3607 0.1657 0.9178
vn 0.1416 0.4940 0.8579
vn 0.3446 0.5995 0.7223
vn 0.1156 0.8389 0.5318
vn 0.1414 0.4940 0.8579
vn 0.1155 0.8389 0.5319
vn -0.1019 0.7480 0.6558
vn 0.1156 0.8387 0.5321
vn -0.1289 0.9565 0.2616
vn -0.1016 0.7481 0.6558
vn -0.1290 0.9565 0.2616
vn -0.3228 0.8794 0.3498
vn 0.1156 0.8388 0.5320
vn 0.0346 0.9884 0.1479
vn -0.1291 0.9565 0.2616
vn 0.0345 0.9884 0.1478
vn -0.1354 0.9751 -0.1753
vn -0.2343 0.9658 -0.1111
vn 0.0348 0.9884 0.1479
vn 0.1553 0.9877 0.0154
vn -0.1354 0.9752 -0.1753
vn 0.2937 0.8754 0.3840
vn 0.1552 0.9878 0.0157
vn 0.2938 0.8754 0.3840
vn 0.4330 0.8747 0.2178
vn 0.1552 0.9878 0.0156
vn 0.4332 0.8746 0.2177
vn 0.2937 0.8753 0.3842
vn 0.3446 0.5997 0.7223
vn 0.5106 0.6490 0.5641
vn 0.2938 0.8752 0.3842
vn 0.3447 0.5996 0.7222
vn 0.1155 0.8388 0.5320
vn 0.4331 0.8746 0.2178
vn 0.5313 0.8434 0.0796
vn 0.2639 0.9596 -0.0981
vn 0.6485 0.6496 0.3968
vn 0.5314 0.8434 0.0793
vn 0.6486 0.6496 0.3968
vn 0.4332 0.8746 0.2178
vn 0.2639 0.9595 -0.0981
vn 0.5313 0.8435 0.0794
vn 0.3516 0.9226 -0.1585
vn 0.2639 0.9596 -0.0980
vn 0.2640 0.9595 -0.0981
vn 0.3515 0.9227 -0.1583
vn 0.0618 0.9512 -0.3023
vn 0.2640 0.9595 -0.0982
vn 0.0617 0.9512 -0.3024
vn 0.2639 0.9595 -0.0982
vn 0.1553 0.9878 0.0154
vn -0.1355 0.9751 -0.1754
vn 0.3515 0.9227 -0.1584
vn 0.0618 0.9588 -0.2774
vn 0.0617 0.9512 -0.3025
vn 0.3514 0.9227 -0.1584
vn 0.3427 0.9303 -0.1306
vn 0.0618 0.9588 -0.2773
vn 0.3426 0.9304 -0.1306
vn 0.0130 0.9803 -0.1969
vn 0.0617 0.9588 -0.2774
vn 0.3425 0.9304 -0.1307
vn 0.2794 0.9598 -0.0246
vn 0.0132 0.9803 -0.1969
vn 0.2794 0.9599 -0.0246
vn 0.2795 0.9598 -0.0246
vn 0.1763 0.9784 0.1075
vn -0.0751 0.9919 -0.1021
vn 0.1761 0.9785 0.1075
vn -0.2375 0.9665 0.0971
vn 0.1762 0.9785 0.1076
vn -0.0307 0.9315 0.3624
vn -0.2376 0.9665 0.0970
vn 0.4018 0.8668 0.2953
vn -0.0306 0.9316 0.3623
vn 0.1762 0.9784 0.1077
vn 0.4019 0.8668 0.2953
vn 0.1570 0.8162 0.5560
vn -0.0305 0.9316 0.3623
vn 0.5875 0.6728 0.4496
vn 0.3248 0.6409 0.6955
vn 0.1569 0.8162 0.5561
vn 0.5874 0.6729 0.4496
vn 0.1570 0.8161 0.5561
vn 0.4019 0.8667 0.2954
vn 0.5875 0.6728 0.4497
vn 0.6942 0.6563 0.2955
vn 0.8141 0.4013 0.4197
vn 0.6942 0.6562 0.2957
vn 0.5876 0.6727 0.4497
vn 0.3248 0.6408 0.6956
vn 0.5874 0.6728 0.4497
vn 0.7200 0.4106 0.5595
vn 0.8141 0.4012 0.4198
vn 0.7201 0.4104 0.5595
vn 0.8576 0.0983 0.5049
vn 0.7201 0.4102 0.5595
vn 0.7849 0.0937 0.6125
vn 0.7202 0.4103 0.5595
vn 0.4746 0.4038 0.7821
vn 0.3248 0.6407 0.6957
vn 0.7201 0.4105 0.5594
vn 0.4745 0.4039 0.7821
vn 0.9032 0.0798 0.4218
vn 0.8576 0.0981 0.5049
vn 0.8142 0.4013 0.4197
vn 0.9123 0.0626 0.4046
vn 0.8731 0.3760 0.3102
vn 0.9031 0.0798 0.4219
vn 0.8142 0.4012 0.4197
vn 0.8731 0.3761 0.3101
vn 0.9124 0.0626 0.4046
vn 0.8865 0.3639 0.2860
vn 0.7605 0.6257 0.1738
vn 0.8864 0.3639 0.2862
vn 0.8731 0.3761 0.3102
vn 0.6941 0.6564 0.2954
vn 0.8142 0.4012 0.4196
vn 0.8732 0.3761 0.3101
vn 0.7746 0.6155 0.1458
vn 0.8864 0.3639 0.2861
vn 0.7606 0.6256 0.1737
vn 0.5115 0.8472 0.1435
vn 0.7746 0.6154 0.1456
vn 0.7605 0.6257 0.1736
vn 0.5798 0.8144 0.0234
vn 0.7605 0.6257 0.1737
vn 0.5115 0.8472 0.1436
vn 0.5798 0.8145 0.0234
vn 0.6942 0.6562 0.2956
vn 0.5114 0.8472 0.1436
vn 0.5115 0.8471 0.1438
vn 0.4017 0.8668 0.2954
vn 0.5797 0.8145 0.0236
vn 0.5114 0.8472 0.1438
vn 0.2793 0.9599 -0.0246
vn 0.1763 0.9784 0.1078
vn 0.2794 0.9599 -0.0245
vn 0.8535 0.3436 0.3918
vn 0.7746 0.6154 0.1457
vn 0.5928 0.8054 -0.0054
vn 0.7353 0.6304 0.2489
vn 0.5928 0.8054 -0.0055
vn 0.7352 0.6305 0.2489
vn 0.8535 0.3436 0.3917
vn 0.7763 0.3390 0.5315
vn 0.8535 0.3437 0.3917
vn 0.7353 0.6304 0.2490
vn 0.6486 0.6497 0.3966
vn 0.6484 0.6497 0.3968
vn 0.7353 0.6303 0.2490
vn 0.8715 0.0263 0.4897
vn 0.8865 0.3639 0.2859
vn 0.8536 0.3436 0.3916
vn 0.7990 -0.0008 0.6013
vn 0.8535 0.3437 0.3918
vn 0.7763 0.3390 0.5314
vn 0.7989 -0.0009 0.6014
vn 0.8535 0.3438 0.3917
vn 0.9124 0.0626 0.4045
vn 0.5927 0.8054 -0.0055
vn 0.3516 0.9227 -0.1585
vn 0.5929 0.8053 -0.0054
vn 0.3426 0.9304 -0.1307
vn 0.5928 0.8053 -0.0054
vn 0.5797 0.8145 0.0235
vn 0.3426 0.9303 -0.1308
vn 0.3427 0.9303 -0.1307
vn 0.4745 0.4038 0.7822
vn -0.3388 -0.7628 -0.5508
vn -0.0683 -0.6603 -0.7479
vn -0.3375 -0.7624 -0.5521
vn -0.3387 -0.7628 -0.5509
vn -0.0668 -0.6596 -0.7486
vn -0.0683 -0.6604 -0.7478
vn -0.5655 -0.7720 -0.2901
vn -0.3388 -0.7627 -0.5509
vn -0.3375 -0.7623 -0.5522
vn -0.5656 -0.7720 -0.2901
vn -0.5686 -0.7714 -0.2857
vn -0.0261 -0.9885 0.1491
vn 0.1573 -0.9875 -0.0052
vn -0.0470 -0.9841 0.1715
vn 0.1892 -0.9816 -0.0259
vn -0.0471 -0.9841 0.1715
vn -0.1540 -0.8961 0.4163
vn -0.0263 -0.9885 0.1491
vn -0.0471 -0.9840 0.1716
vn -0.1482 -0.9154 0.3742
vn -0.1539 -0.8961 0.4163
vn -0.7972 -0.5225 0.3025
vn -0.7279 -0.6855 0.0141
vn -0.7251 -0.6886 0.0069
vn -0.7250 -0.6888 0.0069
vn -0.7278 -0.6856 0.0142
vn -0.5686 -0.7715 -0.2855
vn -0.7978 -0.5166 0.3107
vn -0.7975 -0.4159 0.4369
vn -0.7979 -0.5165 0.3109
vn -0.7979 -0.5164 0.3109
vn -0.7709 -0.2848 0.5698
vn -0.7712 -0.2857 0.5689
vn -0.7708 -0.2849 0.5698
vn -0.7975 -0.4159 0.4370
vn -0.7250 -0.6887 0.0070
vn -0.5685 -0.7715 -0.2856
vn -0.5655 -0.7721 -0.2900
vn -0.8203 -0.1665 -0.5472
vn -0.9326 -0.1063 -0.3448
vn -0.8387 -0.1695 -0.5176
vn -0.8203 -0.1665 -0.5471
vn -0.9550 -0.0489 -0.2924
vn -0.8387 -0.1697 -0.5175
vn -0.6541 -0.1061 -0.7489
vn -0.8203 -0.1667 -0.5471
vn -0.6793 -0.1186 -0.7242
vn -0.6541 -0.1062 -0.7489
vn -0.4591 0.2406 0.8552
vn -0.6589 -0.0328 0.7515
vn -0.6531 -0.0231 0.7569
vn -0.4592 0.2406 0.8552
vn -0.4659 0.2329 0.8536
vn -0.6589 -0.0329 0.7515
vn -0.2121 0.4759 0.8535
vn -0.4660 0.2328 0.8536
vn -0.4592 0.2405 0.8552
vn -0.7370 0.6011 0.3090
vn -0.8644 0.4337 0.2544
vn -0.8623 0.4368 0.2561
vn -0.7307 0.6085 0.3095
vn -0.5788 0.7621 0.2901
vn -0.8623 0.4368 0.2562
vn -0.7308 0.6085 0.3094
vn -0.5769 0.7637 0.2896
vn -0.5787 0.7622 0.2901
vn 0.0597 0.6557 0.7526
vn -0.2174 0.4717 0.8545
vn -0.2122 0.4759 0.8535
vn -0.2123 0.4758 0.8536
vn -0.2175 0.4717 0.8545
vn 0.0587 0.6552 0.7532
vn -0.2173 0.4717 0.8545
vn 0.2226 -0.1273 0.9666
vn 0.0578 -0.2846 0.9569
vn 0.2250 -0.1253 0.9663
vn 0.0602 -0.2820 0.9575
vn 0.0579 -0.2846 0.9569
vn -0.0562 -0.4647 0.8837
vn 0.0601 -0.2821 0.9575
vn -0.0590 -0.4709 0.8802
vn -0.0560 -0.4646 0.8837
vn 0.0579 -0.2847 0.9569
vn -0.7268 -0.1654 0.6667
vn -0.6532 -0.0230 0.7569
vn -0.7268 -0.1653 0.6667
vn -0.7709 -0.2848 0.5697
vn -0.7709 -0.2849 0.5697
vn -0.7712 -0.2858 0.5688
vn -0.5417 -0.8385 -0.0595
vn -0.2692 -0.9555 0.1203
vn -0.5416 -0.8385 -0.0595
vn -0.5417 -0.8385 -0.0596
vn -0.2691 -0.9555 0.1204
vn -0.5418 -0.8384 -0.0594
vn -0.5417 -0.8385 -0.0593
vn -0.7464 -0.6246 -0.2296
vn -0.7464 -0.6246 -0.2295
vn -0.7464 -0.6247 -0.2296
vn -0.8652 -0.3329 -0.3749
vn -0.7464 -0.6247 -0.2295
vn -0.8653 -0.3329 -0.3748
vn -0.8653 -0.3330 -0.3747
vn -0.8778 0.0162 -0.4788
vn -0.8777 0.0160 -0.4789
vn 0.0516 -0.9545 0.2937
vn -0.2693 -0.9555 0.1204
vn -0.2693 -0.9555 0.1203
vn 0.0514 -0.9546 0.2935
vn -0.0307 0.9316 0.3623
vn -0.0306 0.9315 0.3624
vn -0.2024 0.8003 0.5644
vn -0.3611 0.8804 0.3075
vn -0.2025 0.8003 0.5643
vn -0.0308 0.9316 0.3622
vn 0.1569 0.8161 0.5562
vn -0.0652 0.6874 0.7234
vn -0.2023 0.8004 0.5643
vn 0.3247 0.6408 0.6957
vn -0.0651 0.6874 0.7233
vn 0.1569 0.8162 0.5560
vn 0.0658 0.5507 0.8321
vn 0.3249 0.6407 0.6957
vn 0.0658 0.5505 0.8322
vn -0.0652 0.6875 0.7233
vn 0.1772 0.5877 0.7895
vn 0.0659 0.5507 0.8321
vn 0.2072 0.3727 0.9045
vn 0.2070 0.3725 0.9046
vn 0.0657 0.5506 0.8321
vn 0.0196 0.7524 0.6584
vn -0.0653 0.6875 0.7233
vn 0.0195 0.7524 0.6584
vn 0.1773 0.5877 0.7894
vn 0.2069 0.3727 0.9046
vn 0.3228 0.3689 0.8716
vn 0.4565 0.0780 0.8863
vn 0.3228 0.3685 0.8718
vn 0.3229 0.3686 0.8717
vn 0.2070 0.3726 0.9046
vn 0.2070 0.3728 0.9045
vn 0.6009 0.0905 0.7942
vn 0.4744 0.4038 0.7822
vn -0.0651 0.6875 0.7233
vn 0.0195 0.7523 0.6585
vn -0.1533 0.8660 0.4760
vn -0.2025 0.8004 0.5642
vn -0.1533 0.8659 0.4762
vn -0.3427 0.9128 0.2220
vn -0.2025 0.8003 0.5644
vn -0.3612 0.8804 0.3073
vn -0.2505 0.9590 0.1324
vn -0.3426 0.9128 0.2222
vn -0.1532 0.8660 0.4760
vn -0.0493 0.9222 0.3836
vn -0.2506 0.9590 0.1324
vn -0.0492 0.9223 0.3833
vn -0.1531 0.8660 0.4760
vn 0.1773 0.5876 0.7895
vn 0.1353 0.8079 0.5735
vn 0.0194 0.7525 0.6583
vn 0.1353 0.8079 0.5736
vn 0.3022 0.6337 0.7121
vn 0.1354 0.8080 0.5735
vn 0.3021 0.6338 0.7121
vn 0.3227 0.3686 0.8718
vn 0.4497 0.4010 0.7981
vn 0.1773 0.5879 0.7893
vn 0.3228 0.3687 0.8717
vn 0.4566 0.0779 0.8862
vn 0.4496 0.4012 0.7981
vn 0.3226 0.3687 0.8717
vn 0.4565 0.0779 0.8863
vn 0.5707 0.1010 0.8149
vn 0.9340 0.2887 0.2105
vn 0.7620 0.3743 0.5285
vn 0.7845 0.0335 0.6193
vn 0.7620 0.3745 0.5283
vn 0.6322 0.3895 0.6698
vn 0.7844 0.0335 0.6193
vn 0.6321 0.3895 0.6699
vn 0.6628 0.0454 0.7475
vn 0.5180 0.6693 0.5327
vn 0.6460 0.6574 0.3880
vn 0.5181 0.6692 0.5327
vn 0.6461 0.6574 0.3878
vn 0.3301 0.8656 0.3765
vn 0.6460 0.6575 0.3879
vn 0.4435 0.8689 0.2198
vn 0.3300 0.8656 0.3765
vn 0.4435 0.8689 0.2197
vn 0.0699 0.9767 0.2027
vn 0.3301 0.8657 0.3763
vn 0.4436 0.8689 0.2198
vn 0.1797 0.9827 0.0445
vn 0.0698 0.9767 0.2028
vn 0.4436 0.8688 0.2199
vn 0.3535 0.8951 -0.2718
vn 0.6170 0.7808 -0.0983
vn 0.3535 0.8951 -0.2717
vn 0.6460 0.6574 0.3879
vn 0.6170 0.7807 -0.0984
vn 0.6771 0.6883 -0.2604
vn 0.3534 0.8951 -0.2717
vn 0.6171 0.7808 -0.0983
vn 0.6459 0.6575 0.3880
vn 0.8185 0.5703 0.0691
vn 0.6171 0.7807 -0.0984
vn 0.8628 0.4944 -0.1059
vn 0.6172 0.7807 -0.0982
vn 0.8185 0.5704 0.0690
vn 0.6770 0.6884 -0.2602
vn 0.9754 0.2179 0.0334
vn 0.8628 0.4943 -0.1059
vn 0.8184 0.5704 0.0693
vn 0.8184 0.5705 0.0692
vn 0.9339 0.2888 0.2106
vn 0.9805 -0.1121 0.1614
vn 0.9754 0.2179 0.0332
vn 0.9805 -0.1121 0.1612
vn 0.9340 0.2888 0.2105
vn 0.9449 -0.0459 0.3241
vn 0.6770 0.6883 -0.2604
vn 0.4177 0.8004 -0.4300
vn 0.4177 0.8004 -0.4299
vn 0.0377 0.9021 -0.4300
vn 0.3536 0.8951 -0.2717
vn 0.0948 0.8129 -0.5747
vn 0.0376 0.9021 -0.4299
vn 0.1798 0.9827 0.0443
vn 0.0375 0.9022 -0.4298
vn -0.1243 0.9829 -0.1359
vn 0.3535 0.8951 -0.2716
vn 0.1797 0.9827 0.0443
vn -0.2261 0.9741 0.0087
vn -0.2262 0.9740 0.0087
vn 0.0700 0.9768 0.2026
vn 0.8185 0.5703 0.0692
vn 0.7621 0.3743 0.5283
vn 0.6459 0.6575 0.3879
vn -0.4673 0.2272 0.8544
vn 0.4682 -0.2256 -0.8543
vt 0.877160 0.125900
vt 0.878690 0.158740
vt 0.878690 0.125920
vt 0.877160 0.158720
vt 0.880710 0.158750
vt 0.880710 0.125930
vt 0.887560 0.158750
vt 0.887560 0.125930
vt 0.889540 0.158730
vt 0.889530 0.125920
vt 0.890980 0.158710
vt 0.890980 0.125900
vt 0.374460 0.120580
vt 0.392360 0.079030
vt 0.374560 0.078890
vt 0.392260 0.120610
vt 0.374460 0.166470
vt 0.373150 0.079380
vt 0.373050 0.120730
vt 0.373170 0.077420
vt 0.374590 0.076920
vt 0.392390 0.077020
vt 0.393790 0.079520
vt 0.393810 0.077540
vt 0.393690 0.120760
vt 0.393690 0.166300
vt 0.392260 0.166450
vt 0.393790 0.207530
vt 0.392360 0.208030
vt 0.393810 0.209520
vt 0.374560 0.208160
vt 0.374590 0.210140
vt 0.392390 0.210040
vt 0.373150 0.207680
vt 0.373170 0.209630
vt 0.373050 0.166330
vt 0.413560 0.764690
vt 0.421290 0.763360
vt 0.413580 0.763160
vt 0.421270 0.764910
vt 0.421300 0.761320
vt 0.413590 0.761130
vt 0.421300 0.754480
vt 0.413590 0.754290
vt 0.421290 0.752490
vt 0.413580 0.752310
vt 0.421270 0.751030
vt 0.413560 0.750860
vt 0.870120 0.649870
vt 0.868490 0.629700
vt 0.868610 0.651290
vt 0.870130 0.628240
vt 0.866470 0.630470
vt 0.866590 0.652100
vt 0.859620 0.630440
vt 0.859750 0.652070
vt 0.857510 0.620730
vt 0.857600 0.629640
vt 0.859540 0.621470
vt 0.866390 0.621500
vt 0.868420 0.620780
vt 0.870130 0.619380
vt 0.857740 0.651240
vt 0.855980 0.628170
vt 0.855820 0.619320
vt 0.856240 0.649800
vt 0.697210 0.752340
vt 0.699470 0.770130
vt 0.699470 0.752330
vt 0.697200 0.770140
vt 0.689380 0.752350
vt 0.699250 0.750900
vt 0.697060 0.750910
vt 0.689490 0.750920
vt 0.687250 0.750910
vt 0.687070 0.752340
vt 0.689380 0.770150
vt 0.687060 0.770140
vt 0.685320 0.752320
vt 0.685320 0.770120
vt 0.685560 0.750890
vt 0.685560 0.771530
vt 0.687250 0.771550
vt 0.689490 0.771560
vt 0.697060 0.771560
vt 0.699250 0.771540
vt 0.701130 0.770110
vt 0.700860 0.771520
vt 0.701130 0.752310
vt 0.700860 0.750880
vt 0.953020 0.486290
vt 0.955020 0.504660
vt 0.955010 0.486310
vt 0.953040 0.504640
vt 0.953150 0.472940
vt 0.955080 0.472960
vt 0.953670 0.445830
vt 0.957100 0.486310
vt 0.955420 0.445850
vt 0.957160 0.472970
vt 0.963940 0.486310
vt 0.964010 0.472960
vt 0.957470 0.445850
vt 0.964320 0.445850
vt 0.966050 0.472950
vt 0.966320 0.445840
vt 0.965990 0.486300
vt 0.967900 0.486280
vt 0.967890 0.472930
vt 0.967980 0.445810
vt 0.967900 0.504630
vt 0.966000 0.504650
vt 0.967900 0.548660
vt 0.966140 0.548680
vt 0.967980 0.610980
vt 0.966280 0.612050
vt 0.967500 0.621910
vt 0.964270 0.612600
vt 0.966180 0.621580
vt 0.964110 0.548690
vt 0.957100 0.504660
vt 0.963950 0.504660
vt 0.957270 0.548700
vt 0.955200 0.548690
vt 0.957430 0.612610
vt 0.953360 0.548680
vt 0.955370 0.612060
vt 0.953590 0.610990
vt 0.954020 0.621920
vt 0.955420 0.621590
vt 0.955360 0.629060
vt 0.957330 0.629540
vt 0.957400 0.621390
vt 0.964250 0.621380
vt 0.964180 0.629530
vt 0.964060 0.636510
vt 0.966000 0.635840
vt 0.966110 0.629050
vt 0.967440 0.628250
vt 0.957210 0.636510
vt 0.955240 0.635850
vt 0.953960 0.628260
vt 0.885420 0.753680
vt 0.885420 0.723260
vt 0.862700 0.719750
vt 0.814350 0.667140
vt 0.814380 0.707180
vt 0.841990 0.690690
vt 0.814340 0.791270
vt 0.885370 0.798160
vt 0.862360 0.787820
vt 0.885420 0.714630
vt 0.885420 0.704750
vt 0.814370 0.751230
vt 0.885400 0.684990
vt 0.860050 0.668690
vt 0.885390 0.668400
vt 0.885380 0.662980
vt 0.885380 0.660260
vt 0.885410 0.690480
vt 0.885380 0.785290
vt 0.875070 0.776170
vt 0.885390 0.777770
vt 0.885390 0.773850
vt 0.885380 0.790080
vt 0.814330 0.793160
vt 0.885370 0.800260
vt 0.814330 0.663900
vt 0.814340 0.665250
vt 0.885370 0.658160
vt 0.885390 0.656670
vt 0.050600 0.206240
vt 0.050620 0.204090
vt 0.043760 0.202270
vt 0.042460 0.215100
vt 0.041780 0.202770
vt 0.045270 0.197530
vt 0.043780 0.196400
vt 0.040710 0.213720
vt 0.046610 0.275990
vt 0.044950 0.275980
vt 0.051420 0.319960
vt 0.049770 0.319950
vt 0.051480 0.338310
vt 0.049810 0.338300
vt 0.049190 0.351690
vt 0.047460 0.351680
vt 0.038540 0.378960
vt 0.058130 0.351720
vt 0.058930 0.338340
vt 0.070070 0.338340
vt 0.070070 0.319980
vt 0.058930 0.319980
vt 0.071670 0.276020
vt 0.057330 0.276020
vt 0.055890 0.225610
vt 0.073120 0.225610
vt 0.064330 0.218050
vt 0.069570 0.217140
vt 0.071220 0.216210
vt 0.072650 0.215410
vt 0.076820 0.210470
vt 0.086550 0.215100
vt 0.076820 0.205650
vt 0.075340 0.209740
vt 0.078320 0.206380
vt 0.085250 0.202270
vt 0.078310 0.200510
vt 0.083740 0.197530
vt 0.076570 0.195790
vt 0.080210 0.191490
vt 0.073360 0.192030
vt 0.072550 0.193890
vt 0.075340 0.197220
vt 0.068780 0.191720
vt 0.069180 0.189650
vt 0.066170 0.191260
vt 0.065740 0.189060
vt 0.064500 0.190960
vt 0.064500 0.188840
vt 0.060220 0.191710
vt 0.059830 0.189640
vt 0.056460 0.193890
vt 0.058760 0.183930
vt 0.055640 0.192010
vt 0.053400 0.186850
vt 0.048800 0.191490
vt 0.052420 0.195760
vt 0.053670 0.197220
vt 0.050650 0.200480
vt 0.047580 0.189880
vt 0.052540 0.184880
vt 0.051940 0.183510
vt 0.046740 0.188750
vt 0.042740 0.195590
vt 0.058000 0.180210
vt 0.058310 0.181740
vt 0.064500 0.179080
vt 0.064500 0.180670
vt 0.071010 0.180210
vt 0.064500 0.182940
vt 0.070700 0.181740
vt 0.070250 0.183930
vt 0.075610 0.186850
vt 0.076470 0.184880
vt 0.081420 0.189880
vt 0.086260 0.195590
vt 0.082270 0.188750
vt 0.085220 0.196400
vt 0.077070 0.183510
vt 0.087230 0.202770
vt 0.088300 0.213720
vt 0.084060 0.275980
vt 0.082390 0.275990
vt 0.079240 0.319950
vt 0.077590 0.319960
vt 0.079200 0.338300
vt 0.077530 0.338310
vt 0.081550 0.351680
vt 0.079820 0.351690
vt 0.092310 0.378950
vt 0.074480 0.378990
vt 0.070870 0.351720
vt 0.090470 0.378960
vt 0.077460 0.386320
vt 0.099170 0.386290
vt 0.101130 0.386280
vt 0.044360 0.399700
vt 0.051550 0.386320
vt 0.084650 0.399700
vt 0.054520 0.378990
vt 0.029840 0.386290
vt 0.008320 0.399670
vt 0.027880 0.386280
vt 0.001950 0.407460
vt 0.006320 0.399660
vt -0.000000 0.407450
vt 0.036700 0.378950
vt 0.042270 0.407500
vt 0.086730 0.407500
vt 0.120690 0.399670
vt 0.127060 0.407460
vt 0.129010 0.407450
vt 0.122690 0.399660
vt 0.072550 0.213070
vt 0.070760 0.214110
vt 0.068780 0.215250
vt 0.059420 0.217180
vt 0.056350 0.215430
vt 0.060220 0.215240
vt 0.056460 0.213070
vt 0.052150 0.210480
vt 0.053670 0.209730
vt 0.529460 0.227610
vt 0.529380 0.187570
vt 0.481420 0.224150
vt 0.458330 0.234490
vt 0.458380 0.226410
vt 0.468700 0.212500
vt 0.458370 0.221620
vt 0.529380 0.143520
vt 0.481050 0.156080
vt 0.458280 0.190010
vt 0.458340 0.210180
vt 0.458280 0.159590
vt 0.458280 0.141070
vt 0.458280 0.150960
vt 0.501790 0.127020
vt 0.458320 0.126810
vt 0.483750 0.105020
vt 0.529460 0.103480
vt 0.458340 0.121310
vt 0.458380 0.104730
vt 0.458400 0.096590
vt 0.458390 0.099310
vt 0.458340 0.094490
vt 0.529480 0.101590
vt 0.458350 0.214090
vt 0.529480 0.229500
vt 0.458370 0.236590
vt 0.803050 0.748950
vt 0.770260 0.708490
vt 0.770230 0.748930
vt 0.803080 0.708490
vt 0.770220 0.750850
vt 0.803040 0.750860
vt 0.770260 0.663980
vt 0.803080 0.663980
vt 0.770230 0.623540
vt 0.803050 0.623530
vt 0.803040 0.621610
vt 0.770220 0.621620
vt 0.750020 0.105370
vt 0.752700 0.034390
vt 0.750020 0.034470
vt 0.751860 0.105320
vt 0.757130 0.034270
vt 0.753210 0.105270
vt 0.573340 0.106840
vt 0.578190 0.146340
vt 0.574710 0.105330
vt 0.576280 0.146880
vt 0.572460 0.104950
vt 0.573670 0.103400
vt 0.571070 0.103600
vt 0.572020 0.102020
vt 0.569210 0.102830
vt 0.569800 0.101230
vt 0.562830 0.102830
vt 0.562230 0.101230
vt 0.560970 0.103610
vt 0.560020 0.102020
vt 0.559580 0.104950
vt 0.558370 0.103400
vt 0.558700 0.106840
vt 0.557330 0.105340
vt 0.555760 0.146880
vt 0.553850 0.146350
vt 0.555760 0.190930
vt 0.558700 0.230970
vt 0.553850 0.191470
vt 0.557330 0.232480
vt 0.559580 0.232860
vt 0.558370 0.234420
vt 0.560970 0.234210
vt 0.560020 0.235800
vt 0.562830 0.234980
vt 0.562230 0.236590
vt 0.569210 0.234980
vt 0.569800 0.236590
vt 0.571070 0.234210
vt 0.572020 0.235800
vt 0.572460 0.232860
vt 0.573670 0.234410
vt 0.573340 0.230970
vt 0.574710 0.232480
vt 0.576280 0.190930
vt 0.578190 0.191460
vt 0.345920 0.364220
vt 0.378730 0.319710
vt 0.345920 0.319710
vt 0.378730 0.364220
vt 0.346000 0.404680
vt 0.378810 0.404660
vt 0.346030 0.406590
vt 0.378840 0.406580
vt 0.378810 0.279270
vt 0.346000 0.279250
vt 0.378840 0.277350
vt 0.346030 0.277340
vt 0.090860 0.047970
vt 0.108650 0.045850
vt 0.090850 0.045960
vt 0.108660 0.047830
vt 0.108700 0.089520
vt 0.089420 0.046480
vt 0.090900 0.089550
vt 0.089430 0.048460
vt 0.089470 0.089700
vt 0.090900 0.135390
vt 0.089470 0.135240
vt 0.108660 0.177100
vt 0.108700 0.135410
vt 0.090860 0.176970
vt 0.090850 0.178970
vt 0.089430 0.176470
vt 0.089420 0.178460
vt 0.108650 0.179080
vt 0.110070 0.178570
vt 0.110080 0.176610
vt 0.110120 0.135270
vt 0.110120 0.089670
vt 0.110080 0.048320
vt 0.110070 0.046360
vt 0.548580 0.104280
vt 0.550360 0.105340
vt 0.549320 0.103400
vt 0.549530 0.106200
vt 0.547090 0.102920
vt 0.545090 0.102140
vt 0.547670 0.102020
vt 0.538240 0.102140
vt 0.545450 0.101230
vt 0.537880 0.101230
vt 0.536240 0.102920
vt 0.535660 0.102020
vt 0.534750 0.104290
vt 0.534010 0.103400
vt 0.533810 0.106200
vt 0.532970 0.105340
vt 0.530650 0.146650
vt 0.530650 0.191160
vt 0.529480 0.146350
vt 0.529480 0.191470
vt 0.533810 0.231620
vt 0.532970 0.232480
vt 0.534750 0.233530
vt 0.534010 0.234420
vt 0.536240 0.234890
vt 0.535660 0.235800
vt 0.538240 0.235670
vt 0.537880 0.236590
vt 0.545090 0.235670
vt 0.545450 0.236590
vt 0.547090 0.234890
vt 0.547670 0.235800
vt 0.548580 0.233530
vt 0.549320 0.234410
vt 0.549530 0.231620
vt 0.550360 0.232480
vt 0.552680 0.191160
vt 0.552680 0.146650
vt 0.888000 0.652100
vt 0.885970 0.619270
vt 0.885970 0.652090
vt 0.888000 0.619280
vt 0.894840 0.652100
vt 0.894840 0.619280
vt 0.896820 0.652090
vt 0.896820 0.619270
vt 0.898270 0.652070
vt 0.898270 0.619250
vt 0.884440 0.619250
vt 0.884440 0.652070
vt 0.200860 0.487670
vt 0.205190 0.486060
vt 0.200850 0.486060
vt 0.205200 0.487670
vt 0.200870 0.489860
vt 0.205210 0.489860
vt 0.200870 0.497430
vt 0.205210 0.497430
vt 0.200860 0.499670
vt 0.205200 0.499670
vt 0.200850 0.501360
vt 0.205190 0.501360
vt 0.341540 0.077160
vt 0.345870 0.075220
vt 0.341530 0.075220
vt 0.345880 0.077160
vt 0.345920 0.118170
vt 0.341580 0.118170
vt 0.345920 0.163300
vt 0.341580 0.163300
vt 0.345880 0.204310
vt 0.341540 0.204310
vt 0.341530 0.206240
vt 0.345870 0.206240
vt 0.205280 0.645740
vt 0.200970 0.647680
vt 0.205310 0.647680
vt 0.200940 0.645740
vt 0.205190 0.604730
vt 0.200850 0.604730
vt 0.205190 0.559610
vt 0.200850 0.559610
vt 0.205280 0.518600
vt 0.200940 0.518600
vt 0.205310 0.516660
vt 0.200970 0.516660
vt 0.917180 0.664840
vt 0.931450 0.636510
vt 0.917180 0.637870
vt 0.931450 0.666210
vt 0.474870 0.068580
vt 0.458280 0.092910
vt 0.474870 0.094490
vt 0.458280 0.070160
vt 0.927770 0.162170
vt 0.900010 0.182340
vt 0.925850 0.182340
vt 0.898080 0.162170
vt 0.927770 0.131750
vt 0.898080 0.131750
vt 0.078730 0.089450
vt 0.086260 0.065080
vt 0.078730 0.064360
vt 0.086260 0.088730
vt 0.508730 0.064800
vt 0.518610 0.094490
vt 0.518610 0.064800
vt 0.508730 0.094490
vt 0.114850 0.179060
vt 0.112170 0.108190
vt 0.110120 0.108180
vt 0.116280 0.179070
vt 0.116840 0.108200
vt 0.118170 0.179080
vt 0.126070 0.108180
vt 0.124550 0.179070
vt 0.861300 0.217360
vt 0.861620 0.146260
vt 0.855590 0.146270
vt 0.863140 0.217350
vt 0.859950 0.217370
vt 0.853620 0.146280
vt 0.874430 0.146280
vt 0.869520 0.217360
vt 0.877160 0.146300
vt 0.871410 0.217370
vt 0.832790 0.619320
vt 0.855820 0.640250
vt 0.855820 0.621830
vt 0.832790 0.642980
vt 0.853620 0.123300
vt 0.874090 0.146260
vt 0.876370 0.123300
vt 0.855670 0.146260
vt 0.528950 0.070860
vt 0.528950 0.092100
vt 0.518610 0.068640
vt 0.034980 0.064350
vt 0.024700 0.087440
vt 0.034980 0.089450
vt 0.024700 0.066200
vt 0.707460 0.642330
vt 0.684690 0.615590
vt 0.684690 0.645290
vt 0.707460 0.618270
vt 0.707460 0.642350
vt 0.730100 0.615590
vt 0.707460 0.618290
vt 0.730100 0.645290
vt 0.832790 0.617580
vt 0.813080 0.642980
vt 0.831040 0.642980
vt 0.811070 0.617580
vt 0.746230 0.645290
vt 0.766560 0.619970
vt 0.743810 0.619970
vt 0.764200 0.645290
vt 0.652800 0.601820
vt 0.629850 0.645290
vt 0.649970 0.645290
vt 0.626870 0.601820
vt 0.599890 0.601900
vt 0.623500 0.645290
vt 0.626870 0.601900
vt 0.603390 0.645290
vt 0.346780 0.060670
vt 0.350370 0.060750
vt 0.348270 0.058660
vt 0.345920 0.066730
vt 0.353090 0.082200
vt 0.345920 0.079530
vt 0.348270 0.080670
vt 0.346780 0.082230
vt 0.350370 0.081940
vt 0.353090 0.060490
vt 0.496190 0.071760
vt 0.506370 0.071340
vt 0.504270 0.070060
vt 0.507870 0.075810
vt 0.496190 0.094490
vt 0.508730 0.078510
vt 0.508730 0.087740
vt 0.507870 0.092380
vt 0.504270 0.093720
vt 0.506370 0.094390
vt 0.749600 0.959780
vt 0.755340 0.960800
vt 0.758440 0.953400
vt 0.758030 0.962340
vt 0.754100 0.963860
vt 0.757860 0.966040
vt 0.763160 0.967630
vt 0.759240 0.967680
vt 0.771870 0.963950
vt 0.763450 0.967970
vt 0.764560 0.971030
vt 0.760660 0.969380
vt 0.762140 0.973460
vt 0.770570 0.976780
vt 0.769060 0.981520
vt 0.764540 0.979050
vt 0.762630 0.984150
vt 0.760660 0.981900
vt 0.759180 0.988180
vt 0.765530 0.987560
vt 0.760930 0.992200
vt 0.766740 0.989180
vt 0.761790 0.994180
vt 0.759070 0.988200
vt 0.754730 0.990670
vt 0.756020 0.997320
vt 0.755570 0.995120
vt 0.749820 0.991540
vt 0.757700 0.985320
vt 0.754100 0.987400
vt 0.749820 0.988150
vt 0.745540 0.987400
vt 0.744910 0.990700
vt 0.738720 0.992200
vt 0.744070 0.995120
vt 0.740450 0.988210
vt 0.734120 0.987560
vt 0.736970 0.984190
vt 0.741780 0.985220
vt 0.738990 0.981900
vt 0.735430 0.980200
vt 0.738110 0.979490
vt 0.734970 0.979120
vt 0.730590 0.981520
vt 0.729080 0.976780
vt 0.729100 0.982670
vt 0.727100 0.976300
vt 0.734920 0.975030
vt 0.727780 0.963950
vt 0.734890 0.972740
vt 0.726030 0.965340
vt 0.730270 0.903100
vt 0.731930 0.903070
vt 0.735090 0.859140
vt 0.736740 0.859110
vt 0.735120 0.840800
vt 0.742650 0.903000
vt 0.744250 0.859050
vt 0.736800 0.840760
vt 0.744250 0.840700
vt 0.734510 0.827390
vt 0.732780 0.827420
vt 0.743450 0.827330
vt 0.755390 0.840700
vt 0.755390 0.859050
vt 0.762910 0.859110
vt 0.756990 0.903000
vt 0.767710 0.903070
vt 0.773620 0.965340
vt 0.769380 0.903100
vt 0.772550 0.976300
vt 0.770540 0.982670
vt 0.767590 0.990330
vt 0.771580 0.983490
vt 0.762380 0.995580
vt 0.756330 0.998880
vt 0.749820 1.000000
vt 0.743320 0.998880
vt 0.749820 0.998390
vt 0.743630 0.997320
vt 0.737260 0.995580
vt 0.737860 0.994180
vt 0.732060 0.990330
vt 0.732900 0.989180
vt 0.728060 0.983490
vt 0.749820 0.996110
vt 0.764560 0.859140
vt 0.762850 0.840760
vt 0.764520 0.840800
vt 0.765130 0.827390
vt 0.766870 0.827420
vt 0.775780 0.800140
vt 0.777620 0.800160
vt 0.762780 0.792740
vt 0.759800 0.800060
vt 0.784490 0.792810
vt 0.769970 0.779360
vt 0.806010 0.779440
vt 0.786450 0.792840
vt 0.808010 0.779470
vt 0.812380 0.771640
vt 0.814330 0.771670
vt 0.772050 0.771560
vt 0.727590 0.771560
vt 0.729680 0.779360
vt 0.687260 0.771640
vt 0.693630 0.779440
vt 0.685320 0.771670
vt 0.736870 0.792740
vt 0.715160 0.792810
vt 0.691630 0.779470
vt 0.713200 0.792840
vt 0.723860 0.800140
vt 0.722020 0.800160
vt 0.739840 0.800060
vt 0.756190 0.827330
vt 0.741210 0.953400
vt 0.744260 0.960700
vt 0.741610 0.962190
vt 0.741780 0.966030
vt 0.736570 0.968130
vt 0.738990 0.969370
vt 0.745540 0.963850
vt 0.737500 0.973460
vt 0.737500 0.977810
vt 0.757860 0.985230
vt 0.494140 0.069490
vt 0.487370 0.063260
vt 0.487300 0.069470
vt 0.494220 0.063280
vt 0.496120 0.069690
vt 0.494100 0.076170
vt 0.496080 0.076180
vt 0.496080 0.082690
vt 0.494100 0.082870
vt 0.496120 0.088770
vt 0.487260 0.076150
vt 0.487260 0.082850
vt 0.494140 0.089120
vt 0.494220 0.094490
vt 0.487300 0.089100
vt 0.496190 0.094000
vt 0.487370 0.094470
vt 0.485350 0.088740
vt 0.485430 0.093970
vt 0.485310 0.082660
vt 0.485310 0.076150
vt 0.485350 0.069660
vt 0.485430 0.063610
vt 0.496190 0.063640
vt 0.703750 0.599780
vt 0.716520 0.596420
vt 0.703240 0.596420
vt 0.716230 0.599780
vt 0.715950 0.603880
vt 0.704380 0.603880
vt 0.704490 0.604600
vt 0.701430 0.603270
vt 0.715890 0.604920
vt 0.701600 0.605560
vt 0.704610 0.608230
vt 0.717700 0.605480
vt 0.717450 0.609080
vt 0.715660 0.608230
vt 0.717800 0.603330
vt 0.718100 0.599080
vt 0.704640 0.609890
vt 0.715400 0.612290
vt 0.717220 0.613780
vt 0.704640 0.612290
vt 0.715230 0.615590
vt 0.704590 0.615590
vt 0.701750 0.609650
vt 0.680400 0.601010
vt 0.669640 0.597200
vt 0.669750 0.600980
vt 0.680280 0.597240
vt 0.680590 0.605300
vt 0.669790 0.605260
vt 0.669750 0.609540
vt 0.680510 0.609570
vt 0.680680 0.606960
vt 0.680340 0.613320
vt 0.669650 0.613120
vt 0.669640 0.613290
vt 0.392860 0.392800
vt 0.391400 0.386040
vt 0.391470 0.393580
vt 0.392800 0.386410
vt 0.389420 0.385820
vt 0.389490 0.394040
vt 0.391580 0.400470
vt 0.389610 0.401120
vt 0.391740 0.405780
vt 0.389770 0.406590
vt 0.382770 0.401120
vt 0.382930 0.406590
vt 0.380830 0.400470
vt 0.380980 0.405780
vt 0.380710 0.393580
vt 0.379320 0.386410
vt 0.379380 0.392800
vt 0.380640 0.386030
vt 0.382650 0.394040
vt 0.382570 0.385810
vt 0.382550 0.377010
vt 0.380540 0.376480
vt 0.380690 0.313230
vt 0.378920 0.313240
vt 0.378840 0.375450
vt 0.378930 0.269340
vt 0.380830 0.269320
vt 0.378930 0.250980
vt 0.380840 0.250970
vt 0.378930 0.237570
vt 0.380780 0.237560
vt 0.378840 0.210170
vt 0.380500 0.210150
vt 0.382820 0.237550
vt 0.382500 0.210140
vt 0.389670 0.237550
vt 0.389350 0.210140
vt 0.389730 0.250960
vt 0.391820 0.250970
vt 0.391750 0.237560
vt 0.393810 0.250990
vt 0.393680 0.237580
vt 0.391400 0.210150
vt 0.393790 0.269340
vt 0.393460 0.313240
vt 0.391810 0.269320
vt 0.391620 0.313230
vt 0.389720 0.269310
vt 0.389560 0.313220
vt 0.382890 0.250960
vt 0.382880 0.269310
vt 0.391450 0.376480
vt 0.382710 0.313220
vt 0.389390 0.377010
vt 0.393230 0.375450
vt 0.393150 0.210170
vt 0.698880 0.599790
vt 0.687970 0.596420
vt 0.687940 0.599790
vt 0.698680 0.596420
vt 0.687850 0.603890
vt 0.699200 0.603890
vt 0.700950 0.603100
vt 0.700660 0.598360
vt 0.701430 0.608960
vt 0.699620 0.608240
vt 0.687540 0.612300
vt 0.687710 0.608240
vt 0.700070 0.612300
vt 0.687450 0.613970
vt 0.687100 0.615590
vt 0.700510 0.615590
vt 0.685020 0.602620
vt 0.684690 0.610620
vt 0.685060 0.597490
vt 0.724970 0.755130
vt 0.729260 0.769470
vt 0.729260 0.755380
vt 0.724970 0.769310
vt 0.720700 0.755090
vt 0.730480 0.751820
vt 0.724740 0.751550
vt 0.719400 0.751590
vt 0.716950 0.755260
vt 0.720700 0.768970
vt 0.716950 0.768550
vt 0.719890 0.771160
vt 0.724790 0.771470
vt 0.730030 0.771560
vt 0.731240 0.769470
vt 0.733030 0.755820
vt 0.733030 0.769230
vt 0.205220 0.512730
vt 0.200870 0.514970
vt 0.205210 0.514970
vt 0.200880 0.512730
vt 0.205220 0.505160
vt 0.200880 0.505160
vt 0.205210 0.502970
vt 0.200870 0.502970
vt 0.200850 0.516660
vt 0.205190 0.516660
vt 0.882750 0.620930
vt 0.884280 0.628310
vt 0.884440 0.619520
vt 0.882660 0.629780
vt 0.880720 0.621670
vt 0.880640 0.630570
vt 0.873870 0.621710
vt 0.873790 0.630610
vt 0.871840 0.620990
vt 0.873660 0.652100
vt 0.871760 0.629830
vt 0.880510 0.652070
vt 0.871650 0.651290
vt 0.870130 0.628380
vt 0.870130 0.649870
vt 0.870130 0.619590
vt 0.882520 0.651240
vt 0.884020 0.649800
vt 0.405680 0.752490
vt 0.413540 0.750860
vt 0.405660 0.751020
vt 0.413550 0.752310
vt 0.405690 0.754480
vt 0.405690 0.761320
vt 0.413560 0.754290
vt 0.413560 0.761130
vt 0.405680 0.763350
vt 0.413550 0.763160
vt 0.405660 0.764910
vt 0.413540 0.764690
vt 0.701130 0.752320
vt 0.702880 0.770140
vt 0.702880 0.752330
vt 0.701130 0.770120
vt 0.703070 0.750900
vt 0.701370 0.750890
vt 0.705310 0.750910
vt 0.705190 0.752340
vt 0.712870 0.750910
vt 0.713020 0.752340
vt 0.715070 0.750900
vt 0.715290 0.752330
vt 0.715280 0.770140
vt 0.713020 0.770150
vt 0.712870 0.771560
vt 0.705190 0.770150
vt 0.705310 0.771560
vt 0.703070 0.771550
vt 0.701370 0.771530
vt 0.715060 0.771550
vt 0.716940 0.770120
vt 0.716670 0.771530
vt 0.716950 0.752310
vt 0.716680 0.750890
vt 0.738010 0.240250
vt 0.735440 0.240960
vt 0.737650 0.241760
vt 0.736010 0.239460
vt 0.744860 0.240250
vt 0.745220 0.241760
vt 0.746860 0.239460
vt 0.748350 0.238070
vt 0.747440 0.240960
vt 0.749090 0.239560
vt 0.749300 0.236130
vt 0.752450 0.195800
vt 0.750140 0.237570
vt 0.753690 0.196340
vt 0.752450 0.151340
vt 0.753690 0.150800
vt 0.749300 0.111010
vt 0.750140 0.109560
vt 0.748350 0.109070
vt 0.749090 0.107580
vt 0.746860 0.107680
vt 0.747440 0.106180
vt 0.744860 0.106890
vt 0.738010 0.106890
vt 0.745220 0.105370
vt 0.737650 0.105380
vt 0.736010 0.107680
vt 0.735440 0.106180
vt 0.734520 0.109070
vt 0.733780 0.107580
vt 0.733570 0.111010
vt 0.732730 0.109570
vt 0.730420 0.151340
vt 0.729180 0.150800
vt 0.730420 0.195800
vt 0.729180 0.196340
vt 0.733570 0.236130
vt 0.732730 0.237570
vt 0.734520 0.238070
vt 0.733780 0.239560
vt 0.354750 0.142290
vt 0.361950 0.140780
vt 0.354390 0.140780
vt 0.361590 0.142290
vt 0.352750 0.143080
vt 0.352170 0.141570
vt 0.351260 0.144450
vt 0.350520 0.142960
vt 0.350310 0.146370
vt 0.349470 0.144920
vt 0.347160 0.186810
vt 0.347160 0.231320
vt 0.345920 0.186260
vt 0.345920 0.231860
vt 0.350310 0.271760
vt 0.349470 0.273210
vt 0.351260 0.273670
vt 0.350520 0.275170
vt 0.352750 0.275040
vt 0.352170 0.276550
vt 0.354750 0.275830
vt 0.354390 0.277340
vt 0.361590 0.275820
vt 0.361950 0.277340
vt 0.363590 0.275040
vt 0.364160 0.276550
vt 0.365080 0.273670
vt 0.365820 0.275160
vt 0.366020 0.271750
vt 0.366860 0.273200
vt 0.369170 0.231310
vt 0.370420 0.231860
vt 0.369170 0.186800
vt 0.370420 0.186260
vt 0.366020 0.146360
vt 0.366860 0.144910
vt 0.365080 0.144440
vt 0.365820 0.142950
vt 0.363590 0.143080
vt 0.364160 0.141570
s 0
usemtl mat0.999
f 1/1/1 2/2/2 4/3/2
f 1/1/3 3/4/4 2/2/5
f 5/5/6 4/3/7 2/2/7
f 5/5/8 6/6/9 4/3/10
f 6/6/11 7/7/12 8/8/13
f 6/6/14 5/5/11 7/7/12
f 8/8/15 7/7/16 10/9/17
f 8/8/12 10/9/18 9/10/19
f 9/10/20 10/9/21 11/11/22
f 9/10/23 11/11/24 12/12/25
f 13/13/26 14/14/27 16/15/28
f 13/13/29 15/16/30 14/14/31
f 17/17/32 15/16/33 13/13/34
f 19/18/35 13/13/36 16/15/37
f 17/17/38 13/13/39 18/19/40
f 19/18/41 18/19/42 13/13/43
f 20/20/44 19/18/45 16/15/46
f 20/20/47 16/15/46 21/21/48
f 16/15/49 22/22/50 21/21/51
f 16/15/52 14/14/53 22/22/54
f 22/22/55 23/23/56 24/24/57
f 22/22/58 14/14/59 23/23/56
f 14/14/53 25/25/60 23/23/61
f 26/26/62 25/25/63 15/16/64
f 14/14/65 15/16/66 25/25/67
f 27/27/68 28/28/69 26/26/70
f 26/26/71 15/16/64 27/27/72
f 27/27/73 30/29/74 28/28/69
f 30/29/75 29/30/76 28/28/77
f 30/29/78 31/31/79 32/32/80
f 31/31/79 30/29/81 27/27/82
f 30/29/75 32/32/83 33/33/84
f 30/29/85 33/33/86 29/30/76
f 34/34/87 32/32/88 31/31/89
f 34/34/90 35/35/91 32/32/92
f 36/36/93 34/34/94 31/31/95
f 36/36/96 31/31/79 17/17/97
f 17/17/98 18/19/99 36/36/100
f 31/31/101 27/27/102 17/17/98
f 17/17/103 27/27/82 15/16/33
f 37/37/104 38/38/105 40/39/106
f 37/37/104 39/40/107 38/38/108
f 41/41/109 40/39/110 38/38/111
f 41/41/112 42/42/113 40/39/114
f 42/42/115 43/43/116 44/44/117
f 42/42/118 41/41/119 43/43/120
f 44/44/121 43/43/116 46/45/122
f 44/44/121 46/45/123 45/46/124
f 45/46/125 46/45/126 47/47/127
f 45/46/128 47/47/127 48/48/129
f 49/49/130 50/50/131 52/51/132
f 49/49/133 51/52/134 50/50/135
f 53/53/136 52/51/137 50/50/138
f 53/53/139 54/54/119 52/51/140
f 54/54/141 56/55/142 55/56/143
f 54/54/144 53/53/145 56/55/146
f 56/55/142 57/57/147 58/58/148
f 56/55/149 59/59/150 57/57/151
f 53/53/152 59/59/150 56/55/153
f 55/56/154 56/55/155 58/58/148
f 53/53/156 60/60/157 59/59/158
f 60/60/159 50/50/160 61/61/161
f 60/60/162 53/53/163 50/50/135
f 51/52/164 62/62/165 61/61/166
f 51/52/167 61/61/168 50/50/169
f 55/56/170 58/58/148 63/63/171
f 63/63/172 58/58/173 64/64/174
f 58/58/175 65/65/176 64/64/177
f 58/58/178 57/57/151 65/65/179
f 63/63/172 64/64/174 66/66/180
f 67/67/181 68/68/182 70/69/183
f 67/67/181 69/70/184 68/68/185
f 71/71/186 69/70/187 67/67/181
f 72/72/188 67/67/189 70/69/190
f 73/73/191 71/71/192 67/67/189
f 72/72/193 73/73/194 67/67/195
f 73/73/196 74/74/197 71/71/192
f 74/74/198 75/75/199 76/76/200
f 74/74/201 76/76/202 71/71/203
f 77/77/204 76/76/200 78/78/205
f 77/77/206 71/71/207 76/76/200
f 79/79/208 78/78/209 76/76/210
f 75/75/211 79/79/212 76/76/213
f 79/79/214 80/80/215 78/78/209
f 75/75/216 81/81/217 79/79/218
f 78/78/219 80/80/220 82/82/221
f 78/78/222 82/82/223 83/83/224
f 77/77/225 83/83/226 84/84/227
f 77/77/225 78/78/228 83/83/229
f 69/70/230 77/77/231 84/84/232
f 69/70/233 84/84/232 85/85/234
f 68/68/235 85/85/236 86/86/237
f 68/68/235 69/70/238 85/85/236
f 88/87/239 86/86/237 87/88/240
f 88/87/241 68/68/242 86/86/243
f 70/69/244 68/68/235 88/87/245
f 70/69/183 88/87/245 89/89/246
f 90/90/247 70/69/248 89/89/249
f 90/90/250 72/72/251 70/69/252
f 71/71/253 77/77/225 69/70/254
f 91/91/255 92/92/256 94/93/257
f 91/91/258 93/94/259 92/92/256
f 95/95/260 91/91/261 94/93/262
f 95/95/263 94/93/264 97/96/265
f 96/97/266 95/95/267 97/96/268
f 99/98/269 97/96/270 94/93/271
f 96/97/266 97/96/265 98/99/272
f 100/100/273 98/99/161 97/96/274
f 99/98/275 100/100/276 97/96/270
f 100/100/273 99/98/277 101/101/278
f 100/100/273 101/101/278 102/102/279
f 103/103/280 100/100/281 102/102/282
f 100/100/276 103/103/283 98/99/168
f 103/103/283 102/102/282 104/104/284
f 104/104/150 106/105/285 105/106/286
f 104/104/150 102/102/287 106/105/285
f 102/102/288 107/107/289 106/105/290
f 106/105/291 107/107/292 108/108/293
f 106/105/290 108/108/294 109/109/295
f 105/106/296 106/105/290 109/109/297
f 105/106/298 109/109/299 110/110/300
f 107/107/301 111/111/302 108/108/303
f 107/107/304 112/112/305 111/111/306
f 112/112/307 113/113/308 111/111/309
f 112/112/310 114/114/311 113/113/312
f 114/114/313 115/115/314 113/113/315
f 114/114/311 117/116/316 115/115/317
f 117/116/318 116/117/319 115/115/314
f 119/118/320 118/119/321 117/116/322
f 117/116/322 118/119/323 116/117/324
f 120/120/325 119/118/326 117/116/316
f 120/120/325 117/116/316 114/114/311
f 121/121/327 120/120/328 123/122/329
f 121/121/330 122/123/331 120/120/332
f 122/123/333 119/118/326 120/120/332
f 123/122/329 120/120/325 114/114/334
f 99/98/269 121/121/330 123/122/329
f 123/122/335 114/114/336 112/112/337
f 101/101/338 123/122/339 112/112/310
f 99/98/269 123/122/340 101/101/341
f 122/123/342 92/92/256 125/124/343
f 122/123/344 121/121/345 92/92/346
f 122/123/347 124/125/348 119/118/326
f 124/125/349 122/123/350 125/124/343
f 93/94/351 125/124/352 92/92/346
f 93/94/259 127/126/353 125/124/354
f 124/125/355 125/124/354 126/127/356
f 127/126/353 126/127/357 125/124/352
f 127/126/358 128/128/359 126/127/360
f 128/128/361 129/129/362 130/130/363
f 128/128/364 130/130/365 126/127/366
f 129/129/362 131/131/367 130/130/368
f 132/132/369 130/130/370 131/131/371
f 133/133/372 126/127/360 130/130/373
f 132/132/369 133/133/374 130/130/365
f 124/125/375 133/133/372 134/134/376
f 133/133/377 135/135/378 134/134/376
f 133/133/372 124/125/379 126/127/356
f 133/133/380 132/132/381 135/135/382
f 132/132/381 136/136/383 135/135/384
f 135/135/385 136/136/386 137/137/387
f 134/134/388 135/135/382 138/138/389
f 135/135/390 137/137/391 138/138/389
f 134/134/388 138/138/392 118/119/393
f 118/119/394 138/138/395 139/139/396
f 118/119/397 139/139/398 116/117/399
f 132/132/381 140/140/400 136/136/383
f 140/140/401 131/131/402 141/141/403
f 140/140/401 132/132/381 131/131/371
f 124/125/375 134/134/376 119/118/404
f 119/118/405 134/134/406 118/119/407
f 129/129/408 142/142/409 131/131/410
f 121/121/411 94/93/412 92/92/256
f 121/121/413 99/98/275 94/93/414
f 101/101/341 112/112/415 107/107/416
f 102/102/288 101/101/278 107/107/289
f 143/143/417 144/144/418 145/145/419
f 146/146/420 147/147/421 148/148/422
f 149/149/423 150/150/424 151/151/425
f 145/145/426 152/152/427 153/153/428
f 147/147/429 154/154/430 145/145/431
f 154/154/432 143/143/433 145/145/434
f 148/148/435 155/155/436 156/156/437
f 155/155/438 157/157/439 156/156/440
f 156/156/441 158/158/442 159/159/443
f 153/153/444 160/160/445 148/148/446
f 156/156/441 159/159/447 146/146/420
f 148/148/448 156/156/449 146/146/450
f 151/151/451 161/161/452 162/162/453
f 161/161/452 163/163/454 162/162/455
f 162/162/456 164/164/457 143/143/458
f 150/150/459 165/165/460 151/151/461
f 143/143/462 154/154/463 162/162/464
f 154/154/465 149/149/466 151/151/467
f 151/151/468 162/162/469 154/154/465
f 149/149/470 166/166/471 167/167/472
f 149/149/473 167/167/474 150/150/475
f 168/168/476 169/169/477 170/170/476
f 168/168/478 170/170/479 171/171/479
f 169/169/480 146/146/481 159/159/482
f 169/169/483 159/159/482 170/170/483
f 153/153/484 148/148/446 147/147/485
f 153/153/486 147/147/487 145/145/488
f 173/172/489 175/173/490 172/174/491
f 172/174/491 174/175/492 173/172/493
f 174/175/494 172/174/495 178/176/496
f 175/173/497 177/177/498 172/174/491
f 172/174/499 176/178/500 178/176/501
f 172/174/502 177/177/503 176/178/504
f 174/175/505 178/176/501 179/179/506
f 180/180/507 179/179/364 181/181/358
f 180/180/507 174/175/508 179/179/509
f 182/182/510 180/180/511 181/181/512
f 182/182/513 181/181/358 183/183/514
f 184/184/515 182/182/516 183/183/517
f 184/184/518 183/183/519 185/185/520
f 187/186/521 185/185/522 186/187/523
f 187/186/524 184/184/525 185/185/520
f 188/188/526 187/186/527 186/187/528
f 188/188/529 189/189/530 187/186/531
f 187/186/532 189/189/533 190/190/534
f 187/186/535 190/190/536 184/184/537
f 189/189/538 192/191/539 190/190/540
f 190/190/541 191/192/542 193/193/543
f 190/190/544 192/191/539 191/192/545
f 184/184/546 190/190/541 193/193/547
f 194/194/548 193/193/549 191/192/542
f 194/194/550 195/195/551 193/193/543
f 195/195/552 182/182/553 193/193/554
f 184/184/537 193/193/555 182/182/553
f 195/195/556 180/180/557 182/182/558
f 180/180/559 195/195/552 196/196/560
f 195/195/561 194/194/562 197/197/563
f 195/195/551 197/197/564 196/196/565
f 196/196/566 197/197/567 198/198/568
f 199/199/569 198/198/568 197/197/570
f 199/199/571 197/197/570 200/200/572
f 200/200/573 197/197/570 201/201/574
f 203/202/575 201/201/576 197/197/570
f 194/194/577 202/203/578 197/197/564
f 203/202/579 197/197/580 202/203/581
f 205/204/582 204/205/583 203/202/584
f 204/205/585 201/201/586 203/202/587
f 205/204/588 203/202/589 206/206/590
f 202/203/591 206/206/592 203/202/579
f 202/203/593 207/207/594 206/206/595
f 208/208/596 206/206/597 207/207/598
f 208/208/599 207/207/594 209/209/600
f 210/210/601 208/208/602 209/209/603
f 210/210/604 209/209/605 211/211/606
f 212/212/607 210/210/608 211/211/609
f 210/210/610 212/212/611 213/213/612
f 210/210/610 213/213/612 214/214/613
f 215/215/614 213/213/615 212/212/616
f 215/215/614 212/212/616 216/216/617
f 217/217/618 215/215/614 216/216/619
f 218/218/620 219/219/621 217/217/622
f 217/217/622 216/216/623 218/218/624
f 218/218/624 220/220/625 219/219/621
f 220/220/626 221/221/627 219/219/628
f 220/220/629 223/222/630 221/221/631
f 222/223/632 221/221/631 223/222/633
f 220/220/634 224/224/635 223/222/636
f 222/223/637 223/222/630 226/225/638
f 225/226/639 223/222/640 224/224/641
f 225/226/642 226/225/643 223/222/636
f 227/227/644 226/225/645 225/226/646
f 227/227/647 228/228/648 226/225/649
f 226/225/638 228/228/650 229/229/651
f 226/225/652 229/229/653 222/223/637
f 177/177/498 230/230/654 228/228/655
f 177/177/656 228/228/657 227/227/658
f 175/173/497 230/230/659 177/177/660
f 177/177/661 227/227/662 232/231/663
f 227/227/664 231/232/665 232/231/666
f 227/227/667 225/226/642 231/232/668
f 232/231/669 231/232/670 233/233/671
f 232/231/672 233/233/673 234/234/674
f 176/178/409 232/231/675 234/234/676
f 177/177/656 232/231/677 176/178/678
f 176/178/500 234/234/679 235/235/680
f 231/232/681 236/236/682 233/233/683
f 231/232/681 237/237/684 236/236/685
f 237/237/686 238/238/687 236/236/685
f 240/239/688 239/240/689 238/238/690
f 237/237/686 240/239/688 238/238/691
f 242/241/692 241/242/693 240/239/694
f 240/239/695 241/242/693 239/240/696
f 224/224/697 240/239/698 237/237/699
f 224/224/700 242/241/701 240/239/698
f 216/216/702 242/241/703 218/218/704
f 242/241/705 220/220/706 218/218/707
f 220/220/708 242/241/709 224/224/710
f 242/241/692 243/243/711 241/242/712
f 216/216/702 243/243/713 242/241/703
f 216/216/714 245/244/715 243/243/716
f 243/243/717 244/245/718 241/242/693
f 243/243/719 245/244/720 244/245/721
f 245/244/722 246/246/723 244/245/721
f 212/212/724 211/211/725 245/244/726
f 245/244/727 211/211/728 246/246/729
f 216/216/714 212/212/724 245/244/715
f 246/246/730 247/247/731 249/248/732
f 246/246/733 248/249/734 247/247/735
f 211/211/728 248/249/736 246/246/737
f 244/245/738 246/246/737 249/248/739
f 244/245/718 249/248/739 250/250/740
f 241/242/693 244/245/741 250/250/742
f 241/242/743 250/250/744 239/240/745
f 211/211/746 209/209/747 248/249/748
f 209/209/749 251/251/750 248/249/751
f 207/207/598 252/252/752 251/251/753
f 209/209/754 207/207/755 251/251/750
f 202/203/756 253/253/757 252/252/758
f 207/207/594 202/203/759 252/252/752
f 202/203/760 254/254/761 253/253/762
f 254/254/763 255/255/764 253/253/765
f 254/254/763 256/256/766 255/255/764
f 256/256/767 257/257/768 255/255/769
f 258/258/770 259/259/771 257/257/768
f 256/256/772 258/258/773 257/257/774
f 258/258/775 261/260/776 259/259/777
f 261/260/776 260/261/778 259/259/779
f 262/262/780 261/260/781 263/263/782
f 262/262/783 264/264/784 261/260/785
f 263/263/786 261/260/787 258/258/775
f 261/260/788 264/264/784 260/261/789
f 267/265/790 264/264/784 262/262/791
f 264/264/792 265/266/793 266/267/794
f 267/265/795 265/266/796 264/264/797
f 264/264/784 266/267/798 260/261/799
f 268/268/800 267/265/801 270/269/802
f 268/268/800 269/270/803 267/265/804
f 270/269/805 267/265/801 262/262/806
f 269/270/807 265/266/808 267/265/809
f 270/269/805 262/262/806 271/271/810
f 272/272/811 270/269/805 271/271/812
f 273/273/813 270/269/814 272/272/815
f 273/273/816 268/268/817 270/269/818
f 273/273/819 272/272/820 275/274/164
f 274/275/821 268/268/817 273/273/822
f 274/275/823 273/273/819 276/276/107
f 273/273/824 275/274/164 276/276/107
f 274/275/825 276/276/107 277/277/826
f 272/272/827 278/278/165 275/274/167
f 272/272/828 188/188/829 278/278/830
f 188/188/831 186/187/832 278/278/833
f 274/275/834 279/279/835 268/268/836
f 279/279/835 269/270/837 268/268/800
f 279/279/838 280/280/839 269/270/840
f 280/280/841 281/281/842 269/270/843
f 280/280/841 282/282/844 281/281/845
f 281/281/846 282/282/847 283/283/848
f 281/281/849 283/283/850 284/284/851
f 265/266/852 281/281/853 284/284/854
f 265/266/855 284/284/856 266/267/857
f 269/270/858 281/281/859 265/266/860
f 272/272/861 271/271/862 188/188/863
f 188/188/864 271/271/865 189/189/866
f 271/271/867 263/263/868 189/189/533
f 271/271/810 262/262/806 263/263/869
f 189/189/533 263/263/870 192/191/539
f 263/263/871 258/258/872 192/191/873
f 192/191/873 258/258/872 256/256/874
f 254/254/875 191/192/876 256/256/877
f 192/191/878 256/256/874 191/192/876
f 254/254/879 194/194/880 191/192/876
f 194/194/550 254/254/881 202/203/756
f 225/226/882 237/237/883 231/232/668
f 225/226/884 224/224/885 237/237/886
f 204/205/887 285/285/888 201/201/889
f 200/200/890 285/285/891 286/286/892
f 200/200/893 201/201/894 285/285/891
f 286/286/895 199/199/896 200/200/897
f 286/286/898 287/287/899 199/199/900
f 198/198/901 288/288/902 196/196/903
f 288/288/904 289/289/905 196/196/906
f 290/290/907 289/289/908 288/288/909
f 290/290/907 291/291/910 289/289/908
f 292/292/911 291/291/912 293/293/913
f 292/292/914 289/289/915 291/291/916
f 173/172/917 174/175/505 292/292/918
f 292/292/919 196/196/920 289/289/921
f 292/292/922 174/175/492 196/196/923
f 180/180/924 196/196/560 174/175/494
f 295/294/925 300/295/926 294/296/927
f 294/296/928 296/297/929 295/294/930
f 294/296/928 297/298/931 296/297/932
f 294/296/933 300/295/934 298/299/935
f 298/299/936 299/300/937 294/296/938
f 300/295/926 301/301/939 302/302/940
f 300/295/926 303/303/941 298/299/942
f 303/303/943 300/295/944 302/302/945
f 303/303/946 304/304/947 298/299/948
f 302/302/949 305/305/950 303/303/951
f 306/306/952 302/302/953 301/301/954
f 306/306/955 307/307/950 302/302/956
f 306/306/957 301/301/958 309/308/959
f 309/308/960 308/309/961 306/306/962
f 311/310/963 309/308/964 310/311/965
f 309/308/966 301/301/967 310/311/968
f 311/310/969 312/312/970 309/308/959
f 311/310/971 313/313/972 312/312/973
f 310/311/968 314/314/974 311/310/975
f 314/314/976 315/315/977 311/310/978
f 310/311/968 316/316/979 314/314/976
f 310/311/965 317/317/980 316/316/981
f 298/299/936 318/318/982 299/300/983
f 319/319/984 295/294/984 296/297/985
f 319/319/986 296/297/985 320/320/985
f 321/321/987 322/322/988 324/323/989
f 321/321/987 323/324/988 322/322/988
f 321/321/990 324/323/990 325/325/991
f 321/321/992 325/325/993 326/326/991
f 323/324/994 327/327/995 322/322/996
f 323/324/994 328/328/997 327/327/998
f 328/328/999 329/329/1000 327/327/997
f 328/328/997 330/330/1001 329/329/1002
f 329/329/1000 330/330/1002 331/331/1003
f 329/329/1000 331/331/1004 332/332/1005
f 333/333/1006 334/334/1007 336/335/1008
f 333/333/1009 335/336/1010 334/334/1011
f 335/336/1010 337/337/1012 334/334/1013
f 335/336/1014 338/338/1015 337/337/1016
f 339/339/1017 340/340/1017 342/341/1018
f 339/339/1019 341/342/1020 340/340/1021
f 343/343/1017 339/339/1021 342/341/1017
f 343/343/1017 342/341/1018 345/344/1019
f 344/345/1018 343/343/1017 345/344/1019
f 344/345/1017 345/344/1019 346/346/1021
f 347/347/1018 344/345/1019 346/346/1018
f 347/347/1019 346/346/1018 348/348/1019
f 349/349/1017 348/348/1021 350/350/1022
f 349/349/1017 347/347/1017 348/348/1019
f 351/351/1021 350/350/1018 352/352/1017
f 351/351/1018 349/349/1018 350/350/1017
f 353/353/1018 351/351/1018 352/352/1018
f 353/353/1018 352/352/1019 354/354/1017
f 356/355/1019 354/354/1019 355/356/1021
f 356/355/1017 353/353/1019 354/354/1017
f 357/357/1018 356/355/1018 355/356/1019
f 357/357/1018 355/356/1023 358/358/1019
f 359/359/1024 357/357/1019 358/358/1019
f 360/360/1018 359/359/1018 361/361/1024
f 359/359/1018 358/358/1019 361/361/1020
f 360/360/1017 361/361/1018 362/362/1019
f 363/363/1019 360/360/1019 362/362/1017
f 363/363/1017 362/362/1017 364/364/1019
f 365/365/1021 364/364/1019 366/366/1019
f 365/365/1019 363/363/1019 364/364/1021
f 367/367/1019 366/366/1018 368/368/1018
f 367/367/1018 365/365/1021 366/366/1018
f 369/369/1021 367/367/1018 368/368/1019
f 369/369/1019 368/368/1017 370/370/1018
f 371/371/1019 370/370/1018 372/372/1018
f 371/371/1022 369/369/1022 370/370/1019
f 373/373/1019 372/372/1018 374/374/1021
f 373/373/1017 371/371/1019 372/372/1018
f 375/375/1019 374/374/1019 376/376/1019
f 375/375/1018 373/373/1021 374/374/1019
f 377/377/1017 375/375/1017 376/376/1018
f 377/377/1018 376/376/1018 378/378/1019
f 341/342/1018 378/378/1019 340/340/1019
f 341/342/1019 377/377/1019 378/378/1019
f 379/379/1025 380/380/1026 382/381/1027
f 379/379/1028 381/382/1025 380/380/1029
f 383/383/1030 381/382/1025 379/379/1025
f 383/383/1030 384/384/1031 381/382/1032
f 384/384/1033 383/383/1031 385/385/22
f 384/384/1031 385/385/25 386/386/25
f 382/381/1034 380/380/1035 387/387/1036
f 382/381/1035 387/387/1037 388/388/1038
f 388/388/1038 387/387/1039 389/389/1040
f 388/388/1041 389/389/1042 390/390/1043
f 391/391/1044 392/392/1045 394/393/1046
f 391/391/1047 393/394/1048 392/392/1049
f 395/395/1050 393/394/1051 391/391/1052
f 391/391/1053 394/393/1054 397/396/1055
f 395/395/1056 391/391/1057 396/397/1058
f 396/397/1059 391/391/1047 398/398/1060
f 391/391/1061 397/396/1062 398/398/1063
f 396/397/1064 398/398/1065 399/399/1066
f 401/400/1067 399/399/1068 400/401/1069
f 401/400/1070 396/397/1071 399/399/1072
f 403/402/1073 402/403/1074 401/400/1075
f 402/403/1076 396/397/1077 401/400/1078
f 403/402/1079 401/400/1078 404/404/1080
f 404/404/1081 401/400/1082 400/401/1083
f 403/402/1084 404/404/1085 405/405/1086
f 405/405/1087 404/404/1088 406/406/1089
f 404/404/1085 400/401/1090 406/406/1091
f 405/405/1092 406/406/1093 407/407/1094
f 403/402/1079 405/405/1086 408/408/218
f 409/409/1095 403/402/1096 408/408/1097
f 409/409/1098 410/410/1099 403/402/1100
f 410/410/1101 411/411/1102 402/403/1103
f 410/410/1101 402/403/1104 403/402/1079
f 411/411/1105 412/412/1106 395/395/1107
f 411/411/1102 395/395/1107 402/403/1108
f 412/412/1109 393/394/1110 395/395/1107
f 412/412/1106 413/413/1111 393/394/1048
f 413/413/1112 392/392/1113 393/394/1114
f 413/413/1115 414/414/1116 392/392/1049
f 402/403/1117 395/395/1118 396/397/1077
f 415/415/1119 416/416/1120 418/417/1119
f 415/415/1120 417/418/1121 416/416/1122
f 419/419/1121 415/415/1119 418/417/1119
f 421/420/1121 419/419/1119 420/421/1123
f 419/419/1121 418/417/1121 420/421/1120
f 422/422/1119 421/420/1121 423/423/1123
f 421/420/1119 420/421/1121 423/423/1119
f 422/422/1119 423/423/1119 424/424/1123
f 425/425/1121 422/422/1123 424/424/1119
f 425/425/1119 424/424/1119 426/426/1119
f 428/427/1119 425/425/1123 426/426/1121
f 428/427/1121 426/426/1119 427/428/1119
f 429/429/1121 428/427/1119 427/428/1121
f 429/429/1123 427/428/1121 430/430/1121
f 431/431/1124 429/429/1119 430/430/1121
f 432/432/1121 431/431/1125 433/433/1119
f 431/431/1123 430/430/1123 433/433/1121
f 432/432/1121 433/433/1121 434/434/1119
f 435/435/1119 432/432/1119 434/434/1126
f 435/435/1122 434/434/1119 436/436/1119
f 437/437/1121 436/436/1120 438/438/1119
f 437/437/1123 435/435/1120 436/436/1123
f 439/439/1121 438/438/1119 440/440/1127
f 439/439/1121 437/437/1119 438/438/1119
f 441/441/1121 439/439/1121 440/440/1120
f 441/441/1119 440/440/1121 442/442/1121
f 443/443/1119 442/442/1123 444/444/1123
f 443/443/1119 441/441/1123 442/442/1123
f 445/445/1119 444/444/1121 446/446/1120
f 445/445/1121 443/443/1119 444/444/1120
f 447/447/1119 445/445/1128 446/446/1122
f 447/447/1122 446/446/1123 448/448/1123
f 449/449/1119 448/448/1119 450/450/1119
f 449/449/1119 447/447/1119 448/448/1121
f 452/451/1119 450/450/1123 451/361/1125
f 452/451/1123 449/449/1119 450/450/1121
f 453/452/1121 452/451/1121 451/361/1121
f 417/418/1119 453/452/1121 454/358/1121
f 453/452/1126 451/361/1121 454/358/1119
f 417/418/1121 454/358/1119 416/416/1119
f 455/453/1129 456/454/1130 458/455/1130
f 455/453/1131 457/456/1132 456/454/1130
f 457/456/1132 455/453/1132 459/457/1133
f 457/456/1134 459/457/1133 460/458/1133
f 460/458/1135 459/457/1136 461/459/1137
f 460/458/1135 461/459/1137 462/460/1137
f 462/460/1138 461/459/1138 463/461/1139
f 462/460/1140 463/461/1043 464/462/1040
f 465/463/1005 458/455/1130 456/454/1141
f 465/463/1142 466/464/1005 458/455/1130
f 467/465/1143 468/466/1144 470/467/1145
f 467/465/1143 469/468/1143 468/466/1145
f 471/469/1146 469/468/1147 467/465/1147
f 471/469/1148 472/470/1149 469/468/1150
f 473/471/1151 472/470/1152 471/469/1153
f 475/472/1154 473/471/1155 474/473/1156
f 473/471/1151 475/472/1155 472/470/1152
f 475/472/1154 474/473/1157 476/474/1156
f 477/475/1158 476/474/1156 474/473/1159
f 477/475/1158 478/476/1158 476/474/1156
f 479/477/1160 480/478/1161 482/479/1158
f 479/477/1160 481/480/1162 480/478/1158
f 483/481/1163 481/480/1164 479/477/1160
f 483/481/1165 479/477/1160 484/482/1163
f 485/483/1166 484/482/1167 486/484/1166
f 485/483/1168 483/481/1169 484/482/1170
f 488/485/1171 486/484/1172 487/486/1173
f 488/485/1171 485/483/1166 486/484/1174
f 488/485/1171 489/487/1175 490/488/1176
f 488/485/1177 487/486/1178 489/487/1176
f 491/489/1179 492/490/1180 494/491/1181
f 491/489/1182 493/492/1183 492/490/1184
f 493/492/1185 491/489/1182 495/493/1186
f 493/492/1183 495/493/1187 497/494/1187
f 497/494/1188 495/493/1186 496/495/1189
f 497/494/1188 496/495/1189 498/496/1190
f 498/496/1189 499/497/1191 500/498/1192
f 498/496/1193 496/495/1194 499/497/1195
f 500/498/1192 501/499/1144 502/500/1196
f 500/498/1197 499/497/1198 501/499/1199
f 503/501/1022 504/502/1019 506/503/1019
f 503/501/1019 505/504/1017 504/502/1018
f 507/505/1018 508/506/1019 510/507/1017
f 507/505/1019 509/508/1019 508/506/1018
f 511/509/1018 512/510/1017 514/511/1018
f 511/509/1017 513/512/1019 512/510/1018
f 513/512/1017 511/509/1019 515/513/1018
f 513/512/1019 515/513/1019 516/514/1018
f 517/515/1019 518/516/1018 520/517/1019
f 517/515/1017 519/518/1021 518/516/1018
f 521/519/1018 522/520/1017 524/521/1019
f 521/519/1019 523/522/1018 522/520/1019
f 525/523/1200 526/524/1201 528/525/1200
f 525/523/1200 527/526/1202 526/524/1203
f 527/526/1204 529/527/1205 526/524/1206
f 527/526/1204 530/528/1207 529/527/1208
f 530/528/1209 531/529/1210 529/527/1205
f 530/528/1209 532/530/1211 531/529/1212
f 533/531/1213 534/532/1214 536/533/1215
f 533/531/1216 535/534/1217 534/532/1218
f 537/535/1219 533/531/1220 536/533/1221
f 537/535/1222 536/533/1221 538/536/1223
f 535/534/1224 539/537/1225 534/532/1226
f 535/534/1227 540/538/1228 539/537/1229
f 540/538/1230 541/539/1231 539/537/1229
f 540/538/1230 542/540/1231 541/539/1231
f 543/541/1232 544/542/1233 546/543/1234
f 543/541/1235 545/544/1232 544/542/1232
f 547/545/1236 548/546/1236 550/547/1236
f 547/545/1236 549/548/1236 548/546/1236
f 551/549/1237 552/520/1238 554/550/1237
f 551/549/1239 553/551/1240 552/520/1238
f 555/552/1241 556/553/1241 558/554/1241
f 555/552/1241 557/555/1241 556/553/1241
f 559/556/1237 560/557/1239 562/558/1238
f 559/556/1239 561/559/1242 560/557/1237
f 563/560/1241 564/561/1241 566/562/1241
f 563/560/1243 565/563/1241 564/561/1241
f 567/564/1238 568/565/1237 570/566/1238
f 567/564/1239 569/567/1238 568/565/1242
f 571/568/1244 572/569/1244 574/570/1245
f 571/568/1244 573/571/1245 572/569/1245
f 575/572/1246 576/573/1246 578/574/1247
f 575/572/1246 577/575/1247 576/573/1246
f 579/576/1248 580/577/1249 582/578/1250
f 579/576/1248 581/579/1248 580/577/1248
f 583/580/1022 585/581/1018 584/582/1019
f 585/581/1018 583/580/1019 586/583/1018
f 587/584/1017 585/581/1018 586/583/1018
f 587/584/1019 586/583/1017 588/585/1019
f 587/584/1019 588/585/1019 589/586/1018
f 590/587/1019 589/586/1018 588/585/1018
f 587/584/1019 589/586/1019 591/588/1022
f 585/581/1019 587/584/1019 592/589/1019
f 593/590/1018 595/591/1019 594/592/1019
f 595/591/1018 593/590/1018 596/593/1018
f 596/593/1019 593/590/1019 597/594/1018
f 596/593/1018 597/594/1019 598/595/1019
f 598/595/1019 597/594/1018 599/596/1021
f 599/596/1019 597/594/1021 600/597/1019
f 600/597/1017 597/594/1018 601/598/1018
f 602/599/1018 600/597/1019 601/598/1017
f 606/600/1251 603/601/1252 604/602/1253
f 603/601/1254 605/603/1255 604/602/1256
f 605/603/1257 603/601/1258 607/604/1259
f 605/603/1260 607/604/1261 608/605/1262
f 608/605/1263 610/606/1264 605/603/1260
f 608/605/1265 609/607/1266 610/606/1267
f 605/603/1268 610/606/1269 604/602/1270
f 611/608/1271 604/602/1272 610/606/1269
f 610/606/1273 612/609/1274 611/608/1275
f 609/607/1266 612/609/1276 610/606/1277
f 613/610/1278 611/608/1279 612/609/1280
f 613/610/1281 612/609/1282 614/611/1283
f 609/607/1266 614/611/1284 612/609/1285
f 613/610/1286 614/611/1287 615/612/1288
f 616/613/1289 611/608/1290 613/610/1291
f 613/610/1292 617/614/1293 616/613/1294
f 613/610/1295 618/615/1296 617/614/1297
f 619/616/1298 617/614/1299 618/615/1300
f 621/617/1301 620/618/1302 619/616/1303
f 622/619/1304 619/616/1305 620/618/1306
f 619/616/1305 622/619/1307 617/614/1293
f 622/619/1308 620/618/1309 625/620/1310
f 617/614/1311 622/619/1312 623/621/1313
f 622/619/1308 624/622/1314 623/621/1315
f 622/619/1316 625/620/1317 624/622/1318
f 625/620/1319 626/623/1320 629/624/1321
f 625/620/1322 620/618/1323 626/623/1320
f 625/620/1324 627/625/1325 624/622/1326
f 625/620/1322 628/626/1327 627/625/1328
f 625/620/1319 629/624/1329 628/626/1330
f 628/626/1331 629/624/1332 630/627/1333
f 631/628/1334 629/624/1335 626/623/1336
f 630/627/1337 629/624/1335 632/629/1338
f 631/628/1339 632/629/1340 629/624/1335
f 630/627/1337 632/629/1341 633/630/1342
f 633/630/1343 634/631/1344 635/632/1345
f 633/630/1343 635/632/1346 630/627/1347
f 635/632/1348 637/633/1349 636/634/1350
f 636/634/1351 630/627/1352 635/632/1353
f 635/632/1353 638/635/1354 637/633/1355
f 638/635/1356 635/632/1357 634/631/1358
f 638/635/1359 639/636/1360 637/633/1361
f 638/635/1362 640/637/1363 639/636/1364
f 641/638/1365 640/637/1366 638/635/1367
f 638/635/1368 634/631/1369 641/638/1370
f 641/638/1371 642/639/1372 640/637/1366
f 644/640/1373 642/639/1374 643/641/1375
f 644/640/1376 640/637/1377 642/639/1374
f 643/641/1378 645/642/1379 644/640/1373
f 645/642/1380 646/643/1381 644/640/1382
f 639/636/1364 644/640/1383 646/643/1384
f 639/636/1385 640/637/1386 644/640/1383
f 645/642/1387 649/644/1388 646/643/1389
f 639/636/1390 646/643/1391 647/645/398
f 646/643/1391 648/646/324 647/645/398
f 646/643/1392 649/644/1388 648/646/324
f 645/642/1393 651/647/1394 649/644/1395
f 652/648/1396 649/644/1388 650/649/1397
f 649/644/1398 651/647/1399 650/649/1400
f 649/644/1395 652/648/1401 653/650/1402
f 649/644/1395 653/650/1403 648/646/324
f 652/648/1401 654/651/1404 653/650/1402
f 652/648/1405 655/652/1406 654/651/315
f 655/652/1406 656/653/1407 654/651/312
f 655/652/1408 658/654/1409 656/653/1410
f 658/654/1411 657/655/303 656/653/306
f 659/656/1412 658/654/1413 655/652/1414
f 659/656/1415 660/657/1416 658/654/1417
f 661/658/1418 658/654/1419 660/657/1420
f 658/654/1411 661/658/1421 657/655/303
f 661/658/1422 660/657/1423 664/659/1424
f 661/658/1425 662/660/1426 663/661/1427
f 662/660/1428 661/658/1422 664/659/1429
f 661/658/1430 663/661/1431 657/655/1432
f 662/660/1428 664/659/1433 665/662/1434
f 665/662/1435 664/659/1436 666/663/1437
f 664/659/1429 667/664/1438 666/663/1439
f 664/659/1440 660/657/1441 667/664/1438
f 666/663/1442 667/664/1443 668/665/1444
f 669/666/1445 667/664/1446 660/657/1447
f 670/667/1448 668/665/1449 667/664/1450
f 670/667/1451 667/664/1452 669/666/1453
f 670/667/1454 611/608/1455 672/668/1456
f 669/666/1457 611/608/1290 670/667/1451
f 668/665/1458 670/667/1459 671/669/1460
f 670/667/1454 672/668/1461 671/669/1462
f 611/608/1275 673/670/1463 672/668/1464
f 611/608/1455 616/613/1289 673/670/1463
f 616/613/1289 674/671/1465 673/670/1466
f 675/672/1467 674/671/1468 623/621/1313
f 675/672/1469 676/673/1470 674/671/1468
f 617/614/1471 623/621/1472 674/671/1473
f 616/613/1474 617/614/1475 674/671/1473
f 677/674/1476 675/672/1467 623/621/1472
f 677/674/1476 623/621/1477 624/622/1478
f 678/675/1479 677/674/1480 624/622/1318
f 678/675/1481 624/622/1326 627/625/1482
f 679/676/1483 678/675/1484 627/625/1482
f 681/677/1485 679/676/1486 680/678/1487
f 679/676/1488 627/625/1489 680/678/1490
f 681/677/1491 680/678/1492 682/679/1493
f 683/680/1494 681/677/1495 682/679/1496
f 683/680/1497 682/679/1498 684/681/1499
f 685/682/1500 683/680/1497 684/681/1501
f 685/682/1502 684/681/1503 686/683/1504
f 687/684/392 685/682/1505 686/683/1506
f 687/684/392 686/683/1504 647/645/1507
f 637/633/1508 686/683/1509 684/681/1510
f 639/636/1511 647/645/1512 686/683/1509
f 637/633/1513 639/636/1514 686/683/1515
f 636/634/1516 684/681/1517 682/679/1498
f 636/634/1518 637/633/1349 684/681/1519
f 688/685/1520 682/679/1496 680/678/1492
f 688/685/1521 636/634/1522 682/679/1493
f 628/626/1523 630/627/1524 688/685/1525
f 628/626/1331 688/685/1521 680/678/1526
f 636/634/1351 688/685/1525 630/627/1527
f 628/626/1528 680/678/1487 627/625/1482
f 668/665/1529 671/669/1530 689/686/1531
f 690/687/1532 668/665/1529 689/686/1533
f 690/687/1534 689/686/1535 691/688/1536
f 692/689/1537 690/687/1538 691/688/1539
f 692/689/1537 691/688/1536 693/690/1540
f 695/691/1541 693/690/1542 694/692/1543
f 695/691/1544 692/689/1545 693/690/1546
f 697/693/1547 696/694/1548 695/691/1549
f 696/694/1550 692/689/1551 695/691/1544
f 697/693/1552 695/691/1553 698/695/1554
f 698/695/1555 695/691/1556 694/692/1557
f 699/696/1558 697/693/1559 698/695/1560
f 699/696/1561 698/695/1562 700/697/1563
f 700/697/1564 698/695/1565 701/698/1566
f 698/695/1565 694/692/1567 701/698/1568
f 700/697/1569 701/698/1570 702/699/1571
f 703/700/1572 700/697/1573 702/699/1574
f 703/700/1575 702/699/1576 704/701/1577
f 705/702/1578 700/697/1563 703/700/1579
f 706/703/1580 699/696/1581 705/702/1582
f 705/702/1583 699/696/1584 700/697/1573
f 706/703/1585 707/704/1586 699/696/1581
f 708/705/1587 707/704/1588 706/703/1580
f 710/706/1589 708/705/1590 709/707/1591
f 708/705/1592 710/706/1593 707/704/1594
f 710/706/1593 711/708/1595 707/704/1586
f 710/706/1596 712/709/1597 711/708/1598
f 712/709/1599 710/706/1600 713/710/1601
f 710/706/1602 709/707/1591 713/710/1603
f 712/709/1604 713/710/127 714/711/1605
f 716/712/1606 714/711/174 715/713/1607
f 716/712/1608 712/709/1609 714/711/174
f 662/660/1610 716/712/1611 715/713/1612
f 716/712/1613 662/660/1614 665/662/1615
f 716/712/1608 665/662/1435 717/714/1616
f 712/709/1617 716/712/1618 717/714/1619
f 712/709/1620 717/714/1619 711/708/1621
f 711/708/1595 717/714/1622 696/694/1623
f 717/714/1622 718/715/1624 696/694/1623
f 717/714/1616 665/662/1435 718/715/1625
f 696/694/1626 718/715/1627 692/689/1551
f 665/662/1435 666/663/1439 718/715/1624
f 718/715/1628 666/663/1629 690/687/1630
f 718/715/1631 690/687/1632 692/689/1633
f 662/660/1634 715/713/1635 663/661/1636
f 711/708/1595 696/694/1623 697/693/1637
f 707/704/1588 711/708/1595 697/693/1638
f 707/704/1639 697/693/1637 699/696/1581
f 666/663/1640 668/665/1641 690/687/1642
f 669/666/1643 604/602/1270 611/608/1275
f 659/656/1644 604/602/1645 669/666/1646
f 669/666/1647 660/657/1648 659/656/1649
f 655/652/1650 719/716/1651 659/656/1652
f 659/656/1653 719/716/1654 604/602/1655
f 720/717/1656 606/600/1657 719/716/1658
f 720/717/1659 719/716/1660 721/718/1661
f 652/648/1662 721/718/1663 719/716/1664
f 604/602/1256 719/716/1665 606/600/1666
f 655/652/1414 652/648/1405 719/716/1667
f 724/719/1668 720/717/1669 721/718/1670
f 652/648/1401 722/720/1671 721/718/1672
f 721/718/1673 722/720/1674 723/721/1675
f 721/718/1673 723/721/1676 724/719/1677
f 724/719/1678 725/722/1679 720/717/1669
f 726/723/1680 723/721/1681 722/720/1682
f 726/723/1683 722/720/1684 650/649/1685
f 652/648/1405 650/649/1686 722/720/1671
f 643/641/1687 727/724/1688 645/642/1379
f 728/725/1689 631/628/1690 626/623/1691
f 728/725/1692 626/623/1693 620/618/1694
f 621/617/1695 728/725/1696 620/618/1697
f 729/726/1698 730/727/1699 732/728/1700
f 729/726/1698 731/729/1701 730/727/1702
f 731/729/1703 729/726/1698 734/730/696
f 733/731/1704 729/726/1705 732/728/1706
f 729/726/1705 733/731/1707 735/732/690
f 729/726/1698 735/732/1708 734/730/696
f 733/731/1709 736/733/1710 735/732/1711
f 733/731/1712 738/734/1713 736/733/1710
f 738/734/1714 737/735/1715 736/733/1716
f 738/734/1717 733/731/1718 739/736/1719
f 738/734/1720 739/736/1721 740/737/1722
f 741/738/1723 738/734/1724 740/737/1725
f 738/734/1724 741/738/1726 737/735/1727
f 743/739/1728 741/738/1729 742/740/1730
f 741/738/1731 740/737/1732 742/740/1733
f 741/738/1734 743/739/1735 744/741/674
f 741/738/1736 744/741/674 737/735/1737
f 743/739/1738 742/740/1730 745/742/1739
f 745/742/1740 742/740/1741 746/743/1494
f 745/742/1740 746/743/1494 747/744/387
f 742/740/1742 748/745/1743 746/743/1494
f 740/737/1744 749/746/1488 748/745/1745
f 742/740/1746 740/737/1747 748/745/1743
f 740/737/1725 739/736/1721 749/746/1488
f 739/736/1748 750/747/1749 749/746/1488
f 739/736/1750 732/728/1706 750/747/1751
f 732/728/1706 751/748/1476 750/747/1752
f 732/728/1753 730/727/1754 751/748/1755
f 733/731/1756 732/728/1757 739/736/1748
f 731/729/1758 734/730/1759 752/749/740
f 753/750/1760 754/751/1761 756/752/1762
f 753/750/1763 755/753/1764 754/751/1765
f 757/754/1766 755/753/1767 753/750/1763
f 757/754/1766 753/750/1768 758/755/1769
f 760/756/1770 757/754/1771 758/755/1772
f 759/757/1773 760/756/1774 758/755/1775
f 757/754/1771 760/756/1770 763/758/1776
f 759/757/1777 761/759/1778 760/756/1779
f 761/759/1780 762/760/1781 760/756/1782
f 763/758/1776 760/756/1783 762/760/1784
f 757/754/1785 763/758/1786 766/761/1787
f 763/758/1788 764/762/1789 766/761/1790
f 763/758/1788 765/763/1791 764/762/1792
f 763/758/1793 762/760/1784 765/763/1794
f 757/754/1795 766/761/1796 767/764/1797
f 755/753/1798 757/754/1795 767/764/1799
f 755/753/1800 767/764/1799 768/765/1801
f 765/763/1802 771/766/1803 769/767/1804
f 770/768/1805 765/763/1806 769/767/1807
f 770/768/1808 764/762/1809 765/763/1810
f 771/766/1803 765/763/1802 762/760/1811
f 769/767/1804 771/766/1812 772/769/1813
f 773/770/1814 772/769/1815 774/771/1816
f 773/770/1814 769/767/1817 772/769/1813
f 761/759/1778 775/772/1818 762/760/1819
f 776/773/1820 777/774/1821 779/775/1822
f 776/773/1820 778/776/1823 777/774/1821
f 780/777/1824 776/773/1825 779/775/1826
f 780/777/1827 779/775/1826 781/778/1828
f 782/779/1829 780/777/1830 781/778/1831
f 780/777/1827 782/779/1832 783/780/1833
f 780/777/1834 783/780/1835 784/781/1836
f 782/779/1837 785/782/1838 783/780/1839
f 785/782/1840 787/783/1841 786/784/1842
f 787/783/1843 785/782/1838 782/779/1844
f 788/785/1845 789/786/1846 791/787/1847
f 788/785/1845 790/788/1848 789/786/1849
f 792/789/1850 791/787/1851 789/786/1849
f 792/789/1852 793/790/1853 791/787/735
f 793/790/1854 794/791/1855 791/787/731
f 793/790/1856 795/792/1857 794/791/1858
f 795/792/1859 796/793/1860 794/791/1861
f 795/792/1862 797/794/1863 796/793/1864
f 797/794/1865 795/792/1866 798/795/1867
f 797/794/1868 798/795/1869 799/796/1754
f 799/796/1870 798/795/1871 800/797/1872
f 799/796/1873 800/797/1874 801/798/1875
f 798/795/1876 802/799/1877 800/797/1878
f 802/799/1879 803/800/1880 805/801/1881
f 802/799/1882 804/802/1883 803/800/1884
f 806/803/1885 804/802/1886 802/799/1877
f 798/795/1876 806/803/1885 802/799/1470
f 806/803/1887 807/804/1888 804/802/1889
f 793/790/1854 807/804/1890 806/803/1891
f 795/792/1892 793/790/1893 806/803/1894
f 795/792/1895 806/803/1891 798/795/1896
f 807/804/1897 808/805/1898 809/806/1899
f 792/789/1900 808/805/1901 807/804/1890
f 793/790/1854 792/789/1902 807/804/1890
f 807/804/1903 809/806/1904 804/802/1889
f 808/805/1905 810/807/1906 809/806/1907
f 809/806/1908 810/807/1909 811/808/1910
f 809/806/1911 811/808/1912 812/809/1456
f 804/802/1883 809/806/1913 812/809/1456
f 804/802/1914 812/809/1464 803/800/1915
f 810/807/1916 813/810/1917 811/808/1918
f 810/807/1919 814/811/1920 813/810/1921
f 814/811/1922 815/812/1923 813/810/1924
f 814/811/1925 816/813/1926 815/812/1927
f 816/813/1928 817/814/1542 815/812/1923
f 816/813/1929 818/815/1930 817/814/1931
f 818/815/1932 819/816/1933 817/814/1540
f 818/815/1934 820/817/1935 819/816/1936
f 821/818/1937 820/817/1938 818/815/1939
f 821/818/1940 822/819/1941 820/817/1942
f 824/820/1943 823/821/1944 822/819/1945
f 824/820/1946 822/819/1947 821/818/1948
f 824/820/1949 825/822/1950 826/823/1951
f 825/822/1952 824/820/1953 821/818/1940
f 823/821/1954 824/820/1955 827/824/1956
f 824/820/1943 826/823/1957 827/824/1958
f 830/825/1959 827/824/1960 826/823/1951
f 830/825/1959 828/826/1961 827/824/1962
f 828/826/777 829/827/1963 827/824/1958
f 823/821/1964 827/824/1965 829/827/1966
f 831/828/1967 830/825/1968 826/823/1969
f 832/829/1970 831/828/1967 833/830/1971
f 831/828/1972 826/823/1973 833/830/1974
f 832/829/1975 833/830/1971 834/831/1976
f 835/832/1977 834/831/1978 833/830/1979
f 825/822/1980 833/830/1974 826/823/1981
f 825/822/1980 835/832/1977 833/830/1982
f 835/832/1977 837/833/1983 834/831/1984
f 835/832/1985 825/822/1950 838/834/1986
f 837/833/1987 835/832/1988 836/835/1989
f 835/832/1990 838/834/1991 836/835/1992
f 825/822/1993 821/818/1940 838/834/1994
f 838/834/1995 821/818/1996 818/815/1939
f 836/835/1997 838/834/1998 816/813/1999
f 838/834/1998 818/815/2000 816/813/2001
f 837/833/1983 840/836/2002 834/831/1984
f 837/833/2003 836/835/1989 839/837/2004
f 841/838/2005 837/833/2003 839/837/2006
f 837/833/1983 841/838/2007 840/836/2008
f 841/838/2005 789/786/2009 840/836/2010
f 841/838/2011 792/789/2012 789/786/2009
f 792/789/2013 841/838/2014 808/805/1901
f 841/838/2005 839/837/2006 808/805/1901
f 842/839/2015 834/831/2016 840/836/2017
f 790/788/2018 840/836/2019 789/786/2020
f 790/788/2021 842/839/752 840/836/2022
f 842/839/2015 832/829/2023 834/831/1976
f 808/805/1905 839/837/2024 810/807/2025
f 839/837/2026 814/811/2027 810/807/2025
f 839/837/2028 836/835/2029 814/811/2030
f 836/835/2029 816/813/1928 814/811/2031
f 828/826/777 843/840/778 829/827/2032
f 844/841/2033 845/842/2034 847/843/2035
f 844/841/2036 846/844/2037 845/842/2038
f 848/845/2039 844/841/2040 847/843/2041
f 848/845/2042 849/846/2043 844/841/2040
f 850/847/2044 844/841/2045 849/846/2046
f 850/847/2044 851/848/2047 844/841/2045
f 849/846/2048 852/849/2049 850/847/2050
f 849/846/2051 853/850/2052 852/849/2053
f 855/851/2054 853/850/2055 854/852/2056
f 854/852/2057 853/850/2058 849/846/2059
f 855/851/2054 856/853/2060 853/850/2055
f 859/854/2061 856/853/2062 855/851/2054
f 856/853/2063 858/855/2064 857/856/2065
f 858/855/2066 856/853/2062 859/854/2067
f 854/852/2068 849/846/2069 848/845/2070
f 860/857/2071 854/852/2072 848/845/2073
f 860/857/2074 861/858/2075 854/852/2072
f 848/845/2076 862/859/2077 860/857/2078
f 848/845/2076 847/843/2079 862/859/2080
f 863/860/2081 864/861/2082 866/862/2083
f 863/860/2084 865/863/2085 864/861/2086
f 867/864/2087 865/863/2088 863/860/2089
f 863/860/2090 866/862/2091 868/865/2092
f 869/866/2093 867/864/2094 863/860/2090
f 863/860/2090 868/865/2095 869/866/2096
f 869/866/2096 870/867/2097 867/864/2098
f 871/868/2099 872/869/2100 867/864/2101
f 867/864/2102 872/869/2103 865/863/2088
f 871/868/2099 873/870/2104 872/869/2105
f 874/871/2106 865/863/2107 872/869/2108
f 874/871/2106 875/872/2109 865/863/2110
f 864/861/2111 875/872/2112 876/873/2113
f 864/861/2114 865/863/2115 875/872/2112
f 877/874/2116 866/862/2117 864/861/2082
f 866/862/2083 877/874/2118 878/875/2119
f 878/875/2120 877/874/2118 879/876/2121
f 880/877/2122 881/878/2123 883/879/2123
f 880/877/2124 882/880/2125 881/878/2126
f 882/880/2127 880/877/2128 884/881/2129
f 882/880/2127 884/881/2130 885/882/2130
f 885/882/2129 884/881/2131 886/883/2132
f 885/882/2133 886/883/2132 887/884/2132
f 887/884/2134 886/883/2134 888/476/1180
f 887/884/2135 888/476/2136 889/475/2137
f 890/885/2138 883/879/2139 881/878/2140
f 890/885/2141 891/886/1176 883/879/2139
f 892/887/2142 893/888/1570 895/889/1933
f 892/887/2143 894/890/2144 893/888/2145
f 896/891/1945 894/890/2146 892/887/2147
f 896/891/2148 897/892/2149 894/890/2150
f 898/893/2151 897/892/2152 896/891/2153
f 900/894/2154 898/893/1944 899/895/2032
f 898/893/2155 900/894/2156 897/892/2157
f 903/896/2158 900/894/2159 901/897/2160
f 900/894/2159 899/895/1963 901/897/2161
f 900/894/2162 902/898/2163 897/892/2164
f 900/894/2159 903/896/2158 902/898/2165
f 903/896/2166 901/897/2167 904/899/2168
f 906/900/798 905/901/2169 904/899/2170
f 906/900/798 904/899/2171 901/897/2172
f 907/902/778 906/900/794 901/897/2173
f 907/902/2174 901/897/2167 899/895/2175
f 897/892/2176 902/898/2177 908/903/2178
f 897/892/2152 908/903/2178 894/890/2146
f 894/890/2179 908/903/2180 909/904/2181
f 894/890/2182 909/904/2181 893/888/2183
f 910/905/2178 911/906/2184 913/907/2185
f 910/905/2186 912/908/2187 911/906/2188
f 914/909/2177 912/908/2189 910/905/2190
f 915/910/2191 916/911/2192 914/909/2193
f 914/909/2165 916/911/2194 912/908/2189
f 915/910/2158 917/912/2195 916/911/2196
f 917/912/2197 919/913/2198 918/914/2199
f 917/912/2197 915/910/2200 919/913/2201
f 920/915/2202 918/914/2203 919/913/2204
f 920/915/2205 921/916/2206 918/914/2203
f 922/917/1046 923/918/2207 925/919/2208
f 922/917/1054 924/920/1113 923/918/2207
f 922/917/2209 925/919/2210 926/921/2211
f 922/917/2212 926/921/2213 927/922/2214
f 925/919/2210 928/923/2215 926/921/2211
f 925/919/2210 929/924/2216 928/923/2217
f 929/924/2218 930/925/2219 928/923/2215
f 929/924/2220 932/926/2221 930/925/2222
f 932/926/2223 931/927/2224 930/925/2225
f 932/926/2226 933/928/2227 931/927/2228
f 932/926/2229 934/929/2230 933/928/2227
f 932/926/2221 935/930/2231 934/929/2232
f 929/924/2233 935/930/2234 932/926/2223
f 937/931/2235 934/929/2236 935/930/2237
f 929/924/2238 936/932/2239 935/930/2240
f 938/933/2241 935/930/2242 936/932/2243
f 938/933/2241 937/931/2244 935/930/2242
f 939/934/2245 938/933/2246 936/932/2247
f 939/934/2245 936/932/2248 923/918/2249
f 940/935/2250 939/934/2251 923/918/2207
f 940/935/2252 923/918/2253 924/920/2254
f 937/931/2255 941/936/2256 934/929/2236
f 941/936/2257 942/937/2258 934/929/2259
f 941/936/2256 943/938/2260 942/937/2261
f 933/928/2262 942/937/2263 944/939/2264
f 933/928/2262 934/929/2265 942/937/2263
f 933/928/2266 944/939/58 945/940/2267
f 933/928/2266 945/940/2268 931/927/2269
f 936/932/2270 925/919/2271 923/918/2207
f 936/932/2239 929/924/2272 925/919/2271
f 946/941/1119 947/942/1121 949/943/1123
f 946/941/1121 948/944/1121 947/942/1121
f 950/945/1119 946/941/1119 949/943/1119
f 950/945/1121 949/943/1121 951/946/1121
f 952/947/1122 950/945/1119 951/946/1119
f 954/948/1119 952/947/1119 953/949/1121
f 952/947/1120 951/946/1119 953/949/1119
f 954/948/1121 953/949/1119 955/950/1123
f 956/951/1119 954/948/1123 955/950/1123
f 957/952/1119 956/951/1119 958/953/1123
f 956/951/1119 955/950/1119 958/953/1119
f 957/952/1119 958/953/1119 959/954/1126
f 960/955/1121 959/954/1119 961/956/1126
f 960/955/1119 957/952/1121 959/954/1121
f 962/957/1119 960/955/1119 961/956/1121
f 962/957/1122 961/956/1121 963/958/1124
f 964/959/1123 963/958/1121 965/960/1119
f 964/959/1120 962/957/1119 963/958/2273
f 967/961/1128 965/960/1121 966/962/1121
f 967/961/1124 964/959/1123 965/960/1121
f 968/963/1121 967/961/1121 966/962/1119
f 969/964/1121 968/963/1119 970/965/1119
f 968/963/1123 966/962/1121 970/965/1123
f 969/964/1121 970/965/1119 971/966/1119
f 972/967/1123 971/966/1121 973/968/1119
f 972/967/1123 969/964/1121 971/966/1119
f 974/969/1121 972/967/1123 973/968/1119
f 974/969/1126 973/968/1121 975/970/1119
f 976/971/1123 975/970/1119 977/972/1119
f 976/971/1121 974/969/1120 975/970/1119
f 978/973/1119 976/971/1120 977/972/1119
f 978/973/1121 977/972/1121 979/974/1121
f 980/975/1119 978/973/1122 979/974/1122
f 980/975/1121 979/974/1119 981/976/1119
f 982/977/1126 981/976/1119 983/978/1123
f 982/977/1121 980/975/1119 981/976/1121
f 984/979/1119 982/977/1121 983/978/1119
f 984/979/2273 983/978/1120 985/980/1119
f 948/944/1120 985/980/1121 947/942/1121
f 948/944/1121 984/979/1121 985/980/1119
f 986/981/1019 987/982/1021 989/983/1017
f 986/981/1018 988/984/1018 987/982/1018
f 990/985/1019 986/981/1021 989/983/1021
f 990/985/1021 989/983/1018 991/986/1023
f 992/987/1018 990/985/1023 991/986/1019
f 992/987/1019 991/986/1019 993/988/1018
f 994/989/1021 992/987/1018 993/988/1019
f 994/989/1017 993/988/1019 995/990/1017
f 996/991/1018 994/989/1019 995/990/1019
f 998/992/1019 996/991/1018 997/993/1023
f 996/991/1018 995/990/1023 997/993/1022
f 998/992/1019 997/993/1019 1000/994/1018
f 999/995/1018 998/992/1019 1000/994/1019
f 999/995/1018 1000/994/1018 1001/996/1018
f 1002/997/1018 1001/996/1019 1003/998/1019
f 1002/997/1018 999/995/1019 1001/996/1019
f 1004/999/1019 1002/997/1021 1003/998/1021
f 1004/999/1018 1003/998/1018 1005/1000/1019
f 1006/1001/1018 1004/999/1019 1005/1000/2274
f 1006/1001/1019 1005/1000/1018 1007/1002/1019
f 1008/1003/1019 1007/1002/1018 1009/1004/1019
f 1008/1003/1017 1006/1001/1018 1007/1002/1019
f 1010/1005/1018 1008/1003/1019 1009/1004/1019
f 1010/1005/1021 1009/1004/1018 1011/1006/1019
f 1012/1007/1018 1011/1006/1019 1013/1008/1019
f 1012/1007/1019 1010/1005/1022 1011/1006/1019
f 1014/1009/1018 1013/1008/1018 1015/1010/1019
f 1014/1009/1017 1012/1007/1019 1013/1008/1019
f 1016/1011/1018 1014/1009/1017 1015/1010/1019
f 1016/1011/1023 1015/1010/1023 1017/1012/1018
f 1018/1013/1019 1016/1011/1023 1017/1012/1018
f 1018/1013/1017 1017/1012/1019 1019/1014/1018
f 1020/1015/1019 1019/1014/1019 1021/1016/1017
f 1020/1015/1019 1018/1013/1019 1019/1014/1019
f 1022/1017/1018 1020/1015/1017 1021/1016/1018
f 1022/1017/1017 1021/1016/1018 1023/1018/1017
f 1024/1019/1019 1023/1018/1019 1025/1020/1019
f 1024/1019/1018 1022/1017/1021 1023/1018/1019
f 988/984/2274 1025/1020/1019 987/982/1019
f 988/984/1018 1024/1019/1019 1025/1020/1019
