# Blender 4.2.3 LTS
# www.blender.org
mtllib strawberry.mtl
o dynamic
v -4.366622 -14.634300 6.400699
v -4.369852 -14.611300 6.401138
v -4.373333 -14.634284 6.402279
v -4.360110 -14.632298 6.399611
v -4.361923 -14.654848 6.408513
v -4.350107 -14.651216 6.406538
v -4.302776 -14.685956 6.391707
v -4.339900 -14.644408 6.405643
v -4.327168 -14.702216 6.393846
v -4.355405 -14.710897 6.398562
v -4.296419 -14.693319 6.381468
v -4.323878 -14.711592 6.383904
v -4.354573 -14.745144 6.376478
v -4.355646 -14.721342 6.389227
v -4.315354 -14.733084 6.369925
v -4.282021 -14.809040 6.350763
v -4.226962 -14.772330 6.345936
v -4.281511 -14.710516 6.366960
v -4.257497 -14.682487 6.367509
v -4.277006 -14.670695 6.381889
v -4.188062 -14.726929 6.346827
v -4.084594 -14.797467 6.310184
v -3.954655 -14.704363 6.258633
v -4.161911 -14.673429 6.352502
v -3.939319 -14.767372 6.218430
v -3.926645 -14.771482 6.219175
v -3.896579 -14.742264 6.167326
v -3.893863 -14.712838 6.187060
v -3.882894 -14.673448 6.196296
v -3.883471 -14.711137 6.118919
v -3.870421 -14.678023 6.127026
v -3.851111 -14.684376 6.121609
v -3.864241 -14.717490 6.113168
v -3.879942 -14.747614 6.165162
v -3.864872 -14.644363 6.184585
v -3.848380 -14.649659 6.182828
v -3.879901 -14.607939 6.247893
v -3.892207 -14.603925 6.246731
v -4.034204 -14.508063 6.362292
v -3.944857 -14.658911 6.268379
v -4.150279 -14.609121 6.363979
v -4.158330 -14.544111 6.380237
v -4.234215 -14.609957 6.378065
v -4.241363 -14.649483 6.371011
v -4.263966 -14.644017 6.384722
v -4.258160 -14.611945 6.390439
v -4.273959 -14.642144 6.394614
v -4.262171 -14.579522 6.398543
v -4.268807 -14.613655 6.399700
v -4.272372 -14.584855 6.406901
v -4.325684 -14.614153 6.408988
v -4.327840 -14.626075 6.406861
v -4.332688 -14.635993 6.405808
v -4.350513 -14.623911 6.399208
v -4.347841 -14.618446 6.399789
v -4.346653 -14.611877 6.400959
v -4.347476 -14.605236 6.402620
v -4.327176 -14.602101 6.412002
v -4.284435 -14.558859 6.415481
v -4.332224 -14.591221 6.415592
v -4.350257 -14.599241 6.404600
v -4.303469 -14.538351 6.424485
v -4.340189 -14.582640 6.419360
v -4.354646 -14.594511 6.406676
v -4.328457 -14.524565 6.433404
v -4.350647 -14.576869 6.423093
v -4.360408 -14.591333 6.408733
v -4.356803 -14.519116 6.441269
v -4.362509 -14.574591 6.426384
v -4.385394 -14.522353 6.447273
v -4.374474 -14.575944 6.428897
v -4.366945 -14.590076 6.410547
v -4.373537 -14.590824 6.411931
v -4.379810 -14.593550 6.412802
v -4.385857 -14.580893 6.430479
v -4.435435 -14.553467 6.452158
v -4.395415 -14.588964 6.430941
v -4.412595 -14.534177 6.451053
v -4.445671 -14.544254 6.449513
v -4.419995 -14.522531 6.448264
v -4.434093 -14.499489 6.449451
v -4.396284 -14.483055 6.444196
v -4.389397 -14.509199 6.444005
v -4.356500 -14.478559 6.435841
v -4.357222 -14.505544 6.437244
v -4.317131 -14.486124 6.424915
v -4.325315 -14.511660 6.428387
v -4.282404 -14.505288 6.412519
v -4.297181 -14.527167 6.418341
v -4.255925 -14.533825 6.399991
v -4.275748 -14.550251 6.408199
v -4.239172 -14.569932 6.388073
v -4.185559 -14.485426 6.399604
v -4.051939 -14.296085 6.373718
v -4.022433 -14.329543 6.357386
v -4.228527 -14.439133 6.419930
v -3.960931 -14.348004 6.316178
v -3.949790 -14.341516 6.319624
v -3.948791 -14.287901 6.279997
v -3.971323 -14.272293 6.302612
v -3.960316 -14.246358 6.239682
v -3.995387 -14.241683 6.318141
v -3.978141 -14.217911 6.254013
v -4.005301 -14.207127 6.314204
v -3.990616 -14.197962 6.316066
v -3.960548 -14.206425 6.252942
v -4.058928 -14.217281 6.371349
v -4.232401 -14.289816 6.457096
v -4.048130 -14.211110 6.375117
v -4.304944 -14.123251 6.446687
v -4.303142 -14.111866 6.453411
v -4.284935 -14.408012 6.440064
v -4.348918 -14.395716 6.457818
v -4.361628 -14.167016 6.473013
v -4.408642 -14.081699 6.450611
v -4.368551 -14.079522 6.438561
v -4.407427 -14.171577 6.484774
v -4.472189 -14.126238 6.488587
v -4.441147 -14.066097 6.447794
v -4.533812 -14.320797 6.521084
v -4.413458 -14.403023 6.471371
v -4.474862 -14.429713 6.479903
v -4.711505 -14.341714 6.516634
v -4.526418 -14.473257 6.482397
v -4.738066 -14.381100 6.516178
v -4.562918 -14.528546 6.478758
v -4.465816 -14.526284 6.450984
v -4.488319 -14.560364 6.448742
v -4.463842 -14.571814 6.447704
v -4.473388 -14.603699 6.442913
v -4.451604 -14.577961 6.450545
v -4.460110 -14.606307 6.446281
v -4.402182 -14.599216 6.430267
v -4.388804 -14.603646 6.412685
v -4.385077 -14.597997 6.413057
v -4.405742 -14.611077 6.428482
v -4.390767 -14.610183 6.411702
v -4.459888 -14.635506 6.439777
v -4.405649 -14.623297 6.425760
v -4.390716 -14.616915 6.410203
v -4.451207 -14.662428 6.431787
v -4.402016 -14.634563 6.422416
v -4.434480 -14.685507 6.422757
v -4.388713 -14.623122 6.408360
v -4.395016 -14.644221 6.418637
v -4.384856 -14.628445 6.406277
v -4.411367 -14.702170 6.413643
v -4.385344 -14.651195 6.414823
v -4.384508 -14.710828 6.405418
v -4.374103 -14.654818 6.411381
v -4.379527 -14.632287 6.404176
v -4.388378 -14.721246 6.396951
v -4.395022 -14.745044 6.386006
v -4.432392 -14.733000 6.397450
v -4.418578 -14.711501 6.406209
v -4.464497 -14.709855 6.410109
v -4.444556 -14.692753 6.416466
v -4.487748 -14.677780 6.422662
v -4.463364 -14.666801 6.426621
v -4.499825 -14.640323 6.433778
v -4.473128 -14.636533 6.435602
v -4.500140 -14.599762 6.442815
v -4.582120 -14.592534 6.469131
v -4.581618 -14.658447 6.454449
v -4.857874 -14.666246 6.456644
v -4.789701 -14.763593 6.443793
v -4.803124 -14.719351 6.454718
v -4.562023 -14.719219 6.436414
v -4.524261 -14.771316 6.416028
v -4.618277 -14.861919 6.421362
v -4.472088 -14.808930 6.395454
v -4.822345 -14.829865 6.415395
v -4.832908 -14.833560 6.422002
v -4.905218 -14.799383 6.398108
v -4.889435 -14.795266 6.392020
v -4.946081 -14.753517 6.363657
v -4.925870 -14.749731 6.359221
v -4.879789 -14.765544 6.410224
v -4.889863 -14.725662 6.418294
v -4.931487 -14.714062 6.364566
v -4.908120 -14.695311 6.415421
v -4.951806 -14.717711 6.368706
v -4.924239 -14.699353 6.421244
v -4.868971 -14.669946 6.463065
v -4.706747 -14.577193 6.505068
v -4.814324 -14.400775 6.508327
v -4.822101 -14.394344 6.516517
v -4.848910 -14.319558 6.490904
v -4.837384 -14.329681 6.482669
v -4.849812 -14.262578 6.449518
v -4.811446 -14.248735 6.439179
v -4.835308 -14.276147 6.442585
v -4.825992 -14.235028 6.445798
v -4.782049 -14.239365 6.489472
v -4.770298 -14.249767 6.481484
v -4.780210 -14.282707 6.490406
v -4.706922 -14.265877 6.509639
v -4.715086 -14.259057 6.517696
v -4.805000 -14.316476 6.491879
v -4.522641 -15.025044 6.323257
v -4.566058 -15.009645 6.334858
v -4.641767 -15.016605 6.328437
v -4.411459 -14.828473 6.376888
v -4.345761 -14.828634 6.361413
v -4.336406 -14.956110 6.334304
v -4.490083 -15.083676 6.281226
v -4.494507 -15.095415 6.284612
v -4.224717 -15.047644 6.223568
v -4.218701 -15.059538 6.224158
v -4.182536 -14.989454 6.249189
v -4.126080 -15.026418 6.175450
v -4.142170 -14.964483 6.247226
v -4.162940 -15.046347 6.176600
v -4.189631 -15.066478 6.164554
v -4.170085 -15.059508 6.109297
v -4.136396 -15.045489 6.108333
v -4.128777 -15.064331 6.102903
v -4.162599 -15.078328 6.103550
v -4.182414 -15.082376 6.162272
v -4.096259 -15.020727 6.155797
v -4.089013 -15.036447 6.153909
v -4.067016 -14.978630 6.209955
v -4.072941 -14.967108 6.208953
v -4.564659 -15.120667 6.247079
v -4.622939 -15.112834 6.208318
v -4.557289 -15.104971 6.245527
v -4.612642 -15.094523 6.209419
v -4.575521 -15.083714 6.268412
v -4.613225 -15.067898 6.277658
v -4.644052 -15.077421 6.216724
v -4.647885 -15.061330 6.273384
v -4.654496 -15.095650 6.215322
v -4.655504 -15.077160 6.274605
v -4.646509 -15.028694 6.331512
v -4.470391 -14.115384 6.495504
v -4.439017 -14.050023 6.454134
v -4.408131 -14.017390 6.399899
v -4.410570 -14.037804 6.395435
v -4.373766 -14.018625 6.387340
v -4.376202 -14.039125 6.383210
v -4.340361 -14.067181 6.420794
v -4.338232 -14.050781 6.426843
v -3.942742 -14.234849 6.238267
v -3.933939 -14.278561 6.281499
v -4.354486 -14.628548 6.399117
v -4.285543 -14.665844 6.392100
v -4.050583 -14.885866 7.617044
v -4.088553 -14.802254 7.621847
v -4.048324 -14.802336 7.614004
v -4.076509 -14.884716 7.623031
v -4.006132 -14.806239 7.601830
v -4.021986 -14.887183 7.608257
v -4.129676 -14.902597 7.630159
v -4.101400 -14.893139 7.627381
v -4.167967 -14.829404 7.634743
v -4.127080 -14.813609 7.630022
v -4.245238 -14.729840 7.600504
v -4.181766 -14.698210 7.585016
v -4.231584 -14.602196 7.514418
v -4.117779 -14.676024 7.566986
v -4.048359 -14.679115 7.557885
v -4.057274 -14.577246 7.478967
v -4.146582 -14.578886 7.493734
v -4.277843 -14.511991 7.429991
v -4.073062 -14.482679 7.388343
v -4.175321 -14.488173 7.416266
v -4.097587 -14.384457 7.276262
v -4.211820 -14.394333 7.302852
v -4.325591 -14.417092 7.322634
v -4.371185 -14.332704 7.182214
v -4.371630 -14.561420 7.438119
v -4.436656 -14.462125 7.337787
v -4.536020 -14.537251 7.346770
v -4.601635 -14.449477 7.205809
v -4.490569 -14.376206 7.193755
v -4.406877 -14.283010 7.015430
v -4.526834 -14.318875 7.029167
v -4.644657 -14.377748 7.042971
v -4.662807 -14.336438 6.865959
v -4.691719 -14.564159 7.200706
v -4.746560 -14.482773 7.042963
v -4.769224 -14.429860 6.863831
v -4.813363 -14.638496 7.019539
v -4.844164 -14.590583 6.843623
v -4.872721 -14.765932 6.802506
v -4.818289 -14.563490 6.666574
v -4.847432 -14.825870 6.974395
v -4.769603 -14.894236 7.142795
v -4.743655 -14.711411 7.177324
v -4.669340 -14.948123 7.285800
v -4.558655 -14.984310 7.408241
v -4.653760 -14.786459 7.313701
v -4.557702 -14.845397 7.432150
v -4.522430 -14.724278 7.449465
v -4.614037 -14.647766 7.340240
v -4.459362 -14.624928 7.456207
v -4.431192 -14.788715 7.538188
v -4.380745 -14.703850 7.542353
v -4.334639 -14.844778 7.599088
v -4.459126 -14.889364 7.522164
v -4.357026 -14.921072 7.586972
v -4.459954 -14.999660 7.493779
v -4.359814 -15.002040 7.558352
v -4.250133 -14.945020 7.625168
v -4.248982 -14.995523 7.586555
v -4.163486 -14.949115 7.623628
v -4.162961 -14.968486 7.617867
v -3.979525 -14.942229 7.580561
v -3.982076 -14.923149 7.586733
v -3.931185 -14.849640 7.572855
v -3.906038 -14.895767 7.555187
v -3.984677 -14.907471 7.591079
v -3.908229 -14.946751 7.517252
v -3.832685 -14.846022 7.480332
v -3.819356 -14.924682 7.448434
v -3.775853 -14.791563 7.383201
v -3.756259 -14.898937 7.350660
v -3.735095 -14.727653 7.264848
v -3.705961 -14.862260 7.234821
v -3.711491 -14.651587 7.122064
v -3.664830 -14.804341 7.081504
v -3.645555 -14.733345 6.914187
v -3.704541 -14.562677 6.965990
v -3.773812 -14.527500 7.169356
v -3.781170 -14.433828 7.015519
v -3.723054 -14.482435 6.797793
v -3.815085 -14.349445 6.853519
v -3.776146 -14.437713 6.626410
v -3.659733 -14.655867 6.732841
v -3.719393 -14.600849 6.567944
v -3.812326 -14.567196 6.432109
v -3.874133 -14.428347 6.474553
v -3.974371 -14.316318 6.533498
v -3.970432 -14.473166 6.417552
v -3.877944 -14.302287 6.682563
v -4.065536 -14.280783 6.574741
v -3.996335 -14.241043 6.730413
v -4.058685 -14.251865 6.933954
v -3.933427 -14.275945 6.898321
v -4.110410 -14.227489 6.766811
v -4.139092 -14.256467 6.603910
v -4.229700 -14.226527 6.799382
v -4.256089 -14.257699 6.629515
v -4.359632 -14.275191 6.659911
v -4.270915 -14.326697 6.518948
v -4.330631 -14.242037 6.825846
v -4.434122 -14.255785 6.840957
v -4.291323 -14.260404 7.006196
v -4.467475 -14.287956 6.672507
v -4.478128 -14.356357 6.561090
v -4.551733 -14.290658 6.856568
v -4.580981 -14.319717 6.693781
v -4.650587 -14.364526 6.693727
v -4.631323 -14.437753 6.578784
v -4.582168 -14.404168 6.573531
v -4.576691 -14.454597 6.525085
v -4.603720 -14.514551 6.518458
v -4.611652 -14.547206 6.515165
v -4.667525 -14.594402 6.528499
v -4.742959 -14.583742 6.574667
v -4.678129 -14.494743 6.571519
v -4.737351 -14.425527 6.688672
v -4.771987 -14.704792 6.566546
v -4.695885 -14.692307 6.522106
v -4.851720 -14.715970 6.643500
v -4.473867 -14.395900 6.516867
v -4.375139 -14.393155 6.500651
v -4.280959 -14.368287 6.477634
v -4.372353 -14.342623 6.549914
v -4.171142 -14.396547 6.442605
v -4.161341 -14.343933 6.487943
v -4.106845 -14.362682 6.472116
v -4.052911 -14.405253 6.444363
v -4.133636 -14.447266 6.422852
v -4.119086 -14.476703 6.414987
v -4.051891 -14.506283 6.403292
v -4.002890 -14.593114 6.381165
v -3.915263 -14.582163 6.392306
v -4.179598 -14.250479 6.969207
v -4.251088 -14.316838 7.164310
v -4.133845 -14.298733 7.133944
v -3.981514 -14.396978 7.245219
v -4.012219 -14.307737 7.096468
v -3.889723 -14.347577 7.061021
v -3.870032 -14.441924 7.211322
v -3.792278 -14.619768 7.300967
v -3.872200 -14.540886 7.336791
v -3.973763 -14.504472 7.357201
v -3.973198 -14.600253 7.453528
v -3.977822 -14.691563 7.546117
v -3.887383 -14.633231 7.442013
v -3.915457 -14.723942 7.530969
v -3.868392 -14.778043 7.504262
v -3.821527 -14.701451 7.414195
v -3.967134 -14.822749 7.588742
v -4.004796 -14.896371 7.601377
v -4.163750 -14.933103 7.627498
v -4.145022 -14.916443 7.629895
v -4.233582 -14.892924 7.634356
v -4.202985 -14.856507 7.636709
v -4.297410 -14.778613 7.608650
v -4.309407 -14.648376 7.521906
v -4.625098 -15.085687 6.274878
v -4.654496 -15.095650 6.215322
v -4.655504 -15.077160 6.274605
v -4.531710 -15.050936 6.317525
v -4.581275 -15.032431 6.330968
v -4.584334 -15.103209 6.264788
v -4.622939 -15.112834 6.208318
v -4.494507 -15.095415 6.284612
v -4.564659 -15.120667 6.247079
v -4.336406 -14.956110 6.334304
v -4.413538 -14.852325 6.384687
v -4.341276 -14.852415 6.367900
v -4.271489 -14.830857 6.355891
v -4.174371 -15.014020 6.239410
v -4.218701 -15.059538 6.224158
v -4.182414 -15.082376 6.162272
v -4.156584 -15.065587 6.169216
v -4.162599 -15.078328 6.103550
v -4.116399 -15.044283 6.167840
v -4.128777 -15.064331 6.102903
v -4.089013 -15.036447 6.153909
v -4.067016 -14.978630 6.209955
v -4.210709 -14.790913 6.350592
v -4.127561 -14.986049 6.236886
v -4.084594 -14.797467 6.310184
v -4.168016 -14.740959 6.351810
v -3.926645 -14.771482 6.219175
v -3.930459 -14.713240 6.248553
v -3.879942 -14.747614 6.165162
v -3.874963 -14.719880 6.179423
v -3.864241 -14.717490 6.113168
v -3.862690 -14.677197 6.189332
v -3.851111 -14.684376 6.121609
v -3.848380 -14.649659 6.182828
v -3.879901 -14.607939 6.247893
v -3.918364 -14.661150 6.259516
v -4.034204 -14.508063 6.362292
v -4.126187 -14.611666 6.370337
v -4.249634 -14.578190 6.405652
v -4.245165 -14.613887 6.396608
v -4.135124 -14.540274 6.388426
v -4.139447 -14.682249 6.357698
v -4.251795 -14.649178 6.390288
v -4.364143 -14.616105 6.422880
v -4.364143 -14.616105 6.422880
v -4.245165 -14.613887 6.396608
v -4.266080 -14.678534 6.387344
v -4.287427 -14.703509 6.386735
v -4.317816 -14.723480 6.389385
v -4.352710 -14.734259 6.395390
v -4.388841 -14.734217 6.403783
v -4.422096 -14.723247 6.413943
v -4.480047 -14.830390 6.405007
v -4.537160 -14.789238 6.427895
v -4.646509 -15.028694 6.331512
v -4.618277 -14.861919 6.421362
v -4.832908 -14.833560 6.422002
v -4.578818 -14.732014 6.450116
v -4.905218 -14.799383 6.398108
v -4.900548 -14.771468 6.412406
v -4.815826 -14.773577 6.445583
v -4.911108 -14.728072 6.421116
v -4.830423 -14.722465 6.458014
v -4.924239 -14.699353 6.421244
v -4.599959 -14.665035 6.469726
v -4.868971 -14.669946 6.463065
v -4.600435 -14.592863 6.486158
v -4.706747 -14.577193 6.505068
v -4.822101 -14.394344 6.516517
v -4.579503 -14.522457 6.496583
v -4.471824 -14.569281 6.459730
v -4.482290 -14.604484 6.454519
v -4.539051 -14.461898 6.500300
v -4.730300 -14.322391 6.522890
v -4.761518 -14.367172 6.522624
v -4.794762 -14.267633 6.495517
v -4.821975 -14.304065 6.497224
v -4.825992 -14.235028 6.445798
v -4.848910 -14.319558 6.490904
v -4.849812 -14.262578 6.449518
v -4.782049 -14.239365 6.489472
v -4.715086 -14.259057 6.517696
v -4.533812 -14.320797 6.521084
v -4.482464 -14.414239 6.497904
v -4.415067 -14.384739 6.488371
v -4.470391 -14.115384 6.495504
v -4.410529 -14.144116 6.489428
v -4.365496 -14.058302 6.440893
v -4.409013 -14.060280 6.454044
v -4.357869 -14.139734 6.475726
v -4.303142 -14.111866 6.453411
v -4.232401 -14.289816 6.457096
v -4.338232 -14.050781 6.426843
v -4.344141 -14.377124 6.473228
v -4.389605 -14.500422 6.455626
v -4.354143 -14.496614 6.448053
v -4.273928 -14.390671 6.454104
v -4.319036 -14.503387 6.438492
v -4.211905 -14.424719 6.431791
v -4.032657 -14.275867 6.371512
v -4.048130 -14.211110 6.375117
v -3.953274 -14.260983 6.299231
v -3.999408 -14.314898 6.352778
v -3.979095 -14.227507 6.316057
v -3.942742 -14.234849 6.238267
v -3.990616 -14.197962 6.316066
v -3.960548 -14.206425 6.252942
v -3.933939 -14.278561 6.281499
v -3.949790 -14.341516 6.319624
v -4.165053 -14.475878 6.409318
v -4.288025 -14.520411 6.427335
v -4.264597 -14.545992 6.416099
v -4.423304 -14.515174 6.460392
v -4.451597 -14.539001 6.461589
v -4.373766 -14.018625 6.387340
v -4.408131 -14.017390 6.399899
v -4.439017 -14.050023 6.454134
v -4.482050 -14.640571 6.446302
v -4.471480 -14.674060 6.436497
v -4.450652 -14.702670 6.425387
v -4.951806 -14.717711 6.368706
v -4.946081 -14.753517 6.363657
v -3.979525 -14.942229 7.580561
v -3.934811 -14.984932 7.526479
v -3.990822 -14.959175 7.580376
v -3.908229 -14.946751 7.517252
v -4.148481 -14.981741 7.612441
v -4.162961 -14.968486 7.617867
v -4.211669 -15.024560 7.582787
v -4.248982 -14.995523 7.586555
v -4.359814 -15.002040 7.558352
v -4.405484 -15.099808 7.455604
v -4.459954 -14.999660 7.493779
v -4.301924 -15.056355 7.521835
v -4.230491 -15.114074 7.493617
v -4.301535 -15.163393 7.405012
v -4.154233 -15.123711 7.471456
v -4.197277 -15.172718 7.370589
v -4.160936 -15.046827 7.562071
v -4.130214 -14.996698 7.603641
v -4.099238 -14.999299 7.596774
v -4.115319 -15.055123 7.560337
v -4.067877 -15.049231 7.549696
v -4.067069 -15.000586 7.587905
v -4.078553 -15.118252 7.448627
v -4.035597 -14.990190 7.583830
v -4.020296 -15.041521 7.541011
v -4.001472 -15.101845 7.440387
v -3.928208 -15.070807 7.432139
v -3.988870 -15.142887 7.328203
v -3.981566 -15.021152 7.525591
v -4.006301 -14.978961 7.578439
v -3.983339 -15.170553 7.197786
v -4.093415 -15.162837 7.344172
v -3.886084 -15.103928 7.320517
v -3.792008 -15.011998 7.330835
v -3.738576 -15.011997 7.214206
v -3.857335 -15.121041 7.196726
v -3.982300 -15.174110 7.022747
v -3.821469 -15.116446 7.016395
v -3.690851 -14.981838 7.045307
v -3.664830 -14.804341 7.081504
v -3.664955 -14.927732 6.862360
v -3.705961 -14.862260 7.234821
v -3.756259 -14.898937 7.350660
v -3.819356 -14.924682 7.448434
v -3.869847 -14.994508 7.433960
v -3.645555 -14.733345 6.914187
v -3.669329 -14.854767 6.673461
v -3.796390 -15.088929 6.834337
v -3.990466 -15.162457 6.832466
v -4.008468 -15.123630 6.672295
v -3.798025 -15.037426 6.652269
v -3.717634 -14.779511 6.507666
v -4.038894 -15.056805 6.518442
v -3.830556 -14.953306 6.482259
v -4.072735 -14.967991 6.391008
v -3.872045 -14.852637 6.361271
v -3.808264 -14.706554 6.387122
v -3.812326 -14.567196 6.432109
v -3.913393 -14.658926 6.368517
v -3.719393 -14.600849 6.567944
v -3.659733 -14.655867 6.732841
v -3.915263 -14.582163 6.392306
v -3.917404 -14.757138 6.354297
v -4.002890 -14.593114 6.381165
v -3.992864 -14.662270 6.356248
v -4.019510 -14.735303 6.344841
v -4.695885 -14.692307 6.522106
v -4.695644 -14.762862 6.499179
v -4.771987 -14.704792 6.566546
v -4.762057 -14.780398 6.541118
v -4.656782 -14.826519 6.474450
v -4.737484 -14.874520 6.521084
v -4.514937 -14.864818 6.434312
v -4.149879 -14.812565 6.360067
v -4.110269 -14.860054 6.367535
v -4.325851 -14.889474 6.393692
v -4.314511 -14.943912 6.411133
v -4.293166 -15.025038 6.458996
v -4.534269 -14.920743 6.453769
v -4.529340 -15.033348 6.483873
v -4.749140 -14.978180 6.539654
v -4.712311 -15.079515 6.661591
v -4.834973 -14.853512 6.595932
v -4.872721 -14.765932 6.802506
v -4.851720 -14.715970 6.643500
v -4.849200 -14.941478 6.737803
v -4.808078 -15.017763 6.905061
v -4.847432 -14.825870 6.974395
v -4.653247 -15.159839 6.826203
v -4.571063 -15.199813 6.991890
v -4.436410 -15.184884 6.759329
v -4.486479 -15.120872 6.609471
v -4.219426 -15.165458 6.722743
v -4.260203 -15.099071 6.568966
v -4.188565 -15.196009 6.852979
v -4.146583 -15.207808 7.051098
v -4.380491 -15.218284 6.911789
v -4.311673 -15.221255 7.089735
v -4.471748 -15.209524 7.148647
v -4.369741 -15.194385 7.300939
v -4.719910 -15.078734 7.076916
v -4.612362 -15.113740 7.232723
v -4.558655 -14.984310 7.408241
v -4.669340 -14.948123 7.285800
v -4.497367 -15.120607 7.368528
v -4.769603 -14.894236 7.142795
v -4.244664 -15.207958 7.250935
v -4.116116 -15.179249 7.221005
v -4.667525 -14.594402 6.528499
v -4.051891 -14.506283 6.403292
v -4.611652 -14.547206 6.515165
v -4.119086 -14.476703 6.414987
v -4.603720 -14.514551 6.518458
v -4.133636 -14.447266 6.422852
v -4.576691 -14.454597 6.525085
v -4.171142 -14.396547 6.442605
v -4.473867 -14.395900 6.516867
v -4.375139 -14.393155 6.500651
v -4.280959 -14.368287 6.477634
vn -0.0393 0.9617 -0.2714
vn -0.1802 0.9471 -0.2657
vn -0.0918 0.9673 0.2363
vn -0.1859 0.9462 -0.2648
vn -0.3233 0.9215 -0.2154
vn -0.0916 0.9673 0.2364
vn -0.1196 0.9874 0.1038
vn -0.3234 0.9214 -0.2153
vn -0.1857 0.9463 -0.2647
vn -0.0788 0.9917 0.1019
vn -0.1861 0.9462 -0.2649
vn -0.0396 0.9616 -0.2715
vn -0.0788 0.9917 0.1018
vn -0.1195 0.9874 0.1037
vn -0.1859 0.9462 -0.2647
vn -0.1266 0.9372 0.3250
vn -0.0408 0.9930 0.1111
vn -0.1265 0.9372 0.3250
vn -0.0987 0.9378 0.3327
vn -0.0788 0.9916 0.1022
vn -0.0410 0.9930 0.1111
vn -0.0791 0.9916 0.1019
vn -0.0393 0.9617 -0.2712
vn -0.0984 0.9379 0.3326
vn -0.1194 0.9874 0.1039
vn -0.0789 0.9917 0.1020
vn -0.2004 0.8370 0.5091
vn -0.0982 0.9381 0.3323
vn -0.1119 0.8399 0.5311
vn -0.0682 0.9411 0.3310
vn -0.0987 0.9379 0.3324
vn -0.0775 0.9397 0.3332
vn -0.1192 0.9874 0.1039
vn -0.2005 0.8370 0.5091
vn -0.1120 0.8398 0.5312
vn -0.0988 0.9379 0.3326
vn -0.0169 0.8497 0.5270
vn -0.0682 0.9411 0.3312
vn -0.0933 0.9703 0.2234
vn -0.0898 0.9706 0.2231
vn -0.0934 0.9703 0.2232
vn -0.0170 0.8499 0.5267
vn -0.1118 0.8399 0.5310
vn -0.2007 0.8369 0.5093
vn -0.0901 0.9706 0.2232
vn -0.1115 0.8401 0.5308
vn -0.1494 0.9217 0.3581
vn -0.0935 0.9703 0.2233
vn -0.0705 0.9272 0.3679
vn -0.1497 0.9216 0.3581
vn -0.0898 0.9706 0.2233
vn -0.0707 0.9272 0.3679
vn -0.0896 0.9707 0.2232
vn -0.0864 0.9707 0.2242
vn -0.0898 0.9706 0.2232
vn -0.1575 0.9340 0.3207
vn -0.0866 0.9707 0.2243
vn -0.0836 0.9705 0.2262
vn -0.2789 0.8402 0.4650
vn -0.0837 0.9704 0.2266
vn -0.0864 0.9707 0.2243
vn -0.2005 0.8370 0.5092
vn -0.1575 0.9340 0.3208
vn -0.0705 0.9272 0.3678
vn -0.0865 0.9707 0.2243
vn -0.1573 0.9339 0.3211
vn -0.3998 0.8821 0.2492
vn 0.5325 -0.3664 -0.7630
vn 0.5325 -0.3663 -0.7631
vn -0.0708 0.9272 0.3679
vn -0.2295 0.9358 0.2676
vn -0.1572 0.9340 0.3208
vn -0.0837 0.9704 0.2264
vn -0.3079 0.8997 0.3094
vn -0.1575 0.9339 0.3211
vn -0.2295 0.9357 0.2678
vn -0.3996 0.8823 0.2488
vn -0.1574 0.9340 0.3208
vn -0.3081 0.8998 0.3088
vn -0.4001 0.8820 0.2490
vn 0.3340 -0.8396 -0.4284
vn 0.5326 -0.3663 -0.7630
vn -0.7535 0.6462 0.1209
vn 0.3341 -0.8394 -0.4286
vn -0.4000 0.8821 0.2490
vn -0.3998 0.8821 0.2491
vn -0.6274 0.5624 0.5385
vn -0.7536 0.6460 0.1211
vn -0.3999 0.8821 0.2489
vn -0.3082 0.8998 0.3089
vn -0.6275 0.5624 0.5386
vn -0.7553 0.5835 0.2984
vn -0.6272 0.5623 0.5390
vn -0.5721 0.5978 0.5615
vn -0.5725 0.5977 0.5613
vn -0.6275 0.5623 0.5385
vn -0.3083 0.8998 0.3087
vn -0.7537 0.6459 0.1210
vn -0.6271 0.5627 0.5387
vn -0.7551 0.5837 0.2985
vn -0.7554 0.5834 0.2984
vn -0.5721 0.5977 0.5616
vn -0.4190 0.4971 0.7598
vn 0.9292 0.1524 -0.3367
vn -0.7552 0.5835 0.2985
vn -0.4186 0.4971 0.7601
vn 0.5238 0.3081 -0.7941
vn -0.7538 0.6458 0.1210
vn -0.7554 0.5834 0.2985
vn 0.9292 0.1525 -0.3367
vn 0.5241 0.3078 -0.7941
vn -0.7553 0.5834 0.2986
vn 0.5239 0.3080 -0.7941
vn 0.4325 -0.2675 -0.8610
vn -0.7536 0.6461 0.1210
vn -0.7537 0.6459 0.1211
vn 0.4327 -0.2676 -0.8609
vn 0.3341 -0.8395 -0.4285
vn -0.2256 0.6130 0.7572
vn 0.9291 0.1526 -0.3369
vn -0.4187 0.4971 0.7600
vn -0.2257 0.6131 0.7571
vn 0.8856 -0.3756 -0.2732
vn 0.9291 0.1525 -0.3368
vn -0.2182 0.8649 0.4521
vn 0.3621 -0.8691 -0.3370
vn 0.8856 -0.3758 -0.2728
vn 0.8858 -0.3754 -0.2729
vn -0.2257 0.6129 0.7572
vn -0.2434 0.8965 0.3701
vn 0.8843 -0.4378 -0.1620
vn -0.2182 0.8649 0.4520
vn 0.8844 -0.4377 -0.1622
vn 0.3622 -0.8691 -0.3370
vn -0.2184 0.8648 0.4521
vn -0.2255 0.6132 0.7570
vn -0.2434 0.8967 0.3697
vn -0.2182 0.8648 0.4521
vn -0.2432 0.8967 0.3699
vn -0.3081 0.8997 0.3092
vn -0.2294 0.9358 0.2678
vn -0.5723 0.5977 0.5615
vn -0.3083 0.8998 0.3088
vn -0.2431 0.8966 0.3700
vn -0.2431 0.8967 0.3699
vn -0.2293 0.9358 0.2679
vn -0.1816 0.9264 0.3298
vn -0.1815 0.9264 0.3300
vn 0.8844 -0.4376 -0.1620
vn -0.2430 0.8966 0.3703
vn -0.2256 0.6132 0.7570
vn -0.5722 0.5976 0.5617
vn -0.2429 0.8966 0.3701
vn -0.1816 0.9265 0.3296
vn -0.2003 0.9505 0.2377
vn -0.1817 0.9265 0.3294
vn -0.2293 0.9359 0.2675
vn -0.0810 0.9702 0.2283
vn -0.1817 0.9265 0.3296
vn -0.0790 0.9697 0.2312
vn -0.0811 0.9702 0.2283
vn -0.0787 0.9697 0.2311
vn -0.3407 0.8503 0.4011
vn -0.0810 0.9701 0.2286
vn -0.3830 0.8659 0.3218
vn -0.0809 0.9702 0.2286
vn -0.3409 0.8502 0.4011
vn -0.0838 0.9704 0.2264
vn -0.0811 0.9702 0.2285
vn -0.3833 0.8657 0.3220
vn -0.0787 0.9696 0.2315
vn -0.0811 0.9701 0.2287
vn -0.3831 0.8659 0.3216
vn -0.1713 0.9413 0.2909
vn -0.1860 0.9459 0.2659
vn -0.3831 0.8660 0.3215
vn -0.3408 0.8503 0.4010
vn -0.1714 0.9413 0.2910
vn -0.4013 0.8866 0.2301
vn -0.3832 0.8658 0.3219
vn -0.1860 0.9459 0.2660
vn -0.4015 0.8864 0.2305
vn -0.0788 0.9697 0.2312
vn -0.3828 0.8660 0.3217
vn -0.4015 0.8865 0.2301
vn -0.1920 0.9524 0.2366
vn -0.1922 0.9525 0.2363
vn -0.1862 0.9459 0.2657
vn 0.0366 0.9808 0.1913
vn 0.0193 0.9874 0.1573
vn 0.0365 0.9809 0.1911
vn -0.1863 0.9460 0.2654
vn -0.1717 0.9414 0.2904
vn 0.0190 0.9874 0.1573
vn -0.1716 0.9414 0.2903
vn -0.0071 0.9915 0.1297
vn 0.0189 0.9874 0.1574
vn 0.0190 0.9874 0.1570
vn -0.0072 0.9916 0.1294
vn 0.2178 0.9615 -0.1675
vn 0.0190 0.9874 0.1569
vn 0.2181 0.9615 -0.1673
vn 0.3147 0.9467 -0.0693
vn 0.0366 0.9809 0.1910
vn 0.0188 0.9874 0.1569
vn 0.3146 0.9467 -0.0698
vn 0.3145 0.9467 -0.0697
vn 0.2175 0.9616 -0.1676
vn -0.0918 0.9674 0.2361
vn 0.3805 0.9233 0.0526
vn 0.3144 0.9467 -0.0696
vn -0.0916 0.9674 0.2362
vn 0.0367 0.9809 0.1909
vn 0.3145 0.9467 -0.0700
vn 0.3806 0.9233 0.0524
vn 0.4090 0.8916 0.1941
vn 0.3810 0.9231 0.0524
vn -0.0917 0.9673 0.2364
vn 0.0443 0.9721 0.2304
vn 0.3805 0.9233 0.0520
vn 0.4089 0.8917 0.1939
vn 0.0441 0.9721 0.2303
vn 0.0364 0.9808 0.1914
vn -0.1889 0.9599 0.2070
vn -0.1923 0.9524 0.2366
vn 0.0443 0.9722 0.2301
vn -0.1920 0.9525 0.2364
vn 0.0363 0.9808 0.1914
vn 0.0442 0.9722 0.2298
vn 0.0400 0.9623 0.2690
vn 0.0444 0.9722 0.2300
vn 0.4091 0.8917 0.1937
vn -0.1886 0.9600 0.2070
vn 0.0442 0.9722 0.2300
vn 0.0401 0.9623 0.2690
vn 0.0400 0.9624 0.2688
vn 0.4093 0.8916 0.1937
vn 0.3931 0.8561 0.3355
vn 0.0240 0.9521 0.3047
vn 0.0400 0.9624 0.2685
vn 0.3933 0.8561 0.3352
vn -0.1765 0.9678 0.1794
vn 0.0404 0.9623 0.2689
vn 0.0231 0.9522 0.3047
vn -0.1764 0.9678 0.1795
vn -0.1883 0.9601 0.2069
vn 0.0239 0.9521 0.3048
vn 0.3931 0.8562 0.3353
vn 0.3342 0.8188 0.4668
vn -0.0026 0.9426 0.3340
vn 0.0235 0.9522 0.3047
vn 0.3340 0.8189 0.4667
vn -0.1564 0.9751 0.1572
vn 0.0237 0.9521 0.3048
vn -0.0026 0.9425 0.3341
vn -0.1766 0.9678 0.1794
vn 0.0238 0.9521 0.3048
vn -0.0367 0.9345 0.3541
vn 0.2380 0.7840 0.5733
vn -0.0025 0.9426 0.3339
vn 0.3342 0.8188 0.4667
vn 0.2381 0.7839 0.5735
vn -0.1306 0.9812 0.1422
vn -0.1563 0.9751 0.1573
vn -0.0027 0.9425 0.3341
vn -0.1304 0.9812 0.1422
vn -0.0027 0.9426 0.3339
vn -0.0364 0.9344 0.3544
vn -0.1006 0.9857 0.1351
vn -0.0366 0.9344 0.3544
vn -0.0762 0.9285 0.3633
vn -0.1006 0.9857 0.1352
vn -0.1305 0.9812 0.1422
vn -0.0370 0.9345 0.3542
vn -0.0368 0.9344 0.3543
vn 0.2383 0.7839 0.5734
vn 0.1142 0.7546 0.6462
vn -0.0760 0.9285 0.3634
vn -0.0364 0.9344 0.3542
vn 0.1140 0.7546 0.6462
vn 0.1142 0.7548 0.6460
vn 0.2383 0.7840 0.5732
vn -0.0914 0.9674 0.2363
vn -0.0288 0.7333 0.6793
vn 0.1141 0.7548 0.6459
vn -0.0919 0.9673 0.2364
vn -0.0761 0.9285 0.3634
vn -0.0290 0.7331 0.6795
vn -0.1166 0.9254 0.3607
vn -0.0289 0.7331 0.6795
vn -0.1758 0.7216 0.6696
vn -0.1757 0.7217 0.6696
vn -0.0289 0.7332 0.6793
vn -0.0919 0.9673 0.2365
vn -0.1165 0.9254 0.3608
vn -0.0762 0.9285 0.3635
vn -0.0416 0.9880 0.1485
vn -0.1165 0.9253 0.3609
vn -0.1543 0.9252 0.3467
vn -0.0415 0.9880 0.1486
vn -0.0700 0.9880 0.1375
vn -0.1164 0.9253 0.3609
vn -0.1546 0.9252 0.3467
vn -0.1167 0.9253 0.3607
vn -0.1755 0.7217 0.6696
vn -0.0699 0.9881 0.1374
vn -0.0760 0.9285 0.3636
vn -0.1168 0.9253 0.3608
vn 0.0663 0.9968 -0.0457
vn -0.0700 0.9880 0.1374
vn -0.0413 0.9881 0.1483
vn -0.0698 0.9881 0.1372
vn -0.0761 0.9286 0.3632
vn -0.0233 0.9966 -0.0790
vn -0.0701 0.9880 0.1376
vn 0.0661 0.9968 -0.0457
vn -0.0700 0.9881 0.1373
vn -0.0232 0.9967 -0.0784
vn -0.0930 0.9646 0.2467
vn -0.0895 0.9649 0.2471
vn 0.0662 0.9968 -0.0455
vn -0.0931 0.9646 0.2467
vn -0.0235 0.9966 -0.0786
vn -0.0231 0.9966 -0.0789
vn -0.1187 0.9893 -0.0851
vn -0.0233 0.9966 -0.0786
vn -0.1186 0.9893 -0.0845
vn -0.1187 0.9893 -0.0849
vn -0.1303 0.9812 0.1423
vn -0.1008 0.9857 0.1351
vn -0.1187 0.9893 -0.0844
vn -0.0892 0.9649 0.2470
vn -0.0858 0.9654 0.2463
vn -0.1186 0.9893 -0.0848
vn -0.2114 0.9754 -0.0631
vn -0.1307 0.9812 0.1423
vn -0.1185 0.9894 -0.0845
vn -0.0858 0.9654 0.2462
vn -0.2112 0.9754 -0.0629
vn -0.2113 0.9754 -0.0632
vn -0.1566 0.9750 0.1573
vn -0.1302 0.9813 0.1421
vn -0.2115 0.9753 -0.0632
vn -0.2918 0.9564 -0.0157
vn -0.1562 0.9752 0.1571
vn -0.2112 0.9754 -0.0628
vn -0.0858 0.9654 0.2461
vn -0.0826 0.9661 0.2445
vn -0.2113 0.9754 -0.0627
vn -0.2917 0.9564 -0.0152
vn -0.2918 0.9563 -0.0159
vn -0.1764 0.9679 0.1793
vn -0.1564 0.9751 0.1573
vn -0.2917 0.9564 -0.0156
vn -0.3536 0.9339 0.0535
vn -0.1767 0.9678 0.1793
vn -0.2915 0.9565 -0.0152
vn -0.0826 0.9661 0.2444
vn -0.0800 0.9671 0.2417
vn -0.0802 0.9670 0.2417
vn -0.3532 0.9340 0.0538
vn -0.3534 0.9339 0.0539
vn -0.0801 0.9670 0.2417
vn -0.0788 0.9680 0.2383
vn -0.3534 0.9339 0.0538
vn -0.0787 0.9680 0.2383
vn -0.3918 0.9095 0.1389
vn -0.3534 0.9339 0.0537
vn -0.3916 0.9096 0.1384
vn -0.1888 0.9600 0.2069
vn -0.3536 0.9339 0.0537
vn -0.1887 0.9600 0.2068
vn -0.1766 0.9678 0.1792
vn -0.3915 0.9097 0.1387
vn -0.0791 0.9680 0.2381
vn -0.0781 0.9689 0.2348
vn -0.3914 0.9097 0.1386
vn -0.0784 0.9689 0.2347
vn -0.4013 0.8865 0.2305
vn -0.3916 0.9096 0.1388
vn -0.1923 0.9526 0.2358
vn -0.1925 0.9524 0.2362
vn -0.1885 0.9601 0.2064
vn -0.2072 0.9665 0.1513
vn -0.0784 0.9689 0.2349
vn -0.0787 0.9680 0.2385
vn -0.2075 0.9665 0.1514
vn -0.2006 0.9504 0.2378
vn -0.0782 0.9689 0.2349
vn -0.4014 0.8864 0.2305
vn -0.0782 0.9689 0.2348
vn -0.0789 0.9697 0.2312
vn -0.2002 0.9505 0.2377
vn -0.2997 0.9339 0.1948
vn -0.2071 0.9666 0.1512
vn -0.2258 0.9490 0.2202
vn -0.2997 0.9339 0.1949
vn -0.2901 0.9501 0.1148
vn -0.2987 0.9542 0.0160
vn -0.2072 0.9666 0.1509
vn -0.2903 0.9501 0.1142
vn 0.8844 -0.4376 -0.1621
vn -0.2990 0.9541 0.0163
vn -0.2071 0.9665 0.1513
vn 0.8842 -0.4380 -0.1622
vn -0.2004 0.9504 0.2377
vn -0.2260 0.9488 0.2205
vn -0.2070 0.9666 0.1512
vn -0.0785 0.9679 0.2386
vn -0.2987 0.9542 0.0164
vn 0.4001 -0.9026 -0.1588
vn 0.8844 -0.4378 -0.1617
vn -0.4618 0.7973 -0.3887
vn 0.3999 -0.9027 -0.1588
vn -0.2983 0.9543 0.0162
vn -0.2983 0.9543 0.0160
vn -0.7182 0.6946 -0.0411
vn -0.4618 0.7971 -0.3890
vn -0.2988 0.9542 0.0163
vn -0.2903 0.9501 0.1144
vn -0.7183 0.6945 -0.0411
vn -0.4615 0.7975 -0.3886
vn -0.7181 0.6947 -0.0406
vn -0.6089 0.7395 -0.2869
vn -0.6091 0.7393 -0.2870
vn -0.7184 0.6945 -0.0406
vn -0.6962 0.7175 0.0209
vn -0.6964 0.7174 0.0206
vn -0.2904 0.9500 0.1145
vn -0.6092 0.7392 -0.2871
vn -0.6965 0.7173 0.0206
vn -0.7698 0.5886 0.2471
vn -0.7697 0.5886 0.2472
vn -0.6964 0.7173 0.0205
vn -0.6301 0.6600 0.4092
vn -0.6303 0.6597 0.4093
vn -0.6962 0.7176 0.0208
vn -0.2997 0.9340 0.1947
vn -0.2903 0.9501 0.1145
vn -0.2999 0.9339 0.1945
vn -0.6301 0.6596 0.4097
vn 0.7016 -0.5648 0.4345
vn 0.8576 -0.0599 0.5108
vn -0.3525 0.8986 0.2611
vn -0.6302 0.6595 0.4098
vn -0.6298 0.6598 0.4099
vn -0.2996 0.9340 0.1945
vn -0.3526 0.8986 0.2610
vn -0.6302 0.6596 0.4097
vn 0.8576 -0.0602 0.5108
vn -0.7695 0.5888 0.2476
vn -0.3001 0.9338 0.1948
vn 0.6053 -0.6250 0.4929
vn -0.3524 0.8987 0.2609
vn 0.6055 -0.6248 0.4930
vn 0.3523 -0.9325 -0.0791
vn -0.3525 0.8987 0.2608
vn -0.3525 0.8988 0.2608
vn 0.3522 -0.9326 -0.0791
vn 0.7015 -0.5651 0.4342
vn 0.6056 -0.6247 0.4929
vn -0.1238 0.9923 0.0050
vn -0.0529 0.9966 -0.0636
vn -0.0526 0.9966 -0.0633
vn 0.2336 -0.9706 0.0572
vn 0.6056 -0.6248 0.4928
vn -0.2999 0.9339 0.1947
vn -0.1630 0.9749 0.1514
vn 0.6054 -0.6249 0.4929
vn -0.0980 0.9908 0.0938
vn 0.6055 -0.6250 0.4926
vn -0.1633 0.9749 0.1516
vn -0.0981 0.9908 0.0937
vn -0.1237 0.9923 0.0054
vn -0.3381 0.8530 -0.3977
vn -0.1938 0.9799 0.0468
vn -0.3380 0.8529 -0.3978
vn -0.3074 0.8344 -0.4574
vn -0.1241 0.9923 0.0052
vn -0.0527 0.9966 -0.0631
vn -0.1237 0.9923 0.0052
vn -0.3077 0.8344 -0.4572
vn -0.1936 0.9800 0.0466
vn -0.1237 0.9923 0.0053
vn -0.0982 0.9907 0.0937
vn -0.6056 0.7881 -0.1098
vn -0.3381 0.8529 -0.3978
vn -0.1940 0.9799 0.0467
vn -0.1941 0.9799 0.0462
vn -0.1000 -0.7326 0.6732
vn -0.2828 0.9582 0.0430
vn -0.6055 0.7882 -0.1097
vn -0.1935 0.9800 0.0466
vn -0.2830 0.9581 0.0434
vn -0.1654 0.9788 0.1206
vn -0.1004 -0.7326 0.6732
vn -0.1938 0.9799 0.0465
vn -0.1940 0.9799 0.0466
vn -0.0981 0.9908 0.0936
vn -0.1655 0.9788 0.1206
vn -0.1655 0.9788 0.1207
vn -0.1002 -0.7326 0.6732
vn -0.1657 0.9787 0.1209
vn -0.0697 0.9892 0.1288
vn -0.0695 0.9893 0.1286
vn -0.1657 0.9788 0.1207
vn -0.0891 0.9649 0.2471
vn -0.1658 0.9787 0.1207
vn -0.0857 0.9654 0.2463
vn -0.0896 0.9648 0.2473
vn -0.0698 0.9892 0.1287
vn -0.0894 0.9648 0.2473
vn -0.0931 0.9645 0.2470
vn 0.0171 0.9895 0.1435
vn -0.0697 0.9892 0.1287
vn -0.0931 0.9645 0.2469
vn -0.0698 0.9893 0.1284
vn 0.0698 0.9953 0.0673
vn -0.1002 -0.7326 0.6733
vn 0.0699 0.9953 0.0675
vn -0.0699 0.9893 0.1285
vn 0.0172 0.9896 0.1428
vn -0.0072 0.9992 0.0391
vn 0.0172 0.9896 0.1431
vn -0.0469 0.9931 0.1078
vn -0.0073 0.9992 0.0392
vn 0.0699 0.9953 0.0676
vn 0.0172 0.9896 0.1429
vn -0.0473 0.9931 0.1077
vn 0.0175 0.9895 0.1434
vn -0.0964 0.9646 0.2455
vn 0.0173 0.9895 0.1435
vn -0.0931 0.9645 0.2471
vn -0.0960 0.9646 0.2456
vn -0.0472 0.9931 0.1076
vn -0.0963 0.9646 0.2455
vn -0.0993 0.9649 0.2433
vn 0.1426 0.9897 0.0133
vn -0.0995 0.9649 0.2431
vn -0.0964 0.9646 0.2453
vn 0.1426 0.9897 0.0132
vn -0.0962 0.9647 0.2453
vn 0.0661 0.9968 -0.0455
vn 0.0663 0.9968 -0.0453
vn -0.0965 0.9647 0.2452
vn -0.0929 0.9646 0.2467
vn 0.1428 0.9897 0.0128
vn -0.0416 0.9881 0.1483
vn -0.0174 0.9858 0.1669
vn 0.1429 0.9897 0.0125
vn 0.0662 0.9968 -0.0457
vn -0.0417 0.9881 0.1482
vn 0.1985 0.9759 0.0902
vn 0.1426 0.9897 0.0130
vn -0.0170 0.9858 0.1670
vn 0.1985 0.9759 0.0904
vn -0.0993 0.9650 0.2427
vn 0.1431 0.9896 0.0130
vn 0.1984 0.9759 0.0904
vn -0.0168 0.9859 0.1667
vn 0.0007 0.9816 0.1911
vn 0.0009 0.9814 0.1918
vn -0.0171 0.9858 0.1673
vn -0.1869 0.9281 0.3220
vn -0.0170 0.9858 0.1671
vn -0.1545 0.9251 0.3468
vn -0.1868 0.9282 0.3220
vn -0.0172 0.9857 0.1674
vn -0.0412 0.9881 0.1483
vn -0.1546 0.9251 0.3469
vn -0.1872 0.9281 0.3218
vn -0.3129 0.7213 0.6179
vn -0.4310 0.7321 0.5275
vn -0.2106 0.9338 0.2891
vn -0.1870 0.9281 0.3221
vn -0.4310 0.7320 0.5277
vn -0.1873 0.9280 0.3219
vn -0.1547 0.9251 0.3467
vn -0.3128 0.7213 0.6179
vn 0.0005 0.9814 0.1919
vn -0.1870 0.9281 0.3220
vn -0.2109 0.9337 0.2894
vn -0.2107 0.9338 0.2892
vn -0.4309 0.7320 0.5277
vn -0.5162 0.7529 0.4083
vn -0.2229 0.9418 0.2515
vn -0.2104 0.9337 0.2896
vn -0.5161 0.7527 0.4088
vn 0.0096 0.9754 0.2201
vn -0.2105 0.9339 0.2891
vn -0.2229 0.9418 0.2517
vn 0.0096 0.9754 0.2200
vn 0.0007 0.9814 0.1919
vn -0.2105 0.9338 0.2893
vn -0.2231 0.9418 0.2516
vn -0.5162 0.7526 0.4088
vn -0.5620 0.7811 0.2721
vn -0.2241 0.9513 0.2116
vn -0.2231 0.9418 0.2514
vn -0.5615 0.7814 0.2722
vn 0.0101 0.9682 0.2498
vn -0.2233 0.9417 0.2516
vn -0.2236 0.9514 0.2117
vn 0.0099 0.9682 0.2500
vn 0.0094 0.9755 0.2199
vn -0.2233 0.9418 0.2514
vn 0.0015 0.9605 0.2784
vn -0.2237 0.9514 0.2117
vn -0.2121 0.9616 0.1742
vn 0.0015 0.9605 0.2782
vn 0.0101 0.9682 0.2500
vn -0.2236 0.9514 0.2118
vn -0.2238 0.9514 0.2113
vn -0.5615 0.7815 0.2720
vn -0.5638 0.8161 0.1270
vn -0.2122 0.9616 0.1738
vn -0.2238 0.9514 0.2115
vn -0.5634 0.8163 0.1273
vn -0.0154 0.9530 0.3025
vn 0.0011 0.9605 0.2783
vn -0.2119 0.9617 0.1738
vn -0.2121 0.9617 0.1737
vn -0.5634 0.8163 0.1275
vn -0.5212 0.8534 -0.0103
vn -0.1891 0.9717 0.1414
vn -0.2118 0.9617 0.1739
vn -0.5213 0.8533 -0.0098
vn -0.0156 0.9531 0.3024
vn -0.2119 0.9617 0.1739
vn -0.1895 0.9716 0.1417
vn -0.0396 0.9462 0.3210
vn -0.1894 0.9716 0.1416
vn -0.1571 0.9806 0.1173
vn -0.0398 0.9462 0.3211
vn -0.0156 0.9530 0.3026
vn -0.1893 0.9716 0.1417
vn -0.1571 0.9806 0.1176
vn -0.1894 0.9716 0.1415
vn -0.4395 0.8892 -0.1272
vn -0.1895 0.9717 0.1413
vn -0.4395 0.8893 -0.1266
vn -0.1572 0.9806 0.1172
vn -0.4393 0.8893 -0.1272
vn -0.3234 0.9214 -0.2154
vn -0.4395 0.8892 -0.1268
vn -0.5212 0.8534 -0.0100
vn -0.0917 0.9674 0.2362
vn -0.0680 0.9411 0.3314
vn -0.1572 0.9806 0.1174
vn -0.1193 0.9874 0.1038
vn -0.0680 0.9411 0.3313
vn -0.0396 0.9463 0.3208
vn -0.1573 0.9805 0.1175
vn -0.1191 0.9874 0.1038
vn -0.1572 0.9806 0.1175
vn -0.3234 0.9215 -0.2151
vn -0.0170 0.8497 0.5270
vn -0.0395 0.9463 0.3208
vn -0.0681 0.9411 0.3311
vn 0.0729 0.8657 0.4952
vn -0.0156 0.9531 0.3022
vn -0.0394 0.9464 0.3206
vn -0.0168 0.8498 0.5269
vn 0.0727 0.8657 0.4953
vn -0.0396 0.9464 0.3207
vn 0.0725 0.8658 0.4950
vn -0.0970 0.9696 0.2247
vn -0.0994 0.9688 0.2269
vn -0.0169 0.8499 0.5266
vn -0.0965 0.9697 0.2245
vn 0.0728 0.8658 0.4951
vn 0.0725 0.8659 0.4949
vn -0.0995 0.9688 0.2270
vn 0.1481 0.8865 0.4384
vn 0.0725 0.8656 0.4954
vn 0.1484 0.8866 0.4382
vn -0.0154 0.9531 0.3023
vn 0.1484 0.8864 0.4385
vn 0.0015 0.9606 0.2781
vn -0.0156 0.9531 0.3023
vn 0.2014 0.9101 0.3622
vn 0.0014 0.9605 0.2781
vn 0.1483 0.8866 0.4382
vn -0.0991 0.9688 0.2270
vn -0.1014 0.9679 0.2299
vn 0.1480 0.8866 0.4382
vn -0.1015 0.9679 0.2299
vn 0.2015 0.9099 0.3627
vn 0.2014 0.9100 0.3624
vn 0.0102 0.9682 0.2500
vn 0.0012 0.9605 0.2784
vn 0.2016 0.9099 0.3625
vn 0.2293 0.9342 0.2732
vn 0.2015 0.9100 0.3623
vn -0.1015 0.9678 0.2301
vn -0.1026 0.9669 0.2335
vn 0.2017 0.9100 0.3622
vn -0.1025 0.9670 0.2334
vn 0.2296 0.9340 0.2736
vn 0.2290 0.9342 0.2735
vn 0.0093 0.9754 0.2202
vn 0.0102 0.9681 0.2503
vn 0.2291 0.9342 0.2735
vn 0.2284 0.9569 0.1791
vn 0.0095 0.9754 0.2202
vn 0.2291 0.9342 0.2733
vn -0.1027 0.9669 0.2335
vn -0.1024 0.9661 0.2370
vn -0.1024 0.9661 0.2371
vn 0.2282 0.9570 0.1792
vn 0.2284 0.9569 0.1792
vn -0.1023 0.9662 0.2367
vn -0.1013 0.9654 0.2401
vn -0.1014 0.9655 0.2400
vn 0.1982 0.9760 0.0903
vn 0.2278 0.9571 0.1794
vn 0.1985 0.9760 0.0901
vn 0.2281 0.9570 0.1793
vn 0.0095 0.9754 0.2201
vn 0.0501 0.9640 0.2612
vn -0.1025 0.9661 0.2368
vn 0.1981 0.9760 0.0904
vn -0.1013 0.9655 0.2397
vn -0.0997 0.9649 0.2430
vn 0.0079 0.9824 0.1868
vn -0.0993 0.9649 0.2431
vn -0.1016 0.9654 0.2402
vn 0.0500 0.9640 0.2613
vn 0.0077 0.9824 0.1867
vn -0.1012 0.9655 0.2400
vn 0.0497 0.9640 0.2613
vn 0.1919 0.9235 0.3321
vn 0.0076 0.9824 0.1868
vn 0.1920 0.9234 0.3325
vn 0.0504 0.9639 0.2616
vn 0.1420 0.9567 0.2540
vn 0.1170 0.9770 0.1785
vn 0.0499 0.9639 0.2615
vn 0.0385 0.9808 0.1910
vn 0.1167 0.9770 0.1783
vn 0.1422 0.9567 0.2539
vn 0.0502 0.9639 0.2615
vn 0.0382 0.9809 0.1906
vn 0.0102 0.9597 0.2809
vn 0.1170 0.9770 0.1784
vn 0.0387 0.9808 0.1909
vn 0.0101 0.9598 0.2806
vn 0.0386 0.9809 0.1905
vn -0.1025 0.9670 0.2332
vn 0.0385 0.9809 0.1905
vn -0.1024 0.9661 0.2368
vn -0.1024 0.9670 0.2332
vn 0.1382 0.9864 0.0894
vn 0.0099 0.9597 0.2810
vn -0.7186 -0.5033 -0.4798
vn -0.0243 0.9335 0.3578
vn -0.7187 -0.5032 -0.4799
vn 0.0100 0.9598 0.2806
vn 0.0099 0.9598 0.2806
vn -0.1015 0.9679 0.2298
vn -0.0242 0.9335 0.3577
vn 0.0096 0.9598 0.2805
vn -0.1015 0.9680 0.2297
vn 0.0100 0.9597 0.2809
vn 0.1381 0.9864 0.0893
vn 0.1167 0.9771 0.1780
vn -0.7189 -0.5031 -0.4797
vn -0.2141 -0.9437 -0.2523
vn 0.1381 0.9864 0.0895
vn 0.1379 0.9864 0.0894
vn -0.7781 -0.5075 -0.3702
vn -0.7780 -0.5078 -0.3700
vn 0.3402 0.9089 -0.2413
vn 0.3402 0.9088 -0.2414
vn 0.1377 0.9864 0.0895
vn -0.7781 -0.5077 -0.3700
vn -0.9875 -0.0756 -0.1385
vn 0.3404 0.9088 -0.2412
vn 0.5640 0.8223 0.0762
vn 0.1170 0.9771 0.1779
vn -0.9875 -0.0754 -0.1383
vn 0.5408 0.8187 -0.1930
vn 0.5408 0.8188 -0.1928
vn 0.5643 0.8220 0.0764
vn 0.3403 0.9088 -0.2414
vn 0.6182 0.6956 0.3660
vn 0.5643 0.8220 0.0766
vn 0.5407 0.8188 -0.1931
vn 0.5643 0.8220 0.0762
vn 0.1418 0.9567 0.2542
vn 0.1168 0.9771 0.1781
vn 0.5645 0.8219 0.0763
vn 0.6122 0.7834 0.1074
vn 0.1419 0.9567 0.2543
vn 0.6181 0.6956 0.3662
vn 0.6122 0.7833 0.1080
vn 0.5642 0.8221 0.0767
vn -0.8683 -0.1316 0.4783
vn 0.5257 0.6672 0.5277
vn 0.6177 0.6959 0.3663
vn 0.5260 0.6671 0.5276
vn 0.6122 0.7833 0.1079
vn 0.6180 0.6956 0.3663
vn -0.9875 -0.0754 -0.1388
vn 0.6180 0.6955 0.3666
vn 0.5409 0.8187 -0.1929
vn -0.9875 -0.0753 -0.1388
vn -0.8681 -0.1319 0.4785
vn 0.6180 0.6957 0.3663
vn -0.8681 -0.1321 0.4784
vn -0.6580 -0.6650 0.3533
vn 0.5256 0.6672 0.5277
vn 0.5258 0.6671 0.5277
vn -0.6579 -0.6650 0.3534
vn -0.2248 -0.9617 -0.1567
vn 0.5257 0.6671 0.5279
vn -0.2249 -0.9617 -0.1567
vn 0.1923 0.9234 0.3323
vn 0.1923 0.9234 0.3322
vn -0.2251 -0.9617 -0.1564
vn -0.6942 -0.6791 0.2387
vn 0.0078 0.9825 0.1863
vn -0.6943 -0.6789 0.2388
vn -0.6944 -0.6788 0.2389
vn -0.0631 0.9974 -0.0339
vn -0.6943 -0.6788 0.2392
vn -0.1159 -0.9932 -0.0106
vn -0.0630 0.9975 -0.0333
vn -0.6945 -0.6786 0.2390
vn -0.0471 0.9931 0.1077
vn 0.0078 0.9824 0.1867
vn -0.0631 0.9974 -0.0336
vn -0.1162 -0.9932 -0.0106
vn -0.6493 -0.6722 0.3558
vn -0.1709 0.8999 -0.4011
vn -0.6493 -0.6723 0.3556
vn -0.6990 -0.2453 0.6717
vn -0.0630 0.9974 -0.0335
vn -0.6494 -0.6721 0.3557
vn -0.1710 0.8998 -0.4014
vn -0.1707 0.8998 -0.4015
vn -0.6990 -0.2452 0.6718
vn 0.0098 0.8498 -0.5271
vn -0.6988 -0.2455 0.6719
vn 0.5065 0.8305 -0.2319
vn 0.0097 0.8501 -0.5266
vn -0.6989 -0.2452 0.6719
vn -0.1474 -0.1841 0.9718
vn 0.5063 0.8306 -0.2320
vn -0.1477 -0.1841 0.9718
vn 0.0049 -0.6922 0.7217
vn 0.5773 0.8144 -0.0587
vn -0.1474 -0.1839 0.9718
vn 0.5775 0.8143 -0.0586
vn 0.5063 0.8305 -0.2321
vn 0.5772 0.8145 -0.0585
vn 0.2884 0.8742 -0.3906
vn 0.5063 0.8306 -0.2319
vn 0.1672 0.9828 0.0786
vn 0.2885 0.8741 -0.3907
vn 0.5776 0.8142 -0.0585
vn 0.5775 0.8143 -0.0587
vn 0.0050 -0.6923 0.7216
vn -0.0466 -0.9972 0.0581
vn -0.0468 -0.9972 0.0582
vn 0.1674 0.9828 0.0785
vn 0.1673 0.9828 0.0785
vn -0.1001 -0.7327 0.6731
vn -0.1000 -0.7327 0.6732
vn 0.1672 0.9828 0.0784
vn 0.1671 0.9828 0.0784
vn 0.2888 0.8739 -0.3910
vn 0.5061 0.8307 -0.2319
vn 0.2884 0.8742 -0.3907
vn 0.2268 0.8995 -0.3734
vn 0.2269 0.8997 -0.3730
vn 0.2885 0.8740 -0.3910
vn 0.0698 0.9953 0.0676
vn 0.5064 0.8305 -0.2319
vn 0.2268 0.8996 -0.3732
vn 0.0096 0.8498 -0.5270
vn 0.0100 0.8498 -0.5270
vn 0.2267 0.8997 -0.3730
vn -0.1707 0.8997 -0.4017
vn -0.0072 0.9992 0.0387
vn 0.2268 0.8996 -0.3731
vn -0.0070 0.9992 0.0389
vn -0.1708 0.9000 -0.4010
vn -0.0072 0.9992 0.0390
vn -0.0634 0.9974 -0.0337
vn -0.0473 0.9931 0.1076
vn -0.0631 0.9974 -0.0340
vn 0.1919 0.9234 0.3325
vn 0.5258 0.6669 0.5279
vn 0.1420 0.9567 0.2539
vn 0.6121 0.7835 0.1073
vn -0.0244 0.9335 0.3578
vn 0.0027 0.8640 0.5034
vn -0.7188 -0.5029 -0.4801
vn 0.0831 0.9304 0.3569
vn 0.0258 0.9515 0.3066
vn 0.0828 0.9305 0.3568
vn 0.0371 0.9065 0.4206
vn 0.0025 0.8642 0.5032
vn -0.0242 0.9335 0.3578
vn 0.0370 0.9064 0.4208
vn 0.0256 0.9516 0.3063
vn -0.0244 0.9335 0.3577
vn -0.0996 0.9688 0.2269
vn -0.1015 0.9679 0.2297
vn -0.1504 -0.3413 -0.9278
vn 0.0258 0.9516 0.3062
vn -0.0649 0.9386 0.3388
vn -0.0648 0.9386 0.3388
vn 0.0258 0.9516 0.3063
vn -0.0968 0.9696 0.2246
vn 0.0255 0.9516 0.3064
vn -0.0967 0.9696 0.2246
vn -0.1509 -0.3416 -0.9277
vn 0.0832 0.9304 0.3569
vn 0.0833 0.9304 0.3570
vn -0.1507 -0.3415 -0.9277
vn 0.1661 0.9335 0.3178
vn -0.1509 -0.3411 -0.9278
vn -0.0816 -0.8778 -0.4720
vn 0.1662 0.9335 0.3179
vn -0.1505 -0.3414 -0.9278
vn -0.1642 0.8828 0.4401
vn -0.2552 0.8506 0.4598
vn -0.2548 0.8506 0.4600
vn 0.0886 -0.8404 -0.5347
vn -0.1505 -0.3413 -0.9278
vn -0.1493 0.9217 0.3581
vn -0.1508 -0.3413 -0.9278
vn -0.1503 -0.3416 -0.9278
vn -0.1497 0.9216 0.3580
vn -0.1067 0.5820 0.8062
vn -0.1641 0.8829 0.4399
vn -0.0777 0.8934 0.4424
vn -0.1066 0.5820 0.8061
vn -0.1525 0.5362 0.8302
vn -0.0772 0.8935 0.4424
vn -0.1645 0.8827 0.4401
vn -0.1493 0.9216 0.3583
vn -0.2553 0.8506 0.4596
vn -0.1643 0.8829 0.4399
vn -0.1525 0.5363 0.8302
vn -0.4139 0.5038 0.7582
vn -0.1529 0.5361 0.8302
vn -0.1066 0.5820 0.8062
vn -0.2551 0.8506 0.4597
vn -0.1523 0.5357 0.8305
vn -0.5521 0.5399 0.6353
vn -0.5520 0.5396 0.6357
vn -0.1527 0.5361 0.8302
vn -0.4140 0.5034 0.7585
vn -0.4141 0.5038 0.7581
vn -0.1066 0.5821 0.8061
vn 0.1587 0.5343 0.8303
vn 0.3534 0.2364 -0.9051
vn -0.4138 0.5036 0.7584
vn 0.1584 0.5343 0.8303
vn -0.2766 0.2646 -0.9238
vn -0.5517 0.5399 0.6357
vn -0.4140 0.5033 0.7584
vn 0.3534 0.2367 -0.9050
vn -0.2761 0.2644 -0.9240
vn -0.4138 0.5036 0.7583
vn -0.2765 0.2643 -0.9239
vn -0.2676 -0.3219 -0.9082
vn -0.5517 0.5399 0.6358
vn -0.2674 -0.3220 -0.9082
vn 0.0883 -0.8406 -0.5344
vn 0.2627 0.6755 0.6890
vn 0.3536 0.2366 -0.9050
vn 0.1586 0.5340 0.8305
vn 0.2628 0.6756 0.6889
vn 0.4770 -0.2779 -0.8338
vn 0.3538 0.2366 -0.9049
vn 0.0116 0.8732 0.4871
vn 0.1793 -0.8410 -0.5104
vn 0.4770 -0.2777 -0.8339
vn 0.0116 0.8732 0.4872
vn 0.4768 -0.2778 -0.8339
vn 0.2628 0.6754 0.6891
vn -0.0771 0.8933 0.4428
vn 0.5325 -0.3662 -0.7631
vn 0.0115 0.8733 0.4871
vn 0.5325 -0.3666 -0.7629
vn 0.1791 -0.8412 -0.5103
vn 0.0113 0.8733 0.4871
vn 0.2629 0.6755 0.6889
vn -0.0775 0.8935 0.4424
vn 0.0117 0.8734 0.4868
vn 0.1585 0.5342 0.8304
vn 0.2626 0.6757 0.6888
vn 0.2625 0.6756 0.6890
vn -0.1116 0.5791 0.8076
vn -0.0773 0.8935 0.4424
vn -0.5519 0.5397 0.6357
vn 0.0884 -0.8405 -0.5345
vn -0.2550 0.8506 0.4599
vn -0.0775 0.8934 0.4426
vn -0.0707 0.9271 0.3681
vn -0.0773 0.8934 0.4426
vn -0.1492 0.9216 0.3583
vn -0.0708 0.9272 0.3678
vn 0.1659 0.9335 0.3178
vn -0.0814 -0.8780 -0.4718
vn -0.2731 -0.3309 -0.9033
vn 0.5343 0.8084 0.2471
vn -0.2732 -0.3307 -0.9033
vn -0.5156 0.1404 -0.8452
vn 0.1659 0.9335 0.3177
vn -0.2733 -0.3312 -0.9031
vn 0.5343 0.8083 0.2472
vn -0.5155 0.1406 -0.8453
vn 0.6076 0.6770 0.4152
vn 0.6076 0.6770 0.4154
vn 0.4149 0.6797 0.6048
vn 0.5340 0.8084 0.2476
vn 0.5342 0.8084 0.2471
vn 0.4152 0.6794 0.6050
vn 0.0832 0.9305 0.3566
vn 0.5341 0.8085 0.2471
vn 0.0832 0.9306 0.3565
vn 0.1661 0.9336 0.3176
vn 0.2056 0.5492 0.8100
vn 0.4150 0.6796 0.6048
vn 0.6077 0.6769 0.4153
vn 0.4146 0.6797 0.6051
vn 0.0370 0.9064 0.4207
vn 0.0831 0.9305 0.3566
vn 0.4148 0.6795 0.6052
vn 0.4148 0.6317 0.6549
vn 0.0371 0.9065 0.4207
vn 0.2056 0.5494 0.8099
vn 0.4147 0.6318 0.6549
vn 0.4147 0.6797 0.6050
vn -0.5157 0.1406 -0.8452
vn 0.2053 0.5494 0.8100
vn 0.6076 0.6769 0.4155
vn -0.9260 0.0693 -0.3711
vn 0.0200 0.5437 0.8390
vn 0.2054 0.5491 0.8101
vn 0.0197 0.5442 0.8387
vn 0.4147 0.6317 0.6550
vn 0.2054 0.5494 0.8099
vn -0.5156 0.1405 -0.8452
vn -0.9259 0.0692 -0.3714
vn 0.2058 0.5491 0.8100
vn -0.9260 0.0694 -0.3711
vn -0.7803 -0.4990 -0.3770
vn 0.0201 0.5438 0.8390
vn 0.0199 0.5440 0.8388
vn -0.7804 -0.4989 -0.3770
vn -0.1644 -0.8915 -0.4222
vn 0.0197 0.5438 0.8390
vn -0.1643 -0.8914 -0.4225
vn 0.0024 0.8640 0.5034
vn 0.0029 0.8640 0.5035
vn -0.1643 -0.8915 -0.4221
vn -0.7185 -0.5034 -0.4799
vn 0.0026 0.8643 0.5029
vn 0.4146 0.6316 0.6552
vn 0.0197 0.5440 0.8388
vn 0.0023 0.8642 0.5031
vn 0.4149 0.6317 0.6548
vn -0.0650 0.9385 0.3390
vn -0.0966 0.9696 0.2247
vn -0.0932 0.9703 0.2232
vn -0.1495 0.9216 0.3581
vn -0.0662 0.9384 0.3392
vn -0.0931 0.9703 0.2234
vn 0.0079 0.9824 0.1867
vn -0.0992 0.9649 0.2431
vn -0.0168 0.8499 0.5268
vn -0.0931 0.9703 0.2232
vn -0.0967 0.9697 0.2246
vn -0.5217 0.8530 -0.0100
vn -0.5635 0.8163 0.1273
vn -0.5633 0.8165 0.1268
vn -0.5615 0.7814 0.2724
vn -0.5615 0.7814 0.2723
vn -0.5160 0.7527 0.4088
vn -0.0917 0.9673 0.2365
vn -0.5160 0.7525 0.4091
vn -0.4309 0.7321 0.5275
vn -0.0916 0.9673 0.2366
vn -0.4308 0.7324 0.5272
vn -0.3131 0.7213 0.6178
vn -0.1544 0.9252 0.3467
vn -0.1755 0.7216 0.6697
vn -0.3133 0.7213 0.6177
vn -0.3132 0.7214 0.6177
vn -0.1756 0.7218 0.6695
vn -0.0915 0.9673 0.2364
vn -0.1001 -0.7326 0.6732
vn 0.1380 -0.9882 0.0670
vn -0.2829 0.9582 0.0429
vn -0.2830 0.9581 0.0431
vn 0.1379 -0.9882 0.0669
vn 0.0140 -0.6978 0.7161
vn -0.2831 0.9581 0.0430
vn 0.0138 -0.6978 0.7162
vn -0.6053 0.7884 -0.1095
vn -0.6055 0.7883 -0.1095
vn 0.0137 -0.6975 0.7165
vn 0.1280 -0.2385 0.9627
vn 0.1280 -0.2384 0.9627
vn -0.5773 0.7471 -0.3295
vn 0.1281 -0.2385 0.9627
vn -0.0436 0.8504 -0.5244
vn -0.5777 0.7470 -0.3291
vn 0.1281 -0.2383 0.9627
vn 0.6821 -0.0474 0.7298
vn -0.0436 0.8502 -0.5247
vn -0.3381 0.8528 -0.3979
vn -0.5775 0.7470 -0.3294
vn -0.0435 0.8503 -0.5244
vn -0.3076 0.8344 -0.4574
vn -0.3383 0.8528 -0.3978
vn 0.6820 -0.0476 0.7298
vn 0.1353 0.8727 -0.4692
vn -0.0435 0.8499 -0.5251
vn 0.1347 0.8727 -0.4693
vn -0.3073 0.8347 -0.4570
vn -0.0433 0.8503 -0.5246
vn -0.0524 0.9966 -0.0632
vn -0.3075 0.8344 -0.4574
vn 0.1350 0.8725 -0.4696
vn 0.6819 -0.0477 0.7299
vn 0.6989 -0.5602 0.4446
vn 0.1351 0.8725 -0.4695
vn 0.1347 0.8726 -0.4695
vn 0.6989 -0.5600 0.4449
vn 0.2336 -0.9707 0.0570
vn 0.1348 0.8727 -0.4693
vn 0.2337 -0.9706 0.0570
vn -0.0526 0.9966 -0.0632
vn -0.5775 0.7469 -0.3295
vn -0.3379 0.8528 -0.3981
vn -0.6053 0.7884 -0.1094
vn -0.0982 0.9907 0.0938
vn -0.0827 0.9660 0.2449
vn -0.0855 0.9654 0.2464
vn -0.0983 0.9907 0.0937
vn -0.1630 0.9749 0.1515
vn -0.0827 0.9660 0.2448
vn -0.0800 0.9670 0.2420
vn -0.0825 0.9661 0.2447
vn -0.1629 0.9749 0.1516
vn -0.2260 0.9488 0.2206
vn -0.0800 0.9669 0.2421
vn -0.2997 0.9340 0.1945
vn -0.2258 0.9490 0.2200
vn 0.8579 -0.0602 0.5103
vn -0.6091 0.7395 -0.2867
vn -0.7697 0.5885 0.2475
vn 0.8577 -0.0602 0.5105
vn 0.9830 0.1731 -0.0618
vn -0.6091 0.7395 -0.2868
vn 0.9830 0.1728 -0.0619
vn -0.4617 0.7973 -0.3888
vn -0.6090 0.7395 -0.2869
vn 0.9830 0.1727 -0.0621
vn 0.8908 -0.3696 -0.2643
vn -0.4617 0.7972 -0.3890
vn -0.4618 0.7972 -0.3888
vn 0.8908 -0.3695 -0.2644
vn 0.4000 -0.9026 -0.1589
vn -0.0806 0.9669 0.2421
vn 0.2377 0.7839 0.5735
vn 0.3343 0.8187 0.4668
vn 0.3340 0.8190 0.4665
vn -0.0918 0.9672 0.2367
vn 0.3933 0.8560 0.3354
vn 0.4088 0.8916 0.1945
vn -0.0916 0.9672 0.2367
vn 0.2180 0.9615 -0.1675
vn 0.0975 0.9665 -0.2373
vn -0.0917 0.9673 0.2363
vn -0.0074 0.9915 0.1296
vn 0.0970 0.9667 -0.2366
vn 0.2177 0.9616 -0.1673
vn 0.0971 0.9666 -0.2371
vn -0.0411 0.9929 0.1113
vn 0.0978 0.9665 -0.2372
vn -0.0072 0.9915 0.1296
vn -0.0408 0.9930 0.1110
vn 0.0972 0.9667 -0.2368
vn -0.1715 0.9414 0.2903
vn -0.1506 0.9388 0.3097
vn -0.0071 0.9915 0.1296
vn -0.1508 0.9387 0.3100
vn -0.0412 0.9930 0.1110
vn -0.1509 0.9388 0.3097
vn -0.1265 0.9372 0.3252
vn -0.0411 0.9929 0.1112
vn -0.2791 0.8403 0.4648
vn -0.1267 0.9372 0.3250
vn -0.1508 0.9388 0.3097
vn -0.3410 0.8503 0.4008
vn -0.1717 0.9413 0.2906
vn -0.3412 0.8502 0.4008
vn -0.2787 0.8404 0.4648
vn -0.3408 0.8503 0.4011
vn -0.0836 0.9704 0.2267
vn -0.2793 0.8401 0.4650
vn -0.4191 0.4968 0.7600
vn -0.2257 0.6133 0.7569
vn -0.2790 0.8403 0.4648
vn -0.2006 0.8368 0.5094
vn 0.0969 -0.9614 -0.2574
vn 0.2042 -0.9329 0.2966
vn 0.0887 -0.9658 -0.2435
vn 0.0967 -0.9615 -0.2574
vn 0.2542 -0.9327 0.2557
vn 0.1947 -0.9342 0.2989
vn 0.3408 -0.9205 0.1911
vn 0.2538 -0.9328 0.2558
vn 0.0967 -0.9614 -0.2575
vn 0.0752 -0.9646 -0.2528
vn 0.0967 -0.9616 -0.2570
vn 0.0888 -0.9660 -0.2430
vn 0.3409 -0.9205 0.1911
vn 0.0967 -0.9615 -0.2573
vn 0.1146 -0.9601 -0.2551
vn 0.0598 -0.9680 -0.2438
vn 0.1148 -0.9601 -0.2550
vn 0.0970 -0.9615 -0.2573
vn 0.0599 -0.9680 -0.2438
vn 0.1250 -0.9512 0.2820
vn 0.0752 -0.9645 -0.2530
vn 0.0203 -0.9664 0.2564
vn 0.0753 -0.9645 -0.2531
vn 0.1245 -0.9513 0.2822
vn 0.0203 -0.9664 0.2563
vn 0.0598 -0.9680 -0.2439
vn 0.0991 -0.8486 0.5197
vn 0.1248 -0.9513 0.2819
vn 0.1946 -0.9343 0.2988
vn 0.1247 -0.9513 0.2819
vn -0.0367 -0.8574 0.5133
vn 0.0200 -0.9664 0.2562
vn 0.1245 -0.9514 0.2818
vn -0.0366 -0.8576 0.5131
vn 0.1248 -0.9513 0.2818
vn 0.0989 -0.8486 0.5197
vn 0.0990 -0.8487 0.5196
vn 0.1945 -0.9343 0.2987
vn 0.2229 -0.8294 0.5122
vn -0.0365 -0.8574 0.5134
vn 0.0994 -0.8483 0.5200
vn 0.0487 -0.7648 0.6425
vn 0.0491 -0.7647 0.6425
vn 0.0991 -0.8485 0.5198
vn 0.2227 -0.8292 0.5127
vn 0.2546 -0.9326 0.2556
vn 0.2300 -0.8286 0.5104
vn 0.3405 -0.8140 0.4706
vn 0.2233 -0.8293 0.5122
vn 0.2230 -0.8291 0.5127
vn 0.3401 -0.8139 0.4710
vn 0.4091 -0.7132 0.5692
vn 0.2229 -0.8292 0.5126
vn 0.4090 -0.7132 0.5693
vn 0.2354 -0.7483 0.6202
vn 0.0488 -0.7648 0.6424
vn 0.2230 -0.8292 0.5125
vn 0.2334 -0.7485 0.6207
vn 0.0505 -0.7042 0.7082
vn 0.0489 -0.7646 0.6427
vn 0.2333 -0.7482 0.6211
vn 0.0505 -0.7044 0.7080
vn 0.2336 -0.7482 0.6210
vn 0.2387 -0.6733 0.6997
vn 0.2334 -0.7483 0.6210
vn 0.4165 -0.6519 0.6336
vn 0.2485 -0.6726 0.6971
vn 0.2334 -0.7481 0.6211
vn 0.4089 -0.7129 0.5697
vn 0.4165 -0.6519 0.6337
vn 0.0856 -0.5875 0.8047
vn 0.0505 -0.7041 0.7083
vn 0.2387 -0.6730 0.7001
vn 0.2388 -0.6730 0.7001
vn 0.4163 -0.6517 0.6340
vn 0.3912 -0.5438 0.7424
vn 0.2388 -0.6728 0.7002
vn 0.3911 -0.5437 0.7426
vn 0.2460 -0.5558 0.7941
vn 0.0854 -0.5875 0.8047
vn 0.2387 -0.6729 0.7002
vn 0.2414 -0.5562 0.7952
vn 0.1047 -0.4113 0.9054
vn 0.0856 -0.5872 0.8049
vn 0.2413 -0.5558 0.7955
vn -0.0993 -0.6163 0.7812
vn 0.0856 -0.5870 0.8050
vn 0.1046 -0.4113 0.9055
vn -0.0895 -0.7225 0.6856
vn 0.0507 -0.7041 0.7083
vn 0.0853 -0.5874 0.8048
vn -0.0897 -0.7225 0.6856
vn 0.0854 -0.5873 0.8049
vn -0.0992 -0.6163 0.7812
vn -0.3423 -0.4841 0.8053
vn -0.3498 -0.6262 0.6968
vn -0.0991 -0.6165 0.7811
vn -0.3503 -0.6257 0.6970
vn -0.0895 -0.7224 0.6857
vn -0.0993 -0.6160 0.7814
vn -0.3422 -0.4841 0.8053
vn -0.0992 -0.6165 0.7811
vn -0.0808 -0.4429 0.8929
vn -0.0993 -0.6163 0.7813
vn 0.1046 -0.4111 0.9056
vn -0.0803 -0.4430 0.8929
vn -0.0806 -0.4429 0.8930
vn 0.1046 -0.4109 0.9056
vn 0.1129 -0.2266 0.9674
vn -0.2934 -0.3042 0.9063
vn -0.3419 -0.4844 0.8053
vn -0.0803 -0.4433 0.8928
vn -0.0804 -0.4430 0.8929
vn 0.1128 -0.2267 0.9674
vn -0.0346 -0.2601 0.9650
vn -0.2932 -0.3045 0.9062
vn -0.0801 -0.4429 0.8930
vn -0.0347 -0.2600 0.9650
vn -0.2493 -0.0349 0.9678
vn -0.2931 -0.3049 0.9062
vn -0.0348 -0.2602 0.9649
vn -0.6137 -0.3053 0.7281
vn -0.2931 -0.3046 0.9062
vn -0.2495 -0.0349 0.9677
vn -0.6272 -0.4801 0.6133
vn -0.3424 -0.4841 0.8053
vn -0.2935 -0.3047 0.9061
vn -0.6270 -0.4800 0.6135
vn -0.2933 -0.3045 0.9062
vn -0.6136 -0.3059 0.7280
vn -0.8179 -0.2738 0.5060
vn -0.6269 -0.4807 0.6131
vn -0.6134 -0.3057 0.7282
vn -0.2495 -0.0347 0.9678
vn -0.5764 -0.0238 0.8168
vn -0.8041 -0.0108 0.5944
vn -0.6136 -0.3057 0.7281
vn -0.5762 -0.0239 0.8170
vn -0.8041 -0.0107 0.5945
vn -0.8178 -0.2741 0.5060
vn -0.9483 -0.2127 0.2355
vn -0.8180 -0.2738 0.5058
vn -0.8042 -0.0105 0.5943
vn -0.9416 0.0258 0.3357
vn -0.8040 -0.0108 0.5945
vn -0.6926 0.3583 0.6261
vn -0.9483 -0.2127 0.2356
vn -0.8042 -0.0106 0.5943
vn -0.9417 0.0259 0.3356
vn -0.6927 0.3580 0.6260
vn -0.8041 -0.0109 0.5944
vn -0.5767 -0.0238 0.8166
vn -0.9128 -0.3848 0.1368
vn -0.8181 -0.2736 0.5059
vn -0.9482 -0.2128 0.2358
vn -0.9127 -0.3850 0.1370
vn -0.7956 -0.4473 0.4086
vn -0.8181 -0.2735 0.5059
vn -0.8646 -0.4995 0.0532
vn -0.7956 -0.4473 0.4085
vn -0.9129 -0.3848 0.1365
vn -0.8050 -0.5927 -0.0252
vn -0.7650 -0.5548 0.3270
vn -0.8647 -0.4995 0.0531
vn -0.8647 -0.4994 0.0533
vn -0.7651 -0.5547 0.3270
vn -0.7956 -0.4475 0.4084
vn -0.7651 -0.5548 0.3270
vn -0.6193 -0.5946 0.5127
vn -0.7245 -0.6391 0.2582
vn -0.5862 -0.6823 0.4368
vn -0.8050 -0.5927 -0.0253
vn -0.7652 -0.5545 0.3271
vn -0.7650 -0.5549 0.3270
vn -0.5862 -0.6823 0.4369
vn -0.6194 -0.5947 0.5126
vn -0.5865 -0.6818 0.4372
vn -0.3500 -0.6260 0.6969
vn -0.6194 -0.5944 0.5129
vn -0.6196 -0.5941 0.5130
vn -0.3421 -0.4842 0.8053
vn -0.6271 -0.4803 0.6133
vn -0.6196 -0.5942 0.5128
vn -0.3504 -0.6258 0.6968
vn -0.3423 -0.4843 0.8052
vn -0.7955 -0.4476 0.4084
vn -0.6269 -0.4805 0.6133
vn -0.5865 -0.6819 0.4370
vn -0.3162 -0.7254 0.6114
vn -0.3502 -0.6259 0.6968
vn -0.5323 -0.7656 0.3614
vn -0.3158 -0.7254 0.6116
vn -0.5863 -0.6820 0.4371
vn -0.7245 -0.6391 0.2583
vn -0.5320 -0.7658 0.3613
vn -0.5864 -0.6823 0.4366
vn -0.5324 -0.7655 0.3614
vn -0.2878 -0.7852 0.5482
vn -0.3158 -0.7255 0.6114
vn -0.4339 -0.8682 0.2409
vn -0.2878 -0.7853 0.5482
vn -0.5325 -0.7655 0.3613
vn -0.6539 -0.7365 0.1731
vn -0.4341 -0.8679 0.2413
vn -0.5321 -0.7657 0.3612
vn -0.7247 -0.6389 0.2580
vn -0.6540 -0.7364 0.1730
vn -0.5321 -0.7658 0.3613
vn -0.7030 -0.6992 -0.1299
vn -0.6539 -0.7366 0.1727
vn -0.6542 -0.7363 0.1730
vn -0.5393 -0.8415 0.0311
vn -0.4340 -0.8680 0.2412
vn -0.5695 -0.7769 -0.2684
vn -0.5395 -0.8414 0.0307
vn -0.5694 -0.7769 -0.2686
vn -0.6540 -0.7365 0.1727
vn -0.7028 -0.6994 -0.1297
vn -0.5695 -0.7769 -0.2687
vn -0.3861 -0.9104 -0.1487
vn -0.5393 -0.8415 0.0310
vn -0.5694 -0.7770 -0.2685
vn -0.4340 -0.8144 -0.3852
vn -0.3860 -0.9104 -0.1489
vn 0.0063 -0.9470 -0.3211
vn -0.4341 -0.8143 -0.3852
vn -0.0628 -0.9409 -0.3327
vn 0.0062 -0.9471 -0.3209
vn -0.3859 -0.9105 -0.1485
vn -0.4342 -0.8143 -0.3852
vn -0.0628 -0.9410 -0.3325
vn 0.1268 -0.9299 -0.3453
vn 0.0165 -0.9462 -0.3233
vn 0.1271 -0.9298 -0.3455
vn -0.0627 -0.9409 -0.3328
vn 0.1816 -0.9060 -0.3823
vn 0.1269 -0.9298 -0.3455
vn 0.5424 -0.8365 -0.0773
vn 0.1481 -0.9481 -0.2815
vn 0.1268 -0.9298 -0.3456
vn 0.5295 -0.7794 -0.3350
vn 0.5422 -0.8367 -0.0772
vn 0.4556 -0.6869 -0.5662
vn 0.5295 -0.7794 -0.3349
vn 0.1269 -0.9299 -0.3453
vn 0.0063 -0.9470 -0.3210
vn 0.1268 -0.9299 -0.3454
vn 0.1450 -0.9490 -0.2799
vn 0.1267 -0.9298 -0.3455
vn 0.1819 -0.9058 -0.3826
vn 0.4558 -0.6870 -0.5659
vn 0.7150 -0.6620 -0.2247
vn 0.5292 -0.7796 -0.3350
vn 0.4557 -0.6869 -0.5661
vn 0.6095 -0.6081 -0.5087
vn 0.7154 -0.6618 -0.2242
vn 0.8425 -0.5224 -0.1316
vn 0.7151 -0.6620 -0.2244
vn 0.6098 -0.6081 -0.5083
vn 0.8424 -0.5224 -0.1317
vn 0.6097 -0.6081 -0.5084
vn 0.7602 -0.4895 -0.4272
vn 0.9114 -0.4048 -0.0746
vn 0.8424 -0.5227 -0.1314
vn 0.7599 -0.4898 -0.4274
vn 0.9113 -0.4050 -0.0745
vn 0.7600 -0.4898 -0.4273
vn 0.8614 -0.3542 -0.3640
vn 0.9508 -0.3092 -0.0220
vn 0.8614 -0.3541 -0.3641
vn 0.9190 -0.2440 -0.3097
vn 0.9508 -0.3090 -0.0218
vn 0.9113 -0.4050 -0.0744
vn 0.8613 -0.3543 -0.3641
vn 0.9800 -0.1932 0.0472
vn 0.9626 -0.1164 -0.2448
vn 0.9800 -0.1931 0.0473
vn 0.9190 -0.2443 -0.3094
vn 0.9039 -0.3765 0.2029
vn 0.9800 -0.1934 0.0470
vn 0.9184 -0.2594 0.2987
vn 0.9039 -0.3765 0.2030
vn 0.9508 -0.3090 -0.0222
vn 0.9800 -0.1932 0.0473
vn 0.9183 -0.2593 0.2992
vn 0.9800 -0.1934 0.0476
vn 0.9903 -0.0150 0.1381
vn 0.9903 -0.0148 0.1380
vn 0.9626 -0.1164 -0.2446
vn 0.9183 -0.2593 0.2991
vn 0.9903 -0.0152 0.1381
vn 0.9034 -0.0888 0.4196
vn 0.9034 -0.0887 0.4196
vn 0.9903 -0.0154 0.1380
vn 0.9409 0.2392 0.2396
vn 0.9411 0.2393 0.2390
vn 0.9903 -0.0151 0.1381
vn 0.9854 0.0641 -0.1576
vn 0.9903 -0.0147 0.1382
vn 0.9855 0.0639 -0.1574
vn 0.9410 0.2393 0.2394
vn 0.9854 0.0641 -0.1575
vn 0.9536 0.2970 -0.0499
vn 0.7552 0.5654 0.3316
vn 0.9536 0.2971 -0.0497
vn 0.8014 0.5928 0.0789
vn 0.7552 0.5655 0.3314
vn 0.9410 0.2389 0.2397
vn 0.9535 0.2972 -0.0496
vn 0.8286 0.1777 0.5308
vn 0.7553 0.5653 0.3316
vn 0.6396 0.5015 0.5826
vn 0.6395 0.5015 0.5827
vn 0.7552 0.5656 0.3312
vn 0.3777 0.8681 0.3220
vn 0.3778 0.8680 0.3223
vn 0.8016 0.5926 0.0787
vn 0.8286 0.1776 0.5308
vn 0.9410 0.2388 0.2398
vn 0.7553 0.5654 0.3316
vn 0.6005 0.0868 0.7949
vn 0.9035 -0.0884 0.4193
vn 0.8285 0.1773 0.5311
vn 0.9033 -0.0887 0.4197
vn 0.9411 0.2390 0.2393
vn 0.8283 0.1774 0.5314
vn 0.4686 0.4307 0.7713
vn 0.8285 0.1775 0.5312
vn 0.6395 0.5016 0.5826
vn 0.4591 0.4354 0.7744
vn 0.6003 0.0865 0.7950
vn 0.8286 0.1774 0.5310
vn 0.4705 -0.1875 0.8623
vn 0.6004 0.0867 0.7950
vn 0.4019 0.0409 0.9148
vn 0.4704 -0.1877 0.8623
vn 0.6883 -0.1644 0.7065
vn 0.6004 0.0869 0.7950
vn 0.6003 0.0869 0.7951
vn 0.6884 -0.1641 0.7065
vn 0.9034 -0.0881 0.4196
vn 0.4017 0.0409 0.9148
vn 0.6004 0.0866 0.7950
vn 0.4689 0.4306 0.7712
vn 0.2699 0.0311 0.9624
vn 0.4703 -0.1873 0.8624
vn 0.4019 0.0408 0.9148
vn 0.4021 0.0410 0.9147
vn 0.4690 0.4307 0.7711
vn 0.3344 0.3710 0.8663
vn 0.1921 0.3520 0.9161
vn 0.4017 0.0411 0.9148
vn 0.3344 0.3708 0.8664
vn 0.1920 0.3519 0.9161
vn 0.2698 0.0312 0.9624
vn 0.4021 0.0409 0.9147
vn 0.1962 0.0220 0.9803
vn 0.1922 0.3518 0.9161
vn 0.1374 0.3287 0.9344
vn 0.1428 0.3299 0.9332
vn 0.1921 0.3521 0.9160
vn 0.1285 0.6046 0.7861
vn 0.1284 0.6045 0.7862
vn 0.1963 0.0220 0.9803
vn 0.2698 0.0311 0.9624
vn 0.1922 0.3520 0.9161
vn 0.0863 0.3368 0.9376
vn 0.1221 0.0099 0.9925
vn 0.1218 0.0095 0.9925
vn 0.2240 -0.2183 0.9498
vn 0.1958 0.0217 0.9804
vn 0.2245 -0.2183 0.9497
vn 0.2700 0.0308 0.9624
vn 0.1959 0.0215 0.9804
vn 0.1422 0.3295 0.9334
vn 0.0247 0.5897 0.8072
vn 0.0862 0.3370 0.9376
vn 0.1426 0.3299 0.9332
vn -0.0635 0.3139 0.9473
vn 0.0863 0.3369 0.9376
vn 0.0252 0.5898 0.8072
vn -0.0158 -0.0189 0.9997
vn 0.1218 0.0100 0.9925
vn 0.0865 0.3369 0.9376
vn -0.0159 -0.0186 0.9997
vn -0.0636 0.3138 0.9473
vn -0.2483 0.6444 0.7232
vn -0.2348 0.3298 0.9144
vn -0.0636 0.3138 0.9474
vn -0.2350 0.3299 0.9143
vn -0.0157 -0.0186 0.9997
vn -0.0638 0.3138 0.9474
vn -0.2484 0.6445 0.7231
vn -0.1424 0.6027 0.7852
vn 0.0246 0.5900 0.8070
vn -0.1422 0.6028 0.7851
vn 0.0247 0.5899 0.8071
vn -0.1009 0.9695 0.2233
vn -0.1426 0.6028 0.7850
vn -0.1423 0.6028 0.7851
vn -0.1006 0.9712 0.2158
vn -0.2485 0.6445 0.7231
vn -0.1423 0.6029 0.7850
vn -0.1009 0.9696 0.2229
vn -0.1005 0.9713 0.2158
vn -0.2485 0.6444 0.7232
vn -0.0997 0.9714 0.2156
vn -0.1009 0.9712 0.2159
vn -0.1009 0.9712 0.2157
vn -0.1070 0.9701 0.2178
vn -0.4442 0.7503 0.4897
vn -0.2482 0.6446 0.7231
vn -0.1009 0.9713 0.2153
vn -0.3376 0.7161 0.6109
vn -0.1011 0.9712 0.2158
vn -0.3379 0.7159 0.6110
vn -0.4770 0.3417 0.8097
vn -0.2481 0.6445 0.7232
vn -0.4445 0.7504 0.4891
vn -0.4769 0.3417 0.8098
vn -0.6928 0.3580 0.6260
vn -0.5766 -0.0235 0.8167
vn -0.4771 0.3418 0.8097
vn -0.5765 -0.0237 0.8168
vn -0.4771 0.3418 0.8096
vn -0.4768 0.3416 0.8099
vn -0.2349 0.3300 0.9143
vn -0.2481 0.6446 0.7231
vn -0.4444 0.7505 0.4891
vn -0.6929 0.3582 0.6257
vn -0.8378 0.3581 0.4121
vn -0.6928 0.3582 0.6258
vn -0.4443 0.7503 0.4895
vn -0.4445 0.7504 0.4892
vn -0.1066 0.9708 0.2150
vn -0.5077 0.7732 0.3801
vn -0.8379 0.3580 0.4120
vn -0.4442 0.7502 0.4897
vn -0.5078 0.7733 0.3797
vn -0.4442 0.7505 0.4894
vn -0.1068 0.9701 0.2179
vn -0.1069 0.9707 0.2152
vn -0.8377 0.3582 0.4123
vn 0.0245 0.5900 0.8070
vn -0.0939 0.9693 0.2271
vn -0.1008 0.9695 0.2233
vn -0.0935 0.9703 0.2232
vn -0.0941 0.9693 0.2273
vn 0.0246 0.5901 0.8069
vn 0.0821 0.5788 0.8113
vn -0.0913 0.9697 0.2266
vn -0.0936 0.9703 0.2232
vn 0.0821 0.5787 0.8114
vn 0.0244 0.5897 0.8073
vn 0.1426 0.3297 0.9332
vn 0.0819 0.5784 0.8116
vn 0.1426 0.3298 0.9332
vn 0.1284 0.6046 0.7861
vn 0.0783 0.5778 0.8124
vn -0.0913 0.9697 0.2267
vn 0.0822 0.5788 0.8113
vn 0.1284 0.6050 0.7858
vn -0.0914 0.9697 0.2265
vn 0.2640 0.6613 0.7022
vn -0.0870 0.9715 0.2203
vn -0.0908 0.9697 0.2267
vn 0.1284 0.6048 0.7860
vn 0.2639 0.6612 0.7023
vn 0.1281 0.6048 0.7860
vn 0.3344 0.3708 0.8665
vn 0.2642 0.6608 0.7025
vn 0.3230 0.7261 0.6070
vn 0.2638 0.6609 0.7026
vn -0.0868 0.9716 0.2203
vn 0.2640 0.6610 0.7024
vn 0.3228 0.7261 0.6071
vn 0.3347 0.3707 0.8663
vn 0.4687 0.4306 0.7713
vn 0.3227 0.7262 0.6070
vn 0.3227 0.7262 0.6071
vn 0.4692 0.4304 0.7711
vn 0.6397 0.5011 0.5828
vn 0.3226 0.7261 0.6073
vn 0.3392 0.8130 0.4733
vn -0.0905 0.9727 0.2136
vn 0.3226 0.7263 0.6070
vn 0.3393 0.8130 0.4732
vn -0.0869 0.9715 0.2204
vn -0.0906 0.9727 0.2138
vn -0.0905 0.9726 0.2143
vn 0.3394 0.8130 0.4732
vn -0.0904 0.9727 0.2136
vn -0.0839 0.9735 0.2129
vn -0.0902 0.9728 0.2135
vn 0.3393 0.8130 0.4731
vn -0.0837 0.9734 0.2131
vn 0.3856 0.9011 0.1983
vn -0.0851 0.9738 0.2108
vn -0.0837 0.9734 0.2132
vn 0.3779 0.8680 0.3222
vn 0.3856 0.9011 0.1984
vn -0.0837 0.9735 0.2130
vn 0.3776 0.8679 0.3226
vn 0.3779 0.8679 0.3225
vn 0.8015 0.5928 0.0785
vn 0.3859 0.9011 0.1980
vn 0.6397 0.5013 0.5827
vn 0.3394 0.8129 0.4733
vn -0.2349 0.3299 0.9143
vn -0.2495 -0.0350 0.9677
vn -0.2492 -0.0350 0.9678
vn -0.2345 0.3300 0.9144
vn -0.0349 -0.2596 0.9651
vn 0.1219 0.0099 0.9925
vn -0.0157 -0.0189 0.9997
vn -0.0346 -0.2598 0.9650
vn -0.0155 -0.0188 0.9997
vn 0.1215 0.0097 0.9925
vn 0.1126 -0.2261 0.9676
vn 0.2245 -0.2184 0.9497
vn 0.1127 -0.2266 0.9675
vn 0.2371 -0.3971 0.8866
vn 0.2243 -0.2188 0.9496
vn 0.2247 -0.2182 0.9497
vn 0.3321 -0.1946 0.9230
vn 0.2700 0.0311 0.9624
vn 0.2372 -0.3970 0.8866
vn 0.3321 -0.1952 0.9228
vn 0.2345 -0.2183 0.9473
vn 0.1127 -0.2267 0.9674
vn 0.1047 -0.4109 0.9056
vn 0.2372 -0.3967 0.8868
vn 0.1047 -0.4114 0.9054
vn 0.2414 -0.5559 0.7954
vn 0.2371 -0.3975 0.8864
vn 0.3651 -0.3740 0.8525
vn 0.2386 -0.3972 0.8862
vn 0.2371 -0.3968 0.8868
vn 0.3653 -0.3735 0.8527
vn 0.3322 -0.1953 0.9228
vn 0.2414 -0.5557 0.7956
vn 0.3910 -0.5433 0.7429
vn 0.3652 -0.3740 0.8525
vn 0.3653 -0.3738 0.8526
vn 0.5532 -0.5227 0.6486
vn 0.5327 -0.3554 0.7681
vn 0.3650 -0.3740 0.8526
vn 0.3913 -0.5433 0.7428
vn 0.5533 -0.5229 0.6484
vn 0.3319 -0.1952 0.9229
vn 0.3653 -0.3736 0.8526
vn 0.5327 -0.3551 0.7682
vn 0.5529 -0.5232 0.6485
vn 0.7412 -0.3292 0.5851
vn 0.5323 -0.3551 0.7685
vn 0.5325 -0.3555 0.7681
vn 0.7412 -0.3295 0.5848
vn 0.6884 -0.1638 0.7066
vn 0.5326 -0.3553 0.7682
vn 0.6883 -0.1640 0.7066
vn 0.4702 -0.1875 0.8624
vn 0.3321 -0.1953 0.9228
vn 0.5325 -0.3551 0.7684
vn 0.4703 -0.1878 0.8623
vn 0.5530 -0.5232 0.6485
vn 0.7451 -0.4693 0.4739
vn 0.7413 -0.3290 0.5850
vn 0.7414 -0.3291 0.5849
vn 0.7451 -0.4690 0.4742
vn 0.9041 -0.3760 0.2031
vn 0.6883 -0.1637 0.7067
vn 0.7414 -0.3290 0.5849
vn 0.9185 -0.2588 0.2991
vn 0.7413 -0.3292 0.5849
vn 0.9040 -0.3761 0.2033
vn 0.9185 -0.2590 0.2989
vn 0.5365 -0.6328 0.5583
vn 0.7450 -0.4691 0.4744
vn 0.5530 -0.5227 0.6488
vn 0.7450 -0.4693 0.4742
vn 0.8694 -0.4736 0.1411
vn 0.9040 -0.3762 0.2030
vn 0.7451 -0.4692 0.4740
vn 0.7090 -0.5787 0.4031
vn 0.8694 -0.4735 0.1410
vn 0.5363 -0.6329 0.5583
vn 0.7088 -0.5792 0.4026
vn 0.7452 -0.4692 0.4738
vn 0.4165 -0.6520 0.6336
vn 0.5183 -0.6779 0.5213
vn 0.5365 -0.6329 0.5582
vn 0.5182 -0.6779 0.5214
vn 0.7088 -0.5791 0.4029
vn 0.3912 -0.5435 0.7427
vn 0.5531 -0.5231 0.6485
vn 0.3908 -0.5437 0.7428
vn 0.4168 -0.6518 0.6336
vn 0.4091 -0.7132 0.5691
vn 0.4601 -0.7863 0.4124
vn 0.5183 -0.6780 0.5213
vn 0.4601 -0.7862 0.4125
vn 0.6757 -0.6478 0.3519
vn 0.5183 -0.6780 0.5212
vn 0.5182 -0.6779 0.5215
vn 0.7087 -0.5793 0.4027
vn 0.4163 -0.6518 0.6339
vn 0.4093 -0.7132 0.5691
vn 0.6759 -0.6474 0.3522
vn 0.6058 -0.7615 0.2307
vn 0.7098 -0.7043 0.0085
vn 0.4598 -0.7866 0.4120
vn 0.6055 -0.7617 0.2306
vn 0.6758 -0.6476 0.3521
vn 0.7089 -0.5788 0.4031
vn 0.8152 -0.5726 0.0874
vn 0.6758 -0.6474 0.3524
vn 0.7097 -0.7044 0.0084
vn 0.8152 -0.5726 0.0873
vn 0.7098 -0.7043 0.0086
vn 0.8425 -0.5224 -0.1312
vn 0.8149 -0.5730 0.0872
vn 0.8149 -0.5729 0.0874
vn 0.9113 -0.4049 -0.0746
vn 0.8691 -0.4741 0.1408
vn 0.8149 -0.5730 0.0873
vn 0.8427 -0.5222 -0.1313
vn 0.7088 -0.5787 0.4034
vn 0.8151 -0.5727 0.0875
vn 0.8695 -0.4735 0.1409
vn 0.5292 -0.7794 -0.3353
vn 0.5424 -0.8365 -0.0775
vn 0.5292 -0.7794 -0.3352
vn 0.7150 -0.6622 -0.2241
vn 0.7099 -0.7043 0.0086
vn 0.7099 -0.7042 0.0086
vn 0.7154 -0.6618 -0.2241
vn 0.8427 -0.5221 -0.1311
vn 0.5421 -0.8367 -0.0777
vn 0.7099 -0.7042 0.0085
vn 0.6058 -0.7614 0.2307
vn 0.4507 -0.8908 0.0577
vn 0.4599 -0.7863 0.4126
vn 0.5424 -0.8365 -0.0778
vn 0.6055 -0.7616 0.2307
vn 0.4504 -0.8910 0.0575
vn 0.4508 -0.8908 0.0578
vn 0.1142 -0.9538 -0.2780
vn 0.1449 -0.9490 -0.2798
vn 0.3405 -0.9206 0.1914
vn 0.1144 -0.9537 -0.2781
vn 0.4505 -0.8909 0.0575
vn 0.4506 -0.8909 0.0579
vn 0.4601 -0.7862 0.4124
vn 0.3407 -0.9206 0.1908
vn 0.4508 -0.8907 0.0578
vn 0.1448 -0.9491 -0.2799
vn 0.5424 -0.8365 -0.0776
vn 0.0494 -0.9629 -0.2652
vn 0.1143 -0.9537 -0.2783
vn 0.1150 -0.9600 -0.2554
vn 0.3408 -0.9205 0.1913
vn 0.1146 -0.9601 -0.2550
vn 0.1142 -0.9538 -0.2781
vn 0.0207 -0.9668 -0.2549
vn 0.1447 -0.9490 -0.2802
vn 0.1147 -0.9536 -0.2784
vn 0.0206 -0.9667 -0.2549
vn 0.0497 -0.9629 -0.2653
vn 0.0497 -0.9629 -0.2651
vn 0.1146 -0.9600 -0.2553
vn 0.0599 -0.9679 -0.2442
vn 0.0496 -0.9631 -0.2647
vn -0.2832 -0.9548 0.0906
vn 0.0210 -0.9668 -0.2547
vn 0.0495 -0.9630 -0.2649
vn -0.1359 -0.9748 0.1771
vn -0.2833 -0.9548 0.0903
vn -0.1359 -0.9748 0.1769
vn 0.0495 -0.9630 -0.2650
vn -0.2413 -0.8829 0.4028
vn -0.1357 -0.9748 0.1771
vn 0.0208 -0.9665 0.2560
vn 0.0206 -0.9664 0.2563
vn -0.1359 -0.9748 0.1768
vn -0.4339 -0.8681 0.2410
vn -0.1358 -0.9749 0.1766
vn -0.4341 -0.8680 0.2413
vn -0.2415 -0.8827 0.4030
vn -0.2876 -0.7855 0.5480
vn -0.2412 -0.8829 0.4029
vn -0.0364 -0.8576 0.5130
vn -0.2414 -0.8828 0.4030
vn -0.2874 -0.7854 0.5482
vn -0.2413 -0.8829 0.4027
vn 0.0204 -0.9664 0.2561
vn -0.0363 -0.8573 0.5135
vn -0.2832 -0.9548 0.0908
vn 0.0062 -0.9471 -0.3208
vn 0.0207 -0.9668 -0.2546
vn -0.5392 -0.8416 0.0309
vn -0.2833 -0.9547 0.0906
vn -0.2864 -0.9538 0.0907
vn -0.3860 -0.9104 -0.1490
vn -0.5395 -0.8414 0.0308
vn -0.3857 -0.9105 -0.1491
vn -0.2834 -0.9547 0.0906
vn 0.0064 -0.9471 -0.3208
vn 0.1448 -0.9491 -0.2797
vn 0.0118 -0.9675 -0.2525
vn 0.4088 -0.7133 0.5693
vn 0.3406 -0.8137 0.4711
vn 0.4600 -0.7863 0.4124
vn 0.4600 -0.7865 0.4122
vn 0.3346 -0.8152 0.4727
vn 0.8693 -0.4738 0.1405
vn 0.9507 -0.3093 -0.0220
vn 0.8692 -0.4740 0.1406
vn 0.9507 -0.3093 -0.0219
vn 0.9039 -0.3764 0.2031
vn 0.2699 0.0309 0.9624
vn 0.3320 -0.1947 0.9230
vn 0.4704 -0.1875 0.8623
vn -0.0348 -0.2598 0.9650
vn 0.1127 -0.2263 0.9675
vn 0.1219 0.0098 0.9925
vn 0.6884 -0.1639 0.7065
vn 0.9185 -0.2586 0.2991
vn 0.9034 -0.0886 0.4196
vn -0.7030 -0.6993 -0.1297
vn -0.7246 -0.6391 0.2579
vn -0.8050 -0.5928 -0.0250
vn -0.3157 -0.7258 0.6111
vn -0.2875 -0.7855 0.5480
vn -0.0754 -0.7629 0.6421
vn -0.2877 -0.7855 0.5478
vn -0.0365 -0.8574 0.5133
vn -0.0752 -0.7629 0.6421
vn -0.3157 -0.7257 0.6112
vn -0.0755 -0.7628 0.6422
vn -0.0366 -0.8573 0.5135
vn 0.0489 -0.7648 0.6424
vn -0.0754 -0.7629 0.6420
vn 0.0492 -0.7647 0.6425
vn 0.0503 -0.7044 0.7080
vn -0.3504 -0.6260 0.6967
vn -0.3156 -0.7258 0.6112
vn -0.0892 -0.7225 0.6856
vn -0.8179 -0.2737 0.5061
vn -0.7956 -0.4475 0.4082
vn 0.3401 -0.8140 0.4710
vn 0.2543 -0.9327 0.2557
vn -0.4220 -0.6617 -0.6198
vn -0.4377 -0.6200 -0.6512
vn -0.9259 0.0695 -0.3713
vn -0.7803 -0.4989 -0.3771
vn -0.9259 0.0696 -0.3712
vn -0.0936 -0.8999 -0.4259
vn -0.4376 -0.6199 -0.6513
vn -0.0875 -0.9091 -0.4074
vn -0.4376 -0.6200 -0.6512
vn -0.4220 -0.6617 -0.6197
vn -0.0874 -0.9091 -0.4074
vn -0.0939 -0.9000 -0.4257
vn -0.4375 -0.6199 -0.6514
vn -0.4221 -0.6619 -0.6195
vn -0.5157 0.1407 -0.8451
vn -0.2728 -0.3309 -0.9034
vn -0.4223 -0.6617 -0.6195
vn -0.5159 0.1406 -0.8450
vn -0.4218 -0.6616 -0.6200
vn -0.2725 -0.3311 -0.9034
vn -0.0813 -0.8778 -0.4721
vn -0.4219 -0.6617 -0.6198
vn -0.1507 -0.3414 -0.9278
vn -0.0876 -0.9088 -0.4080
vn -0.0811 -0.8777 -0.4722
vn -0.0220 -0.9366 -0.3497
vn -0.1506 -0.3414 -0.9278
vn 0.0530 -0.9234 -0.3802
vn -0.0874 -0.9090 -0.4076
vn -0.1508 -0.3415 -0.9277
vn -0.0222 -0.9364 -0.3503
vn 0.1230 -0.9112 -0.3932
vn 0.1341 -0.8644 -0.4847
vn 0.1232 -0.9110 -0.3935
vn 0.1338 -0.8640 -0.4853
vn 0.0887 -0.8403 -0.5347
vn 0.1341 -0.8643 -0.4848
vn 0.0885 -0.8407 -0.5343
vn -0.2681 -0.3216 -0.9082
vn 0.1338 -0.8643 -0.4848
vn -0.2676 -0.3218 -0.9082
vn 0.1373 -0.5195 -0.8434
vn 0.1373 -0.5197 -0.8432
vn -0.2683 -0.3218 -0.9080
vn -0.2765 0.2645 -0.9239
vn 0.1164 -0.5632 -0.8181
vn 0.1375 -0.5197 -0.8432
vn -0.2763 0.2645 -0.9239
vn 0.1162 -0.5634 -0.8180
vn -0.2764 0.2645 -0.9239
vn 0.3535 0.2369 -0.9049
vn 0.4772 -0.2777 -0.8337
vn 0.1161 -0.5634 -0.8180
vn 0.1795 -0.8412 -0.5101
vn 0.1163 -0.5630 -0.8182
vn 0.4773 -0.2774 -0.8338
vn 0.1796 -0.8411 -0.5101
vn 0.1181 -0.8727 -0.4738
vn 0.1164 -0.5631 -0.8182
vn 0.1098 -0.9140 -0.3905
vn 0.5324 -0.3661 -0.7633
vn 0.1795 -0.8411 -0.5102
vn 0.1101 -0.9141 -0.3903
vn 0.1179 -0.8726 -0.4740
vn 0.1100 -0.9142 -0.3900
vn 0.5323 -0.3662 -0.7632
vn 0.1829 -0.9173 -0.3537
vn 0.3338 -0.8395 -0.4287
vn 0.1826 -0.9172 -0.3542
vn 0.5325 -0.3662 -0.7632
vn 0.1826 -0.9171 -0.3543
vn 0.3335 -0.8396 -0.4288
vn 0.3218 -0.8758 -0.3597
vn 0.3217 -0.8760 -0.3593
vn 0.3339 -0.8395 -0.4286
vn 0.4328 -0.2677 -0.8608
vn 0.3220 -0.8759 -0.3592
vn 0.4330 -0.2679 -0.8606
vn 0.6293 -0.5432 -0.5558
vn 0.6289 -0.5431 -0.5564
vn 0.4329 -0.2679 -0.8607
vn 0.5240 0.3078 -0.7941
vn 0.5900 -0.5813 -0.5603
vn 0.6289 -0.5432 -0.5563
vn 0.5239 0.3078 -0.7942
vn 0.5899 -0.5814 -0.5603
vn 0.5237 0.3080 -0.7943
vn 0.9291 0.1526 -0.3368
vn 0.8858 -0.3753 -0.2729
vn 0.5901 -0.5813 -0.5602
vn 0.9291 0.1525 -0.3370
vn 0.3626 -0.8690 -0.3367
vn 0.5904 -0.5813 -0.5599
vn 0.8856 -0.3757 -0.2732
vn 0.3622 -0.8692 -0.3367
vn 0.2963 -0.8844 -0.3606
vn 0.5903 -0.5814 -0.5600
vn 0.3623 -0.8690 -0.3370
vn 0.2258 -0.9214 -0.3163
vn 0.2960 -0.8845 -0.3606
vn 0.2256 -0.9213 -0.3166
vn 0.3622 -0.8690 -0.3373
vn 0.8844 -0.4378 -0.1618
vn 0.0809 -0.9689 -0.2339
vn 0.2258 -0.9215 -0.3160
vn 0.2448 -0.9398 -0.2386
vn 0.0807 -0.9689 -0.2340
vn 0.0808 -0.9687 -0.2345
vn 0.2259 -0.9215 -0.3161
vn 0.0809 -0.9687 -0.2347
vn 0.2379 -0.9206 -0.3097
vn 0.2258 -0.9214 -0.3162
vn 0.8843 -0.4378 -0.1621
vn 0.2443 -0.9399 -0.2386
vn 0.2254 -0.9214 -0.3166
vn 0.2377 -0.9205 -0.3102
vn 0.3216 -0.8758 -0.3598
vn 0.2253 -0.9215 -0.3164
vn 0.3217 -0.8758 -0.3599
vn 0.2961 -0.8843 -0.3609
vn 0.1828 -0.9172 -0.3542
vn 0.3216 -0.8758 -0.3599
vn 0.2379 -0.9203 -0.3105
vn 0.0807 -0.9688 -0.2345
vn 0.0850 -0.9698 -0.2285
vn 0.0849 -0.9698 -0.2285
vn 0.1829 -0.9173 -0.3538
vn 0.0911 -0.9675 -0.2359
vn 0.0854 -0.9702 -0.2266
vn 0.0852 -0.9698 -0.2286
vn 0.0817 -0.9691 -0.2328
vn 0.0815 -0.9691 -0.2327
vn 0.0814 -0.9691 -0.2327
vn 0.0850 -0.9698 -0.2286
vn 0.1829 -0.9174 -0.3535
vn 0.0911 -0.9675 -0.2358
vn 0.0850 -0.9700 -0.2278
vn 0.0854 -0.9702 -0.2267
vn 0.0857 -0.9702 -0.2267
vn 0.0849 -0.9701 -0.2276
vn 0.1100 -0.9141 -0.3902
vn 0.1101 -0.9141 -0.3902
vn 0.1826 -0.9174 -0.3536
vn 0.0912 -0.9675 -0.2360
vn 0.0914 -0.9697 -0.2267
vn 0.0850 -0.9700 -0.2277
vn 0.0847 -0.9700 -0.2277
vn 0.0916 -0.9696 -0.2267
vn 0.1229 -0.9112 -0.3933
vn 0.1226 -0.9113 -0.3931
vn 0.1099 -0.9142 -0.3901
vn 0.0914 -0.9675 -0.2359
vn 0.0941 -0.9696 -0.2257
vn 0.0915 -0.9697 -0.2266
vn 0.0914 -0.9697 -0.2266
vn 0.0938 -0.9697 -0.2256
vn 0.0530 -0.9233 -0.3805
vn 0.0911 -0.9698 -0.2265
vn 0.0532 -0.9232 -0.3806
vn 0.1232 -0.9111 -0.3933
vn 0.0942 -0.9696 -0.2257
vn -0.0223 -0.9365 -0.3501
vn 0.0531 -0.9232 -0.3805
vn 0.0931 -0.9697 -0.2260
vn 0.0982 -0.9681 -0.2303
vn 0.0934 -0.9696 -0.2262
vn 0.0935 -0.9696 -0.2262
vn 0.0981 -0.9682 -0.2303
vn -0.0210 -0.9329 -0.3597
vn -0.0207 -0.9328 -0.3597
vn -0.0222 -0.9365 -0.3500
vn -0.0212 -0.9327 -0.3599
vn -0.0937 -0.8999 -0.4260
vn 0.0979 -0.9682 -0.2303
vn -0.0518 -0.9532 -0.2978
vn -0.0209 -0.9328 -0.3597
vn -0.7187 -0.5032 -0.4798
vn -0.0210 -0.9328 -0.3597
vn -0.0515 -0.9532 -0.2980
vn -0.0209 -0.9329 -0.3596
vn -0.1640 -0.8916 -0.4222
vn -0.0938 -0.9001 -0.4256
vn -0.1643 -0.8914 -0.4224
vn -0.0210 -0.9328 -0.3599
vn -0.7188 -0.5030 -0.4799
vn -0.0519 -0.9532 -0.2979
vn -0.2143 -0.9437 -0.2520
vn -0.7186 -0.5032 -0.4800
vn -0.2143 -0.9436 -0.2525
vn -0.0726 -0.9726 -0.2210
vn -0.1628 -0.9647 -0.2069
vn -0.0519 -0.9531 -0.2983
vn -0.0729 -0.9725 -0.2211
vn -0.2142 -0.9437 -0.2520
vn -0.5837 -0.8081 -0.0799
vn -0.7778 -0.5079 -0.3703
vn -0.2142 -0.9436 -0.2523
vn -0.1625 -0.9647 -0.2070
vn -0.5837 -0.8080 -0.0798
vn -0.1625 -0.9647 -0.2071
vn -0.6265 -0.7745 -0.0873
vn -0.5837 -0.8081 -0.0796
vn -0.1625 -0.9648 -0.2068
vn -0.1826 -0.9597 -0.2136
vn -0.6264 -0.7746 -0.0872
vn -0.0726 -0.9726 -0.2209
vn -0.1823 -0.9598 -0.2135
vn -0.1632 -0.9647 -0.2069
vn -0.1821 -0.9598 -0.2138
vn -0.6580 -0.6651 0.3531
vn -0.6263 -0.7747 -0.0873
vn -0.1826 -0.9598 -0.2132
vn -0.2246 -0.9618 -0.1562
vn -0.6581 -0.6650 0.3532
vn -0.0725 -0.9726 -0.2210
vn -0.0802 -0.9703 -0.2282
vn -0.1823 -0.9597 -0.2137
vn -0.0797 -0.9705 -0.2276
vn -0.2249 -0.9617 -0.1565
vn -0.1825 -0.9598 -0.2132
vn -0.2250 -0.9617 -0.1566
vn -0.0798 -0.9704 -0.2279
vn -0.0483 -0.9851 -0.1653
vn -0.2248 -0.9618 -0.1564
vn -0.0481 -0.9852 -0.1648
vn -0.6942 -0.6789 0.2390
vn 0.0015 -0.9950 -0.1000
vn -0.1162 -0.9932 -0.0105
vn 0.0015 -0.9949 -0.1006
vn -0.6944 -0.6787 0.2391
vn -0.0481 -0.9851 -0.1653
vn 0.0991 -0.9658 -0.2395
vn -0.0087 -0.9950 -0.0995
vn 0.0992 -0.9656 -0.2403
vn 0.0990 -0.9658 -0.2395
vn 0.0014 -0.9949 -0.1007
vn 0.0013 -0.9949 -0.1006
vn -0.0482 -0.9851 -0.1653
vn 0.0015 -0.9949 -0.1004
vn -0.0087 -0.9950 -0.0992
vn -0.0636 -0.9979 -0.0112
vn 0.0016 -0.9950 -0.1003
vn -0.0636 -0.9979 -0.0109
vn -0.0453 -0.9987 -0.0221
vn -0.1158 -0.9932 -0.0107
vn 0.0016 -0.9949 -0.1006
vn -0.0456 -0.9987 -0.0219
vn -0.0452 -0.9987 -0.0219
vn -0.2842 -0.8644 0.4148
vn -0.2446 -0.8895 0.3860
vn -0.0453 -0.9987 -0.0219
vn -0.0636 -0.9979 -0.0107
vn -0.2840 -0.8645 0.4148
vn -0.1161 -0.9932 -0.0105
vn -0.0455 -0.9987 -0.0218
vn -0.2444 -0.8895 0.3862
vn -0.2446 -0.8894 0.3861
vn -0.2840 -0.8647 0.4143
vn -0.1475 -0.1845 0.9717
vn -0.2446 -0.8894 0.3862
vn -0.1474 -0.1844 0.9717
vn -0.6989 -0.2455 0.6718
vn -0.1161 -0.9932 -0.0104
vn -0.6494 -0.6720 0.3558
vn -0.6494 -0.6722 0.3556
vn -0.2451 -0.8893 0.3861
vn -0.6991 -0.2455 0.6716
vn -0.2840 -0.8647 0.4142
vn 0.0050 -0.6924 0.7215
vn -0.1474 -0.1842 0.9718
vn -0.0638 -0.9979 -0.0108
vn 0.0050 -0.6922 0.7217
vn -0.2838 -0.8646 0.4145
vn -0.0637 -0.9979 -0.0107
vn -0.0466 -0.9972 0.0583
vn 0.0051 -0.6923 0.7216
vn -0.0635 -0.9979 -0.0107
vn -0.1000 -0.7328 0.6731
vn -0.0469 -0.9972 0.0583
vn 0.1432 -0.9863 -0.0814
vn -0.1001 -0.7329 0.6730
vn 0.0613 -0.9946 -0.0842
vn -0.0635 -0.9979 -0.0106
vn 0.0616 -0.9945 -0.0842
vn -0.1000 -0.7327 0.6731
vn -0.1002 -0.7327 0.6731
vn 0.1432 -0.9864 -0.0809
vn 0.1742 -0.9847 0.0048
vn -0.1001 -0.7328 0.6731
vn 0.1742 -0.9847 0.0051
vn 0.1379 -0.9882 0.0670
vn 0.3264 -0.8206 0.4691
vn 0.3344 -0.8437 0.4200
vn 0.1738 -0.9848 0.0049
vn 0.1709 -0.9849 0.0261
vn 0.3265 -0.8207 0.4689
vn 0.1710 -0.9849 0.0259
vn 0.1740 -0.9847 0.0048
vn 0.1377 -0.9882 0.0667
vn 0.1742 -0.9847 0.0049
vn 0.3346 -0.8436 0.4200
vn 0.1712 -0.9849 0.0262
vn 0.6055 -0.6248 0.4929
vn 0.2334 -0.9707 0.0571
vn 0.2339 -0.9706 0.0567
vn 0.6990 -0.5599 0.4448
vn 0.1377 -0.9878 -0.0723
vn 0.6051 -0.6252 0.4929
vn 0.1708 -0.9850 0.0259
vn 0.1711 -0.9849 0.0261
vn 0.6991 -0.5597 0.4449
vn 0.3261 -0.8207 0.4692
vn 0.1433 -0.9864 -0.0805
vn 0.0921 -0.9653 -0.2444
vn 0.1432 -0.9864 -0.0810
vn 0.0921 -0.9653 -0.2443
vn 0.0859 -0.9663 -0.2425
vn 0.1378 -0.9878 -0.0724
vn 0.1926 -0.9743 -0.1169
vn 0.1374 -0.9879 -0.0724
vn 0.1377 -0.9878 -0.0726
vn 0.1927 -0.9743 -0.1171
vn 0.0860 -0.9663 -0.2425
vn 0.0833 -0.9667 -0.2421
vn 0.0832 -0.9666 -0.2423
vn 0.2434 -0.9535 -0.1779
vn 0.3273 -0.9334 -0.1469
vn 0.1927 -0.9743 -0.1167
vn 0.2437 -0.9535 -0.1776
vn 0.3273 -0.9334 -0.1471
vn 0.6055 -0.6249 0.4928
vn 0.3272 -0.9335 -0.1468
vn 0.3522 -0.9325 -0.0796
vn 0.3519 -0.9327 -0.0796
vn 0.3274 -0.9334 -0.1469
vn 0.7090 -0.7052 -0.0036
vn 0.7357 -0.6765 0.0343
vn 0.7088 -0.7054 -0.0036
vn 0.3275 -0.9334 -0.1468
vn 0.3413 -0.9308 -0.1306
vn 0.7358 -0.6763 0.0341
vn 0.2436 -0.9534 -0.1778
vn 0.3413 -0.9307 -0.1313
vn 0.3269 -0.9336 -0.1470
vn 0.7089 -0.7053 -0.0040
vn 0.7357 -0.6764 0.0342
vn 0.7090 -0.7052 -0.0037
vn 0.9830 0.1731 -0.0619
vn 0.8577 -0.0601 0.5106
vn 0.3523 -0.9325 -0.0793
vn 0.7014 -0.5650 0.4346
vn 0.8577 -0.0600 0.5106
vn 0.7356 -0.6765 0.0340
vn 0.8909 -0.3694 -0.2644
vn 0.9830 0.1729 -0.0619
vn 0.3411 -0.9308 -0.1312
vn 0.8908 -0.3699 -0.2641
vn 0.7357 -0.6764 0.0340
vn 0.3413 -0.9308 -0.1310
vn 0.4003 -0.9025 -0.1590
vn 0.8908 -0.3697 -0.2643
vn 0.2472 -0.9543 -0.1681
vn 0.4001 -0.9026 -0.1591
vn 0.3410 -0.9309 -0.1309
vn 0.2472 -0.9543 -0.1679
vn 0.8842 -0.4380 -0.1623
vn 0.4002 -0.9025 -0.1590
vn 0.2437 -0.9534 -0.1776
vn 0.2471 -0.9543 -0.1678
vn 0.3414 -0.9307 -0.1313
vn 0.0841 -0.9666 -0.2421
vn 0.2471 -0.9543 -0.1682
vn 0.2437 -0.9534 -0.1780
vn 0.0818 -0.9682 -0.2363
vn 0.0819 -0.9683 -0.2361
vn 0.2447 -0.9398 -0.2386
vn 0.2468 -0.9544 -0.1682
vn 0.2475 -0.9542 -0.1684
vn 0.2448 -0.9398 -0.2384
vn 0.0816 -0.9683 -0.2361
vn 0.0910 -0.9675 -0.2360
vn 0.0843 -0.9666 -0.2421
vn 0.0820 -0.9683 -0.2361
vn 0.0806 -0.9689 -0.2339
vn 0.0841 -0.9666 -0.2420
vn 0.0831 -0.9666 -0.2423
vn 0.0834 -0.9667 -0.2421
vn 0.0842 -0.9666 -0.2422
vn 0.2435 -0.9534 -0.1779
vn 0.0837 -0.9666 -0.2422
vn 0.0856 -0.9664 -0.2424
vn 0.0858 -0.9664 -0.2424
vn 0.0924 -0.9652 -0.2445
vn 0.0920 -0.9653 -0.2442
vn 0.0917 -0.9652 -0.2449
vn 0.1431 -0.9864 -0.0809
vn 0.0916 -0.9652 -0.2449
vn 0.0932 -0.9655 -0.2431
vn 0.0935 -0.9654 -0.2433
vn 0.0917 -0.9652 -0.2448
vn 0.0616 -0.9946 -0.0841
vn 0.0615 -0.9945 -0.0843
vn 0.0991 -0.9659 -0.2394
vn 0.0935 -0.9655 -0.2432
vn -0.0089 -0.9950 -0.0994
vn 0.0911 -0.9675 -0.2360
vn 0.0939 -0.9654 -0.2432
vn 0.0936 -0.9654 -0.2433
vn 0.0618 -0.9945 -0.0842
vn -0.0090 -0.9950 -0.0994
vn 0.3266 -0.8207 0.4688
vn 0.6989 -0.5599 0.4449
vn 0.6821 -0.0474 0.7297
vn 0.3347 -0.8435 0.4201
vn 0.3264 -0.8207 0.4690
vn 0.3345 -0.8437 0.4198
vn 0.6821 -0.0476 0.7297
vn 0.1279 -0.2382 0.9628
vn 0.3346 -0.8436 0.4199
vn 0.1280 -0.2382 0.9627
vn 0.0134 -0.6975 0.7165
vn 0.0615 -0.9946 -0.0838
vn -0.0636 -0.9979 -0.0111
vn -0.0086 -0.9950 -0.0991
vn 0.0987 -0.9659 -0.2394
vn 0.0912 -0.9675 -0.2359
vn 0.0991 -0.9657 -0.2401
vn 0.0992 -0.9663 -0.2376
vn 0.0989 -0.9663 -0.2377
vn 0.0993 -0.9656 -0.2402
vn -0.0477 -0.9851 -0.1654
vn 0.0990 -0.9663 -0.2378
vn 0.0991 -0.9678 -0.2314
vn 0.0996 -0.9678 -0.2312
vn 0.0993 -0.9662 -0.2378
vn -0.0798 -0.9704 -0.2278
vn -0.0481 -0.9850 -0.1655
vn 0.0996 -0.9678 -0.2313
vn 0.1003 -0.9676 -0.2316
vn 0.1002 -0.9676 -0.2316
vn 0.0992 -0.9678 -0.2312
vn -0.0726 -0.9726 -0.2208
vn 0.1001 -0.9676 -0.2317
vn 0.0984 -0.9681 -0.2303
vn 0.0981 -0.9682 -0.2301
vn -0.0518 -0.9532 -0.2980
vn -0.0727 -0.9726 -0.2208
vn -0.0516 -0.9532 -0.2979
vn -0.6262 -0.7747 -0.0878
vn -0.6582 -0.6647 0.3535
vn -0.8681 -0.1320 0.4785
vn -0.5835 -0.8081 -0.0803
vn -0.6263 -0.7746 -0.0879
vn -0.5837 -0.8080 -0.0799
vn -0.8681 -0.1318 0.4786
vn -0.9875 -0.0753 -0.1386
vn -0.7780 -0.5078 -0.3699
vn -0.5838 -0.8079 -0.0802
vn -0.9875 -0.0753 -0.1387
vn -0.0938 -0.9000 -0.4257
vn -0.1642 -0.8917 -0.4218
vn -0.7803 -0.4988 -0.3771
vn 0.0810 -0.9687 -0.2346
vn 0.0806 -0.9689 -0.2340
vn 0.6293 -0.5432 -0.5559
vn 0.5903 -0.5812 -0.5601
vn 0.3219 -0.8759 -0.3593
vn 0.6292 -0.5433 -0.5559
vn 0.1177 -0.8728 -0.4737
vn 0.1375 -0.5193 -0.8434
vn 0.1163 -0.5632 -0.8181
vn 0.1339 -0.8643 -0.4849
vn 0.1179 -0.8727 -0.4738
vn 0.1344 -0.8641 -0.4850
vn 0.1374 -0.5195 -0.8434
vn 0.1097 -0.9141 -0.3904
vn 0.1230 -0.9111 -0.3935
vn 0.1341 -0.8642 -0.4849
vn -0.0937 -0.9000 -0.4258
vn -0.0874 -0.9090 -0.4074
vn 0.1815 -0.9059 -0.3826
vn 0.3625 -0.6594 -0.6587
vn 0.4553 -0.6869 -0.5664
vn 0.1817 -0.9057 -0.3829
vn 0.1686 -0.9226 -0.3471
vn 0.3626 -0.6593 -0.6586
vn -0.0335 -0.9515 -0.3059
vn 0.1692 -0.9224 -0.3472
vn 0.1817 -0.9059 -0.3826
vn -0.0335 -0.9515 -0.3058
vn 0.1816 -0.9059 -0.3825
vn -0.0630 -0.9409 -0.3327
vn -0.3948 -0.7678 -0.5046
vn -0.0337 -0.9514 -0.3061
vn -0.0626 -0.9408 -0.3330
vn -0.3951 -0.7677 -0.5045
vn -0.0628 -0.9408 -0.3331
vn -0.4342 -0.8142 -0.3854
vn -0.5694 -0.7769 -0.2688
vn -0.3949 -0.7678 -0.5045
vn -0.4341 -0.8142 -0.3855
vn -0.6102 -0.6058 -0.5106
vn -0.5693 -0.7770 -0.2686
vn -0.7028 -0.6994 -0.1299
vn -0.6102 -0.6056 -0.5108
vn -0.4820 -0.7035 -0.5222
vn -0.5692 -0.7772 -0.2684
vn -0.4821 -0.7035 -0.5221
vn -0.3949 -0.7679 -0.5044
vn -0.3755 -0.6171 -0.6915
vn -0.4821 -0.7034 -0.5224
vn -0.6100 -0.6057 -0.5110
vn -0.3947 -0.7678 -0.5047
vn -0.4821 -0.7035 -0.5222
vn -0.3753 -0.6169 -0.6917
vn -0.3754 -0.6167 -0.6919
vn -0.6103 -0.6058 -0.5105
vn -0.4344 -0.4665 -0.7705
vn -0.2305 -0.3161 -0.9203
vn -0.3757 -0.6170 -0.6915
vn -0.4340 -0.4663 -0.7708
vn -0.2305 -0.3159 -0.9204
vn -0.2055 -0.5029 -0.8396
vn -0.3756 -0.6171 -0.6915
vn -0.2053 -0.5031 -0.8395
vn -0.3180 -0.7196 -0.6173
vn -0.3753 -0.6170 -0.6917
vn -0.3947 -0.7677 -0.5048
vn -0.3754 -0.6169 -0.6917
vn -0.3176 -0.7197 -0.6174
vn -0.3177 -0.7199 -0.6171
vn 0.0260 -0.9405 -0.3388
vn -0.0420 -0.9302 -0.3647
vn -0.0418 -0.9301 -0.3648
vn -0.3948 -0.7676 -0.5049
vn -0.3176 -0.7201 -0.6170
vn -0.1629 -0.6652 -0.7287
vn 0.0259 -0.9404 -0.3390
vn -0.2054 -0.5032 -0.8394
vn -0.1629 -0.6650 -0.7289
vn -0.3175 -0.7199 -0.6172
vn -0.0681 -0.6266 -0.7763
vn -0.1632 -0.6650 -0.7288
vn -0.2052 -0.5033 -0.8394
vn 0.0258 -0.9405 -0.3388
vn -0.1627 -0.6652 -0.7287
vn -0.0681 -0.6269 -0.7761
vn -0.0681 -0.6271 -0.7760
vn 0.1008 -0.9298 -0.3540
vn 0.0581 -0.9281 -0.3679
vn -0.0681 -0.6267 -0.7763
vn -0.2053 -0.5034 -0.8393
vn -0.1132 -0.4576 -0.8819
vn -0.0045 -0.4746 -0.8802
vn -0.0677 -0.6267 -0.7763
vn -0.1136 -0.4575 -0.8819
vn 0.0441 -0.6356 -0.7708
vn 0.1008 -0.9297 -0.3541
vn -0.0043 -0.4749 -0.8800
vn 0.0439 -0.6354 -0.7709
vn -0.0682 -0.6268 -0.7762
vn -0.0637 -0.2922 -0.9542
vn -0.0045 -0.4742 -0.8804
vn -0.1143 -0.4573 -0.8820
vn 0.2330 -0.5300 -0.8154
vn -0.0043 -0.4740 -0.8805
vn 0.2381 -0.6402 -0.7304
vn -0.0045 -0.4745 -0.8802
vn 0.2332 -0.5298 -0.8154
vn 0.2383 -0.6405 -0.7301
vn 0.0440 -0.6354 -0.7709
vn -0.0045 -0.4744 -0.8803
vn 0.2330 -0.5300 -0.8153
vn 0.3624 -0.6592 -0.6589
vn 0.2386 -0.6399 -0.7305
vn 0.3623 -0.6593 -0.6589
vn 0.1478 -0.9030 -0.4034
vn 0.2383 -0.6403 -0.7302
vn 0.1007 -0.9298 -0.3540
vn 0.1481 -0.9030 -0.4034
vn 0.1008 -0.9297 -0.3543
vn 0.0440 -0.6357 -0.7707
vn 0.2386 -0.6405 -0.7300
vn -0.0415 -0.9302 -0.3647
vn 0.1480 -0.9029 -0.4035
vn 0.1692 -0.9225 -0.3468
vn 0.3624 -0.6593 -0.6588
vn 0.1693 -0.9224 -0.3471
vn 0.1478 -0.9028 -0.4038
vn 0.0259 -0.9403 -0.3393
vn 0.1008 -0.9296 -0.3546
vn 0.1476 -0.9029 -0.4037
vn 0.0261 -0.9404 -0.3391
vn 0.1475 -0.9028 -0.4039
vn -0.0419 -0.9300 -0.3652
vn -0.0855 -0.1361 -0.9870
vn -0.0640 -0.2919 -0.9543
vn -0.1557 -0.2666 -0.9511
vn 0.2138 -0.3739 -0.9025
vn -0.0637 -0.2918 -0.9544
vn -0.0855 -0.1362 -0.9870
vn -0.0639 -0.2921 -0.9543
vn -0.1121 -0.4569 -0.8824
vn -0.1551 -0.2669 -0.9512
vn 0.2331 -0.5298 -0.8154
vn 0.2143 -0.3734 -0.9026
vn 0.5069 -0.4459 -0.7377
vn 0.2329 -0.5298 -0.8155
vn 0.2142 -0.3738 -0.9024
vn 0.5958 -0.2719 -0.7557
vn 0.2140 -0.3735 -0.9026
vn 0.5956 -0.2721 -0.7558
vn 0.2143 -0.3737 -0.9024
vn 0.2144 -0.1776 -0.9605
vn 0.2145 -0.3736 -0.9025
vn -0.0854 -0.1364 -0.9870
vn 0.2142 -0.1775 -0.9605
vn 0.2144 -0.1777 -0.9605
vn -0.0858 -0.1357 -0.9870
vn -0.0769 -0.0085 -0.9970
vn 0.2147 -0.1776 -0.9604
vn -0.0767 -0.0084 -0.9970
vn 0.2487 -0.0418 -0.9677
vn 0.6750 -0.1400 -0.7245
vn 0.2142 -0.1776 -0.9605
vn 0.2485 -0.0417 -0.9677
vn 0.6748 -0.1400 -0.7246
vn 0.5956 -0.2716 -0.7559
vn 0.2142 -0.1779 -0.9604
vn 0.8613 -0.3544 -0.3641
vn 0.6750 -0.1399 -0.7244
vn 0.9191 -0.2439 -0.3095
vn 0.9191 -0.2440 -0.3093
vn 0.6748 -0.1396 -0.7247
vn 0.7485 0.0075 -0.6631
vn 0.7486 0.0074 -0.6630
vn 0.6750 -0.1396 -0.7245
vn 0.2490 -0.0422 -0.9676
vn 0.8614 -0.3542 -0.3642
vn 0.5958 -0.2716 -0.7558
vn 0.6750 -0.1399 -0.7245
vn 0.7597 -0.4901 -0.4275
vn 0.5958 -0.2717 -0.7558
vn 0.7597 -0.4899 -0.4276
vn 0.5069 -0.4457 -0.7378
vn 0.5957 -0.2717 -0.7558
vn 0.6097 -0.6083 -0.5082
vn 0.5067 -0.4460 -0.7378
vn 0.7597 -0.4900 -0.4275
vn 0.3625 -0.6594 -0.6586
vn 0.6095 -0.6081 -0.5086
vn 0.4555 -0.6869 -0.5664
vn 0.3627 -0.6594 -0.6585
vn 0.4156 -0.5751 -0.7047
vn 0.6097 -0.6082 -0.5083
vn 0.6096 -0.6083 -0.5082
vn 0.4155 -0.5750 -0.7048
vn 0.5066 -0.4456 -0.7381
vn 0.2329 -0.5299 -0.8155
vn 0.3624 -0.6595 -0.6586
vn 0.4153 -0.5750 -0.7049
vn 0.2331 -0.5298 -0.8155
vn 0.9192 -0.2440 -0.3092
vn 0.7484 0.0075 -0.6632
vn 0.9627 -0.1165 -0.2444
vn 0.9627 -0.1164 -0.2444
vn 0.7928 0.1919 -0.5785
vn 0.7930 0.1921 -0.5782
vn 0.7485 0.0077 -0.6631
vn 0.3045 0.1046 -0.9467
vn 0.7487 0.0074 -0.6629
vn 0.2488 -0.0419 -0.9676
vn 0.3043 0.1051 -0.9468
vn 0.3044 0.1049 -0.9467
vn -0.0707 0.1353 -0.9883
vn -0.0687 0.3220 -0.9442
vn 0.2487 -0.0419 -0.9677
vn -0.0664 0.1364 -0.9884
vn 0.3042 0.1053 -0.9468
vn 0.3042 0.1048 -0.9468
vn -0.0686 0.3218 -0.9443
vn 0.3340 0.2959 -0.8949
vn 0.7929 0.1920 -0.5783
vn 0.3045 0.1048 -0.9467
vn 0.3346 0.2958 -0.8947
vn 0.7933 0.4034 -0.4560
vn 0.7928 0.1922 -0.5783
vn 0.3342 0.2957 -0.8949
vn 0.7933 0.4035 -0.4559
vn 0.3342 0.2954 -0.8950
vn 0.3301 0.4973 -0.8023
vn 0.3344 0.2955 -0.8949
vn -0.0739 0.4882 -0.8696
vn 0.3298 0.4978 -0.8022
vn 0.3343 0.2956 -0.8949
vn -0.0689 0.3223 -0.9441
vn -0.0738 0.4882 -0.8696
vn 0.3299 0.4975 -0.8023
vn -0.0741 0.4885 -0.8694
vn -0.0803 0.7682 -0.6352
vn 0.3298 0.4974 -0.8024
vn -0.0798 0.7680 -0.6354
vn 0.2813 0.7843 -0.5529
vn 0.7012 0.6698 -0.2445
vn 0.3297 0.4973 -0.8025
vn 0.2811 0.7843 -0.5530
vn 0.7014 0.6695 -0.2446
vn 0.7934 0.4036 -0.4557
vn 0.3299 0.4977 -0.8021
vn 0.9536 0.2970 -0.0497
vn 0.7011 0.6699 -0.2444
vn 0.8014 0.5929 0.0792
vn 0.8016 0.5927 0.0785
vn 0.7013 0.6698 -0.2443
vn 0.3332 0.9379 0.0963
vn 0.3333 0.9378 0.0969
vn 0.7011 0.6697 -0.2447
vn 0.2810 0.7847 -0.5525
vn 0.9536 0.2971 -0.0496
vn 0.7934 0.4031 -0.4560
vn 0.7011 0.6698 -0.2445
vn 0.9854 0.0638 -0.1579
vn 0.7935 0.4031 -0.4559
vn 0.9536 0.2969 -0.0499
vn 0.7931 0.1916 -0.5782
vn 0.7935 0.4033 -0.4558
vn 0.9627 -0.1162 -0.2445
vn 0.7929 0.1917 -0.5784
vn 0.9855 0.0635 -0.1574
vn 0.8016 0.5927 0.0787
vn 0.3330 0.9380 0.0963
vn 0.3855 0.9011 0.1983
vn -0.0852 0.9738 0.2107
vn 0.3855 0.9011 0.1984
vn 0.3332 0.9379 0.0966
vn 0.3331 0.9379 0.0969
vn 0.2810 0.7848 -0.5524
vn 0.1414 0.9844 -0.1046
vn -0.0854 0.9746 0.2071
vn 0.3330 0.9379 0.0969
vn 0.1329 0.9852 -0.1080
vn -0.0850 0.9739 0.2106
vn 0.3332 0.9379 0.0965
vn -0.0854 0.9745 0.2075
vn -0.0850 0.9746 0.2074
vn -0.1069 0.9707 0.2151
vn -0.0850 0.9739 0.2107
vn -0.0874 0.9777 0.1907
vn -0.1078 0.9713 0.2121
vn -0.0853 0.9745 0.2075
vn -0.0853 0.9746 0.2070
vn 0.1332 0.9852 -0.1078
vn -0.0877 0.9778 0.1904
vn -0.0853 0.9745 0.2076
vn -0.1078 0.9713 0.2122
vn -0.1067 0.9708 0.2150
vn -0.5077 0.7732 0.3800
vn -0.5101 0.8173 0.2680
vn -0.1075 0.9714 0.2119
vn -0.5103 0.8170 0.2685
vn -0.1083 0.9713 0.2116
vn -0.1132 0.9741 0.1955
vn -0.0877 0.9777 0.1909
vn -0.1132 0.9741 0.1959
vn -0.5100 0.8172 0.2685
vn -0.1130 0.9741 0.1956
vn -0.4243 0.9055 0.0053
vn -0.4245 0.9054 0.0054
vn -0.1131 0.9740 0.1961
vn -0.1062 0.9755 0.1925
vn -0.0953 0.9771 0.1903
vn -0.1066 0.9755 0.1926
vn -0.1130 0.9741 0.1959
vn -0.0951 0.9771 0.1902
vn -0.0876 0.9777 0.1906
vn -0.0954 0.9771 0.1904
vn -0.0792 0.9632 -0.2568
vn -0.1988 0.9238 -0.3273
vn -0.0880 0.9776 0.1911
vn -0.0792 0.9632 -0.2567
vn -0.0952 0.9771 0.1904
vn -0.1063 0.9756 0.1923
vn -0.0953 0.9771 0.1901
vn -0.1025 0.9774 0.1847
vn -0.1958 0.9242 -0.3278
vn -0.1022 0.9774 0.1848
vn -0.0793 0.9631 -0.2570
vn -0.2364 0.7118 -0.6614
vn -0.1988 0.9237 -0.3276
vn -0.2364 0.7117 -0.6615
vn -0.2881 0.9332 -0.2147
vn -0.1989 0.9237 -0.3276
vn -0.2881 0.9332 -0.2148
vn -0.1023 0.9775 0.1847
vn -0.1988 0.9237 -0.3274
vn -0.4245 0.9054 0.0056
vn -0.1062 0.9755 0.1926
vn -0.2884 0.9332 -0.2143
vn -0.6717 0.6480 -0.3590
vn -0.4242 0.9055 0.0056
vn -0.3792 0.7252 -0.5747
vn -0.2880 0.9332 -0.2147
vn -0.2880 0.9333 -0.2145
vn -0.3797 0.7252 -0.5744
vn -0.6716 0.6479 -0.3593
vn -0.2881 0.9333 -0.2145
vn -0.1062 0.9755 0.1929
vn -0.1023 0.9774 0.1850
vn -0.3795 0.7253 -0.5744
vn -0.7330 0.3451 -0.5862
vn -0.6716 0.6481 -0.3591
vn -0.7330 0.3454 -0.5860
vn -0.8937 0.4415 0.0800
vn -0.6718 0.6479 -0.3590
vn -0.6715 0.6484 -0.3587
vn -0.5101 0.8173 0.2682
vn -0.4244 0.9054 0.0053
vn -0.6717 0.6482 -0.3586
vn -0.8939 0.4410 0.0799
vn -0.5101 0.8172 0.2684
vn -0.5104 0.8171 0.2679
vn -0.8937 0.4415 0.0802
vn -0.8937 0.4416 0.0798
vn -0.9416 0.0258 0.3358
vn -0.8376 0.3581 0.4125
vn -0.8936 0.4416 0.0801
vn -0.9844 0.1485 -0.0944
vn -0.7329 0.3455 -0.5861
vn -0.9843 0.1491 -0.0941
vn -0.8939 0.4411 0.0798
vn -0.9844 0.1488 -0.0943
vn -0.9738 -0.0614 -0.2188
vn -0.9482 -0.2131 0.2355
vn -0.7179 0.1451 -0.6808
vn -0.9739 -0.0608 -0.2189
vn -0.9843 0.1492 -0.0944
vn -0.7179 0.1448 -0.6809
vn -0.9843 0.1491 -0.0943
vn -0.7330 0.3452 -0.5861
vn -0.9844 0.1488 -0.0940
vn -0.9483 -0.2130 0.2353
vn -0.9417 0.0256 0.3356
vn -0.3878 0.2763 -0.8794
vn -0.6596 -0.0331 -0.7509
vn -0.7178 0.1454 -0.6809
vn -0.6598 -0.0334 -0.7507
vn -0.9738 -0.0608 -0.2191
vn -0.7177 0.1449 -0.6811
vn -0.3994 0.4416 -0.8034
vn -0.7178 0.1449 -0.6810
vn -0.7328 0.3456 -0.5862
vn -0.3995 0.4417 -0.8033
vn -0.3875 0.2766 -0.8794
vn -0.7178 0.1452 -0.6809
vn -0.3794 0.7254 -0.5744
vn -0.3996 0.4420 -0.8031
vn -0.2318 0.3079 -0.9228
vn -0.2396 0.4614 -0.8542
vn -0.2317 0.3078 -0.9228
vn -0.3877 0.2767 -0.8793
vn -0.3995 0.4416 -0.8034
vn -0.2396 0.4615 -0.8542
vn -0.3992 0.4420 -0.8033
vn -0.2291 0.3082 -0.9233
vn -0.2399 0.4609 -0.8544
vn -0.2398 0.4615 -0.8541
vn -0.3795 0.7253 -0.5743
vn -0.2364 0.7119 -0.6613
vn -0.0803 0.7684 -0.6350
vn -0.2366 0.4621 -0.8547
vn -0.0803 0.7683 -0.6351
vn -0.0740 0.4887 -0.8693
vn -0.2398 0.4616 -0.8540
vn -0.2156 0.1317 -0.9676
vn -0.3878 0.2762 -0.8794
vn -0.2318 0.3072 -0.9230
vn -0.0738 0.4881 -0.8697
vn -0.0688 0.3223 -0.9441
vn -0.2317 0.3079 -0.9228
vn -0.0688 0.3220 -0.9442
vn -0.2118 0.1322 -0.9683
vn -0.2317 0.3073 -0.9230
vn -0.0666 0.1362 -0.9884
vn -0.1945 -0.0164 -0.9808
vn -0.2153 0.1311 -0.9677
vn -0.1968 -0.0168 -0.9803
vn -0.3565 0.0948 -0.9295
vn -0.2156 0.1313 -0.9676
vn -0.2158 0.1318 -0.9675
vn -0.3568 0.0954 -0.9293
vn -0.3877 0.2761 -0.8795
vn -0.0688 0.3217 -0.9443
vn -0.0665 0.1369 -0.9883
vn -0.6599 -0.0332 -0.7507
vn -0.3569 0.0948 -0.9293
vn -0.5791 -0.1603 -0.7993
vn -0.6602 -0.0326 -0.7504
vn -0.1970 -0.0168 -0.9803
vn -0.3119 -0.0414 -0.9492
vn -0.3565 0.0947 -0.9295
vn -0.3566 0.0948 -0.9294
vn -0.3117 -0.0413 -0.9493
vn -0.3118 -0.0421 -0.9492
vn -0.5094 -0.2812 -0.8133
vn -0.5791 -0.1602 -0.7993
vn -0.5093 -0.2813 -0.8133
vn -0.8362 -0.3562 -0.4169
vn -0.5791 -0.1603 -0.7994
vn -0.5792 -0.1604 -0.7993
vn -0.9174 -0.2310 -0.3239
vn -0.6598 -0.0328 -0.7507
vn -0.5792 -0.1606 -0.7992
vn -0.8360 -0.3560 -0.4175
vn -0.9174 -0.2309 -0.3240
vn -0.9173 -0.2309 -0.3244
vn -0.8360 -0.3561 -0.4175
vn -0.8646 -0.4995 0.0535
vn -0.8362 -0.3561 -0.4171
vn -0.8049 -0.5929 -0.0251
vn -0.8647 -0.4995 0.0533
vn -0.8363 -0.3559 -0.4171
vn -0.7426 -0.4633 -0.4836
vn -0.8049 -0.5929 -0.0252
vn -0.5096 -0.2813 -0.8132
vn -0.7430 -0.4629 -0.4834
vn -0.7427 -0.4632 -0.4835
vn -0.6101 -0.6060 -0.5105
vn -0.7028 -0.6994 -0.1300
vn -0.4342 -0.4664 -0.7707
vn -0.6105 -0.6056 -0.5105
vn -0.7425 -0.4635 -0.4835
vn -0.7425 -0.4634 -0.4836
vn -0.5094 -0.2810 -0.8133
vn -0.7427 -0.4633 -0.4835
vn -0.7028 -0.6994 -0.1301
vn -0.8050 -0.5927 -0.0254
vn -0.9173 -0.2309 -0.3243
vn -0.8647 -0.4994 0.0536
vn -0.9127 -0.3849 0.1371
vn -0.9738 -0.0609 -0.2190
vn -0.9128 -0.3846 0.1371
vn -0.9481 -0.2132 0.2359
vn -0.9737 -0.0609 -0.2193
vn -0.9127 -0.3849 0.1370
vn -0.6600 -0.0331 -0.7505
vn -0.9174 -0.2306 -0.3244
vn -0.2660 -0.1615 -0.9504
vn -0.5094 -0.2814 -0.8132
vn -0.2658 -0.1622 -0.9503
vn -0.5092 -0.2811 -0.8134
vn -0.1552 -0.2662 -0.9513
vn -0.2657 -0.1617 -0.9504
vn -0.1785 -0.1348 -0.9747
vn -0.1554 -0.2664 -0.9512
vn -0.2308 -0.3156 -0.9204
vn -0.2658 -0.1620 -0.9503
vn -0.2658 -0.1621 -0.9503
vn -0.2306 -0.3156 -0.9204
vn -0.1790 -0.1347 -0.9746
vn -0.2660 -0.1616 -0.9503
vn -0.3116 -0.0417 -0.9493
vn -0.0859 -0.1360 -0.9870
vn -0.1660 -0.2671 -0.9493
vn -0.1789 -0.1350 -0.9746
vn -0.1785 -0.1351 -0.9746
vn -0.3112 -0.0417 -0.9494
vn -0.1969 -0.0173 -0.9803
vn -0.0771 -0.0083 -0.9970
vn -0.1804 -0.1353 -0.9742
vn -0.1968 -0.0172 -0.9803
vn -0.0770 -0.0081 -0.9970
vn -0.0859 -0.1359 -0.9870
vn -0.1795 -0.1348 -0.9745
vn -0.0664 0.1363 -0.9884
vn -0.0773 -0.0079 -0.9970
vn -0.1970 -0.0169 -0.9803
vn -0.5103 0.8172 0.2680
vn -0.5076 0.7734 0.3798
vn -0.0794 0.9631 -0.2572
vn -0.0801 0.7680 -0.6354
vn 0.2809 0.7844 -0.5530
vn -0.0805 0.7680 -0.6354
vn -0.0790 0.9632 -0.2569
vn -0.0878 0.9777 0.1909
vn -0.0793 0.9632 -0.2569
vn 0.2813 0.7844 -0.5528
vn -0.0793 0.9632 -0.2570
vn 0.1328 0.9853 -0.1077
vn -0.0850 0.9739 0.2104
vn -0.1068 0.9708 0.2148
vn -0.1069 0.9702 0.2174
vn -0.0838 0.9735 0.2127
vn -0.0838 0.9735 0.2129
vn -0.1069 0.9702 0.2176
vn -0.1007 0.9713 0.2155
vn -0.0837 0.9735 0.2129
vn -0.1009 0.9713 0.2155
vn -0.0903 0.9728 0.2133
vn -0.0901 0.9728 0.2132
vn -0.0998 0.9714 0.2156
vn -0.0902 0.9728 0.2132
vn -0.1003 0.9713 0.2157
vn -0.0909 0.9726 0.2139
vn -0.0907 0.9726 0.2141
vn -0.1001 0.9713 0.2160
vn -0.1004 0.9696 0.2232
vn -0.0906 0.9726 0.2140
vn -0.1007 0.9695 0.2234
vn -0.0868 0.9715 0.2206
vn -0.0867 0.9714 0.2209
vn -0.1004 0.9695 0.2236
vn -0.0938 0.9693 0.2274
vn -0.0870 0.9715 0.2205
vn -0.0940 0.9693 0.2273
vn -0.0915 0.9697 0.2265
vn -0.0870 0.9716 0.2202
vn -0.0936 0.9703 0.2231
vn -0.0771 -0.0079 -0.9970
vn -0.0663 0.1363 -0.9885
vn -0.1139 -0.4573 -0.8820
vn -0.2305 -0.3160 -0.9203
vn -0.1552 -0.2668 -0.9512
vn 0.1007 -0.9296 -0.3545
vn 0.0258 -0.9403 -0.3394
vn 0.0579 -0.9280 -0.3682
vn -0.1140 -0.4574 -0.8819
vn -0.2057 -0.5030 -0.8395
vn -0.2304 -0.3161 -0.9203
vn -0.0417 -0.9301 -0.3649
vn 0.1689 -0.9226 -0.3469
vn -0.0335 -0.9515 -0.3057
vn -0.0416 -0.9300 -0.3652
vn -0.0334 -0.9515 -0.3059
vn -0.3948 -0.7677 -0.5047
vt 0.410400 0.553140
vt 0.409340 0.552530
vt 0.407830 0.556310
vt 0.408160 0.552260
vt 0.411470 0.547620
vt 0.413910 0.549120
vt 0.425550 0.545040
vt 0.415760 0.551240
vt 0.421420 0.540330
vt 0.428840 0.542980
vt 0.423940 0.537420
vt 0.415970 0.537000
vt 0.417490 0.533480
vt 0.419930 0.527790
vt 0.428000 0.532710
vt 0.439960 0.518730
vt 0.449480 0.529670
vt 0.434060 0.539650
vt 0.454980 0.541980
vt 0.437560 0.547280
vt 0.431610 0.549070
vt 0.523200 0.547090
vt 0.481070 0.533160
vt 0.457360 0.555230
vt 0.509590 0.560080
vt 0.524410 0.544030
vt 0.545800 0.554280
vt 0.538630 0.560860
vt 0.565890 0.561900
vt 0.537020 0.570100
vt 0.564740 0.568680
vt 0.568330 0.570990
vt 0.569890 0.560120
vt 0.547340 0.550510
vt 0.543770 0.577190
vt 0.545310 0.580910
vt 0.520370 0.584910
vt 0.521590 0.587930
vt 0.508100 0.570280
vt 0.472600 0.597560
vt 0.455520 0.569570
vt 0.449120 0.583290
vt 0.438950 0.555550
vt 0.437830 0.564670
vt 0.432730 0.555660
vt 0.431840 0.563000
vt 0.428840 0.555730
vt 0.428100 0.561940
vt 0.428750 0.569880
vt 0.425490 0.567750
vt 0.416900 0.558810
vt 0.417230 0.556030
vt 0.416820 0.553530
vt 0.411670 0.555020
vt 0.411870 0.556090
vt 0.411740 0.557300
vt 0.411260 0.558430
vt 0.415730 0.561410
vt 0.421260 0.572510
vt 0.413830 0.563540
vt 0.410450 0.559370
vt 0.411430 0.565000
vt 0.415920 0.575770
vt 0.409420 0.560020
vt 0.408670 0.565680
vt 0.409730 0.577270
vt 0.405820 0.565490
vt 0.408210 0.560340
vt 0.403370 0.576880
vt 0.397530 0.574670
vt 0.403210 0.564490
vt 0.406960 0.560300
vt 0.405790 0.559900
vt 0.400960 0.562750
vt 0.404830 0.559110
vt 0.388910 0.565500
vt 0.399340 0.560410
vt 0.392520 0.570740
vt 0.385460 0.567210
vt 0.389750 0.573420
vt 0.385260 0.577700
vt 0.392670 0.583530
vt 0.395670 0.578070
vt 0.401290 0.586770
vt 0.402580 0.580680
vt 0.410100 0.581130
vt 0.410690 0.587300
vt 0.417410 0.579320
vt 0.419830 0.585070
vt 0.427690 0.580300
vt 0.423730 0.575510
vt 0.433920 0.573240
vt 0.439250 0.594730
vt 0.459110 0.643720
vt 0.426900 0.602140
vt 0.468030 0.638550
vt 0.486700 0.641030
vt 0.489860 0.640170
vt 0.495050 0.663310
vt 0.485460 0.661740
vt 0.501510 0.683810
vt 0.477210 0.666220
vt 0.495480 0.687100
vt 0.475830 0.675910
vt 0.473860 0.679420
vt 0.495890 0.691350
vt 0.455280 0.662400
vt 0.415620 0.632830
vt 0.453680 0.665240
vt 0.380690 0.654680
vt 0.390390 0.670830
vt 0.393030 0.672750
vt 0.412190 0.605590
vt 0.397110 0.604920
vt 0.364760 0.679080
vt 0.371100 0.650890
vt 0.373400 0.682740
vt 0.356320 0.684040
vt 0.352550 0.609930
vt 0.354090 0.659530
vt 0.383630 0.599780
vt 0.371810 0.590340
vt 0.363000 0.578030
vt 0.313750 0.595870
vt 0.310790 0.585960
vt 0.358720 0.564210
vt 0.379870 0.569960
vt 0.377110 0.561160
vt 0.383260 0.560160
vt 0.387040 0.559530
vt 0.383270 0.552610
vt 0.387060 0.553170
vt 0.398500 0.557740
vt 0.404140 0.558070
vt 0.403790 0.556900
vt 0.398500 0.554890
vt 0.403800 0.555670
vt 0.399350 0.552160
vt 0.388990 0.547100
vt 0.404180 0.554510
vt 0.400950 0.549840
vt 0.392520 0.541950
vt 0.397550 0.538040
vt 0.403200 0.548070
vt 0.404880 0.553540
vt 0.403520 0.535800
vt 0.405860 0.552830
vt 0.405890 0.547080
vt 0.409780 0.535440
vt 0.408700 0.546920
vt 0.406970 0.552360
vt 0.410160 0.531630
vt 0.410760 0.525440
vt 0.401520 0.525940
vt 0.402770 0.532050
vt 0.395710 0.534710
vt 0.392670 0.529270
vt 0.389740 0.539330
vt 0.385190 0.535080
vt 0.385510 0.545400
vt 0.379910 0.542680
vt 0.377130 0.551710
vt 0.363170 0.534470
vt 0.358870 0.549040
vt 0.300860 0.511980
vt 0.318870 0.506490
vt 0.324890 0.498050
vt 0.371450 0.522570
vt 0.383550 0.513360
vt 0.320640 0.479470
vt 0.369320 0.489810
vt 0.397710 0.507820
vt 0.320920 0.476230
vt 0.296650 0.471700
vt 0.296310 0.475710
vt 0.271660 0.469980
vt 0.299080 0.485100
vt 0.273790 0.473680
vt 0.269670 0.479170
vt 0.293420 0.492600
vt 0.265300 0.478920
vt 0.284040 0.495150
vt 0.280940 0.497790
vt 0.298350 0.514070
vt 0.331550 0.545900
vt 0.293480 0.577950
vt 0.291090 0.575740
vt 0.272640 0.592150
vt 0.275610 0.594870
vt 0.255980 0.610850
vt 0.260210 0.611430
vt 0.262030 0.618050
vt 0.259160 0.621360
vt 0.283650 0.620550
vt 0.283470 0.616480
vt 0.287190 0.607490
vt 0.307060 0.613470
vt 0.307180 0.616740
vt 0.284730 0.598440
vt 0.377500 0.444680
vt 0.403180 0.455230
vt 0.412200 0.507060
vt 0.392830 0.455620
vt 0.436790 0.485280
vt 0.426900 0.510960
vt 0.415330 0.440540
vt 0.418070 0.438790
vt 0.478150 0.482750
vt 0.477450 0.463920
vt 0.476070 0.460950
vt 0.503910 0.469010
vt 0.484780 0.490670
vt 0.498110 0.461640
vt 0.517220 0.442150
vt 0.498060 0.451920
vt 0.521460 0.447550
vt 0.525590 0.446440
vt 0.518580 0.437990
vt 0.496300 0.448240
vt 0.513700 0.468780
vt 0.517490 0.470140
vt 0.503810 0.491220
vt 0.506860 0.492400
vt 0.406880 0.416790
vt 0.403500 0.418970
vt 0.393020 0.395930
vt 0.391390 0.399870
vt 0.397730 0.426880
vt 0.384520 0.399950
vt 0.388340 0.426960
vt 0.382050 0.396330
vt 0.380600 0.421080
vt 0.376610 0.420230
vt 0.374320 0.443960
vt 0.350870 0.660050
vt 0.352350 0.684680
vt 0.356740 0.709340
vt 0.359810 0.706380
vt 0.366140 0.709040
vt 0.366960 0.713350
vt 0.378160 0.691220
vt 0.381470 0.693600
vt 0.505380 0.685850
vt 0.498970 0.662190
vt 0.411200 0.554040
vt 0.427910 0.550170
vt 0.485180 0.964600
vt 0.480400 0.952350
vt 0.480740 0.964070
vt 0.486750 0.952880
vt 0.493560 0.953720
vt 0.476360 0.964860
vt 0.490140 0.965240
vt 0.471360 0.965800
vt 0.474080 0.953250
vt 0.467340 0.954460
vt 0.469570 0.934820
vt 0.459160 0.937670
vt 0.479860 0.932770
vt 0.466070 0.917340
vt 0.490250 0.934240
vt 0.492740 0.916590
vt 0.479370 0.915620
vt 0.463440 0.899470
vt 0.478880 0.898890
vt 0.494340 0.898590
vt 0.461600 0.878830
vt 0.494960 0.877870
vt 0.478280 0.878240
vt 0.460490 0.855470
vt 0.444460 0.880790
vt 0.448110 0.902070
vt 0.423910 0.859780
vt 0.427040 0.884920
vt 0.442630 0.856400
vt 0.460310 0.830650
vt 0.423840 0.833870
vt 0.442560 0.831550
vt 0.425590 0.807950
vt 0.403110 0.837130
vt 0.403470 0.864740
vt 0.378760 0.841010
vt 0.405290 0.809570
vt 0.379420 0.810840
vt 0.350170 0.845350
vt 0.352320 0.810000
vt 0.385440 0.782090
vt 0.355960 0.882910
vt 0.381620 0.871830
vt 0.369260 0.915140
vt 0.388030 0.940950
vt 0.389340 0.900860
vt 0.408540 0.891380
vt 0.402070 0.925280
vt 0.417260 0.914460
vt 0.432820 0.907020
vt 0.428250 0.933520
vt 0.440460 0.925800
vt 0.440800 0.948910
vt 0.416840 0.943900
vt 0.406740 0.957020
vt 0.433070 0.957590
vt 0.425930 0.968250
vt 0.450050 0.967420
vt 0.445920 0.975990
vt 0.464430 0.972170
vt 0.463980 0.975200
vt 0.497310 0.971350
vt 0.497910 0.974370
vt 0.506220 0.959580
vt 0.496770 0.968810
vt 0.511480 0.965810
vt 0.516030 0.974150
vt 0.527930 0.955000
vt 0.535660 0.965240
vt 0.543390 0.940340
vt 0.554240 0.952850
vt 0.557080 0.920840
vt 0.572010 0.935650
vt 0.568370 0.895660
vt 0.589250 0.908710
vt 0.574360 0.866170
vt 0.600630 0.875690
vt 0.548650 0.887330
vt 0.552130 0.860390
vt 0.575370 0.835200
vt 0.550840 0.832780
vt 0.572900 0.805090
vt 0.604170 0.837810
vt 0.599890 0.802610
vt 0.565160 0.776740
vt 0.588820 0.772280
vt 0.547010 0.805370
vt 0.540960 0.779900
vt 0.558680 0.758910
vt 0.526660 0.804970
vt 0.524710 0.780230
vt 0.511140 0.829540
vt 0.509340 0.804500
vt 0.529960 0.830760
vt 0.491410 0.804430
vt 0.511880 0.780780
vt 0.492890 0.779170
vt 0.476090 0.805160
vt 0.475320 0.779830
vt 0.494860 0.759910
vt 0.457740 0.780210
vt 0.460750 0.805330
vt 0.476880 0.831570
vt 0.454600 0.761100
vt 0.438880 0.782940
vt 0.442850 0.806460
vt 0.422480 0.763390
vt 0.426030 0.783160
vt 0.433190 0.762440
vt 0.429040 0.752600
vt 0.416580 0.749340
vt 0.410930 0.747290
vt 0.397260 0.750860
vt 0.390830 0.763910
vt 0.409530 0.762320
vt 0.409790 0.783790
vt 0.361550 0.779080
vt 0.380060 0.747930
vt 0.370960 0.760470
vt 0.453870 0.752040
vt 0.474400 0.749560
vt 0.474720 0.760060
vt 0.495040 0.750820
vt 0.516310 0.759970
vt 0.519850 0.749900
vt 0.527060 0.760290
vt 0.539920 0.758440
vt 0.532090 0.745910
vt 0.537600 0.743520
vt 0.551470 0.746260
vt 0.578290 0.754270
vt 0.568450 0.742310
vt 0.477610 0.855710
vt 0.493380 0.829680
vt 0.494680 0.854480
vt 0.512180 0.878840
vt 0.512560 0.854370
vt 0.531440 0.856640
vt 0.529810 0.881960
vt 0.509780 0.900310
vt 0.541290 0.910920
vt 0.525330 0.904380
vt 0.505950 0.918950
vt 0.500790 0.936510
vt 0.518790 0.923610
vt 0.510490 0.940640
vt 0.519740 0.946740
vt 0.531410 0.930630
vt 0.499960 0.956080
vt 0.493120 0.966820
vt 0.468440 0.967530
vt 0.464840 0.969740
vt 0.454990 0.960960
vt 0.461070 0.957150
vt 0.449710 0.942320
vt 0.453010 0.920430
vt 0.204800 0.580920
vt 0.199150 0.585980
vt 0.211470 0.604810
vt 0.197030 0.591750
vt 0.187740 0.566550
vt 0.195010 0.561040
vt 0.215500 0.600050
vt 0.210940 0.581410
vt 0.207130 0.563230
vt 0.200890 0.524310
vt 0.176290 0.523030
vt 0.184050 0.513570
vt 0.188060 0.502000
vt 0.230550 0.507010
vt 0.236850 0.517590
vt 0.256030 0.515500
vt 0.252850 0.510240
vt 0.275250 0.512360
vt 0.252420 0.502670
vt 0.274050 0.506240
vt 0.256640 0.498180
vt 0.240090 0.489760
vt 0.230750 0.497840
vt 0.189400 0.489160
vt 0.205790 0.472120
vt 0.186840 0.478380
vt 0.225000 0.442410
vt 0.212600 0.440960
vt 0.235470 0.426350
vt 0.229350 0.425580
vt 0.245100 0.409530
vt 0.223290 0.421220
vt 0.239610 0.406620
vt 0.222550 0.415080
vt 0.206010 0.422340
vt 0.206000 0.434670
vt 0.171920 0.459500
vt 0.169000 0.434760
vt 0.154280 0.473680
vt 0.161440 0.453610
vt 0.159420 0.477320
vt 0.180320 0.469110
vt 0.162920 0.481620
vt 0.149500 0.491800
vt 0.166840 0.485820
vt 0.159420 0.477330
vt 0.168870 0.490960
vt 0.168240 0.497020
vt 0.165870 0.502800
vt 0.162160 0.507730
vt 0.157040 0.511160
vt 0.165550 0.529900
vt 0.153920 0.534080
vt 0.155990 0.553810
vt 0.183380 0.578060
vt 0.129260 0.582780
vt 0.141590 0.533800
vt 0.123400 0.571960
vt 0.113900 0.591960
vt 0.117340 0.597070
vt 0.106420 0.590670
vt 0.114570 0.569650
vt 0.100580 0.592580
vt 0.102820 0.573320
vt 0.129560 0.529370
vt 0.119240 0.522660
vt 0.105000 0.536550
vt 0.111850 0.512800
vt 0.065870 0.533780
vt 0.130190 0.502390
vt 0.107850 0.500660
vt 0.134080 0.507290
vt 0.066960 0.514130
vt 0.070660 0.522440
vt 0.045460 0.520880
vt 0.049110 0.527540
vt 0.024330 0.528660
vt 0.028060 0.533660
vt 0.047270 0.533410
vt 0.040320 0.517520
vt 0.056760 0.507250
vt 0.086810 0.486080
vt 0.109470 0.476480
vt 0.106560 0.488420
vt 0.076150 0.450190
vt 0.064350 0.453630
vt 0.061720 0.429470
vt 0.058770 0.436490
vt 0.080400 0.442050
vt 0.115220 0.440240
vt 0.079520 0.429800
vt 0.061170 0.423360
vt 0.116210 0.465640
vt 0.129080 0.484130
vt 0.132330 0.478990
vt 0.125250 0.457300
vt 0.136890 0.474900
vt 0.136710 0.452690
vt 0.137000 0.410330
vt 0.127070 0.403060
vt 0.136950 0.388180
vt 0.144260 0.386120
vt 0.146010 0.408590
vt 0.141460 0.363790
vt 0.135740 0.366290
vt 0.131650 0.385050
vt 0.148700 0.381870
vt 0.155010 0.400210
vt 0.149490 0.451170
vt 0.142500 0.472330
vt 0.148470 0.471950
vt 0.127820 0.490220
vt 0.128380 0.496480
vt 0.042480 0.417770
vt 0.040890 0.423810
vt 0.053030 0.438710
vt 0.139270 0.510850
vt 0.144950 0.513190
vt 0.151160 0.513170
vt 0.099330 0.612030
vt 0.105570 0.612230
vt 0.654490 0.778400
vt 0.646170 0.766930
vt 0.638810 0.769490
vt 0.657010 0.776250
vt 0.685450 0.776970
vt 0.687860 0.779260
vt 0.696690 0.768260
vt 0.703940 0.771180
vt 0.724470 0.762500
vt 0.726840 0.739440
vt 0.742970 0.748340
vt 0.712110 0.755920
vt 0.697980 0.749670
vt 0.706980 0.733630
vt 0.689470 0.731580
vt 0.684920 0.747800
vt 0.687630 0.764550
vt 0.676940 0.773210
vt 0.682340 0.774310
vt 0.679790 0.763850
vt 0.671510 0.763490
vt 0.665630 0.772900
vt 0.671310 0.772190
vt 0.671890 0.746330
vt 0.658820 0.747080
vt 0.663230 0.763400
vt 0.655000 0.730600
vt 0.645690 0.748240
vt 0.655360 0.763680
vt 0.660220 0.773680
vt 0.651730 0.712350
vt 0.672240 0.730540
vt 0.637430 0.731680
vt 0.617390 0.736450
vt 0.606560 0.718200
vt 0.630960 0.714020
vt 0.647840 0.688480
vt 0.622280 0.688730
vt 0.594240 0.691830
vt 0.583930 0.724610
vt 0.567040 0.695500
vt 0.585420 0.661970
vt 0.600930 0.744570
vt 0.618730 0.759730
vt 0.631330 0.753760
vt 0.555680 0.660870
vt 0.582510 0.629800
vt 0.615750 0.663020
vt 0.645320 0.662460
vt 0.644370 0.639880
vt 0.613120 0.636730
vt 0.587460 0.600590
vt 0.613880 0.610130
vt 0.644600 0.616520
vt 0.644930 0.594580
vt 0.615590 0.587720
vt 0.598390 0.576370
vt 0.564750 0.587430
vt 0.585130 0.561680
vt 0.609900 0.560940
vt 0.553780 0.621750
vt 0.604480 0.551280
vt 0.621760 0.544100
vt 0.616230 0.573240
vt 0.622650 0.555940
vt 0.734180 0.550300
vt 0.629150 0.565320
vt 0.732620 0.561080
vt 0.750560 0.557370
vt 0.744720 0.566620
vt 0.725410 0.569140
vt 0.737490 0.578130
vt 0.704040 0.572250
vt 0.649960 0.570610
vt 0.646210 0.578350
vt 0.676270 0.585820
vt 0.676600 0.577650
vt 0.675770 0.599700
vt 0.707100 0.580500
vt 0.736970 0.592440
vt 0.707050 0.596900
vt 0.737080 0.614660
vt 0.754950 0.582320
vt 0.768940 0.568360
vt 0.787550 0.594710
vt 0.764160 0.606750
vt 0.767280 0.635810
vt 0.796460 0.629140
vt 0.736170 0.640950
vt 0.704630 0.642000
vt 0.732050 0.666780
vt 0.705840 0.618780
vt 0.674410 0.643040
vt 0.675130 0.619080
vt 0.673900 0.661830
vt 0.673200 0.689330
vt 0.702440 0.664360
vt 0.724170 0.691850
vt 0.698590 0.690060
vt 0.714270 0.716450
vt 0.752150 0.696460
vt 0.762540 0.667410
vt 0.779250 0.701420
vt 0.760920 0.729400
vt 0.738530 0.721920
vt 0.792410 0.667720
vt 0.693570 0.713580
vt 0.672640 0.713210
vt 0.729450 0.534680
vt 0.628440 0.528080
vt 0.720040 0.526720
vt 0.639110 0.520890
vt 0.718630 0.521940
vt 0.641430 0.516200
vt 0.714200 0.513050
vt 0.647520 0.507860
vt 0.697410 0.504410
vt 0.681350 0.504510
vt 0.665610 0.501990
s 0
usemtl mat0.991
f 4/1/1 1/2/2 2/3/3
f 1/2/4 3/4/5 2/3/6
f 5/5/7 3/4/8 1/2/9
f 6/6/10 1/2/11 4/1/12
f 6/6/13 5/5/14 1/2/15
f 7/7/16 6/6/10 8/8/17
f 7/7/18 9/9/19 6/6/20
f 8/8/21 6/6/22 4/1/23
f 9/9/24 5/5/25 6/6/26
f 11/10/27 9/9/28 7/7/16
f 12/11/29 10/12/30 9/9/31
f 9/9/24 10/12/32 5/5/33
f 11/10/34 12/11/35 9/9/36
f 12/11/29 14/13/37 10/12/38
f 13/14/39 12/11/29 15/15/40
f 13/14/41 14/13/42 12/11/43
f 11/10/44 15/15/45 12/11/46
f 16/16/47 13/14/48 15/15/40
f 17/17/49 16/16/50 15/15/51
f 17/17/52 15/15/53 18/18/54
f 11/10/34 18/18/54 15/15/55
f 21/19/56 18/18/57 19/20/58
f 20/21/59 19/20/60 18/18/54
f 20/21/59 18/18/61 11/10/62
f 21/19/63 17/17/64 18/18/65
f 21/19/66 25/22/67 22/23/68
f 22/23/69 17/17/70 21/19/63
f 24/24/71 21/19/72 19/20/73
f 23/25/74 21/19/75 24/24/76
f 25/22/77 21/19/78 23/25/79
f 25/22/80 26/26/81 22/23/82
f 27/27/83 26/26/84 25/22/85
f 25/22/86 28/28/87 27/27/88
f 25/22/89 23/25/90 28/28/91
f 30/29/92 28/28/93 29/30/94
f 29/30/95 28/28/96 23/25/97
f 27/27/98 28/28/99 30/29/100
f 30/29/101 29/30/102 31/31/103
f 32/32/104 30/29/105 31/31/106
f 33/33/107 27/27/108 30/29/109
f 32/32/110 33/33/111 30/29/112
f 33/33/113 34/34/114 27/27/115
f 27/27/116 34/34/117 26/26/118
f 35/35/119 32/32/120 31/31/121
f 35/35/122 36/36/123 32/32/124
f 38/37/125 37/38/126 36/36/127
f 38/37/125 36/36/128 35/35/129
f 40/39/130 39/40/131 38/37/132
f 39/40/133 37/38/134 38/37/135
f 35/35/136 40/39/137 38/37/138
f 40/39/139 23/25/140 24/24/141
f 29/30/142 23/25/143 40/39/144
f 40/39/145 24/24/146 41/41/147
f 41/41/148 39/40/149 40/39/150
f 35/35/151 29/30/152 40/39/153
f 39/40/133 41/41/154 42/42/155
f 41/41/156 24/24/157 44/43/158
f 42/42/155 41/41/159 43/44/160
f 41/41/159 44/43/161 43/44/162
f 45/45/163 44/43/164 19/20/60
f 46/46/165 44/43/166 45/45/167
f 24/24/71 19/20/168 44/43/169
f 46/46/170 43/44/171 44/43/172
f 46/46/173 47/47/174 49/48/175
f 46/46/176 45/45/177 47/47/178
f 48/49/179 46/46/180 49/48/181
f 48/49/182 43/44/183 46/46/184
f 48/49/185 49/48/181 50/50/186
f 50/50/187 49/48/188 51/51/189
f 49/48/188 52/52/190 51/51/191
f 49/48/192 47/47/193 52/52/194
f 47/47/195 53/53/196 52/52/197
f 52/52/198 53/53/199 54/54/200
f 52/52/201 54/54/202 55/55/203
f 51/51/204 52/52/205 55/55/206
f 55/55/207 54/54/208 2/3/209
f 56/56/210 55/55/211 2/3/212
f 51/51/213 55/55/214 56/56/215
f 57/57/216 56/56/217 2/3/218
f 58/58/219 56/56/220 57/57/221
f 58/58/222 51/51/223 56/56/220
f 59/59/224 50/50/225 58/58/226
f 50/50/227 51/51/228 58/58/229
f 60/60/230 58/58/231 57/57/232
f 59/59/233 58/58/234 60/60/235
f 60/60/236 57/57/237 61/61/238
f 63/62/239 60/60/240 61/61/241
f 62/63/242 60/60/243 63/62/244
f 62/63/245 59/59/246 60/60/235
f 63/62/247 61/61/248 64/64/249
f 66/65/250 63/62/251 64/64/252
f 65/66/253 63/62/254 66/65/255
f 65/66/253 62/63/256 63/62/257
f 69/67/258 66/65/250 67/68/259
f 66/65/260 64/64/261 67/68/262
f 68/69/263 65/66/264 66/65/265
f 68/69/266 66/65/267 69/67/268
f 70/70/269 69/67/270 71/71/271
f 70/70/272 68/69/273 69/67/274
f 69/67/275 67/68/276 72/72/277
f 71/71/278 69/67/279 72/72/280
f 72/72/281 67/68/282 2/3/283
f 73/73/284 72/72/285 2/3/286
f 71/71/287 72/72/277 73/73/288
f 75/74/289 73/73/290 74/75/291
f 74/75/292 73/73/293 2/3/294
f 75/74/295 71/71/296 73/73/290
f 76/76/297 75/74/298 77/77/299
f 76/76/300 78/78/301 75/74/302
f 77/77/303 75/74/304 74/75/305
f 78/78/306 71/71/307 75/74/308
f 79/79/309 78/78/310 76/76/311
f 78/78/312 70/70/272 71/71/313
f 80/80/314 70/70/269 78/78/315
f 79/79/316 80/80/314 78/78/317
f 80/80/318 81/81/319 82/82/320
f 79/79/321 81/81/322 80/80/323
f 80/80/324 83/83/325 70/70/269
f 80/80/326 82/82/320 83/83/327
f 83/83/328 68/69/329 70/70/330
f 83/83/331 82/82/332 84/84/333
f 83/83/334 85/85/335 68/69/336
f 83/83/337 84/84/338 85/85/339
f 85/85/340 65/66/341 68/69/342
f 85/85/343 87/86/344 65/66/345
f 85/85/346 84/84/347 86/87/348
f 85/85/349 86/87/348 87/86/350
f 87/86/351 62/63/352 65/66/353
f 87/86/354 89/88/355 62/63/356
f 87/86/357 86/87/358 88/89/359
f 87/86/357 88/89/360 89/88/361
f 89/88/362 88/89/363 90/90/364
f 89/88/365 90/90/366 91/91/367
f 89/88/368 91/91/369 59/59/370
f 89/88/371 59/59/372 62/63/373
f 91/91/374 90/90/375 92/92/376
f 91/91/377 92/92/378 48/49/379
f 91/91/380 48/49/179 50/50/381
f 91/91/377 50/50/382 59/59/383
f 93/93/384 92/92/385 90/90/386
f 93/93/387 42/42/388 92/92/389
f 48/49/390 92/92/391 43/44/392
f 42/42/393 43/44/160 92/92/389
f 94/94/394 93/93/395 96/95/396
f 94/94/397 95/96/398 93/93/384
f 97/97/399 93/93/400 95/96/401
f 39/40/402 93/93/400 97/97/403
f 93/93/404 39/40/405 42/42/406
f 96/95/407 93/93/408 90/90/409
f 97/97/410 98/98/411 39/40/412
f 99/99/413 98/98/414 97/97/415
f 97/97/416 100/100/417 99/99/418
f 97/97/419 95/96/420 100/100/421
f 99/99/422 100/100/423 101/101/424
f 101/101/425 100/100/426 102/102/427
f 102/102/428 100/100/421 95/96/429
f 101/101/430 102/102/431 103/103/432
f 103/103/433 102/102/434 104/104/435
f 104/104/436 102/102/437 94/94/438
f 102/102/428 95/96/439 94/94/440
f 104/104/441 105/105/442 106/106/443
f 107/107/444 105/105/442 104/104/445
f 104/104/446 94/94/447 107/107/448
f 104/104/449 106/106/450 103/103/451
f 94/94/452 108/108/453 107/107/454
f 108/108/455 109/109/456 107/107/457
f 107/107/458 109/109/459 105/105/460
f 108/108/461 114/110/462 110/111/463
f 110/111/464 111/112/465 108/108/466
f 94/94/467 112/113/468 108/108/469
f 113/114/470 108/108/471 112/113/472
f 108/108/455 113/114/473 114/110/474
f 115/115/475 114/110/462 117/116/476
f 115/115/477 116/117/478 114/110/479
f 110/111/480 114/110/481 116/117/482
f 117/116/483 114/110/484 113/114/485
f 119/118/486 115/115/487 117/116/488
f 117/116/489 120/119/490 118/120/491
f 119/118/492 117/116/493 118/120/494
f 121/121/495 120/119/496 117/116/497
f 117/116/498 113/114/499 121/121/500
f 121/121/501 113/114/470 84/84/338
f 120/119/502 121/121/503 122/122/504
f 122/122/505 121/121/506 82/82/507
f 121/121/508 84/84/509 82/82/510
f 122/122/511 82/82/512 81/81/513
f 124/123/514 122/122/515 81/81/516
f 122/122/517 123/124/518 120/119/519
f 123/124/520 122/122/521 124/123/522
f 125/125/523 124/123/524 126/126/525
f 125/125/526 123/124/527 124/123/528
f 126/126/529 124/123/530 127/127/531
f 124/123/532 81/81/533 127/127/534
f 126/126/535 127/127/536 128/128/537
f 129/129/538 128/128/539 127/127/540
f 129/129/541 127/127/542 79/79/543
f 79/79/544 127/127/545 81/81/546
f 129/129/547 76/76/548 131/130/549
f 129/129/550 79/79/551 76/76/552
f 130/131/553 129/129/554 131/130/555
f 130/131/556 128/128/557 129/129/558
f 130/131/559 131/130/560 132/132/561
f 132/132/562 131/130/563 133/133/564
f 131/130/565 77/77/566 133/133/567
f 131/130/568 76/76/569 77/77/570
f 133/133/571 135/134/572 134/135/573
f 136/136/574 133/133/575 134/135/576
f 133/133/577 77/77/578 135/134/579
f 132/132/580 133/133/581 136/136/582
f 136/136/583 134/135/584 137/137/585
f 139/138/586 136/136/587 137/137/588
f 138/139/589 136/136/590 139/138/591
f 138/139/592 132/132/593 136/136/594
f 139/138/595 137/137/596 140/140/597
f 142/141/598 139/138/599 140/140/600
f 141/142/601 139/138/602 142/141/603
f 141/142/604 138/139/605 139/138/606
f 143/143/607 142/141/608 145/144/609
f 143/143/610 141/142/611 142/141/612
f 142/141/613 140/140/614 144/145/615
f 145/144/616 142/141/617 144/145/618
f 147/146/619 143/143/620 145/144/621
f 145/144/622 144/145/623 146/147/624
f 148/148/625 145/144/626 146/147/627
f 147/146/628 145/144/629 148/148/630
f 149/149/631 148/148/632 150/150/633
f 149/149/634 147/146/635 148/148/636
f 150/150/637 148/148/638 151/151/639
f 148/148/640 146/147/627 151/151/641
f 150/150/642 151/151/643 3/4/5
f 3/4/644 151/151/645 2/3/6
f 151/151/639 146/147/646 2/3/647
f 10/12/648 150/150/649 5/5/650
f 10/12/651 149/149/652 150/150/653
f 5/5/654 150/150/655 3/4/656
f 14/13/657 149/149/658 10/12/659
f 152/152/660 147/146/661 149/149/662
f 14/13/663 152/152/664 149/149/665
f 152/152/666 153/153/667 154/154/668
f 14/13/669 153/153/670 152/152/671
f 152/152/672 154/154/673 155/155/674
f 152/152/675 155/155/676 147/146/677
f 155/155/678 143/143/679 147/146/680
f 155/155/674 157/156/681 143/143/682
f 155/155/683 154/154/684 156/157/685
f 155/155/686 156/157/687 157/156/688
f 157/156/689 141/142/690 143/143/691
f 157/156/692 159/158/693 141/142/611
f 157/156/694 156/157/695 158/159/696
f 157/156/697 158/159/698 159/158/699
f 159/158/700 138/139/701 141/142/702
f 159/158/703 161/160/704 138/139/705
f 159/158/706 158/159/707 160/161/708
f 159/158/700 160/161/709 161/160/710
f 161/160/711 160/161/712 162/162/713
f 161/160/710 162/162/714 130/131/715
f 161/160/716 130/131/717 132/132/580
f 161/160/718 132/132/580 138/139/719
f 164/163/720 162/162/713 160/161/721
f 130/131/722 162/162/723 128/128/724
f 163/164/725 128/128/726 162/162/727
f 164/163/728 163/164/729 162/162/730
f 164/163/731 165/165/732 163/164/733
f 165/165/734 164/163/735 167/166/736
f 166/167/737 164/163/738 168/168/739
f 166/167/740 167/166/741 164/163/742
f 168/168/743 164/163/720 160/161/721
f 169/169/744 166/167/745 168/168/746
f 169/169/747 168/168/748 158/159/749
f 168/168/750 160/161/751 158/159/752
f 172/170/753 169/169/754 170/171/755
f 171/172/756 170/171/757 169/169/758
f 169/169/759 158/159/749 156/157/760
f 171/172/761 169/169/762 156/157/763
f 169/169/764 172/170/765 166/167/766
f 170/171/767 173/173/768 172/170/769
f 172/170/770 173/173/768 174/174/771
f 172/170/765 174/174/772 175/175/773
f 175/175/774 166/167/740 172/170/775
f 175/175/773 174/174/776 176/176/777
f 175/175/778 178/177/779 166/167/780
f 175/175/774 176/176/781 177/178/782
f 177/178/783 178/177/784 175/175/785
f 180/179/786 178/177/787 177/178/788
f 178/177/789 167/166/790 166/167/791
f 178/177/792 179/180/793 167/166/794
f 180/179/795 179/180/796 178/177/797
f 182/181/798 181/182/799 180/179/800
f 181/182/801 179/180/802 180/179/803
f 176/176/804 180/179/805 177/178/806
f 176/176/807 182/181/808 180/179/809
f 182/181/810 183/183/811 181/182/812
f 181/182/813 183/183/814 184/184/815
f 181/182/816 184/184/817 165/165/818
f 165/165/819 184/184/820 185/185/821
f 163/164/822 165/165/732 185/185/823
f 126/126/535 185/185/824 186/186/825
f 185/185/826 187/187/827 186/186/828
f 185/185/829 126/126/830 163/164/831
f 186/186/832 187/187/833 188/188/834
f 189/189/835 188/188/836 190/190/837
f 186/186/838 188/188/839 189/189/840
f 189/189/841 190/190/842 192/191/843
f 190/190/844 191/192/845 192/191/846
f 190/190/847 193/193/848 191/192/849
f 193/193/850 194/194/851 195/195/852
f 193/193/853 195/195/854 191/192/855
f 195/195/856 196/196/857 191/192/858
f 197/197/859 196/196/860 195/195/861
f 195/195/862 194/194/863 198/198/864
f 195/195/862 198/198/865 197/197/866
f 197/197/867 198/198/865 120/119/868
f 120/119/869 123/124/520 197/197/870
f 197/197/871 123/124/520 196/196/872
f 191/192/873 196/196/874 199/199/875
f 199/199/876 196/196/877 123/124/878
f 191/192/879 199/199/880 192/191/881
f 192/191/882 199/199/883 189/189/841
f 189/189/884 199/199/875 125/125/885
f 199/199/886 123/124/878 125/125/887
f 189/189/888 125/125/889 186/186/890
f 126/126/891 186/186/892 125/125/885
f 165/165/893 179/180/793 181/182/894
f 165/165/893 167/166/895 179/180/896
f 171/172/897 202/200/898 170/171/899
f 200/201/900 171/172/897 203/202/901
f 200/201/902 201/203/903 171/172/756
f 202/200/904 171/172/905 201/203/906
f 203/202/907 171/172/908 154/154/909
f 171/172/761 156/157/910 154/154/673
f 205/204/911 203/202/912 204/205/913
f 204/205/914 203/202/915 153/153/916
f 203/202/917 154/154/909 153/153/918
f 205/204/919 200/201/920 203/202/915
f 200/201/921 205/204/922 206/206/923
f 205/204/924 207/207/925 206/206/926
f 205/204/927 210/208/928 208/209/929
f 208/209/930 209/210/931 205/204/932
f 16/16/933 205/204/934 204/205/914
f 210/208/928 205/204/935 16/16/936
f 211/211/937 210/208/938 212/212/939
f 211/211/940 213/213/941 210/208/938
f 212/212/942 210/208/943 16/16/944
f 208/209/945 210/208/946 213/213/947
f 215/214/948 213/213/949 211/211/950
f 208/209/951 213/213/952 214/215/953
f 214/215/954 213/213/955 215/214/956
f 215/214/957 211/211/958 216/216/959
f 217/217/960 215/214/961 216/216/962
f 218/218/963 214/215/964 215/214/965
f 217/217/966 218/218/967 215/214/968
f 218/218/969 219/219/970 214/215/964
f 214/215/971 219/219/972 209/210/973
f 220/220/974 217/217/975 216/216/976
f 220/220/977 221/221/978 217/217/979
f 223/222/980 222/223/981 221/221/982
f 223/222/983 221/221/984 220/220/985
f 212/212/986 22/23/987 223/222/988
f 22/23/989 222/223/990 223/222/991
f 220/220/992 212/212/993 223/222/994
f 216/216/995 211/211/958 220/220/996
f 220/220/997 211/211/998 212/212/999
f 214/215/1000 209/210/1001 208/209/1002
f 22/23/987 212/212/1003 17/17/1004
f 212/212/1005 16/16/1006 17/17/1007
f 206/206/1008 207/207/1009 224/224/1010
f 226/225/1011 224/224/1012 225/226/1013
f 206/206/1014 224/224/1015 226/225/1016
f 226/225/1011 225/226/1017 227/227/1018
f 227/227/1019 228/228/1020 226/225/1021
f 226/225/1022 228/228/1023 200/201/1024
f 226/225/1025 200/201/1026 206/206/1027
f 230/229/1028 228/228/1029 227/227/1030
f 228/228/1031 201/203/1032 200/201/1033
f 228/228/1034 229/230/1035 201/203/1036
f 230/229/1037 229/230/1038 228/228/1039
f 225/226/1040 230/229/1041 227/227/1042
f 232/231/1043 231/232/1044 230/229/1045
f 231/232/1046 229/230/1047 230/229/1048
f 225/226/1049 232/231/1050 230/229/1051
f 232/231/1052 233/233/1053 231/232/1054
f 231/232/1055 233/233/1056 234/234/1057
f 231/232/1058 234/234/1059 202/200/1060
f 202/200/1061 234/234/1062 170/171/1063
f 202/200/1064 229/230/1065 231/232/1066
f 202/200/1067 201/203/903 229/230/1068
f 204/205/1069 153/153/1070 13/14/1071
f 16/16/1072 204/205/1073 13/14/1074
f 163/164/1075 126/126/535 128/128/1076
f 14/13/1077 13/14/1078 153/153/1079
f 146/147/1080 144/145/1081 2/3/3
f 144/145/1082 140/140/1083 2/3/647
f 140/140/1084 137/137/1085 2/3/1086
f 137/137/1087 134/135/1088 2/3/1089
f 134/135/1090 135/134/1091 2/3/1089
f 77/77/1092 74/75/1093 135/134/1094
f 135/134/1095 74/75/1096 2/3/1097
f 120/119/1098 235/235/1099 118/120/1100
f 118/120/1101 235/235/1102 236/236/1103
f 118/120/1104 236/236/1105 119/118/1106
f 119/118/1107 236/236/1108 237/237/1109
f 119/118/1106 237/237/1110 238/238/1111
f 237/237/1112 240/239/1113 238/238/1114
f 237/237/1115 239/240/1116 240/239/1113
f 240/239/1117 115/115/1118 238/238/1119
f 240/239/1120 116/117/1121 115/115/1122
f 239/240/1123 241/241/1124 240/239/1125
f 241/241/1126 116/117/1127 240/239/1128
f 110/111/1129 116/117/1130 241/241/1131
f 239/240/1132 242/242/1133 241/241/1134
f 241/241/1135 242/242/1136 111/112/1137
f 241/241/1138 111/112/1139 110/111/1140
f 238/238/1141 115/115/1142 119/118/1143
f 113/114/1144 86/87/1145 84/84/1146
f 113/114/1147 112/113/1148 86/87/1149
f 112/113/468 88/89/1150 86/87/1151
f 112/113/1152 96/95/1153 88/89/1154
f 112/113/468 94/94/1155 96/95/1156
f 106/106/1157 101/101/1158 103/103/1159
f 106/106/1160 243/243/1161 101/101/1162
f 243/243/1163 99/99/1164 101/101/1165
f 243/243/1166 244/244/1167 99/99/1168
f 99/99/1169 244/244/1170 98/98/1171
f 96/95/407 90/90/409 88/89/1172
f 67/68/1173 64/64/1174 2/3/1086
f 64/64/1175 61/61/248 2/3/1176
f 61/61/1177 57/57/1178 2/3/1179
f 54/54/1180 245/245/1181 2/3/1182
f 53/53/1183 245/245/1184 54/54/1185
f 245/245/1186 4/1/12 2/3/3
f 8/8/1187 4/1/1 245/245/1188
f 53/53/1189 8/8/1190 245/245/1191
f 47/47/1192 246/246/1193 53/53/1194
f 246/246/1195 8/8/1196 53/53/1194
f 246/246/1197 7/7/1198 8/8/1199
f 20/21/1200 7/7/1201 246/246/1202
f 45/45/1203 246/246/1195 47/47/1204
f 45/45/1205 20/21/1206 246/246/1195
f 45/45/1207 19/20/1208 20/21/1209
f 31/31/1210 29/30/102 35/35/1211
f 20/21/1212 11/10/1213 7/7/1201
f 247/247/1214 248/248/1215 250/249/1216
f 247/247/1217 249/250/1218 248/248/1219
f 251/251/1220 249/250/1221 247/247/1222
f 254/252/1223 247/247/1224 250/249/1225
f 251/251/1226 247/247/1227 252/253/1228
f 253/254/1229 252/253/1230 247/247/1231
f 253/254/1232 247/247/1227 254/252/1223
f 256/255/1233 254/252/1234 250/249/1216
f 255/256/1235 254/252/1236 256/255/1237
f 255/256/1238 253/254/1239 254/252/1234
f 258/257/1240 256/255/1241 248/248/1242
f 256/255/1243 250/249/1216 248/248/1219
f 257/258/1244 255/256/1245 256/255/1246
f 257/258/1247 256/255/1248 258/257/1249
f 258/257/1250 248/248/1251 260/259/1252
f 257/258/1253 258/257/1254 259/260/1255
f 259/260/1256 258/257/1257 260/259/1258
f 249/250/1259 260/259/1260 248/248/1251
f 249/250/1218 261/261/1261 260/259/1262
f 260/259/1263 261/261/1264 262/262/1265
f 260/259/1266 262/262/1267 263/263/1268
f 259/260/1269 260/259/1270 263/263/1271
f 264/264/1272 259/260/1273 263/263/1274
f 264/264/1275 263/263/1276 266/265/1277
f 263/263/1278 265/266/1279 266/265/1280
f 263/263/1281 262/262/1282 265/266/1283
f 269/267/1284 264/264/1285 266/265/1286
f 266/265/1287 265/266/1288 267/268/1289
f 266/265/1290 267/268/1291 268/269/1292
f 269/267/1293 266/265/1294 268/269/1295
f 270/270/1296 269/267/1297 268/269/1298
f 272/271/1299 269/267/1300 270/270/1301
f 271/272/1302 264/264/1303 269/267/1304
f 271/272/1305 269/267/1306 272/271/1307
f 274/273/1308 273/274/1309 272/271/1310
f 273/274/1311 271/272/1312 272/271/1313
f 274/273/1314 272/271/1315 275/275/1316
f 272/271/1317 270/270/1318 275/275/1319
f 275/275/1320 270/270/1321 276/276/1322
f 278/277/1323 274/273/1324 275/275/1325
f 275/275/1326 276/276/1327 277/278/1328
f 278/277/1329 275/275/1330 277/278/1331
f 279/279/1332 278/277/1333 277/278/1334
f 281/280/1335 278/277/1336 279/279/1337
f 280/281/1338 274/273/1339 278/277/1340
f 280/281/1341 278/277/1342 281/280/1343
f 283/282/1344 280/281/1345 281/280/1346
f 281/280/1335 279/279/1347 282/283/1348
f 284/284/1349 281/280/1350 282/283/1351
f 284/284/1352 283/282/1353 281/280/1346
f 287/285/1354 283/282/1355 284/284/1356
f 285/286/1357 284/284/1358 286/287/1359
f 287/285/1360 284/284/1361 285/286/1362
f 286/287/1363 284/284/1364 282/283/1365
f 288/288/1366 283/282/1367 287/285/1368
f 288/288/1369 289/289/1370 283/282/1371
f 290/290/1372 289/289/1373 288/288/1374
f 291/291/1375 292/292/1376 290/290/1377
f 290/290/1378 292/292/1379 289/289/1373
f 289/289/1380 292/292/1381 295/293/1382
f 292/292/1381 293/294/1383 294/295/1384
f 291/291/1385 293/294/1383 292/292/1386
f 292/292/1387 294/295/1388 295/293/1389
f 294/295/1390 273/274/1391 295/293/1392
f 295/293/1393 274/273/1394 280/281/1395
f 295/293/1396 273/274/1397 274/273/1398
f 289/289/1399 295/293/1382 280/281/1400
f 294/295/1401 296/296/1402 273/274/1403
f 297/297/1404 296/296/1405 294/295/1406
f 293/294/1407 297/297/1408 294/295/1409
f 297/297/1410 298/298/1411 296/296/1412
f 299/299/1413 298/298/1414 297/297/1415
f 300/300/1416 299/299/1417 297/297/1418
f 293/294/1419 300/300/1420 297/297/1421
f 302/301/1422 300/300/1423 293/294/1383
f 300/300/1424 301/302/1425 299/299/1426
f 303/303/1427 301/302/1428 300/300/1423
f 303/303/1429 300/300/1430 302/301/1431
f 303/303/1432 304/304/1433 301/302/1434
f 303/303/1435 305/305/1436 304/304/1437
f 306/306/1438 305/305/1439 307/307/1440
f 306/306/1441 304/304/1442 305/305/1443
f 307/307/1444 309/308/1445 306/306/1446
f 309/308/1447 307/307/1448 308/309/1449
f 309/308/1450 310/310/1451 312/311/1452
f 309/308/1453 311/312/1454 310/310/1455
f 313/313/1456 311/312/1457 309/308/1458
f 306/306/1459 309/308/1460 312/311/1461
f 313/313/1456 309/308/1462 308/309/1463
f 313/313/1464 314/314/1465 311/312/1466
f 313/313/1467 315/315/1468 314/314/1469
f 316/316/1470 314/314/1471 315/315/1472
f 316/316/1473 315/315/1474 317/317/1475
f 318/318/1476 316/316/1477 317/317/1478
f 318/318/1479 317/317/1480 319/319/1481
f 320/320/1482 319/319/1483 321/321/1484
f 320/320/1485 318/318/1486 319/319/1487
f 323/322/1488 321/321/1484 322/323/1489
f 323/322/1490 320/320/1482 321/321/1491
f 324/324/1492 323/322/1493 325/325/1494
f 324/324/1495 320/320/1496 323/322/1497
f 325/325/1498 323/322/1499 326/326/1500
f 326/326/1501 323/322/1490 322/323/1502
f 325/325/1503 326/326/1504 327/327/1505
f 327/327/1506 326/326/1507 328/328/1508
f 328/328/1509 326/326/1510 329/329/1511
f 326/326/1512 322/323/1502 329/329/1513
f 328/328/1514 329/329/1515 330/330/1516
f 332/331/1517 330/330/1518 331/332/1519
f 332/331/1520 328/328/1521 330/330/1522
f 335/333/1523 332/331/1524 333/334/1525
f 333/334/1526 332/331/1527 334/335/1528
f 334/335/1529 332/331/1520 331/332/1530
f 335/333/1531 328/328/1532 332/331/1533
f 337/336/1534 327/327/1535 335/333/1536
f 327/327/1537 328/328/1538 335/333/1539
f 336/337/1540 335/333/1541 333/334/1542
f 336/337/1543 337/336/1544 335/333/1545
f 338/338/1546 337/336/1547 340/339/1548
f 338/338/1549 339/340/1550 337/336/1551
f 337/336/1552 339/340/1553 327/327/1554
f 340/339/1555 337/336/1556 336/337/1557
f 342/341/1558 338/338/1559 340/339/1560
f 340/339/1561 336/337/1562 341/342/1563
f 343/343/1564 340/339/1565 341/342/1566
f 343/343/1567 342/341/1568 340/339/1569
f 346/344/1570 343/343/1571 344/345/1572
f 344/345/1573 343/343/1574 345/346/1575
f 345/346/1576 343/343/1574 341/342/1566
f 346/344/1577 342/341/1578 343/343/1579
f 349/347/1580 347/348/1581 346/344/1570
f 347/348/1582 348/349/1583 346/344/1584
f 348/349/1585 342/341/1586 346/344/1587
f 349/347/1580 346/344/1577 344/345/1588
f 350/350/1589 349/347/1590 344/345/1591
f 352/351/1592 349/347/1593 350/350/1594
f 351/352/1595 347/348/1596 349/347/1597
f 351/352/1598 349/347/1580 352/351/1599
f 354/353/1600 353/354/1601 352/351/1602
f 353/354/1603 351/352/1604 352/351/1605
f 354/353/1606 352/351/1602 355/355/1607
f 352/351/1602 350/350/1608 355/355/1609
f 350/350/1610 356/356/1611 355/355/1612
f 355/355/1613 357/357/1614 354/353/1615
f 355/355/1616 356/356/1617 357/357/1618
f 354/353/1619 357/357/1620 358/358/1621
f 358/358/1622 359/359/1623 360/360/1624
f 354/353/1625 358/358/1626 361/361/1627
f 358/358/1628 360/360/1624 361/361/1629
f 362/362/1630 354/353/1631 361/361/1629
f 360/360/1632 362/362/1633 361/361/1627
f 286/287/1634 282/283/1635 362/362/1636
f 282/283/1637 353/354/1603 362/362/1638
f 362/362/1639 353/354/1640 354/353/1641
f 360/360/1642 286/287/1643 362/362/1633
f 365/363/1644 286/287/1645 360/360/1646
f 360/360/1647 364/364/1648 363/365/1649
f 365/363/1650 360/360/1651 363/365/1652
f 360/360/1653 359/359/1654 364/364/1655
f 285/286/1357 286/287/1359 365/363/1656
f 350/350/1657 366/366/1658 356/356/1659
f 367/367/1660 366/366/1661 350/350/1662
f 367/367/41 350/350/1608 369/368/1663
f 368/369/1664 367/367/1665 369/368/1666
f 350/350/1667 344/345/1668 369/368/1669
f 344/345/1670 345/346/1671 369/368/1672
f 368/369/1673 369/368/1674 345/346/1675
f 368/369/1676 371/370/1677 370/371/1678
f 368/369/1679 345/346/1680 371/370/1681
f 345/346/1682 341/342/1683 371/370/1684
f 341/342/1566 372/372/1685 371/370/1686
f 370/371/1687 371/370/1688 372/372/1689
f 341/342/1690 336/337/1691 372/372/1692
f 372/372/1693 336/337/1694 333/334/1695
f 372/372/1696 333/334/1526 373/373/1697
f 374/374/1698 372/372/1699 373/373/1700
f 370/371/1701 372/372/1692 374/374/1702
f 374/374/1703 373/373/1704 375/375/1705
f 376/376/1706 375/375/1707 373/373/1708
f 376/376/1709 378/377/1710 377/378/1711
f 376/376/1712 334/335/1713 378/377/1714
f 376/376/1715 373/373/1700 334/335/1716
f 334/335/1717 331/332/1718 378/377/1719
f 333/334/1720 334/335/1528 373/373/1721
f 353/354/1722 279/279/1723 351/352/1595
f 282/283/1637 279/279/1724 353/354/1725
f 277/278/1726 347/348/1727 351/352/1728
f 279/279/1332 277/278/1729 351/352/1730
f 347/348/1731 276/276/1732 348/349/1733
f 276/276/1734 380/379/1735 348/349/1736
f 348/349/1737 379/380/1738 342/341/1739
f 380/379/1740 379/380/1741 348/349/1742
f 276/276/1743 270/270/1744 380/379/1745
f 270/270/1746 268/269/1747 380/379/1748
f 268/269/1298 381/381/1749 380/379/1750
f 380/379/1751 381/381/1752 379/380/1753
f 268/269/1754 267/268/1755 381/381/1756
f 381/381/1757 382/382/1758 383/383/1759
f 381/381/1760 267/268/1761 382/382/1762
f 379/380/1763 381/381/1764 383/383/1765
f 382/382/1766 384/384/1767 383/383/1768
f 383/383/1769 384/384/1770 339/340/1771
f 383/383/1772 339/340/1773 338/338/1774
f 379/380/1775 383/383/1776 338/338/1777
f 382/382/1778 385/385/1779 384/384/1780
f 384/384/1781 385/385/1782 324/324/1783
f 339/340/1784 384/384/1785 325/325/1786
f 384/384/1787 324/324/1788 325/325/1789
f 388/386/1790 385/385/1791 382/382/1792
f 385/385/1793 386/387/1794 324/324/1795
f 385/385/1796 387/388/1797 386/387/1798
f 388/386/1799 387/388/1800 385/385/1801
f 265/266/1802 389/389/1803 388/386/1804
f 389/389/1805 387/388/1806 388/386/1804
f 267/268/1807 388/386/1804 382/382/1808
f 267/268/1809 265/266/1810 388/386/1804
f 262/262/1811 390/390/1812 389/389/1813
f 390/390/1814 391/391/1815 389/389/1816
f 389/389/1817 391/391/1815 387/388/1818
f 265/266/1819 262/262/1820 389/389/1803
f 391/391/1821 392/392/1822 393/393/1823
f 390/390/1824 392/392/1825 391/391/1826
f 387/388/1827 391/391/1821 394/394/1828
f 391/391/1829 393/393/1830 394/394/1831
f 393/393/1832 316/316/1833 394/394/1834
f 394/394/1835 318/318/1836 386/387/1837
f 394/394/1838 316/316/1839 318/318/1836
f 387/388/1840 394/394/1841 386/387/1842
f 311/312/1843 393/393/1823 310/310/1844
f 311/312/1845 314/314/1846 393/393/1847
f 393/393/1848 314/314/1849 316/316/1850
f 310/310/1851 393/393/1852 392/392/1853
f 395/395/1854 392/392/1825 390/390/1855
f 310/310/1856 392/392/1857 395/395/1858
f 395/395/1859 396/396/1860 312/311/1861
f 251/251/1862 396/396/1863 395/395/1864
f 395/395/1865 390/390/1866 251/251/1867
f 395/395/1868 312/311/1869 310/310/1870
f 398/397/1871 396/396/1872 252/253/1873
f 251/251/1874 252/253/1875 396/396/1876
f 397/398/1877 312/311/1878 396/396/1879
f 397/398/1880 396/396/1872 398/397/1881
f 398/397/1882 252/253/1883 253/254/1884
f 398/397/1885 399/399/1886 397/398/1887
f 398/397/1888 400/400/1889 399/399/1890
f 253/254/1232 400/400/1891 398/397/1892
f 401/401/1893 400/400/1894 255/256/1895
f 253/254/1239 255/256/1896 400/400/1897
f 299/299/1898 399/399/1890 400/400/1899
f 299/299/1900 400/400/1891 401/401/1901
f 298/298/1902 401/401/1903 257/258/1904
f 299/299/1417 401/401/1905 298/298/1906
f 401/401/1907 255/256/1908 257/258/1909
f 399/399/1910 306/306/1911 397/398/1912
f 301/302/1913 399/399/1914 299/299/1426
f 399/399/1915 304/304/1916 306/306/1438
f 301/302/1917 304/304/1918 399/399/1919
f 306/306/1920 312/311/1921 397/398/1922
f 262/262/1923 261/261/1924 390/390/1925
f 251/251/1874 390/390/1926 261/261/1927
f 386/387/1928 318/318/1836 320/320/1929
f 386/387/1930 320/320/1931 324/324/1932
f 342/341/1933 379/380/1934 338/338/1935
f 277/278/1936 276/276/1937 347/348/1938
f 339/340/1939 325/325/1940 327/327/1941
f 302/301/1942 293/294/1943 291/291/1944
f 296/296/1945 298/298/1946 402/402/1947
f 298/298/1948 257/258/1949 402/402/1950
f 296/296/1951 402/402/1952 271/272/1302
f 257/258/1953 259/260/1954 402/402/1947
f 402/402/1947 264/264/1272 271/272/1312
f 402/402/1955 259/260/1956 264/264/1957
f 273/274/1958 296/296/1959 271/272/1960
f 283/282/1961 289/289/1962 280/281/1400
f 251/251/1220 261/261/1963 249/250/1964
f 408/403/1965 403/404/1966 404/405/1967
f 403/404/1966 405/406/1968 404/405/1969
f 407/407/1970 405/406/1968 403/404/1971
f 406/408/1972 403/404/1973 408/403/1974
f 406/408/1975 407/407/1976 403/404/1977
f 408/403/1978 404/405/1967 409/409/1979
f 411/410/1980 408/403/1981 409/409/1982
f 410/411/1009 408/403/1983 411/410/1984
f 410/411/1985 406/408/1975 408/403/1986
f 412/412/1987 406/408/1988 410/411/1989
f 413/413/1990 412/412/1991 414/414/1992
f 406/408/1993 412/412/1994 413/413/1995
f 412/412/1987 415/415/1996 414/414/1992
f 412/412/922 416/416/1997 415/415/1998
f 416/416/1999 412/412/1987 417/417/2000
f 416/416/2001 417/417/2002 418/418/2003
f 416/416/2004 418/418/2005 419/419/2006
f 419/419/2007 418/418/2008 420/420/2009
f 421/421/2010 419/419/2011 420/420/2012
f 421/421/2013 420/420/2014 422/422/2015
f 423/423/2016 421/421/2017 422/422/966
f 424/424/2018 421/421/2019 423/423/2020
f 424/424/2021 426/425/2022 421/421/2023
f 425/426/2024 424/424/981 427/427/2025
f 424/424/2026 425/426/2027 426/425/2028
f 425/426/2029 427/427/2030 428/428/2031
f 429/429/2032 428/428/2033 427/427/2034
f 428/428/2035 429/429/2036 430/430/2037
f 430/430/2038 429/429/2039 431/431/2040
f 430/430/2041 431/431/2042 432/432/2043
f 432/432/2044 431/431/2045 433/433/2046
f 434/434/2047 432/432/2048 433/433/2049
f 434/434/2050 433/433/2051 435/435/2052
f 436/436/2053 434/434/2054 435/435/2055
f 437/437/2056 434/434/2057 436/436/2058
f 437/437/2059 438/438/2060 434/434/2061
f 437/437/2062 440/439/2063 438/438/2064
f 440/439/2065 437/437/2066 439/440/2067
f 441/441/2068 440/439/2069 443/442/2070
f 441/441/2071 442/443/2072 440/439/2073
f 442/443/2074 444/444/2075 440/439/2076
f 440/439/2063 439/440/2077 443/442/2078
f 440/439/2079 444/444/2080 430/430/2081
f 440/439/2082 430/430/2083 438/438/2084
f 428/428/2085 430/430/2086 444/444/2087
f 442/443/2088 445/445/2089 444/444/2075
f 445/445/2090 428/428/2091 444/444/2075
f 446/446/2092 449/447/2093 445/445/2094
f 447/446/2095 445/445/2096 448/448/2097
f 445/445/2098 449/447/2093 428/428/2099
f 446/446/2100 450/449/2101 449/447/2102
f 449/447/2103 450/449/2104 425/426/2105
f 449/447/2093 425/426/2106 428/428/2107
f 446/446/2108 451/450/2109 450/449/2110
f 450/449/2111 451/450/2112 415/415/2113
f 450/449/2110 415/415/2114 425/426/2115
f 446/446/2116 452/451/2117 451/450/2118
f 451/450/2119 452/451/2120 414/414/2121
f 451/450/2122 414/414/2123 415/415/2124
f 452/451/2125 413/413/2126 414/414/2127
f 452/451/2125 453/452/2128 413/413/2126
f 446/446/2092 454/453/2129 453/452/2130
f 453/452/2131 454/453/2132 455/454/2133
f 453/452/2130 455/454/2134 413/413/2135
f 413/413/1995 455/454/2136 407/407/2137
f 454/453/2138 456/455/2139 455/454/2140
f 458/456/2141 455/454/2142 456/455/2143
f 455/454/2144 457/457/2145 407/407/2146
f 457/457/2147 455/454/2148 458/456/2149
f 456/455/2150 459/458/2151 458/456/2152
f 459/458/2153 460/459/2154 463/460/2155
f 459/458/2153 456/455/2156 460/459/2157
f 459/458/2158 462/461/2159 461/462/2160
f 459/458/2161 463/460/2162 462/461/2163
f 463/460/2164 464/463/2165 462/461/2166
f 463/460/2167 465/464/2168 464/463/2169
f 460/459/2170 465/464/2171 463/460/2172
f 465/464/2173 466/465/2174 464/463/2175
f 465/464/2176 468/466/2177 466/465/2178
f 460/459/2179 467/467/2180 465/464/2181
f 467/467/2182 468/466/2183 465/464/2184
f 468/466/2185 467/467/2186 469/468/2187
f 468/466/2188 469/468/2189 470/469/2190
f 470/469/829 472/470/2191 471/471/2192
f 472/470/2193 470/469/2194 469/468/2195
f 473/472/2196 475/473/2197 472/470/2193
f 474/474/2198 473/472/2199 472/470/2200
f 474/474/2198 472/470/2201 469/468/2202
f 472/470/2203 475/473/2204 476/475/2205
f 472/470/2206 476/475/2207 477/476/2208
f 471/471/2209 472/470/2210 477/476/2211
f 477/476/2212 478/477/2213 479/478/2214
f 477/476/2215 476/475/2216 478/477/2217
f 471/471/2218 477/476/2219 479/478/2220
f 479/478/2221 478/477/2222 480/479/2223
f 479/478/2224 480/479/2225 482/480/2226
f 471/471/2227 479/478/2224 481/481/2228
f 481/481/2229 479/478/2230 482/480/2231
f 478/477/2232 483/482/2233 480/479/2234
f 476/475/2235 483/482/2236 478/477/2237
f 476/475/2238 484/483/2239 483/482/2240
f 476/475/2241 485/484/2242 484/483/2243
f 487/485/2244 485/484/2245 486/486/2246
f 476/475/2247 486/486/2248 485/484/2249
f 485/484/2250 487/485/2251 489/487/2252
f 485/484/2253 489/487/2254 488/488/2255
f 489/487/2252 490/489/2256 491/490/2257
f 489/487/2258 492/491/2259 490/489/2260
f 487/485/2251 492/491/2261 489/487/2262
f 488/488/2263 489/487/2264 491/490/2265
f 492/491/2266 494/492/2267 493/493/2268
f 492/491/2261 493/493/2269 495/494/2270
f 496/495/2271 494/492/2272 492/491/2273
f 492/491/2274 495/494/2275 490/489/2276
f 487/485/2277 496/495/2271 492/491/2261
f 497/496/2278 496/495/2271 487/485/2279
f 497/496/2280 498/497/2281 496/495/2282
f 498/497/2281 499/498/2283 496/495/2284
f 494/492/471 496/495/2285 499/498/2286
f 498/497/2287 500/499/2288 499/498/2283
f 500/499/2289 501/500/2290 499/498/2283
f 502/501/2291 499/498/2292 501/500/2293
f 499/498/2283 502/501/2294 494/492/2295
f 494/492/2295 502/501/2296 503/502/2297
f 503/502/2298 502/501/2299 506/503/2300
f 502/501/2299 504/504/2301 506/503/2302
f 502/501/2303 505/505/2304 504/504/2305
f 501/500/2306 505/505/2307 502/501/2308
f 506/503/2309 504/504/2310 507/506/1161
f 506/503/2311 507/506/2312 509/507/2313
f 503/502/2314 506/503/2302 508/508/2315
f 508/508/442 506/503/2311 509/507/2316
f 504/504/2317 510/509/2318 507/506/2319
f 505/505/2320 510/509/2321 504/504/2322
f 505/505/2323 511/510/2324 510/509/2325
f 512/511/2326 511/510/2327 505/505/2328
f 512/511/2329 439/440/2330 511/510/2331
f 501/500/2332 512/511/2333 505/505/2334
f 513/512/2335 512/511/2336 501/500/2337
f 513/512/2335 514/513/2338 512/511/2326
f 514/513/2339 443/442/2340 512/511/2341
f 439/440/2077 512/511/2342 443/442/2343
f 446/446/2092 441/441/2071 514/513/2344
f 446/446/2345 514/513/2338 513/512/2346
f 514/513/2347 441/441/2348 443/442/2340
f 446/446/2108 513/512/2349 500/499/2350
f 500/499/2351 513/512/2352 501/500/2353
f 446/446/2108 500/499/2354 498/497/2355
f 446/446/2108 498/497/2356 497/496/2357
f 446/446/2108 497/496/2358 515/514/2359
f 515/514/2359 497/496/2280 487/485/2360
f 446/446/2108 515/514/2361 516/515/2362
f 516/515/2363 515/514/2364 486/486/2365
f 515/514/2359 487/485/2279 486/486/2366
f 473/472/2367 516/515/2368 475/473/2369
f 446/446/2370 516/515/2371 473/472/2196
f 516/515/2372 486/486/2373 475/473/2374
f 490/489/2375 495/494/2376 517/516/2377
f 491/490/2378 490/489/2379 517/516/2377
f 491/490/2380 517/516/2381 518/517/2382
f 519/518/1108 491/490/2383 518/517/2384
f 488/488/2263 491/490/2265 519/518/2385
f 486/486/2386 476/475/2387 475/473/2388
f 446/446/2092 473/472/2389 474/474/2198
f 446/446/2390 474/474/2391 520/519/2392
f 520/519/2393 474/474/2394 469/468/2395
f 446/446/2092 520/519/2396 521/520/2397
f 521/520/2398 520/519/2399 467/467/2400
f 520/519/2393 469/468/2401 467/467/2400
f 446/446/2092 521/520/2402 522/521/2403
f 522/521/2404 521/520/2405 460/459/2406
f 521/520/2398 467/467/2186 460/459/2406
f 446/446/2390 522/521/2407 454/453/2408
f 454/453/2409 522/521/2403 456/455/2410
f 522/521/2403 460/459/2411 456/455/2412
f 464/463/2413 466/465/2414 523/522/2415
f 462/461/2416 464/463/2417 523/522/2415
f 462/461/2418 523/522/2419 524/523/2420
f 461/462/2421 462/461/2422 524/523/2423
f 407/407/2424 457/457/2425 405/406/2426
f 446/446/2370 442/443/2427 441/441/2428
f 438/438/2060 432/432/2429 434/434/2430
f 438/438/2060 430/430/2431 432/432/2432
f 426/425/2433 419/419/2434 421/421/2435
f 425/426/2024 416/416/2436 426/425/2028
f 426/425/2437 416/416/2438 419/419/2439
f 425/426/2440 415/415/2441 416/416/2442
f 413/413/1995 407/407/2443 406/408/2444
f 525/524/2445 526/525/2446 528/526/2447
f 525/524/2448 527/527/2449 526/525/2450
f 529/528/2451 527/527/2452 525/524/2453
f 529/528/2454 525/524/2455 530/529/2456
f 531/530/2457 529/528/2458 530/529/2459
f 531/530/2460 530/529/2461 532/531/2462
f 533/532/2463 531/530/2464 532/531/2465
f 534/533/2466 533/532/2467 535/534/2468
f 534/533/2469 536/535/2470 533/532/2471
f 533/532/1435 536/535/2472 531/530/2473
f 537/536/2474 536/535/2475 534/533/2476
f 531/530/2477 536/535/2478 537/536/2479
f 537/536/2480 534/533/2481 538/537/2482
f 540/538/2483 537/536/2484 538/537/2485
f 540/538/2486 539/539/2487 537/536/2488
f 539/539/2489 541/540/2490 537/536/2491
f 531/530/2492 537/536/2493 541/540/2494
f 541/540/2495 543/541/2496 542/542/2497
f 542/542/2498 531/530/2499 541/540/2495
f 541/540/2500 544/543/2501 543/541/2502
f 539/539/2503 544/543/2504 541/540/2505
f 545/544/2506 544/543/2507 539/539/2508
f 543/541/2509 544/543/2510 545/544/2511
f 545/544/2512 548/545/2513 546/546/2514
f 543/541/2496 545/544/2512 546/546/2514
f 545/544/2515 539/539/2516 547/547/2517
f 550/548/2518 545/544/2519 547/547/2520
f 545/544/2511 549/549/2521 548/545/2522
f 550/548/2523 549/549/2524 545/544/2525
f 552/550/2526 550/548/2527 547/547/2528
f 551/551/2529 550/548/2530 552/550/2526
f 553/552/2531 550/548/2532 551/551/2533
f 553/552/2534 549/549/2535 550/548/2536
f 551/551/2537 526/525/2538 553/552/2539
f 526/525/2540 554/553/2541 553/552/2542
f 548/545/2543 553/552/2542 554/553/2544
f 548/545/2545 549/549/2546 553/552/2547
f 542/542/2548 554/553/2549 527/527/2550
f 526/525/2551 527/527/2552 554/553/2553
f 543/541/2554 548/545/2555 554/553/2556
f 543/541/2557 554/553/2558 542/542/2559
f 555/554/2560 552/550/2561 556/555/2562
f 557/556/2563 552/550/2564 555/554/2565
f 552/550/2566 547/547/2567 556/555/2568
f 551/551/2569 552/550/2526 557/556/2570
f 558/557/2571 551/551/2572 557/556/2573
f 559/558/2574 558/557/2571 557/556/2575
f 559/558/2576 557/556/2577 560/559/2578
f 557/556/2579 555/554/2580 560/559/2581
f 560/559/2582 555/554/2583 561/560/2584
f 560/559/2585 561/560/2586 562/561/2587
f 563/562/2588 560/559/2589 562/561/2590
f 563/562/2591 559/558/2592 560/559/2593
f 566/563/2594 563/562/2595 564/564/2596
f 564/564/2597 563/562/2598 565/565/2599
f 565/565/2600 563/562/2601 562/561/2602
f 566/563/2603 559/558/2604 563/562/2605
f 567/566/2606 559/558/2607 566/563/2603
f 567/566/2608 558/557/2609 559/558/2610
f 568/567/2611 558/557/2612 567/566/2613
f 526/525/2614 568/567/2615 528/526/2616
f 526/525/2617 569/568/2618 568/567/2619
f 568/567/2620 569/568/2621 558/557/2622
f 551/551/2623 569/568/2621 526/525/2624
f 558/557/2622 569/568/2625 551/551/2626
f 564/564/2627 565/565/2628 570/569/2629
f 570/569/2630 565/565/2628 571/570/2631
f 571/570/2632 565/565/2633 572/571/2634
f 565/565/2635 562/561/2636 572/571/2637
f 572/571/2638 573/572/2639 574/573/2640
f 562/561/2641 573/572/2642 572/571/2643
f 572/571/2644 574/573/2645 575/574/2646
f 571/570/2647 572/571/2648 575/574/2649
f 576/575/2650 571/570/2651 575/574/2652
f 576/575/2653 575/574/2654 578/576/2655
f 575/574/2656 577/577/2657 578/576/2658
f 575/574/2659 574/573/2660 577/577/2661
f 578/576/2662 577/577/2663 579/578/2664
f 578/576/2665 579/578/2666 580/579/2667
f 581/580/2668 578/576/2669 580/579/2670
f 581/580/2671 576/575/2672 578/576/2673
f 584/581/2674 581/580/2675 582/582/2676
f 582/582/2677 581/580/2678 583/583/2679
f 583/583/2680 581/580/2681 580/579/2682
f 584/581/2683 576/575/2684 581/580/2685
f 585/584/2686 576/575/2687 584/581/2688
f 585/584/2686 571/570/2689 576/575/2690
f 570/569/2691 571/570/2692 585/584/2693
f 582/582/2694 583/583/2695 586/585/2696
f 588/586/2697 586/585/2698 583/583/2699
f 583/583/2700 580/579/2701 587/587/2702
f 589/588/2703 583/583/2704 587/587/2705
f 588/586/2706 583/583/2707 589/588/2708
f 589/588/2709 591/589/2710 588/586/2711
f 590/590/2712 592/591/2713 589/588/2714
f 589/588/2715 587/587/2716 590/590/2717
f 589/588/2718 592/591/2719 591/589/2720
f 593/592/2721 592/591/2713 594/593/2722
f 593/592/2721 591/589/2720 592/591/2723
f 594/593/2724 592/591/2725 595/594/2726
f 590/590/2727 595/594/2728 592/591/2719
f 594/593/2729 595/594/2730 596/595/2731
f 596/595/2732 595/594/2733 597/596/2734
f 598/597/2735 597/596/2736 595/594/2737
f 598/597/2738 595/594/2737 590/590/2739
f 598/597/2740 599/598/2741 601/599/2742
f 590/590/2743 599/598/2744 598/597/2745
f 597/596/2746 598/597/2747 600/600/2748
f 598/597/2735 601/599/2749 600/600/2750
f 599/598/2751 602/601/2752 601/599/2753
f 602/601/2754 603/602/2755 601/599/2756
f 603/602/2757 600/600/2758 601/599/2759
f 596/595/2760 597/596/2761 603/602/2762
f 603/602/2755 605/603/2763 596/595/2764
f 602/601/2754 604/604/2765 603/602/2766
f 603/602/2767 604/604/2768 605/603/2769
f 603/602/2770 597/596/2771 600/600/2772
f 604/604/2773 606/605/2774 605/603/2775
f 606/605/2776 607/606/2777 605/603/2778
f 605/603/2779 594/593/2780 596/595/2781
f 605/603/2782 607/606/2783 594/593/2784
f 594/593/2785 607/606/2786 609/607/1644
f 607/606/2787 608/608/2788 609/607/2789
f 607/606/2790 610/609/2791 608/608/2788
f 606/605/2792 610/609/2793 607/606/2794
f 610/609/2795 611/610/2796 612/611/2797
f 613/612/2798 611/610/2799 610/609/2800
f 613/612/2801 610/609/2802 606/605/2803
f 610/609/2804 612/611/2805 608/608/2806
f 615/613/2807 614/614/2808 613/612/2809
f 614/614/2810 611/610/2811 613/612/2812
f 616/615/2813 613/612/2814 606/605/2815
f 616/615/2816 615/613/2817 613/612/2818
f 604/604/2819 616/615/2820 606/605/2792
f 617/616/2821 616/615/2813 618/617/2822
f 617/616/2823 615/613/2824 616/615/2825
f 618/617/2826 616/615/2827 604/604/2819
f 577/577/2657 617/616/2828 618/617/2829
f 618/617/2830 604/604/2831 602/601/2832
f 579/578/2833 618/617/2834 602/601/2752
f 579/578/2835 577/577/2836 618/617/2837
f 619/618/2838 615/613/2839 617/616/2840
f 577/577/2841 574/573/2842 617/616/2843
f 574/573/2844 619/618/2845 617/616/2846
f 573/572/2847 620/619/2848 619/618/2849
f 620/619/2850 621/620/2851 619/618/2852
f 619/618/2853 621/620/2854 615/613/2855
f 574/573/2856 573/572/2857 619/618/2838
f 615/613/2807 621/620/2854 614/614/2858
f 621/620/2859 623/621/2860 614/614/2861
f 620/619/2862 622/622/2863 621/620/2864
f 621/620/2865 622/622/2866 623/621/2860
f 622/622/2867 624/623/2868 623/621/2869
f 624/623/2870 626/624/2871 623/621/2872
f 623/621/2873 625/625/2874 614/614/2875
f 623/621/2876 626/624/2877 625/625/2878
f 625/625/2879 626/624/2880 628/626/2881
f 626/624/2882 627/627/2883 628/626/2884
f 626/624/2885 629/628/2886 627/627/2887
f 624/623/2888 629/628/2889 626/624/2882
f 629/628/2890 534/533/2891 535/534/2892
f 538/537/2893 534/533/2894 629/628/2895
f 538/537/2482 629/628/2896 624/623/2897
f 629/628/2898 535/534/2899 627/627/2900
f 625/625/2901 628/626/2902 630/629/2903
f 611/610/2904 630/629/2905 612/611/2906
f 611/610/2907 625/625/2879 630/629/2908
f 614/614/2909 625/625/2910 611/610/2811
f 622/622/2867 631/630/2911 624/623/2912
f 631/630/2913 538/537/2482 624/623/2914
f 556/555/2915 631/630/2916 632/631/2917
f 556/555/2918 540/538/2919 631/630/2920
f 631/630/2921 540/538/2922 538/537/2482
f 632/631/2923 631/630/2924 622/622/2925
f 555/554/2926 556/555/2927 632/631/2928
f 632/631/2929 622/622/2930 620/619/2931
f 561/560/2932 632/631/2933 620/619/2934
f 561/560/2935 555/554/2936 632/631/2937
f 573/572/2938 561/560/2939 620/619/2940
f 594/593/2941 609/607/1644 593/592/2942
f 599/598/2943 579/578/2944 602/601/2754
f 580/579/2945 579/578/2946 599/598/2947
f 590/590/2948 587/587/2705 599/598/2949
f 580/579/2950 599/598/2951 587/587/2952
f 588/586/2953 591/589/2954 633/632/2955
f 588/586/2953 633/632/2955 634/633/2956
f 634/633/2957 633/632/2958 635/634/2959
f 634/633/2960 635/634/2961 636/635/2962
f 636/635/2963 635/634/1626 637/636/2964
f 636/635/2965 637/636/2966 638/637/2967
f 638/637/2968 637/636/2969 639/638/2970
f 638/637/2971 639/638/2972 640/639/2973
f 640/639/2974 639/638/2975 641/640/2976
f 640/639/2977 641/640/2978 642/641/1665
f 643/642/2979 640/639/2980 642/641/2981
f 562/561/2587 561/560/2982 573/572/2983
f 547/547/2984 540/538/2985 556/555/2986
f 548/545/2987 543/541/2988 546/546/2989
f 547/547/2990 539/539/2991 540/538/2992
f 542/542/2993 527/527/2994 529/528/2995
f 542/542/2996 529/528/2997 531/530/2998
