# Blender 4.2.3 LTS
# www.blender.org
mtllib candle.mtl
o dynamic
v 320.329956 -321.250244 -231.027832
v 321.994080 -322.039948 -224.281235
v 323.591858 -316.074219 -228.494095
v 319.198303 -313.801819 -233.438095
v 323.549133 -309.214966 -231.467758
v 317.584717 -306.059296 -233.305099
v 322.630463 -301.859497 -232.438171
v 316.668030 -298.652588 -230.684708
v 321.831512 -294.535095 -231.170334
v 317.443481 -292.122772 -226.288254
v 322.116364 -287.761719 -228.019196
v 320.459808 -286.779968 -221.295914
v 324.163147 -281.913361 -223.835922
v 325.675049 -282.621246 -217.044571
v 328.185608 -277.120605 -219.744354
v 332.467102 -279.331268 -214.675964
v 333.876282 -273.235138 -216.844223
v 339.798462 -276.365753 -214.835281
v 340.487854 -269.869873 -215.920609
v 346.488922 -273.094788 -217.500931
v 347.030304 -266.500214 -217.237869
v 351.527466 -268.968994 -221.990540
v 352.531281 -262.602875 -220.468826
v 354.338928 -263.664398 -227.140732
v 356.293945 -257.793549 -224.782135
v 354.935242 -257.167999 -231.613800
v 358.079224 -251.928940 -229.060989
v 353.912354 -249.781113 -234.250870
v 358.169617 -245.143051 -232.197433
v 352.293610 -242.039383 -234.376801
v 357.294800 -237.813889 -233.384872
v 351.259033 -234.573059 -231.979050
v 356.438690 -230.462326 -232.330582
v 351.834900 -227.938644 -227.710388
v 321.215942 -321.524048 -217.350266
v 325.954346 -317.240509 -222.015793
v 328.429260 -311.755981 -227.150406
v 328.741089 -305.105072 -231.420517
v 327.561279 -297.629456 -233.720734
v 325.954285 -289.888702 -233.464798
v 325.097229 -282.512146 -230.740860
v 325.969360 -276.033264 -226.287766
v 329.094147 -270.748383 -221.300552
v 334.401093 -266.639526 -217.114517
v 341.243713 -263.378021 -214.854477
v 348.571228 -260.412354 -215.136856
v 355.204590 -257.112335 -217.907669
v 360.147705 -252.936462 -222.456863
v 362.850555 -247.573807 -227.605087
v 363.353729 -241.026810 -232.015488
v 362.277893 -233.609985 -234.545410
v 309.498077 -315.462494 -230.469589
v 313.964600 -317.870819 -232.198013
v 313.181396 -310.554138 -230.877426
v 310.075867 -308.838684 -226.858597
v 313.502899 -303.799744 -227.688828
v 312.577515 -303.229614 -222.439621
v 315.598022 -297.977081 -223.493958
v 317.096527 -298.702393 -218.398392
v 319.667084 -293.209412 -219.419418
v 323.194427 -295.039154 -215.821167
v 325.390839 -289.342224 -216.560043
v 330.017029 -291.793793 -215.408356
v 332.013123 -285.983429 -215.690872
v 336.517883 -288.410217 -217.289291
v 338.540833 -282.606720 -217.061295
v 341.736328 -284.368835 -220.988144
v 344.005981 -278.690582 -220.330521
v 345.049530 -279.323517 -225.550522
v 347.720764 -273.856079 -224.656998
v 346.337219 -273.192627 -229.793427
v 349.458893 -267.965881 -228.920364
v 346.012939 -266.181122 -232.618622
v 349.515381 -261.161591 -232.016739
v 344.915833 -258.726227 -233.301743
v 348.628632 -253.825348 -233.150192
v 344.088470 -251.381409 -231.683060
v 347.785828 -246.479996 -232.042404
v 344.502411 -244.672226 -228.209915
v 347.962891 -239.650772 -229.005936
v 346.801941 -238.955704 -223.818863
v 349.866180 -233.726242 -224.862091
v 351.133942 -234.327423 -219.688278
v 353.747192 -228.857285 -220.724258
v 357.109253 -230.596024 -216.928085
v 318.610474 -320.334534 -231.157303
v 317.654724 -312.965698 -232.583679
v 316.624023 -305.523224 -231.692184
v 316.543518 -298.557892 -228.738510
v 318.188049 -292.494293 -224.522079
v 321.877197 -287.520081 -220.175613
v 327.391357 -283.534302 -216.865280
v 334.029907 -280.176971 -215.485245
v 340.795410 -276.920776 -216.419449
v 346.657135 -273.212891 -219.442368
v 350.822754 -268.618958 -223.777328
v 352.947052 -262.938599 -228.301651
v 353.223206 -256.257904 -231.842682
v 352.331696 -248.926453 -233.487106
v 351.261169 -241.465927 -232.822220
v 351.046997 -234.431641 -230.043365
v 352.499329 -228.266953 -225.904251
v 308.697968 -314.831116 -216.405518
v 307.033844 -314.041351 -223.151993
v 311.149719 -309.298798 -219.094940
v 315.543304 -311.571167 -214.151047
v 316.905945 -305.449524 -216.277237
v 322.870422 -308.605225 -214.439682
v 323.538208 -302.096863 -215.462280
v 329.500732 -305.303802 -217.215912
v 330.050842 -298.712830 -216.885818
v 334.438904 -301.125244 -221.768005
v 335.479614 -294.778076 -220.192780
v 337.136230 -295.759644 -226.916092
v 339.146484 -289.918121 -224.531845
v 337.634705 -289.210114 -231.323273
v 340.837585 -284.002716 -228.779053
v 336.555969 -281.791779 -233.847626
v 340.860596 -277.179718 -231.834885
v 334.938293 -274.049042 -233.844025
v 339.962463 -269.836609 -232.914291
v 333.961487 -266.611816 -231.334015
v 339.133789 -262.498047 -231.752914
v 334.636414 -260.029266 -227.000122
v 339.346191 -255.687088 -228.677673
v 337.538452 -254.625641 -222.005737
v 341.297302 -249.787918 -224.520111
v 342.656006 -250.413651 -217.688309
v 345.225525 -244.944504 -220.397018
v 349.392334 -247.092468 -215.207092
v 350.848816 -241.021881 -217.416245
v 356.724792 -244.125473 -215.236969
v 357.437256 -237.642700 -216.384659
v 363.473022 -240.883621 -217.790344
v 364.006989 -234.286118 -217.594513
v 368.610657 -236.809723 -222.214676
v 307.812012 -314.557281 -230.083023
v 308.787170 -308.132416 -225.573196
v 312.026031 -302.908539 -220.594437
v 317.427612 -298.851257 -216.480103
v 324.320984 -295.618530 -214.335617
v 331.641663 -292.651062 -214.747330
v 338.212402 -289.319214 -217.626846
v 343.053772 -285.090057 -222.235672
v 345.642517 -279.666443 -227.378738
v 346.049377 -273.067017 -231.720352
v 344.920288 -265.620117 -234.136078
v 343.306335 -257.877563 -234.009552
v 342.386719 -250.469223 -231.394547
v 343.157135 -243.936935 -227.001022
v 346.167847 -238.591064 -222.008591
v 351.378235 -234.429733 -217.753952
v 358.167725 -231.138260 -215.379745
v 319.529907 -320.618866 -216.963638
v 315.063293 -318.210419 -215.235321
v 321.560120 -314.818817 -216.711777
v 324.665649 -316.534210 -220.730362
v 326.952087 -310.864807 -220.055893
v 327.877625 -311.434967 -225.305313
v 330.570740 -305.979340 -224.406509
v 329.072266 -305.253876 -229.502258
v 332.215210 -300.038696 -228.636993
v 328.687866 -298.208923 -232.235001
v 332.205017 -293.197601 -231.651794
v 327.578979 -290.745972 -232.803604
v 331.296509 -285.847992 -232.676926
v 326.791687 -283.421265 -231.078461
v 330.482330 -278.516449 -231.462296
v 327.286774 -276.754272 -227.535202
v 330.730774 -271.724182 -228.348724
v 329.687134 -271.091339 -223.128677
v 332.729645 -265.850342 -224.177948
v 334.113312 -266.513885 -219.041473
v 336.705170 -261.032227 -220.070404
v 340.150909 -262.816986 -216.372116
v 342.362213 -257.128448 -217.129684
v 346.961609 -259.563812 -215.844757
v 348.962646 -253.756302 -216.151962
v 353.502655 -256.200165 -217.619125
v 355.518860 -250.393250 -217.415543
v 358.802307 -252.201050 -221.248169
v 361.055542 -246.514359 -220.607712
v 362.216553 -247.209259 -225.794968
v 364.865845 -241.730301 -224.907272
v 363.598267 -241.129013 -230.081223
v 366.698395 -235.890961 -229.200943
v 363.336304 -234.152222 -232.996994
v 310.417480 -315.746674 -216.275864
v 317.086975 -312.407166 -215.005386
v 323.831238 -309.141327 -216.052490
v 329.625305 -305.398499 -219.162033
v 333.694336 -300.753601 -223.534088
v 335.718750 -295.019653 -228.036499
v 335.918304 -288.296997 -231.502396
v 334.993286 -280.946289 -233.038208
v 333.941345 -273.494202 -232.259872
v 333.793213 -266.493744 -229.392532
v 335.341248 -260.379211 -225.213303
v 338.930359 -255.351288 -220.844910
v 344.367981 -251.323685 -217.459503
v 350.972961 -247.946823 -215.970688
v 357.757263 -244.698944 -216.791519
v 363.684967 -241.024796 -219.726166
v 367.946350 -236.481445 -224.021011
v 316.744080 -319.272858 -226.627426
v 318.024475 -313.090393 -227.585815
v 319.132629 -306.801392 -227.544281
v 320.529358 -300.652557 -226.534637
v 322.599976 -294.853119 -224.843307
v 325.551697 -289.520782 -222.937164
v 329.359497 -284.649597 -221.339188
v 333.772461 -280.112457 -220.491241
v 338.380432 -275.693665 -220.637726
v 342.721619 -271.146667 -221.760483
v 346.404419 -266.258484 -223.584000
v 349.210907 -260.906494 -225.647690
v 351.154663 -255.089783 -227.427887
v 352.476135 -248.930710 -228.476242
v 353.580536 -242.641296 -228.536041
v 354.929810 -236.468094 -227.612595
v 356.921448 -230.627304 -225.969635
v 317.097656 -319.382080 -221.169296
v 320.720581 -314.462769 -223.027603
v 323.460205 -309.074768 -225.088242
v 325.347229 -303.227478 -226.828262
v 326.637665 -297.050537 -227.809250
v 327.744354 -290.761230 -227.793213
v 329.128784 -284.606018 -226.804733
v 331.179535 -278.796295 -225.125153
v 334.109009 -273.451935 -223.217896
v 337.897827 -268.570618 -221.606369
v 342.300598 -264.027466 -220.736282
v 346.909119 -259.608734 -220.857513
v 351.262054 -255.067642 -221.958450
v 354.964478 -250.190018 -223.769653
v 357.793488 -244.849686 -225.833755
v 359.756348 -239.043564 -227.627121
v 361.088745 -232.890701 -228.697281
v 311.930267 -316.699158 -226.264053
v 314.020905 -310.910339 -224.561356
v 316.994995 -305.589813 -222.656555
v 320.821472 -300.728943 -221.072220
v 325.244690 -296.197449 -220.246994
v 329.851685 -291.778412 -220.418732
v 334.180725 -287.225281 -221.562973
v 337.843628 -282.326965 -223.398224
v 340.627808 -276.962952 -225.461456
v 342.552490 -271.136017 -227.228531
v 343.863464 -264.970673 -228.254501
v 344.968292 -258.681335 -228.289093
v 346.329193 -252.513962 -227.343704
v 348.340271 -246.683487 -225.688263
v 351.224945 -241.315277 -223.779968
v 354.975708 -236.412994 -222.142487
v 359.356812 -231.857773 -221.227951
v 312.283752 -316.808472 -220.805847
v 316.717041 -312.282532 -220.003189
v 321.322540 -307.863159 -220.200394
v 325.639404 -303.303833 -221.365921
v 329.282318 -298.394897 -223.212967
v 332.044250 -293.019012 -225.274796
v 333.950073 -287.181702 -227.028549
v 335.250580 -281.010864 -228.032150
v 336.356293 -274.721191 -228.041321
v 337.728760 -268.559967 -227.074341
v 339.759644 -262.739685 -225.406754
v 342.666687 -257.383514 -223.498871
v 346.436584 -252.491653 -221.874100
v 350.828552 -247.942596 -220.981796
v 355.437836 -243.523666 -221.077560
v 359.802246 -238.988510 -222.156860
v 363.524109 -234.121033 -223.955368
v 358.726746 -225.894272 -222.512695
v 360.720703 -226.925400 -220.261368
v 366.407959 -230.065933 -227.540237
v 367.148010 -230.416122 -224.468033
v 363.550537 -226.137466 -225.053207
v 362.053741 -227.673813 -222.811600
v 357.986633 -225.544128 -225.585007
v 360.609253 -226.944092 -225.623779
v 364.811646 -229.114029 -220.656479
v 367.542114 -230.610809 -223.396805
v 364.525269 -229.016129 -224.429153
v 361.348450 -227.247162 -219.342972
v 364.413879 -229.034622 -229.791687
v 363.080933 -228.286453 -227.241501
v 360.322998 -226.846100 -229.396500
v 357.592590 -225.349426 -226.656235
v 363.786133 -228.713058 -230.709946
v 363.615906 -219.396133 -227.314163
v 363.739258 -218.778030 -227.378616
v 363.899445 -218.982986 -227.639252
v 363.746399 -219.639938 -227.543808
v 363.893097 -218.029861 -227.391205
v 364.069580 -218.212448 -227.677383
v 364.094391 -217.174088 -227.352524
v 364.278717 -217.343140 -227.655777
v 364.406921 -216.303421 -227.306366
v 364.549683 -216.400436 -227.583481
v 364.819336 -215.380920 -227.214142
v 364.969116 -215.470200 -227.498093
v 365.368408 -214.420395 -227.060806
v 365.516541 -214.522690 -227.355362
v 366.054901 -213.470505 -226.852982
v 366.185577 -213.584976 -227.152847
v 366.878479 -212.527695 -226.620560
v 367.002380 -212.648941 -226.922287
v 367.965576 -211.488663 -226.397446
v 368.102264 -211.594849 -226.681503
v 369.134827 -210.489426 -226.253464
v 369.309326 -210.573502 -226.496750
v 370.209045 -209.591003 -226.187149
v 370.397430 -209.656036 -226.428802
v 371.092896 -208.764038 -226.129929
v 371.334717 -208.768753 -226.315964
v 371.827545 -208.010681 -226.017166
v 372.096222 -207.977600 -226.198074
v 372.398926 -207.406982 -225.929489
v 372.703918 -207.312057 -226.079056
v 364.079681 -219.239792 -227.895569
v 363.907043 -219.926743 -227.773911
v 364.267700 -218.443527 -227.945297
v 364.485107 -217.556091 -227.937653
v 364.759583 -216.598785 -227.874405
v 365.138672 -215.592117 -227.754227
v 365.688477 -214.639282 -227.615158
v 366.346252 -213.718353 -227.424408
v 367.152344 -212.786758 -227.194443
v 368.266357 -211.719299 -226.935883
v 369.473236 -210.693771 -226.752396
v 370.620361 -209.720169 -226.627121
v 371.588135 -208.791840 -226.509674
v 372.397186 -207.946152 -226.377884
v 373.034973 -207.227036 -226.196518
v 364.287415 -219.520691 -228.140289
v 364.103790 -220.227341 -227.992996
v 364.486511 -218.704605 -228.204422
v 364.715027 -217.797623 -228.198624
v 364.994873 -216.823624 -228.140793
v 365.379211 -215.800186 -228.018723
v 365.881805 -214.780014 -227.846512
v 366.527374 -213.864136 -227.665909
v 367.329529 -212.936386 -227.438934
v 368.436768 -211.866669 -227.182220
v 369.676056 -210.807297 -226.968613
v 370.844910 -209.806137 -226.840515
v 371.861328 -208.823624 -226.704544
v 372.718018 -207.921707 -226.525833
v 373.349487 -207.144791 -226.299759
v 364.526794 -219.806961 -228.363022
v 364.333984 -220.524765 -228.198883
v 364.730133 -218.980392 -228.445816
v 364.962402 -218.061432 -228.447403
v 365.251343 -217.070480 -228.381012
v 365.638489 -216.032211 -228.254715
v 366.135193 -215.001175 -228.077835
v 366.731567 -214.031525 -227.871811
v 367.513397 -213.107254 -227.662033
v 368.637573 -212.018158 -227.395676
v 369.885773 -210.955048 -227.186325
v 371.084290 -209.908615 -227.044205
v 372.149506 -208.867905 -226.872910
v 373.025299 -207.913101 -226.665909
v 373.662048 -207.086395 -226.408737
v 364.795898 -220.083588 -228.562820
v 364.597931 -220.805481 -228.385422
v 365.002594 -219.252350 -228.655228
v 365.232666 -218.330093 -228.669724
v 365.525208 -217.328323 -228.600266
v 365.917114 -216.275787 -228.457047
v 366.407074 -215.235550 -228.273758
v 366.989136 -214.258255 -228.062790
v 367.736084 -213.284882 -227.835464
v 368.859558 -212.196304 -227.591675
v 370.127441 -211.115753 -227.385910
v 371.343872 -210.019821 -227.231674
v 372.437775 -208.925797 -227.037643
v 373.337158 -207.921371 -226.808899
v 373.950256 -207.036423 -226.483734
v 365.093781 -220.336395 -228.734909
v 364.894379 -221.057907 -228.548264
v 365.300842 -219.506073 -228.834763
v 365.529358 -218.584579 -228.853806
v 365.820923 -217.577744 -228.787384
v 366.209717 -216.519119 -228.636215
v 366.696594 -215.471085 -228.434662
v 367.263916 -214.490128 -228.218414
v 367.958374 -213.546402 -227.999130
v 369.021912 -212.469925 -227.756454
v 370.276001 -211.388626 -227.554245
v 371.485291 -210.261688 -227.393875
v 372.600952 -209.126556 -227.179703
v 373.521149 -208.064163 -226.913223
v 374.152954 -207.127304 -226.552643
v 365.416809 -220.556656 -228.876022
v 365.219727 -221.274597 -228.684540
v 365.621307 -219.732101 -228.981308
v 365.847656 -218.815826 -229.003464
v 366.139038 -217.809006 -228.933350
v 366.517456 -216.754807 -228.784714
v 366.991638 -215.709061 -228.576157
v 367.547211 -214.726379 -228.344009
v 368.205200 -213.814560 -228.125961
v 369.199615 -212.785843 -227.901352
v 370.412018 -211.704590 -227.702438
v 371.602386 -210.554245 -227.533920
v 372.713867 -209.383926 -227.303680
v 373.660339 -208.277084 -227.010056
v 374.314575 -207.300308 -226.627914
v 365.773438 -220.745056 -228.988998
v 365.576721 -221.453430 -228.793564
v 365.976318 -219.933502 -229.099503
v 366.201508 -219.029251 -229.124786
v 366.490601 -218.030334 -229.052109
v 366.857239 -216.987610 -228.901047
v 367.307190 -215.954941 -228.696991
v 367.842285 -214.982651 -228.459534
v 368.473572 -214.098907 -228.228500
v 369.389557 -213.121674 -228.018082
v 370.539673 -212.055038 -227.826340
v 371.700012 -210.890244 -227.652115
v 372.799011 -209.687103 -227.411514
v 373.750488 -208.553101 -227.102478
v 374.435669 -207.538605 -226.708969
v 366.147888 -220.898361 -229.070419
v 365.952942 -221.592255 -228.873566
v 366.348846 -220.106064 -229.184830
v 366.574066 -219.217896 -229.211365
v 366.856567 -218.236908 -229.139938
v 367.210144 -217.210617 -228.987595
v 367.639160 -216.198288 -228.783951
v 368.152924 -215.250168 -228.552841
v 368.750885 -214.393204 -228.318314
v 369.605591 -213.468506 -228.104218
v 370.670044 -212.428574 -227.922775
v 371.786133 -211.259644 -227.747284
v 372.846497 -210.028900 -227.499924
v 373.801636 -208.889175 -227.196213
v 374.523865 -207.842209 -226.796890
v 366.533875 -221.019180 -229.119553
v 366.341064 -221.693436 -228.924362
v 366.733582 -220.252213 -229.236069
v 366.959839 -219.384415 -229.261948
v 367.235901 -218.426071 -229.191696
v 367.573669 -217.426880 -229.043777
v 367.991577 -216.441971 -228.840363
v 368.483704 -215.519196 -228.611435
v 369.062531 -214.695175 -228.388458
v 369.833679 -213.812241 -228.168655
v 370.812744 -212.806183 -227.985519
v 371.860565 -211.657761 -227.820038
v 372.873016 -210.414261 -227.577774
v 373.801025 -209.237488 -227.259476
v 374.564392 -208.195694 -226.858795
v 366.917969 -221.111755 -229.134537
v 366.727173 -221.760101 -228.948853
v 367.117126 -220.375565 -229.249863
v 367.344421 -219.533539 -229.273651
v 367.613983 -218.604492 -229.205521
v 367.946930 -217.640717 -229.062088
v 368.349792 -216.689529 -228.865845
v 368.847321 -215.799820 -228.646347
v 369.386230 -214.988297 -228.421249
v 370.079529 -214.142136 -228.203598
v 370.965576 -213.173233 -228.026199
v 371.945496 -212.052658 -227.865524
v 372.910400 -210.810898 -227.633957
v 373.779419 -209.594620 -227.281494
v 374.526489 -208.527847 -226.868057
v 367.289856 -221.183838 -229.118118
v 367.102417 -221.796982 -228.944214
v 367.492432 -220.482208 -229.223190
v 367.720642 -219.672882 -229.243973
v 367.992676 -218.782776 -229.178574
v 368.322876 -217.857025 -229.040665
v 368.746216 -216.947235 -228.859726
v 369.211029 -216.077896 -228.645157
v 369.711914 -215.276489 -228.419846
v 370.334290 -214.463852 -228.207611
v 371.126831 -213.525406 -228.034851
v 372.042480 -212.420319 -227.861038
v 372.946289 -211.178528 -227.612534
v 373.753204 -209.965469 -227.284805
v 374.348206 -209.063751 -226.920212
v 367.640808 -221.251541 -229.069931
v 367.453064 -221.817169 -228.912704
v 367.849243 -220.589752 -229.164551
v 368.087524 -219.818161 -229.178482
v 368.364624 -218.968658 -229.117172
v 368.727722 -218.086533 -228.995834
v 369.132538 -217.201889 -228.819992
v 369.570801 -216.350845 -228.611542
v 370.034119 -215.560455 -228.392120
v 370.587006 -214.781631 -228.187180
v 371.298828 -213.874344 -228.010529
v 372.138885 -212.798325 -227.841125
v 372.981567 -211.557770 -227.589066
v 373.631378 -210.495743 -227.285721
v 374.183289 -209.594681 -226.972244
v 367.962219 -221.332443 -228.986496
v 367.764587 -221.837143 -228.853989
v 368.186584 -220.713287 -229.068130
v 368.440186 -219.979263 -229.078110
v 368.762512 -219.168198 -229.024841
v 369.116211 -218.311081 -228.908890
v 369.505371 -217.446701 -228.740677
v 369.921600 -216.610367 -228.539597
v 370.352509 -215.830063 -228.332260
v 370.845947 -215.083771 -228.132828
v 371.477783 -214.209885 -227.956711
v 372.254456 -213.148392 -227.789322
v 372.955933 -212.043243 -227.564499
v 373.565918 -210.964935 -227.274002
v 374.058411 -210.055145 -226.965866
v 363.439758 -219.652481 -227.052567
v 363.500549 -219.227661 -227.087372
v 363.501129 -219.890671 -227.200485
v 363.593994 -218.657013 -227.103439
v 363.734802 -217.915024 -227.086716
v 363.973511 -217.118042 -227.063614
v 364.278809 -216.251617 -227.006058
v 364.680664 -215.321274 -226.903229
v 365.247375 -214.340546 -226.740372
v 365.954010 -213.366379 -226.525894
v 366.776611 -212.436523 -226.304001
v 367.822083 -211.425156 -226.119644
v 368.977295 -210.431519 -225.991653
v 370.022552 -209.558884 -225.954987
v 370.898163 -208.751083 -225.905075
v 371.602783 -208.032104 -225.842545
v 372.103058 -207.534103 -225.777176
v 372.468903 -207.177643 -225.743820
v 372.781433 -206.984116 -225.837784
v 373.146057 -206.768600 -225.903305
v 373.452698 -206.622604 -225.964157
v 373.755859 -206.499878 -226.030563
v 374.029541 -206.395416 -226.068527
v 374.289612 -206.320541 -226.089920
v 374.495483 -206.372803 -226.128769
v 374.674011 -206.510239 -226.184097
v 374.828674 -206.706940 -226.246384
v 374.927643 -206.971756 -226.278458
v 375.004028 -207.288437 -226.336761
v 374.965302 -207.816025 -226.466507
v 374.820862 -208.334259 -226.552780
v 374.641113 -208.872833 -226.624649
v 374.479248 -209.365067 -226.695084
v 374.321259 -209.767502 -226.718887
v 374.008636 -210.404831 -226.939590
v 373.580109 -211.299194 -227.215347
v 373.004333 -212.412888 -227.492783
v 372.341949 -213.519791 -227.703079
v 371.675385 -214.500763 -227.867325
v 371.107605 -215.361969 -228.041977
v 370.663666 -216.080261 -228.231491
v 370.254578 -216.854996 -228.432785
v 369.860443 -217.682205 -228.619827
v 369.486450 -218.535095 -228.779678
v 369.133667 -219.378143 -228.894577
v 368.805603 -220.170685 -228.947372
v 368.500366 -220.873337 -228.932175
v 368.246704 -221.458282 -228.863144
v 368.029114 -221.888657 -228.762558
v 367.601166 -222.256699 -228.683334
v 367.844452 -222.203262 -228.658157
v 367.298615 -222.301071 -228.701859
v 366.935883 -222.324570 -228.706985
v 366.549622 -222.315018 -228.692810
v 366.155396 -222.266739 -228.655930
v 365.764374 -222.177887 -228.595444
v 365.384644 -222.047516 -228.513916
v 365.026672 -221.874390 -228.407089
v 364.698120 -221.658951 -228.275497
v 364.403168 -221.406219 -228.122330
v 364.144287 -221.122482 -227.951370
v 363.923340 -220.815369 -227.766006
v 363.740723 -220.494873 -227.571335
v 363.597565 -220.173950 -227.376877
v 368.193420 -222.088791 -228.596207
v 368.478424 -221.643799 -228.693222
v 368.689148 -221.871368 -228.480682
v 368.327881 -222.325577 -228.380768
v 368.807648 -221.079956 -228.761902
v 369.057953 -221.302307 -228.549637
v 369.139709 -220.386826 -228.774078
v 369.440674 -220.619293 -228.561630
v 369.479431 -219.599579 -228.722458
v 369.799805 -219.830276 -228.512390
v 369.831238 -218.758957 -228.611893
v 370.152496 -218.984650 -228.411362
v 370.195801 -217.907349 -228.460403
v 370.511353 -218.124619 -228.264053
v 370.573425 -217.079422 -228.280777
v 370.876648 -217.295715 -228.091980
v 370.960175 -216.312057 -228.092758
v 371.254089 -216.504562 -227.909714
v 371.376282 -215.594864 -227.911423
v 371.645874 -215.776398 -227.734421
v 371.863007 -214.776352 -227.737686
v 372.080933 -214.972443 -227.563736
v 372.484955 -213.790756 -227.574051
v 372.666199 -213.978271 -227.401871
v 373.123718 -212.651505 -227.366623
v 373.290192 -212.795090 -227.197495
v 373.683624 -211.482941 -227.101028
v 373.883331 -211.485107 -226.909805
v 374.154663 -210.400848 -226.786392
v 374.341797 -210.320038 -226.581467
v 368.864227 -222.107651 -228.222977
v 368.451538 -222.572952 -228.117386
v 369.273499 -221.533554 -228.296280
v 369.683777 -220.843140 -228.314148
v 370.092224 -220.064407 -228.269455
v 370.457977 -219.208267 -228.169785
v 370.812988 -218.332443 -228.028793
v 371.173798 -217.477234 -227.862747
v 371.538208 -216.668472 -227.687546
v 371.920868 -215.906586 -227.515839
v 372.313934 -215.103561 -227.348190
v 372.861694 -214.090927 -227.182632
v 373.499207 -212.826584 -226.969910
v 374.076233 -211.472244 -226.675507
v 374.521912 -210.190445 -226.336975
v 369.012482 -222.329483 -227.923050
v 368.555054 -222.801987 -227.808044
v 369.459778 -221.754562 -228.004837
v 369.900482 -221.057327 -228.027557
v 370.328186 -220.266769 -227.989914
v 370.740295 -219.418961 -227.896896
v 371.103058 -218.527390 -227.764511
v 371.452209 -217.649841 -227.607193
v 371.812195 -216.812363 -227.440567
v 372.184479 -216.002457 -227.265518
v 372.544800 -215.185669 -227.101547
v 373.078979 -214.128006 -226.931168
v 373.693054 -212.850204 -226.710770
v 374.246124 -211.409988 -226.406372
v 374.675690 -210.071167 -226.068008
v 369.139008 -222.523087 -227.585312
v 368.654785 -223.000137 -227.464111
v 369.623077 -221.948807 -227.674332
v 370.093506 -221.248947 -227.704758
v 370.542236 -220.448090 -227.674469
v 370.968079 -219.585770 -227.592697
v 371.368713 -218.699402 -227.468826
v 371.724762 -217.801300 -227.323441
v 372.076324 -216.916489 -227.159012
v 372.428345 -216.056290 -226.984482
v 372.768677 -215.214920 -226.824600
v 373.262024 -214.180527 -226.656052
v 373.849060 -212.856888 -226.433029
v 374.370239 -211.408173 -226.125565
v 374.734589 -210.037598 -225.791031
v 369.248901 -222.683853 -227.216843
v 368.753113 -223.162369 -227.094589
v 369.763947 -222.113556 -227.313400
v 370.262756 -221.417648 -227.352493
v 370.735352 -220.611862 -227.331223
v 371.173248 -219.737808 -227.256241
v 371.588928 -218.834488 -227.142944
v 371.982910 -217.931946 -227.004318
v 372.325684 -216.992889 -226.837296
v 372.654724 -216.080368 -226.665176
v 372.963379 -215.246597 -226.512985
v 373.426575 -214.188461 -226.346832
v 373.973450 -212.884415 -226.130219
v 374.422180 -211.423386 -225.831192
v 374.748688 -210.057999 -225.514908
v 369.353302 -222.803513 -226.820908
v 368.850647 -223.280212 -226.700882
v 369.887085 -222.238113 -226.919922
v 370.415466 -221.551437 -226.966507
v 370.908630 -220.744995 -226.952454
v 371.371094 -219.862885 -226.886963
v 371.803253 -218.945435 -226.783173
v 372.198730 -218.012451 -226.653702
v 372.551697 -217.048813 -226.498688
v 372.843262 -216.120163 -226.335648
v 373.134064 -215.221771 -226.184219
v 373.552094 -214.208878 -226.029602
v 374.028595 -212.915146 -225.817520
v 374.429688 -211.475983 -225.535233
v 374.714661 -210.142838 -225.239639
v 369.453430 -222.876007 -226.407562
v 368.947449 -223.347794 -226.290451
v 369.994751 -222.317215 -226.506226
v 370.546661 -221.644043 -226.560013
v 371.066772 -220.843124 -226.553360
v 371.552216 -219.958481 -226.496140
v 371.995178 -219.033310 -226.405731
v 372.390991 -218.079529 -226.291153
v 372.720520 -217.096481 -226.145432
v 372.999603 -216.115341 -225.995300
v 373.263458 -215.211227 -225.853470
v 373.621033 -214.220413 -225.703583
v 374.043823 -212.963135 -225.502426
v 374.395264 -211.591782 -225.244919
v 374.646484 -210.290466 -224.963272
v 369.541443 -222.895569 -225.988632
v 369.039032 -223.361816 -225.876129
v 370.077271 -222.341995 -226.083817
v 370.641388 -221.680725 -226.137405
v 371.182861 -220.887711 -226.134476
v 371.685242 -220.007217 -226.087952
v 372.138977 -219.086761 -226.014206
v 372.527710 -218.134491 -225.911728
v 372.856506 -217.111923 -225.782227
v 373.108643 -216.113602 -225.643509
v 373.351501 -215.206146 -225.516159
v 373.658234 -214.249390 -225.383133
v 374.015198 -213.050522 -225.190109
v 374.323853 -211.755295 -224.953125
v 374.542664 -210.489838 -224.700363
v 369.614990 -222.869415 -225.574295
v 369.119263 -223.327164 -225.469604
v 370.144104 -222.324417 -225.655716
v 370.712341 -221.677383 -225.702423
v 371.270599 -220.898880 -225.704239
v 371.786499 -220.030258 -225.669876
v 372.241882 -219.125580 -225.607483
v 372.637634 -218.147049 -225.519089
v 372.928711 -217.118607 -225.408646
v 373.177856 -216.120560 -225.288635
v 373.401764 -215.179092 -225.172150
v 373.655334 -214.283920 -225.059586
v 373.972778 -213.192947 -224.889847
v 374.229553 -211.941467 -224.671692
v 374.407745 -210.727890 -224.445816
v 369.678101 -222.802032 -225.158035
v 369.193024 -223.248184 -225.065369
v 370.197144 -222.270462 -225.227737
v 370.754578 -221.640366 -225.265961
v 371.321808 -220.881729 -225.273209
v 371.845337 -220.033447 -225.246078
v 372.311340 -219.125137 -225.196579
v 372.663116 -218.119690 -225.120529
v 372.955627 -217.097855 -225.029541
v 373.206696 -216.108597 -224.933914
v 373.413879 -215.184708 -224.835693
v 373.632324 -214.296738 -224.733047
v 373.889954 -213.310852 -224.596848
v 374.131958 -212.158386 -224.408157
v 374.263123 -210.980164 -224.202698
v 369.725128 -222.700638 -224.753952
v 369.256470 -223.131607 -224.673691
v 370.228516 -222.186356 -224.808716
v 370.768799 -221.567825 -224.838028
v 371.330231 -220.824631 -224.842728
v 371.861816 -219.990051 -224.824631
v 372.285278 -219.062103 -224.783768
v 372.642212 -218.060623 -224.722610
v 372.939178 -217.041672 -224.653397
v 373.191711 -216.089157 -224.580429
v 373.390320 -215.197647 -224.503372
v 373.587311 -214.307388 -224.418350
v 373.793579 -213.393341 -224.307388
v 373.993713 -212.349899 -224.156082
v 374.123718 -211.254929 -223.979660
v 369.750671 -222.572906 -224.367813
v 369.305176 -222.985580 -224.304306
v 370.231720 -222.077896 -224.406281
v 370.752075 -221.471649 -224.420914
v 371.295410 -220.746429 -224.421463
v 371.785950 -219.908066 -224.407913
v 372.216919 -218.977844 -224.375626
v 372.581146 -217.970581 -224.331650
v 372.882202 -216.983780 -224.282593
v 373.138123 -216.062317 -224.230087
v 373.333313 -215.177689 -224.174713
v 373.512024 -214.305283 -224.112061
v 373.687927 -213.444687 -224.028763
v 373.845337 -212.503738 -223.912308
v 373.959076 -211.507248 -223.773300
v 369.744446 -222.434036 -224.006271
v 369.332947 -222.824265 -223.964676
v 370.198059 -221.957489 -224.020767
v 370.695007 -221.364944 -224.020981
v 371.184082 -220.635208 -224.013580
v 371.666626 -219.809097 -224.000488
v 372.107361 -218.865753 -223.980087
v 372.478546 -217.878952 -223.951675
v 372.786041 -216.916870 -223.920792
v 373.049438 -216.002701 -223.890305
v 373.244537 -215.127579 -223.857620
v 373.410126 -214.268082 -223.815720
v 373.568695 -213.446091 -223.760361
v 373.695221 -212.619644 -223.683945
v 373.799042 -211.713699 -223.582047
v 369.695435 -222.299957 -223.668961
v 369.328613 -222.667465 -223.664780
v 370.117310 -221.838272 -223.657211
v 370.566528 -221.241409 -223.639297
v 371.036072 -220.522781 -223.622238
v 371.508057 -219.684143 -223.609528
v 371.954437 -218.751114 -223.598343
v 372.335449 -217.783371 -223.584991
v 372.654358 -216.818008 -223.574875
v 372.926636 -215.908279 -223.566910
v 373.127960 -215.040161 -223.555588
v 373.285767 -214.195099 -223.534760
v 373.433075 -213.404404 -223.506287
v 373.543762 -212.664337 -223.468796
v 373.634979 -211.926102 -223.417709
v 367.895538 -222.425140 -228.497940
v 374.519409 -209.560608 -226.532059
v 374.695038 -209.336868 -226.302109
v 374.855988 -209.128418 -226.035355
v 374.967163 -208.939407 -225.749756
v 375.001068 -208.895493 -225.486938
v 374.978668 -208.932068 -225.227829
v 374.907288 -209.033295 -224.962204
v 374.791260 -209.187119 -224.700394
v 374.653748 -209.395096 -224.458450
v 374.501465 -209.647873 -224.230759
v 374.339661 -209.929642 -224.013870
v 374.176971 -210.226593 -223.810776
v 374.028503 -210.543182 -223.628891
v 373.848389 -210.941605 -223.481766
v 373.691040 -211.256393 -223.356796
v 373.561157 -211.515930 -223.257629
v 373.481689 -212.016861 -223.262695
v 373.395264 -212.622818 -223.266769
v 373.287964 -213.307892 -223.265793
v 373.143005 -214.077042 -223.268112
v 372.985962 -214.909424 -223.267700
v 372.773376 -215.772812 -223.259506
v 372.488220 -216.685776 -223.246765
v 372.155151 -217.650818 -223.235153
v 371.758057 -218.626175 -223.230530
v 371.309631 -219.576630 -223.234756
v 370.847229 -220.412430 -223.249496
v 370.394165 -221.128983 -223.275757
v 369.966980 -221.726044 -223.314011
v 369.584412 -222.193619 -223.357559
v 369.275940 -222.536636 -223.396347
v 368.990448 -222.949997 -223.632919
v 369.029510 -222.786560 -223.435028
v 368.937622 -223.130173 -223.891708
v 368.870239 -223.317703 -224.214890
v 368.794128 -223.482895 -224.573532
v 368.711853 -223.613373 -224.956284
v 368.625916 -223.701645 -225.353500
v 368.538574 -223.741837 -225.756210
v 368.445068 -223.729767 -226.168640
v 368.350952 -223.661407 -226.578033
v 368.260925 -223.540009 -226.970200
v 368.174988 -223.373032 -227.341171
v 368.093658 -223.168243 -227.688004
v 368.018799 -222.931519 -228.005035
v 367.953400 -222.672226 -228.283463
v 369.083069 -222.520447 -223.159729
v 369.398315 -222.130600 -223.068146
v 369.152710 -222.092743 -222.796127
v 368.830597 -222.522888 -222.928741
v 369.764038 -221.646423 -222.991928
v 369.516235 -221.586792 -222.692398
v 370.174377 -221.040222 -222.934158
v 369.914764 -220.971863 -222.613770
v 370.614014 -220.324524 -222.895615
v 370.342682 -220.250275 -222.561600
v 371.070557 -219.483994 -222.876999
v 370.798401 -219.384537 -222.542191
v 371.523376 -218.512527 -222.882477
v 371.257263 -218.387192 -222.558640
v 371.938904 -217.485886 -222.908295
v 371.689941 -217.328903 -222.604370
v 372.290405 -216.513245 -222.940201
v 372.066895 -216.292389 -222.662460
v 372.592346 -215.600998 -222.972702
v 372.389038 -215.372604 -222.714813
v 372.821838 -214.729065 -223.001175
v 372.637634 -214.501572 -222.761765
v 372.987061 -213.891296 -223.024643
v 372.816040 -213.663239 -222.805466
v 373.139465 -213.130157 -223.048813
v 372.980164 -212.904007 -222.849228
v 373.258850 -212.461746 -223.076721
v 373.118469 -212.236206 -222.901733
v 373.375366 -211.834091 -223.110245
v 373.260132 -211.578491 -222.969681
v 368.862915 -222.053818 -222.539932
v 368.531372 -222.518936 -222.698807
v 369.227417 -221.528748 -222.413803
v 369.624023 -220.910278 -222.314392
v 370.045532 -220.170227 -222.250961
v 370.501709 -219.267532 -222.233627
v 370.971191 -218.229599 -222.262207
v 371.418335 -217.142746 -222.326294
v 371.818115 -216.089828 -222.405380
v 372.165619 -215.119308 -222.481354
v 372.433685 -214.249908 -222.546036
v 372.630310 -213.411880 -222.604675
v 372.809692 -212.653763 -222.667862
v 372.962402 -211.983002 -222.746414
v 373.128632 -211.294769 -222.832993
v 368.541565 -222.000626 -222.300476
v 368.201294 -222.493896 -222.477402
v 368.908173 -221.457153 -222.156952
v 369.306824 -220.823624 -222.041916
v 369.734802 -220.058914 -221.971909
v 370.192688 -219.118774 -221.955765
v 370.670532 -218.046890 -221.995468
v 371.131714 -216.934189 -222.076187
v 371.552917 -215.863129 -222.175125
v 371.924713 -214.879257 -222.273956
v 372.218750 -213.961609 -222.357315
v 372.433899 -213.131393 -222.431747
v 372.626038 -212.382446 -222.517105
v 372.795929 -211.708908 -222.610092
v 372.985168 -210.994583 -222.709000
v 368.200073 -221.921783 -222.079681
v 367.853119 -222.436996 -222.270279
v 368.569519 -221.358047 -221.924179
v 368.968445 -220.711517 -221.798019
v 369.402527 -219.932510 -221.719345
v 369.871368 -218.965546 -221.704636
v 370.355621 -217.862610 -221.753601
v 370.831482 -216.727325 -221.849030
v 371.272034 -215.638763 -221.968399
v 371.669312 -214.640274 -222.083633
v 371.987549 -213.717407 -222.188095
v 372.222229 -212.856674 -222.288071
v 372.430389 -212.119339 -222.384201
v 372.617584 -211.450607 -222.486771
v 372.829834 -210.716858 -222.596466
v 367.846680 -221.813187 -221.881805
v 367.495697 -222.344070 -222.082092
v 368.216431 -221.233444 -221.718307
v 368.615845 -220.574921 -221.582413
v 369.054657 -219.783264 -221.496750
v 369.538391 -218.796753 -221.483139
v 370.036011 -217.673172 -221.539780
v 370.524872 -216.514938 -221.650772
v 370.986511 -215.408295 -221.783524
v 371.403076 -214.400925 -221.921494
v 371.742065 -213.480499 -222.049637
v 371.998962 -212.626968 -222.162079
v 372.227783 -211.864731 -222.271225
v 372.433685 -211.198685 -222.380936
v 372.672241 -210.442413 -222.498703
v 367.488251 -221.671524 -221.712219
v 367.137390 -222.212265 -221.917450
v 367.857361 -221.080704 -221.541611
v 368.254913 -220.413864 -221.397629
v 368.695953 -219.614563 -221.305435
v 369.191498 -218.617783 -221.290985
v 369.709503 -217.484207 -221.355331
v 370.215454 -216.310349 -221.473053
v 370.693237 -215.189728 -221.627518
v 371.124939 -214.179977 -221.790222
v 371.485901 -213.264801 -221.931519
v 371.765686 -212.423889 -222.053635
v 372.013672 -211.672470 -222.170883
v 372.246460 -210.964615 -222.292099
v 372.513000 -210.185486 -222.416367
v 367.133484 -221.493362 -221.573395
v 366.784363 -222.039230 -221.782486
v 367.499298 -220.896393 -221.397156
v 367.893250 -220.223495 -221.247665
v 368.333008 -219.421188 -221.149307
v 368.837708 -218.419418 -221.135147
v 369.376221 -217.283234 -221.198624
v 369.905975 -216.105179 -221.333054
v 370.393005 -214.985352 -221.509354
v 370.840637 -213.978119 -221.685410
v 371.221802 -213.073242 -221.836197
v 371.523743 -212.248703 -221.966293
v 371.789673 -211.512253 -222.090469
v 372.049438 -210.789124 -222.219467
v 372.345032 -209.971283 -222.354843
v 366.789337 -221.277924 -221.468552
v 366.445312 -221.823700 -221.679520
v 367.149414 -220.678040 -221.287491
v 367.538513 -219.999344 -221.134415
v 367.976624 -219.192139 -221.032700
v 368.491089 -218.186905 -221.013016
v 369.046997 -217.049271 -221.086716
v 369.593750 -215.885025 -221.238861
v 370.100952 -214.776306 -221.426727
v 370.560303 -213.779510 -221.610184
v 370.958496 -212.891846 -221.766281
v 371.280945 -212.089844 -221.902222
v 371.563660 -211.373672 -222.032043
v 371.849976 -210.637985 -222.166946
v 372.160156 -209.816208 -222.314896
v 366.459045 -221.031494 -221.397842
v 366.123871 -221.572922 -221.608444
v 366.809479 -220.433914 -221.213104
v 367.189301 -219.756363 -221.057892
v 367.624939 -218.947784 -220.947693
v 368.145325 -217.943024 -220.932205
v 368.710205 -216.818192 -221.020920
v 369.276459 -215.672821 -221.179825
v 369.805511 -214.589996 -221.370407
v 370.277466 -213.612991 -221.555191
v 370.689270 -212.745773 -221.713409
v 371.032135 -211.969299 -221.853241
v 371.329468 -211.276260 -221.987152
v 371.633240 -210.534348 -222.133850
v 371.958618 -209.712753 -222.288254
v 366.145264 -220.763412 -221.360458
v 365.823242 -221.295517 -221.568344
v 366.483276 -220.169083 -221.177002
v 366.854858 -219.490051 -221.019028
v 367.291107 -218.669022 -220.915970
v 367.814331 -217.665817 -220.916306
v 368.391144 -216.556732 -221.009201
v 368.973755 -215.437653 -221.168839
v 369.521271 -214.386124 -221.357773
v 370.010315 -213.439346 -221.540268
v 370.433624 -212.593826 -221.697220
v 370.792999 -211.846298 -221.838333
v 371.094147 -211.182281 -221.981277
v 371.404846 -210.465881 -222.130280
v 371.734497 -209.674042 -222.286743
v 365.849915 -220.482376 -221.357193
v 365.546448 -221.000519 -221.558563
v 366.173401 -219.893402 -221.174561
v 366.528961 -219.221283 -221.022263
v 366.956421 -218.401657 -220.935257
v 367.480743 -217.411926 -220.939865
v 368.065125 -216.328278 -221.031815
v 368.660889 -215.241104 -221.187180
v 369.224792 -214.223007 -221.370346
v 369.730927 -213.303925 -221.547043
v 370.171143 -212.479126 -221.699127
v 370.539276 -211.759521 -221.845795
v 370.849487 -211.122864 -221.988754
v 371.171143 -210.426544 -222.137863
v 371.506104 -209.663696 -222.294510
v 365.579193 -220.194183 -221.383255
v 365.296021 -220.698868 -221.578537
v 365.885986 -219.605820 -221.212967
v 366.216125 -218.947800 -221.073624
v 366.637573 -218.130432 -220.995041
v 367.157166 -217.165115 -220.998581
v 367.748444 -216.107224 -221.086990
v 368.356018 -215.051743 -221.235062
v 368.934662 -214.065506 -221.409683
v 369.457764 -213.167999 -221.576248
v 369.910583 -212.367706 -221.728073
v 370.292175 -211.676529 -221.870956
v 370.612305 -211.069427 -222.011475
v 370.945557 -210.398056 -222.157516
v 371.283844 -209.676468 -222.313156
v 365.328003 -219.916565 -221.443954
v 365.073883 -220.407166 -221.621567
v 365.607361 -219.336044 -221.294250
v 365.926422 -218.669388 -221.168472
v 366.335999 -217.864685 -221.094223
v 366.862549 -216.903458 -221.102081
v 367.452118 -215.882553 -221.180161
v 368.063782 -214.867065 -221.314087
v 368.658020 -213.903244 -221.476990
v 369.194031 -213.026703 -221.638977
v 369.664734 -212.247375 -221.782181
v 370.059845 -211.585419 -221.919724
v 370.392181 -211.007065 -222.056030
v 370.736633 -210.366257 -222.195908
v 371.075470 -209.703781 -222.349350
v 365.086670 -219.672745 -221.545532
v 364.877075 -220.146866 -221.690964
v 365.337463 -219.097351 -221.412918
v 365.641327 -218.426910 -221.298828
v 366.058044 -217.603912 -221.236923
v 366.573792 -216.672424 -221.237442
v 367.180481 -215.657150 -221.313950
v 367.802429 -214.667801 -221.435745
v 368.394989 -213.737198 -221.583466
v 368.946808 -212.880890 -221.729172
v 369.436035 -212.118027 -221.863754
v 369.845703 -211.482544 -221.995056
v 370.198669 -210.920029 -222.127213
v 370.556396 -210.318680 -222.261429
v 370.885590 -209.733627 -222.396057
v 369.029510 -222.786560 -223.435028
v 369.275940 -222.536636 -223.396347
v 368.820129 -222.848282 -223.283951
v 373.481689 -212.016861 -223.262695
v 373.561157 -211.515930 -223.257629
v 373.510254 -211.222488 -223.160660
v 373.430115 -210.901382 -223.048294
v 373.323059 -210.559952 -222.925247
v 373.200897 -210.228409 -222.812943
v 373.065186 -209.932144 -222.710648
v 372.926117 -209.651123 -222.622421
v 372.787140 -209.386459 -222.546616
v 372.629822 -209.171066 -222.494934
v 372.457855 -209.004257 -222.464767
v 372.261230 -208.918045 -222.448257
v 372.035767 -208.920258 -222.457626
v 371.808746 -208.952896 -222.474442
v 371.586731 -209.012894 -222.493668
v 371.369049 -209.101944 -222.515945
v 371.175293 -209.203476 -222.538284
v 370.997009 -209.325470 -222.557129
v 370.747009 -209.709579 -222.465179
v 370.430359 -210.206573 -222.356659
v 370.053680 -210.785675 -222.232193
v 369.666260 -211.353378 -222.101776
v 369.239929 -211.965530 -221.975876
v 368.732544 -212.712555 -221.851547
v 368.165344 -213.550583 -221.724274
v 367.551239 -214.478592 -221.590103
v 366.909393 -215.470169 -221.468643
v 366.309784 -216.449570 -221.410950
v 365.774109 -217.399445 -221.406036
v 365.359619 -218.228989 -221.464966
v 365.069885 -218.907578 -221.570694
v 364.845490 -219.490692 -221.687729
v 364.688110 -219.943573 -221.796707
v 364.684723 -220.523209 -221.856247
v 364.582703 -220.284210 -221.893829
v 364.827850 -220.806686 -221.822769
v 365.020874 -221.129868 -221.797195
v 365.249908 -221.454987 -221.792023
v 365.511536 -221.766739 -221.811447
v 365.801880 -222.055145 -221.856979
v 366.117523 -222.311752 -221.930161
v 366.454285 -222.528366 -222.032211
v 366.806580 -222.698486 -222.166122
v 367.168762 -222.822098 -222.325302
v 367.533142 -222.901260 -222.504349
v 367.892059 -222.938339 -222.698624
v 368.237183 -222.936157 -222.902145
v 368.556763 -222.901474 -223.105362
v 364.456909 -219.915558 -221.970764
v 364.593750 -219.390900 -221.874344
v 364.336273 -219.352661 -222.103760
v 364.213562 -219.936264 -222.188583
v 364.801208 -218.778625 -221.770096
v 364.535400 -218.699905 -222.009140
v 365.079285 -218.084137 -221.670975
v 364.807129 -217.980240 -221.915634
v 365.490082 -217.245316 -221.611618
v 365.212708 -217.131165 -221.853043
v 366.036926 -216.286026 -221.611435
v 365.765106 -216.161392 -221.854263
v 366.665649 -215.285004 -221.677017
v 366.417297 -215.142731 -221.908371
v 367.306244 -214.312744 -221.770065
v 367.105286 -214.127014 -221.992325
v 367.957336 -213.367050 -221.890915
v 367.763062 -213.198303 -222.082657
v 368.551666 -212.528671 -222.005707
v 368.397400 -212.341736 -222.184158
v 369.076782 -211.796478 -222.117447
v 368.952698 -211.607452 -222.286652
v 369.533203 -211.185303 -222.239670
v 369.464417 -210.957291 -222.406540
v 369.967224 -210.590225 -222.368393
v 369.956299 -210.319458 -222.536163
v 370.386780 -209.996750 -222.488022
v 370.421539 -209.705215 -222.654327
v 370.765198 -209.470459 -222.592590
v 370.841949 -209.154755 -222.749374
v 364.083221 -219.346313 -222.372818
v 363.966370 -219.975632 -222.451736
v 364.280090 -218.654190 -222.285095
v 364.551575 -217.904358 -222.196609
v 364.945892 -217.045944 -222.138565
v 365.506805 -216.062759 -222.130600
v 366.182495 -215.017990 -222.168137
v 366.906433 -213.972702 -222.232803
v 367.618408 -213.004715 -222.310532
v 368.259308 -212.165695 -222.384277
v 368.860626 -211.411392 -222.480148
v 369.445679 -210.702057 -222.601059
v 370.011292 -209.996811 -222.733810
v 370.508911 -209.364182 -222.844696
v 370.956451 -208.796341 -222.931015
v 363.844238 -219.352402 -222.677536
v 363.728760 -220.016006 -222.753189
v 364.042358 -218.626389 -222.594467
v 364.313782 -217.847488 -222.518051
v 364.702332 -216.976974 -222.457535
v 365.271301 -215.978790 -222.438889
v 365.968689 -214.901779 -222.454666
v 366.727295 -213.828247 -222.496048
v 367.478577 -212.836960 -222.550705
v 368.173523 -211.966370 -222.614853
v 368.808167 -211.199081 -222.691483
v 369.477295 -210.425537 -222.815048
v 370.082672 -209.700623 -222.947220
v 370.638489 -208.995758 -223.053818
v 371.089050 -208.421463 -223.128067
v 363.628082 -219.356232 -223.013550
v 363.512207 -220.045441 -223.087326
v 363.825775 -218.604843 -222.940079
v 364.102112 -217.800095 -222.867874
v 364.486359 -216.919067 -222.805588
v 365.060120 -215.900375 -222.772766
v 365.775848 -214.792160 -222.763474
v 366.563751 -213.693939 -222.777145
v 367.353821 -212.683563 -222.806870
v 368.087219 -211.799500 -222.854507
v 368.821533 -210.951096 -222.927902
v 369.538910 -210.152206 -223.040695
v 370.184204 -209.404663 -223.170670
v 370.744934 -208.700134 -223.271713
v 371.231842 -208.044220 -223.335175
v 363.439514 -219.351761 -223.379700
v 363.323975 -220.058807 -223.447952
v 363.640198 -218.581009 -223.309616
v 363.921387 -217.756714 -223.240524
v 364.302551 -216.867233 -223.177078
v 364.875305 -215.822784 -223.125381
v 365.605103 -214.686111 -223.088882
v 366.421326 -213.565720 -223.073380
v 367.244232 -212.542206 -223.075607
v 368.013000 -211.648087 -223.105057
v 368.848907 -210.723648 -223.169876
v 369.642822 -209.875900 -223.282150
v 370.286224 -209.139191 -223.401001
v 370.854218 -208.421402 -223.495956
v 371.372559 -207.753113 -223.558929
v 363.287720 -219.333084 -223.765091
v 363.170105 -220.052399 -223.831741
v 363.491699 -218.548874 -223.697556
v 363.777771 -217.711288 -223.631241
v 364.153229 -216.808914 -223.563446
v 364.718079 -215.741623 -223.490982
v 365.460480 -214.581955 -223.427933
v 366.299835 -213.443726 -223.381882
v 367.147339 -212.411758 -223.353836
v 367.964783 -211.500412 -223.366180
v 368.884583 -210.524323 -223.419083
v 369.727539 -209.652817 -223.525894
v 370.392883 -208.897537 -223.645798
v 370.968628 -208.171738 -223.728500
v 371.527527 -207.499435 -223.794525
v 363.177673 -219.295486 -224.167542
v 363.057739 -220.021988 -224.231003
v 363.384430 -218.503906 -224.103699
v 363.673340 -217.658951 -224.040619
v 364.036499 -216.738876 -223.964844
v 364.587708 -215.655457 -223.872757
v 365.332764 -214.482437 -223.782791
v 366.184387 -213.336380 -223.705612
v 367.059387 -212.300430 -223.649765
v 367.925690 -211.371628 -223.642319
v 368.901367 -210.373489 -223.682236
v 369.776489 -209.490616 -223.785934
v 370.480042 -208.708069 -223.901505
v 371.108154 -207.952621 -223.973831
v 371.670410 -207.301788 -224.040939
v 363.116028 -219.235016 -224.577957
v 362.991760 -219.964859 -224.641891
v 363.324493 -218.441986 -224.518387
v 363.610535 -217.590729 -224.455704
v 363.959686 -216.654007 -224.371506
v 364.491852 -215.564377 -224.262695
v 365.226257 -214.385925 -224.146072
v 366.089386 -213.239761 -224.040390
v 366.982208 -212.212296 -223.958176
v 367.879028 -211.280167 -223.931534
v 368.881226 -210.285843 -223.961838
v 369.791718 -209.391769 -224.061783
v 370.554077 -208.575668 -224.163437
v 371.215942 -207.806412 -224.227356
v 371.812012 -207.151428 -224.297256
v 363.098572 -219.156448 -224.995255
v 362.972229 -219.882751 -225.054367
v 363.310791 -218.366776 -224.934616
v 363.586670 -217.506653 -224.868637
v 363.922119 -216.560608 -224.777771
v 364.429260 -215.472809 -224.655441
v 365.153778 -214.296677 -224.516495
v 366.019958 -213.154968 -224.381607
v 366.900635 -212.161804 -224.278854
v 367.805634 -211.242050 -224.238602
v 368.847595 -210.241364 -224.253357
v 369.804138 -209.336044 -224.342285
v 370.601624 -208.506226 -224.433182
v 371.297180 -207.724564 -224.488403
v 371.922546 -207.064682 -224.551163
v 363.124329 -219.063766 -225.406448
v 362.995911 -219.779953 -225.460129
v 363.329285 -218.277710 -225.348434
v 363.596741 -217.411606 -225.270935
v 363.921570 -216.465897 -225.177490
v 364.405365 -215.387909 -225.046097
v 365.122437 -214.218002 -224.887100
v 365.970215 -213.108215 -224.732422
v 366.803284 -212.164490 -224.616409
v 367.745422 -211.226227 -224.553238
v 368.823364 -210.223358 -224.549240
v 369.811646 -209.318497 -224.624130
v 370.639069 -208.484222 -224.700958
v 371.360168 -207.697205 -224.742844
v 372.010071 -207.032684 -224.794724
v 363.181580 -218.952789 -225.798019
v 363.059814 -219.660843 -225.850967
v 363.375183 -218.172562 -225.741913
v 363.632080 -217.314407 -225.667648
v 363.952087 -216.373489 -225.563614
v 364.428711 -215.310379 -225.428787
v 365.119751 -214.173386 -225.258743
v 365.907837 -213.116119 -225.094437
v 366.736420 -212.184586 -224.958191
v 367.711700 -211.226425 -224.870514
v 368.812256 -210.228775 -224.846725
v 369.822632 -209.329941 -224.903717
v 370.671021 -208.499390 -224.961777
v 371.408325 -207.717377 -224.988068
v 372.072876 -207.053802 -225.025650
v 363.261261 -218.828430 -226.164215
v 363.149780 -219.523758 -226.214401
v 363.445374 -218.062714 -226.114426
v 363.695343 -217.223801 -226.050018
v 364.003906 -216.295822 -225.950684
v 364.470428 -215.258591 -225.806259
v 365.109253 -214.181351 -225.641159
v 365.877136 -213.144577 -225.460587
v 366.697327 -212.222839 -225.302277
v 367.682892 -211.264893 -225.187698
v 368.790771 -210.279572 -225.134979
v 369.806519 -209.398529 -225.167984
v 370.662231 -208.584579 -225.203857
v 371.400116 -207.822983 -225.209427
v 372.064087 -207.177963 -225.235184
v 363.357513 -218.712326 -226.500992
v 363.252991 -219.381577 -226.540405
v 363.534729 -217.967194 -226.463181
v 363.777832 -217.145279 -226.409546
v 364.080933 -216.244095 -226.324081
v 364.512268 -215.250015 -226.191757
v 365.135895 -214.201019 -226.011917
v 365.881775 -213.191940 -225.822495
v 366.693024 -212.276489 -225.645126
v 367.695801 -211.304749 -225.504120
v 368.811279 -210.326614 -225.427017
v 369.831238 -209.457169 -225.435440
v 370.676819 -208.670074 -225.443466
v 371.407410 -207.929459 -225.423965
v 372.051880 -207.315598 -225.431290
v 363.459808 -218.635574 -226.807068
v 363.373291 -219.275101 -226.831268
v 363.630493 -217.915482 -226.788193
v 363.869568 -217.112793 -226.749817
v 364.168304 -216.230377 -226.676224
v 364.579529 -215.280457 -226.562149
v 365.171600 -214.261917 -226.385880
v 365.904724 -213.270813 -226.174484
v 366.712463 -212.355759 -225.981903
v 367.735535 -211.362335 -225.816696
v 368.864624 -210.381042 -225.716690
v 369.897705 -209.511765 -225.700516
v 370.758362 -208.718521 -225.684540
v 371.436127 -208.037720 -225.630554
v 372.042694 -207.455521 -225.610397
v 364.582703 -220.284210 -221.893829
v 364.688110 -219.943573 -221.796707
v 364.394073 -220.365768 -222.046249
v 370.430359 -210.206573 -222.356659
v 370.747009 -209.709579 -222.465179
v 371.095642 -209.034012 -222.671280
v 371.216003 -208.690536 -222.813828
v 371.347198 -208.306473 -222.986221
v 371.484985 -207.913437 -223.172348
v 371.654205 -207.535110 -223.383011
v 371.847534 -207.182785 -223.610657
v 372.009216 -206.947128 -223.849075
v 372.165253 -206.757156 -224.092010
v 372.303589 -206.617630 -224.337723
v 372.437256 -206.526276 -224.582352
v 372.541382 -206.491165 -224.815262
v 372.618713 -206.510025 -225.037659
v 372.614838 -206.650955 -225.250061
v 372.587219 -206.821320 -225.447067
v 372.535645 -207.002960 -225.612717
v 372.468903 -207.177643 -225.743820
v 372.103058 -207.534103 -225.777176
v 371.602783 -208.032104 -225.842545
v 370.898163 -208.751083 -225.905075
v 370.022552 -209.558884 -225.954987
v 368.977295 -210.431519 -225.991653
v 367.822083 -211.425156 -226.119644
v 366.776611 -212.436523 -226.304001
v 365.954010 -213.366379 -226.525894
v 365.247375 -214.340546 -226.740372
v 364.680664 -215.321274 -226.903229
v 364.278809 -216.251617 -227.006058
v 363.973511 -217.118042 -227.063614
v 363.734802 -217.915024 -227.086716
v 363.593994 -218.657013 -227.103439
v 363.500549 -219.227661 -227.087372
v 363.332184 -219.803833 -226.857346
v 363.439758 -219.652481 -227.052567
v 363.217590 -219.968643 -226.599609
v 363.102539 -220.138184 -226.273270
v 363.008728 -220.292755 -225.908508
v 362.950684 -220.427521 -225.519333
v 362.932465 -220.537918 -225.115173
v 362.955322 -220.623337 -224.704453
v 363.022614 -220.680161 -224.295670
v 363.135925 -220.705948 -223.896378
v 363.290344 -220.701981 -223.512924
v 363.479065 -220.671432 -223.150803
v 363.695679 -220.617065 -222.815598
v 363.931854 -220.542191 -222.513168
v 364.175171 -220.453354 -222.250198
v 367.558380 -222.601822 -228.464615
v 367.553833 -222.909592 -228.205399
v 367.146820 -223.061493 -228.147751
v 367.193909 -222.710770 -228.441238
v 367.582123 -223.190750 -227.908752
v 367.141602 -223.373306 -227.828552
v 367.630646 -223.444717 -227.580872
v 367.165588 -223.647369 -227.484818
v 367.692688 -223.663345 -227.226410
v 367.210022 -223.879150 -227.118393
v 367.765930 -223.839218 -226.849777
v 367.271667 -224.063248 -226.732712
v 367.848755 -223.965897 -226.455276
v 367.348267 -224.194397 -226.331161
v 367.940552 -224.035812 -226.043442
v 367.438354 -224.266205 -225.915359
v 368.037018 -224.046478 -225.628998
v 367.538452 -224.276337 -225.496017
v 368.132141 -224.001923 -225.226181
v 367.642029 -224.228348 -225.089676
v 368.231934 -223.905167 -224.830002
v 367.755920 -224.124481 -224.690353
v 368.334778 -223.761688 -224.449081
v 367.879517 -223.969284 -224.306915
v 368.439697 -223.577026 -224.093307
v 368.013428 -223.766678 -223.947830
v 368.549530 -223.359756 -223.773666
v 368.163452 -223.520615 -223.622101
v 368.670258 -223.117661 -223.502335
v 368.338928 -223.232864 -223.338257
v 366.731049 -223.150711 -228.096603
v 366.805359 -222.769012 -228.416000
v 366.699951 -223.488007 -227.756027
v 366.702637 -223.779739 -227.394775
v 366.731323 -224.023117 -227.014297
v 366.782776 -224.214569 -226.617294
v 366.854004 -224.349380 -226.207077
v 366.942993 -224.422989 -225.785263
v 367.046997 -224.432663 -225.359039
v 367.158966 -224.382523 -224.946976
v 367.286926 -224.273239 -224.542191
v 367.430634 -224.108368 -224.152893
v 367.591003 -223.890915 -223.787033
v 367.773956 -223.622711 -223.451996
v 367.986694 -223.304245 -223.154816
v 366.311646 -223.184296 -228.042282
v 366.404358 -222.779526 -228.380478
v 366.260986 -223.540207 -227.683365
v 366.246155 -223.845398 -227.305740
v 366.261536 -224.098206 -226.910950
v 366.303772 -224.295044 -226.502396
v 366.370422 -224.432877 -226.082458
v 366.458557 -224.507797 -225.653488
v 366.566162 -224.518051 -225.220016
v 366.686768 -224.466614 -224.801010
v 366.827698 -224.353897 -224.389725
v 366.989502 -224.181961 -223.993484
v 367.172791 -223.953476 -223.619583
v 367.381348 -223.669373 -223.275070
v 367.619629 -223.330627 -222.966049
v 365.894470 -223.165512 -227.977127
v 366.000946 -222.745026 -228.329330
v 365.829132 -223.533936 -227.603973
v 365.800537 -223.848343 -227.212616
v 365.804932 -224.106979 -226.805801
v 365.839508 -224.307297 -226.386520
v 365.901733 -224.446701 -225.957260
v 365.989441 -224.522842 -225.520737
v 366.100586 -224.533737 -225.080002
v 366.228760 -224.482239 -224.654495
v 366.381256 -224.367874 -224.237061
v 366.558044 -224.192184 -223.834427
v 366.759827 -223.956619 -223.453705
v 366.987976 -223.662262 -223.101074
v 367.245087 -223.310303 -222.782761
v 365.487000 -223.095810 -227.898270
v 365.603516 -222.665421 -228.260178
v 365.410522 -223.471161 -227.514877
v 365.371277 -223.790268 -227.113251
v 365.366638 -224.051636 -226.696793
v 365.394470 -224.253250 -226.268417
v 365.452820 -224.393433 -225.831192
v 365.539856 -224.469986 -225.387741
v 365.654144 -224.481842 -224.941544
v 365.789246 -224.431244 -224.510483
v 365.951538 -224.317062 -224.087997
v 366.140503 -224.140121 -223.680405
v 366.356323 -223.901596 -223.294540
v 366.599243 -223.601807 -222.936142
v 366.869690 -223.241791 -222.611267
v 365.096985 -222.974762 -227.803848
v 365.220551 -222.540161 -228.171280
v 365.012085 -223.352615 -227.413864
v 364.964111 -223.672791 -227.005447
v 364.951752 -223.933884 -226.581985
v 364.973480 -224.134933 -226.147202
v 365.028046 -224.274612 -225.704086
v 365.114044 -224.351395 -225.255905
v 365.230774 -224.364288 -224.806107
v 365.371948 -224.315201 -224.371414
v 365.542480 -224.202591 -223.946045
v 365.741119 -224.026810 -223.535812
v 365.967590 -223.788345 -223.147186
v 366.221008 -223.487244 -222.785629
v 366.500732 -223.123932 -222.456772
v 364.731903 -222.802841 -227.691299
v 364.859009 -222.369080 -228.064682
v 364.640381 -223.179153 -227.298599
v 364.585144 -223.497147 -226.886932
v 364.565674 -223.755981 -226.460037
v 364.581299 -223.954605 -226.021912
v 364.631714 -224.092590 -225.575943
v 364.716339 -224.168854 -225.125931
v 364.834747 -224.182724 -224.675522
v 364.980865 -224.135788 -224.240173
v 365.157745 -224.026062 -223.814743
v 365.364319 -223.853027 -223.404770
v 365.598633 -223.617065 -223.016312
v 365.859375 -223.317856 -222.654556
v 366.145111 -222.955017 -222.324951
v 364.396545 -222.581726 -227.564926
v 364.527893 -222.152130 -227.936081
v 364.301270 -222.952576 -227.168076
v 364.239197 -223.265381 -226.756424
v 364.212830 -223.519485 -226.329727
v 364.222595 -223.714218 -225.891891
v 364.268433 -223.849228 -225.446915
v 364.351013 -223.924438 -224.998734
v 364.470154 -223.939346 -224.551498
v 364.619598 -223.894806 -224.118912
v 364.801819 -223.788651 -223.696854
v 365.014282 -223.620148 -223.290695
v 365.254578 -223.388962 -222.905350
v 365.520264 -223.094299 -222.546753
v 365.809143 -222.735306 -222.218964
v 364.096619 -222.315598 -227.423645
v 364.231110 -221.894836 -227.790009
v 363.996033 -222.677109 -227.031326
v 363.930298 -222.980515 -226.617630
v 363.897278 -223.227066 -226.194305
v 363.900757 -223.415833 -225.759827
v 363.941895 -223.547104 -225.318878
v 364.021606 -223.620636 -224.875595
v 364.140808 -223.636383 -224.434189
v 364.292755 -223.594772 -224.007431
v 364.478790 -223.493484 -223.591873
v 364.695679 -223.331589 -223.192337
v 364.940002 -223.108124 -222.813858
v 365.208313 -222.821640 -222.460983
v 365.495850 -222.471405 -222.142471
v 363.834900 -222.009537 -227.272797
v 363.970947 -221.604233 -227.631165
v 363.730042 -222.356400 -226.887619
v 363.658264 -222.646378 -226.480667
v 363.622009 -222.881195 -226.057114
v 363.619537 -223.061996 -225.628586
v 363.655670 -223.188110 -225.193771
v 363.732544 -223.259537 -224.757553
v 363.850952 -223.276199 -224.324112
v 364.004761 -223.238266 -223.905136
v 364.193390 -223.143661 -223.498245
v 364.412933 -222.990982 -223.107773
v 364.659210 -222.779266 -222.738876
v 364.925629 -222.506958 -222.400421
v 365.211182 -222.170227 -222.089783
v 363.613953 -221.669373 -227.117462
v 363.750885 -221.285294 -227.464508
v 363.506073 -221.994461 -226.742126
v 363.429443 -222.265305 -226.344070
v 363.387329 -222.485428 -225.928574
v 363.382233 -222.654831 -225.501343
v 363.413879 -222.774734 -225.074020
v 363.487549 -222.843826 -224.645630
v 363.604858 -222.861526 -224.221542
v 363.759491 -222.828201 -223.811478
v 363.949585 -222.742111 -223.414490
v 364.170349 -222.602478 -223.035416
v 364.414368 -222.408524 -222.684006
v 364.679077 -222.155701 -222.357681
v 364.959290 -221.839325 -222.059433
v 363.436951 -221.299622 -226.963898
v 363.575256 -220.943253 -227.294144
v 363.327332 -221.594360 -226.600357
v 363.246582 -221.839905 -226.212173
v 363.199768 -222.040726 -225.805542
v 363.189819 -222.197647 -225.386642
v 363.219666 -222.309128 -224.962112
v 363.290466 -222.375351 -224.541733
v 363.406311 -222.394547 -224.126846
v 363.561218 -222.366898 -223.725754
v 363.751923 -222.292007 -223.339462
v 363.970367 -222.169907 -222.977554
v 364.212982 -221.998932 -222.640533
v 364.473328 -221.773331 -222.330338
v 364.744873 -221.486343 -222.048523
v 363.306854 -220.900574 -226.820816
v 363.447083 -220.584549 -227.128891
v 363.196167 -221.155869 -226.470673
v 363.112854 -221.370392 -226.091812
v 363.062378 -221.548981 -225.692856
v 363.048553 -221.691025 -225.281296
v 363.075012 -221.794205 -224.863815
v 363.144836 -221.857025 -224.447647
v 363.259155 -221.877945 -224.041000
v 363.414307 -221.857346 -223.647751
v 363.603210 -221.795822 -223.274490
v 363.820984 -221.694153 -222.924606
v 364.061035 -221.551346 -222.602341
v 364.314880 -221.363052 -222.310501
v 364.573639 -221.120377 -222.050461
v 363.231750 -220.464294 -226.696091
v 363.365112 -220.212372 -226.981277
v 363.116943 -220.676315 -226.360153
v 363.031250 -220.856934 -225.989151
v 362.978516 -221.011139 -225.595383
v 362.962097 -221.137039 -225.188660
v 362.986084 -221.231369 -224.776352
v 363.053864 -221.291382 -224.366074
v 363.167389 -221.314499 -223.964706
v 363.322021 -221.301636 -223.578079
v 363.511017 -221.254898 -223.211838
v 363.727966 -221.175934 -222.871445
v 363.965332 -221.066177 -222.561844
v 364.211609 -220.925125 -222.288528
v 364.453552 -220.750275 -222.056412
v 367.844452 -222.203262 -228.658157
v 367.895538 -222.425140 -228.497940
v 367.601166 -222.256699 -228.683334
v 367.953400 -222.672226 -228.283463
v 368.018799 -222.931519 -228.005035
v 368.093658 -223.168243 -227.688004
v 368.174988 -223.373032 -227.341171
v 368.260925 -223.540009 -226.970200
v 368.350952 -223.661407 -226.578033
v 368.445068 -223.729767 -226.168640
v 368.538574 -223.741837 -225.756210
v 368.625916 -223.701645 -225.353500
v 368.711853 -223.613373 -224.956284
v 368.794128 -223.482895 -224.573532
v 368.870239 -223.317703 -224.214890
v 368.937622 -223.130173 -223.891708
v 368.990448 -222.949997 -223.632919
v 369.029510 -222.786560 -223.435028
v 368.820129 -222.848282 -223.283951
v 364.827850 -220.806686 -221.822769
v 364.684723 -220.523209 -221.856247
v 364.582703 -220.284210 -221.893829
v 364.394073 -220.365768 -222.046249
v 364.175171 -220.453354 -222.250198
v 363.931854 -220.542191 -222.513168
v 363.695679 -220.617065 -222.815598
v 363.479065 -220.671432 -223.150803
v 363.290344 -220.701981 -223.512924
v 363.135925 -220.705948 -223.896378
v 363.022614 -220.680161 -224.295670
v 362.955322 -220.623337 -224.704453
v 362.932465 -220.537918 -225.115173
v 362.950684 -220.427521 -225.519333
v 363.008728 -220.292755 -225.908508
v 363.102539 -220.138184 -226.273270
v 363.217590 -219.968643 -226.599609
v 363.332184 -219.803833 -226.857346
v 363.501129 -219.890671 -227.200485
v 363.439758 -219.652481 -227.052567
v 363.597565 -220.173950 -227.376877
v 363.740723 -220.494873 -227.571335
v 363.923340 -220.815369 -227.766006
v 364.144287 -221.122482 -227.951370
v 364.403168 -221.406219 -228.122330
v 364.698120 -221.658951 -228.275497
v 365.026672 -221.874390 -228.407089
v 365.384644 -222.047516 -228.513916
v 365.764374 -222.177887 -228.595444
v 366.155396 -222.266739 -228.655930
v 366.549622 -222.315018 -228.692810
v 366.935883 -222.324570 -228.706985
v 367.298615 -222.301071 -228.701859
v 373.674377 -210.725739 -223.256119
v 373.849518 -210.260193 -223.372604
v 373.806763 -209.695389 -223.257370
v 373.613892 -210.263565 -223.142563
v 374.029602 -209.791595 -223.508835
v 374.013611 -209.188278 -223.391571
v 374.225677 -209.342941 -223.661606
v 374.225586 -208.715012 -223.535980
v 374.399963 -209.034515 -223.846054
v 374.453796 -208.291885 -223.695938
v 374.577545 -208.753387 -224.046066
v 374.644928 -208.026672 -223.888840
v 374.753418 -208.511215 -224.261337
v 374.834961 -207.801346 -224.096603
v 374.923004 -208.317337 -224.494614
v 375.000977 -207.616211 -224.311050
v 375.059082 -208.168976 -224.735001
v 375.144714 -207.477844 -224.538925
v 375.155823 -208.069901 -224.982132
v 375.252350 -207.384308 -224.772903
v 375.205017 -208.028992 -225.233047
v 375.322205 -207.340683 -225.014313
v 375.207397 -208.055557 -225.483994
v 375.354767 -207.358353 -225.266342
v 375.119537 -208.274185 -225.790359
v 375.307953 -207.583450 -225.586349
v 374.984253 -208.557587 -226.098923
v 375.201477 -207.906448 -225.934738
v 374.780457 -208.918549 -226.404007
v 374.988068 -208.321777 -226.288651
v 373.740814 -209.232712 -223.145798
v 373.528137 -209.858047 -223.028763
v 373.966553 -208.692581 -223.278076
v 374.203156 -208.211807 -223.426422
v 374.435303 -207.785751 -223.586945
v 374.649170 -207.406708 -223.745956
v 374.815369 -207.190033 -223.935684
v 374.971802 -207.014099 -224.137543
v 375.112183 -206.879318 -224.351105
v 375.226929 -206.788284 -224.574966
v 375.311249 -206.744019 -224.810471
v 375.366394 -206.756210 -225.058395
v 375.356628 -206.981750 -225.391068
v 375.295471 -207.305038 -225.761490
v 375.145691 -207.765762 -226.170181
v 373.650208 -208.841843 -223.045670
v 373.424377 -209.495819 -222.925247
v 373.895416 -208.285690 -223.182327
v 374.135315 -207.797897 -223.338516
v 374.357208 -207.367004 -223.496231
v 374.564148 -206.996582 -223.653397
v 374.740662 -206.676956 -223.803406
v 374.883606 -206.510330 -223.994247
v 375.012512 -206.375809 -224.197128
v 375.119995 -206.282593 -224.410461
v 375.214813 -206.241165 -224.640884
v 375.287140 -206.249741 -224.885971
v 375.308289 -206.467484 -225.222260
v 375.289398 -206.774460 -225.599930
v 375.193909 -207.215744 -226.021866
v 373.545227 -208.522552 -222.958817
v 373.302246 -209.185349 -222.830856
v 373.788147 -207.953354 -223.103928
v 374.020752 -207.458801 -223.261765
v 374.236206 -207.034729 -223.422165
v 374.423157 -206.668335 -223.575027
v 374.604919 -206.355835 -223.729141
v 374.762848 -206.081909 -223.884125
v 374.879395 -205.952759 -224.082825
v 374.988342 -205.866013 -224.297012
v 375.081970 -205.823257 -224.523697
v 375.166138 -205.831436 -224.767883
v 375.211823 -206.034103 -225.101151
v 375.224060 -206.320206 -225.473022
v 375.167480 -206.729324 -225.881958
v 373.414917 -208.248764 -222.887543
v 373.173584 -208.910980 -222.749893
v 373.650696 -207.675217 -223.039337
v 373.872589 -207.192123 -223.204193
v 374.070068 -206.772354 -223.363205
v 374.260742 -206.409622 -223.519821
v 374.429077 -206.088791 -223.671997
v 374.589264 -205.819382 -223.834061
v 374.730286 -205.597809 -224.007156
v 374.835571 -205.518600 -224.224136
v 374.940430 -205.485336 -224.458328
v 375.033356 -205.497574 -224.706100
v 375.088287 -205.686813 -225.024124
v 375.119385 -205.951157 -225.379807
v 375.103119 -206.320114 -225.779160
v 373.276337 -207.988754 -222.827774
v 373.040161 -208.644394 -222.684616
v 373.492737 -207.449890 -222.993942
v 373.693542 -206.983353 -223.160843
v 373.891235 -206.566513 -223.323349
v 374.068481 -206.195541 -223.478012
v 374.237152 -205.877151 -223.636154
v 374.390900 -205.607086 -223.801956
v 374.535156 -205.396652 -223.983276
v 374.676300 -205.250732 -224.185379
v 374.782532 -205.228745 -224.426208
v 374.879211 -205.250397 -224.679214
v 374.948944 -205.415543 -224.988937
v 374.991638 -205.657013 -225.323624
v 374.973694 -206.092056 -225.753860
v 373.111633 -207.800262 -222.796417
v 372.887054 -208.429703 -222.637573
v 373.318726 -207.264465 -222.965775
v 373.517273 -206.799881 -223.135056
v 373.697571 -206.385971 -223.295944
v 373.871155 -206.025284 -223.456131
v 374.041718 -205.708740 -223.620712
v 374.202057 -205.447174 -223.794724
v 374.352661 -205.248215 -223.984512
v 374.489929 -205.114655 -224.191879
v 374.611816 -205.051697 -224.419189
v 374.709015 -205.089737 -224.679352
v 374.790253 -205.225906 -224.979538
v 374.840210 -205.500961 -225.337860
v 374.825623 -205.915298 -225.746078
v 372.942444 -207.670410 -222.789948
v 372.711487 -208.289795 -222.622650
v 373.160706 -207.136520 -222.965591
v 373.364410 -206.665314 -223.136765
v 373.557465 -206.254745 -223.304657
v 373.737732 -205.894882 -223.471329
v 373.907898 -205.587234 -223.642242
v 374.067200 -205.337509 -223.822495
v 374.203278 -205.147430 -224.012833
v 374.330444 -205.026581 -224.222107
v 374.440613 -204.978622 -224.450897
v 374.533997 -205.017441 -224.705429
v 374.606689 -205.159119 -224.994522
v 374.653992 -205.411621 -225.333969
v 374.634583 -205.808517 -225.713272
v 372.757996 -207.620407 -222.792984
v 372.516052 -208.226013 -222.618942
v 372.981934 -207.097061 -222.976837
v 373.188049 -206.634979 -223.155869
v 373.386261 -206.230118 -223.332108
v 373.566101 -205.873215 -223.505112
v 373.735718 -205.569962 -223.682144
v 373.889709 -205.322708 -223.865219
v 374.031830 -205.136795 -224.059357
v 374.148193 -205.014847 -224.264191
v 374.254730 -204.970749 -224.488052
v 374.343781 -205.010345 -224.735626
v 374.416809 -205.146423 -225.018936
v 374.457367 -205.396286 -225.340500
v 374.431061 -205.780670 -225.696945
v 372.533508 -207.661209 -222.807846
v 372.295166 -208.250778 -222.631302
v 372.767944 -207.151123 -222.999847
v 372.980255 -206.699768 -223.187027
v 373.171814 -206.302353 -223.370834
v 373.358551 -205.951370 -223.553864
v 373.525146 -205.648590 -223.735550
v 373.682861 -205.399719 -223.922440
v 373.825439 -205.207596 -224.115585
v 373.955841 -205.078903 -224.320190
v 374.059662 -205.016815 -224.534714
v 374.150665 -205.056473 -224.781723
v 374.217865 -205.197083 -225.055313
v 374.242340 -205.470413 -225.364883
v 374.198578 -205.862869 -225.707657
v 372.308594 -207.739670 -222.825394
v 372.069580 -208.309677 -222.648727
v 372.527161 -207.244781 -223.015640
v 372.750793 -206.805527 -223.212540
v 372.947388 -206.417526 -223.407425
v 373.127014 -206.070297 -223.598022
v 373.303680 -205.769516 -223.790207
v 373.461090 -205.517014 -223.981644
v 373.611267 -205.318985 -224.178177
v 373.745850 -205.179611 -224.380386
v 373.852722 -205.162430 -224.609848
v 373.941223 -205.188446 -224.845108
v 373.999023 -205.352112 -225.114410
v 374.023193 -205.583023 -225.393295
v 373.955383 -205.976822 -225.713181
v 372.070129 -207.865677 -222.836014
v 371.840881 -208.409058 -222.664749
v 372.280304 -207.390350 -223.025040
v 372.478760 -206.963074 -223.223267
v 372.689575 -206.586655 -223.428833
v 372.876434 -206.245255 -223.632797
v 373.048523 -205.944427 -223.833954
v 373.220703 -205.690079 -224.036819
v 373.374969 -205.483902 -224.237564
v 373.498138 -205.411499 -224.458633
v 373.613403 -205.385788 -224.685654
v 373.712067 -205.407074 -224.916946
v 373.756958 -205.577332 -225.178024
v 373.760559 -205.810562 -225.446671
v 373.691956 -206.128204 -225.706696
v 371.813293 -208.054657 -222.842789
v 371.612823 -208.551331 -222.679398
v 371.999817 -207.604843 -223.023361
v 372.190063 -207.189697 -223.223068
v 372.376526 -206.817520 -223.432678
v 372.585144 -206.483536 -223.647964
v 372.770020 -206.182465 -223.863663
v 372.941833 -205.922623 -224.077194
v 373.086548 -205.795135 -224.302994
v 373.218628 -205.715942 -224.528671
v 373.332458 -205.684814 -224.753204
v 373.430786 -205.702103 -224.978409
v 373.458435 -205.865265 -225.230209
v 373.438110 -206.094040 -225.468216
v 373.347168 -206.394669 -225.696396
v 371.539185 -208.320847 -222.840286
v 371.372650 -208.749329 -222.684509
v 371.686798 -207.906403 -223.010132
v 371.855896 -207.501587 -223.204819
v 372.041260 -207.128830 -223.419479
v 372.229340 -206.789108 -223.640396
v 372.444122 -206.489105 -223.867661
v 372.600616 -206.308014 -224.104904
v 372.747986 -206.174103 -224.340317
v 372.876953 -206.091766 -224.570633
v 372.994019 -206.056244 -224.797714
v 373.082001 -206.074097 -225.017227
v 373.089905 -206.228897 -225.245148
v 373.058929 -206.431564 -225.462570
v 372.972870 -206.681625 -225.665863
v 373.561157 -211.515930 -223.257629
v 373.691040 -211.256393 -223.356796
v 373.510254 -211.222488 -223.160660
v 373.848389 -210.941605 -223.481766
v 374.028503 -210.543182 -223.628891
v 374.176971 -210.226593 -223.810776
v 374.339661 -209.929642 -224.013870
v 374.501465 -209.647873 -224.230759
v 374.653748 -209.395096 -224.458450
v 374.791260 -209.187119 -224.700394
v 374.907288 -209.033295 -224.962204
v 374.978668 -208.932068 -225.227829
v 375.001068 -208.895493 -225.486938
v 374.967163 -208.939407 -225.749756
v 374.855988 -209.128418 -226.035355
v 374.695038 -209.336868 -226.302109
v 374.519409 -209.560608 -226.532059
v 374.321259 -209.767502 -226.718887
v 374.479248 -209.365067 -226.695084
v 374.641113 -208.872833 -226.624649
v 374.820862 -208.334259 -226.552780
v 374.965302 -207.816025 -226.466507
v 375.004028 -207.288437 -226.336761
v 374.927643 -206.971756 -226.278458
v 374.828674 -206.706940 -226.246384
v 374.674011 -206.510239 -226.184097
v 374.495483 -206.372803 -226.128769
v 374.289612 -206.320541 -226.089920
v 374.029541 -206.395416 -226.068527
v 373.755859 -206.499878 -226.030563
v 373.452698 -206.622604 -225.964157
v 373.146057 -206.768600 -225.903305
v 372.781433 -206.984116 -225.837784
v 372.468903 -207.177643 -225.743820
v 372.535645 -207.002960 -225.612717
v 372.587219 -206.821320 -225.447067
v 372.614838 -206.650955 -225.250061
v 372.618713 -206.510025 -225.037659
v 372.541382 -206.491165 -224.815262
v 372.437256 -206.526276 -224.582352
v 372.303589 -206.617630 -224.337723
v 372.165253 -206.757156 -224.092010
v 372.009216 -206.947128 -223.849075
v 371.847534 -207.182785 -223.610657
v 371.654205 -207.535110 -223.383011
v 371.484985 -207.913437 -223.172348
v 371.347198 -208.306473 -222.986221
v 371.216003 -208.690536 -222.813828
v 371.095642 -209.034012 -222.671280
v 370.997009 -209.325470 -222.557129
v 371.369049 -209.101944 -222.515945
v 367.673645 -218.605560 -225.758026
v 367.439941 -219.328659 -225.774490
v 367.162598 -219.226181 -225.945541
v 367.391174 -218.519409 -225.929337
v 367.871216 -218.669861 -225.486679
v 367.634094 -219.402908 -225.503342
v 367.952942 -218.702682 -225.156723
v 367.715393 -219.437759 -225.173416
v 367.906982 -218.698883 -224.818115
v 367.671204 -219.427887 -224.834854
v 367.740021 -218.659348 -224.522781
v 367.508789 -219.374527 -224.539230
v 367.477600 -218.589676 -224.315338
v 367.252502 -219.286118 -224.331436
v 367.159485 -218.500702 -224.227692
v 366.941345 -219.175827 -224.243240
v 366.834473 -218.405991 -224.273087
v 366.622742 -219.060837 -224.287933
v 366.551880 -218.319855 -224.444351
v 366.345459 -218.958282 -224.458984
v 366.354614 -218.255402 -224.715622
v 366.151276 -218.883911 -224.730118
v 366.272644 -218.222672 -225.045776
v 366.070251 -218.849182 -225.060043
v 366.318726 -218.226318 -225.384094
v 366.114044 -218.859207 -225.398697
v 366.485596 -218.266098 -225.679504
v 366.276550 -218.912445 -225.694351
v 366.748077 -218.335602 -225.886841
v 366.533020 -219.000854 -225.902008
v 367.065979 -218.424637 -225.974564
v 366.844147 -219.111084 -225.990280
v 366.803650 -220.133850 -225.955719
v 366.492615 -220.000046 -226.000305
v 367.075104 -220.251450 -225.784943
v 367.265686 -220.334763 -225.513870
v 367.346375 -220.371017 -225.183853
v 367.304810 -220.354843 -224.845139
v 367.147278 -220.288620 -224.549500
v 366.897949 -220.182343 -224.341415
v 366.594635 -220.052505 -224.252975
v 366.283691 -219.918625 -224.297501
v 366.012115 -219.800888 -224.468307
v 365.821472 -219.717682 -224.739487
v 365.740906 -219.681335 -225.069443
v 365.782471 -219.697586 -225.408005
v 365.940002 -219.763824 -225.703812
v 366.189270 -219.870102 -225.911850
v 366.416931 -220.965103 -225.954361
v 366.113464 -220.814621 -225.998947
v 366.682434 -221.095718 -225.783646
v 366.869568 -221.186447 -225.512543
v 366.949707 -221.223495 -225.182724
v 366.910950 -221.201431 -224.843826
v 366.758820 -221.123276 -224.548111
v 366.516937 -221.001358 -224.340134
v 366.221741 -220.853958 -224.251709
v 365.918427 -220.703171 -224.296432
v 365.652954 -220.572754 -224.467178
v 365.465851 -220.481995 -224.738235
v 365.385559 -220.444885 -225.068146
v 365.424255 -220.466919 -225.406967
v 365.576355 -220.545120 -225.702713
v 365.818359 -220.667099 -225.910599
v 366.013245 -221.727356 -225.942703
v 365.716919 -221.563141 -225.987503
v 366.273132 -221.868210 -225.771729
v 366.457214 -221.964645 -225.500443
v 366.537415 -222.001862 -225.170624
v 366.501617 -221.974091 -224.831955
v 366.355103 -221.885666 -224.536377
v 366.120117 -221.750076 -224.328583
v 365.832764 -221.588058 -224.240356
v 365.536530 -221.423950 -224.285248
v 365.276489 -221.282944 -224.456223
v 365.092407 -221.186508 -224.727371
v 365.012238 -221.149292 -225.057388
v 365.048004 -221.176987 -225.395828
v 365.194702 -221.265305 -225.691559
v 365.429443 -221.400986 -225.899307
v 365.603149 -222.427902 -225.921341
v 365.312744 -222.253830 -225.966629
v 365.858826 -222.576431 -225.750336
v 366.040894 -222.676300 -225.479065
v 366.121643 -222.712723 -225.149155
v 366.088562 -222.679749 -224.810654
v 365.947113 -222.582993 -224.515213
v 365.718414 -222.436630 -224.307800
v 365.437561 -222.263214 -224.220078
v 365.147156 -222.088989 -224.265182
v 364.891479 -221.940536 -224.436279
v 364.709534 -221.840622 -224.707535
v 364.628876 -221.804291 -225.037491
v 364.661682 -221.837204 -225.375931
v 364.803223 -221.934006 -225.671432
v 365.031921 -222.080368 -225.878754
v 365.197784 -223.074905 -225.891861
v 364.911285 -222.894699 -225.937393
v 365.450989 -223.227280 -225.720398
v 365.632355 -223.328445 -225.449265
v 365.714081 -223.362930 -225.119415
v 365.684052 -223.325668 -224.780991
v 365.546570 -223.222214 -224.485977
v 365.322571 -223.068222 -224.278961
v 365.046265 -222.887390 -224.191544
v 364.759766 -222.707062 -224.236923
v 364.506592 -222.554703 -224.408249
v 364.325256 -222.453705 -224.679565
v 364.243469 -222.419189 -225.009476
v 364.273499 -222.456360 -225.347702
v 364.410950 -222.559830 -225.642807
v 364.635010 -222.713821 -225.849838
v 364.807861 -223.675812 -225.855087
v 364.522339 -223.493927 -225.900482
v 365.061157 -223.828049 -225.683731
v 365.243469 -223.927719 -225.412537
v 365.327240 -223.959167 -225.082718
v 365.299500 -223.917969 -224.744812
v 365.164856 -223.810287 -224.449997
v 364.943420 -223.652603 -224.243118
v 364.668915 -223.468826 -224.155807
v 364.383484 -223.286835 -224.201401
v 364.130188 -223.134537 -224.372635
v 363.947693 -223.035034 -224.643814
v 363.864014 -223.003662 -224.973495
v 363.891663 -223.044739 -225.311478
v 364.026489 -223.152466 -225.606461
v 364.247925 -223.310165 -225.813248
v 364.444214 -224.238174 -225.812027
v 364.156189 -224.060226 -225.857346
v 364.700500 -224.385712 -225.641006
v 364.886078 -224.480133 -225.370010
v 364.972565 -224.507324 -225.040909
v 364.946991 -224.463089 -224.703186
v 364.813049 -224.353882 -224.408340
v 364.591309 -224.196686 -224.201431
v 364.315460 -224.015182 -224.114090
v 364.027374 -223.837387 -224.159286
v 363.771057 -223.689774 -224.330322
v 363.585571 -223.595230 -224.601028
v 363.498871 -223.568069 -224.930557
v 363.524658 -223.612442 -225.268143
v 363.658478 -223.721497 -225.562927
v 363.880188 -223.878815 -225.769760
v 364.117371 -224.769043 -225.764099
v 363.822937 -224.601547 -225.808365
v 364.380096 -224.906021 -225.593918
v 364.571045 -224.991501 -225.323990
v 364.661316 -225.012711 -224.995255
v 364.637238 -224.965988 -224.657791
v 364.502014 -224.858856 -224.362747
v 364.276917 -224.707443 -224.155380
v 363.995544 -224.534805 -224.067154
v 363.701111 -224.367310 -224.111404
v 363.438385 -224.230347 -224.281509
v 363.247437 -224.144730 -224.551453
v 363.157166 -224.123718 -224.880295
v 363.181335 -224.170425 -225.217819
v 363.316345 -224.277649 -225.512741
v 363.541748 -224.429062 -225.720108
v 363.837585 -225.275589 -225.712387
v 363.533142 -225.126617 -225.754898
v 364.109924 -225.394623 -225.544174
v 364.308624 -225.466187 -225.275696
v 364.403381 -225.479034 -224.947708
v 364.379761 -225.431137 -224.610123
v 364.241516 -225.330002 -224.314682
v 364.009552 -225.190964 -224.106094
v 363.719147 -225.035049 -224.016068
v 363.414490 -224.886276 -224.058456
v 363.142212 -224.766998 -224.226639
v 362.943604 -224.695496 -224.495346
v 362.848694 -224.682755 -224.823318
v 362.872284 -224.730545 -225.160660
v 363.010681 -224.831696 -225.456253
v 363.242798 -224.970688 -225.664871
v 363.614532 -225.763672 -225.658356
v 363.297241 -225.643402 -225.697556
v 363.898621 -225.856583 -225.492966
v 364.106262 -225.907928 -225.226608
v 364.205841 -225.909897 -224.899841
v 364.182098 -225.862305 -224.562302
v 364.038818 -225.772263 -224.265640
v 363.797668 -225.653793 -224.054794
v 363.495514 -225.524475 -223.961838
v 363.178131 -225.404160 -224.001083
v 362.894043 -225.311279 -224.166489
v 362.686340 -225.259995 -224.432800
v 362.586731 -225.257889 -224.759506
v 362.610321 -225.305527 -225.097183
v 362.753784 -225.395493 -225.393692
v 362.994873 -225.514206 -225.604675
v 363.455536 -226.244278 -225.602493
v 363.129883 -226.147781 -225.639099
v 363.746796 -226.316559 -225.439316
v 363.959564 -226.353683 -225.174606
v 364.060974 -226.349960 -224.848495
v 364.035980 -226.306076 -224.510635
v 363.888306 -226.228531 -224.212509
v 363.640442 -226.129364 -223.999496
v 363.330078 -226.023300 -223.904007
v 363.004333 -225.926987 -223.940598
v 362.713074 -225.854630 -224.103699
v 362.500519 -225.817429 -224.368515
v 362.398743 -225.821182 -224.694687
v 362.423767 -225.865112 -225.032425
v 362.571472 -225.942642 -225.330612
v 362.819489 -226.041748 -225.543594
v 363.326447 -226.698822 -225.557510
v 363.001526 -226.600082 -225.594330
v 363.616028 -226.776596 -225.394012
v 363.826172 -226.821640 -225.128372
v 363.924957 -226.826889 -224.801468
v 363.897339 -226.791779 -224.462799
v 363.747437 -226.721497 -224.164017
v 363.498108 -226.626724 -223.950500
v 363.187195 -226.521988 -223.855026
v 362.862244 -226.423233 -223.891708
v 362.572662 -226.345520 -224.055359
v 362.362488 -226.300583 -224.320938
v 362.263672 -226.295181 -224.647781
v 362.291321 -226.330490 -224.986542
v 362.441284 -226.400894 -225.285416
v 362.690613 -226.495422 -225.498856
v 363.186279 -227.109818 -225.533798
v 362.867645 -226.992874 -225.571579
v 363.468750 -227.208664 -225.368973
v 363.671936 -227.274185 -225.102188
v 363.764801 -227.296646 -224.774307
v 363.733490 -227.272247 -224.434906
v 363.582458 -227.205093 -224.136032
v 363.334839 -227.105331 -223.922836
v 363.028412 -226.987869 -223.827927
v 362.709686 -226.870834 -223.865707
v 362.427246 -226.772125 -224.030655
v 362.224060 -226.706589 -224.297440
v 362.131104 -226.684189 -224.625397
v 362.162537 -226.708511 -224.964676
v 362.313538 -226.775711 -225.263580
v 362.561096 -226.875656 -225.476852
v 363.032532 -227.492050 -225.527664
v 362.721069 -227.357040 -225.565781
v 363.306702 -227.611343 -225.362473
v 363.501953 -227.696609 -225.095383
v 363.588379 -227.734940 -224.767258
v 363.553040 -227.720566 -224.427750
v 363.401215 -227.655563 -224.128708
v 363.155884 -227.549927 -223.915573
v 362.854614 -227.419907 -223.821060
v 362.543213 -227.284805 -223.859222
v 362.268921 -227.165527 -224.024460
v 362.073761 -227.080276 -224.291351
v 361.987244 -227.041901 -224.619736
v 362.022522 -227.056366 -224.959213
v 362.174438 -227.121185 -225.258209
v 362.419678 -227.226944 -225.471085
v 362.860413 -227.862595 -225.535782
v 362.556274 -227.711716 -225.573746
v 363.126526 -227.999405 -225.370956
v 363.314026 -228.101318 -225.104233
v 363.394470 -228.152878 -224.776306
v 363.355530 -228.146103 -224.437027
v 363.203186 -228.082138 -224.137924
v 362.960510 -227.970795 -223.924759
v 362.664795 -227.828674 -223.830063
v 362.360657 -227.677811 -223.867889
v 362.094604 -227.541031 -224.032639
v 361.907104 -227.438995 -224.299347
v 361.826538 -227.387466 -224.627350
v 361.865601 -227.394180 -224.966736
v 362.017883 -227.458221 -225.265717
v 362.260498 -227.569687 -225.478867
v 362.665833 -228.237198 -225.555191
v 362.367981 -228.074158 -225.592361
v 362.925110 -228.387070 -225.390823
v 363.106445 -228.501114 -225.124649
v 363.182068 -228.561661 -224.797256
v 363.140839 -228.559570 -224.458145
v 362.988495 -228.495377 -224.159042
v 362.748840 -228.378632 -223.945541
v 362.457825 -228.227127 -223.850296
v 362.160034 -228.064163 -223.887665
v 361.900696 -227.914169 -224.051865
v 361.719269 -227.800186 -224.317993
v 361.643555 -227.739639 -224.645615
v 361.684906 -227.741592 -224.984711
v 361.837158 -227.805801 -225.283554
v 362.076904 -227.922623 -225.497086
v 362.444763 -228.630814 -225.582138
v 362.151459 -228.459793 -225.619095
v 362.699768 -228.788605 -225.418442
v 362.877472 -228.909286 -225.152817
v 362.950562 -228.974609 -224.825623
v 362.908203 -228.974243 -224.486526
v 362.756744 -228.908737 -224.187424
v 362.519348 -228.787613 -223.973785
v 362.231873 -228.629700 -223.877914
v 361.938507 -228.458633 -223.914719
v 361.683624 -228.300812 -224.078491
v 361.506104 -228.179977 -224.344269
v 361.432861 -228.114853 -224.671402
v 361.475250 -228.115036 -225.010468
v 361.626617 -228.180710 -225.309586
v 361.864197 -228.301712 -225.523178
v 362.194885 -229.057114 -225.613403
v 361.903625 -228.882492 -225.649887
v 362.447968 -229.218384 -225.449936
v 362.624298 -229.341019 -225.184311
v 362.696930 -229.407120 -224.857254
v 362.655151 -229.406097 -224.518250
v 362.504822 -229.338394 -224.218903
v 362.269226 -229.214035 -224.005051
v 361.984131 -229.052444 -223.908981
v 361.692963 -228.877426 -223.945496
v 361.439728 -228.716507 -224.108963
v 361.263519 -228.593658 -224.374527
v 361.190735 -228.527649 -224.701675
v 361.232666 -228.528671 -225.040634
v 361.382935 -228.596420 -225.340042
v 361.618469 -228.720688 -225.553970
v 361.913025 -229.530090 -225.645126
v 361.622040 -229.355148 -225.681564
v 362.166504 -229.690506 -225.481552
v 362.343750 -229.811829 -225.215912
v 362.417908 -229.875351 -224.888626
v 362.377563 -229.871933 -224.549545
v 362.228790 -229.801559 -224.250031
v 361.994476 -229.675186 -224.035965
v 361.710205 -229.512070 -223.939865
v 361.419189 -229.337097 -223.976242
v 361.165588 -229.176697 -224.139908
v 360.988403 -229.055405 -224.405563
v 360.914398 -228.991745 -224.732834
v 360.954651 -228.995300 -225.072006
v 361.103271 -229.065598 -225.371414
v 361.337646 -229.191971 -225.585434
v 361.597168 -230.063461 -225.673508
v 361.304871 -229.890442 -225.709976
v 361.852600 -230.220535 -225.509689
v 362.032318 -230.337616 -225.243881
v 362.109039 -230.396988 -224.916504
v 362.070831 -230.389511 -224.576889
v 361.923828 -230.316528 -224.277359
v 361.690247 -230.188858 -224.063278
v 361.405579 -230.026215 -223.967270
v 361.113281 -229.853149 -224.003815
v 360.857849 -229.696259 -224.167465
v 360.678162 -229.579300 -224.433365
v 360.601501 -229.519836 -224.760910
v 360.639557 -229.527283 -225.100357
v 360.786560 -229.600296 -225.399857
v 361.020294 -229.727844 -225.613907
v 361.244537 -230.670990 -225.694733
v 360.950073 -230.501953 -225.731461
v 361.503021 -230.822861 -225.530746
v 361.686066 -230.934189 -225.264847
v 361.765930 -230.988052 -224.937088
v 361.730408 -230.976105 -224.597580
v 361.584961 -230.900406 -224.297775
v 361.351501 -230.772354 -224.083786
v 361.065857 -230.611435 -223.987732
v 360.771423 -230.442154 -224.024368
v 360.513092 -230.290421 -224.188263
v 360.330017 -230.178955 -224.454483
v 360.250122 -230.125305 -224.782059
v 360.285645 -230.137161 -225.121750
v 360.431091 -230.212814 -225.421280
v 360.664429 -230.340866 -225.635391
v 360.852539 -231.367203 -225.705200
v 360.555481 -231.202621 -225.741867
v 361.114380 -231.512894 -225.541107
v 361.301239 -231.617661 -225.275070
v 361.384521 -231.665268 -224.947220
v 361.351685 -231.648880 -224.607635
v 361.207581 -231.570358 -224.307861
v 360.974304 -231.442459 -224.093735
v 360.687103 -231.284073 -223.997787
v 360.390076 -231.119537 -224.034531
v 360.128113 -230.973923 -224.198410
v 359.941406 -230.869080 -224.464798
v 359.858093 -230.821533 -224.792557
v 359.890900 -230.838074 -225.132126
v 360.035034 -230.916306 -225.431824
v 360.268280 -231.044220 -225.645920
v 360.418274 -232.166382 -225.701096
v 360.118347 -232.007004 -225.737869
v 360.683472 -232.305679 -225.537170
v 360.874023 -232.403458 -225.271042
v 360.960876 -232.445023 -224.943192
v 360.930359 -232.423859 -224.603577
v 360.787659 -232.343185 -224.303970
v 360.554138 -232.215561 -224.089890
v 360.265411 -232.060074 -223.993866
v 359.965576 -231.900589 -224.030670
v 359.700165 -231.761337 -224.194534
v 359.509674 -231.663620 -224.460709
v 359.422974 -231.622101 -224.788452
v 359.453308 -231.643326 -225.128128
v 359.596069 -231.723801 -225.427734
v 359.829712 -231.851562 -225.641830
v 367.135864 -218.227188 -225.880798
v 367.427734 -218.312210 -225.840210
v 367.174408 -218.153122 -225.663620
v 367.386139 -218.214706 -225.634125
v 367.570251 -218.270782 -225.522507
v 367.681549 -218.389572 -225.686264
v 367.698914 -218.312714 -225.345871
v 367.858704 -218.447250 -225.442734
v 367.752136 -218.334167 -225.130798
v 367.932281 -218.476730 -225.146347
v 367.722198 -218.331757 -224.910355
v 367.890991 -218.473312 -224.842422
v 367.613403 -218.305939 -224.717972
v 367.740967 -218.437881 -224.577148
v 367.442474 -218.260635 -224.582870
v 367.505371 -218.375198 -224.390976
v 367.235352 -218.202469 -224.525681
v 367.219910 -218.295364 -224.312271
v 367.023621 -218.140869 -224.555130
v 366.928070 -218.210312 -224.352951
v 366.839478 -218.084732 -224.666733
v 366.674225 -218.132889 -224.506836
v 366.710815 -218.042831 -224.843491
v 366.496979 -218.075211 -224.750366
v 366.657593 -218.021530 -225.058456
v 366.423523 -218.045792 -225.046722
v 366.687622 -218.023880 -225.279007
v 366.464935 -218.049042 -225.350693
v 366.796326 -218.049698 -225.471359
v 366.614807 -218.084717 -225.615921
v 366.967224 -218.095139 -225.606400
v 366.850433 -218.147354 -225.802155
vn -0.8087 0.3100 0.4999
vn -0.8328 0.4879 0.2614
vn -0.7320 0.3985 0.5526
vn -0.8087 0.3094 0.5003
vn -0.7318 0.3983 0.5530
vn -0.6190 0.2081 0.7574
vn -0.6188 0.2082 0.7574
vn -0.7317 0.3983 0.5531
vn -0.3910 0.2216 0.8933
vn -0.6185 0.2081 0.7578
vn -0.3907 0.2215 0.8935
vn -0.2114 -0.0061 0.9774
vn -0.2115 -0.0059 0.9774
vn 0.0530 -0.0138 0.9985
vn -0.2113 -0.0061 0.9774
vn 0.0535 -0.0142 0.9985
vn 0.2368 -0.2460 0.9399
vn 0.2370 -0.2458 0.9399
vn 0.4831 -0.2458 0.8404
vn 0.2373 -0.2458 0.9398
vn 0.4835 -0.2459 0.8401
vn 0.6083 -0.4482 0.6550
vn 0.6085 -0.4482 0.6549
vn 0.7859 -0.4127 0.4604
vn 0.6086 -0.4481 0.6548
vn 0.7860 -0.4129 0.4602
vn 0.8047 -0.5598 0.1978
vn 0.8048 -0.5596 0.1977
vn 0.8812 -0.4709 -0.0408
vn 0.8049 -0.5596 0.1975
vn 0.8813 -0.4708 -0.0411
vn 0.7743 -0.5510 -0.3111
vn 0.7745 -0.5507 -0.3113
vn 0.8812 -0.4709 -0.0412
vn 0.7443 -0.4049 -0.5311
vn 0.7744 -0.5507 -0.3115
vn 0.7439 -0.4049 -0.5316
vn 0.5252 -0.4243 -0.7377
vn 0.5252 -0.4241 -0.7378
vn 0.7440 -0.4049 -0.5315
vn 0.4110 -0.2322 -0.8816
vn 0.5252 -0.4237 -0.7380
vn 0.4106 -0.2321 -0.8818
vn 0.1229 -0.2129 -0.9693
vn 0.1231 -0.2128 -0.9693
vn 0.4106 -0.2319 -0.8818
vn -0.0307 0.0018 -0.9995
vn 0.1227 -0.2127 -0.9694
vn -0.0311 0.0020 -0.9995
vn -0.3264 0.0271 -0.9448
vn -0.3263 0.0273 -0.9449
vn -0.0311 0.0019 -0.9995
vn -0.4644 0.2352 -0.8538
vn -0.3265 0.0275 -0.9448
vn -0.4647 0.2354 -0.8536
vn -0.7041 0.2327 -0.6708
vn -0.7041 0.2330 -0.6708
vn -0.4646 0.2354 -0.8536
vn -0.7754 0.4067 -0.4831
vn -0.7042 0.2331 -0.6706
vn -0.7756 0.4066 -0.4828
vn -0.9109 0.3495 -0.2194
vn -0.9108 0.3498 -0.2194
vn -0.7756 0.4067 -0.4827
vn -0.8821 0.4708 0.0152
vn -0.9108 0.3498 -0.2192
vn -0.8822 0.4707 0.0156
vn -0.8919 0.3470 0.2900
vn -0.8918 0.3472 0.2901
vn -0.8821 0.4708 0.0157
vn -0.7560 0.4109 0.5095
vn -0.8918 0.3471 0.2903
vn -0.7559 0.4106 0.5099
vn -0.6524 0.2253 0.7236
vn -0.6523 0.2256 0.7236
vn -0.7558 0.4107 0.5099
vn -0.4308 0.2425 0.8693
vn -0.6522 0.2255 0.7237
vn -0.4306 0.2422 0.8695
vn -0.2554 0.0172 0.9667
vn -0.2553 0.0172 0.9667
vn -0.4305 0.2423 0.8695
vn 0.0081 0.0101 0.9999
vn 0.0084 0.0098 0.9999
vn 0.1943 -0.2231 0.9552
vn 0.1944 -0.2228 0.9553
vn 0.0085 0.0101 0.9999
vn 0.2691 -0.1697 0.9480
vn 0.1946 -0.2230 0.9552
vn 0.2693 -0.1701 0.9479
vn 0.3426 -0.2991 0.8906
vn -0.8328 0.4881 0.2612
vn -0.8152 0.5659 0.1234
vn -0.7784 0.5527 0.2977
vn -0.8327 0.4881 0.2615
vn -0.7784 0.5527 0.2979
vn -0.7319 0.3986 0.5527
vn -0.7318 0.3987 0.5527
vn -0.7783 0.5528 0.2979
vn -0.5346 0.4289 0.7282
vn -0.7317 0.3984 0.5531
vn -0.5345 0.4287 0.7284
vn -0.3909 0.2217 0.8933
vn -0.5345 0.4289 0.7283
vn -0.1353 0.2192 0.9662
vn -0.1351 0.2191 0.9663
vn 0.0533 -0.0137 0.9985
vn 0.0534 -0.0138 0.9985
vn -0.1350 0.2193 0.9663
vn 0.3144 -0.0210 0.9491
vn 0.0535 -0.0140 0.9985
vn 0.3146 -0.0210 0.9490
vn 0.4834 -0.2456 0.8402
vn 0.4834 -0.2455 0.8403
vn 0.3147 -0.0208 0.9490
vn 0.6956 -0.2282 0.6813
vn 0.6957 -0.2284 0.6810
vn 0.7860 -0.4126 0.4604
vn 0.7860 -0.4126 0.4605
vn 0.6958 -0.2282 0.6810
vn 0.9080 -0.3480 0.2332
vn 0.7861 -0.4127 0.4602
vn 0.9080 -0.3481 0.2331
vn 0.8813 -0.4708 -0.0408
vn 0.8814 -0.4707 -0.0409
vn 0.9081 -0.3479 0.2330
vn 0.8955 -0.3489 -0.2764
vn 0.8813 -0.4707 -0.0411
vn 0.8954 -0.3488 -0.2767
vn 0.7443 -0.4048 -0.5312
vn 0.7442 -0.4047 -0.5314
vn 0.8955 -0.3486 -0.2766
vn 0.6614 -0.2303 -0.7138
vn 0.7441 -0.4047 -0.5315
vn 0.6611 -0.2302 -0.7141
vn 0.4110 -0.2320 -0.8816
vn 0.6613 -0.2300 -0.7140
vn 0.2675 -0.0238 -0.9633
vn 0.2672 -0.0236 -0.9633
vn -0.0306 0.0020 -0.9995
vn -0.0307 0.0020 -0.9995
vn 0.2674 -0.0235 -0.9633
vn -0.1824 0.2164 -0.9591
vn -0.0311 0.0021 -0.9995
vn -0.1827 0.2164 -0.9591
vn -0.4642 0.2354 -0.8539
vn -0.4643 0.2354 -0.8538
vn -0.1824 0.2166 -0.9591
vn -0.5697 0.4267 -0.7024
vn -0.5697 0.4269 -0.7023
vn -0.7753 0.4068 -0.4831
vn -0.5697 0.4270 -0.7022
vn -0.7921 0.5519 -0.2608
vn -0.7756 0.4068 -0.4826
vn -0.7922 0.5518 -0.2606
vn -0.8820 0.4709 0.0152
vn -0.7920 0.5521 -0.2606
vn -0.7911 0.5587 0.2490
vn -0.8821 0.4708 0.0158
vn -0.7910 0.5587 0.2494
vn -0.7560 0.4111 0.5094
vn -0.7560 0.4110 0.5095
vn -0.7909 0.5589 0.2493
vn -0.5669 0.4456 0.6929
vn -0.7558 0.4107 0.5100
vn -0.5668 0.4453 0.6931
vn -0.4308 0.2426 0.8692
vn -0.5666 0.4457 0.6931
vn -0.1787 0.2423 0.9536
vn -0.4305 0.2424 0.8695
vn -0.1786 0.2421 0.9537
vn 0.0082 0.0103 0.9999
vn 0.0084 0.0103 0.9999
vn -0.1784 0.2424 0.9537
vn 0.1142 0.0827 0.9900
vn 0.0086 0.0099 0.9999
vn 0.1144 0.0823 0.9900
vn 0.2693 -0.1697 0.9480
vn 0.4796 -0.2782 0.8322
vn 0.4797 -0.2782 0.8322
vn 0.6024 -0.3465 0.7191
vn 0.4801 -0.2786 0.8318
vn 0.6025 -0.3466 0.7190
vn 0.6942 -0.3972 0.6003
vn 0.6026 -0.3464 0.7190
vn 0.8336 -0.4764 0.2796
vn 0.6943 -0.3971 0.6002
vn 0.8337 -0.4764 0.2794
vn 0.8610 -0.4931 0.1246
vn 0.8610 -0.4930 0.1246
vn 0.8338 -0.4762 0.2794
vn 0.8412 -0.4878 -0.2335
vn 0.8610 -0.4931 0.1244
vn 0.8411 -0.4878 -0.2337
vn 0.7969 -0.4663 -0.3841
vn 0.8412 -0.4876 -0.2337
vn 0.6231 -0.3779 -0.6848
vn 0.7969 -0.4662 -0.3841
vn 0.6228 -0.3778 -0.6851
vn 0.5187 -0.3238 -0.7912
vn 0.5189 -0.3238 -0.7912
vn 0.2366 -0.1757 -0.9556
vn 0.5187 -0.3237 -0.7913
vn 0.2363 -0.1757 -0.9557
vn 0.0999 -0.1034 -0.9896
vn 0.1000 -0.1032 -0.9896
vn 0.2365 -0.1755 -0.9556
vn -0.2161 0.0656 -0.9742
vn 0.0998 -0.1030 -0.9897
vn -0.2162 0.0657 -0.9741
vn -0.3490 0.1373 -0.9270
vn -0.3491 0.1373 -0.9270
vn -0.2162 0.0659 -0.9741
vn -0.6157 0.2822 -0.7357
vn -0.3492 0.1376 -0.9269
vn -0.6158 0.2824 -0.7356
vn -0.7100 0.3342 -0.6198
vn -0.7098 0.3344 -0.6199
vn -0.6158 0.2824 -0.7355
vn -0.8567 0.4171 -0.3033
vn -0.7100 0.3345 -0.6197
vn -0.8568 0.4172 -0.3030
vn -0.8876 0.4358 -0.1491
vn -0.8875 0.4360 -0.1490
vn -0.8568 0.4172 -0.3031
vn -0.8758 0.4349 0.2094
vn -0.8875 0.4360 -0.1488
vn -0.8758 0.4348 0.2097
vn -0.8349 0.4153 0.3612
vn -0.8349 0.4154 0.3612
vn -0.8757 0.4349 0.2097
vn -0.6678 0.3305 0.6669
vn -0.8348 0.4153 0.3613
vn -0.6678 0.3303 0.6671
vn -0.5660 0.2778 0.7761
vn -0.5660 0.2779 0.7761
vn -0.6676 0.3305 0.6672
vn -0.2876 0.1317 0.9487
vn -0.5658 0.2779 0.7763
vn -0.2874 0.1315 0.9487
vn -0.1517 0.0598 0.9866
vn -0.1516 0.0599 0.9866
vn -0.2872 0.1317 0.9488
vn 0.1647 -0.1092 0.9803
vn -0.1515 0.0597 0.9867
vn 0.1648 -0.1093 0.9803
vn 0.2986 -0.1812 0.9370
vn 0.1648 -0.1091 0.9803
vn 0.5695 -0.3286 0.7535
vn 0.2991 -0.1812 0.9369
vn 0.5696 -0.3286 0.7534
vn 0.6664 -0.3818 0.6404
vn 0.6664 -0.3818 0.6405
vn 0.5697 -0.3284 0.7534
vn 0.8204 -0.4684 0.3281
vn 0.6666 -0.3817 0.6403
vn 0.8204 -0.4685 0.3279
vn 0.8545 -0.4890 0.1750
vn 0.8546 -0.4888 0.1751
vn 0.8204 -0.4684 0.3278
vn 0.8509 -0.4922 -0.1836
vn 0.8547 -0.4889 0.1747
vn 0.8508 -0.4923 -0.1839
vn 0.8135 -0.4744 -0.3365
vn 0.8135 -0.4743 -0.3364
vn 0.8510 -0.4920 -0.1839
vn 0.7462 -0.4398 -0.4997
vn 0.8135 -0.4743 -0.3366
vn 0.7460 -0.4398 -0.5000
vn 0.7460 -0.4399 -0.5000
vn 0.0768 0.0081 0.9970
vn 0.0768 0.0082 0.9970
vn 0.2341 -0.0753 0.9693
vn 0.0771 0.0077 0.9970
vn 0.2342 -0.0755 0.9693
vn 0.3662 -0.1466 0.9189
vn 0.3662 -0.1465 0.9189
vn 0.2344 -0.0753 0.9692
vn 0.6290 -0.2897 0.7214
vn 0.3664 -0.1465 0.9188
vn 0.6292 -0.2899 0.7211
vn 0.7212 -0.3406 0.6032
vn 0.7213 -0.3405 0.6031
vn 0.6293 -0.2897 0.7212
vn 0.8621 -0.4204 0.2830
vn 0.7214 -0.3406 0.6030
vn 0.8621 -0.4205 0.2828
vn 0.8900 -0.4376 0.1282
vn 0.8900 -0.4375 0.1281
vn 0.8621 -0.4203 0.2829
vn 0.8715 -0.4331 -0.2299
vn 0.8901 -0.4375 0.1280
vn 0.8716 -0.4329 -0.2301
vn 0.8279 -0.4119 -0.3806
vn 0.8281 -0.4117 -0.3806
vn 0.8716 -0.4328 -0.2301
vn 0.6551 -0.3241 -0.6825
vn 0.8280 -0.4117 -0.3807
vn 0.6550 -0.3240 -0.6827
vn 0.5514 -0.2704 -0.7892
vn 0.5515 -0.2701 -0.7892
vn 0.6550 -0.3238 -0.6827
vn 0.2700 -0.1225 -0.9551
vn 0.5513 -0.2701 -0.7894
vn 0.2697 -0.1223 -0.9551
vn 0.1334 -0.0500 -0.9898
vn 0.1334 -0.0499 -0.9898
vn 0.2698 -0.1223 -0.9551
vn -0.1828 0.1187 -0.9760
vn 0.1333 -0.0499 -0.9898
vn -0.1829 0.1188 -0.9759
vn -0.3159 0.1905 -0.9295
vn -0.3159 0.1907 -0.9294
vn -0.5833 0.3358 -0.7396
vn -0.3160 0.1907 -0.9294
vn -0.5835 0.3360 -0.7394
vn -0.6781 0.3881 -0.6242
vn -0.6781 0.3883 -0.6241
vn -0.5834 0.3360 -0.7394
vn -0.8260 0.4719 -0.3083
vn -0.6782 0.3883 -0.6239
vn -0.8261 0.4719 -0.3080
vn -0.8575 0.4907 -0.1544
vn -0.8575 0.4908 -0.1543
vn -0.8471 0.4905 0.2043
vn -0.8574 0.4910 -0.1541
vn -0.8472 0.4904 0.2045
vn -0.8069 0.4713 0.3560
vn -0.8069 0.4712 0.3561
vn -0.8471 0.4905 0.2044
vn -0.6411 0.3870 0.6628
vn -0.8069 0.4712 0.3563
vn -0.6409 0.3870 0.6629
vn -0.5397 0.3345 0.7726
vn -0.5397 0.3348 0.7725
vn -0.6408 0.3871 0.6629
vn -0.2620 0.1890 0.9464
vn -0.5395 0.3347 0.7726
vn -0.2617 0.1888 0.9465
vn -0.1261 0.1172 0.9851
vn -0.1262 0.1172 0.9850
vn 0.1902 -0.0517 0.9804
vn 0.1905 -0.0519 0.9803
vn 0.3244 -0.1239 0.9378
vn 0.1903 -0.0518 0.9804
vn 0.5960 -0.2716 0.7556
vn 0.3245 -0.1239 0.9377
vn 0.5961 -0.2717 0.7555
vn 0.6933 -0.3251 0.6431
vn 0.6935 -0.3251 0.6430
vn 0.8484 -0.4126 0.3316
vn 0.6936 -0.3251 0.6428
vn 0.8486 -0.4125 0.3314
vn 0.8834 -0.4333 0.1785
vn 0.8834 -0.4332 0.1787
vn 0.8486 -0.4123 0.3314
vn 0.8963 -0.4435 -0.0007
vn 0.8835 -0.4332 0.1784
vn 0.8961 -0.4438 -0.0011
vn 0.8961 -0.4439 -0.0011
vn 0.7016 -0.5106 -0.4970
vn 0.8659 -0.4261 -0.2622
vn 0.7319 -0.3986 -0.5527
vn 0.7014 -0.5107 -0.4972
vn 0.7317 -0.3985 -0.5530
vn 0.5082 -0.4154 -0.7544
vn 0.5083 -0.4153 -0.7544
vn 0.7317 -0.3984 -0.5531
vn 0.3910 -0.2215 -0.8933
vn 0.5081 -0.4150 -0.7547
vn 0.3905 -0.2216 -0.8935
vn 0.1010 -0.2014 -0.9743
vn 0.1011 -0.2010 -0.9743
vn 0.3907 -0.2215 -0.8935
vn -0.0531 0.0138 -0.9985
vn 0.1008 -0.2008 -0.9744
vn -0.0536 0.0140 -0.9985
vn -0.3476 0.0386 -0.9368
vn -0.3475 0.0387 -0.9369
vn -0.0535 0.0140 -0.9985
vn -0.4833 0.2455 -0.8403
vn -0.3478 0.0389 -0.9367
vn -0.4836 0.2456 -0.8401
vn -0.7190 0.2409 -0.6520
vn -0.7189 0.2411 -0.6519
vn -0.4836 0.2457 -0.8401
vn -0.7859 0.4126 -0.4606
vn -0.7191 0.2411 -0.6517
vn -0.7861 0.4126 -0.4602
vn -0.9154 0.3522 -0.1948
vn -0.9153 0.3526 -0.1949
vn -0.8812 0.4709 0.0408
vn -0.9154 0.3526 -0.1945
vn -0.8813 0.4707 0.0411
vn -0.8850 0.3435 0.3143
vn -0.8850 0.3436 0.3142
vn -0.7442 0.4048 0.5313
vn -0.8849 0.3436 0.3144
vn -0.7441 0.4047 0.5315
vn -0.6358 0.2167 0.7408
vn -0.6358 0.2171 0.7407
vn -0.7441 0.4047 0.5316
vn -0.4111 0.2321 0.8816
vn -0.6356 0.2169 0.7409
vn -0.4107 0.2318 0.8818
vn -0.2335 0.0056 0.9723
vn -0.2335 0.0057 0.9723
vn -0.4106 0.2319 0.8818
vn 0.0306 -0.0020 0.9995
vn -0.2333 0.0056 0.9724
vn 0.0309 -0.0021 0.9995
vn 0.2157 -0.2345 0.9479
vn 0.2158 -0.2343 0.9479
vn 0.0309 -0.0020 0.9995
vn 0.4643 -0.2353 0.8539
vn 0.2159 -0.2344 0.9479
vn 0.4645 -0.2356 0.8536
vn 0.5935 -0.4400 0.6739
vn 0.7755 -0.4067 0.4830
vn 0.5937 -0.4400 0.6737
vn 0.7755 -0.4069 0.4826
vn 0.8002 -0.5570 0.2225
vn 0.8003 -0.5568 0.2225
vn 0.8821 -0.4709 -0.0153
vn 0.8003 -0.5569 0.2223
vn 0.8820 -0.4709 -0.0156
vn 0.7813 -0.5543 -0.2871
vn 0.7814 -0.5541 -0.2872
vn 0.8820 -0.4710 -0.0157
vn 0.7561 -0.4109 -0.5095
vn 0.7813 -0.5541 -0.2873
vn 0.7557 -0.4109 -0.5099
vn 0.5417 -0.4328 -0.7206
vn 0.5418 -0.4326 -0.7206
vn 0.7558 -0.4108 -0.5099
vn 0.4308 -0.2425 -0.8692
vn 0.5417 -0.4324 -0.7208
vn 0.4305 -0.2425 -0.8694
vn 0.1448 -0.2244 -0.9637
vn 0.1448 -0.2242 -0.9637
vn 0.4305 -0.2424 -0.8694
vn -0.0080 -0.0102 -0.9999
vn 0.1448 -0.2241 -0.9638
vn -0.0086 -0.0101 -0.9999
vn -0.3050 0.0157 -0.9522
vn -0.3049 0.0158 -0.9523
vn -0.0085 -0.0101 -0.9999
vn -0.3022 0.1077 -0.9471
vn -0.3050 0.0160 -0.9522
vn -0.3026 0.1076 -0.9470
vn -0.4500 0.0979 -0.8876
vn 0.8660 -0.4259 -0.2622
vn 0.9225 -0.3648 -0.1263
vn 0.8889 -0.3456 -0.3007
vn 0.8659 -0.4259 -0.2623
vn 0.8888 -0.3457 -0.3010
vn 0.7321 -0.3983 -0.5526
vn 0.8889 -0.3454 -0.3010
vn 0.6451 -0.2217 -0.7312
vn 0.7318 -0.3983 -0.5530
vn 0.6449 -0.2217 -0.7314
vn 0.3909 -0.2215 -0.8934
vn 0.3910 -0.2214 -0.8934
vn 0.6450 -0.2215 -0.7314
vn 0.2457 -0.0121 -0.9693
vn 0.3906 -0.2213 -0.8936
vn 0.2455 -0.0120 -0.9693
vn -0.0532 0.0139 -0.9985
vn -0.0532 0.0141 -0.9985
vn -0.2039 0.2280 -0.9521
vn -0.0535 0.0141 -0.9985
vn -0.2040 0.2281 -0.9520
vn -0.4834 0.2457 -0.8402
vn -0.4833 0.2457 -0.8403
vn -0.2040 0.2282 -0.9520
vn -0.5850 0.4352 -0.6844
vn -0.4836 0.2458 -0.8400
vn -0.5853 0.4354 -0.6840
vn -0.7859 0.4127 -0.4605
vn -0.7859 0.4128 -0.4605
vn -0.5852 0.4355 -0.6840
vn -0.7975 0.5552 -0.2362
vn -0.7861 0.4127 -0.4602
vn -0.7975 0.5551 -0.2361
vn -0.8812 0.4709 0.0407
vn -0.7975 0.5552 -0.2361
vn -0.7850 0.5559 0.2735
vn -0.8813 0.4708 0.0412
vn -0.7850 0.5558 0.2736
vn -0.7442 0.4049 0.5312
vn -0.7848 0.5561 0.2737
vn -0.5510 0.4374 0.7107
vn -0.5507 0.4372 0.7110
vn -0.4109 0.2322 0.8816
vn -0.5507 0.4374 0.7109
vn -0.1572 0.2307 0.9602
vn -0.4106 0.2320 0.8818
vn -0.1569 0.2306 0.9603
vn 0.0306 -0.0018 0.9995
vn 0.0308 -0.0017 0.9995
vn -0.1567 0.2308 0.9603
vn 0.2929 -0.0093 0.9561
vn 0.0310 -0.0020 0.9995
vn 0.2930 -0.0095 0.9561
vn 0.4644 -0.2352 0.8538
vn 0.2932 -0.0093 0.9560
vn 0.6802 -0.2197 0.6994
vn 0.4646 -0.2355 0.8536
vn 0.6802 -0.2197 0.6993
vn 0.7755 -0.4066 0.4830
vn 0.6803 -0.2196 0.6992
vn 0.9025 -0.3448 0.2579
vn 0.7756 -0.4068 0.4826
vn 0.9025 -0.3449 0.2578
vn 0.8821 -0.4708 -0.0153
vn 0.8822 -0.4707 -0.0153
vn 0.9027 -0.3446 0.2576
vn 0.9016 -0.3517 -0.2520
vn 0.8821 -0.4709 -0.0156
vn 0.9015 -0.3516 -0.2522
vn 0.7561 -0.4108 -0.5095
vn 0.7561 -0.4107 -0.5095
vn 0.9016 -0.3515 -0.2523
vn 0.6773 -0.2384 -0.6960
vn 0.7559 -0.4107 -0.5098
vn 0.6772 -0.2385 -0.6961
vn 0.4308 -0.2424 -0.8693
vn 0.4308 -0.2423 -0.8693
vn 0.6772 -0.2384 -0.6961
vn 0.2891 -0.0352 -0.9566
vn 0.4306 -0.2424 -0.8694
vn 0.2890 -0.0350 -0.9567
vn -0.0083 -0.0102 -0.9999
vn -0.0081 -0.0100 -0.9999
vn 0.2889 -0.0349 -0.9567
vn -0.0069 0.1184 -0.9929
vn -0.0084 -0.0101 -0.9999
vn -0.0073 0.1185 -0.9929
vn -0.3024 0.1079 -0.9471
vn -0.5083 0.2248 -0.8314
vn -0.5083 0.2247 -0.8314
vn -0.6320 0.2911 -0.7182
vn -0.5088 0.2248 -0.8310
vn -0.6321 0.2913 -0.7181
vn -0.7236 0.3419 -0.5996
vn -0.7237 0.3419 -0.5995
vn -0.6320 0.2912 -0.7182
vn -0.8632 0.4209 -0.2788
vn -0.8632 0.4210 -0.2786
vn -0.8905 0.4378 -0.1238
vn -0.8905 0.4379 -0.1237
vn -0.8632 0.4211 -0.2786
vn -0.8707 0.4324 0.2343
vn -0.8904 0.4381 -0.1235
vn -0.8707 0.4324 0.2344
vn -0.8264 0.4111 0.3848
vn -0.8706 0.4325 0.2344
vn -0.6525 0.3226 0.6857
vn -0.8263 0.4110 0.3850
vn -0.6523 0.3224 0.6860
vn -0.5484 0.2685 0.7920
vn -0.5483 0.2685 0.7920
vn -0.6523 0.3226 0.6859
vn -0.2661 0.1204 0.9564
vn -0.5481 0.2685 0.7922
vn -0.2659 0.1203 0.9565
vn -0.1295 0.0479 0.9904
vn -0.1294 0.0481 0.9904
vn -0.2658 0.1204 0.9565
vn 0.1866 -0.1210 0.9750
vn -0.1292 0.0480 0.9905
vn 0.1867 -0.1210 0.9749
vn 0.3196 -0.1926 0.9278
vn 0.3196 -0.1924 0.9278
vn 0.1868 -0.1209 0.9749
vn 0.5863 -0.3376 0.7364
vn 0.3199 -0.1925 0.9277
vn 0.5863 -0.3377 0.7363
vn 0.6805 -0.3895 0.6207
vn 0.5863 -0.3377 0.7364
vn 0.8273 -0.4725 0.3040
vn 0.6806 -0.3896 0.6205
vn 0.8273 -0.4725 0.3038
vn 0.8581 -0.4911 0.1499
vn 0.8274 -0.4724 0.3037
vn 0.8463 -0.4901 -0.2087
vn 0.8582 -0.4910 0.1496
vn 0.8462 -0.4902 -0.2088
vn 0.8054 -0.4707 -0.3602
vn 0.8056 -0.4704 -0.3603
vn 0.8463 -0.4900 -0.2089
vn 0.6383 -0.3857 -0.6662
vn 0.8055 -0.4704 -0.3605
vn 0.6381 -0.3857 -0.6663
vn 0.5366 -0.3332 -0.7753
vn 0.5365 -0.3331 -0.7754
vn 0.6382 -0.3856 -0.6663
vn 0.2580 -0.1870 -0.9479
vn 0.5365 -0.3330 -0.7754
vn 0.2578 -0.1869 -0.9480
vn 0.1223 -0.1151 -0.9858
vn 0.2580 -0.1867 -0.9479
vn -0.1942 0.0536 -0.9795
vn 0.1220 -0.1149 -0.9859
vn -0.1944 0.0539 -0.9794
vn -0.3282 0.1260 -0.9362
vn -0.3281 0.1262 -0.9362
vn -0.1943 0.0541 -0.9794
vn -0.5991 0.2731 -0.7526
vn -0.3283 0.1260 -0.9361
vn -0.6959 0.3265 -0.6397
vn -0.6958 0.3266 -0.6397
vn -0.5991 0.2733 -0.7526
vn -0.8498 0.4131 -0.3273
vn -0.6960 0.3266 -0.6394
vn -0.8499 0.4132 -0.3271
vn -0.8841 0.4337 -0.1742
vn -0.8804 0.4369 0.1844
vn -0.8840 0.4338 -0.1740
vn -0.8804 0.4368 0.1847
vn -0.8430 0.4191 0.3373
vn -0.8429 0.4193 0.3373
vn -0.8803 0.4371 0.1847
vn -0.7749 0.3862 0.5004
vn -0.8428 0.4192 0.3374
vn -0.7747 0.3860 0.5008
vn -0.0481 0.0458 -0.9978
vn -0.0482 0.0457 -0.9978
vn -0.2047 0.1304 -0.9701
vn -0.0486 0.0460 -0.9978
vn -0.2048 0.1307 -0.9700
vn -0.3367 0.2018 -0.9197
vn -0.2047 0.1306 -0.9701
vn -0.5996 0.3448 -0.7222
vn -0.3369 0.2019 -0.9196
vn -0.5997 0.3449 -0.7221
vn -0.6918 0.3958 -0.6039
vn -0.8327 0.4755 -0.2839
vn -0.6918 0.3959 -0.6039
vn -0.8327 0.4755 -0.2836
vn -0.8606 0.4927 -0.1290
vn -0.8605 0.4928 -0.1290
vn -0.8327 0.4756 -0.2836
vn -0.8422 0.4881 0.2292
vn -0.8605 0.4929 -0.1288
vn -0.8421 0.4881 0.2294
vn -0.7985 0.4670 0.3798
vn -0.7985 0.4671 0.3797
vn -0.6257 0.3793 0.6816
vn -0.7984 0.4671 0.3800
vn -0.6257 0.3791 0.6818
vn -0.5221 0.3254 0.7883
vn -0.5221 0.3255 0.7883
vn -0.6255 0.3791 0.6819
vn -0.2403 0.1775 0.9543
vn -0.5218 0.3254 0.7885
vn -0.1039 0.1053 0.9890
vn -0.2402 0.1775 0.9544
vn 0.2123 -0.0637 0.9751
vn -0.1038 0.1052 0.9890
vn 0.2124 -0.0638 0.9751
vn 0.3454 -0.1353 0.9287
vn 0.2124 -0.0637 0.9751
vn 0.6127 -0.2807 0.7388
vn 0.3457 -0.1354 0.9285
vn 0.6129 -0.2808 0.7386
vn 0.7075 -0.3330 0.6233
vn 0.7076 -0.3329 0.6233
vn 0.6128 -0.2808 0.7387
vn 0.8555 -0.4167 0.3075
vn 0.7077 -0.3330 0.6231
vn 0.8556 -0.4166 0.3072
vn 0.8869 -0.4356 0.1535
vn 0.8870 -0.4355 0.1535
vn 0.8557 -0.4166 0.3071
vn 0.8767 -0.4352 -0.2051
vn 0.8870 -0.4355 0.1533
vn 0.8765 -0.4354 -0.2053
vn 0.8364 -0.4161 -0.3568
vn 0.8364 -0.4160 -0.3569
vn 0.8767 -0.4351 -0.2052
vn 0.6704 -0.3320 -0.6636
vn 0.8364 -0.4159 -0.3570
vn 0.6703 -0.3320 -0.6637
vn 0.5691 -0.2794 -0.7733
vn 0.5691 -0.2794 -0.7734
vn 0.6704 -0.3318 -0.6637
vn 0.2913 -0.1338 -0.9472
vn 0.5690 -0.2793 -0.7735
vn 0.2911 -0.1336 -0.9473
vn 0.1556 -0.0619 -0.9859
vn 0.1556 -0.0618 -0.9859
vn 0.2911 -0.1335 -0.9473
vn -0.1608 0.1069 -0.9812
vn -0.1609 0.1070 -0.9812
vn -0.2949 0.1791 -0.9386
vn -0.2950 0.1792 -0.9385
vn -0.1609 0.1071 -0.9812
vn -0.5665 0.3267 -0.7565
vn -0.2951 0.1793 -0.9385
vn -0.5667 0.3268 -0.7564
vn -0.6639 0.3803 -0.6439
vn -0.6639 0.3804 -0.6438
vn -0.5667 0.3269 -0.7563
vn -0.8191 0.4676 -0.3324
vn -0.6641 0.3805 -0.6436
vn -0.8191 0.4676 -0.3321
vn -0.8540 0.4884 -0.1794
vn -0.8538 0.4886 -0.1796
vn -0.8191 0.4677 -0.3322
vn -0.8675 0.4974 -0.0000
vn -0.8539 0.4886 -0.1793
vn -0.8676 0.4973 0.0002
vn -0.8676 0.4972 0.0002
vn -0.9042 0.0241 -0.4264
vn -0.9043 0.0240 -0.4262
vn -0.9780 0.0536 -0.2016
vn -0.9044 0.0239 -0.4259
vn -0.9780 0.0534 -0.2016
vn -0.9776 0.0531 -0.2035
vn -0.9776 0.0535 -0.2037
vn -0.9780 0.0538 -0.2016
vn -0.9624 0.0521 0.2664
vn -0.9776 0.0534 -0.2035
vn -0.9625 0.0520 0.2664
vn -0.9630 0.0522 0.2643
vn -0.9630 0.0526 0.2644
vn -0.9624 0.0524 0.2665
vn -0.7441 -0.0585 0.6655
vn -0.9630 0.0524 0.2644
vn -0.7440 -0.0589 0.6655
vn -0.7454 -0.0582 0.6641
vn -0.7453 -0.0578 0.6642
vn -0.7441 -0.0584 0.6655
vn -0.3803 -0.2494 0.8906
vn -0.7453 -0.0579 0.6642
vn -0.3804 -0.2497 0.8905
vn -0.3823 -0.2486 0.8900
vn -0.3821 -0.2485 0.8901
vn -0.3803 -0.2493 0.8906
vn 0.0327 -0.4699 0.8821
vn -0.3822 -0.2484 0.8901
vn 0.0324 -0.4700 0.8821
vn 0.0307 -0.4691 0.8826
vn 0.0310 -0.4688 0.8827
vn 0.0327 -0.4698 0.8822
vn 0.3862 -0.6620 0.6424
vn 0.0309 -0.4690 0.8827
vn 0.3859 -0.6622 0.6423
vn 0.3845 -0.6615 0.6439
vn 0.3848 -0.6612 0.6439
vn 0.5868 -0.7750 0.2347
vn 0.3849 -0.6612 0.6439
vn 0.5866 -0.7751 0.2347
vn 0.5861 -0.7749 0.2368
vn 0.5865 -0.7746 0.2367
vn 0.5868 -0.7749 0.2348
vn 0.5819 -0.7790 -0.2336
vn 0.5864 -0.7747 0.2368
vn 0.5815 -0.7793 -0.2335
vn 0.5820 -0.7796 -0.2315
vn 0.5825 -0.7792 -0.2316
vn 0.5820 -0.7790 -0.2334
vn 0.3726 -0.6733 -0.6386
vn 0.5822 -0.7794 -0.2315
vn 0.3722 -0.6735 -0.6387
vn 0.3735 -0.6742 -0.6372
vn 0.3737 -0.6739 -0.6373
vn 0.3726 -0.6731 -0.6388
vn 0.0138 -0.4854 -0.8742
vn 0.3737 -0.6740 -0.6373
vn 0.0138 -0.4856 -0.8741
vn 0.0156 -0.4864 -0.8736
vn 0.0157 -0.4862 -0.8737
vn 0.0139 -0.4852 -0.8743
vn -0.3992 -0.2649 -0.8778
vn 0.0156 -0.4863 -0.8736
vn -0.3994 -0.2651 -0.8776
vn -0.3976 -0.2662 -0.8781
vn -0.3973 -0.2658 -0.8783
vn -0.3993 -0.2649 -0.8777
vn -0.7581 -0.0702 -0.6484
vn -0.3975 -0.2658 -0.8782
vn -0.7582 -0.0704 -0.6482
vn -0.7568 -0.0711 -0.6498
vn -0.7567 -0.0707 -0.6499
vn -0.7581 -0.0701 -0.6484
vn -0.9680 0.0476 -0.2465
vn -0.7568 -0.0710 -0.6498
vn -0.9680 0.0475 -0.2466
vn -0.9675 0.0471 -0.2486
vn -0.9675 0.0475 -0.2485
vn -0.9680 0.0476 -0.2466
vn -0.9735 0.0574 0.2215
vn -0.9675 0.0474 -0.2484
vn -0.9735 0.0569 0.2214
vn -0.9739 0.0573 0.2195
vn -0.9739 0.0577 0.2196
vn -0.9735 0.0576 0.2215
vn -0.7731 -0.0432 0.6327
vn -0.9739 0.0576 0.2196
vn -0.7734 -0.0439 0.6324
vn -0.7746 -0.0430 0.6310
vn -0.7745 -0.0427 0.6311
vn -0.7733 -0.0435 0.6325
vn -0.6085 -0.1160 0.7851
vn -0.7745 -0.0430 0.6311
vn -0.6083 -0.1165 0.7851
vn -0.6084 -0.1164 0.7851
vn 0.1436 -0.5409 -0.8287
vn -0.0622 -0.4450 -0.8934
vn 0.1433 -0.5409 -0.8288
vn -0.0623 -0.4453 -0.8932
vn -0.0642 -0.4443 -0.8936
vn -0.0640 -0.4441 -0.8937
vn -0.0622 -0.4449 -0.8934
vn -0.4735 -0.2250 -0.8516
vn -0.0641 -0.4441 -0.8937
vn -0.4736 -0.2251 -0.8515
vn -0.4754 -0.2243 -0.8507
vn -0.4753 -0.2239 -0.8508
vn -0.4734 -0.2248 -0.8517
vn -0.8109 -0.0411 -0.5837
vn -0.4754 -0.2241 -0.8508
vn -0.8110 -0.0413 -0.5836
vn -0.8122 -0.0408 -0.5820
vn -0.8121 -0.0404 -0.5822
vn -0.9853 0.0582 -0.1609
vn -0.8121 -0.0404 -0.5821
vn -0.9853 0.0578 -0.1607
vn -0.9856 0.0578 -0.1588
vn -0.9856 0.0583 -0.1587
vn -0.9508 0.0466 0.3061
vn -0.9856 0.0584 -0.1586
vn -0.9509 0.0463 0.3062
vn -0.9503 0.0458 0.3080
vn -0.9502 0.0463 0.3082
vn -0.9508 0.0466 0.3062
vn -0.7166 -0.0729 0.6937
vn -0.9502 0.0461 0.3083
vn -0.7166 -0.0732 0.6936
vn -0.7153 -0.0737 0.6949
vn -0.7151 -0.0734 0.6951
vn -0.7166 -0.0728 0.6937
vn -0.3443 -0.2685 0.8997
vn -0.7153 -0.0735 0.6950
vn -0.3444 -0.2687 0.8996
vn -0.3427 -0.2696 0.8999
vn -0.3425 -0.2693 0.9001
vn -0.3442 -0.2683 0.8997
vn 0.0677 -0.4888 0.8698
vn -0.3426 -0.2695 0.9000
vn 0.0676 -0.4890 0.8696
vn 0.0694 -0.4900 0.8689
vn 0.0695 -0.4896 0.8692
vn 0.0678 -0.4887 0.8698
vn 0.4112 -0.6755 0.6120
vn 0.0695 -0.4897 0.8691
vn 0.4108 -0.6760 0.6118
vn 0.4120 -0.6766 0.6103
vn 0.4123 -0.6763 0.6104
vn 0.4111 -0.6757 0.6119
vn 0.5950 -0.7799 0.1941
vn 0.4123 -0.6764 0.6103
vn 0.5948 -0.7801 0.1942
vn 0.5950 -0.7804 0.1920
vn 0.5954 -0.7801 0.1921
vn 0.5951 -0.7798 0.1942
vn 0.5711 -0.7739 -0.2737
vn 0.5709 -0.7741 -0.2736
vn 0.5703 -0.7739 -0.2755
vn 0.5707 -0.7735 -0.2755
vn 0.5712 -0.7739 -0.2735
vn 0.3456 -0.6594 -0.6676
vn 0.5705 -0.7737 -0.2755
vn 0.3455 -0.6595 -0.6676
vn 0.3440 -0.6590 -0.6689
vn 0.3442 -0.6586 -0.6692
vn 0.3457 -0.6593 -0.6677
vn -0.0219 -0.4664 -0.8843
vn 0.3442 -0.6587 -0.6691
vn -0.0221 -0.4666 -0.8842
vn -0.0239 -0.4657 -0.8846
vn -0.0238 -0.4654 -0.8848
vn -0.0220 -0.4663 -0.8844
vn -0.4347 -0.2460 -0.8663
vn -0.4349 -0.2463 -0.8661
vn -0.4366 -0.2453 -0.8656
vn -0.4364 -0.2450 -0.8658
vn -0.7837 -0.0562 -0.6186
vn -0.4365 -0.2450 -0.8657
vn -0.7837 -0.0565 -0.6185
vn -0.7851 -0.0558 -0.6169
vn -0.7850 -0.0553 -0.6170
vn -0.7837 -0.0561 -0.6186
vn -0.9031 0.0234 -0.4287
vn -0.7851 -0.0554 -0.6169
vn -0.9032 0.0234 -0.4285
vn -0.9032 0.0232 -0.4285
vn -0.7195 -0.0217 0.6942
vn -0.5397 -0.1279 0.8321
vn -0.7192 -0.0220 0.6944
vn -0.5398 -0.1282 0.8319
vn -0.5548 -0.1204 0.8233
vn -0.5548 -0.1200 0.8233
vn -0.1284 -0.3461 0.9294
vn -0.5548 -0.1202 0.8233
vn -0.1286 -0.3463 0.9293
vn -0.1455 -0.3371 0.9301
vn -0.1452 -0.3370 0.9302
vn -0.1285 -0.3459 0.9294
vn 0.2698 -0.5606 0.7829
vn -0.1451 -0.3369 0.9303
vn 0.2695 -0.5608 0.7829
vn 0.2554 -0.5531 0.7930
vn 0.2556 -0.5529 0.7931
vn 0.5501 -0.7152 0.4311
vn 0.5497 -0.7155 0.4311
vn 0.5419 -0.7110 0.4481
vn 0.5422 -0.7108 0.4481
vn 0.5500 -0.7152 0.4311
vn 0.6384 -0.7690 -0.0329
vn 0.5421 -0.7109 0.4481
vn 0.6381 -0.7693 -0.0329
vn 0.6387 -0.7693 -0.0137
vn 0.6389 -0.7692 -0.0139
vn 0.6383 -0.7691 -0.0329
vn 0.5114 -0.7081 -0.4869
vn 0.6390 -0.7691 -0.0138
vn 0.5112 -0.7082 -0.4869
vn 0.5201 -0.7127 -0.4707
vn 0.5204 -0.7125 -0.4707
vn 0.5114 -0.7081 -0.4870
vn 0.2028 -0.5480 -0.8115
vn 0.5203 -0.7125 -0.4708
vn 0.2025 -0.5483 -0.8114
vn 0.2174 -0.5561 -0.8022
vn 0.2178 -0.5558 -0.8023
vn -0.2062 -0.3315 -0.9207
vn 0.2177 -0.5559 -0.8023
vn -0.2063 -0.3317 -0.9206
vn -0.1895 -0.3407 -0.9209
vn -0.1894 -0.3403 -0.9210
vn -0.2061 -0.3314 -0.9207
vn -0.6077 -0.1152 -0.7858
vn -0.1894 -0.3404 -0.9210
vn -0.6077 -0.1155 -0.7857
vn -0.5933 -0.1235 -0.7954
vn -0.5932 -0.1232 -0.7956
vn -0.6076 -0.1151 -0.7858
vn -0.8958 0.0433 -0.4423
vn -0.5933 -0.1232 -0.7955
vn -0.8958 0.0432 -0.4423
vn -0.8876 0.0385 -0.4590
vn -0.8876 0.0388 -0.4591
vn -0.8958 0.0436 -0.4424
vn -0.9945 0.1029 0.0189
vn -0.8876 0.0387 -0.4591
vn -0.9946 0.1025 0.0190
vn -0.9948 0.1023 -0.0002
vn -0.9947 0.1027 -0.0001
vn -0.8779 0.0473 0.4766
vn -0.9947 0.1026 -0.0001
vn -0.8779 0.0469 0.4765
vn -0.8864 0.0513 0.4600
vn -0.8864 0.0516 0.4600
vn -0.8778 0.0474 0.4767
vn -0.5765 -0.1084 0.8099
vn -0.8864 0.0515 0.4600
vn -0.5768 -0.1088 0.8096
vn -0.5913 -0.1012 0.8001
vn -0.5911 -0.1010 0.8002
vn -0.5765 -0.1087 0.8098
vn -0.1701 -0.3239 0.9307
vn -0.5913 -0.1010 0.8001
vn -0.1703 -0.3239 0.9306
vn -0.1871 -0.3150 0.9305
vn -0.1871 -0.3146 0.9306
vn -0.1701 -0.3237 0.9308
vn 0.2344 -0.5413 0.8075
vn -0.1870 -0.3149 0.9305
vn 0.2341 -0.5416 0.8074
vn 0.2194 -0.5336 0.8168
vn 0.2197 -0.5334 0.8169
vn 0.2344 -0.5412 0.8076
vn 0.4034 -0.6210 0.6720
vn 0.2196 -0.5334 0.8168
vn 0.4036 -0.6215 0.6715
vn 0.4034 -0.6214 0.6717
vn -0.9807 0.1052 -0.1647
vn -0.9807 0.1051 -0.1647
vn -0.9925 0.1024 0.0664
vn -0.9809 0.1049 -0.1641
vn -0.9925 0.1022 0.0666
vn -0.9911 0.1017 0.0855
vn -0.9911 0.1020 0.0856
vn -0.9925 0.1024 0.0665
vn -0.8554 0.0358 0.5168
vn -0.8553 0.0356 0.5169
vn -0.8458 0.0306 0.5327
vn -0.8457 0.0310 0.5328
vn -0.8553 0.0359 0.5169
vn -0.5394 -0.1281 0.8322
vn -0.8457 0.0308 0.5328
vn -0.5395 -0.1284 0.8322
vn -0.5244 -0.1363 0.8405
vn -0.5242 -0.1361 0.8407
vn -0.5393 -0.1281 0.8323
vn -0.1283 -0.3461 0.9294
vn -0.5241 -0.1361 0.8407
vn -0.1284 -0.3464 0.9293
vn -0.1113 -0.3554 0.9281
vn -0.1114 -0.3551 0.9282
vn -0.1283 -0.3462 0.9293
vn 0.2701 -0.5606 0.7828
vn -0.1112 -0.3552 0.9282
vn 0.2698 -0.5610 0.7827
vn 0.2838 -0.5686 0.7721
vn 0.2841 -0.5684 0.7722
vn 0.2700 -0.5607 0.7827
vn 0.5501 -0.7152 0.4310
vn 0.2840 -0.5685 0.7721
vn 0.5499 -0.7155 0.4309
vn 0.5574 -0.7197 0.4139
vn 0.5576 -0.7196 0.4138
vn 0.5501 -0.7153 0.4310
vn 0.6383 -0.7691 -0.0331
vn 0.5576 -0.7197 0.4138
vn 0.6381 -0.7692 -0.0332
vn 0.6370 -0.7691 -0.0523
vn 0.6372 -0.7689 -0.0523
vn 0.6382 -0.7691 -0.0332
vn 0.5113 -0.7079 -0.4872
vn 0.6373 -0.7688 -0.0525
vn 0.5110 -0.7082 -0.4872
vn 0.5018 -0.7034 -0.5034
vn 0.5021 -0.7032 -0.5034
vn 0.5112 -0.7079 -0.4873
vn 0.2026 -0.5479 -0.8117
vn 0.5019 -0.7033 -0.5035
vn 0.2022 -0.5482 -0.8115
vn 0.1873 -0.5404 -0.8203
vn 0.1875 -0.5400 -0.8205
vn 0.2024 -0.5479 -0.8117
vn -0.2063 -0.3313 -0.9207
vn 0.1875 -0.5400 -0.8206
vn -0.2067 -0.3315 -0.9206
vn -0.2235 -0.3225 -0.9198
vn -0.2233 -0.3222 -0.9199
vn -0.2064 -0.3311 -0.9207
vn -0.6079 -0.1150 -0.7856
vn -0.2234 -0.3222 -0.9199
vn -0.6082 -0.1154 -0.7854
vn -0.6223 -0.1076 -0.7753
vn -0.6222 -0.1073 -0.7755
vn -0.8959 0.0435 -0.4421
vn -0.6223 -0.1075 -0.7754
vn -0.8960 0.0433 -0.4419
vn -0.9039 0.0478 -0.4251
vn -0.9038 0.0481 -0.4252
vn -0.8959 0.0436 -0.4421
vn -0.9945 0.1029 0.0193
vn -0.9945 0.1027 0.0194
vn -0.9940 0.1025 0.0384
vn -0.9940 0.1029 0.0383
vn -0.8777 0.0473 0.4768
vn -0.9939 0.1030 0.0386
vn -0.8777 0.0468 0.4769
vn -0.8689 0.0423 0.4932
vn -0.8688 0.0427 0.4932
vn -0.8777 0.0472 0.4769
vn -0.5764 -0.1088 0.8099
vn -0.8688 0.0426 0.4934
vn -0.5763 -0.1091 0.8099
vn -0.5616 -0.1168 0.8191
vn -0.5615 -0.1164 0.8193
vn -0.3677 -0.2062 0.9068
vn -0.5614 -0.1166 0.8193
vn -0.3674 -0.2067 0.9068
vn -0.3675 -0.2067 0.9067
vn 0.5288 -0.7278 0.4366
vn 0.5286 -0.7280 0.4366
vn 0.5917 -0.7778 0.2121
vn 0.5288 -0.7282 0.4361
vn 0.5913 -0.7780 0.2121
vn 0.5909 -0.7777 0.2143
vn 0.5914 -0.7774 0.2143
vn 0.5917 -0.7777 0.2122
vn 0.5761 -0.7763 -0.2559
vn 0.5912 -0.7776 0.2142
vn 0.5757 -0.7766 -0.2559
vn 0.5763 -0.7768 -0.2538
vn 0.5766 -0.7766 -0.2538
vn 0.5763 -0.7762 -0.2559
vn 0.3576 -0.6656 -0.6550
vn 0.5766 -0.7766 -0.2539
vn 0.3574 -0.6658 -0.6550
vn 0.3587 -0.6666 -0.6534
vn 0.3590 -0.6662 -0.6537
vn 0.3578 -0.6656 -0.6550
vn -0.0060 -0.4747 -0.8801
vn 0.3590 -0.6663 -0.6536
vn -0.0061 -0.4750 -0.8800
vn -0.0045 -0.4760 -0.8794
vn -0.0042 -0.4758 -0.8796
vn -0.0059 -0.4749 -0.8800
vn -0.4190 -0.2544 -0.8716
vn -0.0043 -0.4759 -0.8795
vn -0.4191 -0.2546 -0.8715
vn -0.4174 -0.2555 -0.8721
vn -0.4174 -0.2552 -0.8722
vn -0.4190 -0.2542 -0.8716
vn -0.7726 -0.0622 -0.6319
vn -0.4174 -0.2553 -0.8721
vn -0.7726 -0.0626 -0.6318
vn -0.7713 -0.0634 -0.6333
vn -0.7713 -0.0629 -0.6334
vn -0.7725 -0.0622 -0.6320
vn -0.9732 0.0509 -0.2242
vn -0.7713 -0.0630 -0.6334
vn -0.9732 0.0506 -0.2241
vn -0.9728 0.0501 -0.2263
vn -0.9727 0.0507 -0.2263
vn -0.9682 0.0550 0.2441
vn -0.9728 0.0507 -0.2262
vn -0.9683 0.0546 0.2439
vn -0.9688 0.0549 0.2419
vn -0.9687 0.0553 0.2421
vn -0.9682 0.0551 0.2441
vn -0.7589 -0.0509 0.6492
vn -0.9687 0.0551 0.2420
vn -0.7589 -0.0512 0.6492
vn -0.7601 -0.0505 0.6478
vn -0.7601 -0.0501 0.6478
vn -0.7588 -0.0508 0.6493
vn -0.4003 -0.2387 0.8847
vn -0.7601 -0.0502 0.6478
vn -0.4004 -0.2390 0.8846
vn -0.4022 -0.2381 0.8841
vn -0.4020 -0.2378 0.8842
vn -0.4002 -0.2387 0.8848
vn 0.0128 -0.4592 0.8882
vn 0.0127 -0.4593 0.8882
vn 0.0109 -0.4584 0.8887
vn 0.0111 -0.4581 0.8888
vn 0.0130 -0.4590 0.8883
vn 0.3717 -0.6541 0.6588
vn 0.0110 -0.4581 0.8888
vn 0.3716 -0.6543 0.6587
vn 0.3702 -0.6534 0.6603
vn 0.3705 -0.6531 0.6604
vn 0.3717 -0.6540 0.6589
vn 0.5816 -0.7717 0.2572
vn 0.3704 -0.6533 0.6603
vn 0.5812 -0.7720 0.2572
vn 0.5808 -0.7717 0.2592
vn 0.5812 -0.7714 0.2591
vn 0.5815 -0.7718 0.2573
vn 0.5871 -0.7816 -0.2108
vn 0.5809 -0.7716 0.2592
vn 0.5868 -0.7818 -0.2110
vn 0.5874 -0.7819 -0.2089
vn 0.5877 -0.7817 -0.2089
vn 0.5872 -0.7815 -0.2109
vn 0.3869 -0.6807 -0.6221
vn 0.5875 -0.7818 -0.2091
vn 0.3866 -0.6809 -0.6220
vn 0.3880 -0.6816 -0.6204
vn 0.3883 -0.6813 -0.6206
vn 0.3870 -0.6806 -0.6221
vn 0.2331 -0.5876 -0.7748
vn 0.3881 -0.6814 -0.6205
vn 0.2327 -0.5877 -0.7749
vn 0.2325 -0.5879 -0.7748
vn -0.5193 -0.1630 0.8389
vn -0.3241 -0.2792 0.9039
vn -0.5191 -0.1633 0.8390
vn -0.3243 -0.2795 0.9037
vn -0.3226 -0.2803 0.9041
vn -0.3223 -0.2799 0.9043
vn -0.3242 -0.2792 0.9039
vn 0.0871 -0.4993 0.8620
vn -0.3223 -0.2801 0.9043
vn 0.0869 -0.4995 0.8620
vn 0.0887 -0.5005 0.8612
vn 0.0890 -0.5002 0.8613
vn 0.0873 -0.4991 0.8622
vn 0.4245 -0.6830 0.5943
vn 0.0890 -0.5001 0.8614
vn 0.4241 -0.6833 0.5943
vn 0.4254 -0.6840 0.5926
vn 0.4258 -0.6837 0.5927
vn 0.4245 -0.6830 0.5944
vn 0.5990 -0.7822 0.1713
vn 0.4257 -0.6839 0.5925
vn 0.5986 -0.7825 0.1712
vn 0.5989 -0.7827 0.1693
vn 0.5993 -0.7824 0.1693
vn 0.5990 -0.7823 0.1713
vn 0.5644 -0.7707 -0.2956
vn 0.5993 -0.7825 0.1691
vn 0.5643 -0.7709 -0.2956
vn 0.5635 -0.7706 -0.2976
vn 0.5639 -0.7704 -0.2975
vn 0.5646 -0.7706 -0.2956
vn 0.3302 -0.6514 -0.6831
vn 0.5637 -0.7705 -0.2975
vn 0.3299 -0.6517 -0.6830
vn 0.3286 -0.6509 -0.6844
vn 0.3290 -0.6505 -0.6845
vn 0.3302 -0.6513 -0.6832
vn -0.0421 -0.4557 -0.8891
vn 0.3288 -0.6506 -0.6846
vn -0.0422 -0.4560 -0.8890
vn -0.0441 -0.4551 -0.8894
vn -0.0439 -0.4548 -0.8895
vn -0.0420 -0.4556 -0.8892
vn -0.4541 -0.2354 -0.8593
vn -0.0440 -0.4548 -0.8895
vn -0.4543 -0.2358 -0.8591
vn -0.4559 -0.2348 -0.8585
vn -0.4558 -0.2343 -0.8587
vn -0.4542 -0.2354 -0.8593
vn -0.7974 -0.0483 -0.6015
vn -0.4559 -0.2345 -0.8586
vn -0.7975 -0.0489 -0.6014
vn -0.7987 -0.0482 -0.5998
vn -0.7987 -0.0477 -0.5999
vn -0.9814 0.0558 -0.1837
vn -0.7987 -0.0479 -0.5998
vn -0.9814 0.0554 -0.1835
vn -0.9818 0.0555 -0.1817
vn -0.9818 0.0560 -0.1816
vn -0.9814 0.0560 -0.1835
vn -0.9575 0.0498 0.2841
vn -0.9818 0.0560 -0.1815
vn -0.9575 0.0496 0.2840
vn -0.9570 0.0492 0.2859
vn -0.9569 0.0497 0.2861
vn -0.9575 0.0499 0.2841
vn -0.7322 -0.0646 0.6781
vn -0.9569 0.0494 0.2861
vn -0.7322 -0.0651 0.6780
vn -0.7307 -0.0659 0.6795
vn -0.7307 -0.0655 0.6795
vn -0.7320 -0.0647 0.6783
vn -0.3644 -0.2578 0.8948
vn -0.7307 -0.0656 0.6796
vn -0.3646 -0.2582 0.8947
vn -0.3627 -0.2591 0.8951
vn -0.3625 -0.2586 0.8954
vn -0.3644 -0.2577 0.8949
vn 0.0482 -0.4783 0.8769
vn -0.3627 -0.2588 0.8953
vn 0.0480 -0.4785 0.8768
vn 0.0497 -0.4795 0.8761
vn 0.0501 -0.4791 0.8763
vn 0.3972 -0.6680 0.6293
vn 0.0501 -0.4792 0.8763
vn 0.3970 -0.6684 0.6290
vn 0.3983 -0.6690 0.6275
vn 0.3987 -0.6688 0.6276
vn 0.3974 -0.6680 0.6292
vn 0.5275 -0.7274 0.4390
vn 0.3986 -0.6688 0.6276
vn 0.5275 -0.7276 0.4386
vn 0.5275 -0.7275 0.4387
vn 0.3742 -0.6252 -0.6849
vn 0.3742 -0.6254 -0.6848
vn 0.1842 -0.5383 -0.8224
vn 0.3739 -0.6253 -0.6850
vn 0.1840 -0.5386 -0.8222
vn 0.1990 -0.5465 -0.8135
vn 0.1993 -0.5462 -0.8136
vn -0.2271 -0.3203 -0.9197
vn 0.1993 -0.5464 -0.8135
vn -0.2271 -0.3206 -0.9196
vn -0.2104 -0.3295 -0.9204
vn -0.2101 -0.3293 -0.9206
vn -0.2269 -0.3202 -0.9198
vn -0.6253 -0.1055 -0.7732
vn -0.2102 -0.3293 -0.9205
vn -0.6252 -0.1060 -0.7732
vn -0.6111 -0.1137 -0.7833
vn -0.6111 -0.1134 -0.7834
vn -0.6252 -0.1057 -0.7733
vn -0.9055 0.0489 -0.4215
vn -0.6112 -0.1133 -0.7833
vn -0.9056 0.0486 -0.4214
vn -0.8977 0.0442 -0.4384
vn -0.8977 0.0447 -0.4384
vn -0.9055 0.0490 -0.4215
vn -0.9938 0.1029 0.0425
vn -0.8977 0.0445 -0.4384
vn -0.9938 0.1024 0.0426
vn -0.9945 0.1025 0.0234
vn -0.9944 0.1029 0.0236
vn -0.8670 0.0416 0.4966
vn -0.9944 0.1029 0.0237
vn -0.8670 0.0414 0.4966
vn -0.8759 0.0459 0.4804
vn -0.8758 0.0463 0.4804
vn -0.8670 0.0417 0.4966
vn -0.5583 -0.1181 0.8212
vn -0.8758 0.0462 0.4804
vn -0.5582 -0.1186 0.8212
vn -0.5732 -0.1107 0.8119
vn -0.5731 -0.1103 0.8120
vn -0.5582 -0.1182 0.8213
vn -0.1493 -0.3349 0.9304
vn -0.5732 -0.1104 0.8119
vn -0.1495 -0.3351 0.9302
vn -0.1662 -0.3261 0.9306
vn -0.1660 -0.3259 0.9307
vn -0.1493 -0.3348 0.9304
vn 0.2522 -0.5511 0.7954
vn -0.1661 -0.3259 0.9307
vn 0.2520 -0.5513 0.7954
vn 0.2373 -0.5434 0.8052
vn 0.2379 -0.5431 0.8052
vn 0.2523 -0.5510 0.7954
vn 0.5402 -0.7098 0.4521
vn 0.2376 -0.5432 0.8052
vn 0.5399 -0.7100 0.4521
vn 0.5318 -0.7054 0.4686
vn 0.5321 -0.7051 0.4687
vn 0.5403 -0.7097 0.4522
vn 0.6391 -0.7691 -0.0093
vn 0.5320 -0.7051 0.4688
vn 0.6388 -0.7693 -0.0092
vn 0.6389 -0.7692 0.0099
vn 0.6392 -0.7690 0.0099
vn 0.6390 -0.7692 -0.0093
vn 0.5223 -0.7136 -0.4669
vn 0.6391 -0.7690 0.0099
vn 0.5222 -0.7138 -0.4667
vn 0.5307 -0.7182 -0.4501
vn 0.5310 -0.7178 -0.4504
vn 0.5224 -0.7135 -0.4669
vn 0.2212 -0.5575 -0.8002
vn 0.5308 -0.7180 -0.4503
vn 0.2209 -0.5579 -0.8000
vn 0.2356 -0.5655 -0.7904
vn 0.2358 -0.5653 -0.7905
vn 0.2211 -0.5577 -0.8001
vn -0.1856 -0.3426 -0.9210
vn 0.2358 -0.5653 -0.7904
vn -0.1854 -0.3428 -0.9209
vn -0.1686 -0.3519 -0.9207
vn -0.1685 -0.3514 -0.9209
vn -0.1853 -0.3425 -0.9211
vn -0.5898 -0.1249 -0.7978
vn -0.1686 -0.3516 -0.9209
vn -0.5897 -0.1253 -0.7978
vn -0.5752 -0.1332 -0.8071
vn -0.5751 -0.1328 -0.8072
vn -0.5898 -0.1249 -0.7979
vn -0.7486 -0.0258 -0.6625
vn -0.5752 -0.1330 -0.8071
vn -0.7490 -0.0260 -0.6621
vn -0.7489 -0.0261 -0.6622
vn 0.6355 -0.7522 0.1741
vn 0.6353 -0.7524 0.1741
vn 0.6370 -0.7688 -0.0567
vn 0.6353 -0.7525 0.1737
vn 0.6368 -0.7690 -0.0568
vn 0.6353 -0.7685 -0.0759
vn 0.6356 -0.7683 -0.0759
vn 0.6370 -0.7687 -0.0567
vn 0.4998 -0.7021 -0.5071
vn 0.6356 -0.7683 -0.0760
vn 0.4996 -0.7023 -0.5071
vn 0.4900 -0.6974 -0.5229
vn 0.4903 -0.6972 -0.5230
vn 0.1839 -0.5381 -0.8226
vn 0.1836 -0.5384 -0.8225
vn 0.1685 -0.5304 -0.8308
vn 0.1686 -0.5302 -0.8310
vn -0.2273 -0.3203 -0.9197
vn 0.1686 -0.5302 -0.8309
vn -0.2274 -0.3204 -0.9196
vn -0.2442 -0.3113 -0.9184
vn -0.2441 -0.3112 -0.9184
vn -0.2273 -0.3201 -0.9197
vn -0.6255 -0.1056 -0.7730
vn -0.2443 -0.3111 -0.9184
vn -0.6256 -0.1057 -0.7730
vn -0.6396 -0.0983 -0.7624
vn -0.6395 -0.0978 -0.7625
vn -0.6255 -0.1055 -0.7731
vn -0.9056 0.0491 -0.4213
vn -0.6396 -0.0978 -0.7624
vn -0.9057 0.0488 -0.4212
vn -0.9131 0.0528 -0.4042
vn -0.9131 0.0534 -0.4042
vn -0.9057 0.0492 -0.4212
vn -0.9938 0.1027 0.0428
vn -0.9132 0.0532 -0.4041
vn -0.9938 0.1024 0.0428
vn -0.9928 0.1023 0.0620
vn -0.9928 0.1026 0.0620
vn -0.9938 0.1028 0.0430
vn -0.8668 0.0417 0.4970
vn -0.8668 0.0413 0.4969
vn -0.8575 0.0367 0.5131
vn -0.8575 0.0369 0.5131
vn -0.8667 0.0416 0.4971
vn -0.5581 -0.1181 0.8213
vn -0.8575 0.0369 0.5132
vn -0.5580 -0.1187 0.8213
vn -0.5432 -0.1265 0.8300
vn -0.5430 -0.1262 0.8302
vn -0.5578 -0.1183 0.8215
vn -0.1490 -0.3351 0.9303
vn -0.5429 -0.1264 0.8302
vn -0.1492 -0.3353 0.9302
vn -0.1323 -0.3442 0.9295
vn -0.1321 -0.3441 0.9296
vn -0.1489 -0.3350 0.9304
vn 0.2524 -0.5512 0.7953
vn -0.1320 -0.3440 0.9297
vn 0.2523 -0.5514 0.7952
vn 0.2665 -0.5592 0.7850
vn 0.2667 -0.5589 0.7852
vn 0.2526 -0.5511 0.7953
vn 0.5404 -0.7098 0.4518
vn 0.2668 -0.5590 0.7851
vn 0.5402 -0.7100 0.4518
vn 0.5481 -0.7145 0.4348
vn 0.5484 -0.7142 0.4349
vn 0.5404 -0.7098 0.4517
vn 0.6390 -0.7691 -0.0096
vn 0.5485 -0.7142 0.4348
vn 0.6387 -0.7694 -0.0096
vn 0.6382 -0.7693 -0.0287
vn 0.6385 -0.7691 -0.0287
vn 0.6391 -0.7691 -0.0096
vn 0.5222 -0.7135 -0.4671
vn 0.6383 -0.7692 -0.0288
vn 0.5219 -0.7137 -0.4671
vn 0.5131 -0.7092 -0.4835
vn 0.5133 -0.7090 -0.4835
vn 0.5223 -0.7135 -0.4671
vn 0.2209 -0.5575 -0.8002
vn 0.5133 -0.7089 -0.4837
vn 0.2205 -0.5577 -0.8002
vn 0.2058 -0.5499 -0.8095
vn 0.2059 -0.5498 -0.8095
vn 0.2208 -0.5575 -0.8003
vn 0.0224 -0.4406 -0.8974
vn 0.2059 -0.5496 -0.8097
vn 0.0220 -0.4408 -0.8973
vn 0.3434 -0.7009 -0.6251
vn 0.4587 -0.7739 -0.4367
vn 0.4588 -0.7739 -0.4366
vn 0.3434 -0.7010 -0.6251
vn -0.7808 -0.5715 0.2525
vn -0.8315 -0.5379 0.1389
vn -0.7807 -0.5716 0.2525
vn -0.7886 0.3404 -0.5120
vn -0.8012 0.3123 -0.5105
vn -0.7886 0.3404 -0.5121
vn -0.8012 0.3124 -0.5104
vn -0.8257 0.2508 -0.5052
vn 0.4589 -0.7740 -0.4363
vn 0.5494 -0.8050 -0.2240
vn 0.4588 -0.7740 -0.4364
vn 0.5494 -0.8050 -0.2241
vn 0.4589 -0.7740 -0.4362
vn -0.0128 -0.0516 0.9986
vn -0.0585 -0.1370 0.9888
vn -0.0129 -0.0517 0.9986
vn -0.0584 -0.1370 0.9889
vn -0.0271 -0.0785 0.9965
vn -0.7372 -0.1310 -0.6629
vn -0.6122 -0.2072 -0.7631
vn -0.6121 -0.2072 -0.7631
vn -0.7372 -0.1309 -0.6629
vn -0.6123 -0.2072 -0.7630
vn -0.7372 -0.1308 -0.6629
vn -0.2532 0.1407 0.9571
vn -0.2542 0.1387 0.9571
vn -0.2544 0.1384 0.9572
vn -0.2583 0.1310 0.9571
vn -0.6119 -0.2074 -0.7632
vn -0.4678 -0.2771 -0.8393
vn -0.4678 -0.2772 -0.8393
vn -0.6120 -0.2074 -0.7631
vn 0.8563 -0.4619 0.2310
vn 0.8510 -0.4716 0.2310
vn 0.8553 -0.4639 0.2310
vn -0.7659 -0.0907 0.6366
vn -0.8929 -0.0399 0.4484
vn -0.8929 -0.0399 0.4485
vn -0.8930 -0.0399 0.4484
vn -0.7658 -0.0908 0.6366
vn 0.7280 -0.4540 0.5137
vn 0.7117 -0.4800 0.5129
vn 0.6742 -0.5348 0.5094
vn -0.8931 -0.0399 0.4480
vn -0.9718 0.0133 0.2356
vn -0.9717 0.0133 0.2356
vn -0.8931 -0.0398 0.4481
vn -0.9717 0.0132 0.2357
vn 0.3096 -0.6701 0.6746
vn 0.1780 -0.6066 0.7748
vn 0.3097 -0.6701 0.6746
vn 0.3097 -0.6701 0.6745
vn -0.0478 -0.0619 -0.9969
vn -0.0933 -0.1472 -0.9847
vn -0.0932 -0.1472 -0.9847
vn -0.0622 -0.0890 -0.9941
vn 0.2463 -0.1536 -0.9569
vn 0.2452 -0.1557 -0.9569
vn 0.2462 -0.1536 -0.9570
vn 0.2451 -0.1560 -0.9569
vn 0.2411 -0.1633 -0.9567
vn 0.1777 -0.6063 0.7751
vn 0.0403 -0.5237 0.8510
vn 0.0403 -0.5236 0.8510
vn 0.0403 -0.5237 0.8509
vn -0.8633 0.4490 -0.2307
vn -0.8683 0.4392 -0.2306
vn -0.8632 0.4490 -0.2308
vn -0.8683 0.4391 -0.2306
vn -0.8645 0.4465 -0.2308
vn -0.1210 -0.9169 0.3802
vn -0.1962 -0.8808 0.4310
vn -0.1962 -0.8808 0.4309
vn -0.0623 -0.0892 -0.9941
vn -0.0931 -0.1475 -0.9847
vn -0.1201 -0.1982 -0.9728
vn 0.2410 -0.1633 -0.9567
vn 0.2450 -0.1562 -0.9569
vn 0.2378 -0.1693 -0.9564
vn -0.1964 -0.8807 0.4310
vn -0.2696 -0.8362 0.4776
vn -0.8647 0.4462 -0.2307
vn -0.8713 0.4332 -0.2305
vn -0.1000 -0.9352 -0.3398
vn -0.0431 -0.9722 -0.2303
vn -0.0430 -0.9721 -0.2304
vn -0.8258 0.2507 -0.5052
vn -0.8012 0.3122 -0.5105
vn -0.8445 0.1951 -0.4988
vn -0.0428 -0.9722 -0.2300
vn 0.0147 -0.9931 -0.1167
vn -0.0272 -0.0788 0.9965
vn -0.0588 -0.1371 0.9888
vn -0.0860 -0.1881 0.9784
vn -0.6987 -0.6194 -0.3579
vn -0.6275 -0.6629 -0.4085
vn -0.2584 0.1310 0.9571
vn -0.2546 0.1380 0.9572
vn -0.2614 0.1250 0.9571
vn -0.6273 -0.6630 -0.4086
vn -0.5501 -0.7002 -0.4551
vn -0.6273 -0.6630 -0.4085
vn 0.8549 -0.4645 0.2310
vn 0.8510 -0.4715 0.2310
vn 0.8478 -0.4773 0.2312
vn -0.7170 -0.5957 0.3621
vn -0.7805 -0.5717 0.2528
vn -0.7806 -0.5716 0.2529
vn 0.6741 -0.5350 0.5093
vn 0.7115 -0.4803 0.5129
vn 0.6385 -0.5814 0.5042
vn -0.7286 0.0535 0.6829
vn -0.7198 0.0993 0.6870
vn -0.7683 0.1314 0.6265
vn -0.7285 0.0533 0.6830
vn -0.7681 0.1314 0.6267
vn -0.7729 0.0722 0.6304
vn -0.7198 0.0996 0.6870
vn -0.6933 0.1460 0.7057
vn -0.7559 0.1871 0.6274
vn -0.7198 0.0993 0.6871
vn -0.7559 0.1873 0.6273
vn -0.7682 0.1312 0.6266
vn -0.6932 0.1456 0.7059
vn -0.6371 0.1933 0.7461
vn -0.7278 0.2433 0.6412
vn -0.6933 0.1454 0.7058
vn -0.7277 0.2435 0.6412
vn -0.7557 0.1877 0.6275
vn -0.6371 0.1932 0.7461
vn -0.5769 0.2537 0.7764
vn -0.6707 0.3104 0.6737
vn -0.6372 0.1925 0.7463
vn -0.6704 0.3104 0.6740
vn -0.7276 0.2437 0.6412
vn -0.5770 0.2535 0.7764
vn -0.5211 0.3385 0.7835
vn -0.6016 0.3931 0.6954
vn -0.5768 0.2537 0.7765
vn -0.6018 0.3928 0.6954
vn -0.6706 0.3105 0.6737
vn -0.5210 0.3385 0.7836
vn -0.4599 0.4291 0.7774
vn -0.5368 0.4787 0.6948
vn -0.5210 0.3386 0.7835
vn -0.6018 0.3929 0.6953
vn -0.4600 0.4291 0.7773
vn -0.4022 0.5048 0.7638
vn -0.4792 0.5514 0.6829
vn -0.4790 0.5515 0.6829
vn -0.5370 0.4785 0.6948
vn -0.4019 0.5051 0.7638
vn -0.3656 0.5648 0.7398
vn -0.4387 0.6068 0.6628
vn -0.4020 0.5051 0.7637
vn -0.4384 0.6070 0.6629
vn -0.4793 0.5513 0.6829
vn -0.3653 0.5650 0.7398
vn -0.3652 0.6091 0.7040
vn -0.4269 0.6425 0.6363
vn -0.3654 0.5649 0.7398
vn -0.4270 0.6425 0.6363
vn -0.4386 0.6069 0.6628
vn -0.3648 0.6092 0.7041
vn -0.3947 0.6237 0.6747
vn -0.4527 0.6479 0.6126
vn -0.3650 0.6093 0.7040
vn -0.4531 0.6477 0.6126
vn -0.4272 0.6424 0.6363
vn -0.4409 0.6102 0.6582
vn -0.4994 0.6337 0.5908
vn -0.3944 0.6239 0.6746
vn -0.4994 0.6336 0.5909
vn -0.4531 0.6476 0.6126
vn -0.4406 0.6102 0.6584
vn -0.4825 0.5998 0.6383
vn -0.5374 0.6228 0.5686
vn -0.4407 0.6103 0.6582
vn -0.5375 0.6228 0.5685
vn -0.4995 0.6336 0.5908
vn -0.4826 0.5997 0.6383
vn -0.5052 0.6014 0.6190
vn -0.5507 0.6194 0.5596
vn -0.5509 0.6191 0.5597
vn -0.5373 0.6228 0.5687
vn -0.5054 0.6012 0.6190
vn -0.4988 0.6019 0.6236
vn -0.5512 0.6367 0.5393
vn -0.5050 0.6014 0.6191
vn -0.5514 0.6364 0.5394
vn -0.5505 0.6194 0.5597
vn -0.7727 0.0725 0.6306
vn -0.7681 0.1312 0.6268
vn -0.8091 0.1569 0.5664
vn -0.7728 0.0726 0.6305
vn -0.8091 0.1567 0.5663
vn -0.8195 0.0844 0.5668
vn -0.7680 0.1313 0.6268
vn -0.7557 0.1874 0.6275
vn -0.7974 0.2203 0.5618
vn -0.7974 0.2204 0.5617
vn -0.8090 0.1567 0.5666
vn -0.7558 0.1871 0.6275
vn -0.7275 0.2438 0.6414
vn -0.7801 0.2828 0.5582
vn -0.7559 0.1870 0.6274
vn -0.7799 0.2829 0.5583
vn -0.7973 0.2205 0.5618
vn -0.7275 0.2434 0.6415
vn -0.6703 0.3106 0.6740
vn -0.7465 0.3573 0.5613
vn -0.7464 0.3573 0.5615
vn -0.7797 0.2833 0.5583
vn -0.6704 0.3103 0.6741
vn -0.6016 0.3925 0.6957
vn -0.6852 0.4428 0.5783
vn -0.6703 0.3102 0.6742
vn -0.6851 0.4428 0.5784
vn -0.7462 0.3577 0.5614
vn -0.6016 0.3928 0.6956
vn -0.5370 0.4782 0.6950
vn -0.6131 0.5222 0.5928
vn -0.6014 0.3929 0.6957
vn -0.6131 0.5223 0.5928
vn -0.6852 0.4429 0.5782
vn -0.5369 0.4784 0.6949
vn -0.4791 0.5510 0.6833
vn -0.5497 0.5892 0.5922
vn -0.5366 0.4786 0.6950
vn -0.5497 0.5892 0.5921
vn -0.6132 0.5222 0.5927
vn -0.4789 0.5513 0.6831
vn -0.4386 0.6066 0.6631
vn -0.5058 0.6395 0.5789
vn -0.4787 0.5514 0.6832
vn -0.5056 0.6396 0.5790
vn -0.5499 0.5890 0.5922
vn -0.4384 0.6068 0.6630
vn -0.4269 0.6424 0.6364
vn -0.4866 0.6678 0.5633
vn -0.4385 0.6068 0.6629
vn -0.4866 0.6679 0.5631
vn -0.5057 0.6396 0.5790
vn -0.4268 0.6426 0.6363
vn -0.4530 0.6475 0.6128
vn -0.5024 0.6672 0.5499
vn -0.4267 0.6426 0.6364
vn -0.5029 0.6669 0.5498
vn -0.4868 0.6676 0.5633
vn -0.4530 0.6474 0.6129
vn -0.4994 0.6335 0.5910
vn -0.5421 0.6482 0.5348
vn -0.4526 0.6479 0.6126
vn -0.5426 0.6479 0.5346
vn -0.5028 0.6670 0.5499
vn -0.5375 0.6227 0.5687
vn -0.5683 0.6340 0.5244
vn -0.4992 0.6337 0.5910
vn -0.5685 0.6338 0.5245
vn -0.5423 0.6479 0.5349
vn -0.5376 0.6225 0.5687
vn -0.5503 0.6196 0.5597
vn -0.5851 0.6428 0.4944
vn -0.5372 0.6228 0.5687
vn -0.5858 0.6423 0.4943
vn -0.5685 0.6339 0.5243
vn -0.5505 0.6192 0.5599
vn -0.5513 0.6363 0.5396
vn -0.5823 0.6628 0.4708
vn -0.5506 0.6194 0.5596
vn -0.5826 0.6627 0.4706
vn -0.5853 0.6427 0.4943
vn -0.8193 0.0848 0.5670
vn -0.8090 0.1564 0.5666
vn -0.8496 0.1761 0.4971
vn -0.8496 0.1758 0.4972
vn -0.8634 0.0929 0.4959
vn -0.8090 0.1570 0.5665
vn -0.7972 0.2205 0.5620
vn -0.8304 0.2476 0.4991
vn -0.8089 0.1567 0.5667
vn -0.8496 0.1759 0.4972
vn -0.7973 0.2202 0.5619
vn -0.7798 0.2830 0.5584
vn -0.8125 0.3159 0.4899
vn -0.7972 0.2204 0.5621
vn -0.8124 0.3160 0.4900
vn -0.8303 0.2478 0.4991
vn -0.7799 0.2828 0.5584
vn -0.7461 0.3576 0.5616
vn -0.7872 0.3953 0.4733
vn -0.7799 0.2827 0.5585
vn -0.7872 0.3954 0.4733
vn -0.8122 0.3165 0.4900
vn -0.7463 0.3571 0.5617
vn -0.6850 0.4427 0.5786
vn -0.7454 0.4805 0.4621
vn -0.7463 0.3572 0.5617
vn -0.7455 0.4804 0.4620
vn -0.7869 0.3958 0.4734
vn -0.6855 0.4423 0.5784
vn -0.6131 0.5220 0.5930
vn -0.6841 0.5557 0.4724
vn -0.6851 0.4426 0.5785
vn -0.6841 0.5555 0.4727
vn -0.7454 0.4804 0.4621
vn -0.6130 0.5222 0.5929
vn -0.5497 0.5890 0.5924
vn -0.6165 0.6167 0.4895
vn -0.6129 0.5223 0.5929
vn -0.6169 0.6163 0.4896
vn -0.6841 0.5556 0.4725
vn -0.5497 0.5890 0.5923
vn -0.5057 0.6394 0.5792
vn -0.5632 0.6618 0.4947
vn -0.5496 0.5891 0.5923
vn -0.5635 0.6615 0.4947
vn -0.6170 0.6164 0.4893
vn -0.5056 0.6396 0.5791
vn -0.4867 0.6677 0.5633
vn -0.5407 0.6845 0.4890
vn -0.5054 0.6398 0.5790
vn -0.5409 0.6844 0.4889
vn -0.5637 0.6614 0.4948
vn -0.5029 0.6668 0.5500
vn -0.5504 0.6789 0.4860
vn -0.4864 0.6679 0.5633
vn -0.5510 0.6785 0.4859
vn -0.5410 0.6842 0.4890
vn -0.5028 0.6668 0.5501
vn -0.5425 0.6479 0.5348
vn -0.5764 0.6566 0.4864
vn -0.5022 0.6673 0.5501
vn -0.5764 0.6565 0.4865
vn -0.5509 0.6785 0.4860
vn -0.5425 0.6477 0.5350
vn -0.6016 0.6492 0.4654
vn -0.5420 0.6482 0.5348
vn -0.6019 0.6490 0.4653
vn -0.5766 0.6565 0.4864
vn -0.5685 0.6337 0.5247
vn -0.5850 0.6427 0.4947
vn -0.6083 0.6604 0.4402
vn -0.5684 0.6339 0.5245
vn -0.6088 0.6601 0.4401
vn -0.6016 0.6491 0.4654
vn -0.5854 0.6425 0.4945
vn -0.5826 0.6626 0.4707
vn -0.5947 0.6739 0.4385
vn -0.5853 0.6425 0.4945
vn -0.5944 0.6741 0.4386
vn -0.6083 0.6605 0.4402
vn -0.8633 0.0930 0.4960
vn -0.8495 0.1758 0.4975
vn -0.8874 0.1928 0.4187
vn -0.8633 0.0935 0.4960
vn -0.9026 0.1004 0.4186
vn -0.8495 0.1761 0.4973
vn -0.8303 0.2476 0.4993
vn -0.8647 0.2716 0.4225
vn -0.8495 0.1757 0.4974
vn -0.8645 0.2719 0.4227
vn -0.8874 0.1927 0.4188
vn -0.8123 0.3162 0.4901
vn -0.8385 0.3470 0.4200
vn -0.8303 0.2474 0.4994
vn -0.8385 0.3471 0.4200
vn -0.8645 0.2722 0.4225
vn -0.8124 0.3159 0.4901
vn -0.8113 0.4299 0.3963
vn -0.8124 0.3161 0.4900
vn -0.8113 0.4297 0.3964
vn -0.8383 0.3475 0.4202
vn -0.7871 0.3952 0.4735
vn -0.7453 0.4805 0.4622
vn -0.7773 0.5109 0.3670
vn -0.7871 0.3953 0.4735
vn -0.7772 0.5110 0.3671
vn -0.8111 0.4301 0.3964
vn -0.7453 0.4803 0.4625
vn -0.6841 0.5554 0.4728
vn -0.7349 0.5787 0.3535
vn -0.7453 0.4803 0.4624
vn -0.7349 0.5786 0.3536
vn -0.7773 0.5110 0.3671
vn -0.6842 0.5553 0.4728
vn -0.6170 0.6160 0.4897
vn -0.6819 0.6340 0.3647
vn -0.6839 0.5555 0.4729
vn -0.6822 0.6337 0.3647
vn -0.7350 0.5785 0.3537
vn -0.6168 0.6163 0.4896
vn -0.5637 0.6613 0.4949
vn -0.6296 0.6747 0.3852
vn -0.6167 0.6162 0.4898
vn -0.6298 0.6745 0.3852
vn -0.5637 0.6614 0.4949
vn -0.5410 0.6841 0.4891
vn -0.5977 0.6947 0.4001
vn -0.5634 0.6616 0.4948
vn -0.5979 0.6946 0.4001
vn -0.6395 0.6662 0.3837
vn -0.5409 0.6843 0.4891
vn -0.5506 0.6785 0.4863
vn -0.5995 0.6841 0.4154
vn -0.5408 0.6843 0.4892
vn -0.5999 0.6838 0.4154
vn -0.5980 0.6945 0.4001
vn -0.5507 0.6784 0.4863
vn -0.5765 0.6564 0.4866
vn -0.6172 0.6635 0.4229
vn -0.5504 0.6787 0.4862
vn -0.6173 0.6635 0.4227
vn -0.6000 0.6838 0.4153
vn -0.5765 0.6564 0.4867
vn -0.6014 0.6491 0.4658
vn -0.6266 0.6601 0.4142
vn -0.5762 0.6567 0.4865
vn -0.6268 0.6600 0.4140
vn -0.6174 0.6634 0.4228
vn -0.6018 0.6488 0.4657
vn -0.6084 0.6603 0.4402
vn -0.6225 0.6692 0.4057
vn -0.6013 0.6493 0.4657
vn -0.6229 0.6688 0.4059
vn -0.6268 0.6601 0.4141
vn -0.6086 0.6602 0.4401
vn -0.5944 0.6740 0.4386
vn -0.6039 0.6947 0.3907
vn -0.6087 0.6602 0.4401
vn -0.6036 0.6950 0.3907
vn -0.6227 0.6690 0.4058
vn -0.9025 0.1004 0.4187
vn -0.8874 0.1929 0.4188
vn -0.9190 0.2096 0.3339
vn -0.9026 0.1007 0.4186
vn -0.9190 0.2097 0.3339
vn -0.9373 0.1062 0.3320
vn -0.8874 0.1930 0.4187
vn -0.8644 0.2719 0.4230
vn -0.8948 0.2948 0.3354
vn -0.8873 0.1930 0.4189
vn -0.8947 0.2950 0.3353
vn -0.9191 0.2094 0.3339
vn -0.8645 0.2719 0.4228
vn -0.8383 0.3475 0.4201
vn -0.8640 0.3768 0.3339
vn -0.8646 0.2715 0.4229
vn -0.8641 0.3768 0.3338
vn -0.8946 0.2954 0.3354
vn -0.8385 0.3469 0.4203
vn -0.8111 0.4299 0.3965
vn -0.8279 0.4620 0.3180
vn -0.8385 0.3470 0.4202
vn -0.8279 0.4620 0.3181
vn -0.8639 0.3770 0.3339
vn -0.8112 0.4297 0.3967
vn -0.7773 0.5108 0.3674
vn -0.7931 0.5383 0.2851
vn -0.8112 0.4298 0.3966
vn -0.7932 0.5382 0.2850
vn -0.7771 0.5109 0.3674
vn -0.7350 0.5784 0.3539
vn -0.7598 0.5972 0.2568
vn -0.7772 0.5109 0.3674
vn -0.7600 0.5971 0.2567
vn -0.7931 0.5383 0.2850
vn -0.7351 0.5784 0.3538
vn -0.6821 0.6336 0.3650
vn -0.7254 0.6418 0.2487
vn -0.7348 0.5786 0.3539
vn -0.7256 0.6416 0.2486
vn -0.7599 0.5971 0.2568
vn -0.6823 0.6335 0.3649
vn -0.6300 0.6743 0.3854
vn -0.6875 0.6773 0.2622
vn -0.6820 0.6337 0.3650
vn -0.6877 0.6770 0.2621
vn -0.6300 0.6743 0.3853
vn -0.5981 0.6943 0.4003
vn -0.6618 0.6935 0.2849
vn -0.6297 0.6745 0.3854
vn -0.6620 0.6932 0.2850
vn -0.6878 0.6769 0.2622
vn -0.5979 0.6944 0.4004
vn -0.5999 0.6837 0.4156
vn -0.6633 0.6793 0.3140
vn -0.5977 0.6946 0.4003
vn -0.6631 0.6794 0.3140
vn -0.6620 0.6933 0.2849
vn -0.5997 0.6838 0.4156
vn -0.6174 0.6632 0.4230
vn -0.6683 0.6662 0.3309
vn -0.5996 0.6839 0.4157
vn -0.6683 0.6663 0.3309
vn -0.6635 0.6791 0.3140
vn -0.6173 0.6633 0.4230
vn -0.6270 0.6598 0.4143
vn -0.6689 0.6706 0.3208
vn -0.6172 0.6634 0.4231
vn -0.6691 0.6704 0.3207
vn -0.6684 0.6662 0.3308
vn -0.6268 0.6599 0.4142
vn -0.6594 0.6955 0.2853
vn -0.6265 0.6602 0.4143
vn -0.6594 0.6955 0.2854
vn -0.6690 0.6705 0.3208
vn -0.6228 0.6689 0.4058
vn -0.6036 0.6949 0.3908
vn -0.6166 0.7488 0.2432
vn -0.6231 0.6686 0.4057
vn -0.6164 0.7488 0.2435
vn -0.6593 0.6956 0.2855
vn -0.9372 0.1061 0.3323
vn -0.9189 0.2097 0.3340
vn -0.9435 0.2255 0.2427
vn -0.9372 0.1067 0.3322
vn -0.9435 0.2256 0.2426
vn -0.9651 0.1118 0.2367
vn -0.9189 0.2095 0.3341
vn -0.8946 0.2951 0.3355
vn -0.9157 0.3175 0.2462
vn -0.9189 0.2094 0.3342
vn -0.9157 0.3175 0.2463
vn -0.9435 0.2255 0.2428
vn -0.8946 0.2950 0.3356
vn -0.8638 0.3771 0.3341
vn -0.8820 0.4042 0.2421
vn -0.8947 0.2950 0.3355
vn -0.8820 0.4042 0.2422
vn -0.9156 0.3179 0.2463
vn -0.8640 0.3767 0.3340
vn -0.8279 0.4618 0.3182
vn -0.8409 0.4897 0.2303
vn -0.8639 0.3769 0.3341
vn -0.8410 0.4896 0.2303
vn -0.8820 0.4045 0.2419
vn -0.8279 0.4619 0.3183
vn -0.7930 0.5384 0.2852
vn -0.8006 0.5608 0.2110
vn -0.8279 0.4618 0.3183
vn -0.8006 0.5608 0.2109
vn -0.8409 0.4897 0.2304
vn -0.7932 0.5381 0.2852
vn -0.7601 0.5969 0.2569
vn -0.7689 0.6128 0.1822
vn -0.7930 0.5384 0.2851
vn -0.7690 0.6128 0.1821
vn -0.8005 0.5610 0.2109
vn -0.7600 0.5970 0.2570
vn -0.7255 0.6417 0.2488
vn -0.7453 0.6473 0.1600
vn -0.7598 0.5972 0.2570
vn -0.7453 0.6473 0.1598
vn -0.7691 0.6126 0.1822
vn -0.7257 0.6415 0.2487
vn -0.6875 0.6771 0.2623
vn -0.7259 0.6698 0.1564
vn -0.7256 0.6417 0.2487
vn -0.7454 0.6472 0.1598
vn -0.6878 0.6770 0.2622
vn -0.6618 0.6933 0.2851
vn -0.7134 0.6797 0.1702
vn -0.6876 0.6771 0.2624
vn -0.7134 0.6798 0.1702
vn -0.7256 0.6701 0.1563
vn -0.6619 0.6932 0.2852
vn -0.6631 0.6793 0.3144
vn -0.7165 0.6677 0.2020
vn -0.6618 0.6933 0.2852
vn -0.7163 0.6679 0.2021
vn -0.7134 0.6798 0.1701
vn -0.6633 0.6792 0.3143
vn -0.6678 0.6665 0.3313
vn -0.7171 0.6613 0.2199
vn -0.6632 0.6792 0.3143
vn -0.7168 0.6616 0.2203
vn -0.7161 0.6681 0.2020
vn -0.6683 0.6661 0.3312
vn -0.6688 0.6704 0.3212
vn -0.7115 0.6750 0.1953
vn -0.6679 0.6664 0.3313
vn -0.7116 0.6750 0.1952
vn -0.7168 0.6616 0.2202
vn -0.6691 0.6702 0.3212
vn -0.6596 0.6952 0.2857
vn -0.6895 0.7117 0.1344
vn -0.6686 0.6706 0.3213
vn -0.6898 0.7114 0.1344
vn -0.7114 0.6751 0.1953
vn -0.6593 0.6954 0.2858
vn -0.6166 0.7486 0.2437
vn -0.6209 0.7805 0.0727
vn -0.6598 0.6951 0.2857
vn -0.6207 0.7807 0.0725
vn -0.9651 0.1119 0.2369
vn -0.9435 0.2254 0.2430
vn -0.9597 0.2399 0.1466
vn -0.9650 0.1123 0.2368
vn -0.9839 0.1186 0.1333
vn -0.9435 0.2255 0.2429
vn -0.9155 0.3179 0.2465
vn -0.9282 0.3380 0.1556
vn -0.9434 0.2255 0.2431
vn -0.9281 0.3381 0.1556
vn -0.9595 0.2404 0.1466
vn -0.9158 0.3172 0.2465
vn -0.8818 0.4048 0.2422
vn -0.8902 0.4287 0.1544
vn -0.9157 0.3175 0.2464
vn -0.8901 0.4289 0.1544
vn -0.9281 0.3382 0.1555
vn -0.8819 0.4043 0.2425
vn -0.8409 0.4896 0.2306
vn -0.8466 0.5125 0.1435
vn -0.8819 0.4043 0.2424
vn -0.8467 0.5125 0.1434
vn -0.8900 0.4290 0.1545
vn -0.8410 0.4896 0.2305
vn -0.8006 0.5607 0.2111
vn -0.8054 0.5777 0.1329
vn -0.8408 0.4896 0.2307
vn -0.8055 0.5775 0.1328
vn -0.8467 0.5124 0.1435
vn -0.8005 0.5608 0.2112
vn -0.7689 0.6128 0.1823
vn -0.7714 0.6252 0.1182
vn -0.8004 0.5610 0.2111
vn -0.7716 0.6250 0.1183
vn -0.7691 0.6125 0.1824
vn -0.7454 0.6471 0.1601
vn -0.7511 0.6538 0.0910
vn -0.7691 0.6126 0.1823
vn -0.7513 0.6537 0.0910
vn -0.7717 0.6249 0.1181
vn -0.7454 0.6471 0.1600
vn -0.7258 0.6699 0.1566
vn -0.7447 0.6634 0.0732
vn -0.7453 0.6472 0.1600
vn -0.7447 0.6634 0.0731
vn -0.7260 0.6697 0.1564
vn -0.7133 0.6798 0.1705
vn -0.7440 0.6629 0.0833
vn -0.7261 0.6695 0.1567
vn -0.7440 0.6630 0.0835
vn -0.7446 0.6634 0.0732
vn -0.7135 0.6797 0.1704
vn -0.7162 0.6679 0.2023
vn -0.7495 0.6518 0.1157
vn -0.7136 0.6795 0.1704
vn -0.7492 0.6522 0.1156
vn -0.7437 0.6633 0.0834
vn -0.7168 0.6615 0.2203
vn -0.7481 0.6509 0.1291
vn -0.7165 0.6677 0.2021
vn -0.7479 0.6512 0.1290
vn -0.7491 0.6522 0.1156
vn -0.7170 0.6614 0.2204
vn -0.7114 0.6750 0.1955
vn -0.7339 0.6719 0.0998
vn -0.7169 0.6615 0.2203
vn -0.7338 0.6719 0.0998
vn -0.7479 0.6511 0.1290
vn -0.7116 0.6748 0.1957
vn -0.6896 0.7115 0.1346
vn -0.7001 0.7133 0.0331
vn -0.7113 0.6751 0.1955
vn -0.7005 0.7129 0.0331
vn -0.7338 0.6720 0.0998
vn -0.6898 0.7114 0.1349
vn -0.6207 0.7806 0.0728
vn -0.6174 0.7854 -0.0446
vn -0.6898 0.7114 0.1346
vn -0.6169 0.7858 -0.0444
vn -0.7001 0.7133 0.0335
vn -0.9839 0.1186 0.1336
vn -0.9595 0.2403 0.1467
vn -0.9662 0.2527 0.0504
vn -0.9839 0.1185 0.1336
vn -0.9662 0.2529 0.0503
vn -0.9917 0.1256 0.0290
vn -0.9595 0.2403 0.1469
vn -0.9280 0.3383 0.1558
vn -0.9322 0.3557 0.0661
vn -0.9596 0.2401 0.1469
vn -0.9323 0.3556 0.0661
vn -0.9662 0.2530 0.0503
vn -0.9281 0.3381 0.1559
vn -0.8899 0.4290 0.1547
vn -0.8905 0.4494 0.0714
vn -0.9282 0.3378 0.1558
vn -0.8905 0.4494 0.0713
vn -0.9321 0.3562 0.0661
vn -0.8901 0.4288 0.1547
vn -0.8467 0.5123 0.1437
vn -0.8449 0.5309 0.0658
vn -0.8900 0.4288 0.1547
vn -0.8449 0.5308 0.0658
vn -0.8904 0.4496 0.0714
vn -0.8466 0.5124 0.1439
vn -0.8056 0.5774 0.1330
vn -0.8056 0.5897 0.0567
vn -0.8466 0.5124 0.1438
vn -0.8056 0.5898 0.0567
vn -0.8450 0.5306 0.0659
vn -0.8056 0.5773 0.1330
vn -0.7715 0.6251 0.1183
vn -0.7725 0.6332 0.0482
vn -0.8055 0.5774 0.1331
vn -0.7726 0.6330 0.0481
vn -0.8079 0.5866 0.0562
vn -0.7717 0.6249 0.1184
vn -0.7512 0.6537 0.0911
vn -0.7503 0.6603 0.0309
vn -0.7716 0.6250 0.1185
vn -0.7504 0.6603 0.0308
vn -0.7727 0.6329 0.0480
vn -0.7512 0.6537 0.0912
vn -0.7445 0.6635 0.0733
vn -0.7510 0.6602 0.0090
vn -0.7510 0.6602 0.0087
vn -0.7504 0.6603 0.0309
vn -0.7446 0.6635 0.0733
vn -0.7438 0.6632 0.0836
vn -0.7639 0.6453 0.0073
vn -0.7449 0.6631 0.0734
vn -0.7636 0.6457 0.0075
vn -0.7509 0.6604 0.0089
vn -0.7438 0.6632 0.0837
vn -0.7492 0.6521 0.1158
vn -0.7738 0.6326 0.0320
vn -0.7440 0.6629 0.0836
vn -0.7735 0.6330 0.0321
vn -0.7492 0.6522 0.1157
vn -0.7480 0.6510 0.1292
vn -0.7705 0.6362 0.0399
vn -0.7496 0.6517 0.1157
vn -0.7704 0.6363 0.0399
vn -0.7736 0.6329 0.0320
vn -0.7480 0.6510 0.1293
vn -0.7338 0.6719 0.1000
vn -0.7496 0.6618 0.0112
vn -0.7481 0.6509 0.1292
vn -0.7703 0.6364 0.0399
vn -0.7338 0.6719 0.1001
vn -0.7003 0.7130 0.0333
vn -0.7073 0.7052 -0.0505
vn -0.7336 0.6721 0.1002
vn -0.7073 0.7051 -0.0506
vn -0.7004 0.7130 0.0334
vn -0.6171 0.7856 -0.0444
vn -0.5977 0.7786 -0.1910
vn -0.7002 0.7132 0.0335
vn -0.5976 0.7787 -0.1911
vn -0.7074 0.7051 -0.0503
vn -0.9917 0.1254 0.0292
vn -0.9662 0.2529 0.0506
vn -0.9639 0.2628 -0.0428
vn -0.9917 0.1256 0.0291
vn -0.9639 0.2630 -0.0428
vn -0.9887 0.1328 -0.0700
vn -0.9662 0.2528 0.0506
vn -0.9321 0.3560 0.0662
vn -0.9286 0.3703 -0.0215
vn -0.9662 0.2528 0.0507
vn -0.9286 0.3704 -0.0215
vn -0.9639 0.2630 -0.0427
vn -0.9323 0.3557 0.0664
vn -0.8904 0.4495 0.0716
vn -0.8844 0.4667 -0.0114
vn -0.9323 0.3557 0.0663
vn -0.8843 0.4667 -0.0114
vn -0.9286 0.3705 -0.0215
vn -0.8905 0.4494 0.0715
vn -0.8450 0.5306 0.0660
vn -0.8383 0.5451 -0.0099
vn -0.8905 0.4494 0.0716
vn -0.8385 0.5448 -0.0099
vn -0.8891 0.4577 -0.0117
vn -0.8450 0.5307 0.0661
vn -0.8057 0.5895 0.0567
vn -0.7998 0.6000 -0.0157
vn -0.8449 0.5307 0.0661
vn -0.8001 0.5997 -0.0157
vn -0.8385 0.5449 -0.0097
vn -0.8058 0.5894 0.0569
vn -0.7728 0.6328 0.0482
vn -0.7696 0.6380 -0.0263
vn -0.8056 0.5897 0.0568
vn -0.8001 0.5996 -0.0156
vn -0.7486 0.6620 -0.0371
vn -0.7486 0.6620 -0.0370
vn -0.7697 0.6378 -0.0262
vn -0.7506 0.6600 0.0309
vn -0.7508 0.6604 0.0090
vn -0.7507 0.6588 -0.0494
vn -0.7505 0.6601 0.0310
vn -0.7508 0.6587 -0.0495
vn -0.7508 0.6604 0.0091
vn -0.7635 0.6457 0.0078
vn -0.7729 0.6319 -0.0583
vn -0.7511 0.6601 0.0090
vn -0.7725 0.6324 -0.0583
vn -0.7505 0.6590 -0.0494
vn -0.7636 0.6456 0.0075
vn -0.7736 0.6329 0.0321
vn -0.7897 0.6116 -0.0478
vn -0.7637 0.6455 0.0075
vn -0.7895 0.6118 -0.0478
vn -0.7725 0.6324 -0.0581
vn -0.7734 0.6330 0.0323
vn -0.7705 0.6362 0.0402
vn -0.7847 0.6184 -0.0425
vn -0.7737 0.6327 0.0321
vn -0.7845 0.6187 -0.0424
vn -0.7897 0.6117 -0.0477
vn -0.7702 0.6365 0.0401
vn -0.7497 0.6617 0.0113
vn -0.7598 0.6449 -0.0825
vn -0.7704 0.6363 0.0402
vn -0.7597 0.6451 -0.0825
vn -0.7846 0.6185 -0.0424
vn -0.7496 0.6618 0.0114
vn -0.7075 0.7049 -0.0504
vn -0.7087 0.6837 -0.1739
vn -0.7495 0.6619 0.0114
vn -0.7088 0.6837 -0.1739
vn -0.7600 0.6447 -0.0825
vn -0.7074 0.7050 -0.0503
vn -0.5719 0.7541 -0.3227
vn -0.7072 0.7052 -0.0502
vn -0.5721 0.7540 -0.3229
vn -0.7089 0.6835 -0.1739
vn -0.9887 0.1328 -0.0699
vn -0.9638 0.2630 -0.0426
vn -0.9528 0.2721 -0.1342
vn -0.9887 0.1328 -0.0697
vn -0.9528 0.2724 -0.1342
vn -0.9765 0.1420 -0.1624
vn -0.9639 0.2627 -0.0426
vn -0.9286 0.3706 -0.0213
vn -0.9168 0.3836 -0.1110
vn -0.9640 0.2626 -0.0425
vn -0.9168 0.3836 -0.1112
vn -0.9566 0.2595 -0.1322
vn -0.8845 0.4665 -0.0112
vn -0.8710 0.4815 -0.0977
vn -0.9286 0.3705 -0.0213
vn -0.8709 0.4817 -0.0978
vn -0.9167 0.3838 -0.1111
vn -0.8844 0.4665 -0.0112
vn -0.8386 0.5446 -0.0097
vn -0.8258 0.5564 -0.0922
vn -0.8843 0.4667 -0.0111
vn -0.8258 0.5563 -0.0922
vn -0.8710 0.4815 -0.0978
vn -0.8385 0.5448 -0.0097
vn -0.8002 0.5995 -0.0155
vn -0.7890 0.6074 -0.0929
vn -0.8384 0.5450 -0.0097
vn -0.7890 0.6073 -0.0928
vn -0.8259 0.5562 -0.0923
vn -0.8000 0.5998 -0.0153
vn -0.7698 0.6377 -0.0260
vn -0.7615 0.6406 -0.0986
vn -0.8002 0.5995 -0.0154
vn -0.7617 0.6404 -0.0987
vn -0.7892 0.6071 -0.0928
vn -0.7487 0.6619 -0.0369
vn -0.7451 0.6586 -0.1056
vn -0.7698 0.6378 -0.0262
vn -0.7451 0.6586 -0.1057
vn -0.7618 0.6403 -0.0986
vn -0.7490 0.6616 -0.0369
vn -0.7506 0.6589 -0.0492
vn -0.7482 0.6535 -0.1147
vn -0.7489 0.6616 -0.0370
vn -0.7481 0.6536 -0.1146
vn -0.7391 0.6656 -0.1037
vn -0.7724 0.6324 -0.0580
vn -0.7734 0.6223 -0.1207
vn -0.7509 0.6586 -0.0493
vn -0.7733 0.6224 -0.1207
vn -0.7480 0.6537 -0.1146
vn -0.7897 0.6117 -0.0475
vn -0.7968 0.5931 -0.1152
vn -0.7728 0.6320 -0.0581
vn -0.7967 0.5933 -0.1152
vn -0.7732 0.6226 -0.1206
vn -0.7895 0.6119 -0.0476
vn -0.7926 0.5980 -0.1190
vn -0.7898 0.6115 -0.0475
vn -0.7923 0.5984 -0.1189
vn -0.7969 0.5931 -0.1151
vn -0.7845 0.6187 -0.0423
vn -0.7599 0.6448 -0.0824
vn -0.7575 0.6238 -0.1927
vn -0.7847 0.6185 -0.0422
vn -0.7574 0.6238 -0.1928
vn -0.7926 0.5980 -0.1189
vn -0.7598 0.6449 -0.0822
vn -0.7090 0.6834 -0.1738
vn -0.6866 0.6309 -0.3613
vn -0.7597 0.6450 -0.0822
vn -0.6865 0.6309 -0.3613
vn -0.7576 0.6236 -0.1927
vn -0.7089 0.6836 -0.1736
vn -0.5721 0.7539 -0.3231
vn -0.5306 0.6709 -0.5180
vn -0.7087 0.6839 -0.1734
vn -0.5309 0.6707 -0.5181
vn -0.6865 0.6311 -0.3612
vn -0.9764 0.1424 -0.1624
vn -0.9528 0.2725 -0.1341
vn -0.9326 0.2825 -0.2246
vn -0.9764 0.1423 -0.1622
vn -0.9325 0.2828 -0.2247
vn -0.9556 0.1535 -0.2516
vn -0.9528 0.2723 -0.1339
vn -0.9168 0.3836 -0.1109
vn -0.8952 0.3959 -0.2048
vn -0.9529 0.2721 -0.1341
vn -0.8952 0.3959 -0.2049
vn -0.9325 0.2827 -0.2247
vn -0.9168 0.3837 -0.1109
vn -0.8710 0.4815 -0.0974
vn -0.8484 0.4937 -0.1907
vn -0.9169 0.3835 -0.1107
vn -0.8486 0.4935 -0.1906
vn -0.8952 0.3958 -0.2048
vn -0.8710 0.4815 -0.0975
vn -0.8260 0.5561 -0.0921
vn -0.8057 0.5636 -0.1823
vn -0.8710 0.4816 -0.0975
vn -0.8055 0.5639 -0.1822
vn -0.8487 0.4933 -0.1908
vn -0.8259 0.5563 -0.0919
vn -0.7892 0.6072 -0.0927
vn -0.7731 0.6094 -0.1759
vn -0.8259 0.5562 -0.0922
vn -0.7733 0.6091 -0.1759
vn -0.8057 0.5636 -0.1824
vn -0.7892 0.6071 -0.0925
vn -0.7618 0.6402 -0.0985
vn -0.7512 0.6376 -0.1706
vn -0.7893 0.6070 -0.0926
vn -0.7734 0.6090 -0.1759
vn -0.7617 0.6404 -0.0985
vn -0.7450 0.6587 -0.1056
vn -0.7373 0.6526 -0.1745
vn -0.7617 0.6403 -0.0986
vn -0.7373 0.6527 -0.1746
vn -0.7515 0.6373 -0.1707
vn -0.7451 0.6585 -0.1056
vn -0.7482 0.6536 -0.1144
vn -0.7415 0.6446 -0.1863
vn -0.7453 0.6583 -0.1057
vn -0.7414 0.6447 -0.1862
vn -0.7434 0.6451 -0.1766
vn -0.7483 0.6534 -0.1144
vn -0.7732 0.6227 -0.1203
vn -0.7700 0.6086 -0.1916
vn -0.7484 0.6533 -0.1145
vn -0.7696 0.6091 -0.1915
vn -0.7413 0.6448 -0.1860
vn -0.7733 0.6225 -0.1204
vn -0.7966 0.5934 -0.1150
vn -0.7957 0.5731 -0.1959
vn -0.7736 0.6221 -0.1205
vn -0.7952 0.5738 -0.1960
vn -0.7698 0.6088 -0.1916
vn -0.7967 0.5934 -0.1151
vn -0.7926 0.5980 -0.1188
vn -0.7866 0.5673 -0.2440
vn -0.7969 0.5931 -0.1150
vn -0.7864 0.5676 -0.2439
vn -0.7956 0.5733 -0.1960
vn -0.7925 0.5982 -0.1188
vn -0.7576 0.6237 -0.1926
vn -0.7342 0.5848 -0.3449
vn -0.7926 0.5980 -0.1187
vn -0.7340 0.5851 -0.3449
vn -0.7866 0.5672 -0.2439
vn -0.7574 0.6239 -0.1925
vn -0.6868 0.6308 -0.3611
vn -0.6325 0.5743 -0.5197
vn -0.7575 0.6238 -0.1925
vn -0.6324 0.5747 -0.5194
vn -0.6865 0.6309 -0.3615
vn -0.5309 0.6707 -0.5180
vn -0.4572 0.5186 -0.7225
vn -0.6867 0.6310 -0.3609
vn -0.4574 0.5186 -0.7224
vn -0.6326 0.5744 -0.5196
vn -0.9556 0.1539 -0.2514
vn -0.9325 0.2829 -0.2245
vn -0.9045 0.2929 -0.3101
vn -0.9556 0.1536 -0.2515
vn -0.9044 0.2930 -0.3102
vn -0.9274 0.1657 -0.3354
vn -0.9325 0.2829 -0.2246
vn -0.8952 0.3959 -0.2047
vn -0.8654 0.4061 -0.2937
vn -0.9326 0.2826 -0.2246
vn -0.8654 0.4060 -0.2936
vn -0.9044 0.2929 -0.3103
vn -0.8488 0.4933 -0.1903
vn -0.8195 0.4997 -0.2807
vn -0.8953 0.3957 -0.2047
vn -0.8194 0.4997 -0.2808
vn -0.8655 0.4059 -0.2937
vn -0.8487 0.4935 -0.1904
vn -0.8056 0.5637 -0.1822
vn -0.7825 0.5634 -0.2651
vn -0.8487 0.4934 -0.1905
vn -0.7825 0.5633 -0.2653
vn -0.8196 0.4994 -0.2808
vn -0.8057 0.5636 -0.1820
vn -0.7734 0.6090 -0.1758
vn -0.7579 0.6034 -0.2481
vn -0.8056 0.5638 -0.1820
vn -0.7579 0.6034 -0.2482
vn -0.7827 0.5630 -0.2652
vn -0.7734 0.6091 -0.1758
vn -0.7515 0.6374 -0.1704
vn -0.7391 0.6295 -0.2398
vn -0.7735 0.6090 -0.1756
vn -0.7390 0.6296 -0.2397
vn -0.7580 0.6032 -0.2481
vn -0.7514 0.6375 -0.1705
vn -0.7375 0.6525 -0.1743
vn -0.7245 0.6448 -0.2436
vn -0.7244 0.6450 -0.2435
vn -0.7392 0.6294 -0.2398
vn -0.7374 0.6526 -0.1743
vn -0.7413 0.6449 -0.1859
vn -0.7293 0.6352 -0.2542
vn -0.7376 0.6524 -0.1742
vn -0.7294 0.6352 -0.2541
vn -0.7245 0.6449 -0.2435
vn -0.7415 0.6447 -0.1860
vn -0.7697 0.6090 -0.1915
vn -0.7600 0.5943 -0.2629
vn -0.7416 0.6446 -0.1860
vn -0.7599 0.5946 -0.2628
vn -0.7291 0.6355 -0.2542
vn -0.7698 0.6089 -0.1914
vn -0.7955 0.5734 -0.1958
vn -0.7851 0.5539 -0.2772
vn -0.7850 0.5541 -0.2772
vn -0.7599 0.5945 -0.2629
vn -0.7954 0.5736 -0.1956
vn -0.7869 0.5669 -0.2437
vn -0.7667 0.5445 -0.3401
vn -0.7957 0.5731 -0.1958
vn -0.7666 0.5447 -0.3402
vn -0.7850 0.5540 -0.2771
vn -0.7864 0.5676 -0.2438
vn -0.7344 0.5849 -0.3444
vn -0.6873 0.5393 -0.4866
vn -0.7868 0.5671 -0.2436
vn -0.6869 0.5396 -0.4868
vn -0.7669 0.5443 -0.3401
vn -0.7342 0.5852 -0.3444
vn -0.6326 0.5744 -0.5195
vn -0.5608 0.5092 -0.6529
vn -0.7342 0.5851 -0.3445
vn -0.5608 0.5093 -0.6528
vn -0.6876 0.5390 -0.4865
vn -0.6325 0.5745 -0.5195
vn -0.4574 0.5187 -0.7223
vn -0.4274 0.4606 -0.7779
vn -0.6328 0.5742 -0.5194
vn -0.4271 0.4609 -0.7779
vn -0.5609 0.5093 -0.6527
vn -0.9273 0.1664 -0.3353
vn -0.9045 0.2931 -0.3099
vn -0.8686 0.3002 -0.3943
vn -0.9274 0.1656 -0.3353
vn -0.8687 0.3000 -0.3942
vn -0.8930 0.1776 -0.4135
vn -0.9044 0.2931 -0.3102
vn -0.8655 0.4060 -0.2934
vn -0.8289 0.4109 -0.3795
vn -0.9045 0.2929 -0.3099
vn -0.8686 0.3000 -0.3943
vn -0.8654 0.4062 -0.2935
vn -0.8197 0.4993 -0.2807
vn -0.7891 0.4967 -0.3614
vn -0.8655 0.4059 -0.2935
vn -0.7890 0.4966 -0.3617
vn -0.8291 0.4106 -0.3796
vn -0.8196 0.4995 -0.2807
vn -0.7828 0.5630 -0.2651
vn -0.7621 0.5527 -0.3373
vn -0.8195 0.4997 -0.2806
vn -0.7618 0.5530 -0.3375
vn -0.7891 0.4964 -0.3617
vn -0.7827 0.5631 -0.2650
vn -0.7581 0.6032 -0.2480
vn -0.7407 0.5913 -0.3190
vn -0.7828 0.5631 -0.2650
vn -0.7406 0.5914 -0.3189
vn -0.7620 0.5527 -0.3375
vn -0.7581 0.6032 -0.2479
vn -0.7392 0.6294 -0.2396
vn -0.7205 0.6184 -0.3136
vn -0.7580 0.6033 -0.2479
vn -0.7206 0.6184 -0.3136
vn -0.7408 0.5912 -0.3190
vn -0.7394 0.6292 -0.2396
vn -0.7247 0.6447 -0.2433
vn -0.7068 0.6329 -0.3159
vn -0.7393 0.6294 -0.2396
vn -0.7067 0.6331 -0.3159
vn -0.7207 0.6183 -0.3137
vn -0.7292 0.6355 -0.2539
vn -0.7123 0.6238 -0.3218
vn -0.7245 0.6448 -0.2434
vn -0.7123 0.6238 -0.3216
vn -0.7066 0.6331 -0.3160
vn -0.7293 0.6354 -0.2538
vn -0.7599 0.5946 -0.2627
vn -0.7415 0.5819 -0.3340
vn -0.7295 0.6351 -0.2540
vn -0.7414 0.5820 -0.3341
vn -0.7122 0.6240 -0.3216
vn -0.7600 0.5945 -0.2627
vn -0.7852 0.5539 -0.2770
vn -0.7662 0.5362 -0.3542
vn -0.7600 0.5944 -0.2628
vn -0.7659 0.5365 -0.3543
vn -0.7412 0.5823 -0.3341
vn -0.7851 0.5541 -0.2769
vn -0.7667 0.5445 -0.3400
vn -0.7429 0.5276 -0.4119
vn -0.7428 0.5277 -0.4120
vn -0.7660 0.5363 -0.3545
vn -0.7665 0.5450 -0.3397
vn -0.6875 0.5391 -0.4866
vn -0.6503 0.5278 -0.5464
vn -0.7668 0.5445 -0.3399
vn -0.6501 0.5279 -0.5465
vn -0.7430 0.5275 -0.4119
vn -0.6873 0.5394 -0.4865
vn -0.5609 0.5094 -0.6526
vn -0.5194 0.4826 -0.7053
vn -0.6875 0.5393 -0.4864
vn -0.5191 0.4827 -0.7053
vn -0.6504 0.5279 -0.5462
vn -0.5610 0.5097 -0.6523
vn -0.4273 0.4608 -0.7779
vn -0.4047 0.4289 -0.8076
vn -0.5613 0.5091 -0.6525
vn -0.4044 0.4293 -0.8076
vn -0.5196 0.4829 -0.7049
vn -0.8930 0.1778 -0.4134
vn -0.8686 0.3004 -0.3940
vn -0.8238 0.2995 -0.4812
vn -0.8931 0.1776 -0.4133
vn -0.8239 0.2995 -0.4812
vn -0.8521 0.1874 -0.4887
vn -0.8686 0.3003 -0.3942
vn -0.8291 0.4107 -0.3793
vn -0.7892 0.4025 -0.4639
vn -0.8687 0.3001 -0.3941
vn -0.7890 0.4027 -0.4639
vn -0.8238 0.2996 -0.4812
vn -0.7893 0.4964 -0.3614
vn -0.7599 0.4816 -0.4365
vn -0.8292 0.4106 -0.3792
vn -0.7599 0.4817 -0.4365
vn -0.7891 0.4025 -0.4641
vn -0.7622 0.5524 -0.3374
vn -0.7356 0.5357 -0.4147
vn -0.7893 0.4965 -0.3613
vn -0.7357 0.5358 -0.4144
vn -0.7600 0.4815 -0.4366
vn -0.7621 0.5526 -0.3374
vn -0.7408 0.5913 -0.3187
vn -0.7112 0.5748 -0.4047
vn -0.7622 0.5524 -0.3373
vn -0.7113 0.5748 -0.4046
vn -0.7356 0.5356 -0.4147
vn -0.7409 0.5912 -0.3187
vn -0.7207 0.6184 -0.3134
vn -0.6917 0.6011 -0.4002
vn -0.7407 0.5913 -0.3189
vn -0.6919 0.6009 -0.4002
vn -0.7113 0.5747 -0.4046
vn -0.7207 0.6184 -0.3133
vn -0.7068 0.6331 -0.3158
vn -0.6818 0.6142 -0.3972
vn -0.7207 0.6183 -0.3134
vn -0.6820 0.6140 -0.3974
vn -0.6919 0.6008 -0.4003
vn -0.7069 0.6329 -0.3157
vn -0.7123 0.6239 -0.3215
vn -0.6875 0.6057 -0.4005
vn -0.7070 0.6327 -0.3158
vn -0.6877 0.6055 -0.4005
vn -0.6820 0.6140 -0.3973
vn -0.7125 0.6237 -0.3216
vn -0.7414 0.5821 -0.3339
vn -0.7131 0.5655 -0.4144
vn -0.7125 0.6237 -0.3215
vn -0.7130 0.5656 -0.4144
vn -0.6873 0.6060 -0.4004
vn -0.7415 0.5819 -0.3339
vn -0.7661 0.5364 -0.3540
vn -0.7341 0.5153 -0.4423
vn -0.7417 0.5816 -0.3341
vn -0.7338 0.5156 -0.4423
vn -0.7128 0.5659 -0.4143
vn -0.7659 0.5368 -0.3539
vn -0.7431 0.5275 -0.4118
vn -0.7035 0.4987 -0.5064
vn -0.7661 0.5363 -0.3541
vn -0.7032 0.4990 -0.5064
vn -0.7340 0.5156 -0.4421
vn -0.7429 0.5279 -0.4116
vn -0.6503 0.5279 -0.5464
vn -0.6197 0.5080 -0.5982
vn -0.7431 0.5276 -0.4117
vn -0.6196 0.5080 -0.5983
vn -0.7035 0.4987 -0.5063
vn -0.6504 0.5280 -0.5460
vn -0.5193 0.4827 -0.7052
vn -0.4928 0.4856 -0.7220
vn -0.6506 0.5278 -0.5460
vn -0.4927 0.4856 -0.7221
vn -0.6198 0.5083 -0.5979
vn -0.5194 0.4829 -0.7050
vn -0.4050 0.4292 -0.8073
vn -0.3675 0.4042 -0.8376
vn -0.5197 0.4826 -0.7050
vn -0.3670 0.4047 -0.8376
vn -0.4929 0.4858 -0.7218
vn -0.6840 -0.0073 0.7294
vn -0.6744 0.0222 0.7381
vn -0.7286 0.0532 0.6828
vn -0.7287 0.0528 0.6828
vn -0.7230 -0.0006 0.6908
vn -0.6743 0.0224 0.7381
vn -0.6476 0.0555 0.7599
vn -0.7200 0.0995 0.6868
vn -0.7201 0.0993 0.6868
vn -0.6477 0.0552 0.7599
vn -0.5897 0.0915 0.8025
vn -0.6934 0.1457 0.7056
vn -0.6477 0.0548 0.7599
vn -0.7199 0.0997 0.6869
vn -0.5899 0.0914 0.8023
vn -0.5321 0.1327 0.8362
vn -0.6376 0.1925 0.7459
vn -0.5896 0.0912 0.8025
vn -0.6374 0.1928 0.7461
vn -0.6933 0.1459 0.7057
vn -0.5321 0.1325 0.8362
vn -0.4901 0.1916 0.8503
vn -0.5772 0.2537 0.7762
vn -0.5323 0.1323 0.8362
vn -0.5772 0.2535 0.7762
vn -0.6373 0.1931 0.7460
vn -0.4902 0.1914 0.8503
vn -0.4398 0.2780 0.8540
vn -0.5211 0.3389 0.7833
vn -0.4903 0.1915 0.8503
vn -0.5212 0.3386 0.7834
vn -0.5777 0.2526 0.7762
vn -0.4398 0.2779 0.8540
vn -0.3745 0.3705 0.8500
vn -0.4602 0.4294 0.7771
vn -0.4397 0.2783 0.8540
vn -0.4599 0.4295 0.7772
vn -0.5213 0.3386 0.7833
vn -0.3741 0.3708 0.8500
vn -0.3189 0.4502 0.8341
vn -0.4021 0.5051 0.7637
vn -0.3742 0.3708 0.8500
vn -0.4021 0.5052 0.7636
vn -0.4604 0.4292 0.7771
vn -0.3189 0.4502 0.8340
vn -0.2914 0.5153 0.8059
vn -0.3657 0.5649 0.7397
vn -0.3189 0.4501 0.8341
vn -0.3652 0.5653 0.7396
vn -0.4022 0.5050 0.7637
vn -0.2912 0.5154 0.8059
vn -0.2915 0.5645 0.7723
vn -0.3653 0.6090 0.7040
vn -0.2913 0.5155 0.8058
vn -0.3649 0.6094 0.7039
vn -0.3656 0.5650 0.7397
vn -0.2914 0.5645 0.7723
vn -0.3182 0.5888 0.7430
vn -0.3944 0.6240 0.6745
vn -0.2916 0.5645 0.7722
vn -0.3946 0.6240 0.6745
vn -0.3651 0.6093 0.7039
vn -0.3180 0.5889 0.7430
vn -0.3673 0.5833 0.7245
vn -0.4408 0.6103 0.6582
vn -0.3180 0.5890 0.7430
vn -0.3947 0.6238 0.6746
vn -0.4138 0.5679 0.7115
vn -0.4827 0.5999 0.6381
vn -0.3671 0.5834 0.7245
vn -0.4832 0.5995 0.6380
vn -0.4409 0.6103 0.6582
vn -0.4137 0.5678 0.7117
vn -0.4355 0.5704 0.6964
vn -0.5050 0.6016 0.6189
vn -0.4136 0.5679 0.7116
vn -0.5053 0.6014 0.6189
vn -0.4830 0.5998 0.6380
vn -0.4358 0.5703 0.6963
vn -0.4445 0.5786 0.6839
vn -0.4987 0.6021 0.6235
vn -0.4354 0.5705 0.6964
vn -0.4989 0.6020 0.6235
vn -0.5051 0.6015 0.6189
vn -0.4446 0.5783 0.6840
vn -0.4436 0.5829 0.6808
vn -0.4788 0.6154 0.6262
vn -0.4443 0.5788 0.6838
vn -0.4788 0.6153 0.6262
vn -0.4990 0.6020 0.6235
vn -0.4988 0.6017 0.6238
vn -0.4789 0.6150 0.6264
vn -0.5250 0.6476 0.5522
vn -0.4989 0.6019 0.6236
vn -0.5249 0.6479 0.5520
vn -0.5514 0.6366 0.5392
vn -0.5513 0.6365 0.5394
vn -0.5251 0.6476 0.5521
vn -0.5596 0.6674 0.4913
vn -0.5517 0.6361 0.5395
vn -0.5591 0.6678 0.4914
vn -0.5824 0.6627 0.4707
vn -0.5822 0.6629 0.4707
vn -0.5594 0.6674 0.4915
vn -0.5707 0.6980 0.4326
vn -0.5827 0.6625 0.4707
vn -0.5704 0.6981 0.4328
vn -0.5945 0.6740 0.4386
vn -0.5708 0.6978 0.4328
vn -0.5629 0.7408 0.3665
vn -0.6036 0.6951 0.3906
vn -0.6035 0.6950 0.3908
vn -0.5631 0.7405 0.3668
vn -0.5433 0.8098 0.2213
vn -0.5438 0.8095 0.2213
vn -0.6165 0.7488 0.2434
vn -0.6162 0.7489 0.2437
vn -0.5435 0.8096 0.2215
vn -0.5152 0.8560 0.0428
vn -0.6164 0.7488 0.2436
vn -0.5154 0.8559 0.0426
vn -0.6209 0.7806 0.0725
vn -0.6206 0.7807 0.0728
vn -0.5155 0.8558 0.0426
vn -0.4690 0.8728 -0.1350
vn -0.6207 0.7807 0.0728
vn -0.4693 0.8727 -0.1350
vn -0.6170 0.7857 -0.0444
vn -0.6170 0.7857 -0.0443
vn -0.4691 0.8728 -0.1351
vn -0.4011 0.8539 -0.3317
vn -0.6173 0.7855 -0.0444
vn -0.4008 0.8540 -0.3316
vn -0.5978 0.7787 -0.1905
vn -0.4007 0.8540 -0.3318
vn -0.3336 0.7974 -0.5029
vn -0.5978 0.7786 -0.1910
vn -0.3334 0.7977 -0.5024
vn -0.5720 0.7540 -0.3230
vn -0.5721 0.7541 -0.3227
vn -0.3335 0.7975 -0.5028
vn -0.2747 0.7109 -0.6474
vn -0.5721 0.7541 -0.3225
vn -0.2747 0.7106 -0.6477
vn -0.5309 0.6706 -0.5181
vn -0.5310 0.6707 -0.5179
vn -0.2745 0.7108 -0.6476
vn -0.2625 0.5608 -0.7852
vn -0.5308 0.6706 -0.5182
vn -0.2624 0.5610 -0.7851
vn -0.4575 0.5188 -0.7222
vn -0.4575 0.5187 -0.7223
vn -0.2625 0.5610 -0.7851
vn -0.2637 0.4131 -0.8717
vn -0.2637 0.4134 -0.8716
vn -0.4275 0.4611 -0.7776
vn -0.4275 0.4611 -0.7775
vn -0.2637 0.4129 -0.8718
vn -0.2955 0.3977 -0.8686
vn -0.4278 0.4607 -0.7777
vn -0.2955 0.3979 -0.8685
vn -0.4048 0.4294 -0.8073
vn -0.2957 0.3973 -0.8687
vn -0.2969 0.3586 -0.8850
vn -0.2969 0.3588 -0.8849
vn -0.3674 0.4049 -0.8373
vn -0.3674 0.4047 -0.8374
vn -0.2974 0.3586 -0.8848
vn -0.3208 0.3969 -0.8599
vn -0.3203 0.3972 -0.8600
vn -0.3931 0.4621 -0.7949
vn -0.4929 0.4859 -0.7218
vn -0.3672 0.4047 -0.8375
vn -0.3929 0.4620 -0.7951
vn -0.4930 0.4856 -0.7219
vn -0.3929 0.4619 -0.7951
vn -0.4767 0.4848 -0.7333
vn -0.6201 0.5080 -0.5979
vn -0.4762 0.4850 -0.7335
vn -0.6200 0.5081 -0.5979
vn -0.4765 0.4845 -0.7336
vn -0.5755 0.4763 -0.6648
vn -0.7035 0.4992 -0.5058
vn -0.6199 0.5079 -0.5981
vn -0.5753 0.4766 -0.6648
vn -0.7035 0.4991 -0.5059
vn -0.5752 0.4766 -0.6648
vn -0.6561 0.4649 -0.5945
vn -0.7340 0.5158 -0.4419
vn -0.7036 0.4988 -0.5061
vn -0.6560 0.4648 -0.5947
vn -0.7342 0.5153 -0.4422
vn -0.6557 0.4651 -0.5948
vn -0.6859 0.4893 -0.5386
vn -0.7131 0.5656 -0.4141
vn -0.7340 0.5157 -0.4420
vn -0.6861 0.4890 -0.5387
vn -0.7132 0.5654 -0.4142
vn -0.6858 0.4894 -0.5387
vn -0.6724 0.5437 -0.5023
vn -0.6877 0.6057 -0.4002
vn -0.7130 0.5658 -0.4141
vn -0.6726 0.5432 -0.5025
vn -0.6877 0.6057 -0.4003
vn -0.6726 0.5435 -0.5023
vn -0.6533 0.5804 -0.4862
vn -0.6822 0.6138 -0.3972
vn -0.6874 0.6061 -0.4001
vn -0.6534 0.5801 -0.4863
vn -0.6821 0.6141 -0.3972
vn -0.6535 0.5801 -0.4863
vn -0.6474 0.5877 -0.4852
vn -0.6921 0.6008 -0.4000
vn -0.6821 0.6141 -0.3971
vn -0.6475 0.5875 -0.4854
vn -0.6921 0.6008 -0.3999
vn -0.6474 0.5877 -0.4853
vn -0.6548 0.5761 -0.4891
vn -0.7113 0.5749 -0.4044
vn -0.6920 0.6009 -0.4000
vn -0.6548 0.5763 -0.4891
vn -0.7114 0.5747 -0.4045
vn -0.6549 0.5761 -0.4892
vn -0.6705 0.5527 -0.4949
vn -0.7357 0.5357 -0.4145
vn -0.7115 0.5746 -0.4044
vn -0.6706 0.5527 -0.4947
vn -0.7358 0.5356 -0.4144
vn -0.6705 0.5528 -0.4948
vn -0.6962 0.5138 -0.5013
vn -0.7600 0.4816 -0.4364
vn -0.7357 0.5357 -0.4144
vn -0.6963 0.5138 -0.5012
vn -0.7602 0.4813 -0.4364
vn -0.6962 0.5139 -0.5013
vn -0.7257 0.4557 -0.5155
vn -0.7600 0.4816 -0.4363
vn -0.7258 0.4553 -0.5157
vn -0.7892 0.4026 -0.4637
vn -0.7258 0.4555 -0.5154
vn -0.7490 0.3828 -0.5408
vn -0.8239 0.2996 -0.4811
vn -0.7892 0.4027 -0.4637
vn -0.7529 0.3749 -0.5409
vn -0.8239 0.2997 -0.4810
vn -0.7762 0.2766 -0.5666
vn -0.8519 0.1881 -0.4887
vn -0.8238 0.2998 -0.4811
vn -0.7764 0.2763 -0.5665
vn -0.8521 0.1877 -0.4885
vn -0.7763 0.2764 -0.5665
vn -0.7966 0.1781 -0.5777
vn -0.8573 0.0618 -0.5110
vn -0.8521 0.1878 -0.4886
vn -0.7965 0.1781 -0.5779
vn -0.8574 0.0614 -0.5110
vn -0.7965 0.1784 -0.5777
vn -0.8132 0.0882 -0.5753
vn -0.8950 0.0409 -0.4441
vn -0.8931 0.1778 -0.4133
vn -0.8521 0.1875 -0.4886
vn -0.8950 0.0407 -0.4442
vn -0.8520 0.1876 -0.4888
vn -0.8573 0.0613 -0.5111
vn -0.9291 0.0217 -0.3693
vn -0.9275 0.1657 -0.3351
vn -0.9291 0.0216 -0.3692
vn -0.8930 0.1777 -0.4136
vn -0.8950 0.0405 -0.4442
vn -0.9588 0.0054 -0.2841
vn -0.9557 0.1535 -0.2511
vn -0.9274 0.1658 -0.3354
vn -0.9588 0.0052 -0.2841
vn -0.9274 0.1658 -0.3355
vn -0.9291 0.0211 -0.3692
vn -0.9815 -0.0076 -0.1916
vn -0.9765 0.1421 -0.1623
vn -0.9556 0.1536 -0.2516
vn -0.9814 -0.0074 -0.1916
vn -0.9555 0.1537 -0.2518
vn -0.9588 0.0050 -0.2839
vn -0.9953 -0.0171 -0.0949
vn -0.9887 0.1326 -0.0699
vn -0.9764 0.1422 -0.1625
vn -0.9953 -0.0168 -0.0952
vn -0.9764 0.1421 -0.1625
vn -0.9814 -0.0075 -0.1918
vn -0.9997 -0.0232 0.0083
vn -0.9917 0.1256 0.0289
vn -0.9997 -0.0230 0.0081
vn -0.9887 0.1325 -0.0698
vn -0.9953 -0.0169 -0.0951
vn -0.9924 -0.0256 0.1201
vn -0.9839 0.1185 0.1335
vn -0.9925 -0.0252 0.1199
vn -0.9917 0.1253 0.0289
vn -0.9997 -0.0229 0.0082
vn -0.9727 -0.0242 0.2309
vn -0.9651 0.1122 0.2366
vn -0.9840 0.1186 0.1333
vn -0.9727 -0.0237 0.2307
vn -0.9840 0.1183 0.1333
vn -0.9924 -0.0254 0.1200
vn -0.9434 -0.0194 0.3310
vn -0.9372 0.1061 0.3322
vn -0.9651 0.1120 0.2367
vn -0.9652 0.1116 0.2367
vn -0.9727 -0.0238 0.2307
vn -0.9073 -0.0122 0.4204
vn -0.9026 0.1002 0.4187
vn -0.9372 0.1063 0.3321
vn -0.9072 -0.0119 0.4205
vn -0.9373 0.1061 0.3321
vn -0.9434 -0.0196 0.3310
vn -0.8658 -0.0046 0.5003
vn -0.9027 0.1004 0.4184
vn -0.8659 -0.0041 0.5002
vn -0.9027 0.1003 0.4184
vn -0.9073 -0.0121 0.4202
vn -0.8202 -0.0001 0.5721
vn -0.8194 0.0843 0.5670
vn -0.8635 0.0932 0.4957
vn -0.8202 -0.0000 0.5720
vn -0.8635 0.0928 0.4958
vn -0.8658 -0.0045 0.5003
vn -0.7712 0.0016 0.6366
vn -0.7728 0.0725 0.6305
vn -0.8194 0.0847 0.5669
vn -0.7711 0.0017 0.6367
vn -0.8195 0.0843 0.5669
vn -0.8204 0.0002 0.5718
vn -0.7228 -0.0008 0.6911
vn -0.7285 0.0529 0.6830
vn -0.7729 0.0725 0.6303
vn -0.7228 -0.0007 0.6910
vn -0.7728 0.0723 0.6305
vn -0.7713 0.0017 0.6365
vn -0.7465 0.1168 -0.6550
vn -0.7305 0.2228 -0.6455
vn -0.6816 0.1549 -0.7152
vn -0.7465 0.1170 -0.6550
vn -0.6818 0.1547 -0.7150
vn -0.7064 0.0416 -0.7066
vn -0.7303 0.2233 -0.6456
vn -0.7100 0.3273 -0.6235
vn -0.6533 0.2633 -0.7098
vn -0.7304 0.2230 -0.6456
vn -0.6532 0.2635 -0.7099
vn -0.6817 0.1549 -0.7151
vn -0.7102 0.3271 -0.6235
vn -0.6795 0.4192 -0.6021
vn -0.6226 0.3656 -0.6919
vn -0.7103 0.3269 -0.6234
vn -0.6229 0.3654 -0.6918
vn -0.6532 0.2636 -0.7098
vn -0.6796 0.4188 -0.6023
vn -0.6480 0.4851 -0.5872
vn -0.5970 0.4455 -0.6672
vn -0.6797 0.4188 -0.6022
vn -0.5973 0.4456 -0.6669
vn -0.6225 0.3659 -0.6919
vn -0.6480 0.4849 -0.5874
vn -0.6248 0.5255 -0.5774
vn -0.5752 0.4936 -0.6523
vn -0.6482 0.4849 -0.5871
vn -0.5751 0.4938 -0.6522
vn -0.5968 0.4459 -0.6671
vn -0.6249 0.5255 -0.5774
vn -0.6104 0.5474 -0.5725
vn -0.5601 0.5166 -0.6476
vn -0.6249 0.5254 -0.5774
vn -0.5601 0.5168 -0.6475
vn -0.6105 0.5474 -0.5724
vn -0.6039 0.5561 -0.5710
vn -0.5542 0.5229 -0.6476
vn -0.6104 0.5476 -0.5724
vn -0.5543 0.5229 -0.6476
vn -0.6042 0.5559 -0.5709
vn -0.6096 0.5477 -0.5730
vn -0.5579 0.5116 -0.6534
vn -0.6042 0.5558 -0.5710
vn -0.5577 0.5118 -0.6534
vn -0.6097 0.5477 -0.5730
vn -0.6195 0.5150 -0.5924
vn -0.5579 0.4839 -0.6742
vn -0.5578 0.4840 -0.6742
vn -0.5577 0.5118 -0.6535
vn -0.6195 0.5152 -0.5922
vn -0.6238 0.4630 -0.6296
vn -0.5517 0.4319 -0.7135
vn -0.5514 0.4321 -0.7136
vn -0.5578 0.4841 -0.6741
vn -0.6240 0.4628 -0.6296
vn -0.5958 0.4319 -0.6771
vn -0.5197 0.3911 -0.7595
vn -0.6241 0.4625 -0.6298
vn -0.5194 0.3916 -0.7595
vn -0.5513 0.4326 -0.7134
vn -0.5959 0.4317 -0.6772
vn -0.5238 0.4467 -0.7253
vn -0.4520 0.4060 -0.7943
vn -0.5957 0.4319 -0.6772
vn -0.5193 0.3918 -0.7595
vn -0.5241 0.4465 -0.7253
vn -0.4436 0.4693 -0.7635
vn -0.3654 0.4411 -0.8197
vn -0.3654 0.4407 -0.8199
vn -0.4519 0.4062 -0.7942
vn -0.4438 0.4692 -0.7635
vn -0.3589 0.4655 -0.8090
vn -0.2648 0.4251 -0.8655
vn -0.4433 0.4694 -0.7636
vn -0.2648 0.4249 -0.8656
vn -0.3653 0.4408 -0.8199
vn -0.7065 0.0416 -0.7064
vn -0.6817 0.1548 -0.7151
vn -0.6196 0.0767 -0.7812
vn -0.7064 0.0422 -0.7066
vn -0.6198 0.0764 -0.7810
vn -0.6506 -0.0399 -0.7584
vn -0.6818 0.1549 -0.7150
vn -0.6534 0.2635 -0.7097
vn -0.5875 0.1930 -0.7858
vn -0.6816 0.1553 -0.7150
vn -0.5876 0.1930 -0.7858
vn -0.6197 0.0768 -0.7810
vn -0.6534 0.2633 -0.7098
vn -0.6227 0.3661 -0.6916
vn -0.5566 0.2972 -0.7758
vn -0.6536 0.2633 -0.7096
vn -0.5567 0.2973 -0.7757
vn -0.5875 0.1933 -0.7858
vn -0.6229 0.3656 -0.6916
vn -0.5969 0.4460 -0.6669
vn -0.5352 0.3866 -0.7511
vn -0.5354 0.3866 -0.7509
vn -0.5563 0.2977 -0.7758
vn -0.5973 0.4454 -0.6670
vn -0.5752 0.4938 -0.6521
vn -0.5210 0.4528 -0.7236
vn -0.5972 0.4457 -0.6669
vn -0.5208 0.4531 -0.7235
vn -0.5350 0.3870 -0.7510
vn -0.5602 0.5166 -0.6475
vn -0.5097 0.4847 -0.7109
vn -0.5754 0.4936 -0.6521
vn -0.5096 0.4850 -0.7107
vn -0.5183 0.4578 -0.7224
vn -0.5603 0.5166 -0.6474
vn -0.5544 0.5229 -0.6474
vn -0.5045 0.4913 -0.7100
vn -0.5603 0.5166 -0.6475
vn -0.5045 0.4914 -0.7100
vn -0.5095 0.4849 -0.7108
vn -0.5544 0.5229 -0.6475
vn -0.5577 0.5119 -0.6534
vn -0.5047 0.4796 -0.7178
vn -0.5544 0.5228 -0.6476
vn -0.5047 0.4797 -0.7177
vn -0.5579 0.5118 -0.6532
vn -0.5580 0.4841 -0.6740
vn -0.4944 0.4561 -0.7399
vn -0.5579 0.5117 -0.6533
vn -0.4945 0.4561 -0.7399
vn -0.5581 0.4842 -0.6738
vn -0.5519 0.4321 -0.7133
vn -0.4762 0.4032 -0.7815
vn -0.5582 0.4839 -0.6740
vn -0.4761 0.4030 -0.7816
vn -0.4945 0.4562 -0.7398
vn -0.5517 0.4323 -0.7132
vn -0.5199 0.3913 -0.7593
vn -0.4386 0.3533 -0.8263
vn -0.5518 0.4324 -0.7131
vn -0.4385 0.3534 -0.8263
vn -0.4762 0.4031 -0.7815
vn -0.5197 0.3915 -0.7594
vn -0.4523 0.4060 -0.7941
vn -0.3594 0.3640 -0.8593
vn -0.5197 0.3916 -0.7593
vn -0.3595 0.3634 -0.8594
vn -0.4387 0.3534 -0.8262
vn -0.4522 0.4062 -0.7941
vn -0.3655 0.4412 -0.8196
vn -0.2634 0.3899 -0.8824
vn -0.4520 0.4063 -0.7941
vn -0.2633 0.3896 -0.8825
vn -0.3595 0.3636 -0.8594
vn -0.3657 0.4408 -0.8197
vn -0.2650 0.4254 -0.8653
vn -0.1532 0.3784 -0.9129
vn -0.3655 0.4411 -0.8197
vn -0.1533 0.3781 -0.9130
vn -0.2632 0.3898 -0.8825
vn -0.6508 -0.0397 -0.7582
vn -0.6198 0.0768 -0.7810
vn -0.5462 -0.0061 -0.8376
vn -0.6506 -0.0394 -0.7584
vn -0.5465 -0.0062 -0.8375
vn -0.5820 -0.1168 -0.8048
vn -0.6199 0.0767 -0.7809
vn -0.5877 0.1932 -0.7856
vn -0.5167 0.1164 -0.8482
vn -0.6197 0.0771 -0.7810
vn -0.5168 0.1164 -0.8481
vn -0.5464 -0.0061 -0.8375
vn -0.5877 0.1932 -0.7857
vn -0.5566 0.2976 -0.7757
vn -0.4853 0.2276 -0.8442
vn -0.5877 0.1931 -0.7857
vn -0.4851 0.2279 -0.8442
vn -0.5566 0.2975 -0.7757
vn -0.5354 0.3871 -0.7507
vn -0.4632 0.3157 -0.8281
vn -0.5567 0.2972 -0.7757
vn -0.4632 0.3158 -0.8281
vn -0.4851 0.2279 -0.8443
vn -0.5354 0.3867 -0.7509
vn -0.5207 0.4532 -0.7235
vn -0.4550 0.3915 -0.7998
vn -0.4549 0.3916 -0.7998
vn -0.4630 0.3161 -0.8281
vn -0.5208 0.4533 -0.7234
vn -0.5097 0.4849 -0.7107
vn -0.4550 0.4442 -0.7718
vn -0.5208 0.4532 -0.7235
vn -0.4552 0.4442 -0.7717
vn -0.4547 0.3918 -0.7998
vn -0.5046 0.4914 -0.7099
vn -0.4549 0.4610 -0.7619
vn -0.5095 0.4852 -0.7107
vn -0.4549 0.4611 -0.7619
vn -0.4552 0.4443 -0.7717
vn -0.5047 0.4912 -0.7099
vn -0.5049 0.4796 -0.7176
vn -0.4470 0.4512 -0.7725
vn -0.5048 0.4912 -0.7099
vn -0.4470 0.4513 -0.7724
vn -0.4547 0.4612 -0.7619
vn -0.5049 0.4798 -0.7176
vn -0.4947 0.4562 -0.7397
vn -0.4223 0.4283 -0.7989
vn -0.5048 0.4798 -0.7176
vn -0.4221 0.4284 -0.7989
vn -0.4471 0.4513 -0.7723
vn -0.4765 0.4029 -0.7814
vn -0.3977 0.3739 -0.8379
vn -0.4946 0.4561 -0.7398
vn -0.3976 0.3740 -0.8379
vn -0.4222 0.4285 -0.7988
vn -0.4763 0.4032 -0.7814
vn -0.4388 0.3534 -0.8262
vn -0.3533 0.3174 -0.8800
vn -0.4764 0.4030 -0.7814
vn -0.3531 0.3176 -0.8800
vn -0.3978 0.3740 -0.8378
vn -0.4386 0.3536 -0.8262
vn -0.3599 0.3637 -0.8592
vn -0.2615 0.3191 -0.9109
vn -0.2613 0.3190 -0.9110
vn -0.3534 0.3172 -0.8800
vn -0.3597 0.3639 -0.8592
vn -0.2636 0.3900 -0.8823
vn -0.1386 0.3325 -0.9329
vn -0.3597 0.3641 -0.8591
vn -0.1386 0.3320 -0.9330
vn -0.2616 0.3188 -0.9110
vn -0.2635 0.3899 -0.8823
vn -0.1534 0.3785 -0.9128
vn -0.0019 0.3053 -0.9523
vn -0.2634 0.3900 -0.8823
vn -0.0020 0.3053 -0.9523
vn -0.1385 0.3323 -0.9329
vn -0.5820 -0.1166 -0.8048
vn -0.5465 -0.0058 -0.8374
vn -0.4714 -0.0820 -0.8781
vn -0.5820 -0.1166 -0.8047
vn -0.4718 -0.0821 -0.8779
vn -0.5082 -0.1792 -0.8424
vn -0.5466 -0.0062 -0.8374
vn -0.5167 0.1166 -0.8482
vn -0.4446 0.0379 -0.8949
vn -0.5466 -0.0060 -0.8374
vn -0.4446 0.0380 -0.8949
vn -0.4719 -0.0822 -0.8778
vn -0.5169 0.1163 -0.8481
vn -0.4851 0.2281 -0.8442
vn -0.4171 0.1600 -0.8947
vn -0.5170 0.1165 -0.8480
vn -0.4171 0.1605 -0.8946
vn -0.4852 0.2277 -0.8442
vn -0.4634 0.3159 -0.8279
vn -0.3951 0.2524 -0.8833
vn -0.4854 0.2276 -0.8441
vn -0.3949 0.2524 -0.8834
vn -0.4169 0.1604 -0.8947
vn -0.4632 0.3159 -0.8280
vn -0.4550 0.3918 -0.7997
vn -0.3835 0.3227 -0.8653
vn -0.4634 0.3160 -0.8279
vn -0.3835 0.3229 -0.8653
vn -0.3949 0.2528 -0.8833
vn -0.4553 0.4444 -0.7715
vn -0.3882 0.3825 -0.8385
vn -0.4550 0.3917 -0.7997
vn -0.3884 0.3823 -0.8384
vn -0.3834 0.3231 -0.8652
vn -0.4554 0.4440 -0.7716
vn -0.4550 0.4610 -0.7619
vn -0.3924 0.4204 -0.8181
vn -0.4553 0.4443 -0.7716
vn -0.3881 0.3824 -0.8385
vn -0.4550 0.4612 -0.7618
vn -0.4472 0.4512 -0.7723
vn -0.3728 0.4214 -0.8267
vn -0.3728 0.4215 -0.8267
vn -0.4472 0.4514 -0.7722
vn -0.4223 0.4285 -0.7988
vn -0.3358 0.3960 -0.8546
vn -0.4471 0.4514 -0.7722
vn -0.3357 0.3960 -0.8547
vn -0.4225 0.4286 -0.7986
vn -0.3979 0.3741 -0.8377
vn -0.3051 0.3327 -0.8923
vn -0.4223 0.4288 -0.7986
vn -0.3049 0.3329 -0.8923
vn -0.3358 0.3959 -0.8547
vn -0.3978 0.3743 -0.8377
vn -0.3534 0.3176 -0.8799
vn -0.2555 0.2739 -0.9272
vn -0.3977 0.3743 -0.8377
vn -0.2554 0.2740 -0.9272
vn -0.3050 0.3329 -0.8923
vn -0.3534 0.3177 -0.8799
vn -0.2619 0.3189 -0.9109
vn -0.1489 0.2697 -0.9514
vn -0.3535 0.3176 -0.8799
vn -0.1487 0.2694 -0.9515
vn -0.2556 0.2740 -0.9271
vn -0.2618 0.3191 -0.9108
vn -0.1388 0.3323 -0.9329
vn 0.0037 0.2609 -0.9653
vn -0.2618 0.3191 -0.9109
vn 0.0035 0.2606 -0.9654
vn -0.1488 0.2695 -0.9514
vn -0.1386 0.3322 -0.9330
vn -0.0026 0.3053 -0.9523
vn 0.1537 0.2152 -0.9644
vn -0.1387 0.3324 -0.9329
vn 0.1537 0.2151 -0.9644
vn 0.0036 0.2606 -0.9654
vn -0.5085 -0.1789 -0.8423
vn -0.4716 -0.0818 -0.8780
vn -0.3935 -0.1482 -0.9073
vn -0.5082 -0.1787 -0.8425
vn -0.3938 -0.1484 -0.9071
vn -0.4280 -0.2330 -0.8732
vn -0.4720 -0.0820 -0.8778
vn -0.4448 0.0379 -0.8948
vn -0.3716 -0.0398 -0.9276
vn -0.4719 -0.0818 -0.8779
vn -0.3718 -0.0400 -0.9275
vn -0.3936 -0.1483 -0.9072
vn -0.4448 0.0377 -0.8948
vn -0.4171 0.1606 -0.8946
vn -0.3487 0.0882 -0.9331
vn -0.4448 0.0381 -0.8948
vn -0.3487 0.0886 -0.9330
vn -0.3717 -0.0397 -0.9275
vn -0.4171 0.1603 -0.8946
vn -0.3951 0.2527 -0.8832
vn -0.3307 0.1919 -0.9240
vn -0.4174 0.1600 -0.8945
vn -0.3307 0.1922 -0.9239
vn -0.3486 0.0887 -0.9331
vn -0.3835 0.3231 -0.8652
vn -0.3217 0.2642 -0.9092
vn -0.3953 0.2523 -0.8832
vn -0.3218 0.2645 -0.9091
vn -0.3306 0.1925 -0.9239
vn -0.3884 0.3826 -0.8383
vn -0.3222 0.3185 -0.8915
vn -0.3837 0.3228 -0.8652
vn -0.3222 0.3187 -0.8914
vn -0.3214 0.2645 -0.9093
vn -0.3883 0.3825 -0.8384
vn -0.3164 0.3664 -0.8750
vn -0.3884 0.3825 -0.8384
vn -0.3164 0.3668 -0.8749
vn -0.3221 0.3186 -0.8915
vn -0.3925 0.4207 -0.8179
vn -0.3730 0.4215 -0.8265
vn -0.2907 0.3886 -0.8744
vn -0.3925 0.4205 -0.8180
vn -0.2905 0.3887 -0.8744
vn -0.3164 0.3665 -0.8750
vn -0.3732 0.4216 -0.8264
vn -0.3361 0.3960 -0.8545
vn -0.2483 0.3669 -0.8965
vn -0.2480 0.3669 -0.8966
vn -0.2907 0.3886 -0.8743
vn -0.3361 0.3961 -0.8545
vn -0.3052 0.3330 -0.8921
vn -0.2088 0.2972 -0.9317
vn -0.3360 0.3962 -0.8545
vn -0.2085 0.2975 -0.9317
vn -0.2482 0.3671 -0.8965
vn -0.3050 0.3331 -0.8922
vn -0.2558 0.2740 -0.9271
vn -0.1464 0.2272 -0.9628
vn -0.3050 0.3333 -0.8921
vn -0.1464 0.2271 -0.9628
vn -0.2088 0.2975 -0.9316
vn -0.2557 0.2742 -0.9271
vn -0.1492 0.2694 -0.9514
vn -0.0174 0.2104 -0.9775
vn -0.2557 0.2743 -0.9270
vn -0.0177 0.2100 -0.9775
vn -0.1488 0.2696 -0.9514
vn 0.0032 0.2607 -0.9654
vn 0.1418 0.1917 -0.9712
vn -0.1490 0.2701 -0.9512
vn 0.1415 0.1915 -0.9712
vn -0.0174 0.2100 -0.9776
vn 0.0036 0.2609 -0.9653
vn 0.1533 0.2150 -0.9645
vn 0.2695 0.1482 -0.9515
vn 0.0032 0.2612 -0.9653
vn 0.2697 0.1483 -0.9515
vn 0.1416 0.1915 -0.9712
vn -0.4282 -0.2328 -0.8732
vn -0.3936 -0.1479 -0.9073
vn -0.3106 -0.2061 -0.9279
vn -0.4281 -0.2323 -0.8734
vn -0.3110 -0.2063 -0.9278
vn -0.3408 -0.2828 -0.8966
vn -0.3937 -0.1482 -0.9072
vn -0.3719 -0.0397 -0.9274
vn -0.2943 -0.1134 -0.9490
vn -0.3935 -0.1479 -0.9073
vn -0.2945 -0.1135 -0.9489
vn -0.3107 -0.2060 -0.9279
vn -0.3718 -0.0398 -0.9274
vn -0.3488 0.0885 -0.9330
vn -0.2776 0.0140 -0.9606
vn -0.2777 0.0145 -0.9606
vn -0.2944 -0.1132 -0.9489
vn -0.3486 0.0884 -0.9331
vn -0.3312 0.1923 -0.9238
vn -0.2681 0.1290 -0.9547
vn -0.3491 0.0884 -0.9329
vn -0.2682 0.1291 -0.9547
vn -0.2776 0.0142 -0.9606
vn -0.3309 0.1923 -0.9239
vn -0.3217 0.2644 -0.9092
vn -0.2674 0.2110 -0.9402
vn -0.3309 0.1921 -0.9239
vn -0.2673 0.2113 -0.9402
vn -0.2680 0.1291 -0.9547
vn -0.3217 0.2643 -0.9092
vn -0.2632 0.2676 -0.9269
vn -0.3219 0.2641 -0.9092
vn -0.2632 0.2679 -0.9268
vn -0.2676 0.2103 -0.9403
vn -0.3223 0.3186 -0.8914
vn -0.3167 0.3665 -0.8748
vn -0.2414 0.3172 -0.9171
vn -0.2413 0.3172 -0.9172
vn -0.2631 0.2679 -0.9268
vn -0.3167 0.3666 -0.8748
vn -0.2908 0.3885 -0.8744
vn -0.2018 0.3502 -0.9147
vn -0.3168 0.3664 -0.8748
vn -0.2019 0.3504 -0.9146
vn -0.2910 0.3886 -0.8743
vn -0.2484 0.3669 -0.8965
vn -0.1554 0.3377 -0.9283
vn -0.2906 0.3891 -0.8742
vn -0.1553 0.3377 -0.9284
vn -0.2019 0.3503 -0.9146
vn -0.2484 0.3672 -0.8963
vn -0.2089 0.2976 -0.9316
vn -0.1086 0.2584 -0.9599
vn -0.2483 0.3672 -0.8964
vn -0.1085 0.2587 -0.9598
vn -0.1555 0.3377 -0.9283
vn -0.2090 0.2976 -0.9315
vn -0.1467 0.2272 -0.9627
vn -0.0266 0.1792 -0.9835
vn -0.2090 0.2975 -0.9315
vn -0.0265 0.1791 -0.9835
vn -0.1086 0.2585 -0.9599
vn -0.1463 0.2273 -0.9628
vn -0.0180 0.2099 -0.9775
vn 0.1072 0.1555 -0.9820
vn -0.1466 0.2273 -0.9627
vn 0.1072 0.1553 -0.9820
vn -0.0267 0.1788 -0.9835
vn -0.0177 0.2101 -0.9775
vn 0.1413 0.1916 -0.9713
vn 0.2439 0.1404 -0.9596
vn -0.0179 0.2103 -0.9775
vn 0.2439 0.1403 -0.9596
vn 0.1071 0.1552 -0.9821
vn 0.1413 0.1917 -0.9712
vn 0.2693 0.1484 -0.9516
vn 0.3612 0.0991 -0.9272
vn 0.1415 0.1918 -0.9712
vn 0.3614 0.0990 -0.9271
vn 0.2439 0.1402 -0.9596
vn -0.3409 -0.2831 -0.8965
vn -0.3109 -0.2060 -0.9279
vn -0.2186 -0.2594 -0.9407
vn -0.3408 -0.2826 -0.8966
vn -0.2186 -0.2593 -0.9408
vn -0.2466 -0.3304 -0.9111
vn -0.3109 -0.2059 -0.9279
vn -0.2944 -0.1131 -0.9490
vn -0.2018 -0.1841 -0.9620
vn -0.2017 -0.1841 -0.9620
vn -0.2184 -0.2590 -0.9408
vn -0.2945 -0.1134 -0.9489
vn -0.2778 0.0143 -0.9605
vn -0.1877 -0.0692 -0.9798
vn -0.2946 -0.1133 -0.9489
vn -0.1878 -0.0692 -0.9798
vn -0.2015 -0.1839 -0.9621
vn -0.2778 0.0141 -0.9605
vn -0.2683 0.1293 -0.9546
vn -0.1822 0.0490 -0.9820
vn -0.2779 0.0141 -0.9605
vn -0.1819 0.0496 -0.9821
vn -0.1876 -0.0691 -0.9798
vn -0.2680 0.1293 -0.9547
vn -0.2674 0.2111 -0.9402
vn -0.1847 0.1379 -0.9731
vn -0.2682 0.1290 -0.9547
vn -0.1845 0.1383 -0.9731
vn -0.1820 0.0494 -0.9821
vn -0.2673 0.2113 -0.9401
vn -0.2634 0.2680 -0.9267
vn -0.1798 0.2063 -0.9618
vn -0.2675 0.2110 -0.9402
vn -0.1799 0.2063 -0.9618
vn -0.1845 0.1380 -0.9731
vn -0.2414 0.3173 -0.9171
vn -0.1499 0.2646 -0.9526
vn -0.1500 0.2644 -0.9527
vn -0.2416 0.3171 -0.9171
vn -0.2021 0.3505 -0.9145
vn -0.0996 0.3028 -0.9478
vn -0.2413 0.3173 -0.9171
vn -0.0995 0.3029 -0.9478
vn -0.1499 0.2644 -0.9527
vn -0.2022 0.3504 -0.9145
vn -0.1556 0.3379 -0.9282
vn -0.0504 0.2966 -0.9537
vn -0.2019 0.3506 -0.9145
vn -0.0503 0.2964 -0.9537
vn -0.0996 0.3027 -0.9479
vn -0.1557 0.3379 -0.9282
vn -0.1088 0.2587 -0.9598
vn -0.0033 0.2222 -0.9750
vn -0.1558 0.3377 -0.9283
vn -0.0031 0.2220 -0.9750
vn -0.0502 0.2965 -0.9537
vn -0.1087 0.2588 -0.9598
vn -0.0268 0.1791 -0.9835
vn 0.0802 0.1450 -0.9862
vn -0.1087 0.2591 -0.9597
vn 0.0804 0.1449 -0.9862
vn -0.0033 0.2220 -0.9750
vn -0.0268 0.1792 -0.9834
vn 0.1068 0.1553 -0.9821
vn 0.2030 0.1158 -0.9723
vn -0.0269 0.1793 -0.9834
vn 0.2032 0.1155 -0.9723
vn 0.0801 0.1448 -0.9862
vn 0.1067 0.1556 -0.9820
vn 0.2437 0.1407 -0.9596
vn 0.3215 0.1000 -0.9416
vn 0.1070 0.1555 -0.9820
vn 0.3214 0.1000 -0.9416
vn 0.2031 0.1157 -0.9723
vn 0.2435 0.1408 -0.9596
vn 0.3612 0.0993 -0.9272
vn 0.4386 0.0624 -0.8965
vn 0.2436 0.1404 -0.9597
vn 0.4385 0.0626 -0.8965
vn 0.3214 0.1002 -0.9416
vn -0.2469 -0.3303 -0.9110
vn -0.2189 -0.2591 -0.9407
vn -0.1230 -0.3049 -0.9444
vn -0.2468 -0.3303 -0.9110
vn -0.1232 -0.3050 -0.9444
vn -0.1497 -0.3730 -0.9157
vn -0.2188 -0.2592 -0.9407
vn -0.2020 -0.1839 -0.9620
vn -0.1056 -0.2444 -0.9639
vn -0.2188 -0.2591 -0.9407
vn -0.1055 -0.2443 -0.9639
vn -0.1229 -0.3046 -0.9445
vn -0.2022 -0.1842 -0.9619
vn -0.1879 -0.0690 -0.9798
vn -0.0917 -0.1482 -0.9847
vn -0.0916 -0.1481 -0.9847
vn -0.1876 -0.0689 -0.9798
vn -0.1823 0.0493 -0.9820
vn -0.0867 -0.0344 -0.9956
vn -0.1880 -0.0689 -0.9798
vn -0.0863 -0.0339 -0.9957
vn -0.0916 -0.1482 -0.9847
vn -0.1822 0.0494 -0.9820
vn -0.1848 0.1380 -0.9730
vn -0.0900 0.0583 -0.9942
vn -0.1824 0.0493 -0.9820
vn -0.0898 0.0589 -0.9942
vn -0.0865 -0.0343 -0.9957
vn -0.1846 0.1381 -0.9731
vn -0.1800 0.2064 -0.9618
vn -0.0818 0.1360 -0.9873
vn -0.1849 0.1379 -0.9730
vn -0.0898 0.0584 -0.9942
vn -0.1799 0.2065 -0.9618
vn -0.1502 0.2644 -0.9526
vn -0.0443 0.2042 -0.9779
vn -0.1801 0.2063 -0.9618
vn -0.0442 0.2041 -0.9779
vn -0.0817 0.1361 -0.9873
vn -0.1501 0.2647 -0.9526
vn -0.0998 0.3030 -0.9478
vn 0.0130 0.2501 -0.9681
vn -0.1502 0.2645 -0.9526
vn 0.0132 0.2502 -0.9681
vn -0.0442 0.2042 -0.9779
vn -0.0999 0.3030 -0.9477
vn -0.0507 0.2966 -0.9537
vn 0.0589 0.2473 -0.9671
vn -0.0997 0.3031 -0.9477
vn 0.0589 0.2473 -0.9672
vn -0.0508 0.2967 -0.9536
vn -0.0037 0.2221 -0.9750
vn 0.0990 0.1881 -0.9772
vn -0.0505 0.2969 -0.9536
vn 0.0989 0.1876 -0.9773
vn 0.0587 0.2471 -0.9672
vn 0.0800 0.1450 -0.9862
vn 0.1655 0.1207 -0.9788
vn -0.0037 0.2222 -0.9750
vn 0.1656 0.1208 -0.9788
vn 0.0988 0.1879 -0.9772
vn 0.0800 0.1449 -0.9862
vn 0.2028 0.1160 -0.9723
vn 0.2682 0.0944 -0.9587
vn 0.0800 0.1451 -0.9862
vn 0.2684 0.0944 -0.9587
vn 0.1655 0.1206 -0.9788
vn 0.2027 0.1158 -0.9724
vn 0.3212 0.1001 -0.9417
vn 0.3894 0.0669 -0.9186
vn 0.2028 0.1157 -0.9724
vn 0.3896 0.0669 -0.9186
vn 0.2681 0.0945 -0.9587
vn 0.3212 0.1000 -0.9417
vn 0.4382 0.0624 -0.8967
vn 0.5061 0.0277 -0.8620
vn 0.3211 0.0998 -0.9418
vn 0.5062 0.0280 -0.8620
vn 0.3895 0.0672 -0.9186
vn -0.1500 -0.3731 -0.9156
vn -0.1231 -0.3047 -0.9445
vn -0.0382 -0.3413 -0.9392
vn -0.1499 -0.3731 -0.9156
vn -0.0381 -0.3412 -0.9392
vn -0.0587 -0.4088 -0.9107
vn -0.1232 -0.3048 -0.9444
vn -0.1057 -0.2444 -0.9639
vn -0.0249 -0.2893 -0.9569
vn -0.1232 -0.3046 -0.9445
vn -0.0248 -0.2894 -0.9569
vn -0.0382 -0.3414 -0.9391
vn -0.1057 -0.2443 -0.9639
vn -0.0918 -0.1481 -0.9847
vn -0.0131 -0.2098 -0.9777
vn -0.0130 -0.2096 -0.9777
vn -0.0917 -0.1481 -0.9847
vn -0.0868 -0.0343 -0.9956
vn -0.0080 -0.1048 -0.9945
vn -0.0919 -0.1481 -0.9847
vn -0.0080 -0.1045 -0.9945
vn -0.0131 -0.2096 -0.9777
vn -0.0866 -0.0341 -0.9957
vn -0.0902 0.0584 -0.9942
vn -0.0078 -0.0104 -0.9999
vn -0.0869 -0.0344 -0.9956
vn -0.0078 -0.0099 -0.9999
vn -0.0080 -0.1046 -0.9945
vn -0.0899 0.0587 -0.9942
vn -0.0820 0.1361 -0.9873
vn 0.0201 0.0702 -0.9973
vn -0.0902 0.0583 -0.9942
vn 0.0201 0.0703 -0.9973
vn -0.0078 -0.0101 -0.9999
vn -0.0818 0.1364 -0.9873
vn -0.0444 0.2043 -0.9779
vn 0.0869 0.1382 -0.9866
vn -0.0820 0.1360 -0.9873
vn -0.0445 0.2044 -0.9779
vn 0.0128 0.2501 -0.9681
vn 0.1403 0.1796 -0.9737
vn -0.0443 0.2044 -0.9779
vn 0.1405 0.1796 -0.9737
vn 0.0870 0.1381 -0.9866
vn 0.0585 0.2471 -0.9672
vn 0.1642 0.1917 -0.9676
vn 0.0128 0.2506 -0.9680
vn 0.1641 0.1919 -0.9676
vn 0.1406 0.1794 -0.9737
vn 0.0585 0.2473 -0.9672
vn 0.0985 0.1880 -0.9772
vn 0.1984 0.1504 -0.9685
vn 0.0586 0.2473 -0.9672
vn 0.1985 0.1504 -0.9685
vn 0.1640 0.1916 -0.9677
vn 0.0984 0.1881 -0.9772
vn 0.1652 0.1207 -0.9788
vn 0.2501 0.0902 -0.9640
vn 0.0986 0.1879 -0.9772
vn 0.2504 0.0903 -0.9639
vn 0.1984 0.1502 -0.9685
vn 0.1652 0.1210 -0.9788
vn 0.2683 0.0947 -0.9587
vn 0.3281 0.0674 -0.9423
vn 0.3281 0.0673 -0.9422
vn 0.2503 0.0905 -0.9639
vn 0.2678 0.0945 -0.9588
vn 0.3894 0.0671 -0.9186
vn 0.4411 0.0526 -0.8959
vn 0.2680 0.0943 -0.9588
vn 0.4413 0.0525 -0.8958
vn 0.3281 0.0676 -0.9422
vn 0.3893 0.0670 -0.9187
vn 0.5060 0.0279 -0.8621
vn 0.5573 0.0056 -0.8303
vn 0.3893 0.0668 -0.9187
vn 0.5576 0.0062 -0.8301
vn 0.4411 0.0529 -0.8959
vn -0.0592 -0.4088 -0.9107
vn -0.0384 -0.3412 -0.9392
vn 0.0404 -0.3747 -0.9263
vn -0.0588 -0.4086 -0.9108
vn 0.0405 -0.3746 -0.9263
vn 0.0248 -0.4387 -0.8983
vn -0.0383 -0.3413 -0.9392
vn -0.0249 -0.2891 -0.9570
vn 0.0535 -0.3283 -0.9430
vn -0.0384 -0.3413 -0.9392
vn 0.0536 -0.3282 -0.9431
vn 0.0405 -0.3747 -0.9263
vn -0.0251 -0.2892 -0.9569
vn -0.0131 -0.2094 -0.9777
vn 0.0711 -0.2653 -0.9615
vn -0.0250 -0.2893 -0.9569
vn 0.0712 -0.2653 -0.9615
vn -0.0133 -0.2096 -0.9777
vn -0.0083 -0.1045 -0.9945
vn 0.0849 -0.1779 -0.9804
vn 0.0850 -0.1776 -0.9804
vn -0.0081 -0.1044 -0.9945
vn -0.0080 -0.0101 -0.9999
vn 0.1079 -0.0894 -0.9901
vn -0.0084 -0.1045 -0.9945
vn 0.1080 -0.0890 -0.9902
vn -0.0077 -0.0098 -0.9999
vn 0.0199 0.0702 -0.9973
vn 0.1723 -0.0093 -0.9850
vn -0.0079 -0.0101 -0.9999
vn 0.1721 -0.0093 -0.9850
vn 0.1079 -0.0895 -0.9901
vn 0.0200 0.0705 -0.9973
vn 0.0864 0.1381 -0.9866
vn 0.2395 0.0555 -0.9693
vn 0.0198 0.0701 -0.9973
vn 0.2396 0.0552 -0.9693
vn 0.1722 -0.0093 -0.9850
vn 0.0864 0.1382 -0.9866
vn 0.1400 0.1796 -0.9737
vn 0.2602 0.1000 -0.9604
vn 0.0866 0.1383 -0.9866
vn 0.2602 0.0999 -0.9604
vn 0.2396 0.0556 -0.9693
vn 0.1401 0.1796 -0.9737
vn 0.1639 0.1917 -0.9677
vn 0.2640 0.1293 -0.9558
vn 0.1401 0.1797 -0.9737
vn 0.2642 0.1292 -0.9558
vn 0.2600 0.0997 -0.9604
vn 0.1638 0.1917 -0.9677
vn 0.1983 0.1503 -0.9685
vn 0.2853 0.1174 -0.9512
vn 0.2853 0.1173 -0.9512
vn 0.2641 0.1291 -0.9558
vn 0.1983 0.1506 -0.9685
vn 0.2499 0.0904 -0.9641
vn 0.3346 0.0617 -0.9403
vn 0.1983 0.1504 -0.9685
vn 0.3347 0.0616 -0.9403
vn 0.2500 0.0908 -0.9640
vn 0.3278 0.0675 -0.9423
vn 0.4097 0.0211 -0.9120
vn 0.2501 0.0905 -0.9640
vn 0.4099 0.0211 -0.9119
vn 0.3347 0.0615 -0.9403
vn 0.3277 0.0677 -0.9423
vn 0.4412 0.0526 -0.8959
vn 0.5023 0.0162 -0.8645
vn 0.3278 0.0674 -0.9423
vn 0.5024 0.0164 -0.8645
vn 0.4098 0.0215 -0.9119
vn 0.4409 0.0528 -0.8960
vn 0.5572 0.0056 -0.8304
vn 0.5969 -0.0041 -0.8023
vn 0.5970 -0.0036 -0.8022
vn 0.5023 0.0164 -0.8645
vn 0.0247 -0.4387 -0.8983
vn 0.0403 -0.3745 -0.9263
vn 0.1194 -0.4062 -0.9060
vn 0.0248 -0.4386 -0.8984
vn 0.1195 -0.4061 -0.9060
vn 0.1058 -0.4653 -0.8788
vn 0.0404 -0.3744 -0.9264
vn 0.0534 -0.3280 -0.9432
vn 0.1346 -0.3637 -0.9217
vn 0.0403 -0.3744 -0.9264
vn 0.1348 -0.3635 -0.9218
vn 0.1191 -0.4063 -0.9060
vn 0.0534 -0.3282 -0.9431
vn 0.0709 -0.2653 -0.9616
vn 0.1593 -0.3115 -0.9368
vn 0.0533 -0.3282 -0.9431
vn 0.1596 -0.3112 -0.9368
vn 0.1328 -0.3656 -0.9213
vn 0.0846 -0.1776 -0.9805
vn 0.1956 -0.2439 -0.9499
vn 0.0709 -0.2651 -0.9616
vn 0.1958 -0.2437 -0.9499
vn 0.1618 -0.3082 -0.9375
vn 0.0849 -0.1775 -0.9804
vn 0.1076 -0.0894 -0.9902
vn 0.2580 -0.1665 -0.9517
vn 0.0847 -0.1776 -0.9805
vn 0.2581 -0.1663 -0.9517
vn 0.1957 -0.2438 -0.9499
vn 0.1078 -0.0893 -0.9902
vn 0.1719 -0.0092 -0.9851
vn 0.3245 -0.0870 -0.9419
vn 0.1077 -0.0893 -0.9902
vn 0.3248 -0.0868 -0.9418
vn 0.1719 -0.0090 -0.9851
vn 0.2393 0.0556 -0.9694
vn 0.3552 -0.0189 -0.9346
vn 0.1717 -0.0092 -0.9851
vn 0.3552 -0.0192 -0.9346
vn 0.3246 -0.0870 -0.9419
vn 0.2394 0.0557 -0.9693
vn 0.2599 0.0997 -0.9605
vn 0.3567 0.0272 -0.9338
vn 0.2392 0.0556 -0.9694
vn 0.3567 0.0274 -0.9338
vn 0.3553 -0.0191 -0.9345
vn 0.2600 0.0998 -0.9605
vn 0.2639 0.1293 -0.9558
vn 0.3578 0.0635 -0.9316
vn 0.2600 0.0998 -0.9604
vn 0.3577 0.0632 -0.9317
vn 0.3567 0.0273 -0.9338
vn 0.2638 0.1293 -0.9559
vn 0.2851 0.1175 -0.9513
vn 0.3766 0.0717 -0.9236
vn 0.2641 0.1292 -0.9558
vn 0.3767 0.0714 -0.9236
vn 0.3578 0.0634 -0.9316
vn 0.2849 0.1175 -0.9513
vn 0.3343 0.0615 -0.9404
vn 0.4177 0.0336 -0.9079
vn 0.2852 0.1176 -0.9512
vn 0.4178 0.0335 -0.9079
vn 0.3767 0.0717 -0.9235
vn 0.3343 0.0617 -0.9404
vn 0.4097 0.0215 -0.9120
vn 0.4848 -0.0113 -0.8746
vn 0.3345 0.0616 -0.9404
vn 0.4849 -0.0109 -0.8745
vn 0.4177 0.0336 -0.9080
vn 0.4096 0.0215 -0.9120
vn 0.5020 0.0165 -0.8647
vn 0.5703 -0.0353 -0.8206
vn 0.4095 0.0209 -0.9121
vn 0.5705 -0.0348 -0.8205
vn 0.4846 -0.0109 -0.8746
vn 0.5020 0.0166 -0.8647
vn 0.5968 -0.0042 -0.8024
vn 0.6415 -0.0376 -0.7662
vn 0.5020 0.0162 -0.8647
vn 0.6416 -0.0374 -0.7662
vn 0.5701 -0.0349 -0.8208
vn 0.1056 -0.4651 -0.8789
vn 0.1191 -0.4062 -0.9060
vn 0.1985 -0.4353 -0.8781
vn 0.1057 -0.4650 -0.8790
vn 0.1986 -0.4350 -0.8782
vn 0.1843 -0.4878 -0.8533
vn 0.1193 -0.4060 -0.9061
vn 0.1345 -0.3635 -0.9218
vn 0.2163 -0.3960 -0.8924
vn 0.2166 -0.3956 -0.8925
vn 0.1985 -0.4354 -0.8781
vn 0.1345 -0.3634 -0.9219
vn 0.1591 -0.3111 -0.9370
vn 0.2548 -0.3483 -0.9021
vn 0.2549 -0.3480 -0.9022
vn 0.2163 -0.3959 -0.8925
vn 0.1593 -0.3110 -0.9370
vn 0.1953 -0.2436 -0.9500
vn 0.3204 -0.2942 -0.9004
vn 0.1590 -0.3114 -0.9369
vn 0.3206 -0.2938 -0.9005
vn 0.2547 -0.3482 -0.9021
vn 0.1955 -0.2433 -0.9500
vn 0.2577 -0.1660 -0.9519
vn 0.3864 -0.2263 -0.8942
vn 0.1953 -0.2437 -0.9500
vn 0.3869 -0.2260 -0.8940
vn 0.2577 -0.1658 -0.9519
vn 0.3243 -0.0870 -0.9419
vn 0.4264 -0.1485 -0.8923
vn 0.2577 -0.1662 -0.9518
vn 0.4264 -0.1482 -0.8923
vn 0.3866 -0.2260 -0.8941
vn 0.3245 -0.0865 -0.9419
vn 0.3551 -0.0192 -0.9346
vn 0.4407 -0.0819 -0.8939
vn 0.3245 -0.0866 -0.9419
vn 0.4406 -0.0819 -0.8940
vn 0.4264 -0.1484 -0.8923
vn 0.3551 -0.0190 -0.9346
vn 0.3564 0.0272 -0.9339
vn 0.4402 -0.0387 -0.8971
vn 0.3549 -0.0192 -0.9347
vn 0.4401 -0.0389 -0.8971
vn 0.4408 -0.0821 -0.8939
vn 0.3564 0.0275 -0.9339
vn 0.3575 0.0633 -0.9318
vn 0.4469 -0.0013 -0.8946
vn 0.4468 -0.0015 -0.8946
vn 0.4401 -0.0388 -0.8971
vn 0.3765 0.0716 -0.9237
vn 0.4707 0.0178 -0.8821
vn 0.3577 0.0635 -0.9317
vn 0.4708 0.0178 -0.8820
vn 0.4469 -0.0014 -0.8946
vn 0.3762 0.0716 -0.9238
vn 0.4175 0.0338 -0.9080
vn 0.5051 -0.0057 -0.8631
vn 0.3764 0.0716 -0.9237
vn 0.5050 -0.0058 -0.8631
vn 0.4709 0.0177 -0.8820
vn 0.4173 0.0338 -0.9081
vn 0.5559 -0.0399 -0.8303
vn 0.4175 0.0335 -0.9081
vn 0.5560 -0.0398 -0.8302
vn 0.5051 -0.0056 -0.8630
vn 0.4845 -0.0110 -0.8747
vn 0.5701 -0.0350 -0.8208
vn 0.6239 -0.0657 -0.7787
vn 0.4845 -0.0111 -0.8747
vn 0.6241 -0.0653 -0.7786
vn 0.5560 -0.0393 -0.8302
vn 0.5701 -0.0348 -0.8208
vn 0.6413 -0.0374 -0.7664
vn 0.6876 -0.0849 -0.7212
vn 0.5701 -0.0354 -0.8208
vn 0.6876 -0.0845 -0.7212
vn 0.6237 -0.0654 -0.7789
vn 0.1846 -0.4874 -0.8535
vn 0.1983 -0.4354 -0.8781
vn 0.2771 -0.4617 -0.8426
vn 0.1842 -0.4876 -0.8534
vn 0.2772 -0.4617 -0.8426
vn 0.2598 -0.5060 -0.8225
vn 0.1986 -0.4349 -0.8783
vn 0.2162 -0.3957 -0.8926
vn 0.3063 -0.4261 -0.8512
vn 0.1983 -0.4352 -0.8782
vn 0.3067 -0.4256 -0.8514
vn 0.2772 -0.4619 -0.8425
vn 0.2163 -0.3957 -0.8926
vn 0.2547 -0.3479 -0.9023
vn 0.3652 -0.3785 -0.8505
vn 0.3657 -0.3781 -0.8505
vn 0.3062 -0.4260 -0.8513
vn 0.2547 -0.3478 -0.9023
vn 0.3202 -0.2936 -0.9007
vn 0.4305 -0.3287 -0.8406
vn 0.2547 -0.3481 -0.9022
vn 0.4308 -0.3283 -0.8406
vn 0.3655 -0.3781 -0.8506
vn 0.3203 -0.2936 -0.9006
vn 0.3864 -0.2259 -0.8942
vn 0.4771 -0.2717 -0.8358
vn 0.3202 -0.2938 -0.9006
vn 0.4775 -0.2712 -0.8358
vn 0.4305 -0.3284 -0.8407
vn 0.3866 -0.2257 -0.8942
vn 0.4261 -0.1485 -0.8924
vn 0.5055 -0.2021 -0.8388
vn 0.3864 -0.2260 -0.8942
vn 0.5056 -0.2020 -0.8388
vn 0.4773 -0.2714 -0.8358
vn 0.4264 -0.1480 -0.8924
vn 0.4404 -0.0820 -0.8941
vn 0.5178 -0.1413 -0.8437
vn 0.4261 -0.1484 -0.8924
vn 0.5179 -0.1413 -0.8437
vn 0.5055 -0.2023 -0.8388
vn 0.4406 -0.0817 -0.8940
vn 0.4399 -0.0387 -0.8972
vn 0.5234 -0.1025 -0.8459
vn 0.4405 -0.0819 -0.8940
vn 0.5234 -0.1026 -0.8459
vn 0.5178 -0.1415 -0.8437
vn 0.4400 -0.0386 -0.8972
vn 0.4466 -0.0012 -0.8947
vn 0.5360 -0.0647 -0.8417
vn 0.4400 -0.0389 -0.8972
vn 0.4467 -0.0011 -0.8947
vn 0.4706 0.0175 -0.8822
vn 0.5592 -0.0360 -0.8283
vn 0.4466 -0.0015 -0.8947
vn 0.5592 -0.0358 -0.8282
vn 0.5360 -0.0647 -0.8418
vn 0.4706 0.0179 -0.8822
vn 0.5048 -0.0056 -0.8632
vn 0.5878 -0.0484 -0.8076
vn 0.5880 -0.0482 -0.8074
vn 0.5592 -0.0360 -0.8282
vn 0.5048 -0.0053 -0.8632
vn 0.5559 -0.0395 -0.8303
vn 0.6276 -0.0743 -0.7750
vn 0.5048 -0.0057 -0.8632
vn 0.6278 -0.0741 -0.7748
vn 0.5879 -0.0483 -0.8075
vn 0.5557 -0.0395 -0.8304
vn 0.6238 -0.0652 -0.7788
vn 0.6767 -0.0945 -0.7301
vn 0.5557 -0.0401 -0.8304
vn 0.6770 -0.0941 -0.7300
vn 0.6236 -0.0650 -0.7790
vn 0.6875 -0.0850 -0.7212
vn 0.7280 -0.1175 -0.6754
vn 0.6236 -0.0656 -0.7790
vn 0.7280 -0.1173 -0.6754
vn 0.6768 -0.0942 -0.7301
vn 0.2602 -0.5056 -0.8226
vn 0.2771 -0.4616 -0.8427
vn 0.3593 -0.4870 -0.7961
vn 0.2599 -0.5058 -0.8226
vn 0.3595 -0.4868 -0.7961
vn 0.3332 -0.5222 -0.7851
vn 0.2771 -0.4617 -0.8427
vn 0.3061 -0.4259 -0.8514
vn 0.4036 -0.4506 -0.7963
vn 0.4038 -0.4505 -0.7963
vn 0.3060 -0.4258 -0.8515
vn 0.3652 -0.3779 -0.8508
vn 0.4599 -0.4014 -0.7921
vn 0.3063 -0.4257 -0.8515
vn 0.4603 -0.4010 -0.7921
vn 0.4038 -0.4504 -0.7963
vn 0.3652 -0.3780 -0.8507
vn 0.4304 -0.3282 -0.8409
vn 0.5064 -0.3538 -0.7864
vn 0.3653 -0.3779 -0.8507
vn 0.5065 -0.3536 -0.7864
vn 0.4633 -0.3966 -0.7925
vn 0.4305 -0.3282 -0.8408
vn 0.4772 -0.2711 -0.8359
vn 0.5457 -0.3043 -0.7807
vn 0.4301 -0.3287 -0.8408
vn 0.5460 -0.3041 -0.7806
vn 0.5071 -0.3524 -0.7865
vn 0.4772 -0.2712 -0.8359
vn 0.5054 -0.2020 -0.8389
vn 0.5754 -0.2498 -0.7788
vn 0.4771 -0.2715 -0.8359
vn 0.5754 -0.2496 -0.7788
vn 0.5458 -0.3042 -0.7808
vn 0.5055 -0.2018 -0.8389
vn 0.5177 -0.1413 -0.8438
vn 0.5939 -0.1982 -0.7798
vn 0.5054 -0.2018 -0.8389
vn 0.5940 -0.1980 -0.7798
vn 0.5755 -0.2498 -0.7788
vn 0.5177 -0.1412 -0.8438
vn 0.5232 -0.1024 -0.8460
vn 0.6057 -0.1617 -0.7791
vn 0.5176 -0.1413 -0.8439
vn 0.6057 -0.1615 -0.7791
vn 0.5940 -0.1982 -0.7797
vn 0.5233 -0.1023 -0.8460
vn 0.5356 -0.0649 -0.8420
vn 0.6188 -0.1240 -0.7757
vn 0.5233 -0.1027 -0.8459
vn 0.6188 -0.1241 -0.7757
vn 0.6057 -0.1618 -0.7791
vn 0.5356 -0.0645 -0.8420
vn 0.5590 -0.0360 -0.8284
vn 0.6372 -0.0875 -0.7657
vn 0.5357 -0.0646 -0.8419
vn 0.6372 -0.0872 -0.7657
vn 0.6189 -0.1241 -0.7756
vn 0.5589 -0.0363 -0.8284
vn 0.5877 -0.0485 -0.8076
vn 0.6593 -0.0878 -0.7467
vn 0.5590 -0.0359 -0.8284
vn 0.6595 -0.0876 -0.7466
vn 0.6372 -0.0873 -0.7657
vn 0.5876 -0.0482 -0.8077
vn 0.6274 -0.0743 -0.7751
vn 0.6902 -0.1057 -0.7159
vn 0.5876 -0.0486 -0.8077
vn 0.6904 -0.1053 -0.7158
vn 0.6592 -0.0879 -0.7468
vn 0.6274 -0.0741 -0.7752
vn 0.6767 -0.0939 -0.7303
vn 0.7287 -0.1218 -0.6739
vn 0.6276 -0.0744 -0.7750
vn 0.7289 -0.1212 -0.6738
vn 0.6903 -0.1055 -0.7158
vn 0.7279 -0.1175 -0.6756
vn 0.7612 -0.1447 -0.6322
vn 0.6767 -0.0944 -0.7302
vn 0.7613 -0.1443 -0.6322
vn 0.7288 -0.1211 -0.6739
vn -0.8131 0.0889 -0.5752
vn -0.7966 0.1781 -0.5776
vn -0.7464 0.1167 -0.6552
vn -0.8133 0.0884 -0.5751
vn -0.7467 0.1164 -0.6549
vn -0.7811 0.0111 -0.6243
vn -0.7965 0.1785 -0.5776
vn -0.7764 0.2767 -0.5663
vn -0.7304 0.2229 -0.6457
vn -0.7966 0.1784 -0.5776
vn -0.7303 0.2232 -0.6457
vn -0.7466 0.1166 -0.6550
vn -0.7528 0.3752 -0.5408
vn -0.7101 0.3269 -0.6237
vn -0.7100 0.3272 -0.6236
vn -0.7302 0.2231 -0.6458
vn -0.7529 0.3749 -0.5408
vn -0.7257 0.4557 -0.5154
vn -0.6794 0.4190 -0.6023
vn -0.7528 0.3751 -0.5409
vn -0.6795 0.4191 -0.6022
vn -0.7101 0.3269 -0.6236
vn -0.7260 0.4553 -0.5155
vn -0.6963 0.5138 -0.5011
vn -0.6481 0.4847 -0.5874
vn -0.7258 0.4556 -0.5154
vn -0.6478 0.4850 -0.5874
vn -0.6794 0.4192 -0.6022
vn -0.6963 0.5139 -0.5011
vn -0.6708 0.5528 -0.4945
vn -0.6248 0.5254 -0.5775
vn -0.6248 0.5254 -0.5776
vn -0.6709 0.5526 -0.4945
vn -0.6549 0.5762 -0.4889
vn -0.6104 0.5472 -0.5726
vn -0.6103 0.5475 -0.5725
vn -0.6248 0.5255 -0.5775
vn -0.6550 0.5760 -0.4892
vn -0.6474 0.5879 -0.4850
vn -0.6039 0.5559 -0.5712
vn -0.6550 0.5760 -0.4890
vn -0.6039 0.5560 -0.5712
vn -0.6103 0.5474 -0.5726
vn -0.6476 0.5878 -0.4849
vn -0.6534 0.5804 -0.4861
vn -0.6096 0.5476 -0.5732
vn -0.6477 0.5877 -0.4849
vn -0.6096 0.5476 -0.5731
vn -0.6038 0.5562 -0.5710
vn -0.6535 0.5802 -0.4861
vn -0.6726 0.5437 -0.5021
vn -0.6194 0.5150 -0.5925
vn -0.6535 0.5801 -0.4861
vn -0.6193 0.5152 -0.5925
vn -0.6049 0.5549 -0.5711
vn -0.6727 0.5435 -0.5021
vn -0.6860 0.4894 -0.5384
vn -0.6240 0.4625 -0.6299
vn -0.6729 0.5432 -0.5022
vn -0.6237 0.4627 -0.6300
vn -0.6192 0.5152 -0.5926
vn -0.6860 0.4893 -0.5385
vn -0.6559 0.4652 -0.5944
vn -0.5958 0.4314 -0.6775
vn -0.6863 0.4890 -0.5385
vn -0.5955 0.4318 -0.6774
vn -0.6237 0.4628 -0.6299
vn -0.6560 0.4652 -0.5943
vn -0.5753 0.4768 -0.6646
vn -0.5238 0.4465 -0.7254
vn -0.5236 0.4464 -0.7256
vn -0.5956 0.4318 -0.6773
vn -0.5755 0.4766 -0.6646
vn -0.4763 0.4852 -0.7333
vn -0.4434 0.4693 -0.7636
vn -0.5754 0.4767 -0.6646
vn -0.4435 0.4688 -0.7639
vn -0.5238 0.4466 -0.7254
vn -0.4766 0.4849 -0.7333
vn -0.3929 0.4621 -0.7950
vn -0.3587 0.4654 -0.8092
vn -0.4762 0.4852 -0.7333
vn -0.3588 0.4652 -0.8092
vn -0.4434 0.4694 -0.7635
vn -0.3932 0.4621 -0.7949
vn -0.3205 0.3967 -0.8602
vn -0.2411 0.3571 -0.9024
vn -0.3928 0.4622 -0.7950
vn -0.2411 0.3572 -0.9024
vn -0.3589 0.4652 -0.8092
vn -0.3589 0.4651 -0.8092
vn -0.2418 0.3570 -0.9023
vn -0.1150 0.3150 -0.9421
vn -0.3587 0.4654 -0.8091
vn -0.1149 0.3149 -0.9422
vn -0.2647 0.4252 -0.8655
vn -0.2651 0.4249 -0.8655
vn -0.1149 0.3150 -0.9421
vn -0.0113 0.2904 -0.9568
vn -0.2650 0.4253 -0.8654
vn -0.0115 0.2901 -0.9569
vn -0.1532 0.3783 -0.9129
vn -0.1531 0.3782 -0.9130
vn -0.0117 0.2903 -0.9569
vn 0.1347 0.2158 -0.9671
vn -0.1533 0.3783 -0.9129
vn 0.1344 0.2157 -0.9672
vn -0.0019 0.3055 -0.9522
vn -0.0022 0.3053 -0.9523
vn 0.1344 0.2155 -0.9672
vn 0.2552 0.1439 -0.9561
vn -0.0025 0.3054 -0.9522
vn 0.2554 0.1441 -0.9560
vn 0.1537 0.2150 -0.9644
vn 0.1534 0.2152 -0.9644
vn 0.2550 0.1437 -0.9562
vn 0.3582 0.0817 -0.9301
vn 0.1533 0.2153 -0.9644
vn 0.3582 0.0819 -0.9300
vn 0.2697 0.1480 -0.9515
vn 0.2693 0.1485 -0.9515
vn 0.3580 0.0821 -0.9301
vn 0.4503 0.0280 -0.8925
vn 0.2693 0.1479 -0.9516
vn 0.4504 0.0281 -0.8924
vn 0.3614 0.0993 -0.9271
vn 0.3610 0.0993 -0.9272
vn 0.4500 0.0282 -0.8926
vn 0.5276 -0.0096 -0.8495
vn 0.3610 0.0990 -0.9273
vn 0.5277 -0.0093 -0.8494
vn 0.4385 0.0627 -0.8965
vn 0.4381 0.0626 -0.8967
vn 0.5273 -0.0093 -0.8496
vn 0.5864 -0.0302 -0.8095
vn 0.5865 -0.0302 -0.8094
vn 0.5058 0.0282 -0.8622
vn 0.5863 -0.0303 -0.8096
vn 0.6302 -0.0450 -0.7751
vn 0.5057 0.0275 -0.8622
vn 0.6302 -0.0449 -0.7751
vn 0.5570 0.0062 -0.8305
vn 0.6301 -0.0451 -0.7752
vn 0.6617 -0.0529 -0.7479
vn 0.5571 0.0057 -0.8305
vn 0.6617 -0.0527 -0.7479
vn 0.5968 -0.0043 -0.8024
vn 0.5966 -0.0036 -0.8025
vn 0.6616 -0.0530 -0.7480
vn 0.6972 -0.0644 -0.7139
vn 0.5967 -0.0042 -0.8025
vn 0.6974 -0.0641 -0.7138
vn 0.6413 -0.0376 -0.7663
vn 0.6414 -0.0371 -0.7663
vn 0.6973 -0.0640 -0.7139
vn 0.7416 -0.1011 -0.6632
vn 0.6412 -0.0375 -0.7664
vn 0.7416 -0.1009 -0.6632
vn 0.6875 -0.0847 -0.7213
vn 0.6873 -0.0845 -0.7214
vn 0.7415 -0.1009 -0.6633
vn 0.7707 -0.1376 -0.6221
vn 0.6874 -0.0846 -0.7214
vn 0.7707 -0.1373 -0.6222
vn 0.7279 -0.1176 -0.6755
vn 0.7278 -0.1170 -0.6758
vn 0.7706 -0.1374 -0.6224
vn 0.7913 -0.1578 -0.5906
vn 0.7278 -0.1174 -0.6757
vn 0.7914 -0.1578 -0.5906
vn 0.7611 -0.1445 -0.6323
vn 0.7611 -0.1440 -0.6324
vn 0.7913 -0.1577 -0.5907
vn 0.7980 -0.1684 -0.5787
vn 0.7610 -0.1445 -0.6324
vn 0.7980 -0.1680 -0.5787
vn 0.7850 -0.1528 -0.6003
vn 0.7286 -0.1211 -0.6742
vn 0.7609 -0.1446 -0.6325
vn 0.7849 -0.1530 -0.6004
vn 0.7286 -0.1218 -0.6740
vn 0.7851 -0.1525 -0.6003
vn 0.7683 -0.1378 -0.6251
vn 0.6901 -0.1052 -0.7161
vn 0.7286 -0.1216 -0.6741
vn 0.6901 -0.1055 -0.7160
vn 0.7684 -0.1377 -0.6250
vn 0.7445 -0.1337 -0.6541
vn 0.6592 -0.0876 -0.7469
vn 0.6901 -0.1054 -0.7160
vn 0.6593 -0.0877 -0.7468
vn 0.7447 -0.1335 -0.6539
vn 0.7229 -0.1264 -0.6793
vn 0.6371 -0.0873 -0.7658
vn 0.6592 -0.0876 -0.7468
vn 0.7230 -0.1262 -0.6793
vn 0.6371 -0.0874 -0.7658
vn 0.7230 -0.1264 -0.6792
vn 0.7062 -0.1361 -0.6948
vn 0.6187 -0.1240 -0.7758
vn 0.6371 -0.0872 -0.7658
vn 0.7062 -0.1362 -0.6948
vn 0.6187 -0.1239 -0.7758
vn 0.7063 -0.1362 -0.6947
vn 0.6917 -0.1778 -0.6999
vn 0.6055 -0.1615 -0.7792
vn 0.6186 -0.1243 -0.7758
vn 0.6916 -0.1778 -0.7000
vn 0.6056 -0.1616 -0.7792
vn 0.6810 -0.2144 -0.7002
vn 0.5938 -0.1980 -0.7798
vn 0.6055 -0.1618 -0.7793
vn 0.6809 -0.2146 -0.7003
vn 0.5938 -0.1980 -0.7799
vn 0.6809 -0.2143 -0.7003
vn 0.6661 -0.2457 -0.7042
vn 0.5754 -0.2494 -0.7790
vn 0.5936 -0.1980 -0.7800
vn 0.6660 -0.2456 -0.7044
vn 0.5753 -0.2497 -0.7789
vn 0.6661 -0.2457 -0.7043
vn 0.6392 -0.2854 -0.7141
vn 0.5457 -0.3039 -0.7810
vn 0.5754 -0.2495 -0.7789
vn 0.6389 -0.2857 -0.7142
vn 0.5456 -0.3044 -0.7808
vn 0.6392 -0.2855 -0.7141
vn 0.6078 -0.3183 -0.7275
vn 0.5065 -0.3533 -0.7866
vn 0.5457 -0.3040 -0.7809
vn 0.6023 -0.3295 -0.7271
vn 0.5063 -0.3536 -0.7865
vn 0.6023 -0.3292 -0.7272
vn 0.5639 -0.3760 -0.7353
vn 0.4600 -0.4009 -0.7923
vn 0.5067 -0.3532 -0.7865
vn 0.5638 -0.3760 -0.7354
vn 0.4599 -0.4011 -0.7923
vn 0.5640 -0.3758 -0.7353
vn 0.5257 -0.4215 -0.7389
vn 0.4036 -0.4502 -0.7965
vn 0.4600 -0.4010 -0.7922
vn 0.5256 -0.4216 -0.7389
vn 0.4036 -0.4505 -0.7963
vn 0.5257 -0.4214 -0.7390
vn 0.4805 -0.4691 -0.7410
vn 0.3593 -0.4867 -0.7963
vn 0.4035 -0.4505 -0.7964
vn 0.4803 -0.4693 -0.7410
vn 0.3597 -0.4864 -0.7963
vn 0.4804 -0.4694 -0.7409
vn 0.4365 -0.5102 -0.7411
vn 0.3335 -0.5218 -0.7852
vn 0.3595 -0.4865 -0.7963
vn 0.4365 -0.5102 -0.7410
vn 0.4367 -0.5101 -0.7410
vn 0.4047 -0.5436 -0.7354
vn 0.3172 -0.5765 -0.7530
vn 0.3331 -0.5221 -0.7851
vn 0.4047 -0.5435 -0.7354
vn 0.3171 -0.5765 -0.7531
vn 0.4049 -0.5435 -0.7353
vn 0.3774 -0.5783 -0.7233
vn 0.2475 -0.5695 -0.7839
vn 0.2597 -0.5059 -0.8226
vn 0.3333 -0.5221 -0.7850
vn 0.2474 -0.5696 -0.7839
vn 0.3336 -0.5219 -0.7851
vn 0.3170 -0.5768 -0.7529
vn 0.1723 -0.5576 -0.8120
vn 0.1841 -0.4878 -0.8533
vn 0.2599 -0.5060 -0.8224
vn 0.1721 -0.5577 -0.8120
vn 0.2599 -0.5059 -0.8225
vn 0.2471 -0.5698 -0.7838
vn 0.0908 -0.5414 -0.8359
vn 0.1055 -0.4654 -0.8788
vn 0.1843 -0.4879 -0.8532
vn 0.0911 -0.5413 -0.8359
vn 0.1846 -0.4876 -0.8533
vn 0.1719 -0.5580 -0.8119
vn 0.0052 -0.5196 -0.8544
vn 0.0246 -0.4388 -0.8983
vn 0.1057 -0.4652 -0.8789
vn 0.0053 -0.5195 -0.8545
vn 0.0908 -0.5414 -0.8358
vn -0.0850 -0.4925 -0.8661
vn -0.0590 -0.4088 -0.9107
vn 0.0249 -0.4387 -0.8983
vn -0.0846 -0.4922 -0.8663
vn -0.1828 -0.4577 -0.8701
vn -0.1500 -0.3730 -0.9156
vn -0.0588 -0.4088 -0.9107
vn -0.1825 -0.4577 -0.8702
vn -0.0590 -0.4089 -0.9107
vn -0.0847 -0.4924 -0.8662
vn -0.2851 -0.4149 -0.8640
vn -0.2467 -0.3303 -0.9111
vn -0.1496 -0.3730 -0.9157
vn -0.2847 -0.4145 -0.8644
vn -0.1499 -0.3730 -0.9156
vn -0.1824 -0.4576 -0.8702
vn -0.3850 -0.3655 -0.8475
vn -0.3406 -0.2827 -0.8967
vn -0.2465 -0.3303 -0.9111
vn -0.3848 -0.3656 -0.8475
vn -0.2468 -0.3306 -0.9109
vn -0.2847 -0.4144 -0.8644
vn -0.4766 -0.3137 -0.8213
vn -0.4279 -0.2327 -0.8734
vn -0.3408 -0.2829 -0.8966
vn -0.4765 -0.3135 -0.8214
vn -0.3410 -0.2832 -0.8964
vn -0.3847 -0.3655 -0.8476
vn -0.5573 -0.2597 -0.7886
vn -0.5082 -0.1791 -0.8424
vn -0.4280 -0.2327 -0.8733
vn -0.5572 -0.2597 -0.7887
vn -0.4279 -0.2330 -0.8732
vn -0.4764 -0.3135 -0.8214
vn -0.6286 -0.2036 -0.7506
vn -0.5819 -0.1169 -0.8048
vn -0.5082 -0.1789 -0.8424
vn -0.6285 -0.2038 -0.7506
vn -0.5574 -0.2600 -0.7885
vn -0.6912 -0.1395 -0.7091
vn -0.6509 -0.0401 -0.7581
vn -0.5819 -0.1168 -0.8049
vn -0.5821 -0.1169 -0.8047
vn -0.6285 -0.2038 -0.7507
vn -0.7419 -0.0652 -0.6673
vn -0.7066 0.0413 -0.7064
vn -0.6506 -0.0398 -0.7583
vn -0.7420 -0.0651 -0.6673
vn -0.6508 -0.0399 -0.7582
vn -0.6910 -0.1395 -0.7092
vn -0.7813 0.0109 -0.6241
vn -0.7467 0.1167 -0.6549
vn -0.7065 0.0417 -0.7065
vn -0.7813 0.0112 -0.6241
vn -0.7065 0.0414 -0.7065
vn -0.7419 -0.0650 -0.6674
vn 0.4549 -0.5800 -0.6757
vn 0.4931 -0.5384 -0.6834
vn 0.5377 -0.5731 -0.6184
vn 0.4551 -0.5799 -0.6758
vn 0.5374 -0.5734 -0.6184
vn 0.4914 -0.6166 -0.6151
vn 0.4932 -0.5382 -0.6834
vn 0.5345 -0.4908 -0.6881
vn 0.5797 -0.5215 -0.6261
vn 0.4932 -0.5383 -0.6834
vn 0.5794 -0.5218 -0.6261
vn 0.5342 -0.4910 -0.6882
vn 0.5759 -0.4429 -0.6872
vn 0.6200 -0.4679 -0.6299
vn 0.5341 -0.4910 -0.6882
vn 0.6201 -0.4677 -0.6299
vn 0.5794 -0.5217 -0.6262
vn 0.5757 -0.4429 -0.6873
vn 0.6149 -0.3979 -0.6809
vn 0.6631 -0.4188 -0.6204
vn 0.5756 -0.4431 -0.6873
vn 0.6632 -0.4186 -0.6204
vn 0.6199 -0.4679 -0.6299
vn 0.6146 -0.3982 -0.6810
vn 0.6563 -0.3519 -0.6674
vn 0.7096 -0.3721 -0.5983
vn 0.6145 -0.3983 -0.6810
vn 0.7097 -0.3720 -0.5983
vn 0.6633 -0.4185 -0.6205
vn 0.6563 -0.3518 -0.6675
vn 0.6961 -0.3109 -0.6471
vn 0.7486 -0.3319 -0.5740
vn 0.6562 -0.3522 -0.6673
vn 0.7487 -0.3316 -0.5740
vn 0.7098 -0.3717 -0.5984
vn 0.6962 -0.3107 -0.6471
vn 0.7275 -0.2787 -0.6269
vn 0.7769 -0.3018 -0.5525
vn 0.6961 -0.3110 -0.6471
vn 0.7770 -0.3017 -0.5526
vn 0.7470 -0.3358 -0.5738
vn 0.7275 -0.2788 -0.6270
vn 0.7453 -0.2574 -0.6150
vn 0.7952 -0.2855 -0.5350
vn 0.7274 -0.2791 -0.6269
vn 0.7770 -0.3016 -0.5526
vn 0.7454 -0.2572 -0.6150
vn 0.7568 -0.2277 -0.6127
vn 0.8069 -0.2637 -0.5285
vn 0.7454 -0.2573 -0.6150
vn 0.8069 -0.2638 -0.5285
vn 0.7951 -0.2857 -0.5350
vn 0.7569 -0.2273 -0.6127
vn 0.7689 -0.1834 -0.6125
vn 0.8178 -0.2232 -0.5304
vn 0.7569 -0.2276 -0.6126
vn 0.8179 -0.2231 -0.5304
vn 0.8069 -0.2638 -0.5284
vn 0.7807 -0.1659 -0.6025
vn 0.8246 -0.2003 -0.5290
vn 0.7688 -0.1836 -0.6126
vn 0.8247 -0.2001 -0.5289
vn 0.8180 -0.2230 -0.5302
vn 0.7922 -0.1625 -0.5882
vn 0.8314 -0.1906 -0.5219
vn 0.7806 -0.1659 -0.6026
vn 0.8315 -0.1907 -0.5218
vn 0.8247 -0.2000 -0.5290
vn 0.7921 -0.1627 -0.5883
vn 0.8029 -0.1556 -0.5754
vn 0.8419 -0.1809 -0.5083
vn 0.7923 -0.1626 -0.5881
vn 0.8419 -0.1810 -0.5083
vn 0.8316 -0.1904 -0.5217
vn 0.8151 -0.1686 -0.5542
vn 0.8501 -0.1913 -0.4907
vn 0.8029 -0.1559 -0.5754
vn 0.8420 -0.1807 -0.5084
vn 0.4913 -0.6165 -0.6153
vn 0.5376 -0.5729 -0.6186
vn 0.5765 -0.6073 -0.5466
vn 0.4913 -0.6165 -0.6152
vn 0.5764 -0.6074 -0.5466
vn 0.5245 -0.6514 -0.5483
vn 0.5375 -0.5731 -0.6186
vn 0.5796 -0.5214 -0.6262
vn 0.6197 -0.5573 -0.5526
vn 0.5376 -0.5729 -0.6187
vn 0.6196 -0.5574 -0.5526
vn 0.5764 -0.6073 -0.5468
vn 0.5793 -0.5216 -0.6263
vn 0.6199 -0.4677 -0.6301
vn 0.6636 -0.4989 -0.5575
vn 0.5795 -0.5214 -0.6263
vn 0.6635 -0.4988 -0.5577
vn 0.6200 -0.5571 -0.5525
vn 0.6632 -0.4184 -0.6206
vn 0.7118 -0.4395 -0.5479
vn 0.6199 -0.4676 -0.6301
vn 0.7119 -0.4393 -0.5479
vn 0.6637 -0.4986 -0.5576
vn 0.7095 -0.3718 -0.5987
vn 0.7581 -0.3879 -0.5242
vn 0.6629 -0.4189 -0.6205
vn 0.7584 -0.3876 -0.5241
vn 0.7119 -0.4393 -0.5478
vn 0.7096 -0.3718 -0.5986
vn 0.7485 -0.3318 -0.5742
vn 0.7937 -0.3481 -0.4989
vn 0.7095 -0.3720 -0.5986
vn 0.7938 -0.3481 -0.4988
vn 0.7583 -0.3875 -0.5242
vn 0.7485 -0.3316 -0.5743
vn 0.7768 -0.3018 -0.5527
vn 0.8172 -0.3191 -0.4800
vn 0.7486 -0.3316 -0.5741
vn 0.8172 -0.3189 -0.4801
vn 0.7938 -0.3480 -0.4988
vn 0.7769 -0.3014 -0.5528
vn 0.7951 -0.2856 -0.5351
vn 0.8315 -0.3033 -0.4654
vn 0.8316 -0.3033 -0.4653
vn 0.8172 -0.3191 -0.4799
vn 0.7950 -0.2854 -0.5352
vn 0.8068 -0.2636 -0.5288
vn 0.8432 -0.2866 -0.4548
vn 0.7950 -0.2855 -0.5352
vn 0.8433 -0.2866 -0.4547
vn 0.8315 -0.3034 -0.4654
vn 0.8069 -0.2636 -0.5286
vn 0.8178 -0.2231 -0.5305
vn 0.8537 -0.2540 -0.4545
vn 0.8068 -0.2637 -0.5286
vn 0.8537 -0.2541 -0.4545
vn 0.8178 -0.2231 -0.5306
vn 0.8246 -0.1998 -0.5292
vn 0.8606 -0.2311 -0.4538
vn 0.8179 -0.2230 -0.5304
vn 0.8607 -0.2307 -0.4539
vn 0.8538 -0.2540 -0.4544
vn 0.8245 -0.2002 -0.5292
vn 0.8315 -0.1904 -0.5220
vn 0.8692 -0.2160 -0.4449
vn 0.8245 -0.2001 -0.5292
vn 0.8693 -0.2160 -0.4446
vn 0.8607 -0.2307 -0.4538
vn 0.8313 -0.1905 -0.5221
vn 0.8419 -0.1807 -0.5085
vn 0.8763 -0.2054 -0.4357
vn 0.8314 -0.1907 -0.5219
vn 0.8764 -0.2054 -0.4356
vn 0.8693 -0.2157 -0.4448
vn 0.8417 -0.1814 -0.5085
vn 0.8500 -0.1911 -0.4908
vn 0.8765 -0.2141 -0.4312
vn 0.8418 -0.1809 -0.5085
vn 0.8764 -0.2144 -0.4312
vn 0.8765 -0.2050 -0.4357
vn 0.5242 -0.6514 -0.5485
vn 0.5765 -0.6071 -0.5468
vn 0.6108 -0.6373 -0.4699
vn 0.5244 -0.6512 -0.5485
vn 0.6105 -0.6374 -0.4701
vn 0.5554 -0.6832 -0.4741
vn 0.5763 -0.6073 -0.5469
vn 0.6197 -0.5573 -0.5527
vn 0.6558 -0.5896 -0.4715
vn 0.5765 -0.6071 -0.5469
vn 0.6557 -0.5897 -0.4715
vn 0.6106 -0.6373 -0.4701
vn 0.6195 -0.5574 -0.5528
vn 0.6635 -0.4987 -0.5577
vn 0.7038 -0.5292 -0.4740
vn 0.6198 -0.5571 -0.5528
vn 0.7038 -0.5291 -0.4740
vn 0.6559 -0.5895 -0.4715
vn 0.6633 -0.4988 -0.5579
vn 0.7120 -0.4392 -0.5480
vn 0.7541 -0.4594 -0.4694
vn 0.7542 -0.4593 -0.4693
vn 0.7038 -0.5291 -0.4741
vn 0.7117 -0.4392 -0.5482
vn 0.7581 -0.3878 -0.5243
vn 0.7966 -0.3998 -0.4535
vn 0.7117 -0.4395 -0.5480
vn 0.7967 -0.3996 -0.4533
vn 0.7542 -0.4591 -0.4694
vn 0.7581 -0.3878 -0.5244
vn 0.7936 -0.3480 -0.4991
vn 0.8272 -0.3582 -0.4330
vn 0.7580 -0.3879 -0.5244
vn 0.8272 -0.3580 -0.4330
vn 0.7968 -0.3994 -0.4534
vn 0.7936 -0.3479 -0.4991
vn 0.8170 -0.3193 -0.4801
vn 0.8477 -0.3308 -0.4148
vn 0.7936 -0.3481 -0.4990
vn 0.8476 -0.3312 -0.4147
vn 0.8272 -0.3581 -0.4331
vn 0.8170 -0.3190 -0.4803
vn 0.8313 -0.3033 -0.4657
vn 0.8600 -0.3162 -0.4006
vn 0.8172 -0.3188 -0.4802
vn 0.8601 -0.3161 -0.4005
vn 0.8477 -0.3309 -0.4147
vn 0.8314 -0.3032 -0.4656
vn 0.8431 -0.2867 -0.4549
vn 0.8697 -0.3014 -0.3908
vn 0.8697 -0.3017 -0.3908
vn 0.8433 -0.2864 -0.4548
vn 0.8537 -0.2537 -0.4548
vn 0.8809 -0.2748 -0.3854
vn 0.8809 -0.2747 -0.3855
vn 0.8696 -0.3018 -0.3908
vn 0.8537 -0.2538 -0.4546
vn 0.8605 -0.2306 -0.4543
vn 0.8915 -0.2545 -0.3748
vn 0.8537 -0.2541 -0.4546
vn 0.8916 -0.2542 -0.3748
vn 0.8810 -0.2743 -0.3854
vn 0.8605 -0.2308 -0.4542
vn 0.8692 -0.2154 -0.4451
vn 0.8989 -0.2376 -0.3682
vn 0.8606 -0.2309 -0.4540
vn 0.8990 -0.2374 -0.3680
vn 0.8916 -0.2540 -0.3748
vn 0.8691 -0.2160 -0.4449
vn 0.8764 -0.2047 -0.4359
vn 0.9002 -0.2280 -0.3709
vn 0.8691 -0.2159 -0.4450
vn 0.9002 -0.2283 -0.3708
vn 0.8991 -0.2371 -0.3680
vn 0.8763 -0.2053 -0.4358
vn 0.8764 -0.2139 -0.4315
vn 0.8975 -0.2362 -0.3723
vn 0.8764 -0.2049 -0.4359
vn 0.8974 -0.2367 -0.3723
vn 0.9003 -0.2278 -0.3709
vn 0.5552 -0.6833 -0.4742
vn 0.6106 -0.6372 -0.4702
vn 0.6406 -0.6621 -0.3889
vn 0.5556 -0.6830 -0.4741
vn 0.6403 -0.6624 -0.3890
vn 0.5828 -0.7114 -0.3928
vn 0.6104 -0.6373 -0.4703
vn 0.6558 -0.5895 -0.4716
vn 0.6868 -0.6145 -0.3882
vn 0.6108 -0.6370 -0.4703
vn 0.6865 -0.6148 -0.3882
vn 0.6405 -0.6621 -0.3891
vn 0.6555 -0.5897 -0.4717
vn 0.7037 -0.5291 -0.4741
vn 0.7349 -0.5542 -0.3909
vn 0.6557 -0.5895 -0.4717
vn 0.7349 -0.5543 -0.3908
vn 0.6868 -0.6145 -0.3881
vn 0.7036 -0.5291 -0.4743
vn 0.7542 -0.4591 -0.4695
vn 0.7849 -0.4794 -0.3925
vn 0.7541 -0.4590 -0.4696
vn 0.7967 -0.3994 -0.4537
vn 0.8251 -0.4120 -0.3866
vn 0.7539 -0.4594 -0.4696
vn 0.8252 -0.4118 -0.3866
vn 0.7851 -0.4792 -0.3924
vn 0.7966 -0.3995 -0.4536
vn 0.8272 -0.3580 -0.4331
vn 0.8526 -0.3661 -0.3729
vn 0.7965 -0.3999 -0.4536
vn 0.8527 -0.3660 -0.3729
vn 0.8253 -0.4116 -0.3866
vn 0.8272 -0.3579 -0.4333
vn 0.8476 -0.3307 -0.4150
vn 0.8707 -0.3384 -0.3568
vn 0.8272 -0.3579 -0.4332
vn 0.8709 -0.3382 -0.3567
vn 0.8527 -0.3660 -0.3728
vn 0.8600 -0.3159 -0.4007
vn 0.8817 -0.3244 -0.3426
vn 0.8477 -0.3306 -0.4149
vn 0.8817 -0.3243 -0.3426
vn 0.8708 -0.3384 -0.3567
vn 0.8599 -0.3160 -0.4008
vn 0.8696 -0.3018 -0.3909
vn 0.8913 -0.3113 -0.3297
vn 0.8600 -0.3160 -0.4008
vn 0.8913 -0.3113 -0.3296
vn 0.8816 -0.3245 -0.3426
vn 0.8696 -0.3014 -0.3910
vn 0.8809 -0.2746 -0.3856
vn 0.9042 -0.2887 -0.3148
vn 0.8696 -0.3015 -0.3909
vn 0.9042 -0.2888 -0.3148
vn 0.8809 -0.2743 -0.3857
vn 0.8916 -0.2539 -0.3750
vn 0.9137 -0.2705 -0.3033
vn 0.8808 -0.2747 -0.3855
vn 0.9137 -0.2708 -0.3031
vn 0.9043 -0.2885 -0.3148
vn 0.8915 -0.2543 -0.3749
vn 0.8990 -0.2373 -0.3682
vn 0.9174 -0.2559 -0.3049
vn 0.8915 -0.2543 -0.3750
vn 0.9174 -0.2555 -0.3050
vn 0.9137 -0.2705 -0.3032
vn 0.8988 -0.2377 -0.3683
vn 0.9002 -0.2279 -0.3710
vn 0.9169 -0.2487 -0.3122
vn 0.8989 -0.2374 -0.3684
vn 0.9170 -0.2485 -0.3121
vn 0.9174 -0.2554 -0.3051
vn 0.9001 -0.2282 -0.3710
vn 0.8975 -0.2360 -0.3724
vn 0.9129 -0.2553 -0.3184
vn 0.9002 -0.2280 -0.3710
vn 0.9129 -0.2554 -0.3184
vn 0.9170 -0.2483 -0.3122
vn 0.5827 -0.7114 -0.3929
vn 0.6405 -0.6620 -0.3892
vn 0.6657 -0.6822 -0.3025
vn 0.5828 -0.7113 -0.3929
vn 0.6655 -0.6823 -0.3025
vn 0.6061 -0.7348 -0.3045
vn 0.6404 -0.6621 -0.3891
vn 0.6869 -0.6142 -0.3884
vn 0.7112 -0.6342 -0.3034
vn 0.6406 -0.6620 -0.3891
vn 0.7110 -0.6343 -0.3035
vn 0.6658 -0.6821 -0.3024
vn 0.6865 -0.6148 -0.3883
vn 0.7348 -0.5542 -0.3911
vn 0.7579 -0.5750 -0.3082
vn 0.6868 -0.6144 -0.3883
vn 0.7111 -0.6342 -0.3036
vn 0.7346 -0.5544 -0.3912
vn 0.7851 -0.4791 -0.3926
vn 0.8086 -0.4980 -0.3133
vn 0.7349 -0.5542 -0.3910
vn 0.8086 -0.4978 -0.3136
vn 0.7579 -0.5749 -0.3083
vn 0.7848 -0.4794 -0.3927
vn 0.8252 -0.4116 -0.3867
vn 0.8483 -0.4256 -0.3149
vn 0.7848 -0.4793 -0.3928
vn 0.8485 -0.4252 -0.3149
vn 0.8088 -0.4976 -0.3133
vn 0.8527 -0.3658 -0.3731
vn 0.8736 -0.3746 -0.3107
vn 0.8251 -0.4119 -0.3867
vn 0.8737 -0.3743 -0.3106
vn 0.8527 -0.4164 -0.3155
vn 0.8527 -0.3659 -0.3730
vn 0.8707 -0.3384 -0.3569
vn 0.8896 -0.3440 -0.3004
vn 0.8525 -0.3663 -0.3729
vn 0.8896 -0.3440 -0.3005
vn 0.8736 -0.3745 -0.3106
vn 0.8708 -0.3383 -0.3568
vn 0.8817 -0.3244 -0.3427
vn 0.9015 -0.3284 -0.2817
vn 0.8708 -0.3382 -0.3568
vn 0.9014 -0.3288 -0.2816
vn 0.8817 -0.3242 -0.3428
vn 0.8913 -0.3113 -0.3298
vn 0.9129 -0.3172 -0.2570
vn 0.8817 -0.3243 -0.3427
vn 0.9129 -0.3173 -0.2569
vn 0.9014 -0.3288 -0.2817
vn 0.9041 -0.2886 -0.3151
vn 0.9226 -0.2999 -0.2428
vn 0.9226 -0.2999 -0.2427
vn 0.9042 -0.2885 -0.3150
vn 0.9136 -0.2707 -0.3033
vn 0.9277 -0.2853 -0.2407
vn 0.9041 -0.2886 -0.3150
vn 0.9277 -0.2852 -0.2408
vn 0.9225 -0.3001 -0.2427
vn 0.9137 -0.2707 -0.3032
vn 0.9174 -0.2555 -0.3052
vn 0.9305 -0.2716 -0.2457
vn 0.9136 -0.2706 -0.3034
vn 0.9306 -0.2714 -0.2457
vn 0.9277 -0.2853 -0.2408
vn 0.9173 -0.2558 -0.3052
vn 0.9169 -0.2485 -0.3122
vn 0.9293 -0.2677 -0.2544
vn 0.9173 -0.2557 -0.3051
vn 0.9293 -0.2676 -0.2545
vn 0.9168 -0.2488 -0.3123
vn 0.9131 -0.2547 -0.3185
vn 0.9249 -0.2724 -0.2650
vn 0.9169 -0.2485 -0.3124
vn 0.9249 -0.2725 -0.2651
vn 0.9294 -0.2674 -0.2546
vn 0.6060 -0.7348 -0.3047
vn 0.6658 -0.6821 -0.3025
vn 0.6850 -0.6980 -0.2086
vn 0.6063 -0.7346 -0.3046
vn 0.6849 -0.6982 -0.2087
vn 0.6256 -0.7523 -0.2066
vn 0.6656 -0.6822 -0.3026
vn 0.7292 -0.6501 -0.2135
vn 0.6657 -0.6821 -0.3027
vn 0.7292 -0.6502 -0.2135
vn 0.6850 -0.6980 -0.2087
vn 0.7108 -0.6345 -0.3037
vn 0.7580 -0.5748 -0.3084
vn 0.7752 -0.5918 -0.2211
vn 0.7112 -0.6340 -0.3036
vn 0.7751 -0.5918 -0.2212
vn 0.7293 -0.6500 -0.2136
vn 0.7578 -0.5750 -0.3083
vn 0.8264 -0.5140 -0.2300
vn 0.7577 -0.5750 -0.3085
vn 0.8265 -0.5138 -0.2299
vn 0.7753 -0.5916 -0.2212
vn 0.8086 -0.4977 -0.3136
vn 0.8485 -0.4253 -0.3150
vn 0.8662 -0.4397 -0.2374
vn 0.8084 -0.4982 -0.3135
vn 0.8663 -0.4395 -0.2375
vn 0.8486 -0.4251 -0.3150
vn 0.8905 -0.3851 -0.2423
vn 0.8484 -0.4254 -0.3150
vn 0.8906 -0.3849 -0.2423
vn 0.8697 -0.4323 -0.2380
vn 0.8737 -0.3744 -0.3108
vn 0.8895 -0.3441 -0.3005
vn 0.9076 -0.3489 -0.2334
vn 0.8735 -0.3746 -0.3107
vn 0.9077 -0.3487 -0.2334
vn 0.8895 -0.3439 -0.3008
vn 0.9014 -0.3288 -0.2818
vn 0.9213 -0.3291 -0.2069
vn 0.8897 -0.3437 -0.3006
vn 0.9213 -0.3293 -0.2067
vn 0.9015 -0.3286 -0.2818
vn 0.9127 -0.3175 -0.2571
vn 0.9295 -0.3204 -0.1824
vn 0.9015 -0.3287 -0.2817
vn 0.9295 -0.3206 -0.1823
vn 0.9213 -0.3293 -0.2070
vn 0.9128 -0.3173 -0.2572
vn 0.9225 -0.3001 -0.2428
vn 0.9343 -0.3109 -0.1742
vn 0.9128 -0.3173 -0.2573
vn 0.9344 -0.3107 -0.1741
vn 0.9226 -0.2998 -0.2428
vn 0.9276 -0.2854 -0.2410
vn 0.9381 -0.2990 -0.1746
vn 0.9224 -0.3002 -0.2429
vn 0.9381 -0.2991 -0.1745
vn 0.9344 -0.3108 -0.1741
vn 0.9277 -0.2851 -0.2408
vn 0.9411 -0.2868 -0.1789
vn 0.9277 -0.2853 -0.2409
vn 0.9412 -0.2867 -0.1789
vn 0.9382 -0.2990 -0.1745
vn 0.9306 -0.2715 -0.2457
vn 0.9293 -0.2674 -0.2546
vn 0.9399 -0.2864 -0.1862
vn 0.9305 -0.2717 -0.2457
vn 0.9398 -0.2863 -0.1864
vn 0.9411 -0.2868 -0.1790
vn 0.9292 -0.2679 -0.2545
vn 0.9250 -0.2722 -0.2652
vn 0.9371 -0.2893 -0.1951
vn 0.9293 -0.2674 -0.2547
vn 0.9371 -0.2892 -0.1954
vn 0.9399 -0.2859 -0.1865
vn 0.6251 -0.7527 -0.2067
vn 0.6850 -0.6979 -0.2089
vn 0.6971 -0.7089 -0.1074
vn 0.6256 -0.7523 -0.2067
vn 0.6969 -0.7091 -0.1073
vn 0.6387 -0.7632 -0.0983
vn 0.6848 -0.6981 -0.2090
vn 0.7292 -0.6501 -0.2137
vn 0.7408 -0.6616 -0.1166
vn 0.6852 -0.6978 -0.2089
vn 0.7408 -0.6616 -0.1165
vn 0.6972 -0.7088 -0.1071
vn 0.7291 -0.6502 -0.2136
vn 0.7752 -0.5916 -0.2214
vn 0.7869 -0.6039 -0.1268
vn 0.7293 -0.6500 -0.2137
vn 0.7868 -0.6040 -0.1267
vn 0.7410 -0.6613 -0.1166
vn 0.7751 -0.5918 -0.2214
vn 0.8265 -0.5138 -0.2301
vn 0.8383 -0.5271 -0.1394
vn 0.7751 -0.5917 -0.2215
vn 0.8385 -0.5268 -0.1393
vn 0.7870 -0.6038 -0.1267
vn 0.8264 -0.5139 -0.2303
vn 0.8663 -0.4394 -0.2376
vn 0.8788 -0.4523 -0.1523
vn 0.8262 -0.5141 -0.2304
vn 0.8789 -0.4520 -0.1522
vn 0.8662 -0.4396 -0.2376
vn 0.9055 -0.3946 -0.1559
vn 0.8661 -0.4397 -0.2377
vn 0.9055 -0.3947 -0.1559
vn 0.8906 -0.3848 -0.2424
vn 0.9076 -0.3490 -0.2335
vn 0.9251 -0.3521 -0.1424
vn 0.9251 -0.3521 -0.1423
vn 0.9055 -0.3947 -0.1558
vn 0.9076 -0.3487 -0.2337
vn 0.9212 -0.3293 -0.2070
vn 0.9366 -0.3290 -0.1210
vn 0.9076 -0.3488 -0.2337
vn 0.9366 -0.3290 -0.1209
vn 0.9251 -0.3522 -0.1423
vn 0.9213 -0.3291 -0.2071
vn 0.9294 -0.3208 -0.1826
vn 0.9402 -0.3234 -0.1066
vn 0.9402 -0.3236 -0.1065
vn 0.9364 -0.3293 -0.1209
vn 0.9294 -0.3206 -0.1827
vn 0.9343 -0.3109 -0.1744
vn 0.9421 -0.3197 -0.1013
vn 0.9295 -0.3204 -0.1826
vn 0.9420 -0.3199 -0.1013
vn 0.9402 -0.3237 -0.1065
vn 0.9381 -0.2991 -0.1747
vn 0.9454 -0.3104 -0.0993
vn 0.9344 -0.3108 -0.1742
vn 0.9454 -0.3105 -0.0992
vn 0.9421 -0.3198 -0.1011
vn 0.9381 -0.2990 -0.1747
vn 0.9410 -0.2870 -0.1791
vn 0.9485 -0.3004 -0.1005
vn 0.9381 -0.2992 -0.1747
vn 0.9485 -0.3005 -0.1006
vn 0.9453 -0.3106 -0.0992
vn 0.9410 -0.2871 -0.1791
vn 0.9398 -0.2862 -0.1865
vn 0.9480 -0.3014 -0.1019
vn 0.9411 -0.2869 -0.1792
vn 0.9480 -0.3015 -0.1020
vn 0.9485 -0.3005 -0.1005
vn 0.9398 -0.2865 -0.1864
vn 0.9371 -0.2891 -0.1954
vn 0.9485 -0.3026 -0.0932
vn 0.9399 -0.2860 -0.1864
vn 0.9484 -0.3031 -0.0931
vn 0.9480 -0.3015 -0.1019
vn 0.6384 -0.7634 -0.0987
vn 0.6972 -0.7088 -0.1074
vn 0.7007 -0.7134 -0.0041
vn 0.6386 -0.7632 -0.0986
vn 0.7006 -0.7135 -0.0041
vn 0.6432 -0.7656 0.0110
vn 0.6969 -0.7091 -0.1075
vn 0.7407 -0.6616 -0.1168
vn 0.7448 -0.6671 -0.0180
vn 0.6971 -0.7088 -0.1074
vn 0.7446 -0.6673 -0.0181
vn 0.7008 -0.7133 -0.0040
vn 0.7408 -0.6615 -0.1167
vn 0.7869 -0.6039 -0.1269
vn 0.7916 -0.6102 -0.0332
vn 0.7407 -0.6617 -0.1167
vn 0.7917 -0.6101 -0.0331
vn 0.7447 -0.6671 -0.0182
vn 0.7870 -0.6038 -0.1270
vn 0.8383 -0.5270 -0.1396
vn 0.8435 -0.5347 -0.0513
vn 0.7869 -0.6039 -0.1270
vn 0.8438 -0.5343 -0.0513
vn 0.7916 -0.6102 -0.0333
vn 0.8385 -0.5268 -0.1396
vn 0.8788 -0.4522 -0.1524
vn 0.8870 -0.4576 -0.0618
vn 0.8381 -0.5274 -0.1396
vn 0.8871 -0.4574 -0.0618
vn 0.8412 -0.5383 -0.0511
vn 0.8790 -0.4518 -0.1526
vn 0.9054 -0.3947 -0.1562
vn 0.9165 -0.3961 -0.0558
vn 0.8789 -0.4521 -0.1523
vn 0.9166 -0.3959 -0.0558
vn 0.9055 -0.3947 -0.1560
vn 0.9250 -0.3521 -0.1426
vn 0.9349 -0.3521 -0.0450
vn 0.9348 -0.3523 -0.0448
vn 0.9165 -0.3962 -0.0557
vn 0.9250 -0.3522 -0.1426
vn 0.9364 -0.3292 -0.1212
vn 0.9434 -0.3293 -0.0385
vn 0.9251 -0.3518 -0.1426
vn 0.9434 -0.3294 -0.0384
vn 0.9348 -0.3524 -0.0449
vn 0.9364 -0.3293 -0.1211
vn 0.9401 -0.3237 -0.1067
vn 0.9449 -0.3256 -0.0344
vn 0.9365 -0.3290 -0.1210
vn 0.9449 -0.3254 -0.0345
vn 0.9433 -0.3296 -0.0384
vn 0.9402 -0.3235 -0.1067
vn 0.9420 -0.3199 -0.1014
vn 0.9454 -0.3243 -0.0321
vn 0.9402 -0.3236 -0.1066
vn 0.9453 -0.3246 -0.0321
vn 0.9449 -0.3255 -0.0344
vn 0.9421 -0.3197 -0.1014
vn 0.9453 -0.3106 -0.0993
vn 0.9483 -0.3162 -0.0280
vn 0.9420 -0.3200 -0.1014
vn 0.9483 -0.3161 -0.0281
vn 0.9453 -0.3247 -0.0319
vn 0.9454 -0.3105 -0.0994
vn 0.9484 -0.3006 -0.1007
vn 0.9511 -0.3080 -0.0215
vn 0.9511 -0.3081 -0.0214
vn 0.9482 -0.3164 -0.0280
vn 0.9480 -0.3014 -0.1021
vn 0.9511 -0.3087 -0.0089
vn 0.9485 -0.3004 -0.1007
vn 0.9511 -0.3087 -0.0088
vn 0.9480 -0.3014 -0.1022
vn 0.9484 -0.3030 -0.0933
vn 0.9513 -0.3078 0.0140
vn 0.9512 -0.3081 0.0142
vn 0.9511 -0.3088 -0.0088
vn 0.6428 -0.7659 0.0107
vn 0.7008 -0.7133 -0.0043
vn 0.6964 -0.7113 0.0953
vn 0.6431 -0.7657 0.0108
vn 0.6963 -0.7114 0.0952
vn 0.6399 -0.7600 0.1137
vn 0.7007 -0.7135 -0.0044
vn 0.7449 -0.6669 -0.0184
vn 0.7406 -0.6672 0.0796
vn 0.7008 -0.7134 -0.0043
vn 0.7406 -0.6673 0.0796
vn 0.7446 -0.6673 -0.0185
vn 0.7916 -0.6101 -0.0333
vn 0.7886 -0.6116 0.0638
vn 0.7447 -0.6672 -0.0182
vn 0.7886 -0.6116 0.0639
vn 0.8436 -0.5345 -0.0515
vn 0.8428 -0.5356 0.0528
vn 0.7916 -0.6102 -0.0334
vn 0.8430 -0.5353 0.0528
vn 0.7885 -0.6116 0.0640
vn 0.8436 -0.5344 -0.0514
vn 0.8870 -0.4576 -0.0620
vn 0.8891 -0.4545 0.0534
vn 0.8434 -0.5348 -0.0514
vn 0.8892 -0.4544 0.0533
vn 0.8429 -0.5355 0.0528
vn 0.8870 -0.4576 -0.0621
vn 0.9165 -0.3960 -0.0559
vn 0.9178 -0.3928 0.0588
vn 0.8871 -0.4575 -0.0621
vn 0.9178 -0.3927 0.0589
vn 0.8891 -0.4546 0.0534
vn 0.9165 -0.3960 -0.0560
vn 0.9349 -0.3521 -0.0452
vn 0.9345 -0.3512 0.0587
vn 0.9166 -0.3960 -0.0560
vn 0.9344 -0.3514 0.0587
vn 0.9177 -0.3928 0.0589
vn 0.9348 -0.3522 -0.0451
vn 0.9434 -0.3295 -0.0386
vn 0.9427 -0.3290 0.0556
vn 0.9349 -0.3521 -0.0451
vn 0.9426 -0.3294 0.0558
vn 0.9344 -0.3513 0.0588
vn 0.9434 -0.3294 -0.0386
vn 0.9449 -0.3254 -0.0346
vn 0.9440 -0.3254 0.0540
vn 0.9435 -0.3292 -0.0386
vn 0.9439 -0.3257 0.0540
vn 0.9425 -0.3294 0.0557
vn 0.9449 -0.3255 -0.0346
vn 0.9438 -0.3261 0.0548
vn 0.9437 -0.3261 0.0549
vn 0.9440 -0.3256 0.0539
vn 0.9453 -0.3245 -0.0322
vn 0.9483 -0.3162 -0.0282
vn 0.9464 -0.3165 0.0652
vn 0.9462 -0.3169 0.0653
vn 0.9438 -0.3259 0.0548
vn 0.9512 -0.3079 -0.0217
vn 0.9474 -0.3075 0.0882
vn 0.9482 -0.3163 -0.0282
vn 0.9474 -0.3076 0.0882
vn 0.9463 -0.3166 0.0653
vn 0.9511 -0.3080 -0.0217
vn 0.9511 -0.3089 -0.0091
vn 0.9440 -0.3096 0.1144
vn 0.9511 -0.3081 -0.0215
vn 0.9440 -0.3094 0.1146
vn 0.9475 -0.3074 0.0881
vn 0.9511 -0.3088 -0.0090
vn 0.9512 -0.3083 0.0139
vn 0.9400 -0.3055 0.1518
vn 0.9511 -0.3088 -0.0092
vn 0.9400 -0.3056 0.1518
vn 0.9440 -0.3096 0.1145
vn 0.6396 -0.7603 0.1134
vn 0.6963 -0.7114 0.0951
vn 0.6852 -0.7029 0.1911
vn 0.6398 -0.7601 0.1135
vn 0.6850 -0.7030 0.1910
vn 0.6298 -0.7478 0.2103
vn 0.6963 -0.7115 0.0950
vn 0.7406 -0.6672 0.0795
vn 0.7296 -0.6610 0.1756
vn 0.6964 -0.7113 0.0951
vn 0.7297 -0.6607 0.1758
vn 0.6850 -0.7031 0.1911
vn 0.7405 -0.6673 0.0795
vn 0.7886 -0.6116 0.0636
vn 0.7802 -0.6028 0.1671
vn 0.7407 -0.6671 0.0794
vn 0.7804 -0.6025 0.1673
vn 0.7319 -0.6582 0.1764
vn 0.7887 -0.6114 0.0636
vn 0.8429 -0.5356 0.0524
vn 0.8367 -0.5210 0.1686
vn 0.7886 -0.6117 0.0637
vn 0.8369 -0.5206 0.1687
vn 0.7802 -0.6028 0.1672
vn 0.8431 -0.5352 0.0525
vn 0.8891 -0.4547 0.0531
vn 0.8810 -0.4411 0.1713
vn 0.8428 -0.5357 0.0526
vn 0.8812 -0.4407 0.1712
vn 0.8368 -0.5209 0.1687
vn 0.8893 -0.4543 0.0530
vn 0.9178 -0.3927 0.0586
vn 0.9082 -0.3834 0.1677
vn 0.8891 -0.4545 0.0530
vn 0.9082 -0.3835 0.1675
vn 0.8810 -0.4410 0.1713
vn 0.9178 -0.3927 0.0587
vn 0.9344 -0.3514 0.0585
vn 0.9247 -0.3447 0.1617
vn 0.9179 -0.3926 0.0584
vn 0.9245 -0.3450 0.1618
vn 0.9082 -0.3835 0.1677
vn 0.9344 -0.3513 0.0584
vn 0.9426 -0.3292 0.0554
vn 0.9328 -0.3246 0.1566
vn 0.9345 -0.3511 0.0586
vn 0.9326 -0.3251 0.1568
vn 0.9425 -0.3295 0.0555
vn 0.9439 -0.3258 0.0537
vn 0.9343 -0.3224 0.1522
vn 0.9342 -0.3226 0.1522
vn 0.9326 -0.3251 0.1566
vn 0.9438 -0.3261 0.0545
vn 0.9344 -0.3211 0.1543
vn 0.9440 -0.3256 0.0536
vn 0.9344 -0.3212 0.1543
vn 0.9342 -0.3225 0.1523
vn 0.9438 -0.3259 0.0545
vn 0.9463 -0.3166 0.0649
vn 0.9357 -0.3072 0.1735
vn 0.9357 -0.3072 0.1736
vn 0.9343 -0.3215 0.1543
vn 0.9463 -0.3166 0.0648
vn 0.9474 -0.3077 0.0879
vn 0.9331 -0.2982 0.2011
vn 0.9463 -0.3167 0.0650
vn 0.9331 -0.2982 0.2012
vn 0.9357 -0.3071 0.1735
vn 0.9475 -0.3076 0.0878
vn 0.9440 -0.3094 0.1142
vn 0.9259 -0.3030 0.2255
vn 0.9475 -0.3074 0.0878
vn 0.9257 -0.3035 0.2257
vn 0.9330 -0.2984 0.2011
vn 0.9439 -0.3099 0.1141
vn 0.9401 -0.3054 0.1516
vn 0.9171 -0.2923 0.2709
vn 0.9440 -0.3095 0.1142
vn 0.9171 -0.2923 0.2711
vn 0.9260 -0.3029 0.2255
vn 0.6298 -0.7478 0.2102
vn 0.6851 -0.7030 0.1909
vn 0.6676 -0.6881 0.2842
vn 0.6300 -0.7476 0.2101
vn 0.6676 -0.6881 0.2843
vn 0.6138 -0.7292 0.3025
vn 0.7296 -0.6609 0.1757
vn 0.7122 -0.6461 0.2743
vn 0.6853 -0.7028 0.1909
vn 0.7124 -0.6460 0.2742
vn 0.6676 -0.6882 0.2842
vn 0.7802 -0.6028 0.1670
vn 0.7647 -0.5843 0.2719
vn 0.7298 -0.6607 0.1755
vn 0.7649 -0.5839 0.2719
vn 0.7122 -0.6462 0.2743
vn 0.7804 -0.6026 0.1668
vn 0.8369 -0.5207 0.1685
vn 0.8214 -0.5023 0.2703
vn 0.8215 -0.5021 0.2705
vn 0.7648 -0.5841 0.2719
vn 0.8370 -0.5206 0.1684
vn 0.8811 -0.4408 0.1711
vn 0.8641 -0.4285 0.2640
vn 0.8368 -0.5210 0.1683
vn 0.8643 -0.4282 0.2640
vn 0.8214 -0.5022 0.2704
vn 0.8811 -0.4409 0.1711
vn 0.9083 -0.3833 0.1675
vn 0.8916 -0.3739 0.2554
vn 0.8916 -0.3738 0.2555
vn 0.8643 -0.4282 0.2639
vn 0.9247 -0.3448 0.1615
vn 0.9085 -0.3362 0.2482
vn 0.9083 -0.3833 0.1676
vn 0.9083 -0.3367 0.2482
vn 0.8916 -0.3737 0.2556
vn 0.9246 -0.3450 0.1616
vn 0.9327 -0.3250 0.1565
vn 0.9172 -0.3176 0.2406
vn 0.9171 -0.3178 0.2408
vn 0.9084 -0.3364 0.2483
vn 0.9327 -0.3250 0.1564
vn 0.9343 -0.3224 0.1519
vn 0.9194 -0.3156 0.2347
vn 0.9328 -0.3246 0.1564
vn 0.9194 -0.3157 0.2345
vn 0.9170 -0.3179 0.2408
vn 0.9343 -0.3224 0.1520
vn 0.9343 -0.3215 0.1542
vn 0.9199 -0.3112 0.2387
vn 0.9345 -0.3220 0.1519
vn 0.9200 -0.3110 0.2386
vn 0.9194 -0.3157 0.2346
vn 0.9343 -0.3215 0.1541
vn 0.9359 -0.3069 0.1732
vn 0.9210 -0.2935 0.2561
vn 0.9344 -0.3211 0.1542
vn 0.9210 -0.2934 0.2562
vn 0.9199 -0.3110 0.2388
vn 0.9357 -0.3073 0.1732
vn 0.9331 -0.2981 0.2009
vn 0.9175 -0.2867 0.2755
vn 0.9357 -0.3074 0.1733
vn 0.9174 -0.2869 0.2757
vn 0.9211 -0.2934 0.2559
vn 0.9330 -0.2986 0.2010
vn 0.9260 -0.3030 0.2252
vn 0.9094 -0.2930 0.2951
vn 0.9330 -0.2985 0.2011
vn 0.9094 -0.2931 0.2950
vn 0.9176 -0.2864 0.2756
vn 0.9259 -0.3031 0.2253
vn 0.9172 -0.2922 0.2709
vn 0.8982 -0.2738 0.3438
vn 0.8982 -0.2739 0.3438
vn 0.9097 -0.2924 0.2948
vn 0.6141 -0.7290 0.3024
vn 0.6674 -0.6884 0.2840
vn 0.6460 -0.6649 0.3749
vn 0.6141 -0.7290 0.3025
vn 0.6461 -0.6649 0.3749
vn 0.5930 -0.7059 0.3874
vn 0.6676 -0.6882 0.2840
vn 0.7122 -0.6463 0.2739
vn 0.6892 -0.6192 0.3762
vn 0.6677 -0.6881 0.2841
vn 0.6892 -0.6193 0.3761
vn 0.6458 -0.6651 0.3748
vn 0.7124 -0.6462 0.2739
vn 0.7648 -0.5841 0.2717
vn 0.7389 -0.5580 0.3777
vn 0.7124 -0.6461 0.2740
vn 0.7389 -0.5579 0.3778
vn 0.6891 -0.6194 0.3762
vn 0.7650 -0.5840 0.2717
vn 0.8216 -0.5020 0.2702
vn 0.7953 -0.4802 0.3699
vn 0.7647 -0.5843 0.2716
vn 0.7956 -0.4799 0.3699
vn 0.7388 -0.5581 0.3778
vn 0.8218 -0.5016 0.2703
vn 0.8643 -0.4282 0.2637
vn 0.8377 -0.4119 0.3586
vn 0.8214 -0.5023 0.2702
vn 0.8379 -0.4117 0.3584
vn 0.7953 -0.4802 0.3700
vn 0.8644 -0.4280 0.2637
vn 0.8917 -0.3738 0.2553
vn 0.8668 -0.3600 0.3451
vn 0.8643 -0.4281 0.2639
vn 0.8377 -0.4119 0.3585
vn 0.8918 -0.3737 0.2551
vn 0.9084 -0.3365 0.2480
vn 0.8859 -0.3243 0.3318
vn 0.8918 -0.3736 0.2550
vn 0.8858 -0.3244 0.3319
vn 0.8667 -0.3602 0.3451
vn 0.9085 -0.3364 0.2480
vn 0.9170 -0.3180 0.2407
vn 0.8958 -0.3067 0.3216
vn 0.9085 -0.3362 0.2481
vn 0.8957 -0.3068 0.3218
vn 0.8858 -0.3246 0.3318
vn 0.9170 -0.3179 0.2407
vn 0.9194 -0.3160 0.2344
vn 0.8983 -0.3036 0.3175
vn 0.9172 -0.3177 0.2406
vn 0.8983 -0.3037 0.3176
vn 0.8956 -0.3069 0.3220
vn 0.9194 -0.3159 0.2344
vn 0.9199 -0.3112 0.2386
vn 0.8995 -0.2960 0.3213
vn 0.9194 -0.3158 0.2344
vn 0.8994 -0.2964 0.3214
vn 0.8982 -0.3038 0.3176
vn 0.9200 -0.3110 0.2383
vn 0.9211 -0.2936 0.2558
vn 0.9011 -0.2778 0.3331
vn 0.9200 -0.3111 0.2385
vn 0.9010 -0.2780 0.3331
vn 0.8995 -0.2962 0.3212
vn 0.9176 -0.2866 0.2753
vn 0.8967 -0.2727 0.3488
vn 0.8966 -0.2727 0.3490
vn 0.9011 -0.2777 0.3330
vn 0.9176 -0.2868 0.2753
vn 0.9098 -0.2923 0.2948
vn 0.8851 -0.2768 0.3740
vn 0.9176 -0.2865 0.2755
vn 0.8850 -0.2771 0.3740
vn 0.8968 -0.2724 0.3486
vn 0.9094 -0.2933 0.2948
vn 0.8985 -0.2736 0.3434
vn 0.8679 -0.2523 0.4280
vn 0.9095 -0.2929 0.2948
vn 0.8678 -0.2524 0.4280
vn 0.8852 -0.2766 0.3740
vn 0.6459 -0.6651 0.3747
vn 0.6203 -0.6330 0.4632
vn 0.5931 -0.7059 0.3873
vn 0.6205 -0.6327 0.4633
vn 0.5690 -0.6775 0.4660
vn 0.6460 -0.6650 0.3746
vn 0.6892 -0.6194 0.3758
vn 0.6596 -0.5870 0.4694
vn 0.6463 -0.6646 0.3749
vn 0.6202 -0.6330 0.4633
vn 0.6894 -0.6192 0.3759
vn 0.7389 -0.5581 0.3775
vn 0.7060 -0.5272 0.4728
vn 0.6893 -0.6193 0.3759
vn 0.7063 -0.5267 0.4730
vn 0.6595 -0.5872 0.4694
vn 0.7391 -0.5578 0.3776
vn 0.7956 -0.4800 0.3697
vn 0.7582 -0.4536 0.4685
vn 0.7389 -0.5582 0.3774
vn 0.7584 -0.4532 0.4685
vn 0.7061 -0.5271 0.4729
vn 0.7957 -0.4798 0.3697
vn 0.8378 -0.4120 0.3583
vn 0.8008 -0.3874 0.4567
vn 0.7955 -0.4802 0.3696
vn 0.8007 -0.3876 0.4568
vn 0.7582 -0.4533 0.4686
vn 0.8379 -0.4117 0.3582
vn 0.8668 -0.3601 0.3449
vn 0.8299 -0.3387 0.4434
vn 0.8379 -0.4119 0.3582
vn 0.8298 -0.3390 0.4432
vn 0.8008 -0.3875 0.4567
vn 0.8859 -0.3245 0.3316
vn 0.8503 -0.3052 0.4288
vn 0.8669 -0.3598 0.3449
vn 0.8502 -0.3054 0.4288
vn 0.8299 -0.3388 0.4433
vn 0.8859 -0.3244 0.3317
vn 0.8958 -0.3069 0.3215
vn 0.8629 -0.2885 0.4150
vn 0.8859 -0.3242 0.3317
vn 0.8628 -0.2888 0.4149
vn 0.8502 -0.3053 0.4288
vn 0.8957 -0.3070 0.3216
vn 0.8982 -0.3040 0.3175
vn 0.8678 -0.2855 0.4068
vn 0.8959 -0.3066 0.3216
vn 0.8677 -0.2858 0.4068
vn 0.8627 -0.2889 0.4151
vn 0.8983 -0.3039 0.3174
vn 0.8995 -0.2965 0.3210
vn 0.8710 -0.2767 0.4060
vn 0.8984 -0.3036 0.3173
vn 0.8709 -0.2768 0.4062
vn 0.8676 -0.2857 0.4069
vn 0.8996 -0.2963 0.3208
vn 0.9010 -0.2781 0.3329
vn 0.8725 -0.2564 0.4159
vn 0.8996 -0.2962 0.3210
vn 0.8725 -0.2564 0.4160
vn 0.8708 -0.2770 0.4061
vn 0.9011 -0.2781 0.3328
vn 0.8968 -0.2724 0.3485
vn 0.8644 -0.2502 0.4361
vn 0.9011 -0.2779 0.3329
vn 0.8643 -0.2503 0.4362
vn 0.8966 -0.2730 0.3486
vn 0.8854 -0.2765 0.3737
vn 0.8471 -0.2514 0.4681
vn 0.8966 -0.2728 0.3487
vn 0.8470 -0.2517 0.4683
vn 0.8645 -0.2499 0.4360
vn 0.8852 -0.2769 0.3738
vn 0.8680 -0.2522 0.4278
vn 0.8262 -0.2265 0.5159
vn 0.8261 -0.2265 0.5160
vn 0.8473 -0.2511 0.4680
vn 0.5694 -0.6772 0.4660
vn 0.6203 -0.6331 0.4630
vn 0.5842 -0.5974 0.5495
vn 0.5842 -0.5973 0.5495
vn 0.5416 -0.6408 0.5441
vn 0.6205 -0.6328 0.4631
vn 0.6596 -0.5872 0.4691
vn 0.6207 -0.5554 0.5534
vn 0.6204 -0.6330 0.4630
vn 0.6208 -0.5551 0.5536
vn 0.5841 -0.5974 0.5495
vn 0.6598 -0.5870 0.4692
vn 0.7062 -0.5272 0.4727
vn 0.6669 -0.4959 0.5562
vn 0.6597 -0.5872 0.4691
vn 0.6670 -0.4955 0.5564
vn 0.7064 -0.5270 0.4726
vn 0.7584 -0.4535 0.4682
vn 0.7170 -0.4221 0.5547
vn 0.7061 -0.5272 0.4727
vn 0.7173 -0.4216 0.5548
vn 0.6669 -0.4956 0.5564
vn 0.7586 -0.4529 0.4684
vn 0.8008 -0.3877 0.4565
vn 0.7560 -0.3609 0.5461
vn 0.7583 -0.4536 0.4682
vn 0.7561 -0.3608 0.5460
vn 0.7171 -0.4219 0.5548
vn 0.8010 -0.3873 0.4565
vn 0.8299 -0.3392 0.4430
vn 0.7863 -0.3114 0.5337
vn 0.8009 -0.3875 0.4565
vn 0.7863 -0.3117 0.5335
vn 0.7559 -0.3611 0.5461
vn 0.8299 -0.3391 0.4431
vn 0.8502 -0.3055 0.4287
vn 0.8055 -0.2789 0.5228
vn 0.8300 -0.3388 0.4431
vn 0.8054 -0.2791 0.5229
vn 0.7863 -0.3116 0.5336
vn 0.8503 -0.3053 0.4286
vn 0.8627 -0.2892 0.4149
vn 0.8182 -0.2652 0.5102
vn 0.8504 -0.3052 0.4286
vn 0.8182 -0.2653 0.5101
vn 0.8052 -0.2794 0.5230
vn 0.8628 -0.2890 0.4148
vn 0.8678 -0.2856 0.4066
vn 0.8275 -0.2626 0.4963
vn 0.8630 -0.2886 0.4146
vn 0.8274 -0.2629 0.4964
vn 0.8180 -0.2656 0.5102
vn 0.8676 -0.2859 0.4068
vn 0.8709 -0.2769 0.4059
vn 0.8330 -0.2499 0.4936
vn 0.8329 -0.2502 0.4937
vn 0.8274 -0.2629 0.4963
vn 0.8710 -0.2768 0.4059
vn 0.8724 -0.2568 0.4159
vn 0.8331 -0.2260 0.5048
vn 0.8709 -0.2770 0.4060
vn 0.8331 -0.2262 0.5047
vn 0.8328 -0.2502 0.4938
vn 0.8726 -0.2565 0.4157
vn 0.8644 -0.2504 0.4359
vn 0.8212 -0.2183 0.5273
vn 0.8727 -0.2563 0.4157
vn 0.8211 -0.2182 0.5274
vn 0.8330 -0.2262 0.5049
vn 0.8645 -0.2504 0.4358
vn 0.8474 -0.2513 0.4678
vn 0.8005 -0.2186 0.5580
vn 0.8646 -0.2503 0.4358
vn 0.8005 -0.2188 0.5580
vn 0.8212 -0.2182 0.5273
vn 0.8472 -0.2520 0.4677
vn 0.8263 -0.2267 0.5156
vn 0.7787 -0.1985 0.5951
vn 0.8474 -0.2512 0.4677
vn 0.7787 -0.1986 0.5952
vn 0.8006 -0.2186 0.5579
vn 0.3776 -0.5781 -0.7233
vn 0.4047 -0.5434 -0.7355
vn 0.4550 -0.5800 -0.6757
vn 0.3775 -0.5782 -0.7233
vn 0.4549 -0.5801 -0.6757
vn 0.4021 -0.6161 -0.6773
vn 0.4048 -0.5433 -0.7355
vn 0.4365 -0.5099 -0.7412
vn 0.4932 -0.5384 -0.6833
vn 0.4930 -0.5387 -0.6832
vn 0.4551 -0.5800 -0.6757
vn 0.4364 -0.5101 -0.7412
vn 0.5345 -0.4911 -0.6879
vn 0.4366 -0.5099 -0.7412
vn 0.5345 -0.4910 -0.6879
vn 0.4934 -0.5382 -0.6833
vn 0.4802 -0.4692 -0.7411
vn 0.5257 -0.4213 -0.7390
vn 0.5758 -0.4431 -0.6871
vn 0.5760 -0.4430 -0.6870
vn 0.5343 -0.4911 -0.6880
vn 0.5256 -0.4214 -0.7391
vn 0.5639 -0.3756 -0.7355
vn 0.6148 -0.3984 -0.6807
vn 0.5254 -0.4215 -0.7391
vn 0.6149 -0.3981 -0.6808
vn 0.5759 -0.4430 -0.6871
vn 0.5640 -0.3756 -0.7354
vn 0.6562 -0.3523 -0.6673
vn 0.5638 -0.3759 -0.7354
vn 0.6564 -0.3521 -0.6672
vn 0.6024 -0.3291 -0.7272
vn 0.6390 -0.2854 -0.7143
vn 0.6962 -0.3111 -0.6469
vn 0.6021 -0.3294 -0.7273
vn 0.6963 -0.3109 -0.6469
vn 0.6564 -0.3520 -0.6672
vn 0.6391 -0.2852 -0.7143
vn 0.6658 -0.2459 -0.7045
vn 0.7275 -0.2791 -0.6268
vn 0.6389 -0.2856 -0.7143
vn 0.7276 -0.2788 -0.6268
vn 0.6929 -0.3189 -0.6466
vn 0.6659 -0.2455 -0.7045
vn 0.6807 -0.2143 -0.7005
vn 0.7456 -0.2573 -0.6148
vn 0.6658 -0.2456 -0.7045
vn 0.7456 -0.2573 -0.6147
vn 0.7276 -0.2790 -0.6268
vn 0.6808 -0.2141 -0.7005
vn 0.6914 -0.1779 -0.7002
vn 0.7570 -0.2276 -0.6125
vn 0.6807 -0.2141 -0.7005
vn 0.7570 -0.2274 -0.6126
vn 0.6916 -0.1774 -0.7002
vn 0.7060 -0.1359 -0.6951
vn 0.7690 -0.1836 -0.6123
vn 0.6914 -0.1780 -0.7001
vn 0.7690 -0.1834 -0.6124
vn 0.7570 -0.2277 -0.6124
vn 0.7061 -0.1360 -0.6950
vn 0.7228 -0.1263 -0.6794
vn 0.7808 -0.1661 -0.6023
vn 0.7061 -0.1362 -0.6949
vn 0.7809 -0.1659 -0.6023
vn 0.7690 -0.1837 -0.6123
vn 0.7227 -0.1261 -0.6795
vn 0.7443 -0.1335 -0.6544
vn 0.7922 -0.1630 -0.5881
vn 0.7923 -0.1629 -0.5879
vn 0.7808 -0.1659 -0.6023
vn 0.7444 -0.1331 -0.6543
vn 0.7682 -0.1377 -0.6252
vn 0.8029 -0.1560 -0.5753
vn 0.7443 -0.1337 -0.6543
vn 0.8030 -0.1559 -0.5752
vn 0.7923 -0.1627 -0.5881
vn 0.7683 -0.1377 -0.6252
vn 0.7850 -0.1527 -0.6004
vn 0.8152 -0.1690 -0.5540
vn 0.7683 -0.1379 -0.6251
vn 0.8153 -0.1688 -0.5539
vn 0.8031 -0.1558 -0.5751
vn 0.7849 -0.1527 -0.6005
vn 0.7979 -0.1684 -0.5789
vn 0.8251 -0.1808 -0.5353
vn 0.7850 -0.1529 -0.6003
vn 0.8252 -0.1810 -0.5351
vn 0.8152 -0.1687 -0.5540
vn 0.8150 -0.1692 -0.5542
vn 0.8251 -0.1809 -0.5353
vn 0.8510 -0.1993 -0.4858
vn 0.8151 -0.1688 -0.5542
vn 0.8511 -0.1997 -0.4855
vn 0.8501 -0.1910 -0.4907
vn 0.8500 -0.1913 -0.4908
vn 0.8511 -0.1994 -0.4857
vn 0.8743 -0.2198 -0.4327
vn 0.8500 -0.1912 -0.4908
vn 0.8743 -0.2201 -0.4326
vn 0.8766 -0.2139 -0.4312
vn 0.8763 -0.2145 -0.4314
vn 0.8742 -0.2199 -0.4329
vn 0.8951 -0.2398 -0.3758
vn 0.8764 -0.2143 -0.4313
vn 0.8951 -0.2400 -0.3759
vn 0.8976 -0.2361 -0.3723
vn 0.8974 -0.2365 -0.3724
vn 0.8951 -0.2394 -0.3760
vn 0.9111 -0.2551 -0.3237
vn 0.9111 -0.2552 -0.3236
vn 0.9130 -0.2549 -0.3184
vn 0.9130 -0.2551 -0.3184
vn 0.9112 -0.2548 -0.3238
vn 0.9239 -0.2669 -0.2740
vn 0.9129 -0.2552 -0.3185
vn 0.9239 -0.2672 -0.2741
vn 0.9250 -0.2721 -0.2651
vn 0.9249 -0.2726 -0.2652
vn 0.9239 -0.2669 -0.2742
vn 0.9401 -0.2791 -0.1957
vn 0.9249 -0.2723 -0.2653
vn 0.9400 -0.2795 -0.1957
vn 0.9372 -0.2890 -0.1953
vn 0.9371 -0.2893 -0.1955
vn 0.9400 -0.2791 -0.1961
vn 0.9541 -0.2903 -0.0736
vn 0.9372 -0.2889 -0.1953
vn 0.9539 -0.2909 -0.0736
vn 0.9485 -0.3028 -0.0933
vn 0.9484 -0.3032 -0.0934
vn 0.9539 -0.2910 -0.0739
vn 0.9552 -0.2903 0.0578
vn 0.9485 -0.3028 -0.0934
vn 0.9551 -0.2907 0.0578
vn 0.9512 -0.3083 0.0142
vn 0.9512 -0.3084 0.0139
vn 0.9551 -0.2906 0.0575
vn 0.9355 -0.2806 0.2145
vn 0.9513 -0.3079 0.0140
vn 0.9355 -0.2808 0.2146
vn 0.9400 -0.3055 0.1519
vn 0.9357 -0.2803 0.2140
vn 0.9010 -0.2657 0.3428
vn 0.9400 -0.3056 0.1516
vn 0.9011 -0.2656 0.3428
vn 0.9173 -0.2920 0.2708
vn 0.9172 -0.2924 0.2708
vn 0.9011 -0.2656 0.3427
vn 0.8769 -0.2455 0.4133
vn 0.9172 -0.2923 0.2708
vn 0.8767 -0.2457 0.4135
vn 0.8985 -0.2733 0.3436
vn 0.8984 -0.2738 0.3433
vn 0.8769 -0.2455 0.4132
vn 0.8428 -0.2225 0.4901
vn 0.8983 -0.2742 0.3435
vn 0.8427 -0.2225 0.4903
vn 0.8680 -0.2520 0.4279
vn 0.8680 -0.2523 0.4276
vn 0.8428 -0.2226 0.4900
vn 0.7977 -0.1974 0.5698
vn 0.8679 -0.2524 0.4277
vn 0.7978 -0.1973 0.5698
vn 0.8262 -0.2264 0.5158
vn 0.8264 -0.2265 0.5155
vn 0.7978 -0.1977 0.5696
vn 0.7507 -0.1734 0.6375
vn 0.8262 -0.2268 0.5158
vn 0.7505 -0.1737 0.6376
vn 0.7788 -0.1986 0.5950
vn 0.7789 -0.1989 0.5948
vn 0.7507 -0.1735 0.6374
vn 0.7199 -0.1525 0.6771
vn 0.7789 -0.1985 0.5949
vn 0.7198 -0.1528 0.6772
vn 0.7308 -0.1674 0.6617
vn 0.8006 -0.2190 0.5578
vn 0.7789 -0.1984 0.5949
vn 0.7308 -0.1673 0.6617
vn 0.8007 -0.2186 0.5577
vn 0.7306 -0.1676 0.6619
vn 0.7494 -0.1820 0.6367
vn 0.8212 -0.2184 0.5272
vn 0.8007 -0.2189 0.5577
vn 0.7495 -0.1816 0.6366
vn 0.8215 -0.2179 0.5270
vn 0.7493 -0.1819 0.6368
vn 0.7711 -0.1818 0.6102
vn 0.8333 -0.2263 0.5044
vn 0.8212 -0.2185 0.5272
vn 0.7713 -0.1814 0.6101
vn 0.8334 -0.2259 0.5045
vn 0.7712 -0.1817 0.6101
vn 0.7847 -0.1886 0.5905
vn 0.8329 -0.2505 0.4935
vn 0.8332 -0.2264 0.5046
vn 0.7848 -0.1883 0.5905
vn 0.8330 -0.2500 0.4935
vn 0.7847 -0.1883 0.5905
vn 0.7843 -0.2143 0.5823
vn 0.8276 -0.2629 0.4960
vn 0.8329 -0.2503 0.4936
vn 0.7844 -0.2139 0.5822
vn 0.8276 -0.2626 0.4961
vn 0.7843 -0.2141 0.5823
vn 0.7773 -0.2336 0.5842
vn 0.8181 -0.2655 0.5101
vn 0.8274 -0.2631 0.4962
vn 0.7775 -0.2331 0.5841
vn 0.8182 -0.2654 0.5100
vn 0.7774 -0.2334 0.5841
vn 0.7680 -0.2392 0.5941
vn 0.8053 -0.2794 0.5228
vn 0.8181 -0.2657 0.5100
vn 0.7682 -0.2388 0.5940
vn 0.8055 -0.2791 0.5228
vn 0.7681 -0.2390 0.5940
vn 0.7527 -0.2497 0.6092
vn 0.7863 -0.3116 0.5335
vn 0.8054 -0.2795 0.5227
vn 0.7529 -0.2494 0.6091
vn 0.7866 -0.3114 0.5332
vn 0.7527 -0.2496 0.6092
vn 0.7302 -0.2787 0.6238
vn 0.7561 -0.3610 0.5459
vn 0.7864 -0.3115 0.5334
vn 0.7302 -0.2786 0.6239
vn 0.7562 -0.3609 0.5459
vn 0.7303 -0.2786 0.6238
vn 0.7031 -0.3257 0.6322
vn 0.7174 -0.4217 0.5546
vn 0.7562 -0.3611 0.5457
vn 0.7031 -0.3257 0.6321
vn 0.7171 -0.4221 0.5545
vn 0.6666 -0.3895 0.6356
vn 0.6671 -0.4956 0.5562
vn 0.7173 -0.4219 0.5545
vn 0.6665 -0.3896 0.6356
vn 0.6668 -0.4960 0.5562
vn 0.6667 -0.3893 0.6356
vn 0.6137 -0.4669 0.6367
vn 0.6211 -0.5552 0.5532
vn 0.6670 -0.4956 0.5562
vn 0.6157 -0.4636 0.6371
vn 0.6208 -0.5555 0.5532
vn 0.6159 -0.4635 0.6371
vn 0.5675 -0.5235 0.6355
vn 0.5842 -0.5974 0.5494
vn 0.6210 -0.5553 0.5532
vn 0.5843 -0.5973 0.5494
vn 0.5676 -0.5234 0.6355
vn 0.5333 -0.5634 0.6310
vn 0.5420 -0.6406 0.5439
vn 0.5844 -0.5972 0.5494
vn 0.5332 -0.5634 0.6312
vn 0.5422 -0.6404 0.5440
vn 0.5332 -0.5634 0.6311
vn 0.5001 -0.6018 0.6227
vn 0.4853 -0.6775 0.5527
vn 0.5420 -0.6407 0.5439
vn 0.5000 -0.6020 0.6226
vn 0.4854 -0.6774 0.5528
vn 0.5002 -0.6018 0.6226
vn 0.4683 -0.6387 0.6105
vn 0.5062 -0.7113 0.4876
vn 0.5693 -0.6775 0.4658
vn 0.5417 -0.6409 0.5440
vn 0.5062 -0.7114 0.4875
vn 0.5420 -0.6404 0.5442
vn 0.4850 -0.6777 0.5527
vn 0.5262 -0.7433 0.4130
vn 0.5930 -0.7060 0.3872
vn 0.5692 -0.6773 0.4661
vn 0.5260 -0.7434 0.4130
vn 0.5694 -0.6771 0.4662
vn 0.5059 -0.7117 0.4875
vn 0.5424 -0.7733 0.3284
vn 0.6139 -0.7292 0.3023
vn 0.5928 -0.7060 0.3874
vn 0.5932 -0.7057 0.3874
vn 0.5259 -0.7436 0.4130
vn 0.5545 -0.7983 0.2351
vn 0.6299 -0.7477 0.2102
vn 0.6141 -0.7289 0.3026
vn 0.5552 -0.7978 0.2353
vn 0.6140 -0.7290 0.3026
vn 0.5422 -0.7735 0.3283
vn 0.5626 -0.8156 0.1354
vn 0.6397 -0.7602 0.1135
vn 0.6300 -0.7476 0.2103
vn 0.5628 -0.8154 0.1354
vn 0.6299 -0.7477 0.2104
vn 0.5548 -0.7980 0.2352
vn 0.5645 -0.8250 0.0270
vn 0.6398 -0.7601 0.1137
vn 0.5648 -0.8248 0.0273
vn 0.6396 -0.7603 0.1136
vn 0.5630 -0.8153 0.1357
vn 0.5587 -0.8244 -0.0902
vn 0.6385 -0.7633 -0.0984
vn 0.6431 -0.7657 0.0110
vn 0.5590 -0.8243 -0.0899
vn 0.6430 -0.7658 0.0108
vn 0.5649 -0.8247 0.0275
vn 0.5458 -0.8126 -0.2046
vn 0.6254 -0.7525 -0.2066
vn 0.6386 -0.7632 -0.0984
vn 0.5459 -0.8125 -0.2046
vn 0.5284 -0.7915 -0.3071
vn 0.6062 -0.7347 -0.3045
vn 0.6255 -0.7524 -0.2064
vn 0.6252 -0.7527 -0.2065
vn 0.5458 -0.8125 -0.2047
vn 0.5073 -0.7639 -0.3988
vn 0.5830 -0.7112 -0.3929
vn 0.6062 -0.7348 -0.3044
vn 0.5072 -0.7640 -0.3989
vn 0.6059 -0.7350 -0.3045
vn 0.5281 -0.7917 -0.3071
vn 0.4832 -0.7305 -0.4825
vn 0.4830 -0.7306 -0.4826
vn 0.5829 -0.7114 -0.3926
vn 0.5071 -0.7640 -0.3989
vn 0.4565 -0.6935 -0.5574
vn 0.5243 -0.6514 -0.5484
vn 0.5555 -0.6832 -0.4740
vn 0.4565 -0.6934 -0.5575
vn 0.5554 -0.6833 -0.4739
vn 0.4829 -0.7307 -0.4826
vn 0.4292 -0.6547 -0.6222
vn 0.4912 -0.6166 -0.6152
vn 0.5247 -0.6513 -0.5482
vn 0.4289 -0.6548 -0.6223
vn 0.5246 -0.6514 -0.5482
vn 0.4018 -0.6161 -0.6775
vn 0.4913 -0.6167 -0.6151
vn 0.4911 -0.6168 -0.6151
vn 0.4293 -0.6546 -0.6222
vn 0.4366 -0.5806 0.6872
vn 0.4695 -0.5336 0.7035
vn 0.3990 -0.5064 0.7644
vn 0.4372 -0.5799 0.6874
vn 0.3988 -0.5067 0.7643
vn 0.3696 -0.5641 0.7384
vn 0.4693 -0.5342 0.7032
vn 0.5021 -0.4909 0.7120
vn 0.4286 -0.4567 0.7796
vn 0.4696 -0.5337 0.7033
vn 0.4285 -0.4568 0.7796
vn 0.3991 -0.5061 0.7646
vn 0.5020 -0.4911 0.7119
vn 0.5486 -0.4299 0.7171
vn 0.4710 -0.3934 0.7896
vn 0.5020 -0.4908 0.7121
vn 0.4712 -0.3931 0.7896
vn 0.4288 -0.4565 0.7796
vn 0.5485 -0.4300 0.7171
vn 0.6013 -0.3523 0.7171
vn 0.5234 -0.3121 0.7928
vn 0.5485 -0.4302 0.7170
vn 0.5235 -0.3120 0.7929
vn 0.4712 -0.3932 0.7895
vn 0.6013 -0.3526 0.7170
vn 0.6378 -0.2845 0.7158
vn 0.5654 -0.2423 0.7884
vn 0.6012 -0.3526 0.7171
vn 0.5655 -0.2423 0.7883
vn 0.5236 -0.3119 0.7928
vn 0.6380 -0.2843 0.7157
vn 0.6620 -0.2379 0.7107
vn 0.5945 -0.2007 0.7787
vn 0.6380 -0.2842 0.7157
vn 0.5945 -0.2009 0.7786
vn 0.5714 -0.2317 0.7873
vn 0.6620 -0.2380 0.7107
vn 0.6866 -0.2165 0.6941
vn 0.6184 -0.1793 0.7651
vn 0.6621 -0.2377 0.7107
vn 0.6182 -0.1796 0.7652
vn 0.5944 -0.2009 0.7787
vn 0.6864 -0.2162 0.6943
vn 0.7091 -0.2062 0.6742
vn 0.6401 -0.1670 0.7500
vn 0.6865 -0.2160 0.6943
vn 0.6400 -0.1673 0.7499
vn 0.6181 -0.1798 0.7652
vn 0.7092 -0.2061 0.6742
vn 0.7208 -0.1967 0.6647
vn 0.6567 -0.1533 0.7384
vn 0.7093 -0.2057 0.6742
vn 0.6566 -0.1536 0.7384
vn 0.6399 -0.1673 0.7500
vn 0.7208 -0.1966 0.6646
vn 0.7297 -0.1732 0.6615
vn 0.6693 -0.1274 0.7320
vn 0.7209 -0.1966 0.6646
vn 0.6691 -0.1276 0.7322
vn 0.7296 -0.1734 0.6616
vn 0.7342 -0.1489 0.6624
vn 0.6728 -0.1051 0.7323
vn 0.7298 -0.1730 0.6614
vn 0.6728 -0.1050 0.7323
vn 0.6692 -0.1274 0.7321
vn 0.7340 -0.1492 0.6625
vn 0.7195 -0.1450 0.6791
vn 0.6539 -0.0983 0.7502
vn 0.7340 -0.1493 0.6626
vn 0.6536 -0.0987 0.7504
vn 0.6729 -0.1049 0.7323
vn 0.7195 -0.1451 0.6792
vn 0.6917 -0.1388 0.7087
vn 0.6296 -0.0945 0.7712
vn 0.7196 -0.1448 0.6791
vn 0.6293 -0.0948 0.7714
vn 0.6536 -0.0986 0.7504
vn 0.6917 -0.1386 0.7088
vn 0.6783 -0.1287 0.7234
vn 0.6221 -0.0966 0.7769
vn 0.6221 -0.0966 0.7770
vn 0.6294 -0.0947 0.7713
vn 0.3697 -0.5641 0.7383
vn 0.3990 -0.5067 0.7642
vn 0.3251 -0.4773 0.8164
vn 0.3698 -0.5640 0.7384
vn 0.3247 -0.4775 0.8164
vn 0.2977 -0.5444 0.7842
vn 0.3991 -0.5066 0.7643
vn 0.4288 -0.4568 0.7794
vn 0.3517 -0.4197 0.8368
vn 0.3993 -0.5063 0.7643
vn 0.3515 -0.4200 0.8367
vn 0.3249 -0.4775 0.8164
vn 0.4288 -0.4569 0.7793
vn 0.4713 -0.3932 0.7894
vn 0.3890 -0.3539 0.8505
vn 0.4288 -0.4567 0.7795
vn 0.3891 -0.3539 0.8505
vn 0.3517 -0.4196 0.8368
vn 0.4712 -0.3934 0.7894
vn 0.5238 -0.3118 0.7927
vn 0.4405 -0.2713 0.8558
vn 0.4713 -0.3935 0.7893
vn 0.4405 -0.2711 0.8559
vn 0.3891 -0.3540 0.8505
vn 0.5237 -0.3119 0.7928
vn 0.5658 -0.2422 0.7882
vn 0.4882 -0.2024 0.8490
vn 0.5237 -0.3122 0.7927
vn 0.4882 -0.2026 0.8489
vn 0.4406 -0.2709 0.8558
vn 0.5655 -0.2425 0.7883
vn 0.5946 -0.2010 0.7785
vn 0.5260 -0.1651 0.8343
vn 0.5656 -0.2423 0.7883
vn 0.5258 -0.1653 0.8344
vn 0.4884 -0.2022 0.8489
vn 0.5945 -0.2008 0.7786
vn 0.6182 -0.1800 0.7652
vn 0.5537 -0.1433 0.8203
vn 0.5949 -0.2007 0.7784
vn 0.5536 -0.1436 0.8203
vn 0.5258 -0.1651 0.8344
vn 0.6184 -0.1796 0.7650
vn 0.6402 -0.1673 0.7498
vn 0.5728 -0.1253 0.8100
vn 0.6186 -0.1792 0.7650
vn 0.5726 -0.1259 0.8102
vn 0.6401 -0.1673 0.7498
vn 0.6567 -0.1538 0.7383
vn 0.5866 -0.1063 0.8029
vn 0.6402 -0.1670 0.7498
vn 0.5865 -0.1064 0.8029
vn 0.5726 -0.1258 0.8101
vn 0.6568 -0.1537 0.7382
vn 0.6694 -0.1273 0.7319
vn 0.5999 -0.0769 0.7964
vn 0.6569 -0.1536 0.7382
vn 0.5999 -0.0768 0.7964
vn 0.5865 -0.1064 0.8030
vn 0.6692 -0.1279 0.7320
vn 0.6729 -0.1053 0.7322
vn 0.6011 -0.0539 0.7973
vn 0.6692 -0.1277 0.7320
vn 0.6013 -0.0537 0.7972
vn 0.5999 -0.0767 0.7964
vn 0.6730 -0.1052 0.7322
vn 0.6537 -0.0992 0.7503
vn 0.5743 -0.0460 0.8173
vn 0.6729 -0.1052 0.7322
vn 0.5742 -0.0459 0.8174
vn 0.6012 -0.0541 0.7973
vn 0.6539 -0.0987 0.7501
vn 0.6294 -0.0949 0.7712
vn 0.5507 -0.0499 0.8332
vn 0.6537 -0.0989 0.7502
vn 0.5508 -0.0497 0.8332
vn 0.5742 -0.0461 0.8174
vn 0.6295 -0.0945 0.7712
vn 0.6221 -0.0967 0.7769
vn 0.5565 -0.0663 0.8282
vn 0.5565 -0.0662 0.8282
vn 0.5506 -0.0502 0.8333
vn 0.2978 -0.5446 0.7841
vn 0.3251 -0.4774 0.8163
vn 0.2481 -0.4448 0.8606
vn 0.2981 -0.5441 0.7843
vn 0.2480 -0.4450 0.8605
vn 0.2210 -0.5191 0.8257
vn 0.3249 -0.4778 0.8162
vn 0.3519 -0.4198 0.8367
vn 0.2738 -0.3805 0.8833
vn 0.3251 -0.4775 0.8163
vn 0.2740 -0.3803 0.8833
vn 0.2481 -0.4450 0.8605
vn 0.3519 -0.4198 0.8366
vn 0.3895 -0.3537 0.8504
vn 0.3076 -0.3140 0.8982
vn 0.3520 -0.4196 0.8367
vn 0.3076 -0.3139 0.8983
vn 0.2740 -0.3804 0.8833
vn 0.3894 -0.3537 0.8504
vn 0.4408 -0.2709 0.8558
vn 0.3591 -0.2333 0.9037
vn 0.3893 -0.3539 0.8504
vn 0.3591 -0.2329 0.9038
vn 0.3075 -0.3139 0.8983
vn 0.4407 -0.2711 0.8558
vn 0.4885 -0.2024 0.8487
vn 0.4127 -0.1672 0.8954
vn 0.4406 -0.2712 0.8557
vn 0.4127 -0.1674 0.8953
vn 0.3592 -0.2330 0.9037
vn 0.4883 -0.2025 0.8489
vn 0.5259 -0.1653 0.8343
vn 0.4582 -0.1322 0.8790
vn 0.4884 -0.2026 0.8488
vn 0.4582 -0.1323 0.8789
vn 0.4129 -0.1668 0.8954
vn 0.5259 -0.1652 0.8343
vn 0.5535 -0.1438 0.8203
vn 0.4934 -0.1084 0.8630
vn 0.5262 -0.1649 0.8342
vn 0.4933 -0.1088 0.8630
vn 0.4581 -0.1323 0.8790
vn 0.5538 -0.1433 0.8202
vn 0.5728 -0.1257 0.8100
vn 0.5124 -0.0849 0.8545
vn 0.5539 -0.1434 0.8201
vn 0.5125 -0.0849 0.8545
vn 0.4931 -0.1089 0.8631
vn 0.5726 -0.1257 0.8101
vn 0.5867 -0.1065 0.8028
vn 0.5207 -0.0565 0.8519
vn 0.5729 -0.1254 0.8100
vn 0.5205 -0.0568 0.8520
vn 0.5122 -0.0851 0.8546
vn 0.5867 -0.1064 0.8028
vn 0.6002 -0.0766 0.7962
vn 0.5306 -0.0254 0.8472
vn 0.5868 -0.1064 0.8027
vn 0.5309 -0.0250 0.8471
vn 0.5205 -0.0566 0.8520
vn 0.6000 -0.0770 0.7963
vn 0.6013 -0.0541 0.7972
vn 0.5236 0.0021 0.8520
vn 0.5999 -0.0771 0.7964
vn 0.5237 0.0022 0.8519
vn 0.5307 -0.0250 0.8472
vn 0.6015 -0.0541 0.7970
vn 0.5744 -0.0463 0.8172
vn 0.4859 0.0081 0.8740
vn 0.6012 -0.0542 0.7973
vn 0.4858 0.0081 0.8740
vn 0.5236 0.0019 0.8520
vn 0.5746 -0.0461 0.8171
vn 0.5508 -0.0503 0.8331
vn 0.4556 -0.0036 0.8902
vn 0.5745 -0.0463 0.8172
vn 0.4556 -0.0037 0.8902
vn 0.4857 0.0076 0.8741
vn 0.5509 -0.0500 0.8331
vn 0.5566 -0.0666 0.8281
vn 0.4630 -0.0306 0.8858
vn 0.5510 -0.0502 0.8330
vn 0.4631 -0.0308 0.8858
vn 0.4555 -0.0039 0.8902
vn 0.2210 -0.5192 0.8256
vn 0.2482 -0.4448 0.8605
vn 0.1697 -0.4085 0.8968
vn 0.2212 -0.5188 0.8258
vn 0.1696 -0.4089 0.8967
vn 0.1398 -0.4880 0.8616
vn 0.2483 -0.4450 0.8604
vn 0.2742 -0.3804 0.8832
vn 0.1965 -0.3398 0.9197
vn 0.2485 -0.4448 0.8605
vn 0.1699 -0.4087 0.8967
vn 0.2741 -0.3805 0.8832
vn 0.3078 -0.3141 0.8981
vn 0.2286 -0.2743 0.9341
vn 0.2743 -0.3804 0.8832
vn 0.2288 -0.2740 0.9341
vn 0.1965 -0.3397 0.9198
vn 0.3078 -0.3138 0.8982
vn 0.3593 -0.2331 0.9036
vn 0.2811 -0.1988 0.9389
vn 0.3077 -0.3144 0.8981
vn 0.2812 -0.1988 0.9388
vn 0.2286 -0.2740 0.9341
vn 0.3593 -0.2333 0.9036
vn 0.4131 -0.1671 0.8952
vn 0.3429 -0.1379 0.9292
vn 0.3593 -0.2334 0.9036
vn 0.3429 -0.1382 0.9292
vn 0.2814 -0.1985 0.9388
vn 0.4129 -0.1671 0.8953
vn 0.3967 -0.1036 0.9121
vn 0.4130 -0.1670 0.8953
vn 0.3966 -0.1039 0.9121
vn 0.3432 -0.1375 0.9292
vn 0.4580 -0.1326 0.8790
vn 0.4933 -0.1090 0.8630
vn 0.4362 -0.0750 0.8967
vn 0.4582 -0.1321 0.8790
vn 0.4360 -0.0751 0.8968
vn 0.3965 -0.1039 0.9121
vn 0.4934 -0.1086 0.8630
vn 0.5125 -0.0851 0.8545
vn 0.4581 -0.0454 0.8877
vn 0.4936 -0.1085 0.8629
vn 0.4582 -0.0455 0.8877
vn 0.4358 -0.0753 0.8969
vn 0.5124 -0.0851 0.8545
vn 0.5208 -0.0567 0.8518
vn 0.4624 -0.0103 0.8866
vn 0.5125 -0.0850 0.8544
vn 0.4580 -0.0456 0.8878
vn 0.5208 -0.0568 0.8518
vn 0.5309 -0.0253 0.8470
vn 0.4644 0.0287 0.8852
vn 0.5206 -0.0570 0.8519
vn 0.4645 0.0291 0.8851
vn 0.4624 -0.0102 0.8866
vn 0.5310 -0.0253 0.8470
vn 0.5237 0.0018 0.8519
vn 0.4483 0.0570 0.8921
vn 0.4483 0.0571 0.8921
vn 0.4857 0.0074 0.8741
vn 0.3872 0.0628 0.9199
vn 0.5237 0.0019 0.8519
vn 0.3871 0.0631 0.9199
vn 0.4484 0.0571 0.8920
vn 0.4862 0.0078 0.8738
vn 0.4557 -0.0039 0.8901
vn 0.3486 0.0425 0.9363
vn 0.4861 0.0078 0.8739
vn 0.3482 0.0420 0.9365
vn 0.3872 0.0626 0.9199
vn 0.4557 -0.0038 0.8901
vn 0.4630 -0.0308 0.8858
vn 0.3410 0.0387 0.9393
vn 0.4558 -0.0041 0.8901
vn 0.3410 0.0382 0.9393
vn 0.3484 0.0419 0.9364
vn 0.1401 -0.4880 0.8615
vn 0.1699 -0.4086 0.8968
vn 0.0893 -0.3685 0.9253
vn 0.1403 -0.4877 0.8616
vn 0.0893 -0.3687 0.9253
vn 0.0563 -0.4516 0.8905
vn 0.1699 -0.4090 0.8966
vn 0.1968 -0.3396 0.9197
vn 0.1186 -0.2971 0.9475
vn 0.1700 -0.4084 0.8968
vn 0.1186 -0.2971 0.9474
vn 0.0895 -0.3686 0.9253
vn 0.1967 -0.3399 0.9197
vn 0.2289 -0.2740 0.9341
vn 0.1513 -0.2344 0.9603
vn 0.1968 -0.3396 0.9198
vn 0.1514 -0.2343 0.9603
vn 0.2290 -0.2738 0.9341
vn 0.2813 -0.1987 0.9388
vn 0.2069 -0.1696 0.9635
vn 0.2289 -0.2741 0.9340
vn 0.2071 -0.1694 0.9635
vn 0.1516 -0.2343 0.9603
vn 0.2813 -0.1988 0.9388
vn 0.3432 -0.1377 0.9291
vn 0.2781 -0.1142 0.9538
vn 0.2813 -0.1993 0.9387
vn 0.2782 -0.1144 0.9537
vn 0.2073 -0.1690 0.9636
vn 0.3431 -0.1378 0.9292
vn 0.3968 -0.1039 0.9120
vn 0.3387 -0.0761 0.9378
vn 0.3434 -0.1379 0.9290
vn 0.3386 -0.0763 0.9378
vn 0.2785 -0.1139 0.9537
vn 0.4359 -0.0755 0.8968
vn 0.3820 -0.0422 0.9232
vn 0.3968 -0.1035 0.9121
vn 0.3819 -0.0426 0.9232
vn 0.3386 -0.0764 0.9378
vn 0.4361 -0.0752 0.8967
vn 0.4581 -0.0459 0.8877
vn 0.4069 -0.0068 0.9135
vn 0.4362 -0.0751 0.8967
vn 0.4068 -0.0066 0.9135
vn 0.3818 -0.0425 0.9233
vn 0.4583 -0.0456 0.8876
vn 0.4627 -0.0105 0.8865
vn 0.4091 0.0361 0.9118
vn 0.4582 -0.0456 0.8877
vn 0.4091 0.0364 0.9117
vn 0.4067 -0.0068 0.9135
vn 0.4628 -0.0105 0.8864
vn 0.4647 0.0291 0.8850
vn 0.3991 0.0833 0.9131
vn 0.4622 -0.0108 0.8867
vn 0.3994 0.0836 0.9130
vn 0.4092 0.0363 0.9117
vn 0.4646 0.0286 0.8850
vn 0.4486 0.0569 0.8919
vn 0.3675 0.1117 0.9233
vn 0.4643 0.0285 0.8852
vn 0.3677 0.1122 0.9231
vn 0.3992 0.0836 0.9130
vn 0.4487 0.0570 0.8919
vn 0.3872 0.0625 0.9199
vn 0.3036 0.1071 0.9468
vn 0.4484 0.0566 0.8920
vn 0.3036 0.1069 0.9468
vn 0.3675 0.1118 0.9233
vn 0.3873 0.0625 0.9198
vn 0.3483 0.0420 0.9364
vn 0.2302 0.1023 0.9677
vn 0.3874 0.0626 0.9198
vn 0.2298 0.1019 0.9679
vn 0.3035 0.1069 0.9468
vn 0.3485 0.0420 0.9364
vn 0.3410 0.0380 0.9393
vn 0.2147 0.1279 0.9683
vn 0.3485 0.0421 0.9364
vn 0.2142 0.1279 0.9684
vn 0.2299 0.1019 0.9679
vn 0.0564 -0.4516 0.8904
vn 0.0895 -0.3685 0.9253
vn 0.0059 -0.3235 0.9462
vn 0.0565 -0.4513 0.8906
vn 0.0058 -0.3236 0.9462
vn -0.0317 -0.4083 0.9123
vn 0.0894 -0.3689 0.9251
vn 0.1187 -0.2970 0.9475
vn 0.0384 -0.2512 0.9672
vn 0.0895 -0.3688 0.9252
vn 0.0384 -0.2513 0.9672
vn 0.0060 -0.3236 0.9462
vn 0.1188 -0.2971 0.9474
vn 0.1517 -0.2342 0.9603
vn 0.0739 -0.1956 0.9779
vn 0.1188 -0.2973 0.9474
vn 0.0742 -0.1954 0.9779
vn 0.0385 -0.2509 0.9673
vn 0.1518 -0.2343 0.9602
vn 0.2074 -0.1692 0.9635
vn 0.1365 -0.1452 0.9799
vn 0.1516 -0.2346 0.9602
vn 0.1367 -0.1451 0.9799
vn 0.0743 -0.1954 0.9779
vn 0.2072 -0.1694 0.9635
vn 0.2784 -0.1140 0.9537
vn 0.2180 -0.0936 0.9714
vn 0.2073 -0.1696 0.9635
vn 0.2180 -0.0937 0.9714
vn 0.1368 -0.1449 0.9799
vn 0.2781 -0.1143 0.9537
vn 0.3387 -0.0766 0.9378
vn 0.2858 -0.0502 0.9570
vn 0.2857 -0.0505 0.9570
vn 0.2162 -0.0965 0.9716
vn 0.3821 -0.0426 0.9231
vn 0.3321 -0.0103 0.9432
vn 0.3388 -0.0763 0.9378
vn 0.3320 -0.0106 0.9432
vn 0.2855 -0.0506 0.9570
vn 0.3819 -0.0425 0.9232
vn 0.4068 -0.0069 0.9135
vn 0.3556 0.0349 0.9340
vn 0.3823 -0.0420 0.9231
vn 0.3559 0.0353 0.9339
vn 0.3317 -0.0107 0.9433
vn 0.4069 -0.0068 0.9134
vn 0.4093 0.0363 0.9117
vn 0.3524 0.0880 0.9317
vn 0.4068 -0.0067 0.9135
vn 0.3525 0.0883 0.9316
vn 0.3557 0.0351 0.9339
vn 0.4095 0.0361 0.9116
vn 0.3995 0.0835 0.9129
vn 0.3350 0.1376 0.9321
vn 0.4091 0.0362 0.9118
vn 0.3352 0.1379 0.9320
vn 0.3526 0.0884 0.9316
vn 0.3993 0.0832 0.9130
vn 0.3677 0.1118 0.9232
vn 0.2902 0.1609 0.9433
vn 0.3990 0.0831 0.9132
vn 0.2904 0.1613 0.9432
vn 0.3351 0.1380 0.9320
vn 0.3679 0.1118 0.9231
vn 0.3035 0.1067 0.9468
vn 0.2109 0.1549 0.9652
vn 0.3676 0.1117 0.9232
vn 0.2106 0.1549 0.9652
vn 0.2904 0.1612 0.9432
vn 0.3037 0.1066 0.9468
vn 0.2301 0.1019 0.9678
vn 0.1356 0.1681 0.9764
vn 0.3039 0.1067 0.9467
vn 0.1355 0.1680 0.9764
vn 0.2108 0.1547 0.9652
vn 0.2303 0.1018 0.9678
vn 0.2145 0.1277 0.9683
vn 0.0933 0.2130 0.9726
vn 0.2302 0.1021 0.9678
vn 0.0931 0.2129 0.9726
vn -0.0316 -0.4083 0.9123
vn 0.0062 -0.3235 0.9462
vn -0.0813 -0.2726 0.9587
vn -0.0315 -0.4080 0.9125
vn -0.0812 -0.2728 0.9587
vn -0.1240 -0.3574 0.9257
vn 0.0061 -0.3237 0.9461
vn 0.0384 -0.2511 0.9672
vn -0.0436 -0.2030 0.9782
vn -0.0437 -0.2029 0.9782
vn -0.0809 -0.2725 0.9587
vn 0.0386 -0.2512 0.9672
vn 0.0745 -0.1957 0.9778
vn -0.0039 -0.1596 0.9872
vn 0.0385 -0.2513 0.9671
vn -0.0039 -0.1593 0.9872
vn 0.0742 -0.1956 0.9779
vn 0.1367 -0.1449 0.9800
vn 0.0640 -0.1229 0.9904
vn 0.0742 -0.1959 0.9778
vn 0.0643 -0.1226 0.9904
vn -0.0037 -0.1593 0.9872
vn 0.1367 -0.1450 0.9799
vn 0.2181 -0.0937 0.9714
vn 0.1566 -0.0729 0.9850
vn 0.1366 -0.1452 0.9799
vn 0.1567 -0.0731 0.9849
vn 0.0641 -0.1228 0.9904
vn 0.2178 -0.0939 0.9715
vn 0.2857 -0.0506 0.9570
vn 0.2338 -0.0244 0.9720
vn 0.2182 -0.0936 0.9714
vn 0.2338 -0.0246 0.9720
vn 0.3321 -0.0108 0.9432
vn 0.2807 0.0246 0.9595
vn 0.2858 -0.0504 0.9570
vn 0.2808 0.0244 0.9595
vn 0.2336 -0.0246 0.9720
vn 0.3321 -0.0106 0.9432
vn 0.3556 0.0348 0.9340
vn 0.3007 0.0823 0.9502
vn 0.3322 -0.0106 0.9431
vn 0.3008 0.0826 0.9501
vn 0.2806 0.0245 0.9595
vn 0.3558 0.0351 0.9339
vn 0.3528 0.0882 0.9315
vn 0.2940 0.1410 0.9454
vn 0.3557 0.0349 0.9339
vn 0.2942 0.1415 0.9452
vn 0.3005 0.0824 0.9502
vn 0.3528 0.0881 0.9315
vn 0.3355 0.1377 0.9319
vn 0.2696 0.1902 0.9440
vn 0.3523 0.0880 0.9317
vn 0.2699 0.1905 0.9439
vn 0.2943 0.1413 0.9452
vn 0.3352 0.1375 0.9320
vn 0.2907 0.1613 0.9431
vn 0.2153 0.2102 0.9537
vn 0.3351 0.1375 0.9321
vn 0.2153 0.2105 0.9536
vn 0.2698 0.1908 0.9438
vn 0.2907 0.1611 0.9432
vn 0.2110 0.1548 0.9651
vn 0.1205 0.2110 0.9700
vn 0.2905 0.1610 0.9432
vn 0.1202 0.2111 0.9700
vn 0.2154 0.2105 0.9536
vn 0.2110 0.1546 0.9652
vn 0.1357 0.1677 0.9764
vn 0.0481 0.2345 0.9709
vn 0.2111 0.1549 0.9651
vn 0.0477 0.2343 0.9710
vn 0.1360 0.1677 0.9764
vn 0.0933 0.2127 0.9726
vn 0.0131 0.2747 0.9614
vn 0.1360 0.1681 0.9763
vn 0.0128 0.2747 0.9614
vn 0.0476 0.2343 0.9710
vn -0.1240 -0.3577 0.9256
vn -0.0809 -0.2727 0.9587
vn -0.1655 -0.2189 0.9616
vn -0.1655 -0.2188 0.9616
vn -0.2137 -0.3018 0.9291
vn -0.0809 -0.2732 0.9586
vn -0.0435 -0.2029 0.9782
vn -0.1241 -0.1563 0.9799
vn -0.0809 -0.2729 0.9586
vn -0.1241 -0.1562 0.9799
vn -0.1656 -0.2190 0.9616
vn -0.0037 -0.1595 0.9872
vn -0.0809 -0.1267 0.9886
vn -0.0434 -0.2031 0.9782
vn -0.0808 -0.1267 0.9886
vn -0.1240 -0.1560 0.9799
vn -0.0037 -0.1594 0.9872
vn -0.0098 -0.0990 0.9950
vn -0.0037 -0.1597 0.9872
vn -0.0096 -0.0987 0.9951
vn 0.0642 -0.1228 0.9904
vn 0.1567 -0.0730 0.9849
vn 0.0890 -0.0471 0.9949
vn 0.0643 -0.1231 0.9903
vn 0.0890 -0.0473 0.9949
vn -0.0143 -0.1079 0.9941
vn 0.1564 -0.0731 0.9850
vn 0.2338 -0.0247 0.9720
vn 0.1727 0.0092 0.9849
vn 0.1568 -0.0726 0.9850
vn 0.1727 0.0089 0.9849
vn 0.0889 -0.0472 0.9949
vn 0.2807 0.0243 0.9595
vn 0.2233 0.0677 0.9724
vn 0.2338 -0.0245 0.9720
vn 0.2231 0.0676 0.9724
vn 0.1724 0.0089 0.9850
vn 0.2811 0.0244 0.9594
vn 0.3008 0.0823 0.9501
vn 0.2442 0.1322 0.9607
vn 0.2808 0.0245 0.9595
vn 0.2443 0.1325 0.9606
vn 0.2230 0.0675 0.9725
vn 0.3011 0.0824 0.9500
vn 0.2944 0.1412 0.9452
vn 0.2366 0.1929 0.9523
vn 0.3008 0.0824 0.9501
vn 0.2367 0.1932 0.9522
vn 0.2442 0.1321 0.9607
vn 0.2944 0.1413 0.9452
vn 0.2698 0.1903 0.9439
vn 0.2041 0.2419 0.9486
vn 0.2942 0.1413 0.9452
vn 0.2041 0.2421 0.9485
vn 0.2365 0.1930 0.9523
vn 0.2700 0.1905 0.9438
vn 0.2154 0.2103 0.9536
vn 0.1392 0.2635 0.9546
vn 0.2697 0.1904 0.9439
vn 0.2042 0.2422 0.9485
vn 0.2155 0.2100 0.9536
vn 0.1207 0.2111 0.9700
vn 0.0450 0.2637 0.9636
vn 0.2154 0.2101 0.9537
vn 0.0450 0.2635 0.9636
vn 0.1394 0.2635 0.9545
vn 0.1207 0.2107 0.9701
vn 0.0482 0.2341 0.9710
vn -0.0196 0.2881 0.9574
vn 0.1208 0.2111 0.9700
vn -0.0200 0.2879 0.9575
vn 0.0453 0.2637 0.9635
vn 0.0480 0.2338 0.9711
vn 0.0134 0.2747 0.9614
vn -0.0583 0.3270 0.9432
vn 0.0480 0.2343 0.9710
vn -0.0585 0.3266 0.9433
vn -0.0195 0.2882 0.9574
vn -0.2136 -0.3025 0.9289
vn -0.1653 -0.2190 0.9616
vn -0.2418 -0.1680 0.9557
vn -0.2134 -0.3019 0.9292
vn -0.2417 -0.1678 0.9557
vn -0.2945 -0.2459 0.9235
vn -0.1238 -0.1562 0.9799
vn -0.1953 -0.1175 0.9737
vn -0.1654 -0.2190 0.9616
vn -0.1953 -0.1172 0.9737
vn -0.2418 -0.1678 0.9557
vn -0.1239 -0.1562 0.9799
vn -0.0807 -0.1268 0.9886
vn -0.1520 -0.0982 0.9835
vn -0.1238 -0.1563 0.9799
vn -0.1517 -0.0978 0.9836
vn -0.1952 -0.1175 0.9737
vn -0.0841 -0.0708 0.9939
vn -0.0808 -0.1269 0.9886
vn -0.0840 -0.0705 0.9940
vn -0.1520 -0.0980 0.9835
vn -0.0097 -0.0988 0.9951
vn 0.0124 -0.0119 0.9999
vn 0.0127 -0.0119 0.9998
vn -0.0841 -0.0705 0.9940
vn 0.0889 -0.0471 0.9949
vn 0.1725 0.0086 0.9850
vn 0.0967 0.0565 0.9937
vn 0.0890 -0.0470 0.9949
vn 0.0967 0.0564 0.9937
vn 0.1725 0.0089 0.9850
vn 0.2233 0.0672 0.9724
vn 0.1524 0.1208 0.9809
vn 0.1727 0.0091 0.9849
vn 0.1527 0.1213 0.9808
vn 0.0965 0.0562 0.9937
vn 0.2233 0.0675 0.9724
vn 0.2444 0.1321 0.9606
vn 0.1810 0.1845 0.9660
vn 0.1811 0.1847 0.9660
vn 0.2445 0.1322 0.9606
vn 0.2367 0.1930 0.9522
vn 0.1756 0.2440 0.9538
vn 0.2441 0.1321 0.9607
vn 0.1755 0.2444 0.9537
vn 0.1809 0.1841 0.9661
vn 0.2369 0.1929 0.9522
vn 0.2045 0.2418 0.9485
vn 0.1375 0.2949 0.9456
vn 0.1374 0.2952 0.9455
vn 0.1753 0.2440 0.9538
vn 0.2047 0.2419 0.9485
vn 0.1392 0.2633 0.9546
vn 0.0653 0.3158 0.9466
vn 0.2043 0.2419 0.9485
vn 0.0653 0.3159 0.9465
vn 0.1375 0.2952 0.9455
vn 0.1398 0.2635 0.9545
vn 0.0452 0.2635 0.9636
vn -0.0225 0.3131 0.9494
vn 0.1394 0.2634 0.9546
vn -0.0229 0.3127 0.9496
vn 0.0654 0.3159 0.9465
vn 0.0453 0.2632 0.9637
vn -0.0195 0.2879 0.9575
vn -0.0813 0.3367 0.9381
vn 0.0453 0.2636 0.9636
vn -0.0817 0.3364 0.9382
vn -0.0226 0.3128 0.9496
vn -0.0195 0.2877 0.9575
vn -0.0580 0.3268 0.9433
vn -0.1249 0.3745 0.9188
vn -0.0196 0.2879 0.9575
vn -0.1252 0.3743 0.9188
vn -0.0814 0.3366 0.9381
vn -0.2945 -0.2461 0.9234
vn -0.2417 -0.1682 0.9557
vn -0.3084 -0.1269 0.9428
vn -0.2943 -0.2458 0.9236
vn -0.3084 -0.1267 0.9428
vn -0.3672 -0.1909 0.9103
vn -0.2416 -0.1680 0.9557
vn -0.1950 -0.1176 0.9737
vn -0.2548 -0.0893 0.9629
vn -0.2416 -0.1682 0.9557
vn -0.2546 -0.0891 0.9629
vn -0.3084 -0.1268 0.9428
vn -0.1952 -0.1174 0.9737
vn -0.1518 -0.0979 0.9836
vn -0.2122 -0.0715 0.9746
vn -0.1951 -0.1176 0.9737
vn -0.2120 -0.0708 0.9747
vn -0.2546 -0.0893 0.9629
vn -0.1518 -0.0976 0.9836
vn -0.0838 -0.0706 0.9940
vn -0.1560 -0.0356 0.9871
vn -0.1561 -0.0358 0.9871
vn -0.2123 -0.0712 0.9746
vn -0.0841 -0.0707 0.9940
vn 0.0127 -0.0120 0.9998
vn -0.0716 0.0356 0.9968
vn -0.0840 -0.0708 0.9939
vn -0.0715 0.0354 0.9968
vn 0.0124 -0.0121 0.9998
vn 0.0967 0.0562 0.9937
vn 0.0134 0.1122 0.9936
vn 0.0128 -0.0118 0.9998
vn 0.0135 0.1121 0.9936
vn -0.0718 0.0355 0.9968
vn 0.0966 0.0563 0.9937
vn 0.1526 0.1207 0.9809
vn 0.0751 0.1759 0.9815
vn 0.0970 0.0565 0.9937
vn 0.0755 0.1763 0.9814
vn 0.0132 0.1120 0.9936
vn 0.1527 0.1211 0.9808
vn 0.1810 0.1842 0.9661
vn 0.1061 0.2385 0.9653
vn 0.1526 0.1208 0.9809
vn 0.1062 0.2385 0.9653
vn 0.0752 0.1759 0.9815
vn 0.1813 0.1844 0.9660
vn 0.1756 0.2440 0.9537
vn 0.1048 0.3000 0.9482
vn 0.1811 0.1842 0.9661
vn 0.1050 0.3004 0.9480
vn 0.1062 0.2386 0.9653
vn 0.1758 0.2440 0.9537
vn 0.1376 0.2950 0.9455
vn 0.0682 0.3486 0.9348
vn 0.0684 0.3490 0.9346
vn 0.1046 0.3002 0.9481
vn 0.1378 0.2950 0.9455
vn 0.0653 0.3157 0.9466
vn -0.0031 0.3654 0.9309
vn -0.0032 0.3652 0.9309
vn 0.0681 0.3487 0.9347
vn 0.0657 0.3157 0.9466
vn -0.0227 0.3126 0.9496
vn -0.0890 0.3602 0.9286
vn 0.0656 0.3159 0.9465
vn -0.0892 0.3602 0.9286
vn -0.0035 0.3650 0.9310
vn -0.0225 0.3123 0.9497
vn -0.0815 0.3362 0.9383
vn -0.1474 0.3835 0.9117
vn -0.0222 0.3130 0.9495
vn -0.1475 0.3835 0.9117
vn -0.0893 0.3600 0.9287
vn -0.0814 0.3361 0.9383
vn -0.1250 0.3744 0.9188
vn -0.1882 0.4193 0.8881
vn -0.0813 0.3366 0.9381
vn -0.1887 0.4192 0.8881
vn -0.1475 0.3833 0.9117
vn -0.3672 -0.1908 0.9104
vn -0.3083 -0.1269 0.9428
vn -0.3658 -0.0966 0.9257
vn -0.3671 -0.1909 0.9104
vn -0.3657 -0.0964 0.9257
vn -0.4310 -0.1440 0.8908
vn -0.3083 -0.1267 0.9428
vn -0.2546 -0.0895 0.9629
vn -0.3090 -0.0638 0.9489
vn -0.3082 -0.1268 0.9428
vn -0.3088 -0.0635 0.9490
vn -0.3659 -0.0967 0.9256
vn -0.2121 -0.0712 0.9747
vn -0.2687 -0.0405 0.9624
vn -0.2685 -0.0403 0.9624
vn -0.3090 -0.0637 0.9489
vn -0.2121 -0.0710 0.9747
vn -0.1559 -0.0357 0.9871
vn -0.2187 0.0029 0.9758
vn -0.2120 -0.0714 0.9746
vn -0.2186 0.0030 0.9758
vn -0.2688 -0.0408 0.9623
vn -0.1559 -0.0356 0.9871
vn -0.0715 0.0353 0.9968
vn -0.1414 0.0814 0.9866
vn -0.1414 0.0812 0.9866
vn -0.0716 0.0354 0.9968
vn 0.0135 0.1118 0.9936
vn -0.0601 0.1593 0.9854
vn -0.0715 0.0355 0.9968
vn -0.0600 0.1590 0.9855
vn -0.1416 0.0810 0.9866
vn 0.0134 0.1119 0.9936
vn 0.0754 0.1760 0.9815
vn -0.0025 0.2258 0.9742
vn 0.0140 0.1123 0.9936
vn -0.0022 0.2260 0.9741
vn -0.0602 0.1589 0.9854
vn 0.0755 0.1761 0.9815
vn 0.1063 0.2383 0.9654
vn 0.0284 0.2946 0.9552
vn 0.0755 0.1759 0.9815
vn 0.0286 0.2952 0.9550
vn -0.0024 0.2260 0.9741
vn 0.1065 0.2384 0.9653
vn 0.1049 0.3000 0.9482
vn 0.0278 0.3582 0.9332
vn 0.0279 0.3588 0.9330
vn 0.0286 0.2949 0.9551
vn 0.1053 0.3001 0.9481
vn 0.0681 0.3485 0.9348
vn -0.0068 0.4028 0.9153
vn 0.1050 0.3000 0.9481
vn -0.0064 0.4029 0.9152
vn 0.0279 0.3584 0.9331
vn 0.0686 0.3487 0.9347
vn -0.0032 0.3649 0.9311
vn -0.0759 0.4137 0.9072
vn 0.0683 0.3487 0.9347
vn -0.0761 0.4136 0.9073
vn -0.0066 0.4029 0.9152
vn -0.0031 0.3649 0.9310
vn -0.0893 0.3597 0.9288
vn -0.1583 0.4078 0.8992
vn -0.0029 0.3650 0.9310
vn -0.1588 0.4072 0.8994
vn -0.0761 0.4134 0.9073
vn -0.0889 0.3598 0.9288
vn -0.1475 0.3830 0.9119
vn -0.2218 0.4326 0.8739
vn -0.0888 0.3602 0.9286
vn -0.2219 0.4325 0.8739
vn -0.1589 0.4073 0.8994
vn -0.1476 0.3830 0.9119
vn -0.1884 0.4189 0.8883
vn -0.2697 0.4684 0.8413
vn -0.1471 0.3834 0.9118
vn -0.2700 0.4682 0.8414
vn -0.2220 0.4323 0.8740
vn -0.4308 -0.1440 0.8909
vn -0.3659 -0.0972 0.9256
vn -0.4187 -0.0696 0.9054
vn -0.4308 -0.1442 0.8908
vn -0.4186 -0.0692 0.9055
vn -0.4860 -0.1091 0.8671
vn -0.3657 -0.0966 0.9257
vn -0.3087 -0.0637 0.9490
vn -0.3637 -0.0332 0.9309
vn -0.3659 -0.0969 0.9256
vn -0.3636 -0.0329 0.9310
vn -0.4187 -0.0696 0.9055
vn -0.3085 -0.0634 0.9491
vn -0.2686 -0.0407 0.9624
vn -0.3262 -0.0055 0.9453
vn -0.3088 -0.0638 0.9490
vn -0.3260 -0.0050 0.9454
vn -0.3637 -0.0331 0.9309
vn -0.2757 0.0406 0.9604
vn -0.2686 -0.0410 0.9624
vn -0.2757 0.0405 0.9604
vn -0.3263 -0.0055 0.9452
vn -0.2186 0.0029 0.9758
vn -0.1413 0.0808 0.9867
vn -0.1984 0.1190 0.9729
vn -0.2184 0.0031 0.9759
vn -0.1983 0.1191 0.9729
vn -0.2758 0.0403 0.9604
vn -0.1415 0.0810 0.9866
vn -0.0601 0.1590 0.9854
vn -0.1318 0.2024 0.9704
vn -0.1412 0.0812 0.9867
vn -0.1317 0.2022 0.9704
vn -0.1986 0.1189 0.9728
vn -0.0599 0.1592 0.9854
vn -0.0023 0.2257 0.9742
vn -0.0834 0.2810 0.9561
vn -0.0597 0.1594 0.9854
vn -0.0829 0.2817 0.9559
vn -0.1318 0.2021 0.9705
vn -0.0021 0.2259 0.9741
vn 0.0286 0.2947 0.9552
vn -0.0529 0.3526 0.9343
vn -0.0021 0.2257 0.9742
vn -0.0527 0.3528 0.9342
vn -0.0832 0.2813 0.9560
vn 0.0287 0.2947 0.9552
vn 0.0278 0.3583 0.9332
vn -0.0480 0.4110 0.9104
vn 0.0286 0.2945 0.9552
vn -0.0477 0.4113 0.9102
vn -0.0528 0.3527 0.9343
vn 0.0280 0.3584 0.9331
vn -0.0065 0.4026 0.9154
vn -0.0757 0.4502 0.8897
vn -0.0753 0.4503 0.8897
vn -0.0478 0.4111 0.9103
vn -0.0062 0.4027 0.9153
vn -0.0759 0.4136 0.9073
vn -0.1368 0.4589 0.8779
vn -0.0064 0.4027 0.9153
vn -0.1372 0.4587 0.8779
vn -0.0756 0.4501 0.8898
vn -0.0756 0.4133 0.9074
vn -0.1583 0.4074 0.8994
vn -0.2138 0.4507 0.8667
vn -0.0759 0.4135 0.9073
vn -0.2141 0.4507 0.8666
vn -0.1462 0.4505 0.8807
vn -0.1584 0.4070 0.8996
vn -0.2216 0.4326 0.8739
vn -0.2782 0.4706 0.8373
vn -0.1585 0.4074 0.8994
vn -0.2785 0.4703 0.8374
vn -0.2137 0.4508 0.8667
vn -0.2216 0.4321 0.8742
vn -0.2695 0.4686 0.8413
vn -0.3310 0.5061 0.7965
vn -0.2215 0.4325 0.8740
vn -0.3313 0.5057 0.7966
vn -0.2783 0.4704 0.8374
vn -0.4858 -0.1088 0.8673
vn -0.4186 -0.0696 0.9055
vn -0.4753 -0.0388 0.8790
vn -0.4752 -0.0382 0.8790
vn -0.5419 -0.0740 0.8372
vn -0.4186 -0.0691 0.9056
vn -0.3636 -0.0333 0.9310
vn -0.4173 -0.0003 0.9087
vn -0.4185 -0.0695 0.9055
vn -0.4173 -0.0002 0.9088
vn -0.4753 -0.0389 0.8790
vn -0.3635 -0.0329 0.9310
vn -0.3260 -0.0056 0.9453
vn -0.3823 0.0323 0.9235
vn -0.3638 -0.0333 0.9309
vn -0.3821 0.0326 0.9235
vn -0.4174 -0.0006 0.9087
vn -0.3259 -0.0054 0.9454
vn -0.2756 0.0403 0.9604
vn -0.3371 0.0806 0.9380
vn -0.3371 0.0808 0.9380
vn -0.3824 0.0324 0.9234
vn -0.1983 0.1189 0.9729
vn -0.2672 0.1621 0.9499
vn -0.2671 0.1620 0.9499
vn -0.1984 0.1189 0.9729
vn -0.1318 0.2019 0.9705
vn -0.2035 0.2552 0.9452
vn -0.1982 0.1192 0.9729
vn -0.2673 0.1621 0.9499
vn -0.1315 0.2020 0.9705
vn -0.0831 0.2810 0.9561
vn -0.1631 0.3393 0.9264
vn -0.1314 0.2024 0.9705
vn -0.1630 0.3394 0.9264
vn -0.2035 0.2551 0.9452
vn -0.0830 0.2811 0.9561
vn -0.0525 0.3526 0.9343
vn -0.1346 0.4090 0.9026
vn -0.0829 0.2811 0.9561
vn -0.1343 0.4093 0.9025
vn -0.0524 0.3528 0.9342
vn -0.0479 0.4109 0.9104
vn -0.1241 0.4623 0.8780
vn -0.0526 0.3527 0.9343
vn -0.1237 0.4627 0.8779
vn -0.1344 0.4092 0.9025
vn -0.0475 0.4111 0.9104
vn -0.0754 0.4500 0.8898
vn -0.1446 0.4947 0.8570
vn -0.0477 0.4109 0.9104
vn -0.1443 0.4950 0.8568
vn -0.1241 0.4624 0.8779
vn -0.0751 0.4502 0.8898
vn -0.1371 0.4585 0.8780
vn -0.1989 0.4990 0.8435
vn -0.0753 0.4501 0.8898
vn -0.1988 0.4989 0.8435
vn -0.1447 0.4948 0.8569
vn -0.1368 0.4587 0.8780
vn -0.2137 0.4506 0.8668
vn -0.2664 0.4906 0.8297
vn -0.2669 0.4902 0.8298
vn -0.1990 0.4988 0.8436
vn -0.2138 0.4505 0.8668
vn -0.2782 0.4704 0.8375
vn -0.3267 0.5053 0.7987
vn -0.2135 0.4508 0.8667
vn -0.3269 0.5052 0.7987
vn -0.2663 0.4906 0.8297
vn -0.2783 0.4700 0.8377
vn -0.3309 0.5061 0.7964
vn -0.3704 0.5335 0.7604
vn -0.2783 0.4702 0.8375
vn -0.3707 0.5333 0.7604
vn -0.3266 0.5053 0.7987
vn -0.5417 -0.0736 0.8373
vn -0.4751 -0.0386 0.8791
vn -0.5511 0.0024 0.8344
vn -0.5417 -0.0741 0.8373
vn -0.5509 0.0029 0.8345
vn -0.6076 -0.0298 0.7937
vn -0.4752 -0.0384 0.8791
vn -0.4173 -0.0005 0.9088
vn -0.4884 0.0379 0.8718
vn -0.4884 0.0384 0.8718
vn -0.5511 0.0023 0.8345
vn -0.4171 -0.0000 0.9089
vn -0.3822 0.0325 0.9235
vn -0.4449 0.0758 0.8924
vn -0.4173 -0.0006 0.9088
vn -0.4449 0.0763 0.8923
vn -0.4884 0.0381 0.8718
vn -0.3822 0.0326 0.9235
vn -0.3370 0.0808 0.9380
vn -0.4091 0.1308 0.9031
vn -0.3822 0.0324 0.9235
vn -0.4092 0.1303 0.9031
vn -0.4449 0.0761 0.8923
vn -0.3370 0.0806 0.9380
vn -0.2670 0.1619 0.9500
vn -0.3499 0.2151 0.9118
vn -0.3368 0.0806 0.9381
vn -0.4092 0.1307 0.9031
vn -0.2670 0.1620 0.9500
vn -0.2034 0.2550 0.9453
vn -0.2826 0.3096 0.9079
vn -0.2670 0.1621 0.9500
vn -0.2825 0.3095 0.9080
vn -0.3499 0.2150 0.9118
vn -0.2032 0.2551 0.9453
vn -0.1627 0.3393 0.9265
vn -0.2372 0.3930 0.8884
vn -0.2031 0.2552 0.9453
vn -0.2369 0.3932 0.8884
vn -0.2844 0.3073 0.9081
vn -0.1628 0.3392 0.9265
vn -0.1342 0.4092 0.9025
vn -0.2133 0.4614 0.8612
vn -0.1629 0.3392 0.9265
vn -0.2133 0.4616 0.8611
vn -0.2457 0.3843 0.8899
vn -0.1339 0.4092 0.9025
vn -0.1238 0.4623 0.8781
vn -0.2059 0.5131 0.8333
vn -0.1343 0.4091 0.9026
vn -0.2053 0.5135 0.8332
vn -0.1236 0.4624 0.8780
vn -0.1445 0.4947 0.8570
vn -0.2262 0.5420 0.8094
vn -0.1243 0.4621 0.8781
vn -0.2262 0.5422 0.8093
vn -0.1443 0.4948 0.8570
vn -0.1989 0.4986 0.8437
vn -0.2789 0.5431 0.7920
vn -0.1443 0.4948 0.8569
vn -0.2791 0.5429 0.7920
vn -0.1986 0.4986 0.8438
vn -0.2666 0.4901 0.8299
vn -0.3381 0.5319 0.7764
vn -0.1987 0.4988 0.8436
vn -0.3383 0.5317 0.7764
vn -0.2794 0.5427 0.7921
vn -0.2664 0.4902 0.8299
vn -0.3266 0.5052 0.7988
vn -0.3723 0.5354 0.7581
vn -0.2662 0.4905 0.8298
vn -0.3727 0.5353 0.7580
vn -0.3385 0.5315 0.7765
vn -0.3265 0.5051 0.7989
vn -0.3703 0.5334 0.7605
vn -0.4007 0.5548 0.7292
vn -0.3263 0.5054 0.7988
vn -0.4011 0.5547 0.7290
vn -0.3725 0.5352 0.7582
vn 0.4684 -0.6388 0.6103
vn 0.4368 -0.5802 0.6875
vn 0.4685 -0.6388 0.6103
vn 0.4367 -0.5802 0.6875
vn 0.4133 -0.6369 0.6508
vn 0.5004 -0.6018 0.6225
vn 0.5333 -0.5635 0.6309
vn 0.4694 -0.5337 0.7035
vn 0.5005 -0.6015 0.6226
vn 0.4691 -0.5340 0.7034
vn 0.4367 -0.5804 0.6873
vn 0.5332 -0.5637 0.6308
vn 0.5019 -0.4908 0.7122
vn 0.5333 -0.5633 0.6310
vn 0.5018 -0.4910 0.7121
vn 0.4696 -0.5336 0.7034
vn 0.5679 -0.5233 0.6353
vn 0.6161 -0.4634 0.6369
vn 0.5483 -0.4299 0.7174
vn 0.5678 -0.5235 0.6353
vn 0.5484 -0.4297 0.7174
vn 0.6161 -0.4635 0.6369
vn 0.6669 -0.3894 0.6353
vn 0.6009 -0.3526 0.7174
vn 0.6160 -0.4635 0.6369
vn 0.6011 -0.3523 0.7174
vn 0.5483 -0.4299 0.7173
vn 0.6668 -0.3895 0.6354
vn 0.7032 -0.3259 0.6319
vn 0.6376 -0.2843 0.7160
vn 0.6666 -0.3896 0.6355
vn 0.6378 -0.2842 0.7159
vn 0.6011 -0.3523 0.7173
vn 0.7033 -0.3260 0.6318
vn 0.7304 -0.2788 0.6235
vn 0.6621 -0.2375 0.7108
vn 0.7032 -0.3258 0.6319
vn 0.6618 -0.2379 0.7110
vn 0.6376 -0.2842 0.7160
vn 0.7303 -0.2786 0.6237
vn 0.7528 -0.2498 0.6090
vn 0.6866 -0.2157 0.6943
vn 0.7304 -0.2785 0.6237
vn 0.6865 -0.2161 0.6943
vn 0.6619 -0.2378 0.7108
vn 0.7529 -0.2497 0.6089
vn 0.7682 -0.2393 0.5939
vn 0.7092 -0.2056 0.6743
vn 0.7531 -0.2494 0.6088
vn 0.7090 -0.2061 0.6745
vn 0.6863 -0.2161 0.6944
vn 0.7682 -0.2390 0.5939
vn 0.7775 -0.2337 0.5838
vn 0.7208 -0.1962 0.6648
vn 0.7685 -0.2386 0.5937
vn 0.7207 -0.1967 0.6648
vn 0.7090 -0.2060 0.6744
vn 0.7777 -0.2334 0.5837
vn 0.7844 -0.2143 0.5821
vn 0.7296 -0.1730 0.6616
vn 0.7778 -0.2331 0.5837
vn 0.7294 -0.1732 0.6617
vn 0.7205 -0.1967 0.6650
vn 0.7845 -0.2143 0.5820
vn 0.7850 -0.1882 0.5902
vn 0.7340 -0.1491 0.6626
vn 0.7846 -0.2139 0.5819
vn 0.7338 -0.1492 0.6627
vn 0.7294 -0.1733 0.6617
vn 0.7850 -0.1883 0.5902
vn 0.7713 -0.1816 0.6100
vn 0.7195 -0.1445 0.6793
vn 0.7850 -0.1883 0.5903
vn 0.7194 -0.1447 0.6794
vn 0.7339 -0.1491 0.6627
vn 0.7713 -0.1820 0.6099
vn 0.7496 -0.1818 0.6364
vn 0.6917 -0.1381 0.7088
vn 0.7715 -0.1815 0.6098
vn 0.6916 -0.1382 0.7089
vn 0.7196 -0.1446 0.6792
vn 0.7496 -0.1822 0.6364
vn 0.7308 -0.1678 0.6616
vn 0.6784 -0.1284 0.7234
vn 0.7495 -0.1820 0.6365
vn 0.6782 -0.1284 0.7235
vn 0.6917 -0.1381 0.7089
vn 0.7309 -0.1675 0.6617
vn 0.7200 -0.1525 0.6771
vn 0.6802 -0.1348 0.7206
vn 0.7310 -0.1676 0.6615
vn 0.6802 -0.1348 0.7205
vn 0.6781 -0.1285 0.7237
vn 0.6784 -0.1287 0.7234
vn 0.6803 -0.1347 0.7205
vn 0.6279 -0.1109 0.7703
vn 0.6279 -0.1115 0.7703
vn 0.6220 -0.0966 0.7770
vn 0.6222 -0.0964 0.7769
vn 0.6278 -0.1111 0.7704
vn 0.5679 -0.0868 0.8185
vn 0.6221 -0.0969 0.7769
vn 0.5683 -0.0867 0.8183
vn 0.5564 -0.0666 0.8283
vn 0.5567 -0.0661 0.8281
vn 0.5682 -0.0867 0.8183
vn 0.4986 -0.0328 0.8662
vn 0.5566 -0.0665 0.8281
vn 0.4989 -0.0327 0.8660
vn 0.4629 -0.0307 0.8859
vn 0.4633 -0.0307 0.8857
vn 0.4988 -0.0329 0.8661
vn 0.3871 0.0617 0.9200
vn 0.3869 0.0619 0.9200
vn 0.3408 0.0384 0.9394
vn 0.3411 0.0383 0.9392
vn 0.3873 0.0615 0.9199
vn 0.2555 0.1551 0.9543
vn 0.2558 0.1552 0.9542
vn 0.2141 0.1278 0.9684
vn 0.2557 0.1547 0.9543
vn 0.1056 0.2456 0.9636
vn 0.2147 0.1280 0.9683
vn 0.1053 0.2456 0.9636
vn 0.0930 0.2128 0.9727
vn 0.0933 0.2126 0.9727
vn 0.1054 0.2452 0.9637
vn 0.0033 0.3076 0.9515
vn 0.0932 0.2128 0.9726
vn 0.0131 0.2746 0.9615
vn 0.0130 0.2744 0.9615
vn 0.0037 0.3076 0.9515
vn -0.0727 0.3597 0.9302
vn 0.0133 0.2746 0.9615
vn -0.0732 0.3593 0.9303
vn -0.0583 0.3269 0.9433
vn -0.0583 0.3265 0.9434
vn -0.0726 0.3596 0.9303
vn -0.1446 0.4097 0.9007
vn -0.0583 0.3268 0.9433
vn -0.1450 0.4097 0.9006
vn -0.1248 0.3747 0.9187
vn -0.1248 0.3742 0.9189
vn -0.1446 0.4096 0.9007
vn -0.2100 0.4550 0.8654
vn -0.1249 0.3744 0.9188
vn -0.2103 0.4547 0.8655
vn -0.1885 0.4191 0.8882
vn -0.2103 0.4543 0.8657
vn -0.2997 0.5098 0.8064
vn -0.1882 0.4192 0.8882
vn -0.2999 0.5098 0.8063
vn -0.2700 0.4683 0.8413
vn -0.2697 0.4680 0.8416
vn -0.2993 0.5099 0.8065
vn -0.3722 0.5475 0.7495
vn -0.2696 0.4682 0.8415
vn -0.3723 0.5473 0.7496
vn -0.3309 0.5062 0.7964
vn -0.3311 0.5056 0.7967
vn -0.3721 0.5473 0.7496
vn -0.4072 0.5697 0.7139
vn -0.3311 0.5057 0.7966
vn -0.4073 0.5697 0.7138
vn -0.3704 0.5334 0.7604
vn -0.3705 0.5331 0.7606
vn -0.4254 0.5800 0.6947
vn -0.3705 0.5332 0.7606
vn -0.4255 0.5801 0.6946
vn -0.4008 0.5548 0.7290
vn -0.4011 0.5545 0.7292
vn -0.4436 0.5828 0.6808
vn -0.4010 0.5545 0.7292
vn -0.4437 0.5829 0.6807
vn -0.4446 0.5786 0.6838
vn -0.3725 0.5350 0.7583
vn -0.4010 0.5547 0.7291
vn -0.3725 0.5353 0.7581
vn -0.4445 0.5786 0.6838
vn -0.4358 0.5706 0.6961
vn -0.3381 0.5315 0.7766
vn -0.4355 0.5706 0.6962
vn -0.3381 0.5316 0.7766
vn -0.4359 0.5705 0.6961
vn -0.4140 0.5679 0.7114
vn -0.2792 0.5426 0.7922
vn -0.3383 0.5314 0.7766
vn -0.4136 0.5683 0.7113
vn -0.2788 0.5429 0.7922
vn -0.4139 0.5681 0.7113
vn -0.3677 0.5833 0.7243
vn -0.2260 0.5420 0.8094
vn -0.2791 0.5428 0.7921
vn -0.3673 0.5835 0.7243
vn -0.3674 0.5834 0.7243
vn -0.3183 0.5890 0.7428
vn -0.2054 0.5131 0.8334
vn -0.2262 0.5418 0.8095
vn -0.3181 0.5890 0.7429
vn -0.2057 0.5130 0.8334
vn -0.3181 0.5890 0.7428
vn -0.2916 0.5646 0.7721
vn -0.2131 0.4613 0.8613
vn -0.2056 0.5130 0.8334
vn -0.2917 0.5645 0.7721
vn -0.2134 0.4612 0.8613
vn -0.2915 0.5648 0.7720
vn -0.2915 0.5154 0.8058
vn -0.2366 0.3930 0.8886
vn -0.2133 0.4612 0.8613
vn -0.2916 0.5154 0.8058
vn -0.2369 0.3929 0.8885
vn -0.2911 0.5158 0.8057
vn -0.3263 0.4433 0.8349
vn -0.2825 0.3093 0.9080
vn -0.2369 0.3928 0.8886
vn -0.3192 0.4503 0.8339
vn -0.2823 0.3094 0.9081
vn -0.3191 0.4503 0.8339
vn -0.3744 0.3707 0.8499
vn -0.3497 0.2149 0.9119
vn -0.3742 0.3711 0.8499
vn -0.3496 0.2150 0.9119
vn -0.3745 0.3706 0.8499
vn -0.4400 0.2782 0.8538
vn -0.4088 0.1305 0.9032
vn -0.4399 0.2784 0.8538
vn -0.4088 0.1306 0.9032
vn -0.4401 0.2782 0.8538
vn -0.4903 0.1918 0.8502
vn -0.4446 0.0760 0.8925
vn -0.4903 0.1915 0.8502
vn -0.4448 0.0758 0.8924
vn -0.4904 0.1917 0.8501
vn -0.5324 0.1326 0.8360
vn -0.4882 0.0384 0.8719
vn -0.4448 0.0760 0.8924
vn -0.5324 0.1325 0.8361
vn -0.4882 0.0381 0.8719
vn -0.5322 0.1326 0.8361
vn -0.5919 0.0847 0.8015
vn -0.5509 0.0028 0.8346
vn -0.4882 0.0386 0.8719
vn -0.5901 0.0911 0.8022
vn -0.5508 0.0025 0.8346
vn -0.5899 0.0912 0.8023
vn -0.6479 0.0551 0.7597
vn -0.6074 -0.0294 0.7938
vn -0.5508 0.0029 0.8347
vn -0.6479 0.0548 0.7597
vn -0.6074 -0.0296 0.7938
vn -0.6478 0.0555 0.7598
vn -0.6745 0.0219 0.7380
vn -0.6465 -0.0522 0.7611
vn -0.6076 -0.0295 0.7937
vn -0.6745 0.0221 0.7379
vn -0.6465 -0.0529 0.7611
vn -0.6745 0.0222 0.7379
vn -0.6841 -0.0074 0.7293
vn -0.5981 -0.1015 0.7950
vn -0.5417 -0.0739 0.8373
vn -0.6076 -0.0296 0.7937
vn -0.5981 -0.1019 0.7949
vn -0.6076 -0.0292 0.7937
vn -0.6466 -0.0526 0.7610
vn -0.5465 -0.1515 0.8237
vn -0.4858 -0.1090 0.8672
vn -0.5419 -0.0741 0.8371
vn -0.5464 -0.1513 0.8237
vn -0.5982 -0.1020 0.7949
vn -0.4907 -0.2076 0.8462
vn -0.4307 -0.1443 0.8909
vn -0.4859 -0.1089 0.8672
vn -0.4859 -0.1086 0.8673
vn -0.5466 -0.1518 0.8236
vn -0.4253 -0.2694 0.8640
vn -0.4309 -0.1439 0.8909
vn -0.4254 -0.2690 0.8641
vn -0.4308 -0.1437 0.8909
vn -0.4908 -0.2077 0.8462
vn -0.3503 -0.3296 0.8767
vn -0.2944 -0.2458 0.9235
vn -0.3673 -0.1907 0.9104
vn -0.3502 -0.3293 0.8769
vn -0.3672 -0.1907 0.9104
vn -0.4256 -0.2692 0.8639
vn -0.2654 -0.3874 0.8829
vn -0.2136 -0.3020 0.9291
vn -0.2946 -0.2458 0.9235
vn -0.2655 -0.3871 0.8830
vn -0.2946 -0.2460 0.9234
vn -0.3504 -0.3292 0.8769
vn -0.1699 -0.4436 0.8800
vn -0.1240 -0.3575 0.9256
vn -0.2137 -0.3020 0.9290
vn -0.1699 -0.4433 0.8801
vn -0.2138 -0.3021 0.9290
vn -0.0710 -0.4940 0.8666
vn -0.0318 -0.4080 0.9124
vn -0.1243 -0.3574 0.9256
vn -0.0711 -0.4936 0.8668
vn -0.1242 -0.3579 0.9255
vn -0.1699 -0.4434 0.8801
vn 0.0234 -0.5350 0.8445
vn 0.0563 -0.4515 0.8905
vn 0.0234 -0.5349 0.8446
vn -0.0319 -0.4085 0.9122
vn -0.0709 -0.4939 0.8666
vn 0.1123 -0.5681 0.8153
vn 0.1401 -0.4879 0.8616
vn 0.0562 -0.4514 0.8906
vn 0.1123 -0.5682 0.8152
vn 0.0563 -0.4516 0.8904
vn 0.0233 -0.5350 0.8446
vn 0.1975 -0.5947 0.7793
vn 0.2210 -0.5191 0.8256
vn 0.1975 -0.5948 0.7792
vn 0.1400 -0.4880 0.8616
vn 0.2773 -0.6143 0.7387
vn 0.2980 -0.5443 0.7842
vn 0.2209 -0.5189 0.8258
vn 0.2770 -0.6146 0.7386
vn 0.2210 -0.5189 0.8258
vn 0.1974 -0.5945 0.7795
vn 0.3496 -0.6282 0.6951
vn 0.3697 -0.5641 0.7384
vn 0.2978 -0.5442 0.7843
vn 0.3494 -0.6286 0.6948
vn 0.2771 -0.6144 0.7387
vn 0.4133 -0.6372 0.6505
vn 0.4367 -0.5806 0.6871
vn 0.3696 -0.5638 0.7386
vn 0.3695 -0.5642 0.7384
vn 0.3495 -0.6284 0.6949
vn -0.8290 -0.0523 -0.5569
vn -0.7866 -0.1378 -0.6018
vn -0.8321 -0.1775 -0.5255
vn -0.8290 -0.0526 -0.5568
vn -0.8320 -0.1775 -0.5256
vn -0.8708 -0.0856 -0.4841
vn -0.7867 -0.1378 -0.6017
vn -0.7368 -0.2052 -0.6442
vn -0.7846 -0.2497 -0.5675
vn -0.7867 -0.1379 -0.6018
vn -0.7845 -0.2496 -0.5677
vn -0.8319 -0.1773 -0.5259
vn -0.7369 -0.2052 -0.6441
vn -0.6774 -0.2664 -0.6857
vn -0.7263 -0.3189 -0.6090
vn -0.7261 -0.3183 -0.6095
vn -0.7844 -0.2493 -0.5679
vn -0.6773 -0.2667 -0.6856
vn -0.6067 -0.3266 -0.7247
vn -0.6560 -0.3877 -0.6476
vn -0.6772 -0.2665 -0.6859
vn -0.6557 -0.3877 -0.6478
vn -0.7261 -0.3186 -0.6093
vn -0.6067 -0.3269 -0.7246
vn -0.5248 -0.3858 -0.7588
vn -0.5720 -0.4556 -0.6821
vn -0.6066 -0.3267 -0.7248
vn -0.5722 -0.4556 -0.6819
vn -0.6557 -0.3877 -0.6479
vn -0.5250 -0.3860 -0.7586
vn -0.4298 -0.4440 -0.7862
vn -0.4732 -0.5214 -0.7101
vn -0.5249 -0.3859 -0.7587
vn -0.4733 -0.5216 -0.7099
vn -0.5720 -0.4557 -0.6820
vn -0.4295 -0.4441 -0.7863
vn -0.3240 -0.4978 -0.8045
vn -0.3620 -0.5806 -0.7293
vn -0.4298 -0.4442 -0.7861
vn -0.3618 -0.5805 -0.7295
vn -0.4731 -0.5215 -0.7100
vn -0.3235 -0.4978 -0.8047
vn -0.2150 -0.5428 -0.8119
vn -0.2460 -0.6277 -0.7386
vn -0.3236 -0.4978 -0.8046
vn -0.2458 -0.6277 -0.7387
vn -0.3617 -0.5806 -0.7294
vn -0.2146 -0.5427 -0.8121
vn -0.1100 -0.5773 -0.8091
vn -0.1330 -0.6620 -0.7377
vn -0.2147 -0.5429 -0.8119
vn -0.1330 -0.6621 -0.7375
vn -0.2460 -0.6279 -0.7384
vn -0.1099 -0.5776 -0.8089
vn -0.0121 -0.6021 -0.7983
vn -0.0267 -0.6847 -0.7284
vn -0.1099 -0.5774 -0.8090
vn -0.0266 -0.6846 -0.7285
vn -0.1330 -0.6622 -0.7374
vn -0.0122 -0.6023 -0.7982
vn 0.0804 -0.6195 -0.7809
vn 0.0747 -0.6974 -0.7128
vn -0.0126 -0.6024 -0.7981
vn -0.0263 -0.6847 -0.7283
vn 0.0803 -0.6195 -0.7809
vn 0.1681 -0.6301 -0.7581
vn 0.1713 -0.7017 -0.6916
vn 0.0803 -0.6196 -0.7808
vn 0.1714 -0.7017 -0.6916
vn 0.0750 -0.6973 -0.7128
vn 0.1682 -0.6302 -0.7580
vn 0.2505 -0.6347 -0.7310
vn 0.2637 -0.6970 -0.6668
vn 0.1684 -0.6301 -0.7580
vn 0.2635 -0.6970 -0.6669
vn 0.1717 -0.7016 -0.6916
vn 0.2504 -0.6347 -0.7311
vn 0.3289 -0.6323 -0.7014
vn 0.3508 -0.6822 -0.6415
vn 0.3507 -0.6821 -0.6417
vn 0.2636 -0.6970 -0.6669
vn -0.8708 -0.0858 -0.4840
vn -0.8320 -0.1773 -0.5256
vn -0.8743 -0.2031 -0.4409
vn -0.8709 -0.0859 -0.4839
vn -0.8742 -0.2031 -0.4411
vn -0.9081 -0.1085 -0.4044
vn -0.8320 -0.1772 -0.5258
vn -0.7847 -0.2493 -0.5676
vn -0.8297 -0.2845 -0.4802
vn -0.8320 -0.1773 -0.5257
vn -0.8297 -0.2848 -0.4802
vn -0.8743 -0.2034 -0.4407
vn -0.7846 -0.2492 -0.5678
vn -0.7263 -0.3184 -0.6092
vn -0.7727 -0.3650 -0.5194
vn -0.7847 -0.2495 -0.5674
vn -0.7725 -0.3647 -0.5198
vn -0.8296 -0.2846 -0.4803
vn -0.7264 -0.3186 -0.6090
vn -0.6559 -0.3875 -0.6479
vn -0.7018 -0.4442 -0.5569
vn -0.7263 -0.3186 -0.6091
vn -0.7017 -0.4443 -0.5570
vn -0.7725 -0.3648 -0.5198
vn -0.6558 -0.3878 -0.6478
vn -0.5721 -0.4556 -0.6819
vn -0.6159 -0.5218 -0.5902
vn -0.6558 -0.3876 -0.6479
vn -0.6157 -0.5217 -0.5906
vn -0.7016 -0.4443 -0.5571
vn -0.5723 -0.4558 -0.6817
vn -0.4733 -0.5214 -0.7100
vn -0.5133 -0.5951 -0.6183
vn -0.5135 -0.5952 -0.6181
vn -0.6156 -0.5219 -0.5905
vn -0.4733 -0.5215 -0.7099
vn -0.3619 -0.5805 -0.7294
vn -0.3968 -0.6595 -0.6384
vn -0.4734 -0.5215 -0.7099
vn -0.3967 -0.6595 -0.6385
vn -0.5132 -0.5952 -0.6184
vn -0.3615 -0.5805 -0.7296
vn -0.2745 -0.7093 -0.6493
vn -0.3615 -0.5806 -0.7296
vn -0.2742 -0.7093 -0.6494
vn -0.3967 -0.6596 -0.6384
vn -0.2456 -0.6279 -0.7386
vn -0.1331 -0.6621 -0.7375
vn -0.1533 -0.7434 -0.6510
vn -0.2457 -0.6278 -0.7385
vn -0.1535 -0.7434 -0.6510
vn -0.2745 -0.7094 -0.6492
vn -0.0264 -0.6846 -0.7284
vn -0.0373 -0.7636 -0.6446
vn -0.1331 -0.6622 -0.7375
vn -0.0275 -0.7606 -0.6487
vn -0.1534 -0.7436 -0.6508
vn -0.0267 -0.6848 -0.7282
vn 0.0745 -0.6975 -0.7127
vn 0.0732 -0.7717 -0.6318
vn -0.0266 -0.6847 -0.7283
vn 0.0731 -0.7717 -0.6318
vn -0.0368 -0.7636 -0.6446
vn 0.0748 -0.6975 -0.7127
vn 0.1794 -0.7686 -0.6141
vn 0.0748 -0.6974 -0.7127
vn 0.1792 -0.7687 -0.6140
vn 0.0734 -0.7717 -0.6317
vn 0.1714 -0.7017 -0.6915
vn 0.2638 -0.6970 -0.6668
vn 0.2802 -0.7544 -0.5936
vn 0.1718 -0.7015 -0.6917
vn 0.2800 -0.7546 -0.5934
vn 0.1796 -0.7686 -0.6139
vn 0.2636 -0.6969 -0.6669
vn 0.3505 -0.6823 -0.6416
vn 0.3736 -0.7293 -0.5733
vn 0.2636 -0.6969 -0.6670
vn 0.3737 -0.7292 -0.5733
vn 0.2801 -0.7546 -0.5934
vn -0.9083 -0.1086 -0.4041
vn -0.9108 -0.2230 -0.3473
vn -0.9082 -0.1086 -0.4042
vn -0.9108 -0.2229 -0.3475
vn -0.9408 -0.1255 -0.3150
vn -0.8744 -0.2033 -0.4406
vn -0.8298 -0.2845 -0.4801
vn -0.8689 -0.3138 -0.3828
vn -0.8742 -0.2032 -0.4409
vn -0.8689 -0.3137 -0.3829
vn -0.9108 -0.2234 -0.3471
vn -0.8297 -0.2842 -0.4805
vn -0.7727 -0.3646 -0.5196
vn -0.8131 -0.4049 -0.4183
vn -0.8130 -0.4050 -0.4184
vn -0.8690 -0.3142 -0.3823
vn -0.7726 -0.3645 -0.5198
vn -0.7019 -0.4440 -0.5570
vn -0.7418 -0.4948 -0.4526
vn -0.7726 -0.3648 -0.5196
vn -0.7419 -0.4948 -0.4525
vn -0.8130 -0.4049 -0.4183
vn -0.7018 -0.4442 -0.5570
vn -0.6159 -0.5217 -0.5904
vn -0.6540 -0.5819 -0.4834
vn -0.7019 -0.4443 -0.5567
vn -0.6537 -0.5818 -0.4840
vn -0.7418 -0.4947 -0.4527
vn -0.6159 -0.5219 -0.5902
vn -0.5133 -0.5951 -0.6184
vn -0.5480 -0.6626 -0.5106
vn -0.5480 -0.6626 -0.5105
vn -0.6537 -0.5819 -0.4837
vn -0.5134 -0.5951 -0.6182
vn -0.3968 -0.6594 -0.6385
vn -0.4270 -0.7320 -0.5309
vn -0.4269 -0.7320 -0.5310
vn -0.5477 -0.6626 -0.5108
vn -0.3966 -0.6595 -0.6386
vn -0.2745 -0.7093 -0.6492
vn -0.2989 -0.7842 -0.5438
vn -0.2987 -0.7842 -0.5439
vn -0.4269 -0.7319 -0.5311
vn -0.2740 -0.7093 -0.6495
vn -0.1534 -0.7435 -0.6510
vn -0.1705 -0.8185 -0.5486
vn -0.1704 -0.8184 -0.5487
vn -0.2990 -0.7842 -0.5438
vn -0.0374 -0.7637 -0.6445
vn -0.0452 -0.8363 -0.5464
vn -0.1537 -0.7435 -0.6508
vn -0.0451 -0.8363 -0.5464
vn -0.1706 -0.8185 -0.5486
vn -0.0372 -0.7637 -0.6446
vn 0.0733 -0.7717 -0.6318
vn 0.0748 -0.8396 -0.5381
vn -0.0373 -0.7637 -0.6445
vn 0.0749 -0.8395 -0.5382
vn -0.0449 -0.8364 -0.5463
vn 0.0733 -0.7719 -0.6315
vn 0.1797 -0.7686 -0.6140
vn 0.1895 -0.8295 -0.5253
vn 0.0733 -0.7717 -0.6317
vn 0.1893 -0.8295 -0.5254
vn 0.0749 -0.8396 -0.5381
vn 0.1796 -0.7687 -0.6139
vn 0.2801 -0.7545 -0.5935
vn 0.2974 -0.8071 -0.5101
vn 0.1796 -0.7686 -0.6140
vn 0.2972 -0.8071 -0.5102
vn 0.1897 -0.8296 -0.5252
vn 0.3733 -0.7294 -0.5732
vn 0.3868 -0.7778 -0.4954
vn 0.2799 -0.7546 -0.5935
vn 0.3960 -0.7734 -0.4951
vn 0.2969 -0.8073 -0.5100
vn -0.9407 -0.1250 -0.3153
vn -0.9109 -0.2231 -0.3472
vn -0.9394 -0.2387 -0.2461
vn -0.9408 -0.1249 -0.3152
vn -0.9394 -0.2390 -0.2456
vn -0.9662 -0.1373 -0.2181
vn -0.9109 -0.2229 -0.3474
vn -0.8690 -0.3139 -0.3825
vn -0.8998 -0.3380 -0.2758
vn -0.9108 -0.2230 -0.3474
vn -0.8998 -0.3383 -0.2756
vn -0.9394 -0.2392 -0.2456
vn -0.8690 -0.3141 -0.3824
vn -0.8131 -0.4048 -0.4183
vn -0.8451 -0.4383 -0.3062
vn -0.8691 -0.3138 -0.3824
vn -0.8451 -0.4381 -0.3063
vn -0.8132 -0.4047 -0.4183
vn -0.7419 -0.4948 -0.4526
vn -0.7735 -0.5376 -0.3357
vn -0.8131 -0.4049 -0.4182
vn -0.7736 -0.5375 -0.3356
vn -0.8450 -0.4384 -0.3061
vn -0.7418 -0.4946 -0.4529
vn -0.6538 -0.5818 -0.4838
vn -0.6835 -0.6331 -0.3633
vn -0.7419 -0.4948 -0.4524
vn -0.6835 -0.6332 -0.3632
vn -0.7736 -0.5377 -0.3353
vn -0.6539 -0.5817 -0.4838
vn -0.5478 -0.6628 -0.5106
vn -0.5748 -0.7207 -0.3876
vn -0.6537 -0.5818 -0.4839
vn -0.5749 -0.7205 -0.3877
vn -0.6834 -0.6332 -0.3634
vn -0.5481 -0.6626 -0.5104
vn -0.4268 -0.7320 -0.5311
vn -0.4504 -0.7942 -0.4079
vn -0.5481 -0.6626 -0.5105
vn -0.4505 -0.7944 -0.4075
vn -0.5749 -0.7206 -0.3877
vn -0.4267 -0.7320 -0.5311
vn -0.2989 -0.7842 -0.5437
vn -0.3181 -0.8488 -0.4224
vn -0.3179 -0.8489 -0.4224
vn -0.2989 -0.7841 -0.5440
vn -0.1704 -0.8184 -0.5488
vn -0.1834 -0.8835 -0.4309
vn -0.2987 -0.7841 -0.5440
vn -0.1832 -0.8835 -0.4311
vn -0.3182 -0.8487 -0.4224
vn -0.0500 -0.8995 -0.4341
vn -0.1705 -0.8186 -0.5485
vn -0.0498 -0.8995 -0.4341
vn -0.1833 -0.8835 -0.4311
vn -0.0450 -0.8364 -0.5463
vn 0.0752 -0.8394 -0.5382
vn 0.0787 -0.8985 -0.4319
vn -0.0450 -0.8364 -0.5462
vn 0.0783 -0.8985 -0.4319
vn -0.0498 -0.8996 -0.4339
vn 0.0748 -0.8396 -0.5380
vn 0.1896 -0.8296 -0.5253
vn 0.2001 -0.8825 -0.4256
vn 0.0753 -0.8396 -0.5380
vn 0.1999 -0.8826 -0.4254
vn 0.0787 -0.8985 -0.4318
vn 0.1894 -0.8297 -0.5251
vn 0.2972 -0.8071 -0.5101
vn 0.3134 -0.8534 -0.4166
vn 0.1895 -0.8296 -0.5252
vn 0.3136 -0.8533 -0.4167
vn 0.2001 -0.8827 -0.4252
vn 0.2971 -0.8073 -0.5100
vn 0.3955 -0.7737 -0.4950
vn 0.4163 -0.8130 -0.4071
vn 0.2969 -0.8072 -0.5101
vn 0.4168 -0.8127 -0.4072
vn 0.3132 -0.8535 -0.4165
vn -0.9662 -0.1371 -0.2184
vn -0.9395 -0.2388 -0.2457
vn -0.9584 -0.2509 -0.1363
vn -0.9662 -0.1371 -0.2183
vn -0.9583 -0.2514 -0.1359
vn -0.9825 -0.1462 -0.1154
vn -0.9395 -0.2388 -0.2458
vn -0.8999 -0.3382 -0.2755
vn -0.9204 -0.3570 -0.1592
vn -0.9204 -0.3571 -0.1592
vn -0.9583 -0.2511 -0.1361
vn -0.8999 -0.3379 -0.2756
vn -0.8451 -0.4383 -0.3061
vn -0.8665 -0.4644 -0.1833
vn -0.8999 -0.3381 -0.2756
vn -0.8664 -0.4645 -0.1830
vn -0.9205 -0.3569 -0.1593
vn -0.8452 -0.4382 -0.3059
vn -0.7735 -0.5377 -0.3356
vn -0.7944 -0.5709 -0.2071
vn -0.8451 -0.4382 -0.3061
vn -0.7944 -0.5712 -0.2068
vn -0.8665 -0.4645 -0.1831
vn -0.7735 -0.5375 -0.3357
vn -0.6834 -0.6334 -0.3630
vn -0.7028 -0.6732 -0.2300
vn -0.7028 -0.6731 -0.2301
vn -0.7944 -0.5710 -0.2069
vn -0.6833 -0.6333 -0.3633
vn -0.5919 -0.7658 -0.2515
vn -0.6835 -0.6333 -0.3631
vn -0.5920 -0.7657 -0.2516
vn -0.7028 -0.6733 -0.2297
vn -0.5749 -0.7205 -0.3876
vn -0.4503 -0.7944 -0.4076
vn -0.4653 -0.8427 -0.2707
vn -0.5750 -0.7206 -0.3875
vn -0.4654 -0.8427 -0.2707
vn -0.5921 -0.7656 -0.2516
vn -0.4504 -0.7942 -0.4078
vn -0.3180 -0.8489 -0.4222
vn -0.3303 -0.8992 -0.2869
vn -0.4502 -0.7943 -0.4079
vn -0.4654 -0.8427 -0.2708
vn -0.3179 -0.8488 -0.4225
vn -0.1836 -0.8835 -0.4310
vn -0.1912 -0.9349 -0.2991
vn -0.3182 -0.8487 -0.4223
vn -0.1965 -0.9342 -0.2976
vn -0.3304 -0.8991 -0.2871
vn -0.1833 -0.8834 -0.4312
vn -0.0495 -0.8995 -0.4342
vn -0.0512 -0.9500 -0.3080
vn -0.0514 -0.9500 -0.3079
vn -0.1912 -0.9347 -0.2995
vn -0.0499 -0.8995 -0.4340
vn 0.0788 -0.8985 -0.4319
vn 0.0833 -0.9462 -0.3126
vn -0.0496 -0.8995 -0.4340
vn -0.0512 -0.9500 -0.3082
vn 0.0782 -0.8986 -0.4317
vn 0.2000 -0.8826 -0.4254
vn 0.2107 -0.9258 -0.3139
vn 0.0786 -0.8986 -0.4317
vn 0.2105 -0.9259 -0.3138
vn 0.0836 -0.9462 -0.3126
vn 0.2002 -0.8827 -0.4252
vn 0.3131 -0.8535 -0.4166
vn 0.3281 -0.8915 -0.3125
vn 0.2003 -0.8827 -0.4251
vn 0.3282 -0.8914 -0.3125
vn 0.2104 -0.9259 -0.3137
vn 0.3137 -0.8533 -0.4164
vn 0.4161 -0.8130 -0.4072
vn 0.4346 -0.8456 -0.3099
vn 0.4347 -0.8455 -0.3100
vn 0.3280 -0.8916 -0.3124
vn -0.9825 -0.1461 -0.1152
vn -0.9584 -0.2509 -0.1360
vn -0.9654 -0.2602 -0.0184
vn -0.9825 -0.1460 -0.1153
vn -0.9654 -0.2601 -0.0184
vn -0.9882 -0.1528 -0.0062
vn -0.9584 -0.2511 -0.1359
vn -0.9205 -0.3567 -0.1593
vn -0.9286 -0.3696 -0.0332
vn -0.9584 -0.2510 -0.1361
vn -0.9286 -0.3695 -0.0333
vn -0.9655 -0.2599 -0.0185
vn -0.9205 -0.3568 -0.1591
vn -0.8666 -0.4643 -0.1831
vn -0.8750 -0.4814 -0.0506
vn -0.8749 -0.4817 -0.0505
vn -0.9287 -0.3693 -0.0334
vn -0.8665 -0.4644 -0.1831
vn -0.7944 -0.5710 -0.2071
vn -0.8024 -0.5928 -0.0684
vn -0.8025 -0.5927 -0.0684
vn -0.7944 -0.5711 -0.2071
vn -0.7033 -0.6708 -0.2352
vn -0.7100 -0.6988 -0.0871
vn -0.7099 -0.6989 -0.0869
vn -0.8025 -0.5927 -0.0687
vn -0.7026 -0.6734 -0.2300
vn -0.5982 -0.7943 -0.1060
vn -0.5983 -0.7942 -0.1060
vn -0.4653 -0.8428 -0.2706
vn -0.4707 -0.8735 -0.1241
vn -0.5919 -0.7658 -0.2514
vn -0.4707 -0.8735 -0.1243
vn -0.5981 -0.7944 -0.1058
vn -0.4653 -0.8427 -0.2708
vn -0.3304 -0.8992 -0.2869
vn -0.3343 -0.9318 -0.1411
vn -0.3342 -0.9319 -0.1411
vn -0.4706 -0.8736 -0.1240
vn -0.3303 -0.8992 -0.2871
vn -0.1909 -0.9349 -0.2993
vn -0.1925 -0.9688 -0.1562
vn -0.1926 -0.9688 -0.1563
vn -0.3343 -0.9319 -0.1411
vn -0.1912 -0.9347 -0.2996
vn -0.0490 -0.9843 -0.1696
vn -0.1911 -0.9348 -0.2995
vn -0.0489 -0.9843 -0.1696
vn -0.1925 -0.9687 -0.1564
vn -0.0512 -0.9500 -0.3081
vn 0.0833 -0.9462 -0.3127
vn 0.0896 -0.9794 -0.1809
vn -0.0510 -0.9500 -0.3081
vn 0.0898 -0.9794 -0.1808
vn -0.0487 -0.9843 -0.1698
vn 0.0832 -0.9462 -0.3126
vn 0.2204 -0.9568 -0.1896
vn 0.0834 -0.9462 -0.3126
vn 0.2205 -0.9568 -0.1893
vn 0.2108 -0.9259 -0.3135
vn 0.3280 -0.8916 -0.3123
vn 0.3410 -0.9194 -0.1961
vn 0.2103 -0.9260 -0.3136
vn 0.3412 -0.9193 -0.1960
vn 0.2201 -0.9569 -0.1895
vn 0.3281 -0.8916 -0.3121
vn 0.4348 -0.8456 -0.3098
vn 0.4499 -0.8702 -0.2011
vn 0.3281 -0.8916 -0.3122
vn 0.4498 -0.8702 -0.2011
vn 0.3410 -0.9194 -0.1959
vn -0.9882 -0.1531 -0.0060
vn -0.9654 -0.2600 -0.0183
vn -0.9585 -0.2652 0.1043
vn -0.9882 -0.1530 -0.0061
vn -0.9585 -0.2653 0.1043
vn -0.9816 -0.1559 0.1099
vn -0.9654 -0.2603 -0.0181
vn -0.9288 -0.3692 -0.0334
vn -0.9219 -0.3746 0.0984
vn -0.9654 -0.2600 -0.0184
vn -0.9221 -0.3743 0.0984
vn -0.9585 -0.2652 0.1044
vn -0.9287 -0.3694 -0.0331
vn -0.8687 -0.4874 0.0887
vn -0.9287 -0.3693 -0.0332
vn -0.8688 -0.4872 0.0887
vn -0.9220 -0.3744 0.0984
vn -0.8750 -0.4816 -0.0505
vn -0.8025 -0.5927 -0.0688
vn -0.7965 -0.5999 0.0759
vn -0.8749 -0.4816 -0.0506
vn -0.7965 -0.5999 0.0757
vn -0.8688 -0.4871 0.0886
vn -0.8024 -0.5929 -0.0687
vn -0.7041 -0.7075 0.0608
vn -0.8024 -0.5928 -0.0687
vn -0.7042 -0.7074 0.0608
vn -0.7965 -0.5999 0.0756
vn -0.7099 -0.6989 -0.0873
vn -0.5983 -0.7942 -0.1059
vn -0.5927 -0.8042 0.0446
vn -0.7097 -0.6990 -0.0872
vn -0.5927 -0.8042 0.0445
vn -0.5981 -0.7944 -0.1059
vn -0.4709 -0.8734 -0.1241
vn -0.4656 -0.8846 0.0274
vn -0.5981 -0.7944 -0.1057
vn -0.4707 -0.8735 -0.1240
vn -0.3346 -0.9318 -0.1409
vn -0.3290 -0.9443 0.0103
vn -0.4709 -0.8734 -0.1240
vn -0.3291 -0.9442 0.0103
vn -0.4655 -0.8846 0.0275
vn -0.3345 -0.9318 -0.1409
vn -0.1927 -0.9687 -0.1563
vn -0.1868 -0.9824 -0.0065
vn -0.3344 -0.9318 -0.1411
vn -0.1867 -0.9824 -0.0065
vn -0.3288 -0.9443 0.0106
vn -0.1924 -0.9688 -0.1564
vn -0.0490 -0.9843 -0.1698
vn -0.0421 -0.9988 -0.0234
vn -0.1923 -0.9688 -0.1565
vn -0.1867 -0.9824 -0.0066
vn -0.0488 -0.9842 -0.1699
vn 0.0896 -0.9794 -0.1810
vn 0.0977 -0.9944 -0.0396
vn -0.0490 -0.9842 -0.1700
vn 0.0978 -0.9944 -0.0394
vn -0.0422 -0.9988 -0.0236
vn 0.0898 -0.9794 -0.1809
vn 0.2204 -0.9568 -0.1895
vn 0.2298 -0.9717 -0.0546
vn 0.0893 -0.9794 -0.1809
vn 0.2298 -0.9717 -0.0544
vn 0.0975 -0.9944 -0.0396
vn 0.3411 -0.9194 -0.1959
vn 0.3515 -0.9337 -0.0682
vn 0.2203 -0.9569 -0.1893
vn 0.3515 -0.9337 -0.0681
vn 0.2298 -0.9717 -0.0545
vn 0.3410 -0.9194 -0.1958
vn 0.4500 -0.8702 -0.2008
vn 0.4619 -0.8833 -0.0801
vn 0.3409 -0.9195 -0.1958
vn 0.4616 -0.8835 -0.0801
vn -0.9816 -0.1559 0.1103
vn -0.9585 -0.2654 0.1045
vn -0.9380 -0.2643 0.2242
vn -0.9816 -0.1560 0.1104
vn -0.9381 -0.2641 0.2241
vn -0.9619 -0.1532 0.2264
vn -0.9586 -0.2650 0.1045
vn -0.9220 -0.3744 0.0985
vn -0.9004 -0.3724 0.2248
vn -0.9584 -0.2654 0.1047
vn -0.9006 -0.3721 0.2249
vn -0.9221 -0.3743 0.0985
vn -0.8687 -0.4872 0.0887
vn -0.8476 -0.4812 0.2239
vn -0.9220 -0.3744 0.0987
vn -0.8476 -0.4811 0.2239
vn -0.9003 -0.3725 0.2251
vn -0.8688 -0.4871 0.0885
vn -0.7765 -0.5915 0.2175
vn -0.8687 -0.4873 0.0886
vn -0.7764 -0.5915 0.2176
vn -0.8475 -0.4813 0.2240
vn -0.7965 -0.5999 0.0754
vn -0.6856 -0.6980 0.2069
vn -0.7964 -0.6000 0.0756
vn -0.6854 -0.6981 0.2070
vn -0.7763 -0.5916 0.2174
vn -0.7042 -0.7074 0.0607
vn -0.5928 -0.8041 0.0446
vn -0.5755 -0.7946 0.1935
vn -0.6853 -0.6982 0.2068
vn -0.5928 -0.8041 0.0447
vn -0.4657 -0.8845 0.0274
vn -0.4497 -0.8753 0.1778
vn -0.5755 -0.7946 0.1933
vn -0.4657 -0.8845 0.0276
vn -0.3291 -0.9442 0.0104
vn -0.3143 -0.9356 0.1607
vn -0.4656 -0.8845 0.0275
vn -0.3144 -0.9356 0.1608
vn -0.4496 -0.8754 0.1778
vn -0.1866 -0.9824 -0.0067
vn -0.1732 -0.9745 0.1427
vn -0.3292 -0.9442 0.0104
vn -0.3142 -0.9356 0.1610
vn -0.1865 -0.9824 -0.0066
vn -0.0420 -0.9988 -0.0235
vn -0.0303 -0.9920 0.1229
vn -0.1867 -0.9824 -0.0068
vn -0.0304 -0.9920 0.1228
vn -0.1731 -0.9745 0.1428
vn -0.0419 -0.9988 -0.0235
vn 0.0980 -0.9944 -0.0396
vn 0.1080 -0.9889 0.1025
vn -0.0421 -0.9988 -0.0237
vn 0.1076 -0.9889 0.1023
vn -0.0303 -0.9920 0.1230
vn 0.0980 -0.9944 -0.0394
vn 0.2300 -0.9717 -0.0542
vn 0.2382 -0.9678 0.0817
vn 0.0976 -0.9944 -0.0399
vn 0.2381 -0.9678 0.0817
vn 0.1079 -0.9889 0.1025
vn 0.2297 -0.9717 -0.0543
vn 0.3516 -0.9337 -0.0679
vn 0.3591 -0.9312 0.0620
vn 0.2296 -0.9718 -0.0543
vn 0.3590 -0.9313 0.0618
vn 0.2383 -0.9677 0.0819
vn 0.3515 -0.9337 -0.0679
vn 0.4621 -0.8832 -0.0799
vn 0.4690 -0.8821 0.0439
vn 0.3514 -0.9337 -0.0680
vn 0.4688 -0.8822 0.0438
vn 0.3592 -0.9312 0.0620
vn -0.9620 -0.1527 0.2264
vn -0.9381 -0.2642 0.2242
vn -0.9069 -0.2559 0.3348
vn -0.9618 -0.1532 0.2267
vn -0.9069 -0.2559 0.3347
vn -0.9321 -0.1455 0.3318
vn -0.9381 -0.2639 0.2243
vn -0.9005 -0.3722 0.2250
vn -0.8677 -0.3624 0.3401
vn -0.9380 -0.2643 0.2244
vn -0.8679 -0.3622 0.3399
vn -0.9068 -0.2561 0.3349
vn -0.9005 -0.3721 0.2250
vn -0.8138 -0.4669 0.3460
vn -0.9003 -0.3724 0.2252
vn -0.8137 -0.4669 0.3462
vn -0.8677 -0.3624 0.3402
vn -0.8476 -0.4811 0.2238
vn -0.7766 -0.5913 0.2175
vn -0.7438 -0.5702 0.3488
vn -0.8137 -0.4670 0.3461
vn -0.7764 -0.5915 0.2173
vn -0.6856 -0.6980 0.2070
vn -0.6552 -0.6723 0.3447
vn -0.7766 -0.5914 0.2173
vn -0.6550 -0.6726 0.3445
vn -0.7440 -0.5701 0.3486
vn -0.6854 -0.6982 0.2068
vn -0.5756 -0.7945 0.1935
vn -0.5475 -0.7669 0.3350
vn -0.6855 -0.6981 0.2068
vn -0.5476 -0.7667 0.3351
vn -0.6553 -0.6723 0.3444
vn -0.5757 -0.7944 0.1935
vn -0.4497 -0.8753 0.1779
vn -0.4239 -0.8468 0.3212
vn -0.4240 -0.8468 0.3212
vn -0.5478 -0.7667 0.3348
vn -0.4498 -0.8752 0.1779
vn -0.3142 -0.9357 0.1606
vn -0.2911 -0.9070 0.3044
vn -0.4496 -0.8753 0.1778
vn -0.2909 -0.9071 0.3043
vn -0.1731 -0.9745 0.1426
vn -0.1533 -0.9464 0.2843
vn -0.1533 -0.9464 0.2844
vn -0.1731 -0.9745 0.1424
vn -0.0301 -0.9920 0.1228
vn -0.0149 -0.9651 0.2614
vn -0.0148 -0.9652 0.2612
vn -0.1533 -0.9463 0.2845
vn -0.0303 -0.9920 0.1226
vn 0.1080 -0.9889 0.1026
vn 0.1188 -0.9644 0.2361
vn 0.1188 -0.9644 0.2362
vn -0.0147 -0.9651 0.2615
vn 0.1076 -0.9889 0.1022
vn 0.2382 -0.9677 0.0820
vn 0.2452 -0.9465 0.2097
vn 0.1078 -0.9889 0.1024
vn 0.1190 -0.9644 0.2362
vn 0.2379 -0.9678 0.0818
vn 0.3589 -0.9313 0.0621
vn 0.3636 -0.9132 0.1840
vn 0.2380 -0.9678 0.0819
vn 0.3634 -0.9133 0.1838
vn 0.2452 -0.9466 0.2096
vn 0.3587 -0.9314 0.0620
vn 0.4691 -0.8820 0.0443
vn 0.4701 -0.8681 0.1595
vn 0.3590 -0.9313 0.0621
vn 0.4698 -0.8683 0.1594
vn -0.9321 -0.1451 0.3319
vn -0.8674 -0.2431 0.4343
vn -0.9321 -0.1454 0.3319
vn -0.8675 -0.2427 0.4343
vn -0.8950 -0.1341 0.4255
vn -0.9069 -0.2555 0.3350
vn -0.8678 -0.3624 0.3400
vn -0.8265 -0.3440 0.4455
vn -0.9068 -0.2559 0.3350
vn -0.8264 -0.3442 0.4456
vn -0.8673 -0.2432 0.4344
vn -0.8678 -0.3622 0.3403
vn -0.7712 -0.4442 0.4560
vn -0.8678 -0.3622 0.3402
vn -0.7710 -0.4445 0.4561
vn -0.8264 -0.3440 0.4457
vn -0.8137 -0.4670 0.3462
vn -0.7439 -0.5701 0.3488
vn -0.7009 -0.5406 0.4653
vn -0.7009 -0.5407 0.4652
vn -0.7711 -0.4443 0.4561
vn -0.7437 -0.5703 0.3486
vn -0.6551 -0.6723 0.3447
vn -0.6149 -0.6342 0.4687
vn -0.7438 -0.5703 0.3486
vn -0.6149 -0.6341 0.4688
vn -0.7011 -0.5404 0.4652
vn -0.6552 -0.6724 0.3444
vn -0.5476 -0.7667 0.3350
vn -0.5107 -0.7235 0.4644
vn -0.6552 -0.6723 0.3445
vn -0.5110 -0.7234 0.4644
vn -0.6151 -0.6342 0.4686
vn -0.5478 -0.7667 0.3349
vn -0.4238 -0.8469 0.3213
vn -0.3903 -0.8015 0.4532
vn -0.5477 -0.7667 0.3349
vn -0.3903 -0.8015 0.4531
vn -0.5111 -0.7234 0.4642
vn -0.4240 -0.8467 0.3213
vn -0.2908 -0.9071 0.3044
vn -0.2609 -0.8610 0.4365
vn -0.4240 -0.8468 0.3213
vn -0.2606 -0.8613 0.4362
vn -0.3904 -0.8015 0.4529
vn -0.1532 -0.9464 0.2843
vn -0.1284 -0.9010 0.4143
vn -0.2908 -0.9070 0.3045
vn -0.1286 -0.9009 0.4146
vn -0.2610 -0.8611 0.4364
vn -0.1531 -0.9464 0.2845
vn -0.0148 -0.9652 0.2611
vn 0.0030 -0.9216 0.3882
vn -0.1532 -0.9464 0.2845
vn 0.0032 -0.9216 0.3881
vn -0.1286 -0.9009 0.4144
vn -0.0146 -0.9652 0.2612
vn 0.1186 -0.9645 0.2360
vn 0.1298 -0.9245 0.3584
vn -0.0147 -0.9651 0.2614
vn 0.1297 -0.9247 0.3580
vn 0.0031 -0.9217 0.3880
vn 0.1188 -0.9645 0.2360
vn 0.2450 -0.9466 0.2097
vn 0.2513 -0.9111 0.3267
vn 0.1189 -0.9645 0.2360
vn 0.2512 -0.9111 0.3267
vn 0.1297 -0.9246 0.3582
vn 0.2448 -0.9467 0.2094
vn 0.3632 -0.9134 0.1840
vn 0.3636 -0.8835 0.2954
vn 0.2451 -0.9466 0.2097
vn 0.3638 -0.8834 0.2955
vn 0.2494 -0.9123 0.3249
vn 0.3630 -0.9135 0.1838
vn 0.4699 -0.8682 0.1597
vn 0.4652 -0.8448 0.2643
vn 0.3634 -0.9133 0.1841
vn 0.4652 -0.8449 0.2642
vn 0.3634 -0.8836 0.2953
vn -0.8950 -0.1337 0.4256
vn -0.8674 -0.2428 0.4344
vn -0.8210 -0.2261 0.5242
vn -0.8950 -0.1339 0.4256
vn -0.8212 -0.2258 0.5241
vn -0.8517 -0.1187 0.5104
vn -0.8673 -0.2427 0.4345
vn -0.8266 -0.3439 0.4456
vn -0.7779 -0.3202 0.5407
vn -0.8674 -0.2426 0.4345
vn -0.7778 -0.3202 0.5408
vn -0.8212 -0.2259 0.5240
vn -0.8264 -0.3441 0.4458
vn -0.7214 -0.4124 0.5564
vn -0.8265 -0.3439 0.4457
vn -0.7211 -0.4126 0.5565
vn -0.7778 -0.3203 0.5408
vn -0.7709 -0.4446 0.4561
vn -0.7009 -0.5408 0.4651
vn -0.6510 -0.5026 0.5689
vn -0.7710 -0.4444 0.4562
vn -0.6511 -0.5022 0.5690
vn -0.7211 -0.4125 0.5566
vn -0.6150 -0.6341 0.4687
vn -0.5670 -0.5875 0.5774
vn -0.7008 -0.5408 0.4652
vn -0.5671 -0.5872 0.5776
vn -0.6509 -0.5024 0.5691
vn -0.6152 -0.6339 0.4687
vn -0.5108 -0.7235 0.4643
vn -0.4672 -0.6687 0.5784
vn -0.6151 -0.6339 0.4689
vn -0.4673 -0.6686 0.5785
vn -0.3902 -0.8014 0.4533
vn -0.3508 -0.7428 0.5703
vn -0.5110 -0.7234 0.4643
vn -0.4672 -0.6689 0.5782
vn -0.3903 -0.8016 0.4529
vn -0.2606 -0.8611 0.4366
vn -0.2258 -0.8016 0.5535
vn -0.2260 -0.8017 0.5533
vn -0.3508 -0.7430 0.5700
vn -0.2609 -0.8611 0.4364
vn -0.1282 -0.9010 0.4145
vn -0.1007 -0.8416 0.5306
vn -0.2607 -0.8612 0.4363
vn -0.1006 -0.8415 0.5308
vn -0.2259 -0.8015 0.5537
vn 0.0031 -0.9216 0.3881
vn 0.0223 -0.8648 0.5016
vn -0.1285 -0.9009 0.4145
vn 0.0223 -0.8647 0.5019
vn -0.1007 -0.8416 0.5307
vn 0.0031 -0.9216 0.3880
vn 0.1412 -0.8722 0.4684
vn 0.0033 -0.9216 0.3882
vn 0.1414 -0.8720 0.4686
vn 0.0223 -0.8647 0.5017
vn 0.1299 -0.9244 0.3585
vn 0.2508 -0.9113 0.3266
vn 0.2544 -0.8649 0.4327
vn 0.1299 -0.9244 0.3586
vn 0.2544 -0.8648 0.4328
vn 0.1413 -0.8722 0.4683
vn 0.2511 -0.9111 0.3269
vn 0.3633 -0.8836 0.2955
vn 0.3601 -0.8447 0.3961
vn 0.3600 -0.8449 0.3957
vn 0.3635 -0.8835 0.2955
vn 0.4651 -0.8450 0.2640
vn 0.4563 -0.8137 0.3601
vn 0.3637 -0.8833 0.2957
vn 0.4565 -0.8136 0.3602
vn -0.8518 -0.1182 0.5103
vn -0.8211 -0.2260 0.5242
vn -0.7700 -0.2034 0.6047
vn -0.8517 -0.1185 0.5104
vn -0.7700 -0.2034 0.6048
vn -0.8042 -0.1002 0.5858
vn -0.7778 -0.3204 0.5408
vn -0.7235 -0.2918 0.6256
vn -0.8210 -0.2260 0.5242
vn -0.7234 -0.2923 0.6255
vn -0.7699 -0.2035 0.6048
vn -0.7777 -0.3204 0.5409
vn -0.7211 -0.4127 0.5565
vn -0.6657 -0.3739 0.6458
vn -0.7777 -0.3201 0.5411
vn -0.6656 -0.3740 0.6458
vn -0.7234 -0.2921 0.6256
vn -0.7210 -0.4127 0.5566
vn -0.6513 -0.5019 0.5692
vn -0.5962 -0.4546 0.6618
vn -0.7211 -0.4126 0.5566
vn -0.5962 -0.4545 0.6618
vn -0.6655 -0.3741 0.6459
vn -0.6481 -0.5091 0.5664
vn -0.5670 -0.5875 0.5773
vn -0.5145 -0.5323 0.6722
vn -0.6510 -0.5023 0.5691
vn -0.5146 -0.5323 0.6722
vn -0.5961 -0.4543 0.6620
vn -0.5671 -0.5873 0.5776
vn -0.4670 -0.6691 0.5781
vn -0.4186 -0.6062 0.6762
vn -0.5670 -0.5872 0.5776
vn -0.4187 -0.6061 0.6762
vn -0.5145 -0.5322 0.6724
vn -0.4671 -0.6689 0.5783
vn -0.3507 -0.7430 0.5701
vn -0.3073 -0.6752 0.6706
vn -0.3074 -0.6752 0.6705
vn -0.4184 -0.6065 0.6761
vn -0.3507 -0.7431 0.5699
vn -0.2261 -0.8013 0.5538
vn -0.1887 -0.7318 0.6549
vn -0.3507 -0.7430 0.5700
vn -0.1887 -0.7317 0.6550
vn -0.3073 -0.6753 0.6705
vn -0.2261 -0.8015 0.5536
vn -0.1008 -0.8415 0.5307
vn -0.0710 -0.7719 0.6318
vn -0.0710 -0.7722 0.6314
vn -0.1884 -0.7316 0.6552
vn -0.1007 -0.8415 0.5308
vn 0.0223 -0.8647 0.5018
vn 0.0431 -0.7978 0.6013
vn -0.1007 -0.8417 0.5305
vn 0.0432 -0.7976 0.6017
vn -0.0708 -0.7719 0.6317
vn 0.1411 -0.8721 0.4685
vn 0.1522 -0.8101 0.5663
vn 0.1524 -0.8099 0.5665
vn 0.0430 -0.7976 0.6016
vn 0.1412 -0.8721 0.4686
vn 0.2540 -0.8650 0.4326
vn 0.2565 -0.8103 0.5269
vn 0.1413 -0.8720 0.4687
vn 0.2565 -0.8101 0.5273
vn 0.1525 -0.8100 0.5662
vn 0.2543 -0.8648 0.4330
vn 0.3596 -0.8451 0.3956
vn 0.3539 -0.7990 0.4861
vn 0.2544 -0.8647 0.4330
vn 0.3538 -0.7990 0.4862
vn 0.2565 -0.8103 0.5270
vn 0.3601 -0.8445 0.3963
vn 0.4560 -0.8140 0.3598
vn 0.4444 -0.7763 0.4470
vn 0.3599 -0.8448 0.3960
vn 0.4445 -0.7763 0.4470
vn -0.8041 -0.1001 0.5861
vn -0.7151 -0.1728 0.6773
vn -0.8041 -0.1002 0.5860
vn -0.7152 -0.1729 0.6771
vn -0.7528 -0.0819 0.6531
vn -0.7699 -0.2036 0.6048
vn -0.7233 -0.2923 0.6256
vn -0.6654 -0.2564 0.7011
vn -0.7699 -0.2034 0.6049
vn -0.6652 -0.2570 0.7010
vn -0.7152 -0.1729 0.6772
vn -0.7232 -0.2922 0.6257
vn -0.6657 -0.3738 0.6459
vn -0.6067 -0.3297 0.7233
vn -0.7232 -0.2924 0.6257
vn -0.6653 -0.2567 0.7010
vn -0.6654 -0.3740 0.6460
vn -0.5964 -0.4541 0.6619
vn -0.5386 -0.4003 0.7414
vn -0.6655 -0.3740 0.6459
vn -0.5386 -0.4001 0.7415
vn -0.6066 -0.3297 0.7234
vn -0.5961 -0.4544 0.6620
vn -0.4597 -0.4692 0.7540
vn -0.5962 -0.4541 0.6621
vn -0.4597 -0.4693 0.7539
vn -0.5386 -0.3996 0.7417
vn -0.5146 -0.5321 0.6724
vn -0.4186 -0.6066 0.6758
vn -0.3678 -0.5372 0.7590
vn -0.5145 -0.5320 0.6725
vn -0.3678 -0.5371 0.7591
vn -0.4594 -0.4694 0.7541
vn -0.4186 -0.6064 0.6761
vn -0.2619 -0.6012 0.7550
vn -0.4185 -0.6064 0.6761
vn -0.2618 -0.6014 0.7548
vn -0.3676 -0.5374 0.7590
vn -0.1887 -0.7316 0.6552
vn -0.1495 -0.6556 0.7401
vn -0.3073 -0.6752 0.6705
vn -0.1496 -0.6555 0.7403
vn -0.2616 -0.6016 0.7548
vn -0.1886 -0.7318 0.6549
vn -0.0401 -0.6957 0.7172
vn -0.1885 -0.7316 0.6552
vn -0.0400 -0.6960 0.7169
vn -0.1495 -0.6552 0.7405
vn 0.0428 -0.7976 0.6017
vn 0.0643 -0.7238 0.6870
vn -0.0710 -0.7721 0.6315
vn 0.0645 -0.7239 0.6869
vn -0.0399 -0.6957 0.7172
vn 0.0430 -0.7974 0.6019
vn 0.1522 -0.8098 0.5666
vn 0.1643 -0.7414 0.6507
vn 0.0428 -0.7977 0.6015
vn 0.1643 -0.7414 0.6506
vn 0.0646 -0.7236 0.6872
vn 0.1522 -0.8100 0.5663
vn 0.2562 -0.8102 0.5271
vn 0.2591 -0.7491 0.6097
vn 0.1522 -0.8100 0.5664
vn 0.2592 -0.7488 0.6100
vn 0.1646 -0.7412 0.6508
vn 0.2563 -0.8103 0.5270
vn 0.3480 -0.7469 0.5666
vn 0.2562 -0.8103 0.5270
vn 0.3481 -0.7466 0.5670
vn 0.2593 -0.7489 0.6099
vn 0.3538 -0.7989 0.4864
vn 0.4445 -0.7763 0.4469
vn 0.4312 -0.7345 0.5240
vn 0.3540 -0.7989 0.4862
vn -0.7528 -0.0818 0.6531
vn -0.7151 -0.1735 0.6771
vn -0.6551 -0.1345 0.7435
vn -0.7528 -0.0816 0.6532
vn -0.6549 -0.1348 0.7436
vn -0.6966 -0.0656 0.7145
vn -0.7150 -0.1732 0.6773
vn -0.6654 -0.2565 0.7010
vn -0.6053 -0.2067 0.7687
vn -0.7151 -0.1733 0.6772
vn -0.6053 -0.2064 0.7688
vn -0.6550 -0.1349 0.7434
vn -0.6652 -0.2567 0.7012
vn -0.6068 -0.3292 0.7234
vn -0.5484 -0.2752 0.7896
vn -0.6652 -0.2568 0.7012
vn -0.5484 -0.2750 0.7897
vn -0.6053 -0.2066 0.7687
vn -0.6067 -0.3296 0.7234
vn -0.5386 -0.4000 0.7415
vn -0.4815 -0.3403 0.8077
vn -0.6067 -0.3295 0.7235
vn -0.4816 -0.3404 0.8076
vn -0.5485 -0.2747 0.7898
vn -0.5385 -0.3998 0.7417
vn -0.4597 -0.4696 0.7538
vn -0.4047 -0.4029 0.8209
vn -0.5386 -0.3998 0.7417
vn -0.4048 -0.4027 0.8210
vn -0.4815 -0.3402 0.8077
vn -0.4595 -0.4691 0.7542
vn -0.3679 -0.5374 0.7588
vn -0.3163 -0.4641 0.8274
vn -0.4596 -0.4691 0.7542
vn -0.3164 -0.4641 0.8274
vn -0.3676 -0.5373 0.7591
vn -0.2618 -0.6014 0.7549
vn -0.2157 -0.5235 0.8243
vn -0.3677 -0.5374 0.7590
vn -0.2156 -0.5236 0.8243
vn -0.3162 -0.4645 0.8272
vn -0.2617 -0.6015 0.7548
vn -0.1496 -0.6552 0.7405
vn -0.1101 -0.5754 0.8104
vn -0.2618 -0.6016 0.7547
vn -0.2155 -0.5237 0.8242
vn -0.1495 -0.6555 0.7402
vn -0.0402 -0.6956 0.7173
vn -0.0086 -0.6156 0.7880
vn -0.1494 -0.6551 0.7406
vn -0.0087 -0.6160 0.7877
vn -0.1098 -0.5753 0.8105
vn -0.0400 -0.6958 0.7171
vn 0.0643 -0.7237 0.6871
vn 0.0875 -0.6461 0.7582
vn -0.0402 -0.6957 0.7172
vn 0.0874 -0.6464 0.7580
vn -0.0085 -0.6157 0.7879
vn 0.0646 -0.7237 0.6871
vn 0.1645 -0.7410 0.6511
vn 0.1790 -0.6684 0.7219
vn 0.0876 -0.6462 0.7581
vn 0.1644 -0.7412 0.6509
vn 0.2649 -0.6829 0.6808
vn 0.1643 -0.7413 0.6507
vn 0.2649 -0.6827 0.6810
vn 0.1792 -0.6684 0.7219
vn 0.2593 -0.7488 0.6099
vn 0.3480 -0.7466 0.5670
vn 0.3442 -0.6900 0.6367
vn 0.2588 -0.7491 0.6097
vn 0.3443 -0.6899 0.6368
vn 0.2653 -0.6826 0.6809
vn 0.3479 -0.7469 0.5666
vn 0.4313 -0.7345 0.5239
vn 0.4168 -0.6905 0.5911
vn 0.4170 -0.6902 0.5914
vn 0.3445 -0.6898 0.6368
vn -0.8133 0.0883 -0.5751
vn -0.7810 0.0113 -0.6245
vn -0.8291 -0.0528 -0.5566
vn -0.8132 0.0884 -0.5753
vn -0.8290 -0.0524 -0.5568
vn -0.8574 0.0615 -0.5109
vn -0.7812 0.0111 -0.6242
vn -0.7418 -0.0651 -0.6674
vn -0.7868 -0.1381 -0.6016
vn -0.7811 0.0112 -0.6244
vn -0.7867 -0.1377 -0.6018
vn -0.8289 -0.0522 -0.5569
vn -0.6910 -0.1394 -0.7093
vn -0.7370 -0.2054 -0.6439
vn -0.7418 -0.0648 -0.6674
vn -0.7369 -0.2051 -0.6442
vn -0.7868 -0.1378 -0.6017
vn -0.6910 -0.1393 -0.7093
vn -0.6285 -0.2035 -0.7507
vn -0.6774 -0.2665 -0.6857
vn -0.6910 -0.1395 -0.7093
vn -0.6773 -0.2666 -0.6857
vn -0.7370 -0.2052 -0.6441
vn -0.6285 -0.2036 -0.7507
vn -0.5573 -0.2598 -0.7886
vn -0.6066 -0.3266 -0.7248
vn -0.6284 -0.2038 -0.7507
vn -0.6068 -0.3269 -0.7246
vn -0.6773 -0.2667 -0.6857
vn -0.5573 -0.2600 -0.7885
vn -0.4765 -0.3136 -0.8213
vn -0.5247 -0.3857 -0.7589
vn -0.6067 -0.3268 -0.7246
vn -0.4765 -0.3134 -0.8214
vn -0.3850 -0.3657 -0.8473
vn -0.4297 -0.4441 -0.7862
vn -0.4764 -0.3136 -0.8214
vn -0.4298 -0.4443 -0.7861
vn -0.3846 -0.3655 -0.8476
vn -0.2851 -0.4148 -0.8641
vn -0.3238 -0.4978 -0.8046
vn -0.3238 -0.4979 -0.8045
vn -0.4297 -0.4443 -0.7861
vn -0.2847 -0.4146 -0.8643
vn -0.2147 -0.5427 -0.8120
vn -0.3239 -0.4981 -0.8043
vn -0.1822 -0.4574 -0.8704
vn -0.0848 -0.4925 -0.8662
vn -0.1097 -0.5773 -0.8091
vn -0.1098 -0.5772 -0.8092
vn -0.2151 -0.5430 -0.8117
vn -0.0851 -0.4925 -0.8661
vn 0.0053 -0.5196 -0.8544
vn -0.0851 -0.4925 -0.8662
vn -0.0122 -0.6021 -0.7983
vn -0.1099 -0.5775 -0.8090
vn 0.0052 -0.5197 -0.8544
vn 0.0909 -0.5415 -0.8358
vn 0.0805 -0.6195 -0.7809
vn 0.0050 -0.5197 -0.8543
vn 0.0804 -0.6196 -0.7808
vn 0.0907 -0.5415 -0.8358
vn 0.1718 -0.5581 -0.8118
vn 0.1681 -0.6304 -0.7579
vn 0.0906 -0.5415 -0.8358
vn 0.1681 -0.6302 -0.7580
vn 0.0808 -0.6192 -0.7810
vn 0.1716 -0.5579 -0.8120
vn 0.2471 -0.5697 -0.7838
vn 0.2503 -0.6348 -0.7310
vn 0.1718 -0.5580 -0.8119
vn 0.2503 -0.6349 -0.7310
vn 0.1684 -0.6300 -0.7581
vn 0.2470 -0.5697 -0.7839
vn 0.3284 -0.6326 -0.7014
vn 0.3286 -0.6324 -0.7014
vn 0.2501 -0.6350 -0.7309
vn 0.3169 -0.5766 -0.7531
vn 0.3773 -0.5784 -0.7233
vn 0.4022 -0.6161 -0.6773
vn 0.3173 -0.5763 -0.7531
vn 0.4023 -0.6160 -0.6772
vn 0.3286 -0.6324 -0.7015
vn 0.3288 -0.6322 -0.7016
vn 0.4019 -0.6161 -0.6774
vn 0.4292 -0.6548 -0.6221
vn 0.3284 -0.6324 -0.7016
vn 0.4293 -0.6547 -0.6221
vn 0.3508 -0.6821 -0.6417
vn 0.3508 -0.6821 -0.6416
vn 0.4564 -0.6936 -0.5573
vn 0.3505 -0.6822 -0.6416
vn 0.4566 -0.6935 -0.5573
vn 0.3736 -0.7293 -0.5732
vn 0.3734 -0.7293 -0.5733
vn 0.4562 -0.6937 -0.5574
vn 0.4828 -0.7308 -0.4826
vn 0.3735 -0.7293 -0.5733
vn 0.4831 -0.7306 -0.4825
vn 0.3959 -0.7735 -0.4950
vn 0.3959 -0.7734 -0.4951
vn 0.4827 -0.7308 -0.4826
vn 0.5071 -0.7641 -0.3988
vn 0.3954 -0.7737 -0.4951
vn 0.4165 -0.8130 -0.4070
vn 0.4168 -0.8127 -0.4071
vn 0.5283 -0.7916 -0.3071
vn 0.4164 -0.8129 -0.4072
vn 0.4346 -0.8456 -0.3098
vn 0.5284 -0.7915 -0.3069
vn 0.5458 -0.8125 -0.2045
vn 0.4346 -0.8457 -0.3098
vn 0.5456 -0.8126 -0.2047
vn 0.4498 -0.8702 -0.2010
vn 0.4500 -0.8701 -0.2009
vn 0.5461 -0.8124 -0.2044
vn 0.4499 -0.8702 -0.2009
vn 0.5587 -0.8245 -0.0899
vn 0.4619 -0.8833 -0.0800
vn 0.4617 -0.8834 -0.0800
vn 0.5590 -0.8243 -0.0898
vn 0.5648 -0.8248 0.0274
vn 0.4620 -0.8833 -0.0799
vn 0.5644 -0.8250 0.0270
vn 0.4691 -0.8820 0.0440
vn 0.4685 -0.8824 0.0439
vn 0.5647 -0.8248 0.0273
vn 0.5629 -0.8154 0.1355
vn 0.4692 -0.8820 0.0441
vn 0.5627 -0.8155 0.1354
vn 0.4700 -0.8681 0.1596
vn 0.4698 -0.8683 0.1595
vn 0.5549 -0.7979 0.2353
vn 0.4654 -0.8448 0.2641
vn 0.4650 -0.8450 0.2642
vn 0.5548 -0.7981 0.2351
vn 0.5422 -0.7734 0.3284
vn 0.4653 -0.8448 0.2643
vn 0.5424 -0.7732 0.3285
vn 0.4562 -0.8138 0.3600
vn 0.4561 -0.8138 0.3602
vn 0.5422 -0.7736 0.3281
vn 0.5259 -0.7435 0.4131
vn 0.5263 -0.7432 0.4132
vn 0.4443 -0.7764 0.4470
vn 0.4449 -0.7759 0.4473
vn 0.5259 -0.7435 0.4130
vn 0.5059 -0.7116 0.4874
vn 0.4446 -0.7762 0.4471
vn 0.5059 -0.7117 0.4874
vn 0.4313 -0.7344 0.5240
vn 0.5061 -0.7116 0.4873
vn 0.4851 -0.6777 0.5526
vn 0.4311 -0.7347 0.5239
vn 0.4169 -0.6903 0.5913
vn 0.4168 -0.6906 0.5910
vn 0.4850 -0.6778 0.5526
vn 0.4681 -0.6389 0.6104
vn 0.4168 -0.6906 0.5911
vn 0.4685 -0.6386 0.6106
vn 0.4134 -0.6369 0.6508
vn 0.4171 -0.6902 0.5912
vn 0.4133 -0.6370 0.6507
vn 0.3443 -0.6900 0.6367
vn 0.4132 -0.6372 0.6506
vn 0.3494 -0.6282 0.6952
vn 0.2651 -0.6826 0.6810
vn 0.3496 -0.6283 0.6950
vn 0.3494 -0.6283 0.6951
vn 0.2772 -0.6142 0.7388
vn 0.1790 -0.6686 0.7218
vn 0.2651 -0.6827 0.6810
vn 0.2771 -0.6143 0.7388
vn 0.1791 -0.6684 0.7219
vn 0.2770 -0.6144 0.7387
vn 0.0875 -0.6464 0.7580
vn 0.1793 -0.6682 0.7220
vn 0.1974 -0.5944 0.7796
vn 0.0874 -0.6462 0.7581
vn 0.1974 -0.5946 0.7794
vn 0.1122 -0.5681 0.8153
vn 0.0873 -0.6461 0.7582
vn -0.0084 -0.6154 0.7881
vn 0.1122 -0.5682 0.8152
vn 0.0232 -0.5351 0.8445
vn -0.0086 -0.6155 0.7881
vn 0.0233 -0.5352 0.8444
vn -0.1099 -0.5750 0.8107
vn 0.0234 -0.5351 0.8445
vn -0.0711 -0.4938 0.8667
vn -0.2156 -0.5235 0.8243
vn -0.1099 -0.5752 0.8106
vn -0.2156 -0.5238 0.8241
vn -0.2158 -0.5238 0.8241
vn -0.1700 -0.4434 0.8801
vn -0.3162 -0.4644 0.8273
vn -0.1701 -0.4431 0.8802
vn -0.2654 -0.3875 0.8828
vn -0.4047 -0.4027 0.8210
vn -0.3164 -0.4646 0.8271
vn -0.2655 -0.3873 0.8829
vn -0.4046 -0.4027 0.8210
vn -0.2654 -0.3871 0.8830
vn -0.3503 -0.3295 0.8768
vn -0.4814 -0.3404 0.8077
vn -0.4048 -0.4031 0.8208
vn -0.4815 -0.3401 0.8078
vn -0.4255 -0.2691 0.8640
vn -0.5483 -0.2750 0.7898
vn -0.4253 -0.2693 0.8641
vn -0.5485 -0.2748 0.7897
vn -0.4254 -0.2694 0.8640
vn -0.4907 -0.2075 0.8462
vn -0.6052 -0.2066 0.7688
vn -0.5485 -0.2747 0.7897
vn -0.4906 -0.2081 0.8462
vn -0.6052 -0.2065 0.7688
vn -0.4907 -0.2079 0.8461
vn -0.5464 -0.1514 0.8237
vn -0.6550 -0.1349 0.7435
vn -0.6052 -0.2059 0.7690
vn -0.5465 -0.1516 0.8236
vn -0.6551 -0.1348 0.7434
vn -0.5464 -0.1519 0.8236
vn -0.5980 -0.1021 0.7949
vn -0.6964 -0.0656 0.7147
vn -0.6965 -0.0660 0.7145
vn -0.6466 -0.0526 0.7611
vn -0.7230 -0.0005 0.6909
vn -0.6964 -0.0656 0.7146
vn -0.6464 -0.0525 0.7612
vn -0.7230 -0.0005 0.6908
vn -0.6465 -0.0525 0.7611
vn -0.7713 0.0019 0.6364
vn -0.7527 -0.0816 0.6533
vn -0.6965 -0.0660 0.7146
vn -0.6964 -0.0653 0.7147
vn -0.7229 -0.0005 0.6910
vn -0.8205 0.0002 0.5717
vn -0.8042 -0.1003 0.5859
vn -0.7526 -0.0823 0.6534
vn -0.8204 -0.0000 0.5718
vn -0.7527 -0.0818 0.6533
vn -0.7713 0.0018 0.6365
vn -0.8660 -0.0042 0.5000
vn -0.8519 -0.1182 0.5102
vn -0.8041 -0.1005 0.5860
vn -0.8660 -0.0044 0.5001
vn -0.8041 -0.1001 0.5860
vn -0.8203 0.0002 0.5720
vn -0.9073 -0.0121 0.4203
vn -0.8950 -0.1339 0.4254
vn -0.8517 -0.1186 0.5105
vn -0.9073 -0.0120 0.4203
vn -0.8518 -0.1184 0.5104
vn -0.8659 -0.0042 0.5001
vn -0.9435 -0.0193 0.3308
vn -0.9321 -0.1456 0.3318
vn -0.8950 -0.1341 0.4254
vn -0.9435 -0.0195 0.3309
vn -0.8951 -0.1336 0.4255
vn -0.9727 -0.0240 0.2309
vn -0.9619 -0.1532 0.2265
vn -0.9321 -0.1454 0.3317
vn -0.9727 -0.0241 0.2307
vn -0.9321 -0.1452 0.3317
vn -0.9924 -0.0258 0.1202
vn -0.9816 -0.1561 0.1102
vn -0.9619 -0.1533 0.2264
vn -0.9925 -0.0254 0.1199
vn -0.9619 -0.1531 0.2264
vn -0.9727 -0.0239 0.2308
vn -0.9997 -0.0233 0.0085
vn -0.9882 -0.1528 -0.0063
vn -0.9816 -0.1560 0.1103
vn -0.9953 -0.0172 -0.0949
vn -0.9826 -0.1459 -0.1154
vn -0.9953 -0.0169 -0.0952
vn -0.9882 -0.1532 -0.0062
vn -0.9997 -0.0230 0.0082
vn -0.9814 -0.0077 -0.1916
vn -0.9662 -0.1370 -0.2183
vn -0.9825 -0.1458 -0.1156
vn -0.9814 -0.0077 -0.1917
vn -0.9825 -0.1464 -0.1153
vn -0.9953 -0.0171 -0.0951
vn -0.9408 -0.1250 -0.3151
vn -0.9291 0.0214 -0.3692
vn -0.9291 0.0212 -0.3691
vn -0.9407 -0.1251 -0.3153
vn -0.9589 0.0048 -0.2837
vn -0.8951 0.0404 -0.4440
vn -0.9081 -0.1083 -0.4044
vn -0.8952 0.0404 -0.4438
vn -0.9081 -0.1082 -0.4046
vn -0.9291 0.0214 -0.3691
vn -0.8574 0.0613 -0.5109
vn -0.8290 -0.0525 -0.5568
vn -0.8708 -0.0859 -0.4840
vn -0.8575 0.0613 -0.5108
vn -0.8708 -0.0857 -0.4841
vn -0.8951 0.0406 -0.4440
vn 0.8214 -0.1748 -0.5429
vn 0.8103 -0.1598 -0.5639
vn 0.8337 -0.1831 -0.5209
vn 0.8215 -0.1745 -0.5429
vn 0.8336 -0.1833 -0.5211
vn 0.8465 -0.1940 -0.4959
vn 0.8104 -0.1594 -0.5638
vn 0.7792 -0.1339 -0.6123
vn 0.8158 -0.1795 -0.5497
vn 0.8103 -0.1595 -0.5639
vn 0.8158 -0.1793 -0.5499
vn 0.8336 -0.1834 -0.5210
vn 0.7794 -0.1333 -0.6122
vn 0.7442 -0.1224 -0.6567
vn 0.7882 -0.1726 -0.5907
vn 0.7793 -0.1339 -0.6122
vn 0.7883 -0.1724 -0.5906
vn 0.8158 -0.1798 -0.5497
vn 0.7444 -0.1222 -0.6565
vn 0.7029 -0.1088 -0.7029
vn 0.7568 -0.1582 -0.6342
vn 0.7442 -0.1222 -0.6567
vn 0.7567 -0.1577 -0.6345
vn 0.7882 -0.1730 -0.5906
vn 0.7028 -0.1090 -0.7030
vn 0.6628 -0.0979 -0.7423
vn 0.7195 -0.1339 -0.6814
vn 0.7027 -0.1090 -0.7031
vn 0.7194 -0.1338 -0.6816
vn 0.7568 -0.1580 -0.6343
vn 0.6628 -0.0981 -0.7424
vn 0.6294 -0.0939 -0.7713
vn 0.6904 -0.1070 -0.7155
vn 0.6627 -0.0980 -0.7424
vn 0.6903 -0.1069 -0.7156
vn 0.7195 -0.1337 -0.6815
vn 0.6295 -0.0942 -0.7713
vn 0.5829 -0.0714 -0.8094
vn 0.6627 -0.0711 -0.7455
vn 0.6293 -0.0940 -0.7714
vn 0.6627 -0.0709 -0.7455
vn 0.6905 -0.1067 -0.7155
vn 0.5831 -0.0714 -0.8092
vn 0.5192 -0.0270 -0.8542
vn 0.6159 -0.0176 -0.7876
vn 0.5830 -0.0715 -0.8093
vn 0.6158 -0.0175 -0.7877
vn 0.6627 -0.0708 -0.7455
vn 0.5196 -0.0265 -0.8540
vn 0.4382 0.0320 -0.8983
vn 0.5479 0.0520 -0.8349
vn 0.5195 -0.0270 -0.8541
vn 0.5479 0.0524 -0.8349
vn 0.4383 0.0322 -0.8982
vn 0.3460 0.0928 -0.9336
vn 0.4647 0.1228 -0.8769
vn 0.4382 0.0321 -0.8983
vn 0.4645 0.1228 -0.8770
vn 0.5481 0.0522 -0.8348
vn 0.3462 0.0924 -0.9336
vn 0.2396 0.1526 -0.9588
vn 0.3374 0.2253 -0.9140
vn 0.3461 0.0928 -0.9336
vn 0.3371 0.2249 -0.9142
vn 0.4647 0.1229 -0.8769
vn 0.2398 0.1527 -0.9587
vn 0.1332 0.1871 -0.9733
vn 0.2057 0.2651 -0.9420
vn 0.2397 0.1528 -0.9588
vn 0.2053 0.2650 -0.9421
vn 0.3375 0.2249 -0.9141
vn 0.1333 0.1870 -0.9733
vn 0.0069 0.2345 -0.9721
vn 0.0904 0.2655 -0.9599
vn 0.1331 0.1869 -0.9733
vn 0.0900 0.2655 -0.9599
vn 0.2053 0.2646 -0.9422
vn 0.0071 0.2340 -0.9722
vn -0.1580 0.3089 -0.9379
vn -0.1125 0.3245 -0.9392
vn 0.0072 0.2341 -0.9722
vn -0.1123 0.3241 -0.9393
vn 0.0905 0.2654 -0.9599
vn 0.8464 -0.1939 -0.4960
vn 0.8335 -0.1834 -0.5211
vn 0.8623 -0.2124 -0.4597
vn 0.8465 -0.1936 -0.4960
vn 0.8622 -0.2127 -0.4598
vn 0.8699 -0.2155 -0.4436
vn 0.8337 -0.1829 -0.5211
vn 0.8156 -0.1801 -0.5499
vn 0.8511 -0.2099 -0.4812
vn 0.8510 -0.2100 -0.4814
vn 0.8622 -0.2129 -0.4597
vn 0.8158 -0.1793 -0.5498
vn 0.7881 -0.1731 -0.5907
vn 0.8432 -0.2011 -0.4986
vn 0.8156 -0.1794 -0.5500
vn 0.8431 -0.2009 -0.4988
vn 0.8510 -0.2102 -0.4812
vn 0.7882 -0.1725 -0.5907
vn 0.7565 -0.1582 -0.6346
vn 0.8308 -0.1790 -0.5270
vn 0.7881 -0.1729 -0.5908
vn 0.8308 -0.1787 -0.5271
vn 0.8431 -0.2014 -0.4986
vn 0.7566 -0.1582 -0.6344
vn 0.7194 -0.1339 -0.6816
vn 0.8135 -0.1431 -0.5637
vn 0.7566 -0.1580 -0.6346
vn 0.8135 -0.1425 -0.5638
vn 0.8308 -0.1792 -0.5270
vn 0.7193 -0.1337 -0.6817
vn 0.6902 -0.1070 -0.7157
vn 0.7763 -0.0859 -0.6245
vn 0.7763 -0.0862 -0.6244
vn 0.8136 -0.1429 -0.5635
vn 0.6904 -0.1069 -0.7155
vn 0.6625 -0.0710 -0.7457
vn 0.7451 -0.0304 -0.6662
vn 0.6902 -0.1071 -0.7156
vn 0.7452 -0.0305 -0.6662
vn 0.7764 -0.0860 -0.6244
vn 0.6627 -0.0707 -0.7455
vn 0.6156 -0.0178 -0.7878
vn 0.7121 0.0336 -0.7013
vn 0.6627 -0.0713 -0.7455
vn 0.7120 0.0338 -0.7014
vn 0.7453 -0.0304 -0.6661
vn 0.6159 -0.0174 -0.7876
vn 0.5478 0.0523 -0.8350
vn 0.6582 0.1139 -0.7441
vn 0.6159 -0.0178 -0.7877
vn 0.6582 0.1141 -0.7441
vn 0.5481 0.0521 -0.8348
vn 0.4644 0.1228 -0.8771
vn 0.5832 0.1968 -0.7881
vn 0.5829 0.1966 -0.7884
vn 0.6584 0.1141 -0.7440
vn 0.4648 0.1225 -0.8769
vn 0.3372 0.2252 -0.9141
vn 0.4282 0.3453 -0.8351
vn 0.4645 0.1226 -0.8770
vn 0.4280 0.3453 -0.8352
vn 0.5831 0.1971 -0.7881
vn 0.3375 0.2252 -0.9140
vn 0.2057 0.2649 -0.9421
vn 0.2540 0.4287 -0.8670
vn 0.3375 0.2250 -0.9140
vn 0.2539 0.4288 -0.8670
vn 0.4282 0.3449 -0.8353
vn 0.2057 0.2648 -0.9421
vn 0.0905 0.2655 -0.9599
vn 0.1211 0.4430 -0.8883
vn 0.2058 0.2645 -0.9422
vn 0.1208 0.4428 -0.8884
vn 0.2542 0.4288 -0.8669
vn 0.0907 0.2653 -0.9599
vn -0.1122 0.3242 -0.9393
vn -0.0633 0.4311 -0.9001
vn 0.0908 0.2658 -0.9597
vn -0.0635 0.4306 -0.9003
vn 0.1211 0.4428 -0.8884
vn 0.8700 -0.2154 -0.4435
vn 0.8622 -0.2126 -0.4599
vn 0.8901 -0.2342 -0.3911
vn 0.8700 -0.2151 -0.4437
vn 0.8899 -0.2344 -0.3912
vn 0.8929 -0.2358 -0.3836
vn 0.8622 -0.2126 -0.4598
vn 0.8509 -0.2104 -0.4814
vn 0.8904 -0.2224 -0.3971
vn 0.8622 -0.2124 -0.4600
vn 0.8904 -0.2227 -0.3971
vn 0.8900 -0.2342 -0.3911
vn 0.8509 -0.2100 -0.4814
vn 0.8430 -0.2014 -0.4988
vn 0.8943 -0.2018 -0.3993
vn 0.8509 -0.2101 -0.4815
vn 0.8944 -0.2016 -0.3993
vn 0.8904 -0.2228 -0.3970
vn 0.8431 -0.2011 -0.4988
vn 0.8305 -0.1792 -0.5273
vn 0.8986 -0.1834 -0.3985
vn 0.8430 -0.2012 -0.4988
vn 0.8988 -0.1829 -0.3984
vn 0.8943 -0.2020 -0.3992
vn 0.8307 -0.1787 -0.5273
vn 0.8133 -0.1429 -0.5640
vn 0.8907 -0.1453 -0.4307
vn 0.8306 -0.1790 -0.5273
vn 0.8908 -0.1450 -0.4307
vn 0.8988 -0.1833 -0.3982
vn 0.8135 -0.1429 -0.5637
vn 0.7762 -0.0860 -0.6246
vn 0.8696 -0.0844 -0.4865
vn 0.8133 -0.1427 -0.5640
vn 0.8695 -0.0839 -0.4867
vn 0.7762 -0.0861 -0.6245
vn 0.7451 -0.0308 -0.6662
vn 0.8192 0.0042 -0.5735
vn 0.7763 -0.0861 -0.6245
vn 0.8192 0.0041 -0.5735
vn 0.8696 -0.0842 -0.4866
vn 0.7452 -0.0302 -0.6662
vn 0.7119 0.0334 -0.7014
vn 0.7751 0.0935 -0.6249
vn 0.7453 -0.0306 -0.6661
vn 0.7752 0.0938 -0.6247
vn 0.8192 0.0043 -0.5735
vn 0.7121 0.0340 -0.7013
vn 0.6582 0.1138 -0.7442
vn 0.7318 0.1773 -0.6581
vn 0.7121 0.0335 -0.7012
vn 0.7318 0.1776 -0.6580
vn 0.7751 0.0934 -0.6249
vn 0.6583 0.1139 -0.7441
vn 0.5830 0.1968 -0.7883
vn 0.6662 0.2636 -0.6976
vn 0.6582 0.1140 -0.7441
vn 0.6663 0.2632 -0.6977
vn 0.5831 0.1965 -0.7883
vn 0.4280 0.3452 -0.8352
vn 0.5007 0.4292 -0.7517
vn 0.5831 0.1967 -0.7882
vn 0.5006 0.4291 -0.7518
vn 0.6663 0.2633 -0.6976
vn 0.4279 0.3452 -0.8353
vn 0.2540 0.4286 -0.8671
vn 0.2981 0.5419 -0.7858
vn 0.4280 0.3450 -0.8353
vn 0.2982 0.5417 -0.7859
vn 0.5003 0.4291 -0.7521
vn 0.1517 0.5717 -0.8063
vn 0.2540 0.4292 -0.8668
vn 0.1517 0.5712 -0.8066
vn 0.2982 0.5419 -0.7858
vn 0.1213 0.4430 -0.8883
vn -0.0632 0.4311 -0.9001
vn -0.0289 0.5822 -0.8125
vn 0.1211 0.4427 -0.8885
vn -0.0288 0.5826 -0.8122
vn 0.1515 0.5715 -0.8065
vn 0.8928 -0.2361 -0.3836
vn 0.8900 -0.2342 -0.3912
vn 0.9169 -0.2426 -0.3168
vn 0.8928 -0.2357 -0.3838
vn 0.9168 -0.2429 -0.3169
vn 0.9117 -0.2504 -0.3258
vn 0.8900 -0.2341 -0.3914
vn 0.8902 -0.2227 -0.3974
vn 0.9263 -0.2203 -0.3055
vn 0.8901 -0.2338 -0.3912
vn 0.9263 -0.2206 -0.3055
vn 0.9170 -0.2424 -0.3168
vn 0.8903 -0.2226 -0.3974
vn 0.8942 -0.2019 -0.3995
vn 0.9357 -0.1938 -0.2948
vn 0.8903 -0.2223 -0.3973
vn 0.9357 -0.1938 -0.2949
vn 0.9263 -0.2204 -0.3055
vn 0.8943 -0.2017 -0.3995
vn 0.8987 -0.1830 -0.3987
vn 0.9432 -0.1710 -0.2849
vn 0.8943 -0.2018 -0.3994
vn 0.9433 -0.1705 -0.2848
vn 0.8986 -0.1830 -0.3987
vn 0.8906 -0.1450 -0.4310
vn 0.9480 -0.1471 -0.2824
vn 0.8986 -0.1832 -0.3986
vn 0.9480 -0.1470 -0.2824
vn 0.9432 -0.1708 -0.2848
vn 0.8907 -0.1448 -0.4309
vn 0.8693 -0.0842 -0.4870
vn 0.9403 -0.0924 -0.3276
vn 0.8907 -0.1452 -0.4308
vn 0.9404 -0.0924 -0.3274
vn 0.9480 -0.1472 -0.2823
vn 0.8696 -0.0843 -0.4865
vn 0.8191 0.0042 -0.5736
vn 0.9116 0.0136 -0.4109
vn 0.8694 -0.0843 -0.4868
vn 0.9116 0.0140 -0.4109
vn 0.9404 -0.0926 -0.3274
vn 0.8192 0.0043 -0.5736
vn 0.7751 0.0932 -0.6250
vn 0.8416 0.1432 -0.5207
vn 0.9116 0.0138 -0.4109
vn 0.7750 0.0939 -0.6249
vn 0.7318 0.1774 -0.6581
vn 0.7785 0.2448 -0.5779
vn 0.7751 0.0938 -0.6248
vn 0.7784 0.2451 -0.5780
vn 0.8415 0.1429 -0.5210
vn 0.7317 0.1775 -0.6581
vn 0.6663 0.2635 -0.6976
vn 0.7181 0.3293 -0.6131
vn 0.7181 0.3290 -0.6132
vn 0.7784 0.2450 -0.5779
vn 0.5464 0.4990 -0.6726
vn 0.6662 0.2635 -0.6977
vn 0.5464 0.4992 -0.6724
vn 0.7179 0.3295 -0.6132
vn 0.5002 0.4294 -0.7520
vn 0.3275 0.6242 -0.7093
vn 0.5002 0.4293 -0.7520
vn 0.3276 0.6239 -0.7095
vn 0.5460 0.4992 -0.6728
vn 0.2981 0.5413 -0.7862
vn 0.1518 0.5716 -0.8064
vn 0.1872 0.6475 -0.7387
vn 0.2969 0.5482 -0.7819
vn 0.1873 0.6476 -0.7386
vn 0.3273 0.6243 -0.7093
vn 0.1515 0.5718 -0.8063
vn -0.0288 0.5825 -0.8123
vn -0.0355 0.6999 -0.7134
vn 0.1514 0.5714 -0.8066
vn -0.0356 0.6998 -0.7134
vn 0.1872 0.6477 -0.7385
vn 0.9115 -0.2509 -0.3260
vn 0.9169 -0.2425 -0.3170
vn 0.9391 -0.2387 -0.2472
vn 0.9116 -0.2505 -0.3260
vn 0.9391 -0.2390 -0.2470
vn 0.9285 -0.2569 -0.2680
vn 0.9168 -0.2427 -0.3171
vn 0.9263 -0.2202 -0.3058
vn 0.9543 -0.2073 -0.2152
vn 0.9170 -0.2422 -0.3170
vn 0.9544 -0.2071 -0.2149
vn 0.9391 -0.2388 -0.2472
vn 0.9262 -0.2204 -0.3059
vn 0.9356 -0.1936 -0.2953
vn 0.9665 -0.1801 -0.1831
vn 0.9263 -0.2202 -0.3057
vn 0.9665 -0.1801 -0.1830
vn 0.9544 -0.2069 -0.2152
vn 0.9356 -0.1935 -0.2952
vn 0.9432 -0.1708 -0.2851
vn 0.9726 -0.1595 -0.1689
vn 0.9356 -0.1936 -0.2952
vn 0.9726 -0.1597 -0.1689
vn 0.9432 -0.1708 -0.2850
vn 0.9479 -0.1472 -0.2826
vn 0.9767 -0.1334 -0.1684
vn 0.9432 -0.1706 -0.2852
vn 0.9766 -0.1337 -0.1684
vn 0.9726 -0.1595 -0.1690
vn 0.9402 -0.0924 -0.3277
vn 0.9814 -0.0876 -0.1707
vn 0.9479 -0.1470 -0.2827
vn 0.9814 -0.0877 -0.1708
vn 0.9403 -0.0925 -0.3276
vn 0.9114 0.0139 -0.4112
vn 0.9753 0.0106 -0.2206
vn 0.9403 -0.0923 -0.3277
vn 0.9753 0.0109 -0.2206
vn 0.9814 -0.0878 -0.1707
vn 0.9116 0.0140 -0.4108
vn 0.8417 0.1430 -0.5206
vn 0.9308 0.1702 -0.3235
vn 0.9116 0.0137 -0.4109
vn 0.9310 0.1700 -0.3231
vn 0.9753 0.0111 -0.2206
vn 0.8415 0.1434 -0.5208
vn 0.7786 0.2448 -0.5778
vn 0.8333 0.3202 -0.4507
vn 0.8415 0.1432 -0.5209
vn 0.8333 0.3201 -0.4508
vn 0.9308 0.1699 -0.3236
vn 0.7784 0.2448 -0.5780
vn 0.7180 0.3295 -0.6131
vn 0.7474 0.4269 -0.5091
vn 0.7784 0.2451 -0.5779
vn 0.7474 0.4267 -0.5092
vn 0.7181 0.3290 -0.6133
vn 0.5464 0.4993 -0.6724
vn 0.5631 0.5976 -0.5707
vn 0.7180 0.3293 -0.6132
vn 0.5630 0.5979 -0.5706
vn 0.7473 0.4270 -0.5092
vn 0.5459 0.4993 -0.6729
vn 0.3329 0.7073 -0.6236
vn 0.5459 0.4995 -0.6727
vn 0.5629 0.5978 -0.5708
vn 0.3272 0.6241 -0.7096
vn 0.1871 0.6477 -0.7385
vn 0.1642 0.7602 -0.6285
vn 0.3273 0.6240 -0.7096
vn 0.1641 0.7604 -0.6283
vn 0.3326 0.7073 -0.6237
vn 0.1871 0.6479 -0.7384
vn -0.0355 0.7000 -0.7133
vn -0.0481 0.7866 -0.6156
vn 0.1870 0.6477 -0.7386
vn -0.0484 0.7861 -0.6162
vn 0.1640 0.7602 -0.6286
vn 0.9284 -0.2574 -0.2682
vn 0.9390 -0.2387 -0.2474
vn 0.9625 -0.2282 -0.1467
vn 0.9286 -0.2566 -0.2680
vn 0.9624 -0.2288 -0.1464
vn 0.9479 -0.2616 -0.1815
vn 0.9389 -0.2392 -0.2475
vn 0.9544 -0.2069 -0.2153
vn 0.9755 -0.1910 -0.1088
vn 0.9391 -0.2389 -0.2471
vn 0.9755 -0.1913 -0.1089
vn 0.9625 -0.2283 -0.1466
vn 0.9543 -0.2072 -0.2154
vn 0.9664 -0.1801 -0.1833
vn 0.9820 -0.1682 -0.0861
vn 0.9543 -0.2072 -0.2153
vn 0.9819 -0.1686 -0.0860
vn 0.9755 -0.1910 -0.1087
vn 0.9726 -0.1597 -0.1690
vn 0.9861 -0.1494 -0.0733
vn 0.9665 -0.1799 -0.1833
vn 0.9861 -0.1493 -0.0733
vn 0.9819 -0.1685 -0.0862
vn 0.9726 -0.1596 -0.1690
vn 0.9766 -0.1337 -0.1687
vn 0.9911 -0.1174 -0.0624
vn 0.9726 -0.1597 -0.1692
vn 0.9911 -0.1176 -0.0624
vn 0.9766 -0.1333 -0.1686
vn 0.9814 -0.0879 -0.1710
vn 0.9965 -0.0616 -0.0561
vn 0.9766 -0.1335 -0.1686
vn 0.9965 -0.0618 -0.0562
vn 0.9813 -0.0878 -0.1711
vn 0.9753 0.0114 -0.2208
vn 0.9980 0.0315 -0.0549
vn 0.9814 -0.0878 -0.1710
vn 0.9980 0.0315 -0.0551
vn 0.9965 -0.0617 -0.0561
vn 0.9753 0.0110 -0.2207
vn 0.9309 0.1701 -0.3234
vn 0.9773 0.1886 -0.0962
vn 0.9753 0.0113 -0.2208
vn 0.9774 0.1884 -0.0962
vn 0.9980 0.0318 -0.0554
vn 0.9307 0.1702 -0.3237
vn 0.8333 0.3201 -0.4507
vn 0.8903 0.4046 -0.2091
vn 0.9309 0.1701 -0.3232
vn 0.8902 0.4049 -0.2088
vn 0.9773 0.1888 -0.0965
vn 0.8333 0.3199 -0.4509
vn 0.7511 0.5720 -0.3297
vn 0.8333 0.3200 -0.4508
vn 0.7510 0.5720 -0.3297
vn 0.8904 0.4045 -0.2089
vn 0.7474 0.4268 -0.5092
vn 0.5630 0.5977 -0.5708
vn 0.5469 0.7327 -0.4052
vn 0.5468 0.7327 -0.4051
vn 0.7510 0.5721 -0.3297
vn 0.5631 0.5976 -0.5708
vn 0.3326 0.7074 -0.6237
vn 0.2879 0.8339 -0.4708
vn 0.5646 0.5948 -0.5722
vn 0.2879 0.8339 -0.4709
vn 0.5472 0.7324 -0.4050
vn 0.3326 0.7075 -0.6235
vn 0.1050 0.8632 -0.4937
vn 0.3327 0.7075 -0.6235
vn 0.1049 0.8631 -0.4940
vn 0.2877 0.8339 -0.4710
vn 0.1640 0.7602 -0.6287
vn -0.0486 0.7862 -0.6160
vn -0.1507 0.8881 -0.4342
vn 0.1638 0.7602 -0.6288
vn -0.1505 0.8883 -0.4339
vn 0.1047 0.8632 -0.4938
vn 0.9478 -0.2621 -0.1819
vn 0.9623 -0.2287 -0.1470
vn 0.9751 -0.2216 0.0038
vn 0.9479 -0.2616 -0.1816
vn 0.9750 -0.2222 0.0041
vn 0.9639 -0.2638 -0.0352
vn 0.9624 -0.2285 -0.1468
vn 0.9755 -0.1912 -0.1089
vn 0.9826 -0.1847 0.0205
vn 0.9625 -0.2284 -0.1468
vn 0.9825 -0.1850 0.0207
vn 0.9751 -0.2217 0.0040
vn 0.9755 -0.1913 -0.1090
vn 0.9819 -0.1686 -0.0863
vn 0.9865 -0.1615 0.0260
vn 0.9755 -0.1911 -0.1090
vn 0.9865 -0.1616 0.0261
vn 0.9826 -0.1847 0.0206
vn 0.9819 -0.1687 -0.0863
vn 0.9860 -0.1496 -0.0735
vn 0.9899 -0.1367 0.0380
vn 0.9819 -0.1687 -0.0861
vn 0.9898 -0.1371 0.0383
vn 0.9860 -0.1495 -0.0735
vn 0.9911 -0.1178 -0.0625
vn 0.9937 -0.0973 0.0550
vn 0.9860 -0.1494 -0.0734
vn 0.9938 -0.0970 0.0548
vn 0.9898 -0.1371 0.0381
vn 0.9911 -0.1177 -0.0625
vn 0.9965 -0.0619 -0.0561
vn 0.9970 -0.0303 0.0714
vn 0.9911 -0.1177 -0.0626
vn 0.9970 -0.0303 0.0713
vn 0.9937 -0.0976 0.0550
vn 0.9965 -0.0615 -0.0563
vn 0.9980 0.0317 -0.0552
vn 0.9933 0.0804 0.0828
vn 0.9933 0.0802 0.0827
vn 0.9980 0.0316 -0.0550
vn 0.9773 0.1889 -0.0964
vn 0.9659 0.2447 0.0846
vn 0.9980 0.0320 -0.0553
vn 0.9659 0.2447 0.0845
vn 0.9934 0.0803 0.0825
vn 0.9774 0.1884 -0.0961
vn 0.8904 0.4046 -0.2087
vn 0.8785 0.4750 0.0507
vn 0.9774 0.1882 -0.0962
vn 0.8786 0.4748 0.0509
vn 0.9659 0.2450 0.0843
vn 0.8904 0.4044 -0.2090
vn 0.7509 0.5721 -0.3298
vn 0.6920 0.7212 -0.0333
vn 0.8903 0.4044 -0.2092
vn 0.6919 0.7212 -0.0334
vn 0.8786 0.4749 0.0507
vn 0.5472 0.7324 -0.4052
vn 0.4370 0.8907 -0.1253
vn 0.7511 0.5721 -0.3296
vn 0.4369 0.8907 -0.1253
vn 0.6920 0.7211 -0.0331
vn 0.5473 0.7325 -0.4048
vn 0.2881 0.8338 -0.4710
vn 0.1673 0.9665 -0.1945
vn 0.5472 0.7326 -0.4048
vn 0.1675 0.9665 -0.1944
vn 0.4372 0.8906 -0.1252
vn 0.2882 0.8338 -0.4709
vn 0.1048 0.8633 -0.4936
vn -0.0602 0.9712 -0.2306
vn 0.2883 0.8337 -0.4709
vn -0.0603 0.9711 -0.2309
vn 0.1674 0.9665 -0.1945
vn 0.1049 0.8633 -0.4936
vn -0.1507 0.8883 -0.4337
vn -0.2744 0.9382 -0.2112
vn 0.1048 0.8631 -0.4940
vn -0.2743 0.9382 -0.2111
vn -0.0604 0.9711 -0.2308
vn 0.9638 -0.2641 -0.0355
vn 0.9750 -0.2221 0.0036
vn 0.9627 -0.2141 0.1657
vn 0.9639 -0.2639 -0.0357
vn 0.9626 -0.2143 0.1657
vn 0.9592 -0.2574 0.1166
vn 0.9750 -0.2220 0.0035
vn 0.9825 -0.1850 0.0202
vn 0.9635 -0.1765 0.2012
vn 0.9751 -0.2218 0.0034
vn 0.9635 -0.1766 0.2012
vn 0.9626 -0.2144 0.1658
vn 0.9825 -0.1849 0.0202
vn 0.9865 -0.1616 0.0258
vn 0.9611 -0.1450 0.2352
vn 0.9826 -0.1846 0.0201
vn 0.9611 -0.1453 0.2350
vn 0.9635 -0.1767 0.2012
vn 0.9865 -0.1619 0.0257
vn 0.9899 -0.1368 0.0379
vn 0.9570 -0.1075 0.2696
vn 0.9569 -0.1076 0.2696
vn 0.9610 -0.1454 0.2351
vn 0.9899 -0.1369 0.0377
vn 0.9938 -0.0973 0.0547
vn 0.9511 -0.0517 0.3044
vn 0.9899 -0.1370 0.0378
vn 0.9512 -0.0515 0.3043
vn 0.9569 -0.1077 0.2697
vn 0.9938 -0.0973 0.0546
vn 0.9970 -0.0303 0.0712
vn 0.9410 0.0363 0.3364
vn 0.9410 0.0364 0.3364
vn 0.9512 -0.0519 0.3043
vn 0.9970 -0.0303 0.0711
vn 0.9933 0.0803 0.0826
vn 0.9189 0.1649 0.3583
vn 0.9970 -0.0304 0.0713
vn 0.9190 0.1653 0.3579
vn 0.9410 0.0360 0.3366
vn 0.9933 0.0808 0.0826
vn 0.9657 0.2454 0.0845
vn 0.8651 0.3445 0.3645
vn 0.9933 0.0803 0.0829
vn 0.8650 0.3447 0.3647
vn 0.9190 0.1649 0.3582
vn 0.9658 0.2448 0.0850
vn 0.8785 0.4750 0.0509
vn 0.7462 0.5724 0.3398
vn 0.9659 0.2448 0.0848
vn 0.7461 0.5725 0.3400
vn 0.8649 0.3449 0.3647
vn 0.8786 0.4748 0.0510
vn 0.5244 0.8047 0.2783
vn 0.5245 0.8046 0.2783
vn 0.7460 0.5726 0.3399
vn 0.6919 0.7212 -0.0333
vn 0.4368 0.8908 -0.1251
vn 0.2408 0.9534 0.1816
vn 0.2409 0.9534 0.1816
vn 0.5244 0.8048 0.2781
vn 0.4368 0.8907 -0.1255
vn 0.1678 0.9665 -0.1945
vn -0.0111 0.9951 0.0982
vn -0.0112 0.9951 0.0982
vn 0.2406 0.9535 0.1816
vn 0.1678 0.9665 -0.1943
vn -0.0602 0.9711 -0.2308
vn -0.2141 0.9756 0.0486
vn 0.1676 0.9665 -0.1946
vn -0.2140 0.9756 0.0486
vn -0.0111 0.9951 0.0983
vn -0.0601 0.9712 -0.2306
vn -0.2747 0.9381 -0.2110
vn -0.3819 0.9236 0.0343
vn -0.0604 0.9711 -0.2307
vn -0.3824 0.9234 0.0339
vn -0.2138 0.9757 0.0486
vn 0.9593 -0.2574 0.1162
vn 0.9627 -0.2142 0.1655
vn 0.9161 -0.1957 0.3500
vn 0.9593 -0.2573 0.1163
vn 0.9160 -0.1959 0.3500
vn 0.9278 -0.2453 0.2811
vn 0.9627 -0.2144 0.1654
vn 0.9636 -0.1767 0.2008
vn 0.8940 -0.1511 0.4219
vn 0.9626 -0.2143 0.1655
vn 0.8940 -0.1512 0.4219
vn 0.9161 -0.1958 0.3498
vn 0.9635 -0.1769 0.2009
vn 0.9612 -0.1454 0.2346
vn 0.8643 -0.1103 0.4908
vn 0.9636 -0.1767 0.2007
vn 0.8642 -0.1105 0.4909
vn 0.8941 -0.1508 0.4218
vn 0.9611 -0.1456 0.2345
vn 0.9570 -0.1078 0.2693
vn 0.8310 -0.0629 0.5527
vn 0.9611 -0.1454 0.2347
vn 0.8309 -0.0633 0.5528
vn 0.8643 -0.1100 0.4907
vn 0.9570 -0.1077 0.2692
vn 0.9512 -0.0522 0.3043
vn 0.7941 -0.0009 0.6078
vn 0.9570 -0.1077 0.2693
vn 0.7941 -0.0011 0.6078
vn 0.8311 -0.0626 0.5526
vn 0.9512 -0.0519 0.3041
vn 0.7553 0.0901 0.6492
vn 0.9512 -0.0519 0.3040
vn 0.7552 0.0899 0.6493
vn 0.7942 -0.0004 0.6076
vn 0.9410 0.0360 0.3364
vn 0.9188 0.1651 0.3584
vn 0.7051 0.2147 0.6758
vn 0.9410 0.0358 0.3365
vn 0.7052 0.2148 0.6757
vn 0.7555 0.0905 0.6489
vn 0.9189 0.1653 0.3582
vn 0.8649 0.3448 0.3649
vn 0.6311 0.3777 0.6775
vn 0.9188 0.1651 0.3585
vn 0.6311 0.3776 0.6776
vn 0.7053 0.2150 0.6755
vn 0.7462 0.5724 0.3399
vn 0.5110 0.5791 0.6352
vn 0.8648 0.3449 0.3649
vn 0.6311 0.3780 0.6773
vn 0.5246 0.8046 0.2783
vn 0.3119 0.7859 0.5339
vn 0.7461 0.5723 0.3402
vn 0.3120 0.7858 0.5340
vn 0.5108 0.5791 0.6354
vn 0.5246 0.8045 0.2785
vn 0.2407 0.9535 0.1815
vn 0.0664 0.9118 0.4053
vn 0.5247 0.8045 0.2782
vn 0.0662 0.9118 0.4053
vn 0.3120 0.7857 0.5341
vn 0.2406 0.9534 0.1820
vn -0.0109 0.9951 0.0981
vn -0.1554 0.9412 0.2999
vn 0.2409 0.9534 0.1817
vn -0.1550 0.9413 0.3000
vn 0.0660 0.9118 0.4053
vn -0.2140 0.9756 0.0484
vn -0.3286 0.9120 0.2453
vn -0.0110 0.9951 0.0985
vn -0.3282 0.9121 0.2455
vn -0.1552 0.9414 0.2996
vn -0.2136 0.9757 0.0486
vn -0.3820 0.9235 0.0345
vn -0.4532 0.8625 0.2252
vn -0.2140 0.9756 0.0485
vn -0.4533 0.8624 0.2253
vn -0.3285 0.9121 0.2451
vn 0.9277 -0.2459 0.2809
vn 0.9162 -0.1957 0.3496
vn 0.8613 -0.1767 0.4764
vn 0.8613 -0.1768 0.4764
vn 0.8820 -0.2310 0.4107
vn 0.9162 -0.1962 0.3495
vn 0.8942 -0.1510 0.4214
vn 0.8257 -0.1184 0.5516
vn 0.9161 -0.1963 0.3497
vn 0.8257 -0.1183 0.5516
vn 0.8614 -0.1767 0.4762
vn 0.8941 -0.1514 0.4215
vn 0.8645 -0.1103 0.4905
vn 0.7714 -0.0733 0.6322
vn 0.8941 -0.1515 0.4214
vn 0.7714 -0.0730 0.6322
vn 0.8258 -0.1182 0.5515
vn 0.8643 -0.1109 0.4907
vn 0.8313 -0.0629 0.5523
vn 0.7149 -0.0235 0.6989
vn 0.8644 -0.1107 0.4905
vn 0.7150 -0.0234 0.6987
vn 0.7715 -0.0731 0.6320
vn 0.8312 -0.0633 0.5524
vn 0.7944 -0.0008 0.6074
vn 0.6546 0.0363 0.7551
vn 0.8312 -0.0630 0.5523
vn 0.6545 0.0363 0.7552
vn 0.7148 -0.0236 0.6990
vn 0.7942 -0.0014 0.6076
vn 0.7554 0.0901 0.6490
vn 0.5892 0.1148 0.7998
vn 0.7944 -0.0010 0.6074
vn 0.5893 0.1147 0.7998
vn 0.6547 0.0362 0.7550
vn 0.7553 0.0897 0.6492
vn 0.7051 0.2148 0.6758
vn 0.5201 0.2215 0.8249
vn 0.7556 0.0901 0.6488
vn 0.5201 0.2216 0.8249
vn 0.5890 0.1147 0.7999
vn 0.7050 0.2145 0.6760
vn 0.6308 0.3781 0.6776
vn 0.4362 0.3569 0.8260
vn 0.7054 0.2149 0.6755
vn 0.4362 0.3571 0.8260
vn 0.5200 0.2215 0.8249
vn 0.6310 0.3781 0.6774
vn 0.5108 0.5794 0.6352
vn 0.2883 0.5287 0.7984
vn 0.6311 0.3782 0.6773
vn 0.2883 0.5289 0.7982
vn 0.4361 0.3568 0.8262
vn 0.5106 0.5793 0.6354
vn 0.3121 0.7857 0.5341
vn 0.1044 0.6932 0.7132
vn 0.5107 0.5793 0.6353
vn 0.1045 0.6934 0.7130
vn 0.2880 0.5289 0.7983
vn 0.3122 0.7858 0.5339
vn 0.0663 0.9118 0.4054
vn -0.1056 0.8055 0.5831
vn 0.3117 0.7859 0.5341
vn -0.1060 0.8055 0.5830
vn 0.1046 0.6936 0.7127
vn 0.0661 0.9118 0.4054
vn -0.1552 0.9413 0.2998
vn -0.2902 0.8369 0.4641
vn 0.0663 0.9118 0.4052
vn -0.2903 0.8369 0.4640
vn -0.1058 0.8058 0.5827
vn -0.1551 0.9414 0.2997
vn -0.3284 0.9121 0.2453
vn -0.4188 0.8183 0.3937
vn -0.1552 0.9414 0.2995
vn -0.4183 0.8185 0.3938
vn -0.2902 0.8371 0.4637
vn -0.3284 0.9122 0.2452
vn -0.4532 0.8625 0.2254
vn -0.5026 0.7862 0.3596
vn -0.3287 0.9120 0.2451
vn -0.5025 0.7863 0.3595
vn -0.4184 0.8185 0.3938
vn 0.8821 -0.2309 0.4105
vn 0.8614 -0.1768 0.4762
vn 0.8239 -0.1619 0.5431
vn 0.8820 -0.2314 0.4105
vn 0.8240 -0.1617 0.5431
vn 0.8521 -0.2166 0.4765
vn 0.8615 -0.1768 0.4760
vn 0.8258 -0.1185 0.5515
vn 0.7878 -0.0955 0.6085
vn 0.8613 -0.1771 0.4762
vn 0.7878 -0.0954 0.6085
vn 0.8240 -0.1619 0.5429
vn 0.8258 -0.1187 0.5513
vn 0.7714 -0.0735 0.6321
vn 0.7314 -0.0367 0.6810
vn 0.8258 -0.1185 0.5514
vn 0.7313 -0.0366 0.6810
vn 0.7877 -0.0955 0.6086
vn 0.7716 -0.0734 0.6318
vn 0.7150 -0.0239 0.6988
vn 0.6530 0.0095 0.7573
vn 0.7717 -0.0732 0.6318
vn 0.6531 0.0098 0.7572
vn 0.7313 -0.0370 0.6811
vn 0.7150 -0.0239 0.6987
vn 0.6546 0.0362 0.7551
vn 0.5785 0.0650 0.8131
vn 0.7151 -0.0236 0.6986
vn 0.5785 0.0653 0.8130
vn 0.6528 0.0091 0.7575
vn 0.6550 0.0363 0.7547
vn 0.5891 0.1145 0.7999
vn 0.4983 0.1363 0.8562
vn 0.6551 0.0366 0.7547
vn 0.5783 0.0645 0.8133
vn 0.5895 0.1149 0.7996
vn 0.5200 0.2211 0.8251
vn 0.4113 0.2231 0.8838
vn 0.5895 0.1146 0.7996
vn 0.4115 0.2231 0.8837
vn 0.4982 0.1359 0.8563
vn 0.5201 0.2214 0.8249
vn 0.4360 0.3569 0.8261
vn 0.2685 0.3534 0.8961
vn 0.5201 0.2212 0.8250
vn 0.2686 0.3535 0.8960
vn 0.4111 0.2229 0.8839
vn 0.4361 0.3569 0.8261
vn 0.2882 0.5289 0.7983
vn 0.0904 0.4913 0.8663
vn 0.4359 0.3567 0.8263
vn 0.0903 0.4913 0.8663
vn 0.2684 0.3535 0.8961
vn 0.2880 0.5288 0.7984
vn 0.1039 0.6933 0.7131
vn -0.1019 0.5869 0.8032
vn 0.2884 0.5290 0.7981
vn -0.1020 0.5870 0.8031
vn 0.0904 0.4918 0.8660
vn 0.1044 0.6937 0.7127
vn -0.1059 0.8057 0.5828
vn -0.2532 0.6681 0.6996
vn 0.1042 0.6937 0.7127
vn -0.2532 0.6680 0.6997
vn -0.1018 0.5871 0.8031
vn -0.1061 0.8057 0.5827
vn -0.2901 0.8370 0.4640
vn -0.3865 0.7185 0.5783
vn -0.1056 0.8059 0.5826
vn -0.3864 0.7186 0.5782
vn -0.2530 0.6680 0.6998
vn -0.2902 0.8371 0.4638
vn -0.4189 0.8182 0.3938
vn -0.4570 0.7361 0.4992
vn -0.2902 0.8370 0.4638
vn -0.4567 0.7363 0.4993
vn -0.3862 0.7186 0.5784
vn -0.4186 0.8183 0.3939
vn -0.5023 0.7864 0.3595
vn -0.5234 0.7282 0.4424
vn -0.4188 0.8183 0.3938
vn -0.5236 0.7280 0.4424
vn -0.4567 0.7362 0.4995
vn 0.8521 -0.2167 0.4763
vn 0.8240 -0.1620 0.5430
vn 0.7803 -0.1500 0.6071
vn 0.8520 -0.2169 0.4765
vn 0.7804 -0.1498 0.6070
vn 0.8134 -0.2015 0.5456
vn 0.8242 -0.1618 0.5428
vn 0.7879 -0.0953 0.6084
vn 0.7347 -0.0822 0.6734
vn 0.8241 -0.1618 0.5428
vn 0.7348 -0.0821 0.6733
vn 0.7880 -0.0953 0.6083
vn 0.7312 -0.0369 0.6811
vn 0.6781 -0.0109 0.7349
vn 0.6782 -0.0109 0.7348
vn 0.7349 -0.0823 0.6731
vn 0.7317 -0.0366 0.6807
vn 0.6531 0.0095 0.7572
vn 0.6000 0.0513 0.7983
vn 0.7316 -0.0366 0.6807
vn 0.5999 0.0510 0.7984
vn 0.6781 -0.0113 0.7349
vn 0.6535 0.0097 0.7569
vn 0.5784 0.0647 0.8132
vn 0.5044 0.0940 0.8584
vn 0.6534 0.0096 0.7570
vn 0.5045 0.0943 0.8583
vn 0.5999 0.0509 0.7984
vn 0.5788 0.0649 0.8129
vn 0.4983 0.1359 0.8563
vn 0.4101 0.1570 0.8984
vn 0.5787 0.0648 0.8129
vn 0.5045 0.0937 0.8583
vn 0.4986 0.1361 0.8561
vn 0.4112 0.2228 0.8839
vn 0.2586 0.2514 0.9327
vn 0.4983 0.1357 0.8563
vn 0.2589 0.2515 0.9326
vn 0.4100 0.1569 0.8985
vn 0.4114 0.2228 0.8838
vn 0.2686 0.3536 0.8960
vn 0.0823 0.3562 0.9308
vn 0.4113 0.2224 0.8840
vn 0.0819 0.3561 0.9308
vn 0.2588 0.2515 0.9326
vn 0.2689 0.3531 0.8961
vn 0.0902 0.4915 0.8662
vn -0.1118 0.4535 0.8842
vn 0.2689 0.3532 0.8961
vn -0.1117 0.4535 0.8842
vn 0.0827 0.3565 0.9306
vn 0.0910 0.4916 0.8661
vn -0.1022 0.5870 0.8031
vn -0.2179 0.5106 0.8318
vn 0.0910 0.4915 0.8661
vn -0.2177 0.5106 0.8318
vn -0.1118 0.4534 0.8843
vn -0.1020 0.5869 0.8032
vn -0.3244 0.5832 0.7447
vn -0.1018 0.5870 0.8032
vn -0.3246 0.5831 0.7448
vn -0.2176 0.5106 0.8318
vn -0.2534 0.6679 0.6998
vn -0.3862 0.7187 0.5782
vn -0.4193 0.6328 0.6509
vn -0.2533 0.6678 0.6999
vn -0.4187 0.6333 0.6508
vn -0.3240 0.5833 0.7449
vn -0.3863 0.7186 0.5782
vn -0.4569 0.7362 0.4992
vn -0.4717 0.6605 0.5842
vn -0.3865 0.7184 0.5784
vn -0.4715 0.6607 0.5841
vn -0.4187 0.6331 0.6511
vn -0.4569 0.7362 0.4993
vn -0.5233 0.7283 0.4425
vn -0.5239 0.6683 0.5281
vn -0.4571 0.7360 0.4993
vn -0.5240 0.6683 0.5280
vn -0.4718 0.6603 0.5843
vn 0.8137 -0.2016 0.5452
vn 0.7804 -0.1501 0.6070
vn 0.7226 -0.1435 0.6762
vn 0.8135 -0.2017 0.5454
vn 0.7226 -0.1433 0.6762
vn 0.7616 -0.1808 0.6223
vn 0.7807 -0.1497 0.6067
vn 0.6755 -0.0759 0.7335
vn 0.7807 -0.1498 0.6067
vn 0.6754 -0.0757 0.7336
vn 0.7228 -0.1435 0.6760
vn 0.7352 -0.0822 0.6729
vn 0.6782 -0.0111 0.7348
vn 0.6100 -0.0032 0.7924
vn 0.7352 -0.0821 0.6729
vn 0.6101 -0.0031 0.7923
vn 0.6755 -0.0760 0.7334
vn 0.6783 -0.0112 0.7347
vn 0.6000 0.0511 0.7983
vn 0.5331 0.0738 0.8428
vn 0.6784 -0.0110 0.7346
vn 0.5332 0.0740 0.8428
vn 0.6100 -0.0034 0.7924
vn 0.6005 0.0513 0.7979
vn 0.5043 0.0937 0.8585
vn 0.4397 0.1358 0.8878
vn 0.6002 0.0508 0.7982
vn 0.4400 0.1358 0.8877
vn 0.5332 0.0740 0.8427
vn 0.5048 0.0939 0.8581
vn 0.4102 0.1568 0.8984
vn 0.2832 0.1944 0.9392
vn 0.5044 0.0934 0.8584
vn 0.2832 0.1947 0.9391
vn 0.4401 0.1358 0.8876
vn 0.4105 0.1570 0.8983
vn 0.2589 0.2516 0.9326
vn 0.1082 0.2798 0.9539
vn 0.4104 0.1567 0.8984
vn 0.1082 0.2797 0.9540
vn 0.2834 0.1946 0.9390
vn 0.2593 0.2509 0.9326
vn 0.0825 0.3563 0.9307
vn -0.0783 0.3653 0.9276
vn 0.2593 0.2513 0.9325
vn -0.0782 0.3652 0.9276
vn 0.1087 0.2800 0.9538
vn 0.0827 0.3562 0.9307
vn -0.1117 0.4536 0.8842
vn -0.1952 0.4248 0.8840
vn 0.0828 0.3564 0.9306
vn -0.1948 0.4250 0.8840
vn -0.0779 0.3649 0.9278
vn -0.1118 0.4532 0.8844
vn -0.2176 0.5108 0.8317
vn -0.2566 0.4698 0.8446
vn -0.1118 0.4531 0.8844
vn -0.2565 0.4701 0.8445
vn -0.1947 0.4249 0.8840
vn -0.2179 0.5104 0.8319
vn -0.3244 0.5834 0.7446
vn -0.3454 0.5332 0.7723
vn -0.2179 0.5102 0.8320
vn -0.3455 0.5333 0.7722
vn -0.2564 0.4701 0.8446
vn -0.3242 0.5831 0.7449
vn -0.4188 0.6331 0.6509
vn -0.4225 0.5801 0.6964
vn -0.3244 0.5830 0.7449
vn -0.4223 0.5802 0.6964
vn -0.3450 0.5331 0.7725
vn -0.4186 0.6332 0.6510
vn -0.4719 0.6604 0.5841
vn -0.4624 0.6025 0.6505
vn -0.4189 0.6330 0.6510
vn -0.4628 0.6024 0.6504
vn -0.4224 0.5800 0.6966
vn -0.4719 0.6603 0.5842
vn -0.5237 0.6685 0.5281
vn -0.4964 0.6275 0.5998
vn -0.4971 0.6271 0.5997
vn -0.4626 0.6023 0.6506
vn 0.7618 -0.1805 0.6221
vn 0.7229 -0.1432 0.6759
vn 0.6621 -0.1321 0.7376
vn 0.7619 -0.1805 0.6220
vn 0.6621 -0.1322 0.7377
vn 0.7111 -0.1555 0.6857
vn 0.7228 -0.1433 0.6760
vn 0.6755 -0.0760 0.7335
vn 0.6141 -0.0864 0.7845
vn 0.7227 -0.1437 0.6761
vn 0.6142 -0.0864 0.7844
vn 0.6622 -0.1323 0.7376
vn 0.6756 -0.0759 0.7333
vn 0.6100 -0.0033 0.7924
vn 0.5494 -0.0082 0.8355
vn 0.6753 -0.0766 0.7335
vn 0.5496 -0.0078 0.8354
vn 0.6145 -0.0862 0.7842
vn 0.6102 -0.0033 0.7922
vn 0.5333 0.0741 0.8427
vn 0.4668 0.0691 0.8817
vn 0.6100 -0.0037 0.7924
vn 0.4669 0.0695 0.8816
vn 0.5500 -0.0079 0.8352
vn 0.5334 0.0738 0.8426
vn 0.4399 0.1360 0.8877
vn 0.3313 0.1653 0.9289
vn 0.5333 0.0736 0.8427
vn 0.3313 0.1654 0.9289
vn 0.4672 0.0694 0.8814
vn 0.4402 0.1357 0.8876
vn 0.2833 0.1947 0.9391
vn 0.1946 0.2393 0.9512
vn 0.4401 0.1356 0.8876
vn 0.1945 0.2392 0.9513
vn 0.3316 0.1656 0.9288
vn 0.2836 0.1942 0.9391
vn 0.1083 0.2801 0.9538
vn 0.0236 0.3071 0.9514
vn 0.2837 0.1943 0.9390
vn 0.0237 0.3069 0.9514
vn 0.1950 0.2393 0.9512
vn 0.1083 0.2797 0.9540
vn -0.0783 0.3648 0.9278
vn -0.1069 0.3730 0.9217
vn 0.1083 0.2798 0.9539
vn -0.1069 0.3734 0.9215
vn 0.0242 0.3069 0.9514
vn -0.1949 0.4250 0.8840
vn -0.1765 0.4215 0.8895
vn -0.0783 0.3647 0.9278
vn -0.1761 0.4219 0.8894
vn -0.1065 0.3732 0.9216
vn -0.1947 0.4248 0.8841
vn -0.2412 0.4650 0.8518
vn -0.2410 0.4654 0.8517
vn -0.1761 0.4217 0.8894
vn -0.2567 0.4696 0.8447
vn -0.3451 0.5334 0.7723
vn -0.3306 0.5163 0.7900
vn -0.2567 0.4698 0.8446
vn -0.3304 0.5162 0.7901
vn -0.2409 0.4652 0.8518
vn -0.3450 0.5332 0.7724
vn -0.4031 0.5620 0.7223
vn -0.3452 0.5330 0.7725
vn -0.4031 0.5622 0.7221
vn -0.3300 0.5163 0.7903
vn -0.4224 0.5801 0.6965
vn -0.4628 0.6023 0.6504
vn -0.4368 0.5888 0.6802
vn -0.4222 0.5804 0.6964
vn -0.4370 0.5887 0.6801
vn -0.4036 0.5616 0.7223
vn -0.4627 0.6023 0.6505
vn -0.4966 0.6274 0.5998
vn -0.4543 0.6108 0.6485
vn -0.4624 0.6027 0.6503
vn -0.4547 0.6105 0.6485
vn -0.4371 0.5886 0.6801
vn 0.7980 -0.1680 -0.5788
vn 0.7911 -0.1582 -0.5908
vn 0.8215 -0.1748 -0.5428
vn 0.7979 -0.1682 -0.5788
vn 0.8215 -0.1749 -0.5427
vn 0.8252 -0.1808 -0.5352
vn 0.7913 -0.1577 -0.5908
vn 0.7706 -0.1377 -0.6223
vn 0.8105 -0.1592 -0.5636
vn 0.7912 -0.1578 -0.5908
vn 0.8104 -0.1592 -0.5638
vn 0.8214 -0.1752 -0.5427
vn 0.7706 -0.1372 -0.6223
vn 0.7413 -0.1011 -0.6635
vn 0.7793 -0.1339 -0.6121
vn 0.7706 -0.1374 -0.6223
vn 0.7794 -0.1336 -0.6122
vn 0.8104 -0.1596 -0.5638
vn 0.7417 -0.1011 -0.6631
vn 0.6973 -0.0641 -0.7139
vn 0.7445 -0.1222 -0.6564
vn 0.7414 -0.1011 -0.6634
vn 0.7443 -0.1221 -0.6566
vn 0.7794 -0.1335 -0.6121
vn 0.6973 -0.0644 -0.7139
vn 0.6616 -0.0525 -0.7480
vn 0.7030 -0.1091 -0.7028
vn 0.6971 -0.0645 -0.7141
vn 0.7028 -0.1089 -0.7030
vn 0.7445 -0.1221 -0.6564
vn 0.6617 -0.0530 -0.7479
vn 0.6302 -0.0447 -0.7752
vn 0.6629 -0.0983 -0.7422
vn 0.6614 -0.0529 -0.7482
vn 0.6626 -0.0982 -0.7425
vn 0.5863 -0.0300 -0.8095
vn 0.6296 -0.0944 -0.7712
vn 0.6301 -0.0450 -0.7752
vn 0.6293 -0.0943 -0.7714
vn 0.6628 -0.0980 -0.7423
vn 0.5863 -0.0303 -0.8095
vn 0.5274 -0.0092 -0.8495
vn 0.5832 -0.0714 -0.8092
vn 0.5861 -0.0300 -0.8097
vn 0.5829 -0.0715 -0.8094
vn 0.6294 -0.0940 -0.7714
vn 0.5276 -0.0094 -0.8494
vn 0.5196 -0.0269 -0.8540
vn 0.5272 -0.0096 -0.8497
vn 0.5194 -0.0269 -0.8541
vn 0.4504 0.0282 -0.8924
vn 0.3580 0.0819 -0.9301
vn 0.4383 0.0319 -0.8982
vn 0.4500 0.0283 -0.8926
vn 0.4383 0.0324 -0.8982
vn 0.5197 -0.0269 -0.8539
vn 0.3581 0.0816 -0.9301
vn 0.2551 0.1442 -0.9561
vn 0.3462 0.0928 -0.9336
vn 0.3580 0.0816 -0.9302
vn 0.3460 0.0929 -0.9336
vn 0.4384 0.0323 -0.8982
vn 0.2553 0.1438 -0.9561
vn 0.1345 0.2158 -0.9671
vn 0.2397 0.1524 -0.9588
vn 0.2550 0.1440 -0.9562
vn 0.2393 0.1526 -0.9589
vn 0.3463 0.0928 -0.9335
vn 0.1348 0.2157 -0.9671
vn -0.0117 0.2901 -0.9569
vn 0.1333 0.1874 -0.9732
vn 0.2398 0.1528 -0.9587
vn -0.1151 0.3149 -0.9421
vn 0.0074 0.2344 -0.9721
vn -0.0116 0.2907 -0.9567
vn 0.0070 0.2344 -0.9721
vn 0.1334 0.1872 -0.9732
vn -0.1151 0.3148 -0.9421
vn -0.1578 0.3092 -0.9378
vn -0.1151 0.3152 -0.9420
vn -0.1581 0.3089 -0.9379
vn 0.0073 0.2345 -0.9721
vn -0.2416 0.3569 -0.9024
vn -0.3207 0.3970 -0.8599
vn -0.2973 0.3587 -0.8849
vn -0.2414 0.3573 -0.9023
vn -0.2973 0.3589 -0.8848
vn -0.1578 0.3088 -0.9379
vn -0.1576 0.3088 -0.9380
vn -0.2973 0.3584 -0.8850
vn -0.2961 0.3973 -0.8686
vn -0.1575 0.3088 -0.9380
vn -0.2960 0.3974 -0.8686
vn -0.1119 0.3241 -0.9394
vn -0.1118 0.3243 -0.9393
vn -0.2959 0.3977 -0.8685
vn -0.2640 0.4129 -0.8717
vn -0.1117 0.3243 -0.9393
vn -0.2639 0.4129 -0.8717
vn -0.0631 0.4307 -0.9003
vn -0.0630 0.4307 -0.9003
vn -0.2639 0.4130 -0.8716
vn -0.2627 0.5612 -0.7848
vn -0.0630 0.4309 -0.9002
vn -0.2625 0.5612 -0.7849
vn -0.0287 0.5828 -0.8121
vn -0.2626 0.5610 -0.7851
vn -0.2749 0.7107 -0.6476
vn -0.0290 0.5826 -0.8122
vn -0.2747 0.7105 -0.6478
vn -0.0357 0.6998 -0.7135
vn -0.0361 0.6998 -0.7135
vn -0.2746 0.7106 -0.6478
vn -0.3334 0.7976 -0.5027
vn -0.0360 0.6998 -0.7134
vn -0.3333 0.7976 -0.5027
vn -0.0485 0.7862 -0.6160
vn -0.0485 0.7865 -0.6157
vn -0.4012 0.8537 -0.3320
vn -0.0488 0.7863 -0.6160
vn -0.1506 0.8883 -0.4340
vn -0.1509 0.8881 -0.4341
vn -0.4012 0.8539 -0.3315
vn -0.4690 0.8728 -0.1349
vn -0.1507 0.8882 -0.4340
vn -0.4691 0.8728 -0.1350
vn -0.2746 0.9380 -0.2113
vn -0.2745 0.9382 -0.2109
vn -0.5150 0.8561 0.0427
vn -0.2746 0.9382 -0.2107
vn -0.5153 0.8559 0.0428
vn -0.3821 0.9235 0.0342
vn -0.3822 0.9234 0.0342
vn -0.5435 0.8097 0.2214
vn -0.3821 0.9235 0.0343
vn -0.5438 0.8096 0.2212
vn -0.4531 0.8625 0.2253
vn -0.4534 0.8624 0.2252
vn -0.5439 0.8094 0.2214
vn -0.5630 0.7407 0.3666
vn -0.5024 0.7863 0.3597
vn -0.5632 0.7407 0.3663
vn -0.5705 0.6980 0.4327
vn -0.5023 0.7864 0.3596
vn -0.5709 0.6978 0.4327
vn -0.5233 0.7282 0.4425
vn -0.5237 0.7281 0.4423
vn -0.5709 0.6978 0.4326
vn -0.5591 0.6678 0.4913
vn -0.5232 0.7284 0.4424
vn -0.5594 0.6675 0.4914
vn -0.5236 0.6684 0.5282
vn -0.5238 0.6684 0.5281
vn -0.5595 0.6675 0.4913
vn -0.5248 0.6477 0.5523
vn -0.5237 0.6686 0.5279
vn -0.5250 0.6479 0.5520
vn -0.4970 0.6271 0.5998
vn -0.4789 0.6151 0.6263
vn -0.4966 0.6275 0.5997
vn -0.4791 0.6152 0.6260
vn -0.4544 0.6108 0.6484
vn -0.4547 0.6106 0.6483
vn -0.4438 0.5828 0.6808
vn -0.4545 0.6106 0.6485
vn -0.4437 0.5827 0.6809
vn -0.4251 0.5803 0.6947
vn -0.4372 0.5885 0.6801
vn -0.4543 0.6109 0.6484
vn -0.4253 0.5801 0.6947
vn -0.4369 0.5887 0.6801
vn -0.4254 0.5802 0.6946
vn -0.4073 0.5696 0.7139
vn -0.4029 0.5621 0.7223
vn -0.4068 0.5700 0.7139
vn -0.4030 0.5622 0.7222
vn -0.4070 0.5698 0.7139
vn -0.3724 0.5470 0.7497
vn -0.3299 0.5165 0.7902
vn -0.4034 0.5619 0.7221
vn -0.3719 0.5476 0.7496
vn -0.3298 0.5165 0.7902
vn -0.3720 0.5475 0.7495
vn -0.2998 0.5095 0.8066
vn -0.2411 0.4650 0.8519
vn -0.3304 0.5164 0.7900
vn -0.2996 0.5099 0.8064
vn -0.2408 0.4654 0.8517
vn -0.3000 0.5098 0.8063
vn -0.2101 0.4546 0.8656
vn -0.1759 0.4218 0.8895
vn -0.2411 0.4652 0.8517
vn -0.2102 0.4546 0.8655
vn -0.1763 0.4216 0.8895
vn -0.2103 0.4548 0.8654
vn -0.1064 0.3734 0.9216
vn -0.1764 0.4217 0.8894
vn -0.1450 0.4095 0.9007
vn -0.1068 0.3732 0.9216
vn -0.1447 0.4099 0.9006
vn -0.0728 0.3594 0.9303
vn 0.0239 0.3068 0.9515
vn -0.1069 0.3733 0.9215
vn -0.0731 0.3593 0.9303
vn 0.0236 0.3066 0.9515
vn -0.0729 0.3596 0.9303
vn 0.0035 0.3074 0.9516
vn 0.1948 0.2390 0.9513
vn 0.0237 0.3069 0.9515
vn 0.0030 0.3073 0.9516
vn 0.1946 0.2388 0.9514
vn 0.0034 0.3076 0.9515
vn 0.1058 0.2455 0.9636
vn 0.3314 0.1648 0.9290
vn 0.1052 0.2456 0.9636
vn 0.3319 0.1652 0.9287
vn 0.1052 0.2454 0.9637
vn 0.2561 0.1552 0.9541
vn 0.4672 0.0692 0.8814
vn 0.3312 0.1652 0.9290
vn 0.2557 0.1553 0.9542
vn 0.4674 0.0695 0.8813
vn 0.2555 0.1550 0.9543
vn 0.3872 0.0618 0.9199
vn 0.5499 -0.0082 0.8352
vn 0.4670 0.0693 0.8815
vn 0.3871 0.0621 0.9199
vn 0.5500 -0.0081 0.8351
vn 0.4990 -0.0327 0.8660
vn 0.6144 -0.0865 0.7842
vn 0.5497 -0.0080 0.8353
vn 0.4989 -0.0324 0.8660
vn 0.6144 -0.0864 0.7843
vn 0.4986 -0.0327 0.8662
vn 0.5682 -0.0869 0.8183
vn 0.6623 -0.1326 0.7374
vn 0.6144 -0.0861 0.7843
vn 0.5682 -0.0866 0.8183
vn 0.6623 -0.1325 0.7375
vn 0.5681 -0.0868 0.8184
vn 0.6280 -0.1112 0.7702
vn 0.7113 -0.1554 0.6855
vn 0.6278 -0.1113 0.7704
vn 0.7112 -0.1557 0.6855
vn 0.6279 -0.1112 0.7703
vn 0.6804 -0.1346 0.7204
vn 0.7509 -0.1734 0.6373
vn 0.7113 -0.1553 0.6855
vn 0.6803 -0.1344 0.7205
vn 0.7509 -0.1732 0.6373
vn 0.6803 -0.1346 0.7205
vn 0.7199 -0.1526 0.6770
vn 0.7979 -0.1975 0.5694
vn 0.7109 -0.1556 0.6858
vn 0.7977 -0.1976 0.5697
vn 0.7112 -0.1551 0.6857
vn 0.7505 -0.1736 0.6377
vn 0.8430 -0.2225 0.4897
vn 0.8135 -0.2016 0.5455
vn 0.7615 -0.1809 0.6224
vn 0.8428 -0.2228 0.4899
vn 0.7617 -0.1803 0.6224
vn 0.7977 -0.1974 0.5699
vn 0.8770 -0.2457 0.4130
vn 0.8519 -0.2170 0.4766
vn 0.8133 -0.2016 0.5458
vn 0.8135 -0.2012 0.5457
vn 0.8428 -0.2224 0.4901
vn 0.9011 -0.2658 0.3426
vn 0.8820 -0.2311 0.4106
vn 0.8518 -0.2169 0.4768
vn 0.9010 -0.2660 0.3426
vn 0.8519 -0.2166 0.4768
vn 0.8770 -0.2454 0.4132
vn 0.9356 -0.2808 0.2140
vn 0.9280 -0.2452 0.2806
vn 0.8819 -0.2311 0.4109
vn 0.9355 -0.2810 0.2143
vn 0.8820 -0.2309 0.4109
vn 0.9012 -0.2653 0.3427
vn 0.9551 -0.2908 0.0574
vn 0.9593 -0.2574 0.1163
vn 0.9277 -0.2455 0.2811
vn 0.9551 -0.2905 0.0576
vn 0.9277 -0.2455 0.2812
vn 0.9355 -0.2806 0.2146
vn 0.9539 -0.2911 -0.0738
vn 0.9638 -0.2643 -0.0354
vn 0.9593 -0.2572 0.1165
vn 0.9539 -0.2909 -0.0738
vn 0.9593 -0.2572 0.1168
vn 0.9551 -0.2906 0.0577
vn 0.9399 -0.2794 -0.1961
vn 0.9479 -0.2617 -0.1817
vn 0.9640 -0.2636 -0.0352
vn 0.9401 -0.2790 -0.1961
vn 0.9639 -0.2640 -0.0352
vn 0.9540 -0.2905 -0.0737
vn 0.9238 -0.2673 -0.2743
vn 0.9285 -0.2570 -0.2680
vn 0.9480 -0.2614 -0.1815
vn 0.9478 -0.2623 -0.1814
vn 0.9402 -0.2789 -0.1958
vn 0.9111 -0.2554 -0.3236
vn 0.9286 -0.2569 -0.2679
vn 0.9111 -0.2550 -0.3239
vn 0.9285 -0.2572 -0.2680
vn 0.9239 -0.2669 -0.2741
vn 0.8950 -0.2403 -0.3759
vn 0.8929 -0.2357 -0.3837
vn 0.9117 -0.2505 -0.3256
vn 0.8951 -0.2395 -0.3760
vn 0.9115 -0.2510 -0.3258
vn 0.9112 -0.2549 -0.3237
vn 0.8742 -0.2201 -0.4328
vn 0.8699 -0.2155 -0.4437
vn 0.8930 -0.2356 -0.3835
vn 0.8929 -0.2359 -0.3836
vn 0.8953 -0.2396 -0.3756
vn 0.8511 -0.1996 -0.4856
vn 0.8464 -0.1938 -0.4960
vn 0.8699 -0.2153 -0.4437
vn 0.8511 -0.1991 -0.4857
vn 0.8699 -0.2156 -0.4435
vn 0.8743 -0.2199 -0.4327
vn 0.8251 -0.1807 -0.5353
vn 0.8213 -0.1750 -0.5429
vn 0.8252 -0.1804 -0.5353
vn 0.8464 -0.1937 -0.4961
vn 0.8512 -0.1995 -0.4855
vn -0.0335 0.7382 -0.6737
vn 0.1811 0.6880 -0.7027
vn 0.0545 0.3903 -0.9191
vn -0.0331 0.7383 -0.6737
vn 0.0546 0.3903 -0.9191
vn -0.1489 0.4398 -0.8857
vn 0.0589 0.9330 -0.3549
vn 0.2801 0.8813 -0.3806
vn 0.1815 0.6879 -0.7027
vn 0.0586 0.9330 -0.3551
vn 0.1813 0.6878 -0.7029
vn -0.0331 0.7384 -0.6735
vn 0.1138 0.9933 0.0209
vn 0.3366 0.9417 -0.0005
vn 0.2800 0.8814 -0.3804
vn 0.1141 0.9933 0.0209
vn 0.2801 0.8814 -0.3803
vn 0.0590 0.9329 -0.3552
vn 0.1232 0.9099 0.3961
vn 0.3421 0.8596 0.3796
vn 0.1231 0.9099 0.3962
vn 0.3366 0.9416 -0.0005
vn 0.1139 0.9933 0.0208
vn 0.0850 0.6956 0.7133
vn 0.2968 0.6473 0.7020
vn 0.3424 0.8595 0.3794
vn 0.0853 0.6958 0.7132
vn 0.3425 0.8596 0.3792
vn 0.1226 0.9098 0.3965
vn 0.0060 0.3845 0.9231
vn 0.2054 0.3372 0.9188
vn 0.2963 0.6475 0.7021
vn 0.0058 0.3844 0.9232
vn 0.2964 0.6474 0.7022
vn 0.0852 0.6956 0.7133
vn -0.1017 0.0236 0.9945
vn 0.0831 -0.0254 0.9962
vn 0.2054 0.3369 0.9189
vn -0.1016 0.0238 0.9945
vn 0.2056 0.3368 0.9189
vn 0.0062 0.3845 0.9231
vn -0.2221 -0.3306 0.9173
vn -0.0523 -0.3839 0.9219
vn 0.0827 -0.0252 0.9963
vn 0.0827 -0.0253 0.9962
vn -0.1019 0.0237 0.9945
vn -0.3363 -0.6261 0.7035
vn -0.1797 -0.6848 0.7062
vn -0.0523 -0.3843 0.9217
vn -0.3359 -0.6259 0.7038
vn -0.0522 -0.3842 0.9218
vn -0.2223 -0.3309 0.9171
vn -0.4275 -0.8169 0.3871
vn -0.2796 -0.8805 0.3827
vn -0.1801 -0.6846 0.7063
vn -0.4274 -0.8169 0.3874
vn -0.1797 -0.6844 0.7067
vn -0.3363 -0.6259 0.7037
vn -0.4783 -0.8777 0.0280
vn -0.3367 -0.9416 -0.0003
vn -0.2796 -0.8807 0.3824
vn -0.4816 -0.8763 0.0149
vn -0.2796 -0.8808 0.3823
vn -0.4273 -0.8169 0.3874
vn -0.4912 -0.7947 -0.3566
vn -0.3421 -0.8581 -0.3829
vn -0.3368 -0.9416 -0.0000
vn -0.3367 -0.9416 -0.0004
vn -0.4815 -0.8763 0.0149
vn -0.4542 -0.5844 -0.6725
vn -0.2956 -0.6430 -0.7065
vn -0.3424 -0.8579 -0.3830
vn -0.4543 -0.5843 -0.6725
vn -0.3426 -0.8580 -0.3828
vn -0.4914 -0.7946 -0.3566
vn -0.3763 -0.2764 -0.8843
vn -0.2031 -0.3303 -0.9218
vn -0.2953 -0.6431 -0.7065
vn -0.3765 -0.2766 -0.8842
vn -0.2953 -0.6433 -0.7064
vn -0.4541 -0.5845 -0.6724
vn -0.2692 0.0832 -0.9595
vn -0.0804 0.0329 -0.9962
vn -0.2031 -0.3299 -0.9219
vn -0.2690 0.0833 -0.9595
vn -0.2033 -0.3300 -0.9218
vn -0.3763 -0.2763 -0.8843
vn 0.0548 0.3899 -0.9192
vn 0.0832 0.3785 -0.9219
vn -0.0728 0.0296 -0.9969
vn 0.0546 0.3900 -0.9192
vn -0.0729 0.0297 -0.9969
vn -0.0800 0.0328 -0.9963
vn 0.1812 0.6880 -0.7027
vn 0.2267 0.6698 -0.7071
vn 0.0833 0.3789 -0.9217
vn 0.1810 0.6880 -0.7028
vn 0.0831 0.3788 -0.9217
vn 0.0547 0.3904 -0.9190
vn 0.2803 0.8814 -0.3802
vn 0.3358 0.8594 -0.3856
vn 0.2271 0.6697 -0.7070
vn 0.2801 0.8814 -0.3804
vn 0.2269 0.6696 -0.7072
vn 0.1815 0.6880 -0.7027
vn 0.3368 0.9416 -0.0006
vn 0.3943 0.9190 -0.0054
vn 0.3359 0.8594 -0.3855
vn 0.3369 0.9415 -0.0005
vn 0.3358 0.8596 -0.3852
vn 0.3424 0.8596 0.3793
vn 0.3928 0.8396 0.3751
vn 0.3941 0.9190 -0.0055
vn 0.3423 0.8596 0.3793
vn 0.3943 0.9190 -0.0058
vn 0.3370 0.9415 -0.0003
vn 0.2964 0.6470 0.7025
vn 0.3327 0.6331 0.6989
vn 0.3931 0.8396 0.3750
vn 0.2966 0.6473 0.7022
vn 0.3932 0.8396 0.3748
vn 0.3425 0.8595 0.3795
vn 0.2052 0.3371 0.9189
vn 0.2209 0.3307 0.9175
vn 0.3324 0.6332 0.6990
vn 0.2052 0.3371 0.9188
vn 0.3323 0.6332 0.6990
vn 0.2962 0.6473 0.7023
vn 0.0831 -0.0253 0.9962
vn 0.0764 -0.0231 0.9968
vn 0.2211 0.3303 0.9176
vn 0.0832 -0.0252 0.9962
vn 0.2212 0.3303 0.9176
vn 0.2054 0.3367 0.9189
vn -0.0524 -0.3840 0.9218
vn -0.0807 -0.3731 0.9243
vn 0.0757 -0.0228 0.9969
vn -0.0525 -0.3840 0.9218
vn 0.0758 -0.0229 0.9969
vn 0.0827 -0.0253 0.9963
vn -0.1795 -0.6847 0.7063
vn -0.2253 -0.6671 0.7101
vn -0.0805 -0.3733 0.9242
vn -0.1800 -0.6848 0.7062
vn -0.0807 -0.3734 0.9241
vn -0.2797 -0.8806 0.3825
vn -0.3356 -0.8587 0.3874
vn -0.2257 -0.6669 0.7101
vn -0.2809 -0.8808 0.3812
vn -0.2255 -0.6666 0.7104
vn -0.1803 -0.6845 0.7063
vn -0.3371 -0.9415 -0.0004
vn -0.3944 -0.9189 0.0046
vn -0.3355 -0.8589 0.3870
vn -0.3371 -0.9415 -0.0001
vn -0.3356 -0.8588 0.3871
vn -0.2795 -0.8807 0.3825
vn -0.3421 -0.8582 -0.3826
vn -0.3927 -0.8382 -0.3785
vn -0.3945 -0.9189 0.0052
vn -0.3421 -0.8580 -0.3830
vn -0.3370 -0.9415 -0.0004
vn -0.2955 -0.6428 -0.7068
vn -0.3313 -0.6292 -0.7032
vn -0.3929 -0.8382 -0.3783
vn -0.2955 -0.6429 -0.7066
vn -0.3929 -0.8382 -0.3782
vn -0.3422 -0.8580 -0.3831
vn -0.2029 -0.3302 -0.9218
vn -0.2188 -0.3246 -0.9202
vn -0.3307 -0.6292 -0.7034
vn -0.2033 -0.3303 -0.9217
vn -0.3310 -0.6292 -0.7032
vn -0.2952 -0.6431 -0.7066
vn -0.0805 0.0330 -0.9962
vn -0.0732 0.0299 -0.9969
vn -0.2186 -0.3241 -0.9204
vn -0.0804 0.0328 -0.9962
vn -0.2189 -0.3240 -0.9204
vn -0.2031 -0.3300 -0.9219
vn 0.0833 0.3786 -0.9218
vn 0.1095 0.3659 -0.9242
vn -0.0653 0.0255 -0.9975
vn -0.0654 0.0256 -0.9975
vn 0.2679 0.6506 -0.7106
vn 0.1096 0.3663 -0.9240
vn 0.2265 0.6698 -0.7071
vn 0.1093 0.3661 -0.9241
vn 0.0831 0.3790 -0.9216
vn 0.3362 0.8595 -0.3850
vn 0.3855 0.8363 -0.3900
vn 0.2682 0.6504 -0.7107
vn 0.3356 0.8594 -0.3858
vn 0.2679 0.6503 -0.7108
vn 0.2270 0.6697 -0.7070
vn 0.3944 0.9189 -0.0057
vn 0.4449 0.8955 -0.0098
vn 0.3855 0.8363 -0.3898
vn 0.3947 0.9188 -0.0058
vn 0.3855 0.8364 -0.3897
vn 0.3358 0.8594 -0.3855
vn 0.3928 0.8398 0.3747
vn 0.4367 0.8192 0.3717
vn 0.4449 0.8956 -0.0098
vn 0.3927 0.8397 0.3749
vn 0.4435 0.8963 0.0019
vn 0.3945 0.9189 -0.0058
vn 0.3323 0.6329 0.6992
vn 0.3631 0.6187 0.6967
vn 0.4370 0.8192 0.3715
vn 0.3326 0.6331 0.6990
vn 0.4371 0.8192 0.3713
vn 0.3927 0.8397 0.3752
vn 0.2209 0.3308 0.9175
vn 0.2335 0.3245 0.9166
vn 0.3628 0.6190 0.6966
vn 0.2210 0.3306 0.9175
vn 0.3628 0.6189 0.6966
vn 0.3321 0.6333 0.6990
vn 0.0762 -0.0230 0.9968
vn 0.0687 -0.0199 0.9974
vn 0.2335 0.3241 0.9167
vn 0.2335 0.3242 0.9167
vn 0.2210 0.3305 0.9176
vn -0.0806 -0.3731 0.9243
vn -0.1071 -0.3612 0.9263
vn 0.0683 -0.0198 0.9975
vn 0.0758 -0.0228 0.9969
vn -0.2255 -0.6670 0.7101
vn -0.2664 -0.6481 0.7134
vn -0.1070 -0.3616 0.9262
vn -0.2255 -0.6671 0.7101
vn -0.1070 -0.3617 0.9262
vn -0.0806 -0.3735 0.9241
vn -0.3358 -0.8587 0.3871
vn -0.3853 -0.8356 0.3916
vn -0.2669 -0.6481 0.7133
vn -0.2664 -0.6478 0.7138
vn -0.2257 -0.6670 0.7100
vn -0.3972 -0.9177 -0.0058
vn -0.4451 -0.8954 0.0088
vn -0.3855 -0.8358 0.3909
vn -0.3946 -0.9188 0.0050
vn -0.3853 -0.8359 0.3910
vn -0.3355 -0.8587 0.3874
vn -0.3926 -0.8383 -0.3782
vn -0.4365 -0.8180 -0.3746
vn -0.4451 -0.8954 0.0093
vn -0.3925 -0.8383 -0.3784
vn -0.4451 -0.8954 0.0089
vn -0.3946 -0.9188 0.0046
vn -0.3309 -0.6289 -0.7036
vn -0.3616 -0.6154 -0.7004
vn -0.4366 -0.8178 -0.3748
vn -0.3313 -0.6289 -0.7033
vn -0.4369 -0.8179 -0.3744
vn -0.3928 -0.8382 -0.3784
vn -0.2184 -0.3244 -0.9203
vn -0.2310 -0.3192 -0.9191
vn -0.3613 -0.6153 -0.7006
vn -0.2185 -0.3245 -0.9203
vn -0.3615 -0.6153 -0.7005
vn -0.3309 -0.6292 -0.7033
vn -0.0734 0.0298 -0.9969
vn -0.0656 0.0258 -0.9975
vn -0.2308 -0.3188 -0.9193
vn -0.0733 0.0299 -0.9969
vn -0.2312 -0.3188 -0.9192
vn -0.2187 -0.3242 -0.9204
vn 0.1329 0.3529 -0.9262
vn -0.0573 0.0206 -0.9981
vn -0.0574 0.0206 -0.9981
vn -0.0653 0.0256 -0.9975
vn 0.2680 0.6506 -0.7106
vn 0.3032 0.6316 -0.7135
vn 0.1331 0.3533 -0.9260
vn 0.2679 0.6505 -0.7106
vn 0.1328 0.3532 -0.9261
vn 0.1095 0.3664 -0.9240
vn 0.3857 0.8363 -0.3896
vn 0.4275 0.8139 -0.3934
vn 0.3036 0.6312 -0.7137
vn 0.3855 0.8362 -0.3900
vn 0.3032 0.6311 -0.7139
vn 0.2682 0.6505 -0.7106
vn 0.4450 0.8955 -0.0102
vn 0.4868 0.8734 -0.0132
vn 0.4273 0.8140 -0.3934
vn 0.4452 0.8954 -0.0099
vn 0.4273 0.8142 -0.3931
vn 0.3854 0.8363 -0.3900
vn 0.4368 0.8193 0.3713
vn 0.4725 0.8004 0.3690
vn 0.4868 0.8734 -0.0129
vn 0.4367 0.8193 0.3716
vn 0.4867 0.8735 -0.0109
vn 0.4448 0.8956 -0.0101
vn 0.3629 0.6187 0.6968
vn 0.3869 0.6058 0.6951
vn 0.4727 0.8003 0.3689
vn 0.3632 0.6187 0.6967
vn 0.4728 0.8003 0.3687
vn 0.2334 0.3245 0.9166
vn 0.2419 0.3195 0.9162
vn 0.3867 0.6061 0.6951
vn 0.2333 0.3246 0.9166
vn 0.3867 0.6059 0.6952
vn 0.3627 0.6189 0.6967
vn 0.0686 -0.0200 0.9974
vn 0.0604 -0.0162 0.9980
vn 0.2420 0.3192 0.9163
vn 0.2419 0.3193 0.9163
vn 0.2333 0.3242 0.9168
vn -0.1073 -0.3614 0.9262
vn -0.1308 -0.3493 0.9278
vn 0.0599 -0.0160 0.9981
vn -0.1073 -0.3613 0.9262
vn 0.0600 -0.0160 0.9981
vn 0.0682 -0.0198 0.9975
vn -0.2666 -0.6481 0.7133
vn -0.3022 -0.6296 0.7157
vn -0.1307 -0.3494 0.9278
vn -0.2667 -0.6482 0.7132
vn -0.1310 -0.3497 0.9277
vn -0.1071 -0.3616 0.9261
vn -0.4273 -0.8136 0.3942
vn -0.3029 -0.6296 0.7155
vn -0.3854 -0.8358 0.3911
vn -0.3024 -0.6292 0.7160
vn -0.2668 -0.6480 0.7134
vn -0.4458 -0.8951 0.0068
vn -0.4870 -0.8733 0.0121
vn -0.4272 -0.8138 0.3940
vn -0.4452 -0.8954 0.0089
vn -0.4274 -0.8137 0.3940
vn -0.3853 -0.8357 0.3913
vn -0.4366 -0.8181 -0.3743
vn -0.4722 -0.7991 -0.3721
vn -0.4871 -0.8732 0.0123
vn -0.4362 -0.8180 -0.3749
vn -0.4871 -0.8732 0.0121
vn -0.4454 -0.8953 0.0088
vn -0.3615 -0.6151 -0.7007
vn -0.3857 -0.6029 -0.6984
vn -0.4724 -0.7991 -0.3719
vn -0.3618 -0.6152 -0.7004
vn -0.4726 -0.7991 -0.3717
vn -0.4366 -0.8179 -0.3748
vn -0.2309 -0.3191 -0.9191
vn -0.2395 -0.3151 -0.9183
vn -0.3853 -0.6030 -0.6986
vn -0.2309 -0.3191 -0.9192
vn -0.3854 -0.6030 -0.6984
vn -0.3613 -0.6154 -0.7005
vn -0.0658 0.0257 -0.9975
vn -0.0577 0.0209 -0.9981
vn -0.2396 -0.3149 -0.9184
vn -0.0657 0.0258 -0.9975
vn -0.2397 -0.3147 -0.9184
vn -0.2309 -0.3187 -0.9193
vn 0.1332 0.3529 -0.9261
vn 0.1530 0.3405 -0.9277
vn -0.0490 0.0149 -0.9987
vn 0.1330 0.3530 -0.9261
vn -0.0489 0.0148 -0.9987
vn -0.0572 0.0206 -0.9982
vn 0.3033 0.6316 -0.7135
vn 0.3318 0.6144 -0.7158
vn 0.1532 0.3409 -0.9275
vn 0.3035 0.6315 -0.7136
vn 0.1530 0.3408 -0.9276
vn 0.4276 0.8141 -0.3929
vn 0.4601 0.7948 -0.3957
vn 0.3323 0.6142 -0.7158
vn 0.4273 0.8140 -0.3933
vn 0.3320 0.6142 -0.7159
vn 0.3036 0.6313 -0.7137
vn 0.4871 0.8733 -0.0132
vn 0.5188 0.8547 -0.0156
vn 0.4600 0.7949 -0.3957
vn 0.4874 0.8731 -0.0129
vn 0.4603 0.7949 -0.3953
vn 0.4272 0.8141 -0.3933
vn 0.4724 0.8004 0.3690
vn 0.4986 0.7850 0.3676
vn 0.5188 0.8548 -0.0150
vn 0.4725 0.8005 0.3688
vn 0.5198 0.8540 -0.0238
vn 0.4869 0.8733 -0.0133
vn 0.3866 0.6057 0.6954
vn 0.4033 0.5961 0.6943
vn 0.4988 0.7849 0.3676
vn 0.3870 0.6059 0.6951
vn 0.4989 0.7849 0.3674
vn 0.4724 0.8003 0.3691
vn 0.2418 0.3193 0.9163
vn 0.2458 0.3166 0.9162
vn 0.4030 0.5962 0.6944
vn 0.4029 0.5961 0.6945
vn 0.3865 0.6059 0.6953
vn 0.0604 -0.0160 0.9980
vn 0.0513 -0.0117 0.9986
vn 0.2457 0.3162 0.9163
vn 0.2458 0.3163 0.9163
vn 0.2418 0.3191 0.9163
vn -0.1310 -0.3493 0.9278
vn -0.1515 -0.3382 0.9288
vn 0.0509 -0.0116 0.9986
vn 0.0508 -0.0115 0.9986
vn -0.3024 -0.6297 0.7156
vn -0.3311 -0.6133 0.7171
vn -0.1515 -0.3384 0.9287
vn -0.1514 -0.3383 0.9288
vn -0.1310 -0.3497 0.9276
vn -0.4277 -0.8137 0.3937
vn -0.4603 -0.7946 0.3960
vn -0.3317 -0.6131 0.7170
vn -0.4273 -0.8137 0.3941
vn -0.3312 -0.6130 0.7173
vn -0.3027 -0.6293 0.7158
vn -0.4852 -0.8742 0.0201
vn -0.5191 -0.8546 0.0139
vn -0.4602 -0.7946 0.3960
vn -0.4873 -0.8732 0.0119
vn -0.4601 -0.7948 0.3956
vn -0.4723 -0.7992 -0.3717
vn -0.4983 -0.7840 -0.3701
vn -0.4722 -0.7992 -0.3720
vn -0.5190 -0.8546 0.0140
vn -0.4873 -0.8732 0.0121
vn -0.3854 -0.6028 -0.6986
vn -0.4022 -0.5936 -0.6971
vn -0.4985 -0.7839 -0.3701
vn -0.3858 -0.6029 -0.6984
vn -0.4987 -0.7840 -0.3695
vn -0.2393 -0.3151 -0.9184
vn -0.2439 -0.3134 -0.9178
vn -0.4018 -0.5938 -0.6972
vn -0.4017 -0.5937 -0.6972
vn -0.3854 -0.6029 -0.6985
vn -0.0576 0.0208 -0.9981
vn -0.0493 0.0150 -0.9987
vn -0.2439 -0.3131 -0.9179
vn -0.0577 0.0210 -0.9981
vn -0.2438 -0.3131 -0.9179
vn -0.2395 -0.3148 -0.9184
vn 0.1530 0.3406 -0.9277
vn 0.1691 0.3294 -0.9289
vn -0.0399 0.0082 -0.9992
vn 0.1531 0.3405 -0.9277
vn 0.3320 0.6144 -0.7157
vn 0.3525 0.6008 -0.7174
vn 0.1691 0.3297 -0.9288
vn 0.3317 0.6144 -0.7159
vn 0.1689 0.3298 -0.9288
vn 0.1531 0.3408 -0.9276
vn 0.4604 0.7948 -0.3954
vn 0.4824 0.7807 -0.3972
vn 0.3530 0.6006 -0.7174
vn 0.4601 0.7948 -0.3958
vn 0.3528 0.6005 -0.7176
vn 0.3322 0.6142 -0.7158
vn 0.5191 0.8546 -0.0152
vn 0.5391 0.8421 -0.0164
vn 0.4821 0.7808 -0.3974
vn 0.5193 0.8545 -0.0150
vn 0.4824 0.7810 -0.3967
vn 0.4986 0.7852 0.3673
vn 0.5136 0.7756 0.3669
vn 0.5391 0.8421 -0.0162
vn 0.4986 0.7851 0.3674
vn 0.5390 0.8422 -0.0163
vn 0.5192 0.8545 -0.0152
vn 0.4030 0.5958 0.6947
vn 0.4108 0.5908 0.6944
vn 0.5140 0.7754 0.3668
vn 0.4032 0.5958 0.6946
vn 0.4987 0.7849 0.3678
vn 0.2457 0.3166 0.9162
vn 0.2444 0.3166 0.9165
vn 0.4104 0.5910 0.6944
vn 0.2457 0.3165 0.9162
vn 0.4105 0.5909 0.6945
vn 0.4028 0.5960 0.6946
vn 0.0512 -0.0117 0.9986
vn 0.0413 -0.0066 0.9991
vn 0.2445 0.3164 0.9166
vn 0.2445 0.3162 0.9166
vn -0.1517 -0.3381 0.9288
vn -0.1685 -0.3285 0.9294
vn 0.0410 -0.0064 0.9991
vn -0.1515 -0.3380 0.9289
vn 0.0409 -0.0064 0.9991
vn 0.0509 -0.0115 0.9986
vn -0.3314 -0.6132 0.7170
vn -0.3523 -0.6006 0.7178
vn -0.1684 -0.3288 0.9293
vn -0.3315 -0.6132 0.7170
vn -0.1683 -0.3286 0.9293
vn -0.1517 -0.3384 0.9287
vn -0.4606 -0.7946 0.3956
vn -0.4825 -0.7809 0.3966
vn -0.3529 -0.6003 0.7177
vn -0.3526 -0.6001 0.7180
vn -0.3315 -0.6130 0.7172
vn -0.5393 -0.8420 0.0149
vn -0.4825 -0.7809 0.3968
vn -0.5192 -0.8545 0.0141
vn -0.4826 -0.7810 0.3963
vn -0.4601 -0.7948 0.3958
vn -0.4986 -0.7842 -0.3695
vn -0.5132 -0.7748 -0.3692
vn -0.5392 -0.8421 0.0150
vn -0.5393 -0.8420 0.0148
vn -0.5192 -0.8545 0.0140
vn -0.4018 -0.5936 -0.6973
vn -0.4098 -0.5893 -0.6963
vn -0.5134 -0.7746 -0.3692
vn -0.4021 -0.5936 -0.6971
vn -0.5137 -0.7746 -0.3689
vn -0.4985 -0.7839 -0.3702
vn -0.2437 -0.3134 -0.9178
vn -0.2431 -0.3146 -0.9176
vn -0.4094 -0.5895 -0.6964
vn -0.2438 -0.3132 -0.9179
vn -0.4096 -0.5895 -0.6963
vn -0.4017 -0.5938 -0.6971
vn -0.0494 0.0151 -0.9987
vn -0.0402 0.0085 -0.9992
vn -0.2432 -0.3142 -0.9177
vn -0.0493 0.0151 -0.9987
vn -0.2432 -0.3143 -0.9176
vn -0.2439 -0.3129 -0.9179
vn 0.1692 0.3295 -0.9289
vn 0.1807 0.3210 -0.9297
vn -0.0303 0.0006 -0.9995
vn 0.1691 0.3296 -0.9289
vn 0.3528 0.6008 -0.7174
vn 0.3641 0.5926 -0.7185
vn 0.1808 0.3214 -0.9295
vn 0.3524 0.6009 -0.7174
vn 0.1807 0.3211 -0.9296
vn 0.1692 0.3298 -0.9287
vn 0.4825 0.7807 -0.3970
vn 0.4924 0.7740 -0.3980
vn 0.3646 0.5925 -0.7184
vn 0.4823 0.7808 -0.3973
vn 0.3645 0.5924 -0.7185
vn 0.3529 0.6006 -0.7175
vn 0.5391 0.8421 -0.0165
vn 0.5458 0.8378 -0.0170
vn 0.4921 0.7741 -0.3982
vn 0.5394 0.8419 -0.0163
vn 0.4924 0.7742 -0.3978
vn 0.4822 0.7809 -0.3971
vn 0.5137 0.7756 0.3668
vn 0.5159 0.7739 0.3673
vn 0.5459 0.8377 -0.0165
vn 0.5458 0.8377 -0.0166
vn 0.5392 0.8420 -0.0164
vn 0.4103 0.5905 0.6949
vn 0.4078 0.5919 0.6952
vn 0.5161 0.7737 0.3674
vn 0.4107 0.5909 0.6944
vn 0.5162 0.7738 0.3671
vn 0.5138 0.7754 0.3672
vn 0.2443 0.3166 0.9166
vn 0.2370 0.3204 0.9172
vn 0.4077 0.5921 0.6951
vn 0.4078 0.5921 0.6950
vn 0.4104 0.5910 0.6945
vn 0.0306 -0.0009 0.9995
vn 0.2371 0.3200 0.9172
vn 0.0414 -0.0065 0.9991
vn 0.2369 0.3200 0.9173
vn 0.2443 0.3162 0.9167
vn -0.1686 -0.3284 0.9294
vn -0.1810 -0.3216 0.9294
vn 0.0302 -0.0008 0.9995
vn -0.1683 -0.3285 0.9294
vn 0.0301 -0.0007 0.9995
vn -0.3525 -0.6006 0.7176
vn -0.3646 -0.5934 0.7176
vn -0.1811 -0.3218 0.9293
vn -0.3587 -0.6003 0.7148
vn -0.1809 -0.3218 0.9294
vn -0.1685 -0.3288 0.9293
vn -0.4830 -0.7809 0.3962
vn -0.4926 -0.7746 0.3967
vn -0.3651 -0.5931 0.7175
vn -0.4824 -0.7810 0.3967
vn -0.3648 -0.5931 0.7178
vn -0.3527 -0.6004 0.7177
vn -0.5394 -0.8419 0.0150
vn -0.5458 -0.8378 0.0153
vn -0.4926 -0.7747 0.3965
vn -0.5394 -0.8419 0.0151
vn -0.4927 -0.7747 0.3963
vn -0.4825 -0.7809 0.3967
vn -0.5135 -0.7749 -0.3686
vn -0.5155 -0.7735 -0.3689
vn -0.5458 -0.8378 0.0150
vn -0.5133 -0.7748 -0.3690
vn -0.5458 -0.8378 0.0152
vn -0.4094 -0.5893 -0.6966
vn -0.4075 -0.5915 -0.6958
vn -0.5159 -0.7733 -0.3685
vn -0.4099 -0.5894 -0.6961
vn -0.5159 -0.7734 -0.3683
vn -0.5135 -0.7747 -0.3691
vn -0.2432 -0.3146 -0.9176
vn -0.2366 -0.3199 -0.9174
vn -0.4071 -0.5916 -0.6959
vn -0.2430 -0.3145 -0.9176
vn -0.4072 -0.5916 -0.6959
vn -0.4095 -0.5895 -0.6963
vn -0.0307 0.0009 -0.9995
vn -0.2368 -0.3195 -0.9175
vn -0.0404 0.0085 -0.9991
vn -0.2367 -0.3195 -0.9175
vn -0.2433 -0.3144 -0.9176
vn 0.1809 0.3209 -0.9297
vn 0.1868 0.3156 -0.9303
vn -0.0196 -0.0078 -0.9998
vn -0.0196 -0.0077 -0.9998
vn 0.3645 0.5927 -0.7182
vn 0.3652 0.5913 -0.7191
vn 0.1870 0.3159 -0.9302
vn 0.3643 0.5926 -0.7184
vn 0.1867 0.3156 -0.9303
vn 0.1807 0.3213 -0.9296
vn 0.4926 0.7741 -0.3977
vn 0.4881 0.7766 -0.3984
vn 0.3655 0.5909 -0.7192
vn 0.5460 0.8376 -0.0168
vn 0.5367 0.8436 -0.0169
vn 0.4880 0.7767 -0.3983
vn 0.5461 0.8376 -0.0164
vn 0.4881 0.7768 -0.3979
vn 0.5159 0.7740 0.3671
vn 0.5030 0.7821 0.3679
vn 0.5366 0.8437 -0.0165
vn 0.5159 0.7740 0.3672
vn 0.5368 0.8435 -0.0167
vn 0.5458 0.8377 -0.0169
vn 0.4077 0.5918 0.6954
vn 0.3933 0.6007 0.6960
vn 0.5032 0.7819 0.3681
vn 0.4081 0.5920 0.6950
vn 0.5033 0.7820 0.3676
vn 0.5160 0.7738 0.3673
vn 0.2370 0.3203 0.9172
vn 0.2225 0.3284 0.9180
vn 0.3930 0.6010 0.6960
vn 0.2366 0.3203 0.9173
vn 0.3926 0.6010 0.6961
vn 0.0305 -0.0010 0.9995
vn 0.0185 0.0051 0.9998
vn 0.2226 0.3280 0.9181
vn 0.0306 -0.0010 0.9995
vn 0.2224 0.3279 0.9182
vn 0.2372 0.3199 0.9173
vn -0.1812 -0.3215 0.9294
vn -0.1883 -0.3181 0.9292
vn 0.0183 0.0055 0.9998
vn 0.0181 0.0054 0.9998
vn 0.0302 -0.0006 0.9995
vn -0.3649 -0.5933 0.7175
vn -0.3663 -0.5930 0.7171
vn -0.1886 -0.3185 0.9290
vn -0.3648 -0.5933 0.7176
vn -0.1880 -0.3183 0.9292
vn -0.4931 -0.7745 0.3962
vn -0.4886 -0.7775 0.3959
vn -0.3669 -0.5929 0.7168
vn -0.4926 -0.7746 0.3966
vn -0.3667 -0.5928 0.7170
vn -0.3652 -0.5931 0.7176
vn -0.5459 -0.8377 0.0155
vn -0.5365 -0.8438 0.0152
vn -0.4885 -0.7776 0.3959
vn -0.4887 -0.7777 0.3954
vn -0.4927 -0.7746 0.3965
vn -0.5156 -0.7736 -0.3683
vn -0.5025 -0.7821 -0.3685
vn -0.5366 -0.8437 0.0148
vn -0.5155 -0.7736 -0.3685
vn -0.5365 -0.8438 0.0148
vn -0.3933 -0.6013 -0.6956
vn -0.5026 -0.7820 -0.3686
vn -0.5029 -0.7819 -0.3683
vn -0.5156 -0.7734 -0.3687
vn -0.2365 -0.3199 -0.9175
vn -0.2232 -0.3298 -0.9173
vn -0.3931 -0.6015 -0.6955
vn -0.2364 -0.3198 -0.9175
vn -0.3929 -0.6015 -0.6956
vn -0.4071 -0.5917 -0.6959
vn -0.0306 0.0008 -0.9995
vn -0.0200 -0.0076 -0.9998
vn -0.2234 -0.3295 -0.9174
vn -0.0306 0.0009 -0.9995
vn -0.2233 -0.3295 -0.9174
vn 0.1872 0.3155 -0.9303
vn 0.1869 0.3140 -0.9308
vn -0.0078 -0.0169 -0.9998
vn -0.0079 -0.0168 -0.9998
vn 0.3653 0.5912 -0.7190
vn 0.3534 0.5974 -0.7199
vn 0.1869 0.3144 -0.9307
vn 0.3653 0.5912 -0.7191
vn 0.1867 0.3142 -0.9308
vn 0.1870 0.3158 -0.9302
vn 0.4883 0.7766 -0.3982
vn 0.4664 0.7896 -0.3988
vn 0.3539 0.5972 -0.7198
vn 0.4882 0.7765 -0.3984
vn 0.3536 0.5970 -0.7201
vn 0.3656 0.5910 -0.7190
vn 0.5367 0.8436 -0.0166
vn 0.5083 0.8610 -0.0166
vn 0.4662 0.7896 -0.3990
vn 0.5365 0.8437 -0.0164
vn 0.4664 0.7898 -0.3984
vn 0.4878 0.7767 -0.3984
vn 0.5031 0.7821 0.3677
vn 0.4718 0.8009 0.3687
vn 0.5083 0.8610 -0.0163
vn 0.5031 0.7820 0.3679
vn 0.5082 0.8611 -0.0166
vn 0.5366 0.8436 -0.0168
vn 0.3930 0.6005 0.6964
vn 0.3637 0.6179 0.6971
vn 0.4719 0.8007 0.3689
vn 0.3933 0.6007 0.6961
vn 0.4721 0.8009 0.3684
vn 0.5028 0.7820 0.3683
vn 0.2226 0.3284 0.9180
vn 0.1992 0.3410 0.9187
vn 0.3636 0.6181 0.6970
vn 0.2224 0.3284 0.9180
vn 0.3632 0.6181 0.6971
vn 0.3927 0.6009 0.6962
vn 0.0185 0.0052 0.9998
vn 0.0053 0.0116 0.9999
vn 0.1995 0.3408 0.9187
vn 0.0187 0.0051 0.9998
vn 0.1995 0.3407 0.9188
vn 0.2225 0.3280 0.9181
vn -0.1885 -0.3181 0.9291
vn -0.1896 -0.3188 0.9287
vn 0.0051 0.0118 0.9999
vn 0.0050 0.0118 0.9999
vn 0.0183 0.0056 0.9998
vn -0.3667 -0.5930 0.7169
vn -0.3553 -0.6008 0.7161
vn -0.1896 -0.3194 0.9285
vn -0.3664 -0.5930 0.7170
vn -0.1893 -0.3191 0.9286
vn -0.1885 -0.3183 0.9290
vn -0.4888 -0.7775 0.3958
vn -0.4667 -0.7912 0.3953
vn -0.3557 -0.6007 0.7160
vn -0.4884 -0.7776 0.3961
vn -0.3554 -0.6006 0.7162
vn -0.3667 -0.5928 0.7171
vn -0.5364 -0.8438 0.0149
vn -0.5074 -0.8616 0.0148
vn -0.4664 -0.7913 0.3953
vn -0.5364 -0.8438 0.0148
vn -0.4665 -0.7913 0.3952
vn -0.4883 -0.7776 0.3961
vn -0.5025 -0.7821 -0.3684
vn -0.4712 -0.8015 -0.3684
vn -0.5075 -0.8615 0.0146
vn -0.5074 -0.8616 0.0144
vn -0.5364 -0.8438 0.0151
vn -0.3930 -0.6011 -0.6958
vn -0.3640 -0.6200 -0.6950
vn -0.4712 -0.8015 -0.3683
vn -0.3933 -0.6014 -0.6955
vn -0.4714 -0.8015 -0.3681
vn -0.5028 -0.7819 -0.3687
vn -0.2234 -0.3298 -0.9172
vn -0.2012 -0.3448 -0.9169
vn -0.3640 -0.6201 -0.6949
vn -0.2232 -0.3296 -0.9174
vn -0.3637 -0.6201 -0.6951
vn -0.3928 -0.6016 -0.6956
vn -0.0201 -0.0076 -0.9998
vn -0.0082 -0.0165 -0.9998
vn -0.2013 -0.3445 -0.9169
vn -0.2012 -0.3445 -0.9170
vn -0.2234 -0.3294 -0.9174
vn 0.1869 0.3141 -0.9308
vn 0.1791 0.3165 -0.9315
vn 0.0056 -0.0263 -0.9996
vn 0.1868 0.3141 -0.9308
vn 0.0056 -0.0264 -0.9996
vn -0.0079 -0.0167 -0.9998
vn 0.3536 0.5974 -0.7198
vn 0.3260 0.6114 -0.7211
vn 0.1791 0.3169 -0.9314
vn 0.3534 0.5973 -0.7199
vn 0.1790 0.3168 -0.9315
vn 0.1870 0.3145 -0.9306
vn 0.4669 0.7895 -0.3985
vn 0.4233 0.8130 -0.3998
vn 0.3265 0.6113 -0.7209
vn 0.4665 0.7894 -0.3990
vn 0.3261 0.6112 -0.7212
vn 0.3538 0.5971 -0.7200
vn 0.5082 0.8611 -0.0165
vn 0.4557 0.8900 -0.0174
vn 0.4229 0.8131 -0.4000
vn 0.5082 0.8611 -0.0163
vn 0.4231 0.8133 -0.3994
vn 0.4663 0.7896 -0.3988
vn 0.4720 0.8010 0.3684
vn 0.4177 0.8304 0.3687
vn 0.4560 0.8898 -0.0172
vn 0.4718 0.8009 0.3688
vn 0.4559 0.8899 -0.0171
vn 0.5081 0.8612 -0.0169
vn 0.3635 0.6178 0.6973
vn 0.3164 0.6433 0.6972
vn 0.4178 0.8305 0.3684
vn 0.3639 0.6179 0.6970
vn 0.4180 0.8304 0.3684
vn 0.4721 0.8008 0.3686
vn 0.1994 0.3409 0.9187
vn 0.1655 0.3579 0.9190
vn 0.3160 0.6433 0.6973
vn 0.1994 0.3411 0.9187
vn 0.3160 0.6434 0.6973
vn 0.3635 0.6182 0.6969
vn 0.0054 0.0117 0.9999
vn -0.0092 0.0177 0.9998
vn 0.1658 0.3576 0.9191
vn 0.1656 0.3576 0.9191
vn 0.1995 0.3406 0.9188
vn -0.1897 -0.3189 0.9286
vn -0.1829 -0.3245 0.9280
vn -0.0097 0.0178 0.9998
vn -0.1895 -0.3189 0.9286
vn -0.3554 -0.6009 0.7160
vn -0.3276 -0.6171 0.7155
vn -0.1830 -0.3246 0.9280
vn -0.3552 -0.6009 0.7161
vn -0.1826 -0.3247 0.9280
vn -0.1898 -0.3191 0.9285
vn -0.4668 -0.7912 0.3950
vn -0.4228 -0.8157 0.3949
vn -0.3283 -0.6168 0.7154
vn -0.4666 -0.7913 0.3952
vn -0.3279 -0.6167 0.7156
vn -0.3555 -0.6007 0.7161
vn -0.5073 -0.8616 0.0144
vn -0.4542 -0.8908 0.0154
vn -0.4228 -0.8156 0.3950
vn -0.5074 -0.8616 0.0143
vn -0.4228 -0.8158 0.3946
vn -0.4665 -0.7913 0.3953
vn -0.4711 -0.8017 -0.3679
vn -0.4167 -0.8318 -0.3668
vn -0.4543 -0.8907 0.0150
vn -0.4712 -0.8016 -0.3680
vn -0.4542 -0.8908 0.0150
vn -0.5073 -0.8616 0.0147
vn -0.3639 -0.6199 -0.6952
vn -0.3171 -0.6469 -0.6936
vn -0.4167 -0.8316 -0.3671
vn -0.3641 -0.6201 -0.6949
vn -0.4169 -0.8317 -0.3667
vn -0.4712 -0.8014 -0.3684
vn -0.2014 -0.3449 -0.9168
vn -0.1682 -0.3644 -0.9159
vn -0.3168 -0.6470 -0.6936
vn -0.2012 -0.3447 -0.9169
vn -0.3166 -0.6471 -0.6935
vn -0.3640 -0.6202 -0.6949
vn -0.0082 -0.0166 -0.9998
vn 0.0053 -0.0259 -0.9996
vn -0.1689 -0.3641 -0.9159
vn -0.0083 -0.0167 -0.9998
vn -0.1685 -0.3640 -0.9160
vn -0.2013 -0.3445 -0.9170
vn 0.1619 0.3223 -0.9327
vn 0.0210 -0.0351 -0.9992
vn 0.1790 0.3167 -0.9315
vn 0.0055 -0.0262 -0.9996
vn 0.3261 0.6115 -0.7209
vn 0.2781 0.6317 -0.7236
vn 0.1618 0.3227 -0.9326
vn 0.3259 0.6115 -0.7210
vn 0.1615 0.3226 -0.9326
vn 0.1792 0.3168 -0.9314
vn 0.4235 0.8129 -0.3998
vn 0.3521 0.8448 -0.4028
vn 0.2786 0.6316 -0.7235
vn 0.4231 0.8130 -0.4000
vn 0.2783 0.6316 -0.7236
vn 0.3261 0.6113 -0.7211
vn 0.4555 0.8901 -0.0173
vn 0.3722 0.9279 -0.0196
vn 0.3518 0.8448 -0.4031
vn 0.4556 0.8900 -0.0173
vn 0.3521 0.8449 -0.4026
vn 0.4231 0.8131 -0.3998
vn 0.4177 0.8305 0.3684
vn 0.3343 0.8680 0.3672
vn 0.3720 0.9280 -0.0193
vn 0.4176 0.8305 0.3686
vn 0.3720 0.9280 -0.0197
vn 0.4556 0.8900 -0.0174
vn 0.3161 0.6430 0.6976
vn 0.2456 0.6742 0.6966
vn 0.3341 0.8680 0.3673
vn 0.3163 0.6434 0.6972
vn 0.3343 0.8681 0.3670
vn 0.4178 0.8303 0.3689
vn 0.1655 0.3580 0.9189
vn 0.1184 0.3770 0.9186
vn 0.2452 0.6742 0.6967
vn 0.2449 0.6740 0.6970
vn 0.3159 0.6434 0.6973
vn -0.0093 0.0177 0.9998
vn -0.0256 0.0228 0.9994
vn 0.1187 0.3768 0.9186
vn -0.0094 0.0178 0.9998
vn 0.1185 0.3767 0.9187
vn 0.1658 0.3575 0.9191
vn -0.1830 -0.3245 0.9280
vn -0.1662 -0.3339 0.9279
vn -0.0259 0.0228 0.9994
vn -0.1827 -0.3245 0.9281
vn -0.0259 0.0229 0.9994
vn -0.3281 -0.6169 0.7154
vn -0.2808 -0.6392 0.7160
vn -0.1661 -0.3340 0.9278
vn -0.3277 -0.6169 0.7155
vn -0.1657 -0.3339 0.9279
vn -0.1829 -0.3246 0.9280
vn -0.4232 -0.8156 0.3947
vn -0.3533 -0.8474 0.3963
vn -0.2814 -0.6390 0.7159
vn -0.4229 -0.8155 0.3950
vn -0.2813 -0.6390 0.7160
vn -0.3280 -0.6168 0.7155
vn -0.4540 -0.8909 0.0151
vn -0.3726 -0.9278 0.0176
vn -0.3531 -0.8473 0.3966
vn -0.4541 -0.8908 0.0148
vn -0.3534 -0.8475 0.3961
vn -0.4227 -0.8157 0.3950
vn -0.4165 -0.8319 -0.3668
vn -0.3357 -0.8686 -0.3644
vn -0.3727 -0.9278 0.0173
vn -0.4166 -0.8317 -0.3671
vn -0.3727 -0.9278 0.0174
vn -0.4539 -0.8909 0.0152
vn -0.3169 -0.6467 -0.6938
vn -0.2484 -0.6788 -0.6910
vn -0.3356 -0.8687 -0.3644
vn -0.3358 -0.8687 -0.3641
vn -0.4168 -0.8315 -0.3672
vn -0.1685 -0.3646 -0.9158
vn -0.1227 -0.3865 -0.9141
vn -0.2481 -0.6789 -0.6911
vn -0.1683 -0.3644 -0.9159
vn -0.2479 -0.6788 -0.6912
vn -0.3167 -0.6470 -0.6936
vn 0.0053 -0.0260 -0.9996
vn 0.0206 -0.0349 -0.9992
vn -0.1231 -0.3864 -0.9141
vn 0.0053 -0.0261 -0.9996
vn -0.1229 -0.3863 -0.9142
vn -0.1686 -0.3641 -0.9160
vn 0.1618 0.3224 -0.9327
vn 0.1392 0.3349 -0.9319
vn 0.0257 -0.0331 -0.9991
vn 0.1617 0.3225 -0.9327
vn 0.0256 -0.0330 -0.9991
vn 0.2785 0.6318 -0.7234
vn 0.2312 0.6519 -0.7222
vn 0.2782 0.6318 -0.7235
vn 0.1389 0.3350 -0.9319
vn 0.1620 0.3226 -0.9326
vn 0.3523 0.8447 -0.4029
vn 0.2881 0.8693 -0.4017
vn 0.2316 0.6518 -0.7222
vn 0.3521 0.8447 -0.4031
vn 0.2313 0.6518 -0.7222
vn 0.2782 0.6317 -0.7236
vn 0.3717 0.9282 -0.0196
vn 0.3008 0.9535 -0.0204
vn 0.2878 0.8693 -0.4018
vn 0.3717 0.9281 -0.0197
vn 0.2881 0.8695 -0.4013
vn 0.3521 0.8448 -0.4029
vn 0.3341 0.8682 0.3669
vn 0.2675 0.8919 0.3648
vn 0.3009 0.9534 -0.0198
vn 0.3339 0.8682 0.3671
vn 0.3008 0.9535 -0.0199
vn 0.3716 0.9282 -0.0198
vn 0.2456 0.6739 0.6968
vn 0.1940 0.6941 0.6933
vn 0.2673 0.8918 0.3650
vn 0.2454 0.6741 0.6967
vn 0.2677 0.8919 0.3646
vn 0.3343 0.8679 0.3673
vn 0.1184 0.3772 0.9185
vn 0.0899 0.3905 0.9162
vn 0.1938 0.6940 0.6934
vn 0.1185 0.3770 0.9186
vn 0.1938 0.6939 0.6935
vn 0.2451 0.6743 0.6966
vn -0.0256 0.0226 0.9994
vn -0.0268 0.0278 0.9993
vn 0.0906 0.3904 0.9162
vn -0.0256 0.0227 0.9994
vn 0.0903 0.3902 0.9163
vn 0.1187 0.3768 0.9187
vn -0.1406 -0.3387 0.9303
vn -0.0271 0.0279 0.9992
vn -0.1660 -0.3338 0.9279
vn -0.2812 -0.6391 0.7158
vn -0.2323 -0.6536 0.7203
vn -0.1404 -0.3391 0.9302
vn -0.2809 -0.6392 0.7159
vn -0.1403 -0.3389 0.9303
vn -0.1660 -0.3340 0.9278
vn -0.3536 -0.8473 0.3963
vn -0.2897 -0.8691 0.4009
vn -0.2329 -0.6534 0.7203
vn -0.3534 -0.8473 0.3965
vn -0.2813 -0.6390 0.7159
vn -0.3723 -0.9279 0.0175
vn -0.3027 -0.9528 0.0217
vn -0.2892 -0.8691 0.4012
vn -0.3725 -0.9279 0.0170
vn -0.2895 -0.8692 0.4008
vn -0.3532 -0.8473 0.3966
vn -0.3354 -0.8688 -0.3641
vn -0.2694 -0.8925 -0.3618
vn -0.3026 -0.9529 0.0209
vn -0.3356 -0.8687 -0.3643
vn -0.3027 -0.9528 0.0211
vn -0.3723 -0.9280 0.0176
vn -0.2481 -0.6786 -0.6914
vn -0.1959 -0.6969 -0.6899
vn -0.2693 -0.8926 -0.3617
vn -0.2483 -0.6786 -0.6913
vn -0.2694 -0.8926 -0.3615
vn -0.3357 -0.8686 -0.3646
vn -0.1227 -0.3867 -0.9140
vn -0.0918 -0.3953 -0.9140
vn -0.1957 -0.6968 -0.6900
vn -0.1228 -0.3867 -0.9140
vn -0.1954 -0.6969 -0.6901
vn -0.2481 -0.6790 -0.6909
vn 0.0254 -0.0330 -0.9991
vn -0.0920 -0.3952 -0.9140
vn 0.0206 -0.0351 -0.9992
vn -0.0920 -0.3950 -0.9141
vn -0.1231 -0.3863 -0.9141
vn 0.1391 0.3348 -0.9320
vn 0.1170 0.3478 -0.9302
vn 0.0010 -0.0191 -0.9998
vn 0.0257 -0.0332 -0.9991
vn 0.2315 0.6521 -0.7219
vn 0.2149 0.6610 -0.7189
vn 0.1168 0.3478 -0.9303
vn 0.2313 0.6520 -0.7221
vn 0.1391 0.3350 -0.9319
vn 0.2882 0.8694 -0.4014
vn 0.2805 0.8732 -0.3986
vn 0.2155 0.6610 -0.7188
vn 0.2881 0.8692 -0.4019
vn 0.2154 0.6609 -0.7189
vn 0.2317 0.6519 -0.7221
vn 0.3007 0.9535 -0.0200
vn 0.3032 0.9527 -0.0184
vn 0.2803 0.8732 -0.3986
vn 0.3007 0.9535 -0.0196
vn 0.2804 0.8733 -0.3983
vn 0.2674 0.8919 0.3646
vn 0.2801 0.8879 0.3648
vn 0.3031 0.9528 -0.0181
vn 0.2674 0.8918 0.3650
vn 0.3032 0.9527 -0.0183
vn 0.3007 0.9535 -0.0201
vn 0.1937 0.6936 0.6938
vn 0.2155 0.6889 0.6921
vn 0.2804 0.8878 0.3650
vn 0.1942 0.6939 0.6934
vn 0.2807 0.8878 0.3646
vn 0.2676 0.8917 0.3650
vn 0.0901 0.3906 0.9161
vn 0.1168 0.3860 0.9151
vn 0.2151 0.6891 0.6920
vn 0.0902 0.3905 0.9162
vn 0.2149 0.6889 0.6923
vn 0.1939 0.6940 0.6934
vn -0.0268 0.0277 0.9993
vn 0.0012 0.0245 0.9997
vn 0.1170 0.3859 0.9151
vn -0.0269 0.0277 0.9993
vn 0.1171 0.3859 0.9151
vn 0.0906 0.3903 0.9162
vn -0.1404 -0.3388 0.9303
vn -0.1150 -0.3412 0.9329
vn 0.0010 0.0245 0.9997
vn -0.1403 -0.3387 0.9304
vn 0.0009 0.0245 0.9997
vn -0.0271 0.0280 0.9992
vn -0.2327 -0.6538 0.7200
vn -0.2136 -0.6555 0.7243
vn -0.1150 -0.3416 0.9328
vn -0.2325 -0.6536 0.7203
vn -0.1146 -0.3413 0.9329
vn -0.2898 -0.8691 0.4009
vn -0.2800 -0.8703 0.4051
vn -0.2138 -0.6553 0.7245
vn -0.2896 -0.8691 0.4010
vn -0.2137 -0.6553 0.7245
vn -0.2327 -0.6535 0.7203
vn -0.3025 -0.9529 0.0214
vn -0.3031 -0.9527 0.0241
vn -0.2796 -0.8703 0.4054
vn -0.3025 -0.9529 0.0211
vn -0.2800 -0.8706 0.4046
vn -0.2894 -0.8691 0.4011
vn -0.2798 -0.8892 -0.3620
vn -0.3031 -0.9527 0.0235
vn -0.3031 -0.9527 0.0239
vn -0.3024 -0.9529 0.0215
vn -0.1956 -0.6967 -0.6902
vn -0.2144 -0.6891 -0.6922
vn -0.2801 -0.8891 -0.3621
vn -0.2803 -0.8890 -0.3620
vn -0.2694 -0.8924 -0.3620
vn -0.0919 -0.3954 -0.9139
vn -0.1152 -0.3833 -0.9164
vn -0.2142 -0.6892 -0.6921
vn -0.0918 -0.3955 -0.9139
vn -0.2141 -0.6891 -0.6923
vn -0.1954 -0.6970 -0.6899
vn 0.0254 -0.0329 -0.9991
vn 0.0009 -0.0190 -0.9998
vn -0.1156 -0.3831 -0.9164
vn -0.1153 -0.3832 -0.9164
vn -0.0921 -0.3952 -0.9140
vn 0.1171 0.3477 -0.9302
vn 0.0963 0.3550 -0.9299
vn -0.0406 -0.0045 -0.9992
vn 0.1169 0.3477 -0.9303
vn -0.0408 -0.0043 -0.9992
vn 0.0012 -0.0191 -0.9998
vn 0.2153 0.6612 -0.7187
vn 0.2185 0.6601 -0.7187
vn 0.0961 0.3552 -0.9298
vn 0.2152 0.6612 -0.7187
vn 0.1172 0.3480 -0.9301
vn 0.2808 0.8732 -0.3983
vn 0.3075 0.8639 -0.3989
vn 0.2188 0.6599 -0.7188
vn 0.2187 0.6599 -0.7189
vn 0.2153 0.6609 -0.7189
vn 0.3035 0.9527 -0.0182
vn 0.3494 0.9368 -0.0185
vn 0.3073 0.8640 -0.3988
vn 0.3035 0.9526 -0.0182
vn 0.3075 0.8641 -0.3985
vn 0.2802 0.8732 -0.3987
vn 0.2803 0.8881 0.3642
vn 0.3384 0.8678 0.3639
vn 0.3494 0.9368 -0.0189
vn 0.2803 0.8879 0.3647
vn 0.3494 0.9368 -0.0188
vn 0.3036 0.9526 -0.0185
vn 0.2149 0.6885 0.6927
vn 0.2771 0.6677 0.6909
vn 0.3384 0.8677 0.3641
vn 0.3387 0.8678 0.3636
vn 0.2802 0.8879 0.3649
vn 0.1727 0.3669 0.9141
vn 0.2766 0.6678 0.6910
vn 0.1170 0.3863 0.9149
vn 0.2152 0.6891 0.6920
vn 0.0014 0.0244 0.9997
vn 0.0433 0.0102 0.9990
vn 0.1729 0.3665 0.9142
vn 0.0013 0.0243 0.9997
vn 0.1728 0.3666 0.9142
vn 0.1172 0.3859 0.9151
vn -0.0938 -0.3482 0.9327
vn 0.0427 0.0104 0.9990
vn -0.1149 -0.3412 0.9330
vn 0.0428 0.0103 0.9990
vn 0.0011 0.0246 0.9997
vn -0.2137 -0.6555 0.7244
vn -0.2163 -0.6544 0.7246
vn -0.0937 -0.3485 0.9326
vn -0.2134 -0.6555 0.7244
vn -0.0937 -0.3483 0.9327
vn -0.1150 -0.3414 0.9329
vn -0.2802 -0.8704 0.4049
vn -0.3061 -0.8612 0.4058
vn -0.2166 -0.6542 0.7247
vn -0.2799 -0.8703 0.4053
vn -0.2165 -0.6543 0.7246
vn -0.3033 -0.9526 0.0235
vn -0.3490 -0.9368 0.0241
vn -0.3056 -0.8613 0.4059
vn -0.3037 -0.9525 0.0233
vn -0.3059 -0.8615 0.4052
vn -0.2796 -0.8704 0.4052
vn -0.2800 -0.8891 -0.3621
vn -0.3387 -0.8687 -0.3614
vn -0.3490 -0.9368 0.0243
vn -0.2801 -0.8892 -0.3618
vn -0.3492 -0.9367 0.0242
vn -0.3032 -0.9526 0.0239
vn -0.2143 -0.6888 -0.6925
vn -0.2769 -0.6673 -0.6914
vn -0.3392 -0.8686 -0.3611
vn -0.2142 -0.6888 -0.6926
vn -0.3392 -0.8687 -0.3611
vn -0.2799 -0.8891 -0.3622
vn -0.1151 -0.3834 -0.9164
vn -0.1717 -0.3637 -0.9155
vn -0.2768 -0.6674 -0.6913
vn -0.1152 -0.3835 -0.9163
vn -0.2766 -0.6674 -0.6914
vn -0.2141 -0.6890 -0.6924
vn 0.0007 -0.0189 -0.9998
vn -0.0410 -0.0043 -0.9991
vn -0.1719 -0.3635 -0.9156
vn -0.1717 -0.3635 -0.9156
vn -0.1155 -0.3832 -0.9164
vn 0.0784 0.3620 -0.9289
vn -0.0791 0.0111 -0.9968
vn 0.0965 0.3550 -0.9299
vn -0.0406 -0.0044 -0.9992
vn 0.2185 0.6599 -0.7189
vn 0.2241 0.6576 -0.7193
vn 0.0785 0.3625 -0.9287
vn 0.2186 0.6602 -0.7186
vn 0.0783 0.3622 -0.9288
vn 0.0964 0.3552 -0.9298
vn 0.3077 0.8639 -0.3987
vn 0.3353 0.8525 -0.4011
vn 0.2242 0.6573 -0.7195
vn 0.2189 0.6599 -0.7187
vn 0.3496 0.9367 -0.0187
vn 0.3956 0.9182 -0.0216
vn 0.3354 0.8527 -0.4005
vn 0.3495 0.9367 -0.0190
vn 0.3353 0.8528 -0.4004
vn 0.3072 0.8639 -0.3992
vn 0.3386 0.8680 0.3633
vn 0.3956 0.8448 0.3604
vn 0.3955 0.9182 -0.0220
vn 0.3385 0.8677 0.3639
vn 0.3945 0.9188 -0.0123
vn 0.3498 0.9366 -0.0189
vn 0.2767 0.6676 0.6913
vn 0.3367 0.6437 0.6873
vn 0.3960 0.8447 0.3601
vn 0.2768 0.6677 0.6911
vn 0.3962 0.8448 0.3598
vn 0.3385 0.8678 0.3638
vn 0.1726 0.3670 0.9141
vn 0.2260 0.3456 0.9108
vn 0.3364 0.6439 0.6872
vn 0.1729 0.3672 0.9139
vn 0.3364 0.6438 0.6873
vn 0.0431 0.0102 0.9990
vn 0.0817 -0.0055 0.9966
vn 0.2260 0.3453 0.9109
vn 0.0430 0.0103 0.9990
vn 0.2262 0.3453 0.9108
vn 0.1728 0.3668 0.9141
vn -0.0939 -0.3482 0.9327
vn -0.0755 -0.3556 0.9316
vn 0.0814 -0.0055 0.9967
vn -0.0937 -0.3481 0.9327
vn 0.0813 -0.0055 0.9967
vn -0.2164 -0.6546 0.7244
vn -0.2213 -0.6526 0.7246
vn -0.0757 -0.3561 0.9314
vn -0.2161 -0.6544 0.7247
vn -0.0754 -0.3558 0.9315
vn -0.0937 -0.3486 0.9326
vn -0.3063 -0.8612 0.4055
vn -0.3338 -0.8502 0.4072
vn -0.2215 -0.6523 0.7248
vn -0.3060 -0.8613 0.4057
vn -0.2213 -0.6522 0.7250
vn -0.2167 -0.6543 0.7245
vn -0.3494 -0.9367 0.0243
vn -0.3953 -0.9182 0.0265
vn -0.3335 -0.8503 0.4072
vn -0.3494 -0.9367 0.0241
vn -0.3337 -0.8503 0.4069
vn -0.3057 -0.8614 0.4055
vn -0.3389 -0.8687 -0.3612
vn -0.3963 -0.8454 -0.3581
vn -0.3952 -0.9182 0.0266
vn -0.3390 -0.8688 -0.3610
vn -0.3953 -0.9181 0.0269
vn -0.3496 -0.9366 0.0243
vn -0.2766 -0.6670 -0.6918
vn -0.3372 -0.6429 -0.6877
vn -0.3966 -0.8454 -0.3578
vn -0.2766 -0.6672 -0.6916
vn -0.3388 -0.8687 -0.3614
vn -0.2251 -0.3423 -0.9122
vn -0.3368 -0.6432 -0.6877
vn -0.1717 -0.3639 -0.9155
vn -0.3367 -0.6431 -0.6878
vn -0.2765 -0.6674 -0.6915
vn -0.0411 -0.0041 -0.9991
vn -0.0794 0.0112 -0.9968
vn -0.2253 -0.3420 -0.9123
vn -0.0411 -0.0042 -0.9991
vn -0.2253 -0.3419 -0.9123
vn -0.1718 -0.3636 -0.9156
vn 0.0785 0.3621 -0.9288
vn 0.0655 0.3673 -0.9278
vn -0.1101 0.0249 -0.9936
vn 0.0787 0.3619 -0.9289
vn -0.1102 0.0249 -0.9936
vn -0.0789 0.0112 -0.9968
vn 0.2239 0.6576 -0.7193
vn 0.2312 0.6537 -0.7206
vn 0.0655 0.3677 -0.9276
vn 0.2242 0.6577 -0.7191
vn 0.0654 0.3676 -0.9277
vn 0.0783 0.3624 -0.9287
vn 0.3355 0.8526 -0.4006
vn 0.3615 0.8401 -0.4044
vn 0.2313 0.6534 -0.7208
vn 0.3354 0.8525 -0.4008
vn 0.2311 0.6532 -0.7211
vn 0.2243 0.6574 -0.7194
vn 0.3958 0.9181 -0.0220
vn 0.4366 0.8993 -0.0265
vn 0.3613 0.8404 -0.4040
vn 0.3957 0.9181 -0.0222
vn 0.3612 0.8404 -0.4040
vn 0.3350 0.8526 -0.4011
vn 0.3959 0.8448 0.3600
vn 0.4455 0.8220 0.3547
vn 0.4366 0.8992 -0.0270
vn 0.3957 0.8448 0.3602
vn 0.4366 0.8993 -0.0266
vn 0.3958 0.9181 -0.0218
vn 0.3366 0.6435 0.6875
vn 0.3876 0.6202 0.6820
vn 0.4456 0.8220 0.3547
vn 0.3366 0.6435 0.6874
vn 0.4459 0.8219 0.3544
vn 0.2260 0.3457 0.9107
vn 0.2704 0.3251 0.9062
vn 0.3872 0.6204 0.6820
vn 0.2260 0.3455 0.9108
vn 0.3875 0.6205 0.6818
vn 0.3363 0.6438 0.6873
vn 0.0817 -0.0056 0.9966
vn 0.1125 -0.0203 0.9934
vn 0.2703 0.3249 0.9063
vn 0.0817 -0.0057 0.9966
vn 0.2705 0.3248 0.9063
vn -0.0755 -0.3557 0.9315
vn -0.0628 -0.3623 0.9300
vn 0.1121 -0.0201 0.9935
vn -0.0755 -0.3555 0.9316
vn 0.1122 -0.0200 0.9935
vn -0.2214 -0.6526 0.7246
vn -0.2288 -0.6498 0.7249
vn -0.0629 -0.3627 0.9298
vn -0.0626 -0.3625 0.9299
vn -0.0757 -0.3562 0.9314
vn -0.3340 -0.8503 0.4068
vn -0.3601 -0.8383 0.4094
vn -0.2290 -0.6497 0.7249
vn -0.2287 -0.6496 0.7251
vn -0.2219 -0.6525 0.7246
vn -0.3955 -0.9181 0.0267
vn -0.4365 -0.8992 0.0302
vn -0.3600 -0.8385 0.4090
vn -0.3955 -0.9181 0.0265
vn -0.3600 -0.8387 0.4088
vn -0.3335 -0.8503 0.4071
vn -0.3965 -0.8455 -0.3575
vn -0.4461 -0.8222 -0.3535
vn -0.4366 -0.8992 0.0302
vn -0.3963 -0.8455 -0.3578
vn -0.4366 -0.8991 0.0303
vn -0.3367 -0.6428 -0.6881
vn -0.3877 -0.6193 -0.6828
vn -0.4464 -0.8222 -0.3532
vn -0.3368 -0.6429 -0.6879
vn -0.4466 -0.8222 -0.3529
vn -0.3964 -0.8454 -0.3581
vn -0.2249 -0.3421 -0.9123
vn -0.2695 -0.3222 -0.9075
vn -0.3877 -0.6195 -0.6826
vn -0.2252 -0.3423 -0.9122
vn -0.3877 -0.6193 -0.6827
vn -0.3367 -0.6430 -0.6879
vn -0.0794 0.0113 -0.9968
vn -0.1107 0.0251 -0.9935
vn -0.2698 -0.3217 -0.9076
vn -0.0795 0.0113 -0.9968
vn -0.2251 -0.3421 -0.9123
vn 0.0587 0.3699 -0.9272
vn -0.1307 0.0348 -0.9908
vn 0.0656 0.3672 -0.9278
vn -0.1308 0.0347 -0.9908
vn -0.1102 0.0250 -0.9936
vn 0.2310 0.6538 -0.7206
vn 0.2391 0.6490 -0.7223
vn 0.0585 0.3703 -0.9271
vn 0.2312 0.6538 -0.7205
vn 0.0586 0.3702 -0.9271
vn 0.3614 0.8402 -0.4042
vn 0.3829 0.8287 -0.4082
vn 0.2393 0.6485 -0.7226
vn 0.3615 0.8402 -0.4042
vn 0.2391 0.6485 -0.7227
vn 0.2315 0.6536 -0.7206
vn 0.4367 0.8992 -0.0268
vn 0.4687 0.8828 -0.0317
vn 0.3830 0.8289 -0.4078
vn 0.4367 0.8992 -0.0271
vn 0.3829 0.8289 -0.4078
vn 0.3611 0.8402 -0.4046
vn 0.4457 0.8221 0.3543
vn 0.4832 0.8029 0.3491
vn 0.4688 0.8827 -0.0325
vn 0.4455 0.8221 0.3546
vn 0.4687 0.8828 -0.0318
vn 0.4368 0.8992 -0.0263
vn 0.3874 0.6201 0.6822
vn 0.4249 0.6012 0.6768
vn 0.4832 0.8029 0.3492
vn 0.3876 0.6203 0.6819
vn 0.4835 0.8029 0.3487
vn 0.4455 0.8220 0.3546
vn 0.2701 0.3250 0.9063
vn 0.3016 0.3088 0.9020
vn 0.4245 0.6013 0.6769
vn 0.4247 0.6014 0.6767
vn 0.3873 0.6204 0.6820
vn 0.1125 -0.0202 0.9934
vn 0.1326 -0.0315 0.9907
vn 0.3013 0.3084 0.9023
vn 0.3016 0.3084 0.9022
vn 0.2702 0.3249 0.9063
vn -0.0629 -0.3623 0.9299
vn -0.0566 -0.3663 0.9288
vn 0.1324 -0.0312 0.9907
vn -0.0629 -0.3622 0.9300
vn 0.1324 -0.0313 0.9907
vn -0.2287 -0.6498 0.7249
vn -0.2373 -0.6463 0.7252
vn -0.0567 -0.3671 0.9285
vn -0.2286 -0.6500 0.7248
vn -0.0566 -0.3668 0.9286
vn -0.0628 -0.3624 0.9299
vn -0.3602 -0.8385 0.4089
vn -0.3822 -0.8275 0.4112
vn -0.2376 -0.6461 0.7254
vn -0.3600 -0.8384 0.4094
vn -0.2374 -0.6459 0.7256
vn -0.2292 -0.6497 0.7248
vn -0.4366 -0.8991 0.0304
vn -0.4687 -0.8827 0.0336
vn -0.3818 -0.8276 0.4114
vn -0.4368 -0.8990 0.0305
vn -0.3821 -0.8277 0.4110
vn -0.3599 -0.8385 0.4091
vn -0.4462 -0.8224 -0.3529
vn -0.4836 -0.8029 -0.3486
vn -0.4689 -0.8826 0.0338
vn -0.4463 -0.8223 -0.3531
vn -0.4688 -0.8826 0.0340
vn -0.4368 -0.8990 0.0301
vn -0.3876 -0.6191 -0.6830
vn -0.4250 -0.6000 -0.6777
vn -0.4837 -0.8029 -0.3484
vn -0.3879 -0.6192 -0.6827
vn -0.4839 -0.8029 -0.3482
vn -0.4463 -0.8223 -0.3532
vn -0.2695 -0.3220 -0.9076
vn -0.3009 -0.3061 -0.9032
vn -0.4249 -0.6003 -0.6775
vn -0.4250 -0.6001 -0.6777
vn -0.3876 -0.6194 -0.6828
vn -0.1105 0.0250 -0.9936
vn -0.1311 0.0349 -0.9908
vn -0.3009 -0.3059 -0.9033
vn -0.1105 0.0251 -0.9936
vn -0.3009 -0.3059 -0.9032
vn -0.2695 -0.3218 -0.9076
vn 0.0586 0.3699 -0.9272
vn 0.0577 0.3694 -0.9275
vn -0.1405 0.0393 -0.9893
vn -0.1406 0.0392 -0.9893
vn 0.2389 0.6488 -0.7225
vn 0.2471 0.6435 -0.7244
vn 0.0577 0.3698 -0.9273
vn 0.2392 0.6489 -0.7223
vn 0.0574 0.3698 -0.9273
vn 0.0585 0.3701 -0.9272
vn 0.3832 0.8287 -0.4080
vn 0.3989 0.8193 -0.4118
vn 0.2471 0.6431 -0.7248
vn 0.3833 0.8287 -0.4078
vn 0.2471 0.6432 -0.7247
vn 0.2395 0.6486 -0.7224
vn 0.4689 0.8827 -0.0316
vn 0.4902 0.8709 -0.0358
vn 0.3989 0.8195 -0.4115
vn 0.4687 0.8828 -0.0322
vn 0.3988 0.8197 -0.4112
vn 0.3826 0.8288 -0.4082
vn 0.4832 0.8030 0.3488
vn 0.5065 0.7902 0.3450
vn 0.4903 0.8708 -0.0364
vn 0.4831 0.8029 0.3491
vn 0.4902 0.8709 -0.0360
vn 0.4690 0.8826 -0.0316
vn 0.4247 0.6011 0.6769
vn 0.4468 0.5889 0.6735
vn 0.5066 0.7901 0.3450
vn 0.4250 0.6011 0.6768
vn 0.5069 0.7901 0.3446
vn 0.4833 0.8030 0.3488
vn 0.3012 0.3086 0.9022
vn 0.3186 0.2990 0.8995
vn 0.4464 0.5892 0.6735
vn 0.3017 0.3087 0.9020
vn 0.4467 0.5892 0.6733
vn 0.4246 0.6013 0.6769
vn 0.1328 -0.0315 0.9906
vn 0.1421 -0.0374 0.9891
vn 0.3184 0.2987 0.8997
vn 0.1328 -0.0314 0.9907
vn 0.3186 0.2986 0.8996
vn 0.3015 0.3085 0.9022
vn -0.0565 -0.3664 0.9288
vn -0.0565 -0.3674 0.9283
vn 0.1416 -0.0372 0.9892
vn -0.0565 -0.3664 0.9287
vn 0.1417 -0.0372 0.9892
vn -0.2371 -0.6464 0.7253
vn -0.2462 -0.6424 0.7258
vn -0.0563 -0.3678 0.9282
vn -0.2372 -0.6463 0.7253
vn -0.0564 -0.3678 0.9282
vn -0.0563 -0.3667 0.9286
vn -0.3824 -0.8275 0.4111
vn -0.3985 -0.8189 0.4130
vn -0.2465 -0.6422 0.7258
vn -0.3821 -0.8275 0.4114
vn -0.2463 -0.6421 0.7260
vn -0.2376 -0.6461 0.7253
vn -0.4687 -0.8827 0.0339
vn -0.4902 -0.8709 0.0364
vn -0.3983 -0.8190 0.4131
vn -0.4688 -0.8827 0.0341
vn -0.3985 -0.8191 0.4126
vn -0.3819 -0.8277 0.4113
vn -0.4836 -0.8031 -0.3482
vn -0.5068 -0.7899 -0.3452
vn -0.4837 -0.8028 -0.3486
vn -0.4900 -0.8709 0.0365
vn -0.4691 -0.8825 0.0336
vn -0.4249 -0.6000 -0.6779
vn -0.4468 -0.5880 -0.6743
vn -0.5070 -0.7898 -0.3452
vn -0.4250 -0.6002 -0.6776
vn -0.5073 -0.7898 -0.3448
vn -0.4838 -0.8028 -0.3485
vn -0.3007 -0.3061 -0.9033
vn -0.3179 -0.2974 -0.9003
vn -0.4467 -0.5883 -0.6740
vn -0.3008 -0.3061 -0.9032
vn -0.4464 -0.5883 -0.6742
vn -0.4247 -0.6001 -0.6778
vn -0.1311 0.0350 -0.9908
vn -0.1410 0.0395 -0.9892
vn -0.3178 -0.2970 -0.9004
vn -0.3180 -0.2970 -0.9004
vn 0.0575 0.3694 -0.9275
vn 0.0615 0.3661 -0.9285
vn -0.1408 0.0387 -0.9893
vn 0.0576 0.3693 -0.9275
vn -0.1408 0.0385 -0.9893
vn -0.1404 0.0393 -0.9893
vn 0.2469 0.6436 -0.7244
vn 0.2546 0.6385 -0.7263
vn 0.0615 0.3666 -0.9283
vn 0.2474 0.6438 -0.7241
vn 0.0615 0.3665 -0.9284
vn 0.0574 0.3698 -0.9274
vn 0.3992 0.8194 -0.4114
vn 0.4088 0.8132 -0.4142
vn 0.2546 0.6381 -0.7266
vn 0.3990 0.8194 -0.4115
vn 0.2547 0.6382 -0.7265
vn 0.2476 0.6435 -0.7243
vn 0.4901 0.8709 -0.0362
vn 0.5012 0.8645 -0.0382
vn 0.4089 0.8134 -0.4138
vn 0.4902 0.8709 -0.0362
vn 0.4089 0.8133 -0.4139
vn 0.3986 0.8196 -0.4116
vn 0.5067 0.7902 0.3448
vn 0.5171 0.7841 0.3430
vn 0.5014 0.8643 -0.0389
vn 0.4905 0.8707 -0.0358
vn 0.4466 0.5889 0.6736
vn 0.4545 0.5844 0.6722
vn 0.5172 0.7842 0.3429
vn 0.4468 0.5889 0.6734
vn 0.5173 0.7842 0.3425
vn 0.5069 0.7901 0.3448
vn 0.3181 0.2989 0.8997
vn 0.3227 0.2962 0.8990
vn 0.4543 0.5846 0.6722
vn 0.3184 0.2989 0.8996
vn 0.4547 0.5846 0.6720
vn 0.4464 0.5891 0.6735
vn 0.1420 -0.0374 0.9892
vn 0.1418 -0.0381 0.9892
vn 0.3225 0.2959 0.8991
vn 0.1420 -0.0373 0.9892
vn 0.3228 0.2958 0.8991
vn 0.3185 0.2986 0.8996
vn -0.0563 -0.3676 0.9283
vn -0.0612 -0.3659 0.9287
vn 0.1414 -0.0378 0.9892
vn 0.1413 -0.0378 0.9893
vn 0.1416 -0.0373 0.9892
vn -0.2460 -0.6424 0.7258
vn -0.2545 -0.6384 0.7264
vn -0.0610 -0.3661 0.9286
vn -0.2461 -0.6424 0.7257
vn -0.0612 -0.3663 0.9285
vn -0.0561 -0.3678 0.9282
vn -0.3987 -0.8190 0.4127
vn -0.4091 -0.8133 0.4138
vn -0.2551 -0.6382 0.7264
vn -0.3986 -0.8189 0.4129
vn -0.2544 -0.6380 0.7268
vn -0.2466 -0.6421 0.7258
vn -0.4901 -0.8709 0.0366
vn -0.5014 -0.8644 0.0376
vn -0.4088 -0.8133 0.4140
vn -0.4902 -0.8709 0.0365
vn -0.4091 -0.8134 0.4136
vn -0.3983 -0.8190 0.4130
vn -0.5068 -0.7901 -0.3448
vn -0.5171 -0.7839 -0.3437
vn -0.5013 -0.8644 0.0377
vn -0.5069 -0.7899 -0.3451
vn -0.5015 -0.8643 0.0380
vn -0.4904 -0.8708 0.0363
vn -0.4466 -0.5881 -0.6743
vn -0.4544 -0.5835 -0.6731
vn -0.5170 -0.7839 -0.3439
vn -0.4468 -0.5882 -0.6741
vn -0.5172 -0.7838 -0.3436
vn -0.5070 -0.7898 -0.3451
vn -0.3176 -0.2974 -0.9004
vn -0.3224 -0.2953 -0.8994
vn -0.4543 -0.5837 -0.6729
vn -0.3176 -0.2973 -0.9004
vn -0.4547 -0.5838 -0.6727
vn -0.4464 -0.5882 -0.6743
vn -0.1408 0.0394 -0.9893
vn -0.1412 0.0388 -0.9892
vn -0.3221 -0.2951 -0.8995
vn -0.1409 0.0397 -0.9892
vn -0.3223 -0.2950 -0.8995
vn -0.3178 -0.2972 -0.9004
vn 0.0690 0.3612 -0.9299
vn -0.1338 0.0338 -0.9904
vn -0.1339 0.0338 -0.9904
vn -0.1409 0.0386 -0.9893
vn 0.2545 0.6384 -0.7264
vn 0.2612 0.6340 -0.7279
vn 0.0688 0.3617 -0.9298
vn 0.2548 0.6385 -0.7262
vn 0.0688 0.3616 -0.9298
vn 0.0612 0.3666 -0.9284
vn 0.4091 0.8132 -0.4140
vn 0.4140 0.8099 -0.4155
vn 0.2613 0.6337 -0.7281
vn 0.4092 0.8132 -0.4137
vn 0.2613 0.6336 -0.7282
vn 0.2551 0.6383 -0.7263
vn 0.5011 0.8645 -0.0382
vn 0.5038 0.8629 -0.0390
vn 0.4138 0.8102 -0.4151
vn 0.5011 0.8645 -0.0387
vn 0.4139 0.8101 -0.4152
vn 0.4087 0.8134 -0.4140
vn 0.5171 0.7844 0.3426
vn 0.5166 0.7845 0.3429
vn 0.5040 0.8628 -0.0394
vn 0.5170 0.7844 0.3428
vn 0.5037 0.8630 -0.0392
vn 0.5012 0.8645 -0.0383
vn 0.4546 0.5843 0.6722
vn 0.4515 0.5862 0.6727
vn 0.5167 0.7845 0.3429
vn 0.5170 0.7845 0.3425
vn 0.3224 0.2960 0.8991
vn 0.3167 0.2992 0.9001
vn 0.4510 0.5864 0.6728
vn 0.3228 0.2963 0.8989
vn 0.4514 0.5864 0.6726
vn 0.1416 -0.0382 0.9892
vn 0.1342 -0.0342 0.9904
vn 0.3168 0.2990 0.9001
vn 0.1417 -0.0381 0.9892
vn 0.3169 0.2990 0.9001
vn 0.3226 0.2959 0.8991
vn -0.0611 -0.3656 0.9288
vn -0.0692 -0.3618 0.9297
vn 0.1337 -0.0339 0.9904
vn 0.1338 -0.0341 0.9904
vn 0.1412 -0.0378 0.9893
vn -0.2542 -0.6383 0.7265
vn -0.2617 -0.6347 0.7271
vn -0.0691 -0.3620 0.9296
vn -0.2546 -0.6384 0.7264
vn -0.0691 -0.3621 0.9296
vn -0.4093 -0.8132 0.4138
vn -0.4145 -0.8103 0.4142
vn -0.2621 -0.6344 0.7272
vn -0.4092 -0.8132 0.4138
vn -0.2619 -0.6342 0.7274
vn -0.2548 -0.6381 0.7265
vn -0.5014 -0.8644 0.0378
vn -0.5040 -0.8629 0.0376
vn -0.4140 -0.8105 0.4143
vn -0.5014 -0.8644 0.0380
vn -0.4143 -0.8106 0.4139
vn -0.4087 -0.8134 0.4139
vn -0.5171 -0.7841 -0.3433
vn -0.5166 -0.7839 -0.3443
vn -0.5041 -0.8628 0.0378
vn -0.5169 -0.7839 -0.3440
vn -0.5042 -0.8628 0.0377
vn -0.5018 -0.8642 0.0377
vn -0.4543 -0.5837 -0.6730
vn -0.4512 -0.5857 -0.6734
vn -0.5168 -0.7840 -0.3440
vn -0.4547 -0.5836 -0.6728
vn -0.5169 -0.7841 -0.3436
vn -0.5172 -0.7838 -0.3437
vn -0.3219 -0.2953 -0.8995
vn -0.3166 -0.2989 -0.9002
vn -0.4509 -0.5859 -0.6734
vn -0.3221 -0.2952 -0.8995
vn -0.4512 -0.5858 -0.6733
vn -0.4542 -0.5839 -0.6729
vn -0.1343 0.0340 -0.9904
vn -0.3165 -0.2987 -0.9004
vn -0.3168 -0.2985 -0.9003
vn -0.3222 -0.2951 -0.8995
vn 0.0688 0.3613 -0.9299
vn 0.0782 0.3551 -0.9315
vn -0.1220 0.0264 -0.9922
vn -0.1339 0.0339 -0.9904
vn 0.2613 0.6339 -0.7279
vn 0.2669 0.6303 -0.7291
vn 0.0781 0.3553 -0.9315
vn 0.2613 0.6341 -0.7278
vn 0.0781 0.3555 -0.9314
vn 0.0686 0.3616 -0.9298
vn 0.4141 0.8099 -0.4153
vn 0.4148 0.8092 -0.4161
vn 0.2672 0.6300 -0.7292
vn 0.2669 0.6299 -0.7294
vn 0.2614 0.6337 -0.7281
vn 0.5036 0.8630 -0.0392
vn 0.5000 0.8651 -0.0386
vn 0.4146 0.8095 -0.4157
vn 0.5037 0.8630 -0.0393
vn 0.4147 0.8094 -0.4157
vn 0.4138 0.8101 -0.4153
vn 0.5167 0.7847 0.3425
vn 0.5084 0.7894 0.3440
vn 0.5001 0.8651 -0.0389
vn 0.5165 0.7845 0.3431
vn 0.4998 0.8653 -0.0389
vn 0.5039 0.8629 -0.0390
vn 0.4514 0.5862 0.6727
vn 0.4402 0.5929 0.6743
vn 0.5087 0.7892 0.3440
vn 0.5088 0.7893 0.3436
vn 0.5169 0.7845 0.3427
vn 0.3165 0.2991 0.9002
vn 0.3042 0.3064 0.9020
vn 0.4398 0.5930 0.6745
vn 0.4401 0.5929 0.6743
vn 0.4511 0.5864 0.6728
vn 0.1342 -0.0343 0.9904
vn 0.1218 -0.0275 0.9922
vn 0.3038 0.3062 0.9022
vn 0.1341 -0.0343 0.9904
vn 0.3043 0.3061 0.9021
vn 0.3167 0.2989 0.9002
vn -0.0691 -0.3618 0.9297
vn -0.0790 -0.3563 0.9310
vn 0.1216 -0.0272 0.9922
vn -0.0693 -0.3617 0.9297
vn 0.1339 -0.0340 0.9904
vn -0.2614 -0.6347 0.7272
vn -0.2676 -0.6316 0.7276
vn -0.0789 -0.3567 0.9309
vn -0.2619 -0.6347 0.7270
vn -0.0789 -0.3568 0.9308
vn -0.0689 -0.3620 0.9296
vn -0.4147 -0.8103 0.4140
vn -0.4155 -0.8098 0.4142
vn -0.2681 -0.6311 0.7279
vn -0.4144 -0.8104 0.4142
vn -0.2676 -0.6311 0.7281
vn -0.2620 -0.6343 0.7273
vn -0.5038 -0.8630 0.0376
vn -0.5002 -0.8651 0.0368
vn -0.4154 -0.8101 0.4137
vn -0.5037 -0.8630 0.0379
vn -0.4153 -0.8101 0.4138
vn -0.4142 -0.8104 0.4142
vn -0.5165 -0.7842 -0.3439
vn -0.5084 -0.7888 -0.3454
vn -0.5003 -0.8651 0.0370
vn -0.5165 -0.7840 -0.3443
vn -0.5003 -0.8650 0.0370
vn -0.5040 -0.8629 0.0374
vn -0.4509 -0.5857 -0.6736
vn -0.4398 -0.5924 -0.6750
vn -0.5086 -0.7888 -0.3453
vn -0.4514 -0.5857 -0.6731
vn -0.5087 -0.7888 -0.3451
vn -0.5168 -0.7840 -0.3439
vn -0.3165 -0.2988 -0.9003
vn -0.3042 -0.3066 -0.9019
vn -0.4395 -0.5925 -0.6751
vn -0.4398 -0.5926 -0.6749
vn -0.4509 -0.5858 -0.6734
vn -0.1342 0.0340 -0.9904
vn -0.1222 0.0267 -0.9921
vn -0.3040 -0.3063 -0.9021
vn -0.3043 -0.3062 -0.9020
vn -0.3165 -0.2987 -0.9003
vn 0.0783 0.3551 -0.9315
vn 0.0887 0.3489 -0.9330
vn -0.1072 0.0177 -0.9941
vn 0.0783 0.3550 -0.9316
vn -0.1073 0.0175 -0.9941
vn -0.1219 0.0265 -0.9922
vn 0.2666 0.6304 -0.7291
vn 0.2715 0.6274 -0.7299
vn 0.0886 0.3490 -0.9329
vn 0.2670 0.6304 -0.7289
vn 0.0887 0.3493 -0.9328
vn 0.0782 0.3553 -0.9315
vn 0.4150 0.8092 -0.4159
vn 0.4130 0.8102 -0.4160
vn 0.2719 0.6272 -0.7299
vn 0.4148 0.8092 -0.4160
vn 0.2714 0.6271 -0.7301
vn 0.2672 0.6301 -0.7291
vn 0.5000 0.8651 -0.0392
vn 0.4919 0.8698 -0.0379
vn 0.4129 0.8104 -0.4157
vn 0.5000 0.8652 -0.0390
vn 0.4130 0.8104 -0.4156
vn 0.4146 0.8093 -0.4160
vn 0.5087 0.7894 0.3436
vn 0.4952 0.7970 0.3459
vn 0.5084 0.7894 0.3441
vn 0.4918 0.8699 -0.0381
vn 0.5001 0.8651 -0.0388
vn 0.4402 0.5928 0.6744
vn 0.4240 0.6021 0.6765
vn 0.4952 0.7970 0.3458
vn 0.4404 0.5929 0.6742
vn 0.4957 0.7969 0.3453
vn 0.5087 0.7893 0.3439
vn 0.3039 0.3063 0.9021
vn 0.2872 0.3160 0.9042
vn 0.4236 0.6023 0.6767
vn 0.3041 0.3065 0.9020
vn 0.4237 0.6024 0.6765
vn 0.1219 -0.0275 0.9922
vn 0.1069 -0.0191 0.9941
vn 0.2870 0.3156 0.9044
vn 0.2873 0.3158 0.9043
vn 0.3040 0.3062 0.9021
vn -0.0790 -0.3564 0.9310
vn -0.0896 -0.3505 0.9323
vn 0.1065 -0.0190 0.9941
vn 0.1065 -0.0187 0.9941
vn 0.1215 -0.0272 0.9922
vn -0.2676 -0.6315 0.7277
vn -0.2726 -0.6289 0.7281
vn -0.0895 -0.3508 0.9322
vn -0.2678 -0.6316 0.7276
vn -0.0897 -0.3509 0.9321
vn -0.0788 -0.3567 0.9309
vn -0.4159 -0.8099 0.4137
vn -0.4138 -0.8110 0.4136
vn -0.2728 -0.6287 0.7282
vn -0.4157 -0.8099 0.4139
vn -0.2727 -0.6287 0.7283
vn -0.2681 -0.6314 0.7277
vn -0.5001 -0.8651 0.0370
vn -0.4921 -0.8698 0.0357
vn -0.4135 -0.8112 0.4134
vn -0.5001 -0.8652 0.0372
vn -0.4137 -0.8112 0.4132
vn -0.4153 -0.8100 0.4140
vn -0.5085 -0.7890 -0.3448
vn -0.4953 -0.7964 -0.3471
vn -0.4921 -0.8698 0.0360
vn -0.5082 -0.7890 -0.3453
vn -0.4923 -0.8697 0.0357
vn -0.5002 -0.8651 0.0364
vn -0.4396 -0.5923 -0.6752
vn -0.4238 -0.6019 -0.6769
vn -0.4952 -0.7963 -0.3473
vn -0.4400 -0.5925 -0.6748
vn -0.4952 -0.7964 -0.3470
vn -0.5085 -0.7888 -0.3454
vn -0.3040 -0.3064 -0.9021
vn -0.2875 -0.3165 -0.9040
vn -0.4234 -0.6019 -0.6771
vn -0.3042 -0.3065 -0.9020
vn -0.4236 -0.6019 -0.6770
vn -0.4396 -0.5924 -0.6752
vn -0.1224 0.0267 -0.9921
vn -0.1076 0.0179 -0.9940
vn -0.2871 -0.3161 -0.9042
vn -0.1225 0.0267 -0.9921
vn -0.2874 -0.3161 -0.9042
vn -0.3042 -0.3062 -0.9021
vn 0.0994 0.3427 -0.9342
vn -0.0912 0.0085 -0.9958
vn -0.0913 0.0085 -0.9958
vn -0.1071 0.0177 -0.9941
vn 0.2714 0.6274 -0.7299
vn 0.2751 0.6252 -0.7303
vn 0.0993 0.3430 -0.9341
vn 0.2716 0.6273 -0.7299
vn 0.0994 0.3431 -0.9340
vn 0.0886 0.3492 -0.9328
vn 0.4133 0.8102 -0.4157
vn 0.4092 0.8123 -0.4157
vn 0.2755 0.6250 -0.7304
vn 0.4129 0.8102 -0.4160
vn 0.2751 0.6248 -0.7307
vn 0.4916 0.8700 -0.0379
vn 0.4809 0.8760 -0.0367
vn 0.4090 0.8124 -0.4155
vn 0.4917 0.8700 -0.0378
vn 0.4090 0.8125 -0.4154
vn 0.4130 0.8103 -0.4158
vn 0.4955 0.7971 0.3452
vn 0.4792 0.8060 0.3475
vn 0.4811 0.8759 -0.0368
vn 0.4954 0.7971 0.3453
vn 0.4813 0.8758 -0.0370
vn 0.4917 0.8699 -0.0378
vn 0.4236 0.6021 0.6768
vn 0.4048 0.6127 0.6787
vn 0.4240 0.6023 0.6764
vn 0.4795 0.8060 0.3471
vn 0.4955 0.7969 0.3455
vn 0.2870 0.3159 0.9044
vn 0.2681 0.3267 0.9063
vn 0.4048 0.6129 0.6786
vn 0.2871 0.3159 0.9043
vn 0.4235 0.6024 0.6766
vn 0.1070 -0.0191 0.9941
vn 0.0910 -0.0103 0.9958
vn 0.2617 0.3268 0.9081
vn 0.2681 0.3264 0.9064
vn 0.2871 0.3157 0.9044
vn -0.0897 -0.3507 0.9322
vn -0.1004 -0.3448 0.9333
vn 0.0905 -0.0098 0.9958
vn -0.2728 -0.6289 0.7281
vn -0.2760 -0.6270 0.7285
vn -0.1002 -0.3450 0.9333
vn -0.2727 -0.6289 0.7281
vn -0.1003 -0.3448 0.9333
vn -0.0895 -0.3509 0.9321
vn -0.4141 -0.8110 0.4133
vn -0.4099 -0.8131 0.4133
vn -0.2766 -0.6267 0.7285
vn -0.4137 -0.8110 0.4137
vn -0.2762 -0.6265 0.7288
vn -0.4920 -0.8699 0.0359
vn -0.4813 -0.8759 0.0346
vn -0.4097 -0.8134 0.4130
vn -0.4920 -0.8698 0.0360
vn -0.4098 -0.8134 0.4128
vn -0.4136 -0.8111 0.4135
vn -0.4953 -0.7965 -0.3468
vn -0.4790 -0.8055 -0.3489
vn -0.4814 -0.8758 0.0349
vn -0.4951 -0.7964 -0.3472
vn -0.4920 -0.8699 0.0358
vn -0.4239 -0.6017 -0.6770
vn -0.4049 -0.6125 -0.6789
vn -0.4239 -0.6017 -0.6769
vn -0.4794 -0.8055 -0.3484
vn -0.2872 -0.3164 -0.9041
vn -0.2684 -0.3270 -0.9061
vn -0.4044 -0.6127 -0.6790
vn -0.2873 -0.3165 -0.9040
vn -0.4048 -0.6126 -0.6789
vn -0.4233 -0.6020 -0.6771
vn -0.1077 0.0179 -0.9940
vn -0.0916 0.0088 -0.9958
vn -0.2683 -0.3269 -0.9062
vn -0.1076 0.0178 -0.9940
vn -0.2684 -0.3268 -0.9062
vn 0.0996 0.3427 -0.9342
vn 0.1046 0.3397 -0.9347
vn -0.0832 0.0040 -0.9965
vn 0.0993 0.3426 -0.9342
vn -0.0831 0.0040 -0.9965
vn -0.0911 0.0086 -0.9958
vn 0.2752 0.6252 -0.7304
vn 0.2768 0.6242 -0.7306
vn 0.1047 0.3401 -0.9346
vn 0.2751 0.6252 -0.7304
vn 0.1044 0.3400 -0.9346
vn 0.4094 0.8123 -0.4153
vn 0.4069 0.8136 -0.4154
vn 0.2770 0.6241 -0.7306
vn 0.4091 0.8124 -0.4156
vn 0.2770 0.6240 -0.7307
vn 0.2757 0.6249 -0.7304
vn 0.4809 0.8760 -0.0370
vn 0.4751 0.8792 -0.0364
vn 0.4067 0.8137 -0.4154
vn 0.4810 0.8759 -0.0367
vn 0.4067 0.8138 -0.4150
vn 0.4088 0.8124 -0.4157
vn 0.4792 0.8062 0.3470
vn 0.4705 0.8107 0.3485
vn 0.4752 0.8791 -0.0362
vn 0.4792 0.8061 0.3472
vn 0.4752 0.8791 -0.0364
vn 0.4810 0.8760 -0.0368
vn 0.4048 0.6126 0.6788
vn 0.3950 0.6182 0.6796
vn 0.4707 0.8107 0.3481
vn 0.4050 0.6128 0.6786
vn 0.4709 0.8107 0.3479
vn 0.4791 0.8060 0.3476
vn 0.2680 0.3265 0.9064
vn 0.2585 0.3320 0.9072
vn 0.3948 0.6184 0.6795
vn 0.2681 0.3266 0.9063
vn 0.3947 0.6185 0.6794
vn 0.4045 0.6130 0.6786
vn 0.0909 -0.0102 0.9958
vn 0.0826 -0.0056 0.9966
vn 0.2584 0.3317 0.9073
vn 0.0910 -0.0101 0.9958
vn 0.2586 0.3316 0.9073
vn 0.2681 0.3263 0.9065
vn -0.1006 -0.3446 0.9333
vn -0.1058 -0.3417 0.9338
vn 0.0824 -0.0054 0.9966
vn -0.1006 -0.3447 0.9333
vn 0.0824 -0.0055 0.9966
vn 0.0904 -0.0099 0.9959
vn -0.2762 -0.6270 0.7284
vn -0.2779 -0.6261 0.7285
vn -0.1057 -0.3420 0.9337
vn -0.2763 -0.6270 0.7284
vn -0.1005 -0.3451 0.9332
vn -0.4102 -0.8132 0.4128
vn -0.4076 -0.8145 0.4127
vn -0.2783 -0.6259 0.7286
vn -0.4037 -0.8129 0.4197
vn -0.2780 -0.6258 0.7288
vn -0.2764 -0.6268 0.7285
vn -0.4811 -0.8760 0.0345
vn -0.4752 -0.8792 0.0338
vn -0.4075 -0.8147 0.4126
vn -0.4810 -0.8760 0.0348
vn -0.4073 -0.8148 0.4126
vn -0.4097 -0.8133 0.4131
vn -0.4790 -0.8056 -0.3486
vn -0.4704 -0.8103 -0.3496
vn -0.4756 -0.8790 0.0343
vn -0.4790 -0.8054 -0.3491
vn -0.4755 -0.8791 0.0341
vn -0.4812 -0.8759 0.0345
vn -0.4045 -0.6122 -0.6794
vn -0.3950 -0.6179 -0.6799
vn -0.4705 -0.8102 -0.3496
vn -0.4708 -0.8101 -0.3493
vn -0.4791 -0.8054 -0.3488
vn -0.2683 -0.3271 -0.9061
vn -0.2587 -0.3325 -0.9069
vn -0.3945 -0.6181 -0.6799
vn -0.2684 -0.3271 -0.9061
vn -0.3947 -0.6181 -0.6798
vn -0.4045 -0.6126 -0.6790
vn -0.0835 0.0042 -0.9965
vn -0.2585 -0.3323 -0.9071
vn -0.0918 0.0087 -0.9957
vn -0.2587 -0.3322 -0.9070
vn -0.2684 -0.3269 -0.9062
vn -0.1489 0.4396 -0.8858
vn 0.0546 0.3901 -0.9192
vn -0.0800 0.0327 -0.9963
vn -0.1487 0.4399 -0.8857
vn -0.0799 0.0328 -0.9963
vn -0.2691 0.0834 -0.9595
vn -0.1485 0.4396 -0.8858
vn -0.2692 0.0833 -0.9595
vn -0.7217 0.2123 -0.6589
vn -0.1484 0.4397 -0.8858
vn -0.7218 0.2129 -0.6586
vn -0.6361 0.4778 -0.6058
vn -0.6359 0.4783 -0.6057
vn -0.7220 0.2125 -0.6584
vn -0.9538 0.2741 -0.1230
vn -0.6359 0.4782 -0.6058
vn -0.9539 0.2739 -0.1228
vn -0.9296 0.3528 -0.1067
vn -0.9295 0.3530 -0.1072
vn -0.9059 0.4191 -0.0607
vn -0.5530 0.7017 -0.4493
vn -0.9295 0.3532 -0.1064
vn -0.5529 0.7015 -0.4495
vn -0.6359 0.4779 -0.6060
vn -0.5531 0.7014 -0.4495
vn -0.0336 0.7384 -0.6735
vn -0.6358 0.4781 -0.6059
vn -0.0333 0.7385 -0.6734
vn -0.1490 0.4397 -0.8857
vn -0.9059 0.4193 -0.0603
vn -0.8866 0.4625 0.0097
vn -0.4858 0.8477 -0.2130
vn -0.9060 0.4190 -0.0607
vn -0.4859 0.8477 -0.2127
vn -0.5528 0.7018 -0.4492
vn -0.5529 0.7016 -0.4495
vn -0.4859 0.8476 -0.2130
vn 0.0591 0.9329 -0.3552
vn -0.5528 0.7017 -0.4495
vn 0.0590 0.9329 -0.3554
vn -0.0332 0.7383 -0.6736
vn -0.8866 0.4625 0.0095
vn -0.8747 0.4758 0.0921
vn -0.4451 0.8930 0.0673
vn -0.8866 0.4624 0.0098
vn -0.4452 0.8929 0.0673
vn -0.4857 0.8478 -0.2131
vn -0.4864 0.8474 -0.2130
vn -0.4455 0.8927 0.0673
vn 0.1139 0.9933 0.0212
vn -0.4862 0.8476 -0.2125
vn 0.1139 0.9933 0.0211
vn 0.0590 0.9330 -0.3551
vn -0.8748 0.4756 0.0922
vn -0.8722 0.4570 0.1745
vn -0.4375 0.8298 0.3464
vn -0.8747 0.4758 0.0920
vn -0.4373 0.8299 0.3465
vn -0.4452 0.8929 0.0674
vn -0.4455 0.8928 0.0669
vn -0.4379 0.8297 0.3463
vn 0.1233 0.9098 0.3963
vn -0.4455 0.8928 0.0668
vn 0.1231 0.9097 0.3966
vn 0.1137 0.9933 0.0210
vn -0.8721 0.4572 0.1743
vn -0.8791 0.4094 0.2441
vn -0.4637 0.6689 0.5810
vn -0.8720 0.4572 0.1748
vn -0.4637 0.6692 0.5806
vn -0.4375 0.8299 0.3463
vn -0.4374 0.8299 0.3463
vn -0.4635 0.6691 0.5810
vn 0.0851 0.6955 0.7135
vn -0.8792 0.4091 0.2442
vn -0.8945 0.3405 0.2897
vn -0.5197 0.4363 0.7346
vn -0.8791 0.4094 0.2440
vn -0.5197 0.4363 0.7345
vn -0.4640 0.6690 0.5806
vn -0.4636 0.6690 0.5809
vn -0.5197 0.4358 0.7349
vn -0.4638 0.6688 0.5810
vn 0.0058 0.3842 0.9232
vn 0.0848 0.6958 0.7132
vn -0.8944 0.3385 0.2922
vn -0.9162 0.2605 0.3045
vn -0.5963 0.1680 0.7850
vn -0.8949 0.3404 0.2887
vn -0.5196 0.4359 0.7349
vn -0.5201 0.4359 0.7345
vn -0.5964 0.1677 0.7850
vn -0.1018 0.0237 0.9945
vn -0.5200 0.4361 0.7345
vn -0.1018 0.0236 0.9945
vn 0.0062 0.3842 0.9232
vn -0.9162 0.2607 0.3044
vn -0.9404 0.1824 0.2869
vn -0.6818 -0.0941 0.7254
vn -0.9161 0.2606 0.3047
vn -0.6818 -0.0941 0.7255
vn -0.5964 0.1682 0.7849
vn -0.5967 0.1679 0.7847
vn -0.6818 -0.0940 0.7254
vn -0.2221 -0.3311 0.9171
vn -0.5966 0.1678 0.7848
vn -0.1019 0.0238 0.9945
vn -0.9403 0.1826 0.2873
vn -0.9637 0.1178 0.2398
vn -0.7625 -0.3108 0.5675
vn -0.9404 0.1828 0.2868
vn -0.7628 -0.3105 0.5672
vn -0.6815 -0.0943 0.7257
vn -0.6817 -0.0942 0.7255
vn -0.7625 -0.3110 0.5673
vn -0.3365 -0.6256 0.7038
vn -0.6817 -0.0944 0.7255
vn -0.3362 -0.6255 0.7041
vn -0.2222 -0.3310 0.9171
vn -0.9636 0.1181 0.2397
vn -0.9823 0.0761 0.1710
vn -0.8276 -0.4512 0.3341
vn -0.9636 0.1181 0.2400
vn -0.8275 -0.4512 0.3340
vn -0.7627 -0.3108 0.5672
vn -0.7629 -0.3110 0.5669
vn -0.8278 -0.4507 0.3340
vn -0.4273 -0.8171 0.3870
vn -0.7628 -0.3108 0.5670
vn -0.4273 -0.8170 0.3871
vn -0.3364 -0.6257 0.7038
vn -0.9823 0.0762 0.1709
vn -0.9940 0.0631 0.0899
vn -0.8670 -0.4944 0.0613
vn -0.9823 0.0762 0.1711
vn -0.8670 -0.4945 0.0612
vn -0.8276 -0.4511 0.3340
vn -0.8278 -0.4507 0.3341
vn -0.8673 -0.4940 0.0614
vn -0.4817 -0.8762 0.0152
vn -0.8280 -0.4507 0.3337
vn -0.4816 -0.8763 0.0153
vn -0.4278 -0.8169 0.3869
vn -0.9940 0.0632 0.0898
vn -0.9967 0.0810 0.0087
vn -0.8752 -0.4350 -0.2114
vn -0.9940 0.0632 0.0897
vn -0.8752 -0.4351 -0.2116
vn -0.8671 -0.4944 0.0610
vn -0.8672 -0.4941 0.0609
vn -0.8754 -0.4346 -0.2115
vn -0.4913 -0.7945 -0.3568
vn -0.8673 -0.4941 0.0606
vn -0.4912 -0.7945 -0.3570
vn -0.4815 -0.8763 0.0152
vn -0.9967 0.0809 0.0090
vn -0.9901 0.1272 -0.0598
vn -0.8510 -0.2804 -0.4440
vn -0.9967 0.0810 0.0091
vn -0.8508 -0.2803 -0.4444
vn -0.8752 -0.4350 -0.2118
vn -0.8755 -0.4344 -0.2117
vn -0.8508 -0.2807 -0.4442
vn -0.4542 -0.5843 -0.6725
vn -0.8754 -0.4345 -0.2119
vn -0.4913 -0.7947 -0.3565
vn -0.9901 0.1269 -0.0601
vn -0.9751 0.1947 -0.1062
vn -0.7971 -0.0540 -0.6015
vn -0.9901 0.1268 -0.0600
vn -0.7971 -0.0541 -0.6015
vn -0.8507 -0.2804 -0.4446
vn -0.8510 -0.2804 -0.4441
vn -0.7971 -0.0540 -0.6014
vn -0.3763 -0.2766 -0.8842
vn -0.8508 -0.2806 -0.4443
vn -0.3761 -0.2766 -0.8843
vn -0.4545 -0.5841 -0.6725
vn -0.9751 0.1947 -0.1059
vn -0.9539 0.2740 -0.1228
vn -0.7219 0.2128 -0.6585
vn -0.9751 0.1947 -0.1061
vn -0.7216 0.2124 -0.6590
vn -0.7971 -0.0539 -0.6014
vn -0.7220 0.2122 -0.6586
vn -0.2691 0.0835 -0.9595
vn -0.7971 -0.0538 -0.6014
vn -0.2689 0.0835 -0.9595
vn -0.9296 0.3527 -0.1068
vn -0.9539 0.2741 -0.1227
vn -0.9750 0.1951 -0.1061
vn -0.9750 0.1952 -0.1066
vn -0.9901 0.1273 -0.0598
vn -0.9967 0.0812 0.0085
vn -0.9967 0.0811 0.0086
vn -0.9939 0.0633 0.0900
vn -0.9824 0.0765 0.1706
vn -0.9824 0.0762 0.1707
vn -0.9635 0.1182 0.2404
vn -0.9403 0.1833 0.2867
vn -0.9404 0.1830 0.2867
vn -0.9162 0.2608 0.3044
vn -0.8949 0.3400 0.2891
vn -0.8947 0.3400 0.2896
vn -0.8793 0.4092 0.2436
vn -0.8722 0.4570 0.1742
vn -0.8722 0.4569 0.1747
vn -0.8748 0.4757 0.0922
vn -0.8867 0.4622 0.0099
vn -0.8867 0.4623 0.0098
vn -0.9060 0.4190 -0.0606
vn -0.9297 0.3526 -0.1066
vn -0.9750 0.1950 -0.1062
vn -0.9967 0.0811 0.0088
vn -0.9967 0.0811 0.0090
vn -0.9823 0.0763 0.1711
vn -0.9402 0.1830 0.2871
vn -0.9405 0.1831 0.2864
vn -0.8948 0.3401 0.2892
vn -0.8722 0.4568 0.1748
vn -0.8867 0.4622 0.0097
vn -0.9296 0.3526 -0.1069
vn -0.9297 0.3526 -0.1069
vn -0.9967 0.0813 0.0087
vn -0.9403 0.1832 0.2870
vn -0.9403 0.1830 0.2871
vn -0.8723 0.4569 0.1744
vt 0.000000 0.000000
vt 0.082660 0.000000
vt 0.165310 0.000000
vt 0.247970 0.000000
vt 0.330620 0.000000
vt 0.413280 0.000000
vt 0.495940 0.000000
vt 0.578590 0.000000
vt 0.661250 0.000000
vt 0.743910 0.000000
vt 0.826560 0.000000
vt 0.909220 0.000000
vt 0.991870 0.000000
vt 1.074530 0.000000
vt 1.157190 0.000000
vt 1.239840 0.000000
vt 1.322500 0.000000
vt 0.390630 0.015620
vt 0.406250 0.015620
vt 0.406250 0.031250
vt 0.390630 0.031250
vt 0.421880 0.015620
vt 0.421880 0.031250
vt 0.437500 0.015620
vt 0.437500 0.031250
vt 0.453130 0.015620
vt 0.453130 0.031250
vt 0.468750 0.015620
vt 0.468750 0.031250
vt 0.484380 0.015620
vt 0.484380 0.031250
vt 0.500000 0.015620
vt 0.500000 0.031250
vt 0.515620 0.015620
vt 0.515630 0.031250
vt 0.531250 0.015620
vt 0.531250 0.031250
vt 0.546880 0.015620
vt 0.546880 0.031250
vt 0.562500 0.015620
vt 0.562500 0.031250
vt 0.578120 0.015620
vt 0.578130 0.031250
vt 0.593750 0.015620
vt 0.593750 0.031250
vt 0.609380 0.015620
vt 0.609380 0.031250
vt 0.406250 0.046880
vt 0.390630 0.046880
vt 0.421880 0.046880
vt 0.437500 0.046880
vt 0.453120 0.046880
vt 0.468750 0.046880
vt 0.484380 0.046880
vt 0.500000 0.046880
vt 0.515620 0.046880
vt 0.531250 0.046880
vt 0.546880 0.046880
vt 0.562500 0.046880
vt 0.578130 0.046880
vt 0.593750 0.046880
vt 0.609380 0.046880
vt 0.406250 0.062500
vt 0.390630 0.062500
vt 0.421880 0.062500
vt 0.437500 0.062500
vt 0.453130 0.062500
vt 0.468750 0.062500
vt 0.484380 0.062500
vt 0.500000 0.062500
vt 0.515630 0.062500
vt 0.531250 0.062500
vt 0.546880 0.062500
vt 0.562500 0.062500
vt 0.578130 0.062500
vt 0.593750 0.062500
vt 0.609380 0.062500
vt 0.406250 0.078120
vt 0.390630 0.078120
vt 0.421880 0.078120
vt 0.437500 0.078120
vt 0.453130 0.078120
vt 0.468750 0.078120
vt 0.484380 0.078120
vt 0.500000 0.078120
vt 0.515620 0.078120
vt 0.531250 0.078120
vt 0.546880 0.078120
vt 0.562500 0.078120
vt 0.578130 0.078120
vt 0.593750 0.078120
vt 0.609380 0.078120
vt 0.406250 0.093750
vt 0.390630 0.093750
vt 0.421880 0.093750
vt 0.437500 0.093750
vt 0.453130 0.093750
vt 0.468750 0.093750
vt 0.484380 0.093750
vt 0.500000 0.093750
vt 0.515620 0.093750
vt 0.531250 0.093750
vt 0.546880 0.093750
vt 0.562500 0.093750
vt 0.578120 0.093750
vt 0.593750 0.093750
vt 0.609380 0.093750
vt 0.406250 0.109380
vt 0.390620 0.109380
vt 0.421880 0.109380
vt 0.437500 0.109380
vt 0.453130 0.109380
vt 0.468750 0.109380
vt 0.484380 0.109380
vt 0.500000 0.109380
vt 0.515630 0.109380
vt 0.531250 0.109380
vt 0.546880 0.109380
vt 0.562500 0.109380
vt 0.578120 0.109380
vt 0.593750 0.109380
vt 0.609380 0.109380
vt 0.406250 0.125000
vt 0.390630 0.125000
vt 0.421880 0.125000
vt 0.437500 0.125000
vt 0.453130 0.125000
vt 0.468750 0.125000
vt 0.484380 0.125000
vt 0.500000 0.125000
vt 0.515630 0.125000
vt 0.531250 0.125000
vt 0.546880 0.125000
vt 0.562500 0.125000
vt 0.578130 0.125000
vt 0.593750 0.125000
vt 0.609380 0.125000
vt 0.406250 0.140620
vt 0.390630 0.140620
vt 0.421880 0.140620
vt 0.437500 0.140620
vt 0.453130 0.140620
vt 0.468750 0.140620
vt 0.484380 0.140620
vt 0.500000 0.140620
vt 0.515620 0.140620
vt 0.531250 0.140620
vt 0.546880 0.140620
vt 0.562500 0.140620
vt 0.578130 0.140620
vt 0.593750 0.140620
vt 0.609380 0.140620
vt 0.406250 0.156250
vt 0.390630 0.156250
vt 0.421880 0.156250
vt 0.437500 0.156250
vt 0.453130 0.156250
vt 0.468750 0.156250
vt 0.484380 0.156250
vt 0.500000 0.156250
vt 0.515620 0.156250
vt 0.531250 0.156250
vt 0.546880 0.156250
vt 0.562500 0.156250
vt 0.578120 0.156250
vt 0.593750 0.156250
vt 0.609380 0.156250
vt 0.406250 0.171880
vt 0.390620 0.171880
vt 0.421880 0.171880
vt 0.437500 0.171880
vt 0.453130 0.171880
vt 0.468750 0.171880
vt 0.484380 0.171880
vt 0.500000 0.171880
vt 0.515630 0.171880
vt 0.531250 0.171880
vt 0.546880 0.171880
vt 0.562500 0.171880
vt 0.578120 0.171880
vt 0.593750 0.171880
vt 0.609380 0.171880
vt 0.406250 0.187500
vt 0.390630 0.187500
vt 0.421880 0.187500
vt 0.437500 0.187500
vt 0.453130 0.187500
vt 0.468750 0.187500
vt 0.484380 0.187500
vt 0.500000 0.187500
vt 0.515630 0.187500
vt 0.531250 0.187500
vt 0.546880 0.187500
vt 0.562500 0.187500
vt 0.578130 0.187500
vt 0.593750 0.187500
vt 0.609380 0.187500
vt 0.406250 0.203120
vt 0.390630 0.203120
vt 0.421880 0.203120
vt 0.437500 0.203120
vt 0.453130 0.203120
vt 0.468750 0.203120
vt 0.484380 0.203120
vt 0.500000 0.203120
vt 0.515620 0.203120
vt 0.531250 0.203120
vt 0.546880 0.203120
vt 0.562500 0.203120
vt 0.578130 0.203120
vt 0.593750 0.203120
vt 0.609380 0.203120
vt 0.406250 0.218750
vt 0.390630 0.218750
vt 0.421880 0.218750
vt 0.437500 0.218750
vt 0.453130 0.218750
vt 0.468750 0.218750
vt 0.484380 0.218750
vt 0.500000 0.218750
vt 0.515620 0.218750
vt 0.531250 0.218750
vt 0.546880 0.218750
vt 0.562500 0.218750
vt 0.578130 0.218750
vt 0.593750 0.218750
vt 0.609380 0.218750
vt 0.406250 0.234380
vt 0.390630 0.234380
vt 0.421880 0.234380
vt 0.437500 0.234380
vt 0.453130 0.234380
vt 0.468750 0.234380
vt 0.484380 0.234380
vt 0.500000 0.234380
vt 0.515630 0.234380
vt 0.531250 0.234380
vt 0.546880 0.234380
vt 0.562500 0.234380
vt 0.578130 0.234380
vt 0.593750 0.234380
vt 0.609380 0.234380
vt 0.375000 0.000000
vt 0.390630 0.000000
vt 0.375000 0.015620
vt 0.406250 0.000000
vt 0.421880 0.000000
vt 0.437500 0.000000
vt 0.453130 0.000000
vt 0.468750 0.000000
vt 0.484380 0.000000
vt 0.500000 0.000000
vt 0.515630 0.000000
vt 0.531250 0.000000
vt 0.546880 0.000000
vt 0.562500 0.000000
vt 0.578120 0.000000
vt 0.593750 0.000000
vt 0.609380 0.000000
vt 0.625000 0.000000
vt 0.625000 0.015620
vt 0.625000 0.031250
vt 0.625000 0.046880
vt 0.625000 0.062500
vt 0.625000 0.078120
vt 0.625000 0.093750
vt 0.625000 0.109380
vt 0.625000 0.125000
vt 0.625000 0.140620
vt 0.625000 0.156250
vt 0.625000 0.171880
vt 0.625000 0.187500
vt 0.625000 0.203120
vt 0.625000 0.218750
vt 0.625000 0.234380
vt 0.625000 0.250000
vt 0.609380 0.250000
vt 0.593750 0.250000
vt 0.578130 0.250000
vt 0.562500 0.250000
vt 0.546880 0.250000
vt 0.531250 0.250000
vt 0.515630 0.250000
vt 0.500000 0.250000
vt 0.484380 0.250000
vt 0.468750 0.250000
vt 0.453130 0.250000
vt 0.437500 0.250000
vt 0.421880 0.250000
vt 0.406250 0.250000
vt 0.390630 0.250000
vt 0.375000 0.234380
vt 0.375000 0.250000
vt 0.375000 0.218750
vt 0.375000 0.203120
vt 0.375000 0.187500
vt 0.375000 0.171880
vt 0.375000 0.156250
vt 0.375000 0.140620
vt 0.375000 0.125000
vt 0.375000 0.109380
vt 0.375000 0.093750
vt 0.375000 0.078120
vt 0.375000 0.062500
vt 0.375000 0.046880
vt 0.375000 0.031250
vt 0.390620 0.265620
vt 0.406240 0.265620
vt 0.406190 0.281190
vt 0.390550 0.281180
vt 0.421870 0.265620
vt 0.421820 0.281200
vt 0.437490 0.265620
vt 0.437460 0.281210
vt 0.453120 0.265620
vt 0.453090 0.281210
vt 0.468750 0.265620
vt 0.468730 0.281220
vt 0.484370 0.265620
vt 0.484360 0.281220
vt 0.500000 0.265620
vt 0.500000 0.281220
vt 0.515630 0.265620
vt 0.515640 0.281220
vt 0.531250 0.265620
vt 0.531270 0.281220
vt 0.546880 0.265620
vt 0.546910 0.281210
vt 0.562510 0.265620
vt 0.562540 0.281210
vt 0.578130 0.265620
vt 0.578180 0.281200
vt 0.593760 0.265620
vt 0.593810 0.281190
vt 0.609380 0.265620
vt 0.609450 0.281180
vt 0.406040 0.296670
vt 0.390380 0.296630
vt 0.421700 0.296700
vt 0.437360 0.296730
vt 0.453020 0.296750
vt 0.468680 0.296770
vt 0.484340 0.296780
vt 0.500000 0.296780
vt 0.515660 0.296780
vt 0.531320 0.296770
vt 0.546980 0.296750
vt 0.562640 0.296730
vt 0.578300 0.296700
vt 0.593960 0.296670
vt 0.609620 0.296630
vt 0.405760 0.312010
vt 0.390060 0.311930
vt 0.421470 0.312080
vt 0.437170 0.312150
vt 0.452880 0.312200
vt 0.468590 0.312250
vt 0.484290 0.312270
vt 0.500000 0.312280
vt 0.515710 0.312270
vt 0.531410 0.312250
vt 0.547120 0.312200
vt 0.562830 0.312150
vt 0.578530 0.312080
vt 0.594240 0.312010
vt 0.609940 0.311930
vt 0.405300 0.327160
vt 0.389510 0.327010
vt 0.421080 0.327310
vt 0.436860 0.327440
vt 0.452650 0.327540
vt 0.468430 0.327630
vt 0.484220 0.327680
vt 0.500000 0.327700
vt 0.515780 0.327680
vt 0.531570 0.327630
vt 0.547350 0.327540
vt 0.563140 0.327440
vt 0.578920 0.327310
vt 0.594700 0.327160
vt 0.610490 0.327010
vt 0.404600 0.342090
vt 0.388700 0.341830
vt 0.420500 0.342340
vt 0.436400 0.342560
vt 0.452300 0.342750
vt 0.468200 0.342890
vt 0.484100 0.342980
vt 0.500000 0.343020
vt 0.515900 0.342980
vt 0.531800 0.342890
vt 0.547700 0.342750
vt 0.563600 0.342560
vt 0.579500 0.342340
vt 0.595400 0.342090
vt 0.611300 0.341830
vt 0.403630 0.356740
vt 0.387570 0.356320
vt 0.419690 0.357130
vt 0.435760 0.357490
vt 0.451820 0.357780
vt 0.467880 0.358010
vt 0.483940 0.358160
vt 0.500000 0.358210
vt 0.516060 0.358160
vt 0.532120 0.358010
vt 0.548180 0.357780
vt 0.564240 0.357490
vt 0.580310 0.357130
vt 0.596370 0.356740
vt 0.612430 0.356320
vt 0.402340 0.371070
vt 0.386070 0.370440
vt 0.418620 0.371650
vt 0.434900 0.372180
vt 0.451170 0.372620
vt 0.467450 0.372970
vt 0.483720 0.373190
vt 0.500000 0.373260
vt 0.516280 0.373190
vt 0.532550 0.372970
vt 0.548830 0.372620
vt 0.565100 0.372180
vt 0.581380 0.371650
vt 0.597660 0.371070
vt 0.613930 0.370440
vt 0.400700 0.385030
vt 0.384140 0.384140
vt 0.417250 0.385870
vt 0.433810 0.386620
vt 0.450360 0.387260
vt 0.466910 0.387740
vt 0.483450 0.388060
vt 0.500000 0.388170
vt 0.516550 0.388060
vt 0.533090 0.387740
vt 0.549640 0.387260
vt 0.566190 0.386620
vt 0.582750 0.385870
vt 0.599300 0.385030
vt 0.615860 0.384140
vt 0.398700 0.398640
vt 0.381760 0.397380
vt 0.415620 0.399820
vt 0.432520 0.400860
vt 0.449410 0.401730
vt 0.466280 0.402400
vt 0.483140 0.402820
vt 0.500000 0.402970
vt 0.516860 0.402820
vt 0.533720 0.402400
vt 0.550590 0.401730
vt 0.567480 0.400860
vt 0.584380 0.399820
vt 0.601300 0.398640
vt 0.618240 0.397380
vt 0.396350 0.411910
vt 0.378910 0.410150
vt 0.413750 0.413530
vt 0.431100 0.414950
vt 0.448380 0.416120
vt 0.465620 0.416990
vt 0.482820 0.417540
vt 0.500000 0.417730
vt 0.517180 0.417540
vt 0.534380 0.416990
vt 0.551620 0.416120
vt 0.568900 0.414950
vt 0.586250 0.413530
vt 0.603650 0.411910
vt 0.621090 0.410150
vt 0.393660 0.424840
vt 0.375560 0.422430
vt 0.411680 0.427040
vt 0.429580 0.428960
vt 0.447330 0.430480
vt 0.464950 0.431600
vt 0.482500 0.432280
vt 0.500000 0.432510
vt 0.517500 0.432280
vt 0.535050 0.431600
vt 0.552670 0.430480
vt 0.570420 0.428960
vt 0.588320 0.427040
vt 0.606340 0.424840
vt 0.624440 0.422430
vt 0.390720 0.437500
vt 0.371730 0.434220
vt 0.409510 0.440450
vt 0.428050 0.442960
vt 0.446310 0.444900
vt 0.464330 0.446280
vt 0.482200 0.447100
vt 0.500000 0.447370
vt 0.517800 0.447100
vt 0.535670 0.446280
vt 0.553690 0.444900
vt 0.571950 0.442960
vt 0.590490 0.440450
vt 0.609280 0.437500
vt 0.628270 0.434220
vt 0.387820 0.450220
vt 0.367600 0.445710
vt 0.407520 0.454060
vt 0.426700 0.457160
vt 0.445430 0.459500
vt 0.463810 0.461130
vt 0.481970 0.462070
vt 0.500000 0.462380
vt 0.518030 0.462070
vt 0.536190 0.461130
vt 0.554570 0.459500
vt 0.573300 0.457160
vt 0.592480 0.454060
vt 0.612180 0.450220
vt 0.632400 0.445710
vt 0.385480 0.463500
vt 0.363740 0.457470
vt 0.406080 0.468230
vt 0.425760 0.471790
vt 0.444830 0.474420
vt 0.463460 0.476220
vt 0.481800 0.477250
vt 0.500000 0.477580
vt 0.518200 0.477250
vt 0.536540 0.476220
vt 0.555170 0.474420
vt 0.574240 0.471790
vt 0.593920 0.468230
vt 0.614520 0.463500
vt 0.636600 0.457380
vt 0.374990 0.265610
vt 0.625010 0.265610
vt 0.625080 0.281170
vt 0.625270 0.296600
vt 0.625650 0.311850
vt 0.626270 0.326850
vt 0.627200 0.341550
vt 0.628490 0.355890
vt 0.630210 0.369790
vt 0.632420 0.383210
vt 0.635170 0.396080
vt 0.638540 0.408340
vt 0.642580 0.419920
vt 0.647350 0.430780
vt 0.652910 0.440840
vt 0.659330 0.450040
vt 0.666670 0.458330
vt 0.640960 0.470350
vt 0.615280 0.478360
vt 0.594380 0.483380
vt 0.574540 0.487090
vt 0.555370 0.489810
vt 0.536660 0.491660
vt 0.518250 0.492720
vt 0.500000 0.493060
vt 0.481750 0.492720
vt 0.463340 0.491660
vt 0.444630 0.489810
vt 0.425460 0.487090
vt 0.405620 0.483380
vt 0.384720 0.478360
vt 0.359040 0.470350
vt 0.340670 0.450040
vt 0.333330 0.458330
vt 0.347090 0.440840
vt 0.352650 0.430780
vt 0.357420 0.419920
vt 0.361460 0.408340
vt 0.364830 0.396080
vt 0.367580 0.383210
vt 0.369790 0.369790
vt 0.371510 0.355890
vt 0.372800 0.341550
vt 0.373730 0.326850
vt 0.374350 0.311850
vt 0.374730 0.296600
vt 0.374920 0.281170
vt 0.365350 0.490590
vt 0.386260 0.495540
vt 0.389160 0.514160
vt 0.370540 0.511260
vt 0.406420 0.499820
vt 0.408110 0.517240
vt 0.425920 0.503210
vt 0.426970 0.520000
vt 0.444890 0.505740
vt 0.445530 0.522160
vt 0.463480 0.507500
vt 0.463830 0.523690
vt 0.481810 0.508510
vt 0.481960 0.524600
vt 0.500000 0.508840
vt 0.500000 0.524900
vt 0.518190 0.508510
vt 0.518040 0.524600
vt 0.536520 0.507500
vt 0.536170 0.523690
vt 0.555110 0.505740
vt 0.554470 0.522160
vt 0.574080 0.503210
vt 0.573030 0.520000
vt 0.593580 0.499820
vt 0.591890 0.517240
vt 0.613740 0.495540
vt 0.610840 0.514160
vt 0.634410 0.490350
vt 0.629460 0.511260
vt 0.392240 0.533110
vt 0.374820 0.531420
vt 0.410200 0.535200
vt 0.428330 0.537250
vt 0.446380 0.538940
vt 0.464320 0.540190
vt 0.482180 0.540950
vt 0.500000 0.541210
vt 0.517820 0.540950
vt 0.535680 0.540190
vt 0.553620 0.538940
vt 0.571670 0.537250
vt 0.589800 0.535200
vt 0.607760 0.533110
vt 0.625180 0.531420
vt 0.395000 0.551970
vt 0.378210 0.550920
vt 0.412250 0.553330
vt 0.429740 0.554740
vt 0.447290 0.555960
vt 0.464850 0.556910
vt 0.482420 0.557510
vt 0.500000 0.557730
vt 0.517580 0.557510
vt 0.535150 0.556910
vt 0.552710 0.555960
vt 0.570260 0.554740
vt 0.587750 0.553330
vt 0.605000 0.551970
vt 0.621790 0.550920
vt 0.397160 0.570530
vt 0.380740 0.569890
vt 0.413940 0.571380
vt 0.430960 0.572290
vt 0.448120 0.573120
vt 0.465360 0.573790
vt 0.482670 0.574240
vt 0.500000 0.574400
vt 0.517330 0.574240
vt 0.534640 0.573790
vt 0.551880 0.573120
vt 0.569040 0.572290
vt 0.586060 0.571380
vt 0.602840 0.570530
vt 0.619260 0.569890
vt 0.398690 0.588830
vt 0.382500 0.588480
vt 0.415190 0.589320
vt 0.431910 0.589850
vt 0.448790 0.590360
vt 0.465790 0.590790
vt 0.482880 0.591090
vt 0.500000 0.591200
vt 0.517120 0.591090
vt 0.534210 0.590790
vt 0.551210 0.590360
vt 0.568090 0.589850
vt 0.584810 0.589320
vt 0.601310 0.588830
vt 0.617500 0.588480
vt 0.399600 0.606960
vt 0.383510 0.606810
vt 0.415950 0.607180
vt 0.432510 0.607420
vt 0.449240 0.607670
vt 0.466090 0.607880
vt 0.483020 0.608020
vt 0.500000 0.608080
vt 0.516980 0.608020
vt 0.533910 0.607880
vt 0.550760 0.607670
vt 0.567490 0.607420
vt 0.584050 0.607180
vt 0.600400 0.606960
vt 0.616490 0.606810
vt 0.399900 0.625000
vt 0.383840 0.625000
vt 0.416210 0.625000
vt 0.432730 0.625000
vt 0.449400 0.625000
vt 0.466200 0.625000
vt 0.483080 0.625000
vt 0.500000 0.625000
vt 0.516920 0.625000
vt 0.533800 0.625000
vt 0.550600 0.625000
vt 0.567270 0.625000
vt 0.583790 0.625000
vt 0.600100 0.625000
vt 0.616160 0.625000
vt 0.399600 0.643040
vt 0.383510 0.643200
vt 0.415950 0.642820
vt 0.432510 0.642580
vt 0.449240 0.642330
vt 0.466090 0.642120
vt 0.483020 0.641980
vt 0.500000 0.641920
vt 0.516980 0.641980
vt 0.533910 0.642120
vt 0.550760 0.642330
vt 0.567490 0.642580
vt 0.584050 0.642820
vt 0.600400 0.643040
vt 0.616490 0.643190
vt 0.398690 0.661170
vt 0.382500 0.661520
vt 0.415190 0.660680
vt 0.431910 0.660150
vt 0.448790 0.659640
vt 0.465790 0.659210
vt 0.482880 0.658910
vt 0.500000 0.658800
vt 0.517120 0.658910
vt 0.534210 0.659210
vt 0.551210 0.659640
vt 0.568090 0.660150
vt 0.584810 0.660680
vt 0.601310 0.661170
vt 0.617500 0.661520
vt 0.397160 0.679470
vt 0.380740 0.680110
vt 0.413940 0.678620
vt 0.430960 0.677710
vt 0.448120 0.676880
vt 0.465360 0.676210
vt 0.482670 0.675760
vt 0.500000 0.675600
vt 0.517330 0.675760
vt 0.534640 0.676210
vt 0.551880 0.676880
vt 0.569040 0.677710
vt 0.586060 0.678620
vt 0.602840 0.679470
vt 0.619260 0.680110
vt 0.395000 0.698030
vt 0.378210 0.699080
vt 0.412250 0.696670
vt 0.429740 0.695260
vt 0.447290 0.694040
vt 0.464850 0.693090
vt 0.482420 0.692490
vt 0.500000 0.692270
vt 0.517580 0.692490
vt 0.535150 0.693090
vt 0.552710 0.694040
vt 0.570260 0.695260
vt 0.587750 0.696670
vt 0.605000 0.698030
vt 0.621790 0.699080
vt 0.392240 0.716890
vt 0.374820 0.718580
vt 0.410200 0.714800
vt 0.428330 0.712750
vt 0.446380 0.711060
vt 0.464320 0.709810
vt 0.482180 0.709050
vt 0.500000 0.708790
vt 0.517820 0.709050
vt 0.535680 0.709810
vt 0.553620 0.711060
vt 0.571670 0.712750
vt 0.589800 0.714800
vt 0.607760 0.716890
vt 0.625180 0.718580
vt 0.389160 0.735840
vt 0.370540 0.738740
vt 0.408110 0.732760
vt 0.426970 0.730000
vt 0.445530 0.727840
vt 0.463830 0.726310
vt 0.481960 0.725400
vt 0.500000 0.725100
vt 0.518040 0.725400
vt 0.536170 0.726310
vt 0.554470 0.727840
vt 0.573030 0.730000
vt 0.591890 0.732760
vt 0.610840 0.735840
vt 0.629460 0.738740
vt 0.386260 0.754460
vt 0.365590 0.759650
vt 0.406420 0.750180
vt 0.425920 0.746790
vt 0.444890 0.744260
vt 0.463480 0.742500
vt 0.481810 0.741490
vt 0.500000 0.741160
vt 0.518190 0.741490
vt 0.536520 0.742500
vt 0.555110 0.744260
vt 0.574080 0.746790
vt 0.593580 0.750180
vt 0.613740 0.754460
vt 0.634650 0.759410
vt 0.345350 0.484040
vt 0.654650 0.484040
vt 0.646640 0.509720
vt 0.641620 0.530620
vt 0.637910 0.550460
vt 0.635190 0.569630
vt 0.633340 0.588340
vt 0.632280 0.606750
vt 0.631940 0.625000
vt 0.632280 0.643250
vt 0.633340 0.661660
vt 0.635190 0.680370
vt 0.637910 0.699540
vt 0.641620 0.719380
vt 0.646640 0.740280
vt 0.654650 0.765960
vt 0.666670 0.791670
vt 0.640960 0.779650
vt 0.615280 0.771640
vt 0.594380 0.766620
vt 0.574540 0.762910
vt 0.555370 0.760190
vt 0.536660 0.758340
vt 0.518250 0.757280
vt 0.500000 0.756940
vt 0.481750 0.757280
vt 0.463340 0.758340
vt 0.444630 0.760190
vt 0.425460 0.762910
vt 0.405620 0.766620
vt 0.384720 0.771640
vt 0.359040 0.779650
vt 0.345350 0.765960
vt 0.333330 0.791670
vt 0.353360 0.740280
vt 0.358380 0.719380
vt 0.362090 0.699540
vt 0.364810 0.680370
vt 0.366660 0.661660
vt 0.367720 0.643250
vt 0.368060 0.625000
vt 0.367720 0.606750
vt 0.366660 0.588340
vt 0.364810 0.569630
vt 0.362090 0.550460
vt 0.358380 0.530620
vt 0.353360 0.509720
vt 0.363400 0.792620
vt 0.385480 0.786500
vt 0.387820 0.799780
vt 0.367600 0.804290
vt 0.406080 0.781770
vt 0.407520 0.795940
vt 0.425760 0.778210
vt 0.426700 0.792840
vt 0.444830 0.775580
vt 0.445430 0.790500
vt 0.463460 0.773780
vt 0.463810 0.788870
vt 0.481800 0.772750
vt 0.481970 0.787930
vt 0.500000 0.772420
vt 0.500000 0.787620
vt 0.518200 0.772750
vt 0.518030 0.787930
vt 0.536540 0.773780
vt 0.536190 0.788870
vt 0.555170 0.775580
vt 0.554570 0.790500
vt 0.574240 0.778210
vt 0.573300 0.792840
vt 0.593920 0.781770
vt 0.592480 0.795940
vt 0.614520 0.786500
vt 0.612180 0.799780
vt 0.636270 0.792530
vt 0.632400 0.804290
vt 0.390720 0.812500
vt 0.371730 0.815780
vt 0.409510 0.809550
vt 0.428050 0.807040
vt 0.446310 0.805100
vt 0.464330 0.803720
vt 0.482200 0.802900
vt 0.500000 0.802630
vt 0.517800 0.802900
vt 0.535670 0.803720
vt 0.553690 0.805100
vt 0.571950 0.807040
vt 0.590490 0.809550
vt 0.609280 0.812500
vt 0.628270 0.815780
vt 0.393660 0.825160
vt 0.375560 0.827570
vt 0.411680 0.822960
vt 0.429580 0.821050
vt 0.447330 0.819520
vt 0.464950 0.818400
vt 0.482500 0.817720
vt 0.500000 0.817490
vt 0.517500 0.817720
vt 0.535050 0.818400
vt 0.552670 0.819520
vt 0.570420 0.821040
vt 0.588320 0.822960
vt 0.606340 0.825160
vt 0.624440 0.827570
vt 0.396350 0.838090
vt 0.378910 0.839850
vt 0.413750 0.836470
vt 0.431100 0.835050
vt 0.448380 0.833880
vt 0.465620 0.833010
vt 0.482820 0.832460
vt 0.500000 0.832270
vt 0.517180 0.832460
vt 0.534380 0.833010
vt 0.551620 0.833880
vt 0.568900 0.835050
vt 0.586250 0.836470
vt 0.603650 0.838090
vt 0.621090 0.839850
vt 0.398700 0.851360
vt 0.381760 0.852620
vt 0.415620 0.850180
vt 0.432520 0.849140
vt 0.449410 0.848270
vt 0.466280 0.847600
vt 0.483140 0.847180
vt 0.500000 0.847030
vt 0.516860 0.847180
vt 0.533720 0.847600
vt 0.550590 0.848270
vt 0.567480 0.849140
vt 0.584380 0.850180
vt 0.601300 0.851360
vt 0.618240 0.852620
vt 0.400700 0.864970
vt 0.384140 0.865860
vt 0.417250 0.864130
vt 0.433810 0.863380
vt 0.450360 0.862740
vt 0.466910 0.862260
vt 0.483450 0.861940
vt 0.500000 0.861830
vt 0.516550 0.861940
vt 0.533090 0.862260
vt 0.549640 0.862740
vt 0.566190 0.863380
vt 0.582750 0.864130
vt 0.599300 0.864970
vt 0.615860 0.865860
vt 0.402340 0.878930
vt 0.386070 0.879560
vt 0.418620 0.878350
vt 0.434900 0.877820
vt 0.451170 0.877380
vt 0.467450 0.877030
vt 0.483720 0.876810
vt 0.500000 0.876740
vt 0.516280 0.876810
vt 0.532550 0.877030
vt 0.548830 0.877380
vt 0.565100 0.877820
vt 0.581380 0.878350
vt 0.597660 0.878930
vt 0.613930 0.879560
vt 0.403630 0.893260
vt 0.387570 0.893680
vt 0.419690 0.892870
vt 0.435760 0.892520
vt 0.451820 0.892220
vt 0.467880 0.891990
vt 0.483940 0.891840
vt 0.500000 0.891790
vt 0.516060 0.891840
vt 0.532120 0.891990
vt 0.548180 0.892220
vt 0.564240 0.892520
vt 0.580310 0.892870
vt 0.596370 0.893260
vt 0.612430 0.893680
vt 0.404600 0.907910
vt 0.388700 0.908170
vt 0.420500 0.907660
vt 0.436400 0.907440
vt 0.452300 0.907250
vt 0.468200 0.907110
vt 0.484100 0.907020
vt 0.500000 0.906980
vt 0.515900 0.907020
vt 0.531800 0.907110
vt 0.547700 0.907250
vt 0.563600 0.907440
vt 0.579500 0.907660
vt 0.595400 0.907910
vt 0.611300 0.908170
vt 0.405300 0.922840
vt 0.389510 0.922990
vt 0.421080 0.922690
vt 0.436860 0.922560
vt 0.452650 0.922460
vt 0.468430 0.922370
vt 0.484220 0.922320
vt 0.500000 0.922300
vt 0.515780 0.922320
vt 0.531570 0.922370
vt 0.547350 0.922460
vt 0.563140 0.922560
vt 0.578920 0.922690
vt 0.594700 0.922840
vt 0.610490 0.922990
vt 0.405760 0.937990
vt 0.390060 0.938070
vt 0.421470 0.937920
vt 0.437170 0.937850
vt 0.452880 0.937800
vt 0.468590 0.937750
vt 0.484290 0.937730
vt 0.500000 0.937720
vt 0.515710 0.937730
vt 0.531410 0.937750
vt 0.547120 0.937800
vt 0.562830 0.937850
vt 0.578530 0.937920
vt 0.594240 0.937990
vt 0.609940 0.938070
vt 0.406040 0.953330
vt 0.390380 0.953370
vt 0.421700 0.953300
vt 0.437360 0.953270
vt 0.453020 0.953250
vt 0.468680 0.953230
vt 0.484340 0.953220
vt 0.500000 0.953220
vt 0.515660 0.953220
vt 0.531320 0.953230
vt 0.546980 0.953250
vt 0.562640 0.953270
vt 0.578300 0.953300
vt 0.593960 0.953330
vt 0.609620 0.953370
vt 0.406190 0.968810
vt 0.390550 0.968820
vt 0.421820 0.968800
vt 0.437460 0.968790
vt 0.453090 0.968790
vt 0.468730 0.968780
vt 0.484360 0.968780
vt 0.500000 0.968780
vt 0.515640 0.968780
vt 0.531270 0.968780
vt 0.546910 0.968790
vt 0.562540 0.968790
vt 0.578180 0.968800
vt 0.593810 0.968810
vt 0.609450 0.968820
vt 0.406240 0.984380
vt 0.390620 0.984380
vt 0.421870 0.984380
vt 0.437490 0.984380
vt 0.453120 0.984380
vt 0.468750 0.984380
vt 0.484370 0.984380
vt 0.500000 0.984380
vt 0.515630 0.984380
vt 0.531250 0.984380
vt 0.546880 0.984380
vt 0.562510 0.984380
vt 0.578130 0.984380
vt 0.593760 0.984380
vt 0.609380 0.984380
vt 0.340670 0.799960
vt 0.659330 0.799960
vt 0.652910 0.809160
vt 0.647350 0.819220
vt 0.642580 0.830080
vt 0.638540 0.841660
vt 0.635170 0.853920
vt 0.632420 0.866790
vt 0.630210 0.880210
vt 0.628490 0.894110
vt 0.627200 0.908450
vt 0.626270 0.923150
vt 0.625650 0.938150
vt 0.625270 0.953400
vt 0.625080 0.968830
vt 0.625010 0.984390
vt 0.625000 1.000000
vt 0.609380 1.000000
vt 0.593750 1.000000
vt 0.578120 1.000000
vt 0.562500 1.000000
vt 0.546880 1.000000
vt 0.531250 1.000000
vt 0.515630 1.000000
vt 0.500000 1.000000
vt 0.484380 1.000000
vt 0.468750 1.000000
vt 0.453130 1.000000
vt 0.437500 1.000000
vt 0.421880 1.000000
vt 0.406250 1.000000
vt 0.390630 1.000000
vt 0.374990 0.984390
vt 0.375000 1.000000
vt 0.374920 0.968830
vt 0.374730 0.953400
vt 0.374350 0.938150
vt 0.373730 0.923150
vt 0.372800 0.908450
vt 0.371510 0.894110
vt 0.369790 0.880210
vt 0.367580 0.866790
vt 0.364830 0.853920
vt 0.361460 0.841660
vt 0.357420 0.830080
vt 0.352650 0.819220
vt 0.347090 0.809160
vt 0.140620 0.515620
vt 0.156180 0.515550
vt 0.156190 0.531190
vt 0.140620 0.531240
vt 0.171630 0.515380
vt 0.171670 0.531040
vt 0.186930 0.515060
vt 0.187010 0.530760
vt 0.202010 0.514510
vt 0.202160 0.530300
vt 0.216830 0.513700
vt 0.217090 0.529600
vt 0.231320 0.512570
vt 0.231740 0.528630
vt 0.245440 0.511070
vt 0.246070 0.527340
vt 0.259140 0.509140
vt 0.260030 0.525700
vt 0.272380 0.506760
vt 0.273640 0.523700
vt 0.285150 0.503910
vt 0.286910 0.521350
vt 0.297430 0.500560
vt 0.299840 0.518660
vt 0.309220 0.496730
vt 0.312500 0.515720
vt 0.320710 0.492600
vt 0.325220 0.512820
vt 0.332380 0.488400
vt 0.338500 0.510480
vt 0.156200 0.546820
vt 0.140620 0.546870
vt 0.171700 0.546700
vt 0.187080 0.546470
vt 0.202310 0.546080
vt 0.217340 0.545500
vt 0.232130 0.544690
vt 0.246650 0.543620
vt 0.260870 0.542250
vt 0.274820 0.540620
vt 0.288530 0.538750
vt 0.302040 0.536680
vt 0.315450 0.534510
vt 0.329060 0.532520
vt 0.343230 0.531080
vt 0.156210 0.562460
vt 0.140620 0.562490
vt 0.171730 0.562360
vt 0.187150 0.562170
vt 0.202440 0.561860
vt 0.217560 0.561400
vt 0.232490 0.560760
vt 0.247180 0.559900
vt 0.261620 0.558810
vt 0.275860 0.557520
vt 0.289950 0.556100
vt 0.303960 0.554580
vt 0.317960 0.553050
vt 0.332160 0.551700
vt 0.346790 0.550760
vt 0.156210 0.578090
vt 0.140620 0.578120
vt 0.171750 0.578020
vt 0.187200 0.577880
vt 0.202540 0.577650
vt 0.217750 0.577300
vt 0.232780 0.576820
vt 0.247620 0.576170
vt 0.262260 0.575360
vt 0.276730 0.574410
vt 0.291120 0.573380
vt 0.305480 0.572330
vt 0.319900 0.571310
vt 0.334500 0.570430
vt 0.349420 0.569830
vt 0.156220 0.593730
vt 0.140620 0.593750
vt 0.171770 0.593680
vt 0.187250 0.593590
vt 0.202630 0.593430
vt 0.217890 0.593200
vt 0.233010 0.592880
vt 0.247970 0.592450
vt 0.262740 0.591910
vt 0.277400 0.591280
vt 0.291990 0.590620
vt 0.306600 0.589950
vt 0.321280 0.589330
vt 0.336130 0.588810
vt 0.351220 0.588460
vt 0.156220 0.609360
vt 0.140620 0.609370
vt 0.171780 0.609340
vt 0.187270 0.609290
vt 0.202680 0.609220
vt 0.217980 0.609100
vt 0.233160 0.608940
vt 0.248190 0.608720
vt 0.263060 0.608450
vt 0.277820 0.608140
vt 0.292540 0.607820
vt 0.307280 0.607500
vt 0.322100 0.607200
vt 0.337070 0.606970
vt 0.352250 0.606800
vt 0.156220 0.625000
vt 0.140620 0.625000
vt 0.171780 0.625000
vt 0.187280 0.625000
vt 0.202700 0.625000
vt 0.218020 0.625000
vt 0.233210 0.625000
vt 0.248260 0.625000
vt 0.263170 0.625000
vt 0.277970 0.625000
vt 0.292730 0.625000
vt 0.307510 0.625000
vt 0.322370 0.625000
vt 0.337380 0.625000
vt 0.352580 0.625000
vt 0.156220 0.640640
vt 0.140620 0.640630
vt 0.171780 0.640660
vt 0.187270 0.640710
vt 0.202680 0.640780
vt 0.217980 0.640900
vt 0.233160 0.641060
vt 0.248190 0.641280
vt 0.263060 0.641550
vt 0.277820 0.641860
vt 0.292540 0.642180
vt 0.307280 0.642500
vt 0.322100 0.642800
vt 0.337070 0.643030
vt 0.352250 0.643200
vt 0.156220 0.656270
vt 0.140620 0.656250
vt 0.171770 0.656320
vt 0.187250 0.656410
vt 0.202630 0.656570
vt 0.217890 0.656800
vt 0.233010 0.657120
vt 0.247970 0.657550
vt 0.262740 0.658090
vt 0.277400 0.658720
vt 0.291990 0.659380
vt 0.306600 0.660050
vt 0.321280 0.660670
vt 0.336130 0.661190
vt 0.351220 0.661540
vt 0.156210 0.671910
vt 0.140620 0.671880
vt 0.171750 0.671980
vt 0.187200 0.672120
vt 0.202540 0.672350
vt 0.217750 0.672700
vt 0.232780 0.673180
vt 0.247620 0.673830
vt 0.262260 0.674640
vt 0.276730 0.675590
vt 0.291120 0.676620
vt 0.305480 0.677670
vt 0.319900 0.678690
vt 0.334500 0.679570
vt 0.349420 0.680170
vt 0.156210 0.687540
vt 0.140620 0.687510
vt 0.171730 0.687640
vt 0.187150 0.687830
vt 0.202440 0.688140
vt 0.217560 0.688600
vt 0.232490 0.689240
vt 0.247180 0.690100
vt 0.261620 0.691190
vt 0.275860 0.692480
vt 0.289950 0.693900
vt 0.303960 0.695420
vt 0.317960 0.696950
vt 0.332160 0.698300
vt 0.346790 0.699240
vt 0.156200 0.703180
vt 0.140620 0.703130
vt 0.171700 0.703300
vt 0.187080 0.703530
vt 0.202310 0.703920
vt 0.217340 0.704500
vt 0.232130 0.705310
vt 0.246650 0.706380
vt 0.260870 0.707750
vt 0.274820 0.709380
vt 0.288530 0.711250
vt 0.302040 0.713320
vt 0.315450 0.715490
vt 0.329060 0.717480
vt 0.343230 0.718920
vt 0.156190 0.718810
vt 0.140620 0.718760
vt 0.171670 0.718960
vt 0.187010 0.719240
vt 0.202160 0.719700
vt 0.217090 0.720400
vt 0.231740 0.721370
vt 0.246070 0.722660
vt 0.260030 0.724300
vt 0.273640 0.726300
vt 0.286910 0.728650
vt 0.299840 0.731340
vt 0.312500 0.734290
vt 0.325220 0.737180
vt 0.338500 0.739520
vt 0.156180 0.734450
vt 0.140620 0.734380
vt 0.171630 0.734620
vt 0.186930 0.734940
vt 0.202010 0.735490
vt 0.216830 0.736300
vt 0.231320 0.737430
vt 0.245440 0.738930
vt 0.259140 0.740860
vt 0.272380 0.743240
vt 0.285150 0.746090
vt 0.297430 0.749440
vt 0.309220 0.753270
vt 0.320710 0.757400
vt 0.332470 0.761270
vt 0.125000 0.500000
vt 0.140610 0.499990
vt 0.125000 0.515620
vt 0.156170 0.499920
vt 0.171600 0.499730
vt 0.186850 0.499350
vt 0.201850 0.498730
vt 0.216550 0.497800
vt 0.230890 0.496510
vt 0.244790 0.494790
vt 0.258210 0.492580
vt 0.271080 0.489830
vt 0.283340 0.486460
vt 0.294920 0.482420
vt 0.305780 0.477650
vt 0.315840 0.472090
vt 0.325040 0.465670
vt 0.325040 0.784330
vt 0.315840 0.777910
vt 0.305780 0.772350
vt 0.294920 0.767580
vt 0.283340 0.763540
vt 0.271080 0.760170
vt 0.258210 0.757420
vt 0.244790 0.755210
vt 0.230890 0.753490
vt 0.216550 0.752200
vt 0.201850 0.751270
vt 0.186850 0.750650
vt 0.171600 0.750270
vt 0.156170 0.750080
vt 0.140610 0.750010
vt 0.125000 0.734380
vt 0.125000 0.750000
vt 0.125000 0.718750
vt 0.125000 0.703120
vt 0.125000 0.687500
vt 0.125000 0.671880
vt 0.125000 0.656250
vt 0.125000 0.640620
vt 0.125000 0.625000
vt 0.125000 0.609380
vt 0.125000 0.593750
vt 0.125000 0.578120
vt 0.125000 0.562500
vt 0.125000 0.546880
vt 0.125000 0.531250
vt 0.667530 0.488740
vt 0.679290 0.492600
vt 0.674780 0.512820
vt 0.661500 0.510480
vt 0.690780 0.496730
vt 0.687500 0.515720
vt 0.702570 0.500560
vt 0.700160 0.518660
vt 0.714850 0.503910
vt 0.713090 0.521350
vt 0.727620 0.506760
vt 0.726360 0.523700
vt 0.740860 0.509140
vt 0.739970 0.525700
vt 0.754560 0.511070
vt 0.753930 0.527340
vt 0.768680 0.512570
vt 0.768260 0.528630
vt 0.783170 0.513700
vt 0.782910 0.529600
vt 0.797990 0.514510
vt 0.797840 0.530300
vt 0.813070 0.515060
vt 0.812990 0.530760
vt 0.828370 0.515380
vt 0.828330 0.531040
vt 0.843820 0.515550
vt 0.843810 0.531190
vt 0.859380 0.515620
vt 0.859380 0.531240
vt 0.670940 0.532520
vt 0.656770 0.531080
vt 0.684550 0.534510
vt 0.697960 0.536680
vt 0.711470 0.538750
vt 0.725180 0.540620
vt 0.739130 0.542250
vt 0.753350 0.543620
vt 0.767870 0.544690
vt 0.782660 0.545500
vt 0.797690 0.546080
vt 0.812920 0.546470
vt 0.828300 0.546700
vt 0.843800 0.546820
vt 0.859380 0.546870
vt 0.667840 0.551700
vt 0.653210 0.550760
vt 0.682040 0.553050
vt 0.696040 0.554580
vt 0.710050 0.556100
vt 0.724140 0.557520
vt 0.738380 0.558810
vt 0.752820 0.559900
vt 0.767520 0.560760
vt 0.782440 0.561400
vt 0.797560 0.561860
vt 0.812850 0.562170
vt 0.828270 0.562360
vt 0.843790 0.562460
vt 0.859380 0.562490
vt 0.665500 0.570430
vt 0.650580 0.569830
vt 0.680100 0.571310
vt 0.694520 0.572330
vt 0.708880 0.573380
vt 0.723270 0.574410
vt 0.737740 0.575360
vt 0.752380 0.576170
vt 0.767220 0.576820
vt 0.782250 0.577300
vt 0.797460 0.577650
vt 0.812800 0.577880
vt 0.828250 0.578020
vt 0.843790 0.578090
vt 0.859380 0.578120
vt 0.663870 0.588810
vt 0.648780 0.588460
vt 0.678720 0.589330
vt 0.693400 0.589950
vt 0.708010 0.590620
vt 0.722600 0.591280
vt 0.737260 0.591910
vt 0.752030 0.592450
vt 0.766990 0.592880
vt 0.782110 0.593200
vt 0.797370 0.593430
vt 0.812750 0.593590
vt 0.828230 0.593680
vt 0.843780 0.593730
vt 0.859380 0.593750
vt 0.662930 0.606970
vt 0.647750 0.606800
vt 0.677900 0.607200
vt 0.692720 0.607500
vt 0.707460 0.607820
vt 0.722180 0.608140
vt 0.736940 0.608450
vt 0.751810 0.608720
vt 0.766840 0.608940
vt 0.782020 0.609100
vt 0.797320 0.609220
vt 0.812730 0.609290
vt 0.828220 0.609340
vt 0.843780 0.609360
vt 0.859380 0.609370
vt 0.662620 0.625000
vt 0.647420 0.625000
vt 0.677630 0.625000
vt 0.692490 0.625000
vt 0.707270 0.625000
vt 0.722030 0.625000
vt 0.736830 0.625000
vt 0.751740 0.625000
vt 0.766790 0.625000
vt 0.781980 0.625000
vt 0.797300 0.625000
vt 0.812720 0.625000
vt 0.828220 0.625000
vt 0.843780 0.625000
vt 0.859380 0.625000
vt 0.662930 0.643030
vt 0.647750 0.643200
vt 0.677900 0.642800
vt 0.692720 0.642500
vt 0.707460 0.642180
vt 0.722180 0.641860
vt 0.736940 0.641550
vt 0.751810 0.641280
vt 0.766840 0.641060
vt 0.782020 0.640900
vt 0.797320 0.640780
vt 0.812730 0.640710
vt 0.828220 0.640660
vt 0.843780 0.640640
vt 0.859380 0.640630
vt 0.663870 0.661190
vt 0.648780 0.661540
vt 0.678720 0.660670
vt 0.693400 0.660050
vt 0.708010 0.659380
vt 0.722600 0.658720
vt 0.737260 0.658090
vt 0.752030 0.657550
vt 0.766990 0.657120
vt 0.782110 0.656800
vt 0.797370 0.656570
vt 0.812750 0.656410
vt 0.828230 0.656320
vt 0.843780 0.656270
vt 0.859380 0.656250
vt 0.665500 0.679570
vt 0.650580 0.680170
vt 0.680100 0.678690
vt 0.694520 0.677670
vt 0.708880 0.676620
vt 0.723270 0.675590
vt 0.737740 0.674640
vt 0.752380 0.673830
vt 0.767220 0.673180
vt 0.782250 0.672700
vt 0.797460 0.672350
vt 0.812800 0.672120
vt 0.828250 0.671980
vt 0.843790 0.671910
vt 0.859380 0.671880
vt 0.667840 0.698300
vt 0.653210 0.699240
vt 0.682040 0.696950
vt 0.696040 0.695420
vt 0.710050 0.693900
vt 0.724140 0.692480
vt 0.738380 0.691190
vt 0.752820 0.690100
vt 0.767520 0.689240
vt 0.782440 0.688600
vt 0.797560 0.688140
vt 0.812850 0.687830
vt 0.828270 0.687640
vt 0.843790 0.687540
vt 0.859380 0.687510
vt 0.670940 0.717480
vt 0.656770 0.718920
vt 0.684550 0.715490
vt 0.697960 0.713320
vt 0.711470 0.711250
vt 0.725180 0.709380
vt 0.739130 0.707750
vt 0.753350 0.706380
vt 0.767870 0.705310
vt 0.782660 0.704500
vt 0.797690 0.703920
vt 0.812920 0.703530
vt 0.828300 0.703300
vt 0.843800 0.703180
vt 0.859380 0.703130
vt 0.674780 0.737180
vt 0.661500 0.739520
vt 0.687500 0.734290
vt 0.700160 0.731340
vt 0.713090 0.728650
vt 0.726360 0.726300
vt 0.739970 0.724300
vt 0.753930 0.722660
vt 0.768260 0.721370
vt 0.782910 0.720400
vt 0.797840 0.719700
vt 0.812990 0.719240
vt 0.828330 0.718960
vt 0.843810 0.718810
vt 0.859380 0.718760
vt 0.679290 0.757400
vt 0.667620 0.761600
vt 0.690780 0.753270
vt 0.702570 0.749440
vt 0.714850 0.746090
vt 0.727620 0.743240
vt 0.740860 0.740860
vt 0.754560 0.738930
vt 0.768680 0.737430
vt 0.783170 0.736300
vt 0.797990 0.735490
vt 0.813070 0.734940
vt 0.828370 0.734620
vt 0.843820 0.734450
vt 0.859380 0.734380
vt 0.674960 0.465670
vt 0.684160 0.472090
vt 0.694220 0.477650
vt 0.705080 0.482420
vt 0.716660 0.486460
vt 0.728920 0.489830
vt 0.741790 0.492580
vt 0.755210 0.494790
vt 0.769110 0.496510
vt 0.783450 0.497800
vt 0.798150 0.498730
vt 0.813150 0.499350
vt 0.828400 0.499730
vt 0.843830 0.499920
vt 0.859390 0.499990
vt 0.875000 0.500000
vt 0.875000 0.515620
vt 0.875000 0.531250
vt 0.875000 0.546880
vt 0.875000 0.562500
vt 0.875000 0.578120
vt 0.875000 0.593750
vt 0.875000 0.609380
vt 0.875000 0.625000
vt 0.875000 0.640620
vt 0.875000 0.656250
vt 0.875000 0.671880
vt 0.875000 0.687500
vt 0.875000 0.703120
vt 0.875000 0.718750
vt 0.875000 0.734380
vt 0.875000 0.750000
vt 0.859390 0.750010
vt 0.843830 0.750080
vt 0.828400 0.750270
vt 0.813150 0.750650
vt 0.798150 0.751270
vt 0.783450 0.752200
vt 0.769110 0.753490
vt 0.755210 0.755210
vt 0.741790 0.757420
vt 0.728920 0.760170
vt 0.716660 0.763540
vt 0.705080 0.767580
vt 0.694220 0.772350
vt 0.684160 0.777910
vt 0.674960 0.784330
s 0
usemtl mat2.293
f 1/1/1 2/1/2 3/2/3
f 1/1/4 3/2/5 4/2/6
f 4/2/7 3/2/8 5/3/9
f 4/2/10 5/3/11 6/3/12
f 6/3/13 5/3/11 7/4/14
f 6/3/15 7/4/16 8/4/17
f 8/4/18 7/4/16 9/5/19
f 8/4/20 9/5/21 10/5/22
f 10/5/23 9/5/21 11/6/24
f 10/5/25 11/6/26 12/6/27
f 12/6/28 11/6/26 13/7/29
f 12/6/30 13/7/31 14/7/32
f 14/7/33 13/7/34 15/8/35
f 14/7/36 15/8/37 16/8/38
f 16/8/39 15/8/40 17/9/41
f 16/8/42 17/9/43 18/9/44
f 18/9/45 17/9/46 19/10/47
f 18/9/48 19/10/49 20/10/50
f 20/10/51 19/10/52 21/11/53
f 20/10/54 21/11/55 22/11/56
f 22/11/57 21/11/58 23/12/59
f 22/11/60 23/12/61 24/12/62
f 24/12/63 23/12/64 25/13/65
f 24/12/66 25/13/67 26/13/68
f 26/13/69 25/13/70 27/14/71
f 26/13/72 27/14/73 28/14/74
f 28/14/75 27/14/76 29/15/77
f 28/14/78 29/15/79 30/15/80
f 30/15/81 29/15/82 31/16/83
f 30/15/81 31/16/84 32/16/85
f 32/16/86 31/16/87 33/17/88
f 32/16/89 33/17/90 34/17/91
f 2/1/92 35/1/93 36/2/94
f 2/1/95 36/2/96 3/2/97
f 3/2/98 36/2/99 37/3/100
f 3/2/101 37/3/102 5/3/9
f 5/3/103 37/3/104 38/4/105
f 5/3/11 38/4/106 7/4/107
f 7/4/108 38/4/109 39/5/110
f 7/4/111 39/5/112 9/5/113
f 9/5/114 39/5/115 40/6/116
f 9/5/21 40/6/117 11/6/118
f 11/6/119 40/6/120 41/7/121
f 11/6/122 41/7/123 13/7/124
f 13/7/125 41/7/126 42/8/127
f 13/7/128 42/8/129 15/8/130
f 15/8/131 42/8/132 43/9/133
f 15/8/134 43/9/135 17/9/136
f 17/9/136 43/9/137 44/10/138
f 17/9/46 44/10/139 19/10/140
f 19/10/141 44/10/142 45/11/143
f 19/10/144 45/11/145 21/11/146
f 21/11/147 45/11/148 46/12/149
f 21/11/58 46/12/150 23/12/151
f 23/12/151 46/12/152 47/13/153
f 23/12/154 47/13/155 25/13/156
f 25/13/156 47/13/157 48/14/158
f 25/13/159 48/14/160 27/14/161
f 27/14/162 48/14/163 49/15/164
f 27/14/165 49/15/166 29/15/167
f 29/15/167 49/15/168 50/16/169
f 29/15/170 50/16/171 31/16/172
f 31/16/173 50/16/174 51/17/175
f 31/16/176 51/17/177 33/17/178
f 52/1/179 53/1/180 54/2/181
f 52/1/182 54/2/183 55/2/184
f 55/2/184 54/2/185 56/3/186
f 55/2/187 56/3/188 57/3/189
f 57/3/190 56/3/191 58/4/192
f 57/3/193 58/4/194 59/4/195
f 59/4/195 58/4/196 60/5/197
f 59/4/198 60/5/199 61/5/200
f 61/5/201 60/5/199 62/6/202
f 61/5/203 62/6/204 63/6/205
f 63/6/206 62/6/207 64/7/208
f 63/6/209 64/7/210 65/7/211
f 65/7/212 64/7/213 66/8/214
f 65/7/215 66/8/216 67/8/217
f 67/8/218 66/8/219 68/9/220
f 67/8/221 68/9/222 69/9/223
f 69/9/224 68/9/225 70/10/226
f 69/9/227 70/10/228 71/10/229
f 71/10/230 70/10/231 72/11/232
f 71/10/233 72/11/234 73/11/235
f 73/11/236 72/11/237 74/12/238
f 73/11/239 74/12/240 75/12/241
f 75/12/242 74/12/243 76/13/244
f 75/12/245 76/13/246 77/13/247
f 77/13/247 76/13/248 78/14/249
f 77/13/250 78/14/251 79/14/252
f 79/14/253 78/14/254 80/15/255
f 79/14/256 80/15/257 81/15/258
f 81/15/259 80/15/260 82/16/261
f 81/15/262 82/16/263 83/16/264
f 83/16/265 82/16/266 84/17/267
f 83/16/268 84/17/269 85/17/270
f 53/1/271 86/1/272 87/2/273
f 53/1/274 87/2/275 54/2/276
f 54/2/277 87/2/278 88/3/279
f 54/2/280 88/3/281 56/3/282
f 56/3/283 88/3/284 89/4/285
f 56/3/286 89/4/287 58/4/288
f 58/4/289 89/4/290 90/5/291
f 58/4/292 90/5/293 60/5/294
f 60/5/295 90/5/296 91/6/297
f 60/5/298 91/6/299 62/6/300
f 62/6/301 91/6/302 92/7/303
f 62/6/304 92/7/305 64/7/306
f 64/7/307 92/7/308 93/8/309
f 64/7/310 93/8/311 66/8/312
f 66/8/313 93/8/311 94/9/314
f 66/8/315 94/9/316 68/9/317
f 68/9/318 94/9/319 95/10/320
f 68/9/321 95/10/322 70/10/323
f 70/10/324 95/10/322 96/11/325
f 70/10/326 96/11/327 72/11/328
f 72/11/329 96/11/330 97/12/331
f 72/11/332 97/12/333 74/12/334
f 74/12/335 97/12/336 98/13/337
f 74/12/338 98/13/339 76/13/340
f 76/13/341 98/13/339 99/14/342
f 76/13/340 99/14/343 78/14/344
f 78/14/344 99/14/345 100/15/346
f 78/14/347 100/15/348 80/15/349
f 80/15/350 100/15/348 101/16/351
f 80/15/352 101/16/353 82/16/354
f 82/16/355 101/16/356 102/17/357
f 82/16/358 102/17/359 84/17/360
f 103/1/361 104/1/362 105/2/363
f 103/1/364 105/2/365 106/2/366
f 106/2/367 105/2/368 107/3/369
f 106/2/370 107/3/371 108/3/372
f 108/3/373 107/3/374 109/4/375
f 108/3/376 109/4/377 110/4/378
f 110/4/379 109/4/380 111/5/381
f 110/4/382 111/5/383 112/5/384
f 112/5/385 111/5/386 113/6/387
f 112/5/388 113/6/389 114/6/390
f 114/6/391 113/6/389 115/7/392
f 114/6/393 115/7/394 116/7/395
f 116/7/396 115/7/394 117/8/397
f 116/7/398 117/8/399 118/8/400
f 118/8/401 117/8/402 119/9/403
f 118/8/404 119/9/405 120/9/406
f 120/9/407 119/9/408 121/10/409
f 120/9/410 121/10/411 122/10/412
f 122/10/413 121/10/414 123/11/415
f 122/10/416 123/11/417 124/11/418
f 124/11/418 123/11/417 125/12/419
f 124/11/420 125/12/421 126/12/422
f 126/12/423 125/12/421 127/13/424
f 126/12/425 127/13/426 128/13/427
f 128/13/428 127/13/429 129/14/430
f 128/13/431 129/14/432 130/14/433
f 130/14/434 129/14/435 131/15/436
f 130/14/437 131/15/438 132/15/439
f 132/15/440 131/15/441 133/16/442
f 132/15/443 133/16/444 134/16/445
f 134/16/446 133/16/447 135/17/448
f 134/16/449 135/17/450 136/17/451
f 104/1/452 137/1/453 138/2/454
f 104/1/455 138/2/456 105/2/363
f 105/2/457 138/2/458 139/3/459
f 105/2/460 139/3/461 107/3/462
f 107/3/463 139/3/464 140/4/465
f 107/3/466 140/4/467 109/4/468
f 109/4/469 140/4/467 141/5/470
f 109/4/471 141/5/472 111/5/473
f 111/5/474 141/5/475 142/6/476
f 111/5/477 142/6/478 113/6/479
f 113/6/480 142/6/481 143/7/482
f 113/6/483 143/7/484 115/7/392
f 115/7/485 143/7/486 144/8/487
f 115/7/488 144/8/489 117/8/490
f 117/8/490 144/8/491 145/9/492
f 117/8/402 145/9/493 119/9/494
f 119/9/494 145/9/495 146/10/496
f 119/9/497 146/10/498 121/10/499
f 121/10/500 146/10/501 147/11/502
f 121/10/503 147/11/504 123/11/505
f 123/11/415 147/11/506 148/12/507
f 123/11/508 148/12/509 125/12/510
f 125/12/510 148/12/511 149/13/512
f 125/12/513 149/13/514 127/13/515
f 127/13/516 149/13/517 150/14/518
f 127/13/519 150/14/520 129/14/521
f 129/14/522 150/14/523 151/15/524
f 129/14/525 151/15/526 131/15/527
f 131/15/528 151/15/529 152/16/530
f 131/15/531 152/16/532 133/16/533
f 133/16/534 152/16/535 153/17/536
f 133/16/537 153/17/538 135/17/539
f 154/1/540 155/1/541 156/2/542
f 154/1/543 156/2/544 157/2/545
f 157/2/546 156/2/547 158/3/548
f 157/2/546 158/3/549 159/3/550
f 159/3/551 158/3/552 160/4/553
f 159/3/554 160/4/555 161/4/556
f 161/4/556 160/4/557 162/5/558
f 161/4/559 162/5/560 163/5/561
f 163/5/562 162/5/563 164/6/564
f 163/5/565 164/6/566 165/6/567
f 165/6/568 164/6/569 166/7/570
f 165/6/571 166/7/572 167/7/573
f 167/7/574 166/7/575 168/8/576
f 167/7/577 168/8/578 169/8/579
f 169/8/579 168/8/580 170/9/581
f 169/8/582 170/9/583 171/9/584
f 171/9/584 170/9/585 172/10/586
f 171/9/587 172/10/588 173/10/589
f 173/10/590 172/10/591 174/11/592
f 173/10/593 174/11/594 175/11/595
f 175/11/596 174/11/597 176/12/598
f 175/11/599 176/12/600 177/12/601
f 177/12/601 176/12/602 178/13/603
f 177/12/604 178/13/605 179/13/606
f 179/13/607 178/13/608 180/14/609
f 179/13/610 180/14/609 181/14/611
f 181/14/612 180/14/613 182/15/614
f 181/14/615 182/15/616 183/15/617
f 183/15/617 182/15/616 184/16/618
f 183/15/619 184/16/620 185/16/621
f 185/16/622 184/16/623 186/17/624
f 185/16/625 186/17/626 187/17/626
f 155/1/627 188/1/628 189/2/629
f 155/1/630 189/2/631 156/2/632
f 156/2/632 189/2/633 190/3/634
f 156/2/635 190/3/636 158/3/637
f 158/3/637 190/3/636 191/4/638
f 158/3/639 191/4/640 160/4/641
f 160/4/642 191/4/643 192/5/644
f 160/4/645 192/5/646 162/5/647
f 162/5/648 192/5/646 193/6/649
f 162/5/650 193/6/651 164/6/652
f 164/6/653 193/6/654 194/7/655
f 164/6/656 194/7/655 166/7/657
f 166/7/657 194/7/658 195/8/659
f 166/7/660 195/8/661 168/8/662
f 168/8/662 195/8/663 196/9/664
f 168/8/665 196/9/666 170/9/667
f 170/9/668 196/9/669 197/10/670
f 170/9/671 197/10/672 172/10/673
f 172/10/674 197/10/675 198/11/676
f 172/10/677 198/11/678 174/11/679
f 174/11/680 198/11/681 199/12/682
f 174/11/683 199/12/684 176/12/685
f 176/12/686 199/12/687 200/13/688
f 176/12/689 200/13/690 178/13/691
f 178/13/692 200/13/693 201/14/694
f 178/13/692 201/14/695 180/14/696
f 180/14/697 201/14/698 202/15/699
f 180/14/700 202/15/701 182/15/702
f 182/15/703 202/15/704 203/16/705
f 182/15/706 203/16/707 184/16/708
f 184/16/709 203/16/710 204/17/711
f 184/16/712 204/17/713 186/17/714
f 1/1/715 205/1/716 206/2/717
f 1/1/718 206/2/719 4/2/720
f 4/2/721 206/2/722 207/3/723
f 4/2/724 207/3/725 6/3/726
f 6/3/727 207/3/728 208/4/729
f 6/3/730 208/4/731 8/4/732
f 8/4/733 208/4/734 209/5/735
f 8/4/736 209/5/737 10/5/738
f 10/5/739 209/5/740 210/6/741
f 10/5/742 210/6/743 12/6/744
f 12/6/745 210/6/746 211/7/747
f 12/6/748 211/7/749 14/7/750
f 14/7/751 211/7/747 212/8/752
f 14/7/753 212/8/754 16/8/755
f 16/8/756 212/8/757 213/9/758
f 16/8/759 213/9/760 18/9/761
f 18/9/762 213/9/763 214/10/764
f 18/9/765 214/10/766 20/10/767
f 20/10/768 214/10/769 215/11/770
f 20/10/771 215/11/772 22/11/773
f 22/11/774 215/11/775 216/12/776
f 22/11/777 216/12/778 24/12/779
f 24/12/780 216/12/781 217/13/782
f 24/12/783 217/13/784 26/13/785
f 26/13/786 217/13/787 218/14/788
f 26/13/789 218/14/790 28/14/791
f 28/14/792 218/14/793 219/15/794
f 28/14/795 219/15/796 30/15/797
f 30/15/798 219/15/799 220/16/800
f 30/15/801 220/16/802 32/16/803
f 32/16/804 220/16/805 221/17/806
f 32/16/807 221/17/808 34/17/809
f 35/1/810 222/1/810 223/2/811
f 35/1/812 223/2/813 36/2/814
f 36/2/815 223/2/816 224/3/817
f 36/2/818 224/3/819 37/3/820
f 37/3/821 224/3/822 225/4/823
f 37/3/824 225/4/825 38/4/826
f 38/4/827 225/4/823 226/5/828
f 38/4/829 226/5/830 39/5/831
f 39/5/832 226/5/828 227/6/833
f 39/5/834 227/6/835 40/6/836
f 40/6/837 227/6/838 228/7/839
f 40/6/840 228/7/841 41/7/842
f 41/7/843 228/7/844 229/8/845
f 41/7/846 229/8/847 42/8/848
f 42/8/849 229/8/850 230/9/851
f 42/8/852 230/9/853 43/9/854
f 43/9/855 230/9/856 231/10/857
f 43/9/858 231/10/859 44/10/860
f 44/10/861 231/10/862 232/11/863
f 44/10/864 232/11/865 45/11/866
f 45/11/867 232/11/868 233/12/869
f 45/11/867 233/12/870 46/12/871
f 46/12/872 233/12/873 234/13/874
f 46/12/875 234/13/876 47/13/877
f 47/13/878 234/13/879 235/14/880
f 47/13/881 235/14/882 48/14/883
f 48/14/884 235/14/885 236/15/886
f 48/14/884 236/15/887 49/15/888
f 49/15/889 236/15/886 237/16/890
f 49/15/891 237/16/892 50/16/893
f 50/16/894 237/16/895 238/17/896
f 50/16/897 238/17/898 51/17/899
f 52/1/900 239/1/900 240/2/901
f 52/1/902 240/2/903 55/2/904
f 55/2/905 240/2/901 241/3/906
f 55/2/907 241/3/908 57/3/909
f 57/3/910 241/3/911 242/4/912
f 57/3/913 242/4/914 59/4/915
f 59/4/916 242/4/912 243/5/917
f 59/4/916 243/5/918 61/5/919
f 61/5/920 243/5/921 244/6/922
f 61/5/923 244/6/924 63/6/925
f 63/6/926 244/6/927 245/7/928
f 63/6/929 245/7/930 65/7/931
f 65/7/932 245/7/933 246/8/934
f 65/7/935 246/8/936 67/8/937
f 67/8/938 246/8/934 247/9/939
f 67/8/940 247/9/941 69/9/942
f 69/9/943 247/9/944 248/10/945
f 69/9/946 248/10/947 71/10/948
f 71/10/949 248/10/950 249/11/951
f 71/10/952 249/11/953 73/11/954
f 73/11/955 249/11/956 250/12/957
f 73/11/958 250/12/959 75/12/960
f 75/12/961 250/12/957 251/13/962
f 75/12/963 251/13/964 77/13/965
f 77/13/966 251/13/967 252/14/968
f 77/13/969 252/14/970 79/14/971
f 79/14/972 252/14/973 253/15/974
f 79/14/975 253/15/976 81/15/977
f 81/15/978 253/15/979 254/16/980
f 81/15/981 254/16/982 83/16/983
f 83/16/984 254/16/985 255/17/986
f 83/16/987 255/17/988 85/17/989
f 86/1/990 205/1/991 206/2/992
f 86/1/993 206/2/994 87/2/995
f 87/2/996 206/2/997 207/3/998
f 87/2/996 207/3/999 88/3/1000
f 88/3/1001 207/3/1002 208/4/1003
f 88/3/1004 208/4/1005 89/4/1006
f 89/4/1007 208/4/1008 209/5/1009
f 89/4/1010 209/5/1011 90/5/1012
f 90/5/1013 209/5/1014 210/6/1015
f 90/5/1016 210/6/1017 91/6/1018
f 91/6/1019 210/6/1020 211/7/1021
f 91/6/1022 211/7/1023 92/7/1024
f 92/7/1025 211/7/1026 212/8/1027
f 92/7/1028 212/8/1029 93/8/1030
f 93/8/1031 212/8/1032 213/9/1033
f 93/8/1034 213/9/1035 94/9/1036
f 94/9/1037 213/9/1038 214/10/1039
f 94/9/1040 214/10/1041 95/10/1042
f 95/10/1043 214/10/1044 215/11/1045
f 95/10/1046 215/11/1047 96/11/1048
f 96/11/1049 215/11/1050 216/12/1051
f 96/11/1052 216/12/1053 97/12/1054
f 97/12/1055 216/12/1051 217/13/1056
f 97/12/1057 217/13/1058 98/13/1059
f 98/13/1060 217/13/1061 218/14/1062
f 98/13/1060 218/14/1063 99/14/1064
f 99/14/1065 218/14/1062 219/15/1066
f 99/14/1067 219/15/1068 100/15/1069
f 100/15/1070 219/15/1071 220/16/1072
f 100/15/1073 220/16/1074 101/16/1075
f 101/16/1076 220/16/1072 221/17/1077
f 101/16/1078 221/17/1079 102/17/1080
f 103/1/1081 256/1/1082 257/2/1083
f 103/1/1084 257/2/1085 106/2/1086
f 106/2/1087 257/2/1088 258/3/1089
f 106/2/1090 258/3/1091 108/3/1092
f 108/3/1093 258/3/1094 259/4/1095
f 108/3/1096 259/4/1097 110/4/1098
f 110/4/1099 259/4/1100 260/5/1101
f 110/4/1102 260/5/1103 112/5/1104
f 112/5/1105 260/5/1106 261/6/1107
f 112/5/1108 261/6/1109 114/6/1110
f 114/6/1111 261/6/1112 262/7/1113
f 114/6/1114 262/7/1115 116/7/1116
f 116/7/1117 262/7/1118 263/8/1119
f 116/7/1120 263/8/1121 118/8/1122
f 118/8/1123 263/8/1119 264/9/1124
f 118/8/1125 264/9/1126 120/9/1127
f 120/9/1128 264/9/1129 265/10/1130
f 120/9/1131 265/10/1132 122/10/1133
f 122/10/1134 265/10/1135 266/11/1136
f 122/10/1137 266/11/1138 124/11/1139
f 124/11/1140 266/11/1141 267/12/1142
f 124/11/1140 267/12/1143 126/12/1144
f 126/12/1145 267/12/1146 268/13/1147
f 126/12/1148 268/13/1149 128/13/1150
f 128/13/1151 268/13/1152 269/14/1153
f 128/13/1154 269/14/1155 130/14/1156
f 130/14/1157 269/14/1158 270/15/1159
f 130/14/1160 270/15/1161 132/15/1162
f 132/15/1163 270/15/1164 271/16/1165
f 132/15/1166 271/16/1167 134/16/1168
f 134/16/1169 271/16/1170 272/17/1171
f 134/16/1172 272/17/1173 136/17/1174
f 137/1/1175 239/1/1175 240/2/1176
f 137/1/1177 240/2/1178 138/2/1179
f 138/2/1180 240/2/1181 241/3/1182
f 138/2/1183 241/3/1184 139/3/1185
f 139/3/1186 241/3/1187 242/4/1188
f 139/3/1189 242/4/1190 140/4/1191
f 140/4/1192 242/4/1193 243/5/1194
f 140/4/1195 243/5/1196 141/5/1197
f 141/5/1198 243/5/1199 244/6/1200
f 141/5/1201 244/6/1202 142/6/1203
f 142/6/1204 244/6/1205 245/7/1206
f 142/6/1207 245/7/1208 143/7/1209
f 143/7/1210 245/7/1211 246/8/1212
f 143/7/1213 246/8/1214 144/8/1215
f 144/8/1216 246/8/1217 247/9/1218
f 144/8/1219 247/9/1220 145/9/1221
f 145/9/1222 247/9/1223 248/10/1224
f 145/9/1225 248/10/1226 146/10/1227
f 146/10/1228 248/10/1224 249/11/1229
f 146/10/1230 249/11/1231 147/11/1232
f 147/11/1233 249/11/1234 250/12/1235
f 147/11/1236 250/12/1237 148/12/1238
f 148/12/1239 250/12/1240 251/13/1241
f 148/12/1242 251/13/1243 149/13/1244
f 149/13/1245 251/13/1246 252/14/1247
f 149/13/1248 252/14/1249 150/14/1250
f 150/14/1251 252/14/1252 253/15/1253
f 150/14/1254 253/15/1255 151/15/1256
f 151/15/1257 253/15/1253 254/16/1258
f 151/15/1259 254/16/1260 152/16/1261
f 152/16/1262 254/16/1263 255/17/1264
f 152/16/1265 255/17/1266 153/17/1267
f 154/1/1268 222/1/1269 223/2/1270
f 154/1/1271 223/2/1272 157/2/1273
f 157/2/1274 223/2/1270 224/3/1275
f 157/2/1276 224/3/1277 159/3/1278
f 159/3/1279 224/3/1280 225/4/1281
f 159/3/1282 225/4/1283 161/4/1284
f 161/4/1285 225/4/1286 226/5/1287
f 161/4/1288 226/5/1289 163/5/1290
f 163/5/1291 226/5/1292 227/6/1293
f 163/5/1294 227/6/1295 165/6/1296
f 165/6/1297 227/6/1293 228/7/1298
f 165/6/1299 228/7/1300 167/7/1301
f 167/7/1302 228/7/1303 229/8/1304
f 167/7/1305 229/8/1306 169/8/1307
f 169/8/1308 229/8/1309 230/9/1310
f 169/8/1311 230/9/1312 171/9/1313
f 171/9/1314 230/9/1315 231/10/1316
f 171/9/1317 231/10/1318 173/10/1319
f 173/10/1320 231/10/1321 232/11/1322
f 173/10/1323 232/11/1324 175/11/1325
f 175/11/1326 232/11/1327 233/12/1328
f 175/11/1329 233/12/1330 177/12/1331
f 177/12/1332 233/12/1333 234/13/1334
f 177/12/1335 234/13/1336 179/13/1337
f 179/13/1338 234/13/1339 235/14/1340
f 179/13/1341 235/14/1342 181/14/1343
f 181/14/1344 235/14/1345 236/15/1346
f 181/14/1347 236/15/1348 183/15/1349
f 183/15/1350 236/15/1351 237/16/1352
f 183/15/1353 237/16/1354 185/16/1355
f 185/16/1356 237/16/1357 238/17/1358
f 185/16/1359 238/17/1360 187/17/1361
f 188/1/1362 256/1/1363 257/2/1364
f 188/1/1365 257/2/1366 189/2/1367
f 189/2/1368 257/2/1369 258/3/1370
f 189/2/1371 258/3/1372 190/3/1373
f 190/3/1374 258/3/1370 259/4/1375
f 190/3/1374 259/4/1376 191/4/1377
f 191/4/1378 259/4/1375 260/5/1379
f 191/4/1380 260/5/1381 192/5/1382
f 192/5/1383 260/5/1384 261/6/1385
f 192/5/1386 261/6/1387 193/6/1388
f 193/6/1389 261/6/1390 262/7/1391
f 193/6/1392 262/7/1393 194/7/1394
f 194/7/1395 262/7/1396 263/8/1397
f 194/7/1398 263/8/1399 195/8/1400
f 195/8/1401 263/8/1402 264/9/1403
f 195/8/1401 264/9/1404 196/9/1405
f 196/9/1406 264/9/1407 265/10/1408
f 196/9/1409 265/10/1410 197/10/1411
f 197/10/1412 265/10/1413 266/11/1414
f 197/10/1415 266/11/1416 198/11/1417
f 198/11/1418 266/11/1419 267/12/1420
f 198/11/1421 267/12/1422 199/12/1423
f 199/12/1424 267/12/1425 268/13/1426
f 199/12/1427 268/13/1428 200/13/1429
f 200/13/1430 268/13/1431 269/14/1432
f 200/13/1433 269/14/1434 201/14/1435
f 201/14/1436 269/14/1437 270/15/1438
f 201/14/1439 270/15/1440 202/15/1441
f 202/15/1442 270/15/1443 271/16/1444
f 202/15/1445 271/16/1446 203/16/1447
f 203/16/1448 271/16/1449 272/17/1450
f 203/16/1451 272/17/1452 204/17/1452
f 85/17/1453 84/17/1454 273/17/1454
f 85/17/1453 273/17/1455 274/17/1456
f 275/17/1457 276/17/1458 277/17/1459
f 255/17/1460 85/17/1460 274/17/1461
f 255/17/1462 274/17/1463 278/17/1464
f 84/17/1465 102/17/1466 279/17/1466
f 84/17/1467 279/17/1468 273/17/1469
f 102/17/1470 221/17/1470 280/17/1471
f 102/17/1472 280/17/1473 279/17/1474
f 136/17/1475 135/17/1476 281/17/1477
f 136/17/1478 281/17/1479 282/17/1480
f 272/17/1481 136/17/1481 282/17/1482
f 272/17/1481 282/17/1483 283/17/1484
f 135/17/1485 153/17/1486 284/17/1486
f 135/17/1485 284/17/1487 281/17/1488
f 153/17/1489 255/17/1489 278/17/1490
f 153/17/1489 278/17/1490 284/17/1491
f 187/17/1492 186/17/1493 275/17/1494
f 187/17/1492 275/17/1495 285/17/1496
f 238/17/1497 187/17/1497 285/17/1498
f 238/17/1497 285/17/1498 286/17/1499
f 186/17/1500 204/17/1501 276/17/1502
f 186/17/1503 276/17/1504 275/17/1503
f 34/17/1505 33/17/1506 287/17/1506
f 34/17/1507 287/17/1506 288/17/1508
f 204/17/1509 272/17/1509 283/17/1510
f 204/17/1509 283/17/1511 276/17/1512
f 221/17/1513 34/17/1513 288/17/1514
f 221/17/1515 288/17/1516 280/17/1517
f 33/17/1518 51/17/1519 289/17/1520
f 33/17/1518 289/17/1521 287/17/1518
f 51/17/1522 238/17/1522 286/17/1523
f 51/17/1524 286/17/1525 289/17/1526
f 288/17/1527 287/17/1528 277/17/1529
f 276/17/1530 283/17/1531 277/17/1532
f 280/17/1533 288/17/1534 277/17/1535
f 287/17/1536 289/17/1537 277/17/1536
f 289/17/1538 286/17/1525 277/17/1539
f 274/17/1540 273/17/1541 277/17/1542
f 278/17/1543 274/17/1544 277/17/1545
f 273/17/1546 279/17/1547 277/17/1546
f 279/17/1548 280/17/1549 277/17/1550
f 282/17/1551 281/17/1552 277/17/1552
f 283/17/1553 282/17/1554 277/17/1555
f 281/17/1556 284/17/1557 277/17/1558
f 284/17/1559 278/17/1560 277/17/1561
f 285/17/1562 275/17/1563 277/17/1564
f 286/17/1565 285/17/1566 277/17/1567
usemtl mat22.003
f 290/18/1568 291/19/1569 292/20/1570
f 290/18/1571 292/20/1572 293/21/1573
f 291/19/1574 294/22/1575 295/23/1576
f 291/19/1577 295/23/1578 292/20/1579
f 294/22/1580 296/24/1581 297/25/1582
f 294/22/1583 297/25/1584 295/23/1585
f 296/24/1586 298/26/1587 299/27/1588
f 296/24/1589 299/27/1590 297/25/1591
f 298/26/1592 300/28/1593 301/29/1594
f 298/26/1595 301/29/1596 299/27/1597
f 300/28/1598 302/30/1599 303/31/1600
f 300/28/1601 303/31/1600 301/29/1602
f 302/30/1603 304/32/1604 305/33/1605
f 302/30/1599 305/33/1606 303/31/1607
f 304/32/1608 306/34/1609 307/35/1610
f 304/32/1611 307/35/1612 305/33/1613
f 306/34/1614 308/36/1615 309/37/1616
f 306/34/1617 309/37/1618 307/35/1619
f 308/36/1620 310/38/1621 311/39/1622
f 308/36/1623 311/39/1624 309/37/1625
f 310/38/1621 312/40/1626 313/41/1627
f 310/38/1628 313/41/1629 311/39/1630
f 312/40/1631 314/42/1632 315/43/1633
f 312/40/1634 315/43/1635 313/41/1636
f 314/42/1637 316/44/1638 317/45/1639
f 314/42/1632 317/45/1640 315/43/1641
f 316/44/1642 318/46/1643 319/47/1644
f 316/44/1645 319/47/1646 317/45/1647
f 293/21/1648 292/20/1649 320/48/1650
f 293/21/1651 320/48/1652 321/49/1653
f 292/20/1654 295/23/1655 322/50/1656
f 292/20/1579 322/50/1657 320/48/1658
f 295/23/1659 297/25/1660 323/51/1661
f 295/23/1662 323/51/1663 322/50/1664
f 297/25/1665 299/27/1666 324/52/1667
f 297/25/1665 324/52/1668 323/51/1669
f 299/27/1670 301/29/1671 325/53/1672
f 299/27/1673 325/53/1674 324/52/1675
f 301/29/1676 303/31/1677 326/54/1678
f 301/29/1679 326/54/1680 325/53/1681
f 303/31/1682 305/33/1683 327/55/1684
f 303/31/1685 327/55/1686 326/54/1687
f 305/33/1688 307/35/1689 328/56/1690
f 305/33/1691 328/56/1692 327/55/1693
f 307/35/1694 309/37/1695 329/57/1696
f 307/35/1697 329/57/1698 328/56/1699
f 309/37/1700 311/39/1701 330/58/1702
f 309/37/1703 330/58/1704 329/57/1705
f 311/39/1706 313/41/1707 331/59/1708
f 311/39/1709 331/59/1710 330/58/1711
f 313/41/1629 315/43/1712 332/60/1713
f 313/41/1714 332/60/1715 331/59/1716
f 315/43/1717 317/45/1718 333/61/1719
f 315/43/1720 333/61/1721 332/60/1722
f 317/45/1723 319/47/1724 334/62/1725
f 317/45/1726 334/62/1727 333/61/1728
f 321/49/1729 320/48/1730 335/63/1731
f 321/49/1729 335/63/1732 336/64/1733
f 320/48/1734 322/50/1735 337/65/1736
f 320/48/1737 337/65/1736 335/63/1738
f 322/50/1739 323/51/1740 338/66/1741
f 322/50/1742 338/66/1743 337/65/1744
f 323/51/1745 324/52/1746 339/67/1747
f 323/51/1748 339/67/1749 338/66/1750
f 324/52/1751 325/53/1752 340/68/1753
f 324/52/1754 340/68/1755 339/67/1756
f 325/53/1757 326/54/1758 341/69/1759
f 325/53/1760 341/69/1761 340/68/1762
f 326/54/1763 327/55/1764 342/70/1765
f 326/54/1766 342/70/1767 341/69/1768
f 327/55/1769 328/56/1770 343/71/1771
f 327/55/1772 343/71/1773 342/70/1774
f 328/56/1775 329/57/1776 344/72/1777
f 328/56/1778 344/72/1779 343/71/1780
f 329/57/1776 330/58/1781 345/73/1782
f 329/57/1783 345/73/1784 344/72/1785
f 330/58/1786 331/59/1787 346/74/1788
f 330/58/1789 346/74/1790 345/73/1791
f 331/59/1792 332/60/1715 347/75/1793
f 331/59/1794 347/75/1795 346/74/1796
f 332/60/1797 333/61/1798 348/76/1799
f 332/60/1800 348/76/1801 347/75/1802
f 333/61/1803 334/62/1804 349/77/1805
f 333/61/1806 349/77/1807 348/76/1808
f 336/64/1809 335/63/1810 350/78/1811
f 336/64/1812 350/78/1811 351/79/1813
f 335/63/1814 337/65/1815 352/80/1816
f 335/63/1817 352/80/1818 350/78/1819
f 337/65/1815 338/66/1820 353/81/1821
f 337/65/1822 353/81/1823 352/80/1824
f 338/66/1825 339/67/1756 354/82/1826
f 338/66/1827 354/82/1828 353/81/1829
f 339/67/1830 340/68/1831 355/83/1832
f 339/67/1833 355/83/1834 354/82/1835
f 340/68/1836 341/69/1837 356/84/1838
f 340/68/1839 356/84/1840 355/83/1841
f 341/69/1842 342/70/1843 357/85/1844
f 341/69/1845 357/85/1846 356/84/1847
f 342/70/1848 343/71/1849 358/86/1850
f 342/70/1851 358/86/1852 357/85/1846
f 343/71/1853 344/72/1854 359/87/1855
f 343/71/1856 359/87/1857 358/86/1858
f 344/72/1859 345/73/1860 360/88/1861
f 344/72/1862 360/88/1863 359/87/1864
f 345/73/1865 346/74/1866 361/89/1867
f 345/73/1868 361/89/1869 360/88/1870
f 346/74/1871 347/75/1872 362/90/1873
f 346/74/1874 362/90/1875 361/89/1876
f 347/75/1877 348/76/1878 363/91/1879
f 347/75/1880 363/91/1881 362/90/1882
f 348/76/1883 349/77/1884 364/92/1885
f 348/76/1886 364/92/1887 363/91/1888
f 351/79/1889 350/78/1890 365/93/1891
f 351/79/1892 365/93/1893 366/94/1894
f 350/78/1895 352/80/1896 367/95/1897
f 350/78/1898 367/95/1899 365/93/1900
f 352/80/1901 353/81/1902 368/96/1903
f 352/80/1904 368/96/1905 367/95/1906
f 353/81/1907 354/82/1908 369/97/1909
f 353/81/1910 369/97/1911 368/96/1912
f 354/82/1913 355/83/1914 370/98/1915
f 354/82/1916 370/98/1917 369/97/1911
f 355/83/1918 356/84/1919 371/99/1920
f 355/83/1921 371/99/1922 370/98/1923
f 356/84/1924 357/85/1925 372/100/1926
f 356/84/1927 372/100/1928 371/99/1929
f 357/85/1930 358/86/1931 373/101/1932
f 357/85/1933 373/101/1934 372/100/1928
f 358/86/1935 359/87/1936 374/102/1937
f 358/86/1938 374/102/1939 373/101/1940
f 359/87/1941 360/88/1942 375/103/1943
f 359/87/1944 375/103/1945 374/102/1946
f 360/88/1947 361/89/1948 376/104/1949
f 360/88/1950 376/104/1951 375/103/1952
f 361/89/1953 362/90/1954 377/105/1955
f 361/89/1956 377/105/1957 376/104/1958
f 362/90/1959 363/91/1888 378/106/1960
f 362/90/1961 378/106/1962 377/105/1963
f 363/91/1964 364/92/1965 379/107/1966
f 363/91/1967 379/107/1968 378/106/1969
f 366/94/1970 365/93/1971 380/108/1972
f 366/94/1973 380/108/1974 381/109/1975
f 365/93/1976 367/95/1977 382/110/1978
f 365/93/1979 382/110/1980 380/108/1981
f 367/95/1982 368/96/1983 383/111/1984
f 367/95/1985 383/111/1986 382/110/1987
f 368/96/1988 369/97/1989 384/112/1990
f 368/96/1991 384/112/1992 383/111/1993
f 369/97/1994 370/98/1995 385/113/1996
f 369/97/1997 385/113/1998 384/112/1999
f 370/98/2000 371/99/2001 386/114/2002
f 370/98/2003 386/114/2004 385/113/2005
f 371/99/2006 372/100/2007 387/115/2008
f 371/99/2009 387/115/2010 386/114/2011
f 372/100/2012 373/101/2013 388/116/2014
f 372/100/2015 388/116/2014 387/115/2016
f 373/101/2017 374/102/2018 389/117/2019
f 373/101/2020 389/117/2021 388/116/2022
f 374/102/2023 375/103/2024 390/118/2025
f 374/102/2026 390/118/2027 389/117/2028
f 375/103/2029 376/104/2030 391/119/2031
f 375/103/2032 391/119/2033 390/118/2034
f 376/104/2035 377/105/2036 392/120/2037
f 376/104/2038 392/120/2039 391/119/2040
f 377/105/2041 378/106/2042 393/121/2043
f 377/105/2044 393/121/2045 392/120/2046
f 378/106/2047 379/107/2048 394/122/2049
f 378/106/2050 394/122/2051 393/121/2045
f 381/109/2052 380/108/2053 395/123/2054
f 381/109/2055 395/123/2054 396/124/2056
f 380/108/2057 382/110/2058 397/125/2059
f 380/108/2060 397/125/2061 395/123/2062
f 382/110/2063 383/111/2064 398/126/2065
f 382/110/2066 398/126/2067 397/125/2068
f 383/111/2069 384/112/2070 399/127/2071
f 383/111/2072 399/127/2073 398/126/2074
f 384/112/2075 385/113/2076 400/128/2077
f 384/112/2078 400/128/2079 399/127/2080
f 385/113/2081 386/114/2082 401/129/2083
f 385/113/2084 401/129/2085 400/128/2079
f 386/114/2086 387/115/2087 402/130/2088
f 386/114/2089 402/130/2090 401/129/2091
f 387/115/2092 388/116/2093 403/131/2094
f 387/115/2095 403/131/2096 402/130/2090
f 388/116/2097 389/117/2098 404/132/2099
f 388/116/2100 404/132/2101 403/131/2102
f 389/117/2103 390/118/2104 405/133/2105
f 389/117/2106 405/133/2107 404/132/2108
f 390/118/2104 391/119/2109 406/134/2110
f 390/118/2111 406/134/2112 405/133/2113
f 391/119/2114 392/120/2115 407/135/2116
f 391/119/2117 407/135/2118 406/134/2119
f 392/120/2120 393/121/2121 408/136/2122
f 392/120/2123 408/136/2124 407/135/2125
f 393/121/2126 394/122/2127 409/137/2128
f 393/121/2129 409/137/2130 408/136/2131
f 396/124/2132 395/123/2133 410/138/2134
f 396/124/2135 410/138/2136 411/139/2137
f 395/123/2138 397/125/2139 412/140/2140
f 395/123/2141 412/140/2142 410/138/2143
f 397/125/2144 398/126/2145 413/141/2146
f 397/125/2147 413/141/2148 412/140/2149
f 398/126/2150 399/127/2151 414/142/2152
f 398/126/2153 414/142/2154 413/141/2155
f 399/127/2156 400/128/2157 415/143/2158
f 399/127/2159 415/143/2160 414/142/2161
f 400/128/2162 401/129/2163 416/144/2164
f 400/128/2165 416/144/2166 415/143/2167
f 401/129/2168 402/130/2169 417/145/2170
f 401/129/2171 417/145/2172 416/144/2173
f 402/130/2174 403/131/2175 418/146/2176
f 402/130/2090 418/146/2177 417/145/2178
f 403/131/2179 404/132/2180 419/147/2181
f 403/131/2182 419/147/2183 418/146/2184
f 404/132/2185 405/133/2186 420/148/2187
f 404/132/2188 420/148/2189 419/147/2183
f 405/133/2190 406/134/2191 421/149/2192
f 405/133/2193 421/149/2194 420/148/2195
f 406/134/2196 407/135/2197 422/150/2198
f 406/134/2199 422/150/2198 421/149/2200
f 407/135/2201 408/136/2202 423/151/2203
f 407/135/2204 423/151/2205 422/150/2198
f 408/136/2206 409/137/2207 424/152/2208
f 408/136/2209 424/152/2210 423/151/2211
f 411/139/2212 410/138/2213 425/153/2214
f 411/139/2215 425/153/2216 426/154/2217
f 410/138/2218 412/140/2219 427/155/2220
f 410/138/2221 427/155/2222 425/153/2223
f 412/140/2224 413/141/2225 428/156/2226
f 412/140/2227 428/156/2228 427/155/2229
f 413/141/2230 414/142/2231 429/157/2232
f 413/141/2233 429/157/2234 428/156/2235
f 414/142/2236 415/143/2237 430/158/2238
f 414/142/2239 430/158/2240 429/157/2241
f 415/143/2242 416/144/2243 431/159/2244
f 415/143/2245 431/159/2244 430/158/2246
f 416/144/2243 417/145/2170 432/160/2247
f 416/144/2173 432/160/2248 431/159/2249
f 417/145/2250 418/146/2251 433/161/2252
f 417/145/2253 433/161/2254 432/160/2247
f 418/146/2255 419/147/2256 434/162/2257
f 418/146/2258 434/162/2259 433/161/2260
f 419/147/2261 420/148/2262 435/163/2263
f 419/147/2264 435/163/2265 434/162/2266
f 420/148/2267 421/149/2268 436/164/2269
f 420/148/2270 436/164/2271 435/163/2272
f 421/149/2273 422/150/2274 437/165/2275
f 421/149/2276 437/165/2277 436/164/2278
f 422/150/2279 423/151/2280 438/166/2281
f 422/150/2282 438/166/2283 437/165/2284
f 423/151/2285 424/152/2210 439/167/2286
f 423/151/2287 439/167/2288 438/166/2289
f 426/154/2290 425/153/2291 440/168/2292
f 426/154/2293 440/168/2294 441/169/2295
f 425/153/2296 427/155/2297 442/170/2298
f 425/153/2299 442/170/2300 440/168/2301
f 427/155/2297 428/156/2302 443/171/2303
f 427/155/2304 443/171/2305 442/170/2306
f 428/156/2307 429/157/2308 444/172/2309
f 428/156/2310 444/172/2311 443/171/2312
f 429/157/2313 430/158/2314 445/173/2315
f 429/157/2316 445/173/2317 444/172/2318
f 430/158/2319 431/159/2320 446/174/2321
f 430/158/2322 446/174/2323 445/173/2324
f 431/159/2320 432/160/2325 447/175/2326
f 431/159/2327 447/175/2328 446/174/2329
f 432/160/2330 433/161/2331 448/176/2332
f 432/160/2333 448/176/2334 447/175/2335
f 433/161/2331 434/162/2336 449/177/2337
f 433/161/2338 449/177/2339 448/176/2340
f 434/162/2266 435/163/2341 450/178/2342
f 434/162/2343 450/178/2344 449/177/2345
f 435/163/2346 436/164/2278 451/179/2347
f 435/163/2348 451/179/2349 450/178/2350
f 436/164/2351 437/165/2352 452/180/2353
f 436/164/2354 452/180/2355 451/179/2356
f 437/165/2357 438/166/2358 453/181/2359
f 437/165/2360 453/181/2361 452/180/2362
f 438/166/2363 439/167/2364 454/182/2365
f 438/166/2366 454/182/2367 453/181/2368
f 441/169/2369 440/168/2370 455/183/2371
f 441/169/2372 455/183/2373 456/184/2374
f 440/168/2375 442/170/2376 457/185/2377
f 440/168/2378 457/185/2379 455/183/2380
f 442/170/2381 443/171/2382 458/186/2383
f 442/170/2384 458/186/2385 457/185/2386
f 443/171/2387 444/172/2388 459/187/2389
f 443/171/2390 459/187/2391 458/186/2392
f 444/172/2393 445/173/2394 460/188/2395
f 444/172/2396 460/188/2397 459/187/2398
f 445/173/2399 446/174/2400 461/189/2401
f 445/173/2402 461/189/2401 460/188/2403
f 446/174/2404 447/175/2405 462/190/2406
f 446/174/2407 462/190/2408 461/189/2409
f 447/175/2410 448/176/2411 463/191/2412
f 447/175/2413 463/191/2414 462/190/2415
f 448/176/2416 449/177/2417 464/192/2418
f 448/176/2419 464/192/2420 463/191/2421
f 449/177/2422 450/178/2423 465/193/2424
f 449/177/2425 465/193/2426 464/192/2427
f 450/178/2428 451/179/2429 466/194/2430
f 450/178/2431 466/194/2432 465/193/2433
f 451/179/2434 452/180/2435 467/195/2436
f 451/179/2437 467/195/2438 466/194/2439
f 452/180/2440 453/181/2441 468/196/2442
f 452/180/2443 468/196/2444 467/195/2436
f 453/181/2445 454/182/2446 469/197/2447
f 453/181/2448 469/197/2449 468/196/2450
f 456/184/2451 455/183/2452 470/198/2453
f 456/184/2454 470/198/2455 471/199/2456
f 455/183/2457 457/185/2458 472/200/2459
f 455/183/2460 472/200/2461 470/198/2462
f 457/185/2458 458/186/2463 473/201/2464
f 457/185/2465 473/201/2466 472/200/2467
f 458/186/2468 459/187/2469 474/202/2470
f 458/186/2471 474/202/2472 473/201/2473
f 459/187/2474 460/188/2475 475/203/2476
f 459/187/2477 475/203/2478 474/202/2479
f 460/188/2480 461/189/2481 476/204/2482
f 460/188/2483 476/204/2484 475/203/2485
f 461/189/2486 462/190/2487 477/205/2488
f 461/189/2486 477/205/2489 476/204/2490
f 462/190/2491 463/191/2492 478/206/2493
f 462/190/2494 478/206/2495 477/205/2496
f 463/191/2497 464/192/2498 479/207/2499
f 463/191/2500 479/207/2501 478/206/2502
f 464/192/2503 465/193/2504 480/208/2505
f 464/192/2418 480/208/2506 479/207/2507
f 465/193/2508 466/194/2509 481/209/2510
f 465/193/2511 481/209/2512 480/208/2513
f 466/194/2514 467/195/2515 482/210/2516
f 466/194/2517 482/210/2518 481/209/2519
f 467/195/2520 468/196/2521 483/211/2522
f 467/195/2523 483/211/2524 482/210/2525
f 468/196/2526 469/197/2527 484/212/2528
f 468/196/2529 484/212/2530 483/211/2531
f 471/199/2532 470/198/2533 485/213/2534
f 471/199/2535 485/213/2536 486/214/2537
f 470/198/2538 472/200/2539 487/215/2540
f 470/198/2541 487/215/2540 485/213/2542
f 472/200/2543 473/201/2544 488/216/2545
f 472/200/2546 488/216/2547 487/215/2548
f 473/201/2549 474/202/2550 489/217/2551
f 473/201/2552 489/217/2553 488/216/2554
f 474/202/2555 475/203/2556 490/218/2557
f 474/202/2558 490/218/2559 489/217/2560
f 475/203/2561 476/204/2562 491/219/2563
f 475/203/2564 491/219/2565 490/218/2566
f 476/204/2567 477/205/2568 492/220/2569
f 476/204/2570 492/220/2571 491/219/2572
f 477/205/2568 478/206/2573 493/221/2574
f 477/205/2575 493/221/2576 492/220/2577
f 478/206/2578 479/207/2579 494/222/2580
f 478/206/2581 494/222/2582 493/221/2583
f 479/207/2584 480/208/2585 495/223/2586
f 479/207/2587 495/223/2588 494/222/2589
f 480/208/2590 481/209/2591 496/224/2592
f 480/208/2585 496/224/2593 495/223/2594
f 481/209/2595 482/210/2596 497/225/2597
f 481/209/2598 497/225/2599 496/224/2600
f 482/210/2601 483/211/2602 498/226/2603
f 482/210/2604 498/226/2605 497/225/2606
f 483/211/2607 484/212/2608 499/227/2609
f 483/211/2610 499/227/2611 498/226/2612
f 486/214/2613 485/213/2614 500/228/2615
f 486/214/2616 500/228/2617 501/229/2618
f 485/213/2619 487/215/2620 502/230/2621
f 485/213/2622 502/230/2623 500/228/2624
f 487/215/2620 488/216/2625 503/231/2626
f 487/215/2627 503/231/2628 502/230/2629
f 488/216/2545 489/217/2630 504/232/2631
f 488/216/2632 504/232/2633 503/231/2634
f 489/217/2635 490/218/2636 505/233/2637
f 489/217/2638 505/233/2639 504/232/2640
f 490/218/2641 491/219/2642 506/234/2643
f 490/218/2644 506/234/2645 505/233/2646
f 491/219/2647 492/220/2648 507/235/2649
f 491/219/2650 507/235/2651 506/234/2652
f 492/220/2653 493/221/2654 508/236/2655
f 492/220/2656 508/236/2657 507/235/2658
f 493/221/2659 494/222/2660 509/237/2661
f 493/221/2662 509/237/2663 508/236/2664
f 494/222/2665 495/223/2666 510/238/2667
f 494/222/2668 510/238/2669 509/237/2670
f 495/223/2671 496/224/2672 511/239/2673
f 495/223/2674 511/239/2675 510/238/2676
f 496/224/2677 497/225/2678 512/240/2679
f 496/224/2680 512/240/2681 511/239/2682
f 497/225/2683 498/226/2684 513/241/2685
f 497/225/2686 513/241/2687 512/240/2688
f 498/226/2689 499/227/2690 514/242/2691
f 498/226/2692 514/242/2693 513/241/2694
f 515/243/2695 516/244/2696 290/18/2697
f 515/243/2695 290/18/2698 517/245/2699
f 516/244/2700 518/246/2701 291/19/2702
f 516/244/2696 291/19/2703 290/18/2697
f 518/246/2704 519/247/2705 294/22/2706
f 518/246/2707 294/22/1575 291/19/2708
f 519/247/2709 520/248/2710 296/24/2711
f 519/247/2712 296/24/2713 294/22/2714
f 520/248/2715 521/249/2716 298/26/2717
f 520/248/2718 298/26/2719 296/24/2720
f 521/249/2721 522/250/2722 300/28/2723
f 521/249/2724 300/28/2725 298/26/2726
f 522/250/2727 523/251/2728 302/30/2729
f 522/250/2730 302/30/2731 300/28/2732
f 523/251/2733 524/252/2734 304/32/2735
f 523/251/2736 304/32/2737 302/30/2738
f 524/252/2739 525/253/2740 306/34/2741
f 524/252/2742 306/34/2743 304/32/2744
f 525/253/2745 526/254/2746 308/36/2747
f 525/253/2748 308/36/2749 306/34/2750
f 526/254/2751 527/255/2752 310/38/2753
f 526/254/2754 310/38/2755 308/36/2756
f 527/255/2757 528/256/2758 312/40/2759
f 527/255/2760 312/40/2759 310/38/2761
f 528/256/2758 529/257/2762 314/42/2763
f 528/256/2764 314/42/2765 312/40/2766
f 529/257/2767 530/258/2768 316/44/2769
f 529/257/2770 316/44/2771 314/42/2772
f 530/258/2773 531/259/2774 318/46/2775
f 530/258/2776 318/46/2777 316/44/2778
f 531/259/2779 532/260/2780 533/261/2781
f 531/259/2782 533/261/2783 318/46/2784
f 318/46/2785 533/261/2786 534/262/2787
f 318/46/2788 534/262/2789 319/47/2790
f 319/47/2791 534/262/2792 535/263/2793
f 319/47/2794 535/263/2795 334/62/2796
f 334/62/2797 535/263/2798 536/264/2799
f 334/62/2800 536/264/2801 349/77/2802
f 349/77/1884 536/264/2803 537/265/2804
f 349/77/1884 537/265/2804 364/92/2805
f 364/92/2806 537/265/2807 538/266/2808
f 364/92/1887 538/266/2809 379/107/2810
f 379/107/2811 538/266/2812 539/267/2813
f 379/107/2814 539/267/2815 394/122/2816
f 394/122/2817 539/267/2818 540/268/2819
f 394/122/2820 540/268/2821 409/137/2822
f 409/137/2823 540/268/2824 541/269/2825
f 409/137/2826 541/269/2827 424/152/2210
f 424/152/2828 541/269/2829 542/270/2830
f 424/152/2831 542/270/2832 439/167/2833
f 439/167/2834 542/270/2835 543/271/2836
f 439/167/2837 543/271/2838 454/182/2839
f 454/182/2840 543/271/2841 544/272/2842
f 454/182/2843 544/272/2844 469/197/2845
f 469/197/2846 544/272/2847 545/273/2848
f 469/197/2447 545/273/2849 484/212/2850
f 484/212/2851 545/273/2852 546/274/2853
f 484/212/2854 546/274/2855 499/227/2690
f 499/227/2856 546/274/2857 547/275/2858
f 499/227/2690 547/275/2859 514/242/2860
f 514/242/2861 547/275/2862 548/276/2863
f 514/242/2691 548/276/2864 549/277/2865
f 513/241/2866 514/242/2867 549/277/2868
f 513/241/2869 549/277/2870 550/278/2871
f 512/240/2872 513/241/2685 550/278/2873
f 512/240/2874 550/278/2875 551/279/2876
f 511/239/2877 512/240/2878 551/279/2879
f 511/239/2880 551/279/2881 552/280/2882
f 510/238/2883 511/239/2884 552/280/2885
f 510/238/2886 552/280/2887 553/281/2888
f 509/237/2889 510/238/2890 553/281/2891
f 509/237/2892 553/281/2893 554/282/2894
f 508/236/2895 509/237/2896 554/282/2897
f 508/236/2898 554/282/2899 555/283/2900
f 507/235/2901 508/236/2902 555/283/2903
f 507/235/2904 555/283/2905 556/284/2906
f 506/234/2907 507/235/2908 556/284/2909
f 506/234/2910 556/284/2911 557/285/2912
f 505/233/2913 506/234/2914 557/285/2915
f 505/233/2916 557/285/2917 558/286/2918
f 504/232/2919 505/233/2920 558/286/2921
f 504/232/2922 558/286/2923 559/287/2924
f 503/231/2925 504/232/2926 559/287/2927
f 503/231/2928 559/287/2929 560/288/2930
f 502/230/2621 503/231/2931 560/288/2932
f 502/230/2933 560/288/2934 561/289/2935
f 500/228/2936 502/230/2937 561/289/2938
f 500/228/2939 561/289/2938 562/290/2940
f 501/229/2941 500/228/2942 562/290/2943
f 501/229/2944 562/290/2945 563/291/2946
f 564/292/2947 501/229/2948 563/291/2949
f 564/292/2950 563/291/2951 565/293/2952
f 566/294/2953 486/214/2954 501/229/2955
f 566/294/2956 501/229/2957 564/292/2958
f 567/295/2959 471/199/2960 486/214/2616
f 567/295/2961 486/214/2962 566/294/2963
f 568/296/2964 456/184/2965 471/199/2966
f 568/296/2967 471/199/2968 567/295/2969
f 569/297/2970 441/169/2971 456/184/2972
f 569/297/2973 456/184/2974 568/296/2975
f 570/298/2976 426/154/2977 441/169/2978
f 570/298/2979 441/169/2980 569/297/2981
f 571/299/2982 411/139/2983 426/154/2217
f 571/299/2984 426/154/2985 570/298/2986
f 572/300/2987 396/124/2988 411/139/2983
f 572/300/2989 411/139/2990 571/299/2991
f 573/301/2992 381/109/2993 396/124/2994
f 573/301/2995 396/124/2996 572/300/2997
f 574/302/2998 366/94/2999 381/109/3000
f 574/302/2998 381/109/3001 573/301/3002
f 575/303/3003 351/79/3004 366/94/3005
f 575/303/3006 366/94/3007 574/302/3008
f 576/304/3009 336/64/1733 351/79/3010
f 576/304/3011 351/79/3012 575/303/3013
f 577/305/3014 321/49/3015 336/64/3016
f 577/305/3017 336/64/3018 576/304/3019
f 578/306/3020 293/21/3021 321/49/3022
f 578/306/3023 321/49/3024 577/305/3025
f 517/245/3026 290/18/3027 293/21/3028
f 517/245/3029 293/21/3030 578/306/3031
f 579/307/3032 580/308/3033 581/309/3034
f 579/307/3035 581/309/3036 582/310/3037
f 580/308/3038 583/311/3039 584/312/3040
f 580/308/3041 584/312/3042 581/309/3043
f 583/311/3044 585/313/3045 586/314/3046
f 583/311/3047 586/314/3048 584/312/3049
f 585/313/3050 587/315/3051 588/316/3052
f 585/313/3053 588/316/3054 586/314/3055
f 587/315/3056 589/317/3057 590/318/3058
f 587/315/3059 590/318/3060 588/316/3061
f 589/317/3062 591/319/3063 592/320/3064
f 589/317/3065 592/320/3066 590/318/3060
f 591/319/3067 593/321/3068 594/322/3069
f 591/319/3070 594/322/3071 592/320/3064
f 593/321/3072 595/323/3073 596/324/3074
f 593/321/3075 596/324/3076 594/322/3071
f 595/323/3077 597/325/3078 598/326/3079
f 595/323/3073 598/326/3080 596/324/3081
f 597/325/3082 599/327/3083 600/328/3084
f 597/325/3078 600/328/3085 598/326/3086
f 599/327/3087 601/329/3088 602/330/3089
f 599/327/3090 602/330/3091 600/328/3092
f 601/329/3093 603/331/3094 604/332/3095
f 601/329/3096 604/332/3095 602/330/3097
f 603/331/3098 605/333/3099 606/334/3100
f 603/331/3094 606/334/3101 604/332/3102
f 605/333/3103 607/335/3104 608/336/3105
f 605/333/3106 608/336/3107 606/334/3108
f 582/310/3109 581/309/3110 609/337/3111
f 582/310/3112 609/337/3113 610/338/3114
f 581/309/3115 584/312/3116 611/339/3117
f 581/309/3118 611/339/3119 609/337/3120
f 584/312/3121 586/314/3122 612/340/3123
f 584/312/3124 612/340/3125 611/339/3126
f 586/314/3127 588/316/3128 613/341/3129
f 586/314/3127 613/341/3130 612/340/3131
f 588/316/3132 590/318/3133 614/342/3134
f 588/316/3135 614/342/3136 613/341/3137
f 590/318/3133 592/320/3138 615/343/3139
f 590/318/3140 615/343/3141 614/342/3142
f 592/320/3143 594/322/3144 616/344/3145
f 592/320/3146 616/344/3147 615/343/3148
f 594/322/3149 596/324/3150 617/345/3151
f 594/322/3152 617/345/3153 616/344/3145
f 596/324/3154 598/326/3155 618/346/3156
f 596/324/3157 618/346/3158 617/345/3153
f 598/326/3159 600/328/3160 619/347/3161
f 598/326/3162 619/347/3163 618/346/3164
f 600/328/3165 602/330/3166 620/348/3167
f 600/328/3168 620/348/3169 619/347/3170
f 602/330/3171 604/332/3172 621/349/3173
f 602/330/3174 621/349/3175 620/348/3176
f 604/332/3177 606/334/3178 622/350/3179
f 604/332/3180 622/350/3181 621/349/3182
f 606/334/3183 608/336/3184 623/351/3185
f 606/334/3186 623/351/3187 622/350/3188
f 610/338/3189 609/337/3190 624/352/3191
f 610/338/3192 624/352/3193 625/353/3194
f 609/337/3195 611/339/3196 626/354/3197
f 609/337/3198 626/354/3199 624/352/3200
f 611/339/3201 612/340/3202 627/355/3203
f 611/339/3204 627/355/3205 626/354/3197
f 612/340/3206 613/341/3207 628/356/3208
f 612/340/3209 628/356/3210 627/355/3211
f 613/341/3212 614/342/3213 629/357/3214
f 613/341/3212 629/357/3215 628/356/3216
f 614/342/3217 615/343/3218 630/358/3219
f 614/342/3220 630/358/3221 629/357/3222
f 615/343/3141 616/344/3223 631/359/3224
f 615/343/3225 631/359/3226 630/358/3227
f 616/344/3228 617/345/3229 632/360/3230
f 616/344/3231 632/360/3232 631/359/3233
f 617/345/3234 618/346/3235 633/361/3236
f 617/345/3237 633/361/3238 632/360/3239
f 618/346/3235 619/347/3240 634/362/3241
f 618/346/3242 634/362/3243 633/361/3244
f 619/347/3245 620/348/3246 635/363/3247
f 619/347/3248 635/363/3249 634/362/3250
f 620/348/3251 621/349/3252 636/364/3253
f 620/348/3176 636/364/3254 635/363/3255
f 621/349/3256 622/350/3257 637/365/3258
f 621/349/3259 637/365/3260 636/364/3261
f 622/350/3262 623/351/3263 638/366/3264
f 622/350/3265 638/366/3266 637/365/3267
f 625/353/3268 624/352/3269 639/367/3270
f 625/353/3271 639/367/3272 640/368/3273
f 624/352/3274 626/354/3275 641/369/3276
f 624/352/3277 641/369/3278 639/367/3279
f 626/354/3280 627/355/3281 642/370/3282
f 626/354/3283 642/370/3284 641/369/3278
f 627/355/3285 628/356/3286 643/371/3287
f 627/355/3288 643/371/3289 642/370/3290
f 628/356/3291 629/357/3292 644/372/3293
f 628/356/3294 644/372/3295 643/371/3296
f 629/357/3215 630/358/3297 645/373/3298
f 629/357/3299 645/373/3300 644/372/3301
f 630/358/3302 631/359/3303 646/374/3304
f 630/358/3305 646/374/3304 645/373/3306
f 631/359/3307 632/360/3308 647/375/3309
f 631/359/3303 647/375/3310 646/374/3304
f 632/360/3311 633/361/3312 648/376/3313
f 632/360/3314 648/376/3315 647/375/3309
f 633/361/3316 634/362/3317 649/377/3318
f 633/361/3319 649/377/3320 648/376/3321
f 634/362/3322 635/363/3323 650/378/3324
f 634/362/3325 650/378/3326 649/377/3327
f 635/363/3328 636/364/3329 651/379/3330
f 635/363/3331 651/379/3332 650/378/3333
f 636/364/3334 637/365/3335 652/380/3336
f 636/364/3337 652/380/3338 651/379/3339
f 637/365/3340 638/366/3341 653/381/3342
f 637/365/3343 653/381/3344 652/380/3345
f 640/368/3346 639/367/3347 654/382/3348
f 640/368/3349 654/382/3350 655/383/3351
f 639/367/3352 641/369/3353 656/384/3354
f 639/367/3355 656/384/3356 654/382/3357
f 641/369/3358 642/370/3359 657/385/3360
f 641/369/3361 657/385/3362 656/384/3363
f 642/370/3364 643/371/3365 658/386/3366
f 642/370/3367 658/386/3368 657/385/3369
f 643/371/3365 644/372/3370 659/387/3371
f 643/371/3372 659/387/3373 658/386/3374
f 644/372/3301 645/373/3375 660/388/3376
f 644/372/3377 660/388/3378 659/387/3379
f 645/373/3380 646/374/3304 661/389/3381
f 645/373/3382 661/389/3383 660/388/3384
f 646/374/3385 647/375/3386 662/390/3387
f 646/374/3388 662/390/3389 661/389/3390
f 647/375/3391 648/376/3392 663/391/3393
f 647/375/3386 663/391/3394 662/390/3395
f 648/376/3396 649/377/3397 664/392/3398
f 648/376/3399 664/392/3400 663/391/3401
f 649/377/3402 650/378/3403 665/393/3404
f 649/377/3405 665/393/3406 664/392/3407
f 650/378/3408 651/379/3409 666/394/3410
f 650/378/3411 666/394/3412 665/393/3406
f 651/379/3413 652/380/3414 667/395/3415
f 651/379/3416 667/395/3417 666/394/3418
f 652/380/3419 653/381/3420 668/396/3421
f 652/380/3422 668/396/3423 667/395/3424
f 655/383/3425 654/382/3426 669/397/3427
f 655/383/3428 669/397/3429 670/398/3430
f 654/382/3431 656/384/3432 671/399/3433
f 654/382/3434 671/399/3435 669/397/3436
f 656/384/3437 657/385/3438 672/400/3439
f 656/384/3432 672/400/3440 671/399/3441
f 657/385/3442 658/386/3443 673/401/3444
f 657/385/3445 673/401/3446 672/400/3447
f 658/386/3448 659/387/3449 674/402/3450
f 658/386/3451 674/402/3452 673/401/3453
f 659/387/3454 660/388/3378 675/403/3455
f 659/387/3456 675/403/3457 674/402/3458
f 660/388/3459 661/389/3460 676/404/3461
f 660/388/3378 676/404/3462 675/403/3463
f 661/389/3464 662/390/3465 677/405/3466
f 661/389/3467 677/405/3468 676/404/3462
f 662/390/3469 663/391/3470 678/406/3471
f 662/390/3472 678/406/3473 677/405/3474
f 663/391/3475 664/392/3476 679/407/3477
f 663/391/3478 679/407/3479 678/406/3480
f 664/392/3481 665/393/3482 680/408/3483
f 664/392/3484 680/408/3485 679/407/3486
f 665/393/3487 666/394/3488 681/409/3489
f 665/393/3490 681/409/3491 680/408/3492
f 666/394/3493 667/395/3494 682/410/3495
f 666/394/3496 682/410/3497 681/409/3498
f 667/395/3499 668/396/3500 683/411/3501
f 667/395/3502 683/411/3503 682/410/3504
f 670/398/3505 669/397/3506 684/412/3507
f 670/398/3508 684/412/3509 685/413/3510
f 669/397/3511 671/399/3512 686/414/3513
f 669/397/3506 686/414/3514 684/412/3515
f 671/399/3516 672/400/3517 687/415/3518
f 671/399/3519 687/415/3520 686/414/3521
f 672/400/3522 673/401/3523 688/416/3524
f 672/400/3525 688/416/3526 687/415/3527
f 673/401/3528 674/402/3529 689/417/3530
f 673/401/3531 689/417/3532 688/416/3533
f 674/402/3534 675/403/3535 690/418/3536
f 674/402/3537 690/418/3538 689/417/3539
f 675/403/3457 676/404/3540 691/419/3541
f 675/403/3457 691/419/3542 690/418/3538
f 676/404/3543 677/405/3544 692/420/3545
f 676/404/3546 692/420/3547 691/419/3548
f 677/405/3549 678/406/3550 693/421/3551
f 677/405/3552 693/421/3553 692/420/3554
f 678/406/3555 679/407/3556 694/422/3557
f 678/406/3558 694/422/3559 693/421/3560
f 679/407/3561 680/408/3562 695/423/3563
f 679/407/3564 695/423/3565 694/422/3566
f 680/408/3567 681/409/3568 696/424/3569
f 680/408/3570 696/424/3571 695/423/3572
f 681/409/3573 682/410/3574 697/425/3575
f 681/409/3576 697/425/3577 696/424/3578
f 682/410/3579 683/411/3580 698/426/3581
f 682/410/3582 698/426/3583 697/425/3584
f 685/413/3585 684/412/3586 699/427/3587
f 685/413/3588 699/427/3589 700/428/3590
f 684/412/3591 686/414/3592 701/429/3593
f 684/412/3594 701/429/3595 699/427/3596
f 686/414/3597 687/415/3598 702/430/3599
f 686/414/3592 702/430/3600 701/429/3593
f 687/415/3601 688/416/3602 703/431/3603
f 687/415/3604 703/431/3605 702/430/3606
f 688/416/3607 689/417/3608 704/432/3609
f 688/416/3610 704/432/3611 703/431/3612
f 689/417/3613 690/418/3614 705/433/3615
f 689/417/3616 705/433/3615 704/432/3617
f 690/418/3618 691/419/3619 706/434/3620
f 690/418/3621 706/434/3622 705/433/3623
f 691/419/3624 692/420/3625 707/435/3626
f 691/419/3627 707/435/3628 706/434/3629
f 692/420/3630 693/421/3631 708/436/3632
f 692/420/3633 708/436/3634 707/435/3626
f 693/421/3635 694/422/3636 709/437/3637
f 693/421/3638 709/437/3639 708/436/3640
f 694/422/3636 695/423/3641 710/438/3642
f 694/422/3643 710/438/3644 709/437/3645
f 695/423/3646 696/424/3647 711/439/3648
f 695/423/3649 711/439/3650 710/438/3651
f 696/424/3652 697/425/3653 712/440/3654
f 696/424/3655 712/440/3656 711/439/3657
f 697/425/3658 698/426/3659 713/441/3660
f 697/425/3661 713/441/3662 712/440/3663
f 700/428/3664 699/427/3665 714/442/3666
f 700/428/3667 714/442/3668 715/443/3669
f 699/427/3670 701/429/3671 716/444/3672
f 699/427/3673 716/444/3674 714/442/3675
f 701/429/3676 702/430/3677 717/445/3678
f 701/429/3593 717/445/3679 716/444/3672
f 702/430/3680 703/431/3681 718/446/3682
f 702/430/3683 718/446/3684 717/445/3685
f 703/431/3686 704/432/3687 719/447/3688
f 703/431/3689 719/447/3690 718/446/3691
f 704/432/3692 705/433/3693 720/448/3694
f 704/432/3695 720/448/3696 719/447/3697
f 705/433/3698 706/434/3699 721/449/3700
f 705/433/3701 721/449/3700 720/448/3696
f 706/434/3702 707/435/3703 722/450/3704
f 706/434/3705 722/450/3706 721/449/3707
f 707/435/3703 708/436/3708 723/451/3709
f 707/435/3710 723/451/3711 722/450/3712
f 708/436/3713 709/437/3714 724/452/3715
f 708/436/3716 724/452/3717 723/451/3718
f 709/437/3719 710/438/3720 725/453/3721
f 709/437/3722 725/453/3723 724/452/3724
f 710/438/3725 711/439/3726 726/454/3727
f 710/438/3720 726/454/3728 725/453/3729
f 711/439/3730 712/440/3731 727/455/3732
f 711/439/3733 727/455/3734 726/454/3735
f 712/440/3736 713/441/3737 728/456/3738
f 712/440/3739 728/456/3740 727/455/3741
f 715/443/3742 714/442/3743 729/457/3744
f 715/443/3745 729/457/3746 730/458/3747
f 714/442/3748 716/444/3749 731/459/3750
f 714/442/3751 731/459/3752 729/457/3753
f 716/444/3754 717/445/3755 732/460/3756
f 716/444/3757 732/460/3758 731/459/3750
f 717/445/3759 718/446/3760 733/461/3761
f 717/445/3755 733/461/3762 732/460/3756
f 718/446/3763 719/447/3764 734/462/3765
f 718/446/3766 734/462/3767 733/461/3762
f 719/447/3768 720/448/3769 735/463/3770
f 719/447/3771 735/463/3772 734/462/3773
f 720/448/3774 721/449/3775 736/464/3776
f 720/448/3777 736/464/3778 735/463/3779
f 721/449/3780 722/450/3781 737/465/3782
f 721/449/3783 737/465/3784 736/464/3785
f 722/450/3786 723/451/3787 738/466/3788
f 722/450/3789 738/466/3790 737/465/3791
f 723/451/3792 724/452/3793 739/467/3794
f 723/451/3787 739/467/3795 738/466/3796
f 724/452/3797 725/453/3798 740/468/3799
f 724/452/3800 740/468/3801 739/467/3795
f 725/453/3802 726/454/3803 741/469/3804
f 725/453/3805 741/469/3806 740/468/3807
f 726/454/3808 727/455/3809 742/470/3810
f 726/454/3811 742/470/3812 741/469/3813
f 727/455/3814 728/456/3815 743/471/3816
f 727/455/3732 743/471/3817 742/470/3818
f 730/458/3819 729/457/3820 744/472/3821
f 730/458/3822 744/472/3823 745/473/3824
f 729/457/3825 731/459/3826 746/474/3827
f 729/457/3828 746/474/3829 744/472/3830
f 731/459/3831 732/460/3832 747/475/3833
f 731/459/3834 747/475/3835 746/474/3836
f 732/460/3756 733/461/3837 748/476/3838
f 732/460/3839 748/476/3840 747/475/3841
f 733/461/3842 734/462/3843 749/477/3844
f 733/461/3845 749/477/3846 748/476/3847
f 734/462/3848 735/463/3849 750/478/3850
f 734/462/3851 750/478/3852 749/477/3846
f 735/463/3853 736/464/3854 751/479/3855
f 735/463/3856 751/479/3857 750/478/3858
f 736/464/3859 737/465/3860 752/480/3861
f 736/464/3862 752/480/3863 751/479/3864
f 737/465/3865 738/466/3866 753/481/3867
f 737/465/3868 753/481/3869 752/480/3870
f 738/466/3871 739/467/3872 754/482/3873
f 738/466/3874 754/482/3875 753/481/3876
f 739/467/3877 740/468/3878 755/483/3879
f 739/467/3880 755/483/3881 754/482/3882
f 740/468/3883 741/469/3884 756/484/3885
f 740/468/3886 756/484/3887 755/483/3888
f 741/469/3889 742/470/3890 757/485/3891
f 741/469/3892 757/485/3893 756/484/3894
f 742/470/3895 743/471/3896 758/486/3897
f 742/470/3898 758/486/3899 757/485/3900
f 745/473/3901 744/472/3902 759/487/3903
f 745/473/3904 759/487/3905 760/488/3906
f 744/472/3907 746/474/3908 761/489/3909
f 744/472/3902 761/489/3910 759/487/3911
f 746/474/3912 747/475/3913 762/490/3914
f 746/474/3908 762/490/3915 761/489/3916
f 747/475/3917 748/476/3918 763/491/3919
f 747/475/3920 763/491/3921 762/490/3922
f 748/476/3923 749/477/3924 764/492/3925
f 748/476/3926 764/492/3927 763/491/3921
f 749/477/3928 750/478/3929 765/493/3930
f 749/477/3931 765/493/3932 764/492/3933
f 750/478/3934 751/479/3935 766/494/3936
f 750/478/3937 766/494/3938 765/493/3939
f 751/479/3940 752/480/3941 767/495/3942
f 751/479/3943 767/495/3944 766/494/3945
f 752/480/3946 753/481/3947 768/496/3948
f 752/480/3946 768/496/3949 767/495/3950
f 753/481/3947 754/482/3951 769/497/3952
f 753/481/3953 769/497/3954 768/496/3955
f 754/482/3956 755/483/3957 770/498/3958
f 754/482/3959 770/498/3960 769/497/3961
f 755/483/3962 756/484/3894 771/499/3963
f 755/483/3964 771/499/3965 770/498/3966
f 756/484/3967 757/485/3968 772/500/3969
f 756/484/3970 772/500/3971 771/499/3972
f 757/485/3973 758/486/3974 773/501/3975
f 757/485/3976 773/501/3977 772/500/3978
f 760/488/3979 759/487/3980 774/502/3981
f 760/488/3982 774/502/3983 775/503/3984
f 759/487/3985 761/489/3986 776/504/3987
f 759/487/3988 776/504/3989 774/502/3990
f 761/489/3991 762/490/3992 777/505/3993
f 761/489/3986 777/505/3994 776/504/3995
f 762/490/3996 763/491/3997 778/506/3998
f 762/490/3999 778/506/4000 777/505/4001
f 763/491/4002 764/492/4003 779/507/4004
f 763/491/4005 779/507/4006 778/506/4007
f 764/492/4008 765/493/4009 780/508/4010
f 764/492/4011 780/508/4012 779/507/4013
f 765/493/4014 766/494/4015 781/509/4016
f 765/493/4017 781/509/4018 780/508/4019
f 766/494/4020 767/495/4021 782/510/4022
f 766/494/4023 782/510/4024 781/509/4025
f 767/495/4026 768/496/4027 783/511/4028
f 767/495/4029 783/511/4028 782/510/4024
f 768/496/4030 769/497/4031 784/512/4032
f 768/496/4033 784/512/4034 783/511/4035
f 769/497/4036 770/498/4037 785/513/4038
f 769/497/3952 785/513/4039 784/512/4040
f 770/498/4041 771/499/4042 786/514/4043
f 770/498/4044 786/514/4045 785/513/4046
f 771/499/4047 772/500/4048 787/515/4049
f 771/499/4050 787/515/4051 786/514/4043
f 772/500/4052 773/501/4053 788/516/4054
f 772/500/4055 788/516/4056 787/515/4057
f 775/503/4058 774/502/4059 789/517/4060
f 775/503/4061 789/517/4062 790/518/4063
f 774/502/4064 776/504/4065 791/519/4066
f 774/502/4059 791/519/4067 789/517/4060
f 776/504/4068 777/505/4069 792/520/4070
f 776/504/4071 792/520/4072 791/519/4073
f 777/505/4074 778/506/4075 793/521/4076
f 777/505/4077 793/521/4078 792/520/4079
f 778/506/4080 779/507/4081 794/522/4082
f 778/506/4083 794/522/4084 793/521/4085
f 779/507/4086 780/508/4087 795/523/4088
f 779/507/4089 795/523/4090 794/522/4091
f 780/508/4092 781/509/4093 796/524/4094
f 780/508/4095 796/524/4096 795/523/4097
f 781/509/4098 782/510/4099 797/525/4100
f 781/509/4101 797/525/4102 796/524/4103
f 782/510/4104 783/511/4105 798/526/4106
f 782/510/4107 798/526/4108 797/525/4109
f 783/511/4110 784/512/4111 799/527/4112
f 783/511/4113 799/527/4114 798/526/4115
f 784/512/4116 785/513/4117 800/528/4118
f 784/512/4119 800/528/4120 799/527/4121
f 785/513/4122 786/514/4123 801/529/4124
f 785/513/4125 801/529/4126 800/528/4127
f 786/514/4128 787/515/4129 802/530/4130
f 786/514/4131 802/530/4132 801/529/4133
f 787/515/4129 788/516/4134 803/531/4135
f 787/515/4136 803/531/4137 802/530/4138
f 565/293/4139 563/291/4140 579/307/4141
f 565/293/4142 579/307/4143 804/532/4144
f 563/291/4145 562/290/4146 580/308/4147
f 563/291/4148 580/308/4149 579/307/4150
f 562/290/2945 561/289/4151 583/311/4152
f 562/290/4146 583/311/4153 580/308/4154
f 561/289/4155 560/288/4156 585/313/4157
f 561/289/4158 585/313/4159 583/311/4160
f 560/288/4161 559/287/4162 587/315/4163
f 560/288/4164 587/315/4165 585/313/4166
f 559/287/4167 558/286/4168 589/317/4169
f 559/287/4162 589/317/4170 587/315/3056
f 558/286/4171 557/285/4172 591/319/4173
f 558/286/4168 591/319/4174 589/317/4175
f 557/285/4176 556/284/4177 593/321/4178
f 557/285/4179 593/321/4180 591/319/4181
f 556/284/4182 555/283/4183 595/323/4184
f 556/284/4185 595/323/4186 593/321/4187
f 555/283/4188 554/282/4189 597/325/4190
f 555/283/4191 597/325/4192 595/323/4193
f 554/282/4194 553/281/4195 599/327/4196
f 554/282/4197 599/327/4198 597/325/4199
f 553/281/4200 552/280/4201 601/329/4202
f 553/281/4203 601/329/4204 599/327/4205
f 552/280/4206 551/279/4207 603/331/4208
f 552/280/2882 603/331/4209 601/329/4210
f 551/279/4211 550/278/4212 605/333/4213
f 551/279/4214 605/333/4215 603/331/4216
f 550/278/4217 549/277/4218 607/335/4219
f 550/278/4220 607/335/4221 605/333/4222
f 549/277/4223 548/276/4224 805/533/4225
f 549/277/4226 805/533/4227 607/335/4228
f 607/335/4229 805/533/4230 806/534/4231
f 607/335/4232 806/534/4233 608/336/4234
f 608/336/4235 806/534/4236 807/535/4237
f 608/336/4238 807/535/4239 623/351/4240
f 623/351/4241 807/535/4242 808/536/4243
f 623/351/4244 808/536/4245 638/366/4246
f 638/366/4247 808/536/4248 809/537/4249
f 638/366/4250 809/537/4251 653/381/4252
f 653/381/4253 809/537/4254 810/538/4255
f 653/381/4256 810/538/4257 668/396/4258
f 668/396/4259 810/538/4260 811/539/4261
f 668/396/4262 811/539/4263 683/411/4264
f 683/411/4265 811/539/4266 812/540/4267
f 683/411/4268 812/540/4269 698/426/4270
f 698/426/4271 812/540/4272 813/541/4273
f 698/426/3659 813/541/4274 713/441/3737
f 713/441/4275 813/541/4276 814/542/4277
f 713/441/4278 814/542/4279 728/456/3815
f 728/456/4280 814/542/4281 815/543/4282
f 728/456/4283 815/543/4284 743/471/4285
f 743/471/4286 815/543/4287 816/544/4288
f 743/471/4289 816/544/4290 758/486/4291
f 758/486/4292 816/544/4293 817/545/4294
f 758/486/4295 817/545/4296 773/501/4297
f 773/501/4298 817/545/4299 818/546/4300
f 773/501/4301 818/546/4302 788/516/4303
f 788/516/4304 818/546/4305 819/547/4306
f 788/516/4307 819/547/4308 803/531/4309
f 803/531/4310 819/547/4311 820/548/4312
f 803/531/4313 820/548/4314 821/549/4315
f 802/530/4316 803/531/4317 821/549/4318
f 802/530/4319 821/549/4320 822/550/4321
f 801/529/4322 802/530/4323 822/550/4321
f 801/529/4324 822/550/4325 823/551/4326
f 800/528/4327 801/529/4328 823/551/4326
f 800/528/4329 823/551/4330 824/552/4331
f 799/527/4332 800/528/4333 824/552/4334
f 799/527/4335 824/552/4336 825/553/4337
f 798/526/4338 799/527/4339 825/553/4340
f 798/526/4341 825/553/4342 826/554/4343
f 797/525/4344 798/526/4345 826/554/4346
f 797/525/4347 826/554/4343 827/555/4348
f 796/524/4349 797/525/4350 827/555/4351
f 796/524/4352 827/555/4353 828/556/4354
f 795/523/4355 796/524/4356 828/556/4357
f 795/523/4358 828/556/4359 829/557/4360
f 794/522/4361 795/523/4362 829/557/4363
f 794/522/4364 829/557/4365 830/558/4366
f 793/521/4367 794/522/4368 830/558/4369
f 793/521/4370 830/558/4371 831/559/4372
f 792/520/4373 793/521/4374 831/559/4375
f 792/520/4376 831/559/4377 832/560/4378
f 791/519/4379 792/520/4380 832/560/4381
f 791/519/4382 832/560/4383 833/561/4384
f 789/517/4385 791/519/4386 833/561/4387
f 789/517/4388 833/561/4389 834/562/4390
f 790/518/4391 789/517/4392 834/562/4393
f 790/518/4391 834/562/4394 835/563/4395
f 836/564/4396 790/518/4397 835/563/4398
f 836/564/4399 835/563/4400 837/565/4401
f 838/566/4402 775/503/4403 790/518/4404
f 838/566/4405 790/518/4406 836/564/4407
f 839/567/4408 760/488/4409 775/503/4410
f 839/567/4411 775/503/4412 838/566/4413
f 840/568/4414 745/473/4415 760/488/4416
f 840/568/4417 760/488/4418 839/567/4419
f 841/569/4420 730/458/4421 745/473/4422
f 841/569/4423 745/473/4422 840/568/4424
f 842/570/4425 715/443/4426 730/458/4427
f 842/570/4428 730/458/4427 841/569/4420
f 843/571/4429 700/428/4430 715/443/4431
f 843/571/4432 715/443/4433 842/570/4434
f 844/572/4435 685/413/4436 700/428/4437
f 844/572/4438 700/428/4439 843/571/4440
f 845/573/4441 670/398/4442 685/413/4443
f 845/573/4444 685/413/4445 844/572/4446
f 846/574/4447 655/383/4448 670/398/4449
f 846/574/4450 670/398/4451 845/573/4452
f 847/575/4453 640/368/4454 655/383/4455
f 847/575/4456 655/383/4457 846/574/4458
f 848/576/4459 625/353/4460 640/368/4461
f 848/576/4462 640/368/4454 847/575/4463
f 849/577/4464 610/338/4465 625/353/4466
f 849/577/4464 625/353/4467 848/576/4468
f 850/578/4469 582/310/4470 610/338/4471
f 850/578/4472 610/338/4473 849/577/4474
f 804/532/4475 579/307/4476 582/310/4477
f 804/532/4478 582/310/4479 850/578/4480
f 851/579/4481 852/580/4482 853/581/4483
f 851/579/4484 853/581/4485 854/582/4486
f 852/580/4487 855/583/4488 856/584/4489
f 852/580/4490 856/584/4491 853/581/4483
f 855/583/4492 857/585/4493 858/586/4494
f 855/583/4495 858/586/4496 856/584/4497
f 857/585/4498 859/587/4499 860/588/4500
f 857/585/4501 860/588/4502 858/586/4503
f 859/587/4504 861/589/4505 862/590/4506
f 859/587/4507 862/590/4508 860/588/4509
f 861/589/4510 863/591/4511 864/592/4512
f 861/589/4513 864/592/4514 862/590/4515
f 863/591/4516 865/593/4517 866/594/4518
f 863/591/4519 866/594/4520 864/592/4521
f 865/593/4522 867/595/4523 868/596/4524
f 865/593/4525 868/596/4524 866/594/4526
f 867/595/4527 869/597/4528 870/598/4529
f 867/595/4530 870/598/4531 868/596/4532
f 869/597/4533 871/599/4534 872/600/4535
f 869/597/4536 872/600/4537 870/598/4538
f 871/599/4534 873/601/4539 874/602/4540
f 871/599/4541 874/602/4542 872/600/4543
f 873/601/4539 875/603/4544 876/604/4545
f 873/601/4546 876/604/4547 874/602/4548
f 875/603/4549 877/605/4550 878/606/4551
f 875/603/4552 878/606/4553 876/604/4554
f 877/605/4550 879/607/4555 880/608/4556
f 877/605/4557 880/608/4556 878/606/4558
f 854/582/4559 853/581/4560 881/609/4561
f 854/582/4562 881/609/4563 882/610/4564
f 853/581/4565 856/584/4566 883/611/4567
f 853/581/4568 883/611/4569 881/609/4570
f 856/584/4571 858/586/4572 884/612/4573
f 856/584/4574 884/612/4575 883/611/4576
f 858/586/4572 860/588/4577 885/613/4578
f 858/586/4579 885/613/4580 884/612/4581
f 860/588/4577 862/590/4582 886/614/4583
f 860/588/4584 886/614/4585 885/613/4586
f 862/590/4587 864/592/4588 887/615/4589
f 862/590/4590 887/615/4591 886/614/4592
f 864/592/4593 866/594/4594 888/616/4595
f 864/592/4596 888/616/4597 887/615/4598
f 866/594/4599 868/596/4600 889/617/4601
f 866/594/4594 889/617/4602 888/616/4603
f 868/596/4604 870/598/4605 890/618/4606
f 868/596/4607 890/618/4608 889/617/4609
f 870/598/4610 872/600/4611 891/619/4612
f 870/598/4613 891/619/4614 890/618/4608
f 872/600/4615 874/602/4616 892/620/4617
f 872/600/4618 892/620/4619 891/619/4620
f 874/602/4621 876/604/4622 893/621/4623
f 874/602/4624 893/621/4625 892/620/4626
f 876/604/4627 878/606/4628 894/622/4629
f 876/604/4630 894/622/4631 893/621/4632
f 878/606/4633 880/608/4634 895/623/4635
f 878/606/4636 895/623/4637 894/622/4638
f 882/610/4639 881/609/4640 896/624/4641
f 882/610/4642 896/624/4643 897/625/4644
f 881/609/4645 883/611/4646 898/626/4647
f 881/609/4648 898/626/4649 896/624/4650
f 883/611/4651 884/612/4652 899/627/4653
f 883/611/4654 899/627/4655 898/626/4656
f 884/612/4657 885/613/4658 900/628/4659
f 884/612/4657 900/628/4660 899/627/4661
f 885/613/4662 886/614/4663 901/629/4664
f 885/613/4665 901/629/4666 900/628/4667
f 886/614/4668 887/615/4669 902/630/4670
f 886/614/4671 902/630/4672 901/629/4673
f 887/615/4674 888/616/4675 903/631/4676
f 887/615/4677 903/631/4678 902/630/4679
f 888/616/4680 889/617/4681 904/632/4682
f 888/616/4683 904/632/4684 903/631/4685
f 889/617/4686 890/618/4687 905/633/4688
f 889/617/4686 905/633/4689 904/632/4682
f 890/618/4690 891/619/4691 906/634/4692
f 890/618/4606 906/634/4693 905/633/4694
f 891/619/4695 892/620/4696 907/635/4697
f 891/619/4698 907/635/4699 906/634/4700
f 892/620/4701 893/621/4702 908/636/4703
f 892/620/4704 908/636/4705 907/635/4706
f 893/621/4707 894/622/4708 909/637/4709
f 893/621/4710 909/637/4711 908/636/4712
f 894/622/4713 895/623/4714 910/638/4715
f 894/622/4716 910/638/4717 909/637/4718
f 897/625/4719 896/624/4720 911/639/4721
f 897/625/4722 911/639/4723 912/640/4724
f 896/624/4725 898/626/4726 913/641/4727
f 896/624/4728 913/641/4729 911/639/4730
f 898/626/4731 899/627/4732 914/642/4733
f 898/626/4734 914/642/4735 913/641/4736
f 899/627/4737 900/628/4738 915/643/4739
f 899/627/4737 915/643/4739 914/642/4733
f 900/628/4740 901/629/4741 916/644/4742
f 900/628/4743 916/644/4744 915/643/4745
f 901/629/4746 902/630/4747 917/645/4748
f 901/629/4749 917/645/4750 916/644/4751
f 902/630/4752 903/631/4753 918/646/4754
f 902/630/4755 918/646/4756 917/645/4757
f 903/631/4753 904/632/4758 919/647/4759
f 903/631/4760 919/647/4761 918/646/4762
f 904/632/4763 905/633/4764 920/648/4765
f 904/632/4766 920/648/4767 919/647/4768
f 905/633/4769 906/634/4770 921/649/4771
f 905/633/4772 921/649/4773 920/648/4765
f 906/634/4774 907/635/4775 922/650/4776
f 906/634/4777 922/650/4778 921/649/4779
f 907/635/4780 908/636/4781 923/651/4782
f 907/635/4783 923/651/4784 922/650/4785
f 908/636/4786 909/637/4787 924/652/4788
f 908/636/4789 924/652/4790 923/651/4791
f 909/637/4792 910/638/4793 925/653/4794
f 909/637/4795 925/653/4796 924/652/4797
f 912/640/4798 911/639/4799 926/654/4800
f 912/640/4801 926/654/4802 927/655/4803
f 911/639/4804 913/641/4805 928/656/4806
f 911/639/4807 928/656/4808 926/654/4809
f 913/641/4810 914/642/4811 929/657/4812
f 913/641/4813 929/657/4812 928/656/4814
f 914/642/4815 915/643/4816 930/658/4817
f 914/642/4818 930/658/4819 929/657/4820
f 915/643/4821 916/644/4822 931/659/4823
f 915/643/4824 931/659/4825 930/658/4826
f 916/644/4822 917/645/4827 932/660/4828
f 916/644/4829 932/660/4830 931/659/4831
f 917/645/4832 918/646/4833 933/661/4834
f 917/645/4835 933/661/4836 932/660/4837
f 918/646/4838 919/647/4839 934/662/4840
f 918/646/4841 934/662/4842 933/661/4834
f 919/647/4843 920/648/4844 935/663/4845
f 919/647/4846 935/663/4847 934/662/4848
f 920/648/4844 921/649/4849 936/664/4850
f 920/648/4765 936/664/4851 935/663/4847
f 921/649/4852 922/650/4853 937/665/4854
f 921/649/4855 937/665/4856 936/664/4857
f 922/650/4858 923/651/4859 938/666/4860
f 922/650/4861 938/666/4862 937/665/4863
f 923/651/4864 924/652/4865 939/667/4866
f 923/651/4867 939/667/4868 938/666/4862
f 924/652/4869 925/653/4870 940/668/4871
f 924/652/4872 940/668/4873 939/667/4874
f 927/655/4875 926/654/4876 941/669/4877
f 927/655/4878 941/669/4879 942/670/4880
f 926/654/4881 928/656/4814 943/671/4882
f 926/654/4883 943/671/4884 941/669/4885
f 928/656/4886 929/657/4887 944/672/4888
f 928/656/4889 944/672/4890 943/671/4891
f 929/657/4892 930/658/4819 945/673/4893
f 929/657/4894 945/673/4895 944/672/4896
f 930/658/4897 931/659/4898 946/674/4899
f 930/658/4900 946/674/4901 945/673/4895
f 931/659/4902 932/660/4828 947/675/4903
f 931/659/4904 947/675/4905 946/674/4906
f 932/660/4907 933/661/4908 948/676/4909
f 932/660/4910 948/676/4911 947/675/4905
f 933/661/4912 934/662/4913 949/677/4914
f 933/661/4915 949/677/4916 948/676/4909
f 934/662/4917 935/663/4918 950/678/4919
f 934/662/4920 950/678/4921 949/677/4922
f 935/663/4923 936/664/4924 951/679/4925
f 935/663/4926 951/679/4927 950/678/4921
f 936/664/4928 937/665/4929 952/680/4930
f 936/664/4931 952/680/4932 951/679/4933
f 937/665/4934 938/666/4862 953/681/4935
f 937/665/4936 953/681/4937 952/680/4938
f 938/666/4939 939/667/4940 954/682/4941
f 938/666/4942 954/682/4943 953/681/4944
f 939/667/4945 940/668/4946 955/683/4947
f 939/667/4948 955/683/4949 954/682/4950
f 942/670/4951 941/669/4952 956/684/4953
f 942/670/4954 956/684/4955 957/685/4956
f 941/669/4957 943/671/4958 958/686/4959
f 941/669/4960 958/686/4961 956/684/4962
f 943/671/4963 944/672/4964 959/687/4965
f 943/671/4966 959/687/4967 958/686/4968
f 944/672/4969 945/673/4970 960/688/4971
f 944/672/4972 960/688/4973 959/687/4974
f 945/673/4975 946/674/4976 961/689/4977
f 945/673/4978 961/689/4979 960/688/4973
f 946/674/4980 947/675/4905 962/690/4981
f 946/674/4982 962/690/4983 961/689/4979
f 947/675/4984 948/676/4985 963/691/4986
f 947/675/4905 963/691/4987 962/690/4988
f 948/676/4989 949/677/4990 964/692/4991
f 948/676/4992 964/692/4993 963/691/4994
f 949/677/4995 950/678/4996 965/693/4997
f 949/677/4995 965/693/4998 964/692/4999
f 950/678/5000 951/679/5001 966/694/5002
f 950/678/5003 966/694/5004 965/693/5005
f 951/679/4925 952/680/5006 967/695/5007
f 951/679/5008 967/695/5009 966/694/5010
f 952/680/5011 953/681/5012 968/696/5013
f 952/680/5014 968/696/5015 967/695/5016
f 953/681/5017 954/682/5018 969/697/5019
f 953/681/5020 969/697/5021 968/696/5022
f 954/682/5023 955/683/5024 970/698/5025
f 954/682/5026 970/698/5027 969/697/5028
f 957/685/5029 956/684/5030 971/699/5031
f 957/685/5032 971/699/5033 972/700/5034
f 956/684/5035 958/686/5036 973/701/5037
f 956/684/5038 973/701/5039 971/699/5040
f 958/686/5041 959/687/5042 974/702/5043
f 958/686/5044 974/702/5045 973/701/5046
f 959/687/5047 960/688/5048 975/703/5049
f 959/687/5050 975/703/5051 974/702/5052
f 960/688/5053 961/689/5054 976/704/5055
f 960/688/5056 976/704/5057 975/703/5058
f 961/689/5059 962/690/5060 977/705/5061
f 961/689/5062 977/705/5063 976/704/5055
f 962/690/5064 963/691/5065 978/706/5066
f 962/690/5064 978/706/5067 977/705/5068
f 963/691/5069 964/692/5070 979/707/5071
f 963/691/5072 979/707/5073 978/706/5074
f 964/692/5075 965/693/5076 980/708/5077
f 964/692/5078 980/708/5079 979/707/5080
f 965/693/5081 966/694/5082 981/709/5083
f 965/693/5084 981/709/5085 980/708/5086
f 966/694/5087 967/695/5088 982/710/5089
f 966/694/5090 982/710/5091 981/709/5092
f 967/695/5093 968/696/5094 983/711/5095
f 967/695/5088 983/711/5096 982/710/5097
f 968/696/5015 969/697/5098 984/712/5099
f 968/696/5100 984/712/5101 983/711/5095
f 969/697/5102 970/698/5103 985/713/5104
f 969/697/5098 985/713/5105 984/712/5106
f 972/700/5107 971/699/5108 986/714/5109
f 972/700/5110 986/714/5111 987/715/5112
f 971/699/5113 973/701/5114 988/716/5115
f 971/699/5116 988/716/5117 986/714/5109
f 973/701/5118 974/702/5119 989/717/5120
f 973/701/5121 989/717/5122 988/716/5115
f 974/702/5119 975/703/5123 990/718/5124
f 974/702/5125 990/718/5126 989/717/5127
f 975/703/5128 976/704/5129 991/719/5130
f 975/703/5131 991/719/5132 990/718/5133
f 976/704/5134 977/705/5135 992/720/5136
f 976/704/5137 992/720/5138 991/719/5139
f 977/705/5140 978/706/5141 993/721/5142
f 977/705/5143 993/721/5144 992/720/5145
f 978/706/5146 979/707/5147 994/722/5148
f 978/706/5149 994/722/5150 993/721/5151
f 979/707/5152 980/708/5153 995/723/5154
f 979/707/5155 995/723/5156 994/722/5157
f 980/708/5158 981/709/5085 996/724/5159
f 980/708/5158 996/724/5160 995/723/5161
f 981/709/5162 982/710/5163 997/725/5164
f 981/709/5162 997/725/5165 996/724/5166
f 982/710/5163 983/711/5167 998/726/5168
f 982/710/5169 998/726/5170 997/725/5171
f 983/711/5172 984/712/5173 999/727/5174
f 983/711/5175 999/727/5176 998/726/5177
f 984/712/5178 985/713/5179 1000/728/5180
f 984/712/5181 1000/728/5182 999/727/5183
f 987/715/5184 986/714/5185 1001/729/5186
f 987/715/5187 1001/729/5188 1002/730/5189
f 986/714/5190 988/716/5191 1003/731/5192
f 986/714/5193 1003/731/5194 1001/729/5195
f 988/716/5196 989/717/5197 1004/732/5198
f 988/716/5199 1004/732/5200 1003/731/5201
f 989/717/5202 990/718/5203 1005/733/5204
f 989/717/5205 1005/733/5206 1004/732/5207
f 990/718/5208 991/719/5209 1006/734/5210
f 990/718/5211 1006/734/5212 1005/733/5213
f 991/719/5214 992/720/5215 1007/735/5216
f 991/719/5217 1007/735/5218 1006/734/5219
f 992/720/5220 993/721/5221 1008/736/5222
f 992/720/5223 1008/736/5224 1007/735/5225
f 993/721/5226 994/722/5227 1009/737/5228
f 993/721/5229 1009/737/5230 1008/736/5224
f 994/722/5231 995/723/5232 1010/738/5233
f 994/722/5227 1010/738/5234 1009/737/5235
f 995/723/5232 996/724/5236 1011/739/5237
f 995/723/5238 1011/739/5239 1010/738/5240
f 996/724/5241 997/725/5242 1012/740/5243
f 996/724/5241 1012/740/5244 1011/739/5245
f 997/725/5246 998/726/5247 1013/741/5248
f 997/725/5249 1013/741/5250 1012/740/5251
f 998/726/5252 999/727/5253 1014/742/5254
f 998/726/5255 1014/742/5256 1013/741/5257
f 999/727/5258 1000/728/5259 1015/743/5260
f 999/727/5261 1015/743/5262 1014/742/5263
f 1002/730/5264 1001/729/5265 1016/744/5266
f 1002/730/5267 1016/744/5268 1017/745/5269
f 1001/729/5265 1003/731/5270 1018/746/5271
f 1001/729/5272 1018/746/5273 1016/744/5274
f 1003/731/5270 1004/732/5275 1019/747/5276
f 1003/731/5277 1019/747/5278 1018/746/5279
f 1004/732/5280 1005/733/5281 1020/748/5282
f 1004/732/5275 1020/748/5283 1019/747/5284
f 1005/733/5285 1006/734/5286 1021/749/5287
f 1005/733/5288 1021/749/5289 1020/748/5290
f 1006/734/5291 1007/735/5292 1022/750/5293
f 1006/734/5291 1022/750/5294 1021/749/5295
f 1007/735/5292 1008/736/5296 1023/751/5297
f 1007/735/5298 1023/751/5299 1022/750/5300
f 1008/736/5301 1009/737/5302 1024/752/5303
f 1008/736/5296 1024/752/5304 1023/751/5305
f 1009/737/5306 1010/738/5307 1025/753/5308
f 1009/737/5309 1025/753/5310 1024/752/5311
f 1010/738/5312 1011/739/5313 1026/754/5314
f 1010/738/5315 1026/754/5316 1025/753/5317
f 1011/739/5318 1012/740/5319 1027/755/5320
f 1011/739/5321 1027/755/5322 1026/754/5323
f 1012/740/5324 1013/741/5325 1028/756/5326
f 1012/740/5327 1028/756/5328 1027/755/5329
f 1013/741/5330 1014/742/5331 1029/757/5332
f 1013/741/5333 1029/757/5334 1028/756/5335
f 1014/742/5336 1015/743/5337 1030/758/5338
f 1014/742/5336 1030/758/5339 1029/757/5340
f 1017/745/5341 1016/744/5342 1031/759/5343
f 1017/745/5344 1031/759/5345 1032/760/5346
f 1016/744/5347 1018/746/5348 1033/761/5349
f 1016/744/5350 1033/761/5351 1031/759/5352
f 1018/746/5353 1019/747/5354 1034/762/5355
f 1018/746/5356 1034/762/5357 1033/761/5358
f 1019/747/5359 1020/748/5360 1035/763/5361
f 1019/747/5362 1035/763/5363 1034/762/5364
f 1020/748/5365 1021/749/5366 1036/764/5367
f 1020/748/5368 1036/764/5369 1035/763/5370
f 1021/749/5371 1022/750/5372 1037/765/5373
f 1021/749/5374 1037/765/5373 1036/764/5375
f 1022/750/5376 1023/751/5377 1038/766/5378
f 1022/750/5379 1038/766/5380 1037/765/5381
f 1023/751/5382 1024/752/5383 1039/767/5384
f 1023/751/5385 1039/767/5386 1038/766/5387
f 1024/752/5388 1025/753/5389 1040/768/5390
f 1024/752/5391 1040/768/5392 1039/767/5393
f 1025/753/5394 1026/754/5395 1041/769/5396
f 1025/753/5397 1041/769/5398 1040/768/5399
f 1026/754/5400 1027/755/5401 1042/770/5402
f 1026/754/5403 1042/770/5404 1041/769/5405
f 1027/755/5401 1028/756/5406 1043/771/5407
f 1027/755/5401 1043/771/5408 1042/770/5409
f 1028/756/5410 1029/757/5411 1044/772/5412
f 1028/756/5413 1044/772/5414 1043/771/5415
f 1029/757/5416 1030/758/5417 1045/773/5418
f 1029/757/5419 1045/773/5420 1044/772/5421
f 1032/760/5346 1031/759/5422 1046/774/5423
f 1032/760/5424 1046/774/5425 1047/775/5426
f 1031/759/5427 1033/761/5428 1048/776/5429
f 1031/759/5430 1048/776/5429 1046/774/5431
f 1033/761/5432 1034/762/5433 1049/777/5434
f 1033/761/5435 1049/777/5436 1048/776/5437
f 1034/762/5438 1035/763/5439 1050/778/5440
f 1034/762/5441 1050/778/5442 1049/777/5443
f 1035/763/5444 1036/764/5445 1051/779/5446
f 1035/763/5447 1051/779/5448 1050/778/5449
f 1036/764/5450 1037/765/5451 1052/780/5452
f 1036/764/5453 1052/780/5454 1051/779/5455
f 1037/765/5381 1038/766/5456 1053/781/5457
f 1037/765/5458 1053/781/5459 1052/780/5460
f 1038/766/5461 1039/767/5462 1054/782/5463
f 1038/766/5464 1054/782/5465 1053/781/5466
f 1039/767/5467 1040/768/5468 1055/783/5469
f 1039/767/5470 1055/783/5471 1054/782/5472
f 1040/768/5473 1041/769/5474 1056/784/5475
f 1040/768/5476 1056/784/5477 1055/783/5478
f 1041/769/5479 1042/770/5480 1057/785/5481
f 1041/769/5482 1057/785/5483 1056/784/5484
f 1042/770/5485 1043/771/5486 1058/786/5487
f 1042/770/5488 1058/786/5489 1057/785/5483
f 1043/771/5490 1044/772/5491 1059/787/5492
f 1043/771/5493 1059/787/5494 1058/786/5495
f 1044/772/5496 1045/773/5497 1060/788/5498
f 1044/772/5496 1060/788/5499 1059/787/5500
f 1047/775/5501 1046/774/5502 1061/789/5503
f 1047/775/5501 1061/789/5504 1062/790/5505
f 1046/774/5506 1048/776/5507 1063/791/5508
f 1046/774/5509 1063/791/5510 1061/789/5511
f 1048/776/5512 1049/777/5513 1064/792/5514
f 1048/776/5515 1064/792/5516 1063/791/5508
f 1049/777/5517 1050/778/5518 1065/793/5519
f 1049/777/5520 1065/793/5521 1064/792/5522
f 1050/778/5523 1051/779/5524 1066/794/5525
f 1050/778/5526 1066/794/5527 1065/793/5528
f 1051/779/5529 1052/780/5530 1067/795/5531
f 1051/779/5532 1067/795/5533 1066/794/5534
f 1052/780/5535 1053/781/5536 1068/796/5537
f 1052/780/5538 1068/796/5539 1067/795/5540
f 1053/781/5541 1054/782/5542 1069/797/5543
f 1053/781/5544 1069/797/5545 1068/796/5546
f 1054/782/5547 1055/783/5548 1070/798/5549
f 1054/782/5550 1070/798/5551 1069/797/5552
f 1055/783/5553 1056/784/5554 1071/799/5555
f 1055/783/5548 1071/799/5556 1070/798/5557
f 1056/784/5558 1057/785/5559 1072/800/5560
f 1056/784/5561 1072/800/5562 1071/799/5563
f 1057/785/5564 1058/786/5565 1073/801/5566
f 1057/785/5567 1073/801/5568 1072/800/5569
f 1058/786/5570 1059/787/5571 1074/802/5572
f 1058/786/5573 1074/802/5574 1073/801/5575
f 1059/787/5576 1060/788/5577 1075/803/5578
f 1059/787/5579 1075/803/5580 1074/802/5581
f 1076/565/5582 1077/563/5583 851/579/5584
f 1076/565/5585 851/579/5586 1078/804/5587
f 1077/563/5588 834/562/5589 852/580/5590
f 1077/563/5583 852/580/5591 851/579/5592
f 834/562/5593 833/561/4384 855/583/5594
f 834/562/5595 855/583/5596 852/580/5597
f 833/561/5598 832/560/5599 857/585/5600
f 833/561/5598 857/585/5601 855/583/5602
f 832/560/5603 831/559/5604 859/587/5605
f 832/560/5606 859/587/5607 857/585/5608
f 831/559/5609 830/558/4371 861/589/5610
f 831/559/5611 861/589/5612 859/587/5607
f 830/558/5613 829/557/5614 863/591/5615
f 830/558/5616 863/591/5617 861/589/5618
f 829/557/5619 828/556/5620 865/593/5621
f 829/557/5622 865/593/5623 863/591/5624
f 828/556/5625 827/555/5626 867/595/5627
f 828/556/5628 867/595/5629 865/593/5630
f 827/555/5631 826/554/5632 869/597/5633
f 827/555/5634 869/597/5635 867/595/5629
f 826/554/5636 825/553/5637 871/599/5638
f 826/554/5639 871/599/5640 869/597/5641
f 825/553/5642 824/552/5643 873/601/5644
f 825/553/5645 873/601/5646 871/599/5647
f 824/552/5648 823/551/5649 875/603/5650
f 824/552/5643 875/603/5651 873/601/5652
f 823/551/5653 822/550/5654 877/605/5655
f 823/551/5656 877/605/5657 875/603/5658
f 822/550/5659 1079/549/5660 879/607/5661
f 822/550/5662 879/607/5663 877/605/5664
f 1079/549/5665 1080/548/5666 1081/805/5667
f 1079/549/5668 1081/805/5669 879/607/5670
f 879/607/5671 1081/805/5672 1082/806/5673
f 879/607/5674 1082/806/5675 880/608/5676
f 880/608/5677 1082/806/5678 1083/807/5679
f 880/608/5680 1083/807/5681 895/623/5682
f 895/623/5683 1083/807/5684 1084/808/5685
f 895/623/5686 1084/808/5687 910/638/5688
f 910/638/5689 1084/808/5690 1085/809/5691
f 910/638/5689 1085/809/5692 925/653/5693
f 925/653/5694 1085/809/5695 1086/810/5696
f 925/653/5697 1086/810/5698 940/668/5699
f 940/668/5700 1086/810/5701 1087/811/5702
f 940/668/5703 1087/811/5704 955/683/5705
f 955/683/5706 1087/811/5707 1088/812/5708
f 955/683/5709 1088/812/5710 970/698/5711
f 970/698/5712 1088/812/5713 1089/813/5714
f 970/698/5715 1089/813/5716 985/713/5717
f 985/713/5718 1089/813/5719 1090/814/5720
f 985/713/5721 1090/814/5722 1000/728/5723
f 1000/728/5259 1090/814/5724 1091/815/5725
f 1000/728/5726 1091/815/5727 1015/743/5728
f 1015/743/5729 1091/815/5730 1092/816/5731
f 1015/743/5732 1092/816/5733 1030/758/5734
f 1030/758/5735 1092/816/5736 1093/817/5737
f 1030/758/5738 1093/817/5739 1045/773/5740
f 1045/773/5741 1093/817/5742 1094/818/5743
f 1045/773/5744 1094/818/5745 1060/788/5746
f 1060/788/5747 1094/818/5748 1095/819/5749
f 1060/788/5750 1095/819/5751 1075/803/5752
f 1075/803/5753 1095/819/5754 1096/820/5755
f 1075/803/5756 1096/820/5757 1097/821/5758
f 1074/802/5759 1075/803/5760 1097/821/5761
f 1074/802/5762 1097/821/5763 1098/822/5764
f 1073/801/5765 1074/802/5766 1098/822/5767
f 1073/801/5768 1098/822/5769 1099/823/5770
f 1072/800/5771 1073/801/5772 1099/823/5773
f 1072/800/5774 1099/823/5775 1100/824/5776
f 1071/799/5777 1072/800/5778 1100/824/5779
f 1071/799/5780 1100/824/5781 1101/825/5782
f 1070/798/5783 1071/799/5784 1101/825/5785
f 1070/798/5786 1101/825/5787 1102/826/5788
f 1069/797/5789 1070/798/5790 1102/826/5791
f 1069/797/5792 1102/826/5793 1103/827/5794
f 1068/796/5795 1069/797/5796 1103/827/5797
f 1068/796/5798 1103/827/5799 1104/828/5800
f 1067/795/5801 1068/796/5802 1104/828/5803
f 1067/795/5804 1104/828/5805 1105/829/5806
f 1066/794/5807 1067/795/5808 1105/829/5809
f 1066/794/5810 1105/829/5811 1106/830/5812
f 1065/793/5813 1066/794/5814 1106/830/5815
f 1065/793/5816 1106/830/5815 1107/831/5817
f 1064/792/5818 1065/793/5819 1107/831/5820
f 1064/792/5821 1107/831/5822 1108/832/5823
f 1063/791/5824 1064/792/5825 1108/832/5826
f 1063/791/5827 1108/832/5828 1109/833/5829
f 1061/789/5830 1063/791/5831 1109/833/5829
f 1061/789/5832 1109/833/5833 1110/834/5834
f 1062/790/5835 1061/789/5836 1110/834/5837
f 1062/790/5838 1110/834/5839 1111/835/5840
f 1112/836/5841 1062/790/5842 1111/835/5843
f 1112/836/5844 1111/835/5845 1113/837/5846
f 1114/838/5847 1047/775/5848 1062/790/5849
f 1114/838/5850 1062/790/5851 1112/836/5852
f 1115/839/5853 1032/760/5854 1047/775/5855
f 1115/839/5856 1047/775/5857 1114/838/5858
f 1116/840/5859 1017/745/5860 1032/760/5861
f 1116/840/5859 1032/760/5862 1115/839/5863
f 1117/841/5864 1002/730/5865 1017/745/5866
f 1117/841/5867 1017/745/5868 1116/840/5869
f 1118/842/5870 987/715/5871 1002/730/5872
f 1118/842/5873 1002/730/5874 1117/841/5875
f 1119/843/5876 972/700/5110 987/715/5877
f 1119/843/5878 987/715/5879 1118/842/5880
f 1120/844/5881 957/685/5882 972/700/5883
f 1120/844/5884 972/700/5885 1119/843/5886
f 1121/845/5887 942/670/5888 957/685/5889
f 1121/845/5890 957/685/5882 1120/844/5884
f 1122/846/5891 927/655/5892 942/670/5893
f 1122/846/5891 942/670/5894 1121/845/5895
f 1123/847/5896 912/640/5897 927/655/5898
f 1123/847/5899 927/655/5900 1122/846/5901
f 1124/848/5902 897/625/4644 912/640/4798
f 1124/848/5903 912/640/5904 1123/847/5905
f 1125/849/5906 882/610/5907 897/625/5908
f 1125/849/5909 897/625/5910 1124/848/5911
f 1126/850/5912 854/582/5913 882/610/5914
f 1126/850/5915 882/610/5916 1125/849/5906
f 1078/804/5917 851/579/5586 854/582/5918
f 1078/804/5917 854/582/5919 1126/850/5920
f 1127/851/5921 1128/852/5922 1129/853/5923
f 1127/851/5924 1129/853/5925 1130/854/5926
f 1128/852/5927 1131/855/5928 1132/856/5929
f 1128/852/5930 1132/856/5931 1129/853/5932
f 1131/855/5933 1133/857/5934 1134/858/5935
f 1131/855/5936 1134/858/5937 1132/856/5938
f 1133/857/5939 1135/859/5940 1136/860/5941
f 1133/857/5942 1136/860/5943 1134/858/5944
f 1135/859/5945 1137/861/5946 1138/862/5947
f 1135/859/5948 1138/862/5949 1136/860/5950
f 1137/861/5951 1139/863/5952 1140/864/5953
f 1137/861/5954 1140/864/5955 1138/862/5956
f 1139/863/5957 1141/865/5958 1142/866/5959
f 1139/863/5960 1142/866/5961 1140/864/5962
f 1141/865/5963 1143/867/5964 1144/868/5965
f 1141/865/5966 1144/868/5967 1142/866/5968
f 1143/867/5969 1145/869/5970 1146/870/5971
f 1143/867/5972 1146/870/5973 1144/868/5974
f 1145/869/5975 1147/871/5976 1148/872/5977
f 1145/869/5978 1148/872/5979 1146/870/5973
f 1147/871/5980 1149/873/5981 1150/874/5982
f 1147/871/5983 1150/874/5984 1148/872/5985
f 1149/873/5986 1151/875/5987 1152/876/5988
f 1149/873/5989 1152/876/5990 1150/874/5991
f 1151/875/5992 1153/877/5993 1154/878/5994
f 1151/875/5995 1154/878/5996 1152/876/5997
f 1153/877/5998 1155/879/5999 1156/880/6000
f 1153/877/5998 1156/880/6001 1154/878/6002
f 1130/854/6003 1129/853/6004 1157/881/6005
f 1130/854/6006 1157/881/6007 1158/882/6008
f 1129/853/6009 1132/856/6010 1159/883/6011
f 1129/853/6012 1159/883/6013 1157/881/6014
f 1132/856/6015 1134/858/6016 1160/884/6017
f 1132/856/6018 1160/884/6019 1159/883/6020
f 1134/858/6021 1136/860/6022 1161/885/6023
f 1134/858/6024 1161/885/6025 1160/884/6026
f 1136/860/6027 1138/862/6028 1162/886/6029
f 1136/860/6030 1162/886/6031 1161/885/6032
f 1138/862/6033 1140/864/6034 1163/887/6035
f 1138/862/6036 1163/887/6037 1162/886/6038
f 1140/864/6039 1142/866/6040 1164/888/6041
f 1140/864/6042 1164/888/6043 1163/887/6044
f 1142/866/6045 1144/868/6046 1165/889/6047
f 1142/866/6048 1165/889/6049 1164/888/6043
f 1144/868/6050 1146/870/6051 1166/890/6052
f 1144/868/6053 1166/890/6054 1165/889/6055
f 1146/870/6056 1148/872/6057 1167/891/6058
f 1146/870/6059 1167/891/6060 1166/890/6061
f 1148/872/6062 1150/874/6063 1168/892/6064
f 1148/872/6065 1168/892/6066 1167/891/6067
f 1150/874/6068 1152/876/6069 1169/893/6070
f 1150/874/6071 1169/893/6072 1168/892/6073
f 1152/876/6074 1154/878/6075 1170/894/6076
f 1152/876/6077 1170/894/6078 1169/893/6079
f 1154/878/6080 1156/880/6081 1171/895/6082
f 1154/878/6075 1171/895/6083 1170/894/6084
f 1158/882/6085 1157/881/6086 1172/896/6087
f 1158/882/6088 1172/896/6089 1173/897/6090
f 1157/881/6091 1159/883/6092 1174/898/6093
f 1157/881/6094 1174/898/6095 1172/896/6096
f 1159/883/6097 1160/884/6098 1175/899/6099
f 1159/883/6100 1175/899/6101 1174/898/6102
f 1160/884/6103 1161/885/6104 1176/900/6105
f 1160/884/6106 1176/900/6107 1175/899/6108
f 1161/885/6109 1162/886/6110 1177/901/6111
f 1161/885/6112 1177/901/6113 1176/900/6114
f 1162/886/6115 1163/887/6116 1178/902/6117
f 1162/886/6118 1178/902/6119 1177/901/6120
f 1163/887/6121 1164/888/6122 1179/903/6123
f 1163/887/6124 1179/903/6125 1178/902/6126
f 1164/888/6127 1165/889/6128 1180/904/6129
f 1164/888/6130 1180/904/6131 1179/903/6132
f 1165/889/6133 1166/890/6134 1181/905/6135
f 1165/889/6136 1181/905/6137 1180/904/6138
f 1166/890/6139 1167/891/6140 1182/906/6141
f 1166/890/6142 1182/906/6143 1181/905/6144
f 1167/891/6145 1168/892/6146 1183/907/6147
f 1167/891/6148 1183/907/6149 1182/906/6150
f 1168/892/6151 1169/893/6152 1184/908/6153
f 1168/892/6154 1184/908/6155 1183/907/6156
f 1169/893/6157 1170/894/6158 1185/909/6159
f 1169/893/6160 1185/909/6161 1184/908/6162
f 1170/894/6163 1171/895/6164 1186/910/6165
f 1170/894/6166 1186/910/6167 1185/909/6168
f 1173/897/6169 1172/896/6170 1187/911/6171
f 1173/897/6172 1187/911/6173 1188/912/6174
f 1172/896/6175 1174/898/6176 1189/913/6177
f 1172/896/6178 1189/913/6177 1187/911/6179
f 1174/898/6180 1175/899/6181 1190/914/6182
f 1174/898/6183 1190/914/6184 1189/913/6185
f 1175/899/6186 1176/900/6187 1191/915/6188
f 1175/899/6189 1191/915/6190 1190/914/6191
f 1176/900/6192 1177/901/6193 1192/916/6194
f 1176/900/6195 1192/916/6196 1191/915/6197
f 1177/901/6198 1178/902/6119 1193/917/6199
f 1177/901/6200 1193/917/6201 1192/916/6202
f 1178/902/6203 1179/903/6204 1194/918/6205
f 1178/902/6206 1194/918/6207 1193/917/6208
f 1179/903/6209 1180/904/6210 1195/919/6211
f 1179/903/6212 1195/919/6213 1194/918/6214
f 1180/904/6215 1181/905/6216 1196/920/6217
f 1180/904/6218 1196/920/6217 1195/919/6219
f 1181/905/6220 1182/906/6221 1197/921/6222
f 1181/905/6223 1197/921/6224 1196/920/6225
f 1182/906/6226 1183/907/6227 1198/922/6228
f 1182/906/6141 1198/922/6229 1197/921/6224
f 1183/907/6227 1184/908/6230 1199/923/6231
f 1183/907/6232 1199/923/6233 1198/922/6234
f 1184/908/6235 1185/909/6236 1200/924/6237
f 1184/908/6238 1200/924/6239 1199/923/6240
f 1185/909/6241 1186/910/6242 1201/925/6243
f 1185/909/6244 1201/925/6245 1200/924/6246
f 1188/912/6247 1187/911/6248 1202/926/6249
f 1188/912/6250 1202/926/6251 1203/927/6252
f 1187/911/6253 1189/913/6254 1204/928/6255
f 1187/911/6256 1204/928/6257 1202/926/6258
f 1189/913/6259 1190/914/6260 1205/929/6261
f 1189/913/6262 1205/929/6263 1204/928/6255
f 1190/914/6264 1191/915/6265 1206/930/6266
f 1190/914/6267 1206/930/6268 1205/929/6269
f 1191/915/6270 1192/916/6271 1207/931/6272
f 1191/915/6273 1207/931/6274 1206/930/6275
f 1192/916/6276 1193/917/6277 1208/932/6278
f 1192/916/6279 1208/932/6280 1207/931/6281
f 1193/917/6201 1194/918/6282 1209/933/6283
f 1193/917/6284 1209/933/6285 1208/932/6286
f 1194/918/6287 1195/919/6288 1210/934/6289
f 1194/918/6290 1210/934/6291 1209/933/6292
f 1195/919/6293 1196/920/6294 1211/935/6295
f 1195/919/6296 1211/935/6297 1210/934/6298
f 1196/920/6299 1197/921/6300 1212/936/6301
f 1196/920/6302 1212/936/6303 1211/935/6304
f 1197/921/6305 1198/922/6306 1213/937/6307
f 1197/921/6308 1213/937/6309 1212/936/6310
f 1198/922/6311 1199/923/6312 1214/938/6313
f 1198/922/6314 1214/938/6315 1213/937/6316
f 1199/923/6317 1200/924/6318 1215/939/6319
f 1199/923/6320 1215/939/6321 1214/938/6322
f 1200/924/6323 1201/925/6324 1216/940/6325
f 1200/924/6326 1216/940/6327 1215/939/6328
f 1203/927/6329 1202/926/6330 1217/941/6331
f 1203/927/6332 1217/941/6333 1218/942/6334
f 1202/926/6335 1204/928/6336 1219/943/6337
f 1202/926/6338 1219/943/6339 1217/941/6340
f 1204/928/6341 1205/929/6342 1220/944/6343
f 1204/928/6344 1220/944/6345 1219/943/6346
f 1205/929/6347 1206/930/6348 1221/945/6349
f 1205/929/6350 1221/945/6351 1220/944/6352
f 1206/930/6353 1207/931/6354 1222/946/6355
f 1206/930/6356 1222/946/6357 1221/945/6358
f 1207/931/6359 1208/932/6360 1223/947/6361
f 1207/931/6354 1223/947/6362 1222/946/6363
f 1208/932/6286 1209/933/6364 1224/948/6365
f 1208/932/6366 1224/948/6367 1223/947/6368
f 1209/933/6369 1210/934/6370 1225/949/6371
f 1209/933/6372 1225/949/6373 1224/948/6374
f 1210/934/6375 1211/935/6376 1226/950/6377
f 1210/934/6378 1226/950/6379 1225/949/6380
f 1211/935/6381 1212/936/6382 1227/951/6383
f 1211/935/6384 1227/951/6385 1226/950/6386
f 1212/936/6387 1213/937/6388 1228/952/6389
f 1212/936/6390 1228/952/6391 1227/951/6392
f 1213/937/6393 1214/938/6394 1229/953/6395
f 1213/937/6396 1229/953/6397 1228/952/6398
f 1214/938/6399 1215/939/6400 1230/954/6401
f 1214/938/6402 1230/954/6403 1229/953/6404
f 1215/939/6405 1216/940/6406 1231/955/6407
f 1215/939/6408 1231/955/6409 1230/954/6403
f 1218/942/6410 1217/941/6411 1232/956/6412
f 1218/942/6413 1232/956/6414 1233/957/6415
f 1217/941/6416 1219/943/6417 1234/958/6418
f 1217/941/6411 1234/958/6419 1232/956/6420
f 1219/943/6421 1220/944/6422 1235/959/6423
f 1219/943/6424 1235/959/6425 1234/958/6419
f 1220/944/6426 1221/945/6427 1236/960/6428
f 1220/944/6429 1236/960/6430 1235/959/6431
f 1221/945/6432 1222/946/6433 1237/961/6434
f 1221/945/6435 1237/961/6436 1236/960/6437
f 1222/946/6438 1223/947/6439 1238/962/6440
f 1222/946/6441 1238/962/6442 1237/961/6434
f 1223/947/6362 1224/948/6443 1239/963/6444
f 1223/947/6445 1239/963/6446 1238/962/6447
f 1224/948/6448 1225/949/6449 1240/964/6450
f 1224/948/6451 1240/964/6452 1239/963/6453
f 1225/949/6454 1226/950/6455 1241/965/6456
f 1225/949/6457 1241/965/6458 1240/964/6459
f 1226/950/6460 1227/951/6461 1242/966/6462
f 1226/950/6463 1242/966/6464 1241/965/6465
f 1227/951/6466 1228/952/6467 1243/967/6468
f 1227/951/6469 1243/967/6470 1242/966/6471
f 1228/952/6472 1229/953/6473 1244/968/6474
f 1228/952/6475 1244/968/6476 1243/967/6477
f 1229/953/6478 1230/954/6479 1245/969/6480
f 1229/953/6481 1245/969/6482 1244/968/6474
f 1230/954/6483 1231/955/6484 1246/970/6485
f 1230/954/6486 1246/970/6487 1245/969/6488
f 1233/957/6489 1232/956/6490 1247/971/6491
f 1233/957/6415 1247/971/6492 1248/972/6493
f 1232/956/6494 1234/958/6495 1249/973/6496
f 1232/956/6497 1249/973/6498 1247/971/6499
f 1234/958/6495 1235/959/6500 1250/974/6501
f 1234/958/6502 1250/974/6503 1249/973/6504
f 1235/959/6505 1236/960/6430 1251/975/6506
f 1235/959/6507 1251/975/6508 1250/974/6503
f 1236/960/6509 1237/961/6510 1252/976/6511
f 1236/960/6512 1252/976/6513 1251/975/6514
f 1237/961/6515 1238/962/6516 1253/977/6517
f 1237/961/6518 1253/977/6519 1252/976/6520
f 1238/962/6516 1239/963/6521 1254/978/6522
f 1238/962/6523 1254/978/6524 1253/977/6525
f 1239/963/6526 1240/964/6527 1255/979/6528
f 1239/963/6529 1255/979/6530 1254/978/6531
f 1240/964/6532 1241/965/6533 1256/980/6534
f 1240/964/6535 1256/980/6536 1255/979/6537
f 1241/965/6538 1242/966/6539 1257/981/6540
f 1241/965/6541 1257/981/6542 1256/980/6543
f 1242/966/6544 1243/967/6545 1258/982/6546
f 1242/966/6547 1258/982/6546 1257/981/6548
f 1243/967/6549 1244/968/6550 1259/983/6551
f 1243/967/6552 1259/983/6553 1258/982/6554
f 1244/968/6555 1245/969/6556 1260/984/6557
f 1244/968/6558 1260/984/6559 1259/983/6560
f 1245/969/6561 1246/970/6562 1261/985/6563
f 1245/969/6564 1261/985/6565 1260/984/6566
f 1248/972/6567 1247/971/6568 1262/986/6569
f 1248/972/6570 1262/986/6571 1263/987/6572
f 1247/971/6568 1249/973/6573 1264/988/6574
f 1247/971/6575 1264/988/6576 1262/986/6577
f 1249/973/6578 1250/974/6579 1265/989/6580
f 1249/973/6581 1265/989/6582 1264/988/6583
f 1250/974/6503 1251/975/6506 1266/990/6584
f 1250/974/6585 1266/990/6586 1265/989/6587
f 1251/975/6588 1252/976/6513 1267/991/6589
f 1251/975/6588 1267/991/6590 1266/990/6591
f 1252/976/6592 1253/977/6593 1268/992/6594
f 1252/976/6595 1268/992/6596 1267/991/6589
f 1253/977/6597 1254/978/6598 1269/993/6599
f 1253/977/6600 1269/993/6601 1268/992/6602
f 1254/978/6603 1255/979/6604 1270/994/6605
f 1254/978/6603 1270/994/6606 1269/993/6599
f 1255/979/6607 1256/980/6608 1271/995/6609
f 1255/979/6610 1271/995/6611 1270/994/6612
f 1256/980/6613 1257/981/6614 1272/996/6615
f 1256/980/6608 1272/996/6616 1271/995/6617
f 1257/981/6618 1258/982/6619 1273/997/6620
f 1257/981/6621 1273/997/6622 1272/996/6623
f 1258/982/6624 1259/983/6625 1274/998/6626
f 1258/982/6627 1274/998/6628 1273/997/6629
f 1259/983/6630 1260/984/6631 1275/999/6632
f 1259/983/6633 1275/999/6634 1274/998/6635
f 1260/984/6636 1261/985/6637 1276/1000/6638
f 1260/984/6639 1276/1000/6640 1275/999/6641
f 1263/987/6642 1262/986/6643 1277/1001/6644
f 1263/987/6645 1277/1001/6646 1278/1002/6647
f 1262/986/6648 1264/988/6649 1279/1003/6650
f 1262/986/6651 1279/1003/6652 1277/1001/6653
f 1264/988/6654 1265/989/6655 1280/1004/6656
f 1264/988/6657 1280/1004/6658 1279/1003/6659
f 1265/989/6660 1266/990/6661 1281/1005/6662
f 1265/989/6580 1281/1005/6663 1280/1004/6664
f 1266/990/6665 1267/991/6666 1282/1006/6667
f 1266/990/6668 1282/1006/6669 1281/1005/6662
f 1267/991/6670 1268/992/6671 1283/1007/6672
f 1267/991/6673 1283/1007/6674 1282/1006/6675
f 1268/992/6676 1269/993/6677 1284/1008/6678
f 1268/992/6679 1284/1008/6680 1283/1007/6681
f 1269/993/6682 1270/994/6683 1285/1009/6684
f 1269/993/6685 1285/1009/6686 1284/1008/6687
f 1270/994/6688 1271/995/6689 1286/1010/6690
f 1270/994/6691 1286/1010/6692 1285/1009/6693
f 1271/995/6694 1272/996/6695 1287/1011/6696
f 1271/995/6609 1287/1011/6697 1286/1010/6698
f 1272/996/6699 1273/997/6700 1288/1012/6701
f 1272/996/6615 1288/1012/6702 1287/1011/6703
f 1273/997/6704 1274/998/6705 1289/1013/6706
f 1273/997/6707 1289/1013/6708 1288/1012/6709
f 1274/998/6710 1275/999/6711 1290/1014/6712
f 1274/998/6713 1290/1014/6714 1289/1013/6715
f 1275/999/6716 1276/1000/6717 1291/1015/6718
f 1275/999/6719 1291/1015/6720 1290/1014/6721
f 1278/1002/6722 1277/1001/6723 1292/1016/6724
f 1278/1002/6725 1292/1016/6726 1293/1017/6727
f 1277/1001/6728 1279/1003/6729 1294/1018/6730
f 1277/1001/6731 1294/1018/6732 1292/1016/6733
f 1279/1003/6652 1280/1004/6734 1295/1019/6735
f 1279/1003/6659 1295/1019/6736 1294/1018/6737
f 1280/1004/6738 1281/1005/6739 1296/1020/6740
f 1280/1004/6741 1296/1020/6742 1295/1019/6743
f 1281/1005/6744 1282/1006/6745 1297/1021/6746
f 1281/1005/6744 1297/1021/6747 1296/1020/6740
f 1282/1006/6748 1283/1007/6749 1298/1022/6750
f 1282/1006/6751 1298/1022/6752 1297/1021/6753
f 1283/1007/6754 1284/1008/6755 1299/1023/6756
f 1283/1007/6757 1299/1023/6758 1298/1022/6759
f 1284/1008/6760 1285/1009/6761 1300/1024/6762
f 1284/1008/6763 1300/1024/6764 1299/1023/6765
f 1285/1009/6766 1286/1010/6767 1301/1025/6768
f 1285/1009/6761 1301/1025/6769 1300/1024/6770
f 1286/1010/6771 1287/1011/6772 1302/1026/6773
f 1286/1010/6774 1302/1026/6775 1301/1025/6776
f 1287/1011/6777 1288/1012/6778 1303/1027/6779
f 1287/1011/6780 1303/1027/6781 1302/1026/6782
f 1288/1012/6783 1289/1013/6784 1304/1028/6785
f 1288/1012/6786 1304/1028/6787 1303/1027/6788
f 1289/1013/6789 1290/1014/6790 1305/1029/6791
f 1289/1013/6792 1305/1029/6793 1304/1028/6794
f 1290/1014/6795 1291/1015/6796 1306/1030/6797
f 1290/1014/6798 1306/1030/6799 1305/1029/6800
f 1293/1017/6801 1292/1016/6802 1307/1031/6803
f 1293/1017/6804 1307/1031/6805 1308/1032/6806
f 1292/1016/6807 1294/1018/6808 1309/1033/6809
f 1292/1016/6810 1309/1033/6811 1307/1031/6812
f 1294/1018/6813 1295/1019/6814 1310/1034/6815
f 1294/1018/6816 1310/1034/6817 1309/1033/6818
f 1295/1019/6814 1296/1020/6742 1311/1035/6819
f 1295/1019/6820 1311/1035/6821 1310/1034/6822
f 1296/1020/6823 1297/1021/6824 1312/1036/6825
f 1296/1020/6826 1312/1036/6827 1311/1035/6828
f 1297/1021/6829 1298/1022/6830 1313/1037/6831
f 1297/1021/6832 1313/1037/6833 1312/1036/6834
f 1298/1022/6835 1299/1023/6836 1314/1038/6837
f 1298/1022/6838 1314/1038/6839 1313/1037/6840
f 1299/1023/6841 1300/1024/6842 1315/1039/6843
f 1299/1023/6844 1315/1039/6845 1314/1038/6846
f 1300/1024/6847 1301/1025/6848 1316/1040/6849
f 1300/1024/6850 1316/1040/6851 1315/1039/6852
f 1301/1025/6853 1302/1026/6854 1317/1041/6855
f 1301/1025/6768 1317/1041/6856 1316/1040/6857
f 1302/1026/6858 1303/1027/6859 1318/1042/6860
f 1302/1026/6861 1318/1042/6862 1317/1041/6863
f 1303/1027/6864 1304/1028/6865 1319/1043/6866
f 1303/1027/6867 1319/1043/6868 1318/1042/6869
f 1304/1028/6870 1305/1029/6871 1320/1044/6872
f 1304/1028/6873 1320/1044/6874 1319/1043/6875
f 1305/1029/6876 1306/1030/6877 1321/1045/6878
f 1305/1029/6879 1321/1045/6880 1320/1044/6881
f 1308/1032/6882 1307/1031/6883 1322/1046/6884
f 1308/1032/6882 1322/1046/6885 1323/1047/6886
f 1307/1031/6887 1309/1033/6888 1324/1048/6889
f 1307/1031/6890 1324/1048/6891 1322/1046/6892
f 1309/1033/6893 1310/1034/6894 1325/1049/6895
f 1309/1033/6896 1325/1049/6897 1324/1048/6898
f 1310/1034/6899 1311/1035/6900 1326/1050/6901
f 1310/1034/6894 1326/1050/6902 1325/1049/6903
f 1311/1035/6821 1312/1036/6904 1327/1051/6905
f 1311/1035/6828 1327/1051/6906 1326/1050/6901
f 1312/1036/6907 1313/1037/6908 1328/1052/6909
f 1312/1036/6910 1328/1052/6909 1327/1051/6911
f 1313/1037/6912 1314/1038/6913 1329/1053/6914
f 1313/1037/6915 1329/1053/6916 1328/1052/6917
f 1314/1038/6918 1315/1039/6919 1330/1054/6920
f 1314/1038/6921 1330/1054/6922 1329/1053/6914
f 1315/1039/6923 1316/1040/6924 1331/1055/6925
f 1315/1039/6926 1331/1055/6927 1330/1054/6928
f 1316/1040/6929 1317/1041/6930 1332/1056/6931
f 1316/1040/6932 1332/1056/6933 1331/1055/6934
f 1317/1041/6935 1318/1042/6936 1333/1057/6937
f 1317/1041/6938 1333/1057/6939 1332/1056/6940
f 1318/1042/6941 1319/1043/6942 1334/1058/6943
f 1318/1042/6941 1334/1058/6944 1333/1057/6945
f 1319/1043/6946 1320/1044/6947 1335/1059/6948
f 1319/1043/6949 1335/1059/6950 1334/1058/6951
f 1320/1044/6952 1321/1045/6953 1336/1060/6954
f 1320/1044/6955 1336/1060/6956 1335/1059/6957
f 1323/1047/6958 1322/1046/6959 1337/1061/6960
f 1323/1047/6961 1337/1061/6962 1338/1062/6963
f 1322/1046/6964 1324/1048/6965 1339/1063/6966
f 1322/1046/6884 1339/1063/6967 1337/1061/6968
f 1324/1048/6969 1325/1049/6970 1340/1064/6971
f 1324/1048/6972 1340/1064/6973 1339/1063/6974
f 1325/1049/6975 1326/1050/6976 1341/1065/6977
f 1325/1049/6978 1341/1065/6979 1340/1064/6980
f 1326/1050/6981 1327/1051/6982 1342/1066/6983
f 1326/1050/6984 1342/1066/6983 1341/1065/6985
f 1327/1051/6986 1328/1052/6987 1343/1067/6988
f 1327/1051/6989 1343/1067/6990 1342/1066/6991
f 1328/1052/6992 1329/1053/6993 1344/1068/6994
f 1328/1052/6995 1344/1068/6996 1343/1067/6997
f 1329/1053/6998 1330/1054/6999 1345/1069/7000
f 1329/1053/7001 1345/1069/7002 1344/1068/7003
f 1330/1054/7004 1331/1055/7005 1346/1070/7006
f 1330/1054/7007 1346/1070/7008 1345/1069/7000
f 1331/1055/7009 1332/1056/7010 1347/1071/7011
f 1331/1055/7012 1347/1071/7013 1346/1070/7006
f 1332/1056/7014 1333/1057/7015 1348/1072/7016
f 1332/1056/7017 1348/1072/7018 1347/1071/7011
f 1333/1057/7019 1334/1058/7020 1349/1073/7021
f 1333/1057/7022 1349/1073/7023 1348/1072/7024
f 1334/1058/7025 1335/1059/7026 1350/1074/7027
f 1334/1058/7028 1350/1074/7029 1349/1073/7030
f 1335/1059/7031 1336/1060/7032 1351/1075/7033
f 1335/1059/7034 1351/1075/7035 1350/1074/7036
f 1352/837/7037 1353/835/5845 1127/851/7038
f 1352/837/7039 1127/851/7040 1354/1076/7041
f 1353/835/7042 1110/834/7043 1128/852/7044
f 1353/835/7045 1128/852/7046 1127/851/7047
f 1110/834/7048 1109/833/5833 1131/855/7049
f 1110/834/7050 1131/855/7051 1128/852/7052
f 1109/833/7053 1108/832/7054 1133/857/7055
f 1109/833/7056 1133/857/7057 1131/855/7049
f 1108/832/7058 1107/831/7059 1135/859/7060
f 1108/832/7061 1135/859/7062 1133/857/7063
f 1107/831/7064 1106/830/7065 1137/861/7066
f 1107/831/7067 1137/861/7068 1135/859/7069
f 1106/830/7070 1105/829/7071 1139/863/7072
f 1106/830/7073 1139/863/7074 1137/861/7075
f 1105/829/7076 1104/828/7077 1141/865/7078
f 1105/829/7079 1141/865/7080 1139/863/7081
f 1104/828/7082 1103/827/7083 1143/867/7084
f 1104/828/7085 1143/867/7086 1141/865/7087
f 1103/827/7088 1102/826/7089 1145/869/7090
f 1103/827/7091 1145/869/7092 1143/867/7093
f 1102/826/7094 1101/825/7095 1147/871/7096
f 1102/826/7097 1147/871/7098 1145/869/7099
f 1101/825/7100 1100/824/7101 1149/873/7102
f 1101/825/7103 1149/873/7104 1147/871/7105
f 1100/824/7106 1099/823/7107 1151/875/7108
f 1100/824/7109 1151/875/7110 1149/873/7111
f 1099/823/7112 1355/822/7113 1153/877/7114
f 1099/823/7115 1153/877/7116 1151/875/7117
f 1355/822/7118 1356/821/7119 1155/879/7120
f 1355/822/7121 1155/879/7122 1153/877/7123
f 1356/821/7124 1096/820/7125 1357/1077/7126
f 1356/821/7127 1357/1077/7128 1155/879/7129
f 1155/879/7130 1357/1077/7131 1358/1078/7132
f 1155/879/5999 1358/1078/7133 1156/880/7134
f 1156/880/7135 1358/1078/7136 1359/1079/7137
f 1156/880/7138 1359/1079/7139 1171/895/7140
f 1171/895/7141 1359/1079/7142 1360/1080/7143
f 1171/895/7144 1360/1080/7145 1186/910/7146
f 1186/910/7147 1360/1080/7148 1361/1081/7149
f 1186/910/6165 1361/1081/7150 1201/925/7151
f 1201/925/7152 1361/1081/7153 1362/1082/7154
f 1201/925/7152 1362/1082/7155 1216/940/7156
f 1216/940/6406 1362/1082/7157 1363/1083/7158
f 1216/940/7159 1363/1083/7160 1231/955/7161
f 1231/955/7162 1363/1083/7163 1364/1084/7164
f 1231/955/7165 1364/1084/7164 1246/970/7166
f 1246/970/7167 1364/1084/7168 1365/1085/7169
f 1246/970/7170 1365/1085/7171 1261/985/7172
f 1261/985/7173 1365/1085/7174 1366/1086/7175
f 1261/985/7176 1366/1086/7177 1276/1000/7178
f 1276/1000/7179 1366/1086/7180 1367/1087/7181
f 1276/1000/7182 1367/1087/7183 1291/1015/7184
f 1291/1015/6796 1367/1087/7185 1368/1088/7186
f 1291/1015/7187 1368/1088/7188 1306/1030/7189
f 1306/1030/7190 1368/1088/7191 1369/1089/7192
f 1306/1030/7193 1369/1089/7194 1321/1045/7195
f 1321/1045/7196 1369/1089/7197 1370/1090/7198
f 1321/1045/7199 1370/1090/7200 1336/1060/7201
f 1336/1060/7202 1370/1090/7198 1371/1091/7203
f 1336/1060/7204 1371/1091/7205 1351/1075/7206
f 1351/1075/7207 1371/1091/7205 1372/1092/7208
f 1351/1075/7209 1372/1092/7210 1373/1093/7211
f 1350/1074/7212 1351/1075/7213 1373/1093/2782
f 1350/1074/7214 1373/1093/7215 1374/1094/7216
f 1349/1073/7217 1350/1074/7036 1374/1094/7218
f 1349/1073/7219 1374/1094/7220 1375/1095/7221
f 1348/1072/7222 1349/1073/7223 1375/1095/7224
f 1348/1072/7225 1375/1095/7226 1376/1096/7227
f 1347/1071/7228 1348/1072/7229 1376/1096/7230
f 1347/1071/7228 1376/1096/7231 1377/1097/7232
f 1346/1070/7233 1347/1071/7234 1377/1097/7235
f 1346/1070/7236 1377/1097/7237 1378/1098/7238
f 1345/1069/7239 1346/1070/7240 1378/1098/7241
f 1345/1069/7242 1378/1098/7243 1379/1099/7244
f 1344/1068/7245 1345/1069/7246 1379/1099/7247
f 1344/1068/7248 1379/1099/7249 1380/1100/7250
f 1343/1067/7251 1344/1068/7252 1380/1100/7253
f 1343/1067/7254 1380/1100/7255 1381/1101/7256
f 1342/1066/7257 1343/1067/7251 1381/1101/7258
f 1342/1066/7259 1381/1101/7260 1382/1102/7261
f 1341/1065/7262 1342/1066/7257 1382/1102/7263
f 1341/1065/7264 1382/1102/7265 1383/1103/7266
f 1340/1064/7267 1341/1065/7264 1383/1103/7268
f 1340/1064/7269 1383/1103/7270 1384/1104/7271
f 1339/1063/7272 1340/1064/7273 1384/1104/7274
f 1339/1063/7275 1384/1104/7276 1385/1105/7277
f 1337/1061/7278 1339/1063/7279 1385/1105/7280
f 1337/1061/7281 1385/1105/7282 1386/1106/7283
f 1338/1062/7284 1337/1061/7285 1386/1106/7286
f 1338/1062/7287 1386/1106/7288 1387/1107/7289
f 1388/1108/7290 1338/1062/7291 1387/1107/7292
f 1388/1108/7293 1387/1107/7294 1389/1109/7295
f 1390/1110/7296 1323/1047/7297 1338/1062/7298
f 1390/1110/7299 1338/1062/7300 1388/1108/7301
f 1391/1111/7302 1308/1032/7303 1323/1047/7304
f 1391/1111/7305 1323/1047/6958 1390/1110/7306
f 1392/1112/7307 1293/1017/7308 1308/1032/7309
f 1392/1112/7307 1308/1032/7310 1391/1111/7311
f 1393/1113/7312 1278/1002/6725 1293/1017/7313
f 1393/1113/7314 1293/1017/7315 1392/1112/7316
f 1394/1114/7317 1263/987/7318 1278/1002/7319
f 1394/1114/7320 1278/1002/7321 1393/1113/7322
f 1395/1115/7323 1248/972/7324 1263/987/7325
f 1395/1115/7326 1263/987/7327 1394/1114/7328
f 1396/1116/7329 1233/957/7330 1248/972/7331
f 1396/1116/7332 1248/972/7333 1395/1115/7326
f 1397/1117/7334 1218/942/7335 1233/957/7336
f 1397/1117/7337 1233/957/7338 1396/1116/7339
f 1398/1118/7340 1203/927/7341 1218/942/7335
f 1398/1118/7342 1218/942/7343 1397/1117/7344
f 1399/1119/7345 1188/912/7346 1203/927/7347
f 1399/1119/7348 1203/927/7349 1398/1118/7350
f 1400/1120/7351 1173/897/7352 1188/912/7346
f 1400/1120/7353 1188/912/7354 1399/1119/7348
f 1401/1121/7355 1158/882/7356 1173/897/7357
f 1401/1121/7358 1173/897/7359 1400/1120/7360
f 1402/1122/7361 1130/854/7362 1158/882/7363
f 1402/1122/7364 1158/882/7363 1401/1121/7365
f 1354/1076/7366 1127/851/7367 1130/854/7368
f 1354/1076/7366 1130/854/7369 1402/1122/7370
f 1403/1123/7371 1404/1124/7372 1405/1125/7373
f 1403/1123/7374 1405/1125/7375 1406/1126/7376
f 1404/1124/7377 1407/1127/7378 1408/1128/7379
f 1404/1124/7380 1408/1128/7381 1405/1125/7382
f 1407/1127/7383 1409/1129/7384 1410/1130/7385
f 1407/1127/7383 1410/1130/7386 1408/1128/7387
f 1409/1129/7388 1411/1131/7389 1412/1132/7390
f 1409/1129/7391 1412/1132/7392 1410/1130/7393
f 1411/1131/7394 1413/1133/7395 1414/1134/7396
f 1411/1131/7397 1414/1134/7398 1412/1132/7399
f 1413/1133/7400 1415/1135/7401 1416/1136/7402
f 1413/1133/7403 1416/1136/7404 1414/1134/7405
f 1415/1135/7406 1417/1137/7407 1418/1138/7408
f 1415/1135/7409 1418/1138/7410 1416/1136/7411
f 1417/1137/7412 1419/1139/7413 1420/1140/7414
f 1417/1137/7415 1420/1140/7416 1418/1138/7417
f 1419/1139/7418 1421/1141/7419 1422/1142/7420
f 1419/1139/7421 1422/1142/7422 1420/1140/7423
f 1421/1141/7424 1423/1143/7425 1424/1144/7426
f 1421/1141/7427 1424/1144/7428 1422/1142/7429
f 1423/1143/7430 1425/1145/7431 1426/1146/7432
f 1423/1143/7433 1426/1146/7432 1424/1144/7434
f 1425/1145/7435 1427/1147/7436 1428/1148/7437
f 1425/1145/7438 1428/1148/7439 1426/1146/7440
f 1427/1147/7441 1429/1149/7442 1430/1150/7443
f 1427/1147/7444 1430/1150/7445 1428/1148/7446
f 1429/1149/7447 1431/1151/7448 1432/1152/7449
f 1429/1149/7442 1432/1152/7450 1430/1150/7451
f 1406/1126/7452 1405/1125/7453 1433/1153/7454
f 1406/1126/7455 1433/1153/7456 1434/1154/7457
f 1405/1125/7458 1408/1128/7459 1435/1155/7460
f 1405/1125/7461 1435/1155/7462 1433/1153/7463
f 1408/1128/7464 1410/1130/7465 1436/1156/7466
f 1408/1128/7467 1436/1156/7468 1435/1155/7469
f 1410/1130/7470 1412/1132/7471 1437/1157/7472
f 1410/1130/7473 1437/1157/7474 1436/1156/7475
f 1412/1132/7476 1414/1134/7477 1438/1158/7478
f 1412/1132/7479 1438/1158/7480 1437/1157/7481
f 1414/1134/7482 1416/1136/7483 1439/1159/7484
f 1414/1134/7405 1439/1159/7485 1438/1158/7486
f 1416/1136/7487 1418/1138/7488 1440/1160/7489
f 1416/1136/7490 1440/1160/7491 1439/1159/7492
f 1418/1138/7493 1420/1140/7414 1441/1161/7494
f 1418/1138/7495 1441/1161/7496 1440/1160/7497
f 1420/1140/7498 1422/1142/7499 1442/1162/7500
f 1420/1140/7501 1442/1162/7502 1441/1161/7503
f 1422/1142/7499 1424/1144/7504 1443/1163/7505
f 1422/1142/7506 1443/1163/7507 1442/1162/7508
f 1424/1144/7509 1426/1146/7510 1444/1164/7511
f 1424/1144/7512 1444/1164/7513 1443/1163/7514
f 1426/1146/7515 1428/1148/7446 1445/1165/7516
f 1426/1146/7517 1445/1165/7518 1444/1164/7519
f 1428/1148/7520 1430/1150/7521 1446/1166/7522
f 1428/1148/7523 1446/1166/7524 1445/1165/7525
f 1430/1150/7526 1432/1152/7527 1447/1167/7528
f 1430/1150/7529 1447/1167/7530 1446/1166/7531
f 1434/1154/7532 1433/1153/7463 1448/1168/7533
f 1434/1154/7534 1448/1168/7535 1449/1169/7536
f 1433/1153/7537 1435/1155/7538 1450/1170/7539
f 1433/1153/7540 1450/1170/7541 1448/1168/7542
f 1435/1155/7543 1436/1156/7544 1451/1171/7545
f 1435/1155/7538 1451/1171/7546 1450/1170/7547
f 1436/1156/7548 1437/1157/7549 1452/1172/7550
f 1436/1156/7551 1452/1172/7552 1451/1171/7553
f 1437/1157/7554 1438/1158/7555 1453/1173/7556
f 1437/1157/7557 1453/1173/7558 1452/1172/7559
f 1438/1158/7560 1439/1159/7561 1454/1174/7562
f 1438/1158/7480 1454/1174/7563 1453/1173/7564
f 1439/1159/7565 1440/1160/7566 1455/1175/7567
f 1439/1159/7485 1455/1175/7568 1454/1174/7569
f 1440/1160/7570 1441/1161/7571 1456/1176/7572
f 1440/1160/7570 1456/1176/7573 1455/1175/7574
f 1441/1161/7575 1442/1162/7576 1457/1177/7577
f 1441/1161/7496 1457/1177/7578 1456/1176/7579
f 1442/1162/7508 1443/1163/7580 1458/1178/7581
f 1442/1162/7582 1458/1178/7583 1457/1177/7584
f 1443/1163/7585 1444/1164/7586 1459/1179/7587
f 1443/1163/7588 1459/1179/7589 1458/1178/7590
f 1444/1164/7591 1445/1165/7592 1460/1180/7593
f 1444/1164/7594 1460/1180/7595 1459/1179/7596
f 1445/1165/7597 1446/1166/7598 1461/1181/7599
f 1445/1165/7600 1461/1181/7601 1460/1180/7602
f 1446/1166/7524 1447/1167/7603 1462/1182/7604
f 1446/1166/7605 1462/1182/7606 1461/1181/7607
f 1449/1169/7608 1448/1168/7609 1463/1183/7610
f 1449/1169/7611 1463/1183/7612 1464/1184/7613
f 1448/1168/7614 1450/1170/7615 1465/1185/7616
f 1448/1168/7617 1465/1185/7618 1463/1183/7619
f 1450/1170/7620 1451/1171/7621 1466/1186/7622
f 1450/1170/7623 1466/1186/7624 1465/1185/7618
f 1451/1171/7625 1452/1172/7626 1467/1187/7627
f 1451/1171/7628 1467/1187/7629 1466/1186/7630
f 1452/1172/7631 1453/1173/7632 1468/1188/7633
f 1452/1172/7634 1468/1188/7635 1467/1187/7636
f 1453/1173/7637 1454/1174/7638 1469/1189/7639
f 1453/1173/7640 1469/1189/7641 1468/1188/7642
f 1454/1174/7643 1455/1175/7644 1470/1190/7645
f 1454/1174/7646 1470/1190/7647 1469/1189/7648
f 1455/1175/7649 1456/1176/7650 1471/1191/7651
f 1455/1175/7574 1471/1191/7652 1470/1190/7645
f 1456/1176/7653 1457/1177/7654 1472/1192/7655
f 1456/1176/7656 1472/1192/7657 1471/1191/7658
f 1457/1177/7577 1458/1178/7583 1473/1193/7659
f 1457/1177/7660 1473/1193/7661 1472/1192/7662
f 1458/1178/7663 1459/1179/7664 1474/1194/7665
f 1458/1178/7666 1474/1194/7667 1473/1193/7668
f 1459/1179/7669 1460/1180/7670 1475/1195/7671
f 1459/1179/7672 1475/1195/7673 1474/1194/7674
f 1460/1180/7675 1461/1181/7676 1476/1196/7677
f 1460/1180/7678 1476/1196/7679 1475/1195/7680
f 1461/1181/7681 1462/1182/7682 1477/1197/7683
f 1461/1181/7684 1477/1197/7685 1476/1196/7686
f 1464/1184/7687 1463/1183/7688 1478/1198/7689
f 1464/1184/7690 1478/1198/7691 1479/1199/7692
f 1463/1183/7693 1465/1185/7694 1480/1200/7695
f 1463/1183/7693 1480/1200/7696 1478/1198/7697
f 1465/1185/7698 1466/1186/7699 1481/1201/7700
f 1465/1185/7701 1481/1201/7702 1480/1200/7703
f 1466/1186/7704 1467/1187/7705 1482/1202/7706
f 1466/1186/7707 1482/1202/7708 1481/1201/7709
f 1467/1187/7710 1468/1188/7711 1483/1203/7712
f 1467/1187/7627 1483/1203/7713 1482/1202/7714
f 1468/1188/7715 1469/1189/7639 1484/1204/7716
f 1468/1188/7717 1484/1204/7718 1483/1203/7719
f 1469/1189/7720 1470/1190/7721 1485/1205/7722
f 1469/1189/7723 1485/1205/7724 1484/1204/7725
f 1470/1190/7726 1471/1191/7727 1486/1206/7728
f 1470/1190/7729 1486/1206/7728 1485/1205/7730
f 1471/1191/7731 1472/1192/7732 1487/1207/7733
f 1471/1191/7734 1487/1207/7735 1486/1206/7736
f 1472/1192/7737 1473/1193/7738 1488/1208/7739
f 1472/1192/7732 1488/1208/7740 1487/1207/7741
f 1473/1193/7742 1474/1194/7743 1489/1209/7744
f 1473/1193/7745 1489/1209/7744 1488/1208/7746
f 1474/1194/7747 1475/1195/7748 1490/1210/7749
f 1474/1194/7750 1490/1210/7751 1489/1209/7752
f 1475/1195/7753 1476/1196/7754 1491/1211/7755
f 1475/1195/7756 1491/1211/7757 1490/1210/7758
f 1476/1196/7759 1477/1197/7760 1492/1212/7761
f 1476/1196/7686 1492/1212/7762 1491/1211/7763
f 1479/1199/7764 1478/1198/7765 1493/1213/7766
f 1479/1199/7767 1493/1213/7768 1494/1214/7769
f 1478/1198/7770 1480/1200/7771 1495/1215/7772
f 1478/1198/7773 1495/1215/7774 1493/1213/7775
f 1480/1200/7776 1481/1201/7777 1496/1216/7778
f 1480/1200/7703 1496/1216/7779 1495/1215/7780
f 1481/1201/7781 1482/1202/7782 1497/1217/7783
f 1481/1201/7700 1497/1217/7784 1496/1216/7778
f 1482/1202/7785 1483/1203/7786 1498/1218/7787
f 1482/1202/7785 1498/1218/7788 1497/1217/7789
f 1483/1203/7790 1484/1204/7716 1499/1219/7791
f 1483/1203/7790 1499/1219/7792 1498/1218/7787
f 1484/1204/7716 1485/1205/7793 1500/1220/7794
f 1484/1204/7795 1500/1220/7796 1499/1219/7797
f 1485/1205/7798 1486/1206/7799 1501/1221/7800
f 1485/1205/7724 1501/1221/7801 1500/1220/7802
f 1486/1206/7803 1487/1207/7804 1502/1222/7805
f 1486/1206/7799 1502/1222/7806 1501/1221/7807
f 1487/1207/7808 1488/1208/7739 1503/1223/7809
f 1487/1207/7810 1503/1223/7811 1502/1222/7812
f 1488/1208/7813 1489/1209/7814 1504/1224/7815
f 1488/1208/7816 1504/1224/7817 1503/1223/7818
f 1489/1209/7819 1490/1210/7758 1505/1225/7820
f 1489/1209/7821 1505/1225/7822 1504/1224/7815
f 1490/1210/7823 1491/1211/7824 1506/1226/7825
f 1490/1210/7826 1506/1226/7827 1505/1225/7828
f 1491/1211/7829 1492/1212/7830 1507/1227/7831
f 1491/1211/7832 1507/1227/7833 1506/1226/7834
f 1494/1214/7835 1493/1213/7836 1508/1228/7837
f 1494/1214/7838 1508/1228/7839 1509/1229/7840
f 1493/1213/7841 1495/1215/7842 1510/1230/7843
f 1493/1213/7844 1510/1230/7845 1508/1228/7846
f 1495/1215/7847 1496/1216/7778 1511/1231/7848
f 1495/1215/7849 1511/1231/7850 1510/1230/7851
f 1496/1216/7852 1497/1217/7853 1512/1232/7854
f 1496/1216/7855 1512/1232/7856 1511/1231/7857
f 1497/1217/7858 1498/1218/7787 1513/1233/7859
f 1497/1217/7860 1513/1233/7861 1512/1232/7862
f 1498/1218/7863 1499/1219/7864 1514/1234/7865
f 1498/1218/7866 1514/1234/7867 1513/1233/7861
f 1499/1219/7868 1500/1220/7869 1515/1235/7870
f 1499/1219/7871 1515/1235/7870 1514/1234/7867
f 1500/1220/7872 1501/1221/7873 1516/1236/7874
f 1500/1220/7875 1516/1236/7876 1515/1235/7877
f 1501/1221/7878 1502/1222/7879 1517/1237/7880
f 1501/1221/7881 1517/1237/7882 1516/1236/7883
f 1502/1222/7884 1503/1223/7885 1518/1238/7886
f 1502/1222/7887 1518/1238/7886 1517/1237/7888
f 1503/1223/7889 1504/1224/7890 1519/1239/7891
f 1503/1223/7892 1519/1239/7893 1518/1238/7894
f 1504/1224/7895 1505/1225/7896 1520/1240/7897
f 1504/1224/7898 1520/1240/7899 1519/1239/7900
f 1505/1225/7822 1506/1226/7901 1521/1241/7902
f 1505/1225/7903 1521/1241/7904 1520/1240/7905
f 1506/1226/7906 1507/1227/7907 1522/1242/7908
f 1506/1226/7909 1522/1242/7910 1521/1241/7904
f 1509/1229/7911 1508/1228/7912 1523/1243/7913
f 1509/1229/7914 1523/1243/7915 1524/1244/7916
f 1508/1228/7917 1510/1230/7918 1525/1245/7919
f 1508/1228/7920 1525/1245/7921 1523/1243/7913
f 1510/1230/7922 1511/1231/7923 1526/1246/7924
f 1510/1230/7925 1526/1246/7926 1525/1245/7927
f 1511/1231/7928 1512/1232/7862 1527/1247/7929
f 1511/1231/7930 1527/1247/7931 1526/1246/7932
f 1512/1232/7933 1513/1233/7861 1528/1248/7934
f 1512/1232/7935 1528/1248/7936 1527/1247/7937
f 1513/1233/7938 1514/1234/7939 1529/1249/7940
f 1513/1233/7859 1529/1249/7940 1528/1248/7941
f 1514/1234/7942 1515/1235/7943 1530/1250/7944
f 1514/1234/7865 1530/1250/7944 1529/1249/7945
f 1515/1235/7946 1516/1236/7947 1531/1251/7948
f 1515/1235/7949 1531/1251/7950 1530/1250/7951
f 1516/1236/7947 1517/1237/7952 1532/1252/7953
f 1516/1236/7954 1532/1252/7953 1531/1251/7955
f 1517/1237/7956 1518/1238/7957 1533/1253/7958
f 1517/1237/7959 1533/1253/7960 1532/1252/7961
f 1518/1238/7962 1519/1239/7963 1534/1254/7964
f 1518/1238/7965 1534/1254/7966 1533/1253/7967
f 1519/1239/7968 1520/1240/7969 1535/1255/7970
f 1519/1239/7971 1535/1255/7972 1534/1254/7973
f 1520/1240/7974 1521/1241/7975 1536/1256/7976
f 1520/1240/7977 1536/1256/7978 1535/1255/7979
f 1521/1241/7980 1522/1242/7981 1537/1257/7982
f 1521/1241/7983 1537/1257/7984 1536/1256/7985
f 1524/1244/7986 1523/1243/7987 1538/1258/7988
f 1524/1244/7989 1538/1258/7990 1539/1259/7991
f 1523/1243/7992 1525/1245/7993 1540/1260/7994
f 1523/1243/7995 1540/1260/7996 1538/1258/7997
f 1525/1245/7998 1526/1246/7924 1541/1261/7999
f 1525/1245/8000 1541/1261/8001 1540/1260/8002
f 1526/1246/8003 1527/1247/8004 1542/1262/8005
f 1526/1246/7924 1542/1262/8005 1541/1261/8006
f 1527/1247/8007 1528/1248/8008 1543/1263/8009
f 1527/1247/8010 1543/1263/8011 1542/1262/8012
f 1528/1248/8013 1529/1249/8014 1544/1264/8015
f 1528/1248/8016 1544/1264/8017 1543/1263/8018
f 1529/1249/8019 1530/1250/8020 1545/1265/8021
f 1529/1249/8019 1545/1265/8022 1544/1264/8023
f 1530/1250/8024 1531/1251/8025 1546/1266/8026
f 1530/1250/8027 1546/1266/8028 1545/1265/8022
f 1531/1251/7955 1532/1252/8029 1547/1267/8030
f 1531/1251/7955 1547/1267/8031 1546/1266/8026
f 1532/1252/8032 1533/1253/8033 1548/1268/8034
f 1532/1252/8029 1548/1268/8035 1547/1267/8036
f 1533/1253/8037 1534/1254/8038 1549/1269/8039
f 1533/1253/8037 1549/1269/8040 1548/1268/8041
f 1534/1254/8042 1535/1255/8043 1550/1270/8044
f 1534/1254/8045 1550/1270/8044 1549/1269/8046
f 1535/1255/8047 1536/1256/8048 1551/1271/8049
f 1535/1255/8050 1551/1271/8051 1550/1270/8052
f 1536/1256/8053 1537/1257/8054 1552/1272/8055
f 1536/1256/8056 1552/1272/8057 1551/1271/8051
f 1539/1259/8058 1538/1258/7988 1553/1273/8059
f 1539/1259/8060 1553/1273/8061 1554/1274/8062
f 1538/1258/8063 1540/1260/8064 1555/1275/8065
f 1538/1258/8066 1555/1275/8067 1553/1273/8068
f 1540/1260/8069 1541/1261/8001 1556/1276/8070
f 1540/1260/8071 1556/1276/8072 1555/1275/8073
f 1541/1261/8074 1542/1262/8075 1557/1277/8076
f 1541/1261/8001 1557/1277/8077 1556/1276/8078
f 1542/1262/8079 1543/1263/8080 1558/1278/8081
f 1542/1262/8082 1558/1278/8083 1557/1277/8084
f 1543/1263/8085 1544/1264/8086 1559/1279/8087
f 1543/1263/8088 1559/1279/8089 1558/1278/8090
f 1544/1264/8091 1545/1265/8092 1560/1280/8093
f 1544/1264/8094 1560/1280/8095 1559/1279/8096
f 1545/1265/8097 1546/1266/8098 1561/1281/8099
f 1545/1265/8100 1561/1281/8101 1560/1280/8102
f 1546/1266/8028 1547/1267/8103 1562/1282/8104
f 1546/1266/8105 1562/1282/8106 1561/1281/8107
f 1547/1267/8108 1548/1268/8109 1563/1283/8110
f 1547/1267/8111 1563/1283/8112 1562/1282/8113
f 1548/1268/8114 1549/1269/8115 1564/1284/8116
f 1548/1268/8117 1564/1284/8118 1563/1283/8119
f 1549/1269/8120 1550/1270/8121 1565/1285/8122
f 1549/1269/8123 1565/1285/8124 1564/1284/8125
f 1550/1270/8126 1551/1271/8127 1566/1286/8128
f 1550/1270/8129 1566/1286/8130 1565/1285/8131
f 1551/1271/8132 1552/1272/8133 1567/1287/8134
f 1551/1271/8135 1567/1287/8136 1566/1286/8137
f 1554/1274/8138 1553/1273/8139 1568/1288/8140
f 1554/1274/8141 1568/1288/8142 1569/1289/8143
f 1553/1273/8144 1555/1275/8145 1570/1290/8146
f 1553/1273/8147 1570/1290/8148 1568/1288/8149
f 1555/1275/8150 1556/1276/8078 1571/1291/8151
f 1555/1275/8152 1571/1291/8153 1570/1290/8154
f 1556/1276/8155 1557/1277/8156 1572/1292/8157
f 1556/1276/8158 1572/1292/8159 1571/1291/8160
f 1557/1277/8077 1558/1278/8161 1573/1293/8162
f 1557/1277/8163 1573/1293/8164 1572/1292/8165
f 1558/1278/8166 1559/1279/8167 1574/1294/8168
f 1558/1278/8169 1574/1294/8170 1573/1293/8164
f 1559/1279/8167 1560/1280/8171 1575/1295/8172
f 1559/1279/8173 1575/1295/8172 1574/1294/8174
f 1560/1280/8175 1561/1281/8176 1576/1296/8177
f 1560/1280/8095 1576/1296/8178 1575/1295/8179
f 1561/1281/8180 1562/1282/8181 1577/1297/8182
f 1561/1281/8183 1577/1297/8184 1576/1296/8185
f 1562/1282/8181 1563/1283/8186 1578/1298/8187
f 1562/1282/8188 1578/1298/8189 1577/1297/8190
f 1563/1283/8191 1564/1284/8125 1579/1299/8192
f 1563/1283/8193 1579/1299/8194 1578/1298/8195
f 1564/1284/8196 1565/1285/8197 1580/1300/8198
f 1564/1284/8199 1580/1300/8200 1579/1299/8201
f 1565/1285/8202 1566/1286/8203 1581/1301/8204
f 1565/1285/8202 1581/1301/8205 1580/1300/8198
f 1566/1286/8206 1567/1287/8207 1582/1302/8208
f 1566/1286/8209 1582/1302/8210 1581/1301/8205
f 1569/1289/8211 1568/1288/8212 1583/1303/8213
f 1569/1289/8214 1583/1303/8215 1584/1304/8216
f 1568/1288/8212 1570/1290/8217 1585/1305/8218
f 1568/1288/8219 1585/1305/8220 1583/1303/8221
f 1570/1290/8222 1571/1291/8223 1586/1306/8224
f 1570/1290/8225 1586/1306/8226 1585/1305/8227
f 1571/1291/8228 1572/1292/8229 1587/1307/8230
f 1571/1291/8231 1587/1307/8232 1586/1306/8233
f 1572/1292/8234 1573/1293/8235 1588/1308/8236
f 1572/1292/8237 1588/1308/8238 1587/1307/8239
f 1573/1293/8240 1574/1294/8241 1589/1309/8242
f 1573/1293/8243 1589/1309/8244 1588/1308/8245
f 1574/1294/8246 1575/1295/8247 1590/1310/8248
f 1574/1294/8174 1590/1310/8249 1589/1309/8250
f 1575/1295/8251 1576/1296/8252 1591/1311/8253
f 1575/1295/8254 1591/1311/8255 1590/1310/8256
f 1576/1296/8257 1577/1297/8258 1592/1312/8259
f 1576/1296/8177 1592/1312/8260 1591/1311/8261
f 1577/1297/8262 1578/1298/8263 1593/1313/8264
f 1577/1297/8265 1593/1313/8266 1592/1312/8267
f 1578/1298/8263 1579/1299/8268 1594/1314/8269
f 1578/1298/8195 1594/1314/8270 1593/1313/8271
f 1579/1299/8272 1580/1300/8273 1595/1315/8274
f 1579/1299/8275 1595/1315/8276 1594/1314/8277
f 1580/1300/8278 1581/1301/8279 1596/1316/8280
f 1580/1300/8281 1596/1316/8282 1595/1315/8283
f 1581/1301/8284 1582/1302/8285 1597/1317/8286
f 1581/1301/8287 1597/1317/8288 1596/1316/8280
f 1584/1304/8289 1583/1303/8221 1598/1318/8290
f 1584/1304/8291 1598/1318/8292 1599/1319/8293
f 1583/1303/8294 1585/1305/8295 1600/1320/8296
f 1583/1303/8297 1600/1320/8298 1598/1318/8299
f 1585/1305/8300 1586/1306/8301 1601/1321/8302
f 1585/1305/8303 1601/1321/8302 1600/1320/8304
f 1586/1306/8305 1587/1307/8306 1602/1322/8307
f 1586/1306/8308 1602/1322/8309 1601/1321/8310
f 1587/1307/8311 1588/1308/8236 1603/1323/8312
f 1587/1307/8313 1603/1323/8314 1602/1322/8315
f 1588/1308/8316 1589/1309/8317 1604/1324/8318
f 1588/1308/8319 1604/1324/8320 1603/1323/8321
f 1589/1309/8322 1590/1310/8248 1605/1325/8323
f 1589/1309/8324 1605/1325/8325 1604/1324/8326
f 1590/1310/8248 1591/1311/8327 1606/1326/8328
f 1590/1310/8329 1606/1326/8330 1605/1325/8331
f 1591/1311/8332 1592/1312/8259 1607/1327/8333
f 1591/1311/8334 1607/1327/8335 1606/1326/8336
f 1592/1312/8259 1593/1313/8337 1608/1328/8338
f 1592/1312/8339 1608/1328/8340 1607/1327/8341
f 1593/1313/8342 1594/1314/8343 1609/1329/8344
f 1593/1313/8345 1609/1329/8346 1608/1328/8347
f 1594/1314/8348 1595/1315/8349 1610/1330/8350
f 1594/1314/8351 1610/1330/8352 1609/1329/8353
f 1595/1315/8354 1596/1316/8280 1611/1331/8355
f 1595/1315/8356 1611/1331/8357 1610/1330/8358
f 1596/1316/8359 1597/1317/8360 1612/1332/8361
f 1596/1316/8362 1612/1332/8361 1611/1331/8355
f 1599/1319/8363 1598/1318/8364 1613/1333/8365
f 1599/1319/8366 1613/1333/8367 1614/1334/8368
f 1598/1318/8369 1600/1320/8370 1615/1335/8371
f 1598/1318/8372 1615/1335/8373 1613/1333/8374
f 1600/1320/8375 1601/1321/8376 1616/1336/8377
f 1600/1320/8378 1616/1336/8379 1615/1335/8380
f 1601/1321/8381 1602/1322/8382 1617/1337/8383
f 1601/1321/8384 1617/1337/8385 1616/1336/8386
f 1602/1322/8387 1603/1323/8388 1618/1338/8389
f 1602/1322/8390 1618/1338/8391 1617/1337/8392
f 1603/1323/8393 1604/1324/8394 1619/1339/8395
f 1603/1323/8396 1619/1339/8397 1618/1338/8389
f 1604/1324/8398 1605/1325/8399 1620/1340/8400
f 1604/1324/8401 1620/1340/8402 1619/1339/8403
f 1605/1325/8404 1606/1326/8405 1621/1341/8406
f 1605/1325/8407 1621/1341/8406 1620/1340/8408
f 1606/1326/8409 1607/1327/8410 1622/1342/8411
f 1606/1326/8412 1622/1342/8413 1621/1341/8414
f 1607/1327/8415 1608/1328/8416 1623/1343/8417
f 1607/1327/8418 1623/1343/8419 1622/1342/8420
f 1608/1328/8421 1609/1329/8422 1624/1344/8423
f 1608/1328/8340 1624/1344/8423 1623/1343/8424
f 1609/1329/8425 1610/1330/8352 1625/1345/8426
f 1609/1329/8427 1625/1345/8428 1624/1344/8429
f 1610/1330/8430 1611/1331/8431 1626/1346/8432
f 1610/1330/8433 1626/1346/8434 1625/1345/8435
f 1611/1331/8436 1612/1332/8437 1627/1347/8438
f 1611/1331/8355 1627/1347/8439 1626/1346/8440
f 1628/1348/8441 1629/1349/8442 1403/1123/8443
f 1628/1348/8444 1403/1123/8445 1630/1350/8446
f 1629/1349/8447 1631/1351/8448 1404/1124/8449
f 1629/1349/8450 1404/1124/8451 1403/1123/8452
f 1631/1351/4480 1632/1352/8453 1407/1127/8454
f 1631/1351/8455 1407/1127/8456 1404/1124/8457
f 1632/1352/8458 1633/1353/8459 1409/1129/8460
f 1632/1352/8461 1409/1129/8462 1407/1127/8463
f 1633/1353/8464 1634/1354/8465 1411/1131/8466
f 1633/1353/8467 1411/1131/8468 1409/1129/8469
f 1634/1354/8470 1635/1355/8471 1413/1133/8472
f 1634/1354/4463 1413/1133/7395 1411/1131/8473
f 1635/1355/8474 1636/1356/8475 1415/1135/8476
f 1635/1355/8477 1415/1135/8478 1413/1133/7395
f 1636/1356/8479 1637/1357/8480 1417/1137/8481
f 1636/1356/4441 1417/1137/8482 1415/1135/8483
f 1637/1357/8484 1638/1358/4432 1419/1139/8485
f 1637/1357/4438 1419/1139/8485 1417/1137/8486
f 1638/1358/8487 1639/1359/8488 1421/1141/8489
f 1638/1358/4432 1421/1141/8490 1419/1139/8491
f 1639/1359/8492 1640/1360/8493 1423/1143/7425
f 1639/1359/8494 1423/1143/8495 1421/1141/8496
f 1640/1360/8497 1641/1361/8498 1425/1145/8499
f 1640/1360/8500 1425/1145/8501 1423/1143/7425
f 1641/1361/8502 1642/1362/8503 1427/1147/8504
f 1641/1361/8505 1427/1147/8506 1425/1145/8507
f 1642/1362/8508 1643/1363/8509 1429/1149/8510
f 1642/1362/8511 1429/1149/8512 1427/1147/8513
f 1643/1363/8514 1644/1364/4399 1431/1151/8515
f 1643/1363/8509 1431/1151/8516 1429/1149/8517
f 1644/1364/8518 1645/565/8519 1646/804/8520
f 1644/1364/8521 1646/804/8522 1431/1151/8523
f 1431/1151/8524 1646/804/8525 1126/850/8526
f 1431/1151/8527 1126/850/8528 1432/1152/8529
f 1432/1152/8530 1126/850/5915 1125/849/8531
f 1432/1152/8532 1125/849/8533 1447/1167/8534
f 1447/1167/8535 1125/849/8536 1124/848/8537
f 1447/1167/8538 1124/848/8539 1462/1182/8540
f 1462/1182/8541 1124/848/8542 1123/847/8543
f 1462/1182/8544 1123/847/5905 1477/1197/8545
f 1477/1197/8546 1123/847/8543 1122/846/8547
f 1477/1197/8548 1122/846/5901 1492/1212/7761
f 1492/1212/8549 1122/846/8550 1121/845/8551
f 1492/1212/8552 1121/845/8553 1507/1227/8554
f 1507/1227/8555 1121/845/8556 1120/844/5884
f 1507/1227/8557 1120/844/8558 1522/1242/8559
f 1522/1242/8560 1120/844/8561 1119/843/8562
f 1522/1242/8563 1119/843/8564 1537/1257/8565
f 1537/1257/8566 1119/843/8567 1118/842/8568
f 1537/1257/8569 1118/842/8570 1552/1272/8571
f 1552/1272/8572 1118/842/8570 1117/841/8573
f 1552/1272/8571 1117/841/5875 1567/1287/8574
f 1567/1287/8575 1117/841/8576 1116/840/8577
f 1567/1287/8578 1116/840/8579 1582/1302/8580
f 1582/1302/8581 1116/840/8582 1115/839/8583
f 1582/1302/8208 1115/839/8584 1597/1317/8585
f 1597/1317/8586 1115/839/8587 1647/838/8588
f 1597/1317/8589 1647/838/8590 1612/1332/8361
f 1612/1332/8591 1647/838/8592 1648/836/8593
f 1612/1332/8594 1648/836/8593 1627/1347/8595
f 1627/1347/8596 1648/836/8597 1649/837/8598
f 1627/1347/8599 1649/837/8600 1650/1365/8601
f 1626/1346/8440 1627/1347/8602 1650/1365/8603
f 1626/1346/8604 1650/1365/8605 1651/1366/8606
f 1625/1345/8607 1626/1346/8440 1651/1366/8608
f 1625/1345/8607 1651/1366/8609 1652/1367/8610
f 1624/1344/8611 1625/1345/8612 1652/1367/8613
f 1624/1344/8614 1652/1367/8615 1653/1368/7360
f 1623/1343/8616 1624/1344/8617 1653/1368/8618
f 1623/1343/8619 1653/1368/8620 1654/1369/8621
f 1622/1342/8413 1623/1343/8622 1654/1369/7345
f 1622/1342/8623 1654/1369/8624 1655/1370/8625
f 1621/1341/8406 1622/1342/8626 1655/1370/8627
f 1621/1341/8628 1655/1370/8629 1656/1371/8630
f 1620/1340/8631 1621/1341/8632 1656/1371/7344
f 1620/1340/8633 1656/1371/8630 1657/1372/7329
f 1619/1339/8395 1620/1340/8634 1657/1372/8635
f 1619/1339/8636 1657/1372/8637 1658/1373/8638
f 1618/1338/8639 1619/1339/8640 1658/1373/8641
f 1618/1338/8642 1658/1373/8643 1659/1374/8644
f 1617/1337/8645 1618/1338/8646 1659/1374/8644
f 1617/1337/8647 1659/1374/7320 1660/1375/8648
f 1616/1336/8649 1617/1337/8392 1660/1375/8650
f 1616/1336/8651 1660/1375/8652 1661/1376/8653
f 1615/1335/8654 1616/1336/8655 1661/1376/8656
f 1615/1335/8657 1661/1376/8658 1662/1377/8659
f 1613/1333/8660 1615/1335/8661 1662/1377/8662
f 1613/1333/8663 1662/1377/8664 1663/1378/8665
f 1614/1334/8666 1613/1333/8660 1663/1378/8665
f 1614/1334/8667 1663/1378/7299 1664/1379/8668
f 1665/1380/8669 1614/1334/8670 1664/1379/8671
f 1665/1380/8672 1664/1379/8673 1666/1381/7295
f 1667/1382/8674 1599/1319/8675 1614/1334/8676
f 1667/1382/3031 1614/1334/8677 1665/1380/8678
f 1668/1383/8679 1584/1304/8680 1599/1319/8681
f 1668/1383/8682 1599/1319/8683 1667/1382/8684
f 1669/1384/8685 1569/1289/8686 1584/1304/8687
f 1669/1384/8688 1584/1304/8689 1668/1383/8690
f 1670/1385/8691 1554/1274/8692 1569/1289/8693
f 1670/1385/8694 1569/1289/8695 1669/1384/8696
f 1671/1386/8697 1539/1259/8698 1554/1274/8699
f 1671/1386/8700 1554/1274/8701 1670/1385/3003
f 1672/1387/8702 1524/1244/8703 1539/1259/8704
f 1672/1387/8705 1539/1259/8706 1671/1386/2998
f 1673/1388/8707 1509/1229/8708 1524/1244/8709
f 1673/1388/8710 1524/1244/8711 1672/1387/8712
f 1674/1389/8713 1494/1214/8714 1509/1229/8708
f 1674/1389/2991 1509/1229/8715 1673/1388/2989
f 1675/1390/8716 1479/1199/8717 1494/1214/7769
f 1675/1390/8718 1494/1214/8719 1674/1389/8720
f 1676/1391/8721 1464/1184/8722 1479/1199/8723
f 1676/1391/8724 1479/1199/8725 1675/1390/8726
f 1677/1392/2964 1449/1169/8727 1464/1184/7690
f 1677/1392/2967 1464/1184/7613 1676/1391/8721
f 1678/1393/8728 1434/1154/7457 1449/1169/7611
f 1678/1393/8729 1449/1169/8730 1677/1392/8731
f 1679/1394/8732 1406/1126/7455 1434/1154/8733
f 1679/1394/8734 1434/1154/8735 1678/1393/8736
f 1630/1350/8737 1403/1123/8738 1406/1126/8739
f 1630/1350/8740 1406/1126/8741 1679/1394/8742
f 1680/1395/8743 1681/1396/8744 1682/1397/8745
f 1680/1395/8746 1682/1397/8747 1683/1398/8748
f 1681/1396/8749 1684/1399/8750 1685/1400/8751
f 1681/1396/8752 1685/1400/8753 1682/1397/8754
f 1684/1399/8755 1686/1401/8756 1687/1402/8757
f 1684/1399/8758 1687/1402/8759 1685/1400/8760
f 1686/1401/8761 1688/1403/8762 1689/1404/8763
f 1686/1401/8764 1689/1404/8765 1687/1402/8766
f 1688/1403/8767 1690/1405/8768 1691/1406/8769
f 1688/1403/8770 1691/1406/8771 1689/1404/8772
f 1690/1405/8773 1692/1407/8774 1693/1408/8775
f 1690/1405/8776 1693/1408/8777 1691/1406/8778
f 1692/1407/8779 1694/1409/8780 1695/1410/8781
f 1692/1407/8782 1695/1410/8783 1693/1408/8784
f 1694/1409/8785 1696/1411/8786 1697/1412/8787
f 1694/1409/8788 1697/1412/8789 1695/1410/8790
f 1696/1411/8791 1698/1413/8792 1699/1414/8793
f 1696/1411/8794 1699/1414/8795 1697/1412/8789
f 1698/1413/8796 1700/1415/8797 1701/1416/8798
f 1698/1413/8799 1701/1416/8800 1699/1414/8801
f 1700/1415/8802 1702/1417/8803 1703/1418/8804
f 1700/1415/8805 1703/1418/8806 1701/1416/8807
f 1702/1417/8808 1704/1419/8809 1705/1420/8810
f 1702/1417/8811 1705/1420/8812 1703/1418/8813
f 1704/1419/8814 1706/1421/8815 1707/1422/8816
f 1704/1419/8817 1707/1422/8818 1705/1420/8819
f 1706/1421/8820 1708/1423/8821 1709/1424/8822
f 1706/1421/8823 1709/1424/8824 1707/1422/8825
f 1683/1398/8826 1682/1397/8827 1710/1425/8828
f 1683/1398/8829 1710/1425/8830 1711/1426/8831
f 1682/1397/8832 1685/1400/8833 1712/1427/8834
f 1682/1397/8747 1712/1427/8835 1710/1425/8836
f 1685/1400/8837 1687/1402/8838 1713/1428/8839
f 1685/1400/8840 1713/1428/8841 1712/1427/8842
f 1687/1402/8843 1689/1404/8844 1714/1429/8845
f 1687/1402/8846 1714/1429/8847 1713/1428/8848
f 1689/1404/8849 1691/1406/8850 1715/1430/8851
f 1689/1404/8852 1715/1430/8853 1714/1429/8854
f 1691/1406/8855 1693/1408/8856 1716/1431/8857
f 1691/1406/8778 1716/1431/8858 1715/1430/8859
f 1693/1408/8860 1695/1410/8861 1717/1432/8862
f 1693/1408/8863 1717/1432/8864 1716/1431/8865
f 1695/1410/8866 1697/1412/8867 1718/1433/8868
f 1695/1410/8869 1718/1433/8870 1717/1432/8871
f 1697/1412/8872 1699/1414/8873 1719/1434/8874
f 1697/1412/8875 1719/1434/8876 1718/1433/8868
f 1699/1414/8877 1701/1416/8878 1720/1435/8879
f 1699/1414/8793 1720/1435/8880 1719/1434/8881
f 1701/1416/8882 1703/1418/8883 1721/1436/8884
f 1701/1416/8885 1721/1436/8886 1720/1435/8887
f 1703/1418/8888 1705/1420/8889 1722/1437/8890
f 1703/1418/8891 1722/1437/8892 1721/1436/8893
f 1705/1420/8894 1707/1422/8895 1723/1438/8896
f 1705/1420/8897 1723/1438/8898 1722/1437/8899
f 1707/1422/8900 1709/1424/8901 1724/1439/8902
f 1707/1422/8903 1724/1439/8904 1723/1438/8905
f 1711/1426/8906 1710/1425/8907 1725/1440/8908
f 1711/1426/8909 1725/1440/8910 1726/1441/8911
f 1710/1425/8912 1712/1427/8913 1727/1442/8914
f 1710/1425/8915 1727/1442/8916 1725/1440/8917
f 1712/1427/8918 1713/1428/8919 1728/1443/8920
f 1712/1427/8921 1728/1443/8922 1727/1442/8923
f 1713/1428/8924 1714/1429/8925 1729/1444/8926
f 1713/1428/8927 1729/1444/8928 1728/1443/8929
f 1714/1429/8930 1715/1430/8931 1730/1445/8932
f 1714/1429/8933 1730/1445/8934 1729/1444/8935
f 1715/1430/8936 1716/1431/8937 1731/1446/8938
f 1715/1430/8939 1731/1446/8940 1730/1445/8932
f 1716/1431/8941 1717/1432/8942 1732/1447/8943
f 1716/1431/8944 1732/1447/8945 1731/1446/8946
f 1717/1432/8947 1718/1433/8948 1733/1448/8949
f 1717/1432/8950 1733/1448/8951 1732/1447/8952
f 1718/1433/8953 1719/1434/8954 1734/1449/8955
f 1718/1433/8956 1734/1449/8957 1733/1448/8958
f 1719/1434/8959 1720/1435/8960 1735/1450/8961
f 1719/1434/8962 1735/1450/8963 1734/1449/8955
f 1720/1435/8964 1721/1436/8965 1736/1451/8966
f 1720/1435/8967 1736/1451/8968 1735/1450/8969
f 1721/1436/8970 1722/1437/8971 1737/1452/8972
f 1721/1436/8973 1737/1452/8974 1736/1451/8975
f 1722/1437/8892 1723/1438/8896 1738/1453/8976
f 1722/1437/8977 1738/1453/8978 1737/1452/8979
f 1723/1438/8980 1724/1439/8981 1739/1454/8982
f 1723/1438/8983 1739/1454/8984 1738/1453/8985
f 1726/1441/8986 1725/1440/8987 1740/1455/8988
f 1726/1441/8989 1740/1455/8990 1741/1456/8991
f 1725/1440/8992 1727/1442/8993 1742/1457/8994
f 1725/1440/8995 1742/1457/8996 1740/1455/8997
f 1727/1442/8998 1728/1443/8999 1743/1458/9000
f 1727/1442/9001 1743/1458/9002 1742/1457/9003
f 1728/1443/9004 1729/1444/9005 1744/1459/9006
f 1728/1443/9007 1744/1459/9008 1743/1458/9002
f 1729/1444/9009 1730/1445/9010 1745/1460/9011
f 1729/1444/9012 1745/1460/9013 1744/1459/9014
f 1730/1445/9015 1731/1446/9016 1746/1461/9017
f 1730/1445/9018 1746/1461/9019 1745/1460/9020
f 1731/1446/9021 1732/1447/9022 1747/1462/9023
f 1731/1446/9024 1747/1462/9025 1746/1461/9026
f 1732/1447/9027 1733/1448/9028 1748/1463/9029
f 1732/1447/8943 1748/1463/9029 1747/1462/9030
f 1733/1448/9031 1734/1449/9032 1749/1464/9033
f 1733/1448/9034 1749/1464/9035 1748/1463/9036
f 1734/1449/9037 1735/1450/9038 1750/1465/9039
f 1734/1449/9037 1750/1465/9040 1749/1464/9041
f 1735/1450/8963 1736/1451/8968 1751/1466/9042
f 1735/1450/9043 1751/1466/9044 1750/1465/9045
f 1736/1451/9046 1737/1452/8979 1752/1467/9047
f 1736/1451/9048 1752/1467/9049 1751/1466/9050
f 1737/1452/9051 1738/1453/9052 1753/1468/9053
f 1737/1452/9054 1753/1468/9055 1752/1467/9056
f 1738/1453/9057 1739/1454/9058 1754/1469/9059
f 1738/1453/9060 1754/1469/9061 1753/1468/9062
f 1741/1456/9063 1740/1455/9064 1755/1470/9065
f 1741/1456/9066 1755/1470/9067 1756/1471/9068
f 1740/1455/9069 1742/1457/9070 1757/1472/9071
f 1740/1455/9072 1757/1472/9073 1755/1470/9074
f 1742/1457/9075 1743/1458/9076 1758/1473/9077
f 1742/1457/9078 1758/1473/9079 1757/1472/9080
f 1743/1458/9081 1744/1459/9082 1759/1474/9083
f 1743/1458/9084 1759/1474/9085 1758/1473/9079
f 1744/1459/9086 1745/1460/9087 1760/1475/9088
f 1744/1459/9089 1760/1475/9090 1759/1474/9091
f 1745/1460/9087 1746/1461/9092 1761/1476/9093
f 1745/1460/9094 1761/1476/9095 1760/1475/9090
f 1746/1461/9096 1747/1462/9097 1762/1477/9098
f 1746/1461/9099 1762/1477/9100 1761/1476/9101
f 1747/1462/9102 1748/1463/9103 1763/1478/9104
f 1747/1462/9105 1763/1478/9106 1762/1477/9107
f 1748/1463/9108 1749/1464/9109 1764/1479/9110
f 1748/1463/9111 1764/1479/9112 1763/1478/9113
f 1749/1464/9114 1750/1465/9115 1765/1480/9116
f 1749/1464/9117 1765/1480/9118 1764/1479/9112
f 1750/1465/9119 1751/1466/9120 1766/1481/9121
f 1750/1465/9122 1766/1481/9123 1765/1480/9124
f 1751/1466/9125 1752/1467/9056 1767/1482/9126
f 1751/1466/9127 1767/1482/9126 1766/1481/9128
f 1752/1467/9129 1753/1468/9130 1768/1483/9131
f 1752/1467/9132 1768/1483/9133 1767/1482/9134
f 1753/1468/9135 1754/1469/9136 1769/1484/9137
f 1753/1468/9138 1769/1484/9139 1768/1483/9140
f 1756/1471/9141 1755/1470/9142 1770/1485/9143
f 1756/1471/9144 1770/1485/9145 1771/1486/9146
f 1755/1470/9147 1757/1472/9148 1772/1487/9149
f 1755/1470/9150 1772/1487/9151 1770/1485/9152
f 1757/1472/9153 1758/1473/9154 1773/1488/9155
f 1757/1472/9156 1773/1488/9157 1772/1487/9158
f 1758/1473/9154 1759/1474/9159 1774/1489/9160
f 1758/1473/9161 1774/1489/9162 1773/1488/9163
f 1759/1474/9164 1760/1475/9165 1775/1490/9166
f 1759/1474/9167 1775/1490/9168 1774/1489/9162
f 1760/1475/9169 1761/1476/9170 1776/1491/9171
f 1760/1475/9172 1776/1491/9173 1775/1490/9168
f 1761/1476/9174 1762/1477/9175 1777/1492/9176
f 1761/1476/9177 1777/1492/9178 1776/1491/9179
f 1762/1477/9180 1763/1478/9181 1778/1493/9182
f 1762/1477/9183 1778/1493/9184 1777/1492/9185
f 1763/1478/9186 1764/1479/9187 1779/1494/9188
f 1763/1478/9189 1779/1494/9190 1778/1493/9191
f 1764/1479/9192 1765/1480/9124 1780/1495/9193
f 1764/1479/9194 1780/1495/9195 1779/1494/9196
f 1765/1480/9197 1766/1481/9198 1781/1496/9199
f 1765/1480/9118 1781/1496/9200 1780/1495/9201
f 1766/1481/9202 1767/1482/9203 1782/1497/9204
f 1766/1481/9205 1782/1497/9206 1781/1496/9207
f 1767/1482/9208 1768/1483/9140 1783/1498/9209
f 1767/1482/9210 1783/1498/9211 1782/1497/9212
f 1768/1483/9213 1769/1484/9214 1784/1499/9215
f 1768/1483/9216 1784/1499/9217 1783/1498/9218
f 1771/1486/9219 1770/1485/9220 1785/1500/9221
f 1771/1486/9222 1785/1500/9223 1786/1501/9224
f 1770/1485/9225 1772/1487/9226 1787/1502/9227
f 1770/1485/9228 1787/1502/9229 1785/1500/9230
f 1772/1487/9231 1773/1488/9232 1788/1503/9233
f 1772/1487/9234 1788/1503/9235 1787/1502/9236
f 1773/1488/9237 1774/1489/9238 1789/1504/9239
f 1773/1488/9240 1789/1504/9241 1788/1503/9235
f 1774/1489/9242 1775/1490/9243 1790/1505/9244
f 1774/1489/9245 1790/1505/9246 1789/1504/9247
f 1775/1490/9248 1776/1491/9249 1791/1506/9250
f 1775/1490/9251 1791/1506/9252 1790/1505/9253
f 1776/1491/9254 1777/1492/9255 1792/1507/9256
f 1776/1491/9171 1792/1507/9257 1791/1506/9252
f 1777/1492/9258 1778/1493/9259 1793/1508/9260
f 1777/1492/9261 1793/1508/9262 1792/1507/9263
f 1778/1493/9264 1779/1494/9265 1794/1509/9266
f 1778/1493/9267 1794/1509/9268 1793/1508/9269
f 1779/1494/9270 1780/1495/9271 1795/1510/9272
f 1779/1494/9273 1795/1510/9274 1794/1509/9275
f 1780/1495/9201 1781/1496/9276 1796/1511/9277
f 1780/1495/9278 1796/1511/9279 1795/1510/9280
f 1781/1496/9281 1782/1497/9282 1797/1512/9283
f 1781/1496/9284 1797/1512/9285 1796/1511/9286
f 1782/1497/9287 1783/1498/9288 1798/1513/9289
f 1782/1497/9290 1798/1513/9291 1797/1512/9292
f 1783/1498/9293 1784/1499/9294 1799/1514/9295
f 1783/1498/9296 1799/1514/9297 1798/1513/9298
f 1786/1501/9299 1785/1500/9300 1800/1515/9301
f 1786/1501/9302 1800/1515/9303 1801/1516/9304
f 1785/1500/9305 1787/1502/9306 1802/1517/9307
f 1785/1500/9308 1802/1517/9309 1800/1515/9310
f 1787/1502/9311 1788/1503/9312 1803/1518/9313
f 1787/1502/9314 1803/1518/9315 1802/1517/9316
f 1788/1503/9317 1789/1504/9318 1804/1519/9319
f 1788/1503/9312 1804/1519/9320 1803/1518/9321
f 1789/1504/9322 1790/1505/9323 1805/1520/9324
f 1789/1504/9325 1805/1520/9326 1804/1519/9327
f 1790/1505/9328 1791/1506/9329 1806/1521/9330
f 1790/1505/9328 1806/1521/9331 1805/1520/9332
f 1791/1506/9333 1792/1507/9334 1807/1522/9335
f 1791/1506/9336 1807/1522/9337 1806/1521/9338
f 1792/1507/9339 1793/1508/9340 1808/1523/9341
f 1792/1507/9342 1808/1523/9343 1807/1522/9344
f 1793/1508/9345 1794/1509/9346 1809/1524/9347
f 1793/1508/9348 1809/1524/9349 1808/1523/9350
f 1794/1509/9351 1795/1510/9272 1810/1525/9352
f 1794/1509/9268 1810/1525/9353 1809/1524/9354
f 1795/1510/9355 1796/1511/9356 1811/1526/9357
f 1795/1510/9274 1811/1526/9358 1810/1525/9359
f 1796/1511/9360 1797/1512/9361 1812/1527/9362
f 1796/1511/9360 1812/1527/9363 1811/1526/9364
f 1797/1512/9365 1798/1513/9366 1813/1528/9367
f 1797/1512/9368 1813/1528/9369 1812/1527/9370
f 1798/1513/9371 1799/1514/9372 1814/1529/9373
f 1798/1513/9374 1814/1529/9375 1813/1528/9376
f 1801/1516/9377 1800/1515/9378 1815/1530/9379
f 1801/1516/9380 1815/1530/9381 1816/1531/9382
f 1800/1515/9383 1802/1517/9384 1817/1532/9385
f 1800/1515/9386 1817/1532/9387 1815/1530/9388
f 1802/1517/9389 1803/1518/9390 1818/1533/9391
f 1802/1517/9392 1818/1533/9393 1817/1532/9394
f 1803/1518/9395 1804/1519/9396 1819/1534/9397
f 1803/1518/9398 1819/1534/9399 1818/1533/9400
f 1804/1519/9401 1805/1520/9402 1820/1535/9403
f 1804/1519/9404 1820/1535/9405 1819/1534/9406
f 1805/1520/9407 1806/1521/9338 1821/1536/9408
f 1805/1520/9409 1821/1536/9410 1820/1535/9411
f 1806/1521/9412 1807/1522/9413 1822/1537/9414
f 1806/1521/9415 1822/1537/9416 1821/1536/9417
f 1807/1522/9418 1808/1523/9419 1823/1538/9420
f 1807/1522/9421 1823/1538/9422 1822/1537/9423
f 1808/1523/9350 1809/1524/9424 1824/1539/9425
f 1808/1523/9426 1824/1539/9425 1823/1538/9427
f 1809/1524/9424 1810/1525/9428 1825/1540/9429
f 1809/1524/9430 1825/1540/9431 1824/1539/9432
f 1810/1525/9433 1811/1526/9434 1826/1541/9435
f 1810/1525/9436 1826/1541/9437 1825/1540/9438
f 1811/1526/9439 1812/1527/9440 1827/1542/9441
f 1811/1526/9442 1827/1542/9443 1826/1541/9444
f 1812/1527/9370 1813/1528/9445 1828/1543/9446
f 1812/1527/9447 1828/1543/9448 1827/1542/9449
f 1813/1528/9450 1814/1529/9451 1829/1544/9452
f 1813/1528/9453 1829/1544/9454 1828/1543/9455
f 1816/1531/9456 1815/1530/9457 1830/1545/9458
f 1816/1531/9456 1830/1545/9459 1831/1546/9460
f 1815/1530/9461 1817/1532/9462 1832/1547/9463
f 1815/1530/9464 1832/1547/9465 1830/1545/9466
f 1817/1532/9467 1818/1533/9468 1833/1548/9469
f 1817/1532/9470 1833/1548/9471 1832/1547/9472
f 1818/1533/9473 1819/1534/9474 1834/1549/9475
f 1818/1533/9476 1834/1549/9477 1833/1548/9478
f 1819/1534/9479 1820/1535/9480 1835/1550/9481
f 1819/1534/9482 1835/1550/9483 1834/1549/9484
f 1820/1535/9485 1821/1536/9486 1836/1551/9487
f 1820/1535/9488 1836/1551/9489 1835/1550/9490
f 1821/1536/9491 1822/1537/9492 1837/1552/9493
f 1821/1536/9494 1837/1552/9495 1836/1551/9496
f 1822/1537/9497 1823/1538/9498 1838/1553/9499
f 1822/1537/9500 1838/1553/9501 1837/1552/9502
f 1823/1538/9503 1824/1539/9504 1839/1554/9505
f 1823/1538/9506 1839/1554/9507 1838/1553/9508
f 1824/1539/9509 1825/1540/9510 1840/1555/9511
f 1824/1539/9512 1840/1555/9513 1839/1554/9514
f 1825/1540/9515 1826/1541/9516 1841/1556/9517
f 1825/1540/9518 1841/1556/9519 1840/1555/9520
f 1826/1541/9521 1827/1542/9522 1842/1557/9523
f 1826/1541/9524 1842/1557/9525 1841/1556/9526
f 1827/1542/9527 1828/1543/9528 1843/1558/9529
f 1827/1542/9530 1843/1558/9531 1842/1557/9532
f 1828/1543/9533 1829/1544/9534 1844/1559/9535
f 1828/1543/9536 1844/1559/9537 1843/1558/9538
f 1831/1546/9539 1830/1545/9540 1845/1560/9541
f 1831/1546/9542 1845/1560/9543 1846/1561/9544
f 1830/1545/9545 1832/1547/9546 1847/1562/9547
f 1830/1545/9548 1847/1562/9549 1845/1560/9550
f 1832/1547/9551 1833/1548/9552 1848/1563/9553
f 1832/1547/9554 1848/1563/9555 1847/1562/9556
f 1833/1548/9557 1834/1549/9558 1849/1564/9559
f 1833/1548/9560 1849/1564/9561 1848/1563/9562
f 1834/1549/9563 1835/1550/9564 1850/1565/9565
f 1834/1549/9566 1850/1565/9567 1849/1564/9568
f 1835/1550/9569 1836/1551/9570 1851/1566/9571
f 1835/1550/9572 1851/1566/9571 1850/1565/9573
f 1836/1551/9574 1837/1552/9575 1852/1567/9576
f 1836/1551/9577 1852/1567/9578 1851/1566/9579
f 1837/1552/9580 1838/1553/9581 1853/1568/9582
f 1837/1552/9583 1853/1568/9584 1852/1567/9585
f 1838/1553/9586 1839/1554/9587 1854/1569/9588
f 1838/1553/9589 1854/1569/9590 1853/1568/9591
f 1839/1554/9592 1840/1555/9593 1855/1570/9594
f 1839/1554/9595 1855/1570/9596 1854/1569/9597
f 1840/1555/9598 1841/1556/9599 1856/1571/9600
f 1840/1555/9601 1856/1571/9602 1855/1570/9603
f 1841/1556/9604 1842/1557/9605 1857/1572/9606
f 1841/1556/9607 1857/1572/9608 1856/1571/9609
f 1842/1557/9610 1843/1558/9611 1858/1573/9612
f 1842/1557/9613 1858/1573/9614 1857/1572/9615
f 1843/1558/9616 1844/1559/9617 1859/1574/9618
f 1843/1558/9619 1859/1574/9620 1858/1573/9621
f 1846/1561/9622 1845/1560/9623 1860/1575/9624
f 1846/1561/9625 1860/1575/9626 1861/1576/9627
f 1845/1560/9628 1847/1562/9629 1862/1577/9630
f 1845/1560/9631 1862/1577/9632 1860/1575/9624
f 1847/1562/9633 1848/1563/9634 1863/1578/9635
f 1847/1562/9633 1863/1578/9636 1862/1577/9637
f 1848/1563/9638 1849/1564/9639 1864/1579/9640
f 1848/1563/9641 1864/1579/9642 1863/1578/9643
f 1849/1564/9644 1850/1565/9645 1865/1580/9646
f 1849/1564/9647 1865/1580/9648 1864/1579/9649
f 1850/1565/9650 1851/1566/9651 1866/1581/9652
f 1850/1565/9653 1866/1581/9652 1865/1580/9654
f 1851/1566/9655 1852/1567/9656 1867/1582/9657
f 1851/1566/9658 1867/1582/9659 1866/1581/9660
f 1852/1567/9661 1853/1568/9662 1868/1583/9663
f 1852/1567/9664 1868/1583/9665 1867/1582/9666
f 1853/1568/9667 1854/1569/9668 1869/1584/9669
f 1853/1568/9670 1869/1584/9671 1868/1583/9672
f 1854/1569/9673 1855/1570/9674 1870/1585/9675
f 1854/1569/9676 1870/1585/9677 1869/1584/9678
f 1855/1570/9679 1856/1571/9600 1871/1586/9680
f 1855/1570/9681 1871/1586/9682 1870/1585/9683
f 1856/1571/9684 1857/1572/9685 1872/1587/9686
f 1856/1571/9687 1872/1587/9688 1871/1586/9689
f 1857/1572/9690 1858/1573/9691 1873/1588/9692
f 1857/1572/9693 1873/1588/9694 1872/1587/9695
f 1858/1573/9696 1859/1574/9697 1874/1589/9698
f 1858/1573/9699 1874/1589/9700 1873/1588/9701
f 1861/1576/9702 1860/1575/9703 1875/1590/9704
f 1861/1576/9705 1875/1590/9706 1876/1591/9707
f 1860/1575/9708 1862/1577/9637 1877/1592/9709
f 1860/1575/9710 1877/1592/9711 1875/1590/9712
f 1862/1577/9713 1863/1578/9714 1878/1593/9715
f 1862/1577/9716 1878/1593/9717 1877/1592/9718
f 1863/1578/9719 1864/1579/9720 1879/1594/9721
f 1863/1578/9722 1879/1594/9723 1878/1593/9724
f 1864/1579/9725 1865/1580/9726 1880/1595/9727
f 1864/1579/9728 1880/1595/9729 1879/1594/9730
f 1865/1580/9731 1866/1581/9732 1881/1596/9733
f 1865/1580/9734 1881/1596/9735 1880/1595/9736
f 1866/1581/9737 1867/1582/9738 1882/1597/9739
f 1866/1581/9740 1882/1597/9741 1881/1596/9742
f 1867/1582/9743 1868/1583/9744 1883/1598/9745
f 1867/1582/9746 1883/1598/9747 1882/1597/9748
f 1868/1583/9749 1869/1584/9750 1884/1599/9751
f 1868/1583/9752 1884/1599/9753 1883/1598/9754
f 1869/1584/9755 1870/1585/9756 1885/1600/9757
f 1869/1584/9758 1885/1600/9759 1884/1599/9760
f 1870/1585/9761 1871/1586/9762 1886/1601/9763
f 1870/1585/9764 1886/1601/9765 1885/1600/9766
f 1871/1586/9767 1872/1587/9768 1887/1602/9769
f 1871/1586/9770 1887/1602/9771 1886/1601/9772
f 1872/1587/9773 1873/1588/9774 1888/1603/9775
f 1872/1587/9776 1888/1603/9777 1887/1602/9778
f 1873/1588/9779 1874/1589/9780 1889/1604/9781
f 1873/1588/9692 1889/1604/9782 1888/1603/9783
f 1876/1591/9784 1875/1590/9785 1890/1605/9786
f 1876/1591/9787 1890/1605/9788 1891/1606/9789
f 1875/1590/9790 1877/1592/9791 1892/1607/9792
f 1875/1590/9793 1892/1607/9794 1890/1605/9795
f 1877/1592/9796 1878/1593/9797 1893/1608/9798
f 1877/1592/9799 1893/1608/9800 1892/1607/9801
f 1878/1593/9802 1879/1594/9803 1894/1609/9804
f 1878/1593/9805 1894/1609/9806 1893/1608/9807
f 1879/1594/9808 1880/1595/9809 1895/1610/9810
f 1879/1594/9811 1895/1610/9812 1894/1609/9813
f 1880/1595/9814 1881/1596/9815 1896/1611/9816
f 1880/1595/9817 1896/1611/9818 1895/1610/9819
f 1881/1596/9820 1882/1597/9821 1897/1612/9822
f 1881/1596/9823 1897/1612/9824 1896/1611/9825
f 1882/1597/9826 1883/1598/9827 1898/1613/9828
f 1882/1597/9829 1898/1613/9830 1897/1612/9831
f 1883/1598/9754 1884/1599/9832 1899/1614/9833
f 1883/1598/9834 1899/1614/9835 1898/1613/9836
f 1884/1599/9837 1885/1600/9766 1900/1615/9838
f 1884/1599/9837 1900/1615/9839 1899/1614/9840
f 1885/1600/9841 1886/1601/9842 1901/1616/9843
f 1885/1600/9844 1901/1616/9845 1900/1615/9846
f 1886/1601/9847 1887/1602/9769 1902/1617/9848
f 1886/1601/9849 1902/1617/9850 1901/1616/9851
f 1887/1602/9852 1888/1603/9853 1903/1618/9854
f 1887/1602/9855 1903/1618/9856 1902/1617/9857
f 1888/1603/9858 1889/1604/9859 1904/1619/9860
f 1888/1603/9861 1904/1619/9862 1903/1618/9863
f 1905/548/9864 1906/1620/9865 1680/1395/9866
f 1905/548/9867 1680/1395/9868 1907/805/9869
f 1906/1620/9870 1908/1621/9871 1681/1396/9872
f 1906/1620/9873 1681/1396/9874 1680/1395/9875
f 1908/1621/9876 1909/1622/9877 1684/1399/9878
f 1908/1621/9879 1684/1399/9880 1681/1396/9881
f 1909/1622/9882 1910/1623/9883 1686/1401/9884
f 1909/1622/9885 1686/1401/9886 1684/1399/9887
f 1910/1623/9888 1911/1624/9889 1688/1403/9890
f 1910/1623/9891 1688/1403/9892 1686/1401/9893
f 1911/1624/9894 1912/1625/9895 1690/1405/9896
f 1911/1624/9897 1690/1405/9898 1688/1403/8762
f 1912/1625/4279 1913/1626/9899 1692/1407/9900
f 1912/1625/9901 1692/1407/9902 1690/1405/9903
f 1913/1626/9904 1914/1627/9905 1694/1409/9906
f 1913/1626/9907 1694/1409/9908 1692/1407/9909
f 1914/1627/9910 1915/1628/4266 1696/1411/9911
f 1914/1627/9912 1696/1411/9913 1694/1409/8785
f 1915/1628/9914 1916/1629/9915 1698/1413/9916
f 1915/1628/9917 1698/1413/9918 1696/1411/9919
f 1916/1629/9920 1917/1630/9921 1700/1415/9922
f 1916/1629/9923 1700/1415/9924 1698/1413/9925
f 1917/1630/9926 1918/1631/9927 1702/1417/9928
f 1917/1630/9929 1702/1417/9930 1700/1415/9931
f 1918/1631/9932 1919/1632/9933 1704/1419/8814
f 1918/1631/9927 1704/1419/9934 1702/1417/9935
f 1919/1632/4239 1920/1633/9936 1706/1421/9937
f 1919/1632/9938 1706/1421/9939 1704/1419/9940
f 1920/1633/9941 1921/1634/4230 1708/1423/9942
f 1920/1633/9943 1708/1423/9944 1706/1421/9945
f 1921/1634/9946 1922/1635/9947 1923/1636/9948
f 1921/1634/9949 1923/1636/9950 1708/1423/9951
f 1708/1423/9952 1923/1636/9953 1924/1637/9954
f 1708/1423/9955 1924/1637/9956 1709/1424/9957
f 1709/1424/9958 1924/1637/9959 1925/1638/9960
f 1709/1424/9961 1925/1638/9962 1724/1439/9963
f 1724/1439/9964 1925/1638/9965 1926/1639/9966
f 1724/1439/9967 1926/1639/9968 1739/1454/9969
f 1739/1454/8984 1926/1639/9970 1927/1640/9971
f 1739/1454/9972 1927/1640/9973 1754/1469/9974
f 1754/1469/9975 1927/1640/9976 1928/1641/9977
f 1754/1469/9978 1928/1641/9979 1769/1484/9980
f 1769/1484/9981 1928/1641/9977 1929/1642/9982
f 1769/1484/9983 1929/1642/2827 1784/1499/9984
f 1784/1499/9985 1929/1642/9986 1930/1643/9987
f 1784/1499/9988 1930/1643/9989 1799/1514/9990
f 1799/1514/9991 1930/1643/2821 1931/1644/9992
f 1799/1514/9993 1931/1644/9994 1814/1529/9995
f 1814/1529/9996 1931/1644/2813 1932/1645/9997
f 1814/1529/9998 1932/1645/9999 1829/1544/10000
f 1829/1544/10001 1932/1645/10002 1933/1646/2804
f 1829/1544/10000 1933/1646/10003 1844/1559/10004
f 1844/1559/9535 1933/1646/10005 1934/1647/10006
f 1844/1559/10007 1934/1647/10008 1859/1574/10009
f 1859/1574/10010 1934/1647/10011 1935/1648/10012
f 1859/1574/10013 1935/1648/10014 1874/1589/10015
f 1874/1589/10016 1935/1648/10017 1936/1649/10018
f 1874/1589/10019 1936/1649/10020 1889/1604/9859
f 1889/1604/10021 1936/1649/10020 1937/1650/10022
f 1889/1604/10023 1937/1650/10024 1904/1619/10025
f 1904/1619/10026 1937/1650/10024 1938/1651/10027
f 1904/1619/10028 1938/1651/10029 1939/1652/10030
f 1903/1618/10031 1904/1619/10032 1939/1652/10033
f 1903/1618/10034 1939/1652/10035 1940/1653/10036
f 1902/1617/10037 1903/1618/9863 1940/1653/10038
f 1902/1617/10039 1940/1653/10040 1941/1654/10041
f 1901/1616/10042 1902/1617/10043 1941/1654/10044
f 1901/1616/10045 1941/1654/10046 1942/1655/10047
f 1900/1615/10048 1901/1616/10049 1942/1655/10050
f 1900/1615/10051 1942/1655/10052 1943/1656/10053
f 1899/1614/10054 1900/1615/10055 1943/1656/10056
f 1899/1614/10057 1943/1656/10058 1944/1657/7175
f 1898/1613/10059 1899/1614/10060 1944/1657/10061
f 1898/1613/10062 1944/1657/10063 1945/1658/10064
f 1897/1612/10065 1898/1613/10066 1945/1658/10067
f 1897/1612/10068 1945/1658/10069 1946/1659/10070
f 1896/1611/10071 1897/1612/10072 1946/1659/10073
f 1896/1611/10074 1946/1659/10075 1947/1660/10076
f 1895/1610/10077 1896/1611/9816 1947/1660/10078
f 1895/1610/10079 1947/1660/10080 1948/1661/10081
f 1894/1609/10082 1895/1610/10083 1948/1661/10084
f 1894/1609/10085 1948/1661/10086 1949/1662/10087
f 1893/1608/10088 1894/1609/10089 1949/1662/10090
f 1893/1608/10091 1949/1662/7149 1950/1663/10092
f 1892/1607/10093 1893/1608/10094 1950/1663/10095
f 1892/1607/10096 1950/1663/10097 1951/1664/10098
f 1890/1605/10099 1892/1607/10100 1951/1664/10101
f 1890/1605/10102 1951/1664/10103 1952/1665/10104
f 1891/1606/10105 1890/1605/9795 1952/1665/10106
f 1891/1606/10107 1952/1665/10108 1953/1666/10109
f 1095/819/10110 1891/1606/10111 1953/1666/10112
f 1095/819/10113 1953/1666/10114 1954/820/10115
f 1955/818/10116 1876/1591/9784 1891/1606/10117
f 1955/818/10118 1891/1606/10119 1095/819/10120
f 1093/817/10121 1861/1576/10122 1876/1591/10123
f 1093/817/10124 1876/1591/10125 1955/818/10126
f 1092/816/10127 1846/1561/10128 1861/1576/10129
f 1092/816/10127 1861/1576/10130 1093/817/10131
f 1091/815/10132 1831/1546/10133 1846/1561/10134
f 1091/815/10135 1846/1561/10136 1092/816/10137
f 1090/814/10138 1816/1531/10139 1831/1546/10140
f 1090/814/10141 1831/1546/10142 1091/815/10143
f 1089/813/10144 1801/1516/10145 1816/1531/10146
f 1089/813/10147 1816/1531/10148 1090/814/10149
f 1088/812/10150 1786/1501/10151 1801/1516/10152
f 1088/812/10153 1801/1516/10154 1089/813/10155
f 1087/811/10156 1771/1486/10157 1786/1501/10158
f 1087/811/10159 1786/1501/10160 1088/812/10161
f 1086/810/10162 1756/1471/10163 1771/1486/10164
f 1086/810/5701 1771/1486/10165 1087/811/10166
f 1085/809/10167 1741/1456/9066 1756/1471/10168
f 1085/809/10169 1756/1471/10170 1086/810/10171
f 1084/808/10172 1726/1441/10173 1741/1456/10174
f 1084/808/10175 1741/1456/10176 1085/809/10177
f 1083/807/10178 1711/1426/10179 1726/1441/10180
f 1083/807/5684 1726/1441/10181 1084/808/10182
f 1082/806/10183 1683/1398/10184 1711/1426/10185
f 1082/806/10186 1711/1426/10187 1083/807/10188
f 1907/805/10189 1680/1395/10190 1683/1398/8829
f 1907/805/10191 1683/1398/10192 1082/806/10193
usemtl mat23.003
f 1956/1/10194 1957/1/10195 1958/1/10196
f 1956/1/10197 1958/1/10198 1959/1/10199
f 1960/1/10200 1961/1/10201 1957/1/10202
f 1960/1/10203 1957/1/10204 1956/1/10205
f 1962/1/10206 1963/1/10207 1961/1/10208
f 1962/1/10209 1961/1/10210 1960/1/10211
f 1964/1/10212 1965/1/10213 1963/1/10207
f 1964/1/10214 1963/1/10215 1962/1/10216
f 1966/1/10217 1967/1/10218 1965/1/10219
f 1966/1/10220 1965/1/10221 1964/1/10222
f 1968/1/10223 1969/1/10224 1967/1/10225
f 1968/1/10226 1967/1/10227 1966/1/10228
f 1970/1/10229 1971/1/10230 1969/1/10231
f 1970/1/10232 1969/1/10233 1968/1/10234
f 1972/1/10235 1973/1/10236 1971/1/10237
f 1972/1/10235 1971/1/10238 1970/1/10239
f 1974/1/10240 1975/1/10241 1973/1/10242
f 1974/1/10243 1973/1/10244 1972/1/10245
f 1976/1/10246 1977/1/10247 1975/1/10248
f 1976/1/10249 1975/1/10250 1974/1/10251
f 1978/1/10252 1979/1/10253 1977/1/10254
f 1978/1/10255 1977/1/10256 1976/1/10257
f 1980/1/10258 1981/1/10259 1979/1/10260
f 1980/1/10258 1979/1/10261 1978/1/10262
f 1982/1/10263 1983/1/10264 1981/1/10265
f 1982/1/10266 1981/1/10267 1980/1/10268
f 1984/1/10269 1985/1/10270 1983/1/10271
f 1984/1/10272 1983/1/10273 1982/1/10274
f 1986/1/10275 1987/1/10276 1985/1/10277
f 1986/1/10278 1985/1/10279 1984/1/10280
f 1958/1/10281 1988/1/10282 1989/1/10283
f 1958/1/10284 1989/1/10285 1987/1/10286
f 1957/1/10287 1990/1/10288 1988/1/10289
f 1957/1/10290 1988/1/10291 1958/1/10292
f 1961/1/10293 1991/1/10294 1990/1/10295
f 1961/1/10296 1990/1/10297 1957/1/10298
f 1963/1/10299 1992/1/10300 1991/1/10301
f 1963/1/10302 1991/1/10303 1961/1/10208
f 1965/1/10304 1993/1/10305 1992/1/10306
f 1965/1/10307 1992/1/10308 1963/1/10309
f 1967/1/10310 1994/1/10311 1993/1/10312
f 1967/1/10313 1993/1/10314 1965/1/10315
f 1969/1/10316 1995/1/10317 1994/1/10318
f 1969/1/10319 1994/1/10320 1967/1/10321
f 1971/1/10322 1996/1/10323 1995/1/10324
f 1971/1/10325 1995/1/10326 1969/1/10327
f 1973/1/10328 1997/1/10329 1996/1/10330
f 1973/1/10331 1996/1/10332 1971/1/10333
f 1975/1/10334 1998/1/10335 1997/1/10336
f 1975/1/10337 1997/1/10338 1973/1/10242
f 1977/1/10339 1999/1/10340 1998/1/10341
f 1977/1/10342 1998/1/10343 1975/1/10344
f 1979/1/10345 2000/1/10346 1999/1/10347
f 1979/1/10348 1999/1/10349 1977/1/10350
f 1981/1/10351 2001/1/10352 2000/1/10353
f 1981/1/10354 2000/1/10346 1979/1/10355
f 1983/1/10356 2002/1/10357 2001/1/10358
f 1983/1/10359 2001/1/10360 1981/1/10361
f 1985/1/10362 2003/1/10363 2002/1/10364
f 1985/1/10365 2002/1/10366 1983/1/10367
f 1987/1/10368 1989/1/10369 2003/1/10370
f 1987/1/10371 2003/1/10372 1985/1/10373
f 1988/1/10374 2004/1/10375 2005/1/10376
f 1988/1/10282 2005/1/10377 1989/1/10283
f 1990/1/10288 2006/1/10378 2004/1/10379
f 1990/1/10380 2004/1/10381 1988/1/10382
f 1991/1/10383 2007/1/10384 2006/1/10385
f 1991/1/10386 2006/1/10387 1990/1/10388
f 1992/1/10389 2008/1/10390 2007/1/10391
f 1992/1/10392 2007/1/10393 1991/1/10394
f 1993/1/10395 2009/1/10396 2008/1/10397
f 1993/1/10398 2008/1/10399 1992/1/10400
f 1994/1/10401 2010/1/10402 2009/1/10403
f 1994/1/10404 2009/1/10405 1993/1/10406
f 1995/1/10407 2011/1/10408 2010/1/10409
f 1995/1/10410 2010/1/10411 1994/1/10412
f 1996/1/10413 2012/1/10414 2011/1/10415
f 1996/1/10323 2011/1/10416 1995/1/10417
f 1997/1/10418 2013/1/10419 2012/1/10420
f 1997/1/10329 2012/1/10420 1996/1/10421
f 1998/1/10422 2014/1/10423 2013/1/10424
f 1998/1/10425 2013/1/10426 1997/1/10427
f 1999/1/10428 2015/1/10429 2014/1/10430
f 1999/1/10340 2014/1/10431 1998/1/10432
f 2000/1/10433 2016/1/10434 2015/1/10435
f 2000/1/10436 2015/1/10437 1999/1/10438
f 2001/1/10439 2017/1/10440 2016/1/10441
f 2001/1/10442 2016/1/10443 2000/1/10444
f 2002/1/10445 2018/1/10446 2017/1/10447
f 2002/1/10448 2017/1/10449 2001/1/10450
f 2003/1/10451 2019/1/10452 2018/1/10453
f 2003/1/10454 2018/1/10455 2002/1/10456
f 1989/1/10457 2005/1/10458 2019/1/10459
f 1989/1/10460 2019/1/10461 2003/1/10462
f 2004/1/10375 2020/1/10463 2021/1/10464
f 2004/1/10375 2021/1/10465 2005/1/10466
f 2006/1/10467 2022/1/10468 2020/1/10469
f 2006/1/10470 2020/1/10471 2004/1/10472
f 2007/1/10473 2023/1/10474 2022/1/10475
f 2007/1/10476 2022/1/10477 2006/1/10478
f 2008/1/10479 2024/1/10480 2023/1/10481
f 2008/1/10482 2023/1/10483 2007/1/10484
f 2009/1/10485 2025/1/10486 2024/1/10487
f 2009/1/10488 2024/1/10489 2008/1/10490
f 2010/1/10491 2026/1/10492 2025/1/10493
f 2010/1/10494 2025/1/10495 2009/1/10488
f 2011/1/10496 2027/1/10497 2026/1/10498
f 2011/1/10499 2026/1/10500 2010/1/10501
f 2012/1/10502 2028/1/10503 2027/1/10504
f 2012/1/10414 2027/1/10505 2011/1/10506
f 2013/1/10507 2029/1/10508 2028/1/10509
f 2013/1/10510 2028/1/10511 2012/1/10512
f 2014/1/10513 2030/1/10514 2029/1/10515
f 2014/1/10516 2029/1/10517 2013/1/10518
f 2015/1/10435 2031/1/10519 2030/1/10520
f 2015/1/10521 2030/1/10522 2014/1/10523
f 2016/1/10524 2032/1/10525 2031/1/10526
f 2016/1/10527 2031/1/10528 2015/1/10529
f 2017/1/10530 2033/1/10531 2032/1/10532
f 2017/1/10533 2032/1/10534 2016/1/10535
f 2018/1/10536 2034/1/10537 2033/1/10538
f 2018/1/10539 2033/1/10540 2017/1/10541
f 2019/1/10542 2035/1/10543 2034/1/10544
f 2019/1/10545 2034/1/10546 2018/1/10547
f 2005/1/10548 2021/1/10549 2035/1/10550
f 2005/1/10551 2035/1/10552 2019/1/10553
f 2020/1/10554 2036/1/10555 2037/1/10556
f 2020/1/10557 2037/1/10558 2021/1/10559
f 2022/1/10560 2038/1/10561 2036/1/10562
f 2022/1/10563 2036/1/10564 2020/1/10469
f 2023/1/10565 2039/1/10566 2038/1/10567
f 2023/1/10568 2038/1/10569 2022/1/10570
f 2024/1/10571 2040/1/10572 2039/1/10573
f 2024/1/10574 2039/1/10575 2023/1/10576
f 2025/1/10577 2041/1/10578 2040/1/10579
f 2025/1/10580 2040/1/10581 2024/1/10582
f 2026/1/10583 2042/1/10584 2041/1/10585
f 2026/1/10586 2041/1/10587 2025/1/10588
f 2027/1/10589 2043/1/10590 2042/1/10591
f 2027/1/10497 2042/1/10592 2026/1/10593
f 2028/1/10594 2044/1/10595 2043/1/10596
f 2028/1/10503 2043/1/10597 2027/1/10598
f 2029/1/10599 2045/1/10600 2044/1/10601
f 2029/1/10599 2044/1/10602 2028/1/10511
f 2030/1/10603 2046/1/10604 2045/1/10605
f 2030/1/10603 2045/1/10606 2029/1/10607
f 2031/1/10608 2047/1/10609 2046/1/10610
f 2031/1/10611 2046/1/10612 2030/1/10613
f 2032/1/10614 2048/1/10615 2047/1/10616
f 2032/1/10617 2047/1/10618 2031/1/10528
f 2033/1/10619 2049/1/10620 2048/1/10615
f 2033/1/10621 2048/1/10622 2032/1/10623
f 2034/1/10624 2050/1/10625 2049/1/10626
f 2034/1/10627 2049/1/10628 2033/1/10538
f 2035/1/10629 2051/1/10630 2050/1/10631
f 2035/1/10629 2050/1/10632 2034/1/10633
f 2021/1/10634 2037/1/10635 2051/1/10636
f 2021/1/10637 2051/1/10638 2035/1/10639
f 2036/1/10640 2052/1/10641 2053/1/10642
f 2036/1/10643 2053/1/10642 2037/1/10558
f 2038/1/10644 2054/1/10645 2052/1/10646
f 2038/1/10647 2052/1/10648 2036/1/10649
f 2039/1/10650 2055/1/10651 2054/1/10652
f 2039/1/10653 2054/1/10654 2038/1/10655
f 2040/1/10656 2056/1/10657 2055/1/10658
f 2040/1/10659 2055/1/10660 2039/1/10573
f 2041/1/10661 2057/1/10662 2056/1/10663
f 2041/1/10664 2056/1/10665 2040/1/10666
f 2042/1/10667 2058/1/10668 2057/1/10669
f 2042/1/10670 2057/1/10669 2041/1/10671
f 2043/1/10672 2059/1/10673 2058/1/10674
f 2043/1/10675 2058/1/10676 2042/1/10677
f 2044/1/10678 2060/1/10679 2059/1/10680
f 2044/1/10678 2059/1/10681 2043/1/10596
f 2045/1/10682 2061/1/10683 2060/1/10684
f 2045/1/10685 2060/1/10686 2044/1/10687
f 2046/1/10688 2062/1/10689 2061/1/10690
f 2046/1/10691 2061/1/10692 2045/1/10693
f 2047/1/10694 2063/1/10695 2062/1/10696
f 2047/1/10609 2062/1/10697 2046/1/10698
f 2048/1/10615 2064/1/10699 2063/1/10700
f 2048/1/10701 2063/1/10702 2047/1/10703
f 2049/1/10704 2065/1/10705 2064/1/10706
f 2049/1/10620 2064/1/10707 2048/1/10708
f 2050/1/10709 2066/1/10710 2065/1/10711
f 2050/1/10712 2065/1/10713 2049/1/10714
f 2051/1/10715 2067/1/10716 2066/1/10717
f 2051/1/10718 2066/1/10719 2050/1/10720
f 2037/1/10721 2053/1/10722 2067/1/10723
f 2037/1/10724 2067/1/10725 2051/1/10726
f 2052/1/10727 2068/1/10728 2069/1/10729
f 2052/1/10730 2069/1/10729 2053/1/10642
f 2054/1/10731 2070/1/10732 2068/1/10733
f 2054/1/10734 2068/1/10735 2052/1/10736
f 2055/1/10737 2071/1/10738 2070/1/10739
f 2055/1/10740 2070/1/10741 2054/1/10742
f 2056/1/10743 2072/1/10744 2071/1/10745
f 2056/1/10746 2071/1/10747 2055/1/10748
f 2057/1/10749 2073/1/10750 2072/1/10751
f 2057/1/10662 2072/1/10752 2056/1/10753
f 2058/1/10754 2074/1/10755 2073/1/10756
f 2058/1/10757 2073/1/10758 2057/1/10759
f 2059/1/10760 2075/1/10761 2074/1/10762
f 2059/1/10760 2074/1/10763 2058/1/10764
f 2060/1/10679 2076/1/10765 2075/1/10766
f 2060/1/10767 2075/1/10768 2059/1/10769
f 2061/1/10770 2077/1/10771 2076/1/10772
f 2061/1/10773 2076/1/10774 2060/1/10686
f 2062/1/10775 2078/1/10776 2077/1/10777
f 2062/1/10778 2077/1/10779 2061/1/10780
f 2063/1/10781 2079/1/10782 2078/1/10783
f 2063/1/10784 2078/1/10785 2062/1/10786
f 2064/1/10787 2080/1/10788 2079/1/10789
f 2064/1/10790 2079/1/10791 2063/1/10792
f 2065/1/10793 2081/1/10794 2080/1/10795
f 2065/1/10796 2080/1/10797 2064/1/10790
f 2066/1/10798 2082/1/10799 2081/1/10800
f 2066/1/10801 2081/1/10802 2065/1/10803
f 2067/1/10804 2083/1/10805 2082/1/10806
f 2067/1/10807 2082/1/10808 2066/1/10809
f 2053/1/10722 2069/1/10810 2083/1/10811
f 2053/1/10812 2083/1/10813 2067/1/10814
f 2068/1/10815 2084/1/10816 2085/1/10817
f 2068/1/10728 2085/1/10818 2069/1/10729
f 2070/1/10819 2086/1/10820 2084/1/10821
f 2070/1/10822 2084/1/10823 2068/1/10824
f 2071/1/10825 2087/1/10826 2086/1/10827
f 2071/1/10738 2086/1/10827 2070/1/10741
f 2072/1/10828 2088/1/10829 2087/1/10830
f 2072/1/10831 2087/1/10832 2071/1/10738
f 2073/1/10833 2089/1/10834 2088/1/10835
f 2073/1/10836 2088/1/10837 2072/1/10838
f 2074/1/10839 2090/1/10840 2089/1/10841
f 2074/1/10842 2089/1/10843 2073/1/10844
f 2075/1/10845 2091/1/10846 2090/1/10847
f 2075/1/10848 2090/1/10849 2074/1/10762
f 2076/1/10850 2092/1/10851 2091/1/10852
f 2076/1/10853 2091/1/10854 2075/1/10855
f 2077/1/10856 2093/1/10857 2092/1/10858
f 2077/1/10771 2092/1/10859 2076/1/10860
f 2078/1/10861 2094/1/10862 2093/1/10863
f 2078/1/10864 2093/1/10865 2077/1/10777
f 2079/1/10866 2095/1/10867 2094/1/10868
f 2079/1/10869 2094/1/10870 2078/1/10871
f 2080/1/10872 2096/1/10873 2095/1/10874
f 2080/1/10795 2095/1/10875 2079/1/10876
f 2081/1/10877 2097/1/10878 2096/1/10879
f 2081/1/10880 2096/1/10881 2080/1/10797
f 2082/1/10799 2098/1/10882 2097/1/10883
f 2082/1/10799 2097/1/10884 2081/1/10885
f 2083/1/10886 2099/1/10887 2098/1/10888
f 2083/1/10889 2098/1/10890 2082/1/10891
f 2069/1/10892 2085/1/10893 2099/1/10894
f 2069/1/10895 2099/1/10896 2083/1/10811
f 2084/1/10897 2100/1/10898 2101/1/10899
f 2084/1/10816 2101/1/10900 2085/1/10817
f 2086/1/10901 2102/1/10902 2100/1/10903
f 2086/1/10904 2100/1/10905 2084/1/10906
f 2087/1/10907 2103/1/10908 2102/1/10909
f 2087/1/10910 2102/1/10911 2086/1/10912
f 2088/1/10913 2104/1/10914 2103/1/10915
f 2088/1/10916 2103/1/10917 2087/1/10918
f 2089/1/10919 2105/1/10920 2104/1/10921
f 2089/1/10922 2104/1/10923 2088/1/10924
f 2090/1/10925 2106/1/10926 2105/1/10927
f 2090/1/10928 2105/1/10929 2089/1/10930
f 2091/1/10931 2107/1/10932 2106/1/10933
f 2091/1/10934 2106/1/10935 2090/1/10936
f 2092/1/10937 2108/1/10938 2107/1/10939
f 2092/1/10940 2107/1/10941 2091/1/10942
f 2093/1/10943 2109/1/10944 2108/1/10945
f 2093/1/10857 2108/1/10946 2092/1/10947
f 2094/1/10948 2110/1/10949 2109/1/10950
f 2094/1/10951 2109/1/10952 2093/1/10953
f 2095/1/10954 2111/1/10955 2110/1/10956
f 2095/1/10957 2110/1/10958 2094/1/10959
f 2096/1/10960 2112/1/10961 2111/1/10962
f 2096/1/10963 2111/1/10964 2095/1/10965
f 2097/1/10966 2113/1/10967 2112/1/10968
f 2097/1/10883 2112/1/10969 2096/1/10970
f 2098/1/10971 2114/1/10972 2113/1/10973
f 2098/1/10974 2113/1/10975 2097/1/10976
f 2099/1/10977 2115/1/10978 2114/1/10979
f 2099/1/10980 2114/1/10981 2098/1/10982
f 2085/1/10983 2101/1/10984 2115/1/10985
f 2085/1/10983 2115/1/10986 2099/1/10987
f 2100/1/10988 2116/1/10989 2117/1/10990
f 2100/1/10991 2117/1/10992 2101/1/10993
f 2102/1/10994 2118/1/10995 2116/1/10996
f 2102/1/10997 2116/1/10998 2100/1/10999
f 2103/1/11000 2119/1/11001 2118/1/11002
f 2103/1/11003 2118/1/11004 2102/1/11005
f 2104/1/11006 2120/1/11007 2119/1/11008
f 2104/1/11009 2119/1/11010 2103/1/11011
f 2105/1/11012 2121/1/11013 2120/1/11014
f 2105/1/11015 2120/1/11016 2104/1/11017
f 2106/1/11018 2122/1/11019 2121/1/11020
f 2106/1/11021 2121/1/11022 2105/1/11023
f 2107/1/11024 2123/1/11025 2122/1/11026
f 2107/1/11027 2122/1/11028 2106/1/11029
f 2108/1/11030 2124/1/11031 2123/1/11032
f 2108/1/10938 2123/1/11033 2107/1/11034
f 2109/1/11035 2125/1/11036 2124/1/11037
f 2109/1/11038 2124/1/11037 2108/1/10946
f 2110/1/11039 2126/1/11040 2125/1/11041
f 2110/1/11042 2125/1/11043 2109/1/11044
f 2111/1/11045 2127/1/11046 2126/1/11047
f 2111/1/11048 2126/1/11049 2110/1/11050
f 2112/1/11051 2128/1/11052 2127/1/11053
f 2112/1/11054 2127/1/11055 2111/1/11056
f 2113/1/11057 2129/1/11058 2128/1/11059
f 2113/1/11060 2128/1/11061 2112/1/11062
f 2114/1/11063 2130/1/11064 2129/1/11065
f 2114/1/11066 2129/1/11067 2113/1/11068
f 2115/1/11069 2131/1/11070 2130/1/11071
f 2115/1/11072 2130/1/11073 2114/1/11074
f 2101/1/11075 2117/1/11076 2131/1/11077
f 2101/1/11078 2131/1/11079 2115/1/11080
f 2116/1/10989 2132/1/11081 2133/1/11082
f 2116/1/11083 2133/1/11082 2117/1/11084
f 2118/1/11085 2134/1/11086 2132/1/11087
f 2118/1/11088 2132/1/11089 2116/1/11090
f 2119/1/11091 2135/1/11092 2134/1/11093
f 2119/1/11094 2134/1/11095 2118/1/11096
f 2120/1/11097 2136/1/11098 2135/1/11099
f 2120/1/11100 2135/1/11101 2119/1/11102
f 2121/1/11103 2137/1/11104 2136/1/11105
f 2121/1/11106 2136/1/11107 2120/1/11108
f 2122/1/11109 2138/1/11110 2137/1/11111
f 2122/1/11112 2137/1/11113 2121/1/11114
f 2123/1/11115 2139/1/11116 2138/1/11117
f 2123/1/11115 2138/1/11118 2122/1/11119
f 2124/1/11120 2140/1/11121 2139/1/11122
f 2124/1/11123 2139/1/11124 2123/1/11125
f 2125/1/11126 2141/1/11127 2140/1/11128
f 2125/1/11129 2140/1/11130 2124/1/11037
f 2126/1/11131 2142/1/11132 2141/1/11133
f 2126/1/11134 2141/1/11135 2125/1/11136
f 2127/1/11137 2143/1/11138 2142/1/11139
f 2127/1/11140 2142/1/11141 2126/1/11142
f 2128/1/11143 2144/1/11144 2143/1/11145
f 2128/1/11146 2143/1/11147 2127/1/11148
f 2129/1/11149 2145/1/11150 2144/1/11151
f 2129/1/11152 2144/1/11153 2128/1/11154
f 2130/1/11155 2146/1/11156 2145/1/11157
f 2130/1/11155 2145/1/11158 2129/1/11159
f 2131/1/11160 2147/1/11161 2146/1/11162
f 2131/1/11163 2146/1/11164 2130/1/11165
f 2117/1/11166 2133/1/11167 2147/1/11168
f 2117/1/11169 2147/1/11170 2131/1/11171
f 2132/1/11172 2148/1/11173 2149/1/11174
f 2132/1/11175 2149/1/11176 2133/1/11082
f 2134/1/11177 2150/1/11178 2148/1/11173
f 2134/1/11179 2148/1/11180 2132/1/11181
f 2135/1/11182 2151/1/11183 2150/1/11184
f 2135/1/11185 2150/1/11186 2134/1/11187
f 2136/1/11188 2152/1/11189 2151/1/11190
f 2136/1/11191 2151/1/11192 2135/1/11193
f 2137/1/11194 2153/1/11195 2152/1/11196
f 2137/1/11197 2152/1/11198 2136/1/11199
f 2138/1/11200 2154/1/11201 2153/1/11202
f 2138/1/11203 2153/1/11204 2137/1/11205
f 2139/1/11206 2155/1/11207 2154/1/11208
f 2139/1/11209 2154/1/11210 2138/1/11211
f 2140/1/11212 2156/1/11213 2155/1/11214
f 2140/1/11215 2155/1/11216 2139/1/11217
f 2141/1/11127 2157/1/11218 2156/1/11219
f 2141/1/11220 2156/1/11219 2140/1/11130
f 2142/1/11221 2158/1/11222 2157/1/11223
f 2142/1/11224 2157/1/11225 2141/1/11226
f 2143/1/11227 2159/1/11228 2158/1/11229
f 2143/1/11230 2158/1/11229 2142/1/11231
f 2144/1/11232 2160/1/11233 2159/1/11234
f 2144/1/11235 2159/1/11236 2143/1/11237
f 2145/1/11238 2161/1/11239 2160/1/11240
f 2145/1/11241 2160/1/11242 2144/1/11243
f 2146/1/11244 2162/1/11245 2161/1/11246
f 2146/1/11247 2161/1/11248 2145/1/11249
f 2147/1/11250 2163/1/11251 2162/1/11252
f 2147/1/11253 2162/1/11254 2146/1/11255
f 2133/1/11167 2149/1/11256 2163/1/11257
f 2133/1/11258 2163/1/11259 2147/1/11260
f 2148/1/11261 2164/1/11262 2165/1/11263
f 2148/1/11261 2165/1/11263 2149/1/11264
f 2150/1/11265 2166/1/11266 2164/1/11267
f 2150/1/11268 2164/1/11267 2148/1/11269
f 2151/1/11270 2167/1/11271 2166/1/11272
f 2151/1/11273 2166/1/11274 2150/1/11275
f 2152/1/11276 2168/1/11277 2167/1/11278
f 2152/1/11279 2167/1/11280 2151/1/11190
f 2153/1/11281 2169/1/11282 2168/1/11283
f 2153/1/11284 2168/1/11285 2152/1/11286
f 2154/1/11287 2170/1/11288 2169/1/11289
f 2154/1/11290 2169/1/11291 2153/1/11292
f 2155/1/11293 2171/1/11294 2170/1/11295
f 2155/1/11296 2170/1/11297 2154/1/11298
f 2156/1/11299 2172/1/11300 2171/1/11301
f 2156/1/11302 2171/1/11303 2155/1/11304
f 2157/1/11305 2173/1/11306 2172/1/11307
f 2157/1/11308 2172/1/11309 2156/1/11310
f 2158/1/11311 2174/1/11312 2173/1/11313
f 2158/1/11314 2173/1/11315 2157/1/11223
f 2159/1/11316 2175/1/11317 2174/1/11318
f 2159/1/11319 2174/1/11320 2158/1/11321
f 2160/1/11322 2176/1/11323 2175/1/11324
f 2160/1/11325 2175/1/11326 2159/1/11327
f 2161/1/11239 2177/1/11328 2176/1/11329
f 2161/1/11246 2176/1/11330 2160/1/11331
f 2162/1/11332 2178/1/11333 2177/1/11334
f 2162/1/11332 2177/1/11335 2161/1/11336
f 2163/1/11337 2179/1/11338 2178/1/11339
f 2163/1/11340 2178/1/11341 2162/1/11342
f 2149/1/11343 2165/1/11344 2179/1/11345
f 2149/1/11343 2179/1/11346 2163/1/11347
f 2164/1/11348 2180/1/11349 2181/1/11350
f 2164/1/11351 2181/1/11352 2165/1/11353
f 2166/1/11354 2182/1/11355 2180/1/11356
f 2166/1/11357 2180/1/11356 2164/1/11358
f 2167/1/11359 2183/1/11360 2182/1/11361
f 2167/1/11278 2182/1/11362 2166/1/11363
f 2168/1/11364 2184/1/11365 2183/1/11366
f 2168/1/11367 2183/1/11368 2167/1/11369
f 2169/1/11370 2185/1/11371 2184/1/11372
f 2169/1/11373 2184/1/11374 2168/1/11375
f 2170/1/11376 2186/1/11377 2185/1/11378
f 2170/1/11288 2185/1/11379 2169/1/11380
f 2171/1/11294 2187/1/11381 2186/1/11382
f 2171/1/11383 2186/1/11382 2170/1/11384
f 2172/1/11385 2188/1/11386 2187/1/11387
f 2172/1/11388 2187/1/11389 2171/1/11390
f 2173/1/11306 2189/1/11391 2188/1/11392
f 2173/1/11393 2188/1/11394 2172/1/11395
f 2174/1/11396 2190/1/11397 2189/1/11398
f 2174/1/11399 2189/1/11400 2173/1/11401
f 2175/1/11402 2191/1/11403 2190/1/11404
f 2175/1/11405 2190/1/11406 2174/1/11318
f 2176/1/11407 2192/1/11408 2191/1/11409
f 2176/1/11410 2191/1/11411 2175/1/11412
f 2177/1/11413 2193/1/11414 2192/1/11415
f 2177/1/11416 2192/1/11417 2176/1/11418
f 2178/1/11419 2194/1/11420 2193/1/11421
f 2178/1/11422 2193/1/11423 2177/1/11424
f 2179/1/11425 2195/1/11426 2194/1/11427
f 2179/1/11428 2194/1/11429 2178/1/11430
f 2165/1/11431 2181/1/11432 2195/1/11433
f 2165/1/11431 2195/1/11434 2179/1/11435
f 2180/1/11349 2196/1/11436 2197/1/11437
f 2180/1/11438 2197/1/11437 2181/1/11439
f 2182/1/11440 2198/1/11441 2196/1/11442
f 2182/1/11443 2196/1/11444 2180/1/11445
f 2183/1/11446 2199/1/11447 2198/1/11448
f 2183/1/11360 2198/1/11448 2182/1/11449
f 2184/1/11450 2200/1/11451 2199/1/11452
f 2184/1/11453 2199/1/11454 2183/1/11455
f 2185/1/11456 2201/1/11457 2200/1/11458
f 2185/1/11459 2200/1/11460 2184/1/11461
f 2186/1/11462 2202/1/11463 2201/1/11464
f 2186/1/11465 2201/1/11466 2185/1/11467
f 2187/1/11468 2203/1/11469 2202/1/11470
f 2187/1/11471 2202/1/11472 2186/1/11382
f 2188/1/11473 2204/1/11474 2203/1/11475
f 2188/1/11476 2203/1/11477 2187/1/11478
f 2189/1/11479 2205/1/11480 2204/1/11481
f 2189/1/11482 2204/1/11483 2188/1/11394
f 2190/1/11484 2206/1/11485 2205/1/11486
f 2190/1/11487 2205/1/11488 2189/1/11489
f 2191/1/11490 2207/1/11491 2206/1/11492
f 2191/1/11493 2206/1/11494 2190/1/11495
f 2192/1/11496 2208/1/11497 2207/1/11498
f 2192/1/11499 2207/1/11500 2191/1/11501
f 2193/1/11502 2209/1/11503 2208/1/11504
f 2193/1/11505 2208/1/11506 2192/1/11507
f 2194/1/11508 2210/1/11509 2209/1/11510
f 2194/1/11511 2209/1/11510 2193/1/11512
f 2195/1/11426 2211/1/11513 2210/1/11514
f 2195/1/11515 2210/1/11516 2194/1/11517
f 2181/1/11518 2197/1/11519 2211/1/11520
f 2181/1/11521 2211/1/11522 2195/1/11523
f 2196/1/11524 2212/1/11525 2213/1/11526
f 2196/1/11527 2213/1/11528 2197/1/11529
f 2198/1/11530 2214/1/11531 2212/1/11532
f 2198/1/11533 2212/1/11534 2196/1/11535
f 2199/1/11536 2215/1/11537 2214/1/11538
f 2199/1/11539 2214/1/11540 2198/1/11541
f 2200/1/11542 2216/1/11543 2215/1/11544
f 2200/1/11545 2215/1/11546 2199/1/11547
f 2201/1/11548 2217/1/11549 2216/1/11550
f 2201/1/11551 2216/1/11552 2200/1/11553
f 2202/1/11554 2218/1/11555 2217/1/11556
f 2202/1/11557 2217/1/11558 2201/1/11548
f 2203/1/11559 2219/1/11560 2218/1/11561
f 2203/1/11562 2218/1/11563 2202/1/11564
f 2204/1/11565 2220/1/11566 2219/1/11567
f 2204/1/11568 2219/1/11569 2203/1/11475
f 2205/1/11570 2221/1/11571 2220/1/11572
f 2205/1/11573 2220/1/11574 2204/1/11483
f 2206/1/11575 2222/1/11576 2221/1/11577
f 2206/1/11485 2221/1/11578 2205/1/11579
f 2207/1/11580 2223/1/11581 2222/1/11582
f 2207/1/11491 2222/1/11583 2206/1/11584
f 2208/1/11585 2224/1/11586 2223/1/11587
f 2208/1/11588 2223/1/11589 2207/1/11590
f 2209/1/11591 2225/1/11592 2224/1/11593
f 2209/1/11594 2224/1/11595 2208/1/11588
f 2210/1/11596 2226/1/11597 2225/1/11598
f 2210/1/11599 2225/1/11600 2209/1/11601
f 2211/1/11602 2227/1/11603 2226/1/11604
f 2211/1/11605 2226/1/11606 2210/1/11607
f 2197/1/11608 2213/1/11609 2227/1/11610
f 2197/1/11611 2227/1/11610 2211/1/11612
f 2212/1/11525 2228/1/11613 2229/1/11614
f 2212/1/11615 2229/1/11616 2213/1/11617
f 2214/1/11618 2230/1/11619 2228/1/11620
f 2214/1/11621 2228/1/11622 2212/1/11532
f 2215/1/11623 2231/1/11624 2230/1/11625
f 2215/1/11626 2230/1/11627 2214/1/11628
f 2216/1/11629 2232/1/11630 2231/1/11631
f 2216/1/11632 2231/1/11633 2215/1/11634
f 2217/1/11635 2233/1/11636 2232/1/11637
f 2217/1/11638 2232/1/11639 2216/1/11640
f 2218/1/11641 2234/1/11642 2233/1/11643
f 2218/1/11644 2233/1/11645 2217/1/11646
f 2219/1/11647 2235/1/11648 2234/1/11649
f 2219/1/11560 2234/1/11650 2218/1/11651
f 2220/1/11652 2236/1/11653 2235/1/11654
f 2220/1/11566 2235/1/11655 2219/1/11656
f 2221/1/11657 2237/1/11658 2236/1/11659
f 2221/1/11660 2236/1/11661 2220/1/11572
f 2222/1/11662 2238/1/11663 2237/1/11664
f 2222/1/11665 2237/1/11666 2221/1/11667
f 2223/1/11668 2239/1/11669 2238/1/11670
f 2223/1/11671 2238/1/11672 2222/1/11673
f 2224/1/11674 2240/1/11675 2239/1/11676
f 2224/1/11677 2239/1/11678 2223/1/11679
f 2225/1/11680 2241/1/11681 2240/1/11682
f 2225/1/11683 2240/1/11684 2224/1/11685
f 2226/1/11686 2242/1/11687 2241/1/11688
f 2226/1/11689 2241/1/11690 2225/1/11691
f 2227/1/11692 2243/1/11693 2242/1/11694
f 2227/1/11692 2242/1/11695 2226/1/11696
f 2213/1/11697 2229/1/11698 2243/1/11699
f 2213/1/11700 2243/1/11701 2227/1/11702
f 2228/1/11703 2244/1/11704 2245/1/11705
f 2228/1/11703 2245/1/11706 2229/1/11616
f 2230/1/11707 2246/1/11708 2244/1/11709
f 2230/1/11710 2244/1/11711 2228/1/11712
f 2231/1/11713 2247/1/11714 2246/1/11715
f 2231/1/11716 2246/1/11717 2230/1/11718
f 2232/1/11719 2248/1/11720 2247/1/11721
f 2232/1/11722 2247/1/11723 2231/1/11724
f 2233/1/11725 2249/1/11726 2248/1/11727
f 2233/1/11728 2248/1/11729 2232/1/11730
f 2234/1/11731 2250/1/11732 2249/1/11733
f 2234/1/11734 2249/1/11735 2233/1/11736
f 2235/1/11737 2251/1/11738 2250/1/11739
f 2235/1/11740 2250/1/11741 2234/1/11742
f 2236/1/11743 2252/1/11744 2251/1/11745
f 2236/1/11746 2251/1/11747 2235/1/11748
f 2237/1/11749 2253/1/11750 2252/1/11751
f 2237/1/11752 2252/1/11753 2236/1/11661
f 2238/1/11754 2254/1/11755 2253/1/11756
f 2238/1/11757 2253/1/11758 2237/1/11759
f 2239/1/11760 2255/1/11761 2254/1/11762
f 2239/1/11763 2254/1/11764 2238/1/11765
f 2240/1/11766 2256/1/11767 2255/1/11768
f 2240/1/11769 2255/1/11770 2239/1/11771
f 2241/1/11772 2257/1/11773 2256/1/11767
f 2241/1/11774 2256/1/11775 2240/1/11776
f 2242/1/11777 2258/1/11778 2257/1/11779
f 2242/1/11780 2257/1/11781 2241/1/11782
f 2243/1/11783 2259/1/11784 2258/1/11785
f 2243/1/11786 2258/1/11787 2242/1/11788
f 2229/1/11789 2245/1/11790 2259/1/11791
f 2229/1/11698 2259/1/11792 2243/1/11701
f 2244/1/11793 2260/1/11794 2261/1/11795
f 2244/1/11796 2261/1/11797 2245/1/11798
f 2246/1/11799 2262/1/11800 2260/1/11801
f 2246/1/11802 2260/1/11803 2244/1/11804
f 2247/1/11805 2263/1/11806 2262/1/11807
f 2247/1/11808 2262/1/11809 2246/1/11810
f 2248/1/11811 2264/1/11812 2263/1/11813
f 2248/1/11814 2263/1/11815 2247/1/11816
f 2249/1/11817 2265/1/11818 2264/1/11819
f 2249/1/11817 2264/1/11812 2248/1/11820
f 2250/1/11821 2266/1/11822 2265/1/11823
f 2250/1/11824 2265/1/11825 2249/1/11826
f 2251/1/11827 2267/1/11828 2266/1/11829
f 2251/1/11830 2266/1/11831 2250/1/11832
f 2252/1/11833 2268/1/11834 2267/1/11835
f 2252/1/11836 2267/1/11837 2251/1/11838
f 2253/1/11839 2269/1/11840 2268/1/11841
f 2253/1/11750 2268/1/11842 2252/1/11843
f 2254/1/11844 2270/1/11845 2269/1/11846
f 2254/1/11847 2269/1/11848 2253/1/11849
f 2255/1/11850 2271/1/11851 2270/1/11852
f 2255/1/11853 2270/1/11854 2254/1/11855
f 2256/1/11856 2272/1/11857 2271/1/11858
f 2256/1/11859 2271/1/11860 2255/1/11861
f 2257/1/11862 2273/1/11863 2272/1/11864
f 2257/1/11865 2272/1/11866 2256/1/11867
f 2258/1/11868 2274/1/11869 2273/1/11870
f 2258/1/11871 2273/1/11872 2257/1/11873
f 2259/1/11874 2275/1/11875 2274/1/11876
f 2259/1/11877 2274/1/11878 2258/1/11879
f 2245/1/11880 2261/1/11881 2275/1/11882
f 2245/1/11883 2275/1/11884 2259/1/11885
f 2260/1/11794 2276/1/11886 2277/1/11887
f 2260/1/11794 2277/1/11888 2261/1/11889
f 2262/1/11890 2278/1/11891 2276/1/11892
f 2262/1/11893 2276/1/11894 2260/1/11895
f 2263/1/11896 2279/1/11897 2278/1/11898
f 2263/1/11899 2278/1/11900 2262/1/11901
f 2264/1/11902 2280/1/11903 2279/1/11904
f 2264/1/11905 2279/1/11906 2263/1/11907
f 2265/1/11908 2281/1/11909 2280/1/11910
f 2265/1/11911 2280/1/11912 2264/1/11913
f 2266/1/11914 2282/1/11915 2281/1/11916
f 2266/1/11914 2281/1/11917 2265/1/11823
f 2267/1/11918 2283/1/11919 2282/1/11920
f 2267/1/11921 2282/1/11922 2266/1/11829
f 2268/1/11923 2284/1/11924 2283/1/11925
f 2268/1/11926 2283/1/11927 2267/1/11928
f 2269/1/11929 2285/1/11930 2284/1/11931
f 2269/1/11840 2284/1/11932 2268/1/11933
f 2270/1/11934 2286/1/11935 2285/1/11936
f 2270/1/11937 2285/1/11938 2269/1/11846
f 2271/1/11939 2287/1/11940 2286/1/11941
f 2271/1/11942 2286/1/11943 2270/1/11944
f 2272/1/11945 2288/1/11946 2287/1/11947
f 2272/1/11948 2287/1/11949 2271/1/11950
f 2273/1/11951 2289/1/11952 2288/1/11953
f 2273/1/11954 2288/1/11955 2272/1/11956
f 2274/1/11957 2290/1/11958 2289/1/11959
f 2274/1/11960 2289/1/11961 2273/1/11962
f 2275/1/11963 2291/1/11964 2290/1/11965
f 2275/1/11966 2290/1/11967 2274/1/11968
f 2261/1/11881 2277/1/11969 2291/1/11970
f 2261/1/11881 2291/1/11971 2275/1/11972
f 2276/1/11973 2292/1/11974 2293/1/11975
f 2276/1/11973 2293/1/11975 2277/1/11976
f 2278/1/11977 2294/1/11978 2292/1/11979
f 2278/1/11980 2292/1/11981 2276/1/11982
f 2279/1/11983 2295/1/11984 2294/1/11985
f 2279/1/11897 2294/1/11986 2278/1/11987
f 2280/1/11988 2296/1/11989 2295/1/11990
f 2280/1/11991 2295/1/11992 2279/1/11993
f 2281/1/11994 2297/1/11995 2296/1/11996
f 2281/1/11997 2296/1/11998 2280/1/11999
f 2282/1/12000 2298/1/12001 2297/1/12002
f 2282/1/11915 2297/1/12003 2281/1/12004
f 2283/1/12005 2299/1/12006 2298/1/12007
f 2283/1/11919 2298/1/12008 2282/1/12009
f 2284/1/12010 2300/1/12011 2299/1/12012
f 2284/1/12013 2299/1/12014 2283/1/12015
f 2285/1/12016 2301/1/12017 2300/1/12018
f 2285/1/12019 2300/1/12018 2284/1/12020
f 2286/1/12021 2302/1/12022 2301/1/12023
f 2286/1/12024 2301/1/12025 2285/1/12026
f 2287/1/12027 2303/1/12028 2302/1/12029
f 2287/1/12030 2302/1/12031 2286/1/12032
f 2288/1/12033 2304/1/12034 2303/1/12035
f 2288/1/12036 2303/1/12037 2287/1/12038
f 2289/1/12039 2305/1/12040 2304/1/12041
f 2289/1/12042 2304/1/12043 2288/1/12044
f 2290/1/12045 2306/1/12046 2305/1/12047
f 2290/1/12048 2305/1/12049 2289/1/12050
f 2291/1/12051 2307/1/12052 2306/1/12053
f 2291/1/11964 2306/1/12054 2290/1/12055
f 2277/1/12056 2293/1/12057 2307/1/12058
f 2277/1/11969 2307/1/12059 2291/1/12060
f 2292/1/12061 2308/1/12062 2309/1/12063
f 2292/1/12064 2309/1/12065 2293/1/12066
f 2294/1/12067 2310/1/12068 2308/1/12069
f 2294/1/12070 2308/1/12071 2292/1/12072
f 2295/1/12073 2311/1/12074 2310/1/12075
f 2295/1/12076 2310/1/12077 2294/1/12078
f 2296/1/12079 2312/1/12080 2311/1/12081
f 2296/1/12082 2311/1/12083 2295/1/12084
f 2297/1/12085 2313/1/12086 2312/1/12080
f 2297/1/12087 2312/1/12088 2296/1/12089
f 2298/1/12090 2314/1/12091 2313/1/12092
f 2298/1/12093 2313/1/12094 2297/1/12095
f 2299/1/12096 2315/1/12097 2314/1/12098
f 2299/1/12099 2314/1/12100 2298/1/12007
f 2300/1/12101 2316/1/12102 2315/1/12103
f 2300/1/12011 2315/1/12104 2299/1/12105
f 2301/1/12106 2317/1/12107 2316/1/12108
f 2301/1/12017 2316/1/12109 2300/1/12110
f 2302/1/12111 2318/1/12112 2317/1/12113
f 2302/1/12114 2317/1/12115 2301/1/12116
f 2303/1/12117 2319/1/12118 2318/1/12119
f 2303/1/12120 2318/1/12121 2302/1/12122
f 2304/1/12123 2320/1/12124 2319/1/12125
f 2304/1/12126 2319/1/12127 2303/1/12128
f 2305/1/12129 2321/1/12130 2320/1/12131
f 2305/1/12132 2320/1/12133 2304/1/12134
f 2306/1/12135 2322/1/12136 2321/1/12137
f 2306/1/12138 2321/1/12139 2305/1/12140
f 2307/1/12141 2323/1/12142 2322/1/12143
f 2307/1/12144 2322/1/12145 2306/1/12146
f 2293/1/12147 2309/1/12148 2323/1/12149
f 2293/1/12150 2323/1/12151 2307/1/12152
f 2308/1/12062 2324/1/12153 2325/1/12154
f 2308/1/12062 2325/1/12155 2309/1/12156
f 2310/1/12157 2326/1/12158 2324/1/12159
f 2310/1/12160 2324/1/12161 2308/1/12162
f 2311/1/12163 2327/1/12164 2326/1/12165
f 2311/1/12166 2326/1/12167 2310/1/12075
f 2312/1/12168 2328/1/12169 2327/1/12170
f 2312/1/12171 2327/1/12172 2311/1/12173
f 2313/1/12174 2329/1/12175 2328/1/12176
f 2313/1/12177 2328/1/12178 2312/1/12179
f 2314/1/12180 2330/1/12181 2329/1/12175
f 2314/1/12182 2329/1/12183 2313/1/12184
f 2315/1/12185 2331/1/12186 2330/1/12187
f 2315/1/12188 2330/1/12187 2314/1/12189
f 2316/1/12190 2332/1/12191 2331/1/12192
f 2316/1/12190 2331/1/12193 2315/1/12194
f 2317/1/12195 2333/1/12196 2332/1/12197
f 2317/1/12195 2332/1/12197 2316/1/12108
f 2318/1/12198 2334/1/12199 2333/1/12200
f 2318/1/12201 2333/1/12202 2317/1/12203
f 2319/1/12204 2335/1/12205 2334/1/12206
f 2319/1/12207 2334/1/12208 2318/1/12119
f 2320/1/12209 2336/1/12210 2335/1/12211
f 2320/1/12212 2335/1/12213 2319/1/12214
f 2321/1/12215 2337/1/12216 2336/1/12217
f 2321/1/12218 2336/1/12210 2320/1/12219
f 2322/1/12220 2338/1/12221 2337/1/12216
f 2322/1/12222 2337/1/12223 2321/1/12130
f 2323/1/12224 2339/1/12225 2338/1/12226
f 2323/1/12227 2338/1/12228 2322/1/12229
f 2309/1/12230 2325/1/12231 2339/1/12232
f 2309/1/12233 2339/1/12234 2323/1/12149
f 2324/1/12235 2340/1/12236 2341/1/12237
f 2324/1/12238 2341/1/12239 2325/1/12240
f 2326/1/12241 2342/1/12242 2340/1/12243
f 2326/1/12244 2340/1/12245 2324/1/12159
f 2327/1/12246 2343/1/12247 2342/1/12248
f 2327/1/12249 2342/1/12250 2326/1/12251
f 2328/1/12252 2344/1/12253 2343/1/12254
f 2328/1/12255 2343/1/12256 2327/1/12257
f 2329/1/12258 2345/1/12259 2344/1/12260
f 2329/1/12261 2344/1/12262 2328/1/12263
f 2330/1/12264 2346/1/12265 2345/1/12266
f 2330/1/12267 2345/1/12268 2329/1/12269
f 2331/1/12270 2347/1/12271 2346/1/12272
f 2331/1/12273 2346/1/12274 2330/1/12275
f 2332/1/12276 2348/1/12277 2347/1/12278
f 2332/1/12279 2347/1/12280 2331/1/12281
f 2333/1/12282 2349/1/12283 2348/1/12284
f 2333/1/12285 2348/1/12286 2332/1/12287
f 2334/1/12288 2350/1/12289 2349/1/12290
f 2334/1/12291 2349/1/12290 2333/1/12292
f 2335/1/12293 2351/1/12294 2350/1/12295
f 2335/1/12296 2350/1/12297 2334/1/12298
f 2336/1/12299 2352/1/12300 2351/1/12301
f 2336/1/12302 2351/1/12303 2335/1/12304
f 2337/1/12305 2353/1/12306 2352/1/12307
f 2337/1/12308 2352/1/12309 2336/1/12310
f 2338/1/12311 2354/1/12312 2353/1/12313
f 2338/1/12221 2353/1/12314 2337/1/12315
f 2339/1/12316 2355/1/12317 2354/1/12318
f 2339/1/12319 2354/1/12320 2338/1/12321
f 2325/1/12231 2341/1/12322 2355/1/12323
f 2325/1/12324 2355/1/12325 2339/1/12326
f 1959/1/12327 1958/1/12328 1987/1/12329
f 1959/1/12330 1987/1/12331 1986/1/12332
f 1959/1/12333 1986/1/12334 2356/1/12335
f 1959/1/12336 2356/1/12337 2357/1/12338
f 2357/1/12339 2356/1/12340 2358/1/12341
f 2357/1/12342 2358/1/12343 2359/1/12344
f 2359/1/12345 2360/1/12346 2361/1/12347
f 2359/1/12348 2361/1/12349 2357/1/12350
f 2357/1/12350 2361/1/12351 1956/1/12352
f 2357/1/12353 1956/1/12354 1959/1/12355
f 2360/1/12356 2362/1/12357 2363/1/12358
f 2360/1/12359 2363/1/12360 2361/1/12361
f 2361/1/12362 2363/1/12363 1960/1/12364
f 2361/1/12365 1960/1/12366 1956/1/12367
f 2362/1/12368 2364/1/12369 2365/1/12370
f 2362/1/12371 2365/1/12372 2363/1/12373
f 2363/1/12374 2365/1/12375 1962/1/12376
f 2363/1/12377 1962/1/12378 1960/1/12379
f 2364/1/12380 2366/1/12381 2367/1/12382
f 2364/1/12383 2367/1/12384 2365/1/12385
f 2365/1/12386 2367/1/12387 1964/1/12388
f 2365/1/12389 1964/1/12390 1962/1/12391
f 2366/1/12392 2368/1/12393 2369/1/12394
f 2366/1/12395 2369/1/12396 2367/1/12397
f 2367/1/12398 2369/1/12399 1966/1/12400
f 2367/1/12398 1966/1/10220 1964/1/10214
f 2368/1/12401 2370/1/12402 2371/1/12403
f 2368/1/12404 2371/1/12405 2369/1/12406
f 2369/1/12407 2371/1/12408 1968/1/10223
f 2369/1/12409 1968/1/12410 1966/1/12411
f 2370/1/12412 2372/1/12413 2373/1/12414
f 2370/1/12415 2373/1/12414 2371/1/12416
f 2371/1/12417 2373/1/12418 1970/1/12419
f 2371/1/12420 1970/1/12421 1968/1/12422
f 2372/1/12423 2374/1/12424 2375/1/12425
f 2372/1/12426 2375/1/12427 2373/1/12428
f 2373/1/12429 2375/1/12430 1972/1/12431
f 2373/1/12432 1972/1/12431 1970/1/12433
f 2374/1/12434 2376/1/12435 2377/1/12436
f 2374/1/12437 2377/1/12438 2375/1/12439
f 2375/1/12440 2377/1/12441 1974/1/12442
f 2375/1/12443 1974/1/12444 1972/1/12445
f 2376/1/12446 2378/1/12447 2379/1/12448
f 2376/1/12449 2379/1/12450 2377/1/12451
f 2377/1/12452 2379/1/12453 1976/1/12454
f 2377/1/12455 1976/1/12456 1974/1/12457
f 2378/1/12458 2380/1/12459 2381/1/12460
f 2378/1/12461 2381/1/12462 2379/1/12463
f 2379/1/12464 2381/1/12465 1978/1/12466
f 2379/1/12467 1978/1/12468 1976/1/12469
f 2380/1/12470 2382/1/12471 2383/1/12472
f 2380/1/12473 2383/1/12474 2381/1/12475
f 2381/1/12476 2383/1/12477 1980/1/12478
f 2381/1/12479 1980/1/12480 1978/1/12481
f 2382/1/12482 2384/1/12483 2385/1/12484
f 2382/1/12485 2385/1/12486 2383/1/12487
f 2383/1/12488 2385/1/12489 1982/1/12490
f 2383/1/12491 1982/1/12490 1980/1/12492
f 2384/1/12493 2386/1/12494 2387/1/12495
f 2384/1/12496 2387/1/12497 2385/1/12498
f 2385/1/12499 2387/1/12500 1984/1/12501
f 2385/1/12502 1984/1/12503 1982/1/12504
f 2386/1/12505 2358/1/12506 2356/1/12507
f 2386/1/12508 2356/1/12509 2387/1/12510
f 2387/1/12495 2356/1/12511 1986/1/12512
f 2387/1/12513 1986/1/12514 1984/1/12501
f 2359/1/12515 2358/1/12516 2386/1/12517
f 2386/1/12518 2384/1/12519 2382/1/12520
f 2382/1/12521 2380/1/12522 2378/1/12523
f 2378/1/12524 2376/1/12525 2374/1/12526
f 2374/1/12527 2372/1/12528 2370/1/12529
f 2370/1/12530 2368/1/12531 2366/1/12532
f 2366/1/12533 2364/1/12534 2362/1/12535
f 2362/1/12536 2360/1/12537 2359/1/12538
f 2359/1/12538 2386/1/12539 2382/1/12540
f 2382/1/12541 2378/1/12542 2374/1/12543
f 2374/1/12544 2370/1/12545 2366/1/12546
f 2366/1/12532 2362/1/12547 2359/1/12548
f 2359/1/12549 2382/1/12550 2374/1/12551
f 2374/1/12552 2366/1/12553 2359/1/12515
