# Blender 4.2.3 LTS
# www.blender.org
mtllib bow.mtl
o dynamic
v -17931.177734 19328.160156 132.135788
v -17822.671875 19268.496094 26.913128
v -17860.181641 19600.974609 -200.294876
v -17968.685547 19660.640625 -95.071243
v -17675.654297 19364.287109 -678.911072
v -17638.146484 19031.810547 -451.706024
v -17449.562500 18967.648438 -474.921844
v -17487.072266 19300.128906 -702.127869
v -17667.859375 19272.003906 -751.098572
v -17630.349609 18939.527344 -523.890564
v -17898.208984 18932.501953 -509.029266
v -17935.718750 19264.978516 -736.235291
v -18135.474609 19393.662109 -506.594696
v -18094.501953 19033.796875 -326.621063
v -18152.775391 19114.257812 -144.291946
v -18190.281250 19446.736328 -371.498993
v -18196.574219 19539.072266 -235.342728
v -18159.066406 19206.593750 -8.135700
v -18113.875000 19273.783203 82.722702
v -18151.382812 19606.261719 -144.483353
v -18019.626953 19325.093750 142.250046
v -18057.136719 19657.572266 -84.958939
v -17770.439453 19121.437500 -192.134720
v -17807.947266 19453.916016 -419.340790
v -17665.929688 19049.576172 -350.957001
v -17703.439453 19382.054688 -578.164001
v -17932.953125 19325.970703 129.220749
v -17970.458984 19658.447266 -97.985306
v -17863.488281 19599.406250 -202.042923
v -17825.980469 19266.927734 25.165081
v -17678.250000 19362.335938 -681.336853
v -17488.546875 19297.884766 -705.165955
v -17451.039062 18965.406250 -477.959930
v -17640.742188 19029.857422 -454.130829
v -17424.818359 18962.394531 -486.694305
v -17462.324219 19294.873047 -713.901306
v -17557.185547 18966.378906 -501.630829
v -17594.695312 19298.859375 -728.838806
v -17668.335938 19274.240234 -747.747986
v -17933.718750 19267.121094 -733.431580
v -17896.208984 18934.642578 -506.226532
v -17630.826172 18941.761719 -520.541931
v -18131.937500 19394.855469 -505.011688
v -18186.320312 19447.478516 -371.067352
v -18148.812500 19115.001953 -143.862259
v -18090.962891 19034.992188 -325.038055
v -18192.595703 19538.986328 -236.123978
v -18148.125000 19605.162109 -146.631790
v -18110.615234 19272.683594 80.575241
v -18155.089844 19206.509766 -8.916950
v -18055.912109 19655.484375 -88.212845
v -18018.406250 19323.007812 138.992233
v -17811.726562 19452.818359 -420.321259
v -17774.218750 19120.341797 -193.116165
v -17707.244141 19380.998047 -579.082947
v -17669.738281 19048.519531 -351.875946
v -17466.195312 19293.923828 -714.650330
v -17428.685547 18961.447266 -487.444305
v -17597.341797 19300.382812 -726.170837
v -17559.833984 18967.906250 -498.963837
v -17744.925781 19850.248047 -328.521454
v -17704.265625 19710.505859 -364.880829
v -17323.892578 19835.845703 -421.253876
v -17364.552734 19975.589844 -384.894501
v -17234.304688 19429.667969 -719.870056
v -17614.677734 19304.324219 -663.496033
v -17558.898438 19155.730469 -617.519470
v -17178.525391 19281.072266 -673.892517
v -17225.554688 19397.310547 -778.010681
v -17605.925781 19271.968750 -721.636658
v -17708.464844 19495.707031 -846.638611
v -17328.095703 19621.048828 -903.010681
v -17403.099609 19882.751953 -851.410095
v -17783.472656 19757.412109 -795.038025
v -17808.472656 19875.078125 -702.095642
v -17428.097656 20000.417969 -758.466736
v -17435.617188 20077.494141 -637.817322
v -17815.988281 19952.152344 -581.444275
v -17804.398438 19965.378906 -473.826141
v -17424.025391 20090.718750 -530.200134
v -17775.068359 19924.037109 -367.847626
v -17394.697266 20049.378906 -424.220673
v -17665.751953 19580.253906 -502.820282
v -17285.378906 19705.593750 -559.193298
v -17634.017578 19385.851562 -612.717712
v -17253.644531 19511.191406 -669.089783
v -17745.406250 19850.076172 -332.151337
v -17365.035156 19975.416016 -388.525360
v -17324.935547 19837.476562 -424.662079
v -17705.306641 19712.136719 -368.289032
v -17235.082031 19430.390625 -723.507751
v -17178.902344 19280.599609 -677.471619
v -17559.275391 19155.259766 -621.098572
v -17615.455078 19305.048828 -667.133728
v -17550.111328 19130.339844 -614.668884
v -17169.736328 19255.683594 -671.042908
v -17552.964844 19130.712891 -633.101501
v -17172.591797 19256.052734 -689.474548
v -17225.847656 19399.457031 -775.220642
v -17327.535156 19620.990234 -899.359314
v -17707.906250 19495.648438 -842.987244
v -17606.222656 19274.115234 -718.848572
v -17401.976562 19880.800781 -848.154236
v -17426.787109 19997.582031 -755.899353
v -17807.156250 19872.238281 -699.528259
v -17782.347656 19755.458984 -791.781189
v -17434.248047 20074.001953 -636.347595
v -17422.843750 20087.058594 -530.369080
v -17803.218750 19961.716797 -473.996063
v -17814.619141 19948.660156 -579.972595
v -17394.156250 20046.705078 -426.515594
v -17774.531250 19921.365234 -370.143524
v -17286.613281 19707.998047 -562.161072
v -17666.982422 19582.658203 -505.788055
v -17254.884766 19513.648438 -672.016541
v -17635.259766 19388.308594 -615.643494
v -17171.009766 19258.279297 -673.849548
v -17551.380859 19132.939453 -617.476501
v -17173.587891 19259.515625 -688.495056
v -17553.960938 19134.175781 -632.122986
v -16870.046875 19355.863281 192.197311
v -16937.058594 19338.878906 45.136761
v -17208.732422 19081.585938 198.642624
v -17141.726562 19098.570312 345.703156
v -17307.800781 18869.992188 -331.337860
v -17036.125000 19127.285156 -484.843719
v -17149.359375 19180.390625 -596.239197
v -17421.039062 18923.099609 -442.733368
v -17287.808594 18823.001953 -395.426727
v -17016.130859 19080.291016 -548.933533
v -16815.234375 18925.472656 -432.162079
v -17086.910156 18668.181641 -278.654266
v -16966.818359 18715.335938 12.917034
v -16695.140625 18972.625000 -140.588821
v -16669.634766 19039.335938 16.362347
v -16941.310547 18782.046875 169.869186
v -16954.251953 18875.998047 304.441437
v -16682.576172 19133.289062 150.933640
v -16727.906250 19222.492188 220.213913
v -16999.583984 18965.199219 373.721710
v -16805.636719 19315.621094 238.747116
v -17077.310547 19058.328125 392.254913
v -16996.458984 19269.994141 -175.448196
v -17268.136719 19012.703125 -21.940388
v -17011.699219 19162.054688 -383.336884
v -17283.376953 18904.763672 -229.831009
v -16868.351562 19352.826172 190.108444
v -17140.031250 19095.537109 343.616241
v -17206.048828 19078.562500 198.323288
v -16934.373047 19335.853516 44.815472
v -17305.558594 18866.863281 -332.609344
v -17419.550781 18920.136719 -445.066376
v -17147.873047 19177.427734 -598.573181
v -17033.878906 19124.154297 -486.115204
v -17166.226562 19185.253906 -617.931580
v -17437.902344 18927.964844 -464.425751
v -17156.857422 19169.718750 -627.387634
v -17428.533203 18912.429688 -473.881805
v -17287.884766 18825.136719 -391.980438
v -17088.757812 18671.257812 -276.767548
v -16817.080078 18928.548828 -430.275360
v -17016.208984 19082.429688 -545.488220
v -16969.623047 18718.265625 12.865276
v -16944.312500 18784.480469 168.640671
v -16672.634766 19041.771484 15.132854
v -16697.945312 18975.556641 -140.642532
v -16957.107422 18877.574219 302.031281
v -17001.728516 18965.414062 370.286163
v -16730.050781 19222.705078 216.778366
v -16685.427734 19134.865234 148.524460
v -17077.800781 19056.660156 388.591827
v -16806.121094 19313.951172 235.085007
v -17265.201172 19009.974609 -21.321247
v -16993.521484 19267.265625 -174.828079
v -17280.429688 18902.064453 -229.140579
v -17008.753906 19159.353516 -382.646454
v -17434.929688 18925.351562 -463.543915
v -17163.251953 19182.642578 -617.049744
v -17426.912109 18912.916016 -470.196259
v -17155.238281 19170.207031 -623.704041
v -17494.343750 19002.570312 262.257843
v -17439.962891 19016.554688 123.152390
v -17796.166016 19162.017578 -1.472614
v -17850.546875 19148.035156 137.631882
v -17682.207031 19028.880859 -482.583954
v -17326.005859 18883.416016 -357.957001
v -17248.830078 18974.525391 -472.192352
v -17605.033203 19119.988281 -596.818298
v -17677.800781 18982.951172 -544.889587
v -17321.601562 18837.488281 -420.262665
v -17438.292969 18596.289062 -250.071243
v -17794.496094 18741.751953 -374.696259
v -17902.191406 18747.248047 -121.989212
v -17545.990234 18601.783203 2.636761
v -17590.880859 18657.777344 135.734421
v -17947.083984 18803.242188 11.107464
v -17954.080078 18886.138672 127.866257
v -17597.880859 18740.675781 252.493210
v -17579.210938 18833.187500 307.114288
v -17935.412109 18978.650391 182.489304
v -17536.437500 18942.470703 312.420929
v -17892.640625 19087.937500 187.794968
v -17382.070312 18984.554688 -79.666946
v -17738.269531 19130.019531 -204.293900
v -17350.970703 18901.890625 -265.037079
v -17707.171875 19047.355469 -389.663055
v -17495.097656 18999.359375 260.659210
v -17851.296875 19144.824219 136.032272
v -17797.675781 19158.402344 -1.373981
v -17441.476562 19012.939453 123.251999
v -17683.363281 19025.361328 -483.385712
v -17605.638672 19116.921875 -598.661072
v -17249.439453 18971.457031 -474.036102
v -17327.160156 18879.898438 -358.758759
v -17236.791016 18985.582031 -493.700165
v -17592.990234 19131.046875 -618.328064
v -17241.167969 18968.855469 -500.706024
v -17597.371094 19114.320312 -625.330994
v -17678.128906 18984.748047 -541.863220
v -17793.632812 18745.062500 -373.295868
v -17437.431641 18599.597656 -248.669876
v -17321.925781 18839.283203 -417.236298
v -17900.570312 18750.833984 -122.434525
v -17945.224609 18806.501953 9.597698
v -17589.023438 18661.039062 134.225632
v -17544.367188 18605.371094 2.192425
v -17952.179688 18888.632812 125.336960
v -17933.808594 18979.722656 179.158249
v -17577.609375 18834.259766 303.784210
v -17595.976562 18743.167969 249.962936
v -17891.966797 19086.761719 184.497116
v -17535.763672 18941.298828 309.124054
v -17740.025391 19126.542969 -203.331009
v -17383.826172 18981.078125 -78.705032
v -17708.941406 19043.898438 -388.636688
v -17352.742188 18898.433594 -264.010712
v -17594.796875 19127.648438 -617.127869
v -17238.597656 18982.183594 -492.500946
v -17598.699219 19114.042969 -621.854431
v -17242.500000 18968.580078 -497.228485
v -17069.787109 19910.933594 -275.139618
v -17142.623047 19794.640625 -335.752899
v -16893.738281 19539.281250 -144.913040
v -16820.900391 19655.574219 -84.299759
v -17005.742188 19174.757812 -486.607391
v -17254.626953 19430.113281 -677.447205
v -17375.824219 19318.083984 -669.287048
v -17126.941406 19062.726562 -478.448212
v -16999.367188 19133.871094 -552.168884
v -17248.251953 19389.228516 -743.010681
v -17020.478516 19547.214844 -826.126892
v -16771.593750 19291.855469 -635.287048
v -16640.666016 19517.533203 -504.063446
v -16889.550781 19772.890625 -694.904236
v -16860.429688 19879.375000 -590.394470
v -16611.546875 19624.017578 -399.554657
v -16623.359375 19701.980469 -279.824188
v -16872.248047 19957.339844 -470.664032
v -16919.195312 19982.658203 -375.555634
v -16670.312500 19727.300781 -184.717728
v -17001.076172 19964.296875 -293.340790
v -16752.189453 19708.937500 -102.501907
v -17157.062500 19680.636719 -488.587860
v -16908.175781 19425.279297 -297.749969
v -17227.416016 19502.019531 -616.719666
v -16978.529297 19246.662109 -425.879852
v -17068.021484 19910.294922 -278.289032
v -16819.136719 19654.937500 -87.451126
v -16890.908203 19540.113281 -147.493118
v -17139.792969 19795.472656 -338.332001
v -17003.388672 19174.832031 -489.575165
v -17125.398438 19061.859375 -481.618134
v -17374.285156 19317.218750 -672.456970
v -17252.271484 19430.191406 -680.414001
v -17393.947266 19298.257812 -672.187439
v -17145.058594 19042.898438 -481.348602
v -17384.173828 19296.019531 -687.922791
v -17135.291016 19040.662109 -497.083954
v -16999.402344 19135.962891 -549.324158
v -16773.519531 19292.308594 -632.165955
v -17022.404297 19547.667969 -823.005798
v -17248.287109 19391.320312 -740.163025
v -16643.628906 19516.425781 -501.680634
v -16614.732422 19622.109375 -397.950165
v -16863.617188 19877.468750 -588.789978
v -16892.513672 19771.785156 -692.519470
v -16626.410156 19699.402344 -279.297821
v -16672.623047 19724.363281 -185.632767
v -16921.507812 19979.720703 -376.472626
v -16875.296875 19954.759766 -470.137665
v -16752.755859 19706.496094 -105.034134
v -17001.642578 19961.851562 -295.873016
v -16905.066406 19426.785156 -299.789032
v -17153.949219 19682.144531 -490.628876
v -16975.406250 19248.216797 -427.873016
v -17224.291016 19503.574219 -618.712830
v -17141.906250 19044.582031 -483.209930
v -17390.791016 19299.941406 -674.049744
v -17133.529297 19043.554688 -495.513641
v -17382.412109 19298.912109 -686.353455
v -18095.996094 19333.404297 -726.833923
v -18003.595703 19306.316406 -704.473572
v -17766.312500 19601.406250 -846.639587
v -17858.712891 19628.496094 -868.997986
v -17590.082031 19486.220703 -716.394470
v -17827.363281 19191.126953 -574.229431
v -17705.228516 19116.246094 -531.652283
v -17467.947266 19411.339844 -673.818298
v -17583.046875 19499.462891 -695.498962
v -17820.330078 19204.369141 -553.332947
v -18036.906250 19385.332031 -514.174744
v -17799.623047 19680.425781 -656.342712
v -17966.267578 19803.205078 -690.106384
v -18203.552734 19508.113281 -547.940369
v -18253.689453 19528.705078 -588.579041
v -18016.408203 19823.796875 -730.746033
v -18026.888672 19808.257812 -779.685486
v -18264.171875 19513.166016 -637.518494
v -18233.447266 19468.287109 -678.372009
v -17996.164062 19763.378906 -820.538025
v -18163.962891 19393.724609 -715.866150
v -17926.677734 19688.816406 -858.031189
v -17912.458984 19257.570312 -656.957947
v -17675.177734 19552.662109 -799.123962
v -17867.197266 19212.003906 -597.300720
v -17629.916016 19507.097656 -739.466736
v -18097.230469 19335.070312 -725.468689
v -17859.947266 19630.162109 -867.635681
v -17768.761719 19603.972656 -845.448181
v -18006.046875 19308.880859 -703.282166
v -17591.966797 19488.390625 -715.072205
v -17468.947266 19412.814453 -672.457947
v -17706.230469 19117.722656 -530.291931
v -17829.248047 19193.298828 -572.907166
v -17695.839844 19109.197266 -524.756775
v -17458.558594 19404.291016 -666.921814
v -17685.417969 19113.449219 -517.897400
v -17448.134766 19408.541016 -660.062439
v -17583.550781 19499.306641 -696.649353
v -17798.210938 19678.619141 -657.704041
v -18035.494141 19383.527344 -515.536072
v -17820.835938 19204.212891 -554.483337
v -17963.640625 19800.531250 -691.225525
v -18013.400391 19820.964844 -731.560486
v -18250.681641 19525.871094 -589.396423
v -18200.923828 19505.437500 -549.059509
v -18023.816406 19805.593750 -780.056580
v -17993.583984 19761.417969 -820.290955
v -18230.869141 19466.324219 -678.124939
v -18261.101562 19510.500000 -637.891541
v -17925.611328 19688.437500 -857.039978
v -18162.890625 19393.345703 -714.872986
v -17678.021484 19555.445312 -798.136658
v -17915.304688 19260.351562 -655.971619
v -17632.783203 19509.892578 -738.497986
v -17870.064453 19214.798828 -596.330017
v -17461.482422 19407.103516 -666.004822
v -17698.763672 19112.011719 -523.837830
v -17450.269531 19410.001953 -660.602478
v -17687.548828 19114.908203 -518.436462
v -17038.339844 18557.333984 -146.223587
v -17054.365234 18634.007812 -213.133743
v -17454.800781 18580.271484 -193.491165
v -17438.771484 18503.597656 -126.581009
v -17486.623047 18797.041016 -292.409149
v -17086.189453 18850.777344 -312.051727
v -17107.824219 18961.355469 -410.642548
v -17508.257812 18907.621094 -391.000946
v -17495.158203 18817.582031 -273.995087
v -17094.722656 18871.318359 -293.637665
v -17060.015625 18772.238281 -16.053669
v -17460.451172 18718.503906 3.587933
v -17438.802734 18586.687500 167.923874
v -17038.367188 18640.421875 148.283249
v -17028.460938 18575.494141 167.681686
v -17428.896484 18521.759766 187.323288
v -17423.593750 18474.384766 152.934616
v -17023.160156 18528.119141 133.292038
v -17023.970703 18512.949219 58.904339
v -17424.406250 18459.214844 78.546921
v -17030.193359 18524.527344 -57.145466
v -17430.630859 18470.792969 -37.504841
v -17071.361328 18729.767578 -272.194305
v -17471.794922 18676.031250 -252.552689
v -17079.058594 18806.896484 -287.884735
v -17479.494141 18753.160156 -268.243134
v -17038.283203 18557.712891 -143.499954
v -17438.718750 18503.978516 -123.857376
v -17454.568359 18579.753906 -189.523392
v -17054.134766 18633.490234 -209.164993
v -17486.478516 18796.984375 -288.973602
v -17508.234375 18908.140625 -388.550751
v -17107.800781 18961.876953 -408.192352
v -17086.046875 18850.720703 -308.615204
v -17107.679688 18973.337891 -417.146454
v -17508.113281 18919.601562 -397.503876
v -17115.974609 18984.142578 -415.505829
v -17516.408203 18930.406250 -395.864227
v -17494.998047 18816.308594 -274.504852
v -17460.525391 18718.236328 0.663128
v -17060.093750 18771.972656 -18.977497
v -17094.562500 18870.044922 -294.145477
v -17439.060547 18587.376953 163.822311
v -17429.232422 18522.933594 183.065475
v -17028.796875 18576.669922 163.424850
v -17038.626953 18641.113281 144.179733
v -17423.970703 18475.968750 149.025436
v -17424.767578 18461.011719 75.798874
v -17024.333984 18514.746094 56.157269
v -17023.537109 18529.703125 129.383835
v -17430.849609 18472.281250 -37.799763
v -17030.416016 18526.015625 -57.441364
v -17471.496094 18675.101562 -248.323196
v -17071.060547 18728.835938 -267.964813
v -17479.189453 18752.199219 -264.001923
v -17078.755859 18805.935547 -283.644501
v -17507.798828 18918.562500 -393.248016
v -17107.365234 18972.296875 -412.890594
v -17516.083984 18928.638672 -393.910126
v -17115.646484 18982.375000 -413.551727
v -16661.447266 19290.324219 -588.748962
v -16762.699219 19285.082031 -607.358337
v -16798.101562 18956.316406 -374.352509
v -16696.849609 18961.558594 -355.743134
v -17035.966797 18991.824219 -363.838837
v -17000.566406 19320.593750 -596.843689
v -17147.310547 19313.261719 -626.197205
v -17182.712891 18984.496094 -393.193329
v -17045.783203 19003.158203 -337.735321
v -17010.382812 19331.925781 -570.741150
v -16780.347656 19433.937500 -404.472626
v -16815.750000 19105.171875 -171.465775
v -16618.228516 19131.343750 -97.202103
v -16582.828125 19460.111328 -330.206024
v -16516.636719 19445.246094 -341.626923
v -16552.039062 19116.480469 -108.622025
v -16528.570312 19082.718750 -154.033157
v -16493.171875 19411.486328 -387.039032
v -16518.068359 19370.753906 -449.991180
v -16553.468750 19041.986328 -216.986282
v -16587.457031 19320.244141 -533.961853
v -16622.857422 18991.476562 -300.956024
v -16876.158203 19291.705078 -613.084900
v -16911.560547 18962.937500 -380.080048
v -16950.177734 19315.769531 -596.116150
v -16985.578125 18987.001953 -363.110321
v -16660.380859 19291.750000 -586.513611
v -16695.783203 18962.984375 -353.508759
v -16795.621094 18957.998047 -371.529266
v -16760.218750 19286.763672 -604.535095
v -17034.158203 18993.425781 -361.238251
v -17181.908203 18985.843750 -391.111298
v -17146.507812 19314.611328 -624.117126
v -16998.757812 19322.193359 -594.243103
v -17160.548828 19316.250000 -627.550720
v -17195.951172 18987.482422 -394.543915
v -17170.615234 19315.697266 -617.919861
v -17206.013672 18986.931641 -384.915009
v -17044.939453 19002.445312 -338.638641
v -16817.013672 19103.691406 -173.808548
v -16781.611328 19432.458984 -406.813446
v -17009.541016 19331.212891 -571.644470
v -16620.921875 19129.662109 -100.058548
v -16555.232422 19114.906250 -111.397415
v -16519.833984 19443.675781 -344.403290
v -16585.523438 19458.425781 -333.064423
v -16531.941406 19081.458984 -156.377884
v -16556.433594 19041.353516 -218.359329
v -16521.031250 19370.119141 -451.364227
v -16496.542969 19410.226562 -389.384735
v -16624.298828 18991.888672 -300.579071
v -16588.898438 19320.654297 -533.583923
v -16908.589844 18964.589844 -377.224579
v -16873.187500 19293.355469 -610.228455
v -16982.576172 18988.648438 -360.260712
v -16947.175781 19317.414062 -593.266541
v -17192.871094 18989.107422 -391.713837
v -17157.470703 19317.875000 -624.718689
v -17203.484375 18987.201172 -384.135712
v -17168.083984 19315.966797 -617.141541
v -17277.710938 19800.873047 -976.853455
v -17314.664062 19714.937500 -934.019470
v -16944.068359 19601.513672 -818.300720
v -16907.117188 19687.449219 -861.133728
v -17042.054688 19439.197266 -671.716736
v -17412.652344 19552.621094 -787.435486
v -17467.621094 19427.472656 -726.928650
v -17097.021484 19314.048828 -611.208923
v -17041.121094 19445.103516 -646.340759
v -17411.714844 19558.527344 -762.059509
v -17337.849609 19835.003906 -757.955017
v -16967.253906 19721.582031 -642.235291
v -16888.894531 19908.511719 -696.951111
v -17259.490234 20021.935547 -812.670837
v -17232.490234 20062.109375 -860.182556
v -16861.894531 19948.683594 -744.462830
v -16850.218750 19936.578125 -794.842712
v -17220.814453 20050.000000 -910.562439
v -17227.546875 19992.046875 -947.212830
v -16856.951172 19878.625000 -831.493103
v -17250.968750 19888.814453 -975.192322
v -16880.375000 19775.390625 -859.474548
v -17358.511719 19629.273438 -873.363220
v -16987.914062 19515.847656 -757.644470
v -17392.576172 19589.207031 -815.966736
v -17021.980469 19475.785156 -700.247986
v -17277.400391 19803.060547 -975.656189
v -16906.804688 19689.636719 -859.937439
v -16943.222656 19605.089844 -817.445251
v -17313.816406 19718.513672 -933.165955
v -17041.466797 19442.150391 -670.653259
v -17096.808594 19315.951172 -609.986267
v -17467.404297 19429.375000 -725.704041
v -17412.062500 19555.576172 -786.372009
v -17474.859375 19418.330078 -719.895447
v -17104.263672 19304.904297 -604.174744
v -17472.730469 19413.292969 -707.838806
v -17102.134766 19299.869141 -592.118103
v -17040.736328 19445.132812 -647.560486
v -16967.640625 19719.181641 -643.402283
v -17338.234375 19832.605469 -759.121033
v -17411.332031 19558.556641 -763.280212
v -16889.824219 19904.759766 -697.709900
v -16863.027344 19944.625000 -744.866150
v -17233.625000 20058.046875 -860.583923
v -17260.419922 20018.183594 -813.430603
v -16851.443359 19932.666016 -794.795837
v -16858.066406 19875.625000 -830.892517
v -17228.660156 19989.048828 -946.613220
v -17222.041016 20046.089844 -910.514587
v -16880.968750 19774.597656 -858.334900
v -17251.564453 19888.021484 -974.055603
v -16986.875000 19519.794922 -757.046814
v -17357.468750 19633.220703 -872.765564
v -17020.927734 19479.750000 -699.670837
v -17391.523438 19593.175781 -815.389587
v -17103.179688 19308.914062 -603.658142
v -17473.773438 19422.339844 -719.377869
v -17101.164062 19302.179688 -592.950134
v -17471.761719 19415.603516 -708.668884
v -17118.123047 19716.035156 -308.590790
v -17120.281250 19634.464844 -376.752899
v -17472.730469 19706.177734 -458.693329
v -17470.570312 19787.744141 -390.531219
v -17499.228516 19468.494141 -543.612244
v -17146.777344 19396.783203 -461.673798
v -17158.072266 19256.533203 -545.647400
v -17510.521484 19328.244141 -627.587830
v -17510.628906 19457.253906 -530.284119
v -17158.181641 19385.542969 -448.345673
v -17162.001953 19586.125000 -214.689407
v -17514.455078 19657.835938 -296.626923
v -17511.429688 19843.837891 -159.267532
v -17158.980469 19772.125000 -77.327103
v -17149.232422 19839.226562 -60.164021
v -17501.681641 19910.937500 -142.103470
v -17489.224609 19940.605469 -169.728470
v -17136.773438 19868.894531 -87.788040
v -17125.806641 19853.210938 -149.047806
v -17478.253906 19924.921875 -230.987259
v -17115.138672 19796.503906 -245.227493
v -17467.589844 19868.214844 -327.167938
v -17132.345703 19523.449219 -427.539032
v -17484.792969 19595.160156 -509.475555
v -17141.408203 19446.527344 -440.928680
v -17493.857422 19518.236328 -522.869080
v -17118.490234 19716.771484 -306.343719
v -17470.941406 19788.484375 -388.284149
v -17473.074219 19708.230469 -455.402313
v -17120.625000 19636.519531 -373.461884
v -17499.597656 19469.910156 -540.771423
v -17510.888672 19328.744141 -625.570251
v -17158.437500 19257.031250 -543.630798
v -17147.146484 19398.199219 -458.831024
v -17157.707031 19242.916016 -550.727478
v -17510.160156 19314.626953 -632.667908
v -17165.892578 19233.929688 -551.215759
v -17518.341797 19305.640625 -633.155212
v -17510.339844 19458.216797 -530.681580
v -17514.083984 19656.919922 -299.042938
v -17161.632812 19585.207031 -217.102493
v -17157.890625 19386.503906 -448.743134
v -17511.101562 19841.578125 -162.672806
v -17501.427734 19908.171875 -145.644485
v -17148.978516 19836.458984 -63.705036
v -17158.654297 19769.867188 -80.732376
v -17489.082031 19937.603516 -172.987259
v -17478.279297 19922.183594 -233.292923
v -17125.830078 19850.472656 -151.351517
v -17136.632812 19865.894531 -91.046829
v -17467.832031 19866.734375 -327.436493
v -17115.382812 19795.023438 -245.497025
v -17485.089844 19597.691406 -505.963837
v -17132.642578 19525.980469 -424.024384
v -17494.148438 19520.800781 -519.345642
v -17141.699219 19449.089844 -437.405243
v -17510.437500 19317.267578 -629.128845
v -17157.990234 19245.556641 -547.189392
v -17518.232422 19308.035156 -631.506775
v -17165.781250 19236.324219 -549.568298
v -17612.644531 19728.855469 -380.710907
v -17583.515625 19654.828125 -454.475555
v -17802.501953 19451.779297 -342.221649
v -17831.630859 19525.806641 -268.457001
v -17666.535156 19237.083984 -470.312469
v -17447.554688 19440.132812 -582.566345
v -17383.113281 19311.964844 -683.330017
v -17602.097656 19108.919922 -571.077087
v -17654.728516 19222.117188 -460.219696
v -17435.742188 19425.166016 -572.473572
v -17476.816406 19609.615234 -341.701141
v -17695.798828 19406.568359 -229.448196
v -17772.087891 19571.617188 -72.949173
v -17553.099609 19774.664062 -185.202103
v -17594.181641 19835.957031 -154.675735
v -17813.167969 19632.908203 -42.423786
v -17846.507812 19661.027344 -56.603474
v -17627.523438 19864.074219 -168.855423
v -17642.591797 19851.400391 -220.983353
v -17861.576172 19648.353516 -108.729446
v -17643.068359 19801.960938 -310.971649
v -17862.054688 19598.912109 -198.717728
v -17525.574219 19553.281250 -522.118103
v -17744.558594 19350.230469 -409.864227
v -17474.552734 19485.339844 -553.634705
v -17693.537109 19282.292969 -441.380829
v -17612.208984 19729.466797 -378.759735
v -17831.193359 19526.419922 -266.505829
v -17802.564453 19453.574219 -339.115204
v -17583.580078 19656.625000 -451.367157
v -17666.335938 19238.308594 -467.718719
v -17601.587891 19109.320312 -569.364197
v -17382.603516 19312.369141 -681.618103
v -17447.353516 19441.357422 -579.972595
v -17374.789062 19300.960938 -691.586853
v -17593.775391 19097.914062 -579.333923
v -17370.714844 19288.162109 -691.603455
v -17589.699219 19085.111328 -579.348572
v -17655.595703 19223.015625 -460.289032
v -17696.173828 19405.789062 -231.579056
v -17477.189453 19608.839844 -343.832977
v -17436.609375 19426.064453 -572.542908
v -17771.917969 19569.634766 -76.197220
v -17812.697266 19630.462891 -45.909138
v -17593.708984 19833.511719 -158.164017
v -17552.935547 19772.681641 -188.451126
v -17845.742188 19658.355469 -59.926716
v -17860.591797 19645.898438 -111.237259
v -17641.607422 19848.947266 -223.488235
v -17626.757812 19861.402344 -172.180618
v -17861.101562 19597.558594 -199.305618
v -17642.115234 19800.605469 -311.558563
v -17744.873047 19352.462891 -406.457977
v -17525.890625 19555.511719 -518.711853
v -17693.871094 19284.550781 -437.961884
v -17474.884766 19487.599609 -550.213806
v -17594.160156 19100.246094 -575.882751
v -17375.171875 19303.292969 -688.137634
v -17590.718750 19087.269531 -577.447205
v -17371.732422 19290.316406 -689.699158
v -17368.976562 19062.818359 113.711960
v -17371.876953 19034.449219 9.584026
v -17056.074219 19199.525391 -85.780228
v -17053.173828 19227.894531 18.347698
v -17124.339844 19170.058594 -314.344696
v -17440.142578 19004.978516 -218.979446
v -17468.482422 18972.716797 -377.110321
v -17152.675781 19137.792969 -472.473602
v -17129.583984 19189.089844 -320.992157
v -17445.386719 19024.013672 -225.629837
v -17448.019531 19166.177734 47.546917
v -17132.212891 19331.255859 -47.816364
v -17099.580078 19400.957031 170.244186
v -17415.384766 19235.880859 265.608429
v -17393.277344 19231.658203 331.830109
v -17077.472656 19396.738281 236.466843
v -17055.617188 19363.789062 251.805710
v -17371.419922 19198.710938 347.168976
v -17356.949219 19149.166016 309.026398
v -17041.146484 19314.244141 213.663132
v -17357.935547 19094.722656 210.455124
v -17042.128906 19259.798828 115.090866
v -17396.623047 19000.925781 -94.451126
v -17080.818359 19166.003906 -189.814407
v -17426.503906 19008.929688 -166.711868
v -17110.699219 19174.007812 -262.075165
v -17369.441406 19064.587891 115.251999
v -17053.638672 19229.666016 19.889690
v -17056.347656 19201.839844 -82.659134
v -17372.150391 19036.761719 12.705120
v -17124.722656 19172.156250 -311.962860
v -17153.160156 19139.429688 -471.233368
v -17468.964844 18974.351562 -375.870087
v -17440.525391 19007.078125 -216.598587
v -17473.736328 18970.843750 -390.536102
v -17157.931641 19135.921875 -485.898407
v -17473.007812 18977.324219 -400.802704
v -17157.205078 19142.402344 -496.165985
v -17129.042969 19188.460938 -320.299774
v -17131.767578 19329.388672 -49.584919
v -17447.570312 19164.312500 45.777386
v -17444.847656 19023.382812 -224.933548
v -17099.355469 19398.605469 166.895554
v -17077.414062 19394.412109 232.614304
v -17393.218750 19229.332031 327.976593
v -17415.160156 19233.527344 262.258820
v -17055.753906 19361.781250 247.855515
v -17041.498047 19313.000000 210.325241
v -17357.304688 19147.923828 305.688507
v -17371.554688 19196.701172 343.219757
v -17042.656250 19259.988281 113.673874
v -17358.458984 19094.910156 209.038132
v -17080.968750 19168.375000 -186.180618
v -17396.773438 19003.298828 -90.816360
v -17110.839844 19176.376953 -258.410126
v -17426.642578 19011.298828 -163.047806
v -17158.042969 19138.281250 -482.158173
v -17473.849609 18973.205078 -386.795868
v -17156.769531 19143.166016 -493.393524
v -17472.572266 18978.087891 -398.030243
v -16985.488281 19324.894531 -61.491169
v -17009.228516 19262.974609 -147.348587
v -17031.304688 19521.955078 -332.350555
v -17007.566406 19583.875000 -246.490189
v -17177.240234 19370.443359 -524.013611
v -17155.166016 19111.462891 -339.011688
v -17219.025391 19014.511719 -470.368134
v -17241.101562 19273.490234 -655.368103
v -17198.435547 19372.169922 -527.639587
v -17176.357422 19113.189453 -342.637665
v -17161.619141 19280.609375 -96.228470
v -17183.695312 19539.589844 -281.228485
v -17119.232422 19679.433594 -97.268509
v -17097.160156 19420.453125 87.732468
v -17050.972656 19460.822266 138.857468
v -17073.052734 19719.804688 -46.144489
v -17028.167969 19727.496094 -40.732380
v -17006.091797 19468.515625 144.270554
v -16977.109375 19442.566406 104.372116
v -16999.185547 19701.546875 -80.627884
v -16959.394531 19384.894531 21.292034
v -16981.468750 19643.875000 -163.706985
v -17070.492188 19190.431641 -243.418900
v -17092.570312 19449.410156 -428.417938
v -17126.500000 19143.703125 -297.197235
v -17148.578125 19402.683594 -482.199188
v -16986.414062 19325.933594 -59.925739
v -17008.490234 19584.914062 -244.927689
v -17031.816406 19523.988281 -329.436493
v -17009.740234 19265.007812 -144.436478
v -17177.988281 19372.011719 -521.722595
v -17242.070312 19274.335938 -654.065369
v -17219.994141 19015.353516 -469.063446
v -17155.910156 19113.031250 -336.721649
v -17226.566406 19004.605469 -480.545868
v -17248.642578 19263.587891 -665.548767
v -17236.371094 19003.816406 -489.699188
v -17258.447266 19262.796875 -674.700134
v -17197.326172 19372.564453 -527.221619
v -17182.816406 19538.408203 -282.992157
v -17160.738281 19279.425781 -97.992142
v -17175.248047 19113.582031 -342.219696
v -17118.826172 19677.257812 -100.369095
v -17072.988281 19717.322266 -49.635700
v -17050.910156 19458.339844 135.364304
v -17096.750000 19418.277344 84.630905
v -17028.501953 19724.970703 -44.234333
v -16999.955078 19699.439453 -83.498001
v -16977.880859 19440.458984 101.503952
v -17006.423828 19465.992188 140.766647
v -16982.564453 19643.017578 -164.781204
v -16960.488281 19384.035156 20.217815
v -17092.818359 19451.761719 -425.088837
v -17070.740234 19192.783203 -240.088821
v -17148.804688 19405.054688 -478.845673
v -17126.728516 19146.074219 -293.843719
v -17248.812500 19266.001953 -662.137634
v -17226.738281 19007.021484 -477.136688
v -17257.517578 19264.535156 -672.372009
v -17235.441406 19005.554688 -487.370087
v -17816.433594 19519.824219 -195.755814
v -17817.492188 19443.566406 -299.642548
v -17750.851562 19141.722656 -98.329056
v -17787.134766 19192.691406 -12.364216
v -17587.871094 19061.869141 -275.720673
v -17656.283203 19322.777344 -406.927704
v -17576.414062 19254.050781 -532.413025
v -17508.003906 18993.142578 -401.207977
v -17568.263672 19063.708984 -268.918915
v -17636.677734 19324.617188 -400.125946
v -17692.044922 19532.558594 -217.872025
v -17625.408203 19230.716797 -16.556599
v -17714.957031 19332.513672 170.770554
v -17781.595703 19634.357422 -30.544880
v -17831.507812 19653.513672 14.550823
v -17764.871094 19351.671875 215.867233
v -17805.515625 19340.177734 212.085983
v -17872.154297 19642.017578 10.771526
v -17890.691406 19605.082031 -38.332966
v -17824.050781 19303.238281 162.981491
v -17872.335938 19557.748047 -123.155228
v -17824.957031 19240.742188 69.852585
v -17746.216797 19398.406250 -388.699188
v -17667.117188 19120.386719 -179.061478
v -17689.052734 19341.527344 -368.092743
v -17620.640625 19080.619141 -236.886673
v -17815.894531 19521.201172 -193.873001
v -17786.597656 19194.070312 -10.483356
v -17750.919922 19143.878906 -95.086868
v -17817.556641 19445.718750 -296.400360
v -17587.617188 19063.679688 -273.097626
v -17507.376953 18994.357422 -399.599579
v -17575.785156 19255.265625 -530.806580
v -17656.029297 19324.587891 -404.303680
v -17568.009766 19250.615234 -543.768494
v -17499.597656 18989.707031 -412.561493
v -17557.478516 19244.636719 -544.898376
v -17489.064453 18983.726562 -413.690399
v -17569.318359 19063.617188 -268.705048
v -17625.875000 19229.218750 -18.642536
v -17692.513672 19531.058594 -219.956009
v -17637.732422 19324.525391 -399.914032
v -17714.767578 19330.265625 167.345749
v -17764.306641 19349.277344 212.098679
v -17830.945312 19651.117188 10.782269
v -17781.408203 19632.109375 -33.969685
v -17804.595703 19337.906250 208.387741
v -17822.859375 19301.548828 160.060593
v -17889.501953 19603.390625 -41.253864
v -17871.236328 19639.750000 7.076214
v -17823.798828 19240.378906 68.931686
v -17871.177734 19557.386719 -124.075150
v -17667.490234 19122.736328 -175.427689
v -17746.589844 19400.755859 -385.065399
v -17621.035156 19082.976562 -233.231400
v -17689.449219 19343.884766 -364.438446
v -17500.050781 18992.083984 -408.858368
v -17568.464844 19252.992188 -540.065369
v -17490.298828 18984.996094 -411.384735
v -17558.712891 19245.906250 -542.591736
v -17656.183594 19121.003906 39.903362
v -17635.798828 19104.935547 -52.815388
v -17351.943359 19033.884766 3.231487
v -17367.492188 19033.101562 98.568405
v -17299.697266 19000.078125 -283.106415
v -17605.197266 19069.117188 -343.832001
v -17575.875000 19040.273438 -514.244080
v -17270.375000 18971.234375 -453.518524
v -17288.925781 19015.529297 -293.623016
v -17594.425781 19084.568359 -354.347626
v -17623.410156 19223.875000 -92.206985
v -17317.910156 19154.833984 -31.479450
v -17347.333984 19215.996094 198.620163
v -17652.833984 19285.039062 137.893600
v -17669.748047 19278.949219 215.695358
v -17364.251953 19209.908203 276.421906
v -17377.466797 19176.685547 305.139679
v -17682.964844 19245.726562 244.414108
v -17688.341797 19197.515625 216.992233
v -17382.839844 19128.476562 277.718781
v -17687.353516 19131.851562 138.065475
v -17381.855469 19062.814453 198.792038
v -17621.246094 19083.175781 -188.417923
v -17328.207031 18990.312500 -136.017532
v -17616.429688 19071.558594 -284.861298
v -17310.931641 19002.519531 -224.134720
v -17656.033203 19122.720703 41.089886
v -17367.341797 19034.816406 99.752975
v -17352.007812 19036.095703 6.056683
v -17635.865234 19107.148438 -49.990192
v -17299.652344 19002.099609 -281.061493
v -17270.191406 18972.828125 -452.634735
v -17575.691406 19041.867188 -513.360291
v -17605.148438 19071.140625 -341.787079
v -17574.435547 19040.001953 -530.257751
v -17268.937500 18970.960938 -469.531219
v -17566.189453 19042.796875 -540.491150
v -17260.689453 18973.755859 -479.763641
v -17289.271484 19014.882812 -292.610321
v -17318.033203 19153.027344 -32.897419
v -17623.533203 19222.066406 -93.622025
v -17594.773438 19083.921875 -353.336884
v -17347.228516 19213.753906 195.543991
v -17364.015625 19207.703125 272.756866
v -17669.515625 19276.742188 212.030319
v -17652.728516 19282.792969 134.817429
v -17377.115234 19174.800781 301.256866
v -17382.414062 19127.335938 274.286163
v -17687.912109 19196.375000 213.560593
v -17682.613281 19243.837891 240.531296
v -17381.462891 19063.042969 197.092819
v -17686.962891 19132.082031 136.368210
v -17328.378906 18992.570312 -132.616165
v -17621.417969 19085.429688 -185.019485
v -17311.109375 19004.769531 -220.699173
v -17616.609375 19073.810547 -281.425751
v -17269.136719 18973.203125 -466.006805
v -17574.636719 19042.242188 -526.733337
v -17261.126953 18974.433594 -476.821259
v -17566.626953 19043.474609 -537.547791
v -17212.767578 19650.652344 145.612350
v -17185.136719 19576.722656 18.585979
v -17444.533203 19750.908203 -145.502884
v -17472.166016 19824.835938 -18.478474
v -17464.519531 19394.888672 -508.205048
v -17205.119141 19220.703125 -344.113251
v -17131.736328 19204.007812 -482.046844
v -17391.136719 19378.193359 -646.137634
v -17484.273438 19332.431641 -543.080017
v -17224.876953 19158.244141 -378.990204
v -17385.650391 19127.607422 -175.632767
v -17628.134766 19315.587891 -350.042938
v -17673.919922 19455.535156 -89.499954
v -17414.521484 19281.351562 74.591843
v -17415.236328 19385.781250 181.019577
v -17674.634766 19559.968750 16.929729
v -17637.578125 19674.332031 83.592819
v -17378.179688 19500.144531 247.684616
v -17326.638672 19583.351562 256.184601
v -17586.039062 19757.535156 92.094772
v -17257.781250 19646.875000 214.663132
v -17517.179688 19821.062500 50.572308
v -17178.201172 19439.972656 -144.502884
v -17437.601562 19614.160156 -308.593719
v -17205.867188 19285.460938 -271.006805
v -17465.267578 19459.648438 -435.097626
v -17214.597656 19647.937500 145.576218
v -17473.996094 19822.123047 -18.514606
v -17446.851562 19748.968750 -143.890579
v -17187.451172 19574.783203 20.198284
v -17466.650391 19392.472656 -507.416962
v -17392.841797 19375.414062 -646.447205
v -17133.443359 19201.230469 -482.357391
v -17207.251953 19218.287109 -343.327118
v -17121.804688 19197.492188 -505.443329
v -17381.203125 19371.679688 -669.535095
v -17131.507812 19184.134766 -504.480438
v -17390.906250 19358.322266 -668.571228
v -17483.541016 19335.199219 -541.204041
v -17626.109375 19318.166016 -350.040009
v -17383.626953 19130.185547 -175.632767
v -17224.140625 19161.013672 -377.115204
v -17671.578125 19457.257812 -91.400345
v -17672.353516 19560.882812 14.237347
v -17412.955078 19386.699219 178.328171
v -17412.177734 19283.074219 72.689499
v -17635.652344 19674.224609 80.336960
v -17584.906250 19756.173828 88.741257
v -17325.509766 19581.988281 252.832077
v -17376.253906 19500.039062 244.428757
v -17517.484375 19818.478516 48.197308
v -17258.085938 19644.291016 212.288132
v -17439.943359 19612.800781 -306.287079
v -17180.544922 19438.617188 -142.196243
v -17467.605469 19458.339844 -432.745087
v -17208.207031 19284.152344 -268.653290
v -17383.525391 19370.505859 -667.055603
v -17124.128906 19196.318359 -502.964813
v -17391.548828 19360.210938 -665.426697
v -17132.152344 19186.023438 -501.335907
v -17949.562500 18717.791016 -141.062454
v -17876.666016 18741.908203 -211.425735
v -18042.302734 19004.140625 -375.242157
v -18128.451172 19001.007812 -317.983368
v -17845.798828 19093.187500 -484.422821
v -17654.785156 18790.779297 -295.515594
v -17538.996094 18808.230469 -388.812469
v -17730.007812 19110.636719 -577.719666
v -17834.216797 19116.796875 -472.498993
v -17643.207031 18814.390625 -283.589813
v -17784.843750 18873.306641 -29.538044
v -17975.853516 19175.710938 -218.448196
v -18125.978516 19179.601562 -69.122025
v -17934.966797 18877.197266 119.788132
v -17995.140625 18851.539062 140.060593
v -18186.152344 19153.941406 -48.848591
v -18219.644531 19114.515625 -76.752884
v -18028.634766 18812.111328 112.155319
v -18025.771484 18772.453125 47.476604
v -18216.781250 19074.857422 -141.431595
v -17990.898438 18729.003906 -55.170856
v -18181.908203 19031.410156 -244.081009
v -17787.363281 18776.412109 -274.018524
v -17942.023438 19021.267578 -426.977509
v -17703.941406 18787.791016 -277.959930
v -17882.832031 19071.007812 -454.884735
v -17949.802734 18719.064453 -138.835892
v -18128.695312 19002.281250 -315.756805
v -18043.429688 19005.373047 -372.190399
v -17877.791016 18743.140625 -208.376907
v -17846.583984 19094.621094 -481.397430
v -17730.087891 19111.953125 -575.591736
v -17539.074219 18809.546875 -386.682587
v -17655.572266 18792.216797 -292.490204
v -17526.550781 18810.072266 -394.058563
v -17717.562500 19112.478516 -582.966736
v -17519.929688 18821.808594 -396.643524
v -17710.941406 19124.214844 -585.553650
v -17835.205078 19115.914062 -472.883759
v -17975.457031 19174.324219 -221.006790
v -17784.445312 18871.919922 -32.098591
v -17644.195312 18813.507812 -283.974579
v -18124.505859 19178.210938 -72.764603
v -18184.222656 19152.740234 -52.651325
v -17993.212891 18850.335938 136.257858
v -17933.490234 18875.804688 116.143600
v -18217.441406 19113.675781 -80.269485
v -18214.640625 19074.625000 -143.938431
v -18023.628906 18772.220703 44.969769
v -18026.429688 18811.271484 108.640671
v -18180.558594 19032.060547 -244.414017
v -17989.548828 18729.656250 -55.504841
v -17943.408203 19022.335938 -423.926727
v -17788.748047 18777.478516 -270.967743
v -17884.458984 19072.230469 -451.345673
v -17705.570312 18789.015625 -274.424774
v -17719.373047 19113.750000 -579.173767
v -17528.361328 18811.343750 -390.263641
v -17712.886719 19124.123047 -583.746033
v -17521.873047 18821.718750 -394.837860
vn 0.4378 0.5403 0.7187
vn 0.8901 0.3213 0.3232
vn 0.8893 0.3222 0.3246
vn 0.4377 0.5404 0.7186
vn 0.8894 0.3221 0.3245
vn 0.4378 0.5404 0.7185
vn 0.6779 0.4654 0.5691
vn 0.7007 0.4546 0.5498
vn 0.3795 0.5508 0.7433
vn 0.3795 0.5508 0.7434
vn 0.3642 0.5531 0.7493
vn 0.1951 -0.5383 -0.8199
vn 0.1957 -0.5382 -0.8198
vn -0.4297 -0.5244 -0.7351
vn -0.4297 -0.5245 -0.7350
vn -0.4376 -0.5226 -0.7317
vn -0.8685 -0.3208 -0.3780
vn -0.8646 -0.3238 -0.3842
vn -0.9804 -0.1691 -0.1011
vn -0.8684 -0.3208 -0.3781
vn -0.9804 -0.1693 -0.1010
vn -0.9776 -0.1769 -0.1143
vn -0.4379 -0.5226 -0.7315
vn -0.4300 -0.5244 -0.7349
vn -0.8643 -0.3242 -0.3847
vn -0.4379 -0.5225 -0.7316
vn -0.8644 -0.3241 -0.3844
vn -0.8683 -0.3208 -0.3784
vn -0.9810 0.0211 0.1930
vn -0.9810 0.0212 0.1929
vn -0.8038 0.2712 0.5295
vn -0.9810 0.0212 0.1930
vn -0.8035 0.2714 0.5298
vn -0.8035 0.2715 0.5299
vn -0.3018 0.5144 0.8027
vn -0.8035 0.2715 0.5298
vn -0.3018 0.5146 0.8026
vn -0.3018 0.5145 0.8027
vn -0.9777 -0.1766 -0.1138
vn -0.9805 -0.1690 -0.1007
vn -0.9811 0.0208 0.1926
vn -0.9777 -0.1765 -0.1139
vn -0.9811 0.0210 0.1926
vn 0.8903 0.3211 0.3228
vn 0.9282 0.2756 0.2501
vn 0.9243 0.2809 0.2584
vn 0.8903 0.3211 0.3229
vn 0.9241 0.2824 0.2574
vn 0.8896 0.3218 0.3240
vn -0.3014 0.5145 0.8028
vn -0.3014 0.5146 0.8027
vn 0.4375 0.5406 0.7186
vn 0.4375 0.5405 0.7187
vn 0.9280 0.2758 0.2504
vn 0.8916 0.3197 0.3208
vn 0.9069 0.3027 0.2932
vn 0.9280 0.2759 0.2505
vn 0.9242 0.2811 0.2587
vn 0.8918 0.3195 0.3204
vn 0.7007 0.4547 0.5498
vn 0.6780 0.4653 0.5690
vn 0.9070 0.3025 0.2930
vn -0.4385 -0.5402 -0.7183
vn -0.4385 -0.5403 -0.7182
vn -0.8899 -0.3216 -0.3235
vn -0.8908 -0.3206 -0.3221
vn -0.6773 -0.4656 -0.5696
vn -0.3434 -0.5560 -0.7569
vn -0.3544 -0.5546 -0.7529
vn -0.6774 -0.4656 -0.5695
vn -0.3544 -0.5544 -0.7530
vn -0.6985 -0.4558 -0.5517
vn 0.3798 0.5508 0.7433
vn 0.4527 0.5373 0.7116
vn 0.3797 0.5508 0.7433
vn 0.3643 0.5531 0.7493
vn 0.0895 -0.9211 -0.3788
vn 0.1583 -0.9349 -0.3176
vn 0.2563 -0.5256 -0.8112
vn 0.2562 -0.5255 -0.8113
vn 0.0766 -0.5566 -0.8272
vn -0.1961 0.5380 0.8198
vn 0.4371 0.5228 0.7319
vn 0.4293 0.5246 0.7352
vn 0.4292 0.5290 0.7321
vn -0.1969 0.5379 0.8197
vn 0.1964 -0.5380 -0.8198
vn 0.1956 -0.5381 -0.8199
vn 0.2568 -0.5253 -0.8113
vn 0.1965 -0.5380 -0.8197
vn 0.2569 -0.5253 -0.8112
vn 0.1582 -0.9349 -0.3178
vn 0.8685 0.3208 0.3778
vn 0.9776 0.1768 0.1144
vn 0.9803 0.1694 0.1012
vn 0.8686 0.3208 0.3778
vn 0.9804 0.1693 0.1011
vn 0.8648 0.3237 0.3839
vn 0.4372 0.5226 0.7319
vn 0.8683 0.3209 0.3782
vn 0.8646 0.3239 0.3842
vn 0.4375 0.5227 0.7317
vn 0.8645 0.3241 0.3842
vn 0.4297 0.5246 0.7350
vn 0.9810 -0.0210 -0.1927
vn 0.8042 -0.2708 -0.5290
vn 0.8043 -0.2707 -0.5290
vn 0.9810 -0.0211 -0.1928
vn 0.8040 -0.2710 -0.5292
vn 0.3024 -0.5142 -0.8026
vn 0.8040 -0.2711 -0.5293
vn 0.3024 -0.5143 -0.8025
vn 0.9776 0.1767 0.1140
vn 0.9811 -0.0208 -0.1925
vn 0.9811 -0.0207 -0.1925
vn 0.9811 -0.0208 -0.1924
vn 0.9804 0.1692 0.1009
vn -0.8910 -0.3203 -0.3218
vn -0.8899 -0.3235 -0.3217
vn -0.9244 -0.2807 -0.2581
vn -0.8910 -0.3204 -0.3218
vn -0.9244 -0.2807 -0.2582
vn -0.9284 -0.2754 -0.2496
vn 0.3021 -0.5144 -0.8026
vn -0.4382 -0.5404 -0.7183
vn -0.4383 -0.5403 -0.7183
vn 0.3021 -0.5145 -0.8025
vn -0.4382 -0.5403 -0.7184
vn -0.9282 -0.2755 -0.2500
vn -0.9243 -0.2808 -0.2584
vn -0.9053 -0.3045 -0.2961
vn -0.9053 -0.3044 -0.2961
vn -0.8906 -0.3207 -0.3223
vn -0.8908 -0.3206 -0.3220
vn -0.9055 -0.3043 -0.2957
vn -0.6775 -0.4655 -0.5694
vn -0.6988 -0.4556 -0.5515
vn -0.3546 -0.5546 -0.7528
vn -0.3436 -0.5560 -0.7569
vn -0.4074 -0.5461 -0.7320
vn -0.0451 0.5602 0.8272
vn -0.0271 0.9986 -0.0451
vn -0.2101 0.9377 0.2767
vn -0.2097 0.9378 0.2767
vn -0.2245 0.5324 0.8162
vn -0.1972 0.5378 0.8197
vn -0.2249 0.5323 0.8161
vn -0.2098 0.9377 0.2769
vn -0.1966 0.5380 0.8197
vn 0.0928 -0.8221 0.5618
vn 0.1042 -0.8613 0.4974
vn 0.1040 -0.8603 0.4991
vn 0.0929 -0.8220 0.5618
vn 0.1040 -0.8602 0.4992
vn 0.0866 -0.8163 0.5711
vn 0.1583 -0.9348 -0.3180
vn 0.0685 -0.8972 0.4363
vn 0.0867 -0.8163 0.5711
vn 0.0685 -0.8971 0.4364
vn 0.0904 -0.8158 0.5712
vn 0.1042 -0.8614 0.4971
vn 0.0949 -0.8679 0.4876
vn 0.0944 -0.8672 0.4889
vn 0.1044 -0.8614 0.4970
vn 0.0944 -0.8672 0.4890
vn 0.1040 -0.8604 0.4989
vn -0.1088 0.8665 -0.4872
vn -0.0928 0.8220 -0.5618
vn -0.1088 0.8665 -0.4871
vn -0.0927 0.8221 -0.5618
vn -0.1092 0.8676 -0.4852
vn 0.0927 -0.8222 0.5616
vn 0.0928 -0.8222 0.5616
vn -0.0928 0.8221 -0.5617
vn -0.1021 0.8749 -0.4734
vn -0.1089 0.8666 -0.4869
vn -0.1092 0.8676 -0.4851
vn -0.1021 0.8749 -0.4733
vn -0.1094 0.8677 -0.4849
vn -0.1019 0.8747 -0.4738
vn -0.0929 0.8220 -0.5618
vn -0.0905 0.8199 -0.5653
vn -0.0902 0.8194 -0.5660
vn -0.0925 0.8221 -0.5617
vn 0.0948 -0.8678 0.4878
vn 0.0643 -0.8289 0.5556
vn 0.0630 -0.8279 0.5573
vn 0.0949 -0.8677 0.4879
vn 0.0628 -0.8279 0.5574
vn 0.0943 -0.8672 0.4890
vn -0.0356 -0.7797 0.6251
vn 0.0810 -0.8720 0.4827
vn 0.0621 -0.8637 0.5001
vn -0.0357 -0.7798 0.6250
vn 0.0622 -0.8637 0.5001
vn -0.0361 -0.7796 0.6252
vn -0.0810 0.8720 -0.4827
vn 0.0357 0.7798 -0.6250
vn 0.0360 0.7796 -0.6252
vn -0.0812 0.8720 -0.4827
vn 0.0360 0.7795 -0.6254
vn -0.0622 0.8638 -0.5001
vn 0.1078 -0.8449 0.5239
vn 0.0906 -0.8200 0.5652
vn 0.0901 -0.8194 0.5661
vn 0.1078 -0.8450 0.5239
vn 0.0900 -0.8194 0.5660
vn 0.1075 -0.8444 0.5248
vn 0.0926 -0.8221 0.5617
vn 0.0922 -0.8220 0.5619
vn 0.0907 -0.8200 0.5652
vn 0.0928 -0.8219 0.5620
vn 0.0906 -0.8200 0.5651
vn 0.0923 -0.8222 0.5617
vn 0.0902 -0.8195 0.5660
vn -0.0906 0.8200 -0.5652
vn -0.1081 0.8449 -0.5239
vn -0.1075 0.8444 -0.5249
vn -0.0905 0.8200 -0.5652
vn -0.1075 0.8444 -0.5248
vn -0.0900 0.8194 -0.5661
vn -0.0927 0.8219 -0.5621
vn -0.0927 0.8220 -0.5619
vn 0.0894 -0.9210 -0.3790
vn -0.0354 -0.7800 0.6248
vn -0.0358 -0.7798 0.6250
vn 0.0894 -0.9210 -0.3791
vn 0.0156 -0.9419 0.3355
vn -0.0865 0.8163 -0.5711
vn -0.0664 0.8300 -0.5538
vn -0.0657 0.8294 -0.5548
vn -0.0657 0.8294 -0.5547
vn -0.0903 0.8158 -0.5712
vn 0.0356 0.7799 -0.6249
vn -0.0556 0.8885 -0.4554
vn -0.0274 0.9986 -0.0452
vn 0.0354 0.7799 -0.6249
vn -0.0273 0.9986 -0.0451
vn 0.0358 0.7798 -0.6250
vn 0.2229 -0.9062 0.3594
vn 0.1080 -0.8450 0.5237
vn 0.1076 -0.8445 0.5247
vn 0.1077 -0.8446 0.5245
vn 0.2115 -0.9028 0.3745
vn 0.0929 -0.8222 0.5616
vn 0.0928 -0.8223 0.5615
vn -0.1080 0.8450 -0.5237
vn -0.2230 0.9061 -0.3595
vn -0.2115 0.9028 -0.3744
vn -0.1081 0.8450 -0.5238
vn -0.2115 0.9028 -0.3745
vn -0.1076 0.8445 -0.5247
vn 0.1584 -0.9349 -0.3176
vn 0.0896 -0.9212 -0.3787
vn 0.0152 -0.9420 0.3353
vn 0.1586 -0.9347 -0.3180
vn 0.0154 -0.9420 0.3354
vn 0.0682 -0.8972 0.4364
vn 0.0642 -0.8289 0.5556
vn 0.0904 -0.8159 0.5711
vn 0.0641 -0.8289 0.5557
vn 0.0903 -0.8159 0.5712
vn 0.0628 -0.8279 0.5573
vn -0.0554 0.8887 -0.4552
vn -0.0137 0.9547 -0.2973
vn -0.2101 0.9376 0.2771
vn -0.0556 0.8887 -0.4552
vn -0.2099 0.9376 0.2771
vn -0.0271 0.9986 -0.0455
vn -0.0664 0.8301 -0.5536
vn -0.1020 0.8748 -0.4736
vn -0.1020 0.8747 -0.4738
vn -0.0665 0.8301 -0.5537
vn -0.1020 0.8746 -0.4740
vn 0.0815 -0.8721 0.4825
vn 0.2231 -0.9063 0.3591
vn 0.2114 -0.9029 0.3742
vn 0.2116 -0.9028 0.3743
vn 0.0625 -0.8639 0.4998
vn -0.0928 0.8220 -0.5619
vn -0.0924 0.8221 -0.5618
vn -0.0140 0.9547 -0.2973
vn -0.0867 0.8163 -0.5711
vn -0.0904 0.8158 -0.5712
vn -0.0139 0.9547 -0.2974
vn -0.2100 0.9376 0.2772
vn -0.2233 0.9062 -0.3592
vn -0.0814 0.8721 -0.4826
vn -0.0625 0.8639 -0.4998
vn -0.2230 0.9062 -0.3592
vn -0.0625 0.8640 -0.4996
vn -0.2116 0.9029 -0.3741
vn 0.0979 0.1455 0.9845
vn 0.2688 -0.4270 0.8634
vn 0.2716 -0.4386 0.8567
vn 0.0979 0.1454 0.9845
vn 0.2715 -0.4386 0.8567
vn 0.1726 -0.0826 0.9815
vn 0.1727 -0.0826 0.9815
vn 0.0690 0.2277 0.9713
vn 0.1726 -0.0827 0.9815
vn 0.0691 0.2277 0.9713
vn 0.0359 -0.4984 -0.8662
vn -0.0865 -0.1781 -0.9802
vn 0.0358 -0.4983 -0.8663
vn -0.0866 -0.1782 -0.9802
vn -0.0850 -0.1829 -0.9795
vn -0.2505 0.3558 -0.9004
vn -0.2502 0.3541 -0.9011
vn -0.3216 0.6783 -0.6606
vn -0.3215 0.6784 -0.6606
vn -0.0850 -0.1824 -0.9795
vn -0.0869 -0.1776 -0.9803
vn -0.2502 0.3536 -0.9013
vn -0.0850 -0.1825 -0.9795
vn -0.2505 0.3553 -0.9006
vn -0.3386 0.8884 -0.3100
vn -0.3387 0.8884 -0.3100
vn -0.2858 0.9433 0.1688
vn -0.2859 0.9433 0.1688
vn -0.2857 0.9432 0.1693
vn -0.2857 0.9433 0.1692
vn -0.1338 0.7147 0.6865
vn -0.2856 0.9433 0.1692
vn -0.1337 0.7146 0.6866
vn -0.3215 0.6786 -0.6604
vn -0.3215 0.6787 -0.6604
vn -0.3388 0.8882 -0.3103
vn -0.3215 0.6786 -0.6605
vn -0.3387 0.8882 -0.3104
vn 0.2688 -0.4275 0.8632
vn 0.2962 -0.5473 0.7828
vn 0.2961 -0.5465 0.7834
vn 0.2687 -0.4274 0.8632
vn 0.2961 -0.5466 0.7833
vn 0.2716 -0.4392 0.8564
vn -0.1336 0.7143 0.6869
vn 0.0978 0.1460 0.9844
vn 0.0978 0.1459 0.9845
vn 0.2963 -0.5469 0.7830
vn 0.2742 -0.4500 0.8499
vn 0.2741 -0.4496 0.8501
vn 0.2963 -0.5470 0.7829
vn 0.2960 -0.5462 0.7836
vn 0.2743 -0.4501 0.8498
vn 0.1728 -0.0828 0.9815
vn 0.1727 -0.0829 0.9815
vn 0.1728 -0.0829 0.9815
vn 0.2742 -0.4496 0.8501
vn -0.0983 -0.1448 -0.9846
vn -0.0983 -0.1446 -0.9846
vn -0.2719 0.4398 -0.8559
vn -0.0981 -0.1446 -0.9846
vn -0.2717 0.4398 -0.8560
vn -0.2690 0.4282 -0.8627
vn -0.1725 0.0819 -0.9816
vn -0.0615 -0.2483 -0.9667
vn -0.1724 0.0819 -0.9816
vn -0.0615 -0.2482 -0.9667
vn 0.0689 0.2275 0.9713
vn 0.0982 0.1446 0.9846
vn 0.0690 0.2274 0.9714
vn 0.0984 0.1445 0.9846
vn 0.3034 -0.9506 -0.0661
vn 0.1984 -0.8338 -0.5152
vn 0.1950 -0.8282 -0.5254
vn 0.3035 -0.9505 -0.0661
vn 0.1951 -0.8282 -0.5254
vn -0.0353 0.4969 0.8671
vn 0.0846 0.1834 0.9794
vn 0.0864 0.1786 0.9801
vn 0.0864 0.1787 0.9801
vn 0.0357 -0.4985 -0.8662
vn 0.1952 -0.8281 -0.5256
vn 0.1951 -0.8281 -0.5256
vn 0.1984 -0.8338 -0.5153
vn 0.2506 -0.3557 0.9004
vn 0.3214 -0.6783 0.6607
vn 0.2506 -0.3558 0.9003
vn 0.3214 -0.6783 0.6608
vn 0.2503 -0.3541 0.9011
vn 0.0887 0.1842 0.9789
vn 0.2506 -0.3552 0.9006
vn 0.2501 -0.3537 0.9013
vn 0.0848 0.1831 0.9794
vn 0.2475 -0.3547 0.9016
vn 0.0866 0.1781 0.9802
vn 0.3387 -0.8883 0.3103
vn 0.2859 -0.9434 -0.1679
vn 0.2861 -0.9434 -0.1679
vn 0.3386 -0.8884 0.3102
vn 0.2860 -0.9434 -0.1679
vn 0.2859 -0.9433 -0.1684
vn 0.1339 -0.7151 -0.6860
vn 0.1340 -0.7151 -0.6861
vn 0.2858 -0.9433 -0.1685
vn 0.3215 -0.6786 0.6604
vn 0.3388 -0.8880 0.3108
vn 0.3388 -0.8881 0.3107
vn 0.3213 -0.6786 0.6605
vn 0.3387 -0.8881 0.3108
vn 0.3216 -0.6785 0.6604
vn -0.2691 0.4285 -0.8625
vn -0.2718 0.4404 -0.8557
vn -0.2964 0.5469 -0.7830
vn -0.2963 0.5478 -0.7824
vn 0.1338 -0.7148 -0.6864
vn -0.0981 -0.1450 -0.9846
vn -0.0981 -0.1451 -0.9845
vn 0.1339 -0.7148 -0.6864
vn -0.2964 0.5475 -0.7826
vn -0.2962 0.5466 -0.7833
vn -0.2738 0.4481 -0.8510
vn -0.2963 0.5474 -0.7826
vn -0.2740 0.4485 -0.8508
vn -0.2739 0.4486 -0.8507
vn -0.2738 0.4483 -0.8509
vn -0.1725 0.0821 -0.9816
vn -0.1726 0.0822 -0.9816
vn -0.1726 0.0823 -0.9816
vn -0.0615 -0.2480 -0.9668
vn -0.0830 -0.1882 -0.9786
vn -0.0615 -0.2481 -0.9668
vn -0.0831 -0.1881 -0.9786
vn -0.2926 0.9471 0.1315
vn -0.1851 0.8113 0.5545
vn -0.2927 0.9471 0.1315
vn -0.1853 0.8113 0.5545
vn -0.1884 0.8169 0.5451
vn -0.0353 0.4970 0.8670
vn -0.1884 0.8168 0.5454
vn -0.1852 0.8112 0.5547
vn -0.0352 0.4971 0.8670
vn -0.1851 0.8112 0.5547
vn -0.9404 -0.3101 0.1395
vn -0.9406 -0.3096 0.1393
vn -0.9412 -0.3137 0.1257
vn -0.9446 -0.3026 0.1270
vn -0.9469 -0.2984 0.1199
vn -0.9469 -0.2983 0.1200
vn -0.9390 -0.3184 0.1297
vn -0.9405 -0.3100 0.1394
vn -0.9418 -0.3050 0.1413
vn -0.9422 -0.3038 0.1416
vn -0.9405 -0.3099 0.1395
vn 0.9405 0.3100 -0.1394
vn 0.9405 0.3099 -0.1394
vn -0.9405 -0.3099 0.1397
vn -0.9405 -0.3097 0.1397
vn 0.9404 0.3101 -0.1396
vn 0.9405 0.3098 -0.1395
vn 0.9418 0.3050 -0.1413
vn 0.9404 0.3101 -0.1395
vn 0.9418 0.3049 -0.1412
vn 0.9405 0.3098 -0.1393
vn 0.9422 0.3038 -0.1416
vn 0.9404 0.3102 -0.1395
vn 0.9328 0.3409 -0.1170
vn 0.9325 0.3418 -0.1164
vn 0.9406 0.3097 -0.1392
vn -0.9418 -0.3049 0.1412
vn -0.9372 -0.3168 0.1459
vn -0.9351 -0.3228 0.1466
vn -0.9419 -0.3048 0.1413
vn -0.9351 -0.3227 0.1465
vn -0.9422 -0.3037 0.1417
vn 0.9405 0.3099 -0.1395
vn -0.9387 -0.3144 0.1413
vn -0.9328 -0.3410 0.1169
vn -0.9325 -0.3420 0.1163
vn -0.9388 -0.3143 0.1412
vn -0.9325 -0.3418 0.1162
vn -0.9376 -0.3195 0.1371
vn -0.9404 -0.3100 0.1395
vn -0.9405 -0.3099 0.1394
vn -0.9328 -0.3409 0.1170
vn -0.9406 -0.3095 0.1393
vn -0.9325 -0.3418 0.1164
vn 0.9327 0.3411 -0.1169
vn 0.9388 0.3143 -0.1412
vn 0.9376 0.3195 -0.1372
vn 0.9328 0.3410 -0.1169
vn 0.9376 0.3194 -0.1372
vn 0.9325 0.3419 -0.1163
vn 0.9407 0.3094 -0.1392
vn -0.9405 -0.3101 0.1391
vn 0.9411 0.3139 -0.1257
vn 0.9372 0.3168 -0.1459
vn 0.9350 0.3228 -0.1467
vn 0.9411 0.3138 -0.1257
vn 0.9350 0.3228 -0.1466
vn 0.9390 0.3187 -0.1296
vn -0.9443 -0.2880 0.1590
vn -0.9388 -0.3142 0.1414
vn -0.9377 -0.3192 0.1374
vn -0.9443 -0.2880 0.1592
vn -0.9453 -0.2813 0.1650
vn -0.9405 -0.3099 0.1393
vn -0.9405 -0.3099 0.1396
vn 0.9388 0.3142 -0.1414
vn 0.9443 0.2879 -0.1592
vn 0.9453 0.2813 -0.1650
vn 0.9453 0.2812 -0.1651
vn 0.9377 0.3192 -0.1374
vn -0.9446 -0.3025 0.1272
vn -0.9406 -0.3095 0.1394
vn -0.9446 -0.3025 0.1271
vn -0.9405 -0.3098 0.1393
vn -0.9411 -0.3139 0.1257
vn -0.9390 -0.3186 0.1297
vn -0.9390 -0.3186 0.1296
vn -0.9350 -0.3229 0.1465
vn 0.9404 0.3101 -0.1392
vn 0.9446 0.3025 -0.1272
vn 0.9469 0.2983 -0.1200
vn 0.9404 0.3102 -0.1394
vn 0.9469 0.2984 -0.1199
vn 0.9372 0.3167 -0.1458
vn 0.9418 0.3050 -0.1412
vn 0.9422 0.3038 -0.1415
vn 0.9373 0.3167 -0.1458
vn 0.9351 0.3228 -0.1466
vn -0.9405 -0.3100 0.1393
vn -0.9453 -0.2814 0.1648
vn -0.9453 -0.2813 0.1649
vn 0.9407 0.3095 -0.1392
vn 0.9404 0.3101 -0.1394
vn 0.9390 0.3184 -0.1297
vn 0.9446 0.3026 -0.1270
vn 0.9390 0.3185 -0.1295
vn 0.9443 0.2880 -0.1590
vn 0.9443 0.2880 -0.1591
vn 0.9453 0.2814 -0.1648
vn -0.4182 0.7486 0.5145
vn -0.6616 0.7457 0.0791
vn -0.4181 0.7487 0.5145
vn -0.6615 0.7457 0.0791
vn -0.4183 0.7487 0.5144
vn -0.5534 0.7716 0.3138
vn -0.3672 0.7310 0.5752
vn -0.5533 0.7717 0.3137
vn 0.0713 -0.5655 -0.8217
vn 0.0710 -0.5654 -0.8218
vn 0.3882 -0.7387 -0.5510
vn 0.0712 -0.5656 -0.8216
vn 0.3940 -0.7408 -0.5441
vn 0.6914 -0.7223 0.0130
vn 0.7399 -0.6006 0.3030
vn 0.6914 -0.7224 0.0132
vn 0.7400 -0.6006 0.3030
vn 0.3942 -0.7408 -0.5439
vn 0.6913 -0.7224 0.0127
vn 0.3941 -0.7407 -0.5441
vn 0.6914 -0.7224 0.0128
vn 0.7039 -0.3884 0.5947
vn 0.7040 -0.3884 0.5946
vn 0.5288 -0.0528 0.8471
vn 0.7038 -0.3885 0.5947
vn 0.5287 -0.0529 0.8472
vn 0.5287 -0.0528 0.8472
vn 0.5285 -0.0526 0.8473
vn 0.5284 -0.0523 0.8474
vn 0.1205 0.4120 0.9032
vn 0.5283 -0.0524 0.8474
vn 0.1204 0.4118 0.9033
vn 0.1206 0.4118 0.9032
vn 0.7399 -0.6004 0.3033
vn 0.7041 -0.3888 0.5942
vn 0.7040 -0.3889 0.5942
vn 0.7041 -0.3889 0.5942
vn -0.6617 0.7457 0.0787
vn -0.7237 0.6731 -0.1526
vn -0.6617 0.7456 0.0787
vn -0.7236 0.6731 -0.1525
vn 0.1201 0.4121 0.9032
vn -0.4181 0.7485 0.5147
vn 0.1200 0.4120 0.9032
vn -0.4180 0.7485 0.5147
vn -0.7237 0.6729 -0.1530
vn -0.7266 0.6656 -0.1705
vn -0.7266 0.6656 -0.1704
vn -0.7266 0.6656 -0.1703
vn -0.7266 0.6656 -0.1702
vn -0.5536 0.7715 0.3135
vn -0.5535 0.7716 0.3135
vn -0.7267 0.6656 -0.1702
vn -0.5536 0.7716 0.3135
vn 0.4187 -0.7487 -0.5140
vn 0.4187 -0.7487 -0.5139
vn 0.6619 -0.7455 -0.0784
vn 0.4187 -0.7488 -0.5138
vn 0.6619 -0.7455 -0.0782
vn 0.5532 -0.7715 -0.3142
vn 0.3515 -0.7248 -0.5925
vn 0.5531 -0.7716 -0.3141
vn 0.3515 -0.7248 -0.5926
vn 0.5532 -0.7716 -0.3142
vn -0.3673 0.7310 0.5751
vn -0.4284 0.7516 0.5016
vn -0.3674 0.7310 0.5750
vn -0.4284 0.7516 0.5015
vn -0.5822 0.1366 -0.8014
vn -0.2791 -0.2575 -0.9251
vn -0.2893 -0.2463 -0.9250
vn -0.5823 0.1367 -0.8014
vn -0.2891 -0.2462 -0.9251
vn -0.0722 0.5662 0.8211
vn -0.3935 0.7406 0.5447
vn -0.3875 0.7385 0.5518
vn -0.0719 0.5660 0.8212
vn -0.2894 -0.2465 -0.9249
vn -0.2894 -0.2464 -0.9250
vn -0.2790 -0.2575 -0.9251
vn -0.6915 0.7222 -0.0133
vn -0.7400 0.6006 -0.3028
vn -0.3937 0.7406 0.5445
vn -0.6915 0.7222 -0.0130
vn -0.6915 0.7223 -0.0130
vn -0.3938 0.7405 0.5446
vn -0.6914 0.7223 -0.0130
vn -0.3878 0.7384 0.5517
vn -0.7040 0.3887 -0.5944
vn -0.5291 0.0535 -0.8468
vn -0.5292 0.0535 -0.8468
vn -0.5288 0.0530 -0.8471
vn -0.1210 -0.4113 -0.9034
vn -0.1210 -0.4114 -0.9034
vn -0.5289 0.0533 -0.8470
vn -0.1209 -0.4113 -0.9034
vn -0.5289 0.0532 -0.8470
vn -0.7400 0.6004 -0.3032
vn -0.7041 0.3889 -0.5941
vn -0.7042 0.3889 -0.5940
vn -0.7399 0.6005 -0.3032
vn -0.7041 0.3890 -0.5941
vn 0.6619 -0.7455 -0.0779
vn 0.6620 -0.7455 -0.0779
vn 0.7237 -0.6730 0.1525
vn 0.6620 -0.7454 -0.0780
vn 0.7237 -0.6730 0.1526
vn 0.7237 -0.6731 0.1526
vn -0.1206 -0.4116 -0.9033
vn 0.4185 -0.7487 -0.5141
vn 0.4185 -0.7487 -0.5142
vn -0.1206 -0.4115 -0.9034
vn -0.1207 -0.4116 -0.9033
vn 0.7237 -0.6729 0.1530
vn 0.7263 -0.6662 0.1691
vn 0.7264 -0.6662 0.1691
vn 0.7264 -0.6661 0.1691
vn 0.7264 -0.6662 0.1688
vn 0.5533 -0.7716 -0.3138
vn 0.7265 -0.6662 0.1688
vn 0.5533 -0.7715 -0.3139
vn 0.5533 -0.7716 -0.3140
vn 0.3517 -0.7248 -0.5924
vn 0.3974 -0.7419 -0.5401
vn 0.3973 -0.7418 -0.5402
vn 0.5519 -0.0879 0.8293
vn 0.2653 0.2718 0.9251
vn 0.5519 -0.0880 0.8293
vn 0.2654 0.2717 0.9251
vn 0.2554 0.2821 0.9248
vn -0.0721 0.5661 0.8212
vn 0.2554 0.2822 0.9248
vn 0.2656 0.2718 0.9250
vn -0.0721 0.5660 0.8213
vn -0.0723 0.5662 0.8211
vn 0.6721 0.6359 -0.3795
vn 0.6719 0.6361 -0.3795
vn 0.6641 0.6478 -0.3733
vn 0.6578 0.6495 -0.3814
vn 0.6533 0.6537 -0.3819
vn 0.6641 0.6477 -0.3734
vn 0.6532 0.6537 -0.3821
vn 0.6665 0.6458 -0.3724
vn 0.6716 0.6365 -0.3793
vn 0.6717 0.6361 -0.3796
vn -0.6718 -0.6361 0.3795
vn -0.6715 -0.6363 0.3797
vn 0.6718 0.6360 -0.3797
vn -0.6717 -0.6362 0.3795
vn -0.6720 -0.6360 0.3795
vn -0.6718 -0.6362 0.3795
vn -0.6718 -0.6361 0.3796
vn -0.6719 -0.6360 0.3796
vn -0.6717 -0.6364 0.3793
vn 0.6717 0.6362 -0.3794
vn 0.6808 0.6313 -0.3715
vn 0.6824 0.6304 -0.3700
vn 0.6719 0.6360 -0.3796
vn 0.6825 0.6304 -0.3700
vn 0.6717 0.6361 -0.3798
vn 0.6718 0.6363 -0.3793
vn -0.6717 -0.6361 0.3797
vn 0.6718 0.6361 -0.3796
vn 0.6720 0.6360 -0.3794
vn 0.6715 0.6364 -0.3796
vn 0.6717 0.6362 -0.3795
vn 0.6720 0.6360 -0.3795
vn 0.6718 0.6362 -0.3794
vn -0.6718 -0.6362 0.3794
vn -0.6717 -0.6360 0.3798
vn 0.6716 0.6364 -0.3795
vn -0.6641 -0.6477 0.3733
vn -0.6808 -0.6313 0.3714
vn -0.6826 -0.6303 0.3699
vn -0.6642 -0.6476 0.3735
vn -0.6825 -0.6303 0.3700
vn -0.6666 -0.6458 0.3722
vn -0.6717 -0.6362 0.3796
vn -0.6717 -0.6363 0.3794
vn 0.6717 0.6362 -0.3796
vn 0.6719 0.6360 -0.3795
vn -0.6716 -0.6363 0.3796
vn 0.6578 0.6494 -0.3814
vn 0.6716 0.6362 -0.3796
vn 0.6577 0.6496 -0.3815
vn 0.6718 0.6361 -0.3795
vn 0.6533 0.6537 -0.3820
vn 0.6808 0.6312 -0.3715
vn 0.6642 0.6477 -0.3734
vn 0.6666 0.6457 -0.3724
vn 0.6810 0.6311 -0.3713
vn 0.6667 0.6458 -0.3722
vn -0.6578 -0.6494 0.3814
vn -0.6533 -0.6537 0.3819
vn -0.6714 -0.6363 0.3798
vn -0.6809 -0.6313 0.3713
vn -0.6808 -0.6313 0.3715
vn 0.6718 0.6360 -0.3796
vn -0.6716 -0.6362 0.3797
vn -0.6641 -0.6478 0.3733
vn -0.6665 -0.6458 0.3723
vn -0.6578 -0.6495 0.3814
vn -0.6714 -0.6365 0.3797
vn -0.6719 -0.6359 0.3796
vn 0.1598 0.8381 0.5217
vn 0.3494 0.9326 0.0900
vn 0.1598 0.8381 0.5215
vn 0.3495 0.9326 0.0899
vn 0.1597 0.8382 0.5215
vn 0.2613 0.9117 0.3170
vn 0.2614 0.9117 0.3170
vn 0.1199 0.7987 0.5896
vn 0.1199 0.7987 0.5897
vn 0.1199 0.7988 0.5896
vn 0.0546 -0.5693 -0.8203
vn 0.0536 -0.5709 -0.8193
vn -0.1670 -0.8446 -0.5086
vn -0.1668 -0.8446 -0.5088
vn -0.1607 -0.8391 -0.5197
vn -0.3954 -0.9165 0.0603
vn -0.3895 -0.9202 0.0388
vn -0.4573 -0.8153 0.3552
vn -0.4587 -0.8096 0.3662
vn -0.1608 -0.8392 -0.5196
vn -0.1670 -0.8448 -0.5084
vn -0.3892 -0.9204 0.0384
vn -0.3893 -0.9203 0.0384
vn -0.3952 -0.9166 0.0597
vn -0.4694 -0.5763 0.6690
vn -0.4694 -0.5762 0.6690
vn -0.3845 -0.1635 0.9085
vn -0.3847 -0.1635 0.9084
vn -0.3846 -0.1634 0.9085
vn -0.3845 -0.1628 0.9086
vn -0.3846 -0.1629 0.9086
vn -0.1635 0.3794 0.9107
vn -0.1635 0.3793 0.9107
vn -0.1636 0.3794 0.9106
vn -0.4588 -0.8095 0.3664
vn -0.4573 -0.8151 0.3557
vn -0.4694 -0.5767 0.6686
vn -0.4695 -0.5767 0.6686
vn -0.4694 -0.5766 0.6687
vn 0.3495 0.9326 0.0897
vn 0.4226 0.8904 -0.1689
vn 0.4226 0.8904 -0.1688
vn 0.4227 0.8904 -0.1688
vn -0.1634 0.3799 0.9105
vn -0.1635 0.3799 0.9105
vn 0.1596 0.8379 0.5220
vn 0.1596 0.8380 0.5219
vn 0.1596 0.8379 0.5219
vn 0.4228 0.8903 -0.1692
vn 0.4272 0.8842 -0.1887
vn 0.4272 0.8843 -0.1888
vn 0.4271 0.8843 -0.1885
vn 0.2613 0.9118 0.3167
vn 0.2614 0.9118 0.3167
vn 0.4271 0.8844 -0.1885
vn 0.2615 0.9118 0.3167
vn 0.4271 0.8843 -0.1884
vn -0.1601 -0.8385 -0.5209
vn -0.1601 -0.8384 -0.5210
vn -0.3496 -0.9327 -0.0890
vn -0.3497 -0.9326 -0.0892
vn -0.3497 -0.9326 -0.0890
vn -0.2612 -0.9115 -0.3177
vn -0.1095 -0.7878 -0.6061
vn -0.2613 -0.9115 -0.3177
vn -0.1096 -0.7878 -0.6061
vn -0.2611 -0.9116 -0.3177
vn 0.1201 0.7989 0.5894
vn 0.1602 0.8385 0.5208
vn 0.1202 0.7988 0.5894
vn 0.4113 0.2584 -0.8741
vn 0.2657 -0.1635 -0.9501
vn 0.2666 -0.1615 -0.9502
vn 0.4113 0.2583 -0.8741
vn 0.2665 -0.1614 -0.9502
vn -0.0539 0.5704 0.8196
vn 0.1607 0.8390 0.5199
vn 0.1670 0.8446 0.5087
vn 0.1669 0.8447 0.5086
vn -0.0531 0.5716 0.8188
vn 0.0536 -0.5708 -0.8193
vn 0.0546 -0.5692 -0.8203
vn 0.2663 -0.1617 -0.9502
vn 0.0536 -0.5708 -0.8194
vn 0.2664 -0.1616 -0.9502
vn 0.2653 -0.1636 -0.9502
vn 0.3956 0.9164 -0.0611
vn 0.4587 0.8096 -0.3662
vn 0.4572 0.8153 -0.3553
vn 0.3957 0.9163 -0.0610
vn 0.3895 0.9202 -0.0395
vn 0.1608 0.8391 0.5197
vn 0.3955 0.9165 -0.0605
vn 0.3895 0.9202 -0.0390
vn 0.3895 0.9202 -0.0391
vn 0.4694 0.5765 -0.6688
vn 0.3848 0.1642 -0.9083
vn 0.3847 0.1638 -0.9084
vn 0.1640 -0.3788 -0.9108
vn 0.1639 -0.3788 -0.9108
vn 0.4588 0.8094 -0.3665
vn 0.4694 0.5770 -0.6684
vn 0.4695 0.5769 -0.6684
vn 0.4573 0.8151 -0.3557
vn -0.3498 -0.9326 -0.0887
vn -0.3498 -0.9326 -0.0888
vn -0.4226 -0.8904 0.1689
vn -0.3499 -0.9326 -0.0887
vn -0.4227 -0.8904 0.1689
vn 0.1638 -0.3792 -0.9107
vn -0.1600 -0.8383 -0.5212
vn -0.1601 -0.8382 -0.5213
vn 0.1637 -0.3791 -0.9108
vn -0.4228 -0.8903 0.1692
vn -0.4228 -0.8903 0.1693
vn -0.4269 -0.8847 0.1873
vn -0.4268 -0.8847 0.1873
vn -0.4268 -0.8848 0.1870
vn -0.4267 -0.8848 0.1870
vn -0.2613 -0.9116 -0.3174
vn -0.4267 -0.8849 0.1870
vn -0.2613 -0.9116 -0.3173
vn -0.1097 -0.7878 -0.6061
vn -0.1393 -0.8185 -0.5573
vn -0.1096 -0.7879 -0.6059
vn -0.3949 -0.1983 0.8971
vn -0.2526 0.1940 0.9479
vn -0.3949 -0.1984 0.8971
vn -0.2526 0.1939 0.9479
vn -0.2518 0.1956 0.9478
vn -0.0532 0.5717 0.8188
vn -0.2516 0.1959 0.9478
vn -0.2523 0.1941 0.9480
vn -0.0530 0.5716 0.8188
vn -0.2499 0.1930 0.9488
vn -0.0539 0.5702 0.8198
vn 0.8807 -0.3598 0.3081
vn 0.8682 -0.3373 0.3640
vn 0.8679 -0.3368 0.3650
vn 0.8807 -0.3597 0.3082
vn 0.8680 -0.3368 0.3650
vn 0.9071 -0.3243 0.2682
vn 0.8818 -0.3572 0.3078
vn 0.8825 -0.3557 0.3077
vn 0.9095 -0.3212 0.2638
vn 0.8541 -0.3354 0.3976
vn 0.8542 -0.3375 0.3955
vn 0.8681 -0.3372 0.3642
vn 0.8543 -0.3374 0.3955
vn 0.8679 -0.3368 0.3651
vn -0.8682 0.3373 -0.3639
vn -0.8808 0.3596 -0.3081
vn -0.8807 0.3597 -0.3082
vn -0.8679 0.3368 -0.3650
vn 0.8808 -0.3595 0.3082
vn -0.8807 0.3597 -0.3083
vn -0.8807 0.3597 -0.3081
vn -0.8541 0.3355 -0.3975
vn -0.8681 0.3373 -0.3641
vn -0.8541 0.3354 -0.3976
vn -0.8679 0.3369 -0.3650
vn -0.8542 0.3374 -0.3955
vn -0.8807 0.3595 -0.3084
vn -0.8806 0.3600 -0.3082
vn 0.8541 -0.3355 0.3974
vn 0.8910 -0.3317 0.3100
vn 0.8992 -0.3243 0.2936
vn 0.8541 -0.3354 0.3975
vn 0.8993 -0.3242 0.2935
vn 0.8543 -0.3374 0.3954
vn 0.8808 -0.3596 0.3082
vn 0.8806 -0.3599 0.3082
vn -0.8807 0.3595 -0.3083
vn 0.8807 -0.3597 0.3081
vn 0.8810 -0.3591 0.3081
vn 0.8808 -0.3596 0.3079
vn 0.8808 -0.3596 0.3080
vn 0.8808 -0.3596 0.3081
vn 0.8807 -0.3596 0.3082
vn -0.8808 0.3595 -0.3082
vn -0.8806 0.3598 -0.3082
vn -0.8808 0.3597 -0.3079
vn -0.9072 0.3244 -0.2678
vn -0.8910 0.3318 -0.3098
vn -0.8994 0.3241 -0.2933
vn -0.9072 0.3242 -0.2680
vn -0.8994 0.3241 -0.2934
vn -0.9097 0.3210 -0.2636
vn -0.8806 0.3599 -0.3083
vn 0.8807 -0.3598 0.3082
vn 0.8809 -0.3595 0.3078
vn 0.8808 -0.3597 0.3080
vn -0.8809 0.3594 -0.3080
vn 0.8818 -0.3572 0.3079
vn 0.8806 -0.3599 0.3083
vn 0.8824 -0.3559 0.3078
vn 0.8911 -0.3316 0.3098
vn 0.9072 -0.3243 0.2682
vn 0.9096 -0.3210 0.2637
vn 0.8911 -0.3316 0.3097
vn 0.9097 -0.3211 0.2635
vn 0.8994 -0.3241 0.2933
vn -0.8807 0.3596 -0.3082
vn -0.8818 0.3573 -0.3078
vn -0.8825 0.3558 -0.3077
vn -0.8809 0.3595 -0.3079
vn -0.8824 0.3558 -0.3077
vn -0.8910 0.3317 -0.3100
vn -0.8543 0.3374 -0.3954
vn -0.8910 0.3318 -0.3099
vn -0.8542 0.3375 -0.3955
vn -0.8993 0.3242 -0.2935
vn 0.8809 -0.3593 0.3082
vn -0.8808 0.3596 -0.3079
vn -0.8809 0.3595 -0.3080
vn -0.8820 0.3569 -0.3078
vn -0.9071 0.3244 -0.2683
vn -0.9095 0.3211 -0.2638
vn -0.8819 0.3570 -0.3078
vn -0.9095 0.3212 -0.2639
vn -0.8825 0.3556 -0.3077
vn -0.8807 0.3596 -0.3081
vn -0.8809 0.3593 -0.3081
vn -0.4134 0.2511 0.8752
vn -0.7385 -0.2525 0.6252
vn -0.7358 -0.2458 0.6310
vn -0.4135 0.2512 0.8751
vn -0.7359 -0.2458 0.6309
vn -0.4134 0.2512 0.8752
vn -0.5613 0.0690 0.8247
vn -0.5614 0.0691 0.8247
vn -0.3527 0.3148 0.8812
vn -0.5615 0.0692 0.8246
vn 0.0645 -0.5562 -0.8285
vn 0.0648 -0.5561 -0.8286
vn 0.3989 -0.2668 -0.8773
vn 0.3998 -0.2660 -0.8772
vn 0.7181 0.2022 -0.6659
vn 0.7180 0.2022 -0.6660
vn 0.7863 0.4494 -0.4240
vn 0.7863 0.4495 -0.4239
vn 0.3998 -0.2657 -0.8772
vn 0.3990 -0.2667 -0.8773
vn 0.7179 0.2020 -0.6662
vn 0.3999 -0.2659 -0.8771
vn 0.7178 0.2020 -0.6662
vn 0.7179 0.2018 -0.6663
vn 0.7428 0.6649 -0.0788
vn 0.7427 0.6650 -0.0788
vn 0.5314 0.7745 0.3433
vn 0.5313 0.7745 0.3434
vn 0.5309 0.7745 0.3439
vn 0.5310 0.7745 0.3439
vn 0.1138 0.6636 0.7394
vn 0.5310 0.7745 0.3438
vn 0.1137 0.6635 0.7395
vn 0.7863 0.4497 -0.4236
vn 0.7863 0.4498 -0.4236
vn 0.7428 0.6648 -0.0793
vn 0.7863 0.4498 -0.4237
vn 0.7427 0.6649 -0.0793
vn -0.7387 -0.2530 0.6247
vn -0.7647 -0.3328 0.5518
vn -0.7649 -0.3336 0.5511
vn -0.7387 -0.2530 0.6248
vn -0.7649 -0.3337 0.5510
vn -0.7360 -0.2461 0.6306
vn 0.1134 0.6632 0.7398
vn 0.1135 0.6632 0.7398
vn -0.4132 0.2514 0.8753
vn 0.1134 0.6634 0.7396
vn -0.4132 0.2516 0.8752
vn -0.4132 0.2514 0.8752
vn -0.7646 -0.3325 0.5521
vn -0.7272 -0.2239 0.6489
vn -0.7276 -0.2246 0.6482
vn -0.7646 -0.3326 0.5521
vn -0.7647 -0.3332 0.5515
vn -0.7273 -0.2239 0.6488
vn -0.5617 0.0687 0.8245
vn -0.5616 0.0689 0.8245
vn -0.7273 -0.2240 0.6487
vn -0.7276 -0.2248 0.6481
vn 0.4140 -0.2504 -0.8752
vn 0.4140 -0.2505 -0.8751
vn 0.7363 0.2470 -0.6300
vn 0.7364 0.2468 -0.6299
vn 0.7390 0.2538 -0.6241
vn 0.5610 -0.0697 -0.8249
vn 0.3368 -0.3306 -0.8816
vn 0.3369 -0.3306 -0.8816
vn 0.5611 -0.0699 -0.8248
vn 0.5610 -0.0698 -0.8248
vn -0.3529 0.3147 0.8811
vn -0.4141 0.2504 0.8751
vn -0.3529 0.3146 0.8812
vn -0.3530 0.3146 0.8811
vn -0.5891 -0.7661 -0.2569
vn -0.2980 -0.7404 -0.6026
vn -0.2995 -0.7410 -0.6010
vn -0.5892 -0.7661 -0.2567
vn -0.2993 -0.7410 -0.6011
vn -0.0655 0.5556 0.8289
vn -0.3993 0.2663 0.8773
vn -0.3987 0.2675 0.8772
vn -0.0656 0.5556 0.8288
vn -0.3996 0.2684 0.8765
vn -0.2992 -0.7411 -0.6011
vn -0.2993 -0.7410 -0.6012
vn -0.2976 -0.7405 -0.6025
vn -0.7182 -0.2025 0.6657
vn -0.7862 -0.4494 0.4241
vn -0.7862 -0.4494 0.4242
vn -0.7183 -0.2024 0.6657
vn -0.7863 -0.4494 0.4240
vn -0.3995 0.2662 0.8772
vn -0.7181 -0.2023 0.6659
vn -0.3996 0.2661 0.8772
vn -0.7181 -0.2022 0.6659
vn -0.3987 0.2671 0.8773
vn -0.7428 -0.6648 0.0791
vn -0.5319 -0.7744 -0.3427
vn -0.5318 -0.7744 -0.3427
vn -0.5315 -0.7745 -0.3431
vn -0.1143 -0.6638 -0.7391
vn -0.1143 -0.6637 -0.7392
vn -0.5314 -0.7745 -0.3432
vn -0.7863 -0.4497 0.4237
vn -0.7429 -0.6646 0.0796
vn 0.7392 0.2544 -0.6237
vn 0.7365 0.2473 -0.6296
vn 0.7650 0.3341 -0.5506
vn 0.7392 0.2543 -0.6237
vn 0.7648 0.3334 -0.5513
vn -0.1140 -0.6636 -0.7393
vn 0.4137 -0.2510 -0.8751
vn -0.1139 -0.6636 -0.7393
vn 0.4136 -0.2509 -0.8752
vn 0.7647 0.3330 -0.5517
vn 0.7649 0.3338 -0.5510
vn 0.7269 0.2234 -0.6493
vn 0.7647 0.3331 -0.5516
vn 0.7270 0.2233 -0.6493
vn 0.7268 0.2227 -0.6497
vn 0.7268 0.2228 -0.6497
vn 0.7270 0.2234 -0.6492
vn 0.5614 -0.0695 -0.8247
vn 0.7269 0.2228 -0.6497
vn 0.5613 -0.0695 -0.8247
vn 0.5612 -0.0694 -0.8248
vn 0.3369 -0.3303 -0.8817
vn 0.3371 -0.3303 -0.8816
vn 0.3824 -0.2843 -0.8792
vn 0.3370 -0.3305 -0.8816
vn 0.5531 0.7724 0.3122
vn 0.2736 0.7325 0.6234
vn 0.2721 0.7320 0.6246
vn -0.0654 0.5556 0.8289
vn 0.2719 0.7318 0.6249
vn 0.2735 0.7325 0.6234
vn -0.0654 0.5557 0.8288
vn 0.2715 0.7342 0.6222
vn -0.6153 0.6314 -0.4719
vn -0.6155 0.6313 -0.4718
vn -0.6168 0.6317 -0.4695
vn -0.6175 0.6306 -0.4701
vn -0.6186 0.6302 -0.4693
vn -0.6169 0.6316 -0.4696
vn -0.6165 0.6318 -0.4699
vn -0.6156 0.6313 -0.4717
vn -0.6153 0.6314 -0.4720
vn 0.6157 -0.6312 0.4717
vn 0.6154 -0.6314 0.4719
vn -0.6155 0.6315 -0.4716
vn -0.6155 0.6309 -0.4723
vn 0.6154 -0.6316 0.4716
vn 0.6153 -0.6314 0.4719
vn 0.6152 -0.6315 0.4720
vn 0.6155 -0.6313 0.4718
vn 0.6097 -0.6480 0.4564
vn 0.6094 -0.6492 0.4552
vn 0.6153 -0.6316 0.4718
vn 0.6094 -0.6491 0.4553
vn -0.6153 0.6315 -0.4718
vn -0.6142 0.6324 -0.4720
vn -0.6137 0.6329 -0.4719
vn -0.6155 0.6315 -0.4717
vn -0.6137 0.6330 -0.4720
vn -0.6151 0.6316 -0.4719
vn -0.6153 0.6315 -0.4719
vn 0.6156 -0.6313 0.4717
vn 0.6153 -0.6313 0.4721
vn -0.6129 0.6341 -0.4714
vn -0.6097 0.6481 -0.4563
vn -0.6094 0.6492 -0.4552
vn -0.6128 0.6341 -0.4715
vn -0.6092 0.6493 -0.4554
vn -0.6122 0.6365 -0.4692
vn -0.6159 0.6309 -0.4718
vn -0.6098 0.6480 -0.4564
vn -0.6152 0.6313 -0.4722
vn 0.6098 -0.6481 0.4563
vn 0.6128 -0.6342 0.4714
vn 0.6122 -0.6365 0.4692
vn 0.6098 -0.6480 0.4563
vn 0.6151 -0.6316 0.4719
vn 0.6155 -0.6311 0.4720
vn -0.6155 0.6311 -0.4721
vn -0.6157 0.6312 -0.4717
vn 0.6168 -0.6317 0.4696
vn 0.6140 -0.6327 0.4719
vn 0.6137 -0.6330 0.4720
vn 0.6168 -0.6316 0.4696
vn 0.6136 -0.6330 0.4721
vn 0.6165 -0.6319 0.4697
vn 0.6154 -0.6314 0.4718
vn 0.6153 -0.6315 0.4718
vn -0.6177 0.6196 -0.4843
vn -0.6129 0.6339 -0.4717
vn -0.6123 0.6364 -0.4692
vn -0.6122 0.6364 -0.4692
vn -0.6183 0.6156 -0.4886
vn -0.6154 0.6313 -0.4719
vn -0.6151 0.6315 -0.4720
vn 0.6127 -0.6341 0.4717
vn 0.6177 -0.6196 0.4844
vn 0.6184 -0.6155 0.4886
vn 0.6128 -0.6340 0.4716
vn 0.6123 -0.6364 0.4692
vn -0.6176 0.6306 -0.4701
vn -0.6150 0.6317 -0.4719
vn -0.6174 0.6307 -0.4702
vn -0.6140 0.6326 -0.4720
vn -0.6168 0.6317 -0.4696
vn -0.6164 0.6319 -0.4698
vn -0.6141 0.6326 -0.4719
vn -0.6136 0.6330 -0.4720
vn 0.6154 -0.6315 0.4718
vn 0.6174 -0.6307 0.4702
vn 0.6187 -0.6301 0.4692
vn 0.6154 -0.6313 0.4719
vn 0.6186 -0.6303 0.4692
vn 0.6143 -0.6324 0.4719
vn 0.6155 -0.6315 0.4717
vn 0.6142 -0.6325 0.4719
vn 0.6155 -0.6314 0.4717
vn 0.6137 -0.6330 0.4719
vn -0.6183 0.6157 -0.4886
vn -0.6152 0.6315 -0.4719
vn -0.6183 0.6157 -0.4885
vn 0.6156 -0.6311 0.4720
vn 0.6155 -0.6313 0.4719
vn 0.6178 -0.6304 0.4700
vn 0.6169 -0.6316 0.4696
vn 0.6164 -0.6319 0.4698
vn 0.6176 -0.6306 0.4700
vn 0.6187 -0.6302 0.4691
vn 0.6177 -0.6197 0.4843
vn 0.6151 -0.6315 0.4720
vn 0.6177 -0.6196 0.4843
vn 0.6184 -0.6157 0.4884
vn 0.1466 0.3313 0.9321
vn -0.1093 0.5014 0.8583
vn -0.4509 -0.1739 0.8755
vn 0.1464 0.3314 0.9321
vn -0.4510 -0.1739 0.8754
vn -0.1437 -0.1377 0.9800
vn -0.1098 0.5016 0.8581
vn -0.1104 0.5021 0.8578
vn -0.1145 0.5044 0.8558
vn -0.1083 0.4994 0.8596
vn -0.1817 -0.3043 -0.9351
vn -0.1850 -0.3018 -0.9352
vn -0.2080 -0.2837 -0.9361
vn -0.1819 -0.3044 -0.9350
vn -0.2080 -0.2838 -0.9360
vn -0.2091 -0.2829 -0.9361
vn 0.1270 -0.5115 -0.8499
vn 0.1245 -0.5106 -0.8508
vn 0.6209 -0.6840 -0.3829
vn 0.1269 -0.5116 -0.8498
vn 0.6211 -0.6839 -0.3828
vn 0.6203 -0.6834 -0.3850
vn -0.2088 -0.2830 -0.9361
vn -0.2076 -0.2840 -0.9361
vn 0.1243 -0.5100 -0.8511
vn -0.2087 -0.2834 -0.9360
vn 0.1265 -0.5114 -0.8500
vn 0.7977 -0.4453 0.4067
vn 0.7959 -0.4453 0.4101
vn 0.5888 -0.0865 0.8036
vn 0.7977 -0.4452 0.4067
vn 0.5890 -0.0865 0.8035
vn 0.5901 -0.0866 0.8027
vn 0.5893 -0.0869 0.8032
vn 0.5884 -0.0868 0.8039
vn 0.4093 0.1074 0.9061
vn 0.5893 -0.0871 0.8032
vn 0.4100 0.1074 0.9057
vn 0.6200 -0.6839 -0.3845
vn 0.6198 -0.6856 -0.3819
vn 0.7972 -0.4440 0.4090
vn 0.6202 -0.6837 -0.3846
vn 0.7972 -0.4440 0.4091
vn 0.7990 -0.4439 0.4057
vn -0.1092 0.5020 0.8580
vn 0.2188 0.8361 0.5031
vn -0.2341 0.5682 0.7889
vn -0.1096 0.5016 0.8581
vn -0.2347 0.5675 0.7892
vn -0.4510 -0.1740 0.8754
vn 0.4094 0.1073 0.9060
vn 0.4088 0.1074 0.9063
vn 0.1469 0.3310 0.9321
vn 0.1469 0.3309 0.9322
vn -0.1438 -0.1374 0.9800
vn 0.2189 0.8361 0.5030
vn 0.3073 0.9031 0.2999
vn -0.2671 0.5840 0.7666
vn 0.2188 0.8360 0.5032
vn -0.2671 0.5839 0.7666
vn -0.2344 0.5683 0.7887
vn 0.3075 0.9030 0.3000
vn -0.1109 0.5023 0.8575
vn -0.1101 0.5018 0.8579
vn 0.3076 0.9030 0.3000
vn -0.2669 0.5840 0.7666
vn 0.3175 0.3583 -0.8780
vn -0.1097 -0.3584 -0.9271
vn 0.1184 -0.5066 -0.8540
vn 0.3175 0.3584 -0.8779
vn 0.1183 -0.5066 -0.8540
vn 0.3354 0.1040 -0.9363
vn 0.1080 -0.4992 -0.8597
vn 0.1304 -0.5135 -0.8481
vn 0.1419 -0.5199 -0.8424
vn 0.1072 -0.5002 -0.8592
vn 0.1419 -0.5199 -0.8423
vn 0.1079 -0.5005 -0.8590
vn -0.1147 0.5045 0.8558
vn -0.3653 0.6258 0.6891
vn -0.5395 0.2087 0.8157
vn -0.1147 0.5045 0.8557
vn -0.5393 0.2088 0.8158
vn -0.1078 0.5005 0.8590
vn -0.3657 0.6259 0.6889
vn -0.5758 0.6810 0.4525
vn -0.5732 0.1596 0.8037
vn -0.5733 0.1595 0.8036
vn 0.1792 0.3063 0.9349
vn 0.2092 0.2828 0.9361
vn 0.2083 0.2836 0.9360
vn 0.1792 0.3062 0.9349
vn 0.2082 0.2836 0.9361
vn 0.1824 0.3039 0.9351
vn -0.1845 -0.3022 -0.9352
vn -0.1814 -0.3046 -0.9350
vn -0.0367 -0.4096 -0.9115
vn -0.1845 -0.3023 -0.9352
vn -0.0367 -0.4097 -0.9115
vn -0.1270 0.5115 0.8499
vn -0.6197 0.6838 0.3851
vn -0.6210 0.6839 0.3830
vn -0.1270 0.5116 0.8498
vn -0.6209 0.6838 0.3832
vn -0.1248 0.5102 0.8509
vn 0.2089 0.2830 0.9361
vn -0.1265 0.5113 0.8500
vn -0.1243 0.5100 0.8511
vn 0.2089 0.2831 0.9361
vn -0.1243 0.5101 0.8511
vn 0.2077 0.2840 0.9361
vn -0.7977 0.4458 -0.4063
vn -0.5898 0.0876 -0.8028
vn -0.5893 0.0869 -0.8033
vn -0.7977 0.4457 -0.4062
vn -0.7973 0.4440 -0.4088
vn -0.5895 0.0872 -0.8031
vn -0.4098 -0.1069 -0.9059
vn -0.4094 -0.1072 -0.9060
vn -0.4094 -0.1074 -0.9060
vn -0.5890 0.0866 -0.8035
vn -0.6198 0.6839 0.3848
vn -0.7977 0.4459 -0.4060
vn -0.7973 0.4443 -0.4086
vn -0.6200 0.6837 0.3849
vn -0.7973 0.4442 -0.4086
vn -0.6211 0.6838 0.3829
vn 0.3357 0.1038 -0.9362
vn 0.1185 -0.5068 -0.8539
vn -0.3213 -0.9001 -0.2944
vn 0.3356 0.1040 -0.9363
vn -0.3211 -0.9002 -0.2943
vn 0.2518 -0.5769 -0.7770
vn -0.4095 -0.1071 -0.9060
vn -0.1101 -0.3581 -0.9272
vn -0.4092 -0.1074 -0.9061
vn 0.2522 -0.5770 -0.7769
vn -0.3212 -0.9001 -0.2944
vn -0.2143 -0.8427 -0.4939
vn -0.2141 -0.8429 -0.4937
vn 0.2503 -0.5762 -0.7780
vn 0.2502 -0.5762 -0.7781
vn -0.2141 -0.8427 -0.4940
vn 0.1074 -0.5003 -0.8592
vn 0.2500 -0.5760 -0.7783
vn 0.1081 -0.5007 -0.8588
vn 0.1421 -0.5201 -0.8422
vn 0.1308 -0.5137 -0.8480
vn 0.3639 -0.6252 -0.6904
vn 0.6547 0.1742 -0.7356
vn 0.6547 0.1743 -0.7356
vn 0.3643 -0.6254 -0.6901
vn 0.4581 -0.6569 -0.5988
vn 0.6545 0.1742 -0.7357
vn 0.6026 0.3283 -0.7274
vn 0.1822 0.3045 0.9349
vn 0.0310 0.4135 0.9100
vn 0.1819 0.3042 0.9351
vn 0.1787 0.3066 0.9349
vn 0.5874 0.7266 -0.3566
vn 0.5875 0.7265 -0.3565
vn 0.5711 0.7365 -0.3626
vn 0.3248 0.4576 -0.8277
vn 0.6023 0.3289 -0.7274
vn 0.5711 0.7365 -0.3625
vn 0.6023 0.3284 -0.7276
vn 0.5648 0.7384 -0.3686
vn 0.5874 0.7264 -0.3568
vn 0.5900 0.7266 -0.3520
vn 0.5982 0.7264 -0.3384
vn 0.5874 0.7266 -0.3564
vn 0.5983 0.7264 -0.3384
vn -0.5874 -0.7267 0.3563
vn -0.5876 -0.7264 0.3565
vn 0.4022 0.7039 -0.5855
vn 0.5872 0.7266 -0.3568
vn 0.4023 0.7038 -0.5855
vn 0.5875 0.7266 -0.3561
vn 0.3173 0.3581 -0.8781
vn -0.5873 -0.7267 0.3564
vn -0.1437 -0.1374 0.9800
vn -0.5291 -0.7260 0.4392
vn -0.5872 -0.7265 0.3568
vn -0.5292 -0.7261 0.4391
vn -0.5901 -0.7266 0.3519
vn -0.5875 -0.7265 0.3565
vn -0.5901 -0.7265 0.3520
vn -0.5874 -0.7266 0.3564
vn -0.5983 -0.7264 0.3383
vn -0.1435 -0.1374 0.9801
vn -0.4507 -0.1738 0.8756
vn -0.4161 -0.7068 0.5721
vn -0.1437 -0.1371 0.9801
vn -0.4161 -0.7069 0.5719
vn -0.5290 -0.7260 0.4395
vn 0.5902 0.7265 -0.3519
vn 0.5945 0.7289 -0.3395
vn 0.5625 0.7389 -0.3710
vn 0.6464 0.7227 -0.2445
vn 0.5793 0.7279 -0.3669
vn 0.5844 0.7271 -0.3604
vn 0.5843 0.7271 -0.3604
vn 0.6183 0.7270 -0.2988
vn -0.5793 -0.7279 0.3669
vn -0.6464 -0.7227 0.2445
vn -0.6184 -0.7270 0.2986
vn -0.6183 -0.7270 0.2986
vn -0.5844 -0.7271 0.3604
vn 0.2186 0.8361 0.5032
vn 0.5312 0.7248 -0.4388
vn 0.3357 0.1034 -0.9363
vn 0.2188 0.8359 0.5033
vn 0.3355 0.1034 -0.9363
vn 0.6262 0.7341 -0.2628
vn 0.5874 0.7265 -0.3567
vn 0.5873 0.7266 -0.3566
vn 0.5308 0.7248 -0.4392
vn 0.4021 0.7038 -0.5857
vn 0.3174 0.3583 -0.8780
vn 0.5309 0.7247 -0.4392
vn 0.3175 0.3585 -0.8779
vn 0.3354 0.1035 -0.9364
vn -0.4506 -0.1735 0.8757
vn -0.6808 -0.7275 0.0852
vn -0.3209 -0.9001 -0.2948
vn -0.4508 -0.1736 0.8756
vn -0.4164 -0.7069 0.5717
vn -0.5875 -0.7266 0.3564
vn -0.5876 -0.7266 0.3561
vn 0.4590 0.5696 -0.6818
vn 0.6466 0.7227 -0.2443
vn 0.6185 0.7269 -0.2984
vn 0.4587 0.5696 -0.6820
vn 0.6184 0.7270 -0.2985
vn 0.6543 0.1740 -0.7359
vn -0.5708 -0.7367 0.3626
vn -0.5944 -0.7289 0.3396
vn -0.5621 -0.7390 0.3713
vn -0.5708 -0.7368 0.3624
vn -0.5623 -0.7391 0.3709
vn -0.5647 -0.7385 0.3685
vn -0.6466 -0.7228 0.2441
vn -0.5394 0.2085 0.8158
vn -0.6011 -0.6742 0.4291
vn -0.6466 -0.7227 0.2442
vn -0.6011 -0.6741 0.4292
vn -0.6184 -0.7269 0.2985
vn 0.3075 0.9029 0.3004
vn 0.2186 0.8359 0.5035
vn 0.6263 0.7341 -0.2623
vn 0.3074 0.9030 0.3001
vn 0.6812 0.7272 -0.0844
vn 0.5872 0.7265 -0.3570
vn 0.5875 0.7264 -0.3567
vn -0.6810 -0.7273 0.0849
vn -0.6306 -0.7341 0.2518
vn -0.2137 -0.8428 -0.4940
vn -0.6809 -0.7274 0.0850
vn -0.2139 -0.8428 -0.4940
vn 0.3246 0.4577 -0.8277
vn 0.4587 0.5695 -0.6821
vn 0.6544 0.1741 -0.7358
vn 0.3248 0.4574 -0.8278
vn 0.6543 0.1742 -0.7359
vn 0.6022 0.3284 -0.7277
vn 0.5945 0.7289 -0.3394
vn 0.5647 0.7384 -0.3686
vn 0.5944 0.7289 -0.3396
vn 0.5646 0.7384 -0.3687
vn 0.5622 0.7391 -0.3711
vn -0.5396 0.2088 0.8156
vn -0.5735 0.1596 0.8035
vn -0.4967 -0.6446 0.5813
vn -0.5395 0.2091 0.8156
vn -0.4968 -0.6445 0.5813
vn -0.6008 -0.6743 0.4293
vn -0.5945 -0.7289 0.3394
vn -0.5902 -0.7266 0.3519
vn -0.5982 -0.7264 0.3384
vn -0.5984 -0.7263 0.3382
vn -0.5623 -0.7390 0.3710
vn 0.3074 0.9029 0.3005
vn 0.6810 0.7273 -0.0847
vn 0.5792 0.7279 -0.3669
vn 0.5844 0.7271 -0.3603
vn -0.5871 -0.7266 0.3568
vn -0.5872 -0.7267 0.3565
vn -0.5738 0.1596 0.8033
vn -0.5710 -0.7366 0.3624
vn -0.5734 0.1598 0.8035
vn -0.5646 -0.7383 0.3690
vn -0.4968 -0.6447 0.5810
vn -0.6304 -0.7341 0.2522
vn -0.5794 -0.7279 0.3667
vn -0.5844 -0.7270 0.3603
vn -0.6304 -0.7342 0.2521
vn -0.5843 -0.7271 0.3604
vn -0.2143 -0.8426 -0.4940
vn -0.0815 0.8163 0.5719
vn -0.0394 0.5887 0.8074
vn -0.0392 0.5873 0.8085
vn -0.0816 0.8162 0.5719
vn -0.0391 0.5873 0.8084
vn -0.0812 0.8147 0.5741
vn -0.0368 0.5734 0.8185
vn -0.0365 0.5726 0.8190
vn -0.0360 0.5679 0.8223
vn -0.0368 0.5733 0.8185
vn -0.0359 0.5678 0.8224
vn -0.0359 0.5763 0.8164
vn 0.0877 -0.8454 -0.5269
vn 0.0879 -0.8473 -0.5238
vn 0.0917 -0.8642 -0.4948
vn 0.0918 -0.8641 -0.4948
vn 0.0918 -0.8645 -0.4941
vn 0.0335 -0.5538 -0.8320
vn 0.0350 -0.5562 -0.8303
vn -0.0700 0.1622 -0.9843
vn 0.0336 -0.5537 -0.8321
vn -0.0701 0.1620 -0.9843
vn -0.0710 0.1575 -0.9850
vn 0.0918 -0.8643 -0.4945
vn 0.0918 -0.8639 -0.4953
vn 0.0340 -0.5567 -0.8300
vn 0.0341 -0.5567 -0.8300
vn 0.0336 -0.5543 -0.8317
vn -0.1379 0.8286 -0.5425
vn -0.1342 0.8320 -0.5383
vn -0.1351 0.9898 -0.0453
vn -0.1379 0.8286 -0.5426
vn -0.1350 0.9898 -0.0455
vn -0.1367 0.9895 -0.0471
vn -0.1351 0.9897 -0.0468
vn -0.1337 0.9900 -0.0451
vn -0.1183 0.9657 0.2310
vn -0.1194 0.9659 0.2298
vn -0.0695 0.1581 -0.9850
vn -0.0655 0.1631 -0.9844
vn -0.1379 0.8313 -0.5385
vn -0.1380 0.8313 -0.5385
vn -0.1416 0.8279 -0.5428
vn -0.0402 0.5883 0.8076
vn -0.0033 0.3655 0.9308
vn -0.0040 0.3686 0.9296
vn -0.0395 0.5885 0.8076
vn -0.0020 0.3690 0.9294
vn -0.0391 0.5870 0.8086
vn -0.1184 0.9659 0.2301
vn -0.1174 0.9658 0.2313
vn -0.0816 0.8166 0.5714
vn -0.0828 0.8148 0.5738
vn -0.0032 0.3649 0.9310
vn -0.0004 0.3459 0.9383
vn 0.0002 0.3422 0.9396
vn -0.0034 0.3649 0.9310
vn 0.0002 0.3423 0.9396
vn -0.0039 0.3681 0.9298
vn -0.0005 0.3465 0.9380
vn -0.0367 0.5723 0.8192
vn -0.0368 0.5732 0.8186
vn -0.0007 0.3465 0.9380
vn -0.0369 0.5732 0.8186
vn 0.0001 0.3428 0.9394
vn 0.0814 -0.8154 -0.5732
vn 0.0809 -0.8137 -0.5756
vn 0.0389 -0.5859 -0.8094
vn 0.0813 -0.8153 -0.5733
vn 0.0390 -0.5859 -0.8094
vn 0.0392 -0.5873 -0.8085
vn 0.0359 -0.5765 -0.8163
vn 0.0328 -0.5495 -0.8348
vn 0.0307 -0.5360 -0.8436
vn 0.0373 -0.5763 -0.8164
vn 0.0305 -0.5361 -0.8436
vn 0.0372 -0.5756 -0.8169
vn 0.0152 0.2419 0.9702
vn 0.4709 0.3336 0.8167
vn 0.4708 0.3335 0.8168
vn -0.0371 0.5758 0.8168
vn 0.0153 0.2416 0.9703
vn 0.0625 -0.1028 0.9927
vn 0.5467 0.3239 0.7722
vn 0.0153 0.2415 0.9703
vn 0.5469 0.3239 0.7720
vn -0.0873 0.8435 0.5300
vn -0.0917 0.8647 0.4939
vn -0.0918 0.8642 0.4946
vn -0.0872 0.8435 0.5300
vn -0.0875 0.8454 0.5270
vn 0.0879 -0.8470 -0.5244
vn 0.0875 -0.8452 -0.5272
vn 0.0640 -0.7267 -0.6839
vn 0.0881 -0.8470 -0.5243
vn 0.0640 -0.7267 -0.6840
vn -0.0335 0.5536 0.8321
vn 0.0693 -0.1575 0.9851
vn 0.0700 -0.1620 0.9843
vn -0.0335 0.5537 0.8321
vn -0.0340 0.5563 0.8303
vn -0.0917 0.8645 0.4943
vn -0.0335 0.5541 0.8318
vn -0.0338 0.5567 0.8301
vn -0.0917 0.8645 0.4942
vn -0.0340 0.5567 0.8300
vn -0.0917 0.8641 0.4949
vn 0.1378 -0.8284 0.5430
vn 0.1352 -0.9897 0.0477
vn 0.1351 -0.9898 0.0459
vn 0.1379 -0.8313 0.5384
vn 0.1352 -0.9897 0.0473
vn 0.1184 -0.9661 -0.2296
vn 0.1183 -0.9658 -0.2307
vn 0.1351 -0.9897 0.0473
vn 0.1350 -0.9898 0.0454
vn 0.0693 -0.1577 0.9851
vn 0.1379 -0.8282 0.5433
vn 0.1378 -0.8310 0.5389
vn 0.0695 -0.1578 0.9850
vn 0.1379 -0.8311 0.5388
vn 0.0390 -0.5870 -0.8086
vn 0.0390 -0.5855 -0.8097
vn 0.0040 -0.3687 -0.9295
vn 0.0391 -0.5872 -0.8085
vn 0.0034 -0.3654 -0.9308
vn 0.1184 -0.9660 -0.2298
vn 0.0811 -0.8140 -0.5752
vn 0.0814 -0.8157 -0.5728
vn 0.1183 -0.9660 -0.2298
vn 0.0814 -0.8156 -0.5729
vn 0.1182 -0.9657 -0.2312
vn 0.0034 -0.3649 -0.9310
vn 0.0039 -0.3682 -0.9298
vn 0.0002 -0.3447 -0.9387
vn 0.0032 -0.3649 -0.9310
vn 0.0009 -0.3485 -0.9373
vn 0.0009 -0.3488 -0.9372
vn 0.0001 -0.3452 -0.9385
vn 0.0372 -0.5762 -0.8165
vn 0.0009 -0.3489 -0.9372
vn 0.0373 -0.5761 -0.8165
vn 0.0372 -0.5752 -0.8171
vn 0.0305 -0.5356 -0.8439
vn 0.0325 -0.5491 -0.8351
vn -0.0152 -0.2416 -0.9703
vn 0.0305 -0.5357 -0.8439
vn -0.0153 -0.2416 -0.9703
vn -0.7621 -0.3126 -0.5670
vn -0.7620 -0.3129 -0.5670
vn -0.0152 -0.2410 -0.9704
vn -0.0360 -0.0950 -0.9948
vn -0.7621 -0.3128 -0.5669
vn -0.0360 -0.0949 -0.9948
vn -0.8443 -0.3415 -0.4129
vn -0.0877 0.8451 0.5274
vn -0.0630 0.7213 0.6897
vn -0.0876 0.8451 0.5275
vn -0.0872 0.8432 0.5305
vn -0.9895 -0.1393 0.0392
vn -0.9895 -0.1393 0.0394
vn -0.9864 -0.1562 0.0520
vn -0.7772 -0.5996 -0.1910
vn -0.8444 -0.3416 -0.4126
vn -0.9864 -0.1560 0.0522
vn -0.8444 -0.3415 -0.4128
vn -0.9854 -0.1614 0.0534
vn -0.9895 -0.1393 0.0393
vn -0.9902 -0.1337 0.0394
vn -0.9919 -0.1200 0.0405
vn -0.9895 -0.1391 0.0393
vn 0.9894 0.1396 -0.0395
vn 0.9895 0.1390 -0.0391
vn -0.9853 -0.1664 0.0384
vn -0.9853 -0.1662 0.0384
vn -0.9895 -0.1394 0.0392
vn -0.9882 -0.1485 0.0389
vn 0.9894 0.1396 -0.0390
vn 0.9853 0.1662 -0.0385
vn 0.9882 0.1485 -0.0389
vn 0.9895 0.1390 -0.0393
vn 0.9882 0.1483 -0.0390
vn 0.9902 0.1338 -0.0396
vn 0.9895 0.1391 -0.0392
vn 0.9902 0.1338 -0.0395
vn 0.9895 0.1392 -0.0391
vn 0.9920 0.1199 -0.0404
vn 0.9853 0.1665 -0.0385
vn 0.9868 0.1577 -0.0371
vn 0.9852 0.1673 -0.0378
vn 0.9853 0.1664 -0.0385
vn 0.9852 0.1673 -0.0379
vn -0.9915 -0.1226 0.0437
vn -0.9847 -0.1658 0.0543
vn -0.9902 -0.1337 0.0396
vn -0.9985 -0.0232 0.0497
vn -0.9877 -0.1514 0.0401
vn -0.9887 -0.1443 0.0395
vn -0.9961 -0.0748 0.0462
vn 0.9876 0.1515 -0.0401
vn 0.9985 0.0233 -0.0498
vn 0.9961 0.0747 -0.0462
vn 0.9961 0.0747 -0.0461
vn 0.9887 0.1444 -0.0395
vn -0.9931 -0.1073 0.0468
vn -0.9868 -0.1574 0.0370
vn -0.9852 -0.1673 0.0379
vn -0.9931 -0.1071 0.0468
vn -0.9852 -0.1672 0.0379
vn -0.9904 -0.1318 0.0413
vn -0.9894 -0.1398 0.0394
vn -0.9868 -0.1575 0.0370
vn -0.9853 -0.1663 0.0384
vn -0.9882 -0.1483 0.0389
vn -0.9868 -0.1575 0.0371
vn -0.9881 -0.1485 0.0389
vn -0.9852 -0.1673 0.0378
vn 0.9868 0.1575 -0.0371
vn 0.9931 0.1072 -0.0468
vn 0.9904 0.1317 -0.0412
vn 0.9904 0.1318 -0.0413
vn 0.9896 0.1384 -0.0390
vn 0.9895 0.1393 -0.0389
vn -0.9036 -0.4116 -0.1186
vn -0.9985 -0.0231 0.0496
vn -0.9962 -0.0744 0.0462
vn -0.9035 -0.4118 -0.1185
vn -0.7619 -0.3131 -0.5670
vn 0.9863 0.1562 -0.0521
vn 0.9915 0.1229 -0.0436
vn 0.9846 0.1660 -0.0543
vn 0.9864 0.1561 -0.0522
vn 0.9846 0.1659 -0.0544
vn 0.9854 0.1614 -0.0535
vn 0.9985 0.0231 -0.0497
vn 0.4709 0.3334 0.8167
vn 0.9789 0.2008 0.0388
vn 0.9985 0.0230 -0.0495
vn 0.9788 0.2009 0.0389
vn 0.9961 0.0745 -0.0463
vn -0.9915 -0.1225 0.0431
vn -0.9904 -0.1317 0.0413
vn -0.9904 -0.1317 0.0415
vn -0.9935 -0.1039 0.0473
vn -0.9895 -0.1390 0.0392
vn 0.9915 0.1225 -0.0430
vn 0.9935 0.1038 -0.0473
vn 0.9935 0.1038 -0.0474
vn -0.7769 -0.6000 -0.1909
vn -0.9035 -0.4119 -0.1187
vn -0.7619 -0.3128 -0.5671
vn -0.7768 -0.6000 -0.1912
vn -0.8444 -0.3417 -0.4127
vn -0.9915 -0.1228 0.0438
vn -0.9864 -0.1561 0.0522
vn -0.9854 -0.1614 0.0535
vn -0.9915 -0.1230 0.0436
vn -0.9854 -0.1615 0.0535
vn -0.9846 -0.1661 0.0544
vn 0.4710 0.3331 0.8168
vn 0.5466 0.3236 0.7723
vn 0.9366 0.3460 0.0559
vn 0.4707 0.3333 0.8169
vn 0.9788 0.2012 0.0390
vn 0.9915 0.1229 -0.0437
vn 0.9902 0.1337 -0.0396
vn 0.9919 0.1200 -0.0405
vn 0.9915 0.1228 -0.0436
vn 0.9920 0.1200 -0.0404
vn -0.9877 -0.1514 0.0399
vn -0.9915 -0.1228 0.0430
vn -0.9877 -0.1513 0.0401
vn -0.9935 -0.1038 0.0473
vn -0.9888 -0.1441 0.0395
vn 0.9895 0.1391 -0.0390
vn 0.9895 0.1394 -0.0392
vn 0.5466 0.3235 0.7724
vn 0.9863 0.1562 -0.0522
vn 0.9855 0.1612 -0.0534
vn 0.5465 0.3235 0.7724
vn 0.9854 0.1615 -0.0533
vn 0.9366 0.3458 0.0559
vn 0.9877 0.1513 -0.0401
vn 0.9888 0.1441 -0.0395
vn 0.9888 0.1442 -0.0395
vn 0.9935 0.1039 -0.0473
vn -0.4219 0.5540 0.7177
vn -0.0929 0.5824 0.8076
vn -0.0913 0.5825 0.8077
vn -0.4219 0.5541 0.7176
vn -0.4197 0.5545 0.7186
vn -0.0733 0.5819 0.8099
vn -0.0723 0.5819 0.8100
vn -0.0664 0.5817 0.8107
vn -0.0734 0.5818 0.8100
vn -0.0766 0.5832 0.8087
vn 0.4723 -0.5430 -0.6943
vn 0.4754 -0.5422 -0.6929
vn 0.5062 -0.5343 -0.6770
vn 0.4724 -0.5429 -0.6944
vn 0.5061 -0.5344 -0.6770
vn 0.5064 -0.5342 -0.6769
vn 0.0485 -0.5810 -0.8125
vn 0.0516 -0.5801 -0.8129
vn -0.6590 -0.3863 -0.6454
vn 0.0484 -0.5810 -0.8124
vn -0.6590 -0.3863 -0.6453
vn -0.6551 -0.3902 -0.6469
vn 0.5058 -0.5343 -0.6772
vn 0.0520 -0.5812 -0.8121
vn 0.0521 -0.5811 -0.8121
vn 0.0487 -0.5811 -0.8124
vn -0.9954 0.0495 -0.0816
vn -0.9953 0.0563 -0.0792
vn -0.8870 0.3268 0.3261
vn -0.9954 0.0494 -0.0816
vn -0.8870 0.3268 0.3262
vn -0.8882 0.3242 0.3257
vn -0.8879 0.3258 0.3249
vn -0.8868 0.3281 0.3256
vn -0.7299 0.4459 0.5181
vn -0.8879 0.3258 0.3248
vn -0.7311 0.4442 0.5179
vn -0.6551 -0.3886 -0.6479
vn -0.6588 -0.3818 -0.6483
vn -0.9956 0.0526 -0.0773
vn -0.6552 -0.3888 -0.6477
vn -0.9956 0.0526 -0.0771
vn -0.9958 0.0455 -0.0795
vn -0.0928 0.5816 0.8082
vn 0.1744 0.5569 0.8121
vn 0.1708 0.5574 0.8125
vn -0.0929 0.5823 0.8076
vn 0.1710 0.5590 0.8113
vn -0.0908 0.5823 0.8079
vn -0.7306 0.4455 0.5174
vn -0.7295 0.4468 0.5179
vn -0.4225 0.5539 0.7174
vn -0.4225 0.5538 0.7175
vn -0.4203 0.5527 0.7196
vn 0.1747 0.5568 0.8121
vn 0.1960 0.5528 0.8099
vn 0.1999 0.5522 0.8094
vn 0.1748 0.5568 0.8121
vn 0.1999 0.5521 0.8094
vn 0.1713 0.5573 0.8124
vn 0.1955 0.5529 0.8099
vn -0.0720 0.5819 0.8101
vn -0.0729 0.5819 0.8100
vn 0.1956 0.5529 0.8100
vn -0.0731 0.5819 0.8100
vn 0.1994 0.5523 0.8095
vn 0.4203 -0.5543 -0.7184
vn 0.4180 -0.5548 -0.7193
vn 0.0895 -0.5823 -0.8080
vn 0.4204 -0.5543 -0.7183
vn 0.0894 -0.5823 -0.8080
vn 0.0913 -0.5824 -0.8078
vn 0.0770 -0.5832 -0.8087
vn 0.0429 -0.5808 -0.8129
vn 0.0261 -0.5799 -0.8143
vn 0.0772 -0.5819 -0.8096
vn 0.0260 -0.5800 -0.8142
vn 0.0761 -0.5820 -0.8096
vn -0.0660 0.5817 0.8107
vn 0.3046 0.5287 0.7923
vn 0.3779 0.5078 0.7741
vn -0.0661 0.5818 0.8107
vn 0.3780 0.5078 0.7741
vn -0.0764 0.5821 0.8095
vn 0.3050 0.5286 0.7922
vn 0.6193 0.4085 0.6705
vn 0.3050 0.5287 0.7921
vn 0.6192 0.4086 0.6706
vn 0.3785 0.5078 0.7739
vn -0.4690 0.5438 0.6960
vn -0.5068 0.5342 0.6766
vn -0.5064 0.5343 0.6768
vn -0.4690 0.5437 0.6960
vn -0.5063 0.5344 0.6768
vn -0.4719 0.5431 0.6946
vn 0.4749 -0.5423 -0.6931
vn 0.4720 -0.5430 -0.6946
vn 0.2842 -0.5746 -0.7675
vn 0.4749 -0.5422 -0.6932
vn -0.0482 0.5810 0.8125
vn 0.6548 0.3888 0.6481
vn 0.6588 0.3866 0.6454
vn -0.0482 0.5810 0.8124
vn 0.6588 0.3864 0.6455
vn -0.0515 0.5811 0.8122
vn -0.5064 0.5341 0.6769
vn -0.0486 0.5810 0.8124
vn -0.0521 0.5812 0.8121
vn -0.5064 0.5342 0.6769
vn -0.0521 0.5811 0.8121
vn -0.5060 0.5343 0.6771
vn 0.9954 -0.0491 0.0821
vn 0.8883 -0.3254 -0.3242
vn 0.8872 -0.3265 -0.3259
vn 0.9954 -0.0492 0.0819
vn 0.8873 -0.3265 -0.3259
vn 0.9956 -0.0526 0.0772
vn 0.8881 -0.3255 -0.3245
vn 0.7312 -0.4451 -0.5170
vn 0.7301 -0.4457 -0.5180
vn 0.8880 -0.3258 -0.3246
vn 0.8870 -0.3267 -0.3262
vn 0.6550 0.3888 0.6480
vn 0.9954 -0.0488 0.0823
vn 0.9956 -0.0523 0.0776
vn 0.6550 0.3888 0.6479
vn 0.6589 0.3866 0.6453
vn 0.0908 -0.5823 -0.8079
vn 0.0891 -0.5823 -0.8081
vn -0.1709 -0.5575 -0.8124
vn -0.1709 -0.5574 -0.8125
vn -0.1744 -0.5569 -0.8121
vn 0.7308 -0.4452 -0.5173
vn 0.4184 -0.5547 -0.7192
vn 0.4209 -0.5543 -0.7180
vn 0.4209 -0.5541 -0.7182
vn 0.7299 -0.4458 -0.5182
vn -0.1748 -0.5568 -0.8121
vn -0.1715 -0.5573 -0.8124
vn -0.1973 -0.5526 -0.8098
vn -0.1748 -0.5568 -0.8120
vn -0.1932 -0.5534 -0.8102
vn -0.1928 -0.5534 -0.8103
vn -0.1969 -0.5529 -0.8097
vn 0.0769 -0.5820 -0.8096
vn -0.1929 -0.5535 -0.8102
vn 0.0758 -0.5819 -0.8097
vn 0.0255 -0.5799 -0.8143
vn 0.0426 -0.5809 -0.8129
vn -0.3059 -0.5284 -0.7920
vn 0.0254 -0.5799 -0.8143
vn -0.3060 -0.5283 -0.7920
vn -0.1997 -0.9770 -0.0751
vn -0.3065 -0.5282 -0.7919
vn -0.4494 -0.4838 -0.7510
vn -0.1995 -0.9770 -0.0751
vn -0.4492 -0.4839 -0.7510
vn -0.1213 -0.9886 0.0888
vn -0.4714 0.5431 0.6948
vn -0.2763 0.5754 0.7698
vn -0.2762 0.5754 0.7698
vn -0.4686 0.5439 0.6961
vn -0.0868 -0.8204 0.5652
vn -0.0868 -0.8204 0.5651
vn -0.0649 -0.8207 0.5677
vn 0.2294 -0.9620 0.1480
vn -0.1209 -0.9886 0.0893
vn -0.0648 -0.8205 0.5680
vn -0.1211 -0.9886 0.0891
vn -0.0607 -0.8214 0.5670
vn -0.0865 -0.8204 0.5652
vn -0.0913 -0.8184 0.5674
vn -0.1023 -0.8132 0.5729
vn -0.1024 -0.8132 0.5729
vn 0.0867 0.8204 -0.5651
vn 0.0869 0.8205 -0.5650
vn -0.0636 -0.8297 0.5546
vn -0.0869 -0.8206 0.5649
vn -0.0635 -0.8297 0.5546
vn -0.0864 -0.8206 0.5650
vn -0.0789 -0.8236 0.5616
vn 0.0868 0.8203 -0.5652
vn 0.0635 0.8297 -0.5546
vn 0.0788 0.8236 -0.5616
vn 0.0869 0.8204 -0.5651
vn 0.0789 0.8236 -0.5617
vn 0.0869 0.8204 -0.5652
vn 0.0915 0.8183 -0.5675
vn 0.0869 0.8206 -0.5649
vn 0.0915 0.8184 -0.5674
vn 0.0869 0.8205 -0.5651
vn 0.1023 0.8133 -0.5728
vn 0.0636 0.8297 -0.5546
vn 0.0719 0.8274 -0.5570
vn 0.0632 0.8302 -0.5538
vn 0.0789 0.8236 -0.5616
vn -0.0914 -0.8184 0.5674
vn -0.0985 -0.8128 0.5742
vn -0.0558 -0.8226 0.5659
vn -0.0914 -0.8183 0.5675
vn -0.0557 -0.8226 0.5659
vn -0.1025 -0.8132 0.5729
vn -0.1792 -0.7717 0.6102
vn -0.0759 -0.8240 0.5614
vn -0.0822 -0.8220 0.5636
vn -0.1791 -0.7717 0.6102
vn -0.0821 -0.8220 0.5636
vn -0.1393 -0.7934 0.5925
vn 0.0758 0.8241 -0.5614
vn 0.1791 0.7717 -0.6102
vn 0.1393 0.7934 -0.5926
vn 0.1393 0.7933 -0.5926
vn 0.0821 0.8220 -0.5635
vn -0.1097 -0.8062 0.5814
vn -0.0718 -0.8275 0.5569
vn -0.0633 -0.8302 0.5538
vn -0.1096 -0.8063 0.5813
vn -0.0926 -0.8167 0.5697
vn -0.0871 -0.8202 0.5654
vn -0.0865 -0.8205 0.5651
vn -0.0717 -0.8275 0.5569
vn -0.0635 -0.8296 0.5547
vn -0.0788 -0.8236 0.5616
vn -0.0632 -0.8302 0.5538
vn 0.0720 0.8274 -0.5570
vn 0.1096 0.8063 -0.5813
vn 0.0925 0.8167 -0.5696
vn 0.0719 0.8275 -0.5569
vn 0.0925 0.8167 -0.5697
vn 0.0633 0.8302 -0.5538
vn 0.0866 0.8205 -0.5651
vn 0.0866 0.8204 -0.5653
vn 0.0739 -0.9403 0.3322
vn -0.1795 -0.7716 0.6102
vn -0.1395 -0.7933 0.5926
vn 0.0743 -0.9402 0.3323
vn -0.1394 -0.7932 0.5928
vn -0.1994 -0.9770 -0.0755
vn 0.0649 0.8206 -0.5679
vn 0.0984 0.8129 -0.5740
vn 0.0557 0.8226 -0.5658
vn 0.0648 0.8205 -0.5680
vn 0.0558 0.8225 -0.5660
vn 0.0608 0.8213 -0.5672
vn 0.1793 0.7716 -0.6104
vn -0.0742 0.9403 -0.3323
vn 0.0668 0.8749 -0.4797
vn 0.1793 0.7717 -0.6102
vn 0.0669 0.8748 -0.4798
vn 0.1395 0.7933 -0.5926
vn -0.0994 -0.8128 0.5740
vn -0.1098 -0.8061 0.5815
vn -0.0926 -0.8166 0.5698
vn -0.0995 -0.8127 0.5741
vn -0.0926 -0.8166 0.5697
vn -0.1126 -0.8046 0.5830
vn -0.0872 -0.8203 0.5652
vn 0.1097 0.8063 -0.5813
vn 0.0995 0.8128 -0.5740
vn 0.1125 0.8047 -0.5830
vn 0.1100 0.8062 -0.5814
vn 0.0927 0.8166 -0.5697
vn 0.2298 -0.9619 0.1480
vn 0.0745 -0.9403 0.3322
vn 0.2295 -0.9621 0.1476
vn -0.1993 -0.9770 -0.0754
vn -0.1207 -0.9887 0.0889
vn -0.0607 -0.8215 0.5670
vn -0.0984 -0.8128 0.5741
vn -0.0605 -0.8215 0.5670
vn -0.0743 0.9403 -0.3322
vn -0.2295 0.9620 -0.1479
vn -0.0487 0.9114 -0.4085
vn -0.0745 0.9402 -0.3323
vn -0.0491 0.9114 -0.4085
vn 0.0667 0.8749 -0.4797
vn 0.0985 0.8128 -0.5742
vn 0.1025 0.8132 -0.5729
vn 0.1026 0.8132 -0.5728
vn 0.0558 0.8226 -0.5658
vn -0.1125 -0.8047 0.5830
vn -0.0760 -0.8240 0.5614
vn -0.1124 -0.8046 0.5831
vn -0.0823 -0.8220 0.5636
vn 0.0868 0.8204 -0.5652
vn 0.0862 0.8204 -0.5653
vn -0.2299 0.9619 -0.1479
vn 0.0650 0.8205 -0.5680
vn 0.0609 0.8214 -0.5671
vn -0.2295 0.9620 -0.1481
vn 0.0607 0.8216 -0.5668
vn -0.0487 0.9113 -0.4088
vn 0.0759 0.8240 -0.5614
vn 0.0820 0.8220 -0.5636
vn 0.0993 0.8128 -0.5740
vn 0.0823 0.8220 -0.5636
vn 0.1124 0.8047 -0.5829
vn -0.2063 0.2817 0.9371
vn -0.0946 0.5424 0.8348
vn -0.0942 0.5436 0.8341
vn -0.2063 0.2819 0.9370
vn -0.0941 0.5437 0.8340
vn -0.2053 0.2845 0.9364
vn -0.0880 0.5556 0.8268
vn -0.0876 0.5564 0.8263
vn -0.0856 0.5603 0.8238
vn -0.0880 0.5557 0.8267
vn -0.0858 0.5603 0.8238
vn -0.0904 0.5537 0.8278
vn 0.2227 -0.2375 -0.9455
vn 0.2239 -0.2338 -0.9461
vn 0.2336 -0.2060 -0.9503
vn 0.2225 -0.2374 -0.9456
vn 0.2341 -0.2049 -0.9504
vn 0.0797 -0.5726 -0.8160
vn 0.0803 -0.5702 -0.8176
vn -0.1998 -0.9387 -0.2810
vn 0.0796 -0.5726 -0.8160
vn -0.1996 -0.9387 -0.2810
vn -0.1980 -0.9384 -0.2830
vn 0.2339 -0.2051 -0.9504
vn 0.2335 -0.2064 -0.9502
vn 0.0810 -0.5699 -0.8177
vn 0.0810 -0.5700 -0.8176
vn 0.0797 -0.5721 -0.8163
vn -0.3938 -0.7612 0.5152
vn -0.3963 -0.7585 0.5173
vn -0.3701 -0.3201 0.8721
vn -0.3939 -0.7611 0.5153
vn -0.3702 -0.3199 0.8721
vn -0.3696 -0.3212 0.8719
vn -0.3703 -0.3206 0.8718
vn -0.3708 -0.3193 0.8721
vn -0.3126 -0.0534 0.9484
vn -0.3704 -0.3205 0.8718
vn -0.3125 -0.0533 0.9484
vn -0.3121 -0.0542 0.9485
vn -0.1989 -0.9383 -0.2829
vn -0.2021 -0.9381 -0.2815
vn -0.3942 -0.7594 0.5176
vn -0.1987 -0.9383 -0.2829
vn -0.3941 -0.7594 0.5177
vn -0.3916 -0.7620 0.5157
vn -0.0939 0.5422 0.8350
vn -0.0027 0.7098 0.7044
vn -0.0040 0.7077 0.7065
vn -0.0946 0.5425 0.8347
vn -0.0056 0.7081 0.7061
vn -0.0940 0.5439 0.8339
vn -0.3127 -0.0536 0.9483
vn -0.3128 -0.0529 0.9484
vn -0.2065 0.2812 0.9371
vn -0.3127 -0.0537 0.9484
vn -0.2064 0.2813 0.9372
vn -0.2048 0.2838 0.9368
vn -0.0025 0.7103 0.7039
vn 0.0047 0.7217 0.6922
vn 0.0063 0.7242 0.6896
vn -0.0023 0.7102 0.7040
vn 0.0063 0.7242 0.6895
vn -0.0039 0.7079 0.7063
vn 0.0045 0.7215 0.6924
vn -0.0876 0.5566 0.8262
vn -0.0880 0.5559 0.8265
vn 0.0045 0.7214 0.6925
vn -0.0879 0.5559 0.8266
vn 0.0063 0.7238 0.6899
vn 0.2058 -0.2830 -0.9368
vn 0.2048 -0.2860 -0.9361
vn 0.0934 -0.5448 -0.8333
vn 0.2057 -0.2831 -0.9368
vn 0.0935 -0.5448 -0.8334
vn 0.0941 -0.5436 -0.8341
vn 0.0906 -0.5534 -0.8280
vn 0.0779 -0.5761 -0.8137
vn 0.0721 -0.5870 -0.8064
vn 0.0894 -0.5530 -0.8284
vn 0.0722 -0.5870 -0.8063
vn 0.0890 -0.5538 -0.8279
vn -0.0856 0.5606 0.8237
vn 0.0457 0.7828 0.6205
vn -0.4020 0.7848 0.4718
vn -0.0891 0.5537 0.8280
vn 0.0461 0.7831 0.6202
vn 0.1709 0.9196 0.3538
vn -0.4460 0.7874 0.4255
vn 0.0460 0.7831 0.6202
vn -0.4019 0.7848 0.4718
vn -0.2213 0.2407 0.9450
vn -0.2340 0.2045 0.9505
vn -0.2338 0.2057 0.9503
vn -0.2338 0.2056 0.9503
vn -0.2228 0.2370 0.9456
vn 0.2236 -0.2343 -0.9461
vn 0.2226 -0.2380 -0.9454
vn 0.1581 -0.4030 -0.9014
vn -0.0795 0.5725 0.8160
vn 0.1987 0.9382 0.2835
vn 0.1995 0.9386 0.2814
vn -0.0796 0.5725 0.8160
vn 0.1994 0.9387 0.2812
vn -0.0806 0.5705 0.8173
vn -0.2341 0.2049 0.9504
vn -0.0798 0.5721 0.8163
vn -0.0809 0.5700 0.8177
vn -0.2339 0.2050 0.9504
vn -0.0808 0.5699 0.8177
vn -0.2337 0.2061 0.9502
vn 0.3939 0.7614 -0.5149
vn 0.3706 0.3212 -0.8715
vn 0.3703 0.3204 -0.8719
vn 0.3938 0.7614 -0.5149
vn 0.3702 0.3204 -0.8719
vn 0.3940 0.7596 -0.5175
vn 0.3705 0.3209 -0.8717
vn 0.3125 0.0545 -0.9483
vn 0.3125 0.0538 -0.9484
vn 0.3704 0.3209 -0.8717
vn 0.3126 0.0537 -0.9484
vn 0.3702 0.3199 -0.8721
vn 0.1987 0.9382 0.2834
vn 0.3938 0.7617 -0.5145
vn 0.3941 0.7597 -0.5173
vn 0.1986 0.9382 0.2833
vn 0.3940 0.7597 -0.5173
vn 0.1996 0.9387 0.2811
vn 0.0940 -0.5437 -0.8340
vn 0.0934 -0.5451 -0.8332
vn 0.0041 -0.7077 -0.7065
vn 0.0026 -0.7100 -0.7042
vn 0.3128 0.0540 -0.9483
vn 0.2049 -0.2856 -0.9362
vn 0.2059 -0.2827 -0.9368
vn 0.3126 0.0540 -0.9484
vn 0.2061 -0.2828 -0.9368
vn 0.3124 0.0533 -0.9484
vn 0.0024 -0.7102 -0.7040
vn 0.0039 -0.7080 -0.7062
vn -0.0055 -0.7227 -0.6912
vn 0.0024 -0.7103 -0.7039
vn -0.0055 -0.7226 -0.6912
vn -0.0039 -0.7202 -0.6938
vn -0.0036 -0.7199 -0.6940
vn -0.0051 -0.7225 -0.6914
vn 0.0893 -0.5534 -0.8281
vn -0.0036 -0.7198 -0.6942
vn 0.0893 -0.5533 -0.8282
vn 0.0889 -0.5540 -0.8278
vn 0.0719 -0.5873 -0.8061
vn 0.0776 -0.5763 -0.8136
vn -0.0453 -0.7820 -0.6217
vn 0.0720 -0.5874 -0.8061
vn -0.0454 -0.7820 -0.6216
vn 0.6929 -0.6907 -0.2068
vn 0.6929 -0.6908 -0.2067
vn -0.0454 -0.7822 -0.6214
vn -0.0991 -0.8506 -0.5164
vn 0.6931 -0.6906 -0.2067
vn 0.8016 -0.5762 -0.1597
vn -0.2223 0.2371 0.9457
vn -0.1555 0.4092 0.8991
vn -0.2225 0.2373 0.9456
vn -0.2212 0.2411 0.9449
vn 0.9168 -0.2841 0.2808
vn 0.9168 -0.2842 0.2807
vn 0.9245 -0.2675 0.2717
vn 0.8977 -0.3076 -0.3156
vn 0.8019 -0.5757 -0.1596
vn 0.9244 -0.2674 0.2721
vn 0.8016 -0.5761 -0.1596
vn 0.9276 -0.2630 0.2654
vn 0.9167 -0.2843 0.2807
vn 0.9149 -0.2852 0.2857
vn 0.9093 -0.2885 0.2998
vn 0.9168 -0.2839 0.2809
vn 0.9094 -0.2885 0.2997
vn -0.9170 0.2836 -0.2806
vn -0.9169 0.2838 -0.2807
vn 0.9265 -0.2768 0.2548
vn 0.9168 -0.2842 0.2806
vn 0.9265 -0.2769 0.2548
vn 0.9169 -0.2838 0.2806
vn 0.9201 -0.2817 0.2722
vn -0.9167 0.2841 -0.2811
vn -0.9265 0.2768 -0.2549
vn -0.9200 0.2819 -0.2722
vn -0.9166 0.2842 -0.2812
vn -0.9200 0.2819 -0.2723
vn -0.9149 0.2852 -0.2856
vn -0.9169 0.2838 -0.2808
vn -0.9149 0.2852 -0.2855
vn -0.9168 0.2842 -0.2806
vn -0.9094 0.2885 -0.2997
vn -0.9231 0.2808 -0.2628
vn -0.9269 0.2770 -0.2533
vn -0.9265 0.2768 -0.2548
vn -0.9269 0.2769 -0.2534
vn -0.9201 0.2816 -0.2723
vn 0.9148 -0.2854 0.2858
vn 0.9111 -0.2845 0.2983
vn 0.9289 -0.2614 0.2625
vn 0.9149 -0.2853 0.2857
vn 0.9288 -0.2614 0.2627
vn 0.9093 -0.2885 0.2999
vn 0.8670 -0.3053 0.3938
vn 0.9216 -0.2796 0.2693
vn 0.9186 -0.2823 0.2765
vn 0.8670 -0.3054 0.3939
vn 0.9186 -0.2825 0.2764
vn 0.8928 -0.2945 0.3408
vn -0.9216 0.2796 -0.2694
vn -0.8670 0.3053 -0.3939
vn -0.8929 0.2944 -0.3407
vn -0.9216 0.2796 -0.2693
vn -0.8928 0.2946 -0.3407
vn -0.9186 0.2825 -0.2764
vn 0.9047 -0.2860 0.3157
vn 0.9231 -0.2809 0.2628
vn 0.9269 -0.2770 0.2533
vn 0.9047 -0.2861 0.3157
vn 0.9148 -0.2840 0.2871
vn 0.9168 -0.2840 0.2807
vn 0.9167 -0.2842 0.2808
vn 0.9231 -0.2808 0.2628
vn 0.9266 -0.2767 0.2547
vn 0.9201 -0.2818 0.2721
vn -0.9230 0.2810 -0.2629
vn -0.9048 0.2859 -0.3156
vn -0.9149 0.2839 -0.2870
vn -0.9148 0.2840 -0.2870
vn -0.9167 0.2842 -0.2809
vn -0.9168 0.2842 -0.2805
vn 0.9385 -0.3329 -0.0919
vn 0.8668 -0.3055 0.3941
vn 0.8927 -0.2947 0.3410
vn 0.9385 -0.3328 -0.0919
vn 0.8927 -0.2946 0.3411
vn 0.6929 -0.6907 -0.2070
vn -0.9244 0.2672 -0.2723
vn -0.9111 0.2846 -0.2981
vn -0.9289 0.2613 -0.2624
vn -0.9244 0.2671 -0.2724
vn -0.9275 0.2631 -0.2655
vn -0.8668 0.3053 -0.3943
vn -0.4023 0.7846 0.4718
vn -0.9179 0.3384 -0.2070
vn -0.8669 0.3055 -0.3940
vn -0.9179 0.3385 -0.2069
vn -0.8926 0.2947 -0.3411
vn 0.9114 -0.2850 0.2969
vn 0.9047 -0.2860 0.3159
vn 0.9148 -0.2840 0.2872
vn 0.9114 -0.2850 0.2970
vn 0.9148 -0.2840 0.2873
vn 0.9035 -0.2863 0.3190
vn 0.9167 -0.2843 0.2808
vn 0.9168 -0.2838 0.2808
vn -0.9048 0.2857 -0.3158
vn -0.9114 0.2850 -0.2969
vn -0.9035 0.2863 -0.3190
vn -0.9047 0.2859 -0.3159
vn -0.9035 0.2862 -0.3191
vn -0.9148 0.2840 -0.2873
vn 0.8977 -0.3075 -0.3156
vn 0.9386 -0.3326 -0.0920
vn 0.6928 -0.6908 -0.2070
vn 0.8976 -0.3077 -0.3158
vn 0.6931 -0.6904 -0.2071
vn 0.8016 -0.5761 -0.1601
vn 0.9244 -0.2671 0.2722
vn 0.9276 -0.2629 0.2655
vn 0.9111 -0.2845 0.2982
vn 0.9276 -0.2629 0.2653
vn 0.9289 -0.2613 0.2624
vn -0.4018 0.7849 0.4716
vn -0.4459 0.7876 0.4253
vn -0.9521 0.3043 -0.0309
vn -0.4017 0.7849 0.4718
vn -0.9521 0.3043 -0.0307
vn -0.9180 0.3383 -0.2067
vn -0.9111 0.2844 -0.2984
vn -0.9149 0.2853 -0.2856
vn -0.9093 0.2885 -0.2999
vn -0.9111 0.2845 -0.2983
vn -0.9094 0.2884 -0.2998
vn -0.9288 0.2615 -0.2626
vn 0.9215 -0.2796 0.2694
vn 0.9114 -0.2851 0.2967
vn 0.9035 -0.2861 0.3190
vn 0.9215 -0.2796 0.2696
vn 0.9035 -0.2863 0.3189
vn 0.9186 -0.2824 0.2765
vn -0.9166 0.2843 -0.2810
vn -0.9167 0.2840 -0.2809
vn -0.4457 0.7876 0.4254
vn -0.9276 0.2631 -0.2654
vn -0.9520 0.3044 -0.0314
vn -0.9114 0.2851 -0.2967
vn -0.9215 0.2797 -0.2695
vn -0.9186 0.2824 -0.2766
vn 0.2947 0.5963 -0.7467
vn 0.2911 0.4967 -0.8177
vn 0.2910 0.4950 -0.8187
vn 0.2949 0.5963 -0.7466
vn 0.2911 0.4949 -0.8187
vn 0.2950 0.5964 -0.7465
vn 0.2849 0.4106 -0.8661
vn 0.2839 0.4102 -0.8667
vn 0.8245 0.2428 -0.5111
vn 0.8246 0.2427 -0.5110
vn 0.2850 0.4121 -0.8654
vn -0.2953 -0.6320 0.7165
vn -0.2953 -0.6342 0.7145
vn -0.2950 -0.6500 0.7003
vn -0.2952 -0.6321 0.7165
vn -0.2950 -0.6500 0.7004
vn -0.2950 -0.6510 0.6994
vn -0.2832 -0.3912 0.8757
vn -0.2833 -0.3924 0.8751
vn -0.1644 0.2749 0.9473
vn -0.2830 -0.3914 0.8756
vn -0.1643 0.2749 0.9473
vn -0.1644 0.2746 0.9474
vn -0.2951 -0.6507 0.6996
vn -0.2951 -0.6497 0.7006
vn -0.2833 -0.3929 0.8748
vn -0.2950 -0.6507 0.6997
vn -0.2833 -0.3929 0.8749
vn -0.2833 -0.3917 0.8754
vn 0.1219 0.9452 0.3029
vn 0.1218 0.9450 0.3035
vn 0.2621 0.9048 -0.3355
vn 0.2620 0.9048 -0.3358
vn 0.2623 0.9045 -0.3362
vn 0.2622 0.9046 -0.3360
vn 0.2924 0.7270 -0.6213
vn 0.2622 0.9046 -0.3361
vn 0.2924 0.7270 -0.6212
vn 0.2925 0.7258 -0.6226
vn -0.1643 0.2746 0.9474
vn -0.1643 0.2750 0.9473
vn 0.1218 0.9451 0.3033
vn 0.1217 0.9451 0.3032
vn 0.2912 0.4963 -0.8179
vn 0.2680 0.2565 -0.9286
vn 0.2684 0.2589 -0.9279
vn 0.2685 0.2589 -0.9278
vn 0.2909 0.4946 -0.8190
vn 0.2924 0.7256 -0.6229
vn 0.2924 0.7266 -0.6218
vn 0.2923 0.7256 -0.6230
vn 0.2951 0.5964 -0.7465
vn 0.2681 0.2561 -0.9287
vn 0.2663 0.2432 -0.9327
vn 0.2660 0.2405 -0.9335
vn 0.2680 0.2561 -0.9287
vn 0.2684 0.2586 -0.9280
vn 0.2662 0.2436 -0.9326
vn 0.2848 0.4097 -0.8666
vn 0.2849 0.4104 -0.8663
vn 0.2664 0.2435 -0.9326
vn 0.2850 0.4105 -0.8662
vn 0.2661 0.2408 -0.9334
vn -0.2950 -0.5939 0.7485
vn -0.2948 -0.5941 0.7484
vn -0.2911 -0.4950 0.8187
vn -0.2911 -0.4951 0.8186
vn -0.2895 -0.4972 0.8179
vn -0.2851 -0.4128 0.8650
vn -0.8934 -0.1438 0.4257
vn -0.2825 -0.3835 0.8793
vn -0.2852 -0.4128 0.8650
vn -0.2811 -0.3836 0.8797
vn -0.2851 -0.4123 0.8653
vn 0.8245 0.2427 -0.5111
vn 0.8655 -0.3089 -0.3942
vn -0.1580 0.2925 -0.9431
vn 0.8246 0.2428 -0.5111
vn -0.1579 0.2924 -0.9432
vn 0.2849 0.4119 -0.8655
vn 0.8656 -0.3088 -0.3942
vn 0.1996 -0.1289 -0.9714
vn -0.1775 0.2326 -0.9562
vn 0.8655 -0.3090 -0.3942
vn -0.1777 0.2323 -0.9563
vn 0.2952 0.6303 -0.7180
vn 0.2950 0.6511 -0.6993
vn 0.2951 0.6501 -0.7002
vn 0.2951 0.6326 -0.7161
vn -0.2951 -0.6339 0.7149
vn -0.2957 -0.6317 0.7166
vn -0.2927 -0.5266 0.7981
vn 0.2834 0.3912 -0.8756
vn 0.1646 -0.2741 -0.9475
vn 0.1644 -0.2745 -0.9474
vn 0.2831 0.3912 -0.8757
vn 0.1639 -0.2743 -0.9476
vn 0.2834 0.3925 -0.8750
vn 0.2938 0.6510 -0.6999
vn 0.2831 0.3917 -0.8754
vn 0.2833 0.3929 -0.8748
vn 0.2951 0.6508 -0.6996
vn 0.2856 0.3924 -0.8743
vn 0.2950 0.6498 -0.7005
vn -0.1223 -0.9449 -0.3037
vn -0.2622 -0.9049 0.3354
vn -0.2620 -0.9050 0.3351
vn -0.1217 -0.9450 -0.3037
vn -0.2619 -0.9050 0.3352
vn -0.1215 -0.9449 -0.3039
vn -0.2624 -0.9046 0.3359
vn -0.2926 -0.7238 0.6249
vn -0.2925 -0.7250 0.6235
vn -0.2622 -0.9047 0.3358
vn -0.2922 -0.7251 0.6236
vn -0.2623 -0.9048 0.3356
vn 0.1645 -0.2743 -0.9475
vn -0.1217 -0.9450 -0.3036
vn -0.1215 -0.9449 -0.3040
vn 0.1644 -0.2741 -0.9475
vn -0.1216 -0.9449 -0.3040
vn 0.1643 -0.2747 -0.9474
vn -0.2912 -0.4965 0.8178
vn -0.2923 -0.4944 0.8186
vn -0.2684 -0.2590 0.9278
vn -0.2912 -0.4964 0.8178
vn -0.2669 -0.2568 0.9289
vn -0.2950 -0.7229 0.6248
vn -0.2949 -0.5940 0.7485
vn -0.2948 -0.5937 0.7487
vn -0.2926 -0.7233 0.6254
vn -0.2948 -0.5937 0.7488
vn -0.2926 -0.7246 0.6240
vn -0.2680 -0.2561 0.9287
vn -0.2684 -0.2584 0.9280
vn -0.2662 -0.2421 0.9330
vn -0.2681 -0.2561 0.9287
vn -0.2662 -0.2422 0.9330
vn -0.2666 -0.2449 0.9322
vn -0.2666 -0.2452 0.9321
vn -0.2662 -0.2425 0.9329
vn -0.2853 -0.4127 0.8651
vn -0.2850 -0.4126 0.8651
vn -0.2852 -0.4119 0.8654
vn -0.2824 -0.3830 0.8795
vn -0.8934 -0.1440 0.4256
vn -0.8253 -0.0048 0.5646
vn -0.2823 -0.3831 0.8795
vn -0.8253 -0.0049 0.5647
vn 0.5834 -0.2570 0.7705
vn 0.5834 -0.2571 0.7704
vn -0.8253 -0.0047 0.5646
vn -0.2360 -0.0508 0.9704
vn -0.2359 -0.0508 0.9704
vn 0.6407 -0.3518 0.6825
vn 0.2951 0.6323 -0.7164
vn 0.2925 0.5224 -0.8010
vn 0.2952 0.6322 -0.7163
vn 0.2952 0.6299 -0.7184
vn 0.9555 -0.1954 0.2211
vn 0.9555 -0.1955 0.2211
vn 0.9543 -0.2086 0.2140
vn 0.5663 -0.5819 0.5837
vn 0.6407 -0.3520 0.6823
vn 0.9543 -0.2086 0.2139
vn 0.6406 -0.3519 0.6825
vn 0.9510 -0.2212 0.2159
vn 0.9555 -0.1953 0.2210
vn 0.9566 -0.1919 0.2194
vn 0.9619 -0.1745 0.2105
vn -0.9555 0.1954 -0.2211
vn -0.9555 0.1953 -0.2210
vn 0.9490 -0.2166 0.2292
vn 0.9553 -0.1973 0.2203
vn 0.9546 -0.2035 0.2177
vn 0.9490 -0.2166 0.2291
vn 0.9545 -0.2035 0.2180
vn 0.9530 -0.2087 0.2198
vn -0.9553 0.1974 -0.2202
vn -0.9489 0.2168 -0.2292
vn -0.9530 0.2086 -0.2195
vn -0.9553 0.1973 -0.2203
vn -0.9530 0.2087 -0.2196
vn -0.9546 0.2036 -0.2177
vn -0.9566 0.1918 -0.2193
vn -0.9565 0.1920 -0.2195
vn -0.9555 0.1954 -0.2210
vn -0.9618 0.1747 -0.2106
vn -0.9489 0.2168 -0.2293
vn -0.9504 0.2095 -0.2297
vn -0.9482 0.2173 -0.2317
vn -0.9490 0.2166 -0.2292
vn -0.9483 0.2173 -0.2315
vn -0.9531 0.2086 -0.2195
vn 0.9617 -0.1775 0.2090
vn 0.9500 -0.2248 0.2167
vn 0.9566 -0.1918 0.2193
vn 0.9501 -0.2246 0.2166
vn 0.9619 -0.1746 0.2106
vn 0.8244 0.2430 -0.5112
vn 0.9516 -0.2088 0.2257
vn 0.9545 -0.1987 0.2224
vn 0.8243 0.2429 -0.5114
vn 0.9545 -0.1988 0.2222
vn 0.9690 -0.1510 0.1955
vn -0.9515 0.2089 -0.2258
vn -0.9864 0.0657 -0.1506
vn -0.8932 -0.1442 0.4260
vn -0.9515 0.2088 -0.2259
vn -0.9545 0.1988 -0.2223
vn 0.9678 -0.1587 0.1954
vn 0.9505 -0.2094 0.2297
vn 0.9483 -0.2172 0.2315
vn 0.9678 -0.1586 0.1955
vn 0.9561 -0.1940 0.2197
vn 0.9554 -0.1953 0.2214
vn 0.9554 -0.1957 0.2210
vn 0.9504 -0.2097 0.2298
vn 0.9531 -0.2086 0.2195
vn 0.9504 -0.2096 0.2298
vn 0.9530 -0.2087 0.2197
vn 0.9482 -0.2173 0.2317
vn -0.9505 0.2096 -0.2296
vn -0.9678 0.1587 -0.1955
vn -0.9561 0.1941 -0.2196
vn -0.9505 0.2093 -0.2296
vn -0.9561 0.1940 -0.2197
vn -0.9483 0.2171 -0.2316
vn -0.9554 0.1955 -0.2212
vn -0.9553 0.1971 -0.2203
vn -0.9546 0.2034 -0.2178
vn -0.9555 0.1954 -0.2212
vn -0.9545 0.2035 -0.2178
vn 0.8654 -0.3088 -0.3947
vn 0.8243 0.2430 -0.5113
vn 0.9691 -0.1507 0.1954
vn 0.8654 -0.3091 -0.3944
vn 0.9691 -0.1506 0.1952
vn 0.5830 -0.2573 0.7707
vn -0.9544 0.2086 -0.2138
vn -0.9615 0.1779 -0.2093
vn -0.9500 0.2248 -0.2166
vn -0.9544 0.2086 -0.2137
vn -0.9501 0.2248 -0.2164
vn -0.9511 0.2212 -0.2158
vn -0.9865 0.0655 -0.1503
vn -0.1581 0.2923 -0.9432
vn -0.8250 -0.0051 0.5650
vn -0.9864 0.0655 -0.1505
vn -0.8249 -0.0047 0.5652
vn -0.8932 -0.1440 0.4259
vn 0.9595 -0.1840 0.2131
vn 0.9678 -0.1586 0.1953
vn 0.9561 -0.1939 0.2196
vn 0.9595 -0.1840 0.2133
vn 0.9561 -0.1940 0.2196
vn 0.9684 -0.1564 0.1941
vn 0.9553 -0.1972 0.2204
vn 0.9555 -0.1953 0.2212
vn 0.9553 -0.1971 0.2204
vn 0.9554 -0.1957 0.2213
vn 0.9545 -0.2034 0.2181
vn -0.9678 0.1586 -0.1953
vn -0.9595 0.1840 -0.2134
vn -0.9685 0.1563 -0.1940
vn -0.9684 0.1565 -0.1941
vn -0.9561 0.1940 -0.2195
vn 0.5661 -0.5821 0.5837
vn 0.8656 -0.3089 -0.3942
vn 0.5832 -0.2574 0.7705
vn 0.5659 -0.5820 0.5839
vn 0.6405 -0.3521 0.6825
vn 0.9617 -0.1777 0.2088
vn 0.9543 -0.2087 0.2138
vn 0.9511 -0.2212 0.2158
vn 0.9616 -0.1778 0.2091
vn 0.9510 -0.2213 0.2159
vn 0.9500 -0.2249 0.2166
vn -0.1581 0.2924 -0.9432
vn -0.1776 0.2326 -0.9562
vn -0.8329 0.3853 -0.3973
vn -0.1578 0.2923 -0.9432
vn -0.8328 0.3854 -0.3973
vn -0.8251 -0.0048 0.5649
vn -0.9617 0.1775 -0.2090
vn -0.9566 0.1919 -0.2194
vn -0.9619 0.1746 -0.2106
vn -0.9617 0.1774 -0.2091
vn -0.9618 0.1747 -0.2107
vn -0.9501 0.2247 -0.2165
vn 0.9516 -0.2086 0.2257
vn 0.9595 -0.1842 0.2133
vn 0.9684 -0.1565 0.1941
vn 0.9516 -0.2086 0.2256
vn -0.9555 0.1953 -0.2211
vn -0.9554 0.1957 -0.2212
vn -0.1778 0.2324 -0.9562
vn -0.9544 0.2085 -0.2138
vn -0.9511 0.2210 -0.2159
vn -0.9510 0.2212 -0.2162
vn -0.8331 0.3850 -0.3972
vn -0.9595 0.1840 -0.2133
vn -0.9516 0.2086 -0.2259
vn -0.9545 0.1987 -0.2224
vn -0.9595 0.1841 -0.2133
vn -0.6688 0.3621 -0.6493
vn -0.6334 0.2855 -0.7192
vn -0.6328 0.2844 -0.7202
vn -0.6687 0.3621 -0.6494
vn -0.6688 0.3623 -0.6492
vn -0.5985 0.2196 -0.7704
vn -0.5987 0.2187 -0.7705
vn -0.5974 0.2174 -0.7719
vn -0.5985 0.2196 -0.7705
vn -0.5974 0.2175 -0.7719
vn -0.5988 0.2202 -0.7700
vn 0.6826 -0.3970 0.6136
vn 0.6832 -0.3987 0.6118
vn 0.6880 -0.4117 0.5977
vn 0.6881 -0.4116 0.5975
vn 0.6884 -0.4124 0.5967
vn 0.5939 -0.2112 0.7763
vn 0.5943 -0.2118 0.7759
vn 0.2867 0.2081 0.9352
vn 0.5938 -0.2113 0.7764
vn 0.2866 0.2080 0.9352
vn 0.2866 0.2078 0.9353
vn 0.6883 -0.4121 0.5970
vn 0.6881 -0.4114 0.5978
vn 0.5944 -0.2123 0.7757
vn 0.6882 -0.4123 0.5970
vn 0.5944 -0.2124 0.7756
vn 0.5939 -0.2116 0.7762
vn -0.4002 0.7345 0.5481
vn -0.3997 0.7345 0.5484
vn -0.7137 0.6824 -0.1581
vn -0.4001 0.7346 0.5480
vn -0.7138 0.6823 -0.1582
vn -0.7138 0.6822 -0.1584
vn -0.7139 0.6820 -0.1589
vn -0.7138 0.6821 -0.1587
vn -0.7119 0.4893 -0.5037
vn -0.7119 0.4893 -0.5038
vn -0.7118 0.4883 -0.5049
vn 0.2865 0.2082 0.9352
vn 0.2863 0.2085 0.9352
vn -0.4000 0.7343 0.5484
vn 0.2865 0.2083 0.9352
vn -0.4000 0.7345 0.5483
vn -0.4002 0.7346 0.5479
vn -0.6333 0.2852 -0.7194
vn -0.5366 0.1169 -0.8357
vn -0.5374 0.1179 -0.8350
vn -0.6332 0.2852 -0.7196
vn -0.5374 0.1180 -0.8351
vn -0.6327 0.2841 -0.7204
vn -0.7116 0.4880 -0.5055
vn -0.7119 0.4890 -0.5041
vn -0.6687 0.3623 -0.6493
vn -0.6686 0.3623 -0.6494
vn -0.5365 0.1165 -0.8358
vn -0.5306 0.1074 -0.8408
vn -0.5298 0.1061 -0.8414
vn -0.5372 0.1178 -0.8352
vn -0.5309 0.1076 -0.8406
vn -0.5982 0.2190 -0.7708
vn -0.5983 0.2194 -0.7706
vn -0.5306 0.1078 -0.8407
vn -0.5984 0.2194 -0.7706
vn -0.5300 0.1065 -0.8413
vn 0.6679 -0.3601 0.6513
vn 0.6679 -0.3604 0.6512
vn 0.6329 -0.2845 0.7200
vn 0.6329 -0.2845 0.7201
vn 0.6343 -0.2847 0.7187
vn 0.5993 -0.2211 0.7694
vn 0.5908 -0.2062 0.7800
vn 0.5884 -0.2016 0.7831
vn 0.5890 -0.2011 0.7827
vn 0.5992 -0.2207 0.7696
vn -0.5973 0.2173 -0.7720
vn -0.4888 0.0456 -0.8712
vn -0.7915 -0.1844 -0.5827
vn -0.7916 -0.1844 -0.5826
vn -0.5988 0.2200 -0.7701
vn -0.4886 0.0453 -0.8713
vn -0.3662 -0.1155 -0.9233
vn -0.6926 -0.2099 -0.6901
vn -0.4886 0.0451 -0.8713
vn -0.6925 -0.2098 -0.6902
vn -0.6820 0.3955 -0.6152
vn -0.6884 0.4126 -0.5966
vn -0.6881 0.4119 -0.5974
vn -0.6828 0.3973 -0.6132
vn 0.6832 -0.3985 0.6120
vn 0.6822 -0.3969 0.6141
vn 0.6431 -0.3054 0.7022
vn 0.6831 -0.3985 0.6120
vn -0.5937 0.2112 -0.7765
vn -0.2870 -0.2075 -0.9352
vn -0.2869 -0.2077 -0.9352
vn -0.5940 0.2113 -0.7763
vn -0.2872 -0.2078 -0.9351
vn -0.5943 0.2120 -0.7758
vn -0.6890 0.4116 -0.5965
vn -0.5940 0.2116 -0.7762
vn -0.5945 0.2123 -0.7756
vn -0.6883 0.4123 -0.5969
vn -0.5933 0.2135 -0.7762
vn -0.6881 0.4116 -0.5976
vn 0.3992 -0.7348 -0.5484
vn 0.7138 -0.6824 0.1579
vn 0.7137 -0.6825 0.1576
vn 0.3996 -0.7344 -0.5486
vn 0.7138 -0.6824 0.1576
vn 0.3993 -0.7342 -0.5490
vn 0.7136 -0.6824 0.1584
vn 0.7112 -0.4866 0.5073
vn 0.7115 -0.4877 0.5060
vn 0.7138 -0.6822 0.1585
vn 0.7117 -0.4875 0.5058
vn 0.7138 -0.6823 0.1582
vn -0.2867 -0.2078 -0.9352
vn 0.3999 -0.7344 -0.5484
vn 0.3995 -0.7343 -0.5488
vn -0.2867 -0.2080 -0.9352
vn -0.2865 -0.2081 -0.9352
vn 0.6333 -0.2854 0.7194
vn 0.6321 -0.2848 0.7207
vn 0.5374 -0.1179 0.8350
vn 0.6333 -0.2853 0.7194
vn 0.5375 -0.1181 0.8350
vn 0.5373 -0.1163 0.8354
vn 0.7096 -0.4878 0.5085
vn 0.6679 -0.3603 0.6512
vn 0.7112 -0.4862 0.5078
vn 0.6679 -0.3602 0.6514
vn 0.7114 -0.4873 0.5064
vn 0.5365 -0.1167 0.8358
vn 0.5372 -0.1178 0.8352
vn 0.5306 -0.1073 0.8408
vn 0.5365 -0.1165 0.8358
vn 0.5305 -0.1073 0.8409
vn 0.5313 -0.1086 0.8402
vn 0.5315 -0.1088 0.8401
vn 0.5306 -0.1075 0.8408
vn 0.5993 -0.2210 0.7694
vn 0.5992 -0.2209 0.7696
vn 0.5991 -0.2206 0.7697
vn 0.5883 -0.2015 0.7831
vn 0.5909 -0.2059 0.7801
vn 0.4980 -0.0588 0.8652
vn 0.8430 0.4521 0.2916
vn 0.8430 0.4521 0.2915
vn 0.4979 -0.0586 0.8653
vn 0.4481 0.0110 0.8939
vn 0.8429 0.4522 0.2915
vn 0.4480 0.0111 0.8939
vn 0.8893 0.4436 0.1109
vn -0.6826 0.3971 -0.6135
vn -0.6415 0.3020 -0.7052
vn -0.6826 0.3969 -0.6136
vn -0.6819 0.3952 -0.6154
vn 0.6863 0.6358 -0.3531
vn 0.6863 0.6360 -0.3528
vn 0.6875 0.6294 -0.3621
vn 0.9589 0.2833 0.0140
vn 0.8894 0.4436 0.1108
vn 0.6875 0.6294 -0.3622
vn 0.8895 0.4433 0.1108
vn 0.6968 0.6186 -0.3632
vn 0.6865 0.6357 -0.3529
vn 0.6840 0.6379 -0.3539
vn 0.6726 0.6474 -0.3584
vn 0.6860 0.6361 -0.3532
vn -0.6864 -0.6357 0.3532
vn -0.6864 -0.6358 0.3531
vn 0.6986 0.6239 -0.3503
vn 0.6868 0.6348 -0.3540
vn 0.6885 0.6308 -0.3579
vn 0.6987 0.6238 -0.3502
vn 0.6886 0.6308 -0.3578
vn 0.6919 0.6277 -0.3567
vn -0.6868 -0.6349 0.3540
vn -0.6986 -0.6239 0.3503
vn -0.6918 -0.6278 0.3568
vn -0.6868 -0.6348 0.3540
vn -0.6918 -0.6278 0.3567
vn -0.6884 -0.6310 0.3578
vn -0.6841 -0.6378 0.3538
vn -0.6863 -0.6359 0.3530
vn -0.6840 -0.6379 0.3539
vn -0.6862 -0.6359 0.3532
vn -0.6726 -0.6474 0.3584
vn -0.6987 -0.6238 0.3502
vn -0.6961 -0.6280 0.3480
vn -0.7003 -0.6234 0.3477
vn -0.6919 -0.6277 0.3567
vn 0.6742 0.6446 -0.3605
vn 0.6963 0.6192 -0.3630
vn 0.6963 0.6192 -0.3629
vn 0.6014 0.6998 -0.3856
vn 0.6940 0.6283 -0.3515
vn 0.6885 0.6337 -0.3526
vn 0.6013 0.6998 -0.3856
vn 0.6884 0.6338 -0.3526
vn 0.6518 0.6629 -0.3685
vn -0.6941 -0.6282 0.3516
vn -0.6013 -0.6997 0.3857
vn -0.6519 -0.6629 0.3683
vn -0.6942 -0.6283 0.3513
vn -0.6519 -0.6628 0.3684
vn -0.6885 -0.6338 0.3526
vn 0.6587 0.6557 -0.3689
vn 0.6963 0.6279 -0.3479
vn 0.7003 0.6234 -0.3477
vn 0.6588 0.6557 -0.3688
vn 0.6860 0.6360 -0.3536
vn 0.6865 0.6356 -0.3531
vn 0.6864 0.6358 -0.3531
vn 0.6963 0.6278 -0.3479
vn 0.6987 0.6238 -0.3503
vn 0.6918 0.6278 -0.3567
vn 0.7002 0.6235 -0.3477
vn -0.6960 -0.6282 0.3477
vn -0.6589 -0.6557 0.3687
vn -0.6858 -0.6361 0.3536
vn -0.6960 -0.6281 0.3480
vn -0.7004 -0.6234 0.3477
vn -0.6862 -0.6360 0.3530
vn -0.6867 -0.6350 0.3540
vn -0.6866 -0.6357 0.3528
vn -0.6885 -0.6308 0.3578
vn 0.9193 0.3874 -0.0696
vn 0.6011 0.7001 -0.3854
vn 0.6517 0.6630 -0.3684
vn 0.9193 0.3873 -0.0697
vn 0.6516 0.6631 -0.3685
vn 0.8431 0.4517 0.2919
vn -0.6876 -0.6293 0.3621
vn -0.6743 -0.6445 0.3604
vn -0.6963 -0.6192 0.3630
vn -0.6874 -0.6295 0.3623
vn -0.6969 -0.6185 0.3631
vn -0.6010 -0.6999 0.3858
vn -0.7916 -0.1848 -0.5825
vn -0.6935 -0.6500 0.3107
vn -0.6013 -0.6998 0.3856
vn -0.6935 -0.6501 0.3105
vn -0.6516 -0.6631 0.3684
vn 0.6785 0.6417 -0.3576
vn 0.6586 0.6559 -0.3690
vn 0.6859 0.6361 -0.3536
vn 0.6785 0.6417 -0.3575
vn 0.6859 0.6360 -0.3536
vn 0.6572 0.6569 -0.3696
vn 0.6868 0.6349 -0.3539
vn 0.6861 0.6361 -0.3530
vn 0.6867 0.6350 -0.3539
vn 0.6866 0.6357 -0.3529
vn -0.6586 -0.6558 0.3690
vn -0.6785 -0.6417 0.3574
vn -0.6569 -0.6570 0.3698
vn -0.6587 -0.6557 0.3689
vn -0.6571 -0.6569 0.3696
vn 0.9589 0.2833 0.0138
vn 0.8431 0.4517 0.2917
vn 0.9590 0.2831 0.0142
vn 0.8432 0.4517 0.2917
vn 0.8894 0.4434 0.1109
vn 0.6743 0.6445 -0.3605
vn 0.6968 0.6185 -0.3633
vn 0.6743 0.6445 -0.3604
vn 0.6971 0.6182 -0.3631
vn -0.7916 -0.1848 -0.5824
vn -0.6927 -0.2099 -0.6901
vn -0.8439 -0.4980 0.1996
vn -0.7914 -0.1845 -0.5828
vn -0.6937 -0.6499 0.3106
vn -0.6742 -0.6446 0.3605
vn -0.6727 -0.6474 0.3583
vn -0.6742 -0.6446 0.3604
vn -0.6726 -0.6475 0.3582
vn -0.6962 -0.6193 0.3630
vn 0.6940 0.6284 -0.3514
vn 0.6787 0.6416 -0.3574
vn 0.6571 0.6569 -0.3696
vn 0.6941 0.6283 -0.3514
vn 0.6885 0.6339 -0.3525
vn -0.6865 -0.6357 0.3530
vn -0.6927 -0.2103 -0.6899
vn -0.6875 -0.6293 0.3622
vn -0.6968 -0.6185 0.3633
vn -0.6927 -0.2101 -0.6900
vn -0.6970 -0.6183 0.3630
vn -0.8438 -0.4982 0.1996
vn -0.6787 -0.6416 0.3575
vn -0.6941 -0.6284 0.3513
vn -0.6884 -0.6338 0.3526
vn -0.6786 -0.6417 0.3575
vn -0.6884 -0.6339 0.3525
vn -0.6573 -0.6568 0.3696
vn 0.5028 -0.8370 0.2162
vn -0.1369 -0.9312 0.3378
vn 0.9715 -0.2040 -0.1207
vn 0.5028 -0.8369 0.2163
vn 0.9715 -0.2039 -0.1206
vn 0.9350 -0.3497 0.0586
vn 0.4681 -0.8834 0.0210
vn 0.4688 -0.8831 0.0201
vn -0.1618 -0.9602 0.2278
vn 0.4681 -0.8834 0.0209
vn 0.4685 -0.8832 0.0225
vn -0.5094 0.8150 -0.2762
vn -0.5097 0.8139 -0.2790
vn -0.5115 0.8058 -0.2985
vn -0.5093 0.8151 -0.2761
vn -0.5114 0.8059 -0.2984
vn -0.5115 0.8054 -0.2995
vn -0.4632 0.8863 0.0001
vn -0.4636 0.8861 -0.0014
vn -0.2094 0.7577 0.6181
vn -0.4633 0.8862 -0.0001
vn -0.2096 0.7579 0.6178
vn -0.5114 0.8055 -0.2993
vn -0.5114 0.8060 -0.2981
vn -0.4637 0.8860 -0.0019
vn -0.4636 0.8860 -0.0018
vn -0.4634 0.8862 -0.0003
vn 0.2914 -0.0045 0.9566
vn 0.2910 -0.0044 0.9567
vn 0.5050 -0.6176 0.6030
vn 0.2912 -0.0045 0.9567
vn 0.5048 -0.6177 0.6029
vn 0.5050 -0.6180 0.6025
vn 0.5050 -0.6184 0.6021
vn 0.5049 -0.6181 0.6025
vn 0.5127 -0.7981 0.3165
vn 0.5049 -0.6184 0.6021
vn 0.5128 -0.7981 0.3164
vn 0.5128 -0.7984 0.3156
vn -0.2096 0.7578 0.6179
vn -0.2091 0.7578 0.6181
vn 0.2913 -0.0042 0.9566
vn -0.2097 0.7577 0.6179
vn 0.2910 -0.0042 0.9567
vn 0.2912 -0.0048 0.9567
vn -0.1368 -0.9312 0.3378
vn -0.2006 -0.9683 0.1488
vn 0.4528 -0.8906 -0.0425
vn -0.1367 -0.9312 0.3378
vn 0.9716 -0.2037 -0.1206
vn 0.5126 -0.7986 0.3154
vn 0.5127 -0.7982 0.3163
vn 0.5028 -0.8368 0.2165
vn 0.5127 -0.7986 0.3153
vn 0.5028 -0.8368 0.2166
vn 0.9351 -0.3496 0.0584
vn -0.2005 -0.9683 0.1487
vn 0.4209 -0.8940 -0.1535
vn 0.4200 -0.8939 -0.1564
vn -0.2007 -0.9683 0.1488
vn 0.4201 -0.8939 -0.1563
vn 0.4525 -0.8907 -0.0429
vn 0.4212 -0.8939 -0.1533
vn 0.4678 -0.8836 0.0202
vn 0.4210 -0.8940 -0.1532
vn 0.4680 -0.8835 0.0207
vn 0.4202 -0.8939 -0.1561
vn -0.9609 0.2767 0.0084
vn -0.5024 0.8379 -0.2135
vn 0.3698 0.8946 -0.2508
vn -0.9609 0.2767 0.0085
vn 0.3699 0.8946 -0.2508
vn -0.9333 0.3573 -0.0357
vn -0.4687 0.8830 -0.0234
vn 0.3050 0.9290 -0.2096
vn -0.4613 0.8872 0.0084
vn -0.4624 0.8866 0.0087
vn -0.4686 0.8831 -0.0227
vn -0.1618 -0.9602 0.2277
vn -0.5527 -0.8188 -0.1552
vn 0.7367 -0.6254 -0.2570
vn 0.4683 -0.8833 0.0222
vn -0.5529 -0.8187 -0.1553
vn 0.2787 -0.8209 -0.4984
vn 0.7231 -0.6128 -0.3187
vn -0.5528 -0.8187 -0.1554
vn 0.7367 -0.6255 -0.2571
vn 0.5093 -0.8158 0.2739
vn 0.5115 -0.8053 0.2997
vn 0.5114 -0.8058 0.2986
vn 0.5092 -0.8159 0.2740
vn 0.5094 -0.8148 0.2768
vn -0.5097 0.8140 -0.2785
vn -0.5089 0.8154 -0.2760
vn -0.4933 0.8567 -0.1506
vn -0.5096 0.8140 -0.2786
vn 0.4630 -0.8863 -0.0000
vn 0.2098 -0.7581 -0.6174
vn 0.2096 -0.7580 -0.6177
vn 0.4632 -0.8863 -0.0000
vn 0.2102 -0.7577 -0.6178
vn 0.4635 -0.8861 0.0013
vn 0.5126 -0.8048 0.2992
vn 0.4633 -0.8862 0.0005
vn 0.4637 -0.8860 0.0018
vn 0.5115 -0.8054 0.2994
vn 0.4616 -0.8871 0.0022
vn 0.5114 -0.8059 0.2983
vn -0.2905 0.0042 -0.9569
vn -0.5052 0.6190 -0.6013
vn -0.5051 0.6187 -0.6017
vn -0.2909 0.0040 -0.9567
vn -0.5054 0.6187 -0.6015
vn -0.2907 0.0035 -0.9568
vn -0.5047 0.6197 -0.6010
vn -0.5123 0.8005 -0.3110
vn -0.5124 0.8001 -0.3121
vn -0.5053 0.6194 -0.6009
vn -0.5126 0.7999 -0.3120
vn -0.5052 0.6191 -0.6012
vn 0.2098 -0.7581 -0.6175
vn -0.2911 0.0035 -0.9567
vn 0.2099 -0.7581 -0.6175
vn -0.2908 0.0036 -0.9568
vn 0.2096 -0.7577 -0.6180
vn -0.9333 0.3573 -0.0354
vn 0.3697 0.8947 -0.2508
vn 0.2481 0.9441 -0.2171
vn -0.9332 0.3575 -0.0355
vn 0.2481 0.9441 -0.2169
vn -0.4483 0.8919 0.0591
vn -0.5112 0.8012 -0.3112
vn -0.5024 0.8380 -0.2130
vn -0.9609 0.2768 0.0083
vn -0.5123 0.8006 -0.3108
vn -0.9609 0.2768 0.0084
vn -0.5123 0.8002 -0.3117
vn -0.4484 0.8919 0.0596
vn 0.2480 0.9441 -0.2170
vn -0.4206 0.8939 0.1547
vn -0.4482 0.8919 0.0596
vn -0.4206 0.8939 0.1548
vn -0.4216 0.8940 0.1519
vn -0.4216 0.8940 0.1516
vn -0.4206 0.8940 0.1543
vn -0.4686 0.8831 -0.0231
vn -0.4215 0.8941 0.1517
vn -0.4686 0.8831 -0.0232
vn -0.4684 0.8832 -0.0224
vn -0.4612 0.8873 0.0086
vn 0.3048 0.9290 -0.2097
vn 0.2675 0.9635 -0.0079
vn -0.4612 0.8873 0.0088
vn -0.9152 0.2100 0.3439
vn -0.9152 0.2100 0.3440
vn 0.2675 0.9635 -0.0078
vn -0.3533 0.8719 0.3390
vn -0.9152 0.2099 0.3439
vn -0.3536 0.8719 0.3388
vn -0.9622 0.1218 0.2437
vn 0.5095 -0.8149 0.2764
vn 0.4925 -0.8580 0.1456
vn 0.5093 -0.8150 0.2764
vn 0.5092 -0.8160 0.2735
vn -0.8562 -0.4480 0.2574
vn -0.8561 -0.4484 0.2568
vn -0.8593 -0.4502 0.2425
vn -0.9907 0.1349 -0.0157
vn -0.9622 0.1218 0.2434
vn -0.8592 -0.4506 0.2425
vn -0.9622 0.1221 0.2435
vn -0.8649 -0.4450 0.2322
vn -0.8561 -0.4483 0.2572
vn -0.8542 -0.4505 0.2595
vn -0.8437 -0.4632 0.2713
vn -0.8561 -0.4481 0.2575
vn 0.8562 0.4481 -0.2572
vn 0.8561 0.4481 -0.2574
vn -0.9367 -0.3238 0.1333
vn -0.8553 -0.4506 0.2556
vn -0.8582 -0.4493 0.2484
vn -0.9367 -0.3239 0.1333
vn -0.8582 -0.4492 0.2485
vn -0.9608 0.2771 0.0081
vn 0.8553 0.4507 -0.2556
vn 0.9349 -0.3500 0.0586
vn 0.8810 0.4195 -0.2188
vn 0.8552 0.4508 -0.2556
vn 0.8809 0.4196 -0.2189
vn 0.8581 0.4495 -0.2483
vn 0.8541 0.4507 -0.2596
vn 0.8561 0.4483 -0.2572
vn 0.8542 0.4505 -0.2595
vn 0.8564 0.4476 -0.2573
vn 0.8438 0.4631 -0.2713
vn 0.9349 -0.3500 0.0587
vn 0.9715 -0.2041 -0.1204
vn 0.3695 0.8948 -0.2507
vn 0.9348 -0.3502 0.0587
vn 0.3694 0.8949 -0.2505
vn 0.8812 0.4192 -0.2186
vn -0.8541 -0.4507 0.2596
vn -0.8444 -0.4637 0.2683
vn -0.8666 -0.4432 0.2293
vn -0.8540 -0.4508 0.2598
vn -0.8665 -0.4433 0.2293
vn -0.8436 -0.4633 0.2713
vn -0.1614 -0.9602 0.2278
vn -0.8632 -0.4401 0.2474
vn -0.8581 -0.4459 0.2547
vn -0.1617 -0.9602 0.2279
vn -0.8581 -0.4460 0.2546
vn -0.8279 -0.4826 0.2859
vn 0.8632 0.4402 -0.2472
vn 0.7699 0.5399 -0.3403
vn 0.3045 0.9292 -0.2095
vn 0.8632 0.4401 -0.2474
vn 0.3045 0.9292 -0.2094
vn 0.8580 0.4461 -0.2547
vn -0.2002 -0.9685 0.1482
vn -0.1365 -0.9314 0.3376
vn -0.9332 0.3576 -0.0353
vn -0.2004 -0.9684 0.1483
vn -0.9333 0.3575 -0.0353
vn -0.7480 -0.5666 0.3457
vn -0.8563 -0.4480 0.2571
vn -0.8561 -0.4482 0.2572
vn -0.8549 -0.4504 0.2575
vn -0.1368 -0.9312 0.3379
vn -0.9368 -0.3236 0.1331
vn -0.9609 0.2769 0.0083
vn -0.9331 0.3577 -0.0354
vn 0.9715 -0.2041 -0.1207
vn 0.8108 0.5045 -0.2969
vn 0.2477 0.9443 -0.2169
vn 0.9715 -0.2043 -0.1205
vn 0.2477 0.9442 -0.2169
vn 0.3696 0.8947 -0.2508
vn 0.8560 0.4484 -0.2572
vn 0.8553 0.4506 -0.2558
vn 0.8580 0.4496 -0.2484
vn 0.8560 0.4484 -0.2573
vn 0.8548 0.4506 -0.2575
vn -0.5525 -0.8189 -0.1555
vn -0.1612 -0.9603 0.2278
vn -0.8277 -0.4827 0.2861
vn -0.5528 -0.8187 -0.1555
vn -0.8276 -0.4829 0.2862
vn -0.9152 0.2103 0.3438
vn 0.8591 0.4506 -0.2426
vn 0.8445 0.4637 -0.2681
vn 0.8667 0.4431 -0.2291
vn 0.8591 0.4507 -0.2426
vn 0.8666 0.4432 -0.2293
vn 0.8649 0.4451 -0.2322
vn 0.7697 0.5400 -0.3404
vn 0.7367 -0.6254 -0.2573
vn 0.2669 0.9637 -0.0077
vn 0.7698 0.5400 -0.3405
vn 0.2670 0.9637 -0.0074
vn 0.3045 0.9292 -0.2093
vn -0.8486 -0.4584 0.2642
vn -0.2001 -0.9685 0.1485
vn -0.7481 -0.5666 0.3454
vn -0.8486 -0.4583 0.2641
vn -0.7481 -0.5665 0.3455
vn -0.8298 -0.4825 0.2806
vn -0.8552 -0.4507 0.2558
vn -0.8560 -0.4484 0.2573
vn -0.8548 -0.4506 0.2576
vn -0.8554 -0.4505 0.2557
vn -0.8581 -0.4493 0.2484
vn 0.8110 0.5042 -0.2967
vn 0.8486 0.4584 -0.2640
vn 0.8298 0.4824 -0.2806
vn 0.8111 0.5041 -0.2967
vn 0.2476 0.9443 -0.2167
vn -0.9907 0.1350 -0.0158
vn -0.5529 -0.8186 -0.1554
vn -0.9152 0.2102 0.3438
vn -0.9907 0.1353 -0.0157
vn -0.9153 0.2103 0.3436
vn -0.9622 0.1222 0.2434
vn -0.8444 -0.4638 0.2681
vn -0.8592 -0.4506 0.2426
vn -0.8649 -0.4451 0.2321
vn -0.8444 -0.4636 0.2683
vn -0.8650 -0.4449 0.2321
vn 0.7367 -0.6253 -0.2573
vn 0.9671 0.2091 -0.1446
vn 0.7365 -0.6255 -0.2574
vn 0.9671 0.2089 -0.1449
vn 0.2671 0.9636 -0.0076
vn 0.8444 0.4637 -0.2684
vn 0.8540 0.4507 -0.2598
vn 0.8437 0.4632 -0.2714
vn 0.8444 0.4637 -0.2682
vn 0.8437 0.4633 -0.2713
vn -0.8487 -0.4583 0.2641
vn -0.8298 -0.4823 0.2806
vn -0.8631 -0.4402 0.2473
vn -0.8299 -0.4822 0.2806
vn -0.8580 -0.4461 0.2547
vn 0.8559 0.4485 -0.2574
vn 0.8549 0.4504 -0.2576
vn 0.8548 0.4504 -0.2576
vn 0.7231 -0.6126 -0.3191
vn 0.8591 0.4507 -0.2427
vn 0.8648 0.4451 -0.2323
vn 0.7230 -0.6129 -0.3188
vn 0.8650 0.4448 -0.2322
vn 0.9671 0.2091 -0.1448
vn 0.8486 0.4582 -0.2643
vn 0.8579 0.4462 -0.2549
vn 0.8487 0.4582 -0.2640
vn 0.8579 0.4462 -0.2547
vn 0.8299 0.4823 -0.2805
vn 0.9702 -0.0805 -0.2287
vn 0.9389 -0.1435 -0.3130
vn 0.9383 -0.1445 -0.3142
vn 0.9701 -0.0806 -0.2289
vn 0.9383 -0.1446 -0.3141
vn 0.9702 -0.0806 -0.2285
vn 0.9046 -0.1941 -0.3796
vn 0.9042 -0.1939 -0.3805
vn 0.9033 -0.1957 -0.3818
vn 0.9048 -0.1938 -0.3791
vn -0.9808 0.0506 0.1881
vn -0.9813 0.0492 0.1859
vn -0.9847 0.0377 0.1702
vn -0.9808 0.0507 0.1881
vn -0.9847 0.0376 0.1702
vn -0.9849 0.0368 0.1692
vn -0.8997 0.2003 0.3877
vn -0.9002 0.1998 0.3870
vn -0.5416 0.4576 0.7052
vn -0.8997 0.2003 0.3878
vn -0.5414 0.4578 0.7052
vn -0.5417 0.4575 0.7052
vn -0.9849 0.0370 0.1694
vn -0.9847 0.0377 0.1703
vn -0.9004 0.1995 0.3867
vn -0.9848 0.0371 0.1695
vn -0.9004 0.1996 0.3867
vn -0.8999 0.2001 0.3874
vn 0.4013 0.5550 0.7287
vn 0.4007 0.5549 0.7291
vn 0.9331 0.2583 0.2503
vn 0.4014 0.5548 0.7287
vn 0.9331 0.2582 0.2504
vn 0.9332 0.2582 0.2501
vn 0.9333 0.2579 0.2497
vn 0.9333 0.2580 0.2499
vn 0.9969 0.0348 -0.0702
vn 0.9969 0.0340 -0.0715
vn -0.5413 0.4578 0.7052
vn -0.5412 0.4578 0.7054
vn 0.4010 0.5550 0.7288
vn -0.5411 0.4577 0.7055
vn 0.4010 0.5549 0.7289
vn 0.4014 0.5547 0.7288
vn 0.9387 -0.1438 -0.3133
vn 0.8388 -0.2673 -0.4742
vn 0.8396 -0.2665 -0.4733
vn 0.9387 -0.1438 -0.3132
vn 0.9382 -0.1447 -0.3144
vn 0.9968 0.0337 -0.0719
vn 0.9969 0.0346 -0.0705
vn 0.9701 -0.0808 -0.2288
vn 0.9702 -0.0807 -0.2284
vn 0.8387 -0.2675 -0.4744
vn 0.8321 -0.2737 -0.4824
vn 0.8312 -0.2746 -0.4835
vn 0.8312 -0.2745 -0.4836
vn 0.8395 -0.2666 -0.4734
vn 0.8323 -0.2735 -0.4823
vn 0.9042 -0.1946 -0.3801
vn 0.9044 -0.1944 -0.3798
vn 0.8324 -0.2733 -0.4821
vn 0.9044 -0.1943 -0.3798
vn 0.8313 -0.2744 -0.4834
vn -0.9695 0.0824 0.2310
vn -0.9695 0.0823 0.2308
vn -0.9384 0.1443 0.3140
vn -0.9388 0.1424 0.3137
vn -0.9054 0.1929 0.3782
vn -0.8967 0.2041 0.3927
vn -0.8941 0.2073 0.3970
vn -0.8941 0.2066 0.3975
vn -0.9052 0.1933 0.3785
vn 0.9033 -0.1957 -0.3819
vn 0.7851 -0.3143 -0.5337
vn 0.7162 0.1332 -0.6851
vn 0.9048 -0.1938 -0.3792
vn 0.7847 -0.3146 -0.5341
vn 0.6399 -0.4099 -0.6500
vn 0.6894 -0.0078 -0.7244
vn 0.7848 -0.3146 -0.5340
vn 0.6894 -0.0075 -0.7243
vn 0.7161 0.1331 -0.6852
vn 0.9804 -0.0521 -0.1898
vn 0.9849 -0.0368 -0.1690
vn 0.9847 -0.0376 -0.1700
vn 0.9847 -0.0375 -0.1700
vn 0.9809 -0.0505 -0.1876
vn -0.9813 0.0495 0.1861
vn -0.9808 0.0512 0.1879
vn -0.9479 0.1277 0.2919
vn 0.8997 -0.2004 -0.3877
vn 0.5419 -0.4574 -0.7051
vn 0.5418 -0.4575 -0.7051
vn 0.8997 -0.2003 -0.3878
vn 0.5419 -0.4572 -0.7052
vn 0.9002 -0.1997 -0.3870
vn 0.9848 -0.0361 -0.1700
vn 0.9000 -0.2000 -0.3874
vn 0.9004 -0.1995 -0.3867
vn 0.9849 -0.0369 -0.1693
vn 0.9006 -0.2008 -0.3856
vn 0.9846 -0.0377 -0.1704
vn -0.4006 -0.5544 -0.7295
vn -0.9330 -0.2584 -0.2504
vn -0.9329 -0.2587 -0.2507
vn -0.4005 -0.5550 -0.7291
vn -0.9329 -0.2588 -0.2505
vn -0.4001 -0.5550 -0.7293
vn -0.9332 -0.2580 -0.2502
vn -0.9968 -0.0321 0.0738
vn -0.9968 -0.0332 0.0725
vn -0.9332 -0.2581 -0.2500
vn -0.9968 -0.0334 0.0727
vn -0.9331 -0.2583 -0.2503
vn 0.5417 -0.4575 -0.7051
vn -0.4008 -0.5550 -0.7290
vn -0.4004 -0.5551 -0.7291
vn -0.4003 -0.5550 -0.7292
vn 0.5414 -0.4576 -0.7053
vn -0.9387 0.1438 0.3132
vn -0.9383 0.1454 0.3137
vn -0.8396 0.2665 0.4733
vn -0.9388 0.1438 0.3131
vn -0.8388 0.2667 0.4747
vn -0.9969 -0.0301 0.0729
vn -0.9695 0.0823 0.2309
vn -0.9694 0.0825 0.2311
vn -0.9967 -0.0318 0.0743
vn -0.9694 0.0824 0.2311
vn -0.9968 -0.0329 0.0730
vn -0.8386 0.2675 0.4746
vn -0.8395 0.2665 0.4734
vn -0.8320 0.2738 0.4826
vn -0.8387 0.2675 0.4744
vn -0.8319 0.2738 0.4827
vn -0.8329 0.2729 0.4815
vn -0.8331 0.2727 0.4812
vn -0.8321 0.2736 0.4824
vn -0.9054 0.1929 0.3783
vn -0.8330 0.2729 0.4813
vn -0.9053 0.1931 0.3783
vn -0.9051 0.1934 0.3787
vn -0.8940 0.2076 0.3971
vn -0.8966 0.2043 0.3929
vn -0.7956 0.3059 0.5229
vn -0.8941 0.2073 0.3971
vn -0.7956 0.3058 0.5230
vn -0.4575 -0.4199 0.7838
vn -0.4576 -0.4201 0.7836
vn -0.7954 0.3060 0.5231
vn -0.7378 0.3496 0.5774
vn -0.4577 -0.4200 0.7837
vn -0.7378 0.3495 0.5774
vn -0.4034 -0.5811 0.7068
vn 0.9809 -0.0507 -0.1880
vn 0.9464 -0.1304 -0.2954
vn 0.9809 -0.0507 -0.1881
vn 0.9804 -0.0522 -0.1902
vn 0.0692 -0.8125 0.5789
vn 0.0696 -0.8126 0.5786
vn 0.0694 -0.8189 0.5697
vn -0.4903 -0.6740 0.5526
vn -0.4030 -0.5815 0.7067
vn 0.0697 -0.8189 0.5696
vn -0.4033 -0.5813 0.7067
vn 0.0579 -0.8242 0.5633
vn 0.0695 -0.8125 0.5788
vn 0.0724 -0.8119 0.5792
vn 0.0877 -0.8089 0.5813
vn 0.0697 -0.8125 0.5788
vn -0.0694 0.8126 -0.5787
vn -0.0695 0.8125 -0.5788
vn 0.0532 -0.8169 0.5743
vn 0.0690 -0.8134 0.5777
vn 0.0676 -0.8167 0.5731
vn 0.0674 -0.8166 0.5732
vn 0.0632 -0.8176 0.5723
vn -0.0691 0.8133 -0.5777
vn -0.0533 0.8168 -0.5744
vn -0.0633 0.8177 -0.5722
vn -0.0678 0.8167 -0.5731
vn -0.0726 0.8119 -0.5792
vn -0.0694 0.8124 -0.5789
vn -0.0701 0.8124 -0.5788
vn -0.0877 0.8089 -0.5813
vn -0.0532 0.8168 -0.5744
vn -0.0560 0.8142 -0.5779
vn -0.0506 0.8161 -0.5757
vn -0.0633 0.8176 -0.5723
vn 0.0726 -0.8119 0.5793
vn 0.0861 -0.8110 0.5786
vn 0.0586 -0.8238 0.5638
vn 0.1780 -0.7891 0.5879
vn 0.0595 -0.8153 0.5760
vn 0.0667 -0.8133 0.5780
vn 0.1781 -0.7891 0.5879
vn 0.0665 -0.8132 0.5781
vn 0.1152 -0.8048 0.5823
vn -0.0593 0.8154 -0.5758
vn -0.1778 0.7892 -0.5878
vn -0.1152 0.8047 -0.5824
vn -0.0593 0.8153 -0.5760
vn -0.1151 0.8047 -0.5824
vn -0.0668 0.8133 -0.5780
vn 0.1068 -0.8086 0.5786
vn 0.0560 -0.8142 0.5779
vn 0.0507 -0.8160 0.5759
vn 0.1067 -0.8086 0.5786
vn 0.0505 -0.8161 0.5757
vn 0.0703 -0.8127 0.5785
vn 0.0693 -0.8126 0.5787
vn 0.0692 -0.8126 0.5787
vn 0.0559 -0.8142 0.5779
vn 0.0533 -0.8169 0.5743
vn 0.0504 -0.8161 0.5758
vn -0.0559 0.8142 -0.5778
vn -0.1069 0.8086 -0.5786
vn -0.0703 0.8127 -0.5785
vn -0.0694 0.8123 -0.5791
vn -0.0692 0.8133 -0.5777
vn -0.0678 0.8166 -0.5732
vn -0.0697 0.8125 -0.5787
vn -0.3646 -0.7241 0.5854
vn 0.1781 -0.7890 0.5880
vn 0.1154 -0.8047 0.5824
vn -0.3649 -0.7242 0.5852
vn 0.1156 -0.8047 0.5824
vn -0.4579 -0.4199 0.7836
vn -0.0697 0.8191 -0.5694
vn -0.0860 0.8111 -0.5785
vn -0.0585 0.8238 -0.5638
vn -0.0586 0.8238 -0.5638
vn -0.0580 0.8243 -0.5632
vn -0.1783 0.7891 -0.5879
vn 0.7161 0.1333 -0.6852
vn -0.0517 0.7886 -0.6127
vn -0.1781 0.7891 -0.5879
vn -0.0515 0.7885 -0.6129
vn -0.1154 0.8047 -0.5824
vn 0.0801 -0.8114 0.5790
vn 0.1070 -0.8086 0.5786
vn 0.0703 -0.8126 0.5786
vn 0.0801 -0.8115 0.5789
vn 0.1090 -0.8082 0.5787
vn 0.0691 -0.8133 0.5777
vn 0.0693 -0.8125 0.5788
vn 0.0691 -0.8134 0.5776
vn 0.0697 -0.8124 0.5789
vn 0.0677 -0.8167 0.5731
vn -0.1068 0.8086 -0.5786
vn -0.0801 0.8115 -0.5789
vn -0.1089 0.8083 -0.5786
vn -0.1070 0.8086 -0.5786
vn -0.1090 0.8082 -0.5787
vn -0.0704 0.8126 -0.5785
vn -0.4904 -0.6740 0.5525
vn -0.3648 -0.7241 0.5853
vn -0.4578 -0.4200 0.7836
vn -0.4908 -0.6737 0.5525
vn -0.4580 -0.4199 0.7835
vn -0.4036 -0.5812 0.7066
vn 0.0862 -0.8110 0.5786
vn 0.0697 -0.8191 0.5694
vn 0.0578 -0.8243 0.5632
vn 0.0859 -0.8111 0.5785
vn 0.0577 -0.8243 0.5632
vn 0.0584 -0.8239 0.5637
vn 0.7161 0.1332 -0.6852
vn 0.6894 -0.0076 -0.7243
vn 0.1882 0.7852 -0.5900
vn 0.7161 0.1328 -0.6852
vn 0.1883 0.7852 -0.5899
vn -0.0513 0.7887 -0.6126
vn -0.0861 0.8111 -0.5786
vn -0.0860 0.8111 -0.5786
vn -0.0876 0.8090 -0.5813
vn 0.0594 -0.8154 0.5759
vn 0.1089 -0.8083 0.5787
vn 0.0594 -0.8153 0.5759
vn 0.1090 -0.8083 0.5786
vn 0.0667 -0.8132 0.5781
vn -0.0690 0.8127 -0.5786
vn -0.0693 0.8126 -0.5787
vn 0.6892 -0.0072 -0.7245
vn -0.0697 0.8190 -0.5696
vn -0.0579 0.8242 -0.5633
vn 0.6891 -0.0074 -0.7246
vn -0.0578 0.8243 -0.5633
vn -0.0595 0.8153 -0.5759
vn -0.0667 0.8132 -0.5781
vn -0.0800 0.8114 -0.5789
vn -0.0668 0.8133 -0.5781
vn -0.1089 0.8082 -0.5787
vn -0.9417 -0.2562 -0.2180
vn -0.8935 -0.3602 -0.2681
vn -0.8950 -0.3583 -0.2658
vn -0.9416 -0.2562 -0.2183
vn -0.8951 -0.3580 -0.2659
vn -0.9457 -0.2511 -0.2066
vn -0.8252 -0.4112 -0.3872
vn -0.8187 -0.4145 -0.3973
vn -0.7746 0.2091 -0.5969
vn -0.7747 0.2091 -0.5967
vn -0.8209 -0.4134 -0.3941
vn 0.9320 0.3209 0.1688
vn 0.6014 0.7279 -0.3292
vn 0.5302 0.7883 -0.3122
vn 0.9320 0.3208 0.1688
vn 0.9421 0.3066 0.1356
vn 0.8060 0.4412 0.3946
vn 0.8068 0.4406 0.3937
vn 0.2588 0.5749 0.7762
vn 0.2588 0.5748 0.7763
vn 0.2591 0.5749 0.7761
vn 0.9421 0.3067 0.1358
vn 0.5301 0.7884 -0.3121
vn 0.8071 0.4404 0.3932
vn 0.9421 0.3066 0.1358
vn 0.8070 0.4405 0.3933
vn 0.8063 0.4410 0.3942
vn -0.6703 0.3036 0.6771
vn -0.6700 0.3040 0.6773
vn -0.9809 -0.0802 0.1770
vn -0.6702 0.3037 0.6772
vn -0.9807 -0.0790 0.1791
vn -0.9807 -0.0793 0.1786
vn -0.9810 -0.0804 0.1768
vn -0.9522 -0.2492 -0.1768
vn -0.9807 -0.0790 0.1788
vn -0.9522 -0.2491 -0.1767
vn -0.9508 -0.2510 -0.1813
vn 0.2592 0.5748 0.7762
vn 0.2586 0.5750 0.7762
vn -0.6699 0.3039 0.6774
vn 0.2591 0.5750 0.7761
vn -0.8933 -0.3605 -0.2685
vn -0.7115 -0.5125 -0.4807
vn -0.4409 -0.8969 0.0345
vn -0.8934 -0.3602 -0.2685
vn -0.4409 -0.8969 0.0347
vn -0.8949 -0.3584 -0.2660
vn -0.9507 -0.2511 -0.1818
vn -0.9520 -0.2495 -0.1771
vn -0.9416 -0.2564 -0.2184
vn -0.9507 -0.2510 -0.1819
vn -0.9456 -0.2513 -0.2066
vn -0.7116 -0.5124 -0.4807
vn -0.7138 -0.4884 -0.5019
vn -0.4118 -0.9101 0.0470
vn -0.7116 -0.5125 -0.4806
vn -0.4115 -0.9102 0.0471
vn -0.4408 -0.8969 0.0348
vn -0.7138 -0.4885 -0.5019
vn -0.8187 -0.4145 -0.3975
vn -0.8252 -0.4111 -0.3874
vn -0.7138 -0.4886 -0.5019
vn 0.6566 0.7297 -0.1908
vn 0.9446 0.2528 0.2095
vn 0.8956 0.3575 0.2647
vn 0.6566 0.7297 -0.1909
vn 0.8955 0.3579 0.2647
vn 0.6985 0.6836 -0.2117
vn 0.8266 0.4104 0.3851
vn 0.6856 -0.3154 0.6561
vn 0.8117 0.4180 0.4080
vn 0.8265 0.4104 0.3853
vn 0.8116 0.4182 0.4080
vn 0.8201 0.4138 0.3952
vn -0.7746 0.2091 -0.5968
vn -0.3126 0.3357 -0.8886
vn -0.5557 -0.7800 -0.2878
vn -0.7747 0.2092 -0.5967
vn -0.8208 -0.4134 -0.3941
vn -0.3129 0.3360 -0.8884
vn -0.3645 -0.4929 -0.7901
vn -0.5083 -0.8076 -0.2989
vn -0.3126 0.3361 -0.8885
vn -0.5081 -0.8078 -0.2988
vn -0.5557 -0.7800 -0.2877
vn -0.9312 -0.3218 -0.1713
vn -0.9422 -0.3065 -0.1352
vn -0.9388 -0.3120 -0.1461
vn -0.9312 -0.3217 -0.1712
vn -0.9418 -0.3060 -0.1389
vn 0.6014 0.7278 -0.3295
vn 0.9319 0.3210 0.1692
vn 0.8853 0.3723 0.2787
vn 0.6014 0.7278 -0.3296
vn -0.8060 -0.4410 -0.3948
vn -0.2596 -0.5748 -0.7760
vn -0.2593 -0.5747 -0.7762
vn -0.8060 -0.4411 -0.3947
vn -0.2592 -0.5753 -0.7758
vn -0.8067 -0.4406 -0.3937
vn -0.9421 -0.3066 -0.1356
vn -0.8063 -0.4410 -0.3943
vn -0.8071 -0.4405 -0.3932
vn -0.8074 -0.4385 -0.3946
vn -0.9387 -0.3121 -0.1463
vn 0.6698 -0.3045 -0.6772
vn 0.9807 0.0793 -0.1786
vn 0.9810 0.0805 -0.1765
vn 0.6697 -0.3041 -0.6775
vn 0.9810 0.0806 -0.1764
vn 0.6694 -0.3044 -0.6777
vn 0.9808 0.0795 -0.1781
vn 0.9491 0.2539 0.1866
vn 0.9505 0.2520 0.1820
vn 0.9808 0.0797 -0.1780
vn 0.9504 0.2522 0.1819
vn 0.9811 0.0810 -0.1759
vn -0.2595 -0.5748 -0.7760
vn 0.6697 -0.3040 -0.6775
vn 0.6694 -0.3042 -0.6777
vn -0.2596 -0.5749 -0.7759
vn 0.6694 -0.3042 -0.6778
vn -0.2591 -0.5749 -0.7761
vn 0.6988 0.6831 -0.2122
vn 0.8954 0.3580 0.2648
vn 0.6996 0.5146 0.4958
vn 0.6986 0.6834 -0.2122
vn 0.6999 0.5144 0.4955
vn 0.4481 0.8763 -0.1769
vn 0.9490 0.2540 0.1870
vn 0.9445 0.2529 0.2095
vn 0.6567 0.7295 -0.1911
vn 0.6569 0.7294 -0.1910
vn 0.9503 0.2522 0.1823
vn 0.4483 0.8762 -0.1768
vn 0.6998 0.5146 0.4955
vn 0.7372 0.4707 0.4847
vn 0.4485 0.8762 -0.1764
vn 0.7373 0.4705 0.4847
vn 0.7398 0.6404 0.2065
vn 0.7398 0.6403 0.2067
vn 0.7372 0.4706 0.4848
vn 0.8264 0.4105 0.3854
vn 0.8200 0.4137 0.3954
vn 0.8115 0.4181 0.4082
vn 0.6857 -0.3154 0.6560
vn 0.5837 -0.1892 0.7897
vn 0.5837 -0.1893 0.7896
vn 0.2807 0.9581 -0.0580
vn 0.2807 0.9580 -0.0580
vn 0.5836 -0.1892 0.7897
vn 0.5332 0.4875 0.6914
vn 0.2806 0.9581 -0.0578
vn 0.5334 0.4875 0.6913
vn 0.2851 0.9409 -0.1826
vn -0.9417 -0.3062 -0.1395
vn -0.8832 -0.3739 -0.2831
vn -0.9417 -0.3061 -0.1394
vn -0.9311 -0.3219 -0.1714
vn -0.1804 0.8176 -0.5469
vn -0.1804 0.8175 -0.5469
vn 0.6017 0.7276 -0.3293
vn 0.4520 0.8132 -0.3666
vn 0.2851 0.9408 -0.1831
vn 0.6018 0.7276 -0.3292
vn 0.2852 0.9409 -0.1827
vn 0.0501 0.7382 -0.6727
vn -0.1805 0.8176 -0.5468
vn -0.1842 0.8170 -0.5464
vn -0.2039 0.8143 -0.5435
vn -0.1804 0.8176 -0.5468
vn -0.2041 0.8143 -0.5434
vn 0.1804 -0.8175 0.5470
vn 0.1803 -0.8178 0.5465
vn 0.3010 0.7707 -0.5617
vn -0.0628 0.8631 -0.5012
vn -0.1488 0.8246 -0.5459
vn 0.3008 0.7707 -0.5617
vn -0.1486 0.8246 -0.5458
vn 0.6569 0.7295 -0.1907
vn 0.1791 -0.8168 0.5485
vn 0.1574 -0.8189 0.5519
vn 0.1695 -0.8147 0.5545
vn 0.1792 -0.8167 0.5485
vn 0.1696 -0.8147 0.5546
vn 0.1751 -0.8145 0.5532
vn 0.1842 -0.8170 0.5464
vn 0.1803 -0.8176 0.5468
vn 0.1841 -0.8170 0.5464
vn 0.1799 -0.8177 0.5468
vn 0.2038 -0.8143 0.5435
vn 0.1572 -0.8189 0.5520
vn 0.2949 -0.7903 0.5370
vn 0.1904 -0.8142 0.5485
vn 0.1573 -0.8189 0.5520
vn -0.1842 0.8171 -0.5463
vn 0.5305 0.7882 -0.3119
vn 0.1102 0.7097 -0.6959
vn -0.1844 0.8170 -0.5463
vn 0.1102 0.7096 -0.6959
vn -0.2042 0.8142 -0.5434
vn -0.7747 0.2086 -0.5969
vn -0.1662 0.8183 -0.5503
vn -0.1766 0.8177 -0.5478
vn -0.7748 0.2087 -0.5968
vn -0.1767 0.8178 -0.5478
vn -0.2322 0.8083 -0.5411
vn 0.1662 -0.8182 0.5503
vn 0.3261 -0.7875 0.5229
vn 0.6858 -0.3151 0.6560
vn 0.1661 -0.8183 0.5503
vn 0.1766 -0.8177 0.5478
vn 0.5641 0.7193 -0.4055
vn -0.1530 0.8213 -0.5496
vn 0.6988 0.6832 -0.2122
vn 0.5642 0.7193 -0.4055
vn 0.6987 0.6832 -0.2120
vn 0.4485 0.8762 -0.1763
vn -0.1730 0.8209 -0.5442
vn -0.1803 0.8174 -0.5471
vn -0.1729 0.8209 -0.5443
vn -0.1799 0.8176 -0.5469
vn -0.0735 0.8603 -0.5044
vn -0.1529 0.8213 -0.5496
vn 0.3006 0.7707 -0.5618
vn 0.6569 0.7295 -0.1905
vn -0.1528 0.8213 -0.5497
vn 0.6567 0.7296 -0.1907
vn 0.6987 0.6833 -0.2120
vn 0.2954 -0.7902 0.5370
vn -0.4410 -0.8968 0.0343
vn 0.2545 -0.8023 0.5399
vn 0.2952 -0.7903 0.5369
vn 0.1907 -0.8140 0.5486
vn 0.1802 -0.8176 0.5469
vn 0.1792 -0.8168 0.5485
vn 0.1751 -0.8145 0.5531
vn 0.1805 -0.8176 0.5467
vn -0.3127 0.3356 -0.8886
vn -0.7750 0.2088 -0.5965
vn -0.2324 0.8082 -0.5411
vn -0.3123 0.3358 -0.8887
vn -0.2325 0.8082 -0.5411
vn 0.2809 0.9580 -0.0580
vn 0.1723 -0.8115 0.5583
vn 0.2020 -0.8130 0.5461
vn 0.1566 -0.8105 0.5644
vn 0.1726 -0.8115 0.5583
vn 0.1566 -0.8105 0.5643
vn 0.1603 -0.8107 0.5631
vn 0.3266 -0.7874 0.5228
vn 0.5839 -0.1887 0.7896
vn 0.3265 -0.7875 0.5227
vn 0.5836 -0.1885 0.7899
vn 0.6856 -0.3150 0.6563
vn 0.1460 0.8381 -0.5257
vn 0.5641 0.7193 -0.4053
vn 0.4484 0.8762 -0.1769
vn 0.1460 0.8381 -0.5256
vn 0.4484 0.8762 -0.1767
vn 0.7397 0.6405 0.2066
vn -0.0624 0.8632 -0.5010
vn -0.1727 0.8210 -0.5442
vn -0.0731 0.8604 -0.5043
vn -0.0626 0.8631 -0.5011
vn -0.1485 0.8247 -0.5458
vn -0.4120 -0.9100 0.0470
vn -0.0100 -0.8405 0.5418
vn -0.4411 -0.8968 0.0342
vn -0.0101 -0.8405 0.5417
vn 0.2543 -0.8024 0.5399
vn 0.4521 0.8131 -0.3666
vn -0.3126 0.3358 -0.8885
vn 0.2809 0.9580 -0.0581
vn 0.4523 0.8132 -0.3663
vn 0.2810 0.9580 -0.0582
vn 0.2855 0.9408 -0.1828
vn 0.5304 0.7884 -0.3117
vn 0.6017 0.7277 -0.3294
vn 0.0501 0.7380 -0.6729
vn 0.5304 0.7881 -0.3123
vn 0.0502 0.7380 -0.6729
vn 0.1106 0.7094 -0.6960
vn -0.5555 -0.7800 -0.2879
vn -0.5083 -0.8076 -0.2990
vn -0.0988 -0.8612 0.4985
vn -0.5557 -0.7798 -0.2881
vn -0.0989 -0.8612 0.4986
vn 0.5837 -0.1888 0.7897
vn 0.2021 -0.8131 0.5460
vn 0.1844 -0.8170 0.5463
vn 0.2039 -0.8142 0.5435
vn 0.2039 -0.8143 0.5434
vn 0.1567 -0.8105 0.5643
vn -0.1662 0.8182 -0.5504
vn 0.1459 0.8380 -0.5258
vn 0.7395 0.6406 0.2067
vn 0.7396 0.6406 0.2065
vn -0.1768 0.8178 -0.5478
vn 0.1802 -0.8175 0.5470
vn -0.5082 -0.8077 -0.2989
vn 0.1724 -0.8114 0.5584
vn 0.1603 -0.8108 0.5630
vn -0.0986 -0.8613 0.4985
vn -0.4122 -0.9099 0.0472
vn 0.1662 -0.8183 0.5503
vn 0.1767 -0.8178 0.5478
vn -0.4119 -0.9100 0.0470
vn 0.1768 -0.8178 0.5478
vn -0.0097 -0.8406 0.5416
vn -0.2755 -0.9578 0.0818
vn -0.8369 -0.5467 -0.0266
vn -0.2871 -0.9522 0.1041
vn -0.2753 -0.9579 0.0816
vn -0.2872 -0.9522 0.1038
vn -0.2754 -0.9581 0.0787
vn -0.2314 -0.9710 0.0604
vn -0.2307 -0.9712 0.0600
vn -0.2310 -0.9712 0.0577
vn -0.2309 -0.9713 0.0576
vn -0.2316 -0.9709 0.0611
vn 0.2668 0.9150 -0.3028
vn 0.2672 0.9141 -0.3051
vn 0.2693 0.9070 -0.3237
vn 0.2669 0.9149 -0.3028
vn 0.2694 0.9066 -0.3248
vn 0.2295 0.9720 -0.0496
vn 0.2298 0.9719 -0.0504
vn 0.1043 0.8761 0.4707
vn 0.2297 0.9720 -0.0494
vn 0.1044 0.8761 0.4708
vn 0.1044 0.8762 0.4704
vn 0.2693 0.9068 -0.3243
vn 0.2694 0.9072 -0.3233
vn 0.2298 0.9719 -0.0508
vn 0.2296 0.9720 -0.0499
vn -0.1667 0.1228 0.9783
vn -0.1669 0.1234 0.9782
vn -0.2846 -0.6055 0.7432
vn -0.1669 0.1229 0.9783
vn -0.2846 -0.6056 0.7431
vn -0.2846 -0.6059 0.7429
vn -0.2846 -0.6063 0.7425
vn -0.2846 -0.6061 0.7427
vn -0.2934 -0.8705 0.3952
vn -0.2845 -0.6063 0.7426
vn -0.2933 -0.8705 0.3953
vn -0.2932 -0.8759 0.3833
vn 0.1044 0.8759 0.4710
vn 0.1043 0.8759 0.4711
vn -0.1666 0.1230 0.9783
vn 0.1043 0.8759 0.4710
vn -0.1667 0.1224 0.9784
vn -0.8370 -0.5465 -0.0262
vn -0.7982 -0.6024 0.0077
vn -0.2789 -0.9576 0.0722
vn -0.8370 -0.5466 -0.0264
vn -0.2788 -0.9576 0.0723
vn -0.2871 -0.9522 0.1042
vn -0.2930 -0.8761 0.3829
vn -0.2933 -0.8707 0.3948
vn -0.2932 -0.8760 0.3828
vn -0.2755 -0.9578 0.0820
vn -0.2755 -0.9580 0.0791
vn -0.7983 -0.6023 0.0078
vn -0.8310 -0.5410 -0.1295
vn -0.2377 -0.9712 -0.0177
vn -0.7983 -0.6022 0.0078
vn -0.2379 -0.9711 -0.0181
vn -0.2790 -0.9576 0.0716
vn -0.8309 -0.5411 -0.1296
vn -0.2313 -0.9711 0.0597
vn -0.2314 -0.9710 0.0601
vn -0.8310 -0.5411 -0.1295
vn -0.2315 -0.9710 0.0602
vn 0.2744 0.9587 -0.0747
vn 0.2743 0.9589 -0.0719
vn 0.2869 0.9525 -0.1023
vn 0.2744 0.9587 -0.0750
vn 0.2868 0.9525 -0.1025
vn 0.2866 0.9526 -0.1018
vn 0.2318 0.9708 -0.0624
vn 0.2283 0.9727 -0.0427
vn 0.2273 0.9731 -0.0367
vn 0.2263 0.9733 -0.0370
vn 0.2317 0.9708 -0.0620
vn -0.2309 -0.9713 0.0575
vn -0.1863 -0.9687 -0.1640
vn 0.2527 -0.9673 0.0232
vn 0.2526 -0.9673 0.0234
vn -0.2316 -0.9709 0.0609
vn -0.1863 -0.9686 -0.1645
vn -0.1365 -0.9222 -0.3617
vn 0.1828 -0.9773 -0.1072
vn -0.1862 -0.9686 -0.1646
vn 0.1829 -0.9772 -0.1073
vn 0.2528 -0.9672 0.0233
vn -0.2666 -0.9157 0.3007
vn -0.2695 -0.9065 0.3249
vn -0.2694 -0.9070 0.3238
vn -0.2668 -0.9157 0.3006
vn -0.2670 -0.9147 0.3032
vn 0.2673 0.9142 -0.3047
vn 0.2673 0.9150 -0.3022
vn 0.2501 0.9521 -0.1757
vn 0.2673 0.9141 -0.3048
vn -0.2296 -0.9720 0.0493
vn -0.1046 -0.8763 -0.4702
vn -0.1045 -0.8763 -0.4702
vn -0.2296 -0.9720 0.0494
vn -0.1042 -0.8764 -0.4702
vn -0.2297 -0.9720 0.0504
vn -0.2683 -0.9069 0.3248
vn -0.2296 -0.9720 0.0500
vn -0.2297 -0.9719 0.0507
vn -0.2693 -0.9067 0.3245
vn -0.2314 -0.9716 0.0505
vn -0.2693 -0.9071 0.3234
vn 0.1672 -0.1235 -0.9781
vn 0.2846 0.6055 -0.7432
vn 0.2846 0.6052 -0.7434
vn 0.1666 -0.1234 -0.9783
vn 0.2843 0.6053 -0.7435
vn 0.1665 -0.1240 -0.9782
vn 0.2848 0.6058 -0.7429
vn 0.2928 0.8778 -0.3791
vn 0.2931 0.8722 -0.3916
vn 0.2845 0.6059 -0.7429
vn 0.2845 0.6057 -0.7431
vn -0.1045 -0.8762 -0.4705
vn 0.1666 -0.1231 -0.9783
vn 0.1663 -0.1237 -0.9783
vn -0.1044 -0.8762 -0.4705
vn 0.1665 -0.1235 -0.9783
vn -0.1043 -0.8761 -0.4707
vn 0.2868 0.9525 -0.1021
vn 0.2869 0.9524 -0.1028
vn 0.2790 0.9576 -0.0725
vn 0.2869 0.9525 -0.1017
vn 0.2786 0.9578 -0.0710
vn 0.2930 0.8779 -0.3787
vn 0.2744 0.9589 -0.0723
vn 0.2744 0.9587 -0.0752
vn 0.2926 0.8780 -0.3787
vn 0.2743 0.9587 -0.0749
vn 0.2931 0.8724 -0.3912
vn 0.2786 0.9578 -0.0705
vn 0.2790 0.9576 -0.0721
vn 0.2382 0.9711 0.0165
vn 0.2380 0.9711 0.0161
vn 0.2373 0.9713 0.0153
vn 0.2374 0.9713 0.0155
vn 0.2379 0.9711 0.0163
vn 0.2318 0.9708 -0.0623
vn 0.2372 0.9713 0.0154
vn 0.2317 0.9708 -0.0617
vn 0.2273 0.9731 -0.0366
vn 0.2282 0.9727 -0.0424
vn 0.1901 0.9706 0.1475
vn 0.2271 0.9732 -0.0366
vn 0.1900 0.9706 0.1475
vn -0.6099 0.7912 -0.0452
vn -0.6099 0.7912 -0.0451
vn 0.1900 0.9706 0.1477
vn 0.1696 0.9572 0.2347
vn -0.6097 0.7913 -0.0451
vn 0.1697 0.9571 0.2347
vn -0.7004 0.6920 -0.1746
vn -0.2669 -0.9149 0.3029
vn -0.2494 -0.9531 0.1712
vn -0.2670 -0.9149 0.3028
vn -0.2667 -0.9158 0.3004
vn -0.9576 0.2153 -0.1912
vn -0.9576 0.2152 -0.1914
vn -0.9569 0.2099 -0.2009
vn -0.6465 0.6694 -0.3659
vn -0.7006 0.6918 -0.1747
vn -0.9569 0.2095 -0.2010
vn -0.7005 0.6919 -0.1750
vn -0.9529 0.2153 -0.2135
vn -0.9574 0.2163 -0.1914
vn -0.9585 0.2133 -0.1892
vn -0.9628 0.2023 -0.1794
vn -0.9576 0.2155 -0.1913
vn -0.9628 0.2022 -0.1793
vn 0.9576 -0.2158 0.1909
vn 0.9575 -0.2158 0.1915
vn -0.9298 0.2484 -0.2716
vn -0.9559 0.2118 -0.2036
vn -0.9392 0.1846 -0.2895
vn -0.9392 0.1849 -0.2893
vn -0.9319 0.2039 -0.2999
vn 0.9574 -0.2151 0.1928
vn 0.9676 -0.1886 0.1676
vn 0.9609 -0.2036 0.1877
vn 0.9610 -0.2034 0.1875
vn 0.9567 -0.2133 0.1982
vn 0.9585 -0.2133 0.1893
vn 0.9577 -0.2152 0.1911
vn 0.9575 -0.2156 0.1915
vn 0.9628 -0.2022 0.1793
vn 0.9677 -0.1885 0.1676
vn 0.9322 -0.2773 0.2326
vn 0.9656 -0.1971 0.1698
vn 0.9677 -0.1885 0.1675
vn 0.9610 -0.2033 0.1874
vn -0.9622 0.2018 -0.1831
vn -0.9531 0.2152 -0.2126
vn -0.9532 0.2151 -0.2125
vn -0.9836 0.1334 -0.1211
vn -0.9544 0.2220 -0.1994
vn -0.9567 0.2174 -0.1936
vn -0.9567 0.2175 -0.1936
vn -0.9699 0.1806 -0.1633
vn 0.9544 -0.2219 0.1996
vn 0.9837 -0.1332 0.1211
vn 0.9699 -0.1806 0.1633
vn 0.9544 -0.2221 0.1993
vn 0.9567 -0.2174 0.1936
vn -0.7980 -0.6026 0.0080
vn -0.8367 -0.5470 -0.0262
vn -0.9394 0.2524 -0.2320
vn -0.7979 -0.6027 0.0078
vn -0.9394 0.2523 -0.2320
vn -0.9880 0.1037 -0.1141
vn -0.9575 0.2156 -0.1915
vn -0.9575 0.2156 -0.1914
vn -0.8367 -0.5470 -0.0266
vn -0.9299 0.2484 -0.2712
vn -0.9320 0.2038 -0.2998
vn -0.9319 0.2039 -0.2998
vn -0.9393 0.2525 -0.2322
vn 0.9320 -0.2777 0.2329
vn 0.9658 -0.1905 0.1758
vn 0.9322 -0.2759 0.2341
vn 0.9321 -0.2774 0.2327
vn 0.9323 -0.2758 0.2341
vn 0.9655 -0.1973 0.1700
vn 0.9575 -0.2158 0.1914
vn 0.9574 -0.2152 0.1925
vn 0.9566 -0.2135 0.1981
vn 0.9578 -0.2151 0.1906
vn 0.9566 -0.2135 0.1982
vn -0.7461 0.5815 -0.3242
vn -0.9837 0.1332 -0.1206
vn -0.9700 0.1806 -0.1630
vn -0.7460 0.5815 -0.3244
vn -0.9700 0.1803 -0.1631
vn -0.6095 0.7915 -0.0451
vn 0.9569 -0.2096 0.2010
vn 0.9621 -0.2020 0.1830
vn 0.9531 -0.2152 0.2128
vn 0.9569 -0.2095 0.2011
vn 0.9531 -0.2151 0.2128
vn 0.9529 -0.2154 0.2136
vn 0.9837 -0.1331 0.1208
vn 0.9540 -0.2512 0.1637
vn 0.9837 -0.1332 0.1206
vn 0.9539 -0.2515 0.1636
vn 0.9700 -0.1805 0.1630
vn -0.8308 -0.5413 -0.1294
vn -0.7980 -0.6026 0.0077
vn -0.9881 0.1036 -0.1141
vn -0.8307 -0.5414 -0.1295
vn -0.9881 0.1036 -0.1140
vn -0.9966 0.0346 -0.0741
vn -0.9558 0.2117 -0.2039
vn -0.9573 0.2161 -0.1918
vn -0.9558 0.2117 -0.2038
vn -0.9392 0.1847 -0.2893
vn 0.9659 -0.1903 0.1757
vn 0.9606 -0.2068 0.1856
vn 0.9681 -0.1835 0.1706
vn 0.9681 -0.1834 0.1706
vn 0.9324 -0.2756 0.2339
vn -0.7462 0.5814 -0.3243
vn -0.6096 0.7914 -0.0453
vn -0.6462 0.6697 -0.3659
vn -0.6094 0.7915 -0.0455
vn -0.7003 0.6921 -0.1747
vn -0.9569 0.2096 -0.2010
vn -0.9529 0.2154 -0.2136
vn -0.9621 0.2019 -0.1831
vn -0.9531 0.2152 -0.2128
vn 0.2528 -0.9672 0.0231
vn 0.1828 -0.9773 -0.1073
vn 0.8545 -0.4354 0.2834
vn 0.2526 -0.9673 0.0231
vn 0.8544 -0.4354 0.2834
vn 0.9539 -0.2514 0.1637
vn 0.9622 -0.2018 0.1830
vn 0.9585 -0.2133 0.1892
vn 0.9628 -0.2021 0.1792
vn 0.9628 -0.2023 0.1792
vn 0.9532 -0.2152 0.2126
vn -0.9545 0.2221 -0.1993
vn -0.8307 -0.5415 -0.1292
vn -0.9966 0.0350 -0.0743
vn -0.9544 0.2220 -0.1995
vn -0.9966 0.0349 -0.0742
vn -0.9567 0.2174 -0.1935
vn 0.9577 -0.2154 0.1909
vn 0.9577 -0.2154 0.1910
vn 0.1832 -0.9772 -0.1072
vn 0.9569 -0.2098 0.2009
vn 0.9529 -0.2153 0.2136
vn 0.1830 -0.9772 -0.1073
vn 0.9528 -0.2156 0.2136
vn 0.8547 -0.4351 0.2832
vn 0.9605 -0.2070 0.1859
vn 0.9545 -0.2220 0.1993
vn 0.9567 -0.2173 0.1936
vn 0.9605 -0.2070 0.1858
vn 0.9567 -0.2174 0.1935
vn 0.5492 0.8355 0.0184
vn 0.6672 0.6491 -0.3654
vn 0.6674 0.6479 -0.3672
vn 0.5494 0.8353 0.0185
vn 0.5514 0.8342 0.0135
vn 0.6228 0.7626 -0.1748
vn 0.6212 0.7620 -0.1829
vn 0.5207 0.8500 0.0794
vn 0.6227 0.7627 -0.1747
vn 0.5206 0.8501 0.0793
vn 0.5212 0.8499 0.0780
vn -0.3376 -0.8545 -0.3947
vn -0.3373 -0.8546 -0.3949
vn -0.5677 -0.8224 -0.0381
vn -0.3377 -0.8545 -0.3947
vn -0.5678 -0.8223 -0.0382
vn -0.5569 -0.8284 -0.0608
vn -0.6855 -0.6068 0.4024
vn -0.6854 -0.6045 0.4059
vn -0.6642 -0.3864 0.6399
vn -0.6854 -0.6068 0.4025
vn -0.6642 -0.3864 0.6400
vn -0.6642 -0.3861 0.6401
vn -0.5570 -0.8283 -0.0604
vn -0.5680 -0.8222 -0.0379
vn -0.6855 -0.6047 0.4055
vn -0.5569 -0.8284 -0.0603
vn -0.6853 -0.6049 0.4056
vn -0.6854 -0.6070 0.4021
vn -0.5474 -0.0273 0.8364
vn -0.5462 -0.0244 0.8373
vn -0.2731 0.4122 0.8692
vn -0.5475 -0.0274 0.8364
vn -0.2739 0.4111 0.8695
vn -0.2737 0.4114 0.8694
vn -0.2728 0.4125 0.8691
vn 0.1620 0.7935 0.5865
vn -0.2737 0.4115 0.8694
vn 0.1620 0.7936 0.5865
vn 0.1638 0.7946 0.5846
vn -0.6641 -0.3856 0.6405
vn -0.6642 -0.3860 0.6402
vn -0.5463 -0.0250 0.8372
vn -0.5463 -0.0249 0.8373
vn -0.5477 -0.0277 0.8362
vn 0.6672 0.6489 -0.3658
vn 0.6768 0.4927 -0.5470
vn 0.6767 0.4909 -0.5487
vn 0.6671 0.6490 -0.3658
vn 0.6675 0.6477 -0.3675
vn 0.1642 0.7948 0.5843
vn 0.1623 0.7937 0.5862
vn 0.5492 0.8355 0.0190
vn 0.1640 0.7947 0.5844
vn 0.5491 0.8356 0.0189
vn 0.5513 0.8342 0.0140
vn 0.6767 0.4925 -0.5473
vn 0.6759 0.4774 -0.5615
vn 0.6759 0.4791 -0.5600
vn 0.6759 0.4790 -0.5601
vn 0.6767 0.4906 -0.5489
vn 0.6758 0.4777 -0.5613
vn 0.6246 0.7596 -0.1813
vn 0.6230 0.7624 -0.1751
vn 0.6759 0.4779 -0.5611
vn 0.6229 0.7625 -0.1751
vn 0.6759 0.4793 -0.5598
vn -0.5496 -0.8352 -0.0178
vn -0.5518 -0.8339 -0.0128
vn -0.6675 -0.6475 0.3678
vn -0.5496 -0.8353 -0.0179
vn -0.6674 -0.6475 0.3679
vn -0.6672 -0.6488 0.3659
vn -0.6226 -0.7629 0.1744
vn -0.5121 -0.8535 -0.0967
vn -0.5115 -0.8537 -0.0976
vn -0.6226 -0.7629 0.1743
vn -0.5110 -0.8541 -0.0972
vn -0.6243 -0.7600 0.1805
vn 0.5206 0.8501 0.0792
vn 0.5556 0.8315 0.0044
vn 0.5206 0.8501 0.0791
vn 0.5212 0.8498 0.0779
vn 0.3468 -0.3156 -0.8832
vn 0.0171 -0.6720 -0.7404
vn 0.0197 -0.6700 -0.7421
vn 0.0195 -0.6698 -0.7423
vn 0.3383 0.8546 0.3938
vn 0.5567 0.8285 0.0613
vn 0.5675 0.8225 0.0385
vn 0.3383 0.8547 0.3939
vn 0.5675 0.8224 0.0385
vn 0.3380 0.8547 0.3939
vn -0.3373 -0.8545 -0.3950
vn -0.3376 -0.8546 -0.3947
vn 0.0195 -0.6699 -0.7422
vn -0.3374 -0.8545 -0.3950
vn 0.0195 -0.6700 -0.7421
vn 0.6855 0.6066 -0.4026
vn 0.6643 0.3862 -0.6400
vn 0.6643 0.3867 -0.6397
vn 0.6643 0.3867 -0.6396
vn 0.6855 0.6045 -0.4058
vn 0.5568 0.8284 0.0609
vn 0.6854 0.6070 -0.4023
vn 0.6853 0.6047 -0.4057
vn 0.5567 0.8285 0.0611
vn 0.6855 0.6046 -0.4056
vn 0.5676 0.8224 0.0383
vn 0.5489 0.0267 -0.8354
vn 0.2745 -0.4103 -0.8696
vn 0.2737 -0.4115 -0.8694
vn 0.5474 0.0276 -0.8364
vn 0.2720 -0.4104 -0.8704
vn 0.5462 0.0248 -0.8373
vn 0.2741 -0.4107 -0.8696
vn -0.1631 -0.7943 -0.5852
vn -0.1615 -0.7933 -0.5870
vn 0.2742 -0.4109 -0.8695
vn -0.1614 -0.7935 -0.5868
vn 0.2732 -0.4119 -0.8693
vn 0.6660 0.3847 -0.6392
vn 0.5478 0.0280 -0.8361
vn 0.5464 0.0252 -0.8371
vn 0.6641 0.3860 -0.6403
vn 0.5442 0.0268 -0.8385
vn 0.6642 0.3863 -0.6400
vn -0.6672 -0.6486 0.3663
vn -0.6674 -0.6473 0.3682
vn -0.6767 -0.4909 0.5486
vn -0.6767 -0.4910 0.5486
vn -0.6768 -0.4927 0.5470
vn -0.1664 -0.7926 -0.5866
vn -0.5517 -0.8340 -0.0133
vn -0.5493 -0.8354 -0.0182
vn -0.1636 -0.7945 -0.5848
vn -0.5468 -0.8371 -0.0167
vn -0.1618 -0.7935 -0.5867
vn -0.6767 -0.4925 0.5473
vn -0.6780 -0.4898 0.5481
vn -0.6761 -0.4799 0.5591
vn -0.6769 -0.4924 0.5472
vn -0.6761 -0.4801 0.5589
vn -0.6759 -0.4786 0.5604
vn -0.6759 -0.4787 0.5604
vn -0.6760 -0.4802 0.5589
vn -0.6227 -0.7627 0.1747
vn -0.6759 -0.4788 0.5603
vn -0.6226 -0.7628 0.1747
vn -0.6245 -0.7599 0.1806
vn -0.5117 -0.8536 -0.0973
vn -0.5127 -0.8531 -0.0969
vn -0.5382 -0.8417 -0.0427
vn -0.3028 0.3747 0.8763
vn 0.0068 0.6910 0.7228
vn -0.3028 0.3746 0.8764
vn 0.0068 0.6911 0.7227
vn 0.0109 0.6919 0.7219
vn 0.0095 0.6931 0.7207
vn 0.0070 0.6912 0.7226
vn 0.3382 0.8547 0.3938
vn 0.7366 -0.5024 0.4528
vn 0.7388 -0.4912 0.4613
vn 0.7393 -0.4884 0.4635
vn 0.7367 -0.5026 0.4524
vn 0.7247 -0.5124 0.4607
vn 0.7385 -0.5010 0.4512
vn 0.7395 -0.5001 0.4506
vn 0.7248 -0.5123 0.4606
vn 0.7395 -0.5004 0.4503
vn 0.7199 -0.5162 0.4639
vn 0.7388 -0.4911 0.4615
vn 0.7340 -0.5088 0.4499
vn 0.7319 -0.5164 0.4445
vn 0.7388 -0.4912 0.4614
vn 0.7319 -0.5163 0.4446
vn 0.7393 -0.4882 0.4637
vn -0.7388 0.4912 -0.4614
vn -0.7368 0.5023 -0.4526
vn -0.7365 0.5026 -0.4527
vn -0.7393 0.4883 -0.4636
vn 0.7364 -0.5026 0.4528
vn 0.7364 -0.5029 0.4526
vn -0.7365 0.5027 -0.4526
vn -0.7364 0.5028 -0.4527
vn -0.7341 0.5075 -0.4511
vn -0.7317 0.5168 -0.4445
vn -0.7363 0.5027 -0.4528
vn -0.7367 0.5025 -0.4525
vn 0.7338 -0.5091 0.4498
vn 0.7136 -0.5399 0.4464
vn 0.7126 -0.5390 0.4491
vn 0.7366 -0.5026 0.4526
vn 0.7367 -0.5025 0.4524
vn -0.7366 0.5025 -0.4527
vn 0.7367 -0.5023 0.4527
vn 0.7363 -0.5028 0.4528
vn 0.7366 -0.5026 0.4525
vn 0.7364 -0.5028 0.4528
vn 0.7364 -0.5027 0.4528
vn 0.7366 -0.5025 0.4526
vn -0.7367 0.5024 -0.4526
vn -0.7367 0.5023 -0.4527
vn -0.7366 0.5026 -0.4525
vn -0.7366 0.5026 -0.4526
vn 0.7367 -0.5025 0.4525
vn 0.7365 -0.5026 0.4527
vn -0.7247 0.5122 -0.4609
vn -0.7132 0.5396 -0.4474
vn -0.7121 0.5386 -0.4504
vn -0.7247 0.5121 -0.4610
vn -0.7121 0.5385 -0.4504
vn -0.7193 0.5164 -0.4647
vn -0.7363 0.5027 -0.4530
vn 0.7364 -0.5026 0.4529
vn 0.7367 -0.5024 0.4525
vn 0.7365 -0.5025 0.4529
vn -0.7364 0.5027 -0.4529
vn -0.7365 0.5025 -0.4529
vn 0.7384 -0.5011 0.4513
vn 0.7368 -0.5024 0.4526
vn 0.7395 -0.5002 0.4506
vn 0.7136 -0.5397 0.4466
vn 0.7246 -0.5125 0.4607
vn 0.7200 -0.5162 0.4639
vn 0.7136 -0.5398 0.4465
vn -0.7384 0.5011 -0.4513
vn -0.7394 0.5003 -0.4507
vn -0.7367 0.5024 -0.4527
vn -0.7395 0.5002 -0.4506
vn -0.7342 0.5076 -0.4509
vn -0.7316 0.5170 -0.4445
vn -0.7122 0.5386 -0.4503
vn 0.7366 -0.5025 0.4527
vn -0.7367 0.5027 -0.4523
vn -0.7386 0.5009 -0.4511
vn -0.7386 0.5009 -0.4512
vn -0.7193 0.5163 -0.4647
vn -0.7395 0.5002 -0.4505
vn -0.7366 0.5025 -0.4528
vn -0.7368 0.5025 -0.4524
vn 0.5993 0.6609 0.4518
vn 0.3428 0.6439 0.6840
vn 0.3415 0.6436 0.6850
vn 0.5971 0.6612 0.4542
vn 0.6168 -0.0901 0.7820
vn -0.0918 0.9912 0.0953
vn 0.3176 0.6386 0.7010
vn 0.6169 -0.0902 0.7818
vn 0.3264 0.6393 0.6963
vn -0.6200 -0.6583 -0.4269
vn -0.6223 -0.6579 -0.4242
vn -0.6429 -0.6546 -0.3978
vn -0.6199 -0.6584 -0.4269
vn -0.6434 -0.6545 -0.3971
vn -0.3033 -0.6353 -0.7102
vn -0.3053 -0.6366 -0.7082
vn 0.3480 -0.3286 -0.8780
vn -0.3033 -0.6353 -0.7103
vn 0.3481 -0.3286 -0.8780
vn 0.3437 -0.3301 -0.8791
vn -0.6431 -0.6546 -0.3975
vn -0.6427 -0.6547 -0.3979
vn -0.3061 -0.6359 -0.7084
vn -0.6431 -0.6546 -0.3974
vn -0.3062 -0.6360 -0.7083
vn -0.3037 -0.6353 -0.7100
vn 0.8312 0.2015 -0.5181
vn 0.8346 0.2020 -0.5125
vn 0.8657 0.4931 -0.0858
vn 0.8652 0.4936 -0.0881
vn 0.8659 0.4926 -0.0870
vn 0.8662 0.4924 -0.0848
vn 0.7887 0.5950 0.1550
vn 0.8660 0.4924 -0.0871
vn 0.7886 0.5950 0.1550
vn 0.7886 0.5954 0.1535
vn 0.3446 -0.3310 -0.8785
vn 0.3505 -0.3319 -0.8758
vn 0.8327 0.2046 -0.5145
vn 0.3445 -0.3310 -0.8785
vn 0.8293 0.2041 -0.5202
vn 0.3426 0.6438 0.6842
vn 0.1119 0.5763 0.8095
vn 0.1139 0.5772 0.8086
vn 0.1140 0.5772 0.8086
vn 0.3413 0.6436 0.6850
vn 0.7891 0.5947 0.1542
vn 0.7884 0.5952 0.1554
vn 0.5996 0.6608 0.4515
vn 0.7890 0.5947 0.1541
vn 0.5996 0.6608 0.4514
vn 0.5975 0.6610 0.4539
vn 0.1116 0.5762 0.8096
vn -0.0532 0.9785 0.1994
vn 0.5551 -0.0100 0.8317
vn 0.1116 0.5764 0.8095
vn 0.5550 -0.0099 0.8318
vn 0.1137 0.5769 0.8088
vn -0.0530 0.9785 0.1993
vn -0.0919 0.9912 0.0953
vn 0.6169 -0.0900 0.7819
vn -0.0532 0.9784 0.1996
vn 0.6170 -0.0901 0.7818
vn 0.5549 -0.0101 0.8318
vn -0.5994 -0.6608 -0.4517
vn -0.5974 -0.6610 -0.4542
vn -0.3415 -0.6436 -0.6850
vn -0.3414 -0.6436 -0.6850
vn -0.3428 -0.6439 -0.6840
vn -0.3335 -0.6409 -0.6914
vn -0.2990 -0.6343 -0.7130
vn -0.2854 -0.6310 -0.7214
vn -0.3329 -0.6418 -0.6908
vn -0.2855 -0.6310 -0.7214
vn -0.3320 -0.6418 -0.6913
vn 0.3174 0.6384 0.7012
vn 0.0044 0.5319 0.8468
vn 0.2793 0.1402 0.9499
vn 0.3174 0.6385 0.7011
vn 0.2792 0.1400 0.9500
vn 0.3255 0.6403 0.6958
vn 0.0039 0.5316 0.8470
vn -0.2985 0.3629 0.8827
vn 0.3067 0.0558 0.9502
vn 0.0040 0.5316 0.8470
vn 0.3066 0.0558 0.9502
vn 0.2794 0.1403 0.9499
vn 0.6176 0.6586 0.4299
vn 0.6435 0.6545 0.3969
vn 0.6431 0.6545 0.3976
vn 0.6175 0.6586 0.4299
vn 0.6430 0.6546 0.3975
vn 0.6199 0.6583 0.4270
vn -0.6218 -0.6580 -0.4247
vn -0.6196 -0.6584 -0.4273
vn -0.4841 -0.6627 -0.5714
vn 0.3033 0.6353 0.7103
vn -0.3443 0.3313 0.8785
vn -0.3478 0.3289 0.8780
vn 0.3033 0.6351 0.7104
vn -0.3479 0.3288 0.8780
vn 0.3056 0.6358 0.7087
vn 0.6433 0.6545 0.3973
vn 0.3036 0.6353 0.7101
vn 0.3061 0.6359 0.7084
vn 0.6432 0.6545 0.3973
vn 0.6428 0.6546 0.3979
vn -0.8312 -0.2011 0.5183
vn -0.8661 -0.4922 0.0877
vn -0.8657 -0.4930 0.0863
vn -0.8312 -0.2012 0.5183
vn -0.8328 -0.2044 0.5145
vn -0.8660 -0.4923 0.0873
vn -0.7895 -0.5943 -0.1532
vn -0.7890 -0.5948 -0.1541
vn -0.8660 -0.4924 0.0873
vn -0.8656 -0.4932 0.0859
vn -0.8310 -0.2009 0.5187
vn -0.8327 -0.2041 0.5148
vn -0.3445 0.3310 0.8785
vn -0.8326 -0.2042 0.5149
vn -0.3480 0.3288 0.8780
vn -0.3426 -0.6438 -0.6842
vn -0.3413 -0.6436 -0.6850
vn -0.1118 -0.5762 -0.8097
vn -0.1095 -0.5754 -0.8105
vn -0.7894 -0.5944 -0.1534
vn -0.5977 -0.6609 -0.4538
vn -0.5998 -0.6608 -0.4513
vn -0.7889 -0.5947 -0.1546
vn -0.1091 -0.5755 -0.8105
vn -0.1113 -0.5762 -0.8097
vn -0.1221 -0.5802 -0.8052
vn -0.1090 -0.5753 -0.8107
vn -0.1221 -0.5801 -0.8053
vn -0.1258 -0.5816 -0.8037
vn -0.1262 -0.5817 -0.8036
vn -0.1224 -0.5802 -0.8052
vn -0.3327 -0.6417 -0.6910
vn -0.3327 -0.6418 -0.6910
vn -0.3319 -0.6415 -0.6916
vn -0.2852 -0.6308 -0.7216
vn -0.2986 -0.6341 -0.7133
vn -0.0040 -0.5317 -0.8469
vn -0.2851 -0.6309 -0.7216
vn -0.4173 0.2125 -0.8836
vn -0.4175 0.2122 -0.8836
vn -0.0034 -0.5314 -0.8471
vn 0.1281 -0.4660 -0.8755
vn -0.4174 0.2123 -0.8836
vn 0.1280 -0.4661 -0.8755
vn -0.5068 0.3358 -0.7939
vn 0.6195 0.6585 0.4273
vn 0.4782 0.6623 0.5767
vn 0.6195 0.6584 0.4275
vn 0.6173 0.6586 0.4303
vn -0.4754 0.7404 -0.4752
vn -0.4760 0.7402 -0.4749
vn -0.4931 0.7366 -0.4628
vn -0.7699 0.2778 -0.5745
vn -0.5073 0.3360 -0.7936
vn -0.4931 0.7368 -0.4626
vn -0.5071 0.3359 -0.7938
vn -0.4977 0.7345 -0.4612
vn -0.4758 0.7403 -0.4749
vn -0.4711 0.7433 -0.4749
vn -0.4593 0.7508 -0.4748
vn -0.4757 0.7403 -0.4751
vn -0.4594 0.7507 -0.4748
vn 0.4756 -0.7404 0.4750
vn 0.4755 -0.7404 0.4751
vn -0.6361 0.6321 -0.4426
vn -0.5189 0.7322 -0.4412
vn -0.5511 0.7243 -0.4143
vn -0.6364 0.6318 -0.4426
vn -0.5515 0.7239 -0.4145
vn -0.6094 0.6847 -0.3996
vn 0.4308 -0.7464 0.5072
vn 0.3445 -0.7998 0.4915
vn 0.3457 -0.7685 0.5384
vn 0.4311 -0.7462 0.5074
vn 0.3459 -0.7683 0.5386
vn 0.3958 -0.7493 0.5310
vn 0.4711 -0.7433 0.4749
vn 0.4756 -0.7403 0.4752
vn 0.4757 -0.7403 0.4750
vn 0.4594 -0.7507 0.4748
vn 0.3446 -0.7998 0.4915
vn 0.3665 -0.8077 0.4618
vn 0.3520 -0.8096 0.4697
vn 0.3520 -0.8095 0.4698
vn -0.4710 0.7434 -0.4750
vn -0.4624 0.7507 -0.4718
vn -0.5019 0.7324 -0.4601
vn -0.5018 0.7325 -0.4601
vn -0.3757 0.7999 -0.4680
vn -0.0913 0.9912 0.0955
vn -0.2933 0.8442 -0.4486
vn -0.3756 0.7999 -0.4680
vn -0.2934 0.8441 -0.4487
vn -0.4208 0.7754 -0.4708
vn 0.6168 -0.0894 0.7820
vn 0.3755 -0.8000 0.4681
vn 0.4209 -0.7753 0.4708
vn 0.6168 -0.0897 0.7820
vn 0.4209 -0.7754 0.4708
vn 0.6438 -0.5977 0.4779
vn -0.2811 0.8603 -0.4253
vn -0.6040 0.6367 -0.4793
vn -0.6306 0.6209 -0.4657
vn -0.6305 0.6209 -0.4658
vn -0.4548 0.7588 -0.4663
vn -0.4757 0.7403 -0.4750
vn -0.6040 0.6368 -0.4792
vn -0.6363 0.6318 -0.4427
vn -0.6094 0.6848 -0.3996
vn -0.6094 0.6847 -0.3998
vn -0.6307 0.6207 -0.4658
vn 0.3665 -0.8076 0.4620
vn 0.6045 -0.6239 0.4953
vn 0.4863 -0.7297 0.4806
vn 0.3666 -0.8075 0.4621
vn 0.4864 -0.7297 0.4806
vn 0.3521 -0.8095 0.4698
vn 0.4311 -0.7462 0.5072
vn 0.3959 -0.7493 0.5309
vn 0.4755 -0.7405 0.4749
vn 0.3958 -0.7493 0.5309
vn -0.6584 0.4882 -0.5729
vn -0.3754 0.8000 -0.4681
vn -0.4207 0.7754 -0.4709
vn -0.6587 0.4881 -0.5727
vn -0.4206 0.7755 -0.4708
vn -0.4176 0.2118 -0.8836
vn 0.4931 -0.7368 0.4626
vn 0.4625 -0.7507 0.4718
vn 0.5019 -0.7325 0.4600
vn 0.4930 -0.7369 0.4625
vn 0.5019 -0.7325 0.4599
vn 0.4978 -0.7346 0.4611
vn 0.3753 -0.8001 0.4679
vn 0.2792 0.1398 0.9500
vn 0.5105 -0.6708 0.5380
vn 0.3753 -0.8001 0.4680
vn 0.5104 -0.6708 0.5380
vn 0.4206 -0.7754 0.4709
vn -0.0530 0.9784 0.1997
vn -0.2810 0.8603 -0.4253
vn -0.4544 0.7591 -0.4662
vn -0.0533 0.9784 0.1997
vn -0.4545 0.7590 -0.4662
vn -0.1632 0.9028 -0.3980
vn -0.5188 0.7320 -0.4415
vn -0.4757 0.7404 -0.4750
vn -0.5189 0.7320 -0.4415
vn -0.4760 0.7401 -0.4750
vn -0.5511 0.7241 -0.4146
vn 0.6047 -0.6236 0.4954
vn 0.5549 -0.0095 0.8319
vn 0.6877 -0.5349 0.4909
vn 0.6877 -0.5348 0.4910
vn 0.4868 -0.7295 0.4805
vn -0.7701 0.2778 -0.5743
vn -0.6587 0.4880 -0.5727
vn -0.4175 0.2119 -0.8836
vn -0.7700 0.2774 -0.5746
vn -0.4177 0.2119 -0.8835
vn -0.5073 0.3356 -0.7937
vn -0.4979 0.7345 -0.4611
vn -0.4627 0.7506 -0.4717
vn -0.5020 0.7323 -0.4600
vn 0.2791 0.1403 0.9500
vn 0.3066 0.0561 0.9502
vn 0.6242 -0.5700 0.5344
vn 0.2790 0.1404 0.9500
vn 0.6244 -0.5699 0.5343
vn 0.5106 -0.6707 0.5381
vn 0.4624 -0.7507 0.4718
vn 0.4592 -0.7508 0.4748
vn 0.5018 -0.7325 0.4600
vn -0.0917 0.9912 0.0954
vn -0.0528 0.9784 0.1998
vn -0.1634 0.9026 -0.3982
vn -0.0915 0.9912 0.0956
vn -0.1633 0.9026 -0.3983
vn -0.2930 0.8443 -0.4487
vn 0.4759 -0.7402 0.4749
vn 0.4760 -0.7403 0.4747
vn 0.3063 0.0561 0.9503
vn 0.4930 -0.7368 0.4626
vn 0.3066 0.0562 0.9502
vn 0.4980 -0.7343 0.4613
vn 0.6241 -0.5702 0.5343
vn 0.5549 -0.0097 0.8318
vn 0.6167 -0.0898 0.7821
vn 0.6440 -0.5975 0.4778
vn 0.6439 -0.5975 0.4779
vt 0.000430 0.361760
vt 0.000430 0.001410
vt 0.414260 0.001410
vt 0.414260 0.361760
vt 0.303120 0.361760
vt 0.303120 0.001410
vt 0.227450 0.001400
vt 0.227450 0.361760
vt 0.176500 0.361760
vt 0.176500 0.001400
vt 0.125120 0.001410
vt 0.125120 0.361760
vt 0.085800 0.361760
vt 0.085800 0.001410
vt 0.038270 0.361760
vt 0.038270 0.001410
s 0
usemtl mat2.296
f 1/1/1 2/1/2 3/2/3
f 1/1/4 3/2/5 4/2/6
f 5/2/7 6/1/8 7/1/9
f 5/2/7 7/1/10 8/2/11
f 9/3/12 10/4/13 11/5/14
f 9/3/12 11/5/15 12/6/16
f 13/7/17 14/8/18 15/9/19
f 13/7/20 15/9/21 16/10/22
f 12/6/23 11/5/24 14/8/25
f 12/6/26 14/8/27 13/7/28
f 17/11/29 18/12/30 19/13/31
f 17/11/32 19/13/31 20/14/31
f 20/14/33 19/13/34 21/15/35
f 20/14/36 21/15/37 22/16/38
f 16/10/39 15/9/40 18/12/41
f 16/10/42 18/12/43 17/11/41
f 2/1/44 23/1/45 24/2/46
f 2/1/47 24/2/48 3/2/49
f 22/16/50 21/15/51 1/1/52
f 22/16/50 1/1/53 4/2/53
f 23/1/54 25/1/55 26/2/56
f 23/1/57 26/2/56 24/2/58
f 25/1/59 6/1/60 5/2/61
f 25/1/59 5/2/61 26/2/62
f 27/1/63 28/2/64 29/2/65
f 27/1/63 29/2/65 30/1/66
f 31/2/67 32/2/68 33/1/69
f 31/2/70 33/1/71 34/1/72
f 7/1/73 35/1/74 36/2/74
f 7/1/75 36/2/74 8/2/76
f 35/1/77 37/1/78 38/2/79
f 35/1/77 38/2/80 36/2/81
f 39/3/82 40/6/83 41/5/84
f 39/3/82 41/5/85 42/4/86
f 10/4/87 9/3/88 38/2/89
f 10/4/90 38/2/91 37/1/92
f 43/7/93 44/10/94 45/9/95
f 43/7/96 45/9/97 46/8/98
f 40/6/99 43/7/100 46/8/101
f 40/6/102 46/8/103 41/5/104
f 47/11/105 48/14/106 49/13/107
f 47/11/108 49/13/106 50/12/105
f 48/14/109 51/16/110 52/15/110
f 48/14/111 52/15/112 49/13/109
f 44/10/113 47/11/114 50/12/115
f 44/10/113 50/12/116 45/9/117
f 30/1/118 29/2/119 53/2/120
f 30/1/121 53/2/122 54/1/123
f 51/16/124 28/2/125 27/1/126
f 51/16/127 27/1/128 52/15/124
f 54/1/129 53/2/130 55/2/131
f 54/1/129 55/2/132 56/1/133
f 56/1/134 55/2/135 31/2/136
f 56/1/134 31/2/70 34/1/137
f 33/1/138 32/2/139 57/2/140
f 33/1/138 57/2/140 58/1/140
f 58/1/141 57/2/142 59/2/143
f 58/1/141 59/2/144 60/1/145
f 42/4/146 60/1/147 59/2/148
f 42/4/146 59/2/144 39/3/149
f 18/12/150 15/9/151 45/9/152
f 18/12/153 45/9/154 50/12/153
f 10/4/155 37/1/156 60/1/157
f 10/4/158 60/1/159 42/4/160
f 15/9/161 14/8/162 46/8/163
f 15/9/164 46/8/165 45/9/166
f 16/10/167 17/11/168 47/11/168
f 16/10/169 47/11/170 44/10/171
f 1/1/172 21/15/172 52/15/172
f 1/1/173 52/15/173 27/1/173
f 22/16/174 4/2/174 28/2/174
f 22/16/170 28/2/170 51/16/170
f 13/7/175 16/10/176 44/10/177
f 13/7/178 44/10/179 43/7/180
f 4/2/181 3/2/182 29/2/183
f 4/2/184 29/2/183 28/2/184
f 14/8/185 11/5/186 41/5/187
f 14/8/188 41/5/189 46/8/190
f 7/1/191 6/1/192 34/1/193
f 7/1/194 34/1/195 33/1/196
f 5/2/197 8/2/198 32/2/199
f 5/2/200 32/2/201 31/2/202
f 23/1/203 2/1/204 30/1/205
f 23/1/206 30/1/207 54/1/208
f 19/13/209 18/12/209 50/12/209
f 19/13/210 50/12/210 49/13/210
f 2/1/211 1/1/212 27/1/212
f 2/1/213 27/1/214 30/1/215
f 3/2/216 24/2/217 53/2/218
f 3/2/219 53/2/220 29/2/221
f 20/14/222 22/16/222 51/16/222
f 20/14/223 51/16/223 48/14/223
f 35/1/224 7/1/225 33/1/226
f 35/1/227 33/1/194 58/1/228
f 9/3/229 12/6/230 40/6/231
f 9/3/229 40/6/232 39/3/233
f 8/2/234 36/2/235 57/2/236
f 8/2/237 57/2/238 32/2/239
f 25/1/240 23/1/241 54/1/242
f 25/1/240 54/1/243 56/1/244
f 21/15/245 19/13/245 49/13/245
f 21/15/246 49/13/246 52/15/246
f 24/2/247 26/2/248 55/2/249
f 24/2/250 55/2/251 53/2/252
f 37/1/253 35/1/254 58/1/255
f 37/1/256 58/1/257 60/1/258
f 11/5/259 10/4/155 42/4/260
f 11/5/261 42/4/262 41/5/263
f 36/2/264 38/2/265 59/2/266
f 36/2/267 59/2/268 57/2/269
f 12/6/270 13/7/271 43/7/272
f 12/6/273 43/7/274 40/6/232
f 6/1/275 25/1/276 56/1/277
f 6/1/275 56/1/278 34/1/279
f 17/11/280 20/14/280 48/14/280
f 17/11/281 48/14/281 47/11/281
f 38/2/282 9/3/283 39/3/284
f 38/2/285 39/3/284 59/2/286
f 26/2/287 5/2/288 31/2/289
f 26/2/290 31/2/291 55/2/292
f 61/1/293 62/1/294 63/2/295
f 61/1/296 63/2/297 64/2/293
f 65/2/298 66/1/299 67/1/300
f 65/2/301 67/1/302 68/2/302
f 69/3/303 70/4/303 71/5/304
f 69/3/305 71/5/306 72/6/307
f 73/7/308 74/8/309 75/9/310
f 73/7/308 75/9/311 76/10/311
f 72/6/312 71/5/313 74/8/314
f 72/6/315 74/8/314 73/7/316
f 77/11/317 78/12/318 79/13/319
f 77/11/318 79/13/320 80/14/319
f 80/14/321 79/13/322 81/15/323
f 80/14/324 81/15/323 82/16/325
f 76/10/326 75/9/327 78/12/328
f 76/10/329 78/12/328 77/11/330
f 62/1/331 83/1/332 84/2/333
f 62/1/334 84/2/335 63/2/336
f 82/16/337 81/15/337 61/1/338
f 82/16/337 61/1/339 64/2/339
f 83/1/340 85/1/341 86/2/342
f 83/1/343 86/2/342 84/2/344
f 85/1/345 66/1/346 65/2/347
f 85/1/345 65/2/348 86/2/349
f 87/1/350 88/2/351 89/2/352
f 87/1/353 89/2/354 90/1/355
f 91/2/356 92/2/357 93/1/357
f 91/2/358 93/1/359 94/1/356
f 67/1/360 95/1/361 96/2/361
f 67/1/362 96/2/363 68/2/362
f 95/1/364 97/1/365 98/2/366
f 95/1/367 98/2/368 96/2/367
f 99/3/369 100/6/370 101/5/371
f 99/3/369 101/5/372 102/4/369
f 70/4/373 69/3/373 98/2/374
f 70/4/303 98/2/375 97/1/376
f 103/7/377 104/10/378 105/9/378
f 103/7/379 105/9/380 106/8/381
f 100/6/382 103/7/383 106/8/384
f 100/6/385 106/8/386 101/5/387
f 107/11/388 108/14/389 109/13/390
f 107/11/391 109/13/392 110/12/388
f 108/14/393 111/16/394 112/15/394
f 108/14/393 112/15/395 109/13/396
f 104/10/397 107/11/398 110/12/399
f 104/10/400 110/12/401 105/9/402
f 90/1/403 89/2/404 113/2/405
f 90/1/403 113/2/405 114/1/406
f 111/16/407 88/2/408 87/1/408
f 111/16/407 87/1/409 112/15/410
f 114/1/411 113/2/412 115/2/413
f 114/1/414 115/2/413 116/1/415
f 116/1/416 115/2/417 91/2/418
f 116/1/415 91/2/419 94/1/420
f 93/1/421 92/2/421 117/2/422
f 93/1/423 117/2/424 118/1/424
f 118/1/425 117/2/425 119/2/426
f 118/1/427 119/2/428 120/1/429
f 102/4/430 120/1/431 119/2/432
f 102/4/433 119/2/434 99/3/430
f 78/12/435 75/9/435 105/9/435
f 78/12/436 105/9/436 110/12/436
f 70/4/437 97/1/438 120/1/439
f 70/4/437 120/1/440 102/4/441
f 75/9/442 74/8/443 106/8/444
f 75/9/445 106/8/444 105/9/445
f 76/10/446 77/11/446 107/11/446
f 76/10/447 107/11/447 104/10/447
f 61/1/448 81/15/448 112/15/448
f 61/1/449 112/15/449 87/1/449
f 82/16/450 64/2/450 88/2/450
f 82/16/451 88/2/451 111/16/451
f 73/7/452 76/10/453 104/10/453
f 73/7/454 104/10/455 103/7/456
f 64/2/457 63/2/458 89/2/459
f 64/2/460 89/2/459 88/2/460
f 74/8/461 71/5/462 101/5/463
f 74/8/464 101/5/465 106/8/466
f 67/1/449 66/1/449 94/1/449
f 67/1/442 94/1/442 93/1/442
f 65/2/467 68/2/467 92/2/467
f 65/2/446 92/2/446 91/2/446
f 83/1/468 62/1/469 90/1/470
f 83/1/471 90/1/472 114/1/473
f 79/13/474 78/12/474 110/12/474
f 79/13/475 110/12/475 109/13/475
f 62/1/469 61/1/435 87/1/435
f 62/1/476 87/1/477 90/1/478
f 63/2/479 84/2/480 113/2/481
f 63/2/482 113/2/483 89/2/484
f 80/14/485 82/16/485 111/16/485
f 80/14/451 111/16/451 108/14/451
f 95/1/475 67/1/475 93/1/475
f 95/1/486 93/1/486 118/1/486
f 69/3/487 72/6/488 100/6/489
f 69/3/490 100/6/491 99/3/492
f 68/2/447 96/2/447 117/2/447
f 68/2/450 117/2/450 92/2/450
f 85/1/493 83/1/494 114/1/495
f 85/1/496 114/1/495 116/1/497
f 81/15/498 79/13/498 109/13/498
f 81/15/499 109/13/499 112/15/499
f 84/2/500 86/2/501 115/2/502
f 84/2/500 115/2/503 113/2/504
f 97/1/505 95/1/506 118/1/506
f 97/1/507 118/1/508 120/1/440
f 71/5/462 70/4/509 102/4/510
f 71/5/462 102/4/511 101/5/512
f 96/2/513 98/2/514 119/2/515
f 96/2/516 119/2/517 117/2/516
f 72/6/518 73/7/519 103/7/520
f 72/6/521 103/7/456 100/6/522
f 66/1/523 85/1/493 116/1/524
f 66/1/475 116/1/525 94/1/475
f 77/11/526 80/14/526 108/14/526
f 77/11/527 108/14/527 107/11/527
f 98/2/514 69/3/490 99/3/528
f 98/2/529 99/3/530 119/2/517
f 86/2/531 65/2/447 91/2/447
f 86/2/532 91/2/455 115/2/533
f 121/1/534 122/1/535 123/2/535
f 121/1/536 123/2/537 124/2/538
f 125/2/539 126/1/539 127/1/540
f 125/2/541 127/1/540 128/2/540
f 129/3/542 130/4/543 131/5/544
f 129/3/545 131/5/544 132/6/546
f 133/7/547 134/8/547 135/9/548
f 133/7/549 135/9/548 136/10/550
f 132/6/551 131/5/544 134/8/552
f 132/6/553 134/8/554 133/7/554
f 137/11/555 138/12/556 139/13/557
f 137/11/558 139/13/559 140/14/560
f 140/14/561 139/13/562 141/15/563
f 140/14/564 141/15/565 142/16/566
f 136/10/567 135/9/567 138/12/568
f 136/10/567 138/12/569 137/11/570
f 122/1/571 143/1/572 144/2/572
f 122/1/573 144/2/574 123/2/573
f 142/16/575 141/15/575 121/1/576
f 142/16/577 121/1/576 124/2/578
f 143/1/579 145/1/580 146/2/581
f 143/1/579 146/2/582 144/2/579
f 145/1/583 126/1/584 125/2/585
f 145/1/586 125/2/587 146/2/583
f 147/1/588 148/2/589 149/2/590
f 147/1/591 149/2/590 150/1/592
f 151/2/593 152/2/594 153/1/594
f 151/2/595 153/1/596 154/1/597
f 127/1/598 155/1/599 156/2/599
f 127/1/600 156/2/601 128/2/600
f 155/1/602 157/1/603 158/2/604
f 155/1/605 158/2/606 156/2/605
f 159/3/607 160/6/608 161/5/609
f 159/3/607 161/5/609 162/4/610
f 130/4/543 129/3/545 158/2/611
f 130/4/543 158/2/612 157/1/613
f 163/7/614 164/10/615 165/9/615
f 163/7/614 165/9/615 166/8/614
f 160/6/616 163/7/617 166/8/618
f 160/6/619 166/8/620 161/5/621
f 167/11/622 168/14/623 169/13/624
f 167/11/622 169/13/624 170/12/622
f 168/14/625 171/16/626 172/15/627
f 168/14/628 172/15/629 169/13/630
f 164/10/631 167/11/632 170/12/633
f 164/10/634 170/12/635 165/9/634
f 150/1/636 149/2/637 173/2/638
f 150/1/639 173/2/640 174/1/641
f 171/16/642 148/2/643 147/1/644
f 171/16/645 147/1/643 172/15/646
f 174/1/647 173/2/647 175/2/648
f 174/1/647 175/2/649 176/1/650
f 176/1/651 175/2/651 151/2/652
f 176/1/653 151/2/654 154/1/655
f 153/1/656 152/2/656 177/2/657
f 153/1/656 177/2/658 178/1/658
f 178/1/659 177/2/659 179/2/660
f 178/1/661 179/2/662 180/1/663
f 162/4/664 180/1/665 179/2/666
f 162/4/667 179/2/660 159/3/668
f 138/12/669 135/9/669 165/9/669
f 138/12/670 165/9/670 170/12/670
f 130/4/671 157/1/672 180/1/673
f 130/4/674 180/1/675 162/4/676
f 135/9/677 134/8/677 166/8/677
f 135/9/678 166/8/678 165/9/678
f 136/10/679 137/11/679 167/11/679
f 136/10/680 167/11/680 164/10/680
f 121/1/681 141/15/681 172/15/681
f 121/1/681 172/15/681 147/1/681
f 142/16/682 124/2/682 148/2/682
f 142/16/683 148/2/683 171/16/683
f 133/7/684 136/10/684 164/10/684
f 133/7/685 164/10/685 163/7/685
f 124/2/686 123/2/686 149/2/686
f 124/2/687 149/2/687 148/2/687
f 134/8/688 131/5/689 161/5/690
f 134/8/691 161/5/692 166/8/691
f 127/1/693 126/1/693 154/1/693
f 127/1/694 154/1/694 153/1/694
f 125/2/695 128/2/695 152/2/695
f 125/2/685 152/2/685 151/2/685
f 143/1/696 122/1/696 150/1/696
f 143/1/697 150/1/697 174/1/697
f 139/13/698 138/12/698 170/12/698
f 139/13/699 170/12/699 169/13/699
f 122/1/700 121/1/700 147/1/700
f 122/1/701 147/1/701 150/1/701
f 123/2/685 144/2/685 173/2/685
f 123/2/682 173/2/682 149/2/682
f 140/14/702 142/16/702 171/16/702
f 140/14/703 171/16/703 168/14/703
f 155/1/681 127/1/681 153/1/681
f 155/1/704 153/1/704 178/1/704
f 129/3/705 132/6/706 160/6/707
f 129/3/708 160/6/709 159/3/710
f 128/2/711 156/2/711 177/2/711
f 128/2/712 177/2/712 152/2/712
f 145/1/713 143/1/713 174/1/713
f 145/1/714 174/1/714 176/1/714
f 141/15/681 139/13/681 169/13/681
f 141/15/713 169/13/713 172/15/713
f 144/2/711 146/2/711 175/2/711
f 144/2/715 175/2/715 173/2/715
f 157/1/716 155/1/717 178/1/717
f 157/1/718 178/1/719 180/1/720
f 131/5/721 130/4/722 162/4/723
f 131/5/724 162/4/725 161/5/692
f 156/2/702 158/2/726 179/2/727
f 156/2/728 179/2/727 177/2/728
f 132/6/729 133/7/695 163/7/695
f 132/6/730 163/7/712 160/6/709
f 126/1/719 145/1/719 176/1/719
f 126/1/731 176/1/731 154/1/731
f 137/11/732 140/14/732 168/14/732
f 137/11/682 168/14/682 167/11/682
f 158/2/726 129/3/733 159/3/734
f 158/2/735 159/3/734 179/2/727
f 146/2/736 125/2/736 151/2/736
f 146/2/737 151/2/737 175/2/737
f 181/1/738 182/1/739 183/2/739
f 181/1/740 183/2/741 184/2/742
f 185/2/743 186/1/744 187/1/745
f 185/2/744 187/1/746 188/2/747
f 189/3/748 190/4/749 191/5/750
f 189/3/748 191/5/751 192/6/752
f 193/7/753 194/8/754 195/9/755
f 193/7/753 195/9/755 196/10/756
f 192/6/757 191/5/758 194/8/759
f 192/6/757 194/8/760 193/7/761
f 197/11/762 198/12/763 199/13/764
f 197/11/763 199/13/765 200/14/766
f 200/14/767 199/13/768 201/15/769
f 200/14/768 201/15/770 202/16/771
f 196/10/772 195/9/773 198/12/774
f 196/10/772 198/12/775 197/11/776
f 182/1/777 203/1/778 204/2/779
f 182/1/777 204/2/780 183/2/777
f 202/16/781 201/15/782 181/1/783
f 202/16/781 181/1/784 184/2/785
f 203/1/786 205/1/787 206/2/787
f 203/1/786 206/2/788 204/2/786
f 205/1/789 186/1/790 185/2/791
f 205/1/792 185/2/793 206/2/794
f 207/1/795 208/2/796 209/2/797
f 207/1/795 209/2/798 210/1/799
f 211/2/800 212/2/801 213/1/801
f 211/2/802 213/1/803 214/1/804
f 187/1/805 215/1/806 216/2/806
f 187/1/805 216/2/806 188/2/807
f 215/1/808 217/1/809 218/2/810
f 215/1/811 218/2/812 216/2/811
f 219/3/813 220/6/814 221/5/815
f 219/3/813 221/5/816 222/4/817
f 190/4/818 189/3/819 218/2/820
f 190/4/821 218/2/822 217/1/823
f 223/7/824 224/10/825 225/9/826
f 223/7/827 225/9/826 226/8/828
f 220/6/829 223/7/830 226/8/831
f 220/6/829 226/8/832 221/5/816
f 227/11/833 228/14/834 229/13/834
f 227/11/833 229/13/834 230/12/833
f 228/14/835 231/16/836 232/15/837
f 228/14/835 232/15/836 229/13/835
f 224/10/838 227/11/839 230/12/839
f 224/10/838 230/12/840 225/9/841
f 210/1/842 209/2/843 233/2/844
f 210/1/845 233/2/844 234/1/846
f 231/16/847 208/2/848 207/1/849
f 231/16/850 207/1/848 232/15/847
f 234/1/851 233/2/852 235/2/853
f 234/1/851 235/2/854 236/1/854
f 236/1/855 235/2/856 211/2/857
f 236/1/858 211/2/859 214/1/857
f 213/1/860 212/2/860 237/2/861
f 213/1/862 237/2/861 238/1/861
f 238/1/863 237/2/863 239/2/864
f 238/1/865 239/2/866 240/1/867
f 222/4/868 240/1/869 239/2/870
f 222/4/871 239/2/872 219/3/873
f 198/12/874 195/9/875 225/9/876
f 198/12/877 225/9/878 230/12/877
f 190/4/879 217/1/880 240/1/881
f 190/4/879 240/1/881 222/4/882
f 195/9/875 194/8/883 226/8/884
f 195/9/885 226/8/886 225/9/887
f 196/10/888 197/11/889 227/11/889
f 196/10/888 227/11/890 224/10/891
f 181/1/877 201/15/877 232/15/877
f 181/1/892 232/15/892 207/1/892
f 202/16/893 184/2/893 208/2/893
f 202/16/894 208/2/894 231/16/894
f 193/7/895 196/10/896 224/10/891
f 193/7/897 224/10/898 223/7/899
f 184/2/900 183/2/900 209/2/900
f 184/2/901 209/2/901 208/2/901
f 194/8/902 191/5/903 221/5/904
f 194/8/905 221/5/906 226/8/907
f 187/1/908 186/1/908 214/1/908
f 187/1/909 214/1/909 213/1/909
f 185/2/910 188/2/910 212/2/910
f 185/2/890 212/2/890 211/2/890
f 203/1/911 182/1/911 210/1/911
f 203/1/912 210/1/912 234/1/912
f 199/13/913 198/12/913 230/12/913
f 199/13/914 230/12/914 229/13/914
f 182/1/915 181/1/915 207/1/915
f 182/1/916 207/1/916 210/1/916
f 183/2/917 204/2/917 233/2/917
f 183/2/918 233/2/918 209/2/918
f 200/14/919 202/16/919 231/16/919
f 200/14/919 231/16/919 228/14/919
f 215/1/911 187/1/911 213/1/911
f 215/1/877 213/1/877 238/1/877
f 189/3/920 192/6/921 220/6/922
f 189/3/923 220/6/924 219/3/925
f 188/2/894 216/2/894 237/2/894
f 188/2/926 237/2/926 212/2/926
f 205/1/915 203/1/915 234/1/915
f 205/1/927 234/1/927 236/1/927
f 201/15/928 199/13/928 229/13/928
f 201/15/929 229/13/929 232/15/929
f 204/2/930 206/2/930 235/2/930
f 204/2/889 235/2/889 233/2/889
f 217/1/931 215/1/915 238/1/915
f 217/1/880 238/1/932 240/1/933
f 191/5/934 190/4/935 222/4/936
f 191/5/937 222/4/938 221/5/939
f 216/2/940 218/2/941 239/2/942
f 216/2/943 239/2/944 237/2/943
f 192/6/945 193/7/895 223/7/946
f 192/6/947 223/7/948 220/6/949
f 186/1/909 205/1/909 236/1/909
f 186/1/950 236/1/950 214/1/950
f 197/11/951 200/14/951 228/14/951
f 197/11/952 228/14/952 227/11/952
f 218/2/953 189/3/954 219/3/955
f 218/2/956 219/3/957 239/2/958
f 206/2/959 185/2/959 211/2/959
f 206/2/960 211/2/960 235/2/960
f 241/1/961 242/1/962 243/2/963
f 241/1/964 243/2/965 244/2/966
f 245/2/967 246/1/968 247/1/969
f 245/2/970 247/1/969 248/2/969
f 249/3/971 250/4/972 251/5/973
f 249/3/971 251/5/973 252/6/974
f 253/7/975 254/8/976 255/9/977
f 253/7/975 255/9/977 256/10/978
f 252/6/979 251/5/980 254/8/981
f 252/6/982 254/8/983 253/7/984
f 257/11/985 258/12/986 259/13/987
f 257/11/986 259/13/987 260/14/988
f 260/14/989 259/13/990 261/15/991
f 260/14/992 261/15/993 262/16/991
f 256/10/994 255/9/995 258/12/996
f 256/10/997 258/12/996 257/11/998
f 242/1/999 263/1/1000 264/2/1001
f 242/1/1002 264/2/1003 243/2/1004
f 262/16/1005 261/15/1006 241/1/1007
f 262/16/1008 241/1/1009 244/2/1010
f 263/1/1011 265/1/1012 266/2/1013
f 263/1/1014 266/2/1013 264/2/1015
f 265/1/1016 246/1/1017 245/2/1018
f 265/1/1019 245/2/1017 266/2/1020
f 267/1/1021 268/2/1022 269/2/1023
f 267/1/1022 269/2/1024 270/1/1025
f 271/2/1026 272/2/1027 273/1/1028
f 271/2/1029 273/1/1028 274/1/1030
f 247/1/1031 275/1/1032 276/2/1032
f 247/1/1033 276/2/1032 248/2/1034
f 275/1/1035 277/1/1036 278/2/1037
f 275/1/1038 278/2/1039 276/2/1038
f 279/3/1040 280/6/1041 281/5/1042
f 279/3/1043 281/5/1044 282/4/1043
f 250/4/971 249/3/971 278/2/1045
f 250/4/971 278/2/1046 277/1/1047
f 283/7/1048 284/10/1049 285/9/1050
f 283/7/1051 285/9/1052 286/8/1048
f 280/6/1053 283/7/1054 286/8/1054
f 280/6/1055 286/8/1056 281/5/1057
f 287/11/1058 288/14/1059 289/13/1059
f 287/11/1058 289/13/1060 290/12/1058
f 288/14/1061 291/16/1062 292/15/1063
f 288/14/1064 292/15/1062 289/13/1064
f 284/10/1065 287/11/1066 290/12/1066
f 284/10/1065 290/12/1066 285/9/1065
f 270/1/1067 269/2/1068 293/2/1069
f 270/1/1070 293/2/1069 294/1/1071
f 291/16/1072 268/2/1073 267/1/1073
f 291/16/1074 267/1/1075 292/15/1072
f 294/1/1076 293/2/1077 295/2/1078
f 294/1/1079 295/2/1080 296/1/1081
f 296/1/1082 295/2/1083 271/2/1084
f 296/1/1085 271/2/1086 274/1/1087
f 273/1/1088 272/2/1089 297/2/1090
f 273/1/1091 297/2/1090 298/1/1090
f 298/1/1092 297/2/1092 299/2/1093
f 298/1/1092 299/2/1093 300/1/1094
f 282/4/1095 300/1/1096 299/2/1097
f 282/4/1098 299/2/1099 279/3/1098
f 258/12/1100 255/9/1100 285/9/1100
f 258/12/1101 285/9/1101 290/12/1101
f 250/4/1102 277/1/1103 300/1/1104
f 250/4/1105 300/1/1104 282/4/1106
f 255/9/1107 254/8/1107 286/8/1107
f 255/9/1108 286/8/1108 285/9/1108
f 256/10/1109 257/11/1109 287/11/1109
f 256/10/1110 287/11/1110 284/10/1110
f 241/1/1111 261/15/1111 292/15/1111
f 241/1/1112 292/15/1112 267/1/1112
f 262/16/1113 244/2/1113 268/2/1113
f 262/16/1114 268/2/1114 291/16/1114
f 253/7/1115 256/10/1115 284/10/1115
f 253/7/1109 284/10/1109 283/7/1109
f 244/2/1116 243/2/1117 269/2/1118
f 244/2/1119 269/2/1120 268/2/1119
f 254/8/1121 251/5/1122 281/5/1123
f 254/8/1124 281/5/1125 286/8/1124
f 247/1/1126 246/1/1126 274/1/1126
f 247/1/1127 274/1/1127 273/1/1127
f 245/2/1128 248/2/1128 272/2/1128
f 245/2/1129 272/2/1129 271/2/1129
f 263/1/1130 242/1/1131 270/1/1132
f 263/1/1133 270/1/1134 294/1/1135
f 259/13/1136 258/12/1136 290/12/1136
f 259/13/1107 290/12/1107 289/13/1107
f 242/1/1137 241/1/1138 267/1/1138
f 242/1/1137 267/1/1121 270/1/1132
f 243/2/1139 264/2/1140 293/2/1141
f 243/2/1142 293/2/1141 269/2/1118
f 260/14/1143 262/16/1143 291/16/1143
f 260/14/1144 291/16/1144 288/14/1144
f 275/1/1145 247/1/1145 273/1/1145
f 275/1/1146 273/1/1146 298/1/1146
f 249/3/1147 252/6/1148 280/6/1149
f 249/3/1150 280/6/1151 279/3/1152
f 248/2/1153 276/2/1153 297/2/1153
f 248/2/1154 297/2/1154 272/2/1154
f 265/1/1155 263/1/1156 294/1/1157
f 265/1/1155 294/1/1158 296/1/1159
f 261/15/1160 259/13/1160 289/13/1160
f 261/15/1161 289/13/1161 292/15/1161
f 264/2/1162 266/2/1163 295/2/1164
f 264/2/1165 295/2/1164 293/2/1166
f 277/1/1167 275/1/1168 298/1/1168
f 277/1/1169 298/1/1108 300/1/1104
f 251/5/1170 250/4/1171 282/4/1172
f 251/5/1173 282/4/1172 281/5/1174
f 276/2/1175 278/2/1176 299/2/1177
f 276/2/1178 299/2/1179 297/2/1178
f 252/6/1180 253/7/1181 283/7/1181
f 252/6/1182 283/7/1183 280/6/1184
f 246/1/1108 265/1/1155 296/1/1185
f 246/1/1186 296/1/1187 274/1/1186
f 257/11/1188 260/14/1188 288/14/1188
f 257/11/1189 288/14/1189 287/11/1189
f 278/2/1190 249/3/1191 279/3/1192
f 278/2/1193 279/3/1192 299/2/1194
f 266/2/1195 245/2/1196 271/2/1196
f 266/2/1197 271/2/1110 295/2/1198
f 301/1/1199 302/1/1200 303/2/1201
f 301/1/1202 303/2/1203 304/2/1204
f 305/2/1205 306/1/1206 307/1/1207
f 305/2/1205 307/1/1207 308/2/1208
f 309/3/1209 310/4/1210 311/5/1211
f 309/3/1212 311/5/1213 312/6/1214
f 313/7/1215 314/8/1216 315/9/1217
f 313/7/1218 315/9/1219 316/10/1220
f 312/6/1221 311/5/1222 314/8/1223
f 312/6/1224 314/8/1223 313/7/1225
f 317/11/1226 318/12/1227 319/13/1228
f 317/11/1229 319/13/1230 320/14/1231
f 320/14/1232 319/13/1233 321/15/1234
f 320/14/1235 321/15/1234 322/16/1236
f 316/10/1237 315/9/1238 318/12/1239
f 316/10/1240 318/12/1241 317/11/1242
f 302/1/1243 323/1/1244 324/2/1245
f 302/1/1246 324/2/1247 303/2/1248
f 322/16/1249 321/15/1250 301/1/1251
f 322/16/1249 301/1/1252 304/2/1253
f 323/1/1254 325/1/1255 326/2/1256
f 323/1/1257 326/2/1258 324/2/1259
f 325/1/1260 306/1/1261 305/2/1262
f 325/1/1263 305/2/1262 326/2/1264
f 327/1/1265 328/2/1266 329/2/1267
f 327/1/1268 329/2/1269 330/1/1270
f 331/2/1271 332/2/1272 333/1/1273
f 331/2/1274 333/1/1275 334/1/1276
f 307/1/1277 335/1/1278 336/2/1279
f 307/1/1280 336/2/1281 308/2/1282
f 335/1/1283 337/1/1284 338/2/1285
f 335/1/1283 338/2/1286 336/2/1281
f 339/3/1287 340/6/1288 341/5/1289
f 339/3/1290 341/5/1291 342/4/1292
f 310/4/1293 309/3/1294 338/2/1295
f 310/4/1296 338/2/1297 337/1/1297
f 343/7/1298 344/10/1299 345/9/1300
f 343/7/1301 345/9/1302 346/8/1303
f 340/6/1304 343/7/1305 346/8/1306
f 340/6/1307 346/8/1308 341/5/1309
f 347/11/1310 348/14/1311 349/13/1312
f 347/11/1313 349/13/1312 350/12/1314
f 348/14/1315 351/16/1316 352/15/1317
f 348/14/1315 352/15/1318 349/13/1319
f 344/10/1320 347/11/1321 350/12/1322
f 344/10/1323 350/12/1324 345/9/1325
f 330/1/1326 329/2/1327 353/2/1328
f 330/1/1329 353/2/1330 354/1/1331
f 351/16/1332 328/2/1333 327/1/1268
f 351/16/1332 327/1/1268 352/15/1334
f 354/1/1335 353/2/1336 355/2/1337
f 354/1/1335 355/2/1338 356/1/1339
f 356/1/1340 355/2/1341 331/2/1342
f 356/1/1343 331/2/1342 334/1/1344
f 333/1/1345 332/2/1346 357/2/1347
f 333/1/1345 357/2/1347 358/1/1348
f 358/1/1349 357/2/1350 359/2/1351
f 358/1/1352 359/2/1351 360/1/1353
f 342/4/1354 360/1/1355 359/2/1355
f 342/4/1356 359/2/1355 339/3/1357
f 318/12/1358 315/9/1358 345/9/1358
f 318/12/1359 345/9/1359 350/12/1359
f 310/4/1360 337/1/1361 360/1/1362
f 310/4/1363 360/1/1364 342/4/1365
f 315/9/1366 314/8/1367 346/8/1368
f 315/9/1369 346/8/1370 345/9/1369
f 316/10/1371 317/11/1371 347/11/1371
f 316/10/1372 347/11/1372 344/10/1372
f 301/1/1373 321/15/1374 352/15/1374
f 301/1/1375 352/15/1376 327/1/1377
f 322/16/1378 304/2/1379 328/2/1380
f 322/16/1381 328/2/1382 351/16/1381
f 313/7/1383 316/10/1384 344/10/1384
f 313/7/1385 344/10/1386 343/7/1387
f 304/2/1388 303/2/1389 329/2/1390
f 304/2/1391 329/2/1392 328/2/1393
f 314/8/1394 311/5/1395 341/5/1396
f 314/8/1394 341/5/1396 346/8/1368
f 307/1/1397 306/1/1398 334/1/1399
f 307/1/1397 334/1/1400 333/1/1401
f 305/2/1402 308/2/1403 332/2/1404
f 305/2/1402 332/2/1405 331/2/1406
f 323/1/1407 302/1/1408 330/1/1409
f 323/1/1410 330/1/1411 354/1/1412
f 319/13/1413 318/12/1413 350/12/1413
f 319/13/1414 350/12/1414 349/13/1414
f 302/1/1415 301/1/1416 327/1/1417
f 302/1/1418 327/1/1419 330/1/1420
f 303/2/1421 324/2/1422 353/2/1423
f 303/2/1424 353/2/1423 329/2/1425
f 320/14/1426 322/16/1426 351/16/1426
f 320/14/1427 351/16/1427 348/14/1427
f 335/1/1428 307/1/1429 333/1/1430
f 335/1/1431 333/1/1432 358/1/1433
f 309/3/1434 312/6/1435 340/6/1436
f 309/3/1437 340/6/1438 339/3/1439
f 308/2/1440 336/2/1441 357/2/1442
f 308/2/1443 357/2/1444 332/2/1445
f 325/1/1446 323/1/1447 354/1/1448
f 325/1/1449 354/1/1448 356/1/1450
f 321/15/1451 319/13/1451 349/13/1451
f 321/15/1452 349/13/1452 352/15/1452
f 324/2/1453 326/2/1454 355/2/1455
f 324/2/1456 355/2/1457 353/2/1330
f 337/1/1458 335/1/1459 358/1/1460
f 337/1/1461 358/1/1462 360/1/1463
f 311/5/1464 310/4/1363 342/4/1465
f 311/5/1466 342/4/1467 341/5/1468
f 336/2/1469 338/2/1470 359/2/1471
f 336/2/1472 359/2/1473 357/2/1474
f 312/6/1475 313/7/1476 343/7/1477
f 312/6/1475 343/7/1478 340/6/1479
f 306/1/1398 325/1/1480 356/1/1481
f 306/1/1482 356/1/1481 334/1/1483
f 317/11/1484 320/14/1484 348/14/1484
f 317/11/1485 348/14/1485 347/11/1485
f 338/2/1486 309/3/1487 339/3/1439
f 338/2/1488 339/3/1489 359/2/1490
f 326/2/1491 305/2/1492 331/2/1493
f 326/2/1494 331/2/1495 355/2/1496
f 361/1/1497 362/1/1498 363/2/1499
f 361/1/1500 363/2/1501 364/2/1502
f 365/2/1503 366/1/1504 367/1/1505
f 365/2/1506 367/1/1507 368/2/1508
f 369/3/1509 370/4/1510 371/5/1511
f 369/3/1509 371/5/1512 372/6/1513
f 373/7/1514 374/8/1515 375/9/1516
f 373/7/1517 375/9/1518 376/10/1519
f 372/6/1520 371/5/1521 374/8/1522
f 372/6/1520 374/8/1523 373/7/1524
f 377/11/1525 378/12/1526 379/13/1527
f 377/11/1528 379/13/1529 380/14/1530
f 380/14/1531 379/13/1532 381/15/1533
f 380/14/1531 381/15/1533 382/16/1534
f 376/10/1535 375/9/1536 378/12/1537
f 376/10/1535 378/12/1538 377/11/1539
f 362/1/1540 383/1/1541 384/2/1542
f 362/1/1543 384/2/1544 363/2/1545
f 382/16/1546 381/15/1547 361/1/1548
f 382/16/1546 361/1/1548 364/2/1549
f 383/1/1550 385/1/1551 386/2/1552
f 383/1/1553 386/2/1554 384/2/1555
f 385/1/1556 366/1/1557 365/2/1558
f 385/1/1559 365/2/1560 386/2/1561
f 387/1/1562 388/2/1563 389/2/1564
f 387/1/1565 389/2/1566 390/1/1567
f 391/2/1568 392/2/1569 393/1/1570
f 391/2/1571 393/1/1572 394/1/1573
f 367/1/1507 395/1/1574 396/2/1575
f 367/1/1507 396/2/1576 368/2/1577
f 395/1/1578 397/1/1579 398/2/1580
f 395/1/1581 398/2/1582 396/2/1575
f 399/3/1583 400/6/1584 401/5/1585
f 399/3/1586 401/5/1585 402/4/1587
f 370/4/1588 369/3/1589 398/2/1590
f 370/4/1591 398/2/1592 397/1/1592
f 403/7/1593 404/10/1594 405/9/1595
f 403/7/1596 405/9/1595 406/8/1597
f 400/6/1598 403/7/1599 406/8/1600
f 400/6/1601 406/8/1602 401/5/1603
f 407/11/1604 408/14/1605 409/13/1606
f 407/11/1604 409/13/1606 410/12/1607
f 408/14/1608 411/16/1609 412/15/1610
f 408/14/1611 412/15/1610 409/13/1612
f 404/10/1613 407/11/1614 410/12/1615
f 404/10/1616 410/12/1617 405/9/1595
f 390/1/1618 389/2/1619 413/2/1620
f 390/1/1621 413/2/1620 414/1/1622
f 411/16/1623 388/2/1624 387/1/1625
f 411/16/1626 387/1/1627 412/15/1628
f 414/1/1629 413/2/1630 415/2/1631
f 414/1/1632 415/2/1631 416/1/1633
f 416/1/1634 415/2/1635 391/2/1636
f 416/1/1637 391/2/1638 394/1/1639
f 393/1/1640 392/2/1641 417/2/1642
f 393/1/1643 417/2/1644 418/1/1645
f 418/1/1646 417/2/1647 419/2/1648
f 418/1/1649 419/2/1650 420/1/1651
f 402/4/1652 420/1/1653 419/2/1653
f 402/4/1654 419/2/1653 399/3/1655
f 378/12/1656 375/9/1656 405/9/1656
f 378/12/1657 405/9/1657 410/12/1657
f 370/4/1658 397/1/1659 420/1/1660
f 370/4/1661 420/1/1662 402/4/1663
f 375/9/1664 374/8/1665 406/8/1666
f 375/9/1667 406/8/1666 405/9/1667
f 376/10/1668 377/11/1668 407/11/1668
f 376/10/1669 407/11/1669 404/10/1669
f 361/1/1670 381/15/1664 412/15/1664
f 361/1/1671 412/15/1672 387/1/1673
f 382/16/1674 364/2/1675 388/2/1676
f 382/16/1677 388/2/1678 411/16/1677
f 373/7/1679 376/10/1680 404/10/1680
f 373/7/1681 404/10/1682 403/7/1683
f 364/2/1684 363/2/1685 389/2/1686
f 364/2/1687 389/2/1688 388/2/1678
f 374/8/1665 371/5/1689 401/5/1690
f 374/8/1691 401/5/1690 406/8/1666
f 367/1/1692 366/1/1693 394/1/1694
f 367/1/1692 394/1/1694 393/1/1695
f 365/2/1696 368/2/1697 392/2/1698
f 365/2/1696 392/2/1699 391/2/1700
f 383/1/1701 362/1/1702 390/1/1703
f 383/1/1704 390/1/1705 414/1/1706
f 379/13/1707 378/12/1707 410/12/1707
f 379/13/1672 410/12/1672 409/13/1672
f 362/1/1708 361/1/1709 387/1/1710
f 362/1/1711 387/1/1712 390/1/1713
f 363/2/1714 384/2/1715 413/2/1716
f 363/2/1714 413/2/1717 389/2/1688
f 380/14/1718 382/16/1718 411/16/1718
f 380/14/1719 411/16/1719 408/14/1719
f 395/1/1720 367/1/1721 393/1/1722
f 395/1/1723 393/1/1722 418/1/1724
f 369/3/1725 372/6/1726 400/6/1727
f 369/3/1728 400/6/1729 399/3/1730
f 368/2/1731 396/2/1732 417/2/1733
f 368/2/1734 417/2/1735 392/2/1736
f 385/1/1737 383/1/1704 414/1/1738
f 385/1/1737 414/1/1739 416/1/1740
f 381/15/1672 379/13/1672 409/13/1672
f 381/15/1741 409/13/1741 412/15/1741
f 384/2/1715 386/2/1742 415/2/1743
f 384/2/1715 415/2/1744 413/2/1717
f 397/1/1745 395/1/1746 418/1/1747
f 397/1/1748 418/1/1724 420/1/1749
f 371/5/1750 370/4/1751 402/4/1752
f 371/5/1753 402/4/1754 401/5/1755
f 396/2/1756 398/2/1757 419/2/1758
f 396/2/1759 419/2/1758 417/2/1760
f 372/6/1761 373/7/1762 403/7/1763
f 372/6/1764 403/7/1765 400/6/1727
f 366/1/1766 385/1/1767 416/1/1740
f 366/1/1768 416/1/1769 394/1/1770
f 377/11/1771 380/14/1771 408/14/1771
f 377/11/1772 408/14/1772 407/11/1772
f 398/2/1773 369/3/1774 399/3/1775
f 398/2/1776 399/3/1777 419/2/1778
f 386/2/1742 365/2/1779 391/2/1780
f 386/2/1742 391/2/1781 415/2/1782
f 421/1/1783 422/1/1784 423/2/1785
f 421/1/1786 423/2/1785 424/2/1787
f 425/2/1788 426/1/1789 427/1/1790
f 425/2/1791 427/1/1790 428/2/1792
f 429/3/1793 430/4/1794 431/5/1795
f 429/3/1796 431/5/1797 432/6/1798
f 433/7/1799 434/8/1800 435/9/1801
f 433/7/1802 435/9/1803 436/10/1804
f 432/6/1795 431/5/1805 434/8/1806
f 432/6/1795 434/8/1807 433/7/1808
f 437/11/1809 438/12/1810 439/13/1811
f 437/11/1812 439/13/1813 440/14/1814
f 440/14/1815 439/13/1816 441/15/1817
f 440/14/1818 441/15/1817 442/16/1819
f 436/10/1820 435/9/1821 438/12/1822
f 436/10/1823 438/12/1824 437/11/1825
f 422/1/1826 443/1/1827 444/2/1828
f 422/1/1829 444/2/1830 423/2/1831
f 442/16/1832 441/15/1833 421/1/1834
f 442/16/1832 421/1/1835 424/2/1836
f 443/1/1837 445/1/1838 446/2/1839
f 443/1/1840 446/2/1841 444/2/1842
f 445/1/1843 426/1/1844 425/2/1845
f 445/1/1846 425/2/1847 446/2/1848
f 447/1/1849 448/2/1850 449/2/1851
f 447/1/1852 449/2/1853 450/1/1854
f 451/2/1855 452/2/1856 453/1/1857
f 451/2/1858 453/1/1859 454/1/1860
f 427/1/1861 455/1/1862 456/2/1863
f 427/1/1864 456/2/1865 428/2/1866
f 455/1/1867 457/1/1868 458/2/1868
f 455/1/1869 458/2/1870 456/2/1871
f 459/3/1872 460/6/1873 461/5/1874
f 459/3/1875 461/5/1876 462/4/1877
f 430/4/1878 429/3/1879 458/2/1880
f 430/4/1881 458/2/1880 457/1/1880
f 463/7/1882 464/10/1883 465/9/1884
f 463/7/1885 465/9/1886 466/8/1887
f 460/6/1888 463/7/1889 466/8/1890
f 460/6/1891 466/8/1892 461/5/1893
f 467/11/1894 468/14/1895 469/13/1896
f 467/11/1897 469/13/1898 470/12/1899
f 468/14/1900 471/16/1901 472/15/1902
f 468/14/1903 472/15/1902 469/13/1904
f 464/10/1905 467/11/1906 470/12/1907
f 464/10/1908 470/12/1907 465/9/1909
f 450/1/1910 449/2/1911 473/2/1912
f 450/1/1910 473/2/1913 474/1/1914
f 471/16/1915 448/2/1916 447/1/1917
f 471/16/1915 447/1/1918 472/15/1919
f 474/1/1920 473/2/1921 475/2/1922
f 474/1/1923 475/2/1922 476/1/1924
f 476/1/1925 475/2/1926 451/2/1927
f 476/1/1928 451/2/1927 454/1/1929
f 453/1/1930 452/2/1931 477/2/1932
f 453/1/1933 477/2/1934 478/1/1935
f 478/1/1935 477/2/1936 479/2/1937
f 478/1/1938 479/2/1939 480/1/1940
f 462/4/1941 480/1/1942 479/2/1942
f 462/4/1941 479/2/1943 459/3/1944
f 438/12/1945 435/9/1945 465/9/1945
f 438/12/1946 465/9/1946 470/12/1946
f 430/4/1947 457/1/1948 480/1/1949
f 430/4/1950 480/1/1951 462/4/1952
f 435/9/1953 434/8/1954 466/8/1955
f 435/9/1945 466/8/1956 465/9/1945
f 436/10/1957 437/11/1957 467/11/1957
f 436/10/1958 467/11/1958 464/10/1958
f 421/1/1959 441/15/1960 472/15/1960
f 421/1/1961 472/15/1962 447/1/1963
f 442/16/1964 424/2/1965 448/2/1966
f 442/16/1967 448/2/1968 471/16/1969
f 433/7/1970 436/10/1971 464/10/1971
f 433/7/1972 464/10/1973 463/7/1974
f 424/2/1975 423/2/1976 449/2/1977
f 424/2/1975 449/2/1977 448/2/1978
f 434/8/1979 431/5/1980 461/5/1981
f 434/8/1982 461/5/1983 466/8/1984
f 427/1/1985 426/1/1986 454/1/1987
f 427/1/1988 454/1/1989 453/1/1990
f 425/2/1991 428/2/1992 452/2/1993
f 425/2/1991 452/2/1994 451/2/1995
f 443/1/1996 422/1/1997 450/1/1998
f 443/1/1999 450/1/1998 474/1/2000
f 439/13/2001 438/12/2001 470/12/2001
f 439/13/2002 470/12/2002 469/13/2002
f 422/1/2003 421/1/2004 447/1/2005
f 422/1/2003 447/1/1963 450/1/2006
f 423/2/2007 444/2/2008 473/2/2009
f 423/2/2010 473/2/2011 449/2/2012
f 440/14/2013 442/16/2013 471/16/2013
f 440/14/2014 471/16/2014 468/14/2014
f 455/1/2015 427/1/2016 453/1/2017
f 455/1/2018 453/1/2019 478/1/2020
f 429/3/2021 432/6/2022 460/6/2023
f 429/3/2024 460/6/2025 459/3/2026
f 428/2/2027 456/2/2028 477/2/2029
f 428/2/2030 477/2/2031 452/2/2032
f 445/1/2033 443/1/2034 474/1/2035
f 445/1/2036 474/1/2037 476/1/2038
f 441/15/2039 439/13/2039 469/13/2039
f 441/15/1945 469/13/1945 472/15/1945
f 444/2/2040 446/2/2041 475/2/2042
f 444/2/2043 475/2/2042 473/2/2044
f 457/1/2045 455/1/2046 478/1/1935
f 457/1/2047 478/1/2048 480/1/2049
f 431/5/1980 430/4/1950 462/4/2050
f 431/5/2051 462/4/2052 461/5/1983
f 456/2/2053 458/2/2054 479/2/2055
f 456/2/2056 479/2/2057 477/2/2058
f 432/6/2059 433/7/1970 463/7/2060
f 432/6/2059 463/7/2061 460/6/2062
f 426/1/1986 445/1/2033 476/1/2063
f 426/1/2064 476/1/2065 454/1/2066
f 437/11/2067 440/14/2067 468/14/2067
f 437/11/2068 468/14/2068 467/11/2068
f 458/2/2069 429/3/2070 459/3/2071
f 458/2/2072 459/3/2073 479/2/2074
f 446/2/2041 425/2/2075 451/2/2076
f 446/2/2077 451/2/2078 475/2/2079
f 481/1/2080 482/1/2081 483/2/2082
f 481/1/2083 483/2/2084 484/2/2085
f 485/2/2086 486/1/2087 487/1/2088
f 485/2/2089 487/1/2090 488/2/2091
f 489/3/2092 490/4/2093 491/5/2094
f 489/3/2095 491/5/2094 492/6/2096
f 493/7/2097 494/8/2098 495/9/2099
f 493/7/2100 495/9/2101 496/10/2102
f 492/6/2103 491/5/2104 494/8/2105
f 492/6/2103 494/8/2106 493/7/2107
f 497/11/2108 498/12/2109 499/13/2110
f 497/11/2111 499/13/2112 500/14/2113
f 500/14/2114 499/13/2115 501/15/2116
f 500/14/2117 501/15/2118 502/16/2119
f 496/10/2120 495/9/2121 498/12/2122
f 496/10/2123 498/12/2124 497/11/2125
f 482/1/2126 503/1/2127 504/2/2128
f 482/1/2129 504/2/2130 483/2/2131
f 502/16/2132 501/15/2133 481/1/2134
f 502/16/2135 481/1/2136 484/2/2137
f 503/1/2138 505/1/2139 506/2/2140
f 503/1/2141 506/2/2142 504/2/2143
f 505/1/2144 486/1/2145 485/2/2146
f 505/1/2147 485/2/2148 506/2/2149
f 507/1/2150 508/2/2151 509/2/2152
f 507/1/2153 509/2/2154 510/1/2155
f 511/2/2156 512/2/2157 513/1/2158
f 511/2/2159 513/1/2160 514/1/2161
f 487/1/2162 515/1/2163 516/2/2164
f 487/1/2162 516/2/2164 488/2/2165
f 515/1/2166 517/1/2167 518/2/2168
f 515/1/2169 518/2/2168 516/2/2170
f 519/3/2171 520/6/2172 521/5/2173
f 519/3/2171 521/5/2174 522/4/2175
f 490/4/2176 489/3/2177 518/2/2178
f 490/4/2176 518/2/2178 517/1/2178
f 523/7/2179 524/10/2180 525/9/2181
f 523/7/2182 525/9/2183 526/8/2184
f 520/6/2185 523/7/2186 526/8/2187
f 520/6/2188 526/8/2189 521/5/2190
f 527/11/2191 528/14/2192 529/13/2193
f 527/11/2194 529/13/2195 530/12/2196
f 528/14/2197 531/16/2198 532/15/2199
f 528/14/2200 532/15/2201 529/13/2202
f 524/10/2203 527/11/2204 530/12/2205
f 524/10/2206 530/12/2207 525/9/2208
f 510/1/2209 509/2/2210 533/2/2211
f 510/1/2209 533/2/2211 534/1/2212
f 531/16/2213 508/2/2214 507/1/2215
f 531/16/2216 507/1/2217 532/15/2218
f 534/1/2219 533/2/2220 535/2/2221
f 534/1/2222 535/2/2223 536/1/2224
f 536/1/2225 535/2/2226 511/2/2227
f 536/1/2228 511/2/2229 514/1/2230
f 513/1/2231 512/2/2232 537/2/2233
f 513/1/2234 537/2/2235 538/1/2236
f 538/1/2237 537/2/2238 539/2/2239
f 538/1/2240 539/2/2239 540/1/2241
f 522/4/2242 540/1/2243 539/2/2243
f 522/4/2244 539/2/2243 519/3/2245
f 498/12/2246 495/9/2246 525/9/2246
f 498/12/2247 525/9/2247 530/12/2247
f 490/4/2248 517/1/2249 540/1/2250
f 490/4/2251 540/1/2252 522/4/2253
f 495/9/2254 494/8/2255 526/8/2256
f 495/9/2257 526/8/2258 525/9/2257
f 496/10/2259 497/11/2259 527/11/2259
f 496/10/2260 527/11/2260 524/10/2260
f 481/1/2261 501/15/2262 532/15/2262
f 481/1/2263 532/15/2264 507/1/2265
f 502/16/2266 484/2/2267 508/2/2268
f 502/16/2269 508/2/2270 531/16/2269
f 493/7/2271 496/10/2272 524/10/2272
f 493/7/2273 524/10/2274 523/7/2275
f 484/2/2267 483/2/2276 509/2/2277
f 484/2/2278 509/2/2279 508/2/2280
f 494/8/2281 491/5/2282 521/5/2283
f 494/8/2284 521/5/2285 526/8/2286
f 487/1/2287 486/1/2288 514/1/2289
f 487/1/2290 514/1/2291 513/1/2292
f 485/2/2293 488/2/2294 512/2/2295
f 485/2/2296 512/2/2297 511/2/2298
f 503/1/2299 482/1/2300 510/1/2301
f 503/1/2302 510/1/2301 534/1/2303
f 499/13/2304 498/12/2304 530/12/2304
f 499/13/2305 530/12/2305 529/13/2305
f 482/1/2306 481/1/2307 507/1/2265
f 482/1/2306 507/1/2308 510/1/2301
f 483/2/2309 504/2/2310 533/2/2311
f 483/2/2276 533/2/2312 509/2/2277
f 500/14/2313 502/16/2313 531/16/2313
f 500/14/2314 531/16/2314 528/14/2314
f 515/1/2315 487/1/2316 513/1/2317
f 515/1/2318 513/1/2319 538/1/2320
f 489/3/2321 492/6/2322 520/6/2323
f 489/3/2324 520/6/2323 519/3/2325
f 488/2/2326 516/2/2327 537/2/2328
f 488/2/2329 537/2/2330 512/2/2331
f 505/1/2332 503/1/2333 534/1/2334
f 505/1/2335 534/1/2336 536/1/2337
f 501/15/2338 499/13/2338 529/13/2338
f 501/15/2339 529/13/2339 532/15/2339
f 504/2/2340 506/2/2341 535/2/2342
f 504/2/2343 535/2/2344 533/2/2345
f 517/1/2346 515/1/2347 538/1/2348
f 517/1/2349 538/1/2350 540/1/2351
f 491/5/2282 490/4/2352 522/4/2353
f 491/5/2354 522/4/2355 521/5/2356
f 516/2/2357 518/2/2358 539/2/2359
f 516/2/2360 539/2/2361 537/2/2362
f 492/6/2363 493/7/2364 523/7/2365
f 492/6/2366 523/7/2367 520/6/2368
f 486/1/2369 505/1/2370 536/1/2371
f 486/1/2372 536/1/2373 514/1/2374
f 497/11/2375 500/14/2375 528/14/2375
f 497/11/2376 528/14/2376 527/11/2376
f 518/2/2358 489/3/2321 519/3/2325
f 518/2/2377 519/3/2378 539/2/2379
f 506/2/2380 485/2/2381 511/2/2382
f 506/2/2341 511/2/2382 535/2/2342
f 541/1/2383 542/1/2384 543/2/2385
f 541/1/2386 543/2/2387 544/2/2388
f 545/2/2389 546/1/2390 547/1/2391
f 545/2/2389 547/1/2392 548/2/2393
f 549/3/2394 550/4/2395 551/5/2396
f 549/3/2397 551/5/2398 552/6/2399
f 553/7/2400 554/8/2401 555/9/2402
f 553/7/2403 555/9/2404 556/10/2405
f 552/6/2406 551/5/2407 554/8/2408
f 552/6/2409 554/8/2410 553/7/2411
f 557/11/2412 558/12/2413 559/13/2414
f 557/11/2412 559/13/2414 560/14/2415
f 560/14/2416 559/13/2417 561/15/2418
f 560/14/2419 561/15/2420 562/16/2421
f 556/10/2422 555/9/2423 558/12/2424
f 556/10/2405 558/12/2425 557/11/2412
f 542/1/2426 563/1/2427 564/2/2428
f 542/1/2426 564/2/2429 543/2/2430
f 562/16/2431 561/15/2432 541/1/2386
f 562/16/2433 541/1/2386 544/2/2434
f 563/1/2435 565/1/2436 566/2/2437
f 563/1/2438 566/2/2437 564/2/2439
f 565/1/2440 546/1/2441 545/2/2442
f 565/1/2443 545/2/2444 566/2/2445
f 567/1/2446 568/2/2447 569/2/2448
f 567/1/2446 569/2/2449 570/1/2450
f 571/2/2451 572/2/2452 573/1/2453
f 571/2/2454 573/1/2455 574/1/2456
f 547/1/2457 575/1/2458 576/2/2459
f 547/1/2460 576/2/2461 548/2/2462
f 575/1/2463 577/1/2464 578/2/2465
f 575/1/2466 578/2/2467 576/2/2459
f 579/3/2468 580/6/2469 581/5/2470
f 579/3/2468 581/5/2470 582/4/2471
f 550/4/2472 549/3/2473 578/2/2474
f 550/4/2472 578/2/2474 577/1/2474
f 583/7/2475 584/10/2476 585/9/2477
f 583/7/2478 585/9/2479 586/8/2480
f 580/6/2481 583/7/2482 586/8/2483
f 580/6/2484 586/8/2485 581/5/2486
f 587/11/2487 588/14/2488 589/13/2489
f 587/11/2490 589/13/2491 590/12/2492
f 588/14/2493 591/16/2494 592/15/2495
f 588/14/2496 592/15/2497 589/13/2498
f 584/10/2499 587/11/2500 590/12/2501
f 584/10/2502 590/12/2503 585/9/2504
f 570/1/2505 569/2/2506 593/2/2507
f 570/1/2508 593/2/2507 594/1/2509
f 591/16/2510 568/2/2511 567/1/2512
f 591/16/2513 567/1/2514 592/15/2515
f 594/1/2516 593/2/2517 595/2/2518
f 594/1/2519 595/2/2520 596/1/2521
f 596/1/2522 595/2/2523 571/2/2524
f 596/1/2522 571/2/2525 574/1/2526
f 573/1/2527 572/2/2528 597/2/2529
f 573/1/2530 597/2/2531 598/1/2532
f 598/1/2533 597/2/2534 599/2/2535
f 598/1/2532 599/2/2536 600/1/2537
f 582/4/2538 600/1/2539 599/2/2539
f 582/4/2540 599/2/2539 579/3/2541
f 558/12/2542 555/9/2542 585/9/2542
f 558/12/2543 585/9/2543 590/12/2543
f 550/4/2544 577/1/2545 600/1/2546
f 550/4/2547 600/1/2548 582/4/2549
f 555/9/2550 554/8/2551 586/8/2552
f 555/9/2543 586/8/2552 585/9/2543
f 556/10/2553 557/11/2553 587/11/2553
f 556/10/2554 587/11/2554 584/10/2554
f 541/1/2555 561/15/2556 592/15/2557
f 541/1/2558 592/15/2559 567/1/2560
f 562/16/2561 544/2/2562 568/2/2563
f 562/16/2564 568/2/2565 591/16/2566
f 553/7/2567 556/10/2554 584/10/2554
f 553/7/2568 584/10/2569 583/7/2570
f 544/2/2571 543/2/2572 569/2/2573
f 544/2/2574 569/2/2575 568/2/2576
f 554/8/2551 551/5/2577 581/5/2578
f 554/8/2579 581/5/2580 586/8/2581
f 547/1/2582 546/1/2583 574/1/2584
f 547/1/2585 574/1/2586 573/1/2587
f 545/2/2588 548/2/2589 572/2/2590
f 545/2/2591 572/2/2590 571/2/2592
f 563/1/2593 542/1/2594 570/1/2595
f 563/1/2596 570/1/2595 594/1/2597
f 559/13/2598 558/12/2598 590/12/2598
f 559/13/2599 590/12/2599 589/13/2599
f 542/1/2600 541/1/2558 567/1/2601
f 542/1/2602 567/1/2603 570/1/2604
f 543/2/2605 564/2/2606 593/2/2607
f 543/2/2608 593/2/2609 569/2/2610
f 560/14/2611 562/16/2612 591/16/2613
f 560/14/2614 591/16/2615 588/14/2614
f 575/1/2616 547/1/2617 573/1/2618
f 575/1/2619 573/1/2620 598/1/2621
f 549/3/2622 552/6/2623 580/6/2624
f 549/3/2625 580/6/2626 579/3/2627
f 548/2/2628 576/2/2629 597/2/2630
f 548/2/2631 597/2/2632 572/2/2633
f 565/1/2634 563/1/2635 594/1/2636
f 565/1/2637 594/1/2638 596/1/2639
f 561/15/2640 559/13/2641 589/13/2641
f 561/15/2642 589/13/2643 592/15/2644
f 564/2/2645 566/2/2646 595/2/2647
f 564/2/2645 595/2/2648 593/2/2649
f 577/1/2650 575/1/2651 598/1/2652
f 577/1/2653 598/1/2652 600/1/2654
f 551/5/2655 550/4/2656 582/4/2657
f 551/5/2658 582/4/2659 581/5/2660
f 576/2/2661 578/2/2662 599/2/2663
f 576/2/2664 599/2/2665 597/2/2666
f 552/6/2667 553/7/2668 583/7/2669
f 552/6/2670 583/7/2671 580/6/2672
f 546/1/2673 565/1/2674 596/1/2675
f 546/1/2676 596/1/2675 574/1/2584
f 557/11/2677 560/14/2677 588/14/2677
f 557/11/2678 588/14/2678 587/11/2678
f 578/2/2679 549/3/2680 579/3/2681
f 578/2/2467 579/3/2682 599/2/2683
f 566/2/2684 545/2/2685 571/2/2686
f 566/2/2687 571/2/2592 595/2/2648
f 601/1/2688 602/1/2689 603/2/2690
f 601/1/2691 603/2/2690 604/2/2692
f 605/2/2693 606/1/2694 607/1/2695
f 605/2/2696 607/1/2697 608/2/2698
f 609/3/2699 610/4/2700 611/5/2701
f 609/3/2699 611/5/2702 612/6/2703
f 613/7/2704 614/8/2705 615/9/2706
f 613/7/2707 615/9/2708 616/10/2709
f 612/6/2710 611/5/2711 614/8/2712
f 612/6/2713 614/8/2714 613/7/2715
f 617/11/2716 618/12/2717 619/13/2718
f 617/11/2719 619/13/2720 620/14/2721
f 620/14/2722 619/13/2723 621/15/2724
f 620/14/2722 621/15/2725 622/16/2726
f 616/10/2727 615/9/2728 618/12/2729
f 616/10/2730 618/12/2731 617/11/2732
f 602/1/2733 623/1/2734 624/2/2735
f 602/1/2736 624/2/2737 603/2/2738
f 622/16/2739 621/15/2740 601/1/2741
f 622/16/2739 601/1/2742 604/2/2742
f 623/1/2743 625/1/2744 626/2/2745
f 623/1/2743 626/2/2745 624/2/2746
f 625/1/2747 606/1/2748 605/2/2749
f 625/1/2750 605/2/2751 626/2/2752
f 627/1/2753 628/2/2754 629/2/2755
f 627/1/2753 629/2/2756 630/1/2757
f 631/2/2758 632/2/2759 633/1/2760
f 631/2/2758 633/1/2761 634/1/2762
f 607/1/2763 635/1/2764 636/2/2765
f 607/1/2763 636/2/2766 608/2/2767
f 635/1/2768 637/1/2769 638/2/2770
f 635/1/2771 638/2/2772 636/2/2766
f 639/3/2773 640/6/2774 641/5/2775
f 639/3/2773 641/5/2775 642/4/2776
f 610/4/2777 609/3/2778 638/2/2779
f 610/4/2780 638/2/2779 637/1/2779
f 643/7/2781 644/10/2782 645/9/2783
f 643/7/2784 645/9/2785 646/8/2786
f 640/6/2787 643/7/2788 646/8/2789
f 640/6/2790 646/8/2791 641/5/2792
f 647/11/2793 648/14/2794 649/13/2795
f 647/11/2796 649/13/2797 650/12/2798
f 648/14/2799 651/16/2800 652/15/2801
f 648/14/2802 652/15/2803 649/13/2804
f 644/10/2805 647/11/2806 650/12/2807
f 644/10/2808 650/12/2807 645/9/2809
f 630/1/2810 629/2/2811 653/2/2812
f 630/1/2813 653/2/2814 654/1/2815
f 651/16/2816 628/2/2817 627/1/2753
f 651/16/2818 627/1/2819 652/15/2820
f 654/1/2821 653/2/2822 655/2/2823
f 654/1/2824 655/2/2825 656/1/2826
f 656/1/2827 655/2/2828 631/2/2829
f 656/1/2827 631/2/2830 634/1/2831
f 633/1/2832 632/2/2833 657/2/2834
f 633/1/2832 657/2/2834 658/1/2835
f 658/1/2836 657/2/2837 659/2/2838
f 658/1/2839 659/2/2840 660/1/2841
f 642/4/2842 660/1/2843 659/2/2843
f 642/4/2844 659/2/2843 639/3/2845
f 618/12/2846 615/9/2846 645/9/2846
f 618/12/2847 645/9/2847 650/12/2847
f 610/4/2848 637/1/2849 660/1/2850
f 610/4/2851 660/1/2852 642/4/2853
f 615/9/2854 614/8/2855 646/8/2856
f 615/9/2857 646/8/2856 645/9/2857
f 616/10/2858 617/11/2858 647/11/2858
f 616/10/2859 647/11/2859 644/10/2859
f 601/1/2860 621/15/2861 652/15/2862
f 601/1/2863 652/15/2864 627/1/2865
f 622/16/2866 604/2/2867 628/2/2868
f 622/16/2869 628/2/2870 651/16/2871
f 613/7/2872 616/10/2873 644/10/2873
f 613/7/2874 644/10/2875 643/7/2876
f 604/2/2877 603/2/2878 629/2/2879
f 604/2/2867 629/2/2879 628/2/2880
f 614/8/2855 611/5/2881 641/5/2882
f 614/8/2855 641/5/2883 646/8/2856
f 607/1/2884 606/1/2885 634/1/2886
f 607/1/2887 634/1/2888 633/1/2889
f 605/2/2890 608/2/2891 632/2/2892
f 605/2/2893 632/2/2894 631/2/2895
f 623/1/2896 602/1/2897 630/1/2898
f 623/1/2899 630/1/2898 654/1/2900
f 619/13/2901 618/12/2901 650/12/2901
f 619/13/2902 650/12/2902 649/13/2902
f 602/1/2903 601/1/2904 627/1/2905
f 602/1/2903 627/1/2905 630/1/2906
f 603/2/2907 624/2/2908 653/2/2909
f 603/2/2910 653/2/2909 629/2/2911
f 620/14/2912 622/16/2913 651/16/2871
f 620/14/2914 651/16/2915 648/14/2914
f 635/1/2916 607/1/2917 633/1/2918
f 635/1/2919 633/1/2920 658/1/2921
f 609/3/2922 612/6/2923 640/6/2924
f 609/3/2925 640/6/2924 639/3/2926
f 608/2/2927 636/2/2928 657/2/2929
f 608/2/2930 657/2/2931 632/2/2932
f 625/1/2933 623/1/2934 654/1/2935
f 625/1/2936 654/1/2937 656/1/2938
f 621/15/2939 619/13/2940 649/13/2940
f 621/15/2941 649/13/2942 652/15/2862
f 624/2/2943 626/2/2944 655/2/2945
f 624/2/2946 655/2/2947 653/2/2909
f 637/1/2948 635/1/2919 658/1/2949
f 637/1/2950 658/1/2951 660/1/2952
f 611/5/2953 610/4/2848 642/4/2954
f 611/5/2955 642/4/2956 641/5/2882
f 636/2/2957 638/2/2958 659/2/2959
f 636/2/2960 659/2/2959 657/2/2961
f 612/6/2962 613/7/2874 643/7/2963
f 612/6/2964 643/7/2965 640/6/2966
f 606/1/2967 625/1/2968 656/1/2969
f 606/1/2970 656/1/2969 634/1/2971
f 617/11/2972 620/14/2972 648/14/2972
f 617/11/2873 648/14/2873 647/11/2873
f 638/2/2973 609/3/2974 639/3/2975
f 638/2/2976 639/3/2977 659/2/2978
f 626/2/2979 605/2/2980 631/2/2981
f 626/2/2982 631/2/2983 655/2/2984
f 661/1/2985 662/1/2986 663/2/2987
f 661/1/2988 663/2/2989 664/2/2990
f 665/2/2991 666/1/2992 667/1/2993
f 665/2/2994 667/1/2993 668/2/2995
f 669/3/2996 670/4/2997 671/5/2998
f 669/3/2999 671/5/3000 672/6/3001
f 673/7/3002 674/8/3003 675/9/3004
f 673/7/3005 675/9/3004 676/10/3006
f 672/6/3007 671/5/3008 674/8/3009
f 672/6/3007 674/8/3010 673/7/3011
f 677/11/3012 678/12/3013 679/13/3014
f 677/11/3015 679/13/3016 680/14/3017
f 680/14/3018 679/13/3019 681/15/3020
f 680/14/3021 681/15/3022 682/16/3023
f 676/10/3024 675/9/3025 678/12/3026
f 676/10/3027 678/12/3028 677/11/3029
f 662/1/3030 683/1/3031 684/2/3032
f 662/1/3033 684/2/3032 663/2/3034
f 682/16/3035 681/15/3036 661/1/3037
f 682/16/3038 661/1/3039 664/2/3040
f 683/1/3041 685/1/3042 686/2/3043
f 683/1/3044 686/2/3045 684/2/3046
f 685/1/3047 666/1/3048 665/2/2994
f 685/1/3049 665/2/3050 686/2/3051
f 687/1/3052 688/2/3053 689/2/3054
f 687/1/3055 689/2/3056 690/1/3057
f 691/2/3058 692/2/3059 693/1/3060
f 691/2/3058 693/1/3061 694/1/3062
f 667/1/3063 695/1/3064 696/2/3065
f 667/1/2993 696/2/3065 668/2/3066
f 695/1/3067 697/1/3068 698/2/3069
f 695/1/3070 698/2/3069 696/2/3071
f 699/3/3072 700/6/3073 701/5/3074
f 699/3/3075 701/5/3074 702/4/3076
f 670/4/3077 669/3/3078 698/2/3079
f 670/4/3080 698/2/3079 697/1/3079
f 703/7/3081 704/10/3082 705/9/3083
f 703/7/3084 705/9/3085 706/8/3086
f 700/6/3087 703/7/3088 706/8/3089
f 700/6/3090 706/8/3091 701/5/3092
f 707/11/3093 708/14/3094 709/13/3095
f 707/11/3096 709/13/3097 710/12/3098
f 708/14/3099 711/16/3100 712/15/3101
f 708/14/3102 712/15/3103 709/13/3104
f 704/10/3105 707/11/3096 710/12/3106
f 704/10/3107 710/12/3108 705/9/3109
f 690/1/3110 689/2/3111 713/2/3112
f 690/1/3113 713/2/3114 714/1/3115
f 711/16/3116 688/2/3117 687/1/3118
f 711/16/3119 687/1/3120 712/15/3121
f 714/1/3122 713/2/3123 715/2/3124
f 714/1/3125 715/2/3126 716/1/3127
f 716/1/3128 715/2/3129 691/2/3130
f 716/1/3131 691/2/3132 694/1/3133
f 693/1/3134 692/2/3135 717/2/3136
f 693/1/3137 717/2/3136 718/1/3138
f 718/1/3139 717/2/3140 719/2/3141
f 718/1/3142 719/2/3143 720/1/3144
f 702/4/3145 720/1/3146 719/2/3146
f 702/4/3147 719/2/3146 699/3/3148
f 678/12/3149 675/9/3149 705/9/3149
f 678/12/3150 705/9/3150 710/12/3150
f 670/4/3151 697/1/3152 720/1/3153
f 670/4/3154 720/1/3155 702/4/3156
f 675/9/3157 674/8/3158 706/8/3159
f 675/9/3160 706/8/3159 705/9/3160
f 676/10/3161 677/11/3161 707/11/3161
f 676/10/3162 707/11/3162 704/10/3162
f 661/1/3163 681/15/3164 712/15/3165
f 661/1/3166 712/15/3167 687/1/3168
f 682/16/3169 664/2/3170 688/2/3171
f 682/16/3172 688/2/3173 711/16/3174
f 673/7/3175 676/10/3176 704/10/3176
f 673/7/3177 704/10/3178 703/7/3179
f 664/2/3180 663/2/3181 689/2/3182
f 664/2/3183 689/2/3184 688/2/3185
f 674/8/3186 671/5/3187 701/5/3188
f 674/8/3189 701/5/3190 706/8/3191
f 667/1/3192 666/1/3193 694/1/3194
f 667/1/3195 694/1/3196 693/1/3197
f 665/2/3198 668/2/3199 692/2/3200
f 665/2/3201 692/2/3202 691/2/3203
f 683/1/3204 662/1/3205 690/1/3206
f 683/1/3207 690/1/3208 714/1/3209
f 679/13/3210 678/12/3210 710/12/3210
f 679/13/3211 710/12/3211 709/13/3212
f 662/1/3213 661/1/3214 687/1/3168
f 662/1/2986 687/1/3215 690/1/3216
f 663/2/3217 684/2/3218 713/2/3219
f 663/2/3220 713/2/3221 689/2/3222
f 680/14/3223 682/16/3224 711/16/3225
f 680/14/3226 711/16/3174 708/14/3227
f 695/1/3228 667/1/3229 693/1/3230
f 695/1/3231 693/1/3232 718/1/3233
f 669/3/3234 672/6/3235 700/6/3236
f 669/3/3237 700/6/3238 699/3/3239
f 668/2/3240 696/2/3241 717/2/3242
f 668/2/3243 717/2/3244 692/2/3245
f 685/1/3246 683/1/3247 714/1/3248
f 685/1/3249 714/1/3250 716/1/3251
f 681/15/3252 679/13/3253 709/13/3254
f 681/15/3255 709/13/3212 712/15/3256
f 684/2/3257 686/2/3258 715/2/3259
f 684/2/3260 715/2/3259 713/2/3261
f 697/1/3262 695/1/3263 718/1/3264
f 697/1/3265 718/1/3266 720/1/3267
f 671/5/3268 670/4/3269 702/4/3270
f 671/5/3271 702/4/3272 701/5/3188
f 696/2/3273 698/2/3069 719/2/3274
f 696/2/3275 719/2/3276 717/2/3277
f 672/6/3278 673/7/3279 703/7/3280
f 672/6/3281 703/7/3282 700/6/3238
f 666/1/3193 685/1/3283 716/1/3284
f 666/1/3285 716/1/3286 694/1/3287
f 677/11/3288 680/14/3288 708/14/3289
f 677/11/3162 708/14/3290 707/11/3162
f 698/2/3291 669/3/3292 699/3/3293
f 698/2/3294 699/3/3295 719/2/3296
f 686/2/3297 665/2/3201 691/2/3298
f 686/2/3299 691/2/3300 715/2/3301
f 721/1/3302 722/1/3303 723/2/3304
f 721/1/3305 723/2/3306 724/2/3307
f 725/2/3308 726/1/3309 727/1/3310
f 725/2/3308 727/1/3310 728/2/3311
f 729/3/3312 730/4/3313 731/5/3314
f 729/3/3315 731/5/3316 732/6/3317
f 733/7/3318 734/8/3319 735/9/3320
f 733/7/3321 735/9/3322 736/10/3323
f 732/6/3324 731/5/3325 734/8/3326
f 732/6/3327 734/8/3328 733/7/3329
f 737/11/3330 738/12/3331 739/13/3332
f 737/11/3333 739/13/3334 740/14/3335
f 740/14/3336 739/13/3337 741/15/3338
f 740/14/3336 741/15/3338 742/16/3339
f 736/10/3340 735/9/3341 738/12/3342
f 736/10/3343 738/12/3344 737/11/3345
f 722/1/3346 743/1/3347 744/2/3348
f 722/1/3349 744/2/3348 723/2/3350
f 742/16/3351 741/15/3352 721/1/3353
f 742/16/3351 721/1/3353 724/2/3354
f 743/1/3355 745/1/3356 746/2/3357
f 743/1/3355 746/2/3358 744/2/3359
f 745/1/3360 726/1/3361 725/2/3362
f 745/1/3363 725/2/3364 746/2/3365
f 747/1/3366 748/2/3367 749/2/3368
f 747/1/3366 749/2/3368 750/1/3369
f 751/2/3370 752/2/3371 753/1/3372
f 751/2/3370 753/1/3373 754/1/3374
f 727/1/3375 755/1/3376 756/2/3377
f 727/1/3375 756/2/3377 728/2/3378
f 755/1/3379 757/1/3380 758/2/3381
f 755/1/3382 758/2/3383 756/2/3384
f 759/3/3385 760/6/3386 761/5/3387
f 759/3/3385 761/5/3388 762/4/3389
f 730/4/3390 729/3/3391 758/2/3392
f 730/4/3390 758/2/3392 757/1/3392
f 763/7/3393 764/10/3394 765/9/3395
f 763/7/3396 765/9/3397 766/8/3398
f 760/6/3399 763/7/3400 766/8/3401
f 760/6/3402 766/8/3403 761/5/3404
f 767/11/3405 768/14/3406 769/13/3407
f 767/11/3408 769/13/3409 770/12/3410
f 768/14/3411 771/16/3412 772/15/3413
f 768/14/3414 772/15/3415 769/13/3416
f 764/10/3417 767/11/3418 770/12/3419
f 764/10/3395 770/12/3420 765/9/3421
f 750/1/3422 749/2/3423 773/2/3424
f 750/1/3425 773/2/3424 774/1/3426
f 771/16/3427 748/2/3428 747/1/3429
f 771/16/3430 747/1/3431 772/15/3432
f 774/1/3433 773/2/3434 775/2/3435
f 774/1/3436 775/2/3437 776/1/3438
f 776/1/3439 775/2/3440 751/2/3441
f 776/1/3442 751/2/3443 754/1/3444
f 753/1/3445 752/2/3446 777/2/3447
f 753/1/3448 777/2/3449 778/1/3450
f 778/1/3451 777/2/3452 779/2/3453
f 778/1/3454 779/2/3455 780/1/3456
f 762/4/3457 780/1/3458 779/2/3458
f 762/4/3459 779/2/3458 759/3/3460
f 738/12/3461 735/9/3461 765/9/3461
f 738/12/3462 765/9/3462 770/12/3462
f 730/4/3463 757/1/3464 780/1/3465
f 730/4/3466 780/1/3467 762/4/3468
f 735/9/3469 734/8/3470 766/8/3471
f 735/9/3472 766/8/3471 765/9/3472
f 736/10/3473 737/11/3473 767/11/3473
f 736/10/3474 767/11/3474 764/10/3474
f 721/1/3475 741/15/3476 772/15/3477
f 721/1/3475 772/15/3478 747/1/3479
f 742/16/3480 724/2/3481 748/2/3482
f 742/16/3480 748/2/3482 771/16/3483
f 733/7/3484 736/10/3485 764/10/3485
f 733/7/3484 764/10/3486 763/7/3487
f 724/2/3488 723/2/3489 749/2/3490
f 724/2/3488 749/2/3490 748/2/3491
f 734/8/3492 731/5/3493 761/5/3494
f 734/8/3492 761/5/3494 766/8/3471
f 727/1/3495 726/1/3496 754/1/3497
f 727/1/3498 754/1/3499 753/1/3500
f 725/2/3501 728/2/3502 752/2/3503
f 725/2/3504 752/2/3505 751/2/3506
f 743/1/3507 722/1/3508 750/1/3509
f 743/1/3510 750/1/3511 774/1/3512
f 739/13/3513 738/12/3513 770/12/3513
f 739/13/3514 770/12/3514 769/13/3514
f 722/1/3515 721/1/3516 747/1/3479
f 722/1/3515 747/1/3479 750/1/3517
f 723/2/3518 744/2/3519 773/2/3520
f 723/2/3489 773/2/3520 749/2/3490
f 740/14/3521 742/16/3522 771/16/3523
f 740/14/3524 771/16/3523 768/14/3524
f 755/1/3525 727/1/3526 753/1/3527
f 755/1/3528 753/1/3529 778/1/3530
f 729/3/3531 732/6/3532 760/6/3533
f 729/3/3531 760/6/3534 759/3/3535
f 728/2/3536 756/2/3537 777/2/3538
f 728/2/3539 777/2/3540 752/2/3541
f 745/1/3542 743/1/3543 774/1/3544
f 745/1/3545 774/1/3544 776/1/3546
f 741/15/3547 739/13/3548 769/13/3548
f 741/15/3549 769/13/3550 772/15/3551
f 744/2/3552 746/2/3553 775/2/3554
f 744/2/3555 775/2/3556 773/2/3557
f 757/1/3558 755/1/3559 778/1/3560
f 757/1/3561 778/1/3562 780/1/3563
f 731/5/3564 730/4/3565 762/4/3566
f 731/5/3567 762/4/3568 761/5/3569
f 756/2/3570 758/2/3571 779/2/3572
f 756/2/3573 779/2/3574 777/2/3575
f 732/6/3576 733/7/3484 763/7/3487
f 732/6/3577 763/7/3578 760/6/3534
f 726/1/3579 745/1/3545 776/1/3580
f 726/1/3581 776/1/3582 754/1/3583
f 737/11/3584 740/14/3584 768/14/3584
f 737/11/3585 768/14/3585 767/11/3585
f 758/2/3586 729/3/3587 759/3/3588
f 758/2/3589 759/3/3590 779/2/3574
f 746/2/3553 725/2/3591 751/2/3592
f 746/2/3593 751/2/3594 775/2/3595
f 781/1/3596 782/1/3597 783/2/3598
f 781/1/3599 783/2/3600 784/2/3601
f 785/2/3602 786/1/3603 787/1/3604
f 785/2/3602 787/1/3605 788/2/3606
f 789/3/3607 790/4/3608 791/5/3609
f 789/3/3610 791/5/3609 792/6/3611
f 793/7/3612 794/8/3613 795/9/3614
f 793/7/3612 795/9/3615 796/10/3616
f 792/6/3617 791/5/3618 794/8/3619
f 792/6/3620 794/8/3621 793/7/3622
f 797/11/3623 798/12/3624 799/13/3625
f 797/11/3626 799/13/3625 800/14/3627
f 800/14/3628 799/13/3629 801/15/3630
f 800/14/3631 801/15/3632 802/16/3633
f 796/10/3634 795/9/3635 798/12/3636
f 796/10/3637 798/12/3636 797/11/3626
f 782/1/3638 803/1/3639 804/2/3640
f 782/1/3641 804/2/3642 783/2/3643
f 802/16/3644 801/15/3645 781/1/3646
f 802/16/3647 781/1/3599 784/2/3648
f 803/1/3649 805/1/3650 806/2/3651
f 803/1/3652 806/2/3653 804/2/3654
f 805/1/3655 786/1/3656 785/2/3657
f 805/1/3658 785/2/3657 806/2/3653
f 807/1/3659 808/2/3660 809/2/3661
f 807/1/3662 809/2/3663 810/1/3664
f 811/2/3665 812/2/3666 813/1/3667
f 811/2/3668 813/1/3669 814/1/3670
f 787/1/3671 815/1/3672 816/2/3673
f 787/1/3674 816/2/3673 788/2/3675
f 815/1/3676 817/1/3677 818/2/3678
f 815/1/3679 818/2/3680 816/2/3681
f 819/3/3682 820/6/3683 821/5/3684
f 819/3/3685 821/5/3684 822/4/3686
f 790/4/3687 789/3/3688 818/2/3689
f 790/4/3690 818/2/3689 817/1/3689
f 823/7/3691 824/10/3692 825/9/3693
f 823/7/3694 825/9/3695 826/8/3696
f 820/6/3697 823/7/3698 826/8/3699
f 820/6/3697 826/8/3700 821/5/3701
f 827/11/3702 828/14/3703 829/13/3704
f 827/11/3705 829/13/3706 830/12/3707
f 828/14/3708 831/16/3709 832/15/3710
f 828/14/3711 832/15/3712 829/13/3713
f 824/10/3714 827/11/3715 830/12/3716
f 824/10/3717 830/12/3718 825/9/3719
f 810/1/3720 809/2/3721 833/2/3722
f 810/1/3723 833/2/3724 834/1/3725
f 831/16/3726 808/2/3727 807/1/3728
f 831/16/3726 807/1/3729 832/15/3730
f 834/1/3731 833/2/3732 835/2/3733
f 834/1/3734 835/2/3735 836/1/3736
f 836/1/3737 835/2/3738 811/2/3739
f 836/1/3737 811/2/3739 814/1/3740
f 813/1/3741 812/2/3742 837/2/3743
f 813/1/3741 837/2/3744 838/1/3745
f 838/1/3746 837/2/3747 839/2/3748
f 838/1/3749 839/2/3750 840/1/3751
f 822/4/3752 840/1/3753 839/2/3753
f 822/4/3754 839/2/3753 819/3/3755
f 798/12/3756 795/9/3756 825/9/3756
f 798/12/3757 825/9/3757 830/12/3757
f 790/4/3758 817/1/3759 840/1/3760
f 790/4/3761 840/1/3762 822/4/3763
f 795/9/3764 794/8/3765 826/8/3766
f 795/9/3767 826/8/3768 825/9/3767
f 796/10/3769 797/11/3769 827/11/3769
f 796/10/3770 827/11/3770 824/10/3770
f 781/1/3771 801/15/3772 832/15/3773
f 781/1/3774 832/15/3775 807/1/3776
f 802/16/3777 784/2/3778 808/2/3779
f 802/16/3780 808/2/3781 831/16/3782
f 793/7/3783 796/10/3784 824/10/3784
f 793/7/3785 824/10/3786 823/7/3787
f 784/2/3788 783/2/3789 809/2/3790
f 784/2/3791 809/2/3790 808/2/3779
f 794/8/3792 791/5/3793 821/5/3794
f 794/8/3795 821/5/3796 826/8/3797
f 787/1/3798 786/1/3799 814/1/3800
f 787/1/3801 814/1/3802 813/1/3803
f 785/2/3804 788/2/3805 812/2/3806
f 785/2/3807 812/2/3806 811/2/3808
f 803/1/3809 782/1/3810 810/1/3811
f 803/1/3812 810/1/3813 834/1/3814
f 799/13/3815 798/12/3816 830/12/3816
f 799/13/3817 830/12/3818 829/13/3819
f 782/1/3820 781/1/3821 807/1/3822
f 782/1/3823 807/1/3824 810/1/3825
f 783/2/3826 804/2/3827 833/2/3828
f 783/2/3829 833/2/3828 809/2/3830
f 800/14/3831 802/16/3832 831/16/3833
f 800/14/3834 831/16/3833 828/14/3834
f 815/1/3835 787/1/3836 813/1/3837
f 815/1/3838 813/1/3839 838/1/3840
f 789/3/3841 792/6/3842 820/6/3843
f 789/3/3844 820/6/3845 819/3/3846
f 788/2/3847 816/2/3681 837/2/3848
f 788/2/3849 837/2/3850 812/2/3851
f 805/1/3852 803/1/3853 834/1/3854
f 805/1/3855 834/1/3856 836/1/3857
f 801/15/3858 799/13/3859 829/13/3860
f 801/15/3861 829/13/3819 832/15/3862
f 804/2/3827 806/2/3863 835/2/3864
f 804/2/3865 835/2/3866 833/2/3867
f 817/1/3868 815/1/3869 838/1/3870
f 817/1/3871 838/1/3872 840/1/3873
f 791/5/3874 790/4/3875 822/4/3876
f 791/5/3877 822/4/3878 821/5/3879
f 816/2/3880 818/2/3881 839/2/3882
f 816/2/3883 839/2/3884 837/2/3885
f 792/6/3886 793/7/3887 823/7/3888
f 792/6/3886 823/7/3889 820/6/3890
f 786/1/3891 805/1/3892 836/1/3893
f 786/1/3799 836/1/3894 814/1/3895
f 797/11/3834 800/14/3834 828/14/3834
f 797/11/3896 828/14/3896 827/11/3896
f 818/2/3897 789/3/3898 819/3/3846
f 818/2/3881 819/3/3899 839/2/3900
f 806/2/3901 785/2/3902 811/2/3903
f 806/2/3904 811/2/3905 835/2/3906
f 841/1/3907 842/1/3908 843/2/3909
f 841/1/3910 843/2/3911 844/2/3912
f 845/2/3913 846/1/3914 847/1/3915
f 845/2/3913 847/1/3916 848/2/3917
f 849/3/3918 850/4/3919 851/5/3920
f 849/3/3921 851/5/3920 852/6/3922
f 853/7/3923 854/8/3924 855/9/3925
f 853/7/3926 855/9/3927 856/10/3928
f 852/6/3929 851/5/3930 854/8/3931
f 852/6/3929 854/8/3931 853/7/3932
f 857/11/3933 858/12/3934 859/13/3935
f 857/11/3936 859/13/3937 860/14/3938
f 860/14/3939 859/13/3940 861/15/3941
f 860/14/3942 861/15/3943 862/16/3944
f 856/10/3945 855/9/3946 858/12/3947
f 856/10/3948 858/12/3947 857/11/3949
f 842/1/3950 863/1/3951 864/2/3952
f 842/1/3953 864/2/3954 843/2/3955
f 862/16/3956 861/15/3957 841/1/3910
f 862/16/3958 841/1/3959 844/2/3960
f 863/1/3961 865/1/3962 866/2/3963
f 863/1/3964 866/2/3965 864/2/3966
f 865/1/3967 846/1/3968 845/2/3969
f 865/1/3970 845/2/3971 866/2/3963
f 867/1/3972 868/2/3973 869/2/3974
f 867/1/3975 869/2/3976 870/1/3977
f 871/2/3978 872/2/3979 873/1/3980
f 871/2/3978 873/1/3981 874/1/3982
f 847/1/3983 875/1/3984 876/2/3985
f 847/1/3983 876/2/3986 848/2/3987
f 875/1/3988 877/1/3989 878/2/3990
f 875/1/3991 878/2/3992 876/2/3993
f 879/3/3994 880/6/3995 881/5/3996
f 879/3/3997 881/5/3996 882/4/3998
f 850/4/3999 849/3/4000 878/2/4001
f 850/4/4002 878/2/4001 877/1/4001
f 883/7/4003 884/10/4004 885/9/4005
f 883/7/4006 885/9/4007 886/8/4008
f 880/6/4009 883/7/4010 886/8/4011
f 880/6/4012 886/8/4013 881/5/4014
f 887/11/4015 888/14/4016 889/13/4017
f 887/11/4018 889/13/4019 890/12/4020
f 888/14/4021 891/16/4022 892/15/4023
f 888/14/4024 892/15/4023 889/13/4025
f 884/10/4026 887/11/4027 890/12/4028
f 884/10/4029 890/12/4030 885/9/4031
f 870/1/4032 869/2/4033 893/2/4034
f 870/1/4035 893/2/4034 894/1/4036
f 891/16/4037 868/2/4038 867/1/4039
f 891/16/4040 867/1/4041 892/15/4042
f 894/1/4043 893/2/4044 895/2/4045
f 894/1/4036 895/2/4046 896/1/4047
f 896/1/4048 895/2/4049 871/2/4050
f 896/1/4051 871/2/3978 874/1/4052
f 873/1/4053 872/2/4054 897/2/4055
f 873/1/4056 897/2/4057 898/1/4058
f 898/1/4059 897/2/4060 899/2/4061
f 898/1/4062 899/2/4063 900/1/4064
f 882/4/4065 900/1/4066 899/2/4066
f 882/4/4067 899/2/4066 879/3/4068
f 858/12/4069 855/9/4069 885/9/4069
f 858/12/4070 885/9/4070 890/12/4070
f 850/4/4071 877/1/4072 900/1/4073
f 850/4/4074 900/1/4075 882/4/4076
f 855/9/4077 854/8/4078 886/8/4079
f 855/9/4080 886/8/4081 885/9/4080
f 856/10/4082 857/11/4082 887/11/4082
f 856/10/4083 887/11/4083 884/10/4083
f 841/1/4084 861/15/4085 892/15/4086
f 841/1/4084 892/15/4087 867/1/4088
f 862/16/4089 844/2/4090 868/2/4091
f 862/16/4089 868/2/4092 891/16/4093
f 853/7/4094 856/10/4095 884/10/4095
f 853/7/4094 884/10/4096 883/7/4097
f 844/2/4098 843/2/4099 869/2/4100
f 844/2/4101 869/2/4100 868/2/4102
f 854/8/4078 851/5/4103 881/5/4104
f 854/8/4078 881/5/4105 886/8/4081
f 847/1/4106 846/1/4107 874/1/4108
f 847/1/4106 874/1/4109 873/1/4110
f 845/2/4111 848/2/4112 872/2/4113
f 845/2/4114 872/2/4113 871/2/4115
f 863/1/4116 842/1/4117 870/1/4118
f 863/1/4119 870/1/4120 894/1/4121
f 859/13/4122 858/12/4122 890/12/4122
f 859/13/4123 890/12/4123 889/13/4123
f 842/1/4124 841/1/4125 867/1/4126
f 842/1/4124 867/1/4127 870/1/4128
f 843/2/4129 864/2/4130 893/2/4131
f 843/2/4132 893/2/4133 869/2/4134
f 860/14/4135 862/16/4136 891/16/4137
f 860/14/4138 891/16/4139 888/14/4138
f 875/1/4140 847/1/4141 873/1/4142
f 875/1/4143 873/1/4144 898/1/4145
f 849/3/4146 852/6/4147 880/6/4148
f 849/3/4149 880/6/4150 879/3/4151
f 848/2/4152 876/2/3993 897/2/4153
f 848/2/4154 897/2/4155 872/2/4156
f 865/1/4157 863/1/4158 894/1/4159
f 865/1/4160 894/1/4161 896/1/4162
f 861/15/4163 859/13/4164 889/13/4164
f 861/15/4165 889/13/4123 892/15/4166
f 864/2/4167 866/2/4168 895/2/4169
f 864/2/4167 895/2/4170 893/2/4171
f 877/1/4072 875/1/4172 898/1/4173
f 877/1/4174 898/1/4175 900/1/4176
f 851/5/4103 850/4/4177 882/4/4178
f 851/5/4179 882/4/4178 881/5/4180
f 876/2/4181 878/2/4182 899/2/4183
f 876/2/4184 899/2/4185 897/2/4186
f 852/6/4187 853/7/4188 883/7/4189
f 852/6/4147 883/7/4190 880/6/4191
f 846/1/4192 865/1/4193 896/1/4194
f 846/1/4195 896/1/4196 874/1/4197
f 857/11/4198 860/14/4198 888/14/4198
f 857/11/4199 888/14/4199 887/11/4199
f 878/2/4200 849/3/4201 879/3/4202
f 878/2/4203 879/3/4204 899/2/4205
f 866/2/4206 845/2/4207 871/2/4208
f 866/2/4209 871/2/4210 895/2/4169
f 901/1/4211 902/1/4212 903/2/4213
f 901/1/4214 903/2/4213 904/2/4215
f 905/2/4216 906/1/4217 907/1/4218
f 905/2/4219 907/1/4220 908/2/4221
f 909/3/4222 910/4/4223 911/5/4224
f 909/3/4225 911/5/4226 912/6/4227
f 913/7/4228 914/8/4229 915/9/4230
f 913/7/4231 915/9/4232 916/10/4233
f 912/6/4234 911/5/4235 914/8/4236
f 912/6/4237 914/8/4238 913/7/4239
f 917/11/4240 918/12/4241 919/13/4242
f 917/11/4243 919/13/4242 920/14/4244
f 920/14/4245 919/13/4246 921/15/4247
f 920/14/4248 921/15/4249 922/16/4250
f 916/10/4251 915/9/4252 918/12/4253
f 916/10/4251 918/12/4254 917/11/4255
f 902/1/4256 923/1/4257 924/2/4258
f 902/1/4259 924/2/4258 903/2/4260
f 922/16/4261 921/15/4262 901/1/4263
f 922/16/4264 901/1/4265 904/2/4266
f 923/1/4267 925/1/4268 926/2/4269
f 923/1/4267 926/2/4270 924/2/4271
f 925/1/4272 906/1/4273 905/2/4274
f 925/1/4275 905/2/4276 926/2/4277
f 927/1/4278 928/2/4279 929/2/4280
f 927/1/4281 929/2/4282 930/1/4283
f 931/2/4284 932/2/4285 933/1/4286
f 931/2/4287 933/1/4288 934/1/4289
f 907/1/4290 935/1/4291 936/2/4291
f 907/1/4292 936/2/4291 908/2/4293
f 935/1/4294 937/1/4295 938/2/4296
f 935/1/4294 938/2/4297 936/2/4294
f 939/3/4298 940/6/4299 941/5/4300
f 939/3/4301 941/5/4302 942/4/4303
f 910/4/4304 909/3/4305 938/2/4306
f 910/4/4307 938/2/4308 937/1/4295
f 943/7/4309 944/10/4310 945/9/4311
f 943/7/4309 945/9/4312 946/8/4313
f 940/6/4314 943/7/4315 946/8/4316
f 940/6/4317 946/8/4318 941/5/4319
f 947/11/4320 948/14/4321 949/13/4322
f 947/11/4323 949/13/4324 950/12/4325
f 948/14/4326 951/16/4327 952/15/4328
f 948/14/4329 952/15/4330 949/13/4331
f 944/10/4332 947/11/4333 950/12/4334
f 944/10/4335 950/12/4336 945/9/4337
f 930/1/4338 929/2/4339 953/2/4340
f 930/1/4338 953/2/4341 954/1/4342
f 951/16/4343 928/2/4344 927/1/4345
f 951/16/4346 927/1/4347 952/15/4348
f 954/1/4349 953/2/4350 955/2/4351
f 954/1/4352 955/2/4353 956/1/4354
f 956/1/4355 955/2/4356 931/2/4357
f 956/1/4358 931/2/4359 934/1/4360
f 933/1/4361 932/2/4362 957/2/4363
f 933/1/4361 957/2/4363 958/1/4363
f 958/1/4364 957/2/4364 959/2/4365
f 958/1/4366 959/2/4367 960/1/4368
f 942/4/4303 960/1/4369 959/2/4370
f 942/4/4303 959/2/4370 939/3/4371
f 918/12/4372 915/9/4373 945/9/4374
f 918/12/4375 945/9/4374 950/12/4375
f 910/4/4376 937/1/4377 960/1/4378
f 910/4/4379 960/1/4380 942/4/4381
f 915/9/4382 914/8/4383 946/8/4384
f 915/9/4385 946/8/4386 945/9/4387
f 916/10/4388 917/11/4389 947/11/4389
f 916/10/4388 947/11/4390 944/10/4391
f 901/1/4392 921/15/4392 952/15/4392
f 901/1/4393 952/15/4393 927/1/4393
f 922/16/4394 904/2/4394 928/2/4394
f 922/16/4395 928/2/4395 951/16/4395
f 913/7/4396 916/10/4388 944/10/4391
f 913/7/4396 944/10/4391 943/7/4397
f 904/2/4398 903/2/4398 929/2/4398
f 904/2/4399 929/2/4399 928/2/4399
f 914/8/4400 911/5/4401 941/5/4402
f 914/8/4400 941/5/4402 946/8/4384
f 907/1/4403 906/1/4403 934/1/4403
f 907/1/4404 934/1/4404 933/1/4404
f 905/2/4390 908/2/4390 932/2/4390
f 905/2/4405 932/2/4405 931/2/4405
f 923/1/4406 902/1/4406 930/1/4406
f 923/1/4407 930/1/4407 954/1/4407
f 919/13/4408 918/12/4408 950/12/4408
f 919/13/4409 950/12/4409 949/13/4409
f 902/1/4410 901/1/4410 927/1/4410
f 902/1/4411 927/1/4411 930/1/4411
f 903/2/4412 924/2/4412 953/2/4412
f 903/2/4413 953/2/4413 929/2/4413
f 920/14/4414 922/16/4414 951/16/4414
f 920/14/4415 951/16/4415 948/14/4415
f 935/1/4416 907/1/4416 933/1/4416
f 935/1/4417 933/1/4417 958/1/4417
f 909/3/4418 912/6/4419 940/6/4420
f 909/3/4421 940/6/4422 939/3/4423
f 908/2/4390 936/2/4390 957/2/4390
f 908/2/4424 957/2/4424 932/2/4424
f 925/1/4425 923/1/4425 954/1/4425
f 925/1/4426 954/1/4426 956/1/4426
f 921/15/4417 919/13/4417 949/13/4417
f 921/15/4427 949/13/4427 952/15/4427
f 924/2/4428 926/2/4428 955/2/4428
f 924/2/4429 955/2/4429 953/2/4429
f 937/1/4430 935/1/4372 958/1/4372
f 937/1/4430 958/1/4431 960/1/4432
f 911/5/4433 910/4/4434 942/4/4435
f 911/5/4436 942/4/4381 941/5/4402
f 936/2/4399 938/2/4437 959/2/4438
f 936/2/4439 959/2/4440 957/2/4439
f 912/6/4419 913/7/4441 943/7/4397
f 912/6/4419 943/7/4442 940/6/4443
f 906/1/4403 925/1/4403 956/1/4403
f 906/1/4444 956/1/4444 934/1/4444
f 917/11/4399 920/14/4399 948/14/4399
f 917/11/4445 948/14/4445 947/11/4445
f 938/2/4446 909/3/4418 939/3/4423
f 938/2/4447 939/3/4448 959/2/4449
f 926/2/4450 905/2/4450 931/2/4450
f 926/2/4451 931/2/4451 955/2/4451
f 961/1/4452 962/1/4453 963/2/4454
f 961/1/4452 963/2/4454 964/2/4455
f 965/2/4456 966/1/4457 967/1/4458
f 965/2/4459 967/1/4458 968/2/4460
f 969/3/4461 970/4/4462 971/5/4463
f 969/3/4464 971/5/4463 972/6/4465
f 973/7/4466 974/8/4467 975/9/4468
f 973/7/4469 975/9/4470 976/10/4471
f 972/6/4472 971/5/4473 974/8/4474
f 972/6/4475 974/8/4476 973/7/4477
f 977/11/4478 978/12/4479 979/13/4480
f 977/11/4478 979/13/4480 980/14/4481
f 980/14/4482 979/13/4483 981/15/4484
f 980/14/4485 981/15/4486 982/16/4487
f 976/10/4488 975/9/4489 978/12/4490
f 976/10/4491 978/12/4490 977/11/4492
f 962/1/4493 983/1/4494 984/2/4495
f 962/1/4493 984/2/4496 963/2/4497
f 982/16/4498 981/15/4499 961/1/4500
f 982/16/4501 961/1/4502 964/2/4503
f 983/1/4504 985/1/4505 986/2/4506
f 983/1/4507 986/2/4508 984/2/4509
f 985/1/4510 966/1/4511 965/2/4512
f 985/1/4513 965/2/4514 986/2/4515
f 987/1/4516 988/2/4517 989/2/4518
f 987/1/4516 989/2/4519 990/1/4520
f 991/2/4521 992/2/4522 993/1/4523
f 991/2/4524 993/1/4525 994/1/4526
f 967/1/4527 995/1/4528 996/2/4529
f 967/1/4530 996/2/4531 968/2/4532
f 995/1/4533 997/1/4534 998/2/4535
f 995/1/4536 998/2/4537 996/2/4538
f 999/3/4539 1000/6/4540 1001/5/4541
f 999/3/4542 1001/5/4543 1002/4/4544
f 970/4/4545 969/3/4546 998/2/4547
f 970/4/4545 998/2/4547 997/1/4547
f 1003/7/4548 1004/10/4549 1005/9/4550
f 1003/7/4551 1005/9/4552 1006/8/4553
f 1000/6/4554 1003/7/4555 1006/8/4556
f 1000/6/4557 1006/8/4556 1001/5/4558
f 1007/11/4559 1008/14/4560 1009/13/4561
f 1007/11/4562 1009/13/4561 1010/12/4563
f 1008/14/4564 1011/16/4565 1012/15/4566
f 1008/14/4567 1012/15/4566 1009/13/4568
f 1004/10/4549 1007/11/4569 1010/12/4570
f 1004/10/4571 1010/12/4572 1005/9/4573
f 990/1/4574 989/2/4575 1013/2/4576
f 990/1/4574 1013/2/4576 1014/1/4577
f 1011/16/4578 988/2/4579 987/1/4580
f 1011/16/4578 987/1/4580 1012/15/4581
f 1014/1/4582 1013/2/4583 1015/2/4584
f 1014/1/4585 1015/2/4586 1016/1/4587
f 1016/1/4588 1015/2/4589 991/2/4590
f 1016/1/4588 991/2/4591 994/1/4592
f 993/1/4593 992/2/4594 1017/2/4595
f 993/1/4596 1017/2/4595 1018/1/4597
f 1018/1/4598 1017/2/4599 1019/2/4600
f 1018/1/4601 1019/2/4602 1020/1/4603
f 1002/4/4604 1020/1/4605 1019/2/4605
f 1002/4/4606 1019/2/4605 999/3/4607
f 978/12/4608 975/9/4608 1005/9/4608
f 978/12/4609 1005/9/4609 1010/12/4609
f 970/4/4610 997/1/4611 1020/1/4612
f 970/4/4613 1020/1/4614 1002/4/4615
f 975/9/4616 974/8/4617 1006/8/4618
f 975/9/4619 1006/8/4620 1005/9/4619
f 976/10/4621 977/11/4621 1007/11/4621
f 976/10/4622 1007/11/4622 1004/10/4622
f 961/1/4623 981/15/4624 1012/15/4625
f 961/1/4626 1012/15/4627 987/1/4628
f 982/16/4629 964/2/4630 988/2/4631
f 982/16/4632 988/2/4633 1011/16/4634
f 973/7/4635 976/10/4636 1004/10/4636
f 973/7/4635 1004/10/4637 1003/7/4638
f 964/2/4639 963/2/4640 989/2/4641
f 964/2/4639 989/2/4642 988/2/4631
f 974/8/4643 971/5/4644 1001/5/4645
f 974/8/4617 1001/5/4646 1006/8/4618
f 967/1/4647 966/1/4648 994/1/4649
f 967/1/4650 994/1/4651 993/1/4652
f 965/2/4653 968/2/4654 992/2/4655
f 965/2/4656 992/2/4657 991/2/4658
f 983/1/4659 962/1/4660 990/1/4661
f 983/1/4659 990/1/4662 1014/1/4663
f 979/13/4664 978/12/4664 1010/12/4664
f 979/13/4664 1010/12/4664 1009/13/4664
f 962/1/4665 961/1/4666 987/1/4667
f 962/1/4665 987/1/4668 990/1/4669
f 963/2/4670 984/2/4671 1013/2/4672
f 963/2/4673 1013/2/4674 989/2/4675
f 980/14/4637 982/16/4676 1011/16/4677
f 980/14/4678 1011/16/4679 1008/14/4678
f 995/1/4680 967/1/4681 993/1/4682
f 995/1/4683 993/1/4684 1018/1/4685
f 969/3/4686 972/6/4687 1000/6/4688
f 969/3/4689 1000/6/4690 999/3/4691
f 968/2/4692 996/2/4693 1017/2/4694
f 968/2/4695 1017/2/4696 992/2/4697
f 985/1/4698 983/1/4699 1014/1/4700
f 985/1/4701 1014/1/4702 1016/1/4703
f 981/15/4704 979/13/4705 1009/13/4705
f 981/15/4706 1009/13/4707 1012/15/4708
f 984/2/4709 986/2/4710 1015/2/4711
f 984/2/4709 1015/2/4712 1013/2/4713
f 997/1/4714 995/1/4715 1018/1/4716
f 997/1/4717 1018/1/4718 1020/1/4719
f 971/5/4644 970/4/4613 1002/4/4720
f 971/5/4721 1002/4/4720 1001/5/4722
f 996/2/4723 998/2/4724 1019/2/4725
f 996/2/4726 1019/2/4727 1017/2/4728
f 972/6/4729 973/7/4635 1003/7/4730
f 972/6/4729 1003/7/4730 1000/6/4731
f 966/1/4732 985/1/4733 1016/1/4734
f 966/1/4735 1016/1/4736 994/1/4737
f 977/11/4738 980/14/4738 1008/14/4738
f 977/11/4739 1008/14/4739 1007/11/4739
f 998/2/4740 969/3/4741 999/3/4691
f 998/2/4742 999/3/4743 1019/2/4744
f 986/2/4745 965/2/4746 991/2/4747
f 986/2/4745 991/2/4748 1015/2/4711
