# Blender 4.2.3 LTS
# www.blender.org
mtllib lid.mtl
o dynamic
v 2777.868164 11117.897461 -5754.469238
v 2794.838135 11107.802734 -5730.596680
v 2861.071289 11089.084961 -5783.933105
v 2842.209961 11100.282227 -5810.455566
v 2726.654297 11068.972656 -5789.048340
v 2739.169434 11094.163086 -5786.844238
v 2799.251709 11074.037109 -5846.444824
v 2785.345703 11046.048828 -5848.894531
v 2723.466797 11042.406250 -5780.099609
v 2781.804199 11016.530273 -5838.951172
v 2731.859619 11026.192383 -5762.996582
v 2791.052979 10998.257812 -5819.914551
v 2749.471924 11024.302734 -5742.272949
v 2810.494629 10995.735352 -5796.834961
v 2766.671387 11021.054688 -5721.372070
v 2749.471924 11024.302734 -5742.272949
v 2810.494629 10995.735352 -5796.834961
v 2829.733398 10992.549805 -5773.666016
v 2783.761719 11033.506836 -5708.004395
v 2848.799316 11006.643555 -5758.845215
v 2796.277344 11058.697266 -5705.799805
v 2862.705078 11034.631836 -5756.395996
v 2799.465576 11085.264648 -5714.748535
v 2866.247070 11064.151367 -5766.338867
v 2756.491211 11113.463867 -5776.447754
v 2818.464111 11095.374023 -5834.878906
v 2716.486328 11153.303711 -5698.763184
v 2735.414307 11142.067383 -5672.148926
v 2673.376465 11126.973633 -5734.878418
v 2692.657471 11148.377930 -5723.272461
v 2740.606934 11117.051758 -5654.492676
v 2737.052490 11087.428711 -5644.514648
v 2723.097656 11059.341797 -5646.972168
v 2703.960938 11045.191406 -5661.841797
v 2684.648682 11048.375000 -5685.087402
v 2684.648682 11048.375000 -5685.087402
v 2665.145996 11050.919922 -5708.252441
v 2655.868652 11069.262695 -5727.357910
v 2659.422852 11098.885742 -5737.336426
v 2717.376465 11136.363281 -5667.675781
v 2702.727539 11145.055664 -5688.274414
v 2684.285156 11141.246094 -5707.243652
v 2669.458496 11124.793945 -5716.172852
v 2658.224854 11102.183594 -5718.151855
v 2655.576416 11080.107422 -5710.715332
v 2661.820312 11067.721680 -5697.839355
v 2678.664062 11065.466797 -5677.808594
v 2695.213135 11062.792969 -5657.911621
v 2708.114502 11072.352539 -5647.895020
v 2718.514648 11093.284180 -5646.062988
v 2721.375977 11117.129883 -5654.095703
v 2702.727539 11145.055664 -5688.274414
v 2684.285156 11141.246094 -5707.243652
v 2669.458496 11124.793945 -5716.172852
v 2658.224854 11102.183594 -5718.151855
v 2655.576416 11080.107422 -5710.715332
v 2661.820312 11067.721680 -5697.839355
v 2678.664062 11065.466797 -5677.808594
v 2678.664062 11065.466797 -5677.808594
v 2695.213135 11062.792969 -5657.911621
v 2708.114502 11072.352539 -5647.895020
v 2718.514648 11093.284180 -5646.062988
v 2721.375977 11117.129883 -5654.095703
v 2717.376465 11136.363281 -5667.675781
v 2832.577148 11076.514648 -5836.958008
v 2849.770996 11080.067383 -5819.273438
v 2818.780518 11061.203125 -5845.267578
v 2808.185059 11039.876953 -5847.133789
v 2805.744141 11019.538086 -5840.282715
v 2811.301758 11008.514648 -5828.822754
v 2827.310547 11006.374023 -5809.785645
v 2843.386230 11003.779297 -5790.459961
v 2827.310547 11006.374023 -5809.785645
v 2854.869385 11012.287109 -5781.544434
v 2864.450439 11031.572266 -5779.856934
v 2867.149414 11054.065430 -5787.433594
v 2863.428467 11071.960938 -5800.070312
v 2818.780518 11061.203125 -5845.267578
v 2832.577148 11076.514648 -5836.958008
v 2849.770996 11080.067383 -5819.273438
v 2863.428467 11071.960938 -5800.070312
v 2867.149414 11054.065430 -5787.433594
v 2864.450439 11031.572266 -5779.856934
v 2854.869385 11012.287109 -5781.544434
v 2843.386230 11003.779297 -5790.459961
v 2827.310547 11006.374023 -5809.785645
v 2811.301758 11008.514648 -5828.822754
v 2805.744141 11019.538086 -5840.282715
v 2808.185059 11039.876953 -5847.133789
v 3235.364746 10854.403320 -5736.099121
v 3200.399414 10842.313477 -5910.274902
v 3182.893555 10811.077148 -5903.144531
v 3217.303711 10822.972656 -5731.740723
v 2278.152344 11121.434570 -5915.562012
v 2253.930420 11151.435547 -5741.726074
v 2251.486328 11115.280273 -5737.276855
v 2275.323242 11085.756836 -5908.347656
v 3110.463135 10849.597656 -6063.781738
v 3094.388672 10818.245117 -6054.208496
v 2288.895996 11163.525391 -5567.549805
v 2378.832520 11156.242188 -5414.043457
v 2374.401367 11120.008789 -5414.809570
v 2285.895752 11127.176758 -5565.873535
v 2976.404297 10875.373047 -6178.104980
v 2962.463623 10843.609375 -6166.711426
v 2674.903320 11089.306641 -5238.370605
v 2845.328125 11037.727539 -5237.394043
v 2833.472656 11003.380859 -5240.971191
v 2665.761230 11054.138672 -5241.933105
v 2814.392090 10916.533203 -6239.454102
v 2803.030029 10884.113281 -6227.085449
v 3003.608398 10981.950195 -5296.907715
v 2989.234619 10948.491211 -5299.537598
v 2347.798584 11182.572266 -5384.838379
v 2494.544189 11154.356445 -5259.696777
v 2507.839844 11147.040039 -5284.891602
v 2368.782959 11173.777344 -5403.474609
v 2643.967773 10968.113281 -6240.431152
v 2635.317139 10934.873047 -6228.046387
v 3130.655273 10928.701172 -5409.734375
v 3114.259766 10896.088867 -5410.568848
v 2485.687256 11023.889648 -6180.917480
v 2479.555664 10989.764648 -6169.479980
v 3211.143311 10884.405273 -5562.263184
v 3193.466797 10852.497070 -5560.670898
v 2358.640869 11077.138672 -6068.091797
v 2354.530762 11042.164062 -6058.449707
v 2858.442383 11052.839844 -5191.471680
v 3031.702393 10991.785156 -5256.617188
v 3016.846680 10992.987305 -5281.973145
v 2852.666260 11050.843750 -5220.241699
v 2824.579102 10920.176758 -6288.364746
v 2638.025635 10976.637695 -6289.434082
v 2643.801758 10978.634766 -6260.663574
v 2820.577637 10925.132812 -6259.650391
v 3170.772461 10933.497070 -5380.121094
v 3148.628418 10937.754883 -5399.004395
v 2464.765625 11037.694336 -6224.288574
v 2479.621094 11036.491211 -6198.932129
v 3258.877930 10885.007812 -5547.085449
v 3232.116455 10891.807617 -5557.219727
v 2325.695557 11095.981445 -6100.785156
v 2347.839355 11091.723633 -6081.901367
v 3285.392090 10852.166016 -5737.373535
v 3257.241211 10860.686523 -5737.534668
v 2237.589600 11144.470703 -5933.819824
v 2264.351074 11137.670898 -5923.687012
v 3247.116943 10838.934570 -5928.032227
v 3220.971924 10848.147461 -5918.202148
v 2249.350098 11190.544922 -5552.873047
v 2275.495361 11181.331055 -5562.703613
v 2211.075195 11177.311523 -5743.531738
v 2239.226318 11168.791016 -5743.370605
v 3148.669678 10846.906250 -6096.066895
v 3127.683594 10855.703125 -6077.430176
v 2671.889160 11109.301758 -5192.541016
v 2675.889893 11104.346680 -5221.254395
v 3001.923340 10875.121094 -6221.208984
v 2988.628418 10882.438477 -6196.014160
v 2512.891113 11130.466797 -5299.720703
v 2506.326416 11094.644531 -5302.306152
v 2912.848145 10973.583984 -5441.878418
v 2997.651123 10938.041016 -5517.189453
v 2875.958496 10970.611328 -5624.337891
v 2832.074219 10989.004883 -5585.365234
v 2672.791016 10964.347656 -6071.673340
v 2567.139648 11001.578125 -6031.948730
v 2653.173340 11003.492188 -5890.721191
v 2707.846436 10984.224609 -5911.278809
v 3051.375732 10908.472656 -5619.001953
v 2903.761475 10955.310547 -5677.024902
v 2482.337402 11037.120117 -5956.638184
v 2609.288574 11021.884766 -5851.748535
v 3067.543945 10888.446289 -5735.036621
v 2912.127930 10944.948242 -5737.071289
v 2428.611328 11066.689453 -5854.825684
v 2581.486328 11037.185547 -5799.062012
v 3044.205078 10880.377930 -5851.297363
v 2900.050293 10940.771484 -5797.235352
v 2495.814697 11089.922852 -5520.065430
v 2585.298340 11072.717773 -5443.756348
v 2662.570068 11040.305664 -5586.336426
v 2616.263184 11049.208984 -5625.826172
v 2412.444336 11086.713867 -5738.792480
v 2573.119141 11047.549805 -5739.014648
v 2984.172852 10885.240234 -5953.761719
v 2868.984375 10943.287109 -5850.260254
v 2693.439941 11045.244141 -5402.806152
v 2718.532227 11026.088867 -5565.145020
v 2435.783203 11094.785156 -5622.530762
v 2585.197266 11051.724609 -5678.851074
v 2894.689941 10902.444336 -6030.071289
v 2822.677246 10952.189453 -5889.749512
v 2807.197021 11010.814453 -5402.153809
v 2777.400879 11008.271484 -5564.807617
v 2786.548096 10929.917969 -6071.020996
v 2766.715332 10966.408203 -5910.941895
v 2872.672852 10980.332031 -5630.480957
v 2899.247070 10965.708008 -5680.840332
v 2659.730957 11011.760742 -5885.093750
v 2617.785645 11029.340820 -5847.843750
v 2907.243652 10955.802734 -5738.233887
v 2591.211914 11043.965820 -5797.484863
v 2895.699707 10951.810547 -5795.738770
v 2624.452148 11055.458008 -5631.903809
v 2668.713135 11046.946289 -5594.159668
v 2583.214600 11053.870117 -5740.091309
v 2866.006348 10954.215820 -5846.420410
v 2722.202637 11033.357422 -5573.904297
v 2594.759033 11057.862305 -5682.585938
v 2821.745361 10962.726562 -5884.165039
v 2778.469971 11016.327148 -5573.581543
v 2768.256104 10976.314453 -5904.420410
v 2830.727539 10997.913086 -5593.230957
v 2711.988770 10993.344727 -5904.743164
v 2861.661865 10991.749023 -5698.826660
v 2886.604492 10979.105469 -5687.945801
v 2893.796143 10970.198242 -5739.559082
v 2867.465820 10984.558594 -5740.483887
v 2657.375488 11037.933594 -5820.039551
v 2633.490234 11036.330078 -5838.130371
v 2609.592773 11049.481445 -5792.843750
v 2638.088379 11048.547852 -5783.488770
v 2883.414551 10966.609375 -5791.273926
v 2859.087402 10981.662109 -5782.221680
v 2662.214111 11056.888672 -5663.308594
v 2639.485840 11059.816406 -5643.938965
v 2679.288086 11052.164062 -5609.995605
v 2694.338623 11050.712891 -5635.913574
v 2602.400879 11058.389648 -5741.230469
v 2632.283691 11055.738281 -5741.831543
v 2856.711914 10968.771484 -5836.850586
v 2837.535645 10983.406250 -5819.006348
v 2727.390625 11039.942383 -5591.779785
v 2733.162109 11040.849609 -5621.212402
v 2612.782959 11061.978516 -5689.516113
v 2640.661621 11058.634766 -5700.093262
v 2816.908936 10976.423828 -5870.794434
v 2805.411133 10989.583984 -5846.401855
v 2777.991699 11024.628906 -5591.490723
v 2774.000488 11028.489258 -5620.978027
v 2768.806641 10988.644531 -5889.009277
v 2766.587891 10999.447266 -5861.103027
v 2824.986084 11008.068359 -5609.160645
v 2811.930176 11015.122070 -5635.239258
v 2718.205811 11003.959961 -5889.299805
v 2725.749268 11011.807617 -5861.337402
v 2862.707031 10992.256836 -5642.659668
v 2842.375000 11002.362305 -5662.275879
v 2671.211426 11020.520508 -5871.629395
v 2687.820068 11025.173828 -5847.076172
v 2748.829590 11016.704102 -5740.708984
v 3241.991943 10831.833984 -5733.574707
v 3280.872070 10837.267578 -5735.432129
v 3254.357666 10870.109375 -5545.144043
v 3217.160400 10862.589844 -5555.366211
v 2260.706787 11105.582031 -5917.550293
v 2233.069824 11129.572266 -5931.878418
v 2321.175293 11081.083984 -6098.843750
v 2343.218750 11060.171875 -6073.916016
v 3206.146484 10819.441406 -5912.130371
v 3242.596680 10824.036133 -5926.091309
v 2501.348145 11114.841797 -5286.221191
v 2490.023926 11139.458984 -5257.755371
v 2343.277832 11167.673828 -5382.896973
v 2363.917969 11141.265625 -5403.418945
v 2235.875488 11136.339844 -5739.342285
v 2206.555420 11162.414062 -5741.590820
v 3113.949219 10826.909180 -6069.497559
v 3144.148926 10832.006836 -6094.125488
v 2667.435547 11072.646484 -5223.328613
v 2667.368896 11094.402344 -5190.599121
v 2271.720703 11148.730469 -5560.786621
v 2244.830078 11175.646484 -5550.931641
v 2976.518799 10853.332031 -6186.694824
v 2997.403320 10860.222656 -6219.267578
v 2842.145752 11019.768555 -5222.327637
v 2853.921631 11037.942383 -5189.529785
v 2810.432617 10895.527344 -6249.587891
v 2820.059082 10905.278320 -6286.423340
v 3004.407471 10962.587891 -5283.336914
v 3027.182129 10976.886719 -5254.675293
v 2635.721680 10948.402344 -6250.589355
v 2633.505371 10961.739258 -6287.492676
v 3134.648438 10908.000977 -5399.000488
v 3166.252441 10918.597656 -5378.179199
v 2473.460205 11005.583984 -6189.579590
v 2460.245605 11022.795898 -6222.347168
v 2989.449707 10935.663086 -5291.067871
v 2831.238037 10991.416992 -5231.579590
v 2629.965820 10921.832031 -6234.180176
v 2800.316895 10870.276367 -6233.203125
v 3116.440430 10882.437500 -5403.844238
v 2471.753906 10977.585938 -6174.691895
v 3196.894531 10838.162109 -5556.307617
v 2344.763184 11030.810547 -6061.915527
v 3221.105957 10808.171875 -5730.068359
v 2264.309570 11075.087891 -5909.452637
v 3186.154785 10796.088867 -5904.167480
v 2498.946289 11084.116211 -5293.878418
v 2364.945801 11109.879883 -5408.152344
v 2240.098389 11105.077148 -5735.691895
v 3096.257812 10803.368164 -6057.606934
v 2660.888184 11042.973633 -5232.556641
v 2275.048340 11117.160156 -5561.592285
v 2962.257080 10829.133789 -6171.880371
v 2884.916504 10943.481445 -5607.357910
v 3116.440430 10882.437500 -5403.844238
v 2989.449707 10935.663086 -5291.067871
v 2835.686279 10964.115234 -5563.638184
v 2634.992676 10980.366211 -5906.190918
v 2471.753906 10977.585938 -6174.691895
v 2629.965820 10921.832031 -6234.180176
v 2696.326416 10958.752930 -5929.252441
v 2916.105957 10926.314453 -5666.463379
v 3196.894531 10838.162109 -5556.307617
v 2585.762695 11001.000000 -5862.471191
v 2344.763184 11030.810547 -6061.915527
v 2925.492676 10914.689453 -5733.824707
v 3221.105957 10808.171875 -5730.068359
v 2554.573242 11018.164062 -5803.365723
v 2264.309570 11075.087891 -5909.452637
v 2911.943604 10910.004883 -5801.316895
v 3186.154785 10796.088867 -5904.167480
v 2645.534180 11021.665039 -5564.727051
v 2498.946289 11084.116211 -5293.878418
v 2364.945801 11109.879883 -5408.152344
v 2593.586670 11031.652344 -5609.028809
v 2545.187012 11029.790039 -5736.004395
v 2240.098389 11105.077148 -5735.691895
v 2877.092285 10912.828125 -5860.800293
v 3096.257812 10803.368164 -6057.606934
v 2708.313477 11005.714844 -5540.954590
v 2660.888184 11042.973633 -5232.556641
v 2558.735596 11034.474609 -5668.511719
v 2275.048340 11117.160156 -5561.592285
v 2825.144531 10922.815430 -5905.101074
v 2962.257080 10829.133789 -6171.880371
v 2774.353027 10985.727539 -5540.577148
v 2831.238037 10991.416992 -5231.579590
v 2762.365234 10938.765625 -5928.874512
v 2800.316895 10870.276367 -6233.203125
v 2912.753906 10929.478516 -5668.259277
v 2882.255371 10946.263672 -5610.463379
v 2860.596680 10968.922852 -5635.731934
v 2885.472900 10955.233398 -5682.874512
v 2589.726562 11002.510742 -5859.925293
v 2637.866699 10982.333008 -5902.677246
v 2661.255371 10998.343750 -5874.083008
v 2621.988770 11014.800781 -5839.211426
v 2921.931641 10918.111328 -5734.128418
v 2892.959473 10945.958984 -5736.602539
v 2559.228027 11019.293945 -5802.129395
v 2597.112305 11028.491211 -5792.068848
v 2908.683105 10913.531250 -5800.125488
v 2882.152344 10942.224609 -5790.434570
v 2648.175049 11022.717773 -5568.776855
v 2597.377930 11032.483398 -5612.096191
v 2628.229980 11039.250000 -5637.063477
v 2669.663574 11031.283203 -5601.729980
v 2550.049805 11030.662109 -5736.260254
v 2589.626221 11037.764648 -5738.341309
v 2874.604004 10916.289062 -5858.292480
v 2854.355713 10944.474609 -5837.879395
v 2709.563721 11007.120117 -5545.530762
v 2719.736816 11018.561523 -5582.769043
v 2563.298584 11035.244141 -5670.262695
v 2600.432617 11041.500977 -5684.508301
v 2823.807129 10926.056641 -5901.611816
v 2812.921875 10952.441406 -5873.213379
v 2774.139648 10987.576172 -5545.161133
v 2772.409912 11002.620117 -5582.466309
v 2762.418213 10941.653320 -5924.857910
v 2762.849121 10965.162109 -5892.174316
v 2834.115479 10966.441406 -5567.711914
v 2821.330078 10985.380859 -5600.859863
v 2697.842285 10961.198242 -5925.228516
v 2710.175781 10981.104492 -5892.476562
v 2853.042969 10982.102539 -5699.396484
v 2858.573486 10975.251953 -5739.083008
v 2658.414062 11026.104492 -5814.878418
v 2640.039062 11036.217773 -5780.055176
v 2850.590820 10972.493164 -5778.848145
v 2663.024414 11044.164062 -5665.557129
v 2693.630371 11038.279297 -5639.456543
v 2634.508789 11043.068359 -5740.368164
v 2830.058105 10974.155273 -5813.894043
v 2730.618652 11028.882812 -5625.450684
v 2642.491211 11045.828125 -5700.603516
v 2799.452148 10980.040039 -5839.995605
v 2769.526367 11017.106445 -5625.227539
v 2762.463379 10989.437500 -5854.000977
v 2805.661621 11004.373047 -5638.813965
v 2723.555908 11001.212891 -5854.224121
v 2834.667969 10992.213867 -5664.573730
v 2687.420410 11013.947266 -5840.637207
v 2746.733887 11009.796875 -5739.808594
v 2490.023926 11139.458984 -5257.755371
v 2494.544189 11154.356445 -5259.696777
v 2347.798584 11182.572266 -5384.838379
v 2343.277832 11167.673828 -5382.896973
v 2667.368896 11094.402344 -5190.599121
v 2671.889160 11109.301758 -5192.541016
v 2853.921631 11037.942383 -5189.529785
v 2858.442383 11052.839844 -5191.471680
v 3027.182129 10976.886719 -5254.675293
v 3031.702393 10991.785156 -5256.617188
v 3166.252441 10918.597656 -5378.179199
v 3170.772461 10933.497070 -5380.121094
v 3254.357666 10870.109375 -5545.144043
v 3258.877930 10885.007812 -5547.085449
v 3280.872070 10837.267578 -5735.432129
v 3285.392090 10852.166016 -5737.373535
v 3242.596680 10824.036133 -5926.091309
v 3247.116943 10838.934570 -5928.032227
v 3144.148926 10832.006836 -6094.125488
v 3148.669678 10846.906250 -6096.066895
v 2997.403320 10860.222656 -6219.267578
v 3001.923340 10875.121094 -6221.208984
v 2820.059082 10905.278320 -6286.423340
v 2824.579102 10920.176758 -6288.364746
v 2633.505371 10961.739258 -6287.492676
v 2638.025635 10976.637695 -6289.434082
v 2460.245605 11022.795898 -6222.347168
v 2464.765625 11037.694336 -6224.288574
v 2321.175293 11081.083984 -6098.843750
v 2325.695557 11095.981445 -6100.785156
v 2233.069824 11129.572266 -5931.878418
v 2237.589600 11144.470703 -5933.819824
v 2206.555420 11162.414062 -5741.590820
v 2211.075195 11177.311523 -5743.531738
v 2244.830078 11175.646484 -5550.931641
v 2249.350098 11190.544922 -5552.873047
v 2803.030029 10884.113281 -6227.085449
v 2635.317139 10934.873047 -6228.046387
v 2833.472656 11003.380859 -5240.971191
v 2989.234619 10948.491211 -5299.537598
v 2962.463623 10843.609375 -6166.711426
v 2285.895752 11127.176758 -5565.873535
v 2374.401367 11120.008789 -5414.809570
v 2665.761230 11054.138672 -5241.933105
v 3094.388672 10818.245117 -6054.208496
v 2251.486328 11115.280273 -5737.276855
v 2506.326416 11094.644531 -5302.306152
v 3182.893555 10811.077148 -5903.144531
v 2275.323242 11085.756836 -5908.347656
v 3217.303711 10822.972656 -5731.740723
v 2354.530762 11042.164062 -6058.449707
v 3193.466797 10852.497070 -5560.670898
v 2479.555664 10989.764648 -6169.479980
v 3114.259766 10896.088867 -5410.568848
v 2808.819824 11053.998047 -5717.202637
v 2793.590088 11008.164062 -5712.720703
v 2775.514648 11013.768555 -5707.940918
v 2786.336426 11047.301758 -5711.581543
v 2794.647705 11073.328125 -5679.151855
v 2776.990967 11018.364258 -5673.093262
v 2792.359375 11015.167969 -5661.854492
v 2812.442383 11079.260742 -5669.489258
v 2826.614746 11059.929688 -5707.540527
v 2808.958008 11004.965820 -5701.481934
v 2833.860596 11078.541016 -5672.809570
v 2812.281494 11008.814453 -5664.203125
v 2817.475586 11004.639648 -5684.159668
v 2837.559082 11068.732422 -5691.794922
v 2786.336426 11047.301758 -5711.581543
v 2775.514648 11013.768555 -5707.940918
v 2768.473145 11018.690430 -5690.414551
v 2783.703369 11064.525391 -5694.896973
v 2823.951660 11139.541992 -5714.927246
v 2830.328613 11111.324219 -5693.344238
v 2833.440430 11098.473633 -5711.036133
v 2826.477051 11123.646484 -5731.325195
v 2789.610352 11116.829102 -5705.616211
v 2793.552002 11097.363281 -5691.859863
v 2810.364746 11108.605469 -5686.453613
v 2805.442139 11133.384766 -5704.465332
v 2782.042480 11081.724609 -5730.491699
v 2788.111816 11072.109375 -5720.204590
v 2783.032227 11083.355469 -5703.971191
v 2779.516846 11097.620117 -5714.094238
v 2822.921631 11084.466797 -5723.146973
v 2816.383301 11104.436523 -5739.801758
v 2806.108887 11073.223633 -5728.553711
v 2800.552246 11087.881836 -5740.953613
v 2740.884277 11148.126953 -5784.118652
v 2776.697021 11145.273438 -5742.444336
v 2791.380859 11150.584961 -5756.814941
v 2751.741211 11152.593750 -5802.398926
v 2764.331543 11109.631836 -5800.867188
v 2793.891357 11111.549805 -5768.486328
v 2784.282227 11094.238281 -5762.273926
v 2760.943604 11091.560547 -5787.291504
v 2797.756592 11132.379883 -5767.786621
v 2761.968018 11132.079102 -5807.944824
v 2737.496094 11130.058594 -5770.542480
v 2767.087891 11127.959961 -5736.231934
v 2751.348633 11088.330078 -5768.171387
v 2768.143799 11087.503906 -5748.871094
v 2763.222656 11107.130859 -5736.931152
v 2739.859863 11107.611328 -5763.466309
v 2709.180908 11069.082031 -5779.827148
v 2722.044922 11093.259766 -5776.751465
v 2712.987549 11106.030273 -5786.800293
v 2696.384766 11078.712891 -5792.603516
v 2713.508789 11065.698242 -5831.182129
v 2733.409180 11098.009766 -5824.024414
v 2742.466309 11085.237305 -5813.975098
v 2727.032227 11056.776367 -5817.921875
v 2733.988037 11052.556641 -5799.236328
v 2745.207031 11076.921875 -5798.102051
v 2737.830078 11078.506836 -5778.758301
v 2728.261475 11057.125000 -5779.441895
v 2689.429199 11082.933594 -5811.289062
v 2710.247070 11114.346680 -5802.673340
v 2715.713379 11116.316406 -5825.847168
v 2695.155762 11078.365234 -5831.084473
v 2728.261475 11057.125000 -5779.441895
v 2737.830078 11078.506836 -5778.758301
v 2700.008057 11021.976562 -5824.615723
v 2680.086426 11028.327148 -5822.268066
v 2674.891357 11032.501953 -5802.310059
v 2683.408936 11032.175781 -5784.988281
v 2698.777344 11028.977539 -5773.749512
v 2718.699219 11022.627930 -5776.098145
v 2718.699219 11022.627930 -5776.098145
v 2723.894043 11018.450195 -5796.055664
v 2715.375977 11018.777344 -5813.376953
v 2788.111816 11072.109375 -5720.204590
v 2782.042480 11081.724609 -5730.491699
v 2768.143799 11087.503906 -5748.871094
v 2751.348633 11088.330078 -5768.171387
v 2634.992676 10980.366211 -5906.190918
v 2696.326416 10958.752930 -5929.252441
v 2884.916504 10943.481445 -5607.357910
v 2835.686279 10964.115234 -5563.638184
v 2762.365234 10938.765625 -5928.874512
v 2774.353027 10985.727539 -5540.577148
v 2825.144531 10922.815430 -5905.101074
v 2593.586670 11031.652344 -5609.028809
v 2558.735596 11034.474609 -5668.511719
v 2708.313477 11005.714844 -5540.954590
v 2877.092285 10912.828125 -5860.800293
v 2545.187012 11029.790039 -5736.004395
v 2645.534180 11021.665039 -5564.727051
v 2911.943604 10910.004883 -5801.316895
v 2554.573242 11018.164062 -5803.365723
v 2925.492676 10914.689453 -5733.824707
v 2585.762695 11001.000000 -5862.471191
v 2916.105957 10926.314453 -5666.463379
vn 0.2882 0.9496 -0.1235
vn 0.5916 0.7417 0.3161
vn 0.7790 0.6182 0.1046
vn 0.7789 0.6183 0.1049
vn 0.4900 0.8151 -0.3091
vn -0.6400 0.0898 -0.7631
vn -0.4453 0.5047 -0.7396
vn -0.1949 0.3892 -0.9003
vn -0.1948 0.3893 -0.9003
vn -0.3734 -0.0058 -0.9276
vn -0.6400 0.0899 -0.7631
vn -0.6903 -0.4552 -0.5624
vn -0.6402 0.0892 -0.7630
vn -0.3736 -0.0061 -0.9276
vn -0.3737 -0.0058 -0.9275
vn -0.4136 -0.5219 -0.7460
vn -0.6902 -0.4553 -0.5624
vn -0.4702 -0.8748 -0.1166
vn -0.6903 -0.4555 -0.5621
vn -0.4135 -0.5220 -0.7460
vn -0.2002 -0.9211 -0.3340
vn -0.4701 -0.8749 -0.1164
vn -0.2881 -0.9496 0.1237
vn -0.4698 -0.8751 -0.1160
vn -0.2002 -0.9210 -0.3341
vn -0.0089 -0.9933 -0.1150
vn -0.2879 -0.9496 0.1238
vn -0.0787 -0.9328 0.3517
vn -0.0090 -0.9933 -0.1152
vn -0.0090 -0.9933 -0.1151
vn 0.1781 -0.9769 0.1183
vn 0.3664 -0.6115 0.7013
vn -0.0784 -0.9327 0.3521
vn 0.1781 -0.9769 0.1182
vn 0.1782 -0.9768 0.1183
vn 0.5888 -0.6698 0.4524
vn 0.3663 -0.6116 0.7013
vn 0.6371 -0.0994 0.7644
vn 0.3667 -0.6111 0.7015
vn 0.5890 -0.6696 0.4524
vn 0.8353 -0.1843 0.5180
vn 0.6371 -0.0994 0.7643
vn 0.7002 0.3358 0.6301
vn 0.6373 -0.0987 0.7642
vn 0.8354 -0.1842 0.5178
vn 0.8354 -0.1843 0.5179
vn 0.8892 0.2292 0.3959
vn 0.7001 0.3358 0.6301
vn 0.5916 0.7414 0.3166
vn 0.7003 0.3363 0.6297
vn 0.8892 0.2295 0.3957
vn 0.8891 0.2294 0.3960
vn 0.7790 0.6182 0.1048
vn 0.5918 0.7413 0.3166
vn -0.1103 0.8453 -0.5228
vn 0.2878 0.9496 -0.1239
vn 0.4901 0.8150 -0.3092
vn 0.4900 0.8151 -0.3092
vn 0.1154 0.7161 -0.6884
vn -0.1100 0.8452 -0.5229
vn -0.4450 0.5052 -0.7394
vn -0.1105 0.8450 -0.5232
vn 0.1156 0.7160 -0.6884
vn 0.1156 0.7161 -0.6884
vn -0.1948 0.3894 -0.9003
vn 0.0594 0.9955 0.0732
vn 0.3445 0.8003 0.4907
vn 0.5916 0.7416 0.3162
vn 0.5917 0.7416 0.3161
vn 0.2883 0.9495 -0.1235
vn 0.0595 0.9955 0.0734
vn -0.6444 0.5777 -0.5010
vn -0.3188 0.8983 -0.3025
vn -0.1105 0.8449 -0.5233
vn -0.1103 0.8450 -0.5233
vn -0.4449 0.5051 -0.7395
vn -0.6443 0.5779 -0.5009
vn 0.4396 0.4179 0.7951
vn 0.7003 0.3361 0.6297
vn 0.5919 0.7413 0.3165
vn 0.3444 0.8003 0.4908
vn 0.4398 0.4177 0.7951
vn 0.3744 0.0089 0.9272
vn 0.6374 -0.0986 0.7642
vn 0.7003 0.3357 0.6300
vn 0.4397 0.4176 0.7951
vn 0.3744 0.0088 0.9272
vn 0.1125 -0.4701 0.8754
vn 0.3667 -0.6112 0.7014
vn 0.3668 -0.6113 0.7013
vn 0.6372 -0.0992 0.7643
vn 0.3743 0.0087 0.9273
vn 0.1125 -0.4700 0.8755
vn -0.3131 -0.7709 0.5547
vn -0.0784 -0.9327 0.3520
vn -0.0783 -0.9327 0.3521
vn 0.3665 -0.6116 0.7012
vn -0.3132 -0.7708 0.5548
vn -0.5278 -0.7759 0.3457
vn -0.2882 -0.9496 0.1236
vn -0.2880 -0.9496 0.1237
vn -0.0786 -0.9328 0.3517
vn -0.3131 -0.7708 0.5548
vn -0.5278 -0.7758 0.3457
vn -0.6917 -0.7150 0.1018
vn -0.4698 -0.8751 -0.1161
vn -0.4699 -0.8751 -0.1161
vn -0.5278 -0.7758 0.3458
vn -0.6918 -0.7148 0.1020
vn -0.8898 -0.3220 -0.3233
vn -0.6903 -0.4555 -0.5622
vn -0.6901 -0.4556 -0.5622
vn -0.4701 -0.8749 -0.1167
vn -0.6917 -0.7149 0.1019
vn -0.8899 -0.3220 -0.3231
vn -0.8344 0.1873 -0.5184
vn -0.6403 0.0892 -0.7630
vn -0.6400 0.0894 -0.7632
vn -0.8899 -0.3219 -0.3230
vn -0.8345 0.1872 -0.5182
vn -0.6444 0.5776 -0.5011
vn -0.4452 0.5048 -0.7396
vn -0.4451 0.5048 -0.7396
vn -0.6401 0.0898 -0.7631
vn -0.8344 0.1874 -0.5182
vn -0.3667 0.6063 0.7057
vn -0.5086 0.6931 0.5108
vn -0.6829 0.6529 0.3277
vn -0.8344 0.4926 0.2472
vn -0.3667 0.6063 0.7056
vn -0.8343 0.4927 0.2472
vn -0.9218 0.3116 0.2308
vn -0.3665 0.6064 0.7057
vn -0.9217 0.3117 0.2308
vn -0.9467 0.0704 0.3145
vn -0.3666 0.6063 0.7057
vn -0.9467 0.0705 0.3144
vn -0.8513 -0.1148 0.5120
vn -0.8512 -0.1150 0.5120
vn -0.7694 -0.0937 0.6318
vn -0.3666 0.6064 0.7057
vn -0.7694 -0.0938 0.6319
vn -0.6701 -0.1418 0.7286
vn -0.3665 0.6063 0.7057
vn -0.6701 -0.1419 0.7286
vn -0.4726 0.0004 0.8813
vn -0.4726 0.0003 0.8813
vn -0.3574 0.2282 0.9056
vn -0.3573 0.2284 0.9057
vn -0.3355 0.4189 0.8438
vn -0.3666 0.6064 0.7056
vn -0.5086 0.6932 0.5107
vn 0.0592 0.9955 0.0733
vn -0.3189 0.8982 -0.3025
vn -0.6829 0.6531 0.3273
vn -0.6829 0.6531 0.3272
vn -0.3189 0.8982 -0.3026
vn -0.6445 0.5776 -0.5010
vn -0.6444 0.5778 -0.5010
vn -0.8345 0.4927 0.2468
vn -0.6830 0.6530 0.3272
vn -0.8346 0.4925 0.2468
vn -0.6444 0.5778 -0.5008
vn -0.8347 0.1873 -0.5180
vn -0.8345 0.1875 -0.5181
vn -0.9219 0.3116 0.2304
vn -0.8345 0.4926 0.2469
vn -0.9219 0.3115 0.2304
vn -0.8345 0.1873 -0.5182
vn -0.8899 -0.3221 -0.3230
vn -0.8898 -0.3223 -0.3232
vn -0.9467 0.0703 0.3142
vn -0.9219 0.3115 0.2305
vn -0.9467 0.0702 0.3142
vn -0.8898 -0.3222 -0.3232
vn -0.6916 -0.7150 0.1022
vn -0.6917 -0.7150 0.1021
vn -0.8513 -0.1152 0.5119
vn -0.9467 0.0702 0.3144
vn -0.8512 -0.1155 0.5119
vn -0.6916 -0.7150 0.1020
vn -0.5280 -0.7756 0.3459
vn -0.7694 -0.0942 0.6318
vn -0.8512 -0.1154 0.5119
vn -0.7694 -0.0941 0.6317
vn -0.3131 -0.7707 0.5549
vn -0.6699 -0.1422 0.7287
vn -0.7693 -0.0940 0.6319
vn -0.6699 -0.1421 0.7287
vn -0.3129 -0.7708 0.5549
vn 0.1124 -0.4703 0.8753
vn -0.4725 0.0003 0.8813
vn -0.6699 -0.1420 0.7287
vn 0.1126 -0.4700 0.8754
vn 0.3743 0.0090 0.9273
vn 0.3743 0.0089 0.9273
vn -0.3570 0.2282 0.9058
vn -0.4725 0.0004 0.8813
vn -0.3570 0.2284 0.9057
vn 0.4395 0.4177 0.7952
vn 0.4395 0.4176 0.7952
vn -0.3353 0.4189 0.8439
vn -0.3353 0.4190 0.8438
vn 0.3443 0.8004 0.4907
vn -0.3353 0.4192 0.8437
vn 0.3445 0.8004 0.4906
vn 0.0593 0.9955 0.0734
vn 0.0594 0.9955 0.0734
vn -0.5084 0.6933 0.5108
vn -0.3665 0.6064 0.7056
vn -0.3190 0.8982 -0.3023
vn 0.0593 0.9956 0.0731
vn 0.2881 0.9496 -0.1239
vn 0.2881 0.9496 -0.1240
vn -0.1102 0.8452 -0.5229
vn -0.3189 0.8983 -0.3023
vn 0.5872 0.1209 -0.8004
vn 0.4902 0.8150 -0.3092
vn 0.4900 0.8150 -0.3093
vn 0.7669 0.1586 -0.6218
vn 0.4487 -0.0450 -0.8925
vn -0.1946 0.3891 -0.9004
vn 0.1157 0.7161 -0.6883
vn 0.1157 0.7162 -0.6883
vn 0.5872 0.1208 -0.8004
vn 0.4487 -0.0450 -0.8926
vn 0.3581 -0.2248 -0.9062
vn -0.3733 -0.0060 -0.9277
vn -0.1947 0.3892 -0.9004
vn -0.1947 0.3891 -0.9004
vn 0.4485 -0.0452 -0.8926
vn 0.3581 -0.2247 -0.9062
vn 0.3315 -0.4653 -0.8207
vn -0.4134 -0.5217 -0.7462
vn -0.3733 -0.0058 -0.9277
vn -0.3735 -0.0060 -0.9276
vn 0.3313 -0.4654 -0.8208
vn 0.4291 -0.6519 -0.6253
vn -0.2003 -0.9210 -0.3341
vn -0.4135 -0.5218 -0.7462
vn -0.4133 -0.5219 -0.7462
vn 0.3315 -0.4654 -0.8207
vn 0.4291 -0.6519 -0.6252
vn 0.5452 -0.6450 -0.5355
vn -0.0087 -0.9933 -0.1154
vn -0.2001 -0.9211 -0.3340
vn 0.4292 -0.6520 -0.6251
vn 0.5451 -0.6450 -0.5356
vn 0.6103 -0.6787 -0.4086
vn -0.0086 -0.9933 -0.1151
vn -0.0086 -0.9933 -0.1153
vn 0.5451 -0.6451 -0.5355
vn 0.6103 -0.6787 -0.4085
vn 0.8055 -0.5355 -0.2538
vn 0.5889 -0.6697 0.4524
vn 0.1782 -0.9769 0.1183
vn 0.6103 -0.6788 -0.4085
vn 0.8056 -0.5354 -0.2538
vn 0.9228 -0.3083 -0.2309
vn 0.8354 -0.1843 0.5178
vn 0.5889 -0.6698 0.4523
vn 0.5890 -0.6697 0.4523
vn 0.8057 -0.5354 -0.2534
vn 0.9228 -0.3084 -0.2309
vn 0.9479 -0.1190 -0.2955
vn 0.8893 0.2293 0.3958
vn 0.8355 -0.1845 0.5176
vn 0.8355 -0.1842 0.5178
vn 0.9229 -0.3082 -0.2309
vn 0.9035 0.0741 -0.4221
vn 0.7790 0.6182 0.1049
vn 0.8893 0.2291 0.3957
vn 0.8893 0.2294 0.3956
vn 0.9479 -0.1188 -0.2956
vn 0.9035 0.0740 -0.4220
vn 0.7670 0.1585 -0.6217
vn 0.4900 0.8150 -0.3094
vn 0.7791 0.6181 0.1048
vn 0.9035 0.0743 -0.4221
vn 0.7670 0.1587 -0.6217
vn 0.4488 -0.0452 -0.8925
vn 0.5871 0.1206 -0.8005
vn 0.7670 0.1584 -0.6218
vn 0.4487 -0.0453 -0.8925
vn 0.7669 0.1584 -0.6219
vn 0.9034 0.0740 -0.4223
vn 0.4489 -0.0451 -0.8924
vn 0.9034 0.0741 -0.4223
vn 0.9478 -0.1190 -0.2958
vn 0.4488 -0.0453 -0.8925
vn 0.9228 -0.3083 -0.2312
vn 0.9228 -0.3082 -0.2312
vn 0.8056 -0.5353 -0.2540
vn 0.8056 -0.5353 -0.2539
vn 0.6105 -0.6785 -0.4086
vn 0.4490 -0.0450 -0.8924
vn 0.6104 -0.6785 -0.4086
vn 0.5454 -0.6447 -0.5356
vn 0.4489 -0.0455 -0.8924
vn 0.4295 -0.6517 -0.6251
vn 0.4294 -0.6518 -0.6251
vn 0.3316 -0.4653 -0.8207
vn 0.3316 -0.4654 -0.8206
vn 0.3584 -0.2249 -0.9061
vn -0.6001 0.7961 -0.0777
vn -0.5452 0.8152 0.1956
vn -0.3260 0.9388 0.1108
vn -0.3260 0.9389 0.1105
vn -0.3684 0.9242 -0.1004
vn -0.6001 0.7962 -0.0775
vn 0.9036 0.3765 0.2042
vn 0.9416 0.3295 -0.0689
vn 0.8201 0.5645 -0.0939
vn 0.8201 0.5646 -0.0936
vn 0.7908 0.6009 0.1168
vn 0.9036 0.3766 0.2040
vn -0.5453 0.8151 0.1959
vn -0.4039 0.8037 0.4370
vn -0.2171 0.9300 0.2966
vn -0.2171 0.9301 0.2964
vn -0.3259 0.9389 0.1107
vn -0.5452 0.8151 0.1959
vn 0.8867 0.3105 -0.3425
vn 0.7455 0.3220 -0.5836
vn 0.6687 0.5588 -0.4905
vn 0.6688 0.5588 -0.4904
vn 0.7778 0.5498 -0.3046
vn 0.8867 0.3105 -0.3426
vn 0.9417 0.3293 -0.0688
vn 0.8868 0.3105 -0.3423
vn 0.7778 0.5498 -0.3047
vn 0.7776 0.5501 -0.3044
vn 0.8201 0.5645 -0.0938
vn 0.9417 0.3294 -0.0689
vn -0.4039 0.8036 0.4371
vn -0.1934 0.7631 0.6167
vn -0.0548 0.8988 0.4350
vn -0.0548 0.8988 0.4349
vn -0.2170 0.9301 0.2964
vn 0.2803 0.4270 -0.8597
vn 0.0128 0.5081 -0.8612
vn 0.1038 0.7022 -0.7044
vn 0.1039 0.7023 -0.7043
vn 0.3103 0.6397 -0.7032
vn 0.0611 0.6985 0.7130
vn 0.1416 0.8489 0.5092
vn 0.1414 0.8490 0.5091
vn -0.0546 0.8988 0.4349
vn -0.1931 0.7631 0.6168
vn 0.0127 0.5079 -0.8613
vn -0.2360 0.5957 -0.7678
vn -0.0879 0.7697 -0.6323
vn -0.0876 0.7698 -0.6322
vn 0.1040 0.7022 -0.7043
vn 0.0125 0.5081 -0.8612
vn -0.3368 0.8581 0.3875
vn -0.1427 0.8208 0.5532
vn 0.3937 0.8548 -0.3380
vn 0.3936 0.8549 -0.3380
vn 0.4605 0.8420 -0.2811
vn -0.3369 0.8581 0.3875
vn 0.0612 0.6984 0.7131
vn 0.3288 0.6175 0.7146
vn 0.3479 0.7866 0.5102
vn 0.3478 0.7866 0.5102
vn 0.1416 0.8490 0.5090
vn 0.0613 0.6984 0.7131
vn -0.2362 0.5957 -0.7677
vn -0.4355 0.6792 -0.5908
vn -0.2417 0.8343 -0.4955
vn -0.2416 0.8343 -0.4956
vn -0.0879 0.7699 -0.6321
vn 0.3287 0.6173 0.7147
vn 0.5776 0.5298 0.6210
vn 0.5396 0.7189 0.4382
vn 0.5395 0.7190 0.4381
vn 0.3289 0.6175 0.7146
vn -0.4357 0.6793 -0.5905
vn -0.5620 0.7489 -0.3511
vn -0.3391 0.8879 -0.3107
vn -0.3391 0.8879 -0.3109
vn -0.2416 0.8344 -0.4955
vn -0.4358 0.6794 -0.5904
vn 0.5776 0.5299 0.6210
vn 0.7770 0.4462 0.4440
vn 0.6933 0.6546 0.3015
vn 0.6933 0.6545 0.3017
vn 0.5394 0.7191 0.4380
vn 0.5777 0.5298 0.6210
vn -0.5622 0.7489 -0.3509
vn -0.6001 0.7961 -0.0778
vn -0.3684 0.9243 -0.1003
vn -0.3683 0.9243 -0.1004
vn -0.3390 0.8880 -0.3107
vn -0.5621 0.7490 -0.3508
vn 0.7771 0.4462 0.4438
vn 0.9036 0.3766 0.2044
vn 0.7908 0.6008 0.1167
vn 0.7907 0.6009 0.1170
vn 0.6932 0.6546 0.3015
vn 0.7771 0.4463 0.4438
vn 0.3387 0.6865 0.6434
vn 0.5680 0.6057 0.5572
vn 0.1499 0.9287 -0.3392
vn 0.1499 0.9287 -0.3393
vn 0.2286 0.9009 -0.3689
vn 0.3386 0.6865 0.6435
vn 0.2940 0.5109 -0.8078
vn 0.0468 0.5858 -0.8091
vn 0.3285 0.9355 0.1297
vn 0.3286 0.9355 0.1297
vn 0.2439 0.9612 0.1290
vn 0.2941 0.5109 -0.8078
vn 0.5680 0.6057 0.5573
vn 0.7517 0.5288 0.3942
vn 0.0868 0.9551 -0.2832
vn 0.0865 0.9551 -0.2834
vn 0.1499 0.9286 -0.3393
vn 0.5679 0.6058 0.5572
vn 0.0471 0.5858 -0.8091
vn -0.1821 0.6663 -0.7231
vn 0.4072 0.9079 0.1000
vn 0.0471 0.5857 -0.8091
vn 0.7519 0.5287 0.3938
vn 0.8686 0.4643 0.1730
vn 0.0467 0.9771 -0.2075
vn 0.0869 0.9551 -0.2833
vn 0.7519 0.5286 0.3940
vn -0.1820 0.6664 -0.7230
vn -0.3660 0.7436 -0.5596
vn 0.4704 0.8813 0.0440
vn 0.4705 0.8813 0.0439
vn 0.4073 0.9078 0.1001
vn -0.1820 0.6663 -0.7231
vn 0.8686 0.4643 0.1729
vn 0.9037 0.4208 -0.0787
vn 0.0345 0.9920 -0.1212
vn 0.0346 0.9920 -0.1211
vn 0.0467 0.9771 -0.2077
vn 0.8685 0.4645 0.1732
vn -0.3660 0.7435 -0.5597
vn -0.4826 0.8077 -0.3386
vn 0.5105 0.8593 -0.0317
vn 0.4705 0.8813 0.0440
vn 0.9037 0.4209 -0.0787
vn 0.8532 0.4034 -0.3307
vn 0.0520 0.9981 -0.0345
vn 0.0521 0.9980 -0.0346
vn -0.4670 0.8687 0.1652
vn -0.3368 0.8581 0.3876
vn 0.4606 0.8419 -0.2812
vn 0.4604 0.8420 -0.2812
vn 0.5052 0.8384 -0.2047
vn -0.4671 0.8686 0.1651
vn -0.5177 0.8511 -0.0869
vn 0.5225 0.8444 -0.1181
vn 0.5226 0.8443 -0.1182
vn 0.5103 0.8594 -0.0317
vn -0.4825 0.8077 -0.3389
vn 0.8530 0.4034 -0.3310
vn 0.7228 0.4141 -0.5533
vn 0.0967 0.9944 0.0418
vn 0.0968 0.9944 0.0419
vn 0.0522 0.9980 -0.0343
vn 0.8530 0.4035 -0.3309
vn -0.1426 0.8207 0.5532
vn 0.0916 0.7613 0.6419
vn 0.3132 0.8753 -0.3686
vn 0.3132 0.8753 -0.3685
vn 0.3938 0.8549 -0.3378
vn -0.1428 0.8208 0.5531
vn -0.5177 0.8512 -0.0870
vn -0.4669 0.8687 0.1655
vn 0.5053 0.8383 -0.2047
vn 0.5050 0.8385 -0.2047
vn 0.5225 0.8444 -0.1183
vn -0.5176 0.8511 -0.0872
vn 0.5289 0.4513 -0.7188
vn 0.1634 0.9816 0.0987
vn 0.1635 0.9816 0.0987
vn 0.0967 0.9944 0.0417
vn 0.7229 0.4140 -0.5532
vn 0.0919 0.7612 0.6420
vn 0.3385 0.6865 0.6435
vn 0.2285 0.9009 -0.3689
vn 0.3133 0.8753 -0.3685
vn 0.0918 0.7612 0.6420
vn 0.5348 0.3623 -0.7633
vn 0.2805 0.4269 -0.8597
vn 0.3102 0.6397 -0.7032
vn 0.3104 0.6398 -0.7031
vn 0.5064 0.5900 -0.6289
vn 0.5347 0.3625 -0.7633
vn 0.5286 0.4514 -0.7189
vn 0.2940 0.5110 -0.8078
vn 0.2440 0.9611 0.1292
vn 0.1634 0.9816 0.0986
vn 0.5287 0.4513 -0.7189
vn 0.3327 0.9419 -0.0451
vn 0.3550 0.9326 -0.0649
vn 0.5679 0.8100 0.1463
vn 0.5678 0.8100 0.1465
vn 0.4678 0.8520 0.2353
vn 0.2692 0.9395 -0.2117
vn 0.2412 0.9494 -0.2012
vn 0.0593 0.8851 -0.4615
vn 0.0594 0.8851 -0.4615
vn 0.1842 0.8411 -0.5085
vn 0.2692 0.9396 -0.2117
vn 0.3550 0.9326 -0.0652
vn 0.3693 0.9247 -0.0920
vn 0.6313 0.7751 0.0260
vn 0.6313 0.7751 0.0261
vn 0.5678 0.8100 0.1463
vn 0.2188 0.9588 -0.1814
vn -0.0409 0.9271 -0.3727
vn -0.0408 0.9270 -0.3728
vn 0.0594 0.8850 -0.4617
vn 0.3693 0.9247 -0.0921
vn 0.3736 0.9194 -0.1228
vn 0.6504 0.7514 -0.1109
vn 0.2045 0.9666 -0.1544
vn -0.1043 0.9620 -0.2523
vn -0.1044 0.9620 -0.2524
vn -0.0408 0.9270 -0.3727
vn 0.3737 0.9194 -0.1228
vn 0.3675 0.9173 -0.1535
vn 0.6228 0.7419 -0.2484
vn 0.6228 0.7420 -0.2482
vn 0.2222 0.9728 -0.0659
vn 0.2461 0.9682 -0.0458
vn 0.0809 0.9691 0.2331
vn 0.0808 0.9691 0.2332
vn -0.0249 0.9894 0.1430
vn 0.2223 0.9727 -0.0659
vn 0.2046 0.9666 -0.1543
vn 0.2003 0.9719 -0.1238
vn -0.1234 0.9856 -0.1154
vn -0.1233 0.9856 -0.1155
vn -0.1043 0.9620 -0.2524
vn 0.2046 0.9666 -0.1544
vn 0.3674 0.9173 -0.1535
vn 0.3516 0.9185 -0.1806
vn 0.5518 0.7477 -0.3695
vn 0.5520 0.7477 -0.3693
vn 0.6228 0.7420 -0.2483
vn 0.2745 0.9610 -0.0348
vn 0.2087 0.9366 0.2815
vn 0.2085 0.9366 0.2815
vn 0.0808 0.9691 0.2330
vn 0.2461 0.9682 -0.0457
vn 0.2003 0.9719 -0.1237
vn 0.2064 0.9740 -0.0930
vn -0.0958 0.9952 0.0220
vn -0.1234 0.9856 -0.1153
vn 0.3515 0.9186 -0.1806
vn 0.3278 0.9232 -0.2007
vn 0.4461 0.7680 -0.4595
vn 0.4464 0.7679 -0.4595
vn 0.5518 0.7476 -0.3695
vn 0.3047 0.9518 -0.0346
vn 0.3430 0.8959 0.2822
vn 0.3429 0.8960 0.2822
vn 0.2745 0.9609 -0.0348
vn -0.0250 0.9894 0.1429
vn -0.0958 0.9952 0.0219
vn 0.2065 0.9740 -0.0930
vn 0.3278 0.9232 -0.2008
vn 0.2993 0.9304 -0.2116
vn 0.3185 0.8004 -0.5078
vn 0.4463 0.7680 -0.4593
vn 0.3047 0.9518 -0.0347
vn 0.3325 0.9420 -0.0452
vn 0.4678 0.8519 0.2353
vn 0.3428 0.8960 0.2821
vn 0.3048 0.9518 -0.0346
vn 0.3184 0.8004 -0.5080
vn 0.7082 0.6279 0.3229
vn 0.5680 0.8099 0.1465
vn 0.6316 0.7748 0.0261
vn 0.6315 0.7749 0.0262
vn 0.8100 0.5718 0.1298
vn 0.7083 0.6279 0.3227
vn -0.1091 0.7485 -0.6541
vn 0.0590 0.8849 -0.4620
vn -0.0413 0.9269 -0.3729
vn -0.0411 0.9269 -0.3730
vn -0.2700 0.8159 -0.5112
vn -0.1092 0.7486 -0.6540
vn 0.8101 0.5718 0.1296
vn 0.6316 0.7748 0.0260
vn 0.6507 0.7512 -0.1110
vn 0.6506 0.7513 -0.1108
vn 0.8407 0.5340 -0.0903
vn 0.8100 0.5719 0.1294
vn -0.2701 0.8160 -0.5111
vn -0.0411 0.9270 -0.3728
vn -0.1045 0.9619 -0.2526
vn -0.3719 0.8721 -0.3181
vn -0.2701 0.8161 -0.5109
vn 0.8408 0.5337 -0.0906
vn 0.6506 0.7513 -0.1109
vn 0.6231 0.7416 -0.2484
vn 0.6231 0.7417 -0.2483
vn 0.7965 0.5185 -0.3111
vn 0.8407 0.5338 -0.0908
vn -0.2444 0.9162 0.3177
vn -0.0249 0.9894 0.1433
vn 0.0807 0.9690 0.2334
vn 0.0805 0.9691 0.2332
vn -0.0747 0.8836 0.4623
vn -0.2443 0.9162 0.3177
vn -0.3722 0.8721 -0.3177
vn -0.1046 0.9619 -0.2525
vn -0.1237 0.9856 -0.1154
vn -0.4027 0.9101 -0.0978
vn -0.3720 0.8722 -0.3177
vn 0.7964 0.5185 -0.3113
vn 0.6230 0.7417 -0.2486
vn 0.5521 0.7474 -0.3696
vn 0.5522 0.7474 -0.3694
vn 0.6826 0.5278 -0.5055
vn -0.0745 0.8835 0.4624
vn 0.0806 0.9691 0.2333
vn 0.2084 0.9366 0.2818
vn 0.1304 0.8315 0.5400
vn -0.0744 0.8835 0.4625
vn -0.4028 0.9101 -0.0975
vn -0.1237 0.9856 -0.1153
vn -0.0961 0.9951 0.0221
vn -0.0962 0.9951 0.0218
vn -0.3584 0.9255 0.1229
vn -0.4026 0.9102 -0.0975
vn 0.6825 0.5277 -0.5057
vn 0.4463 0.7678 -0.4598
vn 0.4464 0.7678 -0.4596
vn 0.5128 0.5604 -0.6504
vn 0.6823 0.5279 -0.5058
vn 0.1307 0.8314 0.5400
vn 0.2086 0.9365 0.2817
vn 0.3430 0.8959 0.2824
vn 0.3427 0.8960 0.2825
vn 0.3463 0.7662 0.5414
vn 0.1308 0.8314 0.5400
vn -0.3584 0.9254 0.1232
vn -0.0960 0.9951 0.0222
vn -0.0251 0.9893 0.1434
vn -0.0252 0.9894 0.1429
vn -0.2445 0.9162 0.3174
vn -0.3583 0.9254 0.1232
vn 0.5127 0.5602 -0.6506
vn 0.4462 0.7679 -0.4596
vn 0.3185 0.8003 -0.5081
vn 0.3186 0.8002 -0.5082
vn 0.3076 0.6125 -0.7282
vn 0.5124 0.5605 -0.6507
vn 0.3467 0.7660 0.5413
vn 0.3429 0.8959 0.2824
vn 0.4678 0.8519 0.2355
vn 0.4677 0.8519 0.2355
vn 0.5469 0.6955 0.4660
vn 0.3469 0.7660 0.5413
vn 0.3073 0.6125 -0.7283
vn 0.3183 0.8003 -0.5080
vn 0.1841 0.8409 -0.5089
vn 0.1843 0.8409 -0.5089
vn 0.0918 0.6777 -0.7296
vn 0.3074 0.6126 -0.7282
vn 0.5471 0.6954 0.4660
vn 0.4679 0.8519 0.2355
vn 0.5681 0.8098 0.1467
vn 0.5679 0.8099 0.1467
vn 0.7080 0.6280 0.3230
vn 0.5472 0.6954 0.4658
vn 0.0913 0.6779 -0.7295
vn 0.1841 0.8410 -0.5087
vn 0.0591 0.8850 -0.4619
vn -0.1089 0.7486 -0.6540
vn 0.0913 0.6780 -0.7294
vn 0.3792 0.9211 -0.0881
vn 0.6079 0.7939 0.0144
vn 0.6257 0.7719 -0.1126
vn 0.6256 0.7719 -0.1127
vn 0.3839 0.9152 -0.1223
vn 0.2100 0.9594 -0.1884
vn -0.0150 0.9346 -0.3553
vn -0.0738 0.9670 -0.2439
vn -0.0737 0.9670 -0.2439
vn 0.1941 0.9682 -0.1581
vn 0.2100 0.9594 -0.1883
vn 0.3839 0.9152 -0.1227
vn 0.6257 0.7719 -0.1128
vn 0.6002 0.7630 -0.2399
vn 0.6002 0.7630 -0.2400
vn 0.3770 0.9128 -0.1570
vn 0.3839 0.9152 -0.1225
vn 0.2142 0.9750 -0.0587
vn -0.0003 0.9924 0.1227
vn 0.0978 0.9736 0.2062
vn 0.0977 0.9736 0.2063
vn 0.2405 0.9700 -0.0361
vn -0.0737 0.9670 -0.2438
vn -0.0914 0.9889 -0.1169
vn -0.0914 0.9889 -0.1167
vn 0.1893 0.9741 -0.1238
vn 0.3769 0.9128 -0.1572
vn 0.5346 0.7683 -0.3520
vn 0.3592 0.9143 -0.1873
vn 0.2407 0.9699 -0.0361
vn 0.2160 0.9436 0.2510
vn 0.2728 0.9618 -0.0239
vn 0.2408 0.9699 -0.0360
vn 0.1893 0.9741 -0.1237
vn -0.0915 0.9889 -0.1167
vn -0.0660 0.9978 0.0105
vn 0.1963 0.9765 -0.0891
vn 0.3591 0.9143 -0.1875
vn 0.5345 0.7683 -0.3521
vn 0.4366 0.7871 -0.4356
vn 0.4366 0.7872 -0.4356
vn 0.3326 0.9194 -0.2100
vn 0.3407 0.9058 0.2518
vn 0.3406 0.9058 0.2519
vn 0.3065 0.9516 -0.0236
vn 0.2728 0.9618 -0.0238
vn -0.0659 0.9978 0.0105
vn -0.0002 0.9924 0.1227
vn 0.3325 0.9194 -0.2102
vn 0.4365 0.7871 -0.4357
vn 0.3182 0.8172 -0.4806
vn 0.3004 0.9275 -0.2224
vn 0.3067 0.9515 -0.0236
vn 0.3408 0.9058 0.2517
vn 0.4563 0.8650 0.2085
vn 0.4563 0.8651 0.2084
vn 0.3380 0.9405 -0.0354
vn 0.3066 0.9515 -0.0236
vn 0.3003 0.9276 -0.2224
vn 0.3181 0.8172 -0.4806
vn 0.1936 0.8549 -0.4813
vn 0.1935 0.8550 -0.4811
vn 0.2667 0.9377 -0.2225
vn 0.3381 0.9404 -0.0355
vn 0.4563 0.8651 0.2082
vn 0.5492 0.8261 0.1259
vn 0.3631 0.9300 -0.0577
vn 0.2665 0.9378 -0.2226
vn 0.1934 0.8550 -0.4813
vn 0.0780 0.8957 -0.4377
vn 0.0779 0.8957 -0.4378
vn 0.2352 0.9488 -0.2107
vn 0.3631 0.9299 -0.0578
vn 0.6079 0.7939 0.0145
vn 0.6079 0.7938 0.0145
vn 0.2352 0.9488 -0.2106
vn -0.0150 0.9346 -0.3554
vn 0.2102 0.9593 -0.1885
vn 0.3836 0.9153 -0.1226
vn 0.3768 0.9129 -0.1571
vn 0.2880 0.9496 -0.1237
vn 0.2143 0.9750 -0.0588
vn 0.2408 0.9699 -0.0362
vn 0.2881 0.9495 -0.1239
vn 0.1943 0.9681 -0.1580
vn 0.1896 0.9741 -0.1237
vn 0.2881 0.9496 -0.1237
vn 0.3590 0.9143 -0.1874
vn 0.2880 0.9496 -0.1236
vn 0.2408 0.9699 -0.0363
vn 0.2729 0.9618 -0.0240
vn 0.2880 0.9496 -0.1238
vn 0.1966 0.9764 -0.0892
vn 0.2881 0.9496 -0.1238
vn 0.3589 0.9144 -0.1873
vn 0.3325 0.9194 -0.2100
vn 0.2729 0.9617 -0.0240
vn 0.3066 0.9515 -0.0239
vn 0.3325 0.9194 -0.2099
vn 0.3004 0.9276 -0.2221
vn 0.3065 0.9516 -0.0239
vn 0.3378 0.9405 -0.0358
vn 0.2667 0.9378 -0.2224
vn 0.3378 0.9405 -0.0357
vn 0.3629 0.9300 -0.0580
vn 0.2879 0.9496 -0.1237
vn 0.2353 0.9488 -0.2105
vn 0.3630 0.9300 -0.0580
vn 0.3790 0.9212 -0.0881
vn 0.2103 0.9593 -0.1883
vn 0.3789 0.9212 -0.0881
vn 0.2103 0.9594 -0.1882
vn 0.1942 0.9682 -0.1579
vn 0.4522 -0.8870 0.0934
vn 0.6744 -0.7352 0.0682
vn 0.6340 -0.6848 0.3594
vn 0.6339 -0.6849 0.3593
vn 0.4197 -0.8466 0.3274
vn -0.8366 -0.5274 -0.1483
vn -0.9291 -0.2878 -0.2324
vn -0.7941 -0.3620 -0.4882
vn -0.7943 -0.3619 -0.4880
vn -0.7282 -0.5871 -0.3537
vn 0.4053 -0.9032 -0.1412
vn 0.6160 -0.7553 -0.2239
vn 0.6746 -0.7350 0.0682
vn 0.6745 -0.7351 0.0679
vn 0.4522 -0.8870 0.0933
vn 0.4054 -0.9032 -0.1413
vn -0.5205 -0.5152 0.6810
vn -0.5359 -0.2725 0.7991
vn -0.7604 -0.2294 0.6076
vn -0.7603 -0.2293 0.6078
vn -0.7010 -0.4805 0.5270
vn -0.5206 -0.5151 0.6809
vn -0.8691 -0.4871 0.0856
vn -0.9696 -0.2374 0.0588
vn -0.9290 -0.2877 -0.2327
vn -0.9291 -0.2877 -0.2325
vn -0.8692 -0.4871 0.0856
vn 0.2842 -0.8934 -0.3478
vn 0.4651 -0.7431 -0.4811
vn 0.6160 -0.7553 -0.2237
vn 0.6160 -0.7553 -0.2238
vn 0.4053 -0.9032 -0.1413
vn 0.2842 -0.8934 -0.3479
vn -0.3025 -0.5708 0.7634
vn -0.2642 -0.3416 0.9020
vn -0.5359 -0.2726 0.7991
vn -0.5204 -0.5152 0.6810
vn -0.8221 -0.4707 0.3202
vn -0.9110 -0.2172 0.3505
vn -0.9696 -0.2374 0.0585
vn -0.9696 -0.2376 0.0589
vn -0.8691 -0.4872 0.0857
vn -0.8221 -0.4707 0.3201
vn 0.1038 -0.8587 -0.5019
vn 0.2406 -0.7000 -0.6724
vn 0.4654 -0.7432 -0.4808
vn 0.4653 -0.7431 -0.4809
vn 0.2843 -0.8934 -0.3479
vn 0.1037 -0.8587 -0.5019
vn -0.0730 -0.6400 0.7649
vn 0.0212 -0.4281 0.9035
vn -0.2644 -0.3416 0.9019
vn -0.2642 -0.3416 0.9019
vn -0.3024 -0.5707 0.7634
vn -0.0730 -0.6401 0.7649
vn -0.7603 -0.2294 0.6077
vn -0.9110 -0.2173 0.3504
vn -0.9110 -0.2172 0.3506
vn -0.8221 -0.4708 0.3201
vn -0.1145 -0.8033 -0.5844
vn -0.0308 -0.6311 -0.7751
vn 0.2410 -0.7000 -0.6722
vn 0.2408 -0.6999 -0.6724
vn 0.1036 -0.8587 -0.5019
vn -0.1144 -0.8034 -0.5843
vn 0.1402 -0.7151 0.6848
vn 0.2864 -0.5216 0.8037
vn 0.0211 -0.4280 0.9035
vn 0.0212 -0.4279 0.9036
vn 0.1403 -0.7152 0.6847
vn -0.3439 -0.7339 -0.5858
vn -0.3162 -0.5446 -0.7768
vn -0.0306 -0.6311 -0.7751
vn -0.0306 -0.6310 -0.7752
vn 0.3112 -0.7870 0.5328
vn 0.4992 -0.6107 0.6147
vn 0.2861 -0.5214 0.8039
vn 0.2863 -0.5215 0.8038
vn 0.3113 -0.7869 0.5329
vn -0.5570 -0.6588 -0.5057
vn -0.5815 -0.4512 -0.6770
vn -0.3161 -0.5447 -0.7768
vn -0.3163 -0.5446 -0.7768
vn -0.5571 -0.6587 -0.5056
vn 0.4197 -0.8465 0.3275
vn 0.6341 -0.6848 0.3593
vn 0.4991 -0.6107 0.6148
vn 0.3114 -0.7869 0.5328
vn -0.7943 -0.3619 -0.4879
vn -0.5813 -0.4513 -0.6771
vn -0.5815 -0.4511 -0.6771
vn 0.0458 -0.8082 0.5871
vn 0.1404 -0.7150 0.6848
vn -0.0727 -0.6398 0.7651
vn -0.0727 -0.6399 0.7650
vn -0.1278 -0.7470 0.6524
vn 0.0459 -0.8083 0.5870
vn -0.3485 -0.8235 -0.4477
vn -0.3440 -0.7336 -0.5861
vn -0.1144 -0.8031 -0.5847
vn -0.1145 -0.8031 -0.5848
vn -0.1617 -0.8800 -0.4465
vn -0.3487 -0.8234 -0.4477
vn 0.1848 -0.8667 0.4634
vn 0.3117 -0.7867 0.5328
vn 0.1405 -0.7151 0.6848
vn 0.0458 -0.8083 0.5870
vn 0.1852 -0.8667 0.4633
vn -0.5221 -0.7623 -0.3825
vn -0.5571 -0.6586 -0.5059
vn -0.3441 -0.7335 -0.5861
vn -0.3440 -0.7336 -0.5860
vn -0.5225 -0.7621 -0.3823
vn 0.2733 -0.9152 0.2962
vn 0.4200 -0.8464 0.3274
vn 0.3116 -0.7868 0.5328
vn 0.3116 -0.7868 0.5327
vn 0.1851 -0.8666 0.4634
vn 0.2734 -0.9153 0.2959
vn -0.6613 -0.7040 -0.2588
vn -0.7283 -0.5868 -0.3539
vn -0.5574 -0.6584 -0.5058
vn -0.5573 -0.6585 -0.5057
vn -0.5223 -0.7622 -0.3825
vn -0.6617 -0.7037 -0.2586
vn 0.3001 -0.9481 0.1055
vn 0.4526 -0.8868 0.0933
vn 0.4201 -0.8464 0.3273
vn 0.2734 -0.9152 0.2959
vn 0.3001 -0.9481 0.1052
vn -0.7499 -0.6552 -0.0915
vn -0.8367 -0.5271 -0.1484
vn -0.7284 -0.5867 -0.3539
vn -0.6615 -0.7039 -0.2588
vn -0.7499 -0.6552 -0.0913
vn 0.2616 -0.9614 -0.0855
vn 0.4056 -0.9030 -0.1414
vn 0.4525 -0.8869 0.0931
vn 0.4526 -0.8868 0.0932
vn 0.3000 -0.9481 0.1053
vn 0.2615 -0.9614 -0.0859
vn -0.4925 -0.6454 0.5839
vn -0.5206 -0.5148 0.6811
vn -0.7010 -0.4803 0.5272
vn -0.7010 -0.4803 0.5271
vn -0.6393 -0.6172 0.4586
vn -0.4923 -0.6454 0.5841
vn -0.7764 -0.6224 0.0991
vn -0.8694 -0.4866 0.0859
vn -0.8368 -0.5270 -0.1482
vn -0.8368 -0.5271 -0.1482
vn -0.7499 -0.6552 -0.0914
vn -0.7765 -0.6222 0.0994
vn 0.1629 -0.9534 -0.2539
vn 0.2843 -0.8933 -0.3481
vn 0.4054 -0.9031 -0.1414
vn 0.2615 -0.9614 -0.0856
vn 0.1629 -0.9534 -0.2540
vn -0.3149 -0.6905 0.6512
vn -0.3024 -0.5703 0.7637
vn -0.5205 -0.5148 0.6812
vn -0.5204 -0.5149 0.6812
vn -0.3146 -0.6906 0.6513
vn -0.7380 -0.6092 0.2901
vn -0.8223 -0.4703 0.3205
vn -0.8693 -0.4868 0.0859
vn -0.7764 -0.6224 0.0993
vn -0.7381 -0.6091 0.2903
vn 0.0160 -0.9252 -0.3792
vn 0.1037 -0.8586 -0.5021
vn 0.2841 -0.8933 -0.3482
vn 0.2843 -0.8933 -0.3482
vn 0.1629 -0.9534 -0.2538
vn 0.0156 -0.9250 -0.3796
vn -0.1279 -0.7471 0.6523
vn -0.3023 -0.5704 0.7637
vn -0.3147 -0.6906 0.6512
vn -0.1278 -0.7471 0.6523
vn -0.6395 -0.6171 0.4585
vn -0.7011 -0.4802 0.5271
vn -0.8222 -0.4704 0.3204
vn -0.8222 -0.4704 0.3205
vn -0.7380 -0.6092 0.2903
vn -0.6394 -0.6172 0.4586
vn -0.1617 -0.8800 -0.4467
vn -0.1144 -0.8031 -0.5848
vn 0.1038 -0.8585 -0.5022
vn 0.0160 -0.9252 -0.3793
vn -0.1619 -0.8799 -0.4467
vn -0.4591 -0.8878 -0.0328
vn 0.1852 -0.8664 0.4636
vn 0.0459 -0.8081 0.5873
vn 0.0459 -0.8082 0.5871
vn -0.4003 -0.9124 -0.0853
vn -0.1595 -0.9319 0.3256
vn -0.5221 -0.7622 -0.3826
vn -0.3485 -0.8234 -0.4479
vn -0.3486 -0.8233 -0.4479
vn -0.2330 -0.9061 0.3532
vn -0.1594 -0.9320 0.3255
vn -0.4966 -0.8672 0.0381
vn 0.2735 -0.9151 0.2963
vn 0.1852 -0.8665 0.4636
vn 0.1852 -0.8665 0.4635
vn -0.4592 -0.8877 -0.0329
vn -0.1004 -0.9567 0.2732
vn -0.6615 -0.7038 -0.2589
vn -0.5223 -0.7621 -0.3826
vn -0.5078 -0.8532 0.1189
vn 0.3003 -0.9480 0.1055
vn 0.2735 -0.9151 0.2964
vn 0.2737 -0.9151 0.2961
vn -0.5079 -0.8532 0.1189
vn -0.0631 -0.9773 0.2023
vn -0.7500 -0.6551 -0.0915
vn -0.6616 -0.7037 -0.2590
vn -0.6617 -0.7037 -0.2589
vn -0.0631 -0.9773 0.2022
vn -0.4917 -0.8475 0.1999
vn 0.2617 -0.9613 -0.0856
vn 0.3002 -0.9480 0.1055
vn -0.1721 -0.9815 -0.0839
vn -0.4925 -0.6452 0.5841
vn -0.6396 -0.6170 0.4585
vn -0.6395 -0.6170 0.4586
vn -0.1098 -0.9935 -0.0307
vn -0.0517 -0.9913 0.1214
vn -0.7765 -0.6222 0.0992
vn -0.7500 -0.6551 -0.0916
vn -0.7501 -0.6549 -0.0915
vn -0.0518 -0.9912 0.1214
vn -0.4498 -0.8510 0.2711
vn 0.1630 -0.9534 -0.2540
vn 0.2619 -0.9613 -0.0855
vn 0.2617 -0.9613 -0.0857
vn -0.2474 -0.9624 -0.1124
vn -0.3147 -0.6903 0.6515
vn -0.4926 -0.6452 0.5841
vn -0.4925 -0.6451 0.5841
vn -0.0679 -0.9969 0.0405
vn -0.7382 -0.6090 0.2902
vn -0.7766 -0.6221 0.0989
vn -0.0519 -0.9913 0.1214
vn -0.0679 -0.9969 0.0406
vn -0.3876 -0.8629 0.3243
vn 0.0161 -0.9251 -0.3795
vn 0.1632 -0.9533 -0.2541
vn 0.1630 -0.9534 -0.2541
vn -0.3875 -0.8629 0.3244
vn -0.3266 -0.9384 -0.1129
vn -0.1279 -0.7469 0.6525
vn -0.3148 -0.6902 0.6515
vn -0.3147 -0.6904 0.6514
vn -0.7384 -0.6089 0.2899
vn -0.3122 -0.8821 0.3527
vn -0.1616 -0.8799 -0.4468
vn 0.0162 -0.9251 -0.3793
vn -0.3122 -0.8821 0.3528
vn 0.0458 -0.8081 0.5873
vn -0.1278 -0.7469 0.6525
vn -0.1277 -0.7468 0.6526
vn -0.2331 -0.9060 0.3532
vn -0.3486 -0.8233 -0.4478
vn -0.1613 -0.8799 -0.4469
vn -0.1617 -0.8798 -0.4470
vn -0.6721 -0.7389 -0.0476
vn -0.6004 -0.7784 -0.1833
vn -0.5857 -0.7933 -0.1663
vn -0.6535 -0.7560 -0.0377
vn -0.6721 -0.7390 -0.0476
vn 0.0878 -0.9107 0.4036
vn -0.0252 -0.8633 0.5040
vn -0.0410 -0.8738 0.4846
vn -0.0409 -0.8738 0.4845
vn 0.0660 -0.9186 0.3896
vn 0.0878 -0.9107 0.4035
vn -0.6937 -0.7122 0.1074
vn -0.6722 -0.7389 -0.0474
vn -0.6535 -0.7560 -0.0375
vn -0.6536 -0.7559 -0.0375
vn -0.6740 -0.7307 0.1091
vn -0.6937 -0.7122 0.1075
vn 0.1596 -0.9502 0.2676
vn 0.0878 -0.9108 0.4035
vn 0.0661 -0.9187 0.3893
vn 0.1340 -0.9561 0.2607
vn 0.1597 -0.9502 0.2675
vn -0.6626 -0.7013 0.2628
vn -0.6937 -0.7122 0.1076
vn -0.6740 -0.7306 0.1092
vn -0.6740 -0.7306 0.1093
vn -0.6444 -0.7205 0.2561
vn -0.6626 -0.7014 0.2627
vn -0.0495 -0.9583 -0.2814
vn 0.0698 -0.9813 -0.1795
vn 0.0491 -0.9854 -0.1628
vn -0.0640 -0.9637 -0.2591
vn -0.0496 -0.9583 -0.2814
vn 0.1813 -0.9769 0.1127
vn 0.1341 -0.9561 0.2606
vn 0.1342 -0.9561 0.2606
vn 0.1545 -0.9814 0.1142
vn 0.1812 -0.9770 0.1126
vn -0.5824 -0.7079 0.3996
vn -0.6626 -0.7013 0.2629
vn -0.6444 -0.7204 0.2563
vn -0.6444 -0.7204 0.2562
vn -0.5687 -0.7265 0.3857
vn -0.5824 -0.7080 0.3995
vn -0.1940 -0.9216 -0.3361
vn -0.0497 -0.9583 -0.2815
vn -0.0641 -0.9637 -0.2592
vn -0.2006 -0.9290 -0.3110
vn -0.1942 -0.9216 -0.3361
vn 0.1501 -0.9877 -0.0426
vn 0.1812 -0.9770 0.1125
vn 0.1545 -0.9814 0.1139
vn 0.1546 -0.9814 0.1137
vn 0.1251 -0.9916 -0.0330
vn -0.4629 -0.7309 0.5014
vn -0.5822 -0.7080 0.3996
vn -0.5685 -0.7266 0.3858
vn -0.4554 -0.7484 0.4822
vn -0.4629 -0.7309 0.5015
vn -0.3458 -0.8757 -0.3371
vn -0.2010 -0.9289 -0.3110
vn -0.3447 -0.8854 -0.3118
vn -0.3460 -0.8756 -0.3370
vn 0.0700 -0.9813 -0.1795
vn 0.1501 -0.9877 -0.0429
vn 0.1250 -0.9916 -0.0333
vn 0.1250 -0.9916 -0.0334
vn 0.0492 -0.9855 -0.1626
vn 0.0699 -0.9813 -0.1793
vn -0.3185 -0.7676 0.5562
vn -0.4628 -0.7309 0.5016
vn -0.4553 -0.7484 0.4824
vn -0.3186 -0.7832 0.5340
vn -0.3183 -0.7676 0.5563
vn -0.4871 -0.8259 -0.2839
vn -0.3462 -0.8756 -0.3368
vn -0.3448 -0.8854 -0.3119
vn -0.3448 -0.8854 -0.3118
vn -0.4782 -0.8384 -0.2616
vn -0.4871 -0.8259 -0.2840
vn -0.1666 -0.8135 0.5572
vn -0.3185 -0.7831 0.5341
vn -0.1748 -0.8266 0.5349
vn -0.6002 -0.7785 -0.1835
vn -0.4873 -0.8258 -0.2838
vn -0.4784 -0.8383 -0.2615
vn -0.4785 -0.8383 -0.2616
vn -0.5855 -0.7934 -0.1664
vn -0.0255 -0.8633 0.5041
vn -0.1665 -0.8136 0.5571
vn -0.1745 -0.8268 0.5348
vn -0.1747 -0.8267 0.5349
vn -0.0412 -0.8737 0.4847
vn -0.6739 -0.7307 0.1091
vn -0.4897 -0.8709 0.0412
vn -0.5006 -0.8575 0.1191
vn 0.0661 -0.9187 0.3894
vn -0.1071 -0.9574 0.2681
vn -0.1072 -0.9574 0.2682
vn -0.0710 -0.9772 0.2000
vn -0.6444 -0.7205 0.2562
vn -0.5006 -0.8574 0.1193
vn -0.5007 -0.8574 0.1191
vn -0.4848 -0.8521 0.1973
vn -0.1162 -0.9929 -0.0255
vn -0.1764 -0.9813 -0.0765
vn 0.1544 -0.9814 0.1141
vn -0.0710 -0.9773 0.1997
vn -0.0602 -0.9907 0.1218
vn -0.5685 -0.7266 0.3857
vn -0.4848 -0.8520 0.1975
vn -0.4848 -0.8520 0.1974
vn -0.4445 -0.8553 0.2661
vn -0.5686 -0.7266 0.3857
vn -0.2009 -0.9290 -0.3109
vn -0.0642 -0.9637 -0.2592
vn -0.1765 -0.9813 -0.0768
vn -0.1765 -0.9813 -0.0766
vn -0.2490 -0.9629 -0.1042
vn 0.1250 -0.9916 -0.0330
vn 0.1544 -0.9814 0.1138
vn -0.0601 -0.9908 0.1216
vn -0.0759 -0.9962 0.0437
vn 0.1250 -0.9916 -0.0329
vn -0.4445 -0.8553 0.2663
vn -0.3845 -0.8668 0.3174
vn -0.2492 -0.9628 -0.1042
vn -0.3255 -0.9397 -0.1046
vn 0.0491 -0.9855 -0.1626
vn 0.1249 -0.9916 -0.0333
vn -0.0759 -0.9962 0.0435
vn -0.1162 -0.9929 -0.0253
vn -0.3187 -0.7831 0.5340
vn -0.4552 -0.7484 0.4823
vn -0.3844 -0.8668 0.3176
vn -0.3118 -0.8853 0.3449
vn -0.4783 -0.8384 -0.2615
vn -0.3448 -0.8854 -0.3117
vn -0.3258 -0.9396 -0.1047
vn -0.3966 -0.9147 -0.0779
vn -0.4784 -0.8383 -0.2616
vn -0.1748 -0.8267 0.5349
vn -0.3184 -0.7832 0.5341
vn -0.3117 -0.8853 0.3450
vn -0.2352 -0.9085 0.3454
vn -0.4785 -0.8383 -0.2614
vn -0.3966 -0.9147 -0.0778
vn -0.3967 -0.9146 -0.0779
vn -0.4535 -0.8908 -0.0274
vn -0.0413 -0.8737 0.4846
vn -0.2349 -0.9085 0.3456
vn -0.2351 -0.9085 0.3455
vn -0.1642 -0.9335 0.3188
vn -0.0411 -0.8737 0.4847
vn -0.6534 -0.7561 -0.0376
vn -0.5855 -0.7934 -0.1662
vn -0.4537 -0.8907 -0.0271
vn -0.4537 -0.8907 -0.0273
vn -0.4898 -0.8709 0.0410
vn 0.0660 -0.9186 0.3895
vn -0.1640 -0.9336 0.3187
vn -0.1641 -0.9335 0.3188
vn 0.0660 -0.9187 0.3894
vn -0.5002 -0.8576 0.1201
vn -0.2880 -0.9496 0.1238
vn -0.4846 -0.8522 0.1971
vn -0.1172 -0.9928 -0.0258
vn -0.2880 -0.9496 0.1236
vn -0.1765 -0.9813 -0.0764
vn -0.0712 -0.9775 0.1987
vn -0.2882 -0.9495 0.1238
vn -0.0605 -0.9907 0.1218
vn -0.4842 -0.8522 0.1981
vn -0.2881 -0.9496 0.1239
vn -0.4443 -0.8555 0.2659
vn -0.1775 -0.9811 -0.0767
vn -0.2492 -0.9629 -0.1038
vn -0.0605 -0.9908 0.1207
vn -0.2882 -0.9496 0.1237
vn -0.0763 -0.9961 0.0436
vn -0.4438 -0.8555 0.2668
vn -0.3842 -0.8671 0.3171
vn -0.2501 -0.9626 -0.1040
vn -0.3255 -0.9398 -0.1042
vn -0.0766 -0.9961 0.0427
vn -0.1164 -0.9929 -0.0251
vn -0.3833 -0.8673 0.3175
vn -0.3117 -0.8855 0.3447
vn -0.3264 -0.9395 -0.1039
vn -0.3963 -0.9148 -0.0775
vn -0.3107 -0.8858 0.3448
vn -0.2353 -0.9086 0.3452
vn -0.3972 -0.9145 -0.0771
vn -0.4532 -0.8910 -0.0270
vn -0.2344 -0.9089 0.3449
vn -0.1644 -0.9336 0.3184
vn -0.4539 -0.8907 -0.0264
vn -0.4894 -0.8711 0.0412
vn -0.1636 -0.9339 0.3179
vn -0.1075 -0.9574 0.2679
vn -0.4896 -0.8709 0.0423
vn -0.5002 -0.8576 0.1192
vn -0.1069 -0.9577 0.2671
vn -0.0715 -0.9773 0.1995
vn -0.5359 -0.2727 0.7990
vn -0.1425 0.8211 0.5528
vn -0.3366 0.8584 0.3872
vn -0.3363 0.8584 0.3874
vn -0.7605 -0.2294 0.6075
vn -0.5357 -0.2728 0.7991
vn -0.2645 -0.3417 0.9018
vn 0.0920 0.7614 0.6417
vn -0.1425 0.8211 0.5527
vn -0.5360 -0.2727 0.7990
vn -0.2644 -0.3419 0.9018
vn 0.0210 -0.4281 0.9035
vn 0.3388 0.6868 0.6431
vn -0.2645 -0.3416 0.9019
vn 0.0211 -0.4281 0.9035
vn 0.2861 -0.5216 0.8038
vn 0.5680 0.6060 0.5569
vn 0.3388 0.6867 0.6432
vn 0.3389 0.6868 0.6430
vn 0.4988 -0.6108 0.6148
vn 0.7519 0.5290 0.3935
vn 0.5677 0.6062 0.5569
vn 0.5682 0.6060 0.5567
vn 0.4991 -0.6108 0.6147
vn 0.6339 -0.6849 0.3594
vn 0.8683 0.4649 0.1728
vn 0.7518 0.5291 0.3936
vn 0.7519 0.5290 0.3934
vn 0.4990 -0.6107 0.6149
vn 0.6339 -0.6850 0.3592
vn 0.9034 0.4214 -0.0788
vn 0.8683 0.4648 0.1731
vn 0.8684 0.4648 0.1727
vn 0.6337 -0.6849 0.3595
vn 0.6745 -0.7351 0.0680
vn 0.6159 -0.7555 -0.2236
vn 0.8528 0.4039 -0.3311
vn 0.9035 0.4213 -0.0787
vn 0.9035 0.4214 -0.0788
vn 0.6744 -0.7353 0.0681
vn 0.6158 -0.7555 -0.2237
vn 0.4652 -0.7433 -0.4808
vn 0.7226 0.4143 -0.5534
vn 0.8529 0.4038 -0.3309
vn 0.6159 -0.7554 -0.2237
vn 0.4651 -0.7432 -0.4809
vn 0.2408 -0.7001 -0.6722
vn 0.5286 0.4518 -0.7187
vn 0.7227 0.4144 -0.5532
vn 0.7224 0.4145 -0.5534
vn 0.4652 -0.7433 -0.4807
vn 0.2941 0.5112 -0.8076
vn 0.5286 0.4517 -0.7186
vn 0.5286 0.4517 -0.7187
vn 0.2409 -0.7000 -0.6723
vn -0.0307 -0.6312 -0.7750
vn -0.3162 -0.5448 -0.7767
vn 0.0472 0.5861 -0.8089
vn 0.2941 0.5113 -0.8075
vn 0.2939 0.5114 -0.8075
vn -0.0305 -0.6312 -0.7750
vn -0.3164 -0.5447 -0.7766
vn -0.5814 -0.4513 -0.6770
vn -0.1818 0.6668 -0.7227
vn 0.0474 0.5859 -0.8090
vn 0.0473 0.5861 -0.8088
vn -0.7942 -0.3621 -0.4881
vn -0.3656 0.7440 -0.5593
vn -0.1817 0.6668 -0.7228
vn -0.1818 0.6669 -0.7226
vn -0.7943 -0.3620 -0.4878
vn -0.9289 -0.2880 -0.2326
vn -0.4822 0.8079 -0.3388
vn -0.3656 0.7438 -0.5596
vn -0.3656 0.7439 -0.5594
vn -0.7941 -0.3622 -0.4881
vn -0.9291 -0.2878 -0.2323
vn -0.9696 -0.2377 0.0584
vn -0.5173 0.8514 -0.0870
vn -0.4821 0.8079 -0.3388
vn -0.4821 0.8081 -0.3384
vn -0.9289 -0.2880 -0.2328
vn -0.9696 -0.2377 0.0588
vn -0.9110 -0.2175 0.3504
vn -0.4667 0.8688 0.1652
vn -0.5173 0.8514 -0.0871
vn -0.9696 -0.2377 0.0587
vn -0.9110 -0.2173 0.3506
vn -0.7604 -0.2295 0.6075
vn -0.3365 0.8583 0.3874
vn -0.4667 0.8689 0.1651
vn -0.4666 0.8689 0.1654
vn -0.9111 -0.2173 0.3503
vn -0.7603 -0.2296 0.6077
vn 0.0776 0.8956 -0.4380
vn -0.1088 0.7489 -0.6537
vn -0.2697 0.8161 -0.5111
vn -0.0152 0.9345 -0.3555
vn 0.0776 0.8957 -0.4379
vn 0.5496 0.8259 0.1260
vn 0.7080 0.6283 0.3226
vn 0.8098 0.5721 0.1297
vn 0.8098 0.5722 0.1296
vn 0.6083 0.7935 0.0146
vn 0.5495 0.8259 0.1259
vn 0.1933 0.8548 -0.4816
vn 0.0915 0.6781 -0.7292
vn -0.1086 0.7488 -0.6539
vn -0.1085 0.7488 -0.6539
vn 0.0777 0.8956 -0.4381
vn 0.1932 0.8549 -0.4815
vn 0.4566 0.8649 0.2086
vn 0.5471 0.6957 0.4655
vn 0.7079 0.6283 0.3228
vn 0.7078 0.6283 0.3227
vn 0.5493 0.8260 0.1262
vn 0.3179 0.8171 -0.4809
vn 0.3074 0.6129 -0.7280
vn 0.0918 0.6781 -0.7292
vn 0.0918 0.6780 -0.7293
vn 0.1934 0.8547 -0.4817
vn 0.3409 0.9057 0.2522
vn 0.3468 0.7662 0.5410
vn 0.5469 0.6958 0.4656
vn 0.5470 0.6957 0.4656
vn 0.4564 0.8649 0.2088
vn 0.3409 0.9057 0.2521
vn 0.4366 0.7869 -0.4360
vn 0.5126 0.5607 -0.6503
vn 0.3076 0.6127 -0.7280
vn 0.3075 0.6127 -0.7280
vn 0.3181 0.8170 -0.4809
vn 0.4364 0.7870 -0.4361
vn -0.0661 0.9978 0.0108
vn -0.3578 0.9257 0.1230
vn -0.2442 0.9164 0.3172
vn -0.2443 0.9164 0.3172
vn -0.0005 0.9924 0.1229
vn 0.2161 0.9435 0.2513
vn 0.1309 0.8316 0.5397
vn 0.3464 0.7663 0.5410
vn 0.3465 0.7664 0.5409
vn 0.3407 0.9057 0.2522
vn 0.5346 0.7682 -0.3524
vn 0.6823 0.5281 -0.5056
vn 0.5127 0.5607 -0.6502
vn 0.5128 0.5607 -0.6501
vn 0.4367 0.7869 -0.4360
vn 0.5346 0.7682 -0.3523
vn -0.0918 0.9889 -0.1167
vn -0.4023 0.9103 -0.0975
vn -0.3579 0.9256 0.1229
vn -0.0664 0.9977 0.0106
vn -0.0918 0.9889 -0.1166
vn 0.0976 0.9736 0.2066
vn -0.0742 0.8837 0.4621
vn 0.1307 0.8316 0.5398
vn 0.1307 0.8315 0.5399
vn 0.2159 0.9435 0.2514
vn 0.0977 0.9735 0.2066
vn 0.6003 0.7628 -0.2403
vn 0.7962 0.5189 -0.3111
vn 0.6825 0.5280 -0.5054
vn 0.5347 0.7681 -0.3523
vn -0.0742 0.9670 -0.2439
vn -0.3716 0.8723 -0.3178
vn -0.4023 0.9103 -0.0977
vn -0.0004 0.9924 0.1231
vn -0.2441 0.9164 0.3174
vn -0.0745 0.8838 0.4619
vn 0.0975 0.9736 0.2065
vn 0.6259 0.7717 -0.1128
vn 0.8405 0.5341 -0.0907
vn 0.7962 0.5189 -0.3110
vn 0.6005 0.7628 -0.2401
vn 0.6260 0.7717 -0.1128
vn -0.0153 0.9346 -0.3554
vn -0.2698 0.8162 -0.5109
vn -0.3715 0.8723 -0.3179
vn -0.0742 0.9669 -0.2441
vn -0.0153 0.9346 -0.3553
vn 0.6083 0.7936 0.0145
vn 0.8098 0.5722 0.1295
vn 0.8406 0.5341 -0.0905
vn 0.6260 0.7716 -0.1127
vn 0.6083 0.7936 0.0144
vn 0.3940 0.8546 -0.3383
vn 0.5347 0.3628 -0.7632
vn 0.7455 0.3221 -0.5835
vn 0.7453 0.3221 -0.5838
vn 0.4606 0.8418 -0.2816
vn 0.3939 0.8546 -0.3383
vn 0.3133 0.8751 -0.3689
vn 0.2805 0.4273 -0.8595
vn 0.5348 0.3627 -0.7632
vn 0.5346 0.3626 -0.7633
vn 0.3937 0.8547 -0.3384
vn 0.2286 0.9007 -0.3694
vn 0.0126 0.5084 -0.8610
vn 0.2804 0.4274 -0.8595
vn 0.2802 0.4273 -0.8596
vn 0.3132 0.8751 -0.3688
vn 0.2284 0.9007 -0.3694
vn 0.1496 0.9286 -0.3397
vn -0.2360 0.5959 -0.7676
vn 0.0126 0.5084 -0.8611
vn 0.2282 0.9008 -0.3693
vn 0.1497 0.9285 -0.3398
vn 0.0865 0.9551 -0.2835
vn -0.4355 0.6795 -0.5904
vn -0.2361 0.5958 -0.7676
vn 0.1496 0.9286 -0.3396
vn 0.0863 0.9550 -0.2837
vn 0.0463 0.9771 -0.2079
vn -0.5619 0.7491 -0.3509
vn -0.4355 0.6795 -0.5905
vn -0.4356 0.6795 -0.5904
vn 0.0864 0.9551 -0.2835
vn 0.0465 0.9771 -0.2077
vn 0.0342 0.9920 -0.1213
vn -0.6000 0.7962 -0.0776
vn -0.5620 0.7490 -0.3509
vn -0.5618 0.7493 -0.3506
vn 0.0464 0.9771 -0.2076
vn 0.0342 0.9920 -0.1211
vn 0.0515 0.9981 -0.0345
vn -0.5450 0.8152 0.1958
vn -0.6000 0.7962 -0.0778
vn 0.0341 0.9921 -0.1210
vn 0.0517 0.9981 -0.0343
vn 0.0963 0.9945 0.0421
vn -0.4038 0.8038 0.4369
vn -0.5450 0.8153 0.1958
vn -0.5450 0.8152 0.1960
vn 0.0517 0.9981 -0.0342
vn 0.1630 0.9816 0.0990
vn -0.1931 0.7633 0.6165
vn -0.4037 0.8037 0.4370
vn 0.0965 0.9944 0.0422
vn 0.1631 0.9816 0.0990
vn 0.2437 0.9612 0.1296
vn 0.0613 0.6986 0.7129
vn -0.1932 0.7634 0.6164
vn -0.1930 0.7633 0.6166
vn 0.1633 0.9816 0.0991
vn 0.2438 0.9611 0.1295
vn 0.3285 0.9355 0.1300
vn 0.3290 0.6176 0.7144
vn 0.0612 0.6986 0.7129
vn 0.0613 0.6985 0.7130
vn 0.2441 0.9611 0.1296
vn 0.3287 0.9354 0.1301
vn 0.4074 0.9077 0.1006
vn 0.5777 0.5299 0.6209
vn 0.3289 0.6176 0.7144
vn 0.3291 0.6177 0.7142
vn 0.3289 0.9354 0.1301
vn 0.4073 0.9077 0.1006
vn 0.4707 0.8812 0.0443
vn 0.7771 0.4464 0.4436
vn 0.4075 0.9077 0.1003
vn 0.5107 0.8592 -0.0316
vn 0.9035 0.3769 0.2040
vn 0.7771 0.4463 0.4437
vn 0.4708 0.8811 0.0442
vn 0.5107 0.8592 -0.0317
vn 0.5229 0.8442 -0.1181
vn 0.9416 0.3297 -0.0690
vn 0.9035 0.3768 0.2040
vn 0.9036 0.3767 0.2040
vn 0.5230 0.8441 -0.1180
vn 0.5055 0.8382 -0.2047
vn 0.8867 0.3107 -0.3424
vn 0.9415 0.3297 -0.0690
vn 0.9416 0.3296 -0.0691
vn 0.5228 0.8442 -0.1182
vn 0.4608 0.8417 -0.2815
vn 0.7454 0.3221 -0.5837
vn 0.8867 0.3106 -0.3425
vn 0.5055 0.8381 -0.2050
vn 0.4607 0.8418 -0.2814
vn 0.7455 0.3218 -0.5836
vn 0.5350 0.3623 -0.7632
vn 0.5063 0.5899 -0.6290
vn 0.5065 0.5899 -0.6289
vn 0.7453 0.3220 -0.5838
vn 0.1413 0.8488 0.5095
vn 0.3478 0.7863 0.5107
vn 0.2691 0.9395 -0.2119
vn 0.2993 0.9304 -0.2117
vn 0.1414 0.8488 0.5095
vn 0.1036 0.7020 -0.7046
vn -0.0879 0.7696 -0.6324
vn 0.3327 0.9419 -0.0452
vn 0.1038 0.7019 -0.7047
vn -0.0549 0.8986 0.4353
vn -0.0550 0.8987 0.4352
vn 0.7780 0.5494 -0.3047
vn 0.6689 0.5584 -0.4906
vn 0.7780 0.5494 -0.3046
vn 0.3102 0.6395 -0.7034
vn 0.1036 0.7019 -0.7047
vn 0.3048 0.9518 -0.0345
vn 0.3103 0.6395 -0.7034
vn -0.2173 0.9299 0.2967
vn -0.0551 0.8987 0.4351
vn 0.3279 0.9231 -0.2009
vn 0.3278 0.9231 -0.2009
vn 0.3516 0.9185 -0.1807
vn -0.2175 0.9299 0.2966
vn 0.8203 0.5642 -0.0936
vn 0.2063 0.9741 -0.0929
vn 0.2064 0.9741 -0.0929
vn 0.2001 0.9719 -0.1238
vn 0.5065 0.5895 -0.6292
vn 0.3103 0.6394 -0.7034
vn 0.2460 0.9682 -0.0455
vn 0.5065 0.5896 -0.6292
vn -0.3264 0.9387 0.1107
vn -0.2173 0.9299 0.2966
vn 0.3517 0.9185 -0.1807
vn 0.3674 0.9173 -0.1534
vn -0.3265 0.9387 0.1107
vn 0.7910 0.6005 0.1169
vn 0.8203 0.5642 -0.0935
vn 0.2044 0.9666 -0.1544
vn 0.7909 0.6006 0.1171
vn 0.6688 0.5583 -0.4908
vn 0.5066 0.5894 -0.6293
vn 0.2459 0.9682 -0.0455
vn 0.6690 0.5583 -0.4906
vn -0.3689 0.9241 -0.1003
vn -0.3689 0.9240 -0.1004
vn 0.6934 0.6542 0.3019
vn 0.7910 0.6005 0.1170
vn 0.2045 0.9666 -0.1545
vn 0.2186 0.9588 -0.1814
vn 0.6935 0.6542 0.3019
vn -0.3395 0.8878 -0.3108
vn -0.3688 0.9241 -0.1004
vn 0.3736 0.9194 -0.1227
vn 0.3694 0.9247 -0.0919
vn -0.3395 0.8877 -0.3110
vn 0.5396 0.7187 0.4385
vn 0.6935 0.6542 0.3020
vn 0.2187 0.9588 -0.1814
vn 0.2411 0.9494 -0.2014
vn -0.2418 0.8341 -0.4958
vn -0.3395 0.8877 -0.3109
vn 0.3552 0.9325 -0.0650
vn -0.2419 0.8341 -0.4958
vn 0.5395 0.7188 0.4385
vn 0.2692 0.9395 -0.2118
vn 0.3477 0.7863 0.5107
vn -0.0880 0.7696 -0.6324
vn -0.0881 0.7696 -0.6324
vn 0.2223 -0.3257 -0.9190
vn 0.1440 -0.1479 -0.9785
vn -0.6280 0.1275 -0.7677
vn -0.6280 0.1276 -0.7677
vn -0.6693 -0.0051 -0.7430
vn 0.2224 -0.3257 -0.9189
vn -0.6827 0.2994 0.6665
vn -0.7157 0.3011 0.6301
vn -0.2076 0.1800 0.9615
vn -0.2077 0.1802 0.9615
vn -0.1473 0.3308 0.9321
vn -0.6828 0.2995 0.6664
vn 0.7402 -0.3002 -0.6016
vn 0.7110 -0.2968 -0.6374
vn 0.1442 -0.1479 -0.9784
vn 0.2226 -0.3256 -0.9189
vn 0.7403 -0.2999 -0.6017
vn 0.7035 0.1854 0.6861
vn 0.6352 -0.1048 0.7652
vn 0.9500 -0.3052 -0.0664
vn 0.9501 -0.3049 -0.0663
vn 0.9854 -0.1461 -0.0878
vn 0.7034 0.1853 0.6862
vn 0.9853 -0.1463 -0.0882
vn 0.9500 -0.3050 -0.0666
vn 0.7112 -0.2970 -0.6371
vn 0.7113 -0.2970 -0.6370
vn 0.7406 -0.3001 -0.6012
vn 0.9853 -0.1464 -0.0881
vn -0.1468 0.3309 0.9322
vn -0.2075 0.1802 0.9615
vn 0.6354 -0.1050 0.7650
vn 0.6355 -0.1051 0.7649
vn 0.7036 0.1851 0.6860
vn -0.1468 0.3307 0.9322
vn -0.6694 -0.0050 -0.7429
vn -0.6282 0.1275 -0.7675
vn -0.9505 0.3107 -0.0065
vn -0.9504 0.3109 -0.0068
vn -0.9713 0.1889 0.1443
vn -0.9713 0.1890 0.1445
vn -0.9504 0.3109 -0.0063
vn -0.7161 0.3011 0.6298
vn -0.7161 0.3013 0.6297
vn -0.6832 0.2994 0.6660
vn -0.9712 0.1893 0.1445
vn 0.5982 0.7731 0.2110
vn 0.7205 0.4742 0.5059
vn 0.9686 0.0108 -0.2482
vn 0.9686 0.0108 -0.2483
vn 0.8932 0.1861 -0.4093
vn -0.6629 0.3619 0.6554
vn -0.6881 0.3167 0.6529
vn -0.1633 0.5261 0.8346
vn -0.1634 0.5261 0.8346
vn -0.1963 0.7154 0.6705
vn -0.6630 0.3619 0.6554
vn -0.5928 -0.7874 -0.1693
vn -0.7247 -0.4508 -0.5212
vn -0.9666 0.0125 0.2559
vn -0.9667 0.0122 0.2555
vn -0.8881 -0.0796 0.4528
vn -0.5925 -0.7875 -0.1694
vn -0.8880 -0.0794 0.4529
vn -0.9666 0.0125 0.2560
vn -0.6883 0.3165 0.6527
vn -0.6633 0.3616 0.6552
vn -0.8881 -0.0794 0.4528
vn 0.8930 0.1859 -0.4098
vn 0.9686 0.0105 -0.2486
vn 0.7069 -0.3046 -0.6384
vn 0.7069 -0.3045 -0.6384
vn 0.7191 -0.2906 -0.6312
vn 0.8931 0.1859 -0.4097
vn -0.1963 0.7154 0.6706
vn -0.1629 0.5262 0.8346
vn 0.7208 0.4740 0.5058
vn 0.7206 0.4742 0.5058
vn 0.5984 0.7729 0.2110
vn -0.1961 0.7155 0.6706
vn 0.7188 -0.2909 -0.6315
vn 0.7065 -0.3048 -0.6387
vn 0.1887 -0.5321 -0.8254
vn 0.1887 -0.5319 -0.8255
vn 0.3256 -0.6877 -0.6489
vn -0.5613 0.7958 0.2273
vn -0.3690 0.8141 0.4484
vn 0.3557 0.9226 -0.1491
vn 0.3555 0.9227 -0.1491
vn 0.0200 0.8711 -0.4907
vn -0.5614 0.7957 0.2272
vn 0.7071 -0.2939 -0.6431
vn 0.7068 -0.3227 -0.6296
vn 0.4301 -0.7799 -0.4548
vn 0.4300 -0.7799 -0.4548
vn 0.6211 -0.7340 -0.2746
vn 0.7071 -0.2939 -0.6432
vn 0.0196 0.8712 -0.4906
vn 0.3554 0.9228 -0.1490
vn 0.7614 0.2323 -0.6052
vn 0.7614 0.2322 -0.6053
vn 0.5746 0.1978 -0.7942
vn 0.0197 0.8712 -0.4906
vn -0.7150 0.3811 0.5861
vn -0.6919 0.3566 0.6277
vn -0.3691 0.8139 0.4487
vn -0.3692 0.8139 0.4487
vn -0.5614 0.7958 0.2272
vn -0.7151 0.3809 0.5861
vn -0.0987 -0.8811 0.4626
vn -0.3619 -0.9203 0.1485
vn -0.7882 -0.1672 0.5922
vn -0.7883 -0.1672 0.5921
vn -0.6525 -0.1270 0.7471
vn -0.0990 -0.8810 0.4626
vn -0.6525 -0.1267 0.7471
vn -0.7882 -0.1669 0.5924
vn -0.6921 0.3563 0.6278
vn -0.6921 0.3563 0.6277
vn -0.7153 0.3804 0.5862
vn -0.6526 -0.1268 0.7470
vn 0.5748 0.1974 -0.7941
vn 0.7614 0.2319 -0.6054
vn 0.7068 -0.3221 -0.6298
vn 0.7073 -0.2933 -0.6432
vn 0.5747 0.1976 -0.7941
vn -0.3149 0.1425 0.9384
vn -0.4624 -0.0116 0.8866
vn -0.7414 0.3418 0.5776
vn -0.7415 0.3416 0.5775
vn -0.7476 0.3210 0.5814
vn 0.2699 -0.1285 -0.9543
vn 0.4111 0.0087 -0.9116
vn 0.7205 -0.3092 -0.6207
vn 0.7203 -0.3092 -0.6209
vn 0.7211 -0.3005 -0.6243
vn 0.2699 -0.1284 -0.9543
vn 0.9341 -0.3533 -0.0519
vn 0.8283 -0.5495 -0.1094
vn 0.3280 -0.5480 0.7695
vn 0.3280 -0.5479 0.7696
vn 0.5606 -0.1788 0.8085
vn -0.9136 0.4060 0.0225
vn -0.8079 0.5823 0.0911
vn -0.3605 0.5445 -0.7573
vn -0.3604 0.5446 -0.7573
vn -0.5430 0.2367 -0.8057
vn -0.9135 0.4061 0.0225
vn 0.7213 -0.3006 -0.6239
vn 0.7207 -0.3094 -0.6204
vn 0.8282 -0.5496 -0.1096
vn 0.8282 -0.5496 -0.1095
vn 0.9340 -0.3534 -0.0524
vn 0.7213 -0.3005 -0.6240
vn -0.5434 0.2369 -0.8054
vn -0.3608 0.5447 -0.7570
vn 0.4108 0.0088 -0.9117
vn 0.4107 0.0090 -0.9117
vn 0.2697 -0.1283 -0.9544
vn -0.5431 0.2369 -0.8056
vn -0.7479 0.3214 0.5809
vn -0.7417 0.3419 0.5771
vn -0.8079 0.5822 0.0916
vn -0.8078 0.5823 0.0916
vn -0.9136 0.4060 0.0228
vn -0.7479 0.3212 0.5809
vn 0.5607 -0.1790 0.8084
vn 0.3284 -0.5480 0.7694
vn -0.4623 -0.0118 0.8866
vn -0.4621 -0.0119 0.8867
vn -0.3147 0.1423 0.9385
vn 0.5610 -0.1790 0.8082
vn 0.2697 -0.1284 -0.9543
vn 0.2287 -0.2144 -0.9496
vn -0.6382 0.0603 -0.7675
vn -0.6382 0.0604 -0.7675
vn -0.5432 0.2369 -0.8055
vn 0.2697 -0.1285 -0.9543
vn -0.5427 0.2370 -0.8058
vn -0.6381 0.0604 -0.7676
vn -0.9556 0.2869 0.0666
vn -0.9556 0.2870 0.0666
vn -0.9136 0.4059 0.0225
vn -0.5429 0.2366 -0.8057
vn -0.9556 0.2871 0.0668
vn -0.7220 0.3019 0.6226
vn -0.7220 0.3018 0.6226
vn -0.7479 0.3210 0.5810
vn -0.9137 0.4059 0.0228
vn -0.7476 0.3212 0.5814
vn -0.7217 0.3019 0.6229
vn -0.2327 0.1960 0.9526
vn -0.2326 0.1962 0.9526
vn -0.2323 0.1960 0.9527
vn 0.6263 -0.0864 0.7748
vn 0.5608 -0.1789 0.8084
vn 0.5610 -0.1789 0.8083
vn -0.3146 0.1424 0.9385
vn -0.2321 0.1960 0.9527
vn 0.6261 -0.0864 0.7749
vn 0.9551 -0.2894 -0.0626
vn 0.9342 -0.3529 -0.0520
vn 0.9341 -0.3532 -0.0520
vn 0.5607 -0.1788 0.8085
vn 0.6262 -0.0863 0.7749
vn 0.9551 -0.2896 -0.0632
vn 0.7274 -0.2992 -0.6175
vn 0.7213 -0.3004 -0.6241
vn 0.7214 -0.3005 -0.6240
vn 0.9341 -0.3532 -0.0524
vn 0.9551 -0.2894 -0.0632
vn 0.7273 -0.2991 -0.6177
vn 0.2291 -0.2146 -0.9494
vn 0.2698 -0.1287 -0.9543
vn 0.7273 -0.2991 -0.6178
vn 0.3284 -0.5478 0.7694
vn -0.0989 -0.8811 0.4625
vn -0.6523 -0.1270 0.7472
vn -0.6525 -0.1271 0.7471
vn -0.4623 -0.0118 0.8867
vn 0.3284 -0.5479 0.7694
vn -0.7415 0.3421 0.5772
vn -0.7153 0.3809 0.5859
vn -0.5616 0.7956 0.2272
vn -0.7416 0.3419 0.5772
vn -0.3606 0.5445 -0.7573
vn 0.0194 0.8712 -0.4906
vn 0.5746 0.1976 -0.7942
vn 0.5744 0.1976 -0.7944
vn 0.4109 0.0090 -0.9116
vn -0.3607 0.5447 -0.7571
vn 0.7204 -0.3094 -0.6207
vn 0.7072 -0.2936 -0.6432
vn 0.6212 -0.7341 -0.2744
vn 0.8281 -0.5497 -0.1096
vn 0.7206 -0.3095 -0.6205
vn -0.8079 0.5823 0.0912
vn -0.5614 0.7958 0.2271
vn 0.0201 0.8711 -0.4906
vn 0.0200 0.8711 -0.4908
vn -0.3603 0.5445 -0.7574
vn -0.8077 0.5825 0.0913
vn 0.4112 0.0088 -0.9115
vn 0.5747 0.1975 -0.7942
vn 0.7070 -0.2935 -0.6434
vn 0.7070 -0.2933 -0.6435
vn 0.7204 -0.3091 -0.6209
vn -0.4624 -0.0117 0.8866
vn -0.6525 -0.1269 0.7471
vn -0.7152 0.3804 0.5863
vn 0.7614 0.2320 -0.6053
vn 0.8930 0.1860 -0.4098
vn 0.7191 -0.2906 -0.6313
vn 0.7069 -0.3223 -0.6296
vn 0.7615 0.2321 -0.6052
vn -0.7883 -0.1669 0.5922
vn -0.8880 -0.0793 0.4530
vn -0.6633 0.3615 0.6553
vn -0.6632 0.3616 0.6553
vn -0.6921 0.3564 0.6277
vn -0.3618 -0.9203 0.1487
vn -0.5926 -0.7875 -0.1695
vn -0.8881 -0.0795 0.4528
vn -0.8881 -0.0798 0.4526
vn -0.7884 -0.1671 0.5920
vn -0.3617 -0.9204 0.1485
vn -0.6918 0.3567 0.6278
vn -0.6630 0.3620 0.6553
vn -0.1963 0.7155 0.6705
vn -0.3692 0.8138 0.4487
vn -0.6919 0.3568 0.6277
vn 0.5980 0.7732 0.2111
vn 0.8930 0.1864 -0.4097
vn 0.7614 0.2324 -0.6052
vn 0.3553 0.9228 -0.1491
vn 0.7067 -0.3227 -0.6297
vn 0.7188 -0.2910 -0.6313
vn 0.3256 -0.6879 -0.6487
vn 0.3258 -0.6878 -0.6487
vn 0.4301 -0.7798 -0.4549
vn 0.7067 -0.3226 -0.6297
vn -0.3688 0.8140 0.4487
vn -0.1961 0.7156 0.6704
vn 0.5985 0.7728 0.2110
vn 0.3554 0.9227 -0.1492
vn -0.3689 0.8140 0.4486
vn 0.7067 -0.3046 -0.6386
vn 0.7403 -0.3002 -0.6016
vn 0.1888 -0.5317 -0.8256
vn 0.7065 -0.3049 -0.6386
vn -0.1469 0.3311 0.9321
vn 0.7036 0.1853 0.6860
vn 0.7035 0.1850 0.6862
vn 0.7207 0.4740 0.5059
vn -0.1630 0.5261 0.8346
vn 0.1882 -0.5320 -0.8256
vn 0.2223 -0.3258 -0.9189
vn -0.6695 -0.0046 -0.7428
vn -0.6692 -0.0050 -0.7431
vn -0.7247 -0.4510 -0.5209
vn 0.9686 0.0102 -0.2485
vn 0.9853 -0.1463 -0.0881
vn 0.7406 -0.2998 -0.6013
vn 0.7405 -0.2999 -0.6014
vn 0.7071 -0.3046 -0.6382
vn 0.9686 0.0104 -0.2486
vn -0.9713 0.1889 0.1445
vn -0.6831 0.2994 0.6661
vn -0.9666 0.0127 0.2558
vn -0.7246 -0.4512 -0.5209
vn -0.6692 -0.0048 -0.7430
vn -0.9714 0.1890 0.1440
vn -0.9713 0.1890 0.1442
vn -0.9667 0.0127 0.2557
vn -0.7247 -0.4509 -0.5210
vn -0.6880 0.3166 0.6530
vn -0.6827 0.2996 0.6665
vn -0.1471 0.3308 0.9322
vn -0.1472 0.3309 0.9321
vn -0.6880 0.3165 0.6531
vn 0.7206 0.4740 0.5061
vn 0.7034 0.1852 0.6863
vn 0.9854 -0.1460 -0.0880
vn 0.9687 0.0106 -0.2482
vn 0.7206 0.4741 0.5060
vn 0.1885 -0.5318 -0.8256
vn -0.5930 -0.7873 -0.1690
vn 0.3255 -0.6879 -0.6487
vn -0.5931 -0.7871 -0.1694
vn -0.3622 -0.9202 0.1486
vn 0.4298 -0.7801 -0.4547
vn 0.4296 -0.7802 -0.4547
vn 0.3254 -0.6880 -0.6486
vn -0.5930 -0.7872 -0.1692
vn 0.6210 -0.7343 -0.2743
vn 0.4299 -0.7801 -0.4545
vn -0.3622 -0.9201 0.1489
vn -0.3619 -0.9203 0.1487
vn -0.0993 -0.8810 0.4626
vn 0.6211 -0.7341 -0.2744
vn 0.3281 -0.5479 0.7695
vn 0.8282 -0.5496 -0.1094
vn 0.6210 -0.7342 -0.2744
vn 0.6210 -0.7343 -0.2742
vn -0.0993 -0.8811 0.4624
vn 0.3282 -0.5478 0.7696
vn -0.1592 -0.9319 0.3260
vn -0.2326 -0.9060 0.3537
vn -0.1663 -0.8136 0.5571
vn -0.0254 -0.8633 0.5041
vn -0.1593 -0.9318 0.3261
vn -0.4596 -0.8875 -0.0333
vn -0.4006 -0.9122 -0.0858
vn -0.4872 -0.8258 -0.2839
vn -0.6003 -0.7784 -0.1836
vn -0.4594 -0.8876 -0.0332
vn -0.2332 -0.9058 0.3537
vn -0.3121 -0.8819 0.3532
vn -0.1666 -0.8135 0.5571
vn -0.2329 -0.9059 0.3536
vn -0.4003 -0.9124 -0.0857
vn -0.3268 -0.9383 -0.1135
vn -0.3461 -0.8756 -0.3369
vn -0.3462 -0.8756 -0.3370
vn -0.4870 -0.8259 -0.2840
vn -0.4004 -0.9123 -0.0859
vn -0.3123 -0.8819 0.3532
vn -0.3876 -0.8627 0.3248
vn -0.4627 -0.7309 0.5016
vn -0.3186 -0.7675 0.5563
vn -0.3125 -0.8818 0.3532
vn -0.1094 -0.9935 -0.0309
vn -0.0676 -0.9969 0.0402
vn 0.1500 -0.9878 -0.0428
vn 0.1499 -0.9878 -0.0427
vn -0.1093 -0.9935 -0.0309
vn -0.3266 -0.9383 -0.1133
vn -0.2475 -0.9623 -0.1129
vn -0.3459 -0.8756 -0.3370
vn -0.3265 -0.9384 -0.1132
vn -0.3878 -0.8627 0.3247
vn -0.4499 -0.8508 0.2715
vn -0.5823 -0.7080 0.3996
vn -0.5822 -0.7080 0.3997
vn -0.3879 -0.8627 0.3245
vn -0.0675 -0.9969 0.0405
vn -0.0513 -0.9913 0.1214
vn -0.2472 -0.9624 -0.1128
vn -0.1720 -0.9815 -0.0842
vn -0.0498 -0.9583 -0.2815
vn -0.1939 -0.9216 -0.3362
vn -0.2472 -0.9624 -0.1129
vn -0.4503 -0.8507 0.2712
vn -0.4920 -0.8473 0.2000
vn -0.6626 -0.7013 0.2630
vn -0.5823 -0.7080 0.3995
vn -0.4502 -0.8507 0.2713
vn -0.0512 -0.9913 0.1216
vn -0.0626 -0.9773 0.2023
vn -0.0512 -0.9912 0.1217
vn -0.1717 -0.9815 -0.0844
vn -0.1095 -0.9935 -0.0311
vn 0.0698 -0.9813 -0.1796
vn -0.0496 -0.9583 -0.2815
vn -0.1716 -0.9815 -0.0843
vn -0.4921 -0.8473 0.1997
vn -0.5081 -0.8531 0.1190
vn -0.6937 -0.7122 0.1077
vn -0.6937 -0.7121 0.1077
vn -0.4920 -0.8474 0.1998
vn -0.0626 -0.9773 0.2026
vn -0.1000 -0.9567 0.2733
vn 0.1595 -0.9502 0.2677
vn -0.0627 -0.9773 0.2025
vn -0.5083 -0.8530 0.1187
vn -0.4969 -0.8670 0.0381
vn -0.6721 -0.7390 -0.0474
vn -0.5083 -0.8530 0.1186
vn -0.1001 -0.9566 0.2736
vn -0.1590 -0.9319 0.3260
vn -0.1000 -0.9566 0.2737
vn -0.4971 -0.8669 0.0376
vn -0.4596 -0.8875 -0.0331
vn -0.6003 -0.7785 -0.1833
vn -0.4969 -0.8670 0.0378
vt 0.500000 0.649910
vt 0.579910 0.649620
vt 0.573850 0.448250
vt 0.500040 0.445450
vt 0.278030 0.647970
vt 0.349780 0.648940
vt 0.359180 0.445200
vt 0.291180 0.445660
vt 0.204780 0.646620
vt 0.223180 0.444170
vt 0.138420 0.645140
vt 0.160110 0.436560
vt 0.067250 0.643470
vt 0.082690 0.413080
vt 0.861580 0.645300
vt 0.932750 0.643660
vt 0.917420 0.413260
vt 0.839990 0.436710
vt 0.795220 0.646750
vt 0.776910 0.444290
vt 0.721970 0.648070
vt 0.708900 0.445760
vt 0.650210 0.649010
vt 0.640910 0.445260
vt 0.420090 0.649580
vt 0.426240 0.448220
vt 0.499950 0.863320
vt 0.576040 0.860180
vt 0.354890 0.862040
vt 0.423860 0.860150
vt 0.645010 0.862100
vt 0.714610 0.859840
vt 0.784380 0.858850
vt 0.849010 0.863240
vt 0.927610 0.881680
vt 0.072280 0.881490
vt 0.150890 0.863080
vt 0.215530 0.858720
vt 0.285290 0.859740
vt 0.119300 0.328290
vt 0.182630 0.344380
vt 0.245950 0.328290
vt 0.281980 0.282360
vt 0.298000 0.222560
vt 0.283170 0.167200
vt 0.246530 0.138960
vt 0.182320 0.139530
vt 0.118720 0.138960
vt 0.082080 0.167200
vt 0.067250 0.222560
vt 0.083270 0.282360
vt 0.499940 0.910310
vt 0.423800 0.911860
vt 0.355580 0.909420
vt 0.285370 0.909240
vt 0.218150 0.910590
vt 0.161900 0.918200
vt 0.086210 0.937910
vt 0.912930 0.937910
vt 0.837980 0.918350
vt 0.781730 0.910710
vt 0.714510 0.909340
vt 0.644300 0.909490
vt 0.576080 0.911900
vt 0.426790 0.384890
vt 0.500060 0.387650
vt 0.361350 0.386890
vt 0.293080 0.384780
vt 0.229330 0.380530
vt 0.178640 0.370060
vt 0.106780 0.344740
vt 0.821480 0.370200
vt 0.894240 0.344610
vt 0.770790 0.380650
vt 0.707030 0.384880
vt 0.638760 0.386950
vt 0.573320 0.384920
vt 0.498470 0.211840
vt 0.464940 0.169090
vt 0.405900 0.154090
vt 0.346860 0.169090
vt 0.313340 0.211840
vt 0.298230 0.268240
vt 0.311900 0.319240
vt 0.344510 0.344380
vt 0.406280 0.343830
vt 0.467300 0.344380
vt 0.499910 0.319240
vt 0.513580 0.268240
vt 0.017300 0.816820
vt 0.027560 0.875020
vt 0.038070 0.871100
vt 0.028510 0.816780
vt 0.339570 0.875620
vt 0.350430 0.815640
vt 0.339200 0.815350
vt 0.329260 0.872200
vt 0.057320 0.926080
vt 0.065830 0.918780
vt 0.341920 0.758530
vt 0.314680 0.708570
vt 0.306340 0.715430
vt 0.331660 0.762010
vt 0.102840 0.963630
vt 0.108280 0.953870
vt 0.216560 0.650920
vt 0.158020 0.650920
vt 0.160020 0.661960
vt 0.214660 0.661930
vt 0.158290 0.983080
vt 0.160030 0.972110
vt 0.102840 0.670640
vt 0.108420 0.680300
vt 0.327550 0.698200
vt 0.280160 0.656960
vt 0.275250 0.665190
vt 0.320180 0.704120
vt 0.216610 0.982230
vt 0.214480 0.971440
vt 0.057570 0.707990
vt 0.066120 0.715180
vt 0.270400 0.961610
vt 0.264780 0.952340
vt 0.027780 0.758750
vt 0.038300 0.762570
vt 0.312980 0.924460
vt 0.304720 0.917730
vt 0.155100 0.634220
vt 0.094440 0.655890
vt 0.099230 0.664330
vt 0.156750 0.643770
vt 0.155570 0.999810
vt 0.219790 0.998700
vt 0.217980 0.989270
vt 0.157140 0.990240
vt 0.044610 0.696960
vt 0.052010 0.703280
vt 0.278900 0.975760
vt 0.274040 0.967660
vt 0.011770 0.752840
vt 0.020910 0.756240
vt 0.325590 0.934730
vt 0.318380 0.928850
vt 0.000190 0.816790
vt 0.009980 0.816830
vt 0.355400 0.881180
vt 0.346390 0.877920
vt 0.011490 0.880910
vt 0.020680 0.877560
vt 0.357650 0.753220
vt 0.348650 0.756240
vt 0.367460 0.816020
vt 0.357720 0.815800
vt 0.044280 0.937170
vt 0.051750 0.930840
vt 0.219580 0.634220
vt 0.217840 0.643770
vt 0.094470 0.978480
vt 0.099270 0.970000
vt 0.271640 0.671390
vt 0.266130 0.681030
vt 0.912100 0.393380
vt 0.879630 0.374630
vt 0.861660 0.423610
vt 0.878460 0.433260
vt 0.749180 0.530030
vt 0.773280 0.558760
vt 0.806920 0.518880
vt 0.794430 0.504070
vt 0.842710 0.368110
vt 0.842570 0.420280
vt 0.805740 0.577510
vt 0.823720 0.528540
vt 0.805780 0.374610
vt 0.823500 0.423690
vt 0.842670 0.584030
vt 0.842810 0.531860
vt 0.773310 0.393350
vt 0.806740 0.433410
vt 0.936170 0.530070
vt 0.949010 0.494840
vt 0.897650 0.485640
vt 0.891060 0.503870
vt 0.879590 0.577530
vt 0.861880 0.528460
vt 0.749200 0.422070
vt 0.794310 0.448280
vt 0.949010 0.457350
vt 0.897610 0.466270
vt 0.912070 0.558790
vt 0.878640 0.518730
vt 0.736370 0.457300
vt 0.787730 0.466500
vt 0.936200 0.422110
vt 0.890950 0.448070
vt 0.736360 0.494800
vt 0.787770 0.485870
vt 0.860430 0.426990
vt 0.842570 0.423880
vt 0.809230 0.516130
vt 0.824950 0.525160
vt 0.824720 0.427070
vt 0.842810 0.528260
vt 0.809050 0.436170
vt 0.887950 0.502060
vt 0.894110 0.485010
vt 0.860650 0.525070
vt 0.797430 0.450080
vt 0.894070 0.466890
vt 0.876330 0.515970
vt 0.791270 0.467130
vt 0.887830 0.449870
vt 0.791310 0.485250
vt 0.876150 0.436010
vt 0.797550 0.502270
vt 0.842570 0.438940
vt 0.842560 0.429860
vt 0.826760 0.432690
vt 0.829870 0.441220
vt 0.830100 0.511010
vt 0.827010 0.519540
vt 0.842820 0.522280
vt 0.842810 0.513200
vt 0.812890 0.440760
vt 0.818730 0.447700
vt 0.874910 0.494530
vt 0.882770 0.499060
vt 0.888220 0.483970
vt 0.879280 0.482400
vt 0.858610 0.519450
vt 0.855500 0.510920
vt 0.802600 0.453080
vt 0.810470 0.457610
vt 0.888170 0.467920
vt 0.879240 0.469500
vt 0.872490 0.511380
vt 0.866650 0.504440
vt 0.797160 0.468180
vt 0.806100 0.469740
vt 0.882640 0.452850
vt 0.874790 0.457400
vt 0.797200 0.484220
vt 0.806140 0.482640
vt 0.872290 0.440590
vt 0.866460 0.447550
vt 0.802740 0.499290
vt 0.810590 0.494740
vt 0.858370 0.432600
vt 0.855270 0.441130
vt 0.813090 0.511550
vt 0.818910 0.504600
vt 0.842690 0.476070
vt 0.050290 0.564090
vt 0.040660 0.572080
vt 0.089290 0.612520
vt 0.095430 0.601800
vt 0.265290 0.305120
vt 0.271460 0.294450
vt 0.213400 0.272770
vt 0.211280 0.284820
vt 0.021530 0.512060
vt 0.009670 0.516150
vt 0.339580 0.512220
vt 0.351430 0.516550
vt 0.362840 0.453590
vt 0.350230 0.453570
vt 0.310430 0.342840
vt 0.320020 0.334770
vt 0.012670 0.453650
vt 0.000190 0.453360
vt 0.309430 0.563710
vt 0.319130 0.571940
vt 0.340150 0.394810
vt 0.352010 0.390490
vt 0.024720 0.395740
vt 0.013000 0.391390
vt 0.263720 0.601750
vt 0.269880 0.612620
vt 0.053910 0.343930
vt 0.044200 0.336050
vt 0.208340 0.621760
vt 0.210450 0.633830
vt 0.098590 0.305370
vt 0.092210 0.294580
vt 0.149890 0.621710
vt 0.147810 0.633830
vt 0.153330 0.284870
vt 0.151150 0.272880
vt 0.206750 0.612300
vt 0.258970 0.593320
vt 0.103430 0.313660
vt 0.061370 0.350110
vt 0.151600 0.612340
vt 0.154960 0.294250
vt 0.100090 0.593790
vt 0.209540 0.294100
vt 0.058000 0.557770
vt 0.260610 0.313090
vt 0.030730 0.508990
vt 0.330460 0.508760
vt 0.340480 0.453450
vt 0.302730 0.349230
vt 0.022320 0.454000
vt 0.302040 0.557360
vt 0.330930 0.398060
vt 0.033800 0.399220
vt 0.486410 0.522310
vt 0.422960 0.597920
vt 0.471420 0.625900
vt 0.505180 0.533140
vt 0.547860 0.415860
vt 0.581630 0.323100
vt 0.526520 0.313380
vt 0.526520 0.412090
vt 0.472470 0.505700
vt 0.386990 0.555060
vt 0.566630 0.426690
vt 0.630090 0.351080
vt 0.465060 0.485340
vt 0.367850 0.502480
vt 0.580560 0.443290
vt 0.666050 0.393950
vt 0.465060 0.463670
vt 0.367850 0.446520
vt 0.566630 0.522300
vt 0.630080 0.597910
vt 0.666050 0.555050
vt 0.580560 0.505700
vt 0.587980 0.463660
vt 0.685180 0.446530
vt 0.472470 0.443300
vt 0.386990 0.393940
vt 0.547860 0.533140
vt 0.581630 0.625890
vt 0.587980 0.485330
vt 0.685180 0.502480
vt 0.486400 0.426690
vt 0.422950 0.351080
vt 0.526520 0.536900
vt 0.526530 0.635610
vt 0.505170 0.415860
vt 0.471410 0.323100
vt 0.708650 0.299890
vt 0.727560 0.310790
vt 0.731880 0.298840
vt 0.716790 0.290120
vt 0.770460 0.192700
vt 0.749000 0.188930
vt 0.749010 0.201600
vt 0.766150 0.204650
vt 0.694610 0.283170
vt 0.705590 0.276770
vt 0.789370 0.203600
vt 0.781230 0.213370
vt 0.687130 0.262660
vt 0.699650 0.260420
vt 0.803420 0.283170
vt 0.810900 0.262670
vt 0.798350 0.260460
vt 0.792440 0.276830
vt 0.803420 0.220320
vt 0.792440 0.226720
vt 0.687130 0.240820
vt 0.699680 0.243030
vt 0.789410 0.299860
vt 0.781230 0.290140
vt 0.810900 0.240830
vt 0.798380 0.243070
vt 0.694610 0.220330
vt 0.705590 0.226660
vt 0.770510 0.310780
vt 0.766140 0.298810
vt 0.708620 0.203640
vt 0.716800 0.213360
vt 0.749020 0.314560
vt 0.749010 0.301890
vt 0.727520 0.192710
vt 0.731890 0.204680
vt 0.725810 0.279390
vt 0.717710 0.269810
vt 0.761390 0.217790
vt 0.772220 0.224110
vt 0.713390 0.258020
vt 0.784580 0.258030
vt 0.780340 0.269850
vt 0.780310 0.233690
vt 0.713450 0.245460
vt 0.772230 0.279440
vt 0.784640 0.245480
vt 0.717690 0.233640
vt 0.761350 0.285680
vt 0.725790 0.224050
vt 0.749000 0.287930
vt 0.736680 0.217820
vt 0.736640 0.285700
vt 0.749030 0.215570
vt 0.749010 0.251750
vt 0.631420 0.658140
vt 0.628880 0.662210
vt 0.674260 0.702790
vt 0.678040 0.699760
vt 0.573560 0.636000
vt 0.572650 0.640690
vt 0.511660 0.636130
vt 0.512490 0.640840
vt 0.453490 0.658300
vt 0.455950 0.662440
vt 0.406540 0.699800
vt 0.410320 0.702840
vt 0.376790 0.755470
vt 0.381420 0.757020
vt 0.367850 0.818390
vt 0.372750 0.818300
vt 0.380090 0.880900
vt 0.384690 0.879360
vt 0.408780 0.936410
vt 0.412600 0.933500
vt 0.455190 0.977760
vt 0.457720 0.973680
vt 0.513300 0.999810
vt 0.514200 0.995090
vt 0.575660 0.999810
vt 0.574840 0.995060
vt 0.634370 0.977730
vt 0.631910 0.973550
vt 0.681990 0.936300
vt 0.678220 0.933210
vt 0.712570 0.880630
vt 0.707940 0.879010
vt 0.722330 0.817550
vt 0.717400 0.817610
vt 0.710160 0.754770
vt 0.705550 0.756460
vt 0.685570 0.503780
vt 0.704520 0.555840
vt 0.980860 0.396300
vt 0.945240 0.353850
vt 0.685570 0.448370
vt 0.945240 0.598290
vt 0.980860 0.555840
vt 0.999810 0.448370
vt 0.704520 0.396300
vt 0.897260 0.625990
vt 0.999810 0.503780
vt 0.740140 0.353850
vt 0.842690 0.635610
vt 0.788120 0.326150
vt 0.788120 0.625990
vt 0.842690 0.316530
vt 0.740140 0.598290
vt 0.897260 0.326150
vt 0.076380 0.223350
vt 0.045650 0.233740
vt 0.049710 0.247780
vt 0.073140 0.240100
vt 0.075050 0.171000
vt 0.040850 0.162210
vt 0.038350 0.176010
vt 0.075420 0.181360
vt 0.075670 0.210180
vt 0.041890 0.220260
vt 0.076030 0.190320
vt 0.037200 0.191290
vt 0.038870 0.206530
vt 0.075740 0.199580
vt 0.071320 0.140980
vt 0.047530 0.134290
vt 0.044070 0.148520
vt 0.075380 0.157930
vt 0.102030 0.190470
vt 0.090010 0.190740
vt 0.090470 0.199780
vt 0.103040 0.198340
vt 0.100240 0.174020
vt 0.088820 0.172070
vt 0.089270 0.181810
vt 0.100800 0.183300
vt 0.102610 0.145170
vt 0.090540 0.144650
vt 0.089010 0.159620
vt 0.100370 0.161340
vt 0.090800 0.209630
vt 0.103850 0.208010
vt 0.091190 0.221770
vt 0.104200 0.220750
vt 0.142570 0.183250
vt 0.120480 0.181470
vt 0.121540 0.190690
vt 0.143830 0.190510
vt 0.145550 0.208550
vt 0.122880 0.209830
vt 0.122570 0.221120
vt 0.145350 0.221400
vt 0.122430 0.200390
vt 0.144900 0.198650
vt 0.141870 0.174230
vt 0.119640 0.172470
vt 0.141380 0.146700
vt 0.121770 0.144870
vt 0.119360 0.161340
vt 0.141660 0.161990
vt 0.174660 0.157130
vt 0.157850 0.161670
vt 0.159830 0.172240
vt 0.176480 0.169520
vt 0.181610 0.201680
vt 0.163770 0.201550
vt 0.163390 0.210930
vt 0.181140 0.213450
vt 0.178530 0.226610
vt 0.161220 0.221980
vt 0.157040 0.236820
vt 0.173120 0.241240
vt 0.178380 0.180470
vt 0.161350 0.180470
vt 0.162880 0.190680
vt 0.179900 0.190910
vt 0.171830 0.141310
vt 0.156010 0.146530
vt 0.208650 0.205060
vt 0.209870 0.189190
vt 0.207990 0.173760
vt 0.204560 0.160180
vt 0.200170 0.146880
vt 0.194880 0.132210
vt 0.197350 0.247780
vt 0.201920 0.232740
vt 0.205770 0.219080
vt 0.091860 0.236220
vt 0.103490 0.236200
vt 0.121940 0.236870
vt 0.141950 0.236350
vt 0.749000 0.187350
vt 0.726980 0.191220
vt 0.727020 0.312280
vt 0.749020 0.316140
vt 0.707600 0.202420
vt 0.771050 0.312270
vt 0.693240 0.219540
vt 0.812460 0.262950
vt 0.812460 0.240550
vt 0.790430 0.301070
vt 0.685570 0.240540
vt 0.804790 0.219530
vt 0.804790 0.283960
vt 0.685570 0.262940
vt 0.790390 0.202390
vt 0.693230 0.283960
vt 0.771000 0.191220
vt 0.707640 0.301100
s 0
usemtl mat0.1002
f 1/1/1 2/2/2 3/3/3
f 3/3/4 4/4/5 1/1/1
f 5/5/6 6/6/7 7/7/8
f 7/7/9 8/8/10 5/5/11
f 9/9/12 5/5/13 8/8/14
f 8/8/15 10/10/16 9/9/17
f 11/11/18 9/9/19 10/10/20
f 10/10/16 12/12/21 11/11/22
f 13/13/23 11/11/24 12/12/25
f 12/12/25 14/14/26 13/13/27
f 15/15/28 16/16/23 17/17/29
f 17/17/30 18/18/31 15/15/28
f 19/19/32 15/15/33 18/18/34
f 18/18/35 20/20/36 19/19/37
f 21/21/38 19/19/39 20/20/40
f 20/20/40 22/22/41 21/21/42
f 23/23/43 21/21/44 22/22/45
f 22/22/46 24/24/47 23/23/48
f 2/2/49 23/23/50 24/24/51
f 24/24/52 3/3/53 2/2/54
f 25/25/55 1/1/56 4/4/57
f 4/4/58 26/26/59 25/25/60
f 6/6/61 25/25/62 26/26/63
f 26/26/64 7/7/65 6/6/61
f 27/27/66 28/28/67 2/2/68
f 2/2/69 1/1/70 27/27/71
f 29/29/72 30/30/73 25/25/74
f 25/25/75 6/6/76 29/29/77
f 28/28/67 31/31/78 23/23/79
f 23/23/79 2/2/80 28/28/81
f 31/31/82 32/32/83 21/21/84
f 21/21/84 23/23/85 31/31/86
f 32/32/87 33/33/88 19/19/89
f 19/19/90 21/21/91 32/32/92
f 33/33/93 34/34/94 15/15/95
f 15/15/96 19/19/97 33/33/88
f 34/34/98 35/35/99 16/16/100
f 16/16/101 15/15/102 34/34/103
f 36/36/104 37/37/105 11/11/106
f 11/11/107 13/13/101 36/36/108
f 37/37/109 38/38/110 9/9/111
f 9/9/112 11/11/113 37/37/114
f 38/38/115 39/39/116 5/5/117
f 5/5/118 9/9/17 38/38/119
f 39/39/120 29/29/121 6/6/122
f 6/6/123 5/5/124 39/39/125
f 40/40/126 41/41/127 42/42/128
f 40/40/126 42/42/128 43/43/129
f 40/40/130 43/43/131 44/44/132
f 40/40/133 44/44/134 45/45/135
f 40/40/136 45/45/137 46/46/138
f 40/40/136 46/46/139 47/47/140
f 40/40/141 47/47/142 48/48/143
f 40/40/144 48/48/145 49/49/146
f 40/40/136 49/49/147 50/50/148
f 50/50/149 51/51/150 40/40/151
f 52/52/152 27/27/153 30/30/154
f 30/30/154 53/53/155 52/52/152
f 53/53/156 30/30/157 29/29/158
f 29/29/159 54/54/160 53/53/161
f 54/54/162 29/29/163 39/39/164
f 39/39/165 55/55/166 54/54/167
f 55/55/168 39/39/169 38/38/170
f 38/38/171 56/56/172 55/55/173
f 56/56/174 38/38/175 37/37/176
f 37/37/177 57/57/178 56/56/179
f 57/57/180 37/37/181 36/36/182
f 36/36/182 58/58/183 57/57/184
f 59/59/185 35/35/182 34/34/186
f 34/34/98 60/60/187 59/59/188
f 60/60/189 34/34/190 33/33/88
f 33/33/191 61/61/192 60/60/193
f 61/61/192 33/33/194 32/32/195
f 32/32/196 62/62/197 61/61/198
f 62/62/199 32/32/196 31/31/200
f 31/31/201 63/63/202 62/62/199
f 63/63/203 31/31/200 28/28/204
f 28/28/67 64/64/133 63/63/205
f 64/64/133 28/28/206 27/27/207
f 27/27/208 52/52/209 64/64/210
f 30/30/211 27/27/212 1/1/213
f 1/1/214 25/25/215 30/30/216
f 65/65/217 26/26/64 4/4/218
f 4/4/219 66/66/220 65/65/217
f 67/67/221 7/7/222 26/26/223
f 26/26/224 65/65/225 67/67/226
f 68/68/227 8/8/228 7/7/229
f 7/7/230 67/67/231 68/68/232
f 69/69/233 10/10/234 8/8/235
f 8/8/236 68/68/227 69/69/237
f 70/70/238 12/12/239 10/10/240
f 10/10/241 69/69/242 70/70/243
f 71/71/244 14/14/245 12/12/25
f 12/12/246 70/70/247 71/71/248
f 72/72/249 18/18/34 17/17/250
f 17/17/251 73/73/252 72/72/253
f 74/74/254 20/20/255 18/18/34
f 18/18/256 72/72/257 74/74/258
f 75/75/259 22/22/260 20/20/261
f 20/20/262 74/74/263 75/75/264
f 76/76/265 24/24/266 22/22/267
f 22/22/268 75/75/269 76/76/265
f 77/77/270 3/3/271 24/24/272
f 24/24/273 76/76/274 77/77/275
f 66/66/276 4/4/277 3/3/278
f 3/3/53 77/77/279 66/66/280
f 78/78/281 79/79/282 80/80/283
f 78/78/284 80/80/285 81/81/286
f 78/78/287 81/81/288 82/82/289
f 78/78/290 82/82/289 83/83/291
f 78/78/290 83/83/292 84/84/293
f 78/78/290 84/84/294 85/85/295
f 78/78/296 85/85/297 86/86/298
f 78/78/299 86/86/298 87/87/300
f 78/78/284 87/87/301 88/88/302
f 88/88/303 89/89/304 78/78/281
usemtl mat1.478
f 90/90/305 91/91/306 92/92/307
f 92/92/308 93/93/309 90/90/310
f 94/94/311 95/95/312 96/96/313
f 96/96/314 97/97/315 94/94/316
f 91/91/317 98/98/318 99/99/319
f 99/99/320 92/92/321 91/91/322
f 100/100/323 101/101/324 102/102/325
f 102/102/326 103/103/327 100/100/328
f 95/95/329 100/100/330 103/103/331
f 103/103/332 96/96/333 95/95/334
f 98/98/335 104/104/336 105/105/337
f 105/105/338 99/99/339 98/98/318
f 106/106/340 107/107/341 108/108/342
f 108/108/343 109/109/344 106/106/340
f 104/104/336 110/110/345 111/111/346
f 111/111/347 105/105/348 104/104/349
f 107/107/350 112/112/351 113/113/352
f 113/113/353 108/108/354 107/107/355
f 114/114/356 115/115/357 116/116/358
f 116/116/359 117/117/360 114/114/361
f 110/110/362 118/118/363 119/119/364
f 119/119/365 111/111/366 110/110/367
f 112/112/368 120/120/369 121/121/370
f 121/121/371 113/113/372 112/112/368
f 118/118/373 122/122/374 123/123/375
f 123/123/376 119/119/364 118/118/377
f 120/120/378 124/124/379 125/125/380
f 125/125/381 121/121/382 120/120/383
f 122/122/384 126/126/385 127/127/386
f 127/127/387 123/123/388 122/122/389
f 124/124/390 90/90/391 93/93/392
f 93/93/393 125/125/394 124/124/395
f 126/126/396 94/94/397 97/97/398
f 97/97/399 127/127/400 126/126/401
f 128/128/402 129/129/403 130/130/404
f 130/130/405 131/131/406 128/128/407
f 132/132/408 133/133/409 134/134/410
f 134/134/411 135/135/412 132/132/413
f 129/129/414 136/136/415 137/137/416
f 137/137/417 130/130/418 129/129/419
f 133/133/420 138/138/421 139/139/422
f 139/139/422 134/134/411 133/133/423
f 136/136/424 140/140/425 141/141/426
f 141/141/426 137/137/427 136/136/428
f 138/138/429 142/142/430 143/143/431
f 143/143/432 139/139/433 138/138/434
f 140/140/435 144/144/436 145/145/437
f 145/145/438 141/141/439 140/140/440
f 142/142/441 146/146/442 147/147/443
f 147/147/443 143/143/444 142/142/441
f 144/144/445 148/148/446 149/149/447
f 149/149/448 145/145/438 144/144/445
f 150/150/449 114/114/450 117/117/451
f 117/117/452 151/151/453 150/150/454
f 146/146/442 152/152/455 153/153/456
f 153/153/457 147/147/458 146/146/459
f 148/148/460 154/154/461 155/155/462
f 155/155/463 149/149/464 148/148/465
f 115/115/466 156/156/467 157/157/468
f 157/157/469 116/116/470 115/115/471
f 152/152/472 150/150/473 151/151/474
f 151/151/475 153/153/476 152/152/477
f 154/154/461 158/158/478 159/159/479
f 159/159/480 155/155/481 154/154/482
f 156/156/483 128/128/484 131/131/485
f 131/131/485 157/157/486 156/156/487
f 160/160/488 106/106/489 109/109/490
f 109/109/491 161/161/492 160/160/493
f 158/158/494 132/132/495 135/135/496
f 135/135/496 159/159/497 158/158/498
f 162/162/499 163/163/500 164/164/501
f 164/164/502 165/165/503 162/162/499
f 166/166/504 167/167/505 168/168/506
f 168/168/507 169/169/508 166/166/509
f 163/163/510 170/170/511 171/171/512
f 171/171/513 164/164/514 163/163/510
f 167/167/505 172/172/515 173/173/516
f 173/173/517 168/168/518 167/167/505
f 170/170/519 174/174/520 175/175/521
f 175/175/521 171/171/513 170/170/519
f 172/172/515 176/176/522 177/177/523
f 177/177/524 173/173/525 172/172/515
f 174/174/526 178/178/527 179/179/528
f 179/179/529 175/175/521 174/174/520
f 180/180/530 181/181/531 182/182/532
f 182/182/533 183/183/534 180/180/535
f 176/176/536 184/184/537 185/185/538
f 185/185/539 177/177/540 176/176/541
f 178/178/542 186/186/543 187/187/544
f 187/187/545 179/179/546 178/178/542
f 181/181/531 188/188/547 189/189/548
f 189/189/549 182/182/550 181/181/551
f 184/184/552 190/190/553 191/191/554
f 191/191/554 185/185/555 184/184/552
f 186/186/556 192/192/557 193/193/558
f 193/193/559 187/187/560 186/186/556
f 188/188/547 194/194/561 195/195/562
f 195/195/563 189/189/548 188/188/564
f 190/190/553 180/180/535 183/183/534
f 183/183/565 191/191/566 190/190/567
f 192/192/568 196/196/569 197/197/570
f 197/197/570 193/193/571 192/192/568
f 194/194/572 162/162/573 165/165/574
f 165/165/503 195/195/575 194/194/576
f 196/196/569 166/166/504 169/169/508
f 169/169/508 197/197/577 196/196/569
f 198/198/578 164/164/579 171/171/580
f 171/171/581 199/199/582 198/198/583
f 200/200/584 168/168/585 173/173/586
f 173/173/587 201/201/588 200/200/589
f 199/199/590 171/171/591 175/175/592
f 175/175/593 202/202/594 199/199/595
f 201/201/596 173/173/597 177/177/598
f 177/177/598 203/203/599 201/201/600
f 202/202/601 175/175/602 179/179/603
f 179/179/604 204/204/605 202/202/606
f 205/205/607 183/183/608 182/182/609
f 182/182/610 206/206/611 205/205/612
f 203/203/613 177/177/614 185/185/615
f 185/185/615 207/207/616 203/203/617
f 204/204/618 179/179/619 187/187/620
f 187/187/621 208/208/622 204/204/618
f 206/206/623 182/182/624 189/189/625
f 189/189/625 209/209/626 206/206/627
f 207/207/628 185/185/629 191/191/630
f 191/191/631 210/210/632 207/207/633
f 208/208/634 187/187/621 193/193/635
f 193/193/636 211/211/637 208/208/638
f 209/209/639 189/189/640 195/195/641
f 195/195/642 212/212/643 209/209/644
f 210/210/645 191/191/646 183/183/647
f 183/183/648 205/205/649 210/210/650
f 211/211/651 193/193/652 197/197/653
f 197/197/654 213/213/655 211/211/656
f 212/212/657 195/195/658 165/165/659
f 165/165/660 214/214/661 212/212/662
f 213/213/663 197/197/664 169/169/665
f 169/169/666 215/215/667 213/213/668
f 214/214/669 165/165/670 164/164/671
f 164/164/672 198/198/673 214/214/674
f 215/215/675 169/169/676 168/168/677
f 168/168/677 200/200/678 215/215/679
f 216/216/680 217/217/681 218/218/682
f 218/218/683 219/219/684 216/216/680
f 220/220/685 221/221/686 222/222/687
f 222/222/688 223/223/689 220/220/690
f 219/219/691 218/218/692 224/224/693
f 224/224/694 225/225/695 219/219/696
f 226/226/697 227/227/698 228/228/699
f 228/228/700 229/229/701 226/226/697
f 223/223/689 222/222/702 230/230/703
f 230/230/704 231/231/705 223/223/689
f 225/225/706 224/224/694 232/232/707
f 232/232/707 233/233/708 225/225/706
f 229/229/709 228/228/699 234/234/710
f 234/234/710 235/235/711 229/229/712
f 231/231/713 230/230/714 236/236/715
f 236/236/715 237/237/716 231/231/713
f 233/233/717 232/232/718 238/238/719
f 238/238/720 239/239/721 233/233/717
f 235/235/711 234/234/710 240/240/722
f 240/240/723 241/241/724 235/235/725
f 237/237/716 236/236/726 227/227/698
f 227/227/727 226/226/697 237/237/716
f 239/239/728 238/238/729 242/242/730
f 242/242/730 243/243/731 239/239/728
f 241/241/732 240/240/733 244/244/734
f 244/244/735 245/245/736 241/241/737
f 243/243/738 242/242/739 246/246/740
f 246/246/741 247/247/742 243/243/738
f 245/245/743 244/244/744 248/248/745
f 248/248/745 249/249/746 245/245/743
f 247/247/747 246/246/748 250/250/749
f 250/250/750 251/251/751 247/247/747
f 249/249/752 248/248/745 217/217/753
f 217/217/754 216/216/680 249/249/746
f 251/251/755 250/250/750 221/221/756
f 221/221/686 220/220/757 251/251/751
f 219/219/758 225/225/759 252/252/760
f 226/226/761 229/229/762 252/252/763
f 223/223/764 231/231/765 252/252/766
f 225/225/759 233/233/767 252/252/768
f 229/229/769 235/235/770 252/252/771
f 231/231/765 237/237/772 252/252/773
f 233/233/774 239/239/775 252/252/768
f 235/235/776 241/241/777 252/252/213
f 237/237/772 226/226/761 252/252/213
f 239/239/778 243/243/779 252/252/766
f 241/241/780 245/245/781 252/252/771
f 243/243/779 247/247/782 252/252/768
f 245/245/783 249/249/784 252/252/785
f 247/247/782 251/251/786 252/252/766
f 249/249/787 216/216/788 252/252/766
f 251/251/786 220/220/789 252/252/768
f 216/216/790 219/219/758 252/252/760
f 220/220/791 223/223/792 252/252/766
f 253/253/793 254/254/794 255/255/795
f 255/255/796 256/256/797 253/253/793
f 257/257/798 258/258/799 259/259/800
f 259/259/801 260/260/802 257/257/798
f 261/261/803 262/262/804 254/254/805
f 254/254/806 253/253/807 261/261/808
f 263/263/809 264/264/810 265/265/811
f 265/265/812 266/266/813 263/263/814
f 267/267/815 268/268/816 258/258/817
f 258/258/818 257/257/798 267/267/819
f 269/269/820 270/270/821 262/262/822
f 262/262/823 261/261/824 269/269/825
f 271/271/826 272/272/827 264/264/828
f 264/264/810 263/263/829 271/271/826
f 273/273/830 274/274/831 268/268/832
f 268/268/833 267/267/834 273/273/835
f 275/275/836 276/276/837 270/270/838
f 270/270/839 269/269/840 275/275/841
f 277/277/842 278/278/843 272/272/844
f 272/272/845 271/271/846 277/277/847
f 266/266/813 265/265/848 274/274/849
f 274/274/850 273/273/851 266/266/813
f 279/279/852 280/280/853 276/276/854
f 276/276/855 275/275/856 279/279/857
f 281/281/858 282/282/859 278/278/860
f 278/278/861 277/277/842 281/281/862
f 283/283/863 284/284/864 280/280/865
f 280/280/866 279/279/852 283/283/863
f 285/285/867 286/286/868 282/282/869
f 282/282/870 281/281/862 285/285/871
f 287/287/872 288/288/873 284/284/874
f 284/284/875 283/283/863 287/287/876
f 256/256/877 255/255/878 286/286/879
f 286/286/879 285/285/880 256/256/877
f 260/260/802 259/259/881 288/288/882
f 288/288/883 287/287/872 260/260/802
f 289/289/884 281/281/885 277/277/886
f 277/277/887 290/290/888 289/289/889
f 291/291/890 283/283/891 279/279/892
f 279/279/893 292/292/894 291/291/895
f 293/293/896 285/285/897 281/281/898
f 281/281/898 289/289/899 293/293/900
f 294/294/901 287/287/902 283/283/903
f 283/283/904 291/291/895 294/294/905
f 295/295/906 256/256/907 285/285/908
f 285/285/909 293/293/910 295/295/911
f 296/296/912 260/260/913 287/287/914
f 287/287/915 294/294/916 296/296/917
f 297/297/918 253/253/919 256/256/920
f 256/256/907 295/295/921 297/297/922
f 298/298/923 257/257/924 260/260/925
f 260/260/925 296/296/926 298/298/927
f 299/299/928 261/261/929 253/253/930
f 253/253/931 297/297/932 299/299/933
f 300/300/934 263/263/935 266/266/936
f 266/266/937 301/301/938 300/300/939
f 302/302/940 267/267/941 257/257/942
f 257/257/943 298/298/944 302/302/945
f 303/303/946 269/269/947 261/261/929
f 261/261/948 299/299/949 303/303/950
f 304/304/951 271/271/952 263/263/953
f 263/263/954 300/300/934 304/304/955
f 305/305/956 273/273/957 267/267/958
f 267/267/941 302/302/959 305/305/960
f 306/306/961 275/275/962 269/269/963
f 269/269/964 303/303/965 306/306/966
f 290/290/967 277/277/886 271/271/968
f 271/271/952 304/304/969 290/290/970
f 301/301/971 266/266/972 273/273/973
f 273/273/974 305/305/975 301/301/976
f 292/292/977 279/279/978 275/275/979
f 275/275/962 306/306/980 292/292/981
f 307/307/982 308/308/983 309/309/984
f 309/309/985 310/310/986 307/307/982
f 311/311/987 312/312/988 313/313/989
f 313/313/990 314/314/991 311/311/992
f 315/315/993 316/316/994 308/308/995
f 308/308/996 307/307/997 315/315/993
f 317/317/998 318/318/999 312/312/1000
f 312/312/1000 311/311/987 317/317/998
f 319/319/1001 320/320/1002 316/316/1003
f 316/316/1004 315/315/993 319/319/1005
f 321/321/1006 322/322/1007 318/318/1008
f 318/318/1009 317/317/998 321/321/1010
f 323/323/1011 324/324/1012 320/320/1013
f 320/320/1013 319/319/1001 323/323/1011
f 325/325/1014 326/326/1015 327/327/1016
f 327/327/1017 328/328/1018 325/325/1014
f 329/329/1019 330/330/1020 322/322/1021
f 322/322/1022 321/321/1010 329/329/1023
f 331/331/1024 332/332/1025 324/324/1026
f 324/324/1027 323/323/1011 331/331/1024
f 333/333/1028 334/334/1029 326/326/1030
f 326/326/1031 325/325/1014 333/333/1028
f 335/335/1032 336/336/1033 330/330/1034
f 330/330/1020 329/329/1035 335/335/1036
f 337/337/1037 338/338/1038 332/332/1039
f 332/332/1040 331/331/1024 337/337/1041
f 339/339/1042 340/340/1043 334/334/1044
f 334/334/1045 333/333/1028 339/339/1042
f 328/328/1018 327/327/1017 336/336/1046
f 336/336/1033 335/335/1032 328/328/1018
f 341/341/1047 342/342/1048 338/338/1049
f 338/338/1038 337/337/1037 341/341/1050
f 310/310/986 309/309/1051 340/340/1052
f 340/340/1053 339/339/1042 310/310/986
f 314/314/1054 313/313/1055 342/342/1056
f 342/342/1057 341/341/1050 314/314/991
f 343/343/1058 344/344/1059 345/345/1060
f 345/345/1060 346/346/1061 343/343/1062
f 347/347/1063 348/348/1064 349/349/1065
f 349/349/1066 350/350/1067 347/347/1068
f 351/351/1069 343/343/1070 346/346/1071
f 346/346/1072 352/352/1073 351/351/1074
f 353/353/1075 347/347/1076 350/350/1077
f 350/350/1077 354/354/1078 353/353/1079
f 355/355/1080 351/351/1081 352/352/1082
f 352/352/1083 356/356/1084 355/355/1085
f 357/357/1086 358/358/1087 359/359/1088
f 359/359/1088 360/360/1089 357/357/1090
f 361/361/1091 353/353/1079 354/354/1092
f 354/354/1093 362/362/1094 361/361/1095
f 363/363/1096 355/355/1097 356/356/1098
f 356/356/1099 364/364/1100 363/363/1101
f 365/365/1102 357/357/1103 360/360/1104
f 360/360/1104 366/366/1105 365/365/1106
f 367/367/1107 361/361/1108 362/362/1109
f 362/362/1110 368/368/1111 367/367/1107
f 369/369/1112 363/363/1113 364/364/1114
f 364/364/1114 370/370/1115 369/369/1116
f 371/371/1117 365/365/1106 366/366/1118
f 366/366/1118 372/372/1119 371/371/1120
f 358/358/1121 367/367/1122 368/368/1123
f 368/368/1124 359/359/1125 358/358/1126
f 373/373/1127 369/369/1128 370/370/1129
f 370/370/1129 374/374/1130 373/373/1131
f 375/375/1132 371/371/1133 372/372/1134
f 372/372/1135 376/376/1136 375/375/1137
f 377/377/1138 373/373/1131 374/374/1139
f 374/374/1139 378/378/1140 377/377/1138
f 344/344/1141 375/375/1142 376/376/1143
f 376/376/1144 345/345/1145 344/344/1141
f 348/348/1146 377/377/1147 378/378/1148
f 378/378/1149 349/349/1150 348/348/1146
f 352/352/1151 346/346/1071 379/379/1152
f 379/379/1152 380/380/1153 352/352/1151
f 354/354/1078 350/350/1154 381/381/1155
f 381/381/1156 382/382/1157 354/354/1078
f 356/356/1158 352/352/1082 380/380/1159
f 380/380/1160 383/383/1161 356/356/1084
f 360/360/1089 359/359/1088 384/384/1162
f 384/384/1162 385/385/1163 360/360/1089
f 362/362/1164 354/354/1093 382/382/1165
f 382/382/1165 386/386/1166 362/362/1094
f 364/364/1167 356/356/1099 383/383/1168
f 383/383/1169 387/387/1170 364/364/1171
f 366/366/1172 360/360/1173 385/385/1174
f 385/385/1175 388/388/1176 366/366/1172
f 368/368/1177 362/362/1178 386/386/1179
f 386/386/1179 389/389/1180 368/368/1181
f 370/370/1115 364/364/1114 387/387/1182
f 387/387/1182 390/390/1183 370/370/1115
f 372/372/1119 366/366/1172 388/388/1184
f 388/388/1184 391/391/1185 372/372/1119
f 359/359/1186 368/368/1187 389/389/1188
f 389/389/1188 384/384/1189 359/359/1186
f 374/374/1190 370/370/1191 390/390/1192
f 390/390/1192 392/392/1193 374/374/1190
f 376/376/1194 372/372/1195 391/391/1196
f 391/391/1196 393/393/1197 376/376/1198
f 378/378/1199 374/374/1200 392/392/1201
f 392/392/1201 394/394/1202 378/378/1140
f 345/345/1145 376/376/1203 393/393/1204
f 393/393/1205 395/395/1206 345/345/1145
f 349/349/1207 378/378/1149 394/394/1208
f 394/394/1209 396/396/1210 349/349/1211
f 346/346/1212 345/345/1213 395/395/1214
f 395/395/1215 379/379/1216 346/346/1061
f 350/350/1217 349/349/1065 396/396/1218
f 396/396/1219 381/381/1156 350/350/1220
f 380/380/1221 397/397/1222 383/383/1223
f 384/384/1224 397/397/1225 385/385/1226
f 382/382/1227 397/397/1228 386/386/1229
f 383/383/1230 397/397/1231 387/387/1232
f 385/385/1233 397/397/1231 388/388/1234
f 386/386/1235 397/397/1236 389/389/1237
f 387/387/1238 397/397/23 390/390/1239
f 388/388/1240 397/397/101 391/391/1241
f 389/389/1242 397/397/1225 384/384/1243
f 390/390/1244 397/397/1231 392/392/1245
f 391/391/1246 397/397/27 393/393/1247
f 392/392/1248 397/397/1231 394/394/1249
f 393/393/1250 397/397/1225 395/395/1251
f 394/394/1252 397/397/23 396/396/1253
f 395/395/1254 397/397/23 379/379/1255
f 396/396/1256 397/397/23 381/381/1257
f 379/379/1258 397/397/23 380/380/1259
f 381/381/1260 397/397/23 382/382/1261
f 398/398/1262 399/399/1263 400/400/1264
f 400/400/1265 401/401/1266 398/398/1267
f 402/402/1268 403/403/1269 399/399/1270
f 399/399/1263 398/398/1271 402/402/1272
f 404/404/1273 405/405/1274 403/403/1269
f 403/403/1269 402/402/1275 404/404/1276
f 406/406/1277 407/407/1278 405/405/1279
f 405/405/1280 404/404/1273 406/406/870
f 408/408/1281 409/409/1282 407/407/1283
f 407/407/1284 406/406/1277 408/408/1285
f 410/410/1286 411/411/1287 409/409/1288
f 409/409/1289 408/408/1290 410/410/1291
f 412/412/794 413/413/1292 411/411/1293
f 411/411/1294 410/410/1295 412/412/1296
f 414/414/1297 415/415/1298 413/413/1299
f 413/413/1300 412/412/1301 414/414/1302
f 416/416/1303 417/417/1304 415/415/1305
f 415/415/1298 414/414/1306 416/416/1307
f 418/418/1308 419/419/1309 417/417/1310
f 417/417/1311 416/416/1312 418/418/837
f 420/420/865 421/421/1313 419/419/1314
f 419/419/1315 418/418/1316 420/420/1317
f 422/422/1318 423/423/1319 421/421/1320
f 421/421/1321 420/420/1322 422/422/1323
f 424/424/1324 425/425/1325 423/423/1326
f 423/423/1327 422/422/874 424/424/873
f 426/426/1328 427/427/1329 425/425/1330
f 425/425/1331 424/424/1324 426/426/1332
f 428/428/1333 429/429/1334 427/427/1335
f 427/427/1336 426/426/1337 428/428/1338
f 430/430/1339 431/431/1340 429/429/1341
f 429/429/1342 428/428/1343 430/430/1344
f 432/432/1345 433/433/1346 431/431/1347
f 431/431/1347 430/430/1348 432/432/1349
f 401/401/1350 400/400/1351 433/433/1352
f 433/433/1353 432/432/1354 401/401/1355
f 250/250/1356 200/200/1357 201/201/1358
f 201/201/1358 221/221/1359 250/250/1360
f 248/248/1361 198/198/1362 199/199/1363
f 199/199/1364 217/217/1365 248/248/1366
f 246/246/1367 215/215/1368 200/200/1369
f 200/200/1370 250/250/1371 246/246/1372
f 244/244/1373 214/214/1374 198/198/1375
f 198/198/1376 248/248/1377 244/244/1373
f 242/242/1378 213/213/1379 215/215/1380
f 215/215/1381 246/246/1382 242/242/1378
f 240/240/1383 212/212/1384 214/214/1385
f 214/214/1386 244/244/1387 240/240/1388
f 238/238/1389 211/211/1390 213/213/1391
f 213/213/1392 242/242/1393 238/238/1394
f 236/236/1395 210/210/1396 205/205/1397
f 205/205/1398 227/227/1399 236/236/1395
f 234/234/1400 209/209/1401 212/212/1402
f 212/212/1403 240/240/1404 234/234/1400
f 232/232/1405 208/208/1406 211/211/1407
f 211/211/1408 238/238/1409 232/232/1410
f 230/230/1411 207/207/1412 210/210/1413
f 210/210/1413 236/236/1414 230/230/1415
f 228/228/1416 206/206/1417 209/209/1418
f 209/209/1419 234/234/1420 228/228/1421
f 224/224/1422 204/204/1423 208/208/1424
f 208/208/1424 232/232/1425 224/224/1422
f 222/222/1426 203/203/1427 207/207/1428
f 207/207/1428 230/230/1411 222/222/1426
f 227/227/1429 205/205/1430 206/206/1431
f 206/206/1431 228/228/1432 227/227/1429
f 218/218/1433 202/202/1434 204/204/1435
f 204/204/1435 224/224/1436 218/218/1437
f 221/221/1438 201/201/1439 203/203/1440
f 203/203/1440 222/222/1441 221/221/1442
f 217/217/1443 199/199/1444 202/202/1445
f 202/202/1445 218/218/1446 217/217/1447
f 116/116/1448 160/160/1449 101/101/1450
f 101/101/1451 117/117/1452 116/116/1453
f 157/157/1454 106/106/1455 160/160/1456
f 160/160/1457 116/116/1458 157/157/1454
f 131/131/1459 107/107/1460 106/106/1461
f 106/106/1462 157/157/1463 131/131/1464
f 130/130/1465 112/112/1466 107/107/1467
f 107/107/1460 131/131/1468 130/130/1469
f 137/137/1470 120/120/1471 112/112/1472
f 112/112/1472 130/130/1473 137/137/1474
f 141/141/1475 124/124/1476 120/120/1477
f 120/120/1478 137/137/1479 141/141/1480
f 145/145/1481 90/90/1482 124/124/1483
f 124/124/1484 141/141/1485 145/145/1486
f 149/149/1487 91/91/1488 90/90/1489
f 90/90/1482 145/145/1490 149/149/1491
f 155/155/1492 98/98/1493 91/91/1494
f 91/91/1495 149/149/1496 155/155/1492
f 159/159/1497 104/104/1498 98/98/1493
f 98/98/1499 155/155/1500 159/159/1501
f 135/135/1502 110/110/1503 104/104/1504
f 104/104/1505 159/159/1506 135/135/1507
f 134/134/1508 118/118/1509 110/110/1510
f 110/110/1511 135/135/1512 134/134/1513
f 139/139/1514 122/122/1515 118/118/1516
f 118/118/1517 134/134/1518 139/139/1519
f 143/143/1520 126/126/1521 122/122/384
f 122/122/384 139/139/1522 143/143/1520
f 147/147/1523 94/94/1524 126/126/401
f 126/126/1525 143/143/1526 147/147/1527
f 153/153/1528 95/95/1529 94/94/1530
f 94/94/1531 147/147/1527 153/153/1532
f 151/151/1533 100/100/1534 95/95/1535
f 95/95/1536 153/153/1537 151/151/1533
f 117/117/1538 101/101/1539 100/100/1534
f 100/100/1540 151/151/1541 117/117/1542
f 101/101/1543 160/160/1544 161/161/1545
f 161/161/1546 102/102/325 101/101/1547
f 434/434/1548 435/435/1549 166/166/1550
f 166/166/504 196/196/1551 434/434/1552
f 436/436/1553 437/437/1554 162/162/499
f 162/162/1555 194/194/576 436/436/1556
f 438/438/1557 434/434/1548 196/196/569
f 196/196/569 192/192/568 438/438/1558
f 439/439/1559 440/440/1560 180/180/530
f 180/180/530 190/190/553 439/439/1561
f 441/441/1562 436/436/1563 194/194/1564
f 194/194/1564 188/188/547 441/441/1565
f 442/442/1566 438/438/1567 192/192/1568
f 192/192/1569 186/186/1570 442/442/1571
f 443/443/1572 439/439/1559 190/190/1573
f 190/190/1574 184/184/1575 443/443/1572
f 444/444/1576 441/441/1577 188/188/547
f 188/188/547 181/181/1578 444/444/1579
f 445/445/1580 442/442/1581 186/186/1582
f 186/186/1582 178/178/1583 445/445/1584
f 446/446/1585 443/443/1586 184/184/1575
f 184/184/1575 176/176/1587 446/446/1588
f 440/440/1589 444/444/1590 181/181/1591
f 181/181/1591 180/180/535 440/440/1592
f 447/447/1593 445/445/1580 178/178/527
f 178/178/527 174/174/526 447/447/1594
f 448/448/1595 446/446/1596 176/176/522
f 176/176/1597 172/172/1598 448/448/1599
f 449/449/1600 447/447/1601 174/174/1602
f 174/174/1602 170/170/1603 449/449/1604
f 450/450/1605 448/448/1606 172/172/1607
f 172/172/1607 167/167/1608 450/450/1605
f 451/451/1609 449/449/1610 170/170/1603
f 170/170/1603 163/163/1611 451/451/1612
f 435/435/1549 450/450/1613 167/167/1608
f 167/167/1608 166/166/1614 435/435/1615
f 437/437/1616 451/451/1609 163/163/500
f 163/163/500 162/162/1555 437/437/1617
f 452/452/1618 453/453/1619 454/454/1620
f 454/454/1621 455/455/1622 452/452/1623
f 456/456/1624 457/457/1625 458/458/1626
f 458/458/1627 459/459/1628 456/456/1629
f 460/460/1630 461/461/1631 453/453/1632
f 453/453/1632 452/452/1633 460/460/1634
f 462/462/1635 463/463/1636 464/464/1637
f 464/464/1638 465/465/1639 462/462/1640
f 465/465/1641 464/464/1642 461/461/1643
f 461/461/1644 460/460/1645 465/465/1646
f 459/459/1647 458/458/1648 463/463/1649
f 463/463/1650 462/462/1651 459/459/1652
f 466/466/1653 467/467/1654 468/468/1655
f 468/468/1656 469/469/1657 466/466/1653
f 469/469/1658 468/468/1659 457/457/1660
f 457/457/1661 456/456/1662 469/469/1663
f 470/470/1664 471/471/1665 472/472/1666
f 472/472/1667 473/473/1668 470/470/1664
f 474/474/1669 475/475/1670 476/476/1671
f 476/476/1672 477/477/1673 474/474/1674
f 478/478/1675 479/479/1676 480/480/1677
f 480/480/1678 481/481/1679 478/478/1680
f 481/481/1681 480/480/1682 475/475/1683
f 475/475/1683 474/474/1684 481/481/1685
f 473/473/1686 472/472/1687 482/482/1688
f 482/482/1689 483/483/1690 473/473/1691
f 477/477/1692 476/476/1693 471/471/1694
f 471/471/1695 470/470/1696 477/477/1697
f 483/483/1698 482/482/1699 484/484/1700
f 484/484/1701 485/485/1702 483/483/1698
f 486/486/1703 487/487/1704 488/488/1705
f 488/488/1706 489/489/1707 486/486/1708
f 490/490/1709 491/491/1710 492/492/1711
f 492/492/1712 493/493/1713 490/490/1714
f 489/489/1715 488/488/1716 494/494/1717
f 494/494/1718 495/495/1719 489/489/1720
f 496/496/1721 497/497/1722 487/487/1723
f 487/487/1724 486/486/1725 496/496/1726
f 498/498/1727 499/499/1728 500/500/1729
f 500/500/1730 501/501/1731 498/498/1732
f 501/501/1733 500/500/1734 497/497/1735
f 497/497/1736 496/496/1737 501/501/1738
f 495/495/1739 494/494/1740 491/491/1741
f 491/491/1741 490/490/1742 495/495/1743
f 502/502/1744 503/503/1745 504/504/1746
f 504/504/1747 505/505/1748 502/502/1744
f 506/506/1749 507/507/1750 508/508/1751
f 508/508/1752 509/509/1753 506/506/1754
f 510/510/1755 511/511/1756 512/512/1757
f 512/512/1758 513/513/1759 510/510/1755
f 514/514/1760 515/515/1761 516/516/1762
f 516/516/1763 517/517/1764 514/514/1765
f 509/509/1766 508/508/1767 511/511/1768
f 511/511/1769 510/510/1770 509/509/1771
f 517/517/1772 516/516/1773 507/507/1774
f 507/507/1775 506/506/1776 517/517/1777
f 505/505/1778 504/504/1779 515/515/1780
f 515/515/1781 514/514/1782 505/505/1783
f 518/518/1784 519/519/1785 503/503/1786
f 503/503/1787 502/502/1788 518/518/1789
f 506/506/1790 520/520/1791 521/521/1792
f 521/521/1793 517/517/1794 506/506/1795
f 517/517/1796 521/521/1797 522/522/1798
f 522/522/1799 514/514/1800 517/517/1801
f 514/514/1782 522/522/1802 523/523/1803
f 523/523/1804 505/505/1805 514/514/1806
f 505/505/1807 523/523/1808 524/524/1809
f 524/524/1810 502/502/1744 505/505/1807
f 524/524/1811 525/525/1812 518/518/1813
f 518/518/1814 502/502/1815 524/524/1816
f 526/526/1817 527/527/1818 510/510/1819
f 510/510/1820 513/513/1821 526/526/1822
f 527/527/1823 528/528/1824 509/509/1825
f 509/509/1826 510/510/1827 527/527/1828
f 528/528/1829 520/520/1830 506/506/1831
f 506/506/1749 509/509/1753 528/528/1832
f 519/519/1833 498/498/1834 501/501/1835
f 501/501/1836 503/503/1837 519/519/1838
f 504/504/1839 496/496/1840 486/486/1725
f 486/486/1841 515/515/1781 504/504/1842
f 516/516/1843 489/489/1844 495/495/1845
f 495/495/1846 507/507/1847 516/516/1848
f 508/508/1849 490/490/1850 493/493/1851
f 493/493/1851 511/511/1852 508/508/1853
f 515/515/1854 486/486/1855 489/489/1856
f 489/489/1857 516/516/1858 515/515/1859
f 507/507/1860 495/495/1861 490/490/1862
f 490/490/1863 508/508/1864 507/507/1860
f 503/503/1865 501/501/1866 496/496/1867
f 496/496/1737 504/504/1747 503/503/1865
f 494/494/1868 473/473/1869 483/483/1870
f 483/483/1870 491/491/1871 494/494/1872
f 500/500/1873 481/481/1874 474/474/1875
f 474/474/1876 497/497/1877 500/500/1873
f 499/499/1878 478/478/1879 481/481/1880
f 481/481/1881 500/500/1882 499/499/1883
f 497/497/1884 474/474/1885 477/477/1886
f 477/477/1692 487/487/1887 497/497/1888
f 488/488/1716 470/470/1889 473/473/1890
f 473/473/1890 494/494/1891 488/488/1892
f 491/491/1893 483/483/1894 485/485/1895
f 485/485/1896 492/492/1897 491/491/1898
f 487/487/1899 477/477/1900 470/470/1901
f 470/470/1901 488/488/1902 487/487/1903
f 482/482/1904 460/460/1905 452/452/1633
f 452/452/1633 484/484/1906 482/482/1907
f 476/476/1693 459/459/1908 462/462/1909
f 462/462/1910 471/471/1911 476/476/1912
f 484/484/1913 452/452/1914 455/455/1915
f 455/455/1916 529/529/1917 484/484/1701
f 472/472/1918 465/465/1919 460/460/1920
f 460/460/1921 482/482/1922 472/472/1923
f 480/480/1682 469/469/1924 456/456/1662
f 456/456/1925 475/475/1683 480/480/1926
f 479/479/1927 466/466/1928 469/469/1929
f 469/469/1930 480/480/1931 479/479/1932
f 475/475/1933 456/456/1934 459/459/1935
f 459/459/1936 476/476/1671 475/475/1937
f 471/471/1938 462/462/1939 465/465/1639
f 465/465/1940 472/472/1941 471/471/1942
f 484/484/1943 529/529/1917 530/530/1675
f 530/530/1944 485/485/1945 484/484/1913
f 530/530/1946 531/531/1947 492/492/1948
f 492/492/1949 485/485/1950 530/530/1951
f 493/493/1952 492/492/1953 531/531/1954
f 531/531/1955 532/532/1956 493/493/1957
f 512/512/1958 511/511/1959 493/493/1960
f 493/493/1961 532/532/1962 512/512/1963
f 533/533/1964 534/534/1965 377/377/1966
f 377/377/1966 348/348/1967 533/533/1968
f 535/535/1969 536/536/1970 375/375/1971
f 375/375/1971 344/344/1972 535/535/1973
f 534/534/1974 537/537/1975 373/373/1131
f 373/373/1131 377/377/1976 534/534/1977
f 536/536/1978 538/538/1979 371/371/1980
f 371/371/1981 375/375/1982 536/536/1983
f 537/537/1984 539/539/1985 369/369/1986
f 369/369/1128 373/373/1987 537/537/1988
f 540/540/1989 541/541/1990 367/367/1991
f 367/367/1992 358/358/1087 540/540/1993
f 538/538/1994 542/542/1995 365/365/1106
f 365/365/1106 371/371/1996 538/538/1997
f 539/539/1998 543/543/1999 363/363/2000
f 363/363/2001 369/369/1116 539/539/2002
f 541/541/2003 544/544/2004 361/361/1108
f 361/361/1095 367/367/1107 541/541/2003
f 542/542/2005 545/545/2006 357/357/1103
f 357/357/2007 365/365/2008 542/542/2009
f 543/543/2010 546/546/2011 355/355/2012
f 355/355/1097 363/363/2013 543/543/2014
f 544/544/2015 547/547/2016 353/353/1079
f 353/353/1079 361/361/1091 544/544/2017
f 545/545/2018 540/540/2019 358/358/2020
f 358/358/1087 357/357/2021 545/545/2022
f 546/546/2023 548/548/2024 351/351/2025
f 351/351/2026 355/355/1080 546/546/2027
f 547/547/2028 549/549/2029 347/347/1076
f 347/347/1076 353/353/2030 547/547/2031
f 548/548/2032 550/550/2033 343/343/2034
f 343/343/2034 351/351/1069 548/548/2035
f 549/549/2036 533/533/2037 348/348/1064
f 348/348/1064 347/347/1076 549/549/2038
f 550/550/2039 535/535/2040 344/344/2041
f 344/344/1059 343/343/1062 550/550/2042
