# Blender 4.2.3 LTS
# www.blender.org
mtllib lipstick.mtl
o dynamic
v -346.081238 -42.371361 16.915569
v -346.469635 -42.311008 17.222996
v -345.675629 -41.696041 17.527313
v -345.245758 -41.599625 17.407421
v -346.707214 -42.150501 17.577610
v -345.627869 -41.465603 17.811478
v -343.866577 -40.448212 18.162014
v -355.707428 -67.239105 40.474560
v -356.729370 -66.704941 40.393745
v -355.652039 -65.047668 37.719971
v -354.629639 -65.580788 37.799213
v -357.709106 -66.074379 40.389591
v -356.632233 -64.418098 37.717228
v -355.609283 -62.846600 35.200665
v -354.629150 -63.472931 35.199768
v -353.606781 -64.002579 35.274658
v -358.624908 -65.357994 40.464451
v -357.548401 -63.702469 37.793167
v -359.459869 -64.572792 40.614532
v -358.383575 -62.917915 37.944157
v -357.360748 -61.352058 35.433037
v -356.525482 -62.133896 35.279606
v -360.197083 -63.735710 40.836071
v -359.121063 -62.081371 38.166393
v -360.833954 -62.856209 41.124443
v -359.758026 -61.202118 38.455353
v -358.735016 -59.641018 35.947807
v -358.098053 -60.517929 35.657333
v -361.367859 -61.943527 41.474808
v -360.291992 -60.289703 38.806072
v -361.796173 -61.007088 41.882652
v -360.720551 -59.353439 39.214169
v -359.697327 -57.796410 36.708771
v -359.268921 -58.730759 36.299870
v -362.116272 -60.056053 42.343002
v -361.040802 -58.402527 39.674763
v -362.325836 -59.099789 42.851227
v -361.250397 -57.446487 40.183170
v -360.227325 -55.893238 37.678814
v -360.017670 -56.847397 37.169983
v -362.422058 -58.147743 43.402519
v -361.346527 -56.494522 40.734592
v -362.402283 -57.209030 43.992096
v -361.326874 -55.555935 41.324471
v -360.304413 -54.005966 38.820335
v -360.323822 -54.942974 38.230545
v -362.264099 -56.293182 44.615425
v -361.188690 -54.640091 41.947819
v -362.004791 -55.409477 45.267563
v -360.929321 -53.756439 42.600048
v -359.907776 -52.209373 40.095646
v -360.166626 -53.091682 39.443596
v -361.621826 -54.567074 45.943970
v -360.546417 -52.914085 43.276443
v -361.122284 -53.784355 46.630333
v -360.046967 -52.131306 43.962990
v -359.026459 -50.586441 41.457256
v -359.525360 -51.368286 40.771500
v -360.513519 -53.079082 47.312782
v -359.438141 -51.426239 44.645279
v -359.810852 -52.464058 47.977238
v -358.735474 -50.811035 45.309662
v -357.716400 -49.267467 42.802155
v -358.418365 -49.882187 42.138714
v -359.029633 -51.951118 48.609962
v -357.954285 -50.298038 45.942360
v -358.180084 -51.540745 49.206772
v -357.104614 -49.887608 46.539032
v -356.087189 -48.344292 44.028847
v -356.935974 -48.754692 43.433552
v -357.271667 -51.233547 49.763229
v -356.196198 -49.580242 47.095421
v -356.314545 -51.029850 50.275234
v -355.239197 -49.376419 47.607292
v -354.223175 -47.832672 45.094131
v -355.179504 -48.036854 44.583862
v -355.318634 -50.930225 50.738400
v -354.243011 -49.276695 48.070129
v -354.293579 -50.935059 51.148567
v -353.217896 -49.281425 48.480057
v -352.203583 -47.736191 45.963772
v -353.228058 -47.732338 45.555550
v -353.249481 -51.044811 51.501369
v -352.173706 -49.390999 48.832520
v -352.195923 -51.260075 51.792557
v -351.120087 -49.605812 49.123344
v -350.107208 -48.058399 46.603283
v -351.160126 -47.844799 46.314438
v -351.143219 -51.581066 52.017960
v -350.067139 -49.926693 49.348282
v -350.100891 -52.008507 52.173180
v -349.024597 -50.353550 49.502647
v -348.012756 -48.802486 46.978088
v -349.054779 -48.377552 46.825977
v -349.079041 -52.542931 52.253975
v -348.002533 -50.887302 49.582676
v -348.099243 -53.173340 52.258114
v -347.022369 -51.517059 49.585751
v -346.010773 -49.960690 47.055107
v -346.990875 -49.333778 47.055237
v -347.183411 -53.889812 52.183220
v -346.106110 -52.232376 49.509521
v -346.348480 -54.674938 52.033173
v -345.270691 -53.016525 49.357872
v -344.258820 -51.453133 46.819801
v -345.094513 -50.672821 46.975334
v -345.611328 -55.511932 51.811611
v -344.532898 -53.852356 49.134460
v -344.974396 -56.391434 51.523220
v -343.895599 -54.730453 48.844078
v -342.882568 -53.158298 46.297211
v -343.520599 -52.284664 46.592030
v -344.440613 -57.304192 51.172729
v -343.361145 -55.641724 48.491665
v -344.012177 -58.240673 50.765026
v -342.932251 -56.576630 48.081764
v -341.917389 -54.994766 45.525070
v -342.347321 -54.064636 45.939880
v -343.691986 -59.191669 50.304741
v -342.611328 -57.526058 47.619255
v -343.482574 -60.147865 49.796509
v -342.401337 -58.480831 47.108913
v -341.384369 -56.889061 44.542896
v -341.595520 -55.939285 45.057873
v -343.386383 -61.099995 49.245258
v -342.304626 -59.431553 46.555634
v -343.406128 -62.038616 48.655590
v -342.323822 -60.368855 45.964203
v -341.304626 -58.768166 43.390240
v -341.286530 -57.835075 43.985374
v -343.544342 -62.954605 48.032326
v -342.461578 -61.283680 45.339420
v -343.803589 -63.838341 47.380104
v -342.720612 -62.166649 44.686069
v -341.699341 -60.559032 42.107132
v -341.441315 -59.679108 42.762535
v -344.186554 -64.680664 46.703728
v -343.103333 -63.008465 44.008942
v -344.685974 -65.463463 46.017315
v -343.602814 -63.790993 43.322243
v -342.579895 -62.179783 40.742493
v -342.081146 -61.398537 41.429031
v -345.294891 -66.168625 45.334927
v -344.211578 -64.496338 42.640152
v -345.997620 -66.783760 44.670525
v -344.914520 -65.112015 41.976425
v -343.890686 -63.500954 39.400673
v -343.188141 -62.884640 40.061871
v -346.778656 -67.296616 44.037716
v -345.695984 -65.625816 41.344902
v -347.628387 -67.706932 43.440971
v -346.546051 -66.037209 40.749512
v -345.521942 -64.429794 38.181705
v -344.671906 -64.016235 38.772629
v -348.536652 -68.014214 42.884525
v -347.454895 -66.345718 40.194912
v -349.493744 -68.217888 42.372452
v -348.412506 -66.550797 39.684952
v -347.388550 -64.949577 37.127510
v -346.430756 -64.741081 37.632080
v -350.489777 -68.317513 41.909374
v -349.409058 -66.651955 39.223850
v -351.514801 -68.312752 41.499100
v -350.434753 -66.648743 38.815788
v -349.411163 -65.054955 36.270096
v -348.385284 -65.054398 36.672310
v -352.558929 -68.202866 41.146290
v -351.479523 -66.540474 38.465282
v -353.612305 -67.987648 40.855114
v -352.533478 -66.326736 38.176067
v -351.510437 -64.740944 35.641586
v -350.456116 -64.950706 35.925266
v -354.665131 -67.666542 40.629787
v -353.586761 -66.007034 37.952629
v -352.563904 -64.425064 35.423462
v -353.744202 -62.108940 33.059376
v -352.723663 -62.633022 33.128647
v -354.722443 -61.488052 33.065132
v -353.902893 -60.236523 31.118698
v -352.926331 -60.851116 31.107048
v -351.907867 -61.368942 31.169788
v -355.636810 -60.780880 33.148346
v -356.470551 -60.004246 33.305058
v -355.648163 -58.765442 31.368210
v -354.815704 -59.535713 31.207001
v -357.206635 -59.175308 33.531979
v -357.842377 -58.303505 33.824532
v -357.018250 -57.077297 31.894096
v -356.383118 -57.942829 31.598694
v -358.375458 -57.398190 34.178093
v -358.803345 -56.468811 34.588112
v -357.978912 -55.255070 32.661861
v -357.551086 -56.178230 32.250027
v -359.123444 -55.524670 35.049885
v -359.333069 -54.575066 35.559044
v -358.509430 -53.373829 33.634968
v -358.299225 -54.317196 33.125095
v -359.429840 -53.629349 36.110550
v -359.410980 -52.696884 36.699848
v -358.589508 -51.507248 34.775803
v -358.607056 -52.434143 34.186798
v -359.274017 -51.786633 37.322285
v -359.016357 -50.907974 37.972958
v -358.198273 -49.728958 36.046497
v -358.454041 -50.602531 35.397408
v -358.635498 -50.070335 38.647034
v -358.138458 -49.291412 39.330627
v -357.325043 -48.120514 37.399113
v -357.819611 -48.895599 36.718506
v -357.532379 -48.589478 40.009434
v -356.832764 -47.976501 40.669853
v -356.024719 -46.810959 38.730873
v -356.721527 -47.421600 38.074512
v -356.054871 -47.464851 41.298035
v -355.208588 -47.055168 41.889984
v -354.406464 -45.891670 39.941856
v -355.249786 -46.300774 39.354786
v -354.303741 -46.747635 42.441483
v -353.350006 -46.542992 42.948154
v -352.554138 -45.378937 40.989815
v -353.504822 -45.584286 40.488380
v -352.357605 -46.441650 43.405884
v -351.336090 -46.444077 43.810375
v -350.546234 -45.276871 41.841496
v -351.564789 -45.276268 41.442276
v -350.295349 -46.550682 44.157303
v -349.245026 -46.761841 44.442383
v -348.460876 -45.589012 42.462830
v -349.508392 -45.380886 42.183136
v -348.195251 -47.077801 44.661209
v -347.155518 -47.499008 44.809422
v -346.376282 -46.318111 42.819092
v -347.413605 -45.901318 42.676323
v -346.135834 -48.025963 44.882370
v -345.157715 -48.647675 44.877800
v -344.382385 -47.455612 42.876709
v -345.358734 -46.839695 42.886681
v -344.243103 -49.353901 44.793358
v -343.408661 -50.127808 44.633011
v -342.636017 -48.921623 42.620682
v -343.469421 -48.155067 42.786686
v -342.671326 -50.952381 44.400234
v -342.033844 -51.818684 44.100357
v -341.262451 -50.596092 42.077103
v -341.899536 -49.738358 42.382538
v -341.498840 -52.717331 43.737984
v -341.068726 -53.639359 43.318268
v -340.297241 -52.398956 41.284664
v -340.727509 -51.485992 41.709549
v -340.746460 -54.575848 42.846210
v -340.534454 -55.517708 42.326866
v -339.761505 -54.259140 40.284470
v -339.974304 -53.326366 40.807934
v -340.435669 -56.456085 41.765594
v -340.452515 -57.381996 41.167488
v -339.676910 -56.106400 39.118763
v -339.661438 -55.188705 39.719635
v -340.587799 -58.286568 40.537621
v -340.844147 -59.160828 39.881348
v -340.064728 -57.871151 37.830662
v -339.810364 -57.003475 38.487358
v -341.224274 -59.995892 39.203575
v -341.720947 -60.773792 38.518814
v -340.936829 -59.474625 36.471615
v -340.442535 -58.700741 37.153957
v -342.327301 -61.476768 37.841209
v -343.027832 -62.092377 37.184509
v -342.238281 -60.789162 35.146286
v -341.540497 -60.174728 35.797874
v -343.806946 -62.608261 36.561840
v -344.654907 -63.023624 35.977337
v -343.859772 -61.722012 33.952648
v -343.014618 -61.305103 34.530037
v -345.561646 -63.337784 35.434708
v -346.517395 -63.549736 34.937767
v -345.716736 -62.253983 32.929508
v -344.763794 -62.038605 33.418072
v -347.512268 -63.658775 34.490238
v -348.535980 -63.664131 34.095867
v -347.729828 -62.377357 32.105118
v -346.708771 -62.367184 32.490669
v -349.578979 -63.564926 33.758625
v -350.631165 -63.360382 33.482426
v -349.819946 -62.084442 31.508366
v -348.770294 -62.283360 31.776505
v -351.682678 -63.049919 33.271053
v -350.869049 -61.779762 31.304890
v -352.100922 -59.587997 29.139725
v -351.082428 -60.099831 29.194534
v -353.077728 -58.979511 29.158688
v -352.268188 -57.748756 27.207813
v -351.292511 -58.348877 27.180332
v -350.275238 -58.852692 27.226460
v -353.991211 -58.284801 29.253757
v -354.824493 -57.520752 29.421005
v -354.013733 -56.306526 27.485874
v -353.180939 -57.062325 27.310844
v -355.560669 -56.704433 29.656868
v -356.197357 -55.845161 29.957001
v -355.386383 -54.646954 28.036247
v -354.749756 -55.498100 27.729019
v -356.731537 -54.952450 30.317047
v -357.161224 -54.035809 30.732540
v -356.350983 -52.853420 28.824276
v -355.920929 -53.762306 28.402767
v -357.483429 -53.104172 31.198822
v -357.695679 -52.167290 31.711098
v -356.886688 -50.999802 29.813454
v -356.673676 -51.929447 29.296173
v -357.795471 -51.233704 32.264782
v -357.780121 -50.312817 32.854961
v -356.972717 -49.158592 30.965088
v -356.987152 -50.073086 30.371426
v -357.647003 -49.413647 33.476727
v -357.393707 -48.545128 34.125347
v -356.588470 -47.401009 32.239368
v -356.840790 -48.264858 31.589424
v -357.017426 -47.716263 34.795662
v -356.525330 -46.944923 35.473835
v -355.722809 -45.806976 33.586990
v -356.213440 -46.575851 32.909866
v -355.924347 -46.248848 36.145626
v -355.229858 -45.640205 36.797623
v -354.430176 -44.503567 34.904949
v -355.123260 -45.112114 34.256489
v -354.457062 -45.131271 37.416443
v -353.615906 -44.722458 37.997974
v -352.819092 -43.582378 36.094917
v -353.658966 -43.993332 35.519020
v -352.715881 -44.414558 38.538200
v -351.767029 -44.208107 39.033131
v -350.973083 -43.060970 37.116817
v -351.920502 -43.271332 36.628803
v -350.779053 -44.103825 39.478840
v -349.761749 -44.102184 39.871059
v -348.970398 -42.945091 37.939476
v -349.986420 -42.951981 37.555046
v -348.724884 -44.203499 40.205757
v -347.678040 -44.408222 40.478539
v -346.888885 -43.239319 38.530704
v -347.934601 -43.040718 38.266197
v -346.631287 -44.716759 40.685017
v -345.594025 -45.129158 40.820683
v -344.806915 -43.946510 38.856552
v -345.843170 -43.541080 38.729004
v -344.576447 -45.645649 40.881161
v -343.599976 -46.255688 40.864044
v -342.814575 -45.057362 38.883194
v -343.790222 -44.455368 38.908669
v -342.686188 -46.948803 40.767132
v -341.852051 -47.708275 40.594227
v -341.068512 -46.492653 38.597153
v -341.901642 -45.742008 38.778145
v -341.114563 -48.517200 40.349419
v -340.476349 -49.366890 40.037441
v -339.694427 -48.133144 38.025089
v -340.331818 -47.292683 38.344570
v -339.940063 -50.248356 39.663540
v -339.508209 -51.152603 39.232685
v -338.727844 -49.900093 37.206314
v -339.158875 -49.005249 37.643867
v -339.183716 -52.070942 38.750412
v -338.969177 -52.994938 38.222027
v -338.189789 -51.724258 36.183281
v -338.403870 -50.809307 36.717606
v -338.867218 -53.915863 37.652969
v -338.880646 -54.825508 37.048973
v -338.101685 -53.538898 35.001186
v -338.088196 -52.636997 35.609341
v -339.012085 -55.715214 36.415546
v -339.264221 -56.576374 35.758060
v -338.484467 -55.277466 33.705074
v -338.232880 -54.421852 34.364521
v -339.639648 -57.400627 35.081966
v -340.131470 -58.170403 34.401871
v -339.349792 -56.864532 32.349403
v -338.859100 -56.097511 33.028633
v -340.732635 -58.868107 33.732021
v -341.428009 -59.481300 33.085587
v -340.642822 -58.174969 31.039532
v -339.949371 -57.561211 31.682053
v -342.201996 -59.997635 32.475876
v -343.044830 -60.415939 31.906040
v -342.255341 -59.115135 29.871235
v -341.414825 -58.693329 30.434818
v -343.946899 -60.735123 31.379650
v -344.897827 -60.954025 30.899971
v -344.103333 -59.663151 28.879948
v -343.154755 -59.438797 29.351974
v -345.888031 -61.071388 30.470341
v -346.907623 -61.086147 30.094128
v -346.108429 -59.808380 28.091068
v -345.091125 -59.786732 28.458626
v -347.946747 -60.997341 29.774834
v -348.995575 -60.803848 29.515949
v -348.191803 -59.540871 27.530502
v -347.145264 -59.726784 27.780415
v -350.044067 -60.504906 29.321217
v -349.238556 -59.249855 27.344566
v -350.525970 -57.163502 25.252132
v -349.514832 -57.654594 25.289955
v -351.495758 -56.575882 25.288380
v -350.665985 -55.325508 23.315826
v -349.706421 -55.896458 23.269497
v -348.706238 -56.371502 23.297489
v -352.402649 -55.901920 25.400429
v -353.230072 -55.158443 25.584694
v -352.381531 -53.942459 23.632931
v -351.563171 -54.668678 23.438259
v -353.960938 -54.361954 25.837151
v -354.592651 -53.522118 26.153553
v -353.728485 -52.340534 24.222206
v -353.104187 -53.163292 23.895721
v -355.122681 -52.648251 26.529224
v -355.548340 -51.749603 26.959751
v -354.672180 -50.601257 25.047699
v -354.252075 -51.483459 24.607780
v -355.867157 -50.835361 27.440144
v -356.076416 -49.914482 27.965679
v -355.191223 -48.796509 26.070450
v -354.985962 -49.702637 25.536964
v -356.173737 -48.995575 28.531330
v -356.156372 -48.087616 29.131607
v -355.265350 -46.995594 27.248817
v -355.285095 -47.891380 26.642750
v -356.021912 -47.199257 29.761532
v -355.767761 -46.339020 30.415989
v -354.874573 -45.266144 28.539906
v -355.129333 -46.117641 27.883026
v -355.391174 -45.515800 31.089691
v -354.899567 -44.746986 31.768322
v -354.008240 -43.684391 29.891499
v -354.498505 -44.449226 29.214268
v -354.299713 -44.050415 32.437733
v -353.606903 -43.438202 33.084568
v -352.721405 -42.375549 31.199200
v -353.410889 -42.988960 30.557541
v -352.836426 -42.922699 33.695732
v -351.997986 -42.505028 34.267365
v -351.121643 -41.432693 32.366550
v -351.955170 -41.856327 31.803276
v -351.101257 -42.185963 34.795799
v -350.156158 -41.966492 35.277470
v -349.291748 -40.876625 33.356365
v -350.230499 -41.105709 32.885288
v -349.172150 -41.847500 35.708675
v -348.159149 -41.829926 36.085491
v -347.309174 -40.716484 34.141182
v -348.314636 -40.746567 33.776138
v -347.127014 -41.914303 36.404091
v -346.085388 -42.101196 36.660259
v -345.251434 -40.960014 34.691841
v -346.284760 -40.787449 34.447742
v -345.043976 -42.391075 36.849869
v -344.012665 -42.784142 36.968548
v -343.196625 -41.611885 34.976513
v -344.218719 -41.234634 34.869473
v -343.001190 -43.280491 37.011761
v -342.031250 -43.869892 36.977360
v -341.234833 -42.664406 34.963562
v -342.194855 -42.091839 35.008488
v -341.124390 -44.542019 36.863312
v -340.297363 -45.280281 36.673607
v -339.521362 -44.040852 34.641048
v -340.338013 -43.319584 34.839600
v -339.567139 -46.068413 36.412510
v -338.936035 -46.897316 36.084877
v -338.179810 -45.625320 34.037380
v -338.801056 -44.812614 34.372005
v -338.406952 -47.758297 35.695812
v -337.982208 -48.642521 35.250561
v -337.244232 -47.340076 33.191433
v -337.660065 -46.470665 33.642021
v -337.664398 -49.541847 34.754757
v -337.456146 -50.447941 34.213810
v -336.733826 -49.117561 32.146187
v -336.934723 -48.225014 32.690994
v -337.359772 -51.352589 33.633568
v -337.378052 -52.247604 33.019913
v -336.667603 -50.893814 30.947449
v -336.644043 -50.009865 31.563057
v -337.513245 -53.125095 32.378620
v -337.767944 -53.976891 31.715546
v -337.063965 -52.605850 29.641846
v -336.806763 -51.761749 30.304966
v -338.144806 -54.794895 31.036518
v -338.636505 -55.561901 30.355965
v -337.932343 -54.181190 28.284962
v -337.441528 -53.417942 28.963589
v -339.236298 -56.260330 29.688522
v -339.928711 -56.877792 29.046921
v -339.217163 -55.496368 26.982536
v -338.529205 -54.878185 27.620209
v -340.698730 -57.401497 28.444355
v -341.536469 -57.830250 27.884087
v -340.811310 -56.456734 25.829708
v -339.981049 -56.023140 26.384712
v -342.432190 -58.162140 27.368973
v -343.376465 -58.395927 26.902092
v -342.633270 -57.037552 24.860283
v -341.698639 -56.795475 25.320602
v -344.359314 -58.529758 26.486183
v -345.371307 -58.562328 26.124828
v -344.607239 -57.224697 24.097862
v -343.605957 -57.181046 24.451687
v -346.402496 -58.492222 25.821018
v -347.443390 -58.318192 25.578144
v -346.657013 -57.005970 23.567657
v -345.627441 -57.166744 23.802048
v -348.484161 -58.039257 25.399826
v -347.686462 -56.741199 23.398155
v -348.738403 -54.413525 21.147175
v -347.753754 -54.870293 21.162411
v -349.683594 -53.863113 21.205994
v -348.815979 -52.431282 19.340961
v -347.884155 -52.945904 19.251396
v -346.914856 -53.370045 19.235821
v -350.568329 -53.228569 21.340786
v -351.376007 -52.526196 21.547234
v -350.487457 -51.173008 19.740490
v -349.689178 -51.835289 19.505638
v -352.089752 -51.771629 21.821133
v -352.707184 -50.974552 22.157692
v -351.806488 -49.704124 20.401508
v -351.194244 -50.459709 20.040726
v -353.225281 -50.143600 22.552555
v -353.641693 -49.287613 23.000362
v -352.736542 -48.100204 21.284077
v -352.321533 -48.914917 20.817715
v -353.953339 -48.415283 23.496193
v -354.157898 -47.534729 24.034527
v -353.255646 -46.426575 22.345562
v -353.048798 -47.268124 21.795227
v -354.252869 -46.654278 24.609890
v -354.235596 -45.782055 25.216892
v -353.342773 -44.745445 23.540165
v -353.354584 -45.583153 22.929123
v -354.103516 -44.925774 25.849426
v -353.854126 -44.093742 26.502201
v -352.977966 -43.117088 24.821014
v -353.218170 -43.920990 24.172882
v -353.485168 -43.293705 27.169453
v -353.003387 -42.542690 27.836807
v -352.150238 -41.610519 26.132763
v -352.619781 -42.341545 25.479042
v -352.415588 -41.857803 28.490311
v -351.736877 -41.251278 29.117073
v -350.912079 -40.343483 27.372505
v -351.576141 -40.940540 26.767948
v -350.982117 -40.735413 29.704357
v -350.160889 -40.311798 30.249168
v -349.366821 -39.407867 28.450680
v -350.172485 -39.832100 27.934410
v -349.282623 -39.981781 30.748352
v -348.356812 -39.746902 31.199051
v -347.595001 -38.827438 29.336548
v -348.504761 -39.072304 28.918884
v -347.393219 -39.608459 31.598068
v -346.401398 -39.567596 31.942326
v -345.671631 -38.615780 30.009388
v -346.647552 -38.674629 29.700871
v -345.390808 -39.625809 32.228428
v -344.371155 -39.783638 32.452946
v -343.672577 -38.784416 30.447159
v -344.676819 -38.651909 30.259171
v -343.352325 -40.041901 32.612022
v -342.344055 -40.401054 32.701752
v -341.674408 -39.341709 30.624855
v -342.668518 -39.014137 30.570244
v -341.356049 -40.861252 32.718269
v -340.409637 -41.412827 32.659668
v -339.766693 -40.282898 30.517105
v -340.700104 -39.767574 30.607265
v -339.526093 -42.046223 32.524513
v -338.721863 -42.745106 32.316944
v -338.101807 -41.538647 30.120220
v -338.895142 -40.878262 30.353069
v -338.013336 -43.493866 32.041409
v -337.402802 -44.283714 31.702480
v -336.801178 -43.000511 29.466450
v -337.403137 -42.249001 29.823093
v -336.892883 -45.106094 31.304962
v -336.485626 -45.952549 30.854095
v -335.890167 -44.597404 28.591522
v -336.298462 -43.785141 29.054993
v -336.183441 -46.814949 30.355083
v -335.988312 -47.685619 29.813690
v -335.359070 -46.276546 27.526352
v -335.571930 -45.432396 28.078506
v -335.902435 -48.556438 29.235279
v -335.927979 -49.420162 28.625618
v -335.291534 -47.949432 26.338722
v -335.267303 -47.116974 26.945293
v -336.066956 -50.269066 27.990772
v -336.321533 -51.095661 27.336189
v -335.675354 -49.570038 25.064571
v -335.426971 -48.769527 25.709972
v -336.693970 -51.892090 26.667889
v -337.177002 -52.641876 26.000011
v -336.510040 -51.073578 23.755348
v -336.038696 -50.343338 24.408390
v -337.763519 -53.328060 25.346924
v -338.438812 -53.938122 24.721321
v -337.741302 -52.343475 22.513096
v -337.082397 -51.744438 23.119534
v -339.188385 -54.459389 24.135799
v -340.002563 -54.890392 23.593334
v -339.267487 -53.287067 21.428253
v -338.472626 -52.858425 21.948452
v -340.872742 -55.229004 23.096802
v -341.789337 -55.473400 22.649117
v -341.012909 -53.878548 20.532936
v -340.117188 -53.627884 20.955589
v -342.743439 -55.621845 22.253162
v -343.725891 -55.672508 21.912060
v -342.914093 -54.099075 19.851761
v -341.945831 -54.037121 20.163204
v -344.727509 -55.623966 21.629009
v -345.738861 -55.474709 21.407326
v -344.928253 -53.923279 19.418331
v -343.915833 -54.059715 19.603996
v -346.750732 -55.223732 21.250389
v -345.928741 -53.694572 19.293602
v -347.408722 -51.721733 17.946579
v -346.449707 -52.087242 17.867764
v -348.331818 -51.269234 18.099403
v -347.993805 -50.241638 17.176609
v -347.078674 -50.621544 16.948353
v -346.128723 -50.918823 16.793568
v -349.197876 -50.737743 18.325630
v -349.990540 -50.141068 18.619144
v -349.640961 -49.263737 17.838333
v -348.853363 -49.784950 17.475887
v -350.693268 -49.492615 18.973534
v -351.303009 -48.800797 19.383541
v -350.947662 -48.070736 18.722908
v -350.340027 -48.689842 18.255882
v -351.816925 -48.073410 19.843739
v -352.232300 -47.318169 20.348698
v -351.877136 -46.725647 19.782417
v -351.460938 -47.413689 19.233788
v -352.546326 -46.542568 20.892376
v -352.756622 -45.754063 21.469097
v -352.407867 -45.284515 20.969131
v -352.193665 -46.013569 20.362843
v -352.860352 -44.959576 22.072918
v -352.855286 -44.166290 22.697620
v -352.519592 -43.801125 22.234688
v -352.517395 -44.544823 21.595078
v -352.738647 -43.381409 23.337261
v -352.508148 -42.611610 23.985764
v -352.193176 -42.328659 23.529701
v -352.412415 -43.060249 22.881569
v -352.161591 -41.864338 24.637077
v -351.704895 -41.155182 25.277233
v -351.417542 -40.928337 24.797852
v -351.859344 -41.613045 24.173111
v -351.145081 -40.499790 25.892399
v -350.496155 -39.910484 26.470688
v -350.241974 -39.709282 25.939396
v -350.873749 -40.289837 25.390404
v -349.772491 -39.399261 27.000660
v -348.983002 -38.967896 27.479965
v -348.764801 -38.760303 26.872074
v -349.536041 -39.198837 26.433891
v -348.137054 -38.618591 27.906307
v -347.243774 -38.353096 28.277679
v -347.062042 -38.107910 27.571304
v -347.937164 -38.396076 27.251839
v -346.312164 -38.173256 28.591827
v -345.351776 -38.081158 28.846306
v -345.205200 -37.768600 28.022491
v -346.148407 -37.898010 27.829018
v -344.371674 -38.078220 29.038994
v -343.381165 -38.165871 29.167210
v -343.265991 -37.758217 28.210018
v -344.241272 -37.721310 28.150314
v -342.389954 -38.345608 29.228291
v -341.407593 -38.618332 29.219467
v -341.318024 -38.090256 28.117310
v -342.288483 -37.880745 28.199772
v -340.443359 -38.985004 29.137718
v -339.518616 -39.437702 28.983913
v -339.447723 -38.768723 27.731213
v -340.364166 -38.388344 27.960236
v -338.654236 -39.968918 28.758656
v -337.866638 -40.564568 28.468052
v -337.805847 -39.745380 27.072552
v -338.589508 -39.225105 27.432701
v -337.171814 -41.211201 28.118229
v -336.572601 -41.900715 27.714108
v -336.513916 -40.934967 26.196095
v -337.113037 -40.317924 26.658581
v -336.071106 -42.625137 27.260777
v -335.642395 -43.388321 26.753780
v -335.565399 -42.291306 25.133381
v -336.010895 -41.589458 25.690742
v -335.261597 -44.193836 26.188423
v -334.985535 -45.011276 25.589741
v -334.816528 -43.824669 23.870430
v -335.139069 -43.050034 24.514896
v -334.870056 -45.811897 24.983246
v -334.889130 -46.600445 24.364841
v -334.691803 -45.314377 22.601418
v -334.680756 -44.575829 23.235558
v -335.017914 -47.381317 23.730473
v -335.257446 -48.147789 23.086040
v -335.038910 -46.778999 21.314384
v -334.810669 -46.050854 21.959053
v -335.610138 -48.893074 22.437286
v -336.068726 -49.601608 21.797905
v -335.822296 -48.176319 20.049011
v -335.378540 -47.492420 20.673149
v -336.626526 -50.257690 21.181915
v -337.269531 -50.849087 20.601063
v -336.989990 -49.398327 18.904678
v -336.364044 -48.815578 19.455853
v -337.984039 -51.363361 20.067116
v -338.761505 -51.798817 19.582470
v -338.446716 -50.355225 17.964100
v -337.686951 -49.912365 18.406670
v -339.593292 -52.152885 19.149750
v -340.471313 -52.423382 18.771336
v -340.121643 -51.018005 17.253422
v -339.260925 -50.724571 17.578968
v -341.386932 -52.608044 18.449913
v -342.359009 -52.693695 18.197594
v -341.990814 -51.350395 16.804714
v -341.020660 -51.233002 16.989616
v -343.406769 -52.666481 18.026814
v -344.466797 -52.547237 17.920815
v -344.154083 -51.264862 16.694221
v -343.065338 -51.350407 16.715260
v -345.475159 -52.358288 17.863426
v -345.164642 -51.127068 16.714615
v -346.658173 -49.528336 15.972703
v -345.720428 -49.762810 15.748773
v -347.562683 -49.215172 16.268784
v -347.111969 -48.170998 15.499646
v -346.226379 -48.420273 15.144700
v -345.309662 -48.596275 14.859952
v -348.413544 -48.828430 16.633099
v -349.193970 -48.378212 17.056339
v -348.712494 -47.471252 16.392326
v -347.946075 -47.851791 15.918984
v -349.888031 -47.874962 17.528915
v -350.492523 -47.325455 18.045101
v -349.991608 -46.558701 17.462894
v -349.395355 -47.038319 16.908951
v -351.004639 -46.736176 18.598434
v -351.421570 -46.113628 19.183037
v -350.912933 -45.483635 18.656918
v -350.498260 -46.038528 18.047565
v -351.740692 -45.464199 19.792786
v -351.959686 -44.794090 20.421562
v -351.455658 -44.292252 19.925068
v -351.232849 -44.899513 19.284798
v -352.075989 -44.109421 21.062992
v -352.087219 -43.416542 21.711014
v -351.600250 -43.030209 21.217968
v -351.578827 -43.667290 20.571529
v -351.991211 -42.721462 22.359566
v -351.785095 -42.030281 23.002281
v -351.328217 -41.742634 22.486603
v -351.517517 -42.386772 21.858414
v -351.467133 -41.349319 23.633060
v -351.042694 -40.692879 24.238491
v -350.628540 -40.482986 23.674908
v -351.030151 -41.103622 23.096424
v -350.518158 -40.075455 24.805035
v -349.906677 -39.508339 25.322323
v -349.545013 -39.348602 24.688995
v -350.129181 -39.894230 24.208988
v -349.221710 -39.003563 25.779774
v -348.472107 -38.563148 26.175934
v -348.168396 -38.422989 25.456425
v -348.888702 -38.857475 25.105225
v -347.666199 -38.189346 26.509197
v -346.812683 -37.884399 26.778034
v -346.569611 -37.732838 25.959335
v -347.392609 -38.047295 25.741570
v -345.920380 -37.650490 26.981125
v -344.997711 -37.489742 27.116714
v -344.814728 -37.296951 26.188293
v -345.707489 -37.481998 26.108696
v -344.053497 -37.404499 27.183212
v -343.096680 -37.396648 27.179249
v -342.970581 -37.133163 26.133961
v -343.899689 -37.179916 26.197128
v -342.135956 -37.467953 27.103039
v -341.180695 -37.620422 26.953018
v -341.105499 -37.258904 25.787304
v -342.036285 -37.158825 25.997688
v -340.240051 -37.855648 26.727501
v -339.334534 -38.169056 26.430767
v -339.300934 -37.684853 25.146370
v -340.186981 -37.435394 25.501602
v -338.484772 -38.555611 26.066982
v -337.707062 -39.005116 25.645454
v -337.702576 -38.383953 24.254898
v -338.467407 -38.004036 24.727291
v -337.017792 -39.507114 25.175362
v -336.419830 -40.055096 24.662766
v -336.430664 -39.294384 23.187603
v -337.022614 -38.816101 23.739601
v -335.915985 -40.642075 24.113548
v -335.481049 -41.273201 23.523731
v -335.514587 -40.368519 21.996758
v -335.929352 -39.812805 22.605541
v -335.090668 -41.953197 22.889347
v -334.801849 -42.652935 22.236340
v -334.947357 -41.571297 20.721378
v -335.181885 -40.958389 21.364986
v -334.670746 -43.344406 21.590370
v -334.671326 -44.033195 20.947353
v -334.814484 -42.830124 19.434502
v -334.826721 -42.196106 20.076740
v -334.777924 -44.724564 20.303272
v -334.991943 -45.412754 19.664009
v -335.101349 -44.112869 18.172729
v -334.905487 -43.470844 18.797871
v -335.315460 -46.091751 19.035332
v -335.741608 -46.747536 18.430645
v -335.806854 -45.370819 16.987003
v -335.403870 -44.750622 17.564869
v -336.264404 -47.365784 17.863358
v -336.870453 -47.934597 17.343967
v -336.884613 -46.506832 15.970246
v -336.304688 -45.959969 16.452286
v -337.547180 -48.442326 16.883137
v -338.286407 -48.886444 16.482567
v -338.246399 -47.437370 15.195977
v -337.534363 -47.000244 15.551034
v -339.080536 -49.264496 16.144157
v -339.921570 -49.573784 15.869721
v -339.826599 -48.133430 14.684541
v -339.013031 -47.816090 14.906667
v -340.801453 -49.811722 15.661180
v -341.739899 -49.964958 15.530286
v -341.571228 -48.572075 14.450131
v -340.679688 -48.387222 14.531068
v -342.756561 -50.019341 15.488751
v -343.787933 -49.995350 15.518571
v -343.444489 -48.722721 14.514112
v -342.500153 -48.682785 14.445699
v -344.769836 -49.914265 15.601373
v -344.381622 -48.695522 14.650887
v -345.863556 -47.276413 14.590699
v -344.982635 -47.396027 14.254209
v -346.715668 -47.090054 14.993436
v -346.371429 -45.998611 14.787545
v -345.570221 -46.127525 14.354947
v -344.743042 -46.196861 13.983090
v -347.519745 -46.838676 15.455533
v -348.259674 -46.529430 15.965623
v -347.827515 -45.570610 15.799817
v -347.128845 -45.811203 15.273049
v -348.920502 -46.169403 16.512337
v -349.499084 -45.763763 17.089561
v -349.002625 -44.951111 16.936001
v -348.453064 -45.282471 16.356197
v -349.992798 -45.317638 17.690769
v -350.399109 -44.836357 18.309925
v -349.863922 -44.176338 18.142357
v -349.473694 -44.580845 17.533367
v -350.715302 -44.324715 18.941010
v -350.939392 -43.788021 19.578022
v -350.391937 -43.281597 19.372066
v -350.170746 -43.741821 18.757179
v -351.068634 -43.231361 20.214977
v -351.101105 -42.659657 20.845806
v -350.569061 -42.302025 20.579411
v -350.525604 -42.800201 19.981407
v -351.034241 -42.078201 21.464622
v -350.865906 -41.491776 22.065434
v -350.376984 -41.272945 21.719189
v -350.520264 -41.791431 21.160652
v -350.593750 -40.905643 22.642078
v -350.222656 -40.332180 23.182404
v -349.804321 -40.236343 22.739506
v -350.136780 -40.750809 22.249214
v -349.758057 -39.783798 23.674183
v -349.211609 -39.270840 24.108444
v -348.886627 -39.272293 23.559616
v -349.383942 -39.740269 23.178909
v -348.595490 -38.804039 24.476585
v -347.917358 -38.385563 24.777863
v -347.701080 -38.451813 24.121422
v -348.323364 -38.842133 23.873940
v -347.185089 -38.017872 25.011139
v -346.406677 -37.703110 25.175983
v -346.308899 -37.800064 24.414700
v -347.027374 -38.103806 24.301937
v -345.589661 -37.443649 25.271385
v -344.741974 -37.241684 25.296642
v -344.767914 -37.334965 24.436089
v -345.553558 -37.543175 24.459614
v -343.871277 -37.099655 25.250870
v -342.985931 -37.019867 25.133533
v -343.135345 -37.074478 24.182232
v -343.959503 -37.178078 24.343697
v -342.093658 -37.004452 24.943783
v -341.202820 -37.055626 24.681110
v -341.470490 -37.036484 23.650833
v -342.303284 -37.026588 23.951286
v -340.321716 -37.175583 24.345169
v -339.469513 -37.362263 23.942535
v -339.844147 -37.235649 22.849026
v -340.644897 -37.106422 23.281044
v -338.665710 -37.613419 23.480194
v -337.925751 -37.922165 22.969704
v -338.386047 -37.662758 21.834156
v -339.086273 -37.422966 22.362858
v -337.265320 -38.281395 22.422371
v -336.687622 -38.685772 21.844818
v -337.206543 -38.279549 20.691563
v -337.758514 -37.949821 21.274864
v -336.195709 -39.130318 21.243244
v -335.792023 -39.609779 20.624184
v -336.341217 -39.050411 19.477734
v -336.733154 -38.648060 20.090370
v -335.479523 -40.119324 19.993839
v -335.260101 -40.653725 19.358017
v -335.811859 -39.940826 18.242020
v -336.033325 -39.482887 18.859699
v -335.135986 -41.208069 18.722805
v -335.109009 -41.777534 18.093845
v -335.636505 -40.915989 17.031250
v -335.678772 -40.419960 17.630791
v -335.180847 -42.357117 17.476967
v -335.353271 -42.941864 16.877922
v -335.831238 -41.941887 15.890447
v -335.686646 -41.424660 16.449402
v -335.628357 -43.526863 16.302284
v -336.000397 -44.099922 15.762288
v -336.405304 -42.977318 14.869763
v -336.072357 -42.462986 15.360211
v -336.464050 -44.648769 15.270165
v -337.007629 -45.162750 14.834802
v -337.321533 -43.942402 14.049943
v -336.825287 -43.473595 14.430436
v -337.619659 -45.631134 14.464936
v -338.292694 -46.051628 14.161901
v -338.504425 -44.766083 13.489213
v -337.883606 -44.374096 13.736077
v -339.019470 -46.421589 13.926618
v -339.792725 -46.738590 13.760114
v -339.894836 -45.422241 13.199361
v -339.177124 -45.116364 13.310231
v -340.605072 -47.000458 13.663419
v -341.449219 -47.204422 13.637429
v -341.437195 -45.891876 13.184030
v -340.650604 -45.681545 13.157147
v -342.317108 -47.348286 13.683053
v -343.200928 -47.429688 13.800733
v -343.073730 -46.156185 13.445317
v -342.247498 -46.050865 13.279996
v -344.092163 -47.446369 13.990972
v -343.908203 -46.205666 13.679788
v -345.345551 -45.002388 14.479093
v -344.593140 -45.031998 14.094831
v -346.075745 -44.921448 14.916734
v -345.826385 -43.957512 15.265763
v -345.183990 -44.004181 14.851666
v -344.523468 -44.008495 14.482919
v -346.767426 -44.790070 15.399716
v -347.407349 -44.611729 15.916497
v -347.001617 -43.739014 16.196533
v -346.436188 -43.868195 15.717629
v -347.982056 -44.390739 16.455925
v -348.489288 -44.130745 17.012363
v -347.962799 -43.373512 17.200008
v -347.511261 -43.573212 16.692398
v -348.926331 -43.835327 17.580215
v -349.291260 -43.508129 18.154041
v -348.682617 -42.884216 18.231434
v -348.353882 -43.142929 17.714672
v -349.581512 -43.152588 18.728596
v -349.794983 -42.772789 19.298622
v -349.144684 -42.294682 19.252438
v -348.946869 -42.600471 18.745544
v -349.929932 -42.372143 19.858810
v -349.983856 -41.954262 20.403976
v -349.333069 -41.628845 20.225948
v -349.274017 -41.969822 19.747494
v -349.954590 -41.523079 20.928890
v -349.840088 -41.082085 21.428368
v -349.231720 -40.910404 21.114159
v -349.319611 -41.274651 20.683083
v -349.638153 -40.635017 21.896877
v -349.352295 -40.191254 22.324646
v -348.829498 -40.167992 21.875896
v -349.067352 -40.538773 21.514729
v -348.986603 -39.760391 22.701500
v -348.550385 -39.350750 23.021130
v -348.150482 -39.458828 22.449593
v -348.521210 -39.805489 22.189236
v -348.053375 -38.970703 23.276951
v -347.501862 -38.622345 23.469231
v -347.252228 -38.835258 22.795841
v -347.725616 -39.134678 22.651733
v -346.902435 -38.307930 23.597767
v -346.261627 -38.029137 23.662437
v -346.182190 -38.317604 22.911304
v -346.735779 -38.562233 22.882355
v -345.585693 -37.788429 23.663582
v -344.881195 -37.587654 23.600563
v -344.985107 -37.920326 22.798126
v -345.596649 -38.102898 22.883183
v -344.154236 -37.428982 23.473804
v -343.411743 -37.314392 23.283077
v -343.705658 -37.658318 22.457630
v -344.352844 -37.771530 22.656101
v -342.660156 -37.246231 23.028671
v -341.906067 -37.226311 22.710667
v -342.389191 -37.546848 21.893070
v -343.049225 -37.582855 22.203186
v -341.156342 -37.257141 22.329617
v -340.427032 -37.338127 21.893143
v -341.090302 -37.599258 21.115108
v -341.731567 -37.552353 21.527988
v -339.734314 -37.469398 21.409050
v -339.091888 -37.646702 20.889088
v -339.910980 -37.816341 20.179432
v -340.479370 -37.688293 20.662060
v -338.513092 -37.866131 20.344749
v -338.001099 -38.124184 19.782272
v -338.939606 -38.177902 19.163265
v -339.396759 -37.980450 19.678150
v -337.558533 -38.417194 19.207443
v -337.188385 -38.741886 18.626419
v -338.206146 -38.661766 18.115135
v -338.541809 -38.405960 18.640606
v -336.892975 -39.094582 18.044876
v -336.675079 -39.471786 17.468338
v -337.730774 -39.245335 17.076828
v -337.935089 -38.942474 17.592228
v -336.536652 -39.869900 16.902470
v -336.479950 -40.285378 16.352509
v -337.531647 -39.906044 16.089008
v -337.595673 -39.567383 16.574100
v -336.507141 -40.714691 15.823750
v -336.620239 -41.154343 15.321679
v -337.626007 -40.620903 15.191113
v -337.541016 -40.258080 15.626367
v -336.821533 -41.600319 14.851495
v -337.107056 -42.043770 14.423188
v -338.025909 -41.361908 14.426015
v -337.788666 -40.991314 14.788163
v -337.472992 -42.475037 14.046891
v -337.909943 -42.885635 13.728921
v -338.707336 -42.072449 13.855725
v -338.334839 -41.724678 14.113633
v -338.408356 -43.267029 13.475835
v -338.961761 -43.617271 13.287305
v -339.612457 -42.699547 13.519017
v -339.135101 -42.398029 13.657735
v -339.564056 -43.934196 13.163449
v -340.208466 -44.215355 13.104474
v -340.693390 -43.222561 13.417989
v -340.133881 -42.974998 13.439282
v -340.888824 -44.458809 13.109994
v -341.598511 -44.662392 13.179910
v -341.903809 -43.625610 13.548432
v -341.285187 -43.439957 13.454545
v -342.330688 -44.823631 13.313840
v -343.078522 -44.940506 13.511445
v -343.196625 -43.892960 13.905671
v -342.542908 -43.777328 13.699113
v -343.835052 -45.010811 13.772012
v -343.858978 -43.970810 14.167260
v -345.079468 -43.235573 15.360021
v -344.522980 -43.231903 15.038869
v -345.620941 -43.204361 15.718816
v -345.319031 -42.498325 16.298931
v -344.927155 -42.566856 15.976655
v -344.476166 -42.519291 15.776757
v -346.135376 -43.137936 16.108788
v -346.613190 -43.038467 16.521053
v -345.755768 -42.490540 16.564522
v -347.044403 -42.908401 16.946472
v -347.427124 -42.749969 17.381142
v -347.759552 -42.565651 17.820724
v -348.039825 -42.357651 18.261242
v -347.179352 -41.850037 18.255692
v -347.032166 -42.042717 17.910736
v -348.266113 -42.128510 18.698456
v -348.436829 -41.880539 19.128525
v -347.485992 -41.484619 18.924191
v -347.431213 -41.700642 18.601856
v -348.550049 -41.616127 19.547421
v -348.604187 -41.337799 19.951283
v -347.616302 -41.068825 19.558346
v -347.655701 -41.299515 19.270496
v -348.597473 -41.047974 20.335804
v -348.527985 -40.748978 20.697147
v -347.558838 -40.617119 20.132874
v -347.694275 -40.854465 19.891102
v -348.394165 -40.443096 21.031242
v -348.198181 -40.136971 21.330956
v -347.306091 -40.147530 20.620167
v -347.535614 -40.380257 20.438065
v -347.942596 -39.836830 21.589027
v -347.634094 -39.548851 21.801067
v -346.872620 -39.695713 20.980572
v -347.181244 -39.904396 20.875603
v -347.279694 -39.278915 21.963314
v -346.884033 -39.028389 22.075802
v -346.295258 -39.295315 21.189899
v -346.660278 -39.466091 21.168320
v -346.451630 -38.799072 22.139000
v -345.987701 -38.592575 22.153286
v -345.605316 -38.959801 21.247009
v -346.009003 -39.088844 21.304207
v -345.496429 -38.410336 22.118988
v -344.983032 -38.253918 22.036457
v -344.831970 -38.698711 21.154644
v -345.257721 -38.782890 21.286137
v -344.451782 -38.125031 21.905853
v -343.907684 -38.025307 21.727657
v -344.004700 -38.522335 20.915329
v -344.436310 -38.558174 21.116505
v -343.355652 -37.956211 21.502335
v -342.800018 -37.919369 21.230362
v -343.153076 -38.440369 20.532009
v -343.574829 -38.424789 20.798138
v -342.246155 -37.916584 20.912277
v -341.705597 -37.948143 20.554413
v -342.312317 -38.461990 20.012234
v -342.703705 -38.393196 20.334045
v -341.190155 -38.014256 20.163406
v -340.709900 -38.112930 19.748215
v -341.548035 -38.588219 19.393127
v -341.875031 -38.469608 19.745930
v -340.274811 -38.241646 19.318111
v -339.887146 -38.398243 18.877460
v -340.916443 -38.807205 18.724560
v -341.157043 -38.647789 19.082581
v -339.549042 -38.580418 18.430885
v -339.262543 -38.786011 17.982964
v -340.436676 -39.105019 18.037388
v -340.587433 -38.913521 18.386368
v -339.029968 -39.012794 17.537971
v -338.853271 -39.258362 17.100399
v -340.121918 -39.467510 17.359142
v -340.179932 -39.252678 17.685284
v -338.734436 -39.520485 16.674374
v -338.675293 -39.796783 16.264549
v -339.984406 -39.880737 16.716240
v -339.947327 -39.650898 17.006886
v -338.678131 -40.084961 15.874871
v -338.744476 -40.382759 15.509614
v -340.036774 -40.330643 16.135818
v -339.902069 -40.093666 16.378475
v -338.876526 -40.687759 15.173173
v -339.071869 -40.993607 14.872617
v -340.287781 -40.799721 15.646306
v -340.057159 -40.566589 15.827195
v -339.328125 -41.293991 14.615464
v -339.638458 -41.582756 14.405690
v -340.723022 -41.252029 15.288068
v -340.411591 -41.042328 15.389455
v -339.995850 -41.854053 14.247338
v -340.395599 -42.106201 14.139916
v -341.305420 -41.654217 15.084828
v -340.936310 -41.481972 15.101323
v -340.832733 -42.337574 14.082894
v -341.302460 -42.546303 14.075540
v -342.002655 -41.992443 15.036298
v -341.593903 -41.861504 14.973203
v -341.799561 -42.731049 14.117383
v -342.319366 -42.889786 14.207730
v -342.784119 -42.256340 15.138394
v -342.353394 -42.170448 15.001058
v -342.856689 -43.020943 14.345845
v -343.406525 -43.122902 14.531014
v -343.619049 -42.435295 15.386765
v -343.183105 -42.398132 15.180665
v -343.963715 -43.193802 14.762235
v -344.051788 -42.533916 15.507516
v -346.166107 -40.058495 20.023376
v -345.997772 -40.248383 19.670467
v -345.733612 -39.973282 19.889362
v -342.544189 -39.078087 19.245796
v -342.951355 -39.219654 19.292236
v -342.486603 -39.296509 18.915756
v -344.269104 -41.689594 16.714325
v -344.623962 -41.870132 16.677216
v -344.781647 -41.676811 17.031902
v -341.667603 -39.380772 18.320076
v -342.102386 -39.429863 18.509075
v -341.810699 -39.611164 18.091293
v -345.188660 -41.818214 17.077972
v -346.333221 -41.281124 18.469894
v -345.916565 -41.283157 18.225880
v -346.104767 -41.061188 18.634716
v -342.055389 -39.199539 18.794144
v -341.201019 -40.185135 16.952248
v -341.535736 -40.083694 17.287380
v -341.567749 -40.357658 16.933964
v -346.059906 -41.513706 17.997288
v -346.487640 -41.008331 18.927311
v -346.185364 -40.808632 19.022614
v -341.390167 -39.611950 17.842678
v -341.619263 -39.831978 17.678570
v -346.407532 -40.382656 19.725197
v -346.151337 -40.534019 19.373596
v -341.231781 -39.883385 17.380497
v -341.306641 -40.507309 16.576611
v -341.720459 -40.643112 16.636105
v -346.515045 -40.705578 19.351650
v -345.810272 -39.759487 20.221905
v -345.381348 -39.729080 20.015606
v -341.548065 -40.831490 16.278358
v -341.985260 -40.918297 16.418186
v -345.365448 -39.502045 20.313103
v -344.959869 -39.524170 20.048813
v -341.905579 -41.131119 16.081997
v -342.339844 -41.163162 16.294292
v -344.852112 -39.292877 20.298904
v -344.487518 -39.364666 19.990746
v -342.353912 -41.389809 15.994695
v -342.764130 -41.369087 16.264565
v -344.291168 -39.139160 20.181698
v -343.982574 -39.256771 19.843483
v -342.871185 -41.600250 16.013493
v -343.239685 -41.529678 16.326332
v -343.703156 -39.047981 19.963482
v -343.463257 -39.206558 19.608799
v -343.436371 -41.755302 16.135693
v -343.747650 -41.638649 16.477142
v -343.108887 -39.026123 19.646503
v -344.027863 -41.847702 16.357864
vn -0.9347 -0.0951 -0.3424
vn -0.9378 -0.0900 -0.3353
vn -0.9186 -0.0749 -0.3879
vn -0.9349 -0.0950 -0.3421
vn -0.9186 -0.0748 -0.3880
vn -0.9135 -0.0712 -0.4006
vn -0.9361 -0.0836 -0.3415
vn -0.9133 -0.0699 -0.4012
vn -0.9187 -0.0749 -0.3878
vn -0.9361 -0.0837 -0.3415
vn -0.9185 -0.0750 -0.3882
vn -0.9378 -0.0899 -0.3353
vn -0.9101 -0.0674 -0.4088
vn -0.9137 -0.0708 -0.4003
vn -0.9185 -0.0749 -0.3884
vn -0.9100 -0.0673 -0.4091
vn -0.9185 -0.0749 -0.3881
vn -0.9133 -0.0698 -0.4012
vn -0.1332 -0.6153 0.7770
vn -0.2301 -0.5604 0.7956
vn -0.2307 -0.5617 0.7945
vn -0.2311 -0.5616 0.7945
vn -0.1342 -0.6164 0.7759
vn -0.3241 -0.4984 0.8041
vn -0.3249 -0.4995 0.8030
vn -0.2311 -0.5617 0.7944
vn -0.3242 -0.4983 0.8041
vn -0.2310 -0.5617 0.7944
vn -0.2304 -0.5604 0.7956
vn -0.3282 -0.5037 0.7991
vn -0.2342 -0.5658 0.7906
vn -0.2309 -0.5617 0.7945
vn -0.3283 -0.5037 0.7991
vn -0.3251 -0.4995 0.8030
vn -0.1373 -0.6206 0.7720
vn -0.1342 -0.6166 0.7758
vn -0.2311 -0.5617 0.7945
vn -0.1373 -0.6207 0.7720
vn -0.2311 -0.5616 0.7944
vn -0.2343 -0.5656 0.7907
vn -0.4138 -0.4299 0.8025
vn -0.4149 -0.4311 0.8013
vn -0.4148 -0.4309 0.8014
vn -0.3251 -0.4996 0.8029
vn -0.4982 -0.3560 0.7906
vn -0.4993 -0.3571 0.7894
vn -0.4151 -0.4305 0.8015
vn -0.4984 -0.3558 0.7906
vn -0.4147 -0.4310 0.8014
vn -0.4137 -0.4301 0.8024
vn -0.5025 -0.3614 0.7854
vn -0.4179 -0.4352 0.7975
vn -0.4148 -0.4310 0.8014
vn -0.5025 -0.3612 0.7855
vn -0.4147 -0.4311 0.8014
vn -0.4990 -0.3573 0.7895
vn -0.3284 -0.5035 0.7991
vn -0.3250 -0.4995 0.8030
vn -0.4150 -0.4308 0.8013
vn -0.3283 -0.5038 0.7990
vn -0.4150 -0.4310 0.8013
vn -0.4180 -0.4352 0.7974
vn -0.4982 -0.3558 0.7907
vn -0.5764 -0.2773 0.7687
vn -0.5774 -0.2785 0.7675
vn -0.4982 -0.3559 0.7907
vn -0.5775 -0.2784 0.7675
vn -0.4989 -0.3573 0.7896
vn -0.6467 -0.1962 0.7371
vn -0.6478 -0.1971 0.7358
vn -0.5829 -0.2676 0.7672
vn -0.6467 -0.1964 0.7370
vn -0.5773 -0.2787 0.7675
vn -0.5765 -0.2772 0.7686
vn -0.6510 -0.2017 0.7318
vn -0.5805 -0.2830 0.7635
vn -0.5774 -0.2786 0.7674
vn -0.6510 -0.2018 0.7318
vn -0.5776 -0.2783 0.7674
vn -0.6476 -0.1975 0.7359
vn -0.5021 -0.3615 0.7856
vn -0.4992 -0.3571 0.7895
vn -0.5775 -0.2785 0.7674
vn -0.5024 -0.3614 0.7855
vn -0.5774 -0.2786 0.7675
vn -0.5811 -0.2824 0.7633
vn -0.6468 -0.1962 0.7370
vn -0.7084 -0.1136 0.6966
vn -0.7093 -0.1148 0.6955
vn -0.6469 -0.1960 0.7370
vn -0.7093 -0.1147 0.6955
vn -0.6478 -0.1976 0.7358
vn -0.7609 -0.0302 0.6482
vn -0.7617 -0.0313 0.6472
vn -0.7092 -0.1149 0.6956
vn -0.7607 -0.0302 0.6483
vn -0.7084 -0.1133 0.6966
vn -0.7650 -0.0357 0.6430
vn -0.7126 -0.1191 0.6914
vn -0.7093 -0.1149 0.6955
vn -0.7618 -0.0311 0.6471
vn -0.6511 -0.2018 0.7317
vn -0.6478 -0.1973 0.7358
vn -0.7092 -0.1149 0.6955
vn -0.6510 -0.2019 0.7318
vn -0.7125 -0.1191 0.6914
vn -0.7609 -0.0300 0.6482
vn -0.8040 0.0537 0.5922
vn -0.8049 0.0522 0.5911
vn -0.7608 -0.0301 0.6483
vn -0.8049 0.0523 0.5911
vn -0.7618 -0.0313 0.6471
vn -0.8373 0.1367 0.5294
vn -0.8383 0.1351 0.5282
vn -0.8048 0.0520 0.5913
vn -0.8372 0.1366 0.5295
vn -0.8048 0.0524 0.5912
vn -0.8038 0.0536 0.5924
vn -0.8417 0.1309 0.5239
vn -0.8081 0.0479 0.5870
vn -0.8049 0.0524 0.5911
vn -0.8416 0.1310 0.5240
vn -0.8048 0.0523 0.5912
vn -0.8382 0.1354 0.5282
vn -0.7650 -0.0357 0.6431
vn -0.7618 -0.0312 0.6470
vn -0.8048 0.0522 0.5913
vn -0.7650 -0.0358 0.6430
vn -0.8372 0.1366 0.5296
vn -0.8608 0.2187 0.4595
vn -0.8618 0.2174 0.4584
vn -0.8372 0.1367 0.5295
vn -0.8617 0.2174 0.4584
vn -0.8382 0.1355 0.5283
vn -0.8740 0.2991 0.3830
vn -0.8751 0.2976 0.3818
vn -0.8618 0.2172 0.4583
vn -0.8740 0.2989 0.3831
vn -0.8618 0.2175 0.4583
vn -0.8608 0.2185 0.4595
vn -0.8785 0.2928 0.3776
vn -0.8651 0.2129 0.4541
vn -0.8617 0.2173 0.4585
vn -0.8785 0.2929 0.3775
vn -0.8617 0.2174 0.4585
vn -0.8750 0.2978 0.3817
vn -0.8415 0.1310 0.5242
vn -0.8382 0.1353 0.5283
vn -0.8415 0.1307 0.5242
vn -0.8619 0.2174 0.4582
vn -0.8651 0.2127 0.4542
vn -0.8742 0.2987 0.3829
vn -0.8764 0.3766 0.3003
vn -0.8775 0.3750 0.2990
vn -0.8741 0.2989 0.3828
vn -0.8673 0.4502 0.2124
vn -0.8684 0.4487 0.2112
vn -0.8774 0.3751 0.2990
vn -0.8673 0.4502 0.2125
vn -0.8773 0.3753 0.2991
vn -0.8765 0.3763 0.3003
vn -0.8717 0.4441 0.2071
vn -0.8809 0.3706 0.2945
vn -0.8717 0.4441 0.2069
vn -0.8775 0.3750 0.2988
vn -0.8682 0.4489 0.2114
vn -0.8784 0.2933 0.3773
vn -0.8751 0.2976 0.3816
vn -0.8785 0.2929 0.3774
vn -0.8774 0.3752 0.2991
vn -0.8808 0.3704 0.2949
vn -0.8467 0.5179 0.1222
vn -0.8478 0.5164 0.1210
vn -0.8683 0.4489 0.2113
vn -0.8149 0.5789 0.0304
vn -0.8158 0.5776 0.0291
vn -0.8477 0.5165 0.1212
vn -0.8148 0.5789 0.0303
vn -0.8477 0.5165 0.1209
vn -0.8193 0.5728 0.0247
vn -0.8511 0.5118 0.1167
vn -0.8476 0.5166 0.1212
vn -0.8159 0.5774 0.0289
vn -0.8717 0.4442 0.2069
vn -0.8683 0.4488 0.2111
vn -0.8477 0.5165 0.1210
vn -0.8511 0.5118 0.1168
vn -0.8147 0.5791 0.0304
vn -0.7722 0.6323 -0.0620
vn -0.7732 0.6310 -0.0632
vn -0.8148 0.5789 0.0304
vn -0.7733 0.6309 -0.0633
vn -0.7195 0.6774 -0.1533
vn -0.7206 0.6759 -0.1546
vn -0.7732 0.6311 -0.0632
vn -0.7195 0.6773 -0.1534
vn -0.7731 0.6311 -0.0631
vn -0.7722 0.6324 -0.0620
vn -0.7241 0.6712 -0.1588
vn -0.7766 0.6264 -0.0674
vn -0.7732 0.6311 -0.0631
vn -0.7206 0.6759 -0.1547
vn -0.8193 0.5729 0.0247
vn -0.7732 0.6310 -0.0631
vn -0.8193 0.5729 0.0248
vn -0.7767 0.6262 -0.0675
vn -0.7195 0.6774 -0.1534
vn -0.6574 0.7133 -0.2430
vn -0.6583 0.7120 -0.2444
vn -0.6584 0.7119 -0.2443
vn -0.7205 0.6759 -0.1547
vn -0.5878 0.7394 -0.3283
vn -0.5884 0.7383 -0.3297
vn -0.6582 0.7120 -0.2445
vn -0.5874 0.7396 -0.3285
vn -0.6572 0.7134 -0.2432
vn -0.5920 0.7336 -0.3338
vn -0.6618 0.7072 -0.2486
vn -0.5920 0.7336 -0.3337
vn -0.6582 0.7121 -0.2443
vn -0.5887 0.7382 -0.3295
vn -0.7240 0.6712 -0.1590
vn -0.7205 0.6760 -0.1547
vn -0.6583 0.7120 -0.2442
vn -0.7240 0.6713 -0.1588
vn -0.6585 0.7119 -0.2442
vn -0.6617 0.7074 -0.2484
vn -0.5875 0.7395 -0.3285
vn -0.5114 0.7561 -0.4084
vn -0.5123 0.7549 -0.4095
vn -0.5875 0.7395 -0.3287
vn -0.5121 0.7549 -0.4097
vn -0.5886 0.7381 -0.3297
vn -0.4297 0.7634 -0.4823
vn -0.4305 0.7622 -0.4834
vn -0.4294 0.7636 -0.4822
vn -0.5125 0.7547 -0.4096
vn -0.5112 0.7563 -0.4083
vn -0.4340 0.7576 -0.4875
vn -0.5160 0.7501 -0.4136
vn -0.4340 0.7577 -0.4874
vn -0.5121 0.7550 -0.4095
vn -0.4308 0.7620 -0.4835
vn -0.5921 0.7335 -0.3338
vn -0.5883 0.7383 -0.3299
vn -0.5919 0.7337 -0.3338
vn -0.5123 0.7548 -0.4096
vn -0.5157 0.7503 -0.4136
vn -0.3433 0.7616 -0.5497
vn -0.3444 0.7602 -0.5509
vn -0.4296 0.7635 -0.4821
vn -0.4306 0.7622 -0.4834
vn -0.2531 0.7505 -0.6105
vn -0.2541 0.7492 -0.6116
vn -0.3442 0.7604 -0.5508
vn -0.2530 0.7505 -0.6105
vn -0.3443 0.7603 -0.5508
vn -0.3433 0.7617 -0.5496
vn -0.2575 0.7448 -0.6155
vn -0.3478 0.7558 -0.5548
vn -0.3443 0.7602 -0.5509
vn -0.2574 0.7447 -0.6157
vn -0.3442 0.7603 -0.5508
vn -0.2542 0.7491 -0.6117
vn -0.4341 0.7576 -0.4875
vn -0.4304 0.7623 -0.4835
vn -0.3441 0.7603 -0.5510
vn -0.4339 0.7577 -0.4874
vn -0.3476 0.7558 -0.5549
vn -0.1595 0.7302 -0.6643
vn -0.1606 0.7290 -0.6654
vn -0.2532 0.7505 -0.6105
vn -0.1605 0.7290 -0.6655
vn -0.2542 0.7492 -0.6116
vn -0.0634 0.7009 -0.7105
vn -0.0645 0.6996 -0.7117
vn -0.1603 0.7290 -0.6654
vn -0.0632 0.7008 -0.7106
vn -0.1596 0.7301 -0.6644
vn -0.0677 0.6953 -0.7155
vn -0.1637 0.7245 -0.6695
vn -0.1606 0.7289 -0.6655
vn -0.0677 0.6952 -0.7156
vn -0.1605 0.7289 -0.6655
vn -0.0642 0.6996 -0.7116
vn -0.2575 0.7449 -0.6155
vn -0.1603 0.7290 -0.6655
vn -0.2572 0.7448 -0.6157
vn -0.1641 0.7246 -0.6694
vn -0.0634 0.7008 -0.7105
vn 0.0348 0.6624 -0.7483
vn 0.0337 0.6611 -0.7495
vn -0.0634 0.7007 -0.7106
vn 0.0332 0.6612 -0.7495
vn -0.0643 0.6994 -0.7118
vn 0.1335 0.6151 -0.7770
vn 0.1323 0.6141 -0.7781
vn 0.0336 0.6612 -0.7494
vn 0.1333 0.6152 -0.7770
vn 0.0336 0.6611 -0.7496
vn 0.0344 0.6623 -0.7485
vn 0.1290 0.6097 -0.7821
vn 0.0305 0.6568 -0.7535
vn 0.1291 0.6097 -0.7820
vn 0.0335 0.6613 -0.7494
vn 0.1327 0.6139 -0.7781
vn 0.0337 0.6612 -0.7495
vn -0.0675 0.6951 -0.7157
vn 0.0339 0.6611 -0.7495
vn 0.0304 0.6569 -0.7534
vn 0.1332 0.6152 -0.7770
vn 0.2302 0.5603 -0.7956
vn 0.2292 0.5592 -0.7967
vn 0.1332 0.6153 -0.7769
vn 0.2294 0.5591 -0.7967
vn 0.1326 0.6139 -0.7781
vn 0.3241 0.4984 -0.8041
vn 0.3232 0.4971 -0.8052
vn 0.2291 0.5594 -0.7967
vn 0.3240 0.4985 -0.8041
vn 0.2291 0.5593 -0.7967
vn 0.2304 0.5603 -0.7956
vn 0.3201 0.4929 -0.8090
vn 0.2260 0.5550 -0.8006
vn 0.3201 0.4928 -0.8091
vn 0.2293 0.5592 -0.7967
vn 0.3231 0.4972 -0.8052
vn 0.1324 0.6140 -0.7781
vn 0.2290 0.5592 -0.7968
vn 0.1289 0.6099 -0.7819
vn 0.2293 0.5591 -0.7967
vn 0.2261 0.5548 -0.8006
vn 0.4139 0.4298 -0.8025
vn 0.4130 0.4286 -0.8035
vn 0.3243 0.4984 -0.8040
vn 0.4130 0.4286 -0.8036
vn 0.3230 0.4973 -0.8052
vn 0.4980 0.3560 -0.7907
vn 0.4974 0.3546 -0.7918
vn 0.4983 0.3558 -0.7907
vn 0.4129 0.4285 -0.8037
vn 0.4138 0.4300 -0.8024
vn 0.4943 0.3503 -0.7956
vn 0.4098 0.4244 -0.8075
vn 0.4131 0.4284 -0.8036
vn 0.4129 0.4284 -0.8037
vn 0.4975 0.3546 -0.7917
vn 0.3198 0.4931 -0.8090
vn 0.3198 0.4930 -0.8091
vn 0.4099 0.4244 -0.8074
vn 0.4982 0.3558 -0.7907
vn 0.5764 0.2774 -0.7687
vn 0.5755 0.2760 -0.7698
vn 0.4983 0.3557 -0.7906
vn 0.5758 0.2757 -0.7697
vn 0.4972 0.3548 -0.7918
vn 0.6466 0.1961 -0.7372
vn 0.6459 0.1947 -0.7382
vn 0.5757 0.2760 -0.7697
vn 0.6467 0.1961 -0.7371
vn 0.5756 0.2759 -0.7697
vn 0.5766 0.2771 -0.7686
vn 0.6428 0.1900 -0.7421
vn 0.5725 0.2718 -0.7736
vn 0.5757 0.2759 -0.7697
vn 0.6427 0.1902 -0.7421
vn 0.6458 0.1947 -0.7383
vn 0.4941 0.3504 -0.7957
vn 0.4973 0.3546 -0.7918
vn 0.5755 0.2759 -0.7698
vn 0.5725 0.2715 -0.7736
vn 0.6469 0.1958 -0.7370
vn 0.7082 0.1135 -0.6968
vn 0.7074 0.1121 -0.6979
vn 0.6467 0.1960 -0.7371
vn 0.7074 0.1118 -0.6980
vn 0.6458 0.1949 -0.7382
vn 0.7607 0.0297 -0.6484
vn 0.7598 0.0283 -0.6495
vn 0.7075 0.1117 -0.6979
vn 0.7607 0.0296 -0.6485
vn 0.7073 0.1120 -0.6980
vn 0.7084 0.1132 -0.6967
vn 0.7565 0.0235 -0.6535
vn 0.7043 0.1076 -0.7017
vn 0.7566 0.0237 -0.6535
vn 0.7074 0.1117 -0.6979
vn 0.7597 0.0283 -0.6496
vn 0.6428 0.1904 -0.7420
vn 0.6459 0.1946 -0.7382
vn 0.7074 0.1119 -0.6980
vn 0.6429 0.1900 -0.7420
vn 0.7074 0.1120 -0.6979
vn 0.7042 0.1074 -0.7018
vn 0.7606 0.0297 -0.6485
vn 0.8037 -0.0539 -0.5926
vn 0.8027 -0.0553 -0.5937
vn 0.7607 0.0299 -0.6484
vn 0.8027 -0.0554 -0.5939
vn 0.7598 0.0282 -0.6495
vn 0.8369 -0.1375 -0.5298
vn 0.8360 -0.1387 -0.5310
vn 0.8026 -0.0555 -0.5939
vn 0.8370 -0.1370 -0.5297
vn 0.8027 -0.0556 -0.5938
vn 0.8036 -0.0539 -0.5927
vn 0.8327 -0.1436 -0.5349
vn 0.7994 -0.0604 -0.5977
vn 0.8026 -0.0556 -0.5939
vn 0.8327 -0.1435 -0.5349
vn 0.8360 -0.1391 -0.5309
vn 0.7567 0.0237 -0.6534
vn 0.7598 0.0282 -0.6496
vn 0.8028 -0.0555 -0.5937
vn 0.7566 0.0235 -0.6535
vn 0.8027 -0.0555 -0.5938
vn 0.7995 -0.0601 -0.5976
vn 0.8370 -0.1372 -0.5297
vn 0.8604 -0.2194 -0.4599
vn 0.8594 -0.2209 -0.4612
vn 0.8369 -0.1370 -0.5299
vn 0.8594 -0.2208 -0.4612
vn 0.8359 -0.1388 -0.5310
vn 0.8735 -0.2998 -0.3835
vn 0.8725 -0.3013 -0.3848
vn 0.8736 -0.2996 -0.3835
vn 0.8594 -0.2211 -0.4610
vn 0.8605 -0.2191 -0.4598
vn 0.8688 -0.3065 -0.3889
vn 0.8559 -0.2262 -0.4651
vn 0.8595 -0.2209 -0.4610
vn 0.8593 -0.2209 -0.4613
vn 0.8725 -0.3014 -0.3846
vn 0.8325 -0.1437 -0.5350
vn 0.8594 -0.2208 -0.4611
vn 0.8325 -0.1438 -0.5350
vn 0.8593 -0.2211 -0.4612
vn 0.8560 -0.2259 -0.4650
vn 0.8737 -0.2995 -0.3833
vn 0.8759 -0.3772 -0.3007
vn 0.8747 -0.3789 -0.3022
vn 0.8737 -0.2994 -0.3833
vn 0.8747 -0.3788 -0.3022
vn 0.8724 -0.3015 -0.3847
vn 0.8668 -0.4509 -0.2131
vn 0.8655 -0.4526 -0.2146
vn 0.8747 -0.3789 -0.3021
vn 0.8667 -0.4510 -0.2131
vn 0.8747 -0.3789 -0.3020
vn 0.8760 -0.3771 -0.3007
vn 0.8617 -0.4577 -0.2190
vn 0.8710 -0.3841 -0.3063
vn 0.8748 -0.3788 -0.3021
vn 0.8616 -0.4579 -0.2190
vn 0.8655 -0.4526 -0.2148
vn 0.8689 -0.3065 -0.3886
vn 0.8710 -0.3840 -0.3065
vn 0.8462 -0.5185 -0.1229
vn 0.8447 -0.5205 -0.1245
vn 0.8668 -0.4509 -0.2132
vn 0.8448 -0.5204 -0.1245
vn 0.8655 -0.4527 -0.2146
vn 0.8143 -0.5796 -0.0310
vn 0.8130 -0.5813 -0.0326
vn 0.8447 -0.5205 -0.1244
vn 0.8144 -0.5795 -0.0310
vn 0.8461 -0.5186 -0.1231
vn 0.8092 -0.5864 -0.0373
vn 0.8410 -0.5254 -0.1290
vn 0.8091 -0.5864 -0.0373
vn 0.8616 -0.4579 -0.2189
vn 0.8655 -0.4527 -0.2145
vn 0.8449 -0.5202 -0.1245
vn 0.8142 -0.5797 -0.0310
vn 0.7717 -0.6331 0.0613
vn 0.7704 -0.6347 0.0596
vn 0.7705 -0.6346 0.0597
vn 0.8129 -0.5814 -0.0327
vn 0.7192 -0.6779 0.1527
vn 0.7178 -0.6797 0.1510
vn 0.7191 -0.6779 0.1526
vn 0.7704 -0.6348 0.0596
vn 0.7716 -0.6332 0.0612
vn 0.7143 -0.6843 0.1463
vn 0.7666 -0.6397 0.0547
vn 0.7704 -0.6348 0.0597
vn 0.7142 -0.6845 0.1462
vn 0.8090 -0.5866 -0.0374
vn 0.8129 -0.5814 -0.0326
vn 0.7705 -0.6347 0.0596
vn 0.8091 -0.5865 -0.0374
vn 0.7667 -0.6396 0.0550
vn 0.7189 -0.6781 0.1528
vn 0.6571 -0.7138 0.2424
vn 0.6556 -0.7156 0.2409
vn 0.7191 -0.6779 0.1527
vn 0.6557 -0.7156 0.2409
vn 0.5874 -0.7399 0.3278
vn 0.5860 -0.7417 0.3262
vn 0.5872 -0.7401 0.3278
vn 0.6558 -0.7155 0.2408
vn 0.6568 -0.7140 0.2425
vn 0.5828 -0.7464 0.3214
vn 0.6524 -0.7202 0.2361
vn 0.5827 -0.7464 0.3214
vn 0.6557 -0.7155 0.2409
vn 0.5863 -0.7415 0.3262
vn 0.7143 -0.6844 0.1461
vn 0.6558 -0.7156 0.2407
vn 0.7142 -0.6846 0.1462
vn 0.6522 -0.7204 0.2359
vn 0.5870 -0.7402 0.3280
vn 0.5111 -0.7566 0.4078
vn 0.5100 -0.7582 0.4063
vn 0.5871 -0.7401 0.3279
vn 0.5099 -0.7582 0.4063
vn 0.5862 -0.7416 0.3263
vn 0.4295 -0.7638 0.4818
vn 0.4283 -0.7653 0.4804
vn 0.5099 -0.7582 0.4064
vn 0.5105 -0.7579 0.4063
vn 0.5109 -0.7567 0.4079
vn 0.4254 -0.7698 0.4759
vn 0.5071 -0.7626 0.4015
vn 0.4253 -0.7699 0.4758
vn 0.5100 -0.7581 0.4064
vn 0.4287 -0.7652 0.4803
vn 0.5830 -0.7462 0.3215
vn 0.5859 -0.7418 0.3263
vn 0.5101 -0.7581 0.4064
vn 0.5827 -0.7464 0.3216
vn 0.5069 -0.7628 0.4015
vn 0.4293 -0.7640 0.4817
vn 0.3434 -0.7617 0.5495
vn 0.3421 -0.7633 0.5480
vn 0.4293 -0.7639 0.4818
vn 0.3423 -0.7632 0.5481
vn 0.4286 -0.7652 0.4803
vn 0.2531 -0.7507 0.6102
vn 0.2523 -0.7521 0.6088
vn 0.3425 -0.7632 0.5479
vn 0.2533 -0.7506 0.6103
vn 0.3425 -0.7632 0.5480
vn 0.3432 -0.7619 0.5492
vn 0.2493 -0.7564 0.6047
vn 0.3394 -0.7678 0.5434
vn 0.3424 -0.7633 0.5479
vn 0.3422 -0.7633 0.5480
vn 0.2523 -0.7520 0.6089
vn 0.4255 -0.7698 0.4758
vn 0.4284 -0.7654 0.4803
vn 0.3424 -0.7632 0.5480
vn 0.4254 -0.7699 0.4757
vn 0.3423 -0.7632 0.5480
vn 0.3394 -0.7677 0.5435
vn 0.2530 -0.7508 0.6102
vn 0.1595 -0.7305 0.6641
vn 0.1585 -0.7318 0.6629
vn 0.1589 -0.7316 0.6629
vn 0.2523 -0.7522 0.6088
vn 0.0633 -0.7009 0.7104
vn 0.0627 -0.7023 0.7091
vn 0.1587 -0.7318 0.6628
vn 0.0635 -0.7009 0.7104
vn 0.1586 -0.7318 0.6628
vn 0.1596 -0.7304 0.6641
vn 0.0596 -0.7066 0.7051
vn 0.1557 -0.7359 0.6589
vn 0.1586 -0.7318 0.6629
vn 0.0595 -0.7066 0.7051
vn 0.1587 -0.7316 0.6630
vn 0.0623 -0.7022 0.7093
vn 0.2492 -0.7566 0.6046
vn 0.2520 -0.7522 0.6088
vn 0.1588 -0.7316 0.6629
vn 0.1560 -0.7361 0.6586
vn -0.0349 -0.6623 0.7484
vn -0.0240 -0.6651 0.7464
vn 0.0634 -0.7009 0.7104
vn -0.0355 -0.6639 0.7470
vn 0.0622 -0.7022 0.7093
vn -0.1334 -0.6152 0.7770
vn -0.1341 -0.6165 0.7759
vn -0.0355 -0.6637 0.7472
vn -0.1333 -0.6152 0.7770
vn -0.0357 -0.6636 0.7472
vn -0.0345 -0.6624 0.7483
vn -0.0385 -0.6679 0.7433
vn -0.0353 -0.6637 0.7471
vn -0.1371 -0.6208 0.7719
vn -0.0353 -0.6637 0.7472
vn -0.1345 -0.6163 0.7759
vn 0.0594 -0.7065 0.7052
vn 0.0625 -0.7022 0.7093
vn -0.0354 -0.6637 0.7472
vn 0.0598 -0.7064 0.7053
vn -0.0356 -0.6636 0.7472
vn -0.0384 -0.6680 0.7432
vn -0.1372 -0.6207 0.7720
vn -0.2341 -0.5658 0.7906
vn -0.2376 -0.5705 0.7862
vn -0.1372 -0.6207 0.7719
vn -0.2378 -0.5704 0.7862
vn -0.1410 -0.6252 0.7676
vn -0.3287 -0.5035 0.7990
vn -0.3318 -0.5085 0.7946
vn -0.2377 -0.5706 0.7861
vn -0.3282 -0.5038 0.7991
vn -0.2344 -0.5656 0.7907
vn -0.3332 -0.5099 0.7931
vn -0.2391 -0.5718 0.7847
vn -0.3330 -0.5100 0.7931
vn -0.2380 -0.5704 0.7861
vn -0.3324 -0.5082 0.7945
vn -0.1421 -0.6265 0.7663
vn -0.1409 -0.6254 0.7675
vn -0.1420 -0.6265 0.7664
vn -0.2378 -0.5705 0.7861
vn -0.2392 -0.5717 0.7848
vn -0.4181 -0.4353 0.7973
vn -0.4218 -0.4400 0.7928
vn -0.4218 -0.4401 0.7927
vn -0.3321 -0.5082 0.7946
vn -0.5023 -0.3614 0.7856
vn -0.5061 -0.3662 0.7809
vn -0.4218 -0.4399 0.7929
vn -0.5024 -0.3612 0.7855
vn -0.4216 -0.4400 0.7929
vn -0.4180 -0.4353 0.7974
vn -0.5072 -0.3678 0.7794
vn -0.4227 -0.4416 0.7914
vn -0.4217 -0.4399 0.7928
vn -0.5071 -0.3677 0.7795
vn -0.4215 -0.4402 0.7928
vn -0.5060 -0.3661 0.7809
vn -0.3336 -0.5096 0.7931
vn -0.3319 -0.5086 0.7945
vn -0.4220 -0.4399 0.7927
vn -0.3331 -0.5098 0.7932
vn -0.4228 -0.4417 0.7913
vn -0.5023 -0.3613 0.7856
vn -0.5807 -0.2828 0.7634
vn -0.5843 -0.2876 0.7589
vn -0.5025 -0.3613 0.7855
vn -0.5844 -0.2873 0.7589
vn -0.5059 -0.3663 0.7809
vn -0.6546 -0.2064 0.7273
vn -0.5843 -0.2876 0.7588
vn -0.5842 -0.2879 0.7588
vn -0.5807 -0.2827 0.7635
vn -0.6553 -0.2079 0.7262
vn -0.5851 -0.2894 0.7576
vn -0.5844 -0.2875 0.7588
vn -0.6553 -0.2078 0.7262
vn -0.6545 -0.2066 0.7273
vn -0.5069 -0.3679 0.7796
vn -0.5060 -0.3662 0.7809
vn -0.5843 -0.2877 0.7588
vn -0.5072 -0.3676 0.7795
vn -0.5852 -0.2891 0.7576
vn -0.7125 -0.1192 0.6915
vn -0.7160 -0.1239 0.6870
vn -0.7161 -0.1239 0.6869
vn -0.6544 -0.2067 0.7273
vn -0.7651 -0.0357 0.6430
vn -0.7686 -0.0405 0.6385
vn -0.7161 -0.1242 0.6868
vn -0.7650 -0.0359 0.6431
vn -0.7162 -0.1240 0.6868
vn -0.7126 -0.1190 0.6914
vn -0.7689 -0.0414 0.6380
vn -0.7167 -0.1251 0.6861
vn -0.7689 -0.0415 0.6380
vn -0.6553 -0.2081 0.7262
vn -0.6546 -0.2064 0.7272
vn -0.6553 -0.2080 0.7262
vn -0.7161 -0.1240 0.6869
vn -0.7167 -0.1249 0.6861
vn -0.8082 0.0479 0.5870
vn -0.8117 0.0430 0.5825
vn -0.7650 -0.0356 0.6430
vn -0.8116 0.0432 0.5826
vn -0.7686 -0.0404 0.6384
vn -0.8416 0.1311 0.5240
vn -0.8450 0.1260 0.5197
vn -0.8116 0.0430 0.5826
vn -0.8416 0.1308 0.5241
vn -0.8081 0.0479 0.5871
vn -0.8451 0.1258 0.5196
vn -0.8118 0.0426 0.5825
vn -0.8115 0.0432 0.5828
vn -0.8451 0.1257 0.5196
vn -0.8115 0.0431 0.5828
vn -0.8450 0.1265 0.5195
vn -0.7686 -0.0404 0.6385
vn -0.8116 0.0429 0.5826
vn -0.7689 -0.0416 0.6380
vn -0.8116 0.0432 0.5827
vn -0.8118 0.0424 0.5824
vn -0.8415 0.1308 0.5241
vn -0.8651 0.2131 0.4540
vn -0.8685 0.2082 0.4499
vn -0.8685 0.2082 0.4498
vn -0.8449 0.1264 0.5197
vn -0.8784 0.2933 0.3774
vn -0.8818 0.2883 0.3732
vn -0.8685 0.2083 0.4498
vn -0.8784 0.2930 0.3775
vn -0.8652 0.2129 0.4540
vn -0.8816 0.2884 0.3735
vn -0.8684 0.2083 0.4500
vn -0.8816 0.2884 0.3736
vn -0.8685 0.2083 0.4499
vn -0.8817 0.2887 0.3732
vn -0.8450 0.1259 0.5198
vn -0.8449 0.1262 0.5198
vn -0.8685 0.2086 0.4497
vn -0.8684 0.2082 0.4501
vn -0.8785 0.2930 0.3773
vn -0.8808 0.3707 0.2946
vn -0.8841 0.3658 0.2907
vn -0.8841 0.3659 0.2905
vn -0.8817 0.2886 0.3732
vn -0.8751 0.4394 0.2029
vn -0.8842 0.3659 0.2905
vn -0.8841 0.3662 0.2904
vn -0.8809 0.3704 0.2948
vn -0.8746 0.4400 0.2035
vn -0.8837 0.3665 0.2909
vn -0.8841 0.3660 0.2904
vn -0.8747 0.4400 0.2033
vn -0.8749 0.4397 0.2028
vn -0.8815 0.2888 0.3735
vn -0.8817 0.2885 0.3734
vn -0.8841 0.3661 0.2905
vn -0.8838 0.3662 0.2911
vn -0.8545 0.5071 0.1124
vn -0.8545 0.5072 0.1125
vn -0.8750 0.4397 0.2028
vn -0.8226 0.5682 0.0206
vn -0.8543 0.5075 0.1125
vn -0.8220 0.5690 0.0213
vn -0.8539 0.5080 0.1131
vn -0.8221 0.5690 0.0214
vn -0.8543 0.5075 0.1127
vn -0.8745 0.4403 0.2034
vn -0.8750 0.4397 0.2027
vn -0.8746 0.4402 0.2033
vn -0.8544 0.5073 0.1125
vn -0.8539 0.5079 0.1132
vn -0.8192 0.5730 0.0249
vn -0.7767 0.6263 -0.0675
vn -0.7800 0.6217 -0.0716
vn -0.7799 0.6218 -0.0717
vn -0.8224 0.5685 0.0208
vn -0.7272 0.6668 -0.1629
vn -0.7799 0.6218 -0.0716
vn -0.7800 0.6217 -0.0715
vn -0.7767 0.6263 -0.0674
vn -0.7268 0.6673 -0.1626
vn -0.7793 0.6226 -0.0709
vn -0.7269 0.6673 -0.1625
vn -0.7274 0.6666 -0.1630
vn -0.8219 0.5692 0.0214
vn -0.8225 0.5685 0.0207
vn -0.7795 0.6224 -0.0710
vn -0.7239 0.6713 -0.1589
vn -0.6619 0.7072 -0.2486
vn -0.6651 0.7027 -0.2526
vn -0.6651 0.7028 -0.2526
vn -0.7273 0.6667 -0.1629
vn -0.5952 0.7291 -0.3378
vn -0.6651 0.7027 -0.2528
vn -0.5918 0.7337 -0.3338
vn -0.6653 0.7025 -0.2527
vn -0.6617 0.7073 -0.2487
vn -0.5949 0.7295 -0.3376
vn -0.6647 0.7031 -0.2525
vn -0.6650 0.7028 -0.2527
vn -0.5950 0.7293 -0.3378
vn -0.6650 0.7028 -0.2528
vn -0.5955 0.7289 -0.3377
vn -0.7269 0.6672 -0.1626
vn -0.7272 0.6668 -0.1630
vn -0.6650 0.7028 -0.2526
vn -0.7268 0.6673 -0.1625
vn -0.6653 0.7025 -0.2525
vn -0.6646 0.7034 -0.2521
vn -0.5918 0.7336 -0.3340
vn -0.5159 0.7502 -0.4136
vn -0.5191 0.7456 -0.4179
vn -0.5918 0.7337 -0.3339
vn -0.5190 0.7457 -0.4179
vn -0.5955 0.7289 -0.3378
vn -0.4343 0.7574 -0.4875
vn -0.4374 0.7529 -0.4918
vn -0.4338 0.7577 -0.4876
vn -0.5193 0.7455 -0.4179
vn -0.5154 0.7504 -0.4138
vn -0.4373 0.7527 -0.4921
vn -0.5191 0.7455 -0.4180
vn -0.5190 0.7456 -0.4180
vn -0.4373 0.7528 -0.4921
vn -0.5189 0.7456 -0.4181
vn -0.4376 0.7528 -0.4918
vn -0.5951 0.7292 -0.3378
vn -0.5952 0.7291 -0.3379
vn -0.5190 0.7456 -0.4179
vn -0.5189 0.7457 -0.4180
vn -0.4339 0.7577 -0.4875
vn -0.3479 0.7557 -0.5549
vn -0.3512 0.7509 -0.5592
vn -0.4340 0.7577 -0.4873
vn -0.3512 0.7509 -0.5593
vn -0.4376 0.7529 -0.4916
vn -0.2574 0.7448 -0.6156
vn -0.2610 0.7399 -0.6200
vn -0.3510 0.7512 -0.5591
vn -0.3512 0.7511 -0.5591
vn -0.3477 0.7558 -0.5548
vn -0.2613 0.7391 -0.6209
vn -0.3512 0.7506 -0.5597
vn -0.3511 0.7511 -0.5591
vn -0.2612 0.7392 -0.6208
vn -0.3511 0.7510 -0.5591
vn -0.2612 0.7398 -0.6201
vn -0.4375 0.7527 -0.4920
vn -0.4373 0.7529 -0.4917
vn -0.3511 0.7509 -0.5593
vn -0.3513 0.7509 -0.5592
vn -0.3513 0.7504 -0.5599
vn -0.1639 0.7245 -0.6694
vn -0.1675 0.7197 -0.6738
vn -0.2574 0.7449 -0.6156
vn -0.2610 0.7400 -0.6200
vn -0.0676 0.6953 -0.7156
vn -0.0714 0.6903 -0.7200
vn -0.1675 0.7196 -0.6739
vn -0.0574 0.6953 -0.7164
vn -0.1674 0.7197 -0.6738
vn -0.1638 0.7245 -0.6695
vn -0.0721 0.6888 -0.7213
vn -0.1678 0.7186 -0.6749
vn -0.1674 0.7196 -0.6739
vn -0.0720 0.6889 -0.7212
vn -0.0710 0.6903 -0.7200
vn -0.2614 0.7391 -0.6208
vn -0.2609 0.7399 -0.6201
vn -0.1673 0.7197 -0.6739
vn -0.1680 0.7187 -0.6747
vn -0.0677 0.6951 -0.7157
vn 0.0307 0.6569 -0.7534
vn 0.0266 0.6518 -0.7579
vn -0.0676 0.6952 -0.7157
vn 0.0266 0.6520 -0.7578
vn -0.0713 0.6902 -0.7201
vn 0.1294 0.6095 -0.7821
vn 0.1254 0.6047 -0.7865
vn 0.0267 0.6519 -0.7578
vn 0.1288 0.6097 -0.7821
vn 0.0267 0.6518 -0.7579
vn 0.0303 0.6569 -0.7534
vn 0.1243 0.6030 -0.7880
vn 0.0261 0.6503 -0.7592
vn 0.0264 0.6519 -0.7579
vn 0.1243 0.6031 -0.7879
vn 0.1256 0.6046 -0.7865
vn -0.0719 0.6888 -0.7213
vn -0.0714 0.6902 -0.7200
vn 0.0267 0.6519 -0.7579
vn -0.0720 0.6889 -0.7213
vn 0.0270 0.6519 -0.7578
vn 0.0258 0.6505 -0.7591
vn 0.1292 0.6097 -0.7820
vn 0.2260 0.5548 -0.8007
vn 0.2221 0.5501 -0.8050
vn 0.1291 0.6098 -0.7820
vn 0.2222 0.5500 -0.8051
vn 0.1255 0.6048 -0.7864
vn 0.3163 0.4881 -0.8134
vn 0.2220 0.5502 -0.8050
vn 0.3199 0.4930 -0.8091
vn 0.2222 0.5500 -0.8050
vn 0.2263 0.5548 -0.8006
vn 0.3149 0.4866 -0.8149
vn 0.2210 0.5485 -0.8064
vn 0.3150 0.4865 -0.8149
vn 0.3171 0.4876 -0.8135
vn 0.1243 0.6032 -0.7878
vn 0.1252 0.6048 -0.7865
vn 0.1240 0.6032 -0.7879
vn 0.2222 0.5498 -0.8052
vn 0.2211 0.5484 -0.8065
vn 0.3200 0.4929 -0.8091
vn 0.4098 0.4243 -0.8074
vn 0.4063 0.4195 -0.8118
vn 0.3199 0.4928 -0.8092
vn 0.4060 0.4197 -0.8118
vn 0.3165 0.4877 -0.8136
vn 0.4939 0.3506 -0.7957
vn 0.4907 0.3456 -0.7999
vn 0.4063 0.4195 -0.8117
vn 0.4062 0.4195 -0.8118
vn 0.4097 0.4246 -0.8074
vn 0.4896 0.3444 -0.8010
vn 0.4048 0.4183 -0.8131
vn 0.4063 0.4193 -0.8119
vn 0.4895 0.3444 -0.8011
vn 0.4061 0.4196 -0.8118
vn 0.4904 0.3459 -0.7999
vn 0.3152 0.4865 -0.8148
vn 0.3162 0.4880 -0.8135
vn 0.3150 0.4866 -0.8149
vn 0.4061 0.4197 -0.8118
vn 0.4048 0.4182 -0.8131
vn 0.4942 0.3503 -0.7956
vn 0.5724 0.2717 -0.7736
vn 0.5690 0.2670 -0.7778
vn 0.4943 0.3502 -0.7956
vn 0.5692 0.2667 -0.7778
vn 0.4905 0.3457 -0.8000
vn 0.6428 0.1903 -0.7420
vn 0.6394 0.1854 -0.7462
vn 0.5691 0.2668 -0.7778
vn 0.6428 0.1902 -0.7420
vn 0.5726 0.2715 -0.7735
vn 0.6387 0.1848 -0.7469
vn 0.5681 0.2661 -0.7787
vn 0.6394 0.1858 -0.7460
vn 0.4893 0.3447 -0.8011
vn 0.4907 0.3455 -0.7999
vn 0.5692 0.2669 -0.7777
vn 0.4895 0.3445 -0.8011
vn 0.5689 0.2672 -0.7778
vn 0.5682 0.2659 -0.7788
vn 0.7043 0.1074 -0.7018
vn 0.7009 0.1029 -0.7058
vn 0.6428 0.1905 -0.7420
vn 0.7010 0.1027 -0.7057
vn 0.6394 0.1858 -0.7461
vn 0.7566 0.0236 -0.6534
vn 0.7535 0.0190 -0.6572
vn 0.7011 0.1026 -0.7056
vn 0.7011 0.1028 -0.7056
vn 0.7043 0.1073 -0.7017
vn 0.7533 0.0183 -0.6574
vn 0.7007 0.1022 -0.7061
vn 0.7533 0.0186 -0.6574
vn 0.7011 0.1026 -0.7057
vn 0.7534 0.0189 -0.6573
vn 0.6388 0.1849 -0.7468
vn 0.6395 0.1854 -0.7461
vn 0.7011 0.1027 -0.7056
vn 0.7006 0.1020 -0.7062
vn 0.7995 -0.0604 -0.5976
vn 0.7963 -0.0651 -0.6014
vn 0.7567 0.0238 -0.6534
vn 0.7963 -0.0650 -0.6014
vn 0.8326 -0.1438 -0.5348
vn 0.8296 -0.1482 -0.5384
vn 0.8327 -0.1435 -0.5348
vn 0.7963 -0.0652 -0.6014
vn 0.7994 -0.0603 -0.5978
vn 0.8298 -0.1487 -0.5378
vn 0.7965 -0.0654 -0.6011
vn 0.7963 -0.0650 -0.6013
vn 0.8298 -0.1485 -0.5379
vn 0.7962 -0.0650 -0.6015
vn 0.8295 -0.1488 -0.5384
vn 0.7533 0.0185 -0.6574
vn 0.7535 0.0188 -0.6572
vn 0.7964 -0.0651 -0.6013
vn 0.7965 -0.0653 -0.6011
vn 0.8326 -0.1437 -0.5349
vn 0.8559 -0.2262 -0.4650
vn 0.8527 -0.2307 -0.4687
vn 0.8327 -0.1433 -0.5349
vn 0.8528 -0.2306 -0.4686
vn 0.8294 -0.1487 -0.5385
vn 0.8657 -0.3108 -0.3924
vn 0.8528 -0.2305 -0.4686
vn 0.8689 -0.3064 -0.3889
vn 0.8527 -0.2308 -0.4687
vn 0.8559 -0.2260 -0.4652
vn 0.8661 -0.3108 -0.3914
vn 0.8531 -0.2309 -0.4679
vn 0.8527 -0.2306 -0.4687
vn 0.8661 -0.3111 -0.3913
vn 0.8656 -0.3113 -0.3922
vn 0.8298 -0.1487 -0.5380
vn 0.8295 -0.1483 -0.5385
vn 0.8298 -0.1487 -0.5379
vn 0.8531 -0.2308 -0.4679
vn 0.8689 -0.3063 -0.3887
vn 0.8709 -0.3842 -0.3064
vn 0.8676 -0.3887 -0.3100
vn 0.8690 -0.3063 -0.3887
vn 0.8676 -0.3888 -0.3099
vn 0.8655 -0.3114 -0.3923
vn 0.8583 -0.4623 -0.2227
vn 0.8678 -0.3886 -0.3098
vn 0.8617 -0.4577 -0.2191
vn 0.8589 -0.4617 -0.2216
vn 0.8682 -0.3884 -0.3088
vn 0.8678 -0.3885 -0.3098
vn 0.8589 -0.4618 -0.2215
vn 0.8677 -0.3887 -0.3098
vn 0.8583 -0.4624 -0.2226
vn 0.8661 -0.3112 -0.3912
vn 0.8657 -0.3110 -0.3922
vn 0.8677 -0.3886 -0.3100
vn 0.8661 -0.3110 -0.3913
vn 0.8682 -0.3883 -0.3089
vn 0.8410 -0.5254 -0.1291
vn 0.8377 -0.5298 -0.1326
vn 0.8376 -0.5298 -0.1328
vn 0.8583 -0.4624 -0.2224
vn 0.8092 -0.5863 -0.0374
vn 0.8059 -0.5907 -0.0413
vn 0.8376 -0.5299 -0.1327
vn 0.8091 -0.5864 -0.0374
vn 0.8376 -0.5299 -0.1329
vn 0.8410 -0.5255 -0.1291
vn 0.8065 -0.5898 -0.0405
vn 0.8382 -0.5292 -0.1318
vn 0.8065 -0.5898 -0.0404
vn 0.8376 -0.5299 -0.1330
vn 0.8059 -0.5906 -0.0413
vn 0.8588 -0.4619 -0.2215
vn 0.8377 -0.5299 -0.1326
vn 0.8383 -0.5291 -0.1317
vn 0.7666 -0.6397 0.0548
vn 0.7635 -0.6439 0.0508
vn 0.7635 -0.6438 0.0506
vn 0.8057 -0.5908 -0.0414
vn 0.7110 -0.6887 0.1419
vn 0.7634 -0.6439 0.0507
vn 0.7142 -0.6845 0.1461
vn 0.7634 -0.6439 0.0506
vn 0.7666 -0.6398 0.0548
vn 0.7120 -0.6876 0.1423
vn 0.7642 -0.6430 0.0512
vn 0.7633 -0.6440 0.0506
vn 0.7119 -0.6877 0.1423
vn 0.7634 -0.6440 0.0506
vn 0.7111 -0.6887 0.1419
vn 0.8065 -0.5899 -0.0405
vn 0.8058 -0.5907 -0.0414
vn 0.7635 -0.6438 0.0507
vn 0.7642 -0.6429 0.0515
vn 0.7142 -0.6845 0.1463
vn 0.6524 -0.7202 0.2360
vn 0.6493 -0.7245 0.2314
vn 0.7140 -0.6847 0.1463
vn 0.6493 -0.7244 0.2315
vn 0.7113 -0.6885 0.1419
vn 0.5799 -0.7505 0.3171
vn 0.6493 -0.7245 0.2316
vn 0.6494 -0.7243 0.2317
vn 0.6523 -0.7203 0.2361
vn 0.5808 -0.7498 0.3169
vn 0.6502 -0.7235 0.2318
vn 0.6492 -0.7246 0.2315
vn 0.5807 -0.7498 0.3171
vn 0.6492 -0.7245 0.2317
vn 0.5801 -0.7503 0.3170
vn 0.6494 -0.7244 0.2315
vn 0.6494 -0.7243 0.2315
vn 0.5828 -0.7463 0.3216
vn 0.5039 -0.7670 0.3972
vn 0.5826 -0.7464 0.3215
vn 0.5041 -0.7669 0.3971
vn 0.5802 -0.7503 0.3170
vn 0.4255 -0.7697 0.4759
vn 0.4225 -0.7741 0.4714
vn 0.5040 -0.7669 0.3972
vn 0.5042 -0.7668 0.3972
vn 0.5069 -0.7628 0.4016
vn 0.4231 -0.7739 0.4712
vn 0.5051 -0.7663 0.3970
vn 0.5038 -0.7670 0.3973
vn 0.4229 -0.7739 0.4714
vn 0.5039 -0.7670 0.3973
vn 0.4228 -0.7740 0.4714
vn 0.5809 -0.7497 0.3171
vn 0.5799 -0.7504 0.3171
vn 0.5807 -0.7498 0.3172
vn 0.5042 -0.7669 0.3971
vn 0.5048 -0.7665 0.3970
vn 0.3395 -0.7676 0.5436
vn 0.3364 -0.7720 0.5392
vn 0.3366 -0.7720 0.5392
vn 0.4228 -0.7740 0.4713
vn 0.2492 -0.7565 0.6047
vn 0.2465 -0.7608 0.6004
vn 0.3365 -0.7721 0.5390
vn 0.2493 -0.7565 0.6047
vn 0.3392 -0.7678 0.5436
vn 0.2464 -0.7611 0.6000
vn 0.3369 -0.7721 0.5389
vn 0.3363 -0.7721 0.5392
vn 0.2462 -0.7612 0.6000
vn 0.3365 -0.7721 0.5391
vn 0.2462 -0.7608 0.6004
vn 0.4234 -0.7738 0.4712
vn 0.4227 -0.7741 0.4713
vn 0.3364 -0.7721 0.5392
vn 0.4231 -0.7739 0.4713
vn 0.3368 -0.7720 0.5390
vn 0.1557 -0.7362 0.6586
vn 0.1527 -0.7405 0.6545
vn 0.2490 -0.7565 0.6047
vn 0.1528 -0.7405 0.6545
vn 0.2463 -0.7608 0.6004
vn 0.0595 -0.7065 0.7052
vn 0.0564 -0.7111 0.7008
vn 0.1526 -0.7404 0.6546
vn 0.0596 -0.7065 0.7052
vn 0.1527 -0.7404 0.6546
vn 0.1557 -0.7360 0.6588
vn 0.0558 -0.7118 0.7002
vn 0.1522 -0.7411 0.6539
vn 0.0556 -0.7119 0.7001
vn 0.0559 -0.7111 0.7009
vn 0.2462 -0.7613 0.5999
vn 0.2462 -0.7609 0.6003
vn 0.1526 -0.7405 0.6545
vn 0.1525 -0.7406 0.6544
vn 0.1527 -0.7410 0.6539
vn 0.0597 -0.7064 0.7053
vn -0.0387 -0.6679 0.7433
vn -0.0419 -0.6726 0.7388
vn 0.0595 -0.7064 0.7053
vn -0.0420 -0.6726 0.7388
vn 0.0562 -0.7109 0.7010
vn -0.1408 -0.6253 0.7676
vn -0.0419 -0.6725 0.7389
vn -0.0420 -0.6724 0.7390
vn -0.0382 -0.6680 0.7432
vn -0.1420 -0.6264 0.7664
vn -0.0430 -0.6735 0.7379
vn -0.0420 -0.6726 0.7389
vn -0.1417 -0.6264 0.7665
vn -0.0417 -0.6725 0.7389
vn 0.0556 -0.7118 0.7002
vn 0.0564 -0.7110 0.7010
vn -0.0417 -0.6726 0.7389
vn 0.0556 -0.7118 0.7001
vn -0.0421 -0.6725 0.7389
vn -0.0428 -0.6735 0.7380
vn -0.1420 -0.6266 0.7663
vn -0.2390 -0.5717 0.7849
vn -0.2367 -0.5691 0.7874
vn -0.1417 -0.6265 0.7664
vn -0.2370 -0.5692 0.7873
vn -0.1400 -0.6239 0.7689
vn -0.3332 -0.5098 0.7931
vn -0.3311 -0.5072 0.7957
vn -0.2370 -0.5691 0.7874
vn -0.3332 -0.5099 0.7930
vn -0.2390 -0.5718 0.7848
vn -0.3255 -0.5002 0.8024
vn -0.2312 -0.5626 0.7938
vn -0.2368 -0.5693 0.7873
vn -0.3254 -0.5002 0.8025
vn -0.3313 -0.5070 0.7958
vn -0.1342 -0.6181 0.7745
vn -0.1400 -0.6240 0.7688
vn -0.2370 -0.5690 0.7875
vn -0.1341 -0.6180 0.7747
vn -0.2314 -0.5623 0.7939
vn -0.4229 -0.4416 0.7913
vn -0.4211 -0.4389 0.7937
vn -0.3330 -0.5099 0.7931
vn -0.4209 -0.4389 0.7938
vn -0.3320 -0.5065 0.7958
vn -0.5072 -0.3677 0.7794
vn -0.5053 -0.3652 0.7818
vn -0.4212 -0.4387 0.7938
vn -0.5071 -0.3676 0.7795
vn -0.4209 -0.4390 0.7938
vn -0.4229 -0.4415 0.7914
vn -0.5012 -0.3587 0.7875
vn -0.4158 -0.4320 0.8003
vn -0.4209 -0.4389 0.7939
vn -0.5012 -0.3585 0.7876
vn -0.4210 -0.4389 0.7938
vn -0.5052 -0.3655 0.7818
vn -0.3272 -0.4989 0.8025
vn -0.3310 -0.5072 0.7957
vn -0.4210 -0.4390 0.7938
vn -0.4160 -0.4318 0.8003
vn -0.5836 -0.2869 0.7597
vn -0.5835 -0.2869 0.7598
vn -0.5051 -0.3654 0.7819
vn -0.6552 -0.2081 0.7263
vn -0.6539 -0.2057 0.7280
vn -0.5837 -0.2870 0.7596
vn -0.6552 -0.2080 0.7263
vn -0.5835 -0.2872 0.7596
vn -0.5853 -0.2889 0.7576
vn -0.6520 -0.2014 0.7310
vn -0.5803 -0.2813 0.7643
vn -0.5835 -0.2870 0.7598
vn -0.6520 -0.2015 0.7310
vn -0.5835 -0.2869 0.7597
vn -0.6538 -0.2061 0.7280
vn -0.5011 -0.3590 0.7874
vn -0.5052 -0.3653 0.7819
vn -0.5835 -0.2870 0.7597
vn -0.5012 -0.3584 0.7876
vn -0.5806 -0.2810 0.7641
vn -0.7166 -0.1251 0.6862
vn -0.7154 -0.1236 0.6877
vn -0.6554 -0.2078 0.7262
vn -0.6538 -0.2064 0.7280
vn -0.7690 -0.0414 0.6379
vn -0.7681 -0.0403 0.6391
vn -0.7155 -0.1237 0.6876
vn -0.7690 -0.0416 0.6379
vn -0.7155 -0.1237 0.6875
vn -0.7691 -0.0391 0.6380
vn -0.7151 -0.1206 0.6885
vn -0.7691 -0.0390 0.6379
vn -0.7156 -0.1234 0.6875
vn -0.6520 -0.2018 0.7309
vn -0.6540 -0.2060 0.7279
vn -0.6521 -0.2016 0.7309
vn -0.7151 -0.1206 0.6886
vn -0.8119 0.0425 0.5823
vn -0.8113 0.0431 0.5830
vn -0.7690 -0.0413 0.6379
vn -0.8113 0.0432 0.5830
vn -0.7681 -0.0403 0.6390
vn -0.8452 0.1259 0.5195
vn -0.8450 0.1261 0.5197
vn -0.8112 0.0431 0.5831
vn -0.8112 0.0433 0.5831
vn -0.8117 0.0425 0.5825
vn -0.8486 0.1236 0.5144
vn -0.8136 0.0427 0.5798
vn -0.8113 0.0432 0.5831
vn -0.8112 0.0432 0.5832
vn -0.8449 0.1263 0.5198
vn -0.7691 -0.0390 0.6380
vn -0.8113 0.0430 0.5830
vn -0.8113 0.0433 0.5830
vn -0.8137 0.0426 0.5797
vn -0.8684 0.2084 0.4499
vn -0.8686 0.2081 0.4497
vn -0.8450 0.1259 0.5197
vn -0.8686 0.2080 0.4498
vn -0.8448 0.1263 0.5200
vn -0.8815 0.2888 0.3736
vn -0.8820 0.2883 0.3729
vn -0.8686 0.2080 0.4497
vn -0.8816 0.2886 0.3735
vn -0.8686 0.2083 0.4497
vn -0.8879 0.2815 0.3639
vn -0.8734 0.2035 0.4424
vn -0.8880 0.2811 0.3639
vn -0.8819 0.2885 0.3729
vn -0.8485 0.1237 0.5145
vn -0.8448 0.1263 0.5199
vn -0.8486 0.1235 0.5144
vn -0.8686 0.2082 0.4496
vn -0.8735 0.2033 0.4424
vn -0.8816 0.2887 0.3734
vn -0.8837 0.3664 0.2911
vn -0.8844 0.3656 0.2901
vn -0.8820 0.2884 0.3728
vn -0.8745 0.4404 0.2032
vn -0.8754 0.4391 0.2022
vn -0.8746 0.4402 0.2034
vn -0.8844 0.3657 0.2901
vn -0.8838 0.3663 0.2910
vn -0.8830 0.4287 0.1911
vn -0.8913 0.3569 0.2796
vn -0.8845 0.3655 0.2899
vn -0.8844 0.3656 0.2900
vn -0.8752 0.4393 0.2024
vn -0.8879 0.2817 0.3637
vn -0.8845 0.3655 0.2901
vn -0.8880 0.2813 0.3637
vn -0.8913 0.3568 0.2798
vn -0.8539 0.5080 0.1132
vn -0.8548 0.5067 0.1119
vn -0.8745 0.4402 0.2035
vn -0.8548 0.5066 0.1121
vn -0.8753 0.4392 0.2021
vn -0.8230 0.5677 0.0201
vn -0.8548 0.5068 0.1120
vn -0.8539 0.5080 0.1133
vn -0.8316 0.5553 0.0090
vn -0.8629 0.4953 0.1007
vn -0.8547 0.5069 0.1121
vn -0.8315 0.5554 0.0091
vn -0.8548 0.5068 0.1122
vn -0.8230 0.5676 0.0201
vn -0.8829 0.4289 0.1912
vn -0.8753 0.4392 0.2022
vn -0.8549 0.5066 0.1120
vn -0.8830 0.4288 0.1911
vn -0.8548 0.5068 0.1119
vn -0.8630 0.4951 0.1006
vn -0.7804 0.6211 -0.0721
vn -0.7805 0.6210 -0.0721
vn -0.7270 0.6672 -0.1624
vn -0.7277 0.6661 -0.1634
vn -0.7269 0.6673 -0.1623
vn -0.7804 0.6212 -0.0720
vn -0.7794 0.6225 -0.0711
vn -0.7361 0.6546 -0.1724
vn -0.7889 0.6090 -0.0824
vn -0.7804 0.6211 -0.0722
vn -0.7362 0.6544 -0.1723
vn -0.7803 0.6212 -0.0721
vn -0.7278 0.6661 -0.1634
vn -0.8315 0.5555 0.0092
vn -0.7804 0.6211 -0.0720
vn -0.8313 0.5557 0.0092
vn -0.7805 0.6210 -0.0722
vn -0.7268 0.6674 -0.1626
vn -0.6649 0.7030 -0.2522
vn -0.6655 0.7023 -0.2528
vn -0.6654 0.7023 -0.2530
vn -0.5951 0.7292 -0.3377
vn -0.5955 0.7287 -0.3381
vn -0.5949 0.7294 -0.3379
vn -0.6656 0.7021 -0.2529
vn -0.6647 0.7032 -0.2525
vn -0.6028 0.7199 -0.3441
vn -0.6737 0.6916 -0.2605
vn -0.6654 0.7022 -0.2531
vn -0.6655 0.7022 -0.2531
vn -0.5957 0.7286 -0.3381
vn -0.7363 0.6543 -0.1724
vn -0.7363 0.6544 -0.1722
vn -0.6734 0.6919 -0.2604
vn -0.5950 0.7293 -0.3379
vn -0.5951 0.7292 -0.3379
vn -0.5957 0.7285 -0.3381
vn -0.4376 0.7526 -0.4920
vn -0.4371 0.7531 -0.4917
vn -0.5190 0.7455 -0.4181
vn -0.4373 0.7527 -0.4922
vn -0.5193 0.7454 -0.4180
vn -0.5186 0.7458 -0.4181
vn -0.4419 0.7486 -0.4943
vn -0.5256 0.7386 -0.4222
vn -0.4420 0.7486 -0.4943
vn -0.4373 0.7529 -0.4918
vn -0.6029 0.7198 -0.3442
vn -0.5953 0.7289 -0.3382
vn -0.5191 0.7455 -0.4181
vn -0.5251 0.7389 -0.4222
vn -0.3514 0.7504 -0.5598
vn -0.3507 0.7512 -0.5593
vn -0.4372 0.7528 -0.4921
vn -0.3508 0.7512 -0.5592
vn -0.4374 0.7530 -0.4916
vn -0.2613 0.7390 -0.6210
vn -0.2605 0.7403 -0.6198
vn -0.3507 0.7513 -0.5591
vn -0.3508 0.7512 -0.5591
vn -0.3511 0.7506 -0.5597
vn -0.2622 0.7404 -0.6190
vn -0.3543 0.7490 -0.5598
vn -0.2622 0.7405 -0.6188
vn -0.2604 0.7402 -0.6199
vn -0.4422 0.7486 -0.4941
vn -0.4371 0.7530 -0.4918
vn -0.3506 0.7513 -0.5592
vn -0.4420 0.7486 -0.4942
vn -0.3541 0.7491 -0.5599
vn -0.1679 0.7186 -0.6748
vn -0.1668 0.7202 -0.6734
vn -0.2612 0.7391 -0.6209
vn -0.1668 0.7201 -0.6735
vn -0.2604 0.7403 -0.6197
vn -0.0718 0.6889 -0.7213
vn -0.0707 0.6909 -0.7195
vn -0.1665 0.7201 -0.6736
vn -0.0719 0.6890 -0.7212
vn -0.1667 0.7201 -0.6735
vn -0.1681 0.7186 -0.6748
vn -0.0690 0.6949 -0.7157
vn -0.1669 0.7224 -0.6711
vn -0.1666 0.7201 -0.6735
vn -0.0691 0.6949 -0.7158
vn -0.1667 0.7201 -0.6736
vn -0.0702 0.6909 -0.7195
vn -0.2623 0.7404 -0.6189
vn -0.2604 0.7403 -0.6198
vn -0.1665 0.7201 -0.6735
vn -0.2621 0.7405 -0.6189
vn -0.1667 0.7202 -0.6735
vn -0.1668 0.7224 -0.6711
vn -0.0721 0.6889 -0.7212
vn 0.0261 0.6504 -0.7591
vn 0.0275 0.6527 -0.7571
vn -0.0719 0.6889 -0.7213
vn 0.0276 0.6526 -0.7572
vn -0.0704 0.6907 -0.7197
vn 0.1245 0.6031 -0.7879
vn 0.1262 0.6056 -0.7857
vn 0.0274 0.6526 -0.7572
vn 0.1243 0.6033 -0.7877
vn 0.0275 0.6526 -0.7572
vn 0.0256 0.6505 -0.7591
vn 0.1303 0.6122 -0.7799
vn 0.0307 0.6581 -0.7523
vn 0.1302 0.6122 -0.7799
vn 0.0273 0.6526 -0.7572
vn 0.1264 0.6056 -0.7857
vn -0.0690 0.6949 -0.7158
vn -0.0706 0.6908 -0.7196
vn -0.0689 0.6949 -0.7158
vn 0.0277 0.6526 -0.7572
vn 0.0304 0.6582 -0.7522
vn 0.1242 0.6032 -0.7878
vn 0.2212 0.5484 -0.8065
vn 0.2228 0.5511 -0.8041
vn 0.1244 0.6032 -0.7878
vn 0.2232 0.5510 -0.8041
vn 0.1263 0.6057 -0.7856
vn 0.3166 0.4855 -0.8149
vn 0.3170 0.4894 -0.8124
vn 0.2227 0.5512 -0.8041
vn 0.3149 0.4867 -0.8149
vn 0.2230 0.5511 -0.8041
vn 0.2211 0.5486 -0.8063
vn 0.3226 0.4965 -0.8059
vn 0.2281 0.5582 -0.7978
vn 0.2230 0.5513 -0.8040
vn 0.3227 0.4964 -0.8058
vn 0.2231 0.5512 -0.8040
vn 0.3197 0.4877 -0.8124
vn 0.1304 0.6123 -0.7798
vn 0.1262 0.6057 -0.7856
vn 0.2229 0.5512 -0.8040
vn 0.1303 0.6123 -0.7798
vn 0.2283 0.5581 -0.7977
vn 0.3150 0.4867 -0.8148
vn 0.4049 0.4183 -0.8131
vn 0.4070 0.4210 -0.8106
vn 0.4896 0.3445 -0.8010
vn 0.4917 0.3472 -0.7986
vn 0.4071 0.4210 -0.8106
vn 0.4069 0.4209 -0.8107
vn 0.4047 0.4183 -0.8131
vn 0.4973 0.3528 -0.7926
vn 0.4126 0.4277 -0.8043
vn 0.4072 0.4207 -0.8107
vn 0.4070 0.4210 -0.8107
vn 0.4913 0.3475 -0.7987
vn 0.3226 0.4965 -0.8058
vn 0.3169 0.4894 -0.8124
vn 0.3227 0.4965 -0.8058
vn 0.4070 0.4212 -0.8105
vn 0.4128 0.4276 -0.8042
vn 0.4896 0.3443 -0.8011
vn 0.5680 0.2661 -0.7788
vn 0.5702 0.2684 -0.7765
vn 0.5703 0.2682 -0.7764
vn 0.4913 0.3474 -0.7987
vn 0.6386 0.1850 -0.7470
vn 0.6406 0.1870 -0.7447
vn 0.6388 0.1847 -0.7469
vn 0.5701 0.2684 -0.7765
vn 0.5682 0.2658 -0.7788
vn 0.6450 0.1893 -0.7403
vn 0.5753 0.2727 -0.7711
vn 0.6450 0.1894 -0.7404
vn 0.5703 0.2684 -0.7764
vn 0.6407 0.1870 -0.7447
vn 0.4972 0.3529 -0.7926
vn 0.4916 0.3470 -0.7987
vn 0.5702 0.2681 -0.7765
vn 0.4972 0.3527 -0.7927
vn 0.5755 0.2724 -0.7711
vn 0.6389 0.1850 -0.7467
vn 0.7006 0.1023 -0.7062
vn 0.7023 0.1039 -0.7042
vn 0.6391 0.1839 -0.7468
vn 0.7024 0.1036 -0.7042
vn 0.6406 0.1872 -0.7447
vn 0.7532 0.0183 -0.6575
vn 0.7549 0.0195 -0.6555
vn 0.7025 0.1037 -0.7041
vn 0.7534 0.0185 -0.6574
vn 0.7007 0.1019 -0.7061
vn 0.7566 0.0180 -0.6537
vn 0.7057 0.1043 -0.7008
vn 0.7025 0.1038 -0.7041
vn 0.7566 0.0181 -0.6537
vn 0.7025 0.1036 -0.7041
vn 0.7550 0.0195 -0.6555
vn 0.6451 0.1894 -0.7403
vn 0.6407 0.1867 -0.7447
vn 0.7024 0.1037 -0.7041
vn 0.6450 0.1895 -0.7403
vn 0.7055 0.1042 -0.7010
vn 0.7965 -0.0655 -0.6010
vn 0.7977 -0.0645 -0.5995
vn 0.7533 0.0184 -0.6574
vn 0.7977 -0.0646 -0.5996
vn 0.7549 0.0194 -0.6555
vn 0.8307 -0.1481 -0.5366
vn 0.7977 -0.0648 -0.5996
vn 0.8298 -0.1484 -0.5380
vn 0.7977 -0.0647 -0.5996
vn 0.7964 -0.0653 -0.6012
vn 0.8291 -0.1537 -0.5376
vn 0.7977 -0.0684 -0.5992
vn 0.8291 -0.1538 -0.5375
vn 0.8307 -0.1486 -0.5365
vn 0.7566 0.0180 -0.6536
vn 0.7549 0.0195 -0.6556
vn 0.7978 -0.0645 -0.5995
vn 0.7566 0.0179 -0.6537
vn 0.7978 -0.0681 -0.5991
vn 0.8298 -0.1486 -0.5379
vn 0.8531 -0.2313 -0.4677
vn 0.8537 -0.2311 -0.4667
vn 0.8537 -0.2310 -0.4667
vn 0.8307 -0.1488 -0.5365
vn 0.8662 -0.3116 -0.3906
vn 0.8661 -0.3109 -0.3914
vn 0.8537 -0.2312 -0.4666
vn 0.8532 -0.2307 -0.4679
vn 0.8613 -0.3198 -0.3947
vn 0.8503 -0.2382 -0.4693
vn 0.8613 -0.3200 -0.3947
vn 0.8537 -0.2309 -0.4667
vn 0.8289 -0.1541 -0.5377
vn 0.8307 -0.1485 -0.5366
vn 0.8290 -0.1539 -0.5377
vn 0.8537 -0.2311 -0.4666
vn 0.8503 -0.2380 -0.4695
vn 0.8661 -0.3109 -0.3913
vn 0.8682 -0.3885 -0.3088
vn 0.8681 -0.3890 -0.3085
vn 0.8662 -0.3107 -0.3913
vn 0.8680 -0.3892 -0.3084
vn 0.8662 -0.3118 -0.3904
vn 0.8584 -0.4626 -0.2216
vn 0.8680 -0.3893 -0.3084
vn 0.8511 -0.4724 -0.2289
vn 0.8617 -0.3986 -0.3140
vn 0.8511 -0.4726 -0.2287
vn 0.8680 -0.3891 -0.3084
vn 0.8585 -0.4626 -0.2214
vn 0.8613 -0.3201 -0.3946
vn 0.8663 -0.3116 -0.3904
vn 0.8614 -0.3198 -0.3947
vn 0.8617 -0.3984 -0.3143
vn 0.8589 -0.4617 -0.2214
vn 0.8382 -0.5292 -0.1317
vn 0.8378 -0.5298 -0.1321
vn 0.8589 -0.4617 -0.2215
vn 0.8377 -0.5299 -0.1321
vn 0.8584 -0.4627 -0.2215
vn 0.8065 -0.5898 -0.0403
vn 0.8060 -0.5904 -0.0411
vn 0.8377 -0.5300 -0.1322
vn 0.8066 -0.5897 -0.0403
vn 0.8376 -0.5300 -0.1322
vn 0.7982 -0.6003 -0.0502
vn 0.8299 -0.5399 -0.1406
vn 0.7982 -0.6003 -0.0503
vn 0.8061 -0.5904 -0.0411
vn 0.8511 -0.4726 -0.2286
vn 0.8512 -0.4723 -0.2287
vn 0.8299 -0.5399 -0.1405
vn 0.8065 -0.5899 -0.0404
vn 0.7642 -0.6429 0.0513
vn 0.7640 -0.6433 0.0505
vn 0.8064 -0.5900 -0.0406
vn 0.7639 -0.6434 0.0506
vn 0.8060 -0.5905 -0.0411
vn 0.7119 -0.6879 0.1414
vn 0.7639 -0.6434 0.0505
vn 0.7121 -0.6875 0.1422
vn 0.7638 -0.6434 0.0505
vn 0.7641 -0.6431 0.0513
vn 0.7057 -0.6961 0.1318
vn 0.7566 -0.6527 0.0407
vn 0.7638 -0.6435 0.0505
vn 0.7056 -0.6962 0.1317
vn 0.7638 -0.6435 0.0504
vn 0.7120 -0.6878 0.1415
vn 0.7982 -0.6003 -0.0504
vn 0.8060 -0.5905 -0.0412
vn 0.7639 -0.6434 0.0507
vn 0.7567 -0.6525 0.0407
vn 0.7119 -0.6877 0.1424
vn 0.6502 -0.7235 0.2317
vn 0.6505 -0.7236 0.2308
vn 0.6506 -0.7235 0.2309
vn 0.5809 -0.7498 0.3169
vn 0.5815 -0.7495 0.3165
vn 0.6506 -0.7235 0.2310
vn 0.5808 -0.7498 0.3170
vn 0.6506 -0.7234 0.2311
vn 0.6501 -0.7237 0.2318
vn 0.5781 -0.7555 0.3082
vn 0.6456 -0.7307 0.2218
vn 0.6505 -0.7236 0.2309
vn 0.5779 -0.7556 0.3083
vn 0.6505 -0.7235 0.2310
vn 0.5815 -0.7495 0.3163
vn 0.7056 -0.6962 0.1318
vn 0.7118 -0.6880 0.1413
vn 0.6505 -0.7235 0.2309
vn 0.7056 -0.6963 0.1317
vn 0.6507 -0.7234 0.2309
vn 0.6455 -0.7308 0.2217
vn 0.5049 -0.7664 0.3972
vn 0.5057 -0.7660 0.3968
vn 0.5058 -0.7659 0.3968
vn 0.5817 -0.7493 0.3164
vn 0.4232 -0.7739 0.4712
vn 0.4245 -0.7730 0.4715
vn 0.5059 -0.7659 0.3968
vn 0.5046 -0.7666 0.3972
vn 0.4243 -0.7761 0.4665
vn 0.5043 -0.7703 0.3903
vn 0.5058 -0.7660 0.3969
vn 0.4242 -0.7761 0.4666
vn 0.5059 -0.7659 0.3969
vn 0.4247 -0.7729 0.4715
vn 0.5782 -0.7554 0.3084
vn 0.5813 -0.7496 0.3165
vn 0.5779 -0.7555 0.3085
vn 0.5040 -0.7705 0.3902
vn 0.3367 -0.7721 0.5390
vn 0.3383 -0.7709 0.5397
vn 0.4230 -0.7740 0.4712
vn 0.3386 -0.7709 0.5396
vn 0.4248 -0.7728 0.4715
vn 0.2463 -0.7612 0.6000
vn 0.2482 -0.7596 0.6012
vn 0.3383 -0.7710 0.5396
vn 0.2463 -0.7612 0.5999
vn 0.3368 -0.7721 0.5388
vn 0.2509 -0.7595 0.6002
vn 0.3398 -0.7724 0.5366
vn 0.3384 -0.7709 0.5396
vn 0.2509 -0.7594 0.6002
vn 0.3385 -0.7710 0.5394
vn 0.2479 -0.7597 0.6012
vn 0.4245 -0.7761 0.4665
vn 0.4247 -0.7730 0.4713
vn 0.3384 -0.7709 0.5395
vn 0.4244 -0.7761 0.4664
vn 0.3384 -0.7708 0.5397
vn 0.3399 -0.7723 0.5366
vn 0.1521 -0.7411 0.6540
vn 0.1541 -0.7392 0.6556
vn 0.2461 -0.7613 0.5999
vn 0.1545 -0.7393 0.6555
vn 0.2481 -0.7596 0.6012
vn 0.0553 -0.7118 0.7002
vn 0.0579 -0.7096 0.7022
vn 0.1542 -0.7391 0.6557
vn 0.1542 -0.7392 0.6556
vn 0.1522 -0.7410 0.6540
vn 0.0624 -0.7063 0.7051
vn 0.1581 -0.7373 0.6568
vn 0.0625 -0.7064 0.7050
vn 0.0574 -0.7097 0.7022
vn 0.2510 -0.7595 0.6001
vn 0.1542 -0.7393 0.6555
vn 0.1542 -0.7394 0.6554
vn 0.1583 -0.7375 0.6566
vn 0.0556 -0.7117 0.7002
vn -0.0433 -0.6735 0.7379
vn -0.0407 -0.6711 0.7402
vn 0.0555 -0.7118 0.7002
vn -0.0407 -0.6711 0.7403
vn 0.0575 -0.7096 0.7023
vn -0.1419 -0.6265 0.7664
vn -0.1400 -0.6238 0.7689
vn -0.1419 -0.6264 0.7665
vn -0.0410 -0.6710 0.7403
vn -0.0353 -0.6663 0.7448
vn -0.0408 -0.6711 0.7402
vn -0.1338 -0.6181 0.7746
vn -0.0408 -0.6710 0.7403
vn -0.1400 -0.6238 0.7690
vn 0.0624 -0.7062 0.7052
vn 0.0576 -0.7095 0.7023
vn 0.0625 -0.7062 0.7053
vn -0.0410 -0.6711 0.7403
vn -0.0352 -0.6663 0.7448
vn -0.1340 -0.6180 0.7747
vn -0.2311 -0.5625 0.7939
vn -0.2312 -0.5642 0.7926
vn -0.2316 -0.5642 0.7925
vn -0.1339 -0.6205 0.7727
vn -0.3254 -0.5001 0.8025
vn -0.3264 -0.5015 0.8013
vn -0.2313 -0.5642 0.7926
vn -0.3255 -0.5001 0.8024
vn -0.2315 -0.5641 0.7926
vn -0.2311 -0.5625 0.7938
vn -0.3431 -0.5205 0.7819
vn -0.2472 -0.5837 0.7735
vn -0.2315 -0.5642 0.7925
vn -0.3432 -0.5205 0.7818
vn -0.2315 -0.5643 0.7925
vn -0.3267 -0.5013 0.8013
vn -0.1482 -0.6399 0.7540
vn -0.1338 -0.6204 0.7727
vn -0.1482 -0.6399 0.7541
vn -0.2316 -0.5641 0.7926
vn -0.2474 -0.5835 0.7735
vn -0.3255 -0.5000 0.8025
vn -0.4160 -0.4320 0.8002
vn -0.4180 -0.4325 0.7989
vn -0.4179 -0.4325 0.7989
vn -0.3297 -0.4988 0.8015
vn -0.5011 -0.3586 0.7876
vn -0.5041 -0.3593 0.7853
vn -0.5014 -0.3584 0.7875
vn -0.4159 -0.4318 0.8004
vn -0.5219 -0.3770 0.7652
vn -0.4354 -0.4512 0.7790
vn -0.4179 -0.4326 0.7989
vn -0.5220 -0.3771 0.7651
vn -0.4179 -0.4328 0.7988
vn -0.5041 -0.3595 0.7852
vn -0.3464 -0.5179 0.7822
vn -0.3265 -0.5015 0.8012
vn -0.4182 -0.4325 0.7988
vn -0.3434 -0.5204 0.7819
vn -0.4180 -0.4327 0.7988
vn -0.5012 -0.3586 0.7875
vn -0.5803 -0.2814 0.7642
vn -0.5846 -0.2819 0.7607
vn -0.5011 -0.3587 0.7875
vn -0.5846 -0.2821 0.7607
vn -0.5040 -0.3594 0.7854
vn -0.6572 -0.2028 0.7259
vn -0.6520 -0.2017 0.7309
vn -0.5845 -0.2823 0.7607
vn -0.5808 -0.2808 0.7641
vn -0.6743 -0.2182 0.7055
vn -0.6022 -0.2989 0.7403
vn -0.6744 -0.2182 0.7054
vn -0.5848 -0.2820 0.7606
vn -0.6571 -0.2030 0.7260
vn -0.5217 -0.3772 0.7652
vn -0.5042 -0.3593 0.7853
vn -0.5220 -0.3770 0.7651
vn -0.6026 -0.2982 0.7402
vn -0.6521 -0.2015 0.7309
vn -0.7150 -0.1209 0.6886
vn -0.7213 -0.1228 0.6817
vn -0.7213 -0.1229 0.6817
vn -0.6572 -0.2030 0.7258
vn -0.7761 -0.0423 0.6292
vn -0.7196 -0.1315 0.6819
vn -0.7691 -0.0392 0.6379
vn -0.7912 -0.0551 0.6090
vn -0.7376 -0.1368 0.6613
vn -0.7214 -0.1227 0.6816
vn -0.7214 -0.1226 0.6816
vn -0.7762 -0.0423 0.6291
vn -0.6745 -0.2184 0.7052
vn -0.6573 -0.2029 0.7258
vn -0.7213 -0.1227 0.6817
vn -0.6744 -0.2183 0.7054
vn -0.7375 -0.1368 0.6613
vn -0.7691 -0.0389 0.6379
vn -0.8138 0.0428 0.5796
vn -0.8215 0.0379 0.5689
vn -0.7690 -0.0389 0.6380
vn -0.8216 0.0378 0.5688
vn -0.8486 0.1238 0.5144
vn -0.8571 0.1170 0.5017
vn -0.8214 0.0378 0.5691
vn -0.8486 0.1237 0.5143
vn -0.8215 0.0380 0.5689
vn -0.8137 0.0425 0.5798
vn -0.8693 0.1060 0.4829
vn -0.8351 0.0261 0.5495
vn -0.8214 0.0378 0.5690
vn -0.8692 0.1062 0.4829
vn -0.8571 0.1172 0.5016
vn -0.7912 -0.0551 0.6091
vn -0.7762 -0.0423 0.6290
vn -0.8216 0.0376 0.5688
vn -0.7912 -0.0552 0.6091
vn -0.8216 0.0379 0.5688
vn -0.8352 0.0259 0.5494
vn -0.8735 0.2035 0.4422
vn -0.8825 0.1951 0.4280
vn -0.8485 0.1236 0.5145
vn -0.8825 0.1950 0.4280
vn -0.8570 0.1172 0.5019
vn -0.8878 0.2817 0.3638
vn -0.8973 0.2712 0.3484
vn -0.8824 0.1951 0.4281
vn -0.8879 0.2814 0.3639
vn -0.8824 0.1952 0.4280
vn -0.8734 0.2033 0.4424
vn -0.9067 0.2605 0.3317
vn -0.8932 0.1845 0.4100
vn -0.8824 0.1952 0.4281
vn -0.9067 0.2607 0.3317
vn -0.8973 0.2713 0.3483
vn -0.8692 0.1062 0.4830
vn -0.8569 0.1172 0.5019
vn -0.8825 0.1948 0.4281
vn -0.8693 0.1060 0.4828
vn -0.8932 0.1842 0.4101
vn -0.8879 0.2813 0.3639
vn -0.8911 0.3572 0.2798
vn -0.9010 0.3444 0.2637
vn -0.8880 0.2814 0.3638
vn -0.9011 0.3444 0.2636
vn -0.8973 0.2712 0.3483
vn -0.8829 0.4290 0.1910
vn -0.8930 0.4147 0.1748
vn -0.9010 0.3446 0.2636
vn -0.8913 0.3570 0.2796
vn -0.9007 0.4035 0.1610
vn -0.9093 0.3341 0.2480
vn -0.9006 0.4036 0.1611
vn -0.9010 0.3447 0.2635
vn -0.8929 0.4148 0.1750
vn -0.9068 0.2607 0.3314
vn -0.9066 0.2608 0.3316
vn -0.9010 0.3445 0.2636
vn -0.9093 0.3339 0.2483
vn -0.8828 0.4290 0.1912
vn -0.8629 0.4952 0.1005
vn -0.8734 0.4795 0.0850
vn -0.8829 0.4289 0.1910
vn -0.8734 0.4796 0.0850
vn -0.8930 0.4147 0.1749
vn -0.8424 0.5388 -0.0056
vn -0.8733 0.4797 0.0850
vn -0.8316 0.5554 0.0090
vn -0.8629 0.4953 0.1006
vn -0.8502 0.5263 -0.0166
vn -0.8807 0.4680 0.0728
vn -0.8502 0.5263 -0.0167
vn -0.8733 0.4798 0.0851
vn -0.8424 0.5388 -0.0058
vn -0.8734 0.4795 0.0847
vn -0.9005 0.4038 0.1611
vn -0.8734 0.4796 0.0848
vn -0.8809 0.4678 0.0725
vn -0.8314 0.5556 0.0091
vn -0.7889 0.6090 -0.0823
vn -0.8003 0.5918 -0.0957
vn -0.8314 0.5555 0.0091
vn -0.8003 0.5918 -0.0958
vn -0.8423 0.5389 -0.0056
vn -0.7479 0.6377 -0.1842
vn -0.7361 0.6546 -0.1723
vn -0.8003 0.5919 -0.0958
vn -0.7889 0.6090 -0.0822
vn -0.7577 0.6233 -0.1930
vn -0.8089 0.5784 -0.1054
vn -0.7577 0.6234 -0.1930
vn -0.8004 0.5918 -0.0954
vn -0.8501 0.5263 -0.0164
vn -0.8423 0.5390 -0.0057
vn -0.8501 0.5264 -0.0164
vn -0.8003 0.5919 -0.0957
vn -0.7361 0.6545 -0.1725
vn -0.6737 0.6917 -0.2603
vn -0.6855 0.6759 -0.2707
vn -0.7362 0.6544 -0.1724
vn -0.6854 0.6759 -0.2708
vn -0.6030 0.7197 -0.3441
vn -0.6148 0.7054 -0.3527
vn -0.6855 0.6758 -0.2708
vn -0.6027 0.7200 -0.3440
vn -0.6856 0.6758 -0.2707
vn -0.6734 0.6918 -0.2607
vn -0.6276 0.6898 -0.3609
vn -0.6968 0.6607 -0.2791
vn -0.6857 0.6757 -0.2707
vn -0.6275 0.6898 -0.3611
vn -0.6855 0.6758 -0.2707
vn -0.6151 0.7052 -0.3525
vn -0.7576 0.6234 -0.1933
vn -0.7480 0.6376 -0.1842
vn -0.6855 0.6759 -0.2706
vn -0.7577 0.6233 -0.1931
vn -0.6857 0.6758 -0.2705
vn -0.6967 0.6610 -0.2789
vn -0.5255 0.7386 -0.4222
vn -0.5370 0.7262 -0.4293
vn -0.6028 0.7198 -0.3442
vn -0.5370 0.7263 -0.4292
vn -0.6150 0.7052 -0.3528
vn -0.4423 0.7484 -0.4943
vn -0.4533 0.7378 -0.5001
vn -0.5372 0.7260 -0.4292
vn -0.4419 0.7485 -0.4944
vn -0.5375 0.7259 -0.4292
vn -0.5253 0.7388 -0.4222
vn -0.4691 0.7212 -0.5097
vn -0.5516 0.7098 -0.4381
vn -0.5372 0.7260 -0.4293
vn -0.4693 0.7210 -0.5098
vn -0.4536 0.7377 -0.5001
vn -0.6278 0.6896 -0.3611
vn -0.5371 0.7261 -0.4293
vn -0.6277 0.6897 -0.3611
vn -0.5373 0.7260 -0.4292
vn -0.5515 0.7099 -0.4381
vn -0.4421 0.7486 -0.4941
vn -0.3543 0.7490 -0.5599
vn -0.3645 0.7404 -0.5647
vn -0.3646 0.7405 -0.5645
vn -0.4536 0.7378 -0.4999
vn -0.2621 0.7404 -0.6189
vn -0.2714 0.7339 -0.6227
vn -0.3645 0.7406 -0.5645
vn -0.2620 0.7405 -0.6189
vn -0.3647 0.7405 -0.5645
vn -0.3542 0.7491 -0.5598
vn -0.2896 0.7162 -0.6349
vn -0.3820 0.7232 -0.5753
vn -0.2896 0.7163 -0.6349
vn -0.3645 0.7405 -0.5646
vn -0.2715 0.7338 -0.6227
vn -0.4695 0.7210 -0.5096
vn -0.4533 0.7379 -0.5001
vn -0.3643 0.7405 -0.5647
vn -0.4692 0.7211 -0.5098
vn -0.3646 0.7404 -0.5647
vn -0.3817 0.7232 -0.5755
vn -0.2622 0.7403 -0.6190
vn -0.1746 0.7178 -0.6740
vn -0.1750 0.7177 -0.6740
vn -0.2714 0.7340 -0.6226
vn -0.0688 0.6949 -0.7158
vn -0.0755 0.6919 -0.7181
vn -0.1746 0.7177 -0.6741
vn -0.1747 0.7177 -0.6741
vn -0.1669 0.7222 -0.6712
vn -0.0946 0.6734 -0.7332
vn -0.1935 0.6995 -0.6879
vn -0.1747 0.7176 -0.6741
vn -0.0948 0.6734 -0.7332
vn -0.1748 0.7177 -0.6741
vn -0.0752 0.6919 -0.7180
vn -0.2895 0.7162 -0.6349
vn -0.1745 0.7178 -0.6740
vn -0.1747 0.7178 -0.6740
vn -0.1935 0.6998 -0.6877
vn -0.0692 0.6949 -0.7158
vn 0.0256 0.6562 -0.7541
vn 0.0256 0.6562 -0.7542
vn -0.0752 0.6917 -0.7182
vn 0.1305 0.6122 -0.7799
vn 0.1269 0.6110 -0.7814
vn 0.0255 0.6562 -0.7542
vn 0.0256 0.6563 -0.7541
vn 0.0302 0.6580 -0.7524
vn 0.1081 0.5917 -0.7988
vn 0.0066 0.6373 -0.7706
vn 0.0254 0.6563 -0.7541
vn 0.1081 0.5919 -0.7988
vn 0.1271 0.6110 -0.7814
vn -0.0946 0.6733 -0.7332
vn -0.0755 0.6918 -0.7181
vn 0.0255 0.6564 -0.7540
vn -0.0946 0.6732 -0.7334
vn 0.0259 0.6562 -0.7542
vn 0.0063 0.6374 -0.7705
vn 0.2282 0.5582 -0.7977
vn 0.2258 0.5574 -0.7989
vn 0.2260 0.5574 -0.7989
vn 0.1271 0.6113 -0.7812
vn 0.3262 0.4943 -0.8057
vn 0.3214 0.4955 -0.8070
vn 0.2258 0.5575 -0.7989
vn 0.3227 0.4966 -0.8058
vn 0.2258 0.5574 -0.7990
vn 0.2284 0.5583 -0.7976
vn 0.3044 0.4758 -0.8252
vn 0.2079 0.5380 -0.8169
vn 0.3045 0.4756 -0.8253
vn 0.3255 0.4928 -0.8070
vn 0.1082 0.5919 -0.7987
vn 0.1269 0.6111 -0.7813
vn 0.2254 0.5576 -0.7989
vn 0.1081 0.5919 -0.7987
vn 0.2259 0.5572 -0.7990
vn 0.2081 0.5377 -0.8171
vn 0.4128 0.4278 -0.8041
vn 0.4128 0.4258 -0.8052
vn 0.3228 0.4965 -0.8058
vn 0.4126 0.4259 -0.8052
vn 0.3216 0.4954 -0.8070
vn 0.4972 0.3531 -0.7926
vn 0.4974 0.3498 -0.7939
vn 0.4973 0.3527 -0.7927
vn 0.4125 0.4260 -0.8052
vn 0.4827 0.3297 -0.8114
vn 0.3964 0.4060 -0.8234
vn 0.4127 0.4255 -0.8053
vn 0.4825 0.3298 -0.8114
vn 0.4125 0.4259 -0.8053
vn 0.4971 0.3501 -0.7939
vn 0.3043 0.4756 -0.8253
vn 0.3215 0.4955 -0.8069
vn 0.4126 0.4258 -0.8053
vn 0.3964 0.4059 -0.8235
vn 0.4973 0.3529 -0.7926
vn 0.5753 0.2683 -0.7727
vn 0.4974 0.3526 -0.7926
vn 0.5754 0.2683 -0.7726
vn 0.4973 0.3499 -0.7939
vn 0.6449 0.1894 -0.7404
vn 0.6445 0.1835 -0.7423
vn 0.5756 0.2681 -0.7726
vn 0.6451 0.1893 -0.7403
vn 0.5753 0.2684 -0.7726
vn 0.5754 0.2725 -0.7711
vn 0.6323 0.1636 -0.7573
vn 0.5615 0.2487 -0.7892
vn 0.5755 0.2683 -0.7725
vn 0.6322 0.1637 -0.7573
vn 0.5754 0.2681 -0.7727
vn 0.6446 0.1835 -0.7422
vn 0.4824 0.3299 -0.8115
vn 0.4826 0.3298 -0.8114
vn 0.5752 0.2682 -0.7727
vn 0.5619 0.2479 -0.7892
vn 0.6451 0.1893 -0.7402
vn 0.7044 0.0965 -0.7032
vn 0.6430 0.1958 -0.7405
vn 0.7043 0.0966 -0.7033
vn 0.6446 0.1834 -0.7422
vn 0.7543 0.0087 -0.6565
vn 0.7044 0.0966 -0.7032
vn 0.7565 0.0181 -0.6537
vn 0.7043 0.0965 -0.7033
vn 0.7056 0.1042 -0.7009
vn 0.7440 -0.0100 -0.6681
vn 0.6933 0.0771 -0.7165
vn 0.7542 0.0085 -0.6566
vn 0.6323 0.1637 -0.7572
vn 0.6447 0.1834 -0.7421
vn 0.6324 0.1636 -0.7572
vn 0.6931 0.0772 -0.7167
vn 0.7566 0.0181 -0.6536
vn 0.7978 -0.0684 -0.5991
vn 0.7941 -0.0791 -0.6026
vn 0.7565 0.0183 -0.6538
vn 0.7941 -0.0791 -0.6027
vn 0.7543 0.0085 -0.6564
vn 0.8290 -0.1542 -0.5375
vn 0.8238 -0.1661 -0.5420
vn 0.7941 -0.0793 -0.6027
vn 0.8290 -0.1539 -0.5376
vn 0.7940 -0.0793 -0.6028
vn 0.7977 -0.0681 -0.5992
vn 0.8148 -0.1825 -0.5503
vn 0.7845 -0.0973 -0.6124
vn 0.7940 -0.0790 -0.6028
vn 0.8148 -0.1829 -0.5501
vn 0.7939 -0.0792 -0.6029
vn 0.8238 -0.1664 -0.5419
vn 0.7440 -0.0102 -0.6681
vn 0.7543 0.0088 -0.6565
vn 0.7941 -0.0793 -0.6026
vn 0.7846 -0.0969 -0.6124
vn 0.8290 -0.1540 -0.5376
vn 0.8434 -0.2512 -0.4749
vn 0.8435 -0.2509 -0.4749
vn 0.8237 -0.1661 -0.5421
vn 0.8613 -0.3201 -0.3947
vn 0.8530 -0.3337 -0.4012
vn 0.8436 -0.2511 -0.4747
vn 0.8614 -0.3199 -0.3946
vn 0.8435 -0.2513 -0.4747
vn 0.8503 -0.2380 -0.4694
vn 0.8445 -0.3474 -0.4076
vn 0.8346 -0.2667 -0.4819
vn 0.8435 -0.2512 -0.4748
vn 0.8445 -0.3475 -0.4075
vn 0.8435 -0.2511 -0.4749
vn 0.8529 -0.3337 -0.4014
vn 0.8147 -0.1831 -0.5502
vn 0.8239 -0.1659 -0.5420
vn 0.8435 -0.2511 -0.4748
vn 0.8147 -0.1829 -0.5503
vn 0.8434 -0.2514 -0.4749
vn 0.8348 -0.2665 -0.4818
vn 0.8614 -0.3199 -0.3945
vn 0.8616 -0.3988 -0.3141
vn 0.8522 -0.4123 -0.3221
vn 0.8613 -0.3199 -0.3948
vn 0.8522 -0.4122 -0.3223
vn 0.8530 -0.3338 -0.4012
vn 0.8408 -0.4861 -0.2381
vn 0.8523 -0.4122 -0.3220
vn 0.8522 -0.4125 -0.3220
vn 0.8618 -0.3983 -0.3141
vn 0.8328 -0.4967 -0.2443
vn 0.8438 -0.4246 -0.3281
vn 0.8523 -0.4123 -0.3220
vn 0.8328 -0.4968 -0.2442
vn 0.8409 -0.4861 -0.2379
vn 0.8445 -0.3476 -0.4074
vn 0.8531 -0.3334 -0.4013
vn 0.8446 -0.3474 -0.4075
vn 0.8439 -0.4245 -0.3282
vn 0.8511 -0.4725 -0.2286
vn 0.8193 -0.5530 -0.1512
vn 0.8193 -0.5531 -0.1512
vn 0.8408 -0.4863 -0.2380
vn 0.7982 -0.6002 -0.0504
vn 0.7878 -0.6128 -0.0624
vn 0.8193 -0.5531 -0.1513
vn 0.7983 -0.6002 -0.0504
vn 0.8192 -0.5531 -0.1513
vn 0.7807 -0.6209 -0.0703
vn 0.8116 -0.5624 -0.1581
vn 0.7807 -0.6210 -0.0702
vn 0.7878 -0.6127 -0.0623
vn 0.8329 -0.4967 -0.2441
vn 0.8409 -0.4861 -0.2380
vn 0.8193 -0.5530 -0.1513
vn 0.7982 -0.6003 -0.0505
vn 0.7566 -0.6526 0.0409
vn 0.7469 -0.6644 0.0280
vn 0.7468 -0.6644 0.0278
vn 0.6970 -0.7072 0.1182
vn 0.7467 -0.6646 0.0278
vn 0.7057 -0.6962 0.1317
vn 0.7468 -0.6645 0.0277
vn 0.7565 -0.6527 0.0408
vn 0.6910 -0.7149 0.1074
vn 0.7402 -0.6721 0.0183
vn 0.7468 -0.6645 0.0278
vn 0.7468 -0.6644 0.0277
vn 0.6970 -0.7073 0.1182
vn 0.7806 -0.6211 -0.0704
vn 0.7877 -0.6128 -0.0624
vn 0.7805 -0.6211 -0.0705
vn 0.7469 -0.6644 0.0278
vn 0.7404 -0.6719 0.0185
vn 0.6457 -0.7307 0.2217
vn 0.6382 -0.7412 0.2080
vn 0.6385 -0.7409 0.2082
vn 0.5725 -0.7650 0.2949
vn 0.6383 -0.7411 0.2081
vn 0.5780 -0.7555 0.3084
vn 0.6385 -0.7409 0.2083
vn 0.6455 -0.7308 0.2219
vn 0.5671 -0.7741 0.2813
vn 0.6327 -0.7492 0.1957
vn 0.6383 -0.7411 0.2082
vn 0.5671 -0.7741 0.2814
vn 0.5725 -0.7650 0.2950
vn 0.6909 -0.7150 0.1074
vn 0.6969 -0.7073 0.1182
vn 0.6385 -0.7410 0.2081
vn 0.6384 -0.7411 0.2081
vn 0.5779 -0.7556 0.3085
vn 0.5042 -0.7704 0.3902
vn 0.4999 -0.7793 0.3778
vn 0.5001 -0.7792 0.3777
vn 0.5727 -0.7648 0.2950
vn 0.4245 -0.7760 0.4665
vn 0.4221 -0.7839 0.4554
vn 0.5002 -0.7792 0.3776
vn 0.4244 -0.7760 0.4666
vn 0.5003 -0.7792 0.3775
vn 0.5040 -0.7705 0.3903
vn 0.4160 -0.7960 0.4397
vn 0.4947 -0.7897 0.3629
vn 0.5002 -0.7792 0.3777
vn 0.4157 -0.7962 0.4396
vn 0.4219 -0.7840 0.4553
vn 0.5672 -0.7740 0.2814
vn 0.5724 -0.7650 0.2951
vn 0.5004 -0.7790 0.3778
vn 0.5670 -0.7742 0.2814
vn 0.4946 -0.7897 0.3631
vn 0.4245 -0.7761 0.4664
vn 0.3398 -0.7723 0.5367
vn 0.3385 -0.7794 0.5271
vn 0.4244 -0.7760 0.4665
vn 0.3387 -0.7795 0.5270
vn 0.4222 -0.7839 0.4552
vn 0.2508 -0.7595 0.6002
vn 0.2509 -0.7656 0.5923
vn 0.3386 -0.7795 0.5270
vn 0.2510 -0.7595 0.6002
vn 0.2428 -0.7810 0.5755
vn 0.3319 -0.7931 0.5107
vn 0.2424 -0.7811 0.5754
vn 0.2506 -0.7657 0.5923
vn 0.4160 -0.7961 0.4395
vn 0.4219 -0.7840 0.4552
vn 0.3388 -0.7794 0.5270
vn 0.4161 -0.7961 0.4395
vn 0.3385 -0.7795 0.5271
vn 0.3318 -0.7931 0.5108
vn 0.2509 -0.7595 0.6001
vn 0.1581 -0.7374 0.6567
vn 0.1584 -0.7428 0.6506
vn 0.1588 -0.7427 0.6505
vn 0.2506 -0.7657 0.5924
vn 0.0624 -0.7064 0.7051
vn 0.0633 -0.7107 0.7007
vn 0.1585 -0.7428 0.6505
vn 0.1584 -0.7428 0.6505
vn 0.1583 -0.7374 0.6566
vn 0.0520 -0.7288 0.6828
vn 0.1490 -0.7595 0.6332
vn 0.1585 -0.7427 0.6506
vn 0.0520 -0.7288 0.6827
vn 0.1588 -0.7428 0.6505
vn 0.0630 -0.7107 0.7007
vn 0.2426 -0.7811 0.5753
vn 0.1586 -0.7427 0.6506
vn 0.2427 -0.7812 0.5752
vn 0.1493 -0.7596 0.6330
vn 0.0629 -0.7063 0.7051
vn -0.0358 -0.6663 0.7448
vn -0.0346 -0.6698 0.7417
vn -0.0347 -0.6698 0.7418
vn 0.0631 -0.7106 0.7007
vn -0.1342 -0.6180 0.7746
vn -0.0348 -0.6697 0.7419
vn -0.0353 -0.6663 0.7449
vn -0.1485 -0.6398 0.7540
vn -0.0476 -0.6887 0.7235
vn -0.0347 -0.6697 0.7418
vn -0.1479 -0.6399 0.7541
vn -0.0348 -0.6698 0.7417
vn 0.0518 -0.7288 0.6828
vn 0.0632 -0.7106 0.7008
vn 0.0520 -0.7287 0.6829
vn -0.0349 -0.6698 0.7417
vn -0.0476 -0.6888 0.7234
vn -0.1483 -0.6400 0.7539
vn -0.2472 -0.5838 0.7734
vn -0.2679 -0.6071 0.7481
vn -0.1482 -0.6400 0.7539
vn -0.2682 -0.6071 0.7480
vn -0.1692 -0.6638 0.7285
vn -0.3435 -0.5204 0.7818
vn -0.3640 -0.5430 0.7568
vn -0.2681 -0.6070 0.7481
vn -0.2681 -0.6071 0.7480
vn -0.2473 -0.5838 0.7733
vn -0.3874 -0.5621 0.7307
vn -0.2943 -0.6295 0.7191
vn -0.2682 -0.6072 0.7479
vn -0.3875 -0.5621 0.7307
vn -0.2683 -0.6072 0.7479
vn -0.3644 -0.5430 0.7565
vn -0.1981 -0.6900 0.6962
vn -0.1691 -0.6641 0.7283
vn -0.2683 -0.6071 0.7479
vn -0.1982 -0.6899 0.6962
vn -0.2941 -0.6296 0.7191
vn -0.3433 -0.5207 0.7817
vn -0.4356 -0.4512 0.7789
vn -0.4560 -0.4723 0.7543
vn -0.3434 -0.5207 0.7817
vn -0.4557 -0.4725 0.7544
vn -0.3659 -0.5416 0.7568
vn -0.5221 -0.3770 0.7650
vn -0.5416 -0.3966 0.7412
vn -0.4561 -0.4722 0.7543
vn -0.5222 -0.3769 0.7650
vn -0.4354 -0.4513 0.7790
vn -0.5594 -0.4097 0.7206
vn -0.4760 -0.4886 0.7312
vn -0.5594 -0.4098 0.7206
vn -0.4559 -0.4724 0.7543
vn -0.5414 -0.3970 0.7411
vn -0.3873 -0.5621 0.7308
vn -0.3643 -0.5430 0.7566
vn -0.4561 -0.4723 0.7543
vn -0.4561 -0.4725 0.7542
vn -0.4763 -0.4883 0.7312
vn -0.5220 -0.3769 0.7651
vn -0.6022 -0.2986 0.7404
vn -0.6209 -0.3165 0.7172
vn -0.6208 -0.3166 0.7172
vn -0.5414 -0.3969 0.7412
vn -0.6743 -0.2183 0.7055
vn -0.6917 -0.2343 0.6831
vn -0.6208 -0.3167 0.7172
vn -0.6743 -0.2183 0.7054
vn -0.6206 -0.3170 0.7172
vn -0.6023 -0.2986 0.7403
vn -0.7048 -0.2426 0.6666
vn -0.6362 -0.3273 0.6987
vn -0.6208 -0.3165 0.7172
vn -0.7049 -0.2424 0.6666
vn -0.6914 -0.2346 0.6833
vn -0.5593 -0.4099 0.7206
vn -0.5416 -0.3965 0.7412
vn -0.5595 -0.4097 0.7205
vn -0.6209 -0.3167 0.7171
vn -0.6363 -0.3269 0.6987
vn -0.6745 -0.2179 0.7054
vn -0.7375 -0.1367 0.6614
vn -0.7532 -0.1512 0.6402
vn -0.6744 -0.2181 0.7054
vn -0.7531 -0.1512 0.6402
vn -0.6916 -0.2346 0.6831
vn -0.7912 -0.0552 0.6090
vn -0.8052 -0.0678 0.5892
vn -0.7533 -0.1512 0.6401
vn -0.7375 -0.1366 0.6614
vn -0.8151 -0.0730 0.5747
vn -0.7646 -0.1576 0.6249
vn -0.7531 -0.1511 0.6403
vn -0.8151 -0.0729 0.5748
vn -0.7533 -0.1509 0.6402
vn -0.8052 -0.0677 0.5892
vn -0.7048 -0.2429 0.6665
vn -0.6916 -0.2344 0.6832
vn -0.7049 -0.2426 0.6665
vn -0.7646 -0.1577 0.6249
vn -0.7912 -0.0550 0.6091
vn -0.8352 0.0261 0.5493
vn -0.8474 0.0151 0.5308
vn -0.7913 -0.0550 0.6089
vn -0.8474 0.0150 0.5307
vn -0.8052 -0.0678 0.5891
vn -0.8693 0.1063 0.4828
vn -0.8797 0.0963 0.4657
vn -0.8473 0.0148 0.5309
vn -0.8693 0.1061 0.4828
vn -0.8473 0.0149 0.5309
vn -0.8351 0.0263 0.5494
vn -0.8872 0.0918 0.4522
vn -0.8559 0.0104 0.5171
vn -0.8871 0.0918 0.4523
vn -0.8473 0.0151 0.5309
vn -0.8797 0.0963 0.4658
vn -0.8151 -0.0731 0.5747
vn -0.8051 -0.0675 0.5892
vn -0.8474 0.0145 0.5308
vn -0.8150 -0.0730 0.5748
vn -0.8559 0.0103 0.5170
vn -0.8692 0.1061 0.4829
vn -0.8931 0.1849 0.4101
vn -0.9020 0.1757 0.3944
vn -0.8692 0.1064 0.4829
vn -0.9020 0.1756 0.3944
vn -0.8796 0.0963 0.4658
vn -0.9066 0.2609 0.3317
vn -0.9140 0.2525 0.3176
vn -0.9019 0.1756 0.3945
vn -0.9067 0.2607 0.3316
vn -0.8932 0.1845 0.4101
vn -0.9200 0.2466 0.3047
vn -0.9086 0.1706 0.3813
vn -0.9019 0.1759 0.3945
vn -0.9199 0.2467 0.3048
vn -0.9019 0.1758 0.3945
vn -0.9140 0.2525 0.3177
vn -0.8871 0.0917 0.4524
vn -0.9086 0.1707 0.3813
vn -0.9093 0.3339 0.2482
vn -0.9154 0.3260 0.2361
vn -0.9154 0.3261 0.2360
vn -0.9006 0.4038 0.1611
vn -0.9059 0.3958 0.1505
vn -0.9150 0.3271 0.2361
vn -0.9007 0.4036 0.1610
vn -0.9155 0.3259 0.2358
vn -0.9092 0.3341 0.2483
vn -0.9114 0.3873 0.1389
vn -0.9210 0.3190 0.2236
vn -0.9154 0.3262 0.2358
vn -0.9114 0.3873 0.1388
vn -0.9153 0.3264 0.2361
vn -0.9060 0.3957 0.1505
vn -0.9200 0.2467 0.3046
vn -0.9210 0.2435 0.3041
vn -0.9154 0.3262 0.2359
vn -0.9210 0.3192 0.2235
vn -0.9005 0.4038 0.1612
vn -0.8858 0.4596 0.0636
vn -0.9006 0.4038 0.1610
vn -0.8859 0.4595 0.0636
vn -0.8502 0.5262 -0.0166
vn -0.8553 0.5175 -0.0244
vn -0.8858 0.4597 0.0635
vn -0.8808 0.4679 0.0727
vn -0.8614 0.5068 -0.0335
vn -0.8915 0.4500 0.0532
vn -0.8859 0.4596 0.0635
vn -0.8613 0.5071 -0.0328
vn -0.8858 0.4597 0.0636
vn -0.8554 0.5174 -0.0243
vn -0.9060 0.3958 0.1503
vn -0.9113 0.3875 0.1389
vn -0.8915 0.4499 0.0531
vn -0.8501 0.5264 -0.0165
vn -0.8149 0.5686 -0.1122
vn -0.8149 0.5687 -0.1119
vn -0.8553 0.5175 -0.0241
vn -0.7576 0.6235 -0.1930
vn -0.7648 0.6127 -0.1992
vn -0.8148 0.5688 -0.1121
vn -0.7577 0.6234 -0.1929
vn -0.8150 0.5686 -0.1119
vn -0.8088 0.5785 -0.1055
vn -0.7724 0.6010 -0.2052
vn -0.8217 0.5573 -0.1197
vn -0.8149 0.5687 -0.1120
vn -0.7724 0.6010 -0.2053
vn -0.8149 0.5686 -0.1120
vn -0.7648 0.6127 -0.1990
vn -0.8615 0.5067 -0.0333
vn -0.8554 0.5175 -0.0242
vn -0.8149 0.5686 -0.1119
vn -0.8217 0.5573 -0.1196
vn -0.6968 0.6608 -0.2789
vn -0.7054 0.6490 -0.2849
vn -0.7053 0.6491 -0.2849
vn -0.7648 0.6127 -0.1993
vn -0.6277 0.6897 -0.3610
vn -0.6379 0.6769 -0.3673
vn -0.7055 0.6489 -0.2850
vn -0.6277 0.6897 -0.3609
vn -0.7051 0.6492 -0.2850
vn -0.6475 0.6656 -0.3711
vn -0.7139 0.6374 -0.2899
vn -0.7056 0.6489 -0.2849
vn -0.6476 0.6655 -0.3712
vn -0.7054 0.6490 -0.2850
vn -0.6383 0.6766 -0.3671
vn -0.7724 0.6010 -0.2054
vn -0.7649 0.6126 -0.1990
vn -0.7055 0.6490 -0.2849
vn -0.7725 0.6009 -0.2052
vn -0.7054 0.6490 -0.2848
vn -0.7139 0.6375 -0.2897
vn -0.6276 0.6897 -0.3611
vn -0.5517 0.7097 -0.4380
vn -0.5638 0.6958 -0.4451
vn -0.6276 0.6897 -0.3612
vn -0.5636 0.6957 -0.4453
vn -0.6382 0.6766 -0.3673
vn -0.4694 0.7210 -0.5097
vn -0.4831 0.7058 -0.5180
vn -0.5638 0.6957 -0.4452
vn -0.4692 0.7211 -0.5099
vn -0.5639 0.6957 -0.4450
vn -0.4947 0.6951 -0.5216
vn -0.5744 0.6847 -0.4486
vn -0.5637 0.6957 -0.4452
vn -0.4834 0.7056 -0.5181
vn -0.6476 0.6654 -0.3712
vn -0.6381 0.6768 -0.3672
vn -0.6477 0.6653 -0.3713
vn -0.5640 0.6956 -0.4450
vn -0.5741 0.6849 -0.4487
vn -0.4692 0.7211 -0.5097
vn -0.3819 0.7232 -0.5755
vn -0.3974 0.7067 -0.5853
vn -0.3973 0.7067 -0.5854
vn -0.4834 0.7057 -0.5179
vn -0.3071 0.6984 -0.6465
vn -0.3971 0.7069 -0.5853
vn -0.2894 0.7164 -0.6349
vn -0.3975 0.7069 -0.5851
vn -0.3816 0.7234 -0.5754
vn -0.3206 0.6874 -0.6517
vn -0.4100 0.6962 -0.5893
vn -0.3974 0.7068 -0.5853
vn -0.3204 0.6874 -0.6518
vn -0.3971 0.7069 -0.5854
vn -0.3070 0.6984 -0.6465
vn -0.4949 0.6951 -0.5214
vn -0.4831 0.7058 -0.5181
vn -0.3971 0.7068 -0.5854
vn -0.4946 0.6952 -0.5215
vn -0.3975 0.7067 -0.5853
vn -0.4098 0.6962 -0.5894
vn -0.2895 0.7163 -0.6349
vn -0.1936 0.6997 -0.6877
vn -0.2122 0.6806 -0.7012
vn -0.2894 0.7163 -0.6350
vn -0.2121 0.6806 -0.7013
vn -0.3067 0.6985 -0.6465
vn -0.0945 0.6735 -0.7331
vn -0.1145 0.6529 -0.7487
vn -0.2120 0.6805 -0.7014
vn -0.0944 0.6734 -0.7332
vn -0.1939 0.6996 -0.6877
vn -0.1311 0.6399 -0.7572
vn -0.2271 0.6688 -0.7079
vn -0.2122 0.6806 -0.7013
vn -0.1310 0.6398 -0.7573
vn -0.2123 0.6806 -0.7012
vn -0.1143 0.6530 -0.7487
vn -0.3204 0.6876 -0.6516
vn -0.3068 0.6986 -0.6465
vn -0.2121 0.6806 -0.7012
vn -0.3203 0.6876 -0.6516
vn -0.2122 0.6807 -0.7012
vn -0.2273 0.6688 -0.7078
vn -0.0945 0.6733 -0.7333
vn -0.0148 0.6157 -0.7878
vn -0.0946 0.6735 -0.7332
vn -0.0145 0.6157 -0.7878
vn -0.1142 0.6529 -0.7488
vn 0.1084 0.5918 -0.7988
vn 0.0864 0.5689 -0.8178
vn -0.0146 0.6158 -0.7878
vn 0.1081 0.5917 -0.7989
vn -0.0145 0.6158 -0.7878
vn 0.0065 0.6374 -0.7705
vn 0.0661 0.5516 -0.8315
vn -0.0327 0.6006 -0.7989
vn -0.0147 0.6158 -0.7878
vn 0.0658 0.5515 -0.8315
vn 0.0866 0.5689 -0.8178
vn -0.1309 0.6398 -0.7573
vn -0.1146 0.6529 -0.7487
vn -0.1309 0.6397 -0.7574
vn -0.0143 0.6156 -0.7879
vn -0.0330 0.6007 -0.7988
vn 0.1080 0.5918 -0.7988
vn 0.2077 0.5376 -0.8172
vn 0.1855 0.5140 -0.8375
vn 0.1857 0.5141 -0.8374
vn 0.0867 0.5690 -0.8178
vn 0.3104 0.4716 -0.8254
vn 0.2818 0.4509 -0.8469
vn 0.1855 0.5141 -0.8374
vn 0.3043 0.4754 -0.8254
vn 0.1856 0.5141 -0.8374
vn 0.2077 0.5377 -0.8172
vn 0.2562 0.4279 -0.8667
vn 0.1627 0.4940 -0.8541
vn 0.2563 0.4278 -0.8668
vn 0.1856 0.5139 -0.8375
vn 0.2819 0.4508 -0.8469
vn 0.0659 0.5517 -0.8315
vn 0.0864 0.5690 -0.8178
vn 0.1852 0.5139 -0.8376
vn 0.0656 0.5516 -0.8315
vn 0.1626 0.4939 -0.8542
vn 0.3042 0.4755 -0.8254
vn 0.3963 0.4059 -0.8235
vn 0.3743 0.3805 -0.8457
vn 0.3043 0.4755 -0.8254
vn 0.3742 0.3804 -0.8457
vn 0.2820 0.4509 -0.8469
vn 0.4824 0.3298 -0.8115
vn 0.4606 0.3039 -0.8340
vn 0.3741 0.3805 -0.8457
vn 0.3962 0.4059 -0.8235
vn 0.4294 0.2744 -0.8604
vn 0.3455 0.3545 -0.8689
vn 0.3743 0.3802 -0.8458
vn 0.4292 0.2745 -0.8605
vn 0.3741 0.3803 -0.8458
vn 0.4604 0.3039 -0.8341
vn 0.2818 0.4510 -0.8469
vn 0.3741 0.3804 -0.8458
vn 0.2563 0.4279 -0.8667
vn 0.3740 0.3804 -0.8458
vn 0.3455 0.3544 -0.8689
vn 0.4825 0.3297 -0.8115
vn 0.5617 0.2484 -0.7892
vn 0.5402 0.2220 -0.8118
vn 0.4826 0.3295 -0.8115
vn 0.5403 0.2218 -0.8117
vn 0.4603 0.3040 -0.8341
vn 0.6113 0.1371 -0.7795
vn 0.5404 0.2219 -0.8116
vn 0.6324 0.1635 -0.7572
vn 0.5403 0.2220 -0.8117
vn 0.5619 0.2481 -0.7891
vn 0.5740 0.1013 -0.8125
vn 0.5059 0.1894 -0.8416
vn 0.5351 0.2325 -0.8122
vn 0.5742 0.1012 -0.8125
vn 0.5405 0.2218 -0.8116
vn 0.6113 0.1372 -0.7794
vn 0.4291 0.2744 -0.8606
vn 0.4604 0.3037 -0.8341
vn 0.4292 0.2743 -0.8605
vn 0.5061 0.1892 -0.8415
vn 0.6325 0.1635 -0.7571
vn 0.6932 0.0772 -0.7166
vn 0.6727 0.0512 -0.7381
vn 0.6324 0.1638 -0.7571
vn 0.6726 0.0512 -0.7382
vn 0.7240 -0.0336 -0.6890
vn 0.6729 0.0512 -0.7380
vn 0.7440 -0.0101 -0.6681
vn 0.6728 0.0512 -0.7381
vn 0.6806 -0.0620 -0.7300
vn 0.6323 0.0153 -0.7746
vn 0.6728 0.0514 -0.7380
vn 0.7240 -0.0337 -0.6889
vn 0.5741 0.1013 -0.8125
vn 0.6115 0.1370 -0.7793
vn 0.5743 0.1012 -0.8124
vn 0.6728 0.0511 -0.7381
vn 0.6321 0.0154 -0.7747
vn 0.7440 -0.0100 -0.6682
vn 0.7845 -0.0975 -0.6124
vn 0.7663 -0.1173 -0.6317
vn 0.7439 -0.0098 -0.6682
vn 0.7661 -0.1175 -0.6319
vn 0.7241 -0.0338 -0.6889
vn 0.8147 -0.1834 -0.5502
vn 0.7991 -0.2016 -0.5664
vn 0.7661 -0.1173 -0.6319
vn 0.8148 -0.1829 -0.5502
vn 0.7662 -0.1175 -0.6318
vn 0.7845 -0.0969 -0.6125
vn 0.7658 -0.2223 -0.6035
vn 0.7254 -0.1372 -0.6745
vn 0.7662 -0.1173 -0.6318
vn 0.7658 -0.2225 -0.6034
vn 0.7660 -0.1174 -0.6320
vn 0.7991 -0.2019 -0.5664
vn 0.6807 -0.0622 -0.7300
vn 0.7240 -0.0335 -0.6890
vn 0.6806 -0.0622 -0.7300
vn 0.7662 -0.1176 -0.6317
vn 0.7254 -0.1371 -0.6745
vn 0.8147 -0.1826 -0.5503
vn 0.8347 -0.2669 -0.4818
vn 0.8209 -0.2851 -0.4948
vn 0.8148 -0.1826 -0.5502
vn 0.7989 -0.2019 -0.5666
vn 0.8445 -0.3476 -0.4075
vn 0.8314 -0.3650 -0.4190
vn 0.8209 -0.2850 -0.4948
vn 0.8444 -0.3476 -0.4077
vn 0.8208 -0.2852 -0.4949
vn 0.8348 -0.2664 -0.4818
vn 0.8032 -0.3952 -0.4458
vn 0.7924 -0.3127 -0.5238
vn 0.8210 -0.2850 -0.4946
vn 0.8031 -0.3955 -0.4456
vn 0.8210 -0.2850 -0.4947
vn 0.8313 -0.3650 -0.4191
vn 0.7656 -0.2227 -0.6035
vn 0.7990 -0.2017 -0.5665
vn 0.7657 -0.2223 -0.6036
vn 0.8209 -0.2853 -0.4948
vn 0.7923 -0.3125 -0.5240
vn 0.8446 -0.3473 -0.4074
vn 0.8439 -0.4246 -0.3281
vn 0.8312 -0.4408 -0.3390
vn 0.8312 -0.4406 -0.3391
vn 0.8315 -0.3650 -0.4189
vn 0.8329 -0.4966 -0.2443
vn 0.8205 -0.5115 -0.2553
vn 0.8312 -0.4405 -0.3391
vn 0.8327 -0.4970 -0.2441
vn 0.8311 -0.4408 -0.3390
vn 0.8440 -0.4244 -0.3279
vn 0.7911 -0.5418 -0.2838
vn 0.8023 -0.4710 -0.3666
vn 0.8312 -0.4407 -0.3390
vn 0.8313 -0.4406 -0.3389
vn 0.8205 -0.5115 -0.2554
vn 0.8032 -0.3953 -0.4456
vn 0.8315 -0.3649 -0.4190
vn 0.8311 -0.4407 -0.3391
vn 0.8032 -0.3952 -0.4457
vn 0.8312 -0.4405 -0.3392
vn 0.8022 -0.4712 -0.3667
vn 0.8117 -0.5623 -0.1581
vn 0.7997 -0.5759 -0.1698
vn 0.8328 -0.4968 -0.2440
vn 0.8205 -0.5115 -0.2552
vn 0.7691 -0.6337 -0.0829
vn 0.7806 -0.6211 -0.0703
vn 0.7399 -0.6632 -0.1129
vn 0.7703 -0.6058 -0.1991
vn 0.7997 -0.5759 -0.1699
vn 0.7691 -0.6337 -0.0828
vn 0.7912 -0.5416 -0.2839
vn 0.7913 -0.5417 -0.2837
vn 0.7703 -0.6059 -0.1991
vn 0.7403 -0.6720 0.0184
vn 0.7292 -0.6843 0.0046
vn 0.7806 -0.6210 -0.0705
vn 0.7291 -0.6844 0.0047
vn 0.7691 -0.6338 -0.0830
vn 0.6801 -0.7272 0.0924
vn 0.7292 -0.6843 0.0048
vn 0.6911 -0.7148 0.1073
vn 0.7402 -0.6721 0.0184
vn 0.6519 -0.7559 0.0611
vn 0.7003 -0.7134 -0.0260
vn 0.6521 -0.7557 0.0613
vn 0.7292 -0.6843 0.0047
vn 0.6801 -0.7273 0.0923
vn 0.7397 -0.6633 -0.1130
vn 0.7690 -0.6339 -0.0830
vn 0.7397 -0.6634 -0.1130
vn 0.7293 -0.6842 0.0047
vn 0.6328 -0.7492 0.1956
vn 0.6220 -0.7622 0.1793
vn 0.6908 -0.7150 0.1074
vn 0.6222 -0.7620 0.1795
vn 0.5565 -0.7878 0.2639
vn 0.6221 -0.7621 0.1795
vn 0.6327 -0.7492 0.1959
vn 0.5300 -0.8154 0.2327
vn 0.5948 -0.7901 0.1483
vn 0.6219 -0.7622 0.1795
vn 0.5300 -0.8154 0.2328
vn 0.6222 -0.7620 0.1796
vn 0.5563 -0.7880 0.2639
vn 0.6519 -0.7559 0.0612
vn 0.6801 -0.7273 0.0924
vn 0.6521 -0.7557 0.0611
vn 0.5949 -0.7901 0.1482
vn 0.5670 -0.7741 0.2815
vn 0.4945 -0.7898 0.3629
vn 0.4835 -0.8048 0.3443
vn 0.5669 -0.7742 0.2815
vn 0.4835 -0.8047 0.3444
vn 0.4160 -0.7961 0.4396
vn 0.4044 -0.8124 0.4202
vn 0.4836 -0.8046 0.3445
vn 0.4161 -0.7960 0.4396
vn 0.4837 -0.8046 0.3445
vn 0.4945 -0.7898 0.3628
vn 0.3796 -0.8386 0.3906
vn 0.4579 -0.8317 0.3139
vn 0.4836 -0.8047 0.3444
vn 0.3794 -0.8388 0.3905
vn 0.4043 -0.8124 0.4201
vn 0.5299 -0.8154 0.2328
vn 0.5564 -0.7879 0.2640
vn 0.4838 -0.8046 0.3443
vn 0.5299 -0.8155 0.2328
vn 0.4580 -0.8316 0.3140
vn 0.3318 -0.7932 0.5106
vn 0.3184 -0.8112 0.4906
vn 0.4159 -0.7961 0.4396
vn 0.3186 -0.8111 0.4906
vn 0.2425 -0.7811 0.5753
vn 0.2263 -0.8007 0.5547
vn 0.3184 -0.8111 0.4906
vn 0.1902 -0.8257 0.5311
vn 0.2911 -0.8369 0.4636
vn 0.3179 -0.8113 0.4906
vn 0.1899 -0.8258 0.5311
vn 0.2259 -0.8007 0.5548
vn 0.4043 -0.8124 0.4202
vn 0.3187 -0.8110 0.4906
vn 0.3794 -0.8388 0.3904
vn 0.2912 -0.8368 0.4637
vn 0.2427 -0.7811 0.5754
vn 0.1489 -0.7596 0.6331
vn 0.1294 -0.7810 0.6109
vn 0.2424 -0.7812 0.5754
vn 0.1296 -0.7810 0.6109
vn 0.2258 -0.8007 0.5548
vn 0.0518 -0.7287 0.6828
vn 0.0317 -0.7519 0.6585
vn 0.1294 -0.7811 0.6109
vn 0.0521 -0.7287 0.6828
vn 0.1490 -0.7595 0.6331
vn -0.0084 -0.7793 0.6267
vn 0.0865 -0.8063 0.5852
vn 0.1293 -0.7810 0.6110
vn -0.0081 -0.7792 0.6268
vn 0.1298 -0.7809 0.6110
vn 0.0312 -0.7520 0.6584
vn 0.1899 -0.8257 0.5311
vn 0.2260 -0.8007 0.5547
vn 0.1297 -0.7810 0.6109
vn 0.1903 -0.8257 0.5310
vn 0.1293 -0.7811 0.6109
vn 0.0868 -0.8062 0.5852
vn 0.0521 -0.7286 0.6830
vn -0.0477 -0.6887 0.7235
vn -0.0679 -0.7130 0.6979
vn 0.0519 -0.7287 0.6829
vn -0.0680 -0.7128 0.6980
vn 0.0312 -0.7519 0.6585
vn -0.1483 -0.6398 0.7541
vn -0.1692 -0.6639 0.7284
vn -0.0679 -0.7129 0.6980
vn -0.1482 -0.6400 0.7540
vn -0.0680 -0.7129 0.6980
vn -0.0475 -0.6888 0.7234
vn -0.1981 -0.6898 0.6963
vn -0.1015 -0.7410 0.6638
vn -0.0678 -0.7128 0.6981
vn -0.1979 -0.6899 0.6963
vn -0.0679 -0.7129 0.6979
vn -0.1692 -0.6640 0.7284
vn -0.0085 -0.7791 0.6268
vn 0.0317 -0.7519 0.6586
vn -0.0682 -0.7128 0.6980
vn -0.1016 -0.7410 0.6637
vn -0.1982 -0.6901 0.6961
vn -0.2944 -0.6297 0.7189
vn -0.3346 -0.6490 0.6832
vn -0.3344 -0.6489 0.6834
vn -0.2414 -0.7127 0.6586
vn -0.3876 -0.5622 0.7305
vn -0.4245 -0.5783 0.6967
vn -0.3345 -0.6490 0.6833
vn -0.3877 -0.5621 0.7306
vn -0.3344 -0.6490 0.6833
vn -0.2942 -0.6300 0.7187
vn -0.4664 -0.5827 0.6655
vn -0.3752 -0.6545 0.6563
vn -0.3345 -0.6492 0.6831
vn -0.4665 -0.5829 0.6653
vn -0.3342 -0.6494 0.6831
vn -0.4244 -0.5785 0.6966
vn -0.2808 -0.7189 0.6359
vn -0.2412 -0.7129 0.6585
vn -0.3347 -0.6491 0.6831
vn -0.2810 -0.7189 0.6358
vn -0.3345 -0.6493 0.6830
vn -0.3756 -0.6543 0.6563
vn -0.3873 -0.5623 0.7306
vn -0.4764 -0.4886 0.7310
vn -0.5102 -0.5016 0.6986
vn -0.3878 -0.5622 0.7305
vn -0.5101 -0.5016 0.6987
vn -0.4242 -0.5785 0.6967
vn -0.5594 -0.4099 0.7204
vn -0.5902 -0.4205 0.6891
vn -0.5102 -0.5015 0.6987
vn -0.5594 -0.4097 0.7205
vn -0.5098 -0.5019 0.6987
vn -0.4765 -0.4884 0.7311
vn -0.6315 -0.4250 0.6485
vn -0.5518 -0.5061 0.6628
vn -0.6316 -0.4252 0.6483
vn -0.5102 -0.5017 0.6985
vn -0.5901 -0.4208 0.6890
vn -0.4661 -0.5830 0.6654
vn -0.4245 -0.5784 0.6966
vn -0.5104 -0.5016 0.6985
vn -0.4663 -0.5829 0.6654
vn -0.5102 -0.5018 0.6985
vn -0.5520 -0.5059 0.6628
vn -0.5596 -0.4097 0.7204
vn -0.6362 -0.3271 0.6988
vn -0.6638 -0.3359 0.6682
vn -0.5595 -0.4098 0.7205
vn -0.6639 -0.3359 0.6681
vn -0.5899 -0.4209 0.6891
vn -0.7048 -0.2425 0.6667
vn -0.7297 -0.2502 0.6363
vn -0.6640 -0.3358 0.6680
vn -0.7047 -0.2425 0.6667
vn -0.6639 -0.3361 0.6680
vn -0.6362 -0.3270 0.6988
vn -0.7680 -0.2569 0.5867
vn -0.7041 -0.3412 0.6227
vn -0.6639 -0.3360 0.6681
vn -0.6638 -0.3358 0.6683
vn -0.7297 -0.2500 0.6364
vn -0.6314 -0.4253 0.6484
vn -0.5901 -0.4205 0.6892
vn -0.6639 -0.3357 0.6683
vn -0.6316 -0.4251 0.6484
vn -0.7040 -0.3411 0.6229
vn -0.7049 -0.2426 0.6666
vn -0.7645 -0.1575 0.6251
vn -0.7870 -0.1648 0.5945
vn -0.7049 -0.2427 0.6665
vn -0.7297 -0.2503 0.6363
vn -0.8150 -0.0729 0.5748
vn -0.8353 -0.0805 0.5439
vn -0.7870 -0.1646 0.5946
vn -0.8150 -0.0730 0.5749
vn -0.7647 -0.1574 0.6249
vn -0.8684 -0.0925 0.4872
vn -0.8229 -0.1735 0.5411
vn -0.8683 -0.0922 0.4875
vn -0.7869 -0.1647 0.5947
vn -0.8353 -0.0804 0.5439
vn -0.7681 -0.2567 0.5866
vn -0.7297 -0.2501 0.6363
vn -0.7869 -0.1646 0.5947
vn -0.7681 -0.2568 0.5866
vn -0.7869 -0.1644 0.5947
vn -0.8228 -0.1738 0.5411
vn -0.8560 0.0106 0.5169
vn -0.8743 0.0014 0.4853
vn -0.8150 -0.0732 0.5749
vn -0.8744 0.0013 0.4853
vn -0.8352 -0.0804 0.5440
vn -0.8872 0.0920 0.4522
vn -0.9042 0.0800 0.4195
vn -0.8871 0.0920 0.4524
vn -0.8743 0.0014 0.4854
vn -0.9314 0.0594 0.3591
vn -0.9044 -0.0146 0.4264
vn -0.8743 0.0016 0.4854
vn -0.9314 0.0596 0.3592
vn -0.8743 0.0013 0.4853
vn -0.9042 0.0804 0.4195
vn -0.8683 -0.0924 0.4874
vn -0.8352 -0.0807 0.5440
vn -0.8744 0.0014 0.4853
vn -0.8682 -0.0922 0.4875
vn -0.9045 -0.0148 0.4263
vn -0.8871 0.0917 0.4523
vn -0.9085 0.1710 0.3814
vn -0.9246 0.1559 0.3476
vn -0.8871 0.0919 0.4524
vn -0.9042 0.0803 0.4196
vn -0.9199 0.2470 0.3048
vn -0.9354 0.2277 0.2704
vn -0.9246 0.1559 0.3475
vn -0.9199 0.2468 0.3046
vn -0.9247 0.1557 0.3475
vn -0.9577 0.1955 0.2109
vn -0.9492 0.1295 0.2869
vn -0.9246 0.1560 0.3476
vn -0.9577 0.1956 0.2111
vn -0.9313 0.0596 0.3593
vn -0.9042 0.0801 0.4196
vn -0.9313 0.0597 0.3592
vn -0.9246 0.1558 0.3476
vn -0.9492 0.1295 0.2868
vn -0.9363 0.2957 0.1893
vn -0.9201 0.2464 0.3046
vn -0.9364 0.2956 0.1892
vn -0.9355 0.2277 0.2702
vn -0.9270 0.3598 0.1057
vn -0.9363 0.2958 0.1892
vn -0.9114 0.3874 0.1389
vn -0.9364 0.2957 0.1891
vn -0.9476 0.3151 0.0524
vn -0.9573 0.2573 0.1322
vn -0.9477 0.3149 0.0523
vn -0.9363 0.2957 0.1894
vn -0.9271 0.3596 0.1056
vn -0.9578 0.1954 0.2109
vn -0.9353 0.2280 0.2705
vn -0.9578 0.1955 0.2107
vn -0.9363 0.2956 0.1894
vn -0.9572 0.2573 0.1324
vn -0.9080 0.4184 0.0219
vn -0.9080 0.4185 0.0219
vn -0.9271 0.3597 0.1057
vn -0.8614 0.5068 -0.0334
vn -0.8792 0.4725 -0.0617
vn -0.9079 0.4187 0.0219
vn -0.8615 0.5066 -0.0332
vn -0.9080 0.4185 0.0220
vn -0.8914 0.4501 0.0532
vn -0.9022 0.4184 -0.1044
vn -0.9292 0.3686 -0.0266
vn -0.9080 0.4185 0.0218
vn -0.9022 0.4183 -0.1046
vn -0.8792 0.4725 -0.0618
vn -0.9476 0.3152 0.0525
vn -0.9293 0.3685 -0.0265
vn -0.8615 0.5067 -0.0332
vn -0.8408 0.5217 -0.1444
vn -0.8408 0.5218 -0.1444
vn -0.8791 0.4725 -0.0617
vn -0.7724 0.6011 -0.2052
vn -0.7933 0.5653 -0.2259
vn -0.8407 0.5218 -0.1445
vn -0.8229 0.5069 -0.2568
vn -0.8667 0.4647 -0.1812
vn -0.8409 0.5216 -0.1445
vn -0.8228 0.5070 -0.2568
vn -0.8408 0.5217 -0.1447
vn -0.7932 0.5655 -0.2260
vn -0.9023 0.4183 -0.1044
vn -0.8792 0.4724 -0.0617
vn -0.8408 0.5217 -0.1445
vn -0.9022 0.4184 -0.1046
vn -0.8668 0.4646 -0.1813
vn -0.7363 0.6032 -0.3065
vn -0.7725 0.6009 -0.2053
vn -0.7364 0.6031 -0.3066
vn -0.7932 0.5654 -0.2261
vn -0.6476 0.6655 -0.3710
vn -0.6715 0.6335 -0.3844
vn -0.7363 0.6031 -0.3069
vn -0.7363 0.6031 -0.3067
vn -0.7098 0.5767 -0.4045
vn -0.7702 0.5448 -0.3317
vn -0.7365 0.6030 -0.3066
vn -0.7101 0.5764 -0.4043
vn -0.7365 0.6029 -0.3066
vn -0.6717 0.6333 -0.3844
vn -0.8229 0.5069 -0.2567
vn -0.7933 0.5653 -0.2260
vn -0.7364 0.6031 -0.3065
vn -0.8228 0.5069 -0.2568
vn -0.7364 0.6032 -0.3064
vn -0.7702 0.5448 -0.3315
vn -0.6476 0.6654 -0.3713
vn -0.5744 0.6846 -0.4487
vn -0.5999 0.6553 -0.4590
vn -0.5996 0.6555 -0.4592
vn -0.6716 0.6333 -0.3845
vn -0.4949 0.6949 -0.5217
vn -0.5216 0.6685 -0.5301
vn -0.5997 0.6554 -0.4591
vn -0.5035 0.6907 -0.5190
vn -0.6000 0.6552 -0.4591
vn -0.5741 0.6848 -0.4487
vn -0.5678 0.6185 -0.5432
vn -0.6424 0.6014 -0.4750
vn -0.5998 0.6554 -0.4591
vn -0.5678 0.6184 -0.5432
vn -0.5998 0.6553 -0.4592
vn -0.5217 0.6685 -0.5301
vn -0.7099 0.5765 -0.4046
vn -0.6717 0.6333 -0.3845
vn -0.5999 0.6553 -0.4591
vn -0.7100 0.5765 -0.4045
vn -0.6421 0.6016 -0.4752
vn -0.4101 0.6959 -0.5895
vn -0.4381 0.6720 -0.5970
vn -0.4949 0.6951 -0.5215
vn -0.4378 0.6722 -0.5971
vn -0.5220 0.6685 -0.5298
vn -0.3204 0.6875 -0.6516
vn -0.3501 0.6655 -0.6592
vn -0.4380 0.6722 -0.5969
vn -0.3205 0.6874 -0.6517
vn -0.4383 0.6721 -0.5967
vn -0.4099 0.6963 -0.5892
vn -0.4018 0.6246 -0.6696
vn -0.4877 0.6265 -0.6080
vn -0.4382 0.6721 -0.5969
vn -0.4019 0.6247 -0.6695
vn -0.4382 0.6722 -0.5968
vn -0.3499 0.6655 -0.6593
vn -0.5681 0.6184 -0.5430
vn -0.5215 0.6685 -0.5302
vn -0.4384 0.6719 -0.5969
vn -0.4381 0.6721 -0.5969
vn -0.4874 0.6265 -0.6083
vn -0.3204 0.6875 -0.6517
vn -0.2582 0.6482 -0.7164
vn -0.3203 0.6875 -0.6517
vn -0.2583 0.6481 -0.7164
vn -0.3500 0.6655 -0.6592
vn -0.1307 0.6399 -0.7573
vn -0.1639 0.6197 -0.7675
vn -0.2584 0.6481 -0.7163
vn -0.1310 0.6400 -0.7572
vn -0.2582 0.6481 -0.7164
vn -0.2272 0.6688 -0.7079
vn -0.2178 0.5892 -0.7781
vn -0.3115 0.6124 -0.7266
vn -0.2581 0.6482 -0.7164
vn -0.2177 0.5892 -0.7781
vn -0.1637 0.6199 -0.7674
vn -0.2585 0.6480 -0.7164
vn -0.4018 0.6247 -0.6696
vn -0.3115 0.6125 -0.7265
vn -0.1311 0.6397 -0.7574
vn -0.0327 0.6007 -0.7988
vn -0.0679 0.5805 -0.8114
vn -0.0678 0.5806 -0.8114
vn -0.1636 0.6198 -0.7675
vn 0.0660 0.5515 -0.8316
vn 0.0288 0.5307 -0.8470
vn -0.0678 0.5805 -0.8114
vn 0.0658 0.5515 -0.8316
vn -0.0675 0.5806 -0.8114
vn -0.0329 0.6007 -0.7988
vn -0.0237 0.5094 -0.8602
vn -0.1211 0.5546 -0.8233
vn -0.0678 0.5807 -0.8113
vn -0.0239 0.5093 -0.8602
vn 0.0289 0.5308 -0.8470
vn -0.2177 0.5890 -0.7782
vn -0.1642 0.6199 -0.7673
vn -0.0677 0.5806 -0.8114
vn -0.2180 0.5889 -0.7782
vn -0.0675 0.5806 -0.8113
vn -0.1214 0.5546 -0.8232
vn 0.0658 0.5517 -0.8315
vn 0.1651 0.4928 -0.8543
vn 0.1231 0.4721 -0.8729
vn 0.0657 0.5516 -0.8315
vn 0.1233 0.4720 -0.8729
vn 0.2562 0.4278 -0.8668
vn 0.2145 0.4046 -0.8890
vn 0.1232 0.4721 -0.8729
vn 0.2563 0.4277 -0.8668
vn 0.1232 0.4720 -0.8729
vn 0.1625 0.4939 -0.8542
vn 0.1667 0.3905 -0.9054
vn 0.0727 0.4546 -0.8877
vn 0.1231 0.4719 -0.8730
vn 0.1668 0.3906 -0.9053
vn 0.1230 0.4718 -0.8731
vn 0.2144 0.4042 -0.8892
vn 0.0288 0.5307 -0.8471
vn 0.1231 0.4718 -0.8731
vn -0.0237 0.5095 -0.8602
vn 0.0725 0.4547 -0.8877
vn 0.2561 0.4278 -0.8669
vn 0.3454 0.3543 -0.8690
vn 0.3018 0.3287 -0.8949
vn 0.2563 0.4276 -0.8669
vn 0.3017 0.3290 -0.8949
vn 0.2147 0.4045 -0.8890
vn 0.4290 0.2744 -0.8606
vn 0.3829 0.2468 -0.8902
vn 0.3018 0.3289 -0.8948
vn 0.3016 0.3289 -0.8949
vn 0.3455 0.3541 -0.8690
vn 0.3416 0.2384 -0.9091
vn 0.2567 0.3180 -0.9127
vn 0.3016 0.3286 -0.8950
vn 0.3416 0.2382 -0.9091
vn 0.3016 0.3285 -0.8951
vn 0.3826 0.2467 -0.8904
vn 0.2144 0.4043 -0.8891
vn 0.3015 0.3288 -0.8950
vn 0.1669 0.3903 -0.9054
vn 0.3013 0.3289 -0.8950
vn 0.2572 0.3180 -0.9125
vn 0.4291 0.2743 -0.8606
vn 0.5059 0.1893 -0.8415
vn 0.4572 0.1592 -0.8750
vn 0.4573 0.1591 -0.8750
vn 0.3824 0.2469 -0.8904
vn 0.5234 0.0688 -0.8493
vn 0.4574 0.1591 -0.8749
vn 0.5742 0.1013 -0.8124
vn 0.5061 0.1892 -0.8414
vn 0.4899 0.0633 -0.8695
vn 0.4199 0.1524 -0.8947
vn 0.4572 0.1591 -0.8750
vn 0.4901 0.0631 -0.8694
vn 0.4573 0.1592 -0.8749
vn 0.5235 0.0685 -0.8493
vn 0.3415 0.2383 -0.9092
vn 0.3827 0.2464 -0.8904
vn 0.4573 0.1592 -0.8750
vn 0.3416 0.2382 -0.9092
vn 0.4573 0.1590 -0.8750
vn 0.4199 0.1525 -0.8947
vn 0.5777 -0.0148 -0.8161
vn 0.5743 0.1016 -0.8123
vn 0.5235 0.0687 -0.8493
vn 0.6808 -0.0620 -0.7299
vn 0.6209 -0.0791 -0.7799
vn 0.5780 -0.0149 -0.8159
vn 0.6806 -0.0618 -0.7300
vn 0.5779 -0.0150 -0.8159
vn 0.6323 0.0155 -0.7746
vn 0.5841 -0.0776 -0.8080
vn 0.5463 -0.0182 -0.8374
vn 0.5841 -0.0775 -0.8080
vn 0.5779 -0.0147 -0.8160
vn 0.6211 -0.0792 -0.7797
vn 0.4902 0.0633 -0.8693
vn 0.5236 0.0689 -0.8492
vn 0.5779 -0.0149 -0.8159
vn 0.4902 0.0634 -0.8693
vn 0.5779 -0.0151 -0.8160
vn 0.5461 -0.0181 -0.8375
vn 0.6807 -0.0619 -0.7300
vn 0.6658 -0.1439 -0.7321
vn 0.6806 -0.0621 -0.7300
vn 0.6660 -0.1438 -0.7320
vn 0.6211 -0.0793 -0.7797
vn 0.7658 -0.2226 -0.6033
vn 0.7144 -0.2384 -0.6579
vn 0.6659 -0.1435 -0.7321
vn 0.7657 -0.2226 -0.6034
vn 0.7252 -0.1369 -0.6747
vn 0.6617 -0.2529 -0.7058
vn 0.6194 -0.1437 -0.7718
vn 0.6658 -0.1436 -0.7321
vn 0.6658 -0.1436 -0.7322
vn 0.7143 -0.2385 -0.6580
vn 0.5843 -0.0776 -0.8078
vn 0.6210 -0.0791 -0.7798
vn 0.6659 -0.1439 -0.7321
vn 0.5840 -0.0774 -0.8081
vn 0.6659 -0.1438 -0.7320
vn 0.6192 -0.1432 -0.7721
vn 0.7657 -0.2224 -0.6035
vn 0.7923 -0.3125 -0.5239
vn 0.7469 -0.3449 -0.5685
vn 0.7468 -0.3449 -0.5686
vn 0.7143 -0.2386 -0.6579
vn 0.8032 -0.3953 -0.4457
vn 0.7581 -0.4341 -0.4866
vn 0.7467 -0.3450 -0.5687
vn 0.7924 -0.3125 -0.5239
vn 0.7031 -0.4695 -0.5341
vn 0.6919 -0.3744 -0.6173
vn 0.7030 -0.4696 -0.5340
vn 0.7467 -0.3449 -0.5687
vn 0.7582 -0.4339 -0.4867
vn 0.6614 -0.2529 -0.7061
vn 0.7142 -0.2386 -0.6580
vn 0.6616 -0.2529 -0.7059
vn 0.7468 -0.3449 -0.5687
vn 0.6920 -0.3745 -0.6172
vn 0.8033 -0.3953 -0.4456
vn 0.8023 -0.4711 -0.3666
vn 0.7566 -0.5107 -0.4083
vn 0.8032 -0.3954 -0.4456
vn 0.7912 -0.5417 -0.2839
vn 0.7453 -0.5816 -0.3261
vn 0.7568 -0.5102 -0.4085
vn 0.7912 -0.5418 -0.2837
vn 0.7569 -0.5102 -0.4084
vn 0.8023 -0.4711 -0.3665
vn 0.6911 -0.6190 -0.3733
vn 0.7022 -0.5471 -0.4557
vn 0.7569 -0.5103 -0.4084
vn 0.6909 -0.6191 -0.3733
vn 0.7569 -0.5105 -0.4081
vn 0.7452 -0.5816 -0.3264
vn 0.7031 -0.4693 -0.5343
vn 0.7582 -0.4341 -0.4864
vn 0.7567 -0.5106 -0.4083
vn 0.7032 -0.4692 -0.5343
vn 0.7020 -0.5473 -0.4557
vn 0.7703 -0.6058 -0.1993
vn 0.7241 -0.6459 -0.2420
vn 0.7913 -0.5415 -0.2839
vn 0.7241 -0.6458 -0.2420
vn 0.7453 -0.5816 -0.3260
vn 0.7399 -0.6632 -0.1131
vn 0.6938 -0.7031 -0.1561
vn 0.7242 -0.6457 -0.2421
vn 0.7242 -0.6458 -0.2420
vn 0.7703 -0.6057 -0.1993
vn 0.6396 -0.7417 -0.2019
vn 0.6702 -0.6839 -0.2883
vn 0.6937 -0.7031 -0.1562
vn 0.6913 -0.6189 -0.3730
vn 0.7241 -0.6457 -0.2422
vn 0.6910 -0.6191 -0.3731
vn 0.6700 -0.6840 -0.2886
vn 0.7004 -0.7133 -0.0259
vn 0.6545 -0.7529 -0.0693
vn 0.7399 -0.6631 -0.1132
vn 0.6546 -0.7528 -0.0694
vn 0.6939 -0.7029 -0.1563
vn 0.6519 -0.7558 0.0612
vn 0.6066 -0.7948 0.0178
vn 0.6545 -0.7529 -0.0695
vn 0.6520 -0.7557 0.0611
vn 0.6545 -0.7529 -0.0694
vn 0.5513 -0.8339 -0.0267
vn 0.6002 -0.7916 -0.1145
vn 0.6543 -0.7530 -0.0695
vn 0.6066 -0.7948 0.0179
vn 0.6397 -0.7416 -0.2021
vn 0.6938 -0.7031 -0.1562
vn 0.6546 -0.7528 -0.0693
vn 0.6398 -0.7416 -0.2019
vn 0.6001 -0.7917 -0.1145
vn 0.6520 -0.7558 0.0614
vn 0.5947 -0.7902 0.1483
vn 0.5500 -0.8285 0.1051
vn 0.6520 -0.7557 0.0612
vn 0.5498 -0.8287 0.1049
vn 0.6065 -0.7949 0.0177
vn 0.5299 -0.8155 0.2327
vn 0.4855 -0.8533 0.1903
vn 0.5496 -0.8288 0.1050
vn 0.5950 -0.7899 0.1483
vn 0.4286 -0.8915 0.1471
vn 0.4938 -0.8674 0.0614
vn 0.5500 -0.8285 0.1052
vn 0.4287 -0.8913 0.1473
vn 0.5498 -0.8287 0.1051
vn 0.4852 -0.8535 0.1902
vn 0.5515 -0.8338 -0.0265
vn 0.6066 -0.7948 0.0177
vn 0.5498 -0.8286 0.1050
vn 0.5513 -0.8339 -0.0268
vn 0.4939 -0.8674 0.0615
vn 0.4578 -0.8318 0.3138
vn 0.4143 -0.8684 0.2724
vn 0.5300 -0.8154 0.2329
vn 0.4142 -0.8685 0.2724
vn 0.3792 -0.8390 0.3904
vn 0.3364 -0.8742 0.3501
vn 0.4144 -0.8684 0.2723
vn 0.3795 -0.8387 0.3905
vn 0.4142 -0.8685 0.2723
vn 0.4580 -0.8317 0.3139
vn 0.2774 -0.9099 0.3083
vn 0.3562 -0.9057 0.2298
vn 0.2779 -0.9098 0.3084
vn 0.4143 -0.8685 0.2721
vn 0.3361 -0.8744 0.3500
vn 0.4285 -0.8915 0.1471
vn 0.4857 -0.8531 0.1904
vn 0.4288 -0.8913 0.1474
vn 0.4141 -0.8686 0.2723
vn 0.3795 -0.8389 0.3903
vn 0.2908 -0.8371 0.4634
vn 0.2440 -0.8702 0.4281
vn 0.3794 -0.8389 0.3904
vn 0.2438 -0.8702 0.4282
vn 0.3363 -0.8743 0.3500
vn 0.1899 -0.8258 0.5310
vn 0.1302 -0.8537 0.5043
vn 0.2440 -0.8701 0.4281
vn 0.1901 -0.8258 0.5310
vn 0.2436 -0.8703 0.4281
vn 0.2915 -0.8368 0.4634
vn 0.0686 -0.8767 0.4762
vn 0.1832 -0.9023 0.3902
vn 0.2439 -0.8702 0.4281
vn 0.0688 -0.8766 0.4762
vn 0.2439 -0.8702 0.4280
vn 0.2774 -0.9100 0.3082
vn 0.3365 -0.8742 0.3500
vn 0.2441 -0.8701 0.4282
vn 0.2778 -0.9099 0.3082
vn 0.1834 -0.9023 0.3902
vn 0.0863 -0.8063 0.5852
vn 0.0200 -0.8283 0.5600
vn 0.0196 -0.8283 0.5599
vn -0.0086 -0.7791 0.6269
vn -0.0681 -0.8014 0.5943
vn 0.0198 -0.8282 0.5600
vn -0.0084 -0.7791 0.6269
vn 0.0197 -0.8283 0.5600
vn 0.0868 -0.8062 0.5853
vn -0.1136 -0.8083 0.5776
vn -0.0371 -0.8401 0.5412
vn 0.0198 -0.8281 0.5602
vn -0.1136 -0.8083 0.5777
vn -0.0678 -0.8013 0.5944
vn 0.0683 -0.8766 0.4764
vn 0.1303 -0.8536 0.5043
vn 0.0200 -0.8282 0.5601
vn 0.0686 -0.8766 0.4763
vn 0.0197 -0.8282 0.5602
vn -0.0371 -0.8400 0.5413
vn -0.0083 -0.7789 0.6270
vn -0.1014 -0.7410 0.6638
vn -0.1499 -0.7654 0.6258
vn -0.0084 -0.7790 0.6270
vn -0.1500 -0.7654 0.6259
vn -0.0678 -0.8014 0.5943
vn -0.1981 -0.6899 0.6963
vn -0.2410 -0.7127 0.6588
vn -0.1500 -0.7653 0.6260
vn -0.1982 -0.6899 0.6963
vn -0.1502 -0.7653 0.6259
vn -0.1014 -0.7409 0.6639
vn -0.2810 -0.7188 0.6360
vn -0.1973 -0.7698 0.6070
vn -0.2811 -0.7188 0.6358
vn -0.2414 -0.7129 0.6584
vn -0.1137 -0.8083 0.5777
vn -0.1501 -0.7653 0.6259
vn -0.1893 -0.7719 0.6068
vn -0.2811 -0.7190 0.6356
vn -0.3756 -0.6544 0.6562
vn -0.4303 -0.6562 0.6199
vn -0.2810 -0.7188 0.6358
vn -0.4309 -0.6559 0.6198
vn -0.3339 -0.7217 0.6063
vn -0.4664 -0.5833 0.6650
vn -0.5216 -0.5843 0.6217
vn -0.4305 -0.6560 0.6199
vn -0.4663 -0.5830 0.6653
vn -0.4300 -0.6563 0.6199
vn -0.3755 -0.6545 0.6563
vn -0.6175 -0.5812 0.5300
vn -0.5330 -0.6555 0.5351
vn -0.4304 -0.6563 0.6197
vn -0.6174 -0.5813 0.5300
vn -0.4305 -0.6563 0.6196
vn -0.5216 -0.5848 0.6212
vn -0.4419 -0.7244 0.5291
vn -0.3340 -0.7217 0.6062
vn -0.4305 -0.6562 0.6197
vn -0.4422 -0.7243 0.5290
vn -0.4303 -0.6563 0.6197
vn -0.5332 -0.6552 0.5351
vn -0.4666 -0.5829 0.6653
vn -0.5519 -0.5062 0.6627
vn -0.6065 -0.5075 0.6120
vn -0.6066 -0.5076 0.6119
vn -0.5214 -0.5845 0.6218
vn -0.6315 -0.4251 0.6485
vn -0.6840 -0.4278 0.5909
vn -0.6067 -0.5073 0.6120
vn -0.6316 -0.4249 0.6485
vn -0.6065 -0.5078 0.6118
vn -0.5523 -0.5057 0.6627
vn -0.7619 -0.4254 0.4885
vn -0.6940 -0.5042 0.5140
vn -0.7620 -0.4251 0.4885
vn -0.6067 -0.5076 0.6117
vn -0.6842 -0.4277 0.5908
vn -0.6172 -0.5815 0.5300
vn -0.5217 -0.5843 0.6216
vn -0.6068 -0.5076 0.6118
vn -0.6174 -0.5814 0.5299
vn -0.6940 -0.5040 0.5141
vn -0.7040 -0.3412 0.6229
vn -0.7534 -0.3456 0.5594
vn -0.6314 -0.4252 0.6484
vn -0.7535 -0.3454 0.5594
vn -0.6840 -0.4278 0.5908
vn -0.7679 -0.2569 0.5867
vn -0.8132 -0.2640 0.5186
vn -0.7536 -0.3454 0.5593
vn -0.7679 -0.2569 0.5869
vn -0.7535 -0.3456 0.5593
vn -0.7041 -0.3412 0.6228
vn -0.8705 -0.2677 0.4130
vn -0.8211 -0.3455 0.4544
vn -0.8705 -0.2676 0.4131
vn -0.7534 -0.3454 0.5595
vn -0.8133 -0.2636 0.5187
vn -0.7620 -0.4253 0.4884
vn -0.6839 -0.4277 0.5911
vn -0.7534 -0.3453 0.5596
vn -0.7621 -0.4248 0.4886
vn -0.7533 -0.3454 0.5596
vn -0.8211 -0.3456 0.4543
vn -0.7680 -0.2570 0.5866
vn -0.8228 -0.1736 0.5412
vn -0.8634 -0.1840 0.4698
vn -0.8633 -0.1840 0.4700
vn -0.8133 -0.2637 0.5186
vn -0.8683 -0.0926 0.4873
vn -0.9037 -0.1070 0.4146
vn -0.8633 -0.1837 0.4700
vn -0.8684 -0.0926 0.4872
vn -0.8633 -0.1838 0.4700
vn -0.9417 -0.1207 0.3141
vn -0.9105 -0.1924 0.3661
vn -0.9417 -0.1205 0.3140
vn -0.9037 -0.1066 0.4146
vn -0.8133 -0.2638 0.5187
vn -0.8633 -0.1838 0.4699
vn -0.8705 -0.2674 0.4131
vn -0.8634 -0.1837 0.4699
vn -0.9105 -0.1925 0.3661
vn -0.9045 -0.0146 0.4263
vn -0.9347 -0.0332 0.3539
vn -0.8683 -0.0926 0.4874
vn -0.9347 -0.0334 0.3539
vn -0.9037 -0.1066 0.4148
vn -0.9314 0.0595 0.3591
vn -0.9568 0.0359 0.2885
vn -0.9347 -0.0332 0.3540
vn -0.9314 0.0598 0.3591
vn -0.9347 -0.0333 0.3539
vn -0.9045 -0.0146 0.4262
vn -0.9799 0.0106 0.1993
vn -0.9646 -0.0530 0.2582
vn -0.9347 -0.0335 0.3539
vn -0.9799 0.0107 0.1993
vn -0.9347 -0.0333 0.3538
vn -0.9568 0.0362 0.2883
vn -0.9417 -0.1208 0.3140
vn -0.9037 -0.1068 0.4146
vn -0.9347 -0.0330 0.3539
vn -0.9417 -0.1203 0.3141
vn -0.9348 -0.0334 0.3537
vn -0.9646 -0.0531 0.2582
vn -0.9491 0.1295 0.2870
vn -0.9703 0.1014 0.2196
vn -0.9703 0.1016 0.2197
vn -0.9568 0.0361 0.2884
vn -0.9754 0.1628 0.1486
vn -0.9577 0.1955 0.2110
vn -0.9703 0.1013 0.2197
vn -0.9491 0.1297 0.2871
vn -0.9891 0.1262 0.0753
vn -0.9879 0.0703 0.1381
vn -0.9703 0.1015 0.2197
vn -0.9892 0.1261 0.0750
vn -0.9702 0.1015 0.2198
vn -0.9754 0.1626 0.1485
vn -0.9799 0.0107 0.1994
vn -0.9568 0.0363 0.2886
vn -0.9703 0.1013 0.2196
vn -0.9879 0.0707 0.1383
vn -0.9573 0.2572 0.1322
vn -0.9726 0.2197 0.0756
vn -0.9578 0.1954 0.2110
vn -0.9726 0.2199 0.0757
vn -0.9755 0.1625 0.1482
vn -0.9476 0.3151 0.0526
vn -0.9619 0.2733 0.0022
vn -0.9726 0.2200 0.0758
vn -0.9476 0.3150 0.0523
vn -0.9721 0.2214 0.0769
vn -0.9724 0.2269 -0.0536
vn -0.9839 0.1783 0.0111
vn -0.9726 0.2199 0.0758
vn -0.9726 0.2198 0.0757
vn -0.9619 0.2733 0.0023
vn -0.9892 0.1262 0.0749
vn -0.9754 0.1627 0.1485
vn -0.9726 0.2197 0.0757
vn -0.9839 0.1782 0.0110
vn -0.9476 0.3152 0.0527
vn -0.9292 0.3686 -0.0264
vn -0.9439 0.3227 -0.0702
vn -0.9439 0.3227 -0.0704
vn -0.9619 0.2735 0.0023
vn -0.9022 0.4184 -0.1047
vn -0.9187 0.3686 -0.1420
vn -0.9439 0.3226 -0.0703
vn -0.9292 0.3686 -0.0265
vn -0.9322 0.3127 -0.1820
vn -0.9552 0.2713 -0.1182
vn -0.9439 0.3225 -0.0703
vn -0.9323 0.3125 -0.1822
vn -0.9439 0.3227 -0.0703
vn -0.9187 0.3684 -0.1421
vn -0.9725 0.2268 -0.0536
vn -0.9439 0.3226 -0.0702
vn -0.9725 0.2267 -0.0537
vn -0.9552 0.2715 -0.1181
vn -0.9023 0.4184 -0.1044
vn -0.8667 0.4647 -0.1813
vn -0.8864 0.4111 -0.2128
vn -0.9022 0.4185 -0.1046
vn -0.8864 0.4111 -0.2130
vn -0.9187 0.3685 -0.1421
vn -0.8469 0.4502 -0.2829
vn -0.8865 0.4110 -0.2127
vn -0.8228 0.5070 -0.2567
vn -0.8694 0.3852 -0.3095
vn -0.9038 0.3505 -0.2456
vn -0.8695 0.3852 -0.3092
vn -0.8864 0.4110 -0.2131
vn -0.8469 0.4502 -0.2831
vn -0.9187 0.3685 -0.1419
vn -0.8863 0.4111 -0.2131
vn -0.8864 0.4111 -0.2129
vn -0.9036 0.3508 -0.2460
vn -0.8229 0.5068 -0.2569
vn -0.7998 0.4856 -0.3529
vn -0.8228 0.5069 -0.2569
vn -0.7999 0.4854 -0.3530
vn -0.7097 0.5768 -0.4045
vn -0.7459 0.5156 -0.4216
vn -0.7998 0.4854 -0.3532
vn -0.7704 0.5446 -0.3314
vn -0.7831 0.4430 -0.4365
vn -0.8291 0.4163 -0.3732
vn -0.7998 0.4854 -0.3531
vn -0.7829 0.4431 -0.4367
vn -0.8000 0.4853 -0.3529
vn -0.7457 0.5157 -0.4218
vn -0.8695 0.3851 -0.3095
vn -0.8695 0.3851 -0.3093
vn -0.7998 0.4855 -0.3529
vn -0.8292 0.4162 -0.3731
vn -0.6424 0.6013 -0.4751
vn -0.6849 0.5402 -0.4889
vn -0.7100 0.5765 -0.4044
vn -0.6848 0.5404 -0.4889
vn -0.5680 0.6183 -0.5432
vn -0.6171 0.5584 -0.5544
vn -0.6848 0.5404 -0.4890
vn -0.6423 0.6014 -0.4751
vn -0.6736 0.4815 -0.5608
vn -0.7311 0.4650 -0.4993
vn -0.6850 0.5402 -0.4887
vn -0.6737 0.4814 -0.5606
vn -0.6173 0.5581 -0.5544
vn -0.6847 0.5404 -0.4890
vn -0.7831 0.4429 -0.4365
vn -0.7314 0.4649 -0.4990
vn -0.5675 0.6186 -0.5433
vn -0.4876 0.6263 -0.6082
vn -0.5433 0.5687 -0.6176
vn -0.5679 0.6184 -0.5431
vn -0.5431 0.5687 -0.6178
vn -0.6173 0.5583 -0.5542
vn -0.4631 0.5708 -0.6781
vn -0.5434 0.5688 -0.6174
vn -0.4017 0.6247 -0.6696
vn -0.5433 0.5689 -0.6174
vn -0.4874 0.6265 -0.6082
vn -0.5412 0.4952 -0.6796
vn -0.6106 0.4918 -0.6207
vn -0.5432 0.5687 -0.6176
vn -0.5414 0.4952 -0.6795
vn -0.4633 0.5706 -0.6781
vn -0.6737 0.4815 -0.5606
vn -0.6171 0.5583 -0.5545
vn -0.5433 0.5686 -0.6176
vn -0.5434 0.5685 -0.6177
vn -0.6102 0.4919 -0.6211
vn -0.4017 0.6248 -0.6696
vn -0.3114 0.6125 -0.7266
vn -0.3773 0.5635 -0.7349
vn -0.3774 0.5633 -0.7350
vn -0.4631 0.5708 -0.6780
vn -0.2175 0.5892 -0.7781
vn -0.2868 0.5459 -0.7872
vn -0.3775 0.5633 -0.7349
vn -0.3773 0.5634 -0.7350
vn -0.3117 0.6124 -0.7265
vn -0.3856 0.4781 -0.7891
vn -0.4663 0.4909 -0.7359
vn -0.3772 0.5634 -0.7350
vn -0.3854 0.4780 -0.7893
vn -0.3777 0.5634 -0.7348
vn -0.2865 0.5461 -0.7872
vn -0.5412 0.4954 -0.6794
vn -0.4630 0.5706 -0.6782
vn -0.3776 0.5633 -0.7349
vn -0.5412 0.4954 -0.6795
vn -0.3773 0.5633 -0.7350
vn -0.4665 0.4909 -0.7358
vn -0.2179 0.5891 -0.7781
vn -0.1212 0.5547 -0.8232
vn -0.1921 0.5177 -0.8337
vn -0.1919 0.5178 -0.8337
vn -0.2867 0.5458 -0.7873
vn -0.0235 0.5094 -0.8602
vn -0.0944 0.4789 -0.8728
vn -0.1921 0.5176 -0.8338
vn -0.0238 0.5094 -0.8602
vn -0.1918 0.5176 -0.8338
vn -0.2099 0.4235 -0.8812
vn -0.3001 0.4555 -0.8382
vn -0.1922 0.5178 -0.8337
vn -0.2101 0.4235 -0.8812
vn -0.1918 0.5177 -0.8338
vn -0.0942 0.4790 -0.8727
vn -0.3856 0.4776 -0.7894
vn -0.2867 0.5459 -0.7873
vn -0.1920 0.5180 -0.8336
vn -0.3858 0.4778 -0.7893
vn -0.1918 0.5180 -0.8336
vn -0.3000 0.4557 -0.8381
vn -0.0237 0.5093 -0.8603
vn 0.0727 0.4544 -0.8878
vn 0.0036 0.4307 -0.9025
vn -0.0240 0.5094 -0.8602
vn 0.0033 0.4307 -0.9025
vn -0.0945 0.4789 -0.8727
vn 0.1667 0.3904 -0.9054
vn 0.1008 0.3726 -0.9225
vn 0.0038 0.4307 -0.9025
vn 0.1669 0.3901 -0.9055
vn 0.0038 0.4308 -0.9024
vn 0.0722 0.4546 -0.8877
vn -0.0240 0.3314 -0.9432
vn -0.1176 0.3824 -0.9165
vn 0.0035 0.4304 -0.9026
vn -0.0239 0.3315 -0.9431
vn 0.0034 0.4304 -0.9026
vn 0.1006 0.3723 -0.9227
vn -0.2100 0.4235 -0.8812
vn -0.0944 0.4790 -0.8727
vn 0.0035 0.4306 -0.9026
vn 0.0036 0.4305 -0.9026
vn -0.1178 0.3824 -0.9165
vn 0.2567 0.3181 -0.9126
vn 0.1954 0.3054 -0.9320
vn 0.1666 0.3901 -0.9055
vn 0.1954 0.3056 -0.9319
vn 0.1007 0.3726 -0.9225
vn 0.3416 0.2383 -0.9091
vn 0.2854 0.2304 -0.9303
vn 0.1956 0.3056 -0.9319
vn 0.1953 0.3056 -0.9319
vn 0.2569 0.3177 -0.9127
vn 0.1607 0.2024 -0.9660
vn 0.0693 0.2715 -0.9599
vn 0.1952 0.3052 -0.9321
vn 0.1607 0.2022 -0.9661
vn 0.1951 0.3052 -0.9321
vn 0.2850 0.2304 -0.9304
vn -0.0238 0.3316 -0.9431
vn 0.1008 0.3723 -0.9226
vn 0.1950 0.3052 -0.9321
vn -0.0237 0.3318 -0.9431
vn 0.1949 0.3053 -0.9321
vn 0.0695 0.2713 -0.9600
vn 0.3415 0.2382 -0.9092
vn 0.4200 0.1526 -0.8946
vn 0.3698 0.1481 -0.9172
vn 0.3415 0.2380 -0.9092
vn 0.3697 0.1483 -0.9172
vn 0.2852 0.2304 -0.9304
vn 0.4461 0.0616 -0.8929
vn 0.3696 0.1481 -0.9173
vn 0.4901 0.0633 -0.8694
vn 0.4199 0.1527 -0.8947
vn 0.3289 0.0417 -0.9435
vn 0.2476 0.1248 -0.9608
vn 0.3291 0.0417 -0.9434
vn 0.3695 0.1483 -0.9173
vn 0.4463 0.0614 -0.8928
vn 0.1603 0.2024 -0.9661
vn 0.2851 0.2303 -0.9304
vn 0.3695 0.1482 -0.9173
vn 0.1604 0.2023 -0.9661
vn 0.3696 0.1480 -0.9173
vn 0.2479 0.1252 -0.9607
vn 0.4901 0.0636 -0.8693
vn 0.5461 -0.0180 -0.8375
vn 0.5083 -0.0207 -0.8610
vn 0.4901 0.0634 -0.8693
vn 0.5082 -0.0205 -0.8610
vn 0.5842 -0.0780 -0.8079
vn 0.5483 -0.0896 -0.8315
vn 0.5083 -0.0204 -0.8609
vn 0.5083 -0.0206 -0.8609
vn 0.5462 -0.0178 -0.8374
vn 0.4523 -0.1249 -0.8831
vn 0.3994 -0.0433 -0.9158
vn 0.5084 -0.0205 -0.8609
vn 0.4524 -0.1247 -0.8830
vn 0.5084 -0.0204 -0.8609
vn 0.5484 -0.0896 -0.8314
vn 0.3288 0.0416 -0.9435
vn 0.4463 0.0619 -0.8928
vn 0.5085 -0.0210 -0.8608
vn 0.3992 -0.0430 -0.9159
vn 0.5841 -0.0774 -0.8080
vn 0.6193 -0.1436 -0.7719
vn 0.5765 -0.1680 -0.7996
vn 0.5843 -0.0775 -0.8078
vn 0.5766 -0.1681 -0.7995
vn 0.5485 -0.0897 -0.8313
vn 0.6617 -0.2527 -0.7059
vn 0.6060 -0.2816 -0.7439
vn 0.5767 -0.1681 -0.7995
vn 0.6616 -0.2528 -0.7059
vn 0.5766 -0.1682 -0.7995
vn 0.6193 -0.1433 -0.7720
vn 0.5246 -0.3169 -0.7902
vn 0.4919 -0.2132 -0.8441
vn 0.5767 -0.1680 -0.7995
vn 0.5247 -0.3168 -0.7901
vn 0.5768 -0.1681 -0.7994
vn 0.6060 -0.2812 -0.7441
vn 0.4525 -0.1247 -0.8830
vn 0.5483 -0.0895 -0.8315
vn 0.5767 -0.1684 -0.7994
vn 0.4526 -0.1247 -0.8829
vn 0.5766 -0.1680 -0.7995
vn 0.4917 -0.2133 -0.8443
vn 0.6614 -0.2531 -0.7060
vn 0.6918 -0.3741 -0.6176
vn 0.6295 -0.4010 -0.6655
vn 0.6613 -0.2531 -0.7061
vn 0.6295 -0.4009 -0.6656
vn 0.6059 -0.2814 -0.7441
vn 0.7031 -0.4694 -0.5342
vn 0.6412 -0.4959 -0.5857
vn 0.6292 -0.4008 -0.6659
vn 0.7030 -0.4695 -0.5342
vn 0.6919 -0.3747 -0.6172
vn 0.5682 -0.5137 -0.6429
vn 0.5512 -0.4214 -0.7202
vn 0.6292 -0.4009 -0.6659
vn 0.5683 -0.5135 -0.6429
vn 0.6292 -0.4010 -0.6658
vn 0.6412 -0.4959 -0.5856
vn 0.5245 -0.3169 -0.7902
vn 0.6059 -0.2817 -0.7440
vn 0.6294 -0.4008 -0.6658
vn 0.5248 -0.3168 -0.7901
vn 0.6294 -0.4007 -0.6658
vn 0.5513 -0.4214 -0.7201
vn 0.7031 -0.4696 -0.5340
vn 0.6422 -0.5756 -0.5062
vn 0.7031 -0.4694 -0.5341
vn 0.6423 -0.5758 -0.5059
vn 0.6410 -0.4958 -0.5859
vn 0.6909 -0.6191 -0.3732
vn 0.6323 -0.6498 -0.4218
vn 0.6422 -0.5758 -0.5060
vn 0.6909 -0.6192 -0.3732
vn 0.6423 -0.5758 -0.5060
vn 0.7022 -0.5476 -0.4551
vn 0.5669 -0.6741 -0.4735
vn 0.5738 -0.5969 -0.5608
vn 0.6423 -0.5756 -0.5061
vn 0.5669 -0.6742 -0.4734
vn 0.6323 -0.6499 -0.4217
vn 0.5681 -0.5136 -0.6430
vn 0.6411 -0.4959 -0.5857
vn 0.6422 -0.5759 -0.5059
vn 0.5680 -0.5137 -0.6430
vn 0.6421 -0.5758 -0.5061
vn 0.5738 -0.5966 -0.5610
vn 0.6911 -0.6189 -0.3732
vn 0.6701 -0.6840 -0.2883
vn 0.6119 -0.7165 -0.3349
vn 0.6910 -0.6190 -0.3732
vn 0.6119 -0.7164 -0.3353
vn 0.6325 -0.6497 -0.4216
vn 0.5811 -0.7757 -0.2463
vn 0.6120 -0.7164 -0.3351
vn 0.6397 -0.7417 -0.2018
vn 0.6120 -0.7164 -0.3350
vn 0.6702 -0.6839 -0.2882
vn 0.5165 -0.8055 -0.2906
vn 0.5479 -0.7438 -0.3827
vn 0.6118 -0.7165 -0.3351
vn 0.5162 -0.8055 -0.2911
vn 0.6120 -0.7165 -0.3348
vn 0.5809 -0.7757 -0.2467
vn 0.5669 -0.6741 -0.4734
vn 0.6324 -0.6497 -0.4220
vn 0.5670 -0.6740 -0.4735
vn 0.6119 -0.7165 -0.3350
vn 0.5477 -0.7438 -0.3831
vn 0.5999 -0.7918 -0.1145
vn 0.5403 -0.8267 -0.1568
vn 0.6397 -0.7417 -0.2019
vn 0.5811 -0.7756 -0.2467
vn 0.5514 -0.8338 -0.0264
vn 0.4896 -0.8693 -0.0675
vn 0.5404 -0.8267 -0.1570
vn 0.5513 -0.8339 -0.0266
vn 0.5402 -0.8268 -0.1570
vn 0.5998 -0.7919 -0.1145
vn 0.4188 -0.9019 -0.1057
vn 0.4733 -0.8584 -0.1980
vn 0.5401 -0.8268 -0.1572
vn 0.4188 -0.9019 -0.1058
vn 0.5402 -0.8267 -0.1571
vn 0.4897 -0.8693 -0.0672
vn 0.5164 -0.8054 -0.2912
vn 0.5812 -0.7756 -0.2464
vn 0.5402 -0.8268 -0.1568
vn 0.5165 -0.8054 -0.2908
vn 0.4734 -0.8583 -0.1979
vn 0.5514 -0.8338 -0.0265
vn 0.4939 -0.8673 0.0615
vn 0.4293 -0.9029 0.0218
vn 0.4295 -0.9028 0.0220
vn 0.4897 -0.8693 -0.0673
vn 0.4285 -0.8914 0.1473
vn 0.3614 -0.9260 0.1089
vn 0.4296 -0.9028 0.0221
vn 0.4286 -0.8914 0.1474
vn 0.4296 -0.9028 0.0220
vn 0.4938 -0.8674 0.0616
vn 0.2795 -0.9573 0.0733
vn 0.3539 -0.9352 -0.0141
vn 0.2797 -0.9573 0.0734
vn 0.4298 -0.9026 0.0222
vn 0.3615 -0.9260 0.1089
vn 0.4191 -0.9018 -0.1056
vn 0.4293 -0.9029 0.0220
vn 0.4297 -0.9027 0.0222
vn 0.3536 -0.9353 -0.0145
vn 0.4286 -0.8914 0.1473
vn 0.2861 -0.9388 0.1921
vn 0.4288 -0.8913 0.1473
vn 0.2861 -0.9387 0.1921
vn 0.3613 -0.9261 0.1089
vn 0.2777 -0.9099 0.3082
vn 0.2047 -0.9407 0.2704
vn 0.2778 -0.9099 0.3081
vn 0.2860 -0.9388 0.1921
vn 0.3563 -0.9057 0.2298
vn 0.1100 -0.9662 0.2330
vn 0.2050 -0.9658 0.1590
vn 0.2860 -0.9388 0.1918
vn 0.1100 -0.9663 0.2329
vn 0.2044 -0.9408 0.2704
vn 0.2797 -0.9573 0.0736
vn 0.2860 -0.9389 0.1918
vn 0.2793 -0.9574 0.0732
vn 0.2859 -0.9389 0.1918
vn 0.1979 -0.9677 0.1561
vn 0.2777 -0.9099 0.3081
vn 0.1834 -0.9023 0.3901
vn 0.1119 -0.9297 0.3508
vn 0.2776 -0.9099 0.3082
vn 0.1119 -0.9297 0.3509
vn 0.0684 -0.8766 0.4763
vn 0.0080 -0.8998 0.4363
vn 0.1118 -0.9297 0.3508
vn 0.0687 -0.8766 0.4763
vn 0.1115 -0.9298 0.3508
vn -0.0822 -0.9223 0.3775
vn 0.0088 -0.9524 0.3047
vn 0.1118 -0.9297 0.3509
vn -0.0822 -0.9224 0.3774
vn 0.1117 -0.9298 0.3508
vn 0.0075 -0.8997 0.4364
vn 0.1094 -0.9664 0.2327
vn 0.2044 -0.9409 0.2702
vn 0.1115 -0.9298 0.3507
vn 0.0160 -0.9519 0.3059
vn 0.0685 -0.8766 0.4764
vn -0.0370 -0.8400 0.5413
vn -0.0857 -0.8579 0.5067
vn 0.0686 -0.8765 0.4764
vn -0.0855 -0.8578 0.5068
vn 0.0075 -0.8998 0.4362
vn -0.1137 -0.8083 0.5778
vn -0.1599 -0.8189 0.5512
vn -0.0857 -0.8579 0.5066
vn -0.1137 -0.8084 0.5776
vn -0.0857 -0.8578 0.5067
vn -0.0371 -0.8400 0.5414
vn -0.2600 -0.8366 0.4821
vn -0.1744 -0.8816 0.4385
vn -0.0858 -0.8578 0.5068
vn -0.2597 -0.8367 0.4821
vn -0.0857 -0.8577 0.5069
vn -0.1600 -0.8189 0.5512
vn -0.0744 -0.9227 0.3783
vn 0.0076 -0.8998 0.4363
vn -0.0858 -0.8577 0.5069
vn -0.0822 -0.9224 0.3773
vn -0.1747 -0.8816 0.4385
vn -0.1897 -0.7718 0.6069
vn -0.2395 -0.7770 0.5822
vn -0.1135 -0.8084 0.5776
vn -0.2394 -0.7770 0.5822
vn -0.2809 -0.7189 0.6358
vn -0.3341 -0.7217 0.6063
vn -0.2811 -0.7189 0.6357
vn -0.2511 -0.7734 0.5821
vn -0.1896 -0.7719 0.6069
vn -0.4422 -0.7242 0.5292
vn -0.3479 -0.7858 0.5113
vn -0.2394 -0.7771 0.5821
vn -0.4422 -0.7242 0.5291
vn -0.2395 -0.7771 0.5821
vn -0.3341 -0.7219 0.6060
vn -0.2596 -0.8368 0.4821
vn -0.1597 -0.8189 0.5513
vn -0.2395 -0.7770 0.5821
vn -0.2596 -0.8367 0.4823
vn -0.3484 -0.7857 0.5112
vn -0.4425 -0.7245 0.5285
vn -0.5334 -0.6554 0.5347
vn -0.6716 -0.6238 0.3998
vn -0.4424 -0.7245 0.5286
vn -0.5952 -0.6960 0.4016
vn -0.6177 -0.5814 0.5296
vn -0.7397 -0.5497 0.3881
vn -0.6718 -0.6235 0.3999
vn -0.6176 -0.5815 0.5296
vn -0.6718 -0.6236 0.3997
vn -0.5336 -0.6551 0.5349
vn -0.8567 -0.4725 0.2071
vn -0.8118 -0.5403 0.2216
vn -0.8567 -0.4724 0.2073
vn -0.6720 -0.6236 0.3994
vn -0.7403 -0.5490 0.3880
vn -0.7591 -0.6095 0.2287
vn -0.5955 -0.6960 0.4012
vn -0.6719 -0.6237 0.3995
vn -0.7589 -0.6097 0.2287
vn -0.6719 -0.6236 0.3996
vn -0.8114 -0.5409 0.2217
vn -0.6175 -0.5815 0.5297
vn -0.6942 -0.5041 0.5137
vn -0.7998 -0.4743 0.3679
vn -0.6175 -0.5813 0.5299
vn -0.7999 -0.4742 0.3678
vn -0.7401 -0.5492 0.3881
vn -0.7618 -0.4252 0.4887
vn -0.8511 -0.4001 0.3400
vn -0.8000 -0.4741 0.3678
vn -0.7618 -0.4253 0.4887
vn -0.6940 -0.5041 0.5140
vn -0.9255 -0.3429 0.1607
vn -0.8947 -0.4059 0.1863
vn -0.7998 -0.4742 0.3679
vn -0.9256 -0.3427 0.1606
vn -0.7999 -0.4742 0.3680
vn -0.8510 -0.3997 0.3406
vn -0.8567 -0.4724 0.2070
vn -0.7400 -0.5493 0.3881
vn -0.7999 -0.4742 0.3679
vn -0.7998 -0.4742 0.3680
vn -0.8945 -0.4065 0.1861
vn -0.7619 -0.4253 0.4885
vn -0.8209 -0.3455 0.4546
vn -0.8940 -0.3266 0.3068
vn -0.7618 -0.4254 0.4886
vn -0.8938 -0.3272 0.3066
vn -0.8511 -0.3999 0.3401
vn -0.8704 -0.2674 0.4133
vn -0.9284 -0.2571 0.2681
vn -0.8940 -0.3266 0.3066
vn -0.8704 -0.2675 0.4133
vn -0.8210 -0.3457 0.4544
vn -0.9691 -0.2260 0.0989
vn -0.9504 -0.2821 0.1313
vn -0.8939 -0.3268 0.3068
vn -0.9692 -0.2256 0.0989
vn -0.9284 -0.2568 0.2685
vn -0.9256 -0.3426 0.1607
vn -0.8510 -0.4000 0.3403
vn -0.8939 -0.3269 0.3067
vn -0.9256 -0.3428 0.1606
vn -0.8940 -0.3266 0.3069
vn -0.9502 -0.2826 0.1312
vn -0.8705 -0.2674 0.4132
vn -0.9105 -0.1923 0.3660
vn -0.9553 -0.1906 0.2261
vn -0.8705 -0.2675 0.4131
vn -0.9552 -0.1911 0.2261
vn -0.9285 -0.2568 0.2684
vn -0.9750 -0.1285 0.1811
vn -0.9552 -0.1905 0.2263
vn -0.9552 -0.1907 0.2262
vn -0.9105 -0.1924 0.3660
vn -0.9917 -0.1252 0.0283
vn -0.9827 -0.1734 0.0646
vn -0.9552 -0.1908 0.2261
vn -0.9552 -0.1908 0.2262
vn -0.9751 -0.1283 0.1810
vn -0.9691 -0.2258 0.0991
vn -0.9285 -0.2568 0.2682
vn -0.9553 -0.1907 0.2261
vn -0.9691 -0.2258 0.0990
vn -0.9553 -0.1906 0.2262
vn -0.9827 -0.1735 0.0647
vn -0.9417 -0.1206 0.3140
vn -0.9647 -0.0528 0.2581
vn -0.9886 -0.0702 0.1334
vn -0.9418 -0.1205 0.3139
vn -0.9885 -0.0705 0.1337
vn -0.9750 -0.1286 0.1812
vn -0.9799 0.0108 0.1993
vn -0.9963 -0.0160 0.0842
vn -0.9885 -0.0702 0.1336
vn -0.9799 0.0110 0.1994
vn -0.9885 -0.0705 0.1335
vn -0.9646 -0.0528 0.2583
vn -0.9981 -0.0393 -0.0476
vn -0.9967 -0.0805 -0.0093
vn -0.9886 -0.0705 0.1333
vn -0.9981 -0.0394 -0.0478
vn -0.9886 -0.0700 0.1335
vn -0.9963 -0.0160 0.0840
vn -0.9886 -0.0699 0.1337
vn -0.9918 -0.1249 0.0284
vn -0.9886 -0.0702 0.1335
vn -0.9967 -0.0804 -0.0092
vn -0.9799 0.0111 0.1994
vn -0.9879 0.0702 0.1381
vn -0.9989 0.0344 0.0331
vn -0.9799 0.0108 0.1994
vn -0.9988 0.0346 0.0334
vn -0.9963 -0.0163 0.0840
vn -0.9892 0.1261 0.0753
vn -0.9965 0.0815 -0.0186
vn -0.9988 0.0345 0.0334
vn -0.9892 0.1260 0.0752
vn -0.9989 0.0344 0.0332
vn -0.9879 0.0705 0.1382
vn -0.9914 0.0340 -0.1264
vn -0.9962 -0.0013 -0.0869
vn -0.9989 0.0344 0.0333
vn -0.9914 0.0339 -0.1266
vn -0.9989 0.0345 0.0331
vn -0.9965 0.0817 -0.0189
vn -0.9981 -0.0393 -0.0480
vn -0.9963 -0.0159 0.0842
vn -0.9988 0.0346 0.0333
vn -0.9962 -0.0015 -0.0870
vn -0.9892 0.1257 0.0749
vn -0.9840 0.1780 0.0112
vn -0.9895 0.1256 -0.0714
vn -0.9895 0.1257 -0.0716
vn -0.9965 0.0816 -0.0186
vn -0.9725 0.2268 -0.0534
vn -0.9780 0.1666 -0.1252
vn -0.9895 0.1258 -0.0714
vn -0.9725 0.2267 -0.0536
vn -0.9895 0.1258 -0.0715
vn -0.9839 0.1781 0.0113
vn -0.9734 0.0966 -0.2076
vn -0.9838 0.0666 -0.1667
vn -0.9735 0.0968 -0.2073
vn -0.9895 0.1255 -0.0716
vn -0.9781 0.1666 -0.1249
vn -0.9965 0.0817 -0.0187
vn -0.9895 0.1257 -0.0715
vn -0.9914 0.0339 -0.1265
vn -0.9895 0.1256 -0.0715
vn -0.9838 0.0664 -0.1667
vn -0.9725 0.2266 -0.0536
vn -0.9552 0.2714 -0.1180
vn -0.9625 0.2042 -0.1786
vn -0.9625 0.2042 -0.1785
vn -0.9781 0.1666 -0.1250
vn -0.9322 0.3127 -0.1821
vn -0.9430 0.2387 -0.2319
vn -0.9626 0.2040 -0.1784
vn -0.9323 0.3125 -0.1820
vn -0.9625 0.2040 -0.1789
vn -0.9553 0.2713 -0.1179
vn -0.9458 0.1503 -0.2878
vn -0.9608 0.1246 -0.2479
vn -0.9625 0.2039 -0.1788
vn -0.9458 0.1504 -0.2879
vn -0.9625 0.2041 -0.1784
vn -0.9430 0.2385 -0.2322
vn -0.9735 0.0966 -0.2072
vn -0.9781 0.1665 -0.1253
vn -0.9626 0.2038 -0.1785
vn -0.9735 0.0967 -0.2073
vn -0.9608 0.1246 -0.2476
vn -0.9323 0.3126 -0.1818
vn -0.9037 0.3506 -0.2458
vn -0.9194 0.2706 -0.2856
vn -0.9323 0.3124 -0.1821
vn -0.9194 0.2705 -0.2857
vn -0.9430 0.2386 -0.2320
vn -0.8694 0.3853 -0.3093
vn -0.8916 0.2994 -0.3397
vn -0.9194 0.2705 -0.2856
vn -0.8694 0.3853 -0.3094
vn -0.9195 0.2704 -0.2854
vn -0.9037 0.3506 -0.2459
vn -0.9083 0.1969 -0.3690
vn -0.9285 0.1744 -0.3280
vn -0.9194 0.2704 -0.2856
vn -0.9085 0.1967 -0.3687
vn -0.8917 0.2994 -0.3393
vn -0.9458 0.1503 -0.2881
vn -0.9431 0.2386 -0.2317
vn -0.9194 0.2703 -0.2857
vn -0.9194 0.2705 -0.2855
vn -0.9283 0.1745 -0.3282
vn -0.8291 0.4164 -0.3731
vn -0.8595 0.3253 -0.3942
vn -0.8597 0.3252 -0.3940
vn -0.8917 0.2994 -0.3395
vn -0.7830 0.4431 -0.4366
vn -0.8235 0.3477 -0.4483
vn -0.8598 0.3252 -0.3937
vn -0.8597 0.3252 -0.3939
vn -0.8291 0.4163 -0.3733
vn -0.8603 0.2354 -0.4522
vn -0.8855 0.2173 -0.4106
vn -0.8596 0.3253 -0.3941
vn -0.8602 0.2355 -0.4524
vn -0.8596 0.3253 -0.3940
vn -0.8235 0.3478 -0.4483
vn -0.9084 0.1967 -0.3689
vn -0.8917 0.2992 -0.3397
vn -0.9084 0.1968 -0.3688
vn -0.8856 0.2173 -0.4105
vn -0.7832 0.4430 -0.4363
vn -0.7312 0.4650 -0.4991
vn -0.7830 0.3663 -0.5027
vn -0.7831 0.4431 -0.4364
vn -0.7832 0.3663 -0.5025
vn -0.8235 0.3477 -0.4484
vn -0.6738 0.4814 -0.5606
vn -0.7380 0.3809 -0.5569
vn -0.7829 0.3665 -0.5027
vn -0.6737 0.4814 -0.5607
vn -0.7829 0.3664 -0.5028
vn -0.8008 0.2643 -0.5375
vn -0.8318 0.2513 -0.4950
vn -0.8008 0.2641 -0.5375
vn -0.7831 0.3665 -0.5025
vn -0.7381 0.3809 -0.5569
vn -0.8602 0.2356 -0.4524
vn -0.8236 0.3477 -0.4481
vn -0.8602 0.2354 -0.4523
vn -0.7829 0.3665 -0.5028
vn -0.8321 0.2513 -0.4945
vn -0.6735 0.4816 -0.5607
vn -0.6104 0.4918 -0.6209
vn -0.6884 0.3909 -0.6110
vn -0.6735 0.4815 -0.5608
vn -0.6885 0.3910 -0.6108
vn -0.7381 0.3810 -0.5568
vn -0.6343 0.3955 -0.6643
vn -0.6887 0.3910 -0.6106
vn -0.5412 0.4951 -0.6796
vn -0.6886 0.3910 -0.6107
vn -0.7283 0.2801 -0.6255
vn -0.7663 0.2741 -0.5811
vn -0.6886 0.3908 -0.6108
vn -0.7282 0.2802 -0.6254
vn -0.6887 0.3908 -0.6107
vn -0.6345 0.3954 -0.6642
vn -0.8006 0.2644 -0.5377
vn -0.7382 0.3809 -0.5568
vn -0.6886 0.3907 -0.6109
vn -0.8007 0.2642 -0.5377
vn -0.6888 0.3907 -0.6106
vn -0.7662 0.2741 -0.5813
vn -0.4662 0.4909 -0.7360
vn -0.5749 0.3942 -0.7171
vn -0.5412 0.4953 -0.6795
vn -0.5749 0.3942 -0.7170
vn -0.6344 0.3955 -0.6642
vn -0.3854 0.4781 -0.7892
vn -0.5105 0.3860 -0.7684
vn -0.5752 0.3942 -0.7168
vn -0.3857 0.4780 -0.7891
vn -0.5751 0.3943 -0.7168
vn -0.4662 0.4908 -0.7360
vn -0.6409 0.2790 -0.7152
vn -0.6868 0.2820 -0.6699
vn -0.5747 0.3940 -0.7173
vn -0.5750 0.3941 -0.7170
vn -0.5101 0.3860 -0.7686
vn -0.7284 0.2803 -0.6252
vn -0.6341 0.3955 -0.6645
vn -0.5752 0.3938 -0.7170
vn -0.7283 0.2801 -0.6254
vn -0.5748 0.3940 -0.7172
vn -0.6866 0.2819 -0.6702
vn -0.2998 0.4558 -0.8381
vn -0.4404 0.3702 -0.8179
vn -0.3855 0.4780 -0.7892
vn -0.4408 0.3704 -0.8176
vn -0.5103 0.3860 -0.7685
vn -0.2098 0.4236 -0.8812
vn -0.3656 0.3462 -0.8640
vn -0.4407 0.3700 -0.8179
vn -0.2099 0.4238 -0.8811
vn -0.4405 0.3701 -0.8179
vn -0.3000 0.4557 -0.8380
vn -0.5365 0.2555 -0.8043
vn -0.5909 0.2702 -0.7602
vn -0.4406 0.3704 -0.8178
vn -0.5365 0.2552 -0.8044
vn -0.4406 0.3705 -0.8177
vn -0.3653 0.3466 -0.8639
vn -0.5106 0.3861 -0.7683
vn -0.4406 0.3703 -0.8178
vn -0.6409 0.2790 -0.7151
vn -0.4403 0.3704 -0.8179
vn -0.5911 0.2704 -0.7600
vn -0.2099 0.4236 -0.8812
vn -0.1176 0.3823 -0.9165
vn -0.2871 0.3143 -0.9049
vn -0.2100 0.4236 -0.8812
vn -0.2870 0.3143 -0.9049
vn -0.3656 0.3461 -0.8640
vn -0.0240 0.3312 -0.9433
vn -0.2050 0.2736 -0.9397
vn -0.2871 0.3144 -0.9048
vn -0.0236 0.3313 -0.9432
vn -0.2870 0.3141 -0.9050
vn -0.1177 0.3823 -0.9165
vn -0.4161 0.2048 -0.8860
vn -0.4781 0.2337 -0.8467
vn -0.2871 0.3146 -0.9048
vn -0.4162 0.2047 -0.8859
vn -0.2872 0.3146 -0.9047
vn -0.2051 0.2735 -0.9398
vn -0.5362 0.2552 -0.8045
vn -0.3656 0.3466 -0.8638
vn -0.2867 0.3146 -0.9049
vn -0.5366 0.2551 -0.8043
vn -0.2869 0.3146 -0.9048
vn -0.4779 0.2336 -0.8468
vn -0.0241 0.3312 -0.9432
vn 0.0691 0.2711 -0.9601
vn -0.1209 0.2236 -0.9671
vn -0.1211 0.2234 -0.9672
vn -0.2050 0.2735 -0.9398
vn 0.1602 0.2021 -0.9662
vn -0.0362 0.1643 -0.9858
vn -0.1206 0.2235 -0.9672
vn 0.1602 0.2019 -0.9662
vn -0.1209 0.2236 -0.9672
vn 0.0693 0.2709 -0.9601
vn -0.2835 0.1214 -0.9512
vn -0.3508 0.1675 -0.9213
vn -0.1210 0.2230 -0.9673
vn -0.2834 0.1217 -0.9513
vn -0.1210 0.2232 -0.9672
vn -0.0364 0.1636 -0.9859
vn -0.4162 0.2047 -0.8860
vn -0.2049 0.2735 -0.9398
vn -0.1209 0.2232 -0.9672
vn -0.4159 0.2049 -0.8860
vn -0.1213 0.2232 -0.9672
vn -0.3510 0.1677 -0.9212
vn 0.2476 0.1246 -0.9608
vn 0.0475 0.0949 -0.9944
vn 0.1603 0.2017 -0.9662
vn 0.0473 0.0948 -0.9944
vn -0.0366 0.1640 -0.9858
vn 0.3289 0.0415 -0.9435
vn 0.1280 0.0185 -0.9916
vn 0.0475 0.0949 -0.9943
vn 0.3288 0.0415 -0.9435
vn 0.0473 0.0949 -0.9944
vn 0.2474 0.1248 -0.9608
vn -0.1461 0.0013 -0.9893
vn -0.2148 0.0662 -0.9744
vn 0.0472 0.0945 -0.9944
vn -0.1462 0.0011 -0.9892
vn 0.0470 0.0946 -0.9944
vn 0.1280 0.0179 -0.9916
vn -0.2837 0.1218 -0.9512
vn -0.2834 0.1216 -0.9513
vn 0.0472 0.0946 -0.9944
vn -0.2148 0.0658 -0.9744
vn 0.3286 0.0418 -0.9436
vn 0.3994 -0.0433 -0.9157
vn 0.2036 -0.0644 -0.9769
vn 0.1282 0.0181 -0.9916
vn 0.4526 -0.1250 -0.8829
vn 0.2704 -0.1516 -0.9508
vn 0.2032 -0.0645 -0.9770
vn 0.4527 -0.1249 -0.8829
vn 0.2033 -0.0647 -0.9770
vn 0.3994 -0.0429 -0.9158
vn -0.0144 -0.1527 -0.9882
vn -0.0788 -0.0719 -0.9943
vn 0.2034 -0.0648 -0.9770
vn -0.0143 -0.1527 -0.9882
vn 0.2033 -0.0646 -0.9770
vn 0.2702 -0.1518 -0.9508
vn -0.1462 0.0013 -0.9893
vn 0.1277 0.0181 -0.9916
vn 0.2033 -0.0648 -0.9770
vn -0.1461 0.0012 -0.9893
vn 0.2035 -0.0648 -0.9769
vn -0.0789 -0.0716 -0.9943
vn 0.4527 -0.1248 -0.8829
vn 0.4917 -0.2132 -0.8443
vn 0.3271 -0.2433 -0.9131
vn 0.4527 -0.1246 -0.8829
vn 0.3271 -0.2434 -0.9131
vn 0.2701 -0.1520 -0.9508
vn 0.5246 -0.3167 -0.7902
vn 0.3753 -0.3395 -0.8625
vn 0.3274 -0.2432 -0.9131
vn 0.5245 -0.3166 -0.7903
vn 0.3273 -0.2432 -0.9131
vn 0.4919 -0.2132 -0.8442
vn 0.0978 -0.3340 -0.9375
vn 0.0451 -0.2409 -0.9695
vn 0.0977 -0.3341 -0.9374
vn 0.3277 -0.2433 -0.9129
vn 0.3755 -0.3394 -0.8624
vn -0.0145 -0.1528 -0.9881
vn 0.2704 -0.1515 -0.9507
vn 0.3271 -0.2429 -0.9132
vn 0.0454 -0.2406 -0.9696
vn 0.5245 -0.3170 -0.7902
vn 0.5513 -0.4213 -0.7201
vn 0.4140 -0.4361 -0.7990
vn 0.5246 -0.3170 -0.7901
vn 0.4138 -0.4364 -0.7989
vn 0.5684 -0.5136 -0.6427
vn 0.4404 -0.5296 -0.7249
vn 0.4137 -0.4361 -0.7991
vn 0.5684 -0.5136 -0.6428
vn 0.4138 -0.4360 -0.7992
vn 0.5510 -0.4216 -0.7201
vn 0.1731 -0.5288 -0.8309
vn 0.1412 -0.4307 -0.8914
vn 0.4140 -0.4362 -0.7990
vn 0.1732 -0.5288 -0.8309
vn 0.4139 -0.4362 -0.7990
vn 0.4402 -0.5297 -0.7250
vn 0.0976 -0.3341 -0.9375
vn 0.3756 -0.3394 -0.8624
vn 0.0975 -0.3340 -0.9375
vn 0.4138 -0.4362 -0.7991
vn 0.1411 -0.4311 -0.8912
vn 0.5676 -0.5111 -0.6454
vn 0.5739 -0.5967 -0.5609
vn 0.4529 -0.6186 -0.6421
vn 0.5682 -0.5136 -0.6429
vn 0.4527 -0.6185 -0.6422
vn 0.5670 -0.6743 -0.4732
vn 0.4507 -0.7019 -0.5516
vn 0.4527 -0.6188 -0.6420
vn 0.4527 -0.6187 -0.6420
vn 0.1931 -0.7153 -0.6716
vn 0.1914 -0.6249 -0.7569
vn 0.4528 -0.6186 -0.6421
vn 0.1931 -0.7155 -0.6713
vn 0.4528 -0.6187 -0.6421
vn 0.4508 -0.7019 -0.5515
vn 0.1733 -0.5288 -0.8309
vn 0.4402 -0.5296 -0.7251
vn 0.4529 -0.6185 -0.6422
vn 0.1735 -0.5290 -0.8307
vn 0.4529 -0.6185 -0.6421
vn 0.1910 -0.6248 -0.7571
vn 0.5478 -0.7439 -0.3828
vn 0.4336 -0.7767 -0.4568
vn 0.5670 -0.6743 -0.4731
vn 0.4334 -0.7767 -0.4571
vn 0.4506 -0.7019 -0.5517
vn 0.5161 -0.8055 -0.2911
vn 0.4014 -0.8423 -0.3599
vn 0.5163 -0.8056 -0.2907
vn 0.4336 -0.7767 -0.4569
vn 0.1459 -0.8661 -0.4781
vn 0.1781 -0.7969 -0.5773
vn 0.4334 -0.7767 -0.4570
vn 0.1460 -0.8662 -0.4780
vn 0.4335 -0.7767 -0.4570
vn 0.4014 -0.8421 -0.3601
vn 0.1931 -0.7154 -0.6715
vn 0.4506 -0.7019 -0.5516
vn 0.4336 -0.7766 -0.4570
vn 0.1931 -0.7155 -0.6714
vn 0.4336 -0.7766 -0.4571
vn 0.1782 -0.7968 -0.5774
vn 0.5166 -0.8054 -0.2906
vn 0.4732 -0.8584 -0.1981
vn 0.3550 -0.8973 -0.2622
vn 0.3550 -0.8974 -0.2621
vn 0.4015 -0.8421 -0.3600
vn 0.2951 -0.9410 -0.1657
vn 0.3551 -0.8974 -0.2620
vn 0.3549 -0.8974 -0.2622
vn 0.0339 -0.9605 -0.2761
vn 0.0970 -0.9212 -0.3768
vn 0.0339 -0.9605 -0.2763
vn 0.3552 -0.8973 -0.2622
vn 0.2953 -0.9409 -0.1657
vn 0.1458 -0.8662 -0.4779
vn 0.4016 -0.8422 -0.3598
vn 0.3553 -0.8972 -0.2622
vn 0.1458 -0.8662 -0.4780
vn 0.3551 -0.8973 -0.2622
vn 0.0973 -0.9213 -0.3765
vn 0.3539 -0.9352 -0.0142
vn 0.2228 -0.9722 -0.0715
vn 0.2227 -0.9723 -0.0713
vn 0.2950 -0.9411 -0.1654
vn 0.2797 -0.9573 0.0732
vn 0.1408 -0.9899 0.0173
vn 0.2226 -0.9723 -0.0714
vn 0.2796 -0.9573 0.0733
vn 0.2230 -0.9722 -0.0712
vn 0.3537 -0.9353 -0.0144
vn -0.1253 -0.9880 -0.0901
vn -0.0419 -0.9829 -0.1794
vn 0.2226 -0.9723 -0.0717
vn -0.1253 -0.9880 -0.0900
vn 0.2225 -0.9723 -0.0720
vn 0.1411 -0.9898 0.0173
vn 0.0335 -0.9604 -0.2765
vn 0.2951 -0.9410 -0.1658
vn 0.2229 -0.9722 -0.0716
vn 0.0339 -0.9606 -0.2760
vn 0.2232 -0.9722 -0.0715
vn -0.0413 -0.9829 -0.1792
vn 0.1981 -0.9677 0.1561
vn 0.0513 -0.9937 0.0992
vn 0.0512 -0.9938 0.0992
vn 0.1411 -0.9898 0.0178
vn 0.1100 -0.9663 0.2328
vn -0.0433 -0.9840 0.1728
vn 0.0517 -0.9937 0.0992
vn 0.1980 -0.9677 0.1559
vn -0.3033 -0.9511 0.0582
vn -0.2135 -0.9769 -0.0106
vn 0.0514 -0.9937 0.0991
vn -0.3034 -0.9511 0.0582
vn 0.0511 -0.9937 0.0993
vn -0.0432 -0.9839 0.1733
vn -0.1254 -0.9880 -0.0901
vn 0.1408 -0.9899 0.0171
vn 0.0514 -0.9937 0.0992
vn -0.1170 -0.9895 -0.0855
vn -0.2134 -0.9769 -0.0103
vn 0.1101 -0.9663 0.2328
vn 0.0158 -0.9519 0.3061
vn -0.1409 -0.9611 0.2377
vn -0.1408 -0.9611 0.2375
vn -0.0432 -0.9840 0.1729
vn -0.0824 -0.9223 0.3777
vn -0.2390 -0.9256 0.2936
vn -0.1410 -0.9611 0.2376
vn -0.0824 -0.9222 0.3778
vn -0.1405 -0.9611 0.2379
vn 0.0159 -0.9519 0.3061
vn -0.4770 -0.8643 0.1598
vn -0.3919 -0.9128 0.1149
vn -0.1408 -0.9610 0.2381
vn -0.4773 -0.8641 0.1598
vn -0.1410 -0.9610 0.2380
vn -0.2385 -0.9256 0.2938
vn -0.3034 -0.9511 0.0581
vn -0.0434 -0.9840 0.1730
vn -0.3035 -0.9511 0.0581
vn -0.1407 -0.9610 0.2381
vn -0.3917 -0.9129 0.1150
vn -0.0822 -0.9223 0.3777
vn -0.1745 -0.8815 0.4387
vn -0.3336 -0.8796 0.3391
vn -0.0822 -0.9223 0.3776
vn -0.3336 -0.8797 0.3390
vn -0.2386 -0.9257 0.2936
vn -0.2595 -0.8369 0.4820
vn -0.4243 -0.8256 0.3719
vn -0.3338 -0.8796 0.3391
vn -0.2596 -0.8367 0.4821
vn -0.3333 -0.8798 0.3390
vn -0.1745 -0.8815 0.4388
vn -0.6315 -0.7450 0.2149
vn -0.5575 -0.8075 0.1930
vn -0.3336 -0.8798 0.3386
vn -0.6314 -0.7450 0.2150
vn -0.3336 -0.8799 0.3385
vn -0.4243 -0.8259 0.3713
vn -0.4772 -0.8642 0.1598
vn -0.2389 -0.9256 0.2937
vn -0.3337 -0.8797 0.3388
vn -0.4772 -0.8641 0.1598
vn -0.3333 -0.8800 0.3385
vn -0.5573 -0.8076 0.1930
vn -0.2598 -0.8368 0.4820
vn -0.3479 -0.7861 0.5108
vn -0.5120 -0.7641 0.3924
vn -0.2599 -0.8368 0.4820
vn -0.5119 -0.7641 0.3925
vn -0.4241 -0.8258 0.3719
vn -0.4421 -0.7245 0.5288
vn -0.5954 -0.6958 0.4016
vn -0.5119 -0.7642 0.3924
vn -0.4426 -0.7243 0.5286
vn -0.5118 -0.7643 0.3924
vn -0.3484 -0.7859 0.5109
vn -0.7589 -0.6098 0.2286
vn -0.6989 -0.6784 0.2267
vn -0.5121 -0.7643 0.3920
vn -0.7591 -0.6095 0.2288
vn -0.5121 -0.7643 0.3918
vn -0.5956 -0.6960 0.4010
vn -0.6314 -0.7451 0.2149
vn -0.4244 -0.8259 0.3713
vn -0.5120 -0.7644 0.3920
vn -0.5119 -0.7644 0.3919
vn -0.6987 -0.6786 0.2266
vn -0.7590 -0.6097 0.2284
vn -0.8115 -0.5406 0.2219
vn -0.9066 -0.4196 0.0456
vn -0.9065 -0.4197 0.0455
vn -0.8782 -0.4755 0.0516
vn -0.8566 -0.4725 0.2075
vn -0.9301 -0.3658 0.0339
vn -0.9065 -0.4198 0.0454
vn -0.8565 -0.4727 0.2075
vn -0.9066 -0.4196 0.0454
vn -0.9591 -0.2632 -0.1043
vn -0.9491 -0.2984 -0.1013
vn -0.9066 -0.4195 0.0457
vn -0.9590 -0.2634 -0.1043
vn -0.9064 -0.4198 0.0457
vn -0.9301 -0.3656 0.0339
vn -0.9368 -0.3345 -0.1024
vn -0.8780 -0.4759 0.0518
vn -0.9065 -0.4197 0.0457
vn -0.9368 -0.3345 -0.1025
vn -0.9066 -0.4196 0.0457
vn -0.9490 -0.2985 -0.1013
vn -0.8564 -0.4728 0.2073
vn -0.8945 -0.4061 0.1867
vn -0.9491 -0.3145 0.0175
vn -0.8565 -0.4726 0.2073
vn -0.9490 -0.3147 0.0174
vn -0.9255 -0.3429 0.1606
vn -0.9638 -0.2667 -0.0024
vn -0.9491 -0.3145 0.0172
vn -0.9491 -0.3144 0.0177
vn -0.8945 -0.4063 0.1864
vn -0.9729 -0.1971 -0.1207
vn -0.9670 -0.2292 -0.1108
vn -0.9492 -0.3142 0.0177
vn -0.9730 -0.1970 -0.1206
vn -0.9491 -0.3146 0.0174
vn -0.9639 -0.2663 -0.0022
vn -0.9301 -0.3658 0.0338
vn -0.9591 -0.2633 -0.1044
vn -0.9491 -0.3144 0.0175
vn -0.9669 -0.2295 -0.1112
vn -0.9255 -0.3431 0.1606
vn -0.9504 -0.2820 0.1314
vn -0.9749 -0.2214 -0.0247
vn -0.9256 -0.3426 0.1608
vn -0.9748 -0.2218 -0.0248
vn -0.9639 -0.2662 -0.0022
vn -0.9692 -0.2256 0.0990
vn -0.9824 -0.1803 -0.0489
vn -0.9749 -0.2215 -0.0247
vn -0.9749 -0.2213 -0.0244
vn -0.9503 -0.2825 0.1310
vn -0.9795 -0.1378 -0.1468
vn -0.9771 -0.1664 -0.1325
vn -0.9795 -0.1377 -0.1467
vn -0.9749 -0.2213 -0.0248
vn -0.9824 -0.1801 -0.0490
vn -0.9729 -0.1970 -0.1208
vn -0.9638 -0.2664 -0.0022
vn -0.9748 -0.2215 -0.0247
vn -0.9749 -0.2211 -0.0245
vn -0.9770 -0.1665 -0.1328
vn -0.9692 -0.2257 0.0989
vn -0.9828 -0.1733 0.0644
vn -0.9869 -0.1426 -0.0749
vn -0.9692 -0.2258 0.0988
vn -0.9870 -0.1425 -0.0746
vn -0.9825 -0.1800 -0.0487
vn -0.9917 -0.1252 0.0282
vn -0.9890 -0.1080 -0.1015
vn -0.9870 -0.1423 -0.0746
vn -0.9917 -0.1251 0.0281
vn -0.9870 -0.1424 -0.0747
vn -0.9827 -0.1734 0.0644
vn -0.9800 -0.0863 -0.1791
vn -0.9805 -0.1111 -0.1624
vn -0.9870 -0.1425 -0.0749
vn -0.9800 -0.0863 -0.1794
vn -0.9870 -0.1421 -0.0747
vn -0.9889 -0.1080 -0.1018
vn -0.9796 -0.1377 -0.1465
vn -0.9824 -0.1801 -0.0488
vn -0.9870 -0.1422 -0.0746
vn -0.9796 -0.1376 -0.1466
vn -0.9870 -0.1423 -0.0747
vn -0.9805 -0.1111 -0.1623
vn -0.9918 -0.1248 0.0283
vn -0.9886 -0.0768 -0.1297
vn -0.9918 -0.1250 0.0280
vn -0.9887 -0.0765 -0.1293
vn -0.9889 -0.1082 -0.1016
vn -0.9981 -0.0392 -0.0480
vn -0.9863 -0.0480 -0.1578
vn -0.9886 -0.0766 -0.1296
vn -0.9981 -0.0391 -0.0478
vn -0.9886 -0.0768 -0.1296
vn -0.9967 -0.0802 -0.0093
vn -0.9754 -0.0420 -0.2163
vn -0.9783 -0.0634 -0.1975
vn -0.9886 -0.0765 -0.1296
vn -0.9754 -0.0419 -0.2164
vn -0.9886 -0.0764 -0.1295
vn -0.9862 -0.0480 -0.1582
vn -0.9799 -0.0865 -0.1795
vn -0.9889 -0.1079 -0.1018
vn -0.9886 -0.0763 -0.1296
vn -0.9800 -0.0863 -0.1792
vn -0.9886 -0.0767 -0.1297
vn -0.9783 -0.0631 -0.1973
vn -0.9962 -0.0013 -0.0871
vn -0.9822 -0.0220 -0.1865
vn -0.9981 -0.0393 -0.0478
vn -0.9822 -0.0221 -0.1866
vn -0.9863 -0.0483 -0.1580
vn -0.9914 0.0339 -0.1268
vn -0.9765 0.0018 -0.2154
vn -0.9822 -0.0220 -0.1868
vn -0.9914 0.0339 -0.1267
vn -0.9822 -0.0220 -0.1867
vn -0.9962 -0.0012 -0.0870
vn -0.9666 -0.0036 -0.2564
vn -0.9715 -0.0221 -0.2360
vn -0.9822 -0.0219 -0.1865
vn -0.9665 -0.0036 -0.2565
vn -0.9822 -0.0218 -0.1866
vn -0.9754 -0.0420 -0.2165
vn -0.9862 -0.0481 -0.1581
vn -0.9822 -0.0221 -0.1868
vn -0.9715 -0.0222 -0.2361
vn -0.9914 0.0340 -0.1267
vn -0.9838 0.0665 -0.1666
vn -0.9695 0.0236 -0.2441
vn -0.9914 0.0340 -0.1266
vn -0.9694 0.0235 -0.2444
vn -0.9735 0.0968 -0.2072
vn -0.9610 0.0438 -0.2732
vn -0.9695 0.0238 -0.2441
vn -0.9695 0.0238 -0.2440
vn -0.9837 0.0666 -0.1670
vn -0.9539 0.0297 -0.2987
vn -0.9607 0.0136 -0.2774
vn -0.9694 0.0236 -0.2444
vn -0.9694 0.0236 -0.2443
vn -0.9610 0.0442 -0.2731
vn -0.9666 -0.0035 -0.2563
vn -0.9765 0.0018 -0.2155
vn -0.9665 -0.0038 -0.2567
vn -0.9694 0.0237 -0.2442
vn -0.9606 0.0134 -0.2776
vn -0.9735 0.0967 -0.2075
vn -0.9608 0.1244 -0.2476
vn -0.9515 0.0625 -0.3014
vn -0.9735 0.0967 -0.2074
vn -0.9516 0.0628 -0.3010
vn -0.9610 0.0441 -0.2730
vn -0.9458 0.1502 -0.2880
vn -0.9409 0.0804 -0.3290
vn -0.9516 0.0628 -0.3009
vn -0.9458 0.1505 -0.2877
vn -0.9515 0.0627 -0.3012
vn -0.9609 0.1246 -0.2474
vn -0.9381 0.0586 -0.3415
vn -0.9463 0.0444 -0.3203
vn -0.9515 0.0627 -0.3011
vn -0.9380 0.0585 -0.3416
vn -0.9515 0.0629 -0.3011
vn -0.9408 0.0804 -0.3293
vn -0.9540 0.0297 -0.2985
vn -0.9610 0.0442 -0.2729
vn -0.9539 0.0297 -0.2986
vn -0.9515 0.0628 -0.3011
vn -0.9464 0.0445 -0.3199
vn -0.9459 0.1504 -0.2876
vn -0.9291 0.0975 -0.3568
vn -0.9290 0.0974 -0.3570
vn -0.9408 0.0804 -0.3292
vn -0.9157 0.1136 -0.3855
vn -0.9289 0.0973 -0.3574
vn -0.9084 0.1969 -0.3688
vn -0.9291 0.0974 -0.3568
vn -0.9188 0.0836 -0.3858
vn -0.9289 0.0716 -0.3632
vn -0.9289 0.0974 -0.3572
vn -0.9189 0.0836 -0.3856
vn -0.9289 0.0974 -0.3573
vn -0.9158 0.1138 -0.3852
vn -0.9380 0.0586 -0.3416
vn -0.9408 0.0806 -0.3292
vn -0.9290 0.0974 -0.3571
vn -0.9288 0.0715 -0.3635
vn -0.9083 0.1967 -0.3691
vn -0.8857 0.2172 -0.4104
vn -0.9009 0.1291 -0.4144
vn -0.9085 0.1969 -0.3687
vn -0.9008 0.1290 -0.4147
vn -0.9157 0.1138 -0.3854
vn -0.8870 0.1445 -0.4387
vn -0.9009 0.1291 -0.4143
vn -0.8603 0.2355 -0.4521
vn -0.9008 0.1292 -0.4147
vn -0.8856 0.2172 -0.4105
vn -0.8960 0.1046 -0.4315
vn -0.9078 0.0947 -0.4085
vn -0.9008 0.1291 -0.4147
vn -0.8960 0.1047 -0.4315
vn -0.8844 0.1437 -0.4442
vn -0.9189 0.0835 -0.3855
vn -0.9157 0.1135 -0.3854
vn -0.9008 0.1291 -0.4146
vn -0.9079 0.0946 -0.4085
vn -0.8603 0.2354 -0.4521
vn -0.8319 0.2511 -0.4948
vn -0.8662 0.1566 -0.4745
vn -0.8601 0.2355 -0.4525
vn -0.8663 0.1566 -0.4743
vn -0.8845 0.1436 -0.4440
vn -0.8007 0.2641 -0.5377
vn -0.8460 0.1676 -0.5062
vn -0.8661 0.1566 -0.4746
vn -0.8007 0.2641 -0.5378
vn -0.8659 0.1564 -0.4752
vn -0.8322 0.2512 -0.4944
vn -0.8699 0.1204 -0.4783
vn -0.8833 0.1133 -0.4549
vn -0.8662 0.1564 -0.4746
vn -0.8698 0.1205 -0.4784
vn -0.8459 0.1675 -0.5063
vn -0.8961 0.1048 -0.4313
vn -0.8844 0.1435 -0.4441
vn -0.8662 0.1564 -0.4745
vn -0.8960 0.1048 -0.4314
vn -0.8661 0.1563 -0.4748
vn -0.8835 0.1133 -0.4546
vn -0.7663 0.2740 -0.5811
vn -0.8237 0.1769 -0.5387
vn -0.8459 0.1679 -0.5062
vn -0.7284 0.2799 -0.6253
vn -0.7992 0.1836 -0.5723
vn -0.8237 0.1770 -0.5387
vn -0.7282 0.2799 -0.6255
vn -0.8238 0.1770 -0.5386
vn -0.7662 0.2739 -0.5814
vn -0.8398 0.1295 -0.5273
vn -0.8552 0.1258 -0.5028
vn -0.8238 0.1769 -0.5386
vn -0.8397 0.1295 -0.5274
vn -0.8236 0.1768 -0.5390
vn -0.7994 0.1835 -0.5721
vn -0.8697 0.1205 -0.4787
vn -0.8460 0.1676 -0.5061
vn -0.8238 0.1768 -0.5387
vn -0.8698 0.1204 -0.4784
vn -0.8239 0.1767 -0.5385
vn -0.8552 0.1260 -0.5027
vn -0.7282 0.2799 -0.6256
vn -0.6866 0.2818 -0.6702
vn -0.7728 0.1874 -0.6064
vn -0.7285 0.2798 -0.6253
vn -0.7724 0.1874 -0.6069
vn -0.7994 0.1838 -0.5720
vn -0.6408 0.2788 -0.7153
vn -0.7432 0.1878 -0.6422
vn -0.7725 0.1875 -0.6067
vn -0.6410 0.2788 -0.7151
vn -0.7726 0.1874 -0.6066
vn -0.8057 0.1295 -0.5780
vn -0.8233 0.1307 -0.5524
vn -0.7725 0.1872 -0.6068
vn -0.8057 0.1296 -0.5779
vn -0.7724 0.1873 -0.6068
vn -0.7432 0.1875 -0.6422
vn -0.7992 0.1835 -0.5723
vn -0.8395 0.1294 -0.5277
vn -0.7728 0.1873 -0.6064
vn -0.8231 0.1307 -0.5526
vn -0.6409 0.2789 -0.7152
vn -0.5907 0.2703 -0.7603
vn -0.7109 0.1840 -0.6788
vn -0.7113 0.1840 -0.6784
vn -0.7432 0.1878 -0.6421
vn -0.5363 0.2556 -0.8044
vn -0.6764 0.1757 -0.7153
vn -0.7113 0.1839 -0.6784
vn -0.7111 0.1841 -0.6785
vn -0.5911 0.2703 -0.7600
vn -0.7677 0.1187 -0.6297
vn -0.7872 0.1256 -0.6038
vn -0.7110 0.1839 -0.6787
vn -0.7676 0.1187 -0.6298
vn -0.7112 0.1840 -0.6784
vn -0.6761 0.1757 -0.7156
vn -0.8058 0.1297 -0.5778
vn -0.7431 0.1876 -0.6423
vn -0.7114 0.1839 -0.6783
vn -0.8058 0.1296 -0.5778
vn -0.7111 0.1838 -0.6786
vn -0.7872 0.1257 -0.6037
vn -0.5365 0.2556 -0.8043
vn -0.4780 0.2343 -0.8465
vn -0.6389 0.1627 -0.7519
vn -0.5366 0.2555 -0.8042
vn -0.6762 0.1757 -0.7155
vn -0.4161 0.2051 -0.8859
vn -0.5987 0.1436 -0.7880
vn -0.6389 0.1625 -0.7520
vn -0.4155 0.2052 -0.8861
vn -0.6386 0.1626 -0.7521
vn -0.4780 0.2340 -0.8466
vn -0.7267 0.0941 -0.6805
vn -0.7471 0.1083 -0.6558
vn -0.6390 0.1627 -0.7518
vn -0.7267 0.0940 -0.6805
vn -0.6388 0.1627 -0.7520
vn -0.6015 0.1444 -0.7857
vn -0.7675 0.1187 -0.6299
vn -0.6765 0.1755 -0.7152
vn -0.6387 0.1627 -0.7521
vn -0.7680 0.1187 -0.6294
vn -0.7475 0.1084 -0.6554
vn -0.4160 0.2051 -0.8860
vn -0.3510 0.1679 -0.9212
vn -0.5569 0.1180 -0.8221
vn -0.4159 0.2052 -0.8859
vn -0.5567 0.1183 -0.8222
vn -0.5988 0.1436 -0.7879
vn -0.2836 0.1214 -0.9512
vn -0.5132 0.0853 -0.8540
vn -0.5568 0.1180 -0.8222
vn -0.2835 0.1216 -0.9512
vn -0.5567 0.1180 -0.8223
vn -0.3507 0.1679 -0.9213
vn -0.6851 0.0525 -0.7265
vn -0.7058 0.0755 -0.7043
vn -0.5567 0.1185 -0.8222
vn -0.6852 0.0523 -0.7265
vn -0.5568 0.1185 -0.8222
vn -0.5130 0.0858 -0.8541
vn -0.7266 0.0939 -0.6806
vn -0.5985 0.1439 -0.7881
vn -0.5567 0.1184 -0.8223
vn -0.5568 0.1186 -0.8221
vn -0.7058 0.0756 -0.7044
vn -0.2833 0.1214 -0.9513
vn -0.2149 0.0655 -0.9744
vn -0.4684 0.0446 -0.8824
vn -0.5131 0.0853 -0.8541
vn -0.1461 0.0009 -0.9893
vn -0.4232 -0.0036 -0.9061
vn -0.4682 0.0448 -0.8825
vn -0.1462 0.0010 -0.9893
vn -0.4685 0.0447 -0.8824
vn -0.2148 0.0656 -0.9744
vn -0.6463 -0.0090 -0.7630
vn -0.6653 0.0240 -0.7462
vn -0.4682 0.0450 -0.8825
vn -0.6463 -0.0092 -0.7631
vn -0.4684 0.0449 -0.8824
vn -0.4235 -0.0038 -0.9059
vn -0.6852 0.0524 -0.7265
vn -0.5129 0.0859 -0.8541
vn -0.4682 0.0450 -0.8824
vn -0.6851 0.0522 -0.7266
vn -0.4684 0.0450 -0.8823
vn -0.1464 0.0009 -0.9892
vn -0.0788 -0.0722 -0.9943
vn -0.3789 -0.0603 -0.9235
vn -0.1462 0.0008 -0.9893
vn -0.3790 -0.0605 -0.9234
vn -0.4236 -0.0036 -0.9059
vn -0.0146 -0.1532 -0.9881
vn -0.3358 -0.1250 -0.9336
vn -0.3788 -0.0600 -0.9235
vn -0.0148 -0.1532 -0.9881
vn -0.3789 -0.0604 -0.9235
vn -0.0794 -0.0718 -0.9943
vn -0.6126 -0.0899 -0.7853
vn -0.6287 -0.0469 -0.7763
vn -0.3791 -0.0604 -0.9234
vn -0.6127 -0.0898 -0.7852
vn -0.3791 -0.0605 -0.9234
vn -0.3359 -0.1255 -0.9335
vn -0.6463 -0.0091 -0.7631
vn -0.4234 -0.0037 -0.9059
vn -0.3792 -0.0604 -0.9233
vn -0.6459 -0.0090 -0.7634
vn -0.6285 -0.0471 -0.7764
vn -0.0149 -0.1530 -0.9881
vn 0.0448 -0.2410 -0.9695
vn -0.2955 -0.1980 -0.9346
vn -0.0150 -0.1531 -0.9881
vn -0.2958 -0.1982 -0.9345
vn -0.3357 -0.1252 -0.9336
vn 0.0977 -0.3341 -0.9375
vn -0.2595 -0.2785 -0.9247
vn -0.2955 -0.1981 -0.9346
vn -0.2952 -0.1985 -0.9346
vn 0.0452 -0.2409 -0.9695
vn -0.5886 -0.1898 -0.7858
vn -0.5990 -0.1376 -0.7888
vn -0.2957 -0.1985 -0.9344
vn -0.5886 -0.1898 -0.7859
vn -0.2958 -0.1984 -0.9344
vn -0.2597 -0.2787 -0.9246
vn -0.6127 -0.0899 -0.7852
vn -0.3362 -0.1254 -0.9334
vn -0.2955 -0.1984 -0.9345
vn -0.6127 -0.0896 -0.7852
vn -0.2955 -0.1985 -0.9345
vn -0.5989 -0.1375 -0.7889
vn 0.0980 -0.3343 -0.9374
vn 0.1411 -0.4312 -0.8912
vn -0.2294 -0.3649 -0.9023
vn 0.0978 -0.3342 -0.9374
vn -0.2294 -0.3650 -0.9023
vn -0.2593 -0.2786 -0.9248
vn 0.1730 -0.5290 -0.8308
vn -0.2077 -0.4554 -0.8657
vn 0.1733 -0.5290 -0.8308
vn -0.2296 -0.3651 -0.9022
vn 0.1415 -0.4309 -0.8912
vn -0.5799 -0.3056 -0.7552
vn -0.5817 -0.2466 -0.7751
vn -0.2296 -0.3654 -0.9021
vn -0.5795 -0.3055 -0.7555
vn -0.2295 -0.3654 -0.9021
vn -0.2082 -0.4556 -0.8655
vn -0.5886 -0.1900 -0.7857
vn -0.2594 -0.2788 -0.9246
vn -0.2297 -0.3652 -0.9021
vn -0.5886 -0.1896 -0.7858
vn -0.2295 -0.3652 -0.9022
vn -0.5819 -0.2460 -0.7752
vn 0.1733 -0.5286 -0.8310
vn 0.1910 -0.6247 -0.7572
vn -0.1976 -0.5464 -0.8139
vn -0.1974 -0.5464 -0.8139
vn -0.2082 -0.4553 -0.8657
vn 0.1931 -0.7156 -0.6713
vn -0.1994 -0.6338 -0.7473
vn -0.1976 -0.5466 -0.8137
vn 0.1929 -0.7154 -0.6716
vn -0.1977 -0.5465 -0.8138
vn 0.1911 -0.6245 -0.7573
vn -0.5926 -0.4243 -0.6847
vn -0.5831 -0.3659 -0.7253
vn -0.5925 -0.4242 -0.6848
vn -0.1975 -0.5468 -0.8136
vn -0.1997 -0.6338 -0.7473
vn -0.5797 -0.3059 -0.7552
vn -0.2081 -0.4558 -0.8654
vn -0.1975 -0.5465 -0.8139
vn -0.5795 -0.3059 -0.7553
vn -0.1974 -0.5463 -0.8140
vn -0.5830 -0.3658 -0.7254
vn 0.1932 -0.7154 -0.6715
vn 0.1781 -0.7968 -0.5773
vn -0.2160 -0.7117 -0.6684
vn -0.2160 -0.7118 -0.6684
vn -0.1997 -0.6341 -0.7470
vn -0.2461 -0.7764 -0.5802
vn 0.1781 -0.7967 -0.5775
vn -0.6302 -0.5200 -0.5766
vn -0.6088 -0.4767 -0.6341
vn -0.2160 -0.7119 -0.6682
vn -0.6303 -0.5197 -0.5767
vn -0.2457 -0.7764 -0.5804
vn -0.5930 -0.4243 -0.6844
vn -0.1999 -0.6338 -0.7472
vn -0.2158 -0.7116 -0.6686
vn -0.5929 -0.4242 -0.6845
vn -0.2157 -0.7116 -0.6687
vn -0.6085 -0.4767 -0.6344
vn 0.1460 -0.8660 -0.4783
vn 0.0969 -0.9213 -0.3766
vn -0.2891 -0.8243 -0.4868
vn -0.2892 -0.8243 -0.4867
vn -0.2457 -0.7765 -0.5803
vn 0.0336 -0.9605 -0.2762
vn -0.3427 -0.8534 -0.3929
vn -0.2891 -0.8242 -0.4869
vn 0.0338 -0.9606 -0.2758
vn -0.2888 -0.8245 -0.4866
vn 0.0976 -0.9212 -0.3766
vn -0.6879 -0.5707 -0.4484
vn -0.6574 -0.5520 -0.5130
vn -0.2888 -0.8245 -0.4867
vn -0.6878 -0.5710 -0.4483
vn -0.2890 -0.8243 -0.4868
vn -0.3424 -0.8533 -0.3932
vn -0.6305 -0.5201 -0.5762
vn -0.2463 -0.7765 -0.5800
vn -0.2891 -0.8240 -0.4872
vn -0.6304 -0.5203 -0.5761
vn -0.2888 -0.8242 -0.4871
vn -0.6573 -0.5517 -0.5134
vn 0.0341 -0.9605 -0.2762
vn -0.0419 -0.9829 -0.1791
vn -0.4039 -0.8635 -0.3021
vn 0.0339 -0.9605 -0.2762
vn -0.3423 -0.8534 -0.3930
vn -0.1256 -0.9880 -0.0897
vn -0.4686 -0.8557 -0.2194
vn -0.4036 -0.8636 -0.3021
vn -0.1255 -0.9880 -0.0895
vn -0.7528 -0.5720 -0.3257
vn -0.7207 -0.5770 -0.3844
vn -0.4037 -0.8635 -0.3023
vn -0.7529 -0.5720 -0.3256
vn -0.4685 -0.8557 -0.2199
vn -0.6880 -0.5709 -0.4481
vn -0.3427 -0.8533 -0.3929
vn -0.4038 -0.8634 -0.3024
vn -0.4037 -0.8635 -0.3024
vn -0.7205 -0.5771 -0.3845
vn -0.1255 -0.9880 -0.0896
vn -0.2138 -0.9768 -0.0105
vn -0.5339 -0.8326 -0.1476
vn -0.5337 -0.8327 -0.1475
vn -0.4685 -0.8557 -0.2196
vn -0.3036 -0.9510 0.0579
vn -0.5969 -0.7976 -0.0871
vn -0.5335 -0.8328 -0.1474
vn -0.3034 -0.9511 0.0580
vn -0.2139 -0.9768 -0.0102
vn -0.8133 -0.5351 -0.2285
vn -0.7841 -0.5571 -0.2734
vn -0.5337 -0.8326 -0.1478
vn -0.8132 -0.5354 -0.2283
vn -0.5336 -0.8327 -0.1478
vn -0.5969 -0.7976 -0.0875
vn -0.7529 -0.5719 -0.3257
vn -0.4685 -0.8557 -0.2198
vn -0.5339 -0.8325 -0.1479
vn -0.7530 -0.5718 -0.3257
vn -0.5337 -0.8326 -0.1480
vn -0.7841 -0.5573 -0.2733
vn -0.3035 -0.9511 0.0578
vn -0.3920 -0.9128 0.1148
vn -0.6565 -0.7533 -0.0388
vn -0.3035 -0.9511 0.0582
vn -0.6566 -0.7532 -0.0388
vn -0.5971 -0.7974 -0.0873
vn -0.4774 -0.8641 0.1594
vn -0.7114 -0.7027 -0.0015
vn -0.6563 -0.7535 -0.0386
vn -0.4772 -0.8642 0.1595
vn -0.6565 -0.7533 -0.0387
vn -0.3920 -0.9128 0.1147
vn -0.8643 -0.4765 -0.1609
vn -0.8400 -0.5079 -0.1912
vn -0.6565 -0.7534 -0.0388
vn -0.8645 -0.4763 -0.1605
vn -0.6564 -0.7534 -0.0393
vn -0.7114 -0.7028 -0.0020
vn -0.8132 -0.5352 -0.2285
vn -0.5968 -0.7976 -0.0876
vn -0.6566 -0.7533 -0.0391
vn -0.8401 -0.5077 -0.1910
vn -0.4769 -0.8644 0.1593
vn -0.5576 -0.8074 0.1927
vn -0.7612 -0.6481 0.0252
vn -0.4770 -0.8643 0.1594
vn -0.7612 -0.6481 0.0249
vn -0.7116 -0.7026 -0.0015
vn -0.6317 -0.7449 0.2146
vn -0.8055 -0.5911 0.0420
vn -0.7610 -0.6483 0.0249
vn -0.6313 -0.7453 0.2146
vn -0.7611 -0.6481 0.0250
vn -0.5573 -0.8077 0.1924
vn -0.9054 -0.4071 -0.1204
vn -0.8860 -0.4428 -0.1376
vn -0.7610 -0.6483 0.0250
vn -0.9054 -0.4073 -0.1201
vn -0.7610 -0.6483 0.0248
vn -0.8055 -0.5912 0.0420
vn -0.8643 -0.4766 -0.1607
vn -0.7113 -0.7028 -0.0020
vn -0.7612 -0.6480 0.0248
vn -0.8645 -0.4762 -0.1609
vn -0.8861 -0.4426 -0.1375
vn -0.6316 -0.7450 0.2145
vn -0.6990 -0.6784 0.2264
vn -0.8444 -0.5334 0.0507
vn -0.6316 -0.7450 0.2147
vn -0.8444 -0.5333 0.0506
vn -0.7591 -0.6096 0.2286
vn -0.8781 -0.4756 0.0515
vn -0.8443 -0.5334 0.0505
vn -0.7591 -0.6096 0.2285
vn -0.8444 -0.5332 0.0506
vn -0.6988 -0.6786 0.2263
vn -0.9221 -0.3712 -0.1089
vn -0.8443 -0.5334 0.0507
vn -0.8779 -0.4760 0.0517
vn -0.9052 -0.4075 -0.1203
vn -0.8054 -0.5913 0.0421
vn -0.8443 -0.5335 0.0509
vn -0.9054 -0.4071 -0.1202
vn -0.8442 -0.5336 0.0507
vn -0.9222 -0.3711 -0.1087
vn -0.9368 -0.3346 -0.1025
vn -0.9490 -0.2984 -0.1014
vn -0.9517 -0.1877 -0.2431
vn -0.9369 -0.3343 -0.1024
vn -0.9516 -0.1877 -0.2432
vn -0.9473 -0.2025 -0.2484
vn -0.9591 -0.2632 -0.1044
vn -0.9560 -0.1717 -0.2379
vn -0.9590 -0.2633 -0.1044
vn -0.9323 -0.1049 -0.3463
vn -0.9320 -0.1123 -0.3445
vn -0.9517 -0.1876 -0.2430
vn -0.9323 -0.1047 -0.3461
vn -0.9516 -0.1876 -0.2434
vn -0.9561 -0.1713 -0.2378
vn -0.9286 -0.1127 -0.3534
vn -0.9472 -0.2024 -0.2485
vn -0.9517 -0.1875 -0.2430
vn -0.9287 -0.1125 -0.3533
vn -0.9517 -0.1875 -0.2431
vn -0.9320 -0.1123 -0.3446
vn -0.9670 -0.2293 -0.1110
vn -0.9592 -0.1554 -0.2363
vn -0.9591 -0.1554 -0.2366
vn -0.9561 -0.1715 -0.2376
vn -0.9730 -0.1968 -0.1206
vn -0.9617 -0.1392 -0.2359
vn -0.9591 -0.1554 -0.2364
vn -0.9669 -0.2294 -0.1113
vn -0.9348 -0.0952 -0.3421
vn -0.9356 -0.1020 -0.3379
vn -0.9591 -0.1553 -0.2366
vn -0.9347 -0.0952 -0.3424
vn -0.9591 -0.1552 -0.2366
vn -0.9618 -0.1390 -0.2359
vn -0.9323 -0.1048 -0.3460
vn -0.9560 -0.1713 -0.2380
vn -0.9322 -0.1049 -0.3464
vn -0.9355 -0.1023 -0.3383
vn -0.9729 -0.1971 -0.1211
vn -0.9771 -0.1662 -0.1327
vn -0.9635 -0.1221 -0.2380
vn -0.9729 -0.1971 -0.1208
vn -0.9636 -0.1220 -0.2380
vn -0.9619 -0.1390 -0.2356
vn -0.9795 -0.1378 -0.1467
vn -0.9647 -0.1063 -0.2411
vn -0.9636 -0.1221 -0.2380
vn -0.9771 -0.1664 -0.1329
vn -0.9362 -0.0838 -0.3414
vn -0.9377 -0.0902 -0.3354
vn -0.9635 -0.1220 -0.2382
vn -0.9362 -0.0837 -0.3413
vn -0.9636 -0.1219 -0.2381
vn -0.9646 -0.1063 -0.2412
vn -0.9348 -0.0952 -0.3422
vn -0.9618 -0.1389 -0.2358
vn -0.9635 -0.1220 -0.2383
vn -0.9348 -0.0951 -0.3421
vn -0.9636 -0.1218 -0.2380
vn -0.9378 -0.0900 -0.3352
vn -0.9796 -0.1376 -0.1468
vn -0.9804 -0.1112 -0.1626
vn -0.9649 -0.0892 -0.2469
vn -0.9795 -0.1377 -0.1469
vn -0.9650 -0.0891 -0.2466
vn -0.9646 -0.1064 -0.2413
vn -0.9799 -0.0866 -0.1796
vn -0.9647 -0.0743 -0.2527
vn -0.9801 -0.0859 -0.1790
vn -0.9649 -0.0893 -0.2471
vn -0.9805 -0.1107 -0.1622
vn -0.9362 -0.0716 -0.3442
vn -0.9388 -0.0768 -0.3358
vn -0.9650 -0.0889 -0.2469
vn -0.9361 -0.0714 -0.3443
vn -0.9649 -0.0889 -0.2469
vn -0.9646 -0.0742 -0.2530
vn -0.9361 -0.0840 -0.3417
vn -0.9647 -0.1059 -0.2410
vn -0.9649 -0.0891 -0.2470
vn -0.9388 -0.0767 -0.3358
vn -0.9800 -0.0862 -0.1793
vn -0.9782 -0.0634 -0.1977
vn -0.9634 -0.0574 -0.2618
vn -0.9800 -0.0862 -0.1791
vn -0.9633 -0.0576 -0.2621
vn -0.9646 -0.0744 -0.2531
vn -0.9617 -0.0436 -0.2705
vn -0.9754 -0.0418 -0.2164
vn -0.9782 -0.0633 -0.1976
vn -0.9348 -0.0586 -0.3504
vn -0.9385 -0.0625 -0.3396
vn -0.9633 -0.0577 -0.2623
vn -0.9347 -0.0587 -0.3504
vn -0.9632 -0.0576 -0.2624
vn -0.9618 -0.0435 -0.2703
vn -0.9362 -0.0714 -0.3442
vn -0.9646 -0.0743 -0.2530
vn -0.9634 -0.0573 -0.2618
vn -0.9385 -0.0626 -0.3397
vn -0.9715 -0.0218 -0.2359
vn -0.9589 -0.0276 -0.2823
vn -0.9590 -0.0274 -0.2821
vn -0.9618 -0.0434 -0.2703
vn -0.9666 -0.0035 -0.2564
vn -0.9559 -0.0140 -0.2932
vn -0.9588 -0.0276 -0.2826
vn -0.9665 -0.0038 -0.2568
vn -0.9590 -0.0274 -0.2822
vn -0.9715 -0.0220 -0.2362
vn -0.9319 -0.0458 -0.3598
vn -0.9366 -0.0480 -0.3472
vn -0.9589 -0.0275 -0.2825
vn -0.9320 -0.0459 -0.3596
vn -0.9589 -0.0275 -0.2824
vn -0.9560 -0.0139 -0.2932
vn -0.9349 -0.0585 -0.3500
vn -0.9618 -0.0431 -0.2702
vn -0.9589 -0.0276 -0.2825
vn -0.9589 -0.0274 -0.2824
vn -0.9364 -0.0481 -0.3475
vn -0.9665 -0.0035 -0.2566
vn -0.9607 0.0137 -0.2774
vn -0.9514 0.0004 -0.3079
vn -0.9664 -0.0038 -0.2569
vn -0.9514 0.0006 -0.3080
vn -0.9560 -0.0140 -0.2931
vn -0.9539 0.0296 -0.2985
vn -0.9468 0.0134 -0.3216
vn -0.9514 0.0006 -0.3078
vn -0.9539 0.0297 -0.2985
vn -0.9514 0.0005 -0.3078
vn -0.9277 -0.0335 -0.3717
vn -0.9329 -0.0336 -0.3586
vn -0.9515 0.0008 -0.3077
vn -0.9278 -0.0335 -0.3717
vn -0.9513 0.0006 -0.3082
vn -0.9467 0.0135 -0.3217
vn -0.9320 -0.0458 -0.3597
vn -0.9558 -0.0139 -0.2936
vn -0.9514 0.0006 -0.3081
vn -0.9320 -0.0458 -0.3596
vn -0.9330 -0.0334 -0.3584
vn -0.9539 0.0298 -0.2986
vn -0.9463 0.0445 -0.3202
vn -0.9409 0.0256 -0.3377
vn -0.9409 0.0257 -0.3377
vn -0.9468 0.0136 -0.3215
vn -0.9380 0.0584 -0.3416
vn -0.9347 0.0370 -0.3535
vn -0.9408 0.0255 -0.3379
vn -0.9380 0.0585 -0.3417
vn -0.9409 0.0255 -0.3378
vn -0.9464 0.0447 -0.3200
vn -0.9222 -0.0231 -0.3861
vn -0.9275 -0.0203 -0.3733
vn -0.9409 0.0256 -0.3378
vn -0.9222 -0.0231 -0.3860
vn -0.9409 0.0257 -0.3376
vn -0.9345 0.0369 -0.3540
vn -0.9276 -0.0337 -0.3720
vn -0.9468 0.0136 -0.3214
vn -0.9278 -0.0335 -0.3715
vn -0.9409 0.0255 -0.3379
vn -0.9289 0.0715 -0.3635
vn -0.9277 0.0461 -0.3704
vn -0.9276 0.0459 -0.3706
vn -0.9346 0.0367 -0.3538
vn -0.9189 0.0837 -0.3854
vn -0.9198 0.0548 -0.3884
vn -0.9189 0.0836 -0.3855
vn -0.9276 0.0461 -0.3707
vn -0.9289 0.0715 -0.3634
vn -0.9157 -0.0152 -0.4015
vn -0.9207 -0.0095 -0.3902
vn -0.9276 0.0460 -0.3707
vn -0.9157 -0.0151 -0.4015
vn -0.9199 0.0548 -0.3884
vn -0.9222 -0.0232 -0.3861
vn -0.9346 0.0368 -0.3537
vn -0.9222 -0.0231 -0.3859
vn -0.9276 0.0459 -0.3708
vn -0.9207 -0.0097 -0.3901
vn -0.9187 0.0836 -0.3859
vn -0.9079 0.0947 -0.4083
vn -0.9122 0.0607 -0.4052
vn -0.9188 0.0835 -0.3857
vn -0.9122 0.0608 -0.4052
vn -0.9200 0.0549 -0.3881
vn -0.9035 0.0665 -0.4234
vn -0.8961 0.1045 -0.4315
vn -0.9122 0.0608 -0.4051
vn -0.9078 0.0946 -0.4085
vn -0.9088 -0.0101 -0.4171
vn -0.9130 -0.0028 -0.4081
vn -0.9034 0.0666 -0.4235
vn -0.9158 -0.0151 -0.4013
vn -0.9198 0.0547 -0.3885
vn -0.9123 0.0608 -0.4049
vn -0.9124 0.0608 -0.4048
vn -0.9129 -0.0028 -0.4082
vn -0.8961 0.1047 -0.4313
vn -0.8835 0.1133 -0.4545
vn -0.8958 0.0695 -0.4390
vn -0.8961 0.1046 -0.4313
vn -0.8958 0.0695 -0.4389
vn -0.9035 0.0665 -0.4235
vn -0.8698 0.1204 -0.4785
vn -0.8868 0.0721 -0.4565
vn -0.8959 0.0697 -0.4389
vn -0.8958 0.0696 -0.4391
vn -0.8834 0.1134 -0.4547
vn -0.9022 -0.0080 -0.4313
vn -0.9052 0.0001 -0.4251
vn -0.8959 0.0698 -0.4388
vn -0.9021 -0.0081 -0.4314
vn -0.8960 0.0694 -0.4386
vn -0.8867 0.0722 -0.4567
vn -0.9088 -0.0100 -0.4172
vn -0.9035 0.0665 -0.4233
vn -0.8957 0.0696 -0.4391
vn -0.9088 -0.0102 -0.4172
vn -0.8957 0.0694 -0.4392
vn -0.9053 -0.0000 -0.4249
vn -0.8699 0.1205 -0.4783
vn -0.8552 0.1258 -0.5029
vn -0.8790 0.0724 -0.4713
vn -0.8792 0.0723 -0.4709
vn -0.8866 0.0721 -0.4570
vn -0.8397 0.1293 -0.5274
vn -0.8697 0.0716 -0.4883
vn -0.8790 0.0723 -0.4713
vn -0.8397 0.1293 -0.5275
vn -0.8788 0.0724 -0.4716
vn -0.8553 0.1258 -0.5026
vn -0.8958 -0.0093 -0.4443
vn -0.8981 -0.0005 -0.4398
vn -0.8959 -0.0093 -0.4443
vn -0.8790 0.0722 -0.4713
vn -0.8697 0.0715 -0.4884
vn -0.9022 -0.0081 -0.4313
vn -0.8868 0.0719 -0.4565
vn -0.8790 0.0723 -0.4714
vn -0.9021 -0.0081 -0.4315
vn -0.8790 0.0722 -0.4714
vn -0.8982 -0.0006 -0.4396
vn -0.8397 0.1294 -0.5274
vn -0.8621 0.0691 -0.5020
vn -0.8620 0.0689 -0.5022
vn -0.8698 0.0716 -0.4883
vn -0.8058 0.1295 -0.5778
vn -0.8533 0.0649 -0.5173
vn -0.8620 0.0690 -0.5021
vn -0.8056 0.1294 -0.5782
vn -0.8622 0.0690 -0.5019
vn -0.8232 0.1306 -0.5525
vn -0.8902 -0.0134 -0.4553
vn -0.8916 -0.0043 -0.4529
vn -0.8623 0.0690 -0.5018
vn -0.8904 -0.0134 -0.4549
vn -0.8620 0.0688 -0.5022
vn -0.8534 0.0648 -0.5173
vn -0.8957 -0.0093 -0.4445
vn -0.8622 0.0688 -0.5019
vn -0.8960 -0.0092 -0.4440
vn -0.8621 0.0689 -0.5021
vn -0.8919 -0.0042 -0.4522
vn -0.8056 0.1295 -0.5782
vn -0.7871 0.1256 -0.6039
vn -0.8458 0.0592 -0.5303
vn -0.8458 0.0593 -0.5302
vn -0.8534 0.0649 -0.5173
vn -0.7676 0.1185 -0.6299
vn -0.8376 0.0520 -0.5438
vn -0.8458 0.0592 -0.5302
vn -0.7677 0.1186 -0.6297
vn -0.8458 0.0591 -0.5302
vn -0.8859 -0.0201 -0.4634
vn -0.8865 -0.0105 -0.4625
vn -0.8457 0.0589 -0.5305
vn -0.8457 0.0590 -0.5304
vn -0.8377 0.0516 -0.5436
vn -0.8904 -0.0135 -0.4549
vn -0.8456 0.0590 -0.5305
vn -0.8903 -0.0135 -0.4553
vn -0.8460 0.0590 -0.5299
vn -0.8863 -0.0108 -0.4630
vn -0.7678 0.1186 -0.6296
vn -0.7473 0.1081 -0.6557
vn -0.8305 0.0423 -0.5555
vn -0.7677 0.1185 -0.6298
vn -0.8306 0.0425 -0.5553
vn -0.8376 0.0519 -0.5437
vn -0.7267 0.0939 -0.6805
vn -0.8237 0.0321 -0.5662
vn -0.8306 0.0425 -0.5552
vn -0.7269 0.0938 -0.6803
vn -0.8304 0.0422 -0.5555
vn -0.7476 0.1081 -0.6553
vn -0.8830 -0.0289 -0.4685
vn -0.8822 -0.0199 -0.4705
vn -0.8306 0.0422 -0.5552
vn -0.8829 -0.0289 -0.4687
vn -0.8307 0.0422 -0.5551
vn -0.8235 0.0319 -0.5664
vn -0.8860 -0.0200 -0.4632
vn -0.8377 0.0517 -0.5436
vn -0.8306 0.0422 -0.5553
vn -0.8860 -0.0201 -0.4633
vn -0.8305 0.0422 -0.5554
vn -0.8822 -0.0201 -0.4705
vn -0.7059 0.0755 -0.7043
vn -0.8178 0.0185 -0.5753
vn -0.7269 0.0939 -0.6803
vn -0.8178 0.0187 -0.5751
vn -0.8235 0.0322 -0.5664
vn -0.6853 0.0525 -0.7264
vn -0.8122 0.0056 -0.5833
vn -0.8176 0.0185 -0.5755
vn -0.6851 0.0525 -0.7266
vn -0.8176 0.0187 -0.5754
vn -0.7056 0.0756 -0.7045
vn -0.8814 -0.0395 -0.4707
vn -0.8794 -0.0314 -0.4751
vn -0.8178 0.0185 -0.5752
vn -0.8813 -0.0395 -0.4709
vn -0.8177 0.0184 -0.5753
vn -0.8122 0.0053 -0.5833
vn -0.8828 -0.0289 -0.4688
vn -0.8237 0.0323 -0.5661
vn -0.8178 0.0184 -0.5752
vn -0.8794 -0.0315 -0.4750
vn -0.6654 0.0245 -0.7461
vn -0.8080 -0.0124 -0.5890
vn -0.8122 0.0055 -0.5834
vn -0.6461 -0.0085 -0.7632
vn -0.8042 -0.0283 -0.5937
vn -0.8080 -0.0125 -0.5890
vn -0.6460 -0.0086 -0.7633
vn -0.8081 -0.0123 -0.5889
vn -0.6653 0.0244 -0.7461
vn -0.8809 -0.0515 -0.4704
vn -0.8782 -0.0442 -0.4763
vn -0.8080 -0.0126 -0.5891
vn -0.8810 -0.0516 -0.4702
vn -0.8080 -0.0125 -0.5891
vn -0.8043 -0.0282 -0.5936
vn -0.8813 -0.0396 -0.4709
vn -0.8122 0.0054 -0.5834
vn -0.8814 -0.0395 -0.4708
vn -0.8083 -0.0124 -0.5887
vn -0.8782 -0.0443 -0.4762
vn -0.6460 -0.0087 -0.7633
vn -0.6283 -0.0464 -0.7766
vn -0.8023 -0.0494 -0.5949
vn -0.8025 -0.0491 -0.5947
vn -0.8044 -0.0281 -0.5934
vn -0.6122 -0.0895 -0.7856
vn -0.8007 -0.0676 -0.5953
vn -0.8023 -0.0493 -0.5948
vn -0.6127 -0.0892 -0.7853
vn -0.6283 -0.0465 -0.7766
vn -0.8822 -0.0638 -0.4665
vn -0.8783 -0.0581 -0.4745
vn -0.8024 -0.0494 -0.5947
vn -0.8820 -0.0638 -0.4669
vn -0.8026 -0.0490 -0.5945
vn -0.8005 -0.0676 -0.5956
vn -0.8811 -0.0515 -0.4700
vn -0.8023 -0.0493 -0.5949
vn -0.8811 -0.0516 -0.4702
vn -0.8024 -0.0492 -0.5947
vn -0.8784 -0.0581 -0.4743
vn -0.6125 -0.0894 -0.7854
vn -0.5989 -0.1373 -0.7889
vn -0.8011 -0.0910 -0.5916
vn -0.6127 -0.0893 -0.7852
vn -0.8012 -0.0908 -0.5915
vn -0.8006 -0.0675 -0.5954
vn -0.5886 -0.1897 -0.7859
vn -0.8015 -0.1116 -0.5875
vn -0.8011 -0.0910 -0.5915
vn -0.5885 -0.1898 -0.7859
vn -0.8010 -0.0910 -0.5916
vn -0.5990 -0.1374 -0.7889
vn -0.8842 -0.0763 -0.4608
vn -0.8799 -0.0721 -0.4697
vn -0.8012 -0.0908 -0.5914
vn -0.8843 -0.0760 -0.4606
vn -0.8010 -0.0908 -0.5917
vn -0.8014 -0.1115 -0.5876
vn -0.8821 -0.0638 -0.4667
vn -0.8005 -0.0676 -0.5955
vn -0.8009 -0.0908 -0.5918
vn -0.8820 -0.0640 -0.4669
vn -0.8797 -0.0722 -0.4700
vn -0.5887 -0.1897 -0.7857
vn -0.5819 -0.2463 -0.7750
vn -0.8049 -0.1359 -0.5776
vn -0.8049 -0.1361 -0.5777
vn -0.8016 -0.1114 -0.5874
vn -0.5798 -0.3058 -0.7552
vn -0.8080 -0.1582 -0.5675
vn -0.8051 -0.1359 -0.5774
vn -0.5796 -0.3060 -0.7553
vn -0.8047 -0.1362 -0.5779
vn -0.5820 -0.2461 -0.7750
vn -0.8875 -0.0882 -0.4523
vn -0.8824 -0.0860 -0.4625
vn -0.8049 -0.1357 -0.5776
vn -0.8876 -0.0881 -0.4520
vn -0.8048 -0.1359 -0.5778
vn -0.8080 -0.1580 -0.5676
vn -0.8014 -0.1114 -0.5876
vn -0.8049 -0.1357 -0.5777
vn -0.8843 -0.0761 -0.4606
vn -0.8047 -0.1360 -0.5779
vn -0.8827 -0.0857 -0.4621
vn -0.5799 -0.3057 -0.7552
vn -0.5833 -0.3662 -0.7250
vn -0.8144 -0.1820 -0.5510
vn -0.5796 -0.3059 -0.7553
vn -0.8144 -0.1820 -0.5511
vn -0.8080 -0.1582 -0.5676
vn -0.5928 -0.4246 -0.6844
vn -0.8210 -0.2037 -0.5334
vn -0.5929 -0.4245 -0.6842
vn -0.8143 -0.1821 -0.5512
vn -0.5832 -0.3661 -0.7251
vn -0.8919 -0.0991 -0.4411
vn -0.8863 -0.0990 -0.4524
vn -0.8143 -0.1820 -0.5512
vn -0.8919 -0.0992 -0.4412
vn -0.8144 -0.1818 -0.5511
vn -0.8209 -0.2033 -0.5336
vn -0.8875 -0.0881 -0.4523
vn -0.8081 -0.1579 -0.5675
vn -0.8876 -0.0882 -0.4521
vn -0.8143 -0.1817 -0.5513
vn -0.8864 -0.0990 -0.4522
vn -0.5926 -0.4245 -0.6845
vn -0.6088 -0.4768 -0.6340
vn -0.8298 -0.2237 -0.5113
vn -0.5927 -0.4245 -0.6845
vn -0.8299 -0.2237 -0.5111
vn -0.8208 -0.2037 -0.5336
vn -0.6305 -0.5201 -0.5761
vn -0.8392 -0.2410 -0.4875
vn -0.8297 -0.2238 -0.5115
vn -0.6305 -0.5202 -0.5761
vn -0.8297 -0.2237 -0.5114
vn -0.6085 -0.4768 -0.6343
vn -0.8968 -0.1085 -0.4290
vn -0.8914 -0.1107 -0.4396
vn -0.8297 -0.2235 -0.5116
vn -0.8969 -0.1083 -0.4288
vn -0.8297 -0.2235 -0.5115
vn -0.8392 -0.2410 -0.4876
vn -0.8918 -0.0991 -0.4414
vn -0.8210 -0.2035 -0.5335
vn -0.8297 -0.2236 -0.5114
vn -0.8920 -0.0990 -0.4411
vn -0.8297 -0.2236 -0.5115
vn -0.8914 -0.1106 -0.4395
vn -0.6303 -0.5202 -0.5763
vn -0.6574 -0.5518 -0.5131
vn -0.8496 -0.2544 -0.4620
vn -0.6304 -0.5201 -0.5762
vn -0.8392 -0.2409 -0.4876
vn -0.6879 -0.5710 -0.4481
vn -0.8606 -0.2651 -0.4349
vn -0.8497 -0.2543 -0.4618
vn -0.6876 -0.5710 -0.4485
vn -0.6578 -0.5516 -0.5129
vn -0.9023 -0.1153 -0.4154
vn -0.8974 -0.1196 -0.4247
vn -0.8496 -0.2542 -0.4621
vn -0.9024 -0.1153 -0.4153
vn -0.8495 -0.2544 -0.4621
vn -0.8608 -0.2648 -0.4346
vn -0.8968 -0.1084 -0.4289
vn -0.8389 -0.2411 -0.4879
vn -0.8497 -0.2542 -0.4620
vn -0.8968 -0.1083 -0.4289
vn -0.8497 -0.2542 -0.4618
vn -0.6879 -0.5709 -0.4481
vn -0.7203 -0.5773 -0.3847
vn -0.8717 -0.2702 -0.4089
vn -0.6881 -0.5708 -0.4480
vn -0.8716 -0.2702 -0.4090
vn -0.8608 -0.2645 -0.4347
vn -0.8829 -0.2732 -0.3818
vn -0.8716 -0.2703 -0.4090
vn -0.7526 -0.5721 -0.3259
vn -0.8716 -0.2702 -0.4089
vn -0.7205 -0.5771 -0.3844
vn -0.9082 -0.1199 -0.4009
vn -0.9039 -0.1257 -0.4089
vn -0.8717 -0.2700 -0.4090
vn -0.9080 -0.1200 -0.4013
vn -0.8738 -0.2681 -0.4056
vn -0.8831 -0.2730 -0.3816
vn -0.9024 -0.1152 -0.4152
vn -0.8606 -0.2649 -0.4349
vn -0.9023 -0.1154 -0.4154
vn -0.8717 -0.2701 -0.4088
vn -0.9038 -0.1258 -0.4091
vn -0.7529 -0.5719 -0.3255
vn -0.7839 -0.5575 -0.2733
vn -0.8929 -0.2714 -0.3593
vn -0.7529 -0.5719 -0.3256
vn -0.8928 -0.2713 -0.3595
vn -0.8830 -0.2731 -0.3818
vn -0.8132 -0.5354 -0.2284
vn -0.9033 -0.2678 -0.3350
vn -0.8928 -0.2715 -0.3594
vn -0.8131 -0.5354 -0.2284
vn -0.8929 -0.2712 -0.3593
vn -0.7841 -0.5573 -0.2732
vn -0.9140 -0.1215 -0.3871
vn -0.9103 -0.1286 -0.3934
vn -0.8930 -0.2711 -0.3593
vn -0.9139 -0.1218 -0.3872
vn -0.9032 -0.2681 -0.3353
vn -0.9082 -0.1198 -0.4010
vn -0.8831 -0.2730 -0.3815
vn -0.8930 -0.2713 -0.3592
vn -0.9083 -0.1196 -0.4008
vn -0.8929 -0.2714 -0.3594
vn -0.9101 -0.1286 -0.3938
vn -0.8132 -0.5353 -0.2284
vn -0.8400 -0.5079 -0.1907
vn -0.9117 -0.2610 -0.3172
vn -0.9118 -0.2608 -0.3171
vn -0.9033 -0.2679 -0.3352
vn -0.8643 -0.4766 -0.1606
vn -0.9209 -0.2525 -0.2970
vn -0.8643 -0.4767 -0.1607
vn -0.9118 -0.2609 -0.3172
vn -0.8400 -0.5078 -0.1909
vn -0.9193 -0.1213 -0.3744
vn -0.9163 -0.1285 -0.3793
vn -0.9193 -0.1210 -0.3745
vn -0.9118 -0.2609 -0.3170
vn -0.9209 -0.2524 -0.2970
vn -0.9034 -0.2677 -0.3351
vn -0.9116 -0.2611 -0.3174
vn -0.9139 -0.1217 -0.3872
vn -0.9164 -0.1283 -0.3790
vn -0.8644 -0.4765 -0.1606
vn -0.8861 -0.4428 -0.1370
vn -0.9280 -0.2421 -0.2833
vn -0.9279 -0.2422 -0.2835
vn -0.9209 -0.2526 -0.2970
vn -0.9053 -0.4075 -0.1199
vn -0.9356 -0.2299 -0.2680
vn -0.9280 -0.2420 -0.2834
vn -0.9054 -0.4072 -0.1199
vn -0.9280 -0.2419 -0.2834
vn -0.8861 -0.4427 -0.1373
vn -0.9243 -0.1181 -0.3630
vn -0.9223 -0.1256 -0.3654
vn -0.9278 -0.2421 -0.2839
vn -0.9243 -0.1181 -0.3629
vn -0.9279 -0.2422 -0.2836
vn -0.9356 -0.2298 -0.2680
vn -0.9193 -0.1211 -0.3744
vn -0.9278 -0.2423 -0.2838
vn -0.9192 -0.1212 -0.3746
vn -0.9223 -0.1256 -0.3655
vn -0.9053 -0.4075 -0.1201
vn -0.9412 -0.2171 -0.2587
vn -0.9053 -0.4073 -0.1201
vn -0.9412 -0.2173 -0.2587
vn -0.9355 -0.2300 -0.2681
vn -0.9473 -0.2023 -0.2483
vn -0.9413 -0.2171 -0.2586
vn -0.9369 -0.3344 -0.1024
vn -0.9412 -0.2171 -0.2588
vn -0.9222 -0.3710 -0.1086
vn -0.9274 -0.1205 -0.3540
vn -0.9287 -0.1126 -0.3534
vn -0.9412 -0.2171 -0.2589
vn -0.9473 -0.2023 -0.2484
vn -0.9244 -0.1180 -0.3628
vn -0.9355 -0.2300 -0.2682
vn -0.9413 -0.2169 -0.2587
vn -0.9244 -0.1179 -0.3628
vn -0.9412 -0.2170 -0.2589
vn -0.9275 -0.1203 -0.3538
vn -0.9223 -0.0230 -0.3859
vn -0.9207 -0.0096 -0.3902
vn -0.9127 -0.0532 -0.4052
vn -0.9221 -0.0232 -0.3863
vn -0.9127 -0.0532 -0.4051
vn -0.9108 -0.0655 -0.4077
vn -0.9158 -0.0150 -0.4013
vn -0.9101 -0.0645 -0.4093
vn -0.9127 -0.0530 -0.4051
vn -0.9127 -0.0531 -0.4052
vn -0.9101 -0.0673 -0.4088
vn -0.9109 -0.0653 -0.4075
vn -0.9102 -0.0672 -0.4087
vn -0.9128 -0.0532 -0.4050
vn -0.9102 -0.0645 -0.4091
vn -0.8793 -0.0316 -0.4752
vn -0.9022 -0.0558 -0.4278
vn -0.8831 -0.0288 -0.4683
vn -0.9021 -0.0558 -0.4280
vn -0.9069 -0.0621 -0.4167
vn -0.8812 -0.0397 -0.4711
vn -0.9067 -0.0633 -0.4170
vn -0.9021 -0.0558 -0.4278
vn -0.8813 -0.0397 -0.4708
vn -0.9020 -0.0560 -0.4282
vn -0.8795 -0.0316 -0.4749
vn -0.9069 -0.0620 -0.4167
vn -0.9020 -0.0560 -0.4281
vn -0.9020 -0.0561 -0.4281
vn -0.9067 -0.0634 -0.4170
vn -0.9102 -0.0672 -0.4086
vn -0.9131 -0.0727 -0.4013
vn -0.9176 -0.0796 -0.3895
vn -0.9104 -0.0671 -0.4084
vn -0.9175 -0.0796 -0.3896
vn -0.9135 -0.0721 -0.4005
vn -0.9321 -0.1123 -0.3445
vn -0.9175 -0.0797 -0.3898
vn -0.9175 -0.0797 -0.3897
vn -0.9130 -0.0729 -0.4014
vn -0.9324 -0.1047 -0.3460
vn -0.9135 -0.0722 -0.4003
vn -0.9174 -0.0797 -0.3898
vn -0.9322 -0.1048 -0.3464
vn -0.9176 -0.0797 -0.3895
vn -0.8812 -0.0516 -0.4699
vn -0.8784 -0.0583 -0.4743
vn -0.9010 -0.0623 -0.4293
vn -0.8809 -0.0516 -0.4704
vn -0.9010 -0.0624 -0.4294
vn -0.9071 -0.0648 -0.4159
vn -0.8821 -0.0640 -0.4666
vn -0.9076 -0.0661 -0.4145
vn -0.9011 -0.0623 -0.4291
vn -0.8821 -0.0639 -0.4667
vn -0.9012 -0.0623 -0.4290
vn -0.9102 -0.0671 -0.4088
vn -0.9070 -0.0650 -0.4161
vn -0.9012 -0.0622 -0.4289
vn -0.9103 -0.0672 -0.4084
vn -0.9076 -0.0662 -0.4146
vn -0.9136 -0.0719 -0.4002
vn -0.9181 -0.0773 -0.3888
vn -0.9100 -0.0675 -0.4090
vn -0.9136 -0.0711 -0.4004
vn -0.9322 -0.1049 -0.3465
vn -0.9356 -0.1020 -0.3381
vn -0.9181 -0.0774 -0.3887
vn -0.9323 -0.1047 -0.3463
vn -0.9183 -0.0769 -0.3883
vn -0.9135 -0.0721 -0.4004
vn -0.9135 -0.0712 -0.4007
vn -0.9181 -0.0775 -0.3886
vn -0.9355 -0.1021 -0.3382
vn -0.9362 -0.0713 -0.3442
vn -0.9385 -0.0626 -0.3396
vn -0.9185 -0.0683 -0.3894
vn -0.9360 -0.0714 -0.3447
vn -0.9184 -0.0686 -0.3897
vn -0.9130 -0.0687 -0.4021
vn -0.9348 -0.0583 -0.3504
vn -0.9124 -0.0679 -0.4037
vn -0.9185 -0.0684 -0.3895
vn -0.9186 -0.0684 -0.3891
vn -0.9384 -0.0625 -0.3399
vn -0.9128 -0.0690 -0.4024
vn -0.9187 -0.0682 -0.3890
vn -0.9102 -0.0673 -0.4086
vn -0.9125 -0.0678 -0.4035
vn -0.9067 -0.0635 -0.4169
vn -0.9014 -0.0589 -0.4290
vn -0.9102 -0.0674 -0.4086
vn -0.9014 -0.0590 -0.4290
vn -0.9065 -0.0655 -0.4171
vn -0.8815 -0.0396 -0.4706
vn -0.8781 -0.0444 -0.4764
vn -0.9015 -0.0587 -0.4288
vn -0.9014 -0.0587 -0.4289
vn -0.8811 -0.0517 -0.4701
vn -0.9015 -0.0587 -0.4289
vn -0.8813 -0.0514 -0.4698
vn -0.9014 -0.0587 -0.4291
vn -0.8780 -0.0445 -0.4766
vn -0.8862 -0.0991 -0.4525
vn -0.9031 -0.0757 -0.4227
vn -0.8876 -0.0882 -0.4522
vn -0.9031 -0.0757 -0.4228
vn -0.9085 -0.0681 -0.4123
vn -0.8918 -0.0994 -0.4413
vn -0.9091 -0.0689 -0.4109
vn -0.9030 -0.0757 -0.4229
vn -0.8919 -0.0991 -0.4413
vn -0.9029 -0.0760 -0.4231
vn -0.8864 -0.0989 -0.4522
vn -0.9101 -0.0672 -0.4088
vn -0.9086 -0.0681 -0.4121
vn -0.9030 -0.0759 -0.4229
vn -0.9089 -0.0690 -0.4112
vn -0.9059 -0.0718 -0.4174
vn -0.9132 -0.0699 -0.4014
vn -0.9189 -0.0717 -0.3879
vn -0.9102 -0.0671 -0.4087
vn -0.9189 -0.0718 -0.3880
vn -0.9361 -0.0836 -0.3416
vn -0.9388 -0.0766 -0.3360
vn -0.9187 -0.0721 -0.3883
vn -0.9361 -0.0837 -0.3417
vn -0.9188 -0.0718 -0.3882
vn -0.9133 -0.0699 -0.4013
vn -0.9361 -0.0713 -0.3444
vn -0.9188 -0.0718 -0.3881
vn -0.9363 -0.0711 -0.3440
vn -0.9188 -0.0719 -0.3881
vn -0.9387 -0.0767 -0.3360
vn -0.9348 -0.0585 -0.3505
vn -0.9366 -0.0478 -0.3471
vn -0.9179 -0.0643 -0.3915
vn -0.9348 -0.0585 -0.3503
vn -0.9179 -0.0644 -0.3914
vn -0.9125 -0.0677 -0.4034
vn -0.9319 -0.0457 -0.3597
vn -0.9118 -0.0672 -0.4051
vn -0.9178 -0.0644 -0.3917
vn -0.9319 -0.0457 -0.3599
vn -0.9179 -0.0644 -0.3916
vn -0.9365 -0.0481 -0.3475
vn -0.9103 -0.0673 -0.4085
vn -0.9179 -0.0644 -0.3917
vn -0.9178 -0.0645 -0.3918
vn -0.9118 -0.0673 -0.4051
vn -0.9103 -0.0670 -0.4084
vn -0.9074 -0.0664 -0.4150
vn -0.9012 -0.0667 -0.4282
vn -0.9012 -0.0666 -0.4283
vn -0.9080 -0.0674 -0.4134
vn -0.8799 -0.0720 -0.4696
vn -0.9013 -0.0667 -0.4281
vn -0.8821 -0.0639 -0.4666
vn -0.9012 -0.0665 -0.4283
vn -0.9075 -0.0662 -0.4147
vn -0.8844 -0.0762 -0.4606
vn -0.9079 -0.0674 -0.4137
vn -0.9011 -0.0666 -0.4285
vn -0.9013 -0.0664 -0.4282
vn -0.8797 -0.0724 -0.4699
vn -0.9276 -0.0334 -0.3720
vn -0.9148 -0.0565 -0.3999
vn -0.9278 -0.0334 -0.3717
vn -0.9149 -0.0563 -0.3998
vn -0.9112 -0.0665 -0.4066
vn -0.9108 -0.0654 -0.4077
vn -0.9149 -0.0563 -0.3996
vn -0.9223 -0.0230 -0.3858
vn -0.9148 -0.0565 -0.3998
vn -0.9275 -0.0201 -0.3733
vn -0.9101 -0.0673 -0.4089
vn -0.9113 -0.0663 -0.4064
vn -0.9149 -0.0563 -0.3997
vn -0.9107 -0.0654 -0.4078
vn -0.9102 -0.0671 -0.4086
vn -0.9081 -0.0673 -0.4134
vn -0.9018 -0.0713 -0.4263
vn -0.9017 -0.0714 -0.4263
vn -0.9085 -0.0683 -0.4124
vn -0.8843 -0.0762 -0.4606
vn -0.8825 -0.0859 -0.4625
vn -0.9019 -0.0713 -0.4261
vn -0.8845 -0.0760 -0.4603
vn -0.9018 -0.0712 -0.4263
vn -0.8875 -0.0884 -0.4522
vn -0.9017 -0.0713 -0.4264
vn -0.8876 -0.0883 -0.4521
vn -0.9018 -0.0713 -0.4262
vn -0.8825 -0.0860 -0.4623
vn -0.8913 -0.1106 -0.4396
vn -0.9047 -0.0799 -0.4185
vn -0.8918 -0.0992 -0.4414
vn -0.9047 -0.0800 -0.4185
vn -0.9090 -0.0689 -0.4110
vn -0.9096 -0.0697 -0.4097
vn -0.9048 -0.0799 -0.4184
vn -0.9047 -0.0799 -0.4184
vn -0.8913 -0.1107 -0.4397
vn -0.9090 -0.0690 -0.4111
vn -0.9047 -0.0798 -0.4186
vn -0.9048 -0.0798 -0.4182
vn -0.9094 -0.0697 -0.4101
vn -0.9119 -0.0670 -0.4048
vn -0.9165 -0.0606 -0.3954
vn -0.9102 -0.0673 -0.4088
vn -0.9167 -0.0603 -0.3949
vn -0.9113 -0.0664 -0.4065
vn -0.9320 -0.0456 -0.3595
vn -0.9329 -0.0335 -0.3585
vn -0.9169 -0.0602 -0.3947
vn -0.9320 -0.0457 -0.3596
vn -0.9168 -0.0603 -0.3949
vn -0.9118 -0.0674 -0.4051
vn -0.9277 -0.0334 -0.3719
vn -0.9113 -0.0662 -0.4064
vn -0.9167 -0.0604 -0.3951
vn -0.9277 -0.0335 -0.3719
vn -0.9166 -0.0604 -0.3951
vn -0.9329 -0.0332 -0.3585
vn -0.9158 -0.0151 -0.4014
vn -0.9130 -0.0027 -0.4079
vn -0.9104 -0.0510 -0.4106
vn -0.9104 -0.0508 -0.4106
vn -0.9096 -0.0638 -0.4107
vn -0.9103 -0.0508 -0.4107
vn -0.9105 -0.0506 -0.4103
vn -0.9129 -0.0028 -0.4081
vn -0.9101 -0.0646 -0.4093
vn -0.9105 -0.0508 -0.4103
vn -0.9104 -0.0508 -0.4105
vn -0.9096 -0.0636 -0.4105
vn -0.9095 -0.0696 -0.4099
vn -0.9068 -0.0832 -0.4132
vn -0.9067 -0.0833 -0.4134
vn -0.9100 -0.0702 -0.4086
vn -0.8970 -0.1083 -0.4286
vn -0.9069 -0.0832 -0.4131
vn -0.9094 -0.0696 -0.4101
vn -0.9025 -0.1153 -0.4150
vn -0.9099 -0.0704 -0.4089
vn -0.9069 -0.0832 -0.4130
vn -0.9024 -0.1154 -0.4152
vn -0.9069 -0.0831 -0.4132
vn -0.8973 -0.1198 -0.4248
vn -0.9052 0.0001 -0.4250
vn -0.9083 -0.0496 -0.4153
vn -0.9089 -0.0100 -0.4169
vn -0.9082 -0.0497 -0.4155
vn -0.9097 -0.0638 -0.4104
vn -0.9020 -0.0083 -0.4316
vn -0.9091 -0.0627 -0.4119
vn -0.9083 -0.0496 -0.4154
vn -0.9020 -0.0082 -0.4316
vn -0.9082 -0.0496 -0.4156
vn -0.9054 0.0001 -0.4247
vn -0.9095 -0.0637 -0.4108
vn -0.9082 -0.0496 -0.4155
vn -0.9090 -0.0630 -0.4119
vn -0.9103 -0.0672 -0.4085
vn -0.9099 -0.0704 -0.4088
vn -0.9091 -0.0852 -0.4077
vn -0.9104 -0.0670 -0.4083
vn -0.9090 -0.0854 -0.4078
vn -0.9105 -0.0710 -0.4074
vn -0.9024 -0.1154 -0.4153
vn -0.9040 -0.1256 -0.4088
vn -0.9023 -0.1155 -0.4153
vn -0.9092 -0.0852 -0.4076
vn -0.9100 -0.0703 -0.4087
vn -0.9104 -0.0711 -0.4075
vn -0.9091 -0.0853 -0.4077
vn -0.9082 -0.1197 -0.4010
vn -0.9021 -0.0082 -0.4315
vn -0.8983 -0.0007 -0.4394
vn -0.9063 -0.0496 -0.4197
vn -0.9064 -0.0495 -0.4195
vn -0.9086 -0.0618 -0.4132
vn -0.9062 -0.0495 -0.4199
vn -0.8958 -0.0095 -0.4444
vn -0.9064 -0.0493 -0.4194
vn -0.9092 -0.0627 -0.4117
vn -0.9063 -0.0495 -0.4196
vn -0.9064 -0.0496 -0.4195
vn -0.9086 -0.0618 -0.4131
vn -0.9104 -0.0712 -0.4076
vn -0.9114 -0.0859 -0.4025
vn -0.9113 -0.0862 -0.4026
vn -0.9109 -0.0720 -0.4064
vn -0.9081 -0.1199 -0.4012
vn -0.9103 -0.1286 -0.3936
vn -0.9114 -0.0860 -0.4024
vn -0.9083 -0.1198 -0.4008
vn -0.9113 -0.0861 -0.4026
vn -0.9105 -0.0709 -0.4073
vn -0.9139 -0.1218 -0.3873
vn -0.9109 -0.0720 -0.4062
vn -0.9115 -0.0859 -0.4021
vn -0.9139 -0.1215 -0.3873
vn -0.9103 -0.1284 -0.3934
vn -0.8959 -0.0092 -0.4442
vn -0.8917 -0.0045 -0.4525
vn -0.9048 -0.0504 -0.4229
vn -0.8958 -0.0094 -0.4444
vn -0.9086 -0.0619 -0.4132
vn -0.8903 -0.0134 -0.4551
vn -0.9081 -0.0614 -0.4143
vn -0.9049 -0.0503 -0.4227
vn -0.8905 -0.0133 -0.4548
vn -0.9047 -0.0505 -0.4231
vn -0.8918 -0.0045 -0.4524
vn -0.9085 -0.0621 -0.4132
vn -0.9047 -0.0505 -0.4230
vn -0.9049 -0.0503 -0.4226
vn -0.9079 -0.0615 -0.4147
vn -0.9111 -0.0716 -0.4060
vn -0.9135 -0.0856 -0.3977
vn -0.9102 -0.0674 -0.4087
vn -0.9135 -0.0853 -0.3977
vn -0.9116 -0.0723 -0.4046
vn -0.9140 -0.1217 -0.3871
vn -0.9165 -0.1283 -0.3789
vn -0.9136 -0.0855 -0.3975
vn -0.9109 -0.0718 -0.4063
vn -0.9194 -0.1211 -0.3743
vn -0.9116 -0.0726 -0.4047
vn -0.9134 -0.0857 -0.3979
vn -0.9135 -0.0856 -0.3978
vn -0.9165 -0.1284 -0.3789
vn -0.8904 -0.0133 -0.4549
vn -0.8865 -0.0109 -0.4627
vn -0.9037 -0.0518 -0.4251
vn -0.8903 -0.0135 -0.4551
vn -0.9035 -0.0518 -0.4255
vn -0.9079 -0.0614 -0.4146
vn -0.8860 -0.0200 -0.4633
vn -0.9072 -0.0614 -0.4161
vn -0.9036 -0.0518 -0.4252
vn -0.9036 -0.0517 -0.4252
vn -0.8864 -0.0109 -0.4629
vn -0.9079 -0.0615 -0.4146
vn -0.9036 -0.0519 -0.4252
vn -0.9074 -0.0613 -0.4158
vn -0.9116 -0.0725 -0.4046
vn -0.9153 -0.0839 -0.3940
vn -0.9153 -0.0841 -0.3940
vn -0.9122 -0.0731 -0.4033
vn -0.9195 -0.1209 -0.3741
vn -0.9222 -0.1257 -0.3657
vn -0.9152 -0.0840 -0.3942
vn -0.9153 -0.0839 -0.3939
vn -0.9117 -0.0725 -0.4044
vn -0.9243 -0.1180 -0.3629
vn -0.9123 -0.0729 -0.4029
vn -0.9152 -0.0841 -0.3941
vn -0.9244 -0.1178 -0.3629
vn -0.9221 -0.1258 -0.3659
vn -0.8859 -0.0203 -0.4634
vn -0.8823 -0.0201 -0.4703
vn -0.9027 -0.0538 -0.4269
vn -0.8859 -0.0202 -0.4634
vn -0.9029 -0.0537 -0.4266
vn -0.9074 -0.0612 -0.4158
vn -0.8829 -0.0290 -0.4686
vn -0.9070 -0.0618 -0.4166
vn -0.9027 -0.0537 -0.4270
vn -0.8829 -0.0290 -0.4687
vn -0.9028 -0.0536 -0.4266
vn -0.8823 -0.0200 -0.4703
vn -0.9029 -0.0536 -0.4265
vn -0.9103 -0.0671 -0.4084
vn -0.9028 -0.0536 -0.4267
vn -0.9069 -0.0620 -0.4168
vn -0.9122 -0.0730 -0.4033
vn -0.9165 -0.0819 -0.3915
vn -0.9101 -0.0674 -0.4089
vn -0.9166 -0.0819 -0.3914
vn -0.9130 -0.0728 -0.4013
vn -0.9274 -0.1205 -0.3541
vn -0.9167 -0.0818 -0.3912
vn -0.9165 -0.0822 -0.3915
vn -0.9288 -0.1124 -0.3532
vn -0.9130 -0.0730 -0.4014
vn -0.9166 -0.0818 -0.3913
vn -0.9288 -0.1124 -0.3531
vn -0.9165 -0.0820 -0.3916
vn -0.9275 -0.1203 -0.3540
vt 0.675260 0.652350
vt 0.693150 0.650610
vt 0.679180 0.602630
vt 0.664410 0.592750
vt 0.707890 0.640620
vt 0.684300 0.585600
vt 0.642880 0.500000
vt 0.385850 0.986950
vt 0.442340 0.996670
vt 0.442360 0.996670
vt 0.385880 0.986950
vt 0.500000 1.000000
vt 0.500010 1.000000
vt 0.500010 0.999410
vt 0.442440 0.996090
vt 0.386060 0.986370
vt 0.557660 0.996670
vt 0.557670 0.996670
vt 0.614150 0.986950
vt 0.613990 0.986370
vt 0.557590 0.996090
vt 0.668280 0.971070
vt 0.719680 0.949430
vt 0.719380 0.948900
vt 0.668050 0.970520
vt 0.767970 0.922400
vt 0.767960 0.922400
vt 0.812760 0.890360
vt 0.812340 0.889900
vt 0.767610 0.921900
vt 0.853690 0.853690
vt 0.853680 0.853690
vt 0.890360 0.812760
vt 0.890350 0.812760
vt 0.889840 0.812400
vt 0.853210 0.853270
vt 0.922400 0.767970
vt 0.922390 0.767970
vt 0.949430 0.719680
vt 0.949420 0.719680
vt 0.948830 0.719430
vt 0.921840 0.767660
vt 0.971070 0.668280
vt 0.971060 0.668280
vt 0.986950 0.614150
vt 0.986940 0.614150
vt 0.986300 0.614020
vt 0.970440 0.668090
vt 0.996670 0.557660
vt 0.996660 0.557660
vt 1.000000 0.500000
vt 0.999990 0.500000
vt 0.999330 0.500000
vt 0.996010 0.557600
vt 0.996670 0.442340
vt 0.996660 0.442340
vt 0.986950 0.385850
vt 0.986940 0.385850
vt 0.986300 0.385980
vt 0.996010 0.442400
vt 0.971070 0.331720
vt 0.971060 0.331720
vt 0.949430 0.280320
vt 0.949420 0.280320
vt 0.948830 0.280570
vt 0.970440 0.331910
vt 0.922400 0.232030
vt 0.922390 0.232030
vt 0.890360 0.187240
vt 0.890350 0.187240
vt 0.889840 0.187600
vt 0.921840 0.232340
vt 0.853690 0.146310
vt 0.853680 0.146310
vt 0.812760 0.109640
vt 0.812340 0.110100
vt 0.853210 0.146730
vt 0.767970 0.077600
vt 0.767960 0.077600
vt 0.719680 0.050570
vt 0.719380 0.051100
vt 0.767610 0.078100
vt 0.668280 0.028930
vt 0.614150 0.013050
vt 0.613990 0.013630
vt 0.668050 0.029480
vt 0.557660 0.003330
vt 0.557670 0.003330
vt 0.500000 0.000000
vt 0.500010 0.000000
vt 0.500010 0.000590
vt 0.557590 0.003910
vt 0.442340 0.003330
vt 0.442360 0.003330
vt 0.385850 0.013050
vt 0.385880 0.013050
vt 0.386060 0.013630
vt 0.442440 0.003910
vt 0.331720 0.028930
vt 0.331760 0.028930
vt 0.280320 0.050570
vt 0.280370 0.050570
vt 0.280740 0.051100
vt 0.332030 0.029480
vt 0.232030 0.077600
vt 0.232100 0.077600
vt 0.187240 0.109640
vt 0.187330 0.109640
vt 0.187890 0.110100
vt 0.232570 0.078100
vt 0.146310 0.146310
vt 0.146420 0.146310
vt 0.109640 0.187240
vt 0.109770 0.187240
vt 0.110510 0.187600
vt 0.147080 0.146730
vt 0.077600 0.232030
vt 0.077740 0.232030
vt 0.050570 0.280320
vt 0.050720 0.280320
vt 0.051620 0.280570
vt 0.078570 0.232340
vt 0.028930 0.331710
vt 0.029090 0.331710
vt 0.013050 0.385850
vt 0.013230 0.385850
vt 0.014230 0.385980
vt 0.030050 0.331910
vt 0.003330 0.442340
vt 0.003510 0.442340
vt 0.000000 0.500000
vt 0.000180 0.500000
vt 0.001220 0.500000
vt 0.004540 0.442400
vt 0.003330 0.557660
vt 0.003510 0.557660
vt 0.013050 0.614150
vt 0.013230 0.614150
vt 0.014230 0.614020
vt 0.004540 0.557600
vt 0.028930 0.668280
vt 0.029090 0.668280
vt 0.050570 0.719680
vt 0.050720 0.719680
vt 0.051620 0.719430
vt 0.030050 0.668090
vt 0.077600 0.767970
vt 0.077740 0.767970
vt 0.109640 0.812760
vt 0.109770 0.812760
vt 0.110510 0.812400
vt 0.078570 0.767660
vt 0.146310 0.853690
vt 0.146420 0.853690
vt 0.187240 0.890360
vt 0.187330 0.890360
vt 0.187890 0.889900
vt 0.147080 0.853270
vt 0.232030 0.922400
vt 0.232100 0.922400
vt 0.280320 0.949430
vt 0.280370 0.949430
vt 0.280740 0.948900
vt 0.232570 0.921900
vt 0.331710 0.971070
vt 0.331760 0.971070
vt 0.332030 0.970520
vt 0.442620 0.994340
vt 0.386460 0.984660
vt 0.499960 0.997650
vt 0.499840 0.995340
vt 0.442750 0.992050
vt 0.386840 0.982410
vt 0.557320 0.994340
vt 0.613510 0.984660
vt 0.612930 0.982410
vt 0.556960 0.992050
vt 0.667370 0.968860
vt 0.718520 0.947320
vt 0.717520 0.945240
vt 0.666580 0.966690
vt 0.766570 0.920410
vt 0.811140 0.888520
vt 0.809770 0.886720
vt 0.765380 0.918460
vt 0.851860 0.852020
vt 0.888350 0.811290
vt 0.886660 0.809850
vt 0.850330 0.850390
vt 0.920230 0.766710
vt 0.947120 0.718650
vt 0.945180 0.717640
vt 0.918410 0.765470
vt 0.968650 0.667490
vt 0.984440 0.613620
vt 0.982340 0.613090
vt 0.966620 0.666720
vt 0.994120 0.557390
vt 0.997430 0.500000
vt 0.995260 0.500000
vt 0.991970 0.557130
vt 0.994120 0.442610
vt 0.984440 0.386380
vt 0.982340 0.386910
vt 0.991970 0.442870
vt 0.968650 0.332510
vt 0.947120 0.281350
vt 0.945180 0.282360
vt 0.966620 0.333280
vt 0.920230 0.233290
vt 0.888350 0.188710
vt 0.886660 0.190150
vt 0.918410 0.234530
vt 0.851860 0.147980
vt 0.811140 0.111480
vt 0.809770 0.113280
vt 0.850330 0.149610
vt 0.766570 0.079590
vt 0.718520 0.052680
vt 0.717520 0.054760
vt 0.765380 0.081540
vt 0.667380 0.031140
vt 0.613510 0.015340
vt 0.612930 0.017590
vt 0.666580 0.033310
vt 0.557320 0.005660
vt 0.499960 0.002350
vt 0.499840 0.004660
vt 0.556960 0.007950
vt 0.442620 0.005660
vt 0.386460 0.015340
vt 0.386840 0.017590
vt 0.442750 0.007950
vt 0.332660 0.031140
vt 0.281600 0.052680
vt 0.282480 0.054760
vt 0.333300 0.033310
vt 0.233650 0.079590
vt 0.189180 0.111480
vt 0.190560 0.113280
vt 0.234780 0.081530
vt 0.148580 0.147980
vt 0.112200 0.188710
vt 0.114030 0.190150
vt 0.150180 0.149610
vt 0.080430 0.233290
vt 0.053640 0.281350
vt 0.055830 0.282360
vt 0.082450 0.234520
vt 0.032190 0.332510
vt 0.016460 0.386380
vt 0.018910 0.386910
vt 0.034530 0.333280
vt 0.006830 0.442610
vt 0.003530 0.500000
vt 0.006070 0.500000
vt 0.009340 0.442870
vt 0.006830 0.557390
vt 0.016460 0.613620
vt 0.018910 0.613090
vt 0.009340 0.557130
vt 0.032190 0.667490
vt 0.053640 0.718650
vt 0.055830 0.717640
vt 0.034530 0.666720
vt 0.080430 0.766710
vt 0.112200 0.811290
vt 0.114030 0.809850
vt 0.082450 0.765470
vt 0.148580 0.852020
vt 0.189180 0.888520
vt 0.190560 0.886720
vt 0.150180 0.850390
vt 0.233650 0.920410
vt 0.281600 0.947320
vt 0.282480 0.945240
vt 0.234780 0.918460
vt 0.332660 0.968860
vt 0.333300 0.966690
vt 0.442690 0.989850
vt 0.386950 0.980250
vt 0.499640 0.993130
vt 0.499330 0.991870
vt 0.442650 0.988600
vt 0.387180 0.979030
vt 0.556620 0.989850
vt 0.612450 0.980250
vt 0.611640 0.979030
vt 0.556050 0.988600
vt 0.665980 0.964600
vt 0.716800 0.943250
vt 0.715540 0.942120
vt 0.664940 0.963410
vt 0.764550 0.916590
vt 0.808840 0.884990
vt 0.807170 0.884010
vt 0.763080 0.915530
vt 0.849290 0.848830
vt 0.885530 0.808470
vt 0.883490 0.807680
vt 0.847430 0.847940
vt 0.917180 0.764290
vt 0.943880 0.716660
vt 0.941550 0.716110
vt 0.914990 0.763610
vt 0.965250 0.665970
vt 0.980920 0.612580
vt 0.978390 0.612300
vt 0.962810 0.665550
vt 0.990520 0.556870
vt 0.993810 0.500000
vt 0.991210 0.500000
vt 0.987940 0.556730
vt 0.990520 0.443130
vt 0.980920 0.387420
vt 0.978390 0.387700
vt 0.987940 0.443270
vt 0.965250 0.334030
vt 0.943880 0.283340
vt 0.941550 0.283890
vt 0.962810 0.334450
vt 0.917180 0.235710
vt 0.885530 0.191530
vt 0.883490 0.192320
vt 0.914990 0.236390
vt 0.849290 0.151170
vt 0.808840 0.115010
vt 0.807170 0.115990
vt 0.847430 0.152060
vt 0.764550 0.083410
vt 0.716800 0.056750
vt 0.715540 0.057880
vt 0.763080 0.084470
vt 0.665980 0.035400
vt 0.612450 0.019750
vt 0.611640 0.020970
vt 0.664940 0.036590
vt 0.556620 0.010150
vt 0.499640 0.006870
vt 0.499330 0.008130
vt 0.556050 0.011400
vt 0.442690 0.010150
vt 0.386950 0.019750
vt 0.387180 0.020970
vt 0.442650 0.011400
vt 0.333570 0.035400
vt 0.282940 0.056750
vt 0.283730 0.057880
vt 0.334080 0.036590
vt 0.235410 0.083410
vt 0.191370 0.115010
vt 0.192740 0.115990
vt 0.236500 0.084470
vt 0.151180 0.151170
vt 0.115200 0.191530
vt 0.117120 0.192320
vt 0.152830 0.152060
vt 0.083790 0.235710
vt 0.057320 0.283340
vt 0.059700 0.283890
vt 0.085960 0.236390
vt 0.036140 0.334030
vt 0.020610 0.387420
vt 0.023310 0.387700
vt 0.038700 0.334450
vt 0.011100 0.443130
vt 0.007850 0.500000
vt 0.010660 0.500000
vt 0.013880 0.443270
vt 0.011100 0.556870
vt 0.020610 0.612580
vt 0.023310 0.612300
vt 0.013880 0.556730
vt 0.036140 0.665970
vt 0.057320 0.716660
vt 0.059700 0.716110
vt 0.038700 0.665550
vt 0.083790 0.764290
vt 0.115200 0.808470
vt 0.117120 0.807680
vt 0.085950 0.763610
vt 0.151180 0.848830
vt 0.191370 0.884990
vt 0.192740 0.884010
vt 0.152830 0.847940
vt 0.235410 0.916590
vt 0.282940 0.943250
vt 0.283730 0.942120
vt 0.236500 0.915530
vt 0.333570 0.964600
vt 0.334080 0.963410
vt 0.442810 0.989160
vt 0.387930 0.979580
vt 0.498900 0.992440
vt 0.498290 0.990700
vt 0.443080 0.987430
vt 0.389090 0.977890
vt 0.555040 0.989160
vt 0.610080 0.979580
vt 0.607760 0.977890
vt 0.553570 0.987430
vt 0.662840 0.963950
vt 0.712930 0.942630
vt 0.709030 0.941070
vt 0.659710 0.962310
vt 0.759990 0.916010
vt 0.803620 0.884450
vt 0.798300 0.883100
vt 0.755360 0.914540
vt 0.843460 0.848340
vt 0.879140 0.808030
vt 0.872610 0.806950
vt 0.837510 0.847110
vt 0.910290 0.763920
vt 0.936550 0.716360
vt 0.929070 0.715600
vt 0.903250 0.762990
vt 0.957570 0.665740
vt 0.972970 0.612430
vt 0.964870 0.612030
vt 0.949730 0.665150
vt 0.982410 0.556790
vt 0.985640 0.500000
vt 0.977310 0.500000
vt 0.974140 0.556590
vt 0.982410 0.443210
vt 0.972970 0.387570
vt 0.964870 0.387970
vt 0.974140 0.443410
vt 0.957570 0.334260
vt 0.936550 0.283640
vt 0.929070 0.284400
vt 0.949730 0.334850
vt 0.910290 0.236080
vt 0.879140 0.191970
vt 0.872610 0.193050
vt 0.903250 0.237010
vt 0.843460 0.151660
vt 0.803620 0.115550
vt 0.798300 0.116900
vt 0.837510 0.152890
vt 0.759990 0.083990
vt 0.712930 0.057370
vt 0.709030 0.058930
vt 0.755360 0.085460
vt 0.662840 0.036050
vt 0.610080 0.020420
vt 0.607760 0.022110
vt 0.659710 0.037690
vt 0.555040 0.010840
vt 0.498900 0.007560
vt 0.498290 0.009300
vt 0.553570 0.012570
vt 0.442810 0.010840
vt 0.387930 0.020420
vt 0.389090 0.022110
vt 0.443080 0.012570
vt 0.335420 0.036050
vt 0.285650 0.057370
vt 0.288520 0.058930
vt 0.337450 0.037690
vt 0.238980 0.083990
vt 0.195770 0.115550
vt 0.200250 0.116900
vt 0.242670 0.085460
vt 0.156380 0.151660
vt 0.121150 0.191970
vt 0.127040 0.193050
vt 0.161590 0.152890
vt 0.090420 0.236080
vt 0.064540 0.283640
vt 0.071580 0.284400
vt 0.096930 0.237010
vt 0.043850 0.334260
vt 0.028690 0.387570
vt 0.036490 0.387970
vt 0.051320 0.334850
vt 0.019410 0.443210
vt 0.016240 0.500000
vt 0.024300 0.500000
vt 0.027410 0.443410
vt 0.019410 0.556790
vt 0.028690 0.612430
vt 0.036490 0.612030
vt 0.027410 0.556590
vt 0.043850 0.665740
vt 0.064540 0.716360
vt 0.071580 0.715600
vt 0.051320 0.665150
vt 0.090420 0.763920
vt 0.121150 0.808030
vt 0.127040 0.806950
vt 0.096930 0.762990
vt 0.156380 0.848340
vt 0.195770 0.884450
vt 0.200250 0.883100
vt 0.161590 0.847110
vt 0.238980 0.916010
vt 0.285650 0.942630
vt 0.288520 0.941070
vt 0.242670 0.914540
vt 0.335420 0.963950
vt 0.337450 0.962310
vt 0.443340 0.979310
vt 0.390490 0.969930
vt 0.497410 0.982520
vt 0.500640 0.970830
vt 0.448110 0.967700
vt 0.396760 0.958540
vt 0.551560 0.979310
vt 0.604650 0.969930
vt 0.604880 0.958540
vt 0.553270 0.967700
vt 0.655550 0.954610
vt 0.703870 0.933720
vt 0.701310 0.923210
vt 0.654350 0.943590
vt 0.749240 0.907630
vt 0.791300 0.876710
vt 0.786240 0.867590
vt 0.745390 0.897760
vt 0.829680 0.841320
vt 0.864020 0.801830
vt 0.856840 0.794520
vt 0.823500 0.833050
vt 0.893990 0.758600
vt 0.919240 0.712010
vt 0.910410 0.706870
vt 0.885920 0.752340
vt 0.939430 0.662400
vt 0.954230 0.610160
vt 0.944330 0.607490
vt 0.929990 0.658470
vt 0.963290 0.555650
vt 0.966390 0.500000
vt 0.956120 0.500000
vt 0.953120 0.554300
vt 0.963290 0.444350
vt 0.954230 0.389840
vt 0.944330 0.392510
vt 0.953120 0.445700
vt 0.939430 0.337600
vt 0.919240 0.287990
vt 0.910410 0.293130
vt 0.929990 0.341530
vt 0.893990 0.241400
vt 0.864020 0.198170
vt 0.856840 0.205480
vt 0.885920 0.247660
vt 0.829680 0.158680
vt 0.791300 0.123290
vt 0.786240 0.132410
vt 0.823500 0.166950
vt 0.749240 0.092370
vt 0.703870 0.066280
vt 0.701310 0.076790
vt 0.745390 0.102240
vt 0.655550 0.045390
vt 0.604650 0.030070
vt 0.604880 0.041460
vt 0.654350 0.056410
vt 0.551560 0.020690
vt 0.497410 0.017480
vt 0.500640 0.029170
vt 0.553270 0.032300
vt 0.443340 0.020690
vt 0.390490 0.030070
vt 0.396760 0.041460
vt 0.448110 0.032300
vt 0.339960 0.045390
vt 0.292130 0.066280
vt 0.301280 0.076790
vt 0.347700 0.056410
vt 0.247330 0.092370
vt 0.205910 0.123290
vt 0.217340 0.132410
vt 0.257840 0.102240
vt 0.168190 0.158680
vt 0.134510 0.198170
vt 0.146090 0.205480
vt 0.179750 0.166950
vt 0.105180 0.241400
vt 0.080500 0.287990
vt 0.093560 0.293130
vt 0.117390 0.247660
vt 0.060790 0.337600
vt 0.046370 0.389840
vt 0.060630 0.392510
vt 0.074540 0.341530
vt 0.037540 0.444350
vt 0.034530 0.500000
vt 0.049210 0.500000
vt 0.052120 0.445700
vt 0.037540 0.555650
vt 0.046370 0.610160
vt 0.060630 0.607490
vt 0.052120 0.554300
vt 0.060790 0.662400
vt 0.080500 0.712010
vt 0.093560 0.706870
vt 0.074540 0.658470
vt 0.105180 0.758600
vt 0.134510 0.801830
vt 0.145730 0.794520
vt 0.117390 0.752340
vt 0.168190 0.841320
vt 0.205910 0.876710
vt 0.215170 0.867590
vt 0.178310 0.833050
vt 0.247330 0.907630
vt 0.292130 0.933720
vt 0.300920 0.923210
vt 0.256390 0.897760
vt 0.339960 0.954610
vt 0.347700 0.943590
vt 0.462080 0.955500
vt 0.412730 0.946580
vt 0.512570 0.958550
vt 0.527020 0.944650
vt 0.478810 0.941690
vt 0.431680 0.933040
vt 0.563150 0.955500
vt 0.612740 0.946580
vt 0.622620 0.933040
vt 0.575300 0.941690
vt 0.660260 0.932020
vt 0.705360 0.912170
vt 0.710970 0.899680
vt 0.667960 0.918920
vt 0.747690 0.887380
vt 0.786910 0.858000
vt 0.788710 0.847140
vt 0.751330 0.875640
vt 0.822670 0.824360
vt 0.854660 0.786830
vt 0.853300 0.778140
vt 0.822810 0.814530
vt 0.882570 0.745750
vt 0.906070 0.701470
vt 0.902290 0.695360
vt 0.879900 0.738310
vt 0.924850 0.654330
vt 0.938610 0.604690
vt 0.933320 0.601520
vt 0.920200 0.649660
vt 0.947040 0.552880
vt 0.949920 0.500000
vt 0.944090 0.500000
vt 0.941350 0.551280
vt 0.947040 0.447120
vt 0.938610 0.395310
vt 0.933320 0.398480
vt 0.941350 0.448720
vt 0.924850 0.345670
vt 0.906070 0.298530
vt 0.902290 0.304640
vt 0.920200 0.350340
vt 0.882570 0.254250
vt 0.854660 0.213170
vt 0.853300 0.221860
vt 0.879900 0.261690
vt 0.822670 0.175640
vt 0.786910 0.142000
vt 0.788710 0.152860
vt 0.822810 0.185470
vt 0.747690 0.112620
vt 0.705360 0.087830
vt 0.710970 0.100320
vt 0.751330 0.124360
vt 0.660260 0.067980
vt 0.612740 0.053420
vt 0.622620 0.066960
vt 0.667960 0.081080
vt 0.563150 0.044500
vt 0.512570 0.041450
vt 0.527020 0.055350
vt 0.575300 0.058310
vt 0.462080 0.044500
vt 0.412730 0.053420
vt 0.431680 0.066960
vt 0.478810 0.058310
vt 0.365580 0.067980
vt 0.320980 0.087830
vt 0.344040 0.100320
vt 0.386640 0.081080
vt 0.279250 0.112620
vt 0.239260 0.142000
vt 0.265200 0.152860
vt 0.304180 0.124360
vt 0.199910 0.175640
vt 0.164400 0.213170
vt 0.189040 0.221860
vt 0.225270 0.185470
vt 0.135840 0.254250
vt 0.113050 0.298530
vt 0.139330 0.304640
vt 0.161040 0.261690
vt 0.094880 0.345670
vt 0.081590 0.395310
vt 0.109380 0.398490
vt 0.122030 0.350340
vt 0.073460 0.447120
vt 0.070690 0.500000
vt 0.099010 0.500000
vt 0.101650 0.448720
vt 0.073460 0.552880
vt 0.081590 0.604690
vt 0.109380 0.601520
vt 0.101650 0.551280
vt 0.094880 0.654330
vt 0.113050 0.701470
vt 0.139330 0.695360
vt 0.122030 0.649660
vt 0.135840 0.745750
vt 0.162970 0.786830
vt 0.186890 0.778140
vt 0.161040 0.738310
vt 0.194170 0.824360
vt 0.230590 0.858000
vt 0.252170 0.847140
vt 0.216640 0.814530
vt 0.273440 0.887380
vt 0.319520 0.912170
vt 0.341840 0.899680
vt 0.295450 0.875640
vt 0.365580 0.932020
vt 0.386640 0.918920
vt 0.491740 0.925260
vt 0.446790 0.916930
vt 0.537700 0.928110
vt 0.548310 0.906400
vt 0.504850 0.903700
vt 0.462340 0.895790
vt 0.583720 0.925260
vt 0.628800 0.916930
vt 0.634390 0.895790
vt 0.591790 0.903700
vt 0.671990 0.903340
vt 0.712950 0.884810
vt 0.713850 0.865300
vt 0.675170 0.882890
vt 0.751380 0.861660
vt 0.786970 0.834230
vt 0.783720 0.817290
vt 0.750130 0.843330
vt 0.819420 0.802830
vt 0.848450 0.767790
vt 0.841740 0.754220
vt 0.814350 0.787480
vt 0.873760 0.729440
vt 0.895080 0.688100
vt 0.885760 0.678560
vt 0.865630 0.717810
vt 0.912120 0.644090
vt 0.924610 0.597740
vt 0.913630 0.592780
vt 0.901840 0.636780
vt 0.932250 0.549370
vt 0.934870 0.500000
vt 0.923310 0.500000
vt 0.920850 0.546870
vt 0.932250 0.450630
vt 0.924610 0.402260
vt 0.913630 0.407220
vt 0.920850 0.453130
vt 0.912120 0.355910
vt 0.895080 0.311900
vt 0.885760 0.321440
vt 0.901840 0.363220
vt 0.873760 0.270560
vt 0.848450 0.232210
vt 0.841740 0.245780
vt 0.865630 0.282190
vt 0.819420 0.197170
vt 0.786970 0.165770
vt 0.783720 0.182710
vt 0.814350 0.212520
vt 0.751380 0.138340
vt 0.712950 0.115190
vt 0.713850 0.134700
vt 0.750130 0.156670
vt 0.671990 0.096660
vt 0.628800 0.083070
vt 0.634390 0.104210
vt 0.675170 0.117110
vt 0.583720 0.074740
vt 0.537700 0.071890
vt 0.548310 0.093600
vt 0.591790 0.096300
vt 0.491740 0.074740
vt 0.446790 0.083070
vt 0.462340 0.104210
vt 0.504850 0.096300
vt 0.403830 0.096660
vt 0.363180 0.115190
vt 0.383220 0.134700
vt 0.421700 0.117110
vt 0.325150 0.138340
vt 0.288580 0.165770
vt 0.313600 0.182710
vt 0.347220 0.156670
vt 0.252340 0.197170
vt 0.219610 0.232210
vt 0.254250 0.245780
vt 0.282280 0.212520
vt 0.193500 0.270560
vt 0.172790 0.311900
vt 0.210810 0.321440
vt 0.230480 0.282190
vt 0.156270 0.355910
vt 0.144210 0.402260
vt 0.183680 0.407220
vt 0.195140 0.363220
vt 0.136830 0.450630
vt 0.134320 0.500000
vt 0.174290 0.500000
vt 0.176680 0.453130
vt 0.136830 0.549370
vt 0.144210 0.597740
vt 0.183680 0.592780
vt 0.176680 0.546870
vt 0.156270 0.644090
vt 0.172790 0.688100
vt 0.210810 0.678560
vt 0.195140 0.636780
vt 0.193500 0.729440
vt 0.218180 0.767790
vt 0.253890 0.754220
vt 0.230480 0.717810
vt 0.246570 0.802830
vt 0.279880 0.834230
vt 0.311420 0.817290
vt 0.280840 0.787480
vt 0.319320 0.861660
vt 0.361720 0.884810
vt 0.382860 0.865300
vt 0.345760 0.843330
vt 0.403830 0.903340
vt 0.421700 0.882890
vt 0.522190 0.874500
vt 0.482670 0.867170
vt 0.562560 0.877010
vt 0.579680 0.839620
vt 0.542960 0.837360
vt 0.507000 0.830750
vt 0.602950 0.874500
vt 0.642480 0.867170
vt 0.652290 0.830750
vt 0.616380 0.837360
vt 0.680330 0.855200
vt 0.716210 0.838880
vt 0.719250 0.805270
vt 0.686670 0.819970
vt 0.749860 0.818500
vt 0.781020 0.794340
vt 0.778090 0.765150
vt 0.749800 0.786910
vt 0.809430 0.766690
vt 0.834830 0.735830
vt 0.826960 0.712440
vt 0.803890 0.740240
vt 0.857000 0.702060
vt 0.875660 0.665650
vt 0.864040 0.649220
vt 0.847080 0.682020
vt 0.890590 0.626890
vt 0.901520 0.586070
vt 0.887530 0.577540
vt 0.877600 0.614310
vt 0.908220 0.543480
vt 0.910510 0.500000
vt 0.895690 0.500000
vt 0.893610 0.539170
vt 0.908220 0.456520
vt 0.901520 0.413930
vt 0.887530 0.422460
vt 0.893610 0.460830
vt 0.890590 0.373110
vt 0.875660 0.334350
vt 0.864040 0.350780
vt 0.877600 0.385690
vt 0.857000 0.297940
vt 0.834830 0.264170
vt 0.826960 0.287560
vt 0.847080 0.317990
vt 0.809430 0.233310
vt 0.781020 0.205660
vt 0.778090 0.234850
vt 0.803890 0.259760
vt 0.749860 0.181500
vt 0.716210 0.161120
vt 0.719250 0.194730
vt 0.749800 0.213090
vt 0.680330 0.144800
vt 0.642480 0.132830
vt 0.652290 0.169250
vt 0.686670 0.180030
vt 0.602950 0.125500
vt 0.562560 0.122990
vt 0.579680 0.160380
vt 0.616380 0.162640
vt 0.522190 0.125500
vt 0.482670 0.132830
vt 0.507000 0.169250
vt 0.542960 0.162640
vt 0.444860 0.144800
vt 0.409050 0.161120
vt 0.439930 0.194730
vt 0.472570 0.180030
vt 0.375510 0.181500
vt 0.344520 0.205660
vt 0.381030 0.234850
vt 0.409330 0.213090
vt 0.316320 0.233310
vt 0.291160 0.264170
vt 0.332230 0.287560
vt 0.355250 0.259760
vt 0.269280 0.297940
vt 0.250900 0.334350
vt 0.295330 0.350780
vt 0.312190 0.317990
vt 0.236240 0.373110
vt 0.225520 0.413930
vt 0.272040 0.422460
vt 0.281880 0.385690
vt 0.218970 0.456520
vt 0.216740 0.500000
vt 0.263970 0.500000
vt 0.266020 0.460830
vt 0.218970 0.543480
vt 0.225520 0.586070
vt 0.272040 0.577540
vt 0.266020 0.539170
vt 0.236240 0.626890
vt 0.250900 0.665650
vt 0.295330 0.649220
vt 0.281880 0.614310
vt 0.269280 0.702060
vt 0.291160 0.735830
vt 0.332230 0.712440
vt 0.312190 0.682010
vt 0.316320 0.766690
vt 0.344520 0.794340
vt 0.381030 0.765150
vt 0.355250 0.740240
vt 0.375510 0.818500
vt 0.409050 0.838880
vt 0.439930 0.805270
vt 0.409330 0.786910
vt 0.444860 0.855200
vt 0.472570 0.819970
vt 0.566360 0.791950
vt 0.534540 0.786230
vt 0.598830 0.793900
vt 0.616960 0.746420
vt 0.589050 0.744780
vt 0.561690 0.739980
vt 0.631280 0.791950
vt 0.663020 0.786230
vt 0.672100 0.739990
vt 0.644830 0.744780
vt 0.693390 0.776900
vt 0.722170 0.764180
vt 0.722920 0.721500
vt 0.698190 0.732160
vt 0.749160 0.748290
vt 0.774160 0.729460
vt 0.767600 0.692380
vt 0.746120 0.708170
vt 0.796950 0.707900
vt 0.817340 0.683840
vt 0.804720 0.654140
vt 0.787190 0.674310
vt 0.835130 0.657510
vt 0.850120 0.629130
vt 0.832900 0.608270
vt 0.820010 0.632070
vt 0.862100 0.598920
vt 0.870890 0.567100
vt 0.850770 0.556260
vt 0.843220 0.582940
vt 0.876270 0.533900
vt 0.878100 0.500000
vt 0.856980 0.500000
vt 0.855400 0.528420
vt 0.876270 0.466100
vt 0.870890 0.432900
vt 0.850770 0.443740
vt 0.855400 0.471580
vt 0.862100 0.401080
vt 0.850120 0.370870
vt 0.832910 0.391730
vt 0.843220 0.417060
vt 0.835130 0.342490
vt 0.817340 0.316160
vt 0.804720 0.345860
vt 0.820010 0.367930
vt 0.796950 0.292100
vt 0.774160 0.270540
vt 0.767600 0.307620
vt 0.787190 0.325690
vt 0.749160 0.251710
vt 0.722170 0.235820
vt 0.722920 0.278500
vt 0.746120 0.291830
vt 0.693390 0.223100
vt 0.663020 0.213770
vt 0.672100 0.260010
vt 0.698190 0.267840
vt 0.631280 0.208050
vt 0.598830 0.206100
vt 0.616960 0.253580
vt 0.644840 0.255220
vt 0.566360 0.208050
vt 0.534540 0.213770
vt 0.561690 0.260020
vt 0.589050 0.255220
vt 0.504050 0.223100
vt 0.475120 0.235820
vt 0.510540 0.278500
vt 0.535460 0.267840
vt 0.447960 0.251710
vt 0.422820 0.270540
vt 0.465460 0.307620
vt 0.487150 0.291830
vt 0.399890 0.292100
vt 0.379390 0.316160
vt 0.427940 0.345860
vt 0.445660 0.325690
vt 0.361520 0.342490
vt 0.346480 0.370870
vt 0.399450 0.391730
vt 0.412480 0.367940
vt 0.334460 0.401080
vt 0.325660 0.432900
vt 0.381390 0.443740
vt 0.389030 0.417060
vt 0.320270 0.466100
vt 0.318430 0.500000
vt 0.375120 0.500000
vt 0.376720 0.471580
vt 0.320270 0.533900
vt 0.325660 0.567100
vt 0.381390 0.556260
vt 0.376720 0.528420
vt 0.334460 0.598920
vt 0.346480 0.629130
vt 0.399450 0.608270
vt 0.389030 0.582940
vt 0.361520 0.657510
vt 0.379390 0.683840
vt 0.427940 0.654140
vt 0.412480 0.632070
vt 0.399890 0.707900
vt 0.422820 0.729460
vt 0.465460 0.692380
vt 0.445660 0.674310
vt 0.447960 0.748290
vt 0.475120 0.764180
vt 0.510540 0.721500
vt 0.487150 0.708170
vt 0.504050 0.776900
vt 0.535460 0.732160
vt 0.607650 0.702360
vt 0.584800 0.698400
vt 0.630950 0.703720
vt 0.639900 0.656440
vt 0.621620 0.658800
vt 0.604470 0.652350
vt 0.654230 0.702360
vt 0.677000 0.698400
vt 0.658170 0.658800
vt 0.698800 0.691930
vt 0.719460 0.683110
vt 0.738840 0.672100
vt 0.756790 0.659040
vt 0.736600 0.622140
vt 0.724600 0.635050
vt 0.773170 0.644100
vt 0.787830 0.627430
vt 0.760480 0.597860
vt 0.751580 0.613080
vt 0.800620 0.609180
vt 0.811410 0.589510
vt 0.778630 0.568730
vt 0.773170 0.585680
vt 0.820030 0.568560
vt 0.826350 0.546510
vt 0.790140 0.535710
vt 0.788440 0.553810
vt 0.830230 0.523490
vt 0.831550 0.500000
vt 0.794140 0.500000
vt 0.796460 0.518440
vt 0.830230 0.476510
vt 0.826350 0.453490
vt 0.790140 0.464290
vt 0.796460 0.481560
vt 0.820030 0.431440
vt 0.811410 0.410490
vt 0.778630 0.431270
vt 0.788440 0.446190
vt 0.800620 0.390820
vt 0.787830 0.372570
vt 0.760480 0.402140
vt 0.773170 0.414320
vt 0.773170 0.355900
vt 0.756790 0.340960
vt 0.736590 0.377870
vt 0.751580 0.386920
vt 0.738840 0.327900
vt 0.719460 0.316890
vt 0.707890 0.359380
vt 0.724600 0.364950
vt 0.698800 0.308070
vt 0.677000 0.301600
vt 0.675260 0.347650
vt 0.693150 0.349390
vt 0.654230 0.297640
vt 0.630950 0.296280
vt 0.639900 0.343560
vt 0.658170 0.341200
vt 0.607650 0.297640
vt 0.584800 0.301600
vt 0.604470 0.347650
vt 0.621620 0.341200
vt 0.562880 0.308070
vt 0.542060 0.316890
vt 0.571670 0.359380
vt 0.586500 0.349390
vt 0.522500 0.327900
vt 0.504360 0.340960
vt 0.542710 0.377860
vt 0.554820 0.364950
vt 0.487780 0.355900
vt 0.472940 0.372570
vt 0.518570 0.402140
vt 0.527570 0.386920
vt 0.459980 0.390820
vt 0.449040 0.410490
vt 0.500190 0.431270
vt 0.505720 0.414320
vt 0.440290 0.431440
vt 0.433880 0.453490
vt 0.488510 0.464290
vt 0.490240 0.446200
vt 0.429950 0.476510
vt 0.428610 0.500000
vt 0.484460 0.500000
vt 0.482110 0.481560
vt 0.429950 0.523490
vt 0.433880 0.546510
vt 0.488510 0.535710
vt 0.482110 0.518440
vt 0.440290 0.568560
vt 0.449040 0.589510
vt 0.500190 0.568730
vt 0.490240 0.553800
vt 0.459980 0.609180
vt 0.472940 0.627430
vt 0.518570 0.597860
vt 0.505720 0.585680
vt 0.487780 0.644100
vt 0.504360 0.659040
vt 0.542710 0.622140
vt 0.527570 0.613080
vt 0.522500 0.672100
vt 0.542060 0.683110
vt 0.571670 0.640620
vt 0.554820 0.635050
vt 0.562880 0.691930
vt 0.586500 0.650610
vt 0.749750 0.487440
vt 0.736970 0.500000
vt 0.734530 0.478270
vt 0.630430 0.391790
vt 0.642880 0.404770
vt 0.621340 0.407250
vt 0.621340 0.592750
vt 0.630430 0.608210
vt 0.642880 0.595230
vt 0.584940 0.407970
vt 0.601380 0.414400
vt 0.583760 0.425650
vt 0.655330 0.608210
vt 0.719070 0.577060
vt 0.701820 0.574350
vt 0.716400 0.559570
vt 0.606510 0.397370
vt 0.540950 0.463340
vt 0.557880 0.458160
vt 0.550780 0.478270
vt 0.700640 0.592030
vt 0.733820 0.558380
vt 0.727490 0.541840
vt 0.566380 0.422940
vt 0.569070 0.440430
vt 0.749750 0.512560
vt 0.734530 0.521730
vt 0.551490 0.441620
vt 0.535400 0.487440
vt 0.548310 0.500000
vt 0.744260 0.536660
vt 0.744260 0.463340
vt 0.727490 0.458160
vt 0.535400 0.512560
vt 0.550780 0.521730
vt 0.733820 0.441620
vt 0.716400 0.440430
vt 0.540950 0.536660
vt 0.557880 0.541840
vt 0.719070 0.422940
vt 0.701820 0.425650
vt 0.551490 0.558380
vt 0.569070 0.559570
vt 0.700640 0.407970
vt 0.684300 0.414400
vt 0.566380 0.577060
vt 0.583760 0.574350
vt 0.679180 0.397370
vt 0.664410 0.407250
vt 0.584940 0.592030
vt 0.601380 0.585600
vt 0.655330 0.391790
vt 0.606510 0.602630
s 0
usemtl mat1.472
f 1/1/1 2/2/2 3/3/3
f 1/1/4 3/3/5 4/4/6
f 5/5/7 6/6/8 3/3/9
f 5/5/10 3/3/11 2/2/12
f 7/7/13 4/4/14 3/3/15
f 7/7/16 3/3/17 6/6/18
f 8/8/19 9/9/20 10/10/21
f 8/8/19 10/10/22 11/11/23
f 12/12/24 13/13/25 10/10/26
f 12/12/27 10/10/28 9/9/29
f 14/14/30 15/15/31 10/10/32
f 14/14/33 10/10/28 13/13/34
f 16/16/35 11/11/36 10/10/37
f 16/16/38 10/10/39 15/15/40
f 12/12/24 17/17/41 18/18/42
f 12/12/24 18/18/43 13/13/44
f 19/19/45 20/19/46 18/18/47
f 19/19/48 18/18/49 17/17/50
f 21/20/51 22/21/52 18/18/53
f 21/20/54 18/18/55 20/19/56
f 14/14/57 13/13/58 18/18/59
f 14/14/60 18/18/61 22/21/62
f 19/19/63 23/22/64 24/22/65
f 19/19/66 24/22/67 20/19/68
f 25/23/69 26/23/70 24/22/71
f 25/23/72 24/22/73 23/22/74
f 27/24/75 28/25/76 24/22/77
f 27/24/78 24/22/79 26/23/80
f 21/20/81 20/19/82 24/22/83
f 21/20/84 24/22/85 28/25/86
f 25/23/87 29/26/88 30/27/89
f 25/23/90 30/27/91 26/23/92
f 31/28/93 32/28/94 30/27/95
f 31/28/96 30/27/89 29/26/97
f 33/29/98 34/30/99 30/27/89
f 33/29/98 30/27/100 32/28/101
f 27/24/102 26/23/103 30/27/104
f 27/24/105 30/27/91 34/30/106
f 31/28/107 35/31/108 36/32/109
f 31/28/110 36/32/111 32/28/112
f 37/33/113 38/34/114 36/32/115
f 37/33/116 36/32/117 35/31/118
f 39/35/119 40/36/120 36/32/121
f 39/35/122 36/32/123 38/34/124
f 33/29/125 32/28/126 36/32/127
f 33/29/128 36/32/121 40/36/120
f 37/33/129 41/37/130 42/38/131
f 37/33/132 42/38/133 38/34/134
f 43/39/135 44/40/136 42/38/137
f 43/39/138 42/38/139 41/37/140
f 45/41/141 46/42/142 42/38/143
f 45/41/144 42/38/145 44/40/146
f 39/35/147 38/34/148 42/38/139
f 39/35/149 42/38/150 46/42/151
f 43/39/152 47/43/153 48/44/154
f 43/39/155 48/44/154 44/40/146
f 49/45/156 50/46/157 48/44/158
f 49/45/159 48/44/160 47/43/161
f 51/47/162 52/48/163 48/44/158
f 51/47/164 48/44/165 50/46/166
f 45/41/167 44/40/168 48/44/158
f 45/41/169 48/44/170 52/48/171
f 49/45/156 53/49/172 54/50/173
f 49/45/156 54/50/173 50/46/174
f 55/51/175 56/52/176 54/50/177
f 55/51/178 54/50/179 53/49/172
f 57/53/180 58/54/181 54/50/179
f 57/53/180 54/50/182 56/52/183
f 51/47/184 50/46/185 54/50/186
f 51/47/164 54/50/186 58/54/187
f 55/51/188 59/55/189 60/56/190
f 55/51/191 60/56/192 56/52/176
f 61/57/193 62/58/194 60/56/195
f 61/57/196 60/56/197 59/55/198
f 63/59/199 64/60/200 60/56/201
f 63/59/199 60/56/195 62/58/202
f 57/53/203 56/52/176 60/56/204
f 57/53/205 60/56/204 64/60/206
f 61/57/207 65/61/208 66/62/209
f 61/57/193 66/62/210 62/58/211
f 67/63/212 68/64/213 66/62/214
f 67/63/215 66/62/210 65/61/216
f 69/65/217 70/66/218 66/62/209
f 69/65/219 66/62/220 68/64/221
f 63/59/222 62/58/223 66/62/224
f 63/59/225 66/62/226 70/66/227
f 67/63/228 71/67/229 72/68/230
f 67/63/231 72/68/232 68/64/233
f 73/69/234 74/70/235 72/68/230
f 73/69/236 72/68/237 71/67/238
f 75/71/239 76/72/240 72/68/230
f 75/71/241 72/68/242 74/70/243
f 69/65/244 68/64/245 72/68/232
f 69/65/246 72/68/247 76/72/248
f 73/69/236 77/73/249 78/74/250
f 73/69/251 78/74/250 74/70/252
f 79/75/253 80/75/254 78/74/255
f 79/75/256 78/74/257 77/73/258
f 81/76/259 82/77/260 78/74/261
f 81/76/262 78/74/263 80/75/264
f 75/71/265 74/70/266 78/74/267
f 75/71/268 78/74/250 82/77/269
f 79/75/253 83/78/270 84/79/271
f 79/75/272 84/79/273 80/75/274
f 85/80/275 86/80/276 84/79/277
f 85/80/278 84/79/273 83/78/279
f 87/81/280 88/82/281 84/79/282
f 87/81/283 84/79/284 86/80/285
f 81/76/286 80/75/254 84/79/287
f 81/76/288 84/79/271 88/82/289
f 85/80/290 89/83/291 90/83/292
f 85/80/293 90/83/294 86/80/295
f 91/84/296 92/84/297 90/83/298
f 91/84/299 90/83/300 89/83/301
f 93/85/302 94/86/303 90/83/300
f 93/85/304 90/83/305 92/84/306
f 87/81/283 86/80/276 90/83/307
f 87/81/308 90/83/309 94/86/310
f 91/84/311 95/87/312 96/88/313
f 91/84/314 96/88/315 92/84/316
f 97/89/317 98/90/318 96/88/319
f 97/89/320 96/88/321 95/87/322
f 99/91/323 100/92/324 96/88/321
f 99/91/325 96/88/326 98/90/327
f 93/85/304 92/84/328 96/88/329
f 93/85/330 96/88/331 100/92/332
f 97/89/317 101/93/333 102/94/334
f 97/89/335 102/94/336 98/90/337
f 103/95/338 104/96/339 102/94/336
f 103/95/340 102/94/341 101/93/342
f 105/97/343 106/98/344 102/94/345
f 105/97/343 102/94/346 104/96/347
f 99/91/348 98/90/318 102/94/336
f 99/91/349 102/94/336 106/98/350
f 103/95/351 107/99/352 108/100/353
f 103/95/354 108/100/355 104/96/356
f 109/101/357 110/102/358 108/100/359
f 109/101/360 108/100/361 107/99/362
f 111/103/363 112/104/364 108/100/365
f 111/103/366 108/100/365 110/102/367
f 105/97/368 104/96/369 108/100/355
f 105/97/343 108/100/370 112/104/371
f 109/101/372 113/105/373 114/106/374
f 109/101/375 114/106/376 110/102/377
f 115/107/378 116/108/379 114/106/380
f 115/107/381 114/106/382 113/105/383
f 117/109/384 118/110/385 114/106/382
f 117/109/386 114/106/387 116/108/388
f 111/103/389 110/102/390 114/106/391
f 111/103/392 114/106/393 118/110/394
f 115/107/395 119/111/396 120/112/397
f 115/107/398 120/112/399 116/108/400
f 121/113/401 122/114/402 120/112/403
f 121/113/404 120/112/405 119/111/406
f 123/115/407 124/116/408 120/112/409
f 123/115/410 120/112/399 122/114/411
f 117/109/412 116/108/413 120/112/414
f 117/109/415 120/112/416 124/116/417
f 121/113/418 125/117/419 126/118/420
f 121/113/421 126/118/422 122/114/423
f 127/119/424 128/120/425 126/118/422
f 127/119/426 126/118/427 125/117/428
f 129/121/429 130/122/430 126/118/431
f 129/121/429 126/118/432 128/120/433
f 123/115/434 122/114/423 126/118/435
f 123/115/436 126/118/437 130/122/438
f 127/119/439 131/123/440 132/124/441
f 127/119/442 132/124/443 128/120/444
f 133/125/445 134/126/446 132/124/447
f 133/125/448 132/124/449 131/123/450
f 135/127/451 136/128/452 132/124/453
f 135/127/454 132/124/447 134/126/455
f 129/121/456 128/120/425 132/124/441
f 129/121/456 132/124/447 136/128/457
f 133/125/448 137/129/458 138/130/459
f 133/125/460 138/130/461 134/126/462
f 139/131/463 140/132/464 138/130/465
f 139/131/466 138/130/459 137/129/467
f 141/133/468 142/134/469 138/130/465
f 141/133/470 138/130/459 140/132/464
f 135/127/471 134/126/472 138/130/459
f 135/127/471 138/130/473 142/134/469
f 139/131/474 143/135/475 144/136/476
f 139/131/474 144/136/477 140/132/478
f 145/137/479 146/138/480 144/136/476
f 145/137/481 144/136/482 143/135/483
f 147/139/484 148/140/485 144/136/486
f 147/139/487 144/136/486 146/138/480
f 141/133/488 140/132/489 144/136/490
f 141/133/491 144/136/476 148/140/492
f 145/137/493 149/141/494 150/142/495
f 145/137/496 150/142/497 146/138/480
f 151/143/498 152/144/499 150/142/497
f 151/143/500 150/142/501 149/141/502
f 153/145/503 154/146/504 150/142/495
f 153/145/505 150/142/506 152/144/507
f 147/139/508 146/138/480 150/142/509
f 147/139/510 150/142/501 154/146/511
f 151/143/512 155/147/513 156/148/514
f 151/143/515 156/148/516 152/144/517
f 157/149/518 158/150/519 156/148/520
f 157/149/518 156/148/521 155/147/522
f 159/151/523 160/152/524 156/148/516
f 159/151/525 156/148/526 158/150/527
f 153/145/528 152/144/529 156/148/530
f 153/145/531 156/148/526 160/152/532
f 157/149/533 161/153/534 162/154/535
f 157/149/536 162/154/537 158/150/538
f 163/155/539 164/156/540 162/154/541
f 163/155/542 162/154/543 161/153/544
f 165/157/545 166/158/546 162/154/547
f 165/157/545 162/154/548 164/156/549
f 159/151/550 158/150/551 162/154/552
f 159/151/553 162/154/554 166/158/555
f 163/155/556 167/159/557 168/160/558
f 163/155/556 168/160/559 164/156/560
f 169/161/561 170/162/562 168/160/563
f 169/161/564 168/160/565 167/159/566
f 171/163/567 172/164/568 168/160/569
f 171/163/570 168/160/571 170/162/572
f 165/157/573 164/156/574 168/160/575
f 165/157/545 168/160/563 172/164/576
f 169/161/561 173/165/577 174/166/578
f 169/161/579 174/166/580 170/162/581
f 8/8/582 11/11/583 174/166/584
f 8/8/585 174/166/586 173/165/587
f 16/16/38 175/167/588 174/166/589
f 16/16/590 174/166/591 11/11/592
f 171/163/593 170/162/594 174/166/595
f 171/163/596 174/166/597 175/167/598
f 16/16/599 15/15/600 176/168/601
f 16/16/602 176/168/603 177/169/604
f 14/14/605 178/170/606 176/168/607
f 14/14/608 176/168/607 15/15/609
f 179/171/610 180/172/611 176/168/607
f 179/171/612 176/168/613 178/170/614
f 181/173/615 177/169/616 176/168/607
f 181/173/617 176/168/618 180/172/619
f 14/14/30 22/21/620 182/174/621
f 14/14/30 182/174/622 178/170/623
f 21/20/624 183/175/625 182/174/626
f 21/20/627 182/174/628 22/21/629
f 184/176/630 185/177/631 182/174/632
f 184/176/633 182/174/634 183/175/635
f 179/171/636 178/170/637 182/174/638
f 179/171/639 182/174/621 185/177/640
f 21/20/641 28/25/642 186/178/643
f 21/20/644 186/178/645 183/175/646
f 27/24/78 187/179/647 186/178/648
f 27/24/78 186/178/649 28/25/650
f 188/180/651 189/181/652 186/178/653
f 188/180/654 186/178/643 187/179/655
f 184/176/656 183/175/657 186/178/658
f 184/176/659 186/178/643 189/181/660
f 27/24/102 34/30/661 190/182/662
f 27/24/102 190/182/663 187/179/664
f 33/29/665 191/183/666 190/182/667
f 33/29/668 190/182/669 34/30/670
f 192/184/671 193/185/672 190/182/663
f 192/184/673 190/182/669 191/183/666
f 188/180/674 187/179/675 190/182/663
f 188/180/676 190/182/677 193/185/678
f 33/29/98 40/36/679 194/186/680
f 33/29/681 194/186/682 191/183/683
f 39/35/684 195/187/685 194/186/686
f 39/35/687 194/186/682 40/36/688
f 196/188/689 197/189/690 194/186/691
f 196/188/692 194/186/693 195/187/694
f 192/184/673 191/183/695 194/186/696
f 192/184/697 194/186/698 197/189/699
f 39/35/700 46/42/701 198/190/702
f 39/35/700 198/190/703 195/187/704
f 45/41/705 199/191/706 198/190/707
f 45/41/708 198/190/707 46/42/709
f 200/192/710 201/193/711 198/190/707
f 200/192/712 198/190/713 199/191/714
f 196/188/715 195/187/716 198/190/713
f 196/188/692 198/190/717 201/193/718
f 45/41/719 52/48/720 202/194/721
f 45/41/169 202/194/722 199/191/723
f 51/47/184 203/195/724 202/194/725
f 51/47/164 202/194/726 52/48/727
f 204/196/728 205/197/729 202/194/730
f 204/196/731 202/194/730 203/195/732
f 200/192/733 199/191/723 202/194/721
f 200/192/734 202/194/735 205/197/736
f 51/47/184 58/54/181 206/198/737
f 51/47/184 206/198/738 203/195/739
f 57/53/203 207/199/740 206/198/741
f 57/53/203 206/198/741 58/54/187
f 208/200/742 209/201/743 206/198/741
f 208/200/744 206/198/745 207/199/740
f 204/196/746 203/195/747 206/198/738
f 204/196/748 206/198/749 209/201/750
f 57/53/751 64/60/752 210/202/753
f 57/53/751 210/202/754 207/199/755
f 63/59/225 211/203/756 210/202/757
f 63/59/225 210/202/758 64/60/759
f 212/204/760 213/205/761 210/202/757
f 212/204/762 210/202/757 211/203/763
f 208/200/764 207/199/765 210/202/754
f 208/200/764 210/202/753 213/205/766
f 63/59/767 70/66/768 214/206/769
f 63/59/767 214/206/770 211/203/771
f 69/65/217 215/207/772 214/206/773
f 69/65/774 214/206/775 70/66/776
f 216/208/777 217/209/778 214/206/779
f 216/208/780 214/206/781 215/207/782
f 212/204/783 211/203/784 214/206/785
f 212/204/786 214/206/787 217/209/788
f 69/65/789 76/72/790 218/210/791
f 69/65/792 218/210/793 215/207/794
f 75/71/795 219/211/796 218/210/791
f 75/71/797 218/210/798 76/72/799
f 220/212/800 221/213/801 218/210/802
f 220/212/803 218/210/804 219/211/805
f 216/208/806 215/207/807 218/210/808
f 216/208/780 218/210/791 221/213/809
f 75/71/810 82/77/811 222/214/812
f 75/71/813 222/214/814 219/211/815
f 81/76/816 223/215/817 222/214/818
f 81/76/262 222/214/819 82/77/820
f 224/216/821 225/217/822 222/214/823
f 224/216/824 222/214/825 223/215/826
f 220/212/827 219/211/828 222/214/829
f 220/212/800 222/214/830 225/217/831
f 81/76/286 88/82/832 226/218/833
f 81/76/834 226/218/833 223/215/835
f 87/81/836 227/219/837 226/218/838
f 87/81/839 226/218/840 88/82/841
f 228/220/842 229/221/843 226/218/844
f 228/220/845 226/218/838 227/219/846
f 224/216/847 223/215/848 226/218/849
f 224/216/824 226/218/840 229/221/850
f 87/81/851 94/86/852 230/222/853
f 87/81/854 230/222/855 227/219/856
f 93/85/857 231/223/858 230/222/859
f 93/85/860 230/222/861 94/86/862
f 232/224/863 233/225/864 230/222/865
f 232/224/866 230/222/861 231/223/867
f 228/220/868 227/219/869 230/222/870
f 228/220/871 230/222/872 233/225/873
f 93/85/874 100/92/875 234/226/876
f 93/85/877 234/226/878 231/223/879
f 99/91/325 235/227/880 234/226/881
f 99/91/882 234/226/883 100/92/884
f 236/228/885 237/229/886 234/226/883
f 236/228/887 234/226/878 235/227/888
f 232/224/889 231/223/890 234/226/878
f 232/224/891 234/226/892 237/229/893
f 99/91/894 106/98/895 238/230/896
f 99/91/897 238/230/898 235/227/899
f 105/97/900 239/231/901 238/230/902
f 105/97/343 238/230/903 106/98/904
f 240/232/905 241/233/906 238/230/907
f 240/232/908 238/230/909 239/231/910
f 236/228/911 235/227/912 238/230/903
f 236/228/913 238/230/914 241/233/915
f 105/97/916 112/104/917 242/234/918
f 105/97/919 242/234/920 239/231/921
f 111/103/922 243/235/923 242/234/924
f 111/103/925 242/234/918 112/104/926
f 244/236/927 245/237/928 242/234/924
f 244/236/927 242/234/918 243/235/929
f 240/232/930 239/231/931 242/234/932
f 240/232/933 242/234/934 245/237/935
f 111/103/392 118/110/936 246/238/937
f 111/103/938 246/238/939 243/235/940
f 117/109/941 247/239/942 246/238/943
f 117/109/412 246/238/944 118/110/945
f 248/240/946 249/241/947 246/238/944
f 248/240/948 246/238/949 247/239/950
f 244/236/951 243/235/952 246/238/939
f 244/236/927 246/238/953 249/241/954
f 117/109/941 124/116/955 250/242/956
f 117/109/957 250/242/958 247/239/950
f 123/115/959 251/243/960 250/242/958
f 123/115/961 250/242/962 124/116/963
f 252/244/964 253/245/965 250/242/966
f 252/244/967 250/242/968 251/243/969
f 248/240/970 247/239/971 250/242/958
f 248/240/970 250/242/972 253/245/973
f 123/115/974 130/122/975 254/246/976
f 123/115/977 254/246/978 251/243/979
f 129/121/429 255/247/980 254/246/981
f 129/121/982 254/246/983 130/122/984
f 256/248/985 257/249/986 254/246/987
f 256/248/988 254/246/978 255/247/989
f 252/244/990 251/243/991 254/246/978
f 252/244/992 254/246/983 257/249/993
f 129/121/994 136/128/995 258/250/996
f 129/121/997 258/250/998 255/247/999
f 135/127/454 259/251/1000 258/250/1001
f 135/127/1002 258/250/998 136/128/452
f 260/252/1003 261/253/1004 258/250/1005
f 260/252/1006 258/250/1007 259/251/1008
f 256/248/1009 255/247/1010 258/250/1011
f 256/248/1012 258/250/996 261/253/1013
f 135/127/471 142/134/1014 262/254/1015
f 135/127/454 262/254/1016 259/251/1017
f 141/133/1018 263/255/1019 262/254/1020
f 141/133/1021 262/254/1022 142/134/1023
f 264/256/1024 265/257/1025 262/254/1020
f 264/256/1026 262/254/1027 263/255/1028
f 260/252/1029 259/251/1008 262/254/1027
f 260/252/1003 262/254/1030 265/257/1031
f 141/133/1021 148/140/1032 266/258/1033
f 141/133/491 266/258/1034 263/255/1035
f 147/139/508 267/259/1036 266/258/1037
f 147/139/1038 266/258/1039 148/140/1040
f 268/260/1041 269/261/1042 266/258/1043
f 268/260/1044 266/258/1045 267/259/1046
f 264/256/1047 263/255/1048 266/258/1049
f 264/256/1047 266/258/1039 269/261/1050
f 147/139/1051 154/146/1052 270/262/1053
f 147/139/1054 270/262/1055 267/259/1056
f 153/145/503 271/263/1057 270/262/1058
f 153/145/505 270/262/1059 154/146/1060
f 272/264/1061 273/265/1062 270/262/1063
f 272/264/1064 270/262/1065 271/263/1066
f 268/260/1044 267/259/1036 270/262/1067
f 268/260/1044 270/262/1068 273/265/1062
f 153/145/1069 160/152/532 274/266/1070
f 153/145/1071 274/266/1072 271/263/1073
f 159/151/1074 275/267/1075 274/266/1076
f 159/151/523 274/266/1077 160/152/1078
f 276/268/1079 277/269/1080 274/266/1081
f 276/268/1082 274/266/1083 275/267/1084
f 272/264/1085 271/263/1086 274/266/1076
f 272/264/1087 274/266/1088 277/269/1089
f 159/151/553 166/158/1090 278/270/1091
f 159/151/525 278/270/1092 275/267/1093
f 165/157/1094 279/271/1095 278/270/1096
f 165/157/1097 278/270/1092 166/158/1098
f 280/272/1099 281/273/1100 278/270/1101
f 280/272/1102 278/270/1103 279/271/1104
f 276/268/1105 275/267/1106 278/270/1107
f 276/268/1108 278/270/1092 281/273/1109
f 165/157/545 172/164/1110 282/274/1111
f 165/157/1112 282/274/1113 279/271/1114
f 171/163/1115 283/275/1116 282/274/1117
f 171/163/1118 282/274/1119 172/164/1120
f 284/276/1121 285/277/1122 282/274/1111
f 284/276/1123 282/274/1119 283/275/1124
f 280/272/1125 279/271/1126 282/274/1127
f 280/272/1102 282/274/1128 285/277/1129
f 171/163/1130 175/167/1131 286/278/1132
f 171/163/1133 286/278/1134 283/275/1135
f 16/16/599 177/169/1136 286/278/1137
f 16/16/599 286/278/1138 175/167/1139
f 181/173/1140 287/279/1141 286/278/1142
f 181/173/1143 286/278/1144 177/169/1136
f 284/276/1145 283/275/1146 286/278/1147
f 284/276/1148 286/278/1149 287/279/1150
f 181/173/1151 180/172/1152 288/280/1153
f 181/173/1154 288/280/1155 289/281/1156
f 179/171/1157 290/282/1158 288/280/1159
f 179/171/1160 288/280/1155 180/172/1161
f 291/283/1162 292/284/1163 288/280/1164
f 291/283/1165 288/280/1159 290/282/1166
f 293/285/1167 289/281/1168 288/280/1169
f 293/285/1170 288/280/1169 292/284/1171
f 179/171/612 185/177/1172 294/286/1173
f 179/171/1174 294/286/1175 290/282/1176
f 184/176/1177 295/287/1178 294/286/1179
f 184/176/1180 294/286/1181 185/177/1182
f 296/288/1183 297/289/1184 294/286/1185
f 296/288/1186 294/286/1187 295/287/1188
f 291/283/1189 290/282/1190 294/286/1179
f 291/283/1162 294/286/1191 297/289/1192
f 184/176/633 189/181/660 298/290/1193
f 184/176/659 298/290/1194 295/287/1195
f 188/180/1196 299/291/1197 298/290/1198
f 188/180/1199 298/290/1200 189/181/1201
f 300/292/1202 301/293/1203 298/290/1204
f 300/292/1205 298/290/1206 299/291/1207
f 296/288/1208 295/287/1209 298/290/1210
f 296/288/1211 298/290/1210 301/293/1212
f 188/180/651 193/185/1213 302/294/1214
f 188/180/1215 302/294/1214 299/291/1216
f 192/184/1217 303/295/1218 302/294/1219
f 192/184/1220 302/294/1221 193/185/678
f 304/296/1222 305/297/1223 302/294/1219
f 304/296/1224 302/294/1225 303/295/1218
f 300/292/1226 299/291/1227 302/294/1214
f 300/292/1228 302/294/1219 305/297/1229
f 192/184/1217 197/189/1230 306/298/1231
f 192/184/1232 306/298/1233 303/295/1234
f 196/188/1235 307/299/1236 306/298/1237
f 196/188/692 306/298/1238 197/189/1239
f 308/300/1240 309/301/1241 306/298/1242
f 308/300/1240 306/298/1243 307/299/1244
f 304/296/1245 303/295/1234 306/298/1246
f 304/296/1222 306/298/1247 309/301/1248
f 196/188/715 201/193/1249 310/302/1250
f 196/188/1251 310/302/1252 307/299/1253
f 200/192/1254 311/303/1255 310/302/1256
f 200/192/1257 310/302/1258 201/193/703
f 312/304/1259 313/305/1260 310/302/1252
f 312/304/1261 310/302/1250 311/303/1262
f 308/300/1263 307/299/1264 310/302/1252
f 308/300/1265 310/302/1266 313/305/1267
f 200/192/1268 205/197/1269 314/306/1270
f 200/192/1257 314/306/1270 311/303/1271
f 204/196/1272 315/307/1273 314/306/1270
f 204/196/1274 314/306/1275 205/197/1276
f 316/308/1277 317/309/1278 314/306/1279
f 316/308/1277 314/306/1280 315/307/1281
f 312/304/1282 311/303/1271 314/306/1283
f 312/304/1284 314/306/1275 317/309/1285
f 204/196/746 209/201/1286 318/310/1287
f 204/196/1288 318/310/1289 315/307/1290
f 208/200/742 319/311/1291 318/310/1292
f 208/200/742 318/310/1292 209/201/1293
f 320/312/1294 321/313/1295 318/310/1296
f 320/312/1297 318/310/1298 319/311/1299
f 316/308/1300 315/307/1301 318/310/1302
f 316/308/1303 318/310/1304 321/313/1305
f 208/200/764 213/205/766 322/314/1306
f 208/200/742 322/314/1307 319/311/1291
f 212/204/1308 323/315/1309 322/314/1307
f 212/204/1310 322/314/1311 213/205/1312
f 324/316/1313 325/317/1314 322/314/1315
f 324/316/1316 322/314/1317 323/315/1318
f 320/312/1319 319/311/1291 322/314/1320
f 320/312/1321 322/314/1322 325/317/1314
f 212/204/1323 217/209/1324 326/318/1325
f 212/204/1308 326/318/1326 323/315/1318
f 216/208/1327 327/319/1328 326/318/1326
f 216/208/1329 326/318/1330 217/209/1331
f 328/320/1332 329/321/1333 326/318/1334
f 328/320/1332 326/318/1335 327/319/1336
f 324/316/1337 323/315/1309 326/318/1325
f 324/316/1338 326/318/1330 329/321/1339
f 216/208/1340 221/213/802 330/322/801
f 216/208/1341 330/322/791 327/319/1342
f 220/212/1343 331/323/1344 330/322/1345
f 220/212/1346 330/322/1347 221/213/1348
f 332/324/1349 333/325/1350 330/322/804
f 332/324/1351 330/322/802 331/323/1352
f 328/320/1353 327/319/1354 330/322/802
f 328/320/1332 330/322/1355 333/325/1356
f 220/212/1343 225/217/1357 334/326/1358
f 220/212/1359 334/326/1360 331/323/1361
f 224/216/1362 335/327/1363 334/326/1364
f 224/216/824 334/326/1365 225/217/1366
f 336/328/1367 337/329/1368 334/326/1365
f 336/328/1369 334/326/1364 335/327/1370
f 332/324/1371 331/323/1372 334/326/1373
f 332/324/1374 334/326/1365 337/329/1375
f 224/216/824 229/221/1376 338/330/1377
f 224/216/1378 338/330/1379 335/327/1380
f 228/220/1381 339/331/1382 338/330/1383
f 228/220/1384 338/330/1385 229/221/1386
f 340/332/1387 341/333/1388 338/330/1389
f 340/332/1390 338/330/1391 339/331/1392
f 336/328/1393 335/327/1394 338/330/1395
f 336/328/1396 338/330/1397 341/333/1398
f 228/220/1399 233/225/1400 342/334/1401
f 228/220/1402 342/334/1403 339/331/1404
f 232/224/1405 343/335/1406 342/334/1407
f 232/224/1408 342/334/1409 233/225/1410
f 344/336/1411 345/337/1412 342/334/1407
f 344/336/1413 342/334/1414 343/335/1415
f 340/332/1416 339/331/1417 342/334/1409
f 340/332/1418 342/334/1419 345/337/1420
f 232/224/1421 237/229/1422 346/338/1423
f 232/224/1424 346/338/1425 343/335/1426
f 236/228/1427 347/339/1428 346/338/1429
f 236/228/1430 346/338/1431 237/229/1432
f 348/340/1433 349/341/1434 346/338/1435
f 348/340/1436 346/338/1437 347/339/1438
f 344/336/1439 343/335/1440 346/338/1441
f 344/336/1442 346/338/1431 349/341/1443
f 236/228/1444 241/233/1445 350/342/1446
f 236/228/885 350/342/1446 347/339/1428
f 240/232/1447 351/343/1448 350/342/1449
f 240/232/908 350/342/1450 241/233/1451
f 352/344/1452 353/345/1453 350/342/1454
f 352/344/1452 350/342/1455 351/343/1456
f 348/340/1457 347/339/1458 350/342/1449
f 348/340/1459 350/342/1460 353/345/1461
f 240/232/1462 245/237/1463 354/346/1464
f 240/232/1462 354/346/1465 351/343/1466
f 244/236/1467 355/347/1468 354/346/1465
f 244/236/1469 354/346/1470 245/237/1471
f 356/348/1472 357/349/1473 354/346/1470
f 356/348/1474 354/346/1475 355/347/1476
f 352/344/1477 351/343/1478 354/346/1479
f 352/344/1480 354/346/1470 357/349/1481
f 244/236/1482 249/241/1483 358/350/1484
f 244/236/1485 358/350/1486 355/347/1487
f 248/240/1488 359/351/1489 358/350/1490
f 248/240/1491 358/350/1490 249/241/1492
f 360/352/1493 361/353/1494 358/350/1495
f 360/352/1496 358/350/1497 359/351/1498
f 356/348/1499 355/347/1500 358/350/1501
f 356/348/1502 358/350/1501 361/353/1503
f 248/240/970 253/245/1504 362/354/1505
f 248/240/1506 362/354/1507 359/351/1508
f 252/244/964 363/355/1509 362/354/1510
f 252/244/1511 362/354/1512 253/245/1513
f 364/356/1514 365/357/1515 362/354/1510
f 364/356/1516 362/354/1512 363/355/1517
f 360/352/1518 359/351/1519 362/354/1520
f 360/352/1521 362/354/1510 365/357/1522
f 252/244/1523 257/249/1524 366/358/1525
f 252/244/1511 366/358/1526 363/355/1527
f 256/248/988 367/359/1528 366/358/1526
f 256/248/1529 366/358/1530 257/249/1531
f 368/360/1532 369/361/1533 366/358/1526
f 368/360/1534 366/358/1535 367/359/1528
f 364/356/1536 363/355/1537 366/358/1525
f 364/356/1538 366/358/1539 369/361/1540
f 256/248/1541 261/253/1542 370/362/1543
f 256/248/1544 370/362/1545 367/359/1546
f 260/252/1006 371/363/1547 370/362/1545
f 260/252/1003 370/362/1548 261/253/1013
f 372/364/1549 373/365/1550 370/362/1545
f 372/364/1551 370/362/1552 371/363/1553
f 368/360/1554 367/359/1555 370/362/1543
f 368/360/1556 370/362/1548 373/365/1557
f 260/252/1558 265/257/1559 374/366/1560
f 260/252/1561 374/366/1562 371/363/1563
f 264/256/1564 375/367/1565 374/366/1566
f 264/256/1567 374/366/1568 265/257/1559
f 376/368/1569 377/369/1570 374/366/1562
f 376/368/1571 374/366/1560 375/367/1572
f 372/364/1573 371/363/1553 374/366/1560
f 372/364/1574 374/366/1560 377/369/1575
f 264/256/1576 269/261/1577 378/370/1578
f 264/256/1579 378/370/1580 375/367/1581
f 268/260/1044 379/371/1582 378/370/1583
f 268/260/1584 378/370/1585 269/261/1586
f 380/372/1587 381/373/1588 378/370/1589
f 380/372/1590 378/370/1591 379/371/1592
f 376/368/1593 375/367/1594 378/370/1580
f 376/368/1571 378/370/1595 381/373/1596
f 268/260/1597 273/265/1598 382/374/1599
f 268/260/1041 382/374/1600 379/371/1582
f 272/264/1601 383/375/1602 382/374/1603
f 272/264/1604 382/374/1605 273/265/1606
f 384/376/1607 385/377/1608 382/374/1609
f 384/376/1610 382/374/1611 383/375/1612
f 380/372/1613 379/371/1614 382/374/1615
f 380/372/1616 382/374/1617 385/377/1618
f 272/264/1087 277/269/1619 386/378/1620
f 272/264/1087 386/378/1621 383/375/1622
f 276/268/1623 387/379/1624 386/378/1625
f 276/268/1623 386/378/1625 277/269/1626
f 388/380/1627 389/381/1628 386/378/1629
f 388/380/1630 386/378/1631 387/379/1632
f 384/376/1633 383/375/1634 386/378/1625
f 384/376/1635 386/378/1631 389/381/1636
f 276/268/1623 281/273/1637 390/382/1638
f 276/268/1639 390/382/1640 387/379/1641
f 280/272/1642 391/383/1643 390/382/1644
f 280/272/1645 390/382/1640 281/273/1646
f 392/384/1647 393/385/1648 390/382/1649
f 392/384/1650 390/382/1651 391/383/1652
f 388/380/1653 387/379/1654 390/382/1655
f 388/380/1656 390/382/1657 393/385/1658
f 280/272/1645 285/277/1659 394/386/1660
f 280/272/1661 394/386/1662 391/383/1663
f 284/276/1664 395/387/1665 394/386/1666
f 284/276/1121 394/386/1667 285/277/1668
f 396/388/1669 397/389/1670 394/386/1666
f 396/388/1671 394/386/1667 395/387/1672
f 392/384/1673 391/383/1663 394/386/1674
f 392/384/1650 394/386/1675 397/389/1676
f 284/276/1677 287/279/1678 398/390/1679
f 284/276/1680 398/390/1681 395/387/1682
f 181/173/1683 289/281/1684 398/390/1679
f 181/173/1685 398/390/1686 287/279/1150
f 293/285/1170 399/391/1687 398/390/1688
f 293/285/1689 398/390/1690 289/281/1691
f 396/388/1692 395/387/1693 398/390/1679
f 396/388/1694 398/390/1695 399/391/1696
f 293/285/1697 292/284/1698 400/392/1699
f 293/285/1697 400/392/1700 401/393/1701
f 291/283/1702 402/394/1703 400/392/1704
f 291/283/1705 400/392/1706 292/284/1707
f 403/395/1708 404/396/1709 400/392/1710
f 403/395/1711 400/392/1712 402/394/1713
f 405/397/1714 401/393/1715 400/392/1700
f 405/397/1716 400/392/1717 404/396/1718
f 291/283/1719 297/289/1720 406/398/1721
f 291/283/1702 406/398/1722 402/394/1723
f 296/288/1724 407/399/1725 406/398/1721
f 296/288/1726 406/398/1722 297/289/1727
f 408/400/1728 409/401/1729 406/398/1730
f 408/400/1731 406/398/1732 407/399/1733
f 403/395/1734 402/394/1735 406/398/1736
f 403/395/1737 406/398/1738 409/401/1729
f 296/288/1739 301/293/1740 410/402/1741
f 296/288/1742 410/402/1743 407/399/1744
f 300/292/1228 411/403/1745 410/402/1741
f 300/292/1746 410/402/1747 301/293/1748
f 412/404/1749 413/405/1750 410/402/1743
f 412/404/1751 410/402/1752 411/403/1753
f 408/400/1754 407/399/1755 410/402/1743
f 408/400/1756 410/402/1743 413/405/1757
f 300/292/1758 305/297/1759 414/406/1760
f 300/292/1228 414/406/1761 411/403/1762
f 304/296/1224 415/407/1763 414/406/1764
f 304/296/1765 414/406/1761 305/297/1223
f 416/408/1766 417/409/1767 414/406/1768
f 416/408/1766 414/406/1769 415/407/1770
f 412/404/1771 411/403/1772 414/406/1773
f 412/404/1774 414/406/1773 417/409/1775
f 304/296/1776 309/301/1777 418/410/1778
f 304/296/1779 418/410/1780 415/407/1763
f 308/300/1781 419/411/1782 418/410/1783
f 308/300/1784 418/410/1785 309/301/1786
f 420/412/1787 421/413/1788 418/410/1789
f 420/412/1790 418/410/1785 419/411/1791
f 416/408/1792 415/407/1793 418/410/1794
f 416/408/1795 418/410/1796 421/413/1797
f 308/300/1263 313/305/1798 422/414/1799
f 308/300/1800 422/414/1801 419/411/1802
f 312/304/1803 423/415/1804 422/414/1805
f 312/304/1806 422/414/1807 313/305/1808
f 424/416/1809 425/417/1810 422/414/1811
f 424/416/1812 422/414/1799 423/415/1813
f 420/412/1814 419/411/1815 422/414/1816
f 420/412/1817 422/414/1811 425/417/1818
f 312/304/1819 317/309/1820 426/418/1821
f 312/304/1822 426/418/1823 423/415/1824
f 316/308/1825 427/419/1826 426/418/1827
f 316/308/1277 426/418/1827 317/309/1828
f 428/420/1829 429/421/1830 426/418/1827
f 428/420/1831 426/418/1832 427/419/1833
f 424/416/1834 423/415/1804 426/418/1823
f 424/416/1835 426/418/1836 429/421/1837
f 316/308/1838 321/313/1839 430/422/1840
f 316/308/1841 430/422/1842 427/419/1843
f 320/312/1294 431/423/1844 430/422/1845
f 320/312/1846 430/422/1845 321/313/1847
f 432/424/1848 433/425/1849 430/422/1845
f 432/424/1850 430/422/1851 431/423/1852
f 428/420/1829 427/419/1833 430/422/1853
f 428/420/1854 430/422/1855 433/425/1856
f 320/312/1857 325/317/1858 434/426/1859
f 320/312/1860 434/426/1861 431/423/1862
f 324/316/1337 435/427/1863 434/426/1859
f 324/316/1864 434/426/1865 325/317/1866
f 436/428/1867 437/429/1868 434/426/1865
f 436/428/1869 434/426/1870 435/427/1863
f 432/424/1871 431/423/1872 434/426/1861
f 432/424/1873 434/426/1874 437/429/1868
f 324/316/1875 329/321/1876 438/430/1877
f 324/316/1878 438/430/1879 435/427/1863
f 328/320/1880 439/431/1881 438/430/1882
f 328/320/1883 438/430/1884 329/321/1885
f 440/432/1886 441/433/1887 438/430/1888
f 440/432/1889 438/430/1890 439/431/1891
f 436/428/1892 435/427/1893 438/430/1894
f 436/428/1895 438/430/1896 441/433/1897
f 328/320/1353 333/325/1898 442/434/1899
f 328/320/1900 442/434/1901 439/431/1902
f 332/324/1903 443/435/1904 442/434/1905
f 332/324/1906 442/434/1907 333/325/1908
f 444/436/1909 445/437/1910 442/434/1911
f 444/436/1912 442/434/1911 443/435/1913
f 440/432/1914 439/431/1881 442/434/1915
f 440/432/1916 442/434/1917 445/437/1918
f 332/324/1919 337/329/1920 446/438/1921
f 332/324/1349 446/438/1922 443/435/1923
f 336/328/1924 447/439/1925 446/438/1926
f 336/328/1927 446/438/1928 337/329/1929
f 448/440/1930 449/441/1931 446/438/1922
f 448/440/1932 446/438/1933 447/439/1934
f 444/436/1935 443/435/1936 446/438/1937
f 444/436/1938 446/438/1939 449/441/1940
f 336/328/1941 341/333/1398 450/442/1942
f 336/328/1396 450/442/1943 447/439/1944
f 340/332/1945 451/443/1946 450/442/1947
f 340/332/1416 450/442/1948 341/333/1949
f 452/444/1950 453/445/1951 450/442/1952
f 452/444/1953 450/442/1954 451/443/1955
f 448/440/1956 447/439/1925 450/442/1957
f 448/440/1956 450/442/1958 453/445/1959
f 340/332/1960 345/337/1412 454/446/1961
f 340/332/1416 454/446/1962 451/443/1963
f 344/336/1964 455/447/1965 454/446/1966
f 344/336/1442 454/446/1967 345/337/1968
f 456/448/1969 457/449/1970 454/446/1971
f 456/448/1972 454/446/1967 455/447/1973
f 452/444/1974 451/443/1975 454/446/1976
f 452/444/1977 454/446/1978 457/449/1979
f 344/336/1442 349/341/1980 458/450/1981
f 344/336/1442 458/450/1982 455/447/1983
f 348/340/1984 459/451/1985 458/450/1986
f 348/340/1987 458/450/1988 349/341/1989
f 460/452/1990 461/453/1991 458/450/1981
f 460/452/1992 458/450/1982 459/451/1993
f 456/448/1994 455/447/1995 458/450/1996
f 456/448/1997 458/450/1998 461/453/1999
f 348/340/1459 353/345/2000 462/454/2001
f 348/340/2002 462/454/2003 459/451/2004
f 352/344/2005 463/455/2006 462/454/2003
f 352/344/2007 462/454/2008 353/345/2000
f 464/456/2009 465/457/2010 462/454/2011
f 464/456/2012 462/454/2013 463/455/2014
f 460/452/2015 459/451/2016 462/454/2017
f 460/452/2015 462/454/2013 465/457/2018
f 352/344/2019 357/349/1473 466/458/2020
f 352/344/2021 466/458/2022 463/455/2023
f 356/348/2024 467/459/2025 466/458/2026
f 356/348/2027 466/458/2028 357/349/2029
f 468/460/2030 469/461/2031 466/458/2032
f 468/460/2033 466/458/2034 467/459/2035
f 464/456/2036 463/455/2006 466/458/2034
f 464/456/2037 466/458/2038 469/461/2039
f 356/348/2040 361/353/1503 470/462/2041
f 356/348/2042 470/462/2043 467/459/2044
f 360/352/1518 471/463/2045 470/462/2046
f 360/352/2047 470/462/2048 361/353/2049
f 472/464/2050 473/465/2051 470/462/2041
f 472/464/2050 470/462/2046 471/463/2052
f 468/460/2053 467/459/2054 470/462/2041
f 468/460/2055 470/462/2048 473/465/2056
f 360/352/2057 365/357/2058 474/466/2059
f 360/352/2060 474/466/2061 471/463/2062
f 364/356/2063 475/467/2064 474/466/2065
f 364/356/2066 474/466/2067 365/357/2068
f 476/468/2069 477/469/2070 474/466/2071
f 476/468/2072 474/466/2073 475/467/2074
f 472/464/2075 471/463/2076 474/466/2071
f 472/464/2050 474/466/2077 477/469/2078
f 364/356/2079 369/361/1533 478/470/2080
f 364/356/2066 478/470/2081 475/467/2082
f 368/360/2083 479/471/2084 478/470/2085
f 368/360/2086 478/470/2087 369/361/2088
f 480/472/2089 481/473/2090 478/470/2091
f 480/472/2092 478/470/2093 479/471/2094
f 476/468/2095 475/467/2096 478/470/2097
f 476/468/2098 478/470/2099 481/473/2100
f 368/360/2101 373/365/2102 482/474/2103
f 368/360/2104 482/474/2105 479/471/2106
f 372/364/1551 483/475/2107 482/474/2108
f 372/364/1551 482/474/2109 373/365/2110
f 484/476/2111 485/477/2112 482/474/2113
f 484/476/2114 482/474/2108 483/475/2115
f 480/472/2116 479/471/2117 482/474/2103
f 480/472/2118 482/474/2103 485/477/2119
f 372/364/2120 377/369/1570 486/478/2121
f 372/364/2120 486/478/2122 483/475/2123
f 376/368/2124 487/479/2125 486/478/2126
f 376/368/2127 486/478/2128 377/369/1570
f 488/480/2129 489/481/2130 486/478/2126
f 488/480/2131 486/478/2126 487/479/2132
f 484/476/2133 483/475/2134 486/478/2126
f 484/476/2133 486/478/2135 489/481/2130
f 376/368/2136 381/373/2137 490/482/2138
f 376/368/1593 490/482/2139 487/479/2125
f 380/372/1590 491/483/2140 490/482/2141
f 380/372/2142 490/482/2143 381/373/2144
f 492/484/2145 493/485/2146 490/482/2147
f 492/484/2145 490/482/2148 491/483/2149
f 488/480/2150 487/479/2151 490/482/2148
f 488/480/2152 490/482/2153 493/485/2154
f 380/372/1616 385/377/2155 494/486/2156
f 380/372/1616 494/486/2157 491/483/2149
f 384/376/1607 495/487/2158 494/486/2159
f 384/376/2160 494/486/2161 385/377/2162
f 496/488/2163 497/489/2164 494/486/2165
f 496/488/2166 494/486/2159 495/487/2167
f 492/484/2168 491/483/2169 494/486/2170
f 492/484/2145 494/486/2171 497/489/2164
f 384/376/2172 389/381/2173 498/490/2174
f 384/376/2172 498/490/2175 495/487/2176
f 388/380/2177 499/491/2178 498/490/2179
f 388/380/2180 498/490/2181 389/381/2182
f 500/492/2183 501/493/2184 498/490/2185
f 500/492/2186 498/490/2185 499/491/2187
f 496/488/2188 495/487/2189 498/490/2190
f 496/488/2191 498/490/2185 501/493/2192
f 388/380/2193 393/385/2194 502/494/2195
f 388/380/2196 502/494/2197 499/491/2198
f 392/384/2199 503/495/2200 502/494/2201
f 392/384/2202 502/494/2197 393/385/1648
f 504/496/2203 505/497/2204 502/494/2197
f 504/496/2205 502/494/2201 503/495/2206
f 500/492/2207 499/491/2208 502/494/2209
f 500/492/2210 502/494/2211 505/497/2212
f 392/384/2213 397/389/2214 506/498/2215
f 392/384/2199 506/498/2216 503/495/2217
f 396/388/2218 507/499/2219 506/498/2220
f 396/388/1671 506/498/2221 397/389/2222
f 508/500/2223 509/501/2224 506/498/2225
f 508/500/2226 506/498/2227 507/499/2228
f 504/496/2229 503/495/2217 506/498/2230
f 504/496/2231 506/498/2225 509/501/2232
f 396/388/2233 399/391/2234 510/502/2235
f 396/388/1669 510/502/2236 507/499/2237
f 293/285/1170 401/393/1701 510/502/2235
f 293/285/2238 510/502/2239 399/391/2240
f 405/397/2241 511/503/2242 510/502/2243
f 405/397/2244 510/502/2245 401/393/1701
f 508/500/2246 507/499/2247 510/502/2243
f 508/500/2248 510/502/2249 511/503/2250
f 405/397/2251 404/396/2252 512/504/2253
f 405/397/2254 512/504/2255 513/505/2256
f 403/395/2257 514/506/2258 512/504/2259
f 403/395/2257 512/504/2260 404/396/2261
f 515/507/2262 516/508/2263 512/504/2264
f 515/507/2265 512/504/2266 514/506/2267
f 517/509/2268 513/505/2269 512/504/2270
f 517/509/2271 512/504/2264 516/508/2272
f 403/395/2273 409/401/2274 518/510/2275
f 403/395/2276 518/510/2277 514/506/2278
f 408/400/2279 519/511/2280 518/510/2281
f 408/400/2282 518/510/2277 409/401/2283
f 520/512/2284 521/513/2285 518/510/2275
f 520/512/2286 518/510/2287 519/511/2288
f 515/507/2289 514/506/2290 518/510/2291
f 515/507/2265 518/510/2292 521/513/2293
f 408/400/2294 413/405/2295 522/514/2296
f 408/400/2294 522/514/2297 519/511/2298
f 412/404/2299 523/515/2300 522/514/2301
f 412/404/2302 522/514/2303 413/405/2304
f 524/516/2305 525/517/2306 522/514/2307
f 524/516/2308 522/514/2297 523/515/2309
f 520/512/2310 519/511/2311 522/514/2307
f 520/512/2312 522/514/2313 525/517/2314
f 412/404/2315 417/409/2316 526/518/2317
f 412/404/2318 526/518/2319 523/515/2320
f 416/408/2321 527/519/2322 526/518/2317
f 416/408/1795 526/518/2323 417/409/2324
f 528/520/2325 529/521/2326 526/518/2327
f 528/520/2328 526/518/2329 527/519/2330
f 524/516/2331 523/515/2332 526/518/2319
f 524/516/2333 526/518/2317 529/521/2334
f 416/408/2335 421/413/2336 530/522/2337
f 416/408/2338 530/522/2339 527/519/2340
f 420/412/2341 531/523/2342 530/522/2343
f 420/412/2344 530/522/2345 421/413/2346
f 532/524/2347 533/525/2348 530/522/2345
f 532/524/2349 530/522/2350 531/523/2351
f 528/520/2352 527/519/2353 530/522/2354
f 528/520/2355 530/522/2337 533/525/2356
f 420/412/2357 425/417/2358 534/526/2359
f 420/412/2360 534/526/2361 531/523/2362
f 424/416/2363 535/527/2364 534/526/2365
f 424/416/2366 534/526/2359 425/417/2367
f 536/528/2368 537/529/2369 534/526/2370
f 536/528/2371 534/526/2372 535/527/2373
f 532/524/2374 531/523/2362 534/526/2359
f 532/524/2349 534/526/2370 537/529/2375
f 424/416/2366 429/421/2376 538/530/2377
f 424/416/2366 538/530/2378 535/527/2364
f 428/420/2379 539/531/2380 538/530/2381
f 428/420/2382 538/530/2383 429/421/2384
f 540/532/2385 541/533/2386 538/530/2387
f 540/532/2388 538/530/2389 539/531/2390
f 536/528/2391 535/527/2364 538/530/2378
f 536/528/2392 538/530/2393 541/533/2394
f 428/420/2395 433/425/1856 542/534/2396
f 428/420/2397 542/534/2398 539/531/2390
f 432/424/2399 543/535/2400 542/534/2396
f 432/424/1850 542/534/2401 433/425/2402
f 544/536/2403 545/537/2404 542/534/2405
f 544/536/2406 542/534/2407 543/535/2408
f 540/532/2388 539/531/2409 542/534/2398
f 540/532/2410 542/534/2398 545/537/2411
f 432/424/2412 437/429/1868 546/538/2413
f 432/424/1848 546/538/2414 543/535/2415
f 436/428/2416 547/539/2417 546/538/2418
f 436/428/2419 546/538/2420 437/429/2421
f 548/540/2422 549/541/2423 546/538/2424
f 548/540/2425 546/538/2426 547/539/2427
f 544/536/2428 543/535/2429 546/538/2424
f 544/536/2428 546/538/2430 549/541/2431
f 436/428/2416 441/433/2432 550/542/2433
f 436/428/2416 550/542/2434 547/539/2435
f 440/432/2436 551/543/2437 550/542/2438
f 440/432/2439 550/542/2440 441/433/1887
f 552/544/2441 553/545/2442 550/542/2443
f 552/544/2444 550/542/2445 551/543/2446
f 548/540/2447 547/539/2448 550/542/2449
f 548/540/2450 550/542/2451 553/545/2452
f 440/432/2453 445/437/2454 554/546/2455
f 440/432/2456 554/546/2457 551/543/2458
f 444/436/2459 555/547/2460 554/546/2461
f 444/436/2462 554/546/2463 445/437/1918
f 556/548/2464 557/549/2465 554/546/2461
f 556/548/2464 554/546/2466 555/547/2467
f 552/544/2468 551/543/2469 554/546/2461
f 552/544/2470 554/546/2471 557/549/2472
f 444/436/2473 449/441/2474 558/550/2475
f 444/436/2459 558/550/2476 555/547/2477
f 448/440/1930 559/551/2478 558/550/2479
f 448/440/2480 558/550/2481 449/441/2482
f 560/552/2483 561/553/2484 558/550/2485
f 560/552/2486 558/550/2487 559/551/2488
f 556/548/2489 555/547/2490 558/550/2491
f 556/548/2492 558/550/2493 561/553/2494
f 448/440/2495 453/445/2496 562/554/2497
f 448/440/2498 562/554/2499 559/551/2500
f 452/444/2501 563/555/2502 562/554/2503
f 452/444/2504 562/554/2499 453/445/2505
f 564/556/2506 565/557/2507 562/554/2508
f 564/556/2509 562/554/2510 563/555/2511
f 560/552/2512 559/551/2513 562/554/2514
f 560/552/2515 562/554/2516 565/557/2517
f 452/444/2518 457/449/1970 566/558/2519
f 452/444/2520 566/558/2521 563/555/2522
f 456/448/2523 567/559/2524 566/558/2525
f 456/448/2526 566/558/2527 457/449/2528
f 568/560/2529 569/561/2530 566/558/2531
f 568/560/2532 566/558/2521 567/559/2533
f 564/556/2534 563/555/2535 566/558/2521
f 564/556/2536 566/558/2537 569/561/2538
f 456/448/2539 461/453/2540 570/562/2541
f 456/448/2539 570/562/2542 567/559/2543
f 460/452/2544 571/563/2545 570/562/2546
f 460/452/2547 570/562/2548 461/453/2549
f 572/564/2550 573/565/2551 570/562/2541
f 572/564/2552 570/562/2553 571/563/2554
f 568/560/2555 567/559/2556 570/562/2557
f 568/560/2558 570/562/2553 573/565/2559
f 460/452/2560 465/457/2561 574/566/2562
f 460/452/2563 574/566/2564 571/563/2565
f 464/456/2566 575/567/2567 574/566/2568
f 464/456/2037 574/566/2568 465/457/2569
f 576/568/2570 577/569/2571 574/566/2572
f 576/568/2573 574/566/2574 575/567/2575
f 572/564/2552 571/563/2576 574/566/2577
f 572/564/2578 574/566/2579 577/569/2580
f 464/456/2581 469/461/2582 578/570/2583
f 464/456/2584 578/570/2585 575/567/2586
f 468/460/2053 579/571/2587 578/570/2588
f 468/460/2589 578/570/2590 469/461/2591
f 580/572/2592 581/573/2593 578/570/2594
f 580/572/2595 578/570/2596 579/571/2597
f 576/568/2598 575/567/2599 578/570/2588
f 576/568/2600 578/570/2583 581/573/2601
f 468/460/2602 473/465/2603 582/574/2604
f 468/460/2605 582/574/2606 579/571/2597
f 472/464/2050 583/575/2607 582/574/2608
f 472/464/2609 582/574/2610 473/465/2603
f 584/576/2611 585/577/2612 582/574/2613
f 584/576/2611 582/574/2604 583/575/2614
f 580/572/2615 579/571/2616 582/574/2604
f 580/572/2617 582/574/2618 585/577/2619
f 472/464/2620 477/469/2621 586/578/2622
f 472/464/2623 586/578/2624 583/575/2625
f 476/468/2626 587/579/2627 586/578/2628
f 476/468/2629 586/578/2630 477/469/2631
f 588/580/2632 589/581/2633 586/578/2634
f 588/580/2635 586/578/2636 587/579/2637
f 584/576/2638 583/575/2639 586/578/2630
f 584/576/2640 586/578/2641 589/581/2642
f 476/468/2643 481/473/2644 590/582/2645
f 476/468/2646 590/582/2645 587/579/2647
f 480/472/2648 591/583/2649 590/582/2650
f 480/472/2651 590/582/2652 481/473/2653
f 592/584/2654 593/585/2655 590/582/2656
f 592/584/2657 590/582/2658 591/583/2659
f 588/580/2660 587/579/2661 590/582/2645
f 588/580/2662 590/582/2663 593/585/2664
f 480/472/2665 485/477/2666 594/586/2667
f 480/472/2665 594/586/2668 591/583/2669
f 484/476/2670 595/587/2671 594/586/2672
f 484/476/2673 594/586/2674 485/477/2675
f 596/588/2676 597/589/2677 594/586/2678
f 596/588/2676 594/586/2679 595/587/2680
f 592/584/2681 591/583/2682 594/586/2683
f 592/584/2684 594/586/2685 597/589/2686
f 484/476/2133 489/481/2687 598/590/2688
f 484/476/2689 598/590/2688 595/587/2690
f 488/480/2129 599/591/2691 598/590/2688
f 488/480/2692 598/590/2688 489/481/2130
f 600/592/2693 601/593/2694 598/590/2695
f 600/592/2693 598/590/2688 599/591/2696
f 596/588/2697 595/587/2671 598/590/2688
f 596/588/2698 598/590/2688 601/593/2699
f 488/480/2152 493/485/2700 602/594/2701
f 488/480/2702 602/594/2703 599/591/2704
f 492/484/2145 603/595/2705 602/594/2706
f 492/484/2707 602/594/2703 493/485/2708
f 604/596/2709 605/597/2710 602/594/2701
f 604/596/2711 602/594/2712 603/595/2713
f 600/592/2714 599/591/2715 602/594/2703
f 600/592/2716 602/594/2717 605/597/2710
f 492/484/2168 497/489/2718 606/598/2719
f 492/484/2720 606/598/2721 603/595/2705
f 496/488/2166 607/599/2722 606/598/2721
f 496/488/2166 606/598/2723 497/489/2724
f 608/600/2725 609/601/2726 606/598/2727
f 608/600/2728 606/598/2729 607/599/2730
f 604/596/2731 603/595/2732 606/598/2721
f 604/596/2733 606/598/2723 609/601/2734
f 496/488/2735 501/493/2736 610/602/2737
f 496/488/2738 610/602/2739 607/599/2722
f 500/492/2740 611/603/2741 610/602/2742
f 500/492/2743 610/602/2744 501/493/2745
f 612/604/2746 613/605/2747 610/602/2748
f 612/604/2749 610/602/2748 611/603/2750
f 608/600/2751 607/599/2752 610/602/2753
f 608/600/2754 610/602/2737 613/605/2755
f 500/492/2207 505/497/2756 614/606/2757
f 500/492/2758 614/606/2759 611/603/2750
f 504/496/2760 615/607/2761 614/606/2757
f 504/496/2229 614/606/2762 505/497/2756
f 616/608/2763 617/609/2764 614/606/2765
f 616/608/2766 614/606/2762 615/607/2767
f 612/604/2749 611/603/2768 614/606/2769
f 612/604/2770 614/606/2762 617/609/2771
f 504/496/2772 509/501/2773 618/610/2774
f 504/496/2775 618/610/2776 615/607/2777
f 508/500/2778 619/611/2779 618/610/2780
f 508/500/2781 618/610/2780 509/501/2782
f 620/612/2783 621/613/2784 618/610/2785
f 620/612/2786 618/610/2787 619/611/2788
f 616/608/2789 615/607/2790 618/610/2791
f 616/608/2792 618/610/2793 621/613/2794
f 508/500/2795 511/503/2796 622/614/2797
f 508/500/2798 622/614/2799 619/611/2800
f 405/397/2801 513/505/2802 622/614/2803
f 405/397/2804 622/614/2805 511/503/2806
f 517/509/2807 623/615/2808 622/614/2809
f 517/509/2810 622/614/2811 513/505/2812
f 620/612/2813 619/611/2814 622/614/2815
f 620/612/2786 622/614/2815 623/615/2816
f 517/509/2817 516/508/2818 624/616/2819
f 517/509/2268 624/616/2820 625/617/2821
f 515/507/2822 626/618/2823 624/616/2824
f 515/507/2825 624/616/2826 516/508/2827
f 627/619/2828 628/620/2829 624/616/2830
f 627/619/2831 624/616/2832 626/618/2833
f 629/621/2834 625/617/2835 624/616/2836
f 629/621/2837 624/616/2838 628/620/2839
f 515/507/2840 521/513/2841 630/622/2842
f 515/507/2843 630/622/2844 626/618/2845
f 520/512/2846 631/623/2847 630/622/2848
f 520/512/2849 630/622/2850 521/513/2851
f 632/624/2852 633/625/2853 630/622/2844
f 632/624/2854 630/622/2855 631/623/2856
f 627/619/2857 626/618/2858 630/622/2859
f 627/619/2860 630/622/2861 633/625/2862
f 520/512/2863 525/517/2864 634/626/2865
f 520/512/2866 634/626/2867 631/623/2868
f 524/516/2869 635/627/2870 634/626/2871
f 524/516/2872 634/626/2873 525/517/2874
f 636/628/2875 637/629/2876 634/626/2877
f 636/628/2875 634/626/2878 635/627/2879
f 632/624/2880 631/623/2881 634/626/2882
f 632/624/2883 634/626/2867 637/629/2884
f 524/516/2885 529/521/2886 638/630/2887
f 524/516/2888 638/630/2887 635/627/2889
f 528/520/2890 639/631/2891 638/630/2892
f 528/520/2893 638/630/2892 529/521/2894
f 640/632/2895 641/633/2896 638/630/2892
f 640/632/2897 638/630/2898 639/631/2899
f 636/628/2900 635/627/2901 638/630/2902
f 636/628/2903 638/630/2904 641/633/2905
f 528/520/2890 533/525/2906 642/634/2907
f 528/520/2908 642/634/2909 639/631/2910
f 532/524/2911 643/635/2912 642/634/2907
f 532/524/2913 642/634/2914 533/525/2348
f 644/636/2915 645/637/2916 642/634/2917
f 644/636/2918 642/634/2919 643/635/2920
f 640/632/2921 639/631/2922 642/634/2923
f 640/632/2924 642/634/2909 645/637/2925
f 532/524/2926 537/529/2927 646/638/2928
f 532/524/2929 646/638/2928 643/635/2930
f 536/528/2931 647/639/2932 646/638/2933
f 536/528/2934 646/638/2935 537/529/2375
f 648/640/2936 649/641/2937 646/638/2938
f 648/640/2939 646/638/2935 647/639/2932
f 644/636/2940 643/635/2941 646/638/2928
f 644/636/2942 646/638/2943 649/641/2944
f 536/528/2931 541/533/2394 650/642/2945
f 536/528/2946 650/642/2947 647/639/2948
f 540/532/2385 651/643/2949 650/642/2950
f 540/532/2951 650/642/2952 541/533/2394
f 652/644/2953 653/645/2954 650/642/2945
f 652/644/2955 650/642/2956 651/643/2957
f 648/640/2958 647/639/2959 650/642/2950
f 648/640/2960 650/642/2961 653/645/2962
f 540/532/2951 545/537/2411 654/646/2963
f 540/532/2951 654/646/2964 651/643/2965
f 544/536/2966 655/647/2967 654/646/2968
f 544/536/2969 654/646/2970 545/537/2971
f 656/648/2972 657/649/2973 654/646/2974
f 656/648/2975 654/646/2974 655/647/2976
f 652/644/2977 651/643/2965 654/646/2974
f 652/644/2977 654/646/2974 657/649/2978
f 544/536/2979 549/541/2423 658/650/2980
f 544/536/2428 658/650/2981 655/647/2982
f 548/540/2983 659/651/2984 658/650/2980
f 548/540/2983 658/650/2985 549/541/2431
f 660/652/2986 661/653/2987 658/650/2988
f 660/652/2989 658/650/2990 659/651/2991
f 656/648/2992 655/647/2993 658/650/2994
f 656/648/2995 658/650/2980 661/653/2996
f 548/540/2422 553/545/2442 662/654/2997
f 548/540/2998 662/654/2999 659/651/3000
f 552/544/3001 663/655/3002 662/654/3003
f 552/544/2468 662/654/3004 553/545/2442
f 664/656/3005 665/657/3006 662/654/3007
f 664/656/3008 662/654/3009 663/655/3010
f 660/652/3011 659/651/3012 662/654/3013
f 660/652/3014 662/654/3015 665/657/3016
f 552/544/3017 557/549/3018 666/658/3019
f 552/544/2444 666/658/3020 663/655/3021
f 556/548/3022 667/659/3023 666/658/3024
f 556/548/3025 666/658/3026 557/549/3027
f 668/660/3028 669/661/3029 666/658/3030
f 668/660/3031 666/658/3032 667/659/3033
f 664/656/3034 663/655/3035 666/658/3036
f 664/656/3037 666/658/3036 669/661/3038
f 556/548/2464 561/553/3039 670/662/3040
f 556/548/3041 670/662/3042 667/659/3043
f 560/552/3044 671/663/3045 670/662/3046
f 560/552/3047 670/662/3048 561/553/3049
f 672/664/3050 673/665/3051 670/662/3052
f 672/664/3053 670/662/3054 671/663/3055
f 668/660/3056 667/659/3057 670/662/3058
f 668/660/3056 670/662/3059 673/665/3060
f 560/552/3061 565/557/2507 674/666/3062
f 560/552/3063 674/666/3064 671/663/3065
f 564/556/3066 675/667/3067 674/666/3068
f 564/556/3069 674/666/3070 565/557/3071
f 676/668/3072 677/669/3073 674/666/3074
f 676/668/3075 674/666/3064 675/667/3076
f 672/664/3053 671/663/3065 674/666/3077
f 672/664/3078 674/666/3074 677/669/3079
f 564/556/3080 569/561/3081 678/670/3082
f 564/556/2534 678/670/3083 675/667/3084
f 568/560/3085 679/671/3086 678/670/3087
f 568/560/3088 678/670/3089 569/561/3090
f 680/672/3091 681/673/3092 678/670/3093
f 680/672/3094 678/670/3087 679/671/3095
f 676/668/3096 675/667/3097 678/670/3098
f 676/668/3099 678/670/3100 681/673/3101
f 568/560/3102 573/565/3103 682/674/3104
f 568/560/3105 682/674/3106 679/671/3095
f 572/564/3107 683/675/3108 682/674/3109
f 572/564/3110 682/674/3111 573/565/3112
f 684/676/3113 685/677/3114 682/674/3115
f 684/676/3116 682/674/3117 683/675/3118
f 680/672/3091 679/671/3119 682/674/3120
f 680/672/3121 682/674/3120 685/677/3122
f 572/564/3123 577/569/3124 686/678/3125
f 572/564/3126 686/678/3127 683/675/3128
f 576/568/3129 687/679/3130 686/678/3131
f 576/568/3129 686/678/3132 577/569/3133
f 688/680/3134 689/681/3135 686/678/3136
f 688/680/3137 686/678/3138 687/679/3139
f 684/676/3113 683/675/3140 686/678/3141
f 684/676/3142 686/678/3143 689/681/3144
f 576/568/3145 581/573/3146 690/682/3147
f 576/568/3145 690/682/3148 687/679/3149
f 580/572/2615 691/683/3150 690/682/3151
f 580/572/3152 690/682/3148 581/573/3153
f 692/684/3154 693/685/3155 690/682/3156
f 692/684/3157 690/682/3158 691/683/3159
f 688/680/3160 687/679/3161 690/682/3162
f 688/680/3163 690/682/3164 693/685/3165
f 580/572/2617 585/577/2612 694/686/3166
f 580/572/3167 694/686/3166 691/683/3168
f 584/576/3169 695/687/3170 694/686/3171
f 584/576/3172 694/686/3173 585/577/3174
f 696/688/3175 697/689/3176 694/686/3171
f 696/688/3177 694/686/3178 695/687/3179
f 692/684/3180 691/683/3181 694/686/3182
f 692/684/3183 694/686/3184 697/689/3185
f 584/576/3186 589/581/2633 698/690/3187
f 584/576/3188 698/690/3189 695/687/3190
f 588/580/3191 699/691/3192 698/690/3193
f 588/580/3194 698/690/3189 589/581/3195
f 700/692/3196 701/693/3197 698/690/3198
f 700/692/3196 698/690/3199 699/691/3200
f 696/688/3201 695/687/3202 698/690/3203
f 696/688/3204 698/690/3205 701/693/3206
f 588/580/3207 593/585/3208 702/694/3209
f 588/580/2660 702/694/3210 699/691/3211
f 592/584/3212 703/695/3213 702/694/3210
f 592/584/2657 702/694/3214 593/585/3215
f 704/696/3216 705/697/3217 702/694/3210
f 704/696/3218 702/694/3219 703/695/3220
f 700/692/3221 699/691/3222 702/694/3214
f 700/692/3223 702/694/3224 705/697/3225
f 592/584/3226 597/589/3227 706/698/3228
f 592/584/3229 706/698/3228 703/695/3220
f 596/588/3230 707/699/3231 706/698/3232
f 596/588/3233 706/698/3234 597/589/3235
f 708/700/3236 709/701/3237 706/698/3238
f 708/700/3239 706/698/3240 707/699/3241
f 704/696/3242 703/695/3243 706/698/3244
f 704/696/3245 706/698/3244 709/701/3246
f 596/588/2698 601/593/3247 710/702/3248
f 596/588/3249 710/702/3250 707/699/3251
f 600/592/3252 711/703/3253 710/702/3254
f 600/592/2714 710/702/3255 601/593/3256
f 712/704/3257 713/705/3258 710/702/3254
f 712/704/3257 710/702/3254 711/703/3259
f 708/700/3260 707/699/3251 710/702/3261
f 708/700/3262 710/702/3255 713/705/3263
f 600/592/3252 605/597/3264 714/706/3265
f 600/592/3266 714/706/3267 711/703/3268
f 604/596/3269 715/707/3270 714/706/3271
f 604/596/3272 714/706/3273 605/597/2710
f 716/708/3274 717/709/3275 714/706/3276
f 716/708/3274 714/706/3267 715/707/3277
f 712/704/3278 711/703/3279 714/706/3280
f 712/704/3281 714/706/3273 717/709/3282
f 604/596/3283 609/601/3284 718/710/3285
f 604/596/3286 718/710/3287 715/707/3288
f 608/600/3289 719/711/3290 718/710/3285
f 608/600/2728 718/710/3291 609/601/3292
f 720/712/3293 721/713/3294 718/710/3295
f 720/712/3296 718/710/3297 719/711/3298
f 716/708/3299 715/707/3300 718/710/3301
f 716/708/3302 718/710/3297 721/713/3303
f 608/600/2728 613/605/3304 722/714/3305
f 608/600/3306 722/714/3307 719/711/3290
f 612/604/3308 723/715/3309 722/714/3310
f 612/604/3311 722/714/3312 613/605/3313
f 724/716/3314 725/717/3315 722/714/3310
f 724/716/3316 722/714/3317 723/715/3318
f 720/712/3319 719/711/3320 722/714/3305
f 720/712/3321 722/714/3322 725/717/3315
f 612/604/3323 617/609/3324 726/718/3325
f 612/604/3326 726/718/3327 723/715/3328
f 616/608/3329 727/719/3330 726/718/3331
f 616/608/3332 726/718/3333 617/609/3334
f 728/720/3335 729/721/3336 726/718/3337
f 728/720/3338 726/718/3339 727/719/3330
f 724/716/3340 723/715/3341 726/718/3342
f 724/716/3343 726/718/3337 729/721/3344
f 616/608/3329 621/613/3345 730/722/3346
f 616/608/2789 730/722/3347 727/719/3330
f 620/612/3348 731/723/3349 730/722/3350
f 620/612/3351 730/722/3352 621/613/3353
f 732/724/3354 733/725/3355 730/722/3356
f 732/724/3357 730/722/3356 731/723/3358
f 728/720/3359 727/719/3360 730/722/3361
f 728/720/3362 730/722/3363 733/725/3364
f 620/612/3365 623/615/3366 734/726/3367
f 620/612/3368 734/726/3369 731/723/3370
f 517/509/3371 625/617/3372 734/726/3373
f 517/509/3374 734/726/3375 623/615/3376
f 629/621/3377 735/727/3378 734/726/3369
f 629/621/3379 734/726/3375 625/617/3380
f 732/724/3381 731/723/3358 734/726/3373
f 732/724/3357 734/726/3382 735/727/3383
f 629/621/3384 628/620/3385 736/728/3386
f 629/621/3387 736/728/3388 737/729/3389
f 627/619/3390 738/730/3391 736/728/3392
f 627/619/3393 736/728/3394 628/620/3395
f 739/731/3396 740/732/3397 736/728/3398
f 739/731/3399 736/728/3400 738/730/3401
f 741/733/3402 737/729/3403 736/728/3404
f 741/733/3405 736/728/3406 740/732/3407
f 627/619/3408 633/625/3409 742/734/3410
f 627/619/2831 742/734/3411 738/730/3412
f 632/624/3413 743/735/3414 742/734/3415
f 632/624/3416 742/734/3417 633/625/3418
f 744/736/3419 745/737/3420 742/734/3411
f 744/736/3421 742/734/3422 743/735/3423
f 739/731/3424 738/730/3425 742/734/3426
f 739/731/3427 742/734/3417 745/737/3428
f 632/624/2883 637/629/3429 746/738/3430
f 632/624/3431 746/738/3432 743/735/3433
f 636/628/3434 747/739/3435 746/738/3436
f 636/628/3437 746/738/3438 637/629/3439
f 748/740/3440 749/741/3441 746/738/3438
f 748/740/3442 746/738/3443 747/739/3444
f 744/736/3445 743/735/3446 746/738/3447
f 744/736/3448 746/738/3449 749/741/3450
f 636/628/3451 641/633/3452 750/742/3453
f 636/628/3434 750/742/3454 747/739/3455
f 640/632/3456 751/743/3457 750/742/3458
f 640/632/3459 750/742/3460 641/633/2896
f 752/744/3461 753/745/3462 750/742/3458
f 752/744/3463 750/742/3458 751/743/3464
f 748/740/3442 747/739/3465 750/742/3466
f 748/740/3467 750/742/3468 753/745/3469
f 640/632/2895 645/637/3470 754/746/3471
f 640/632/3472 754/746/3473 751/743/3474
f 644/636/3475 755/747/3476 754/746/3477
f 644/636/3478 754/746/3479 645/637/3480
f 756/748/3481 757/749/3482 754/746/3483
f 756/748/3484 754/746/3485 755/747/3486
f 752/744/3487 751/743/3488 754/746/3489
f 752/744/3490 754/746/3491 757/749/3492
f 644/636/2918 649/641/3493 758/750/3494
f 644/636/3475 758/750/3495 755/747/3496
f 648/640/2958 759/751/3497 758/750/3495
f 648/640/3498 758/750/3499 649/641/3500
f 760/752/3501 761/753/3502 758/750/3503
f 760/752/3504 758/750/3505 759/751/3506
f 756/748/3507 755/747/3508 758/750/3505
f 756/748/3507 758/750/3509 761/753/3510
f 648/640/2939 653/645/3511 762/754/3512
f 648/640/3513 762/754/3514 759/751/3515
f 652/644/3516 763/755/3517 762/754/3518
f 652/644/3519 762/754/3520 653/645/3511
f 764/756/3521 765/757/3522 762/754/3523
f 764/756/3521 762/754/3524 763/755/3525
f 760/752/3526 759/751/3527 762/754/3512
f 760/752/3504 762/754/3528 765/757/3529
f 652/644/3530 657/649/3531 766/758/3532
f 652/644/2977 766/758/3533 763/755/3534
f 656/648/3535 767/759/3536 766/758/3537
f 656/648/2995 766/758/3537 657/649/3538
f 768/760/3539 769/761/3540 766/758/3541
f 768/760/3542 766/758/3543 767/759/3544
f 764/756/3545 763/755/3517 766/758/3546
f 764/756/3547 766/758/3546 769/761/3548
f 656/648/3549 661/653/3550 770/762/3551
f 656/648/3552 770/762/3553 767/759/3554
f 660/652/2989 771/763/3555 770/762/3556
f 660/652/3557 770/762/3556 661/653/2996
f 772/764/3558 773/765/3559 770/762/3551
f 772/764/3560 770/762/3561 771/763/3562
f 768/760/3542 767/759/3563 770/762/3564
f 768/760/3542 770/762/3565 773/765/3566
f 660/652/3567 665/657/3016 774/766/3568
f 660/652/3569 774/766/3570 771/763/3562
f 664/656/3571 775/767/3572 774/766/3573
f 664/656/3005 774/766/3570 665/657/3574
f 776/768/3575 777/769/3576 774/766/3577
f 776/768/3578 774/766/3579 775/767/3580
f 772/764/3581 771/763/3562 774/766/3570
f 772/764/3582 774/766/3583 777/769/3584
f 664/656/3037 669/661/3585 778/770/3586
f 664/656/3587 778/770/3588 775/767/3580
f 668/660/3589 779/771/3590 778/770/3588
f 668/660/3031 778/770/3591 669/661/3592
f 780/772/3593 781/773/3594 778/770/3595
f 780/772/3596 778/770/3586 779/771/3597
f 776/768/3575 775/767/3572 778/770/3598
f 776/768/3599 778/770/3598 781/773/3600
f 668/660/3601 673/665/3602 782/774/3603
f 668/660/3604 782/774/3605 779/771/3606
f 672/664/3078 783/775/3607 782/774/3608
f 672/664/3609 782/774/3610 673/665/3611
f 784/776/3612 785/777/3613 782/774/3614
f 784/776/3615 782/774/3614 783/775/3616
f 780/772/3617 779/771/3618 782/774/3619
f 780/772/3617 782/774/3620 785/777/3621
f 672/664/3622 677/669/3623 786/778/3624
f 672/664/3609 786/778/3625 783/775/3626
f 676/668/3627 787/779/3628 786/778/3629
f 676/668/3072 786/778/3630 677/669/3631
f 788/780/3632 789/781/3633 786/778/3634
f 788/780/3635 786/778/3636 787/779/3637
f 784/776/3638 783/775/3639 786/778/3640
f 784/776/3641 786/778/3642 789/781/3643
f 676/668/3644 681/673/3645 790/782/3646
f 676/668/3072 790/782/3647 787/779/3648
f 680/672/3649 791/783/3650 790/782/3651
f 680/672/3652 790/782/3653 681/673/3645
f 792/784/3654 793/785/3655 790/782/3656
f 792/784/3657 790/782/3658 791/783/3659
f 788/780/3660 787/779/3661 790/782/3662
f 788/780/3663 790/782/3664 793/785/3665
f 680/672/3666 685/677/3667 794/786/3668
f 680/672/3669 794/786/3670 791/783/3671
f 684/676/3672 795/787/3673 794/786/3674
f 684/676/3675 794/786/3676 685/677/3677
f 796/788/3678 797/789/3679 794/786/3680
f 796/788/3681 794/786/3682 795/787/3683
f 792/784/3684 791/783/3685 794/786/3686
f 792/784/3657 794/786/3687 797/789/3688
f 684/676/3116 689/681/3689 798/790/3690
f 684/676/3691 798/790/3692 795/787/3693
f 688/680/3694 799/791/3695 798/790/3696
f 688/680/3160 798/790/3697 689/681/3698
f 800/792/3699 801/793/3700 798/790/3701
f 800/792/3702 798/790/3703 799/791/3704
f 796/788/3705 795/787/3706 798/790/3707
f 796/788/3708 798/790/3709 801/793/3710
f 688/680/3711 693/685/3712 802/794/3713
f 688/680/3714 802/794/3715 799/791/3716
f 692/684/3157 803/795/3717 802/794/3718
f 692/684/3719 802/794/3718 693/685/3720
f 804/796/3721 805/797/3722 802/794/3718
f 804/796/3723 802/794/3724 803/795/3725
f 800/792/3726 799/791/3727 802/794/3728
f 800/792/3729 802/794/3730 805/797/3731
f 692/684/3732 697/689/3733 806/798/3734
f 692/684/3735 806/798/3736 803/795/3725
f 696/688/3737 807/799/3738 806/798/3739
f 696/688/3175 806/798/3740 697/689/3741
f 808/800/3742 809/801/3743 806/798/3744
f 808/800/3745 806/798/3746 807/799/3747
f 804/796/3748 803/795/3749 806/798/3744
f 804/796/3748 806/798/3750 809/801/3751
f 696/688/3752 701/693/3753 810/802/3754
f 696/688/3755 810/802/3756 807/799/3757
f 700/692/3758 811/803/3759 810/802/3760
f 700/692/3761 810/802/3762 701/693/3763
f 812/804/3764 813/805/3765 810/802/3766
f 812/804/3767 810/802/3768 811/803/3769
f 808/800/3770 807/799/3771 810/802/3772
f 808/800/3773 810/802/3774 813/805/3775
f 700/692/3776 705/697/3777 814/806/3778
f 700/692/3779 814/806/3780 811/803/3781
f 704/696/3782 815/807/3783 814/806/3784
f 704/696/3785 814/806/3784 705/697/3786
f 816/808/3787 817/809/3788 814/806/3789
f 816/808/3790 814/806/3791 815/807/3792
f 812/804/3793 811/803/3794 814/806/3795
f 812/804/3796 814/806/3797 817/809/3798
f 704/696/3799 709/701/3246 818/810/3800
f 704/696/3801 818/810/3802 815/807/3803
f 708/700/3804 819/811/3805 818/810/3806
f 708/700/3807 818/810/3808 709/701/3809
f 820/812/3810 821/813/3811 818/810/3812
f 820/812/3813 818/810/3806 819/811/3814
f 816/808/3815 815/807/3816 818/810/3817
f 816/808/3818 818/810/3819 821/813/3820
f 708/700/3821 713/705/3822 822/814/3823
f 708/700/3824 822/814/3825 819/811/3826
f 712/704/3257 823/815/3827 822/814/3828
f 712/704/3829 822/814/3830 713/705/3831
f 824/816/3832 825/817/3833 822/814/3834
f 824/816/3835 822/814/3836 823/815/3837
f 820/812/3838 819/811/3839 822/814/3834
f 820/812/3840 822/814/3841 825/817/3842
f 712/704/3257 717/709/3843 826/818/3844
f 712/704/3845 826/818/3844 823/815/3846
f 716/708/3847 827/819/3848 826/818/3849
f 716/708/3850 826/818/3851 717/709/3852
f 828/820/3853 829/821/3854 826/818/3855
f 828/820/3856 826/818/3857 827/819/3858
f 824/816/3859 823/815/3860 826/818/3861
f 824/816/3862 826/818/3851 829/821/3863
f 716/708/3864 721/713/3865 830/822/3866
f 716/708/3864 830/822/3867 827/819/3868
f 720/712/3869 831/823/3870 830/822/3871
f 720/712/3872 830/822/3873 721/713/3874
f 832/824/3875 833/825/3876 830/822/3867
f 832/824/3877 830/822/3878 831/823/3879
f 828/820/3880 827/819/3858 830/822/3881
f 828/820/3853 830/822/3882 833/825/3883
f 720/712/3884 725/717/3315 834/826/3885
f 720/712/3886 834/826/3887 831/823/3888
f 724/716/3889 835/827/3890 834/826/3887
f 724/716/3891 834/826/3892 725/717/3893
f 836/828/3894 837/829/3895 834/826/3896
f 836/828/3897 834/826/3896 835/827/3898
f 832/824/3899 831/823/3879 834/826/3900
f 832/824/3901 834/826/3902 837/829/3903
f 724/716/3904 729/721/3905 838/830/3906
f 724/716/3907 838/830/3908 835/827/3898
f 728/720/3909 839/831/3910 838/830/3911
f 728/720/3912 838/830/3913 729/721/3905
f 840/832/3914 841/833/3915 838/830/3916
f 840/832/3917 838/830/3918 839/831/3919
f 836/828/3920 835/827/3921 838/830/3918
f 836/828/3897 838/830/3922 841/833/3923
f 728/720/3924 733/725/3925 842/834/3926
f 728/720/3927 842/834/3928 839/831/3929
f 732/724/3930 843/835/3931 842/834/3932
f 732/724/3933 842/834/3934 733/725/3935
f 844/836/3936 845/837/3937 842/834/3938
f 844/836/3939 842/834/3940 843/835/3941
f 840/832/3942 839/831/3943 842/834/3944
f 840/832/3945 842/834/3940 845/837/3946
f 732/724/3357 735/727/3947 846/838/3948
f 732/724/3949 846/838/3950 843/835/3931
f 629/621/3951 737/729/3952 846/838/3948
f 629/621/3953 846/838/3954 735/727/3955
f 741/733/3956 847/839/3957 846/838/3958
f 741/733/3959 846/838/3960 737/729/3961
f 844/836/3962 843/835/3963 846/838/3964
f 844/836/3965 846/838/3964 847/839/3966
f 741/733/3967 740/732/3968 848/840/3969
f 741/733/3970 848/840/3969 849/841/3971
f 739/731/3972 850/842/3973 848/840/3974
f 739/731/3975 848/840/3976 740/732/3977
f 851/843/3978 852/844/3979 848/840/3976
f 851/843/3980 848/840/3981 850/842/3982
f 853/845/3983 849/841/3984 848/840/3985
f 853/845/3986 848/840/3987 852/844/3988
f 739/731/3989 745/737/3990 854/846/3991
f 739/731/3992 854/846/3993 850/842/3994
f 744/736/3995 855/847/3996 854/846/3997
f 744/736/3998 854/846/3993 745/737/3999
f 856/848/4000 857/849/4001 854/846/4002
f 856/848/4003 854/846/4004 855/847/4005
f 851/843/4006 850/842/4007 854/846/4008
f 851/843/4006 854/846/4009 857/849/4010
f 744/736/4011 749/741/4012 858/850/4013
f 744/736/4014 858/850/4015 855/847/4016
f 748/740/4017 859/851/4018 858/850/4019
f 748/740/4020 858/850/4019 749/741/4021
f 860/852/4022 861/853/4023 858/850/4024
f 860/852/4025 858/850/4024 859/851/4026
f 856/848/4027 855/847/4028 858/850/4029
f 856/848/4030 858/850/4031 861/853/4032
f 748/740/4033 753/745/4034 862/854/4035
f 748/740/4036 862/854/4037 859/851/4038
f 752/744/3463 863/855/4039 862/854/4040
f 752/744/3463 862/854/4041 753/745/4042
f 864/856/4043 865/857/4044 862/854/4045
f 864/856/4043 862/854/4046 863/855/4047
f 860/852/4048 859/851/4049 862/854/4050
f 860/852/4051 862/854/4052 865/857/4053
f 752/744/4054 757/749/4055 866/858/4056
f 752/744/4057 866/858/4058 863/855/4059
f 756/748/4060 867/859/4061 866/858/4062
f 756/748/4063 866/858/4064 757/749/4065
f 868/860/4066 869/861/4067 866/858/4068
f 868/860/4069 866/858/4070 867/859/4071
f 864/856/4043 863/855/4047 866/858/4072
f 864/856/4073 866/858/4074 869/861/4075
f 756/748/4076 761/753/4077 870/862/4078
f 756/748/4079 870/862/4080 867/859/4081
f 760/752/4082 871/863/4083 870/862/4084
f 760/752/4085 870/862/4086 761/753/4087
f 872/864/4088 873/865/4089 870/862/4090
f 872/864/4091 870/862/4092 871/863/4093
f 868/860/4094 867/859/4095 870/862/4096
f 868/860/4069 870/862/4078 873/865/4097
f 760/752/4098 765/757/4099 874/866/4100
f 760/752/4082 874/866/4101 871/863/4102
f 764/756/4103 875/867/4104 874/866/4105
f 764/756/4106 874/866/4107 765/757/4108
f 876/868/4109 877/869/4110 874/866/4107
f 876/868/4111 874/866/4112 875/867/4113
f 872/864/4091 871/863/4114 874/866/4115
f 872/864/4116 874/866/4117 877/869/4118
f 764/756/4119 769/761/4120 878/870/4121
f 764/756/4119 878/870/4122 875/867/4123
f 768/760/4124 879/871/4125 878/870/4126
f 768/760/4127 878/870/4128 769/761/4129
f 880/872/4130 881/873/4131 878/870/4132
f 880/872/4133 878/870/4134 879/871/4135
f 876/868/4136 875/867/4137 878/870/4138
f 876/868/4139 878/870/4122 881/873/4140
f 768/760/4141 773/765/4142 882/874/4143
f 768/760/4144 882/874/4145 879/871/4146
f 772/764/4147 883/875/4148 882/874/4149
f 772/764/4150 882/874/4151 773/765/4152
f 884/876/4153 885/877/4154 882/874/4155
f 884/876/4156 882/874/4155 883/875/4157
f 880/872/4158 879/871/4159 882/874/4160
f 880/872/4133 882/874/4161 885/877/4162
f 772/764/3558 777/769/4163 886/878/4164
f 772/764/3558 886/878/4165 883/875/4166
f 776/768/4167 887/879/4168 886/878/4169
f 776/768/4167 886/878/4170 777/769/4171
f 888/880/4172 889/881/4173 886/878/4174
f 888/880/4175 886/878/4176 887/879/4177
f 884/876/4178 883/875/4179 886/878/4176
f 884/876/4180 886/878/4174 889/881/4181
f 776/768/4182 781/773/4183 890/882/4184
f 776/768/4185 890/882/4186 887/879/4187
f 780/772/4188 891/883/4189 890/882/4190
f 780/772/4191 890/882/4192 781/773/3600
f 892/884/4193 893/885/4194 890/882/4186
f 892/884/4195 890/882/4196 891/883/4197
f 888/880/4198 887/879/4199 890/882/4190
f 888/880/4200 890/882/4201 893/885/4202
f 780/772/4203 785/777/4204 894/886/4205
f 780/772/4206 894/886/4207 891/883/4208
f 784/776/3612 895/887/4209 894/886/4210
f 784/776/4211 894/886/4212 785/777/4204
f 896/888/4213 897/889/4214 894/886/4215
f 896/888/4216 894/886/4217 895/887/4218
f 892/884/4219 891/883/4220 894/886/4221
f 892/884/4222 894/886/4223 897/889/4224
f 784/776/3641 789/781/4225 898/890/4226
f 784/776/4227 898/890/4228 895/887/4229
f 788/780/4230 899/891/4231 898/890/4232
f 788/780/4233 898/890/4234 789/781/4235
f 900/892/4236 901/893/4237 898/890/4238
f 900/892/4236 898/890/4239 899/891/4240
f 896/888/4241 895/887/4242 898/890/4243
f 896/888/4244 898/890/4245 901/893/4246
f 788/780/3632 793/785/4247 902/894/4248
f 788/780/4249 902/894/4250 899/891/4251
f 792/784/4252 903/895/4253 902/894/4254
f 792/784/4255 902/894/4256 793/785/4257
f 904/896/4258 905/897/4259 902/894/4260
f 904/896/4261 902/894/4262 903/895/4263
f 900/892/4236 899/891/4264 902/894/4265
f 900/892/4266 902/894/4267 905/897/4268
f 792/784/4269 797/789/4270 906/898/4271
f 792/784/4272 906/898/4273 903/895/4274
f 796/788/4275 907/899/4276 906/898/4277
f 796/788/4278 906/898/4279 797/789/4280
f 908/900/4281 909/901/4282 906/898/4283
f 908/900/4284 906/898/4285 907/899/4286
f 904/896/4287 903/895/4288 906/898/4289
f 904/896/4290 906/898/4291 909/901/4292
f 796/788/4293 801/793/4294 910/902/4295
f 796/788/4275 910/902/4296 907/899/4297
f 800/792/4298 911/903/4299 910/902/4300
f 800/792/4301 910/902/4302 801/793/4303
f 912/904/4304 913/905/4305 910/902/4306
f 912/904/4307 910/902/4308 911/903/4309
f 908/900/4310 907/899/4311 910/902/4312
f 908/900/4313 910/902/4314 913/905/4315
f 800/792/4301 805/797/4316 914/906/4317
f 800/792/4318 914/906/4319 911/903/4320
f 804/796/4321 915/907/4322 914/906/4323
f 804/796/4324 914/906/4325 805/797/4326
f 916/908/4327 917/909/4328 914/906/4329
f 916/908/4330 914/906/4331 915/907/4332
f 912/904/4333 911/903/4309 914/906/4331
f 912/904/4334 914/906/4335 917/909/4336
f 804/796/4337 809/801/4338 918/910/4339
f 804/796/3748 918/910/4339 915/907/4340
f 808/800/4341 919/911/4342 918/910/4343
f 808/800/4344 918/910/4345 809/801/4346
f 920/912/4347 921/913/4348 918/910/4349
f 920/912/4350 918/910/4351 919/911/4352
f 916/908/4353 915/907/4354 918/910/4355
f 916/908/4356 918/910/4357 921/913/4358
f 808/800/4359 813/805/4360 922/914/4361
f 808/800/4362 922/914/4363 919/911/4364
f 812/804/4365 923/915/4366 922/914/4367
f 812/804/4368 922/914/4369 813/805/4370
f 924/916/4371 925/917/4372 922/914/4367
f 924/916/4373 922/914/4374 923/915/4375
f 920/912/4376 919/911/4377 922/914/4378
f 920/912/4350 922/914/4361 925/917/4379
f 812/804/4380 817/809/4381 926/918/4382
f 812/804/4383 926/918/4384 923/915/4375
f 816/808/4385 927/919/4386 926/918/4387
f 816/808/4388 926/918/4389 817/809/4390
f 928/920/4391 929/921/4392 926/918/4393
f 928/920/4394 926/918/4395 927/919/4396
f 924/916/4397 923/915/4398 926/918/4382
f 924/916/4399 926/918/4400 929/921/4401
f 816/808/4402 821/813/4403 930/922/4404
f 816/808/4405 930/922/4406 927/919/4396
f 820/812/4407 931/923/4408 930/922/4409
f 820/812/3813 930/922/4410 821/813/4403
f 932/924/4411 933/925/4412 930/922/4413
f 932/924/4414 930/922/4415 931/923/4416
f 928/920/4417 927/919/4418 930/922/4419
f 928/920/4420 930/922/4421 933/925/4422
f 820/812/3810 825/817/4423 934/926/4424
f 820/812/4425 934/926/4426 931/923/4427
f 824/816/4428 935/927/4429 934/926/4426
f 824/816/4430 934/926/4431 825/817/3842
f 936/928/4432 937/929/4433 934/926/4434
f 936/928/4435 934/926/4436 935/927/4437
f 932/924/4438 931/923/4439 934/926/4440
f 932/924/4441 934/926/4442 937/929/4443
f 824/816/4444 829/821/4445 938/930/4446
f 824/816/4444 938/930/4447 935/927/4448
f 828/820/3853 939/931/4449 938/930/4450
f 828/820/3856 938/930/4451 829/821/4445
f 940/932/4452 941/933/4453 938/930/4446
f 940/932/4454 938/930/4455 939/931/4456
f 936/928/4457 935/927/4458 938/930/4459
f 936/928/4460 938/930/4461 941/933/4462
f 828/820/3853 833/825/4463 942/934/4464
f 828/820/3856 942/934/4465 939/931/4466
f 832/824/4467 943/935/4468 942/934/4469
f 832/824/4470 942/934/4471 833/825/4472
f 944/936/4473 945/937/4474 942/934/4475
f 944/936/4476 942/934/4477 943/935/4478
f 940/932/4479 939/931/4480 942/934/4481
f 940/932/4482 942/934/4483 945/937/4484
f 832/824/4467 837/829/4485 946/938/4486
f 832/824/4470 946/938/4487 943/935/4488
f 836/828/4489 947/939/4490 946/938/4486
f 836/828/3897 946/938/4491 837/829/4492
f 948/940/4493 949/941/4494 946/938/4495
f 948/940/4496 946/938/4497 947/939/4498
f 944/936/4499 943/935/4500 946/938/4501
f 944/936/4502 946/938/4501 949/941/4503
f 836/828/4504 841/833/4505 950/942/4506
f 836/828/3894 950/942/4507 947/939/4508
f 840/832/4509 951/943/4510 950/942/4511
f 840/832/4512 950/942/4513 841/833/4514
f 952/944/4515 953/945/4516 950/942/4517
f 952/944/4518 950/942/4519 951/943/4520
f 948/940/4521 947/939/4522 950/942/4519
f 948/940/4523 950/942/4524 953/945/4525
f 840/832/4526 845/837/4527 954/946/4528
f 840/832/4529 954/946/4530 951/943/4531
f 844/836/4532 955/947/4533 954/946/4534
f 844/836/4535 954/946/4536 845/837/4537
f 956/948/4538 957/949/4539 954/946/4540
f 956/948/4541 954/946/4542 955/947/4543
f 952/944/4544 951/943/4545 954/946/4546
f 952/944/4547 954/946/4548 957/949/4549
f 844/836/4550 847/839/4551 958/950/4552
f 844/836/4553 958/950/4554 955/947/4555
f 741/733/4556 849/841/4557 958/950/4558
f 741/733/4559 958/950/4560 847/839/4561
f 853/845/4562 959/951/4563 958/950/4564
f 853/845/4565 958/950/4566 849/841/4567
f 956/948/4568 955/947/4569 958/950/4570
f 956/948/4538 958/950/4571 959/951/4572
f 853/845/4573 852/844/4574 960/952/4575
f 853/845/3983 960/952/4576 961/953/4577
f 851/843/4578 962/954/4579 960/952/4580
f 851/843/4581 960/952/4582 852/844/3988
f 963/955/4583 964/956/4584 960/952/4585
f 963/955/4586 960/952/4587 962/954/4588
f 965/957/4589 961/953/4590 960/952/4591
f 965/957/4592 960/952/4593 964/956/4594
f 851/843/4595 857/849/4596 966/958/4597
f 851/843/4598 966/958/4599 962/954/4588
f 856/848/4600 967/959/4601 966/958/4602
f 856/848/4000 966/958/4603 857/849/4604
f 968/960/4605 969/961/4606 966/958/4607
f 968/960/4608 966/958/4609 967/959/4610
f 963/955/4583 962/954/4611 966/958/4609
f 963/955/4612 966/958/4613 969/961/4614
f 856/848/4615 861/853/4616 970/962/4617
f 856/848/4618 970/962/4619 967/959/4620
f 860/852/4621 971/963/4622 970/962/4623
f 860/852/4022 970/962/4624 861/853/4625
f 972/964/4626 973/965/4627 970/962/4623
f 972/964/4628 970/962/4629 971/963/4630
f 968/960/4631 967/959/4632 970/962/4633
f 968/960/4631 970/962/4634 973/965/4635
f 860/852/4636 865/857/4637 974/966/4638
f 860/852/4639 974/966/4640 971/963/4641
f 864/856/4642 975/967/4643 974/966/4644
f 864/856/4645 974/966/4646 865/857/4647
f 976/968/4648 977/969/4649 974/966/4650
f 976/968/4651 974/966/4652 975/967/4653
f 972/964/4654 971/963/4655 974/966/4656
f 972/964/4657 974/966/4658 977/969/4659
f 864/856/4660 869/861/4067 978/970/4661
f 864/856/4662 978/970/4663 975/967/4664
f 868/860/4665 979/971/4666 978/970/4667
f 868/860/4668 978/970/4669 869/861/4670
f 980/972/4671 981/973/4672 978/970/4673
f 980/972/4674 978/970/4675 979/971/4676
f 976/968/4677 975/967/4678 978/970/4679
f 976/968/4680 978/970/4681 981/973/4682
f 868/860/4094 873/865/4683 982/974/4684
f 868/860/4685 982/974/4686 979/971/4687
f 872/864/4688 983/975/4689 982/974/4690
f 872/864/4691 982/974/4692 873/865/4693
f 984/976/4694 985/977/4695 982/974/4696
f 984/976/4697 982/974/4698 983/975/4689
f 980/972/4699 979/971/4700 982/974/4701
f 980/972/4699 982/974/4701 985/977/4702
f 872/864/4703 877/869/4704 986/978/4705
f 872/864/4706 986/978/4707 983/975/4689
f 876/868/4708 987/979/4709 986/978/4710
f 876/868/4708 986/978/4711 877/869/4712
f 988/980/4713 989/981/4714 986/978/4715
f 988/980/4713 986/978/4716 987/979/4717
f 984/976/4718 983/975/4719 986/978/4715
f 984/976/4720 986/978/4721 989/981/4722
f 876/868/4723 881/873/4724 990/982/4725
f 876/868/4726 990/982/4727 987/979/4728
f 880/872/4729 991/983/4730 990/982/4731
f 880/872/4732 990/982/4733 881/873/4734
f 992/984/4735 993/985/4736 990/982/4737
f 992/984/4738 990/982/4739 991/983/4740
f 988/980/4741 987/979/4742 990/982/4739
f 988/980/4743 990/982/4744 993/985/4745
f 880/872/4746 885/877/4162 994/986/4747
f 880/872/4746 994/986/4748 991/983/4749
f 884/876/4180 995/987/4750 994/986/4751
f 884/876/4752 994/986/4753 885/877/4162
f 996/988/4754 997/989/4755 994/986/4756
f 996/988/4757 994/986/4758 995/987/4759
f 992/984/4760 991/983/4761 994/986/4762
f 992/984/4760 994/986/4762 997/989/4763
f 884/876/4764 889/881/4765 998/990/4766
f 884/876/4767 998/990/4768 995/987/4769
f 888/880/4172 999/991/4770 998/990/4771
f 888/880/4772 998/990/4773 889/881/4774
f 1000/992/4775 1001/993/4776 998/990/4777
f 1000/992/4778 998/990/4768 999/991/4779
f 996/988/4780 995/987/4781 998/990/4782
f 996/988/4757 998/990/4782 1001/993/4783
f 888/880/4784 893/885/4785 1002/994/4786
f 888/880/4787 1002/994/4788 999/991/4789
f 892/884/4790 1003/995/4791 1002/994/4792
f 892/884/4793 1002/994/4794 893/885/4795
f 1004/996/4796 1005/997/4797 1002/994/4798
f 1004/996/4799 1002/994/4786 1003/995/4800
f 1000/992/4801 999/991/4802 1002/994/4803
f 1000/992/4804 1002/994/4805 1005/997/4806
f 892/884/4193 897/889/4807 1006/998/4808
f 892/884/4790 1006/998/4808 1003/995/4809
f 896/888/4810 1007/999/4811 1006/998/4812
f 896/888/4813 1006/998/4814 897/889/4815
f 1008/1000/4816 1009/1001/4817 1006/998/4818
f 1008/1000/4819 1006/998/4820 1007/999/4821
f 1004/996/4822 1003/995/4823 1006/998/4824
f 1004/996/4825 1006/998/4826 1009/1001/4827
f 896/888/4828 901/893/4829 1010/1002/4830
f 896/888/4831 1010/1002/4832 1007/999/4833
f 900/892/4834 1011/1003/4835 1010/1002/4836
f 900/892/4837 1010/1002/4838 901/893/4829
f 1012/1004/4839 1013/1005/4840 1010/1002/4841
f 1012/1004/4842 1010/1002/4843 1011/1003/4844
f 1008/1000/4819 1007/999/4845 1010/1002/4841
f 1008/1000/4846 1010/1002/4847 1013/1005/4848
f 900/892/4849 905/897/4850 1014/1006/4851
f 900/892/4834 1014/1006/4852 1011/1003/4853
f 904/896/4854 1015/1007/4855 1014/1006/4856
f 904/896/4258 1014/1006/4857 905/897/4858
f 1016/1008/4859 1017/1009/4860 1014/1006/4861
f 1016/1008/4862 1014/1006/4863 1015/1007/4864
f 1012/1004/4865 1011/1003/4866 1014/1006/4867
f 1012/1004/4868 1014/1006/4869 1017/1009/4870
f 904/896/4871 909/901/4872 1018/1010/4873
f 904/896/4874 1018/1010/4873 1015/1007/4875
f 908/900/4876 1019/1011/4877 1018/1010/4878
f 908/900/4879 1018/1010/4880 909/901/4881
f 1020/1012/4882 1021/1013/4883 1018/1010/4884
f 1020/1012/4885 1018/1010/4886 1019/1011/4887
f 1016/1008/4888 1015/1007/4889 1018/1010/4890
f 1016/1008/4891 1018/1010/4890 1021/1013/4892
f 908/900/4893 913/905/4894 1022/1014/4895
f 908/900/4896 1022/1014/4897 1019/1011/4898
f 912/904/4899 1023/1015/4900 1022/1014/4901
f 912/904/4902 1022/1014/4903 913/905/4904
f 1024/1016/4905 1025/1017/4906 1022/1014/4907
f 1024/1016/4908 1022/1014/4909 1023/1015/4910
f 1020/1012/4911 1019/1011/4912 1022/1014/4913
f 1020/1012/4885 1022/1014/4914 1025/1017/4915
f 912/904/4916 917/909/4917 1026/1018/4918
f 912/904/4916 1026/1018/4918 1023/1015/4919
f 916/908/4920 1027/1019/4921 1026/1018/4922
f 916/908/4923 1026/1018/4924 917/909/4925
f 1028/1020/4926 1029/1021/4927 1026/1018/4928
f 1028/1020/4929 1026/1018/4930 1027/1019/4931
f 1024/1016/4932 1023/1015/4933 1026/1018/4934
f 1024/1016/4935 1026/1018/4936 1029/1021/4927
f 916/908/4937 921/913/4938 1030/1022/4939
f 916/908/4940 1030/1022/4941 1027/1019/4942
f 920/912/4943 1031/1023/4944 1030/1022/4945
f 920/912/4946 1030/1022/4947 921/913/4948
f 1032/1024/4949 1033/1025/4950 1030/1022/4951
f 1032/1024/4952 1030/1022/4953 1031/1023/4954
f 1028/1020/4955 1027/1019/4956 1030/1022/4957
f 1028/1020/4958 1030/1022/4953 1033/1025/4959
f 920/912/4960 925/917/4961 1034/1026/4962
f 920/912/4963 1034/1026/4964 1031/1023/4965
f 924/916/4966 1035/1027/4967 1034/1026/4968
f 924/916/4397 1034/1026/4969 925/917/4970
f 1036/1028/4971 1037/1029/4972 1034/1026/4973
f 1036/1028/4974 1034/1026/4975 1035/1027/4976
f 1032/1024/4977 1031/1023/4978 1034/1026/4979
f 1032/1024/4980 1034/1026/4981 1037/1029/4982
f 924/916/4983 929/921/4984 1038/1030/4985
f 924/916/4986 1038/1030/4987 1035/1027/4988
f 928/920/4989 1039/1031/4990 1038/1030/4987
f 928/920/4991 1038/1030/4992 929/921/4993
f 1040/1032/4994 1041/1033/4995 1038/1030/4996
f 1040/1032/4997 1038/1030/4998 1039/1031/4999
f 1036/1028/5000 1035/1027/5001 1038/1030/5002
f 1036/1028/5003 1038/1030/5004 1041/1033/5005
f 928/920/5006 933/925/5007 1042/1034/5008
f 928/920/4391 1042/1034/5009 1039/1031/5010
f 932/924/5011 1043/1035/5012 1042/1034/5013
f 932/924/5014 1042/1034/5015 933/925/5016
f 1044/1036/5017 1045/1037/5018 1042/1034/5013
f 1044/1036/5019 1042/1034/5020 1043/1035/5021
f 1040/1032/5022 1039/1031/5023 1042/1034/5024
f 1040/1032/5025 1042/1034/5026 1045/1037/5027
f 932/924/5028 937/929/5029 1046/1038/5030
f 932/924/5028 1046/1038/5031 1043/1035/5032
f 936/928/4432 1047/1039/5033 1046/1038/5030
f 936/928/4432 1046/1038/5030 937/929/5034
f 1048/1040/5035 1049/1041/5036 1046/1038/5037
f 1048/1040/5038 1046/1038/5037 1047/1039/5039
f 1044/1036/5040 1043/1035/5041 1046/1038/5042
f 1044/1036/5043 1046/1038/5044 1049/1041/5045
f 936/928/5046 941/933/5047 1050/1042/5048
f 936/928/4432 1050/1042/5049 1047/1039/5050
f 940/932/5051 1051/1043/5052 1050/1042/5053
f 940/932/5054 1050/1042/5055 941/933/5056
f 1052/1044/5057 1053/1045/5058 1050/1042/5059
f 1052/1044/5060 1050/1042/5061 1051/1043/5062
f 1048/1040/5063 1047/1039/5064 1050/1042/5065
f 1048/1040/5066 1050/1042/5067 1053/1045/5068
f 940/932/5069 945/937/5070 1054/1046/5071
f 940/932/5072 1054/1046/5071 1051/1043/5073
f 944/936/5074 1055/1047/5075 1054/1046/5076
f 944/936/5077 1054/1046/5071 945/937/5070
f 1056/1048/5078 1057/1049/5079 1054/1046/5080
f 1056/1048/5081 1054/1046/5080 1055/1047/5082
f 1052/1044/5083 1051/1043/5084 1054/1046/5085
f 1052/1044/5083 1054/1046/5086 1057/1049/5087
f 944/936/5088 949/941/5089 1058/1050/5090
f 944/936/5074 1058/1050/5091 1055/1047/5092
f 948/940/5093 1059/1051/5094 1058/1050/5095
f 948/940/5096 1058/1050/5090 949/941/5097
f 1060/1052/5098 1061/1053/5099 1058/1050/5100
f 1060/1052/5101 1058/1050/5102 1059/1051/5103
f 1056/1048/5104 1055/1047/5105 1058/1050/5106
f 1056/1048/5107 1058/1050/5108 1061/1053/5109
f 948/940/5110 953/945/5111 1062/1054/5112
f 948/940/5113 1062/1054/5114 1059/1051/5115
f 952/944/5116 1063/1055/5117 1062/1054/5118
f 952/944/5119 1062/1054/5120 953/945/5121
f 1064/1056/5122 1065/1057/5123 1062/1054/5124
f 1064/1056/5125 1062/1054/5126 1063/1055/5127
f 1060/1052/5128 1059/1051/5129 1062/1054/5130
f 1060/1052/5098 1062/1054/5130 1065/1057/5131
f 952/944/5132 957/949/5133 1066/1058/5134
f 952/944/5135 1066/1058/5136 1063/1055/5137
f 956/948/5138 1067/1059/5139 1066/1058/5140
f 956/948/5141 1066/1058/5142 957/949/5143
f 1068/1060/5144 1069/1061/5145 1066/1058/5146
f 1068/1060/5147 1066/1058/5148 1067/1059/5149
f 1064/1056/5150 1063/1055/5151 1066/1058/5152
f 1064/1056/5153 1066/1058/5152 1069/1061/5154
f 956/948/5155 959/951/5156 1070/1062/5157
f 956/948/5158 1070/1062/5159 1067/1059/5139
f 853/845/5160 961/953/5161 1070/1062/5162
f 853/845/5163 1070/1062/5164 959/951/5165
f 965/957/4589 1071/1063/5166 1070/1062/5167
f 965/957/4589 1070/1062/5167 961/953/5168
f 1068/1060/5169 1067/1059/5170 1070/1062/5171
f 1068/1060/5172 1070/1062/5173 1071/1063/5174
f 965/957/5175 964/956/5176 1072/1064/5177
f 965/957/5178 1072/1064/5179 1073/1065/5180
f 963/955/5181 1074/1066/5182 1072/1064/5177
f 963/955/5183 1072/1064/5177 964/956/4584
f 1075/1067/5184 1076/1068/5185 1072/1064/5186
f 1075/1067/5187 1072/1064/5188 1074/1066/5189
f 1077/1069/5190 1073/1065/5191 1072/1064/5192
f 1077/1069/5193 1072/1064/5194 1076/1068/5195
f 963/955/5181 969/961/5196 1078/1070/5197
f 963/955/4583 1078/1070/5198 1074/1066/5199
f 968/960/5200 1079/1071/5201 1078/1070/5202
f 968/960/4631 1078/1070/5197 969/961/5203
f 1/1/5204 1080/1072/5205 1078/1070/5206
f 1/1/5207 1078/1070/5208 1079/1071/5209
f 1075/1067/5210 1074/1066/5211 1078/1070/5198
f 1075/1067/5212 1078/1070/5208 1080/1072/5213
f 968/960/5214 973/965/5215 1081/1073/5216
f 968/960/5217 1081/1073/5218 1079/1071/5219
f 972/964/5220 1082/1074/5221 1081/1073/5218
f 972/964/4657 1081/1073/5222 973/965/5223
f 5/5/5224 2/2/5225 1081/1073/5226
f 5/5/5227 1081/1073/5228 1082/1074/5229
f 1/1/5230 1079/1071/5231 1081/1073/5232
f 1/1/5233 1081/1073/5234 2/2/5235
f 972/964/5236 977/969/5237 1083/1075/5238
f 972/964/5239 1083/1075/5240 1082/1074/5241
f 976/968/5242 1084/1076/5243 1083/1075/5238
f 976/968/5244 1083/1075/5245 977/969/5246
f 1085/1077/5247 1086/1078/5248 1083/1075/5249
f 1085/1077/5250 1083/1075/5251 1084/1076/5252
f 5/5/5253 1082/1074/5254 1083/1075/5249
f 5/5/5227 1083/1075/5255 1086/1078/5256
f 976/968/5257 981/973/5258 1087/1079/5259
f 976/968/5260 1087/1079/5261 1084/1076/5262
f 980/972/4674 1088/1080/5263 1087/1079/5261
f 980/972/5264 1087/1079/5261 981/973/5265
f 1089/1081/5266 1090/1082/5267 1087/1079/5268
f 1089/1081/5269 1087/1079/5270 1088/1080/5271
f 1085/1077/5272 1084/1076/5273 1087/1079/5259
f 1085/1077/5247 1087/1079/5274 1090/1082/5275
f 980/972/4674 985/977/5276 1091/1083/5277
f 980/972/4674 1091/1083/5278 1088/1080/5279
f 984/976/5280 1092/1084/5281 1091/1083/5282
f 984/976/5283 1091/1083/5284 985/977/5285
f 1093/1085/5286 1094/1086/5287 1091/1083/5288
f 1093/1085/5289 1091/1083/5290 1092/1084/5291
f 1089/1081/5292 1088/1080/5293 1091/1083/5294
f 1089/1081/5269 1091/1083/5295 1094/1086/5296
f 984/976/5297 989/981/5298 1095/1087/5299
f 984/976/5300 1095/1087/5301 1092/1084/5302
f 988/980/5303 1096/1088/5304 1095/1087/5305
f 988/980/5306 1095/1087/5307 989/981/4714
f 1097/1089/5308 1098/1090/5309 1095/1087/5310
f 1097/1089/5311 1095/1087/5312 1096/1088/5313
f 1093/1085/5314 1092/1084/5315 1095/1087/5316
f 1093/1085/5317 1095/1087/5316 1098/1090/5318
f 988/980/5319 993/985/5320 1099/1091/5321
f 988/980/5303 1099/1091/5322 1096/1088/5323
f 992/984/5324 1100/1092/5325 1099/1091/5326
f 992/984/5327 1099/1091/5328 993/985/5329
f 1101/1093/5330 1102/1094/5331 1099/1091/5332
f 1101/1093/5333 1099/1091/5334 1100/1092/5335
f 1097/1089/5336 1096/1088/5337 1099/1091/5322
f 1097/1089/5338 1099/1091/5339 1102/1094/5331
f 992/984/4738 997/989/5340 1103/1095/5341
f 992/984/4760 1103/1095/5342 1100/1092/5343
f 996/988/5344 1104/1096/5345 1103/1095/5341
f 996/988/5346 1103/1095/5347 997/989/5348
f 1105/1097/5349 1106/1098/5350 1103/1095/5351
f 1105/1097/5352 1103/1095/5347 1104/1096/5353
f 1101/1093/5354 1100/1092/5355 1103/1095/5351
f 1101/1093/5356 1103/1095/5357 1106/1098/5358
f 996/988/5359 1001/993/5360 1107/1099/5361
f 996/988/5362 1107/1099/5363 1104/1096/5364
f 1000/992/4775 1108/1100/5365 1107/1099/5361
f 1000/992/5366 1107/1099/5367 1001/993/5368
f 1109/1101/5369 1110/1102/5370 1107/1099/5363
f 1109/1101/5369 1107/1099/5361 1108/1100/5371
f 1105/1097/5372 1104/1096/5373 1107/1099/5374
f 1105/1097/5372 1107/1099/5375 1110/1102/5376
f 1000/992/5377 1005/997/5378 1111/1103/5379
f 1000/992/5380 1111/1103/5381 1108/1100/5382
f 1004/996/5383 1112/1104/5384 1111/1103/5385
f 1004/996/4796 1111/1103/5386 1005/997/5387
f 1113/1105/5388 1114/1106/5389 1111/1103/5390
f 1113/1105/5391 1111/1103/5392 1112/1104/5393
f 1109/1101/5394 1108/1100/5395 1111/1103/5396
f 1109/1101/5397 1111/1103/5398 1114/1106/5399
f 1004/996/5400 1009/1001/5401 1115/1107/5402
f 1004/996/4799 1115/1107/5403 1112/1104/5404
f 1008/1000/5405 1116/1108/5406 1115/1107/5407
f 1008/1000/5408 1115/1107/5409 1009/1001/5410
f 1117/1109/5411 1118/1110/5412 1115/1107/5402
f 1117/1109/5413 1115/1107/5414 1116/1108/5415
f 1113/1105/5416 1112/1104/5417 1115/1107/5418
f 1113/1105/5419 1115/1107/5420 1118/1110/5421
f 1008/1000/5422 1013/1005/4840 1119/1111/5423
f 1008/1000/5422 1119/1111/5424 1116/1108/5425
f 1012/1004/5426 1120/1112/5427 1119/1111/5428
f 1012/1004/5429 1119/1111/5430 1013/1005/5431
f 1121/1113/5432 1122/1114/5433 1119/1111/5434
f 1121/1113/5435 1119/1111/5436 1120/1112/5437
f 1117/1109/5438 1116/1108/5406 1119/1111/5439
f 1117/1109/5440 1119/1111/5441 1122/1114/5442
f 1012/1004/5443 1017/1009/5444 1123/1115/5445
f 1012/1004/4839 1123/1115/5446 1120/1112/5447
f 1016/1008/5448 1124/1116/5449 1123/1115/5450
f 1016/1008/5451 1123/1115/5452 1017/1009/4860
f 1125/1117/5453 1126/1118/5454 1123/1115/5455
f 1125/1117/5453 1123/1115/5456 1124/1116/5457
f 1121/1113/5458 1120/1112/5437 1123/1115/5459
f 1121/1113/5460 1123/1115/5461 1126/1118/5462
f 1016/1008/5463 1021/1013/5464 1127/1119/5465
f 1016/1008/5466 1127/1119/5467 1124/1116/5468
f 1020/1012/5469 1128/1120/5470 1127/1119/5471
f 1020/1012/5472 1127/1119/5473 1021/1013/5474
f 1129/1121/5475 1130/1122/5476 1127/1119/5477
f 1129/1121/5478 1127/1119/5479 1128/1120/5480
f 1125/1117/5481 1124/1116/5482 1127/1119/5483
f 1125/1117/5484 1127/1119/5485 1130/1122/5486
f 1020/1012/5469 1025/1017/5487 1131/1123/5488
f 1020/1012/5489 1131/1123/5490 1128/1120/5491
f 1024/1016/5492 1132/1124/5493 1131/1123/5494
f 1024/1016/5495 1131/1123/5496 1025/1017/5497
f 1133/1125/5498 1134/1126/5499 1131/1123/5500
f 1133/1125/5501 1131/1123/5502 1132/1124/5503
f 1129/1121/5504 1128/1120/5505 1131/1123/5506
f 1129/1121/5478 1131/1123/5502 1134/1126/5507
f 1024/1016/4905 1029/1021/5508 1135/1127/5509
f 1024/1016/5495 1135/1127/5509 1132/1124/5510
f 1028/1020/5511 1136/1128/5512 1135/1127/5513
f 1028/1020/5514 1135/1127/5515 1029/1021/5516
f 1137/1129/5517 1138/1130/5518 1135/1127/5519
f 1137/1129/5520 1135/1127/5521 1136/1128/5522
f 1133/1125/5523 1132/1124/5524 1135/1127/5513
f 1133/1125/5525 1135/1127/5526 1138/1130/5527
f 1028/1020/5528 1033/1025/5529 1139/1131/5530
f 1028/1020/5511 1139/1131/5531 1136/1128/5532
f 1032/1024/5533 1140/1132/5534 1139/1131/5535
f 1032/1024/5536 1139/1131/5535 1033/1025/5537
f 1141/1133/5538 1142/1134/5539 1139/1131/5540
f 1141/1133/5541 1139/1131/5542 1140/1132/5543
f 1137/1129/5544 1136/1128/5522 1139/1131/5545
f 1137/1129/5546 1139/1131/5547 1142/1134/5548
f 1032/1024/5549 1037/1029/5550 1143/1135/5551
f 1032/1024/5552 1143/1135/5553 1140/1132/5554
f 1036/1028/5555 1144/1136/5556 1143/1135/5557
f 1036/1028/5558 1143/1135/5559 1037/1029/5560
f 1145/1137/5561 1146/1138/5562 1143/1135/5563
f 1145/1137/5564 1143/1135/5565 1144/1136/5566
f 1141/1133/5567 1140/1132/5568 1143/1135/5569
f 1141/1133/5570 1143/1135/5565 1146/1138/5571
f 1036/1028/5572 1041/1033/5573 1147/1139/5574
f 1036/1028/4971 1147/1139/5575 1144/1136/5576
f 1040/1032/5577 1148/1140/5578 1147/1139/5579
f 1040/1032/5580 1147/1139/5581 1041/1033/5582
f 1149/1141/5583 1150/1142/5584 1147/1139/5585
f 1149/1141/5586 1147/1139/5587 1148/1140/5588
f 1145/1137/5561 1144/1136/5589 1147/1139/5590
f 1145/1137/5591 1147/1139/5592 1150/1142/5593
f 1040/1032/5594 1045/1037/5595 1151/1143/5596
f 1040/1032/5597 1151/1143/5598 1148/1140/5599
f 1044/1036/5600 1152/1144/5601 1151/1143/5596
f 1044/1036/5602 1151/1143/5603 1045/1037/5604
f 1153/1145/5605 1154/1146/5606 1151/1143/5607
f 1153/1145/5608 1151/1143/5609 1152/1144/5610
f 1149/1141/5611 1148/1140/5612 1151/1143/5609
f 1149/1141/5613 1151/1143/5614 1154/1146/5615
f 1044/1036/5616 1049/1041/5617 1155/1147/5618
f 1044/1036/5619 1155/1147/5620 1152/1144/5621
f 1048/1040/5622 1156/1148/5623 1155/1147/5624
f 1048/1040/5625 1155/1147/5626 1049/1041/5627
f 1157/1149/5628 1158/1150/5629 1155/1147/5630
f 1157/1149/5631 1155/1147/5632 1156/1148/5633
f 1153/1145/5634 1152/1144/5635 1155/1147/5636
f 1153/1145/5637 1155/1147/5638 1158/1150/5639
f 1048/1040/5640 1053/1045/5641 1159/1151/5642
f 1048/1040/5643 1159/1151/5642 1156/1148/5644
f 1052/1044/5645 1160/1152/5646 1159/1151/5647
f 1052/1044/5648 1159/1151/5647 1053/1045/5649
f 1161/1153/5650 1162/1154/5651 1159/1151/5652
f 1161/1153/5653 1159/1151/5654 1160/1152/5655
f 1157/1149/5656 1156/1148/5657 1159/1151/5658
f 1157/1149/5659 1159/1151/5660 1162/1154/5651
f 1052/1044/5661 1057/1049/5662 1163/1155/5663
f 1052/1044/5664 1163/1155/5665 1160/1152/5666
f 1056/1048/5078 1164/1156/5667 1163/1155/5668
f 1056/1048/5669 1163/1155/5670 1057/1049/5671
f 1165/1157/5672 1166/1158/5673 1163/1155/5674
f 1165/1157/5675 1163/1155/5676 1164/1156/5677
f 1161/1153/5678 1160/1152/5679 1163/1155/5668
f 1161/1153/5680 1163/1155/5681 1166/1158/5682
f 1056/1048/5683 1061/1053/5684 1167/1159/5685
f 1056/1048/5686 1167/1159/5687 1164/1156/5688
f 1060/1052/5689 1168/1160/5690 1167/1159/5691
f 1060/1052/5692 1167/1159/5693 1061/1053/5694
f 1169/1161/5695 1170/1162/5696 1167/1159/5697
f 1169/1161/5698 1167/1159/5693 1168/1160/5699
f 1165/1157/5700 1164/1156/5701 1167/1159/5702
f 1165/1157/5703 1167/1159/5704 1170/1162/5705
f 1060/1052/5706 1065/1057/5707 1171/1163/5708
f 1060/1052/5706 1171/1163/5709 1168/1160/5710
f 1064/1056/5711 1172/1164/5712 1171/1163/5708
f 1064/1056/5713 1171/1163/5714 1065/1057/5715
f 1173/1165/5716 1174/1166/5717 1171/1163/5709
f 1173/1165/5718 1171/1163/5719 1172/1164/5720
f 1169/1161/5698 1168/1160/5721 1171/1163/5722
f 1169/1161/5723 1171/1163/5708 1174/1166/5724
f 1064/1056/5725 1069/1061/5726 1175/1167/5727
f 1064/1056/5150 1175/1167/5728 1172/1164/5729
f 1068/1060/5730 1176/1168/5731 1175/1167/5732
f 1068/1060/5733 1175/1167/5734 1069/1061/5735
f 1177/1169/5736 1178/1170/5737 1175/1167/5738
f 1177/1169/5739 1175/1167/5740 1176/1168/5741
f 1173/1165/5742 1172/1164/5712 1175/1167/5743
f 1173/1165/5744 1175/1167/5727 1178/1170/5745
f 1068/1060/5746 1071/1063/5174 1179/1171/5747
f 1068/1060/5748 1179/1171/5749 1176/1168/5750
f 965/957/5175 1073/1065/5751 1179/1171/5752
f 965/957/5753 1179/1171/5754 1071/1063/5755
f 1077/1069/5193 1180/1172/5756 1179/1171/5754
f 1077/1069/5757 1179/1171/5758 1073/1065/5759
f 1177/1169/5760 1176/1168/5761 1179/1171/5762
f 1177/1169/5763 1179/1171/5764 1180/1172/5765
f 1101/1093/5766 1106/1098/5767 1181/1173/5768
f 1101/1093/5769 1181/1173/5770 1182/1174/5771
f 1105/1097/5772 1183/1175/5773 1181/1173/5774
f 1105/1097/5372 1181/1173/5775 1106/1098/5767
f 7/7/5776 1182/1174/5777 1181/1173/5770
f 7/7/5778 1181/1173/5779 1183/1175/5780
f 1129/1121/5504 1134/1126/5781 1184/1176/5782
f 1129/1121/5783 1184/1176/5784 1185/1177/5785
f 1133/1125/5786 1186/1178/5787 1184/1176/5788
f 1133/1125/5789 1184/1176/5790 1134/1126/5791
f 7/7/5778 1185/1177/5792 1184/1176/5793
f 7/7/5778 1184/1176/5794 1186/1178/5795
f 7/7/5796 1187/1179/5797 1188/1180/5798
f 7/7/5799 1188/1180/5800 1189/1181/5801
f 1077/1069/5193 1076/1068/5802 1188/1180/5803
f 1077/1069/5193 1188/1180/5804 1187/1179/5805
f 1075/1067/5806 1189/1181/5807 1188/1180/5808
f 1075/1067/5809 1188/1180/5810 1076/1068/5195
f 1137/1129/5811 1142/1134/5812 1190/1182/5813
f 1137/1129/5814 1190/1182/5815 1191/1183/5816
f 1141/1133/5817 1192/1184/5818 1190/1182/5819
f 1141/1133/5820 1190/1182/5821 1142/1134/5812
f 7/7/5822 1191/1183/5823 1190/1182/5824
f 7/7/5825 1190/1182/5821 1192/1184/5826
f 7/7/5796 1189/1181/5827 1193/1185/5828
f 7/7/5829 1193/1185/5828 4/4/5830
f 1075/1067/5831 1080/1072/5832 1193/1185/5833
f 1075/1067/5834 1193/1185/5835 1189/1181/5836
f 1/1/5207 4/4/5837 1193/1185/5833
f 1/1/5207 1193/1185/5838 1080/1072/5839
f 1085/1077/5840 1090/1082/5841 1194/1186/5842
f 1085/1077/5843 1194/1186/5844 1195/1187/5845
f 1089/1081/5846 1196/1188/5847 1194/1186/5848
f 1089/1081/5846 1194/1186/5849 1090/1082/5850
f 7/7/5796 1195/1187/5851 1194/1186/5852
f 7/7/5853 1194/1186/5848 1196/1188/5854
f 7/7/13 1186/1178/5855 1197/1189/5856
f 7/7/5857 1197/1189/5858 1191/1183/5859
f 1133/1125/5860 1138/1130/5861 1197/1189/5862
f 1133/1125/5789 1197/1189/5863 1186/1178/5855
f 1137/1129/5864 1191/1183/5816 1197/1189/5865
f 1137/1129/5866 1197/1189/5867 1138/1130/5868
f 1149/1141/5583 1154/1146/5869 1198/1190/5870
f 1149/1141/5871 1198/1190/5872 1199/1191/5873
f 1153/1145/5874 1200/1192/5875 1198/1190/5876
f 1153/1145/5877 1198/1190/5878 1154/1146/5879
f 7/7/5880 1199/1191/5881 1198/1190/5882
f 7/7/5776 1198/1190/5876 1200/1192/5883
f 7/7/5884 6/6/5885 1201/1193/5886
f 7/7/5887 1201/1193/5888 1195/1187/5845
f 5/5/5889 1086/1078/5890 1201/1193/5891
f 5/5/5892 1201/1193/5893 6/6/5894
f 1085/1077/5895 1195/1187/5845 1201/1193/5896
f 1085/1077/5897 1201/1193/5898 1086/1078/5899
f 1089/1081/5900 1094/1086/5901 1202/1194/5902
f 1089/1081/5903 1202/1194/5904 1196/1188/5905
f 1093/1085/5906 1203/1195/5907 1202/1194/5908
f 1093/1085/5909 1202/1194/5910 1094/1086/5911
f 7/7/5912 1196/1188/5847 1202/1194/5913
f 7/7/5776 1202/1194/5914 1203/1195/5915
f 7/7/5916 1192/1184/5917 1204/1196/5918
f 7/7/5799 1204/1196/5919 1205/1197/5920
f 1141/1133/5570 1146/1138/5921 1204/1196/5922
f 1141/1133/5923 1204/1196/5924 1192/1184/5925
f 1145/1137/5926 1205/1197/5927 1204/1196/5928
f 1145/1137/5561 1204/1196/5929 1146/1138/5930
f 1097/1089/5931 1102/1094/5331 1206/1198/5932
f 1097/1089/5933 1206/1198/5934 1207/1199/5935
f 1101/1093/5330 1182/1174/5936 1206/1198/5937
f 1101/1093/5938 1206/1198/5939 1102/1094/5940
f 7/7/5941 1207/1199/5942 1206/1198/5932
f 7/7/5796 1206/1198/5943 1182/1174/5944
f 7/7/5945 1205/1197/5946 1208/1200/5947
f 7/7/5822 1208/1200/5948 1199/1191/5949
f 1145/1137/5950 1150/1142/5951 1208/1200/5952
f 1145/1137/5953 1208/1200/5954 1205/1197/5946
f 1149/1141/5955 1199/1191/5881 1208/1200/5956
f 1149/1141/5957 1208/1200/5958 1150/1142/5959
f 1153/1145/5634 1158/1150/5960 1209/1201/5961
f 1153/1145/5962 1209/1201/5963 1200/1192/5964
f 1157/1149/5656 1210/1202/5965 1209/1201/5966
f 1157/1149/5631 1209/1201/5967 1158/1150/5968
f 7/7/13 1200/1192/5969 1209/1201/5970
f 7/7/13 1209/1201/5971 1210/1202/5972
f 7/7/5941 1203/1195/5973 1211/1203/5974
f 7/7/5975 1211/1203/5976 1207/1199/5977
f 1093/1085/5978 1098/1090/5979 1211/1203/5980
f 1093/1085/5981 1211/1203/5982 1203/1195/5983
f 1097/1089/5984 1207/1199/5985 1211/1203/5986
f 1097/1089/5987 1211/1203/5988 1098/1090/5989
f 1105/1097/5990 1110/1102/5991 1212/1204/5992
f 1105/1097/5352 1212/1204/5993 1183/1175/5780
f 1109/1101/5369 1213/1205/5994 1212/1204/5995
f 1109/1101/5397 1212/1204/5996 1110/1102/5997
f 7/7/5796 1183/1175/5998 1212/1204/5999
f 7/7/5853 1212/1204/6000 1213/1205/6001
f 7/7/5853 1210/1202/6002 1214/1206/6003
f 7/7/5778 1214/1206/6004 1215/1207/6005
f 1157/1149/6006 1162/1154/5651 1214/1206/6003
f 1157/1149/5631 1214/1206/6007 1210/1202/6008
f 1161/1153/6009 1215/1207/6010 1214/1206/6011
f 1161/1153/6012 1214/1206/6013 1162/1154/6014
f 1109/1101/5369 1114/1106/6015 1216/1208/6016
f 1109/1101/6017 1216/1208/6018 1213/1205/6019
f 1113/1105/6020 1217/1209/6021 1216/1208/6022
f 1113/1105/6023 1216/1208/6024 1114/1106/6025
f 7/7/5853 1213/1205/6026 1216/1208/6022
f 7/7/5887 1216/1208/6027 1217/1209/6028
f 7/7/6029 1215/1207/6030 1218/1210/6031
f 7/7/6032 1218/1210/6033 1219/1211/6034
f 1161/1153/6035 1166/1158/6036 1218/1210/6031
f 1161/1153/6037 1218/1210/6038 1215/1207/6039
f 1165/1157/5700 1219/1211/6040 1218/1210/6041
f 1165/1157/6042 1218/1210/6038 1166/1158/5673
f 1113/1105/6043 1118/1110/6044 1220/1212/6045
f 1113/1105/6043 1220/1212/6046 1217/1209/6028
f 1117/1109/5411 1221/1213/6047 1220/1212/6048
f 1117/1109/6049 1220/1212/6050 1118/1110/5421
f 7/7/5880 1217/1209/6051 1220/1212/6052
f 7/7/5853 1220/1212/6053 1221/1213/6054
f 7/7/5796 1219/1211/6055 1222/1214/6056
f 7/7/5853 1222/1214/6057 1223/1215/6058
f 1165/1157/6059 1170/1162/6060 1222/1214/6061
f 1165/1157/6062 1222/1214/6063 1219/1211/6064
f 1169/1161/6065 1223/1215/6066 1222/1214/6067
f 1169/1161/6068 1222/1214/6061 1170/1162/6069
f 1117/1109/6070 1122/1114/6071 1224/1216/6072
f 1117/1109/6073 1224/1216/6072 1221/1213/6074
f 1121/1113/6075 1225/1217/6076 1224/1216/6077
f 1121/1113/6078 1224/1216/6079 1122/1114/6080
f 7/7/5853 1221/1213/6081 1224/1216/6082
f 7/7/5776 1224/1216/6083 1225/1217/6084
f 7/7/5822 1223/1215/6085 1226/1218/6086
f 7/7/6087 1226/1218/6088 1227/1219/6089
f 1169/1161/6090 1174/1166/6091 1226/1218/6086
f 1169/1161/5723 1226/1218/6092 1223/1215/6093
f 1173/1165/6094 1227/1219/6095 1226/1218/6096
f 1173/1165/5744 1226/1218/6097 1174/1166/6098
f 1121/1113/6099 1126/1118/6100 1228/1220/6101
f 1121/1113/6102 1228/1220/6103 1225/1217/6104
f 1125/1117/6105 1229/1221/6106 1228/1220/6107
f 1125/1117/5484 1228/1220/6108 1126/1118/6109
f 7/7/5941 1225/1217/6110 1228/1220/6107
f 7/7/5887 1228/1220/6111 1229/1221/6112
f 7/7/5853 1227/1219/6113 1230/1222/6114
f 7/7/5853 1230/1222/6115 1231/1223/6116
f 1173/1165/6117 1178/1170/6118 1230/1222/6119
f 1173/1165/5718 1230/1222/6120 1227/1219/6121
f 1177/1169/6122 1231/1223/6123 1230/1222/6124
f 1177/1169/6125 1230/1222/6124 1178/1170/6126
f 1125/1117/6127 1130/1122/6128 1232/1224/6129
f 1125/1117/6130 1232/1224/6131 1229/1221/6132
f 1129/1121/6133 1185/1177/6134 1232/1224/6135
f 1129/1121/6136 1232/1224/6137 1130/1122/6138
f 7/7/5776 1229/1221/6112 1232/1224/6139
f 7/7/6140 1232/1224/6141 1185/1177/6142
f 7/7/13 1231/1223/6143 1233/1225/6144
f 7/7/6145 1233/1225/6146 1187/1179/6147
f 1177/1169/6122 1180/1172/6148 1233/1225/6149
f 1177/1169/5763 1233/1225/6150 1231/1223/6143
f 1077/1069/6151 1187/1179/6152 1233/1225/6153
f 1077/1069/6154 1233/1225/6155 1180/1172/6156
