# Blender 4.2.3 LTS
# www.blender.org
mtllib kitchen_knife.mtl
o dynamic
v -543.804138 613.101196 -554.262268
v -546.384094 613.144104 -558.654785
v -535.229126 608.459045 -560.997192
v -542.969910 615.132996 -554.939514
v -539.358398 615.174011 -548.885620
v -535.115906 608.734924 -561.089233
v -545.837158 614.475952 -559.098816
v -539.875610 613.914246 -548.465698
v -690.063904 713.225830 -423.980560
v -688.478882 714.888794 -422.863525
v -689.562073 714.943909 -424.170166
v -687.085571 720.479736 -426.398468
v -687.858948 719.091919 -425.552826
v -686.746277 719.108521 -424.270020
v -756.936279 734.937744 -441.513611
v -763.239258 738.798706 -437.693970
v -764.106140 738.768738 -439.136292
v -757.777832 734.913330 -442.908020
v -768.325867 741.908142 -434.631134
v -769.195007 741.878418 -436.075470
v -769.735413 742.299927 -437.469269
v -764.598022 739.189270 -440.473297
v -758.221191 735.338745 -444.170258
v -745.331665 728.008179 -448.008057
v -750.501526 731.097473 -445.108276
v -751.353760 731.078247 -446.500336
v -746.174194 727.994507 -449.371918
v -751.829102 731.512451 -447.775787
v -746.681396 728.436218 -450.663605
v -760.514282 742.791199 -422.359406
v -764.473328 743.349060 -425.894470
v -758.442322 739.375000 -430.084900
v -755.570923 739.665649 -425.647217
v -743.259827 731.916138 -433.731812
v -745.712402 731.603760 -437.721741
v -739.343994 727.876160 -441.394775
v -738.294861 728.803711 -436.953644
v -734.461853 725.841797 -441.484711
v -732.735535 724.542603 -443.255676
v -731.776489 724.753784 -441.074097
v -733.392944 725.869385 -439.718414
v -752.095398 735.480103 -433.923096
v -749.387268 735.791077 -429.654266
v -765.097168 742.744324 -428.477234
v -766.957947 742.856018 -430.433807
v -760.991333 739.086853 -434.089386
v -759.716797 739.230896 -432.087067
v -746.956543 731.463196 -439.676270
v -748.200439 731.322571 -441.630432
v -741.927856 727.581177 -445.461884
v -741.191406 728.066162 -443.099945
v -771.932739 746.747375 -424.945374
v -770.825989 746.651733 -423.868774
v -771.365234 747.127197 -423.072052
v -772.808167 747.269043 -424.423859
v -754.607788 735.196106 -437.870026
v -753.351562 735.338074 -435.896515
v -740.698181 725.043640 -451.194824
v -741.394775 725.034485 -452.364868
v -739.531616 723.939331 -453.355499
v -738.798889 723.960022 -452.106049
v -741.789246 725.467102 -453.545532
v -739.931824 724.350281 -454.608093
v -736.934204 722.519409 -456.408264
v -736.507263 722.121094 -455.084900
v -735.719238 722.149109 -453.745270
v -771.691101 745.118225 -429.500610
v -771.249390 745.176819 -428.815582
v -772.177856 745.896057 -427.801422
v -772.996094 746.108948 -428.135620
v -731.893250 719.232117 -458.068665
v -732.310120 719.643921 -459.339111
v -725.702332 715.508606 -463.606079
v -725.327576 715.059814 -462.498169
v -732.163818 723.512390 -445.642059
v -728.993286 722.907837 -443.184021
v -727.704041 719.674072 -451.329620
v -729.176453 719.507568 -453.642731
v -722.719299 715.260315 -458.399200
v -720.938293 715.461609 -455.601257
v -731.122314 719.249634 -456.781769
v -724.638977 715.051941 -461.389130
v -724.828003 714.960938 -464.171997
v -724.459229 714.507202 -463.086548
v -723.782715 714.495789 -462.002594
v -721.870728 714.701721 -459.029663
v -720.046753 714.907959 -456.164337
v -800.718811 763.937134 -408.520813
v -800.031921 764.253235 -406.726379
v -800.599976 764.496155 -406.662964
v -801.137817 764.215393 -408.168488
v -717.359070 715.865173 -449.981567
v -719.156982 715.663086 -452.802917
v -718.222534 715.114197 -453.298492
v -716.439087 715.315796 -450.496796
v -736.880859 727.062012 -440.803467
v -735.215881 726.963196 -438.682526
v -801.037170 768.834534 -394.142639
v -804.277222 770.814148 -392.194794
v -809.295044 770.393982 -399.666473
v -805.475830 767.967712 -402.556854
v -800.857239 766.114441 -403.309814
v -802.779968 767.081543 -402.776703
v -802.934814 766.604797 -403.246979
v -801.311584 765.793396 -403.681854
v -804.684204 767.149597 -403.767456
v -804.542725 766.893982 -404.325775
v -803.092468 766.456970 -403.849884
v -801.728271 765.790222 -404.169769
v -743.164917 726.142334 -451.221588
v -742.404541 726.150574 -449.975464
v -743.621094 726.585144 -452.447754
v -767.363159 743.968262 -427.654144
v -768.469849 744.063843 -428.730652
v -767.936523 743.570435 -429.518982
v -766.493591 743.428650 -428.167023
v -737.211487 724.496216 -449.063934
v -737.161560 724.701477 -448.412201
v -738.569397 725.402527 -448.043243
v -738.934692 725.354431 -448.612244
v -767.566772 747.192993 -417.840698
v -765.315308 748.301453 -414.018921
v -769.441956 750.607178 -412.184967
v -771.573730 749.392517 -416.177887
v -757.645020 743.666626 -418.475769
v -760.661072 745.556641 -416.520721
v -763.362915 744.681274 -420.197815
v -773.438354 744.832581 -432.154968
v -772.643616 744.934509 -430.919006
v -774.318726 746.083496 -429.532318
v -775.197571 745.984680 -430.865784
v -772.200073 744.926697 -430.677094
v -774.175476 746.330139 -428.899445
v -774.956726 747.490051 -426.381439
v -777.463379 748.205566 -427.022675
v -778.526672 748.124939 -428.545685
v -767.365906 742.059265 -433.024170
v -770.665955 743.861145 -431.699890
v -771.516724 743.744568 -433.052277
v -769.557922 743.655090 -431.238525
v -762.747620 746.822571 -415.292999
v -765.214722 745.882446 -418.875183
v -782.243103 757.723083 -406.605072
v -787.616211 760.813904 -403.950684
v -790.431763 760.331116 -406.590088
v -784.655151 756.911011 -409.735138
v -804.830933 767.732910 -403.348877
v -788.278809 756.497620 -415.439056
v -794.426697 760.204895 -411.919952
v -795.747375 760.078125 -413.927094
v -789.536316 756.354370 -417.417908
v -793.106201 760.331665 -409.913177
v -798.262146 763.656921 -406.600830
v -799.025330 763.140686 -409.090240
v -806.090576 767.281677 -405.103699
v -806.777283 766.965698 -406.897675
v -806.228882 766.703674 -406.974915
v -805.690308 766.984070 -405.469849
v -791.436523 763.211731 -401.462830
v -794.555786 762.927002 -403.882050
v -794.964478 766.621887 -395.577820
v -795.404419 768.146423 -391.545959
v -799.272644 767.309387 -396.544617
v -798.237183 766.037964 -399.083649
v -791.750366 756.092834 -420.929993
v -790.686401 756.219604 -419.239105
v -796.888428 759.915710 -415.795502
v -797.932251 759.770996 -417.509583
v -800.904907 763.291321 -410.954193
v -801.587219 762.628296 -413.470032
v -802.548523 762.457336 -415.136719
v -800.058777 763.913635 -408.928833
v -801.689148 764.075134 -410.452759
v -774.333008 748.094849 -423.798584
v -781.127747 752.209656 -419.523590
v -782.354553 752.044739 -421.529755
v -796.451538 769.794556 -387.891174
v -793.804871 765.062683 -398.827026
v -796.947144 764.713135 -401.469299
v -807.421814 765.136047 -413.103149
v -806.576843 765.244263 -411.788788
v -808.042664 766.267029 -410.522766
v -808.976868 766.158752 -411.950867
v -805.833557 765.264099 -411.108734
v -807.561523 766.557373 -409.358154
v -808.118652 767.602051 -406.910217
v -809.917847 767.619080 -408.758789
v -810.896606 767.439758 -410.472443
v -804.649109 764.221069 -412.480652
v -805.521729 764.085876 -413.913452
v -803.396912 764.068665 -411.692688
v -775.608582 754.021851 -409.536560
v -777.782593 752.924866 -413.228577
v -769.403809 746.209595 -423.443665
v -769.462219 746.508423 -422.584137
v -772.427490 746.470764 -426.384644
v -773.405334 746.896545 -426.277039
v -783.533325 751.931885 -423.296539
v -784.604431 751.820801 -424.944061
v -803.323975 773.613220 -384.900146
v -807.717285 775.515747 -384.799316
v -813.295654 775.537476 -389.417816
v -808.633789 773.117432 -390.651123
v -779.901733 752.375122 -417.516907
v -787.021667 756.641296 -413.459351
v -815.062134 772.635620 -400.015289
v -819.381592 775.211426 -397.892975
v -820.491516 774.827637 -400.411438
v -816.335266 772.310730 -402.558136
v -818.270752 775.594727 -395.374634
v -821.576050 778.107971 -393.898621
v -822.571228 777.669556 -396.439697
v -807.355408 768.118469 -404.420898
v -810.719177 770.131470 -402.208099
v -812.143250 769.869080 -404.749817
v -810.820618 776.993958 -385.130737
v -816.741150 777.892151 -388.590515
v -799.244141 771.652344 -385.757599
v -817.168396 771.161011 -407.033783
v -816.892883 771.789185 -404.809845
v -820.840942 774.188965 -402.758179
v -820.761108 773.348572 -405.180969
v -823.566040 777.231201 -398.980347
v -823.784668 776.507324 -401.421173
v -823.433167 775.496887 -404.019775
v -813.015564 769.520020 -406.846710
v -813.701416 769.137268 -408.834656
v -733.136230 727.717224 -436.135834
v -735.956055 729.598328 -433.965912
v -813.789795 772.960938 -397.471985
v -823.825562 779.904480 -396.118805
v -824.801941 779.411255 -398.801270
v -772.471619 747.982666 -421.842926
v -798.819214 764.701721 -404.152863
v -800.547180 765.994934 -402.402405
v -802.983826 767.190369 -401.818420
v -765.254089 744.508545 -423.377319
v -767.230286 745.912476 -421.599182
v -769.872375 747.184082 -421.037781
v -817.799561 780.056213 -388.240662
v -822.849854 780.398193 -393.435822
v -731.461487 726.591553 -437.449829
v -724.292175 720.017456 -446.064789
v -726.231628 719.840454 -449.016510
v -715.866943 716.570496 -448.304871
v -714.997986 716.023315 -448.876068
v -729.816956 725.467957 -438.795105
v -727.011719 723.623901 -440.871948
v -752.674866 740.535522 -421.747162
v -746.594360 736.642883 -425.935547
v -740.665222 732.743347 -430.331085
v -810.521606 778.269653 -384.783020
v -812.287170 767.708618 -413.656036
v -811.741028 767.335510 -412.109863
v -814.259583 768.829712 -410.729553
v -814.569458 769.042053 -412.466766
v -817.238953 770.555176 -409.222839
v -817.119507 770.510559 -411.202118
v -820.274170 772.401062 -407.697968
v -819.622131 772.030762 -409.919067
v -822.439270 774.225159 -406.805908
v -821.282166 773.371521 -408.885162
v -780.018799 748.516418 -431.486145
v -779.426086 748.093384 -430.032776
v -785.554138 751.781433 -426.516785
v -786.176758 752.193604 -428.039673
v -792.708252 756.046692 -422.533020
v -793.328979 756.449402 -424.081909
v -804.019714 762.802490 -418.190948
v -803.444397 762.400513 -416.695587
v -806.336792 764.046204 -415.321289
v -806.858215 764.464966 -416.699707
v -808.209412 765.117249 -414.414703
v -808.715210 765.553345 -415.721893
v -809.836853 766.136536 -413.361481
v -810.398926 766.571106 -414.742462
v -798.875244 759.714722 -419.124878
v -799.483826 760.112488 -420.674164
v -772.312805 743.724243 -434.378571
v -772.822449 744.153931 -435.709564
v -774.180969 744.818848 -433.395752
v -774.656677 745.255127 -434.665375
v -775.997742 745.964355 -432.197052
v -776.518616 746.397156 -433.532654
v -744.299011 728.085083 -446.537231
v -741.560669 726.241333 -448.714294
v -741.356201 726.551025 -447.848297
v -739.942871 725.140747 -450.026794
v -739.629822 725.251892 -449.619354
v -722.466431 720.729309 -443.957214
v -730.267395 719.357300 -455.411163
v -723.875732 715.130676 -460.212616
v -723.032837 714.571411 -460.852173
v -738.005981 724.074585 -450.836243
v -737.210815 724.031677 -450.300507
v -734.871704 722.292603 -452.302917
v -734.747925 723.217407 -449.709564
v -749.417786 731.203674 -443.460358
v -755.832947 735.059753 -439.788208
v -762.166138 738.929932 -435.983734
v -776.613098 747.581421 -434.935242
v -774.726379 746.437378 -436.043427
v -780.139771 749.693420 -432.943176
v -773.325989 749.847900 -437.180237
v -775.212646 750.992004 -436.072052
v -784.340759 765.315796 -404.342987
v -785.741150 761.905212 -403.206116
v -780.709473 759.039246 -405.606110
v -779.309021 762.449890 -406.742920
v -774.203918 755.451904 -408.355225
v -768.015686 752.054565 -410.924622
v -772.803528 758.862488 -409.492035
v -798.175171 764.672607 -423.313751
v -799.575562 761.262085 -422.176849
v -804.104614 763.965210 -419.646149
v -802.704285 767.375793 -420.782898
v -797.245117 772.855835 -384.523651
v -801.526428 774.867493 -383.761963
v -794.274780 770.900024 -386.732422
v -800.125977 778.278076 -384.898773
v -795.844788 776.266357 -385.660431
v -817.705627 776.216125 -412.702820
v -819.098083 772.824829 -411.572388
v -821.184143 774.297607 -409.834259
v -819.815369 777.631226 -410.945496
v -793.428650 757.596069 -425.603760
v -792.028320 761.006653 -426.740509
v -821.645691 779.292480 -408.326996
v -823.038208 775.901062 -407.196594
v -824.378967 777.447876 -404.171082
v -822.978638 780.858337 -405.307892
v -816.825195 771.461121 -412.826630
v -815.424805 774.871826 -413.963409
v -816.399292 783.466858 -389.377411
v -809.152771 781.603455 -385.894165
v -731.536072 728.972839 -435.236938
v -734.319275 730.870850 -432.970856
v -729.887146 727.835144 -436.618835
v -732.918945 734.281372 -434.107666
v -730.135681 732.383423 -436.373749
v -724.059326 728.275513 -441.212799
v -725.459656 724.864868 -440.075928
v -720.993164 721.985046 -443.214172
v -719.592773 725.395630 -444.350952
v -793.178955 769.159119 -390.605347
v -792.733215 767.549927 -394.884216
v -792.874451 774.310547 -387.869232
v -791.778625 772.569702 -391.742218
v -805.530640 769.052612 -419.233917
v -806.930969 765.642090 -418.097015
v -808.792297 766.742310 -417.088837
v -807.391846 770.152893 -418.225647
v -790.130798 769.333069 -399.422821
v -791.531189 765.922485 -398.286041
v -789.240356 764.106689 -400.911591
v -787.840027 767.517334 -402.048401
v -823.524353 782.005798 -402.537567
v -824.924744 778.595215 -401.400726
v -823.401550 782.821899 -399.938049
v -730.735291 724.178467 -461.728058
v -732.135559 720.767822 -460.591248
v -736.781921 723.623657 -457.746918
v -735.381592 727.034302 -458.883728
v -821.449524 783.808777 -394.572662
v -713.151062 721.286072 -448.792572
v -714.561523 717.850769 -447.647491
v -713.801819 717.266174 -448.228271
v -712.340576 720.825073 -449.414520
v -822.425232 783.315063 -397.255585
v -791.332764 770.960510 -396.021057
v -809.106262 771.173035 -417.276764
v -810.506592 767.762451 -416.140045
v -812.378113 768.871216 -415.118927
v -810.977783 772.281799 -416.255798
v -751.012939 741.875366 -420.519440
v -756.006592 745.023743 -417.225098
v -744.926147 737.959778 -424.768799
v -754.606201 748.434326 -418.361969
v -749.612610 745.285950 -421.656250
v -750.427673 736.095520 -450.232483
v -751.827942 732.684998 -449.095673
v -758.198792 736.492188 -445.521301
v -756.798462 739.902771 -446.658173
v -732.900635 723.027405 -448.004395
v -766.615417 755.465271 -412.061462
v -763.832581 749.720398 -412.774597
v -761.205017 748.205933 -414.081848
v -762.432190 753.131042 -413.911407
v -771.497070 748.739136 -438.253693
v -772.897400 745.328674 -437.116852
v -746.706055 729.627930 -451.958038
v -745.305664 733.038513 -453.094879
v -737.604431 737.447449 -430.380890
v -739.004700 734.036865 -429.244049
v -725.516052 716.677917 -464.660217
v -784.893799 756.764404 -430.679260
v -786.294128 753.353821 -429.542480
v -769.805481 743.463928 -438.902740
v -768.405151 746.874451 -440.039490
v -757.663147 750.333191 -416.430817
v -759.063538 746.922546 -415.294098
v -743.525879 741.370422 -425.905609
v -763.215942 743.752441 -443.013611
v -764.616272 740.341919 -441.876862
v -743.612915 727.775085 -453.706635
v -741.717102 726.631531 -454.802216
v -740.316711 730.042175 -455.938965
v -742.212585 731.185669 -454.843445
v -726.843689 730.115967 -439.120972
v -728.244019 726.705383 -437.984161
v -778.739502 753.104004 -434.079987
v -806.165955 776.729736 -383.927246
v -804.773499 780.121094 -385.057556
v -813.124268 773.536133 -415.136810
v -814.524658 770.125610 -414.000000
v -738.411377 728.886719 -457.058258
v -739.811707 725.476074 -455.921387
v -728.486816 731.245728 -437.755646
v -759.804626 751.616516 -415.218658
v -724.682434 716.092651 -465.152222
v -724.105591 720.113220 -465.805298
v -737.014893 725.600769 -445.565918
v -735.532227 724.695862 -446.444641
v -734.464600 725.023560 -444.123810
v -735.454956 725.774475 -443.091003
v -735.714478 724.238464 -448.018829
v -734.614563 724.136841 -446.968903
v -739.408813 727.039856 -444.165375
v -738.491516 726.495605 -444.690430
v -736.861816 726.475159 -442.722046
v -738.309570 726.938538 -443.114960
v -739.558960 726.153076 -447.010834
v -769.648804 745.368591 -426.312195
v -771.148132 746.278748 -425.415131
v -768.144897 744.452332 -427.195374
v -769.892212 744.506104 -429.156219
v -767.118347 744.819519 -424.798553
v -768.046448 745.538757 -423.783844
v -803.454224 765.605103 -406.891388
v -804.866333 766.480896 -405.991272
v -806.013062 766.127380 -408.438507
v -805.100647 765.409668 -409.468140
v -801.986694 764.729675 -407.698273
v -803.736450 764.742859 -409.788086
v -802.286194 764.305847 -409.312164
v -800.815979 765.072388 -405.199402
v -734.081726 723.804077 -447.285278
v -733.513123 724.155151 -445.531769
v -734.157104 724.424255 -445.543121
v -735.091919 725.807556 -442.518921
v -733.883179 724.888611 -443.787079
v -740.143372 726.273376 -447.344086
v -805.663147 765.693665 -410.492340
v -803.740173 764.726624 -411.025024
v -803.874573 764.614014 -410.377502
v -805.497803 765.425354 -409.942627
v -802.125183 764.069153 -409.857025
v -738.591675 727.233215 -442.552948
v -739.945862 727.358215 -443.845886
v -767.610718 745.579468 -423.090424
v -769.839478 744.189209 -430.006805
v -766.305725 744.588745 -424.455292
v -740.309631 727.844482 -443.611633
v -738.728149 727.690979 -442.124390
v -739.866272 726.752441 -445.591187
v -740.513428 727.006836 -445.599396
v -799.286377 764.285583 -406.861694
v -799.578613 765.091187 -404.804626
v -800.248840 764.932617 -404.955292
v -736.815430 726.665588 -442.067627
v -806.941528 766.716919 -408.997101
v -806.560364 766.286316 -408.668762
v -807.234009 767.522583 -406.940369
v -766.868408 744.244873 -426.214844
v -765.896362 743.801086 -426.313843
v -736.666382 727.026794 -441.577148
v -734.674927 726.029297 -442.116516
v -740.985107 727.445435 -445.641022
v -732.878601 724.122253 -445.625305
v -733.554932 723.723633 -447.654266
v -740.575073 726.601624 -447.667664
v -739.188599 725.538391 -449.149353
v -733.289490 724.966553 -443.598267
v -765.957153 743.366028 -428.518616
v -767.630859 743.533813 -430.076843
v -737.198059 724.541382 -449.688751
v -735.135315 723.876831 -449.141571
v -735.434875 723.928711 -448.578217
v -765.700867 744.689453 -424.232269
v -765.249939 743.788452 -426.379944
v -767.187866 745.826660 -422.652344
v -769.824829 744.248535 -430.635162
v -771.949768 745.317322 -430.046204
v -773.887756 747.355530 -426.318573
v -773.180603 747.778015 -424.179962
v -769.312561 746.895447 -422.062897
v -771.506042 747.609680 -422.622131
v -773.436584 746.454529 -428.465881
v -806.461365 767.894470 -404.872864
v -754.013855 742.055481 -443.886078
v -754.916260 741.882751 -445.231140
v -761.244446 745.738281 -441.459442
v -760.316833 745.916504 -440.066467
v -766.333496 748.847961 -438.398590
v -765.403442 749.025879 -437.003662
v -762.162720 745.120728 -442.450409
v -767.300110 748.231384 -439.446320
v -755.785767 741.270203 -446.147308
v -742.409180 735.125977 -450.380585
v -743.312622 734.963928 -451.694977
v -748.492249 738.047791 -448.823456
v -747.579041 738.215271 -447.480743
v -749.393738 737.443970 -449.752899
v -744.246033 734.367798 -452.640717
v -757.591858 749.908936 -424.731903
v -752.648376 746.783386 -428.019745
v -755.526001 746.477844 -432.452362
v -761.621887 750.293823 -428.209320
v -740.337341 739.033813 -436.104279
v -735.372498 735.921387 -439.326050
v -736.499878 734.803101 -443.703705
v -742.796753 738.704956 -440.088684
v -731.617798 732.768616 -443.793518
v -730.470398 732.987122 -442.090881
v -728.854065 731.871521 -443.446716
v -729.891418 731.469360 -445.564484
v -746.464783 742.908813 -432.026794
v -749.172852 742.597839 -436.295593
v -762.245667 749.689148 -430.792084
v -756.800537 746.333679 -434.454651
v -758.075012 746.189575 -436.456818
v -764.106323 749.801147 -432.748718
v -744.040894 738.564270 -442.043152
v -738.347168 734.993347 -445.408905
v -739.083679 734.508484 -447.770905
v -745.284851 738.423706 -443.997314
v -769.093567 753.662231 -427.250153
v -769.961548 754.201965 -426.734772
v -768.518616 754.060181 -425.382874
v -767.986877 753.566711 -426.173645
v -750.429138 742.455872 -438.269012
v -751.685364 742.313843 -440.242432
v -737.775757 732.161255 -453.567352
v -735.876404 731.077759 -454.478577
v -736.669983 730.908752 -455.678558
v -738.533203 732.003967 -454.687927
v -737.496460 730.281799 -456.585114
v -739.353882 731.398560 -455.522583
v -733.645691 729.090576 -457.407898
v -734.498840 728.450928 -458.385376
v -732.796753 729.266846 -456.117737
v -768.844421 752.051270 -431.811432
v -770.149475 753.041992 -430.446564
v -769.338623 752.810852 -430.106201
v -768.410278 752.091553 -431.120361
v -729.031677 726.201477 -460.391693
v -722.465942 722.029358 -464.821259
v -723.267029 721.440063 -465.583191
v -729.874695 725.575439 -461.316132
v -726.070862 730.025696 -445.556488
v -729.319641 730.439331 -447.950928
v -724.788452 726.775208 -453.696594
v -718.015808 722.579407 -457.973694
v -719.796875 722.378113 -460.771637
v -726.260864 726.608704 -456.009705
v -728.199890 726.367371 -459.154297
v -721.716492 722.169617 -463.761597
v -721.597717 721.476685 -465.409637
v -722.392639 720.892456 -466.149109
v -720.860168 721.613586 -464.375122
v -717.124268 722.025696 -458.536713
v -718.948303 721.819519 -461.402161
v -797.812866 771.014648 -410.879852
v -798.224731 771.310425 -410.533386
v -797.686707 771.591553 -409.027985
v -797.126038 771.330688 -409.085480
v -714.436523 722.982971 -452.353943
v -713.516663 722.433472 -452.869293
v -715.300049 722.231873 -455.670959
v -716.234497 722.780823 -455.175354
v -732.293518 734.080994 -441.054993
v -734.036804 733.988953 -443.112366
v -798.114685 775.952393 -396.515137
v -802.627319 774.905273 -404.869293
v -806.378967 777.496094 -402.033661
v -801.354797 777.931946 -394.567352
v -798.197510 772.592529 -405.469025
v -798.405640 772.870911 -406.040894
v -800.028809 773.682373 -405.606049
v -800.120178 773.559631 -404.935852
v -800.179138 773.552612 -406.214996
v -801.629456 773.989380 -406.690765
v -801.778320 774.227173 -406.126526
v -798.814880 772.886047 -406.534943
v -739.482056 733.268372 -452.347961
v -740.303223 733.111755 -453.544617
v -741.185791 732.516541 -454.424774
v -764.523987 750.883179 -429.958984
v -763.646973 750.361572 -430.477966
v -765.089966 750.503479 -431.829834
v -765.630737 750.978699 -431.035461
v -734.400696 731.342041 -451.345795
v -736.123962 732.200134 -450.894073
v -735.764038 732.234924 -450.320618
v -734.356262 731.533936 -450.689575
v -764.644287 754.310791 -420.213165
v -768.651245 756.510254 -418.550415
v -767.006592 756.538696 -414.162109
v -762.879822 754.232971 -415.996063
v -755.209656 749.598145 -420.452789
v -760.440430 751.799072 -422.570343
v -758.225708 751.488098 -418.497803
v -770.515869 751.950378 -434.527496
v -772.275146 753.102356 -433.238251
v -771.406006 753.177490 -431.896851
v -769.731628 752.026917 -433.283020
v -771.323425 753.276428 -431.214752
v -769.348145 751.872620 -432.992310
v -774.547058 755.308289 -429.390167
v -772.104553 754.436584 -428.696838
v -775.604248 755.242676 -430.918152
v -768.594238 750.862305 -435.424805
v -767.753235 750.955139 -434.064484
v -764.449585 749.161987 -435.391602
v -766.706238 750.600586 -433.553589
v -762.292297 753.000244 -421.247711
v -760.312195 752.754028 -417.270081
v -779.807678 763.654480 -408.582153
v -781.732605 764.028748 -412.107666
v -787.509277 767.448914 -408.962585
v -785.180847 766.745483 -405.927704
v -802.171204 774.210999 -405.508148
v -785.356323 763.615417 -417.811554
v -786.613953 763.472168 -419.790344
v -792.831299 767.180237 -416.294342
v -791.510620 767.306946 -414.287201
v -796.176270 770.079590 -411.403137
v -795.412964 770.596008 -408.913757
v -790.190186 767.433716 -412.280457
v -803.184631 774.359192 -407.462708
v -802.777161 774.079102 -407.834808
v -803.315857 773.798523 -409.339783
v -803.871338 774.043152 -409.256714
v -791.633301 770.044861 -406.254517
v -789.001099 769.143188 -403.439972
v -792.529114 772.553345 -397.554962
v -795.314697 773.155762 -401.456116
v -796.350098 774.427185 -398.917084
v -792.969055 774.077820 -393.523041
v -788.828003 763.210632 -423.302460
v -795.009766 766.888794 -419.882050
v -793.967041 767.030579 -418.166992
v -787.763916 763.337341 -421.611572
v -798.671204 769.730408 -415.837280
v -798.055969 770.229858 -413.266907
v -799.625977 769.575134 -417.509277
v -799.029358 770.553162 -412.611938
v -797.398926 770.391663 -411.088043
v -771.480835 755.041321 -426.113983
v -779.438293 759.147461 -423.897217
v -778.211487 759.312378 -421.891052
v -794.016113 775.726013 -389.868195
v -794.024780 771.830933 -403.841827
v -791.369446 770.994202 -400.804138
v -804.499329 772.253845 -415.475708
v -806.054443 773.276428 -414.323273
v -805.130432 773.359985 -412.886932
v -803.665222 772.335571 -414.152405
v -804.713257 773.494507 -411.670441
v -802.985046 772.201660 -413.421021
v -807.001892 774.721130 -411.126099
v -805.270325 774.539062 -409.222473
v -807.974182 774.557495 -412.844849
v -802.599243 771.203735 -416.285950
v -801.736877 771.313965 -414.844818
v -800.548218 771.006714 -414.005249
v -774.860168 760.042542 -415.601074
v -773.173218 759.953369 -411.513611
v -766.615662 753.441406 -424.895050
v -766.564697 753.124451 -425.748474
v -770.558838 753.829529 -428.587952
v -769.588379 753.385620 -428.689514
v -781.681885 758.938477 -427.316559
v -780.611938 759.046936 -425.668091
v -800.888611 779.544678 -386.877228
v -805.711243 780.235229 -393.023560
v -810.434021 782.506958 -391.740906
v -805.323608 781.345581 -386.742523
v -784.099182 763.759216 -415.831848
v -776.985413 759.477783 -419.884430
v -812.139648 779.753357 -402.387726
v -813.412781 779.428528 -404.930573
v -817.629944 781.797119 -402.734497
v -816.520020 782.180847 -400.216034
v -820.135803 783.601135 -398.416748
v -819.140686 784.039429 -395.875702
v -815.409119 782.564209 -397.697723
v -804.507019 775.055603 -406.733124
v -809.227295 776.971130 -407.117065
v -807.803162 777.233582 -404.575409
v -814.305847 783.823547 -390.567566
v -808.628784 782.332214 -386.910095
v -796.808838 777.583801 -387.734680
v -814.245911 778.278748 -409.406311
v -817.899414 780.317993 -407.504028
v -817.979370 781.158508 -405.081146
v -813.970398 778.906921 -407.182251
v -821.349304 782.438904 -403.398254
v -821.130737 783.162598 -400.957489
v -820.997803 781.428406 -405.996765
v -810.778992 776.255005 -411.207153
v -810.094116 776.634949 -409.218231
v -733.520630 735.529663 -435.943024
v -730.700928 733.648682 -438.112946
v -810.867310 780.078613 -399.844482
v -823.401550 782.821899 -399.938049
v -822.425232 783.315063 -397.255585
v -769.619629 754.928833 -424.158142
v -795.970154 771.640625 -406.465698
v -797.698242 772.933533 -404.715149
v -800.135193 774.128418 -404.130890
v -762.402527 751.453552 -425.692169
v -764.378601 752.857788 -423.914215
v -767.020447 754.129822 -423.352905
v -821.449524 783.808777 -394.572662
v -816.399292 783.466858 -389.377411
v -729.026123 732.523132 -439.426910
v -721.369812 727.135193 -448.437256
v -723.315979 726.941589 -451.383423
v -713.431580 722.501953 -450.281982
v -712.562683 721.954834 -450.853119
v -727.381470 731.399353 -440.772217
v -724.576294 729.555420 -442.849060
v -750.239380 746.467041 -423.724243
v -744.158997 742.574402 -427.912659
v -738.229797 738.674805 -432.308075
v -809.152771 781.603455 -385.894165
v -809.851807 773.640015 -415.633026
v -812.134033 774.973450 -414.443848
v -811.397949 775.799133 -413.052612
v -808.879517 774.304993 -414.432922
v -814.377441 777.524658 -411.545868
v -814.684143 776.442017 -413.179169
v -817.228516 777.860657 -411.862305
v -817.471191 779.227783 -409.973450
v -820.045532 780.055054 -408.749115
v -819.090332 778.709839 -410.664581
v -777.583435 754.447937 -433.463226
v -783.741394 758.125061 -430.016846
v -782.692566 758.750916 -428.839783
v -776.564453 755.062866 -432.355804
v -789.846741 763.016174 -424.856049
v -790.893616 762.380859 -426.059082
v -801.584351 768.733948 -420.168030
v -804.422852 770.396484 -418.676849
v -803.475281 771.015686 -417.644409
v -800.582764 769.369934 -419.018646
v -805.347778 772.086731 -416.737732
v -806.279785 771.484741 -417.698944
v -807.963562 772.502625 -416.719513
v -806.975342 773.105957 -415.684601
v -797.048523 766.043823 -422.651245
v -796.013733 766.684204 -421.447876
v -770.387024 750.085388 -437.686584
v -769.451172 750.693726 -436.701660
v -771.319336 751.788269 -435.718811
v -772.221191 751.186646 -436.642395
v -774.083191 752.328552 -435.509766
v -773.136108 752.933838 -434.519989
v -738.511902 733.478333 -450.157318
v -738.648987 733.332825 -451.078003
v -741.383362 735.186218 -448.904175
v -737.031982 732.230469 -452.389954
v -736.785583 732.179260 -451.928284
v -720.031067 726.660828 -445.934296
v -720.953308 722.248413 -462.585083
v -727.346191 726.472168 -457.782623
v -720.110474 721.689209 -463.224640
v -734.366577 730.958923 -452.609528
v -735.094238 731.165955 -453.199890
v -731.956116 729.393738 -454.669800
v -731.903687 730.144653 -452.018585
v -746.496521 738.318420 -445.831848
v -752.910461 742.177490 -442.160706
v -759.244812 746.045044 -438.355286
v -779.309021 762.449890 -406.742920
v -772.803528 758.862488 -409.492035
v -766.615417 755.465271 -412.061462
v -800.125977 778.278076 -384.898773
v -795.844788 776.266357 -385.660431
v -792.874451 774.310547 -387.869232
v -819.815369 777.631226 -410.945496
v -732.918945 734.281372 -434.107666
v -730.135681 732.383423 -436.373749
v -728.486816 731.245728 -437.755646
v -791.778625 772.569702 -391.742218
v -791.332764 770.960510 -396.021057
v -822.978638 780.858337 -405.307892
v -823.524353 782.005798 -402.537567
v -821.645691 779.292480 -408.326996
v -790.130798 769.333069 -399.422821
v -787.840027 767.517334 -402.048401
v -754.606201 748.434326 -418.361969
v -749.612610 745.285950 -421.656250
v -743.525879 741.370422 -425.905609
v -730.056458 729.954468 -450.313324
v -762.432190 753.131042 -413.911407
v -759.804626 751.616516 -415.218658
v -713.151062 721.286072 -448.792572
v -712.340576 720.825073 -449.414520
v -784.340759 765.315796 -404.342987
v -737.604431 737.447449 -430.380890
v -804.773499 780.121094 -385.057556
v -757.663147 750.333191 -416.430817
v -726.843689 730.115967 -439.120972
v -724.059326 728.275513 -441.212799
v -719.592773 725.395630 -444.350952
v -723.221191 719.651428 -466.338501
v -734.216553 732.416443 -447.837769
v -732.649597 732.606873 -445.368378
v -731.659302 731.856018 -446.401245
v -732.731750 731.516541 -448.718140
v -731.809204 730.969299 -449.246307
v -732.909180 731.070984 -450.296204
v -736.603516 733.872192 -446.442780
v -735.504333 733.770935 -445.392395
v -734.056519 733.307434 -444.999481
v -735.690979 733.316406 -446.963959
v -736.753662 732.985413 -449.288239
v -766.818970 752.260681 -428.609375
v -768.315430 753.177795 -427.714661
v -767.053162 751.420898 -431.461090
v -765.312256 751.351257 -429.494965
v -765.207336 752.453735 -426.088715
v -764.279236 751.734436 -427.103363
v -800.549500 772.679810 -409.249603
v -802.187744 772.504028 -411.832916
v -803.100098 773.221924 -410.803253
v -801.958984 773.561951 -408.351501
v -799.373108 771.400574 -411.677002
v -800.823486 771.837402 -412.152771
v -799.079285 771.810547 -410.058472
v -797.902527 772.168091 -407.564514
v -731.351807 731.256653 -447.820526
v -730.702332 731.000793 -447.813538
v -731.270996 730.649841 -449.567047
v -732.281128 732.653381 -444.800781
v -731.072388 731.734314 -446.068878
v -737.332642 733.119080 -449.625885
v -803.003418 772.171570 -412.651581
v -802.591858 772.502869 -412.301575
v -800.968689 771.691467 -412.736603
v -801.080444 771.204529 -413.184296
v -799.219238 771.146729 -412.216003
v -737.135010 734.203979 -446.127655
v -735.780884 734.078918 -444.834808
v -764.764099 752.512512 -425.401306
v -766.992859 751.122192 -432.317780
v -763.459106 751.521667 -426.766205
v -736.083496 734.132141 -444.271393
v -737.664917 734.285767 -445.758606
v -737.702698 733.852600 -447.881256
v -737.060974 733.584778 -447.868500
v -796.626587 770.763611 -409.020905
v -797.342834 772.010071 -407.314362
v -796.918823 771.569214 -406.963898
v -734.004578 733.511414 -444.349426
v -804.281799 773.194946 -411.156250
v -803.654480 773.363770 -411.027802
v -804.574280 774.000549 -409.099609
v -763.049744 750.734070 -428.624756
v -764.029236 751.159790 -428.519653
v -732.030212 732.470520 -444.263458
v -734.021667 733.468018 -443.724121
v -738.340393 733.886658 -447.788025
v -730.910278 730.164856 -449.801239
v -730.233887 730.563538 -447.772308
v -737.930420 733.042786 -449.814606
v -736.543945 731.979614 -451.296356
v -730.644714 731.407776 -445.745209
v -764.960571 750.037354 -432.244629
v -763.286804 749.869507 -430.686340
v -734.553467 730.982605 -451.835724
v -732.490723 730.318054 -451.288483
v -732.624084 730.774475 -450.860016
v -762.579651 750.292053 -428.547729
v -763.030518 751.192993 -426.399963
v -764.517639 752.330200 -424.820099
v -769.279541 751.820862 -432.213928
v -767.154541 750.752075 -432.802948
v -770.510315 754.281555 -426.347626
v -771.217468 753.859070 -428.486359
v -766.642273 753.399048 -424.230682
v -768.835815 754.113281 -424.789856
v -770.766296 752.958069 -430.633636
v -803.801636 774.372498 -407.032043
v -628.901855 673.835876 -492.326355
v -642.385193 671.668030 -512.847961
v -678.109802 692.576904 -492.535919
v -663.388794 695.336853 -470.534119
v -678.898071 690.656982 -491.895935
v -679.686340 688.737061 -491.256042
v -717.810425 711.258240 -468.608704
v -716.760498 713.715088 -469.358124
v -665.909119 689.198608 -468.488007
v -644.301636 667.000549 -511.292175
v -631.372498 667.818420 -490.320679
v -616.458862 672.373413 -469.835480
v -649.928101 693.931885 -446.385071
v -650.633118 693.310425 -446.936798
v -617.212830 671.633423 -470.348114
v -643.343445 669.334229 -512.070129
v -534.406921 608.131287 -561.497009
v -546.110596 613.810120 -558.876770
v -566.240479 624.505615 -551.585144
v -565.442322 626.449707 -552.233093
v -551.440857 626.178650 -528.335449
v -552.128845 625.599060 -528.901489
v -539.145020 614.597473 -547.934204
v -616.648987 673.006775 -470.805786
v -574.618713 644.469360 -504.524231
v -584.561523 645.529175 -522.384583
v -575.156006 643.160522 -504.087982
v -574.415405 643.868286 -503.564697
v -643.343445 669.334229 -512.070129
v -595.609985 643.895996 -539.347229
v -596.653564 641.354370 -538.500122
v -597.697205 638.812744 -537.652893
v -586.979431 639.640137 -520.421631
v -551.696716 626.651489 -529.252319
v -558.865723 627.766968 -542.490356
v -567.038696 622.561584 -550.937134
v -560.956299 622.675232 -540.793152
v -715.796936 716.162292 -470.243256
v -701.725098 717.993530 -447.415131
v -687.088745 715.511230 -424.635345
v -703.738525 713.089539 -445.780548
v -649.928101 693.931885 -446.385071
v -650.166565 694.446716 -447.315582
v -686.493286 716.961609 -425.118713
v -686.319031 716.289734 -424.135590
v -539.145020 614.597473 -547.934204
v -534.406921 608.131287 -561.497009
v -534.406921 608.131287 -561.497009
v -686.319031 716.289734 -424.135590
v -596.653564 641.354370 -538.500122
v -566.240479 624.505615 -551.585144
v -574.415405 643.868286 -503.564697
v -551.440857 626.178650 -528.335449
v -616.458862 672.373413 -469.835480
v -546.110596 613.810120 -558.876770
v -534.406921 608.131287 -561.497009
v -678.898071 690.656982 -491.895935
v -716.760498 713.715088 -469.358124
v -721.620850 711.286987 -465.947998
v -725.638428 713.836304 -463.589691
v -725.752808 714.401306 -464.416412
v -721.723267 711.874023 -466.792145
v -725.638428 713.836304 -463.589691
v -724.889832 716.130188 -463.990601
v -725.624084 716.049744 -465.274231
v -725.752808 714.401306 -464.416412
v -714.702087 714.426270 -448.007111
v -713.399414 716.973145 -447.261658
v -714.390625 717.250366 -447.651031
v -715.707275 714.714783 -448.379761
v -715.866333 708.907104 -465.999420
v -720.156738 711.406372 -463.431946
v -717.280457 708.752991 -468.544800
v -691.507874 711.643005 -427.786346
v -690.210388 710.955688 -428.591156
v -687.366272 711.585083 -425.580292
v -688.679138 712.366394 -424.610565
v -693.714966 710.826477 -432.954620
v -693.317749 711.399109 -433.226654
v -689.862183 711.502075 -428.903778
v -690.210388 710.955688 -428.591156
v -687.619446 711.820618 -426.359436
v -687.366272 711.585083 -425.580292
v -717.422302 714.659424 -450.658356
v -713.728271 712.278076 -452.898071
v -712.152527 712.413818 -450.549988
v -715.707275 714.714783 -448.379761
v -704.135315 711.187378 -444.353546
v -702.672546 710.413086 -445.228943
v -700.225159 710.563477 -441.762878
v -701.510803 711.230164 -440.992493
v -704.464600 710.295288 -447.789825
v -704.026062 710.835571 -448.107849
v -702.261475 710.970093 -445.530731
v -702.672546 710.413086 -445.228943
v -699.832764 711.131958 -442.053589
v -700.225159 710.563477 -441.762878
v -694.946106 711.458984 -432.219452
v -693.714966 710.826477 -432.954620
v -707.732300 711.382202 -448.200165
v -705.648621 710.230164 -449.443573
v -704.464600 710.295288 -447.789825
v -706.196960 711.233582 -446.754608
v -706.488403 710.203918 -450.556610
v -705.966431 710.693542 -450.924133
v -705.174316 710.748718 -449.782867
v -705.648621 710.230164 -449.443573
v -710.339722 711.976013 -449.630280
v -707.222717 710.195618 -451.486389
v -706.488403 710.203918 -450.556610
v -709.034424 711.637085 -449.039124
v -707.784668 710.195435 -452.178955
v -707.154663 710.619385 -452.610504
v -706.643372 710.650391 -451.887787
v -707.222717 710.195618 -451.486389
v -698.382812 711.337830 -436.816345
v -697.169922 710.715637 -437.543060
v -696.783569 711.288635 -437.827271
v -697.169922 710.715637 -437.543060
v -711.401917 712.280151 -450.026398
v -707.784668 710.195435 -452.178955
v -708.429932 715.215393 -446.413757
v -709.598511 712.653564 -447.038757
v -707.736816 712.304016 -445.794098
v -706.627502 714.843506 -445.309021
v -705.430847 712.104004 -443.553680
v -704.479309 714.612854 -443.355103
v -701.880493 714.524292 -440.419434
v -701.068420 716.854248 -440.575104
v -703.479736 716.963989 -443.216309
v -705.459839 717.213684 -444.906250
v -702.647644 712.044373 -440.304138
v -699.455261 712.108826 -436.178131
v -698.809631 714.570251 -436.498810
v -695.420715 714.689148 -431.967590
v -694.758057 716.992615 -432.387024
v -698.118530 716.884888 -436.849548
v -717.422302 714.659424 -450.658356
v -715.765930 717.288208 -449.231628
v -719.938110 716.786438 -455.876221
v -720.785278 714.312012 -455.843323
v -696.035828 712.239319 -431.574860
v -692.695618 712.467590 -427.116760
v -692.050720 714.824890 -427.455139
v -688.671021 717.176453 -424.337219
v -691.310059 717.103149 -427.808075
v -713.172852 713.837219 -447.890717
v -711.983765 716.430359 -447.146423
v -710.159485 715.751709 -446.935303
v -708.878723 718.128723 -446.372528
v -710.839050 718.779053 -446.836060
v -711.978027 719.224792 -446.901703
v -711.334351 713.173035 -447.618286
v -707.184570 717.594360 -445.888916
v -715.213013 709.278870 -466.558594
v -716.644653 709.100586 -469.099762
v -716.038940 710.520630 -469.917542
v -714.563782 710.752197 -467.359711
v -716.880005 709.387085 -469.704254
v -716.580322 710.556946 -470.613159
v -715.765930 712.599426 -471.444916
v -715.336121 712.582458 -470.966248
v -713.826599 712.831543 -468.359650
v -704.474487 712.283142 -450.338745
v -703.335938 712.375854 -448.658051
v -705.253967 712.220154 -451.487488
v -704.373108 714.336182 -452.200409
v -703.595154 714.399963 -451.050781
v -702.458069 714.493530 -449.369171
v -701.578796 712.514771 -446.076416
v -699.154602 712.679382 -442.596649
v -700.701721 714.633118 -446.787170
v -698.278198 714.798035 -443.306946
v -696.104736 712.837769 -438.364471
v -692.616455 712.950256 -433.730164
v -695.224915 714.957458 -439.067780
v -691.707825 715.073120 -434.388245
v -689.076416 713.006409 -429.247131
v -686.479614 713.066772 -426.004791
v -688.087097 715.124329 -429.774689
v -685.358887 715.157837 -426.313599
v -707.607605 710.570862 -453.313965
v -706.860291 712.074097 -453.904755
v -706.412476 712.127930 -453.191498
v -709.032654 710.336182 -455.773499
v -708.301758 711.833313 -456.402740
v -707.444519 713.939087 -457.175385
v -705.977722 714.185913 -454.627808
v -705.527161 714.241150 -453.907135
v -702.647644 712.044373 -440.304138
v -699.455261 712.108826 -436.178131
v -686.925293 714.021545 -423.505798
v -688.478882 714.888794 -422.863525
v -690.063904 713.225830 -423.980560
v -687.489075 717.153320 -422.950745
v -721.400146 713.383484 -467.886627
v -725.624084 716.049744 -465.274231
v -724.810547 718.086182 -466.125275
v -720.579529 715.470642 -468.760254
v -685.820435 716.238037 -423.641357
v -687.489075 717.153320 -422.950745
v -723.527161 716.311523 -461.722321
v -724.118958 713.930359 -461.094849
v -724.175293 718.196655 -465.011200
v -724.810547 718.086182 -466.125275
v -712.113647 709.810181 -461.146515
v -711.423523 711.295654 -461.861023
v -710.626160 713.388245 -462.747009
v -716.946106 711.852600 -458.138550
v -720.785278 714.312012 -455.843323
v -724.118958 713.930359 -461.094849
v -712.774231 709.427368 -460.629547
v -717.071106 710.775452 -470.424347
v -716.256958 712.857483 -471.275635
v -709.696899 709.940613 -455.299011
v -717.384033 709.314941 -469.367249
v -685.569214 713.118774 -424.589417
v -696.035828 712.239319 -431.574860
v -713.172852 713.837219 -447.890717
v -714.702087 714.426270 -448.007111
v -711.334351 713.173035 -447.618286
v -709.598511 712.653564 -447.038757
v -707.736816 712.304016 -445.794098
v -705.430847 712.104004 -443.553680
v -692.695618 712.467590 -427.116760
v -684.373474 715.257874 -424.799286
v -715.866333 708.907104 -465.999420
v -717.280457 708.752991 -468.544800
v -717.384033 709.314941 -469.367249
v -685.569214 713.118774 -424.589417
v -684.373474 715.257874 -424.799286
v -717.071106 710.775452 -470.424347
v -716.256958 712.857483 -471.275635
v -709.696899 709.940613 -455.299011
v -712.774231 709.427368 -460.629547
v -708.264526 710.164307 -452.863647
v -705.915344 712.167480 -452.460449
v -705.032227 714.282043 -453.174774
v -713.111389 719.582703 -447.224426
v -714.440491 719.600464 -448.808075
v -708.264526 710.164307 -452.863647
v -718.060364 719.958801 -468.838440
v -718.692993 719.254333 -469.252075
v -722.774536 721.655151 -466.834320
v -722.150818 722.330444 -466.420990
v -722.150818 722.330444 -466.420990
v -722.774536 721.655151 -466.834320
v -723.920898 720.197754 -466.656799
v -723.157227 720.349976 -465.397156
v -711.141479 723.098083 -450.897552
v -712.146667 723.386597 -451.270203
v -712.648254 721.494019 -449.065582
v -711.656921 721.216858 -448.676117
v -712.305725 717.578918 -468.889984
v -713.792847 717.247131 -471.376038
v -716.520386 720.262756 -466.383942
v -687.947327 720.314819 -430.676758
v -685.648865 719.746704 -427.070557
v -684.387878 718.838867 -427.998199
v -686.722839 719.449829 -431.422394
v -690.154358 719.498291 -435.845184
v -686.722839 719.449829 -431.422394
v -686.883850 718.755981 -431.321594
v -690.287537 718.779358 -435.686615
v -684.387878 718.838867 -427.998199
v -684.892212 718.462891 -428.573395
v -713.861694 723.331238 -453.548828
v -712.146667 723.386597 -451.270203
v -708.516235 721.270081 -453.501984
v -710.091919 721.134460 -455.850098
v -700.499023 720.043762 -447.305542
v -697.874573 720.086487 -443.944427
v -696.664673 719.235352 -444.653351
v -699.112000 719.084900 -448.119446
v -700.904114 718.967163 -450.680267
v -699.112000 719.084900 -448.119446
v -699.231201 718.350342 -447.990723
v -700.995728 718.215881 -450.567902
v -696.664673 719.235352 -444.653351
v -696.802490 718.512207 -444.513550
v -691.309692 720.315308 -435.171387
v -690.154358 719.498291 -435.845184
v -704.096008 720.238525 -451.152130
v -702.560669 720.089905 -449.706573
v -700.904114 718.967163 -450.680267
v -702.088135 718.902039 -452.334137
v -702.927856 718.875854 -453.447174
v -702.088135 718.902039 -452.334137
v -702.143982 718.129028 -452.242859
v -702.936096 718.073853 -453.384155
v -706.703369 720.832336 -452.582306
v -705.398071 720.493408 -451.991089
v -702.927856 718.875854 -453.447174
v -703.662170 718.867432 -454.376831
v -704.223999 718.867310 -455.069458
v -703.662170 718.867432 -454.376831
v -703.613098 718.030640 -454.347839
v -704.124451 717.999634 -455.070465
v -694.746521 720.194153 -439.768250
v -693.609375 719.387451 -440.433502
v -693.609375 719.387451 -440.433502
v -693.753357 718.668945 -440.287262
v -707.765625 721.136475 -452.978424
v -704.223999 718.867310 -455.069458
v -706.687439 719.459045 -447.828308
v -704.885071 719.087219 -446.723572
v -704.176208 720.975891 -448.684540
v -706.038025 721.325378 -449.929199
v -702.736938 718.856506 -444.769653
v -701.870239 720.775818 -446.444122
v -700.138062 718.768066 -441.833984
v -699.087158 720.716187 -443.194641
v -697.067139 718.813904 -437.913361
v -695.894653 720.780701 -439.068634
v -693.678345 718.932861 -433.382080
v -713.861694 723.331238 -453.548828
v -717.224731 722.983887 -458.733704
v -718.195679 721.030212 -457.290771
v -714.023499 721.531860 -450.646179
v -692.475281 720.911133 -434.465332
v -690.318176 719.044617 -428.861664
v -689.208069 720.961609 -429.948029
v -710.241394 720.673889 -448.560944
v -709.612244 722.509094 -450.781128
v -708.417053 719.995300 -448.349731
v -707.773682 721.844910 -450.508850
v -712.182739 716.659180 -469.018494
v -712.821411 714.995911 -468.774231
v -714.306396 714.740356 -471.324066
v -713.666260 716.354370 -471.517609
v -714.877258 714.705017 -471.995697
v -714.152832 716.029297 -471.918274
v -701.593506 716.619507 -450.072540
v -702.732117 716.526794 -451.753235
v -703.511597 716.463928 -452.901978
v -697.412170 716.923035 -444.011139
v -699.836426 716.758545 -447.490936
v -690.874023 717.193909 -435.144653
v -694.362366 717.081543 -439.778992
v -684.776489 717.214783 -427.387390
v -687.343933 717.226135 -430.653656
v -704.670105 716.371582 -454.605988
v -705.117920 716.317749 -455.319244
v -704.577332 717.951172 -455.773865
v -706.559387 716.076965 -457.817291
v -706.002441 717.716553 -458.233459
v -699.087158 720.716187 -443.194641
v -695.894653 720.780701 -439.068634
v -687.085571 720.479736 -426.398468
v -686.746277 719.108521 -424.270020
v -685.182983 718.265198 -424.920258
v -719.657715 717.627319 -469.301025
v -723.920898 720.197754 -466.656799
v -687.489075 717.153320 -422.950745
v -685.820435 716.238037 -423.641357
v -720.558411 722.602173 -463.985352
v -721.784790 720.555115 -463.136871
v -709.681030 715.539368 -463.275421
v -709.083313 717.190491 -463.606628
v -713.309875 720.708923 -461.090576
v -720.558411 722.602173 -463.985352
v -717.224731 722.983887 -458.733704
v -709.213623 718.099243 -463.520050
v -715.338501 714.995239 -471.830841
v -706.136292 718.612427 -458.189514
v -714.405701 716.568787 -471.785126
v -683.836670 717.338623 -425.995972
v -692.475281 720.911133 -434.465332
v -711.141479 723.098083 -450.897552
v -709.612244 722.509094 -450.781128
v -707.773682 721.844910 -450.508850
v -706.038025 721.325378 -449.929199
v -704.176208 720.975891 -448.684540
v -701.870239 720.775818 -446.444122
v -689.208069 720.961609 -429.948029
v -684.373474 715.257874 -424.799286
v -713.792847 717.247131 -471.376038
v -712.305725 717.578918 -468.889984
v -714.405701 716.568787 -471.785126
v -683.836670 717.338623 -425.995972
v -715.338501 714.995239 -471.830841
v -709.213623 718.099243 -463.520050
v -706.136292 718.612427 -458.189514
v -704.703918 718.836121 -455.754089
v -704.172974 716.411194 -453.874939
v -704.703918 718.836121 -455.754089
vn 0.2728 0.9224 -0.2735
vn 0.2601 0.9003 -0.3489
vn 0.2630 0.9222 -0.2836
vn -0.4088 -0.8587 0.3092
vn -0.3869 -0.8328 0.3959
vn -0.4180 -0.8579 0.2987
vn -0.4201 -0.8772 0.2326
vn -0.4087 -0.8587 0.3092
vn -0.4179 -0.8579 0.2989
vn 0.2909 0.9389 -0.1838
vn 0.2727 0.9224 -0.2735
vn 0.2631 0.9222 -0.2836
vn 0.9816 -0.1801 -0.0627
vn 0.9802 -0.1977 -0.0099
vn 0.9789 -0.1997 -0.0425
vn 0.8498 -0.5248 0.0502
vn 0.8645 -0.4996 0.0552
vn 0.8699 -0.4859 0.0842
vn 0.3361 0.8871 -0.3164
vn 0.3369 0.8872 -0.3152
vn 0.2852 0.8177 -0.5001
vn 0.3362 0.8871 -0.3162
vn 0.2851 0.8175 -0.5003
vn 0.2802 0.8147 -0.5077
vn 0.3368 0.8872 -0.3153
vn 0.3368 0.8878 -0.3135
vn 0.2848 0.8217 -0.4936
vn 0.3369 0.8872 -0.3153
vn 0.2849 0.8218 -0.4934
vn 0.2851 0.8176 -0.5003
vn 0.2851 0.8175 -0.5005
vn 0.2847 0.8217 -0.4937
vn 0.1420 0.5796 -0.8024
vn 0.2851 0.8175 -0.5004
vn 0.1421 0.5797 -0.8024
vn 0.1385 0.5684 -0.8110
vn 0.2800 0.8145 -0.5081
vn 0.2850 0.8175 -0.5005
vn 0.1385 0.5685 -0.8110
vn 0.2800 0.8145 -0.5082
vn 0.1269 0.5563 -0.8212
vn 0.3364 0.8877 -0.3144
vn 0.3357 0.8874 -0.3159
vn 0.2780 0.8158 -0.5071
vn 0.3365 0.8877 -0.3143
vn 0.2780 0.8159 -0.5070
vn 0.2816 0.8154 -0.5057
vn 0.3357 0.8875 -0.3158
vn 0.2802 0.8146 -0.5078
vn 0.2801 0.8145 -0.5081
vn 0.2780 0.8159 -0.5071
vn 0.2779 0.8158 -0.5073
vn 0.2799 0.8145 -0.5082
vn 0.1271 0.5564 -0.8211
vn 0.2780 0.8158 -0.5072
vn 0.1272 0.5564 -0.8211
vn 0.1212 0.5537 -0.8238
vn 0.2815 0.8152 -0.5062
vn 0.1210 0.5536 -0.8239
vn 0.2817 0.8152 -0.5060
vn 0.1212 0.5535 -0.8240
vn 0.1237 0.5495 -0.8263
vn 0.3536 0.9057 -0.2337
vn 0.4076 0.8345 -0.3709
vn 0.3456 0.8906 -0.2955
vn 0.3536 0.9057 -0.2338
vn 0.3457 0.8906 -0.2955
vn 0.3536 0.9070 -0.2286
vn 0.3498 0.9107 -0.2197
vn 0.3363 0.8944 -0.2950
vn 0.2234 0.9119 -0.3442
vn 0.3498 0.9107 -0.2198
vn 0.2235 0.9119 -0.3442
vn 0.3487 0.9116 -0.2179
vn 0.2939 0.8306 -0.4730
vn 0.3776 0.8128 -0.4436
vn 0.3519 0.9124 -0.2090
vn 0.2938 0.8307 -0.4729
vn 0.3519 0.9124 -0.2091
vn 0.3498 0.9142 -0.2046
vn 0.3536 0.9070 -0.2287
vn 0.3416 0.8931 -0.2927
vn 0.3536 0.9070 -0.2285
vn 0.3415 0.8931 -0.2927
vn 0.3520 0.9090 -0.2230
vn 0.4402 0.8410 -0.3146
vn 0.4562 0.8561 -0.2429
vn 0.3474 0.8926 -0.2875
vn 0.4402 0.8410 -0.3145
vn 0.3475 0.8907 -0.2930
vn 0.3357 0.8958 -0.2914
vn 0.3381 0.8968 -0.2855
vn 0.2524 0.9462 -0.2025
vn 0.3356 0.8958 -0.2914
vn 0.2523 0.9462 -0.2025
vn 0.2316 0.9325 -0.2771
vn 0.3346 0.8962 -0.2914
vn 0.3341 0.8949 -0.2958
vn 0.3331 0.8953 -0.2959
vn 0.3345 0.8962 -0.2914
vn 0.3334 0.8967 -0.2912
vn 0.3419 0.8934 -0.2914
vn 0.3475 0.8907 -0.2931
vn 0.3417 0.8932 -0.2922
vn 0.3362 0.8869 -0.3169
vn 0.2758 0.8045 -0.5260
vn 0.2757 0.8115 -0.5153
vn 0.3361 0.8869 -0.3170
vn 0.3361 0.8877 -0.3147
vn 0.2755 0.8045 -0.5262
vn 0.1180 0.5250 -0.8429
vn 0.1204 0.5320 -0.8382
vn 0.2755 0.8044 -0.5264
vn 0.1204 0.5319 -0.8382
vn 0.2755 0.8113 -0.5156
vn 0.2755 0.8113 -0.5157
vn 0.1205 0.5318 -0.8382
vn 0.1329 0.5292 -0.8380
vn 0.2756 0.8113 -0.5157
vn 0.1329 0.5293 -0.8380
vn 0.2849 0.8122 -0.5092
vn 0.3361 0.8876 -0.3148
vn 0.2758 0.8114 -0.5153
vn 0.2849 0.8122 -0.5090
vn 0.2850 0.8123 -0.5088
vn 0.3372 0.8871 -0.3151
vn 0.3443 0.8960 -0.2804
vn 0.3436 0.8952 -0.2838
vn 0.3396 0.8965 -0.2845
vn 0.3444 0.8960 -0.2804
vn 0.3395 0.8966 -0.2845
vn 0.3386 0.8976 -0.2822
vn 0.2882 0.8052 -0.5183
vn 0.1308 0.5031 -0.8543
vn 0.1188 0.4654 -0.8771
vn 0.2883 0.8050 -0.5184
vn 0.1185 0.4657 -0.8770
vn 0.2851 0.7951 -0.5353
vn 0.3520 0.9123 -0.2091
vn 0.3776 0.8127 -0.4438
vn 0.4268 0.8244 -0.3717
vn 0.4268 0.8244 -0.3718
vn 0.3583 0.9121 -0.1993
vn 0.3484 0.8904 -0.2929
vn 0.3478 0.8927 -0.2865
vn 0.3421 0.8932 -0.2918
vn 0.3423 0.8930 -0.2923
vn 0.3375 0.8859 -0.3182
vn 0.2884 0.8052 -0.5182
vn 0.2851 0.7952 -0.5352
vn 0.3369 0.8848 -0.3218
vn 0.2850 0.7951 -0.5353
vn 0.1190 0.4653 -0.8771
vn 0.1112 0.4431 -0.8895
vn 0.2849 0.7951 -0.5354
vn 0.1110 0.4431 -0.8895
vn 0.2815 0.7878 -0.5479
vn 0.3370 0.8849 -0.3216
vn 0.2852 0.7951 -0.5352
vn 0.2815 0.7879 -0.5477
vn 0.2814 0.7879 -0.5477
vn 0.3366 0.8841 -0.3242
vn 0.3421 0.8930 -0.2923
vn 0.3422 0.8932 -0.2918
vn 0.3420 0.8931 -0.2922
vn 0.3424 0.8929 -0.2923
vn 0.3418 0.8932 -0.2922
vn 0.3419 0.8932 -0.2922
vn 0.3266 0.8992 -0.2910
vn 0.3299 0.9004 -0.2835
vn 0.3369 0.8963 -0.2884
vn 0.3266 0.8993 -0.2910
vn 0.3368 0.8963 -0.2884
vn 0.3350 0.8960 -0.2914
vn 0.3660 0.9169 -0.1590
vn 0.3420 0.8930 -0.2925
vn 0.3661 0.9169 -0.1590
vn 0.3679 0.9181 -0.1473
vn 0.2235 0.9119 -0.3441
vn 0.2337 0.8762 -0.4215
vn 0.3496 0.9119 -0.2148
vn 0.3496 0.9120 -0.2148
vn 0.3496 0.9120 -0.2146
vn 0.2336 0.8762 -0.4215
vn 0.2938 0.8306 -0.4730
vn 0.3496 0.9120 -0.2147
vn 0.2939 0.8307 -0.4728
vn 0.3498 0.9142 -0.2047
vn 0.3320 0.9105 -0.2465
vn 0.3526 0.9015 -0.2509
vn 0.3346 0.8955 -0.2933
vn 0.3321 0.9105 -0.2466
vn 0.2365 0.9134 -0.3314
vn 0.3872 0.8944 0.2238
vn 0.6066 0.7850 0.1261
vn 0.6019 0.7877 0.1309
vn 0.3871 0.8945 0.2236
vn 0.6018 0.7878 0.1309
vn 0.3906 0.8930 0.2234
vn 0.3517 0.8934 -0.2796
vn 0.3563 0.8897 -0.2855
vn 0.3481 0.8915 -0.2899
vn 0.3517 0.8934 -0.2795
vn 0.3481 0.8915 -0.2898
vn 0.3470 0.8931 -0.2863
vn 0.3445 0.8970 -0.2770
vn 0.3469 0.8931 -0.2864
vn 0.3445 0.8970 -0.2769
vn 0.3435 0.8950 -0.2846
vn 0.2816 0.8154 -0.5058
vn 0.2838 0.8085 -0.5156
vn 0.2837 0.8086 -0.5155
vn 0.3374 0.8872 -0.3146
vn 0.2817 0.8153 -0.5060
vn 0.1237 0.5493 -0.8264
vn 0.1254 0.5338 -0.8363
vn 0.2817 0.8151 -0.5062
vn 0.1253 0.5339 -0.8362
vn 0.2835 0.8085 -0.5157
vn 0.2837 0.8085 -0.5156
vn 0.1255 0.5339 -0.8362
vn 0.1179 0.5250 -0.8429
vn 0.2836 0.8084 -0.5159
vn 0.1177 0.5252 -0.8428
vn 0.2756 0.8044 -0.5263
vn 0.3375 0.8872 -0.3145
vn 0.2840 0.8085 -0.5155
vn 0.2757 0.8046 -0.5259
vn 0.3372 0.8872 -0.3148
vn 0.2756 0.8045 -0.5262
vn 0.3360 0.8869 -0.3170
vn 0.3489 0.8902 -0.2930
vn 0.3494 0.8914 -0.2887
vn 0.3505 0.8910 -0.2885
vn 0.3489 0.8901 -0.2931
vn 0.3504 0.8910 -0.2885
vn 0.3501 0.8897 -0.2932
vn 0.3487 0.8933 -0.2836
vn 0.3467 0.8933 -0.2861
vn 0.3434 0.8949 -0.2849
vn 0.3487 0.8933 -0.2835
vn 0.3434 0.8950 -0.2849
vn 0.3440 0.8958 -0.2816
vn 0.3579 0.9042 -0.2332
vn 0.4269 0.8997 0.0908
vn 0.4351 0.8959 0.0902
vn 0.3579 0.9041 -0.2334
vn 0.4351 0.8959 0.0901
vn 0.3588 0.9046 -0.2301
vn 0.3812 0.9208 0.0819
vn 0.3894 0.9167 0.0897
vn 0.3527 0.9060 -0.2341
vn 0.3814 0.9208 0.0818
vn 0.3363 0.8871 -0.3161
vn 0.3537 0.9088 -0.2214
vn 0.3435 0.9112 -0.2276
vn 0.3364 0.8871 -0.3162
vn 0.3434 0.9112 -0.2275
vn 0.3377 0.8875 -0.3136
vn 0.3536 0.9088 -0.2216
vn 0.3988 0.9143 -0.0711
vn 0.3123 0.9413 -0.1281
vn 0.3536 0.9088 -0.2213
vn 0.3123 0.9413 -0.1280
vn 0.3123 0.9413 -0.1279
vn 0.2749 0.9385 -0.2091
vn 0.3434 0.9112 -0.2277
vn 0.2750 0.9385 -0.2090
vn 0.3405 0.8993 -0.2746
vn 0.3377 0.8874 -0.3137
vn 0.3405 0.8993 -0.2745
vn 0.3372 0.8879 -0.3128
vn 0.3515 0.8945 -0.2763
vn 0.3682 0.8997 -0.2345
vn 0.3361 0.8880 -0.3138
vn 0.4561 0.8561 -0.2430
vn 0.4518 0.8785 -0.1552
vn 0.3514 0.8944 -0.2766
vn 0.4515 0.8786 -0.1556
vn 0.3682 0.8997 -0.2346
vn 0.3682 0.8997 -0.2344
vn 0.4517 0.8785 -0.1553
vn 0.3989 0.9143 -0.0710
vn 0.3680 0.8998 -0.2344
vn 0.3990 0.9142 -0.0709
vn 0.3536 0.9088 -0.2215
vn 0.3360 0.8880 -0.3138
vn 0.3362 0.8880 -0.3138
vn 0.3364 0.8871 -0.3161
vn 0.3527 0.9060 -0.2342
vn 0.3893 0.9167 0.0897
vn 0.4087 0.9078 0.0948
vn 0.3526 0.9060 -0.2343
vn 0.4088 0.9077 0.0948
vn 0.3561 0.9058 -0.2295
vn 0.4299 0.8949 0.1199
vn 0.4008 0.9074 0.1262
vn 0.3596 0.9084 -0.2135
vn 0.4300 0.8949 0.1198
vn 0.3596 0.9084 -0.2134
vn 0.3627 0.9070 -0.2141
vn 0.6067 0.7848 0.1263
vn 0.7188 0.6911 -0.0752
vn 0.7174 0.6932 -0.0693
vn 0.6064 0.7850 0.1264
vn 0.7171 0.6935 -0.0695
vn 0.6018 0.7878 0.1312
vn 0.3418 0.8932 -0.2923
vn 0.3488 0.8902 -0.2931
vn 0.3487 0.8921 -0.2874
vn 0.3420 0.8934 -0.2914
vn 0.3487 0.8902 -0.2931
vn 0.3465 0.8900 -0.2963
vn 0.4043 0.8440 -0.3524
vn 0.4044 0.8440 -0.3524
vn 0.4272 0.8510 -0.3054
vn 0.3567 0.8870 -0.2932
vn 0.3533 0.8859 -0.3007
vn 0.3465 0.8901 -0.2961
vn 0.3569 0.8869 -0.2933
vn 0.3485 0.8903 -0.2932
vn 0.3362 0.9366 0.0988
vn 0.3362 0.9366 0.0990
vn 0.3489 0.9100 -0.2239
vn 0.1593 0.9871 0.0128
vn 0.1406 0.9900 0.0114
vn 0.3099 0.9199 -0.2402
vn 0.3136 0.9189 -0.2393
vn 0.3367 0.8880 -0.3132
vn 0.3421 0.8934 -0.2913
vn 0.3454 0.8936 -0.2867
vn 0.3365 0.8880 -0.3133
vn 0.3454 0.8936 -0.2866
vn 0.3366 0.8882 -0.3126
vn 0.3420 0.8934 -0.2912
vn 0.3455 0.8936 -0.2866
vn 0.4408 0.8629 -0.2471
vn 0.4408 0.8630 -0.2471
vn 0.3530 0.8940 -0.2760
vn 0.3365 0.8882 -0.3127
vn 0.3453 0.8936 -0.2869
vn 0.3530 0.8940 -0.2759
vn 0.3366 0.8882 -0.3127
vn 0.3531 0.8940 -0.2760
vn 0.3363 0.8887 -0.3117
vn 0.4273 0.8510 -0.3053
vn 0.5321 0.7927 -0.2975
vn 0.5503 0.8191 -0.1622
vn 0.4273 0.8509 -0.3056
vn 0.5503 0.8191 -0.1623
vn 0.4408 0.8629 -0.2472
vn 0.2595 0.9259 -0.2747
vn 0.3370 0.8953 -0.2914
vn 0.3392 0.8962 -0.2860
vn 0.2594 0.9259 -0.2746
vn 0.2751 0.9384 -0.2091
vn 0.2613 0.9636 0.0558
vn 0.2612 0.9637 0.0558
vn 0.3364 0.9365 0.0989
vn 0.2450 0.9683 0.0488
vn 0.3319 0.9131 -0.2370
vn 0.3363 0.9365 0.0989
vn 0.3317 0.9131 -0.2372
vn 0.3490 0.9100 -0.2237
vn 0.3361 0.8876 -0.3150
vn 0.3496 0.9021 -0.2529
vn 0.3399 0.9049 -0.2561
vn 0.3361 0.8876 -0.3149
vn 0.3399 0.9050 -0.2560
vn 0.3380 0.8877 -0.3127
vn 0.3495 0.9021 -0.2530
vn 0.3906 0.9157 -0.0947
vn 0.2965 0.9477 -0.1178
vn 0.2964 0.9478 -0.1177
vn 0.2964 0.9478 -0.1178
vn 0.2482 0.9475 -0.2016
vn 0.3399 0.9049 -0.2560
vn 0.2482 0.9474 -0.2019
vn 0.3371 0.9011 -0.2727
vn 0.3381 0.8877 -0.3126
vn 0.3399 0.9049 -0.2562
vn 0.3370 0.9011 -0.2728
vn 0.3375 0.8885 -0.3110
vn 0.3362 0.8887 -0.3117
vn 0.3531 0.8940 -0.2759
vn 0.3598 0.8974 -0.2555
vn 0.3364 0.8886 -0.3117
vn 0.3597 0.8974 -0.2555
vn 0.3355 0.8887 -0.3126
vn 0.4408 0.8629 -0.2470
vn 0.4426 0.8807 -0.1690
vn 0.4427 0.8806 -0.1688
vn 0.4426 0.8807 -0.1688
vn 0.3906 0.9157 -0.0949
vn 0.3598 0.8974 -0.2556
vn 0.3906 0.9156 -0.0950
vn 0.3494 0.9022 -0.2531
vn 0.3494 0.9022 -0.2529
vn 0.3494 0.9022 -0.2530
vn 0.3362 0.8876 -0.3149
vn 0.3318 0.9131 -0.2370
vn 0.2451 0.9683 0.0490
vn 0.1592 0.9872 0.0128
vn 0.3317 0.9131 -0.2371
vn 0.3137 0.9189 -0.2394
vn 0.4351 0.8958 0.0903
vn 0.4367 0.8938 0.1015
vn 0.3612 0.9056 -0.2221
vn 0.3611 0.9057 -0.2222
vn 0.3589 0.9045 -0.2302
vn 0.3366 0.8930 -0.2989
vn 0.3345 0.8931 -0.3008
vn 0.3346 0.8931 -0.3008
vn 0.3385 0.8977 -0.2822
vn 0.3397 0.8964 -0.2846
vn 0.3359 0.8971 -0.2869
vn 0.3386 0.8976 -0.2823
vn 0.3360 0.8971 -0.2871
vn 0.3350 0.8975 -0.2867
vn 0.3372 0.8880 -0.3127
vn 0.3405 0.8992 -0.2746
vn 0.3415 0.8953 -0.2860
vn 0.3415 0.8953 -0.2859
vn 0.2751 0.9384 -0.2093
vn 0.3391 0.8962 -0.2859
vn 0.3404 0.8993 -0.2746
vn 0.3421 0.8934 -0.2912
vn 0.3366 0.8881 -0.3131
vn 0.3416 0.8953 -0.2859
vn 0.3610 0.9057 -0.2223
vn 0.4367 0.8939 0.1014
vn 0.4299 0.8949 0.1198
vn 0.4301 0.8948 0.1198
vn 0.5441 0.8362 0.0687
vn 0.6392 0.7634 0.0930
vn 0.4474 0.8638 -0.2318
vn 0.5440 0.8363 0.0688
vn 0.4473 0.8638 -0.2319
vn 0.3728 0.8943 -0.2475
vn 0.3371 0.8952 -0.2915
vn 0.3373 0.8942 -0.2944
vn 0.3418 0.8931 -0.2926
vn 0.3417 0.8931 -0.2926
vn 0.3478 0.8903 -0.2939
vn 0.4069 0.8581 -0.3132
vn 0.4097 0.8505 -0.3298
vn 0.4096 0.8506 -0.3298
vn 0.3485 0.8896 -0.2951
vn 0.4072 0.8580 -0.3132
vn 0.4165 0.8582 -0.3002
vn 0.6630 0.6807 -0.3114
vn 0.4070 0.8581 -0.3132
vn 0.6631 0.6806 -0.3115
vn 0.6203 0.6833 -0.3851
vn 0.2305 0.9336 -0.2743
vn 0.3324 0.8972 -0.2907
vn 0.3356 0.8977 -0.2855
vn 0.2306 0.9336 -0.2743
vn 0.3357 0.8977 -0.2855
vn 0.2483 0.9475 -0.2017
vn 0.4475 0.8637 -0.2317
vn 0.7451 0.6620 0.0804
vn 0.4475 0.8638 -0.2316
vn 0.7452 0.6620 0.0802
vn 0.7243 0.6799 -0.1148
vn 0.2614 0.9636 0.0558
vn 0.4403 0.8954 0.0667
vn 0.3525 0.9015 -0.2509
vn 0.3526 0.9015 -0.2508
vn 0.3319 0.9105 -0.2466
vn 0.3430 0.8834 -0.3193
vn 0.3485 0.8890 -0.2970
vn 0.4037 0.8428 -0.3559
vn 0.3432 0.8834 -0.3192
vn 0.3946 0.8260 -0.4025
vn 0.3484 0.8890 -0.2971
vn 0.3485 0.8890 -0.2971
vn 0.4038 0.8428 -0.3559
vn 0.4098 0.8505 -0.3297
vn 0.6151 0.6473 -0.4501
vn 0.4039 0.8428 -0.3558
vn 0.6152 0.6472 -0.4502
vn 0.5650 0.6101 -0.5556
vn 0.3948 0.8260 -0.4023
vn 0.5651 0.6100 -0.5555
vn 0.3947 0.8260 -0.4023
vn 0.5650 0.6101 -0.5554
vn 0.5048 0.5571 -0.6594
vn 0.3373 0.8885 -0.3111
vn 0.3401 0.8961 -0.2852
vn 0.3374 0.8885 -0.3110
vn 0.3400 0.8962 -0.2852
vn 0.3363 0.8887 -0.3116
vn 0.3369 0.9012 -0.2727
vn 0.2482 0.9475 -0.2018
vn 0.3357 0.8976 -0.2856
vn 0.3371 0.9011 -0.2728
vn 0.3357 0.8976 -0.2855
vn 0.3400 0.8962 -0.2851
vn 0.3485 0.8897 -0.2951
vn 0.3401 0.8961 -0.2851
vn 0.3484 0.8897 -0.2951
vn 0.3364 0.8887 -0.3116
vn 0.3400 0.8961 -0.2852
vn 0.3484 0.8891 -0.2970
vn 0.3364 0.8887 -0.3115
vn 0.3484 0.8890 -0.2970
vn 0.3432 0.8833 -0.3192
vn 0.5441 0.8362 0.0688
vn 0.3526 0.9015 -0.2511
vn 0.5440 0.8362 0.0687
vn 0.3727 0.8943 -0.2476
vn 0.3487 0.9115 -0.2180
vn 0.3562 0.9224 0.1491
vn 0.3562 0.9225 0.1490
vn 0.3582 0.9253 0.1250
vn 0.3323 0.8973 -0.2906
vn 0.3347 0.8955 -0.2933
vn 0.3487 0.8902 -0.2932
vn 0.3477 0.8903 -0.2939
vn 0.6205 0.6832 -0.3851
vn 0.9026 0.0434 -0.4284
vn 0.8383 -0.0037 -0.5452
vn 0.8382 -0.0036 -0.5453
vn 0.6154 0.6470 -0.4502
vn 0.3346 0.8956 -0.2933
vn 0.3727 0.8943 -0.2477
vn 0.4164 0.8582 -0.3002
vn 0.7242 0.6800 -0.1149
vn 0.4165 0.8581 -0.3003
vn 0.6629 0.6808 -0.3115
vn 0.3589 0.9046 -0.2302
vn 0.3612 0.9057 -0.2221
vn 0.3374 0.8941 -0.2944
vn 0.3589 0.9046 -0.2300
vn 0.2561 0.9108 -0.3237
vn 0.3626 0.9070 -0.2141
vn 0.3490 0.9100 -0.2239
vn 0.3319 0.9131 -0.2369
vn 0.3674 0.8417 -0.3956
vn 0.3674 0.8417 -0.3957
vn 0.4044 0.8440 -0.3523
vn 0.3675 0.8417 -0.3955
vn 0.3138 0.9188 -0.2393
vn 0.3674 0.8417 -0.3955
vn 0.3137 0.9189 -0.2393
vn 0.3131 0.8564 -0.4106
vn 0.3100 0.9199 -0.2402
vn 0.2633 0.8852 -0.3835
vn 0.3137 0.9189 -0.2392
vn 0.2634 0.8853 -0.3833
vn 0.3131 0.8564 -0.4105
vn 0.3320 0.9105 -0.2464
vn 0.3596 0.9084 -0.2133
vn 0.3466 0.8900 -0.2962
vn 0.3490 0.9101 -0.2236
vn 0.3535 0.9058 -0.2338
vn 0.3565 0.8389 -0.4113
vn 0.3565 0.8389 -0.4114
vn 0.4076 0.8345 -0.3708
vn 0.3565 0.8388 -0.4114
vn 0.3527 0.9060 -0.2340
vn 0.3561 0.9058 -0.2294
vn 0.3563 0.9058 -0.2294
vn 0.2995 0.8610 -0.4111
vn 0.3562 0.9058 -0.2294
vn 0.2650 0.8889 -0.3737
vn 0.3562 0.9058 -0.2293
vn 0.2649 0.8889 -0.3737
vn 0.2995 0.8611 -0.4110
vn 0.2648 0.8888 -0.3739
vn 0.3588 0.9046 -0.2300
vn 0.2648 0.8889 -0.3739
vn 0.2563 0.9108 -0.3237
vn 0.7242 0.6800 -0.1148
vn 0.9832 0.1241 0.1338
vn 0.9709 0.0514 -0.2339
vn 0.9710 0.0513 -0.2337
vn 0.6631 0.6806 -0.3114
vn 0.3496 0.9119 -0.2149
vn 0.3496 0.9142 -0.2048
vn 0.3499 0.9142 -0.2047
vn 0.3481 0.9224 0.1675
vn 0.3629 0.9142 -0.1805
vn 0.3458 0.8900 -0.2971
vn 0.3421 0.8930 -0.2926
vn 0.3629 0.9142 -0.1804
vn 0.3660 0.9170 -0.1589
vn 0.3835 0.8922 0.2384
vn 0.3660 0.9169 -0.1589
vn 0.3679 0.9182 -0.1471
vn 0.3833 0.8924 0.2381
vn 0.3845 0.8883 0.2513
vn 0.3497 0.9142 -0.2048
vn 0.3509 0.9207 0.1706
vn 0.3508 0.9208 0.1704
vn 0.3484 0.9223 0.1675
vn 0.3509 0.9207 0.1705
vn 0.3582 0.9121 -0.1994
vn 0.3509 0.9208 0.1704
vn 0.3581 0.9121 -0.1997
vn 0.3680 0.9126 0.1780
vn 0.3535 0.9057 -0.2338
vn 0.3813 0.9208 0.0818
vn 0.3774 0.9223 0.0831
vn 0.3694 0.9247 0.0922
vn 0.3694 0.9247 0.0921
vn 0.3609 0.9266 0.1059
vn 0.3776 0.9223 0.0829
vn 0.3535 0.9070 -0.2287
vn 0.3520 0.9090 -0.2233
vn 0.3775 0.9223 0.0830
vn 0.3520 0.9091 -0.2229
vn 0.3692 0.9248 0.0922
vn 0.8773 0.1794 0.4452
vn 0.9832 0.1242 0.1335
vn 0.7451 0.6620 0.0803
vn 0.9833 0.1239 0.1335
vn 0.3497 0.9107 -0.2198
vn 0.3487 0.9115 -0.2181
vn 0.3611 0.9265 0.1060
vn 0.3488 0.9115 -0.2179
vn 0.3581 0.9253 0.1250
vn 0.1442 0.6031 -0.7845
vn 0.2920 0.8301 -0.4751
vn 0.2865 0.8360 -0.4680
vn 0.1443 0.6031 -0.7845
vn 0.2864 0.8360 -0.4680
vn 0.1335 0.6141 -0.7779
vn 0.2921 0.8300 -0.4751
vn 0.3373 0.8885 -0.3110
vn 0.2921 0.8301 -0.4749
vn 0.2866 0.8361 -0.4678
vn 0.2865 0.8361 -0.4678
vn 0.3432 0.8833 -0.3193
vn 0.2867 0.8361 -0.4676
vn 0.2924 0.8317 -0.4721
vn 0.1335 0.6140 -0.7779
vn 0.2864 0.8361 -0.4678
vn 0.1334 0.6140 -0.7780
vn 0.2924 0.8316 -0.4722
vn 0.1357 0.6068 -0.7832
vn 0.1359 0.6066 -0.7833
vn 0.2923 0.8317 -0.4720
vn 0.3404 0.7723 -0.5363
vn 0.1357 0.6067 -0.7832
vn 0.3405 0.7722 -0.5364
vn 0.1808 0.5411 -0.8213
vn 0.2925 0.8316 -0.4721
vn 0.3433 0.8833 -0.3192
vn 0.3946 0.8261 -0.4024
vn 0.3947 0.8260 -0.4024
vn 0.3404 0.7724 -0.5362
vn 0.3404 0.7724 -0.5361
vn 0.5047 0.5571 -0.6595
vn 0.3404 0.7723 -0.5364
vn 0.5048 0.5570 -0.6595
vn 0.4123 0.4867 -0.7702
vn 0.1809 0.5412 -0.8212
vn 0.3403 0.7722 -0.5365
vn 0.4120 0.4869 -0.7702
vn 0.1808 0.5412 -0.8212
vn 0.4122 0.4869 -0.7701
vn 0.2734 0.4007 -0.8745
vn 0.1499 0.5973 -0.7879
vn 0.2905 0.8259 -0.4832
vn 0.2893 0.8309 -0.4753
vn 0.1501 0.5971 -0.7880
vn 0.2895 0.8308 -0.4753
vn 0.1501 0.6100 -0.7780
vn 0.2907 0.8259 -0.4831
vn 0.3367 0.8881 -0.3131
vn 0.2908 0.8259 -0.4830
vn 0.3366 0.8880 -0.3132
vn 0.2895 0.8309 -0.4751
vn 0.2895 0.8309 -0.4752
vn 0.3365 0.8881 -0.3132
vn 0.3366 0.8880 -0.3133
vn 0.2895 0.8325 -0.4723
vn 0.1500 0.6101 -0.7780
vn 0.2894 0.8309 -0.4752
vn 0.2894 0.8325 -0.4725
vn 0.1504 0.6098 -0.7782
vn 0.2893 0.8325 -0.4725
vn 0.1508 0.6134 -0.7753
vn 0.1367 0.6026 -0.7863
vn 0.2820 0.8316 -0.4784
vn 0.2744 0.8266 -0.4913
vn 0.1369 0.6025 -0.7863
vn 0.2742 0.8266 -0.4914
vn 0.1236 0.5889 -0.7987
vn 0.2820 0.8317 -0.4782
vn 0.3364 0.8886 -0.3118
vn 0.3355 0.8887 -0.3125
vn 0.2820 0.8317 -0.4783
vn 0.2744 0.8268 -0.4910
vn 0.2743 0.8267 -0.4912
vn 0.3363 0.8876 -0.3149
vn 0.2795 0.8180 -0.5027
vn 0.2742 0.8266 -0.4915
vn 0.2794 0.8180 -0.5028
vn 0.1234 0.5889 -0.7987
vn 0.2794 0.8179 -0.5029
vn 0.1302 0.5766 -0.8066
vn 0.1300 0.5767 -0.8065
vn 0.2794 0.8180 -0.5029
vn 0.2923 0.8202 -0.4918
vn 0.1300 0.5766 -0.8066
vn 0.2924 0.8203 -0.4915
vn 0.1463 0.5835 -0.7989
vn 0.2796 0.8181 -0.5026
vn 0.2795 0.8181 -0.5027
vn 0.3381 0.8877 -0.3125
vn 0.2925 0.8203 -0.4915
vn 0.2925 0.8202 -0.4916
vn 0.2924 0.8203 -0.4916
vn 0.3375 0.8885 -0.3109
vn 0.2921 0.8300 -0.4752
vn 0.1462 0.5836 -0.7987
vn 0.2923 0.8203 -0.4916
vn 0.2919 0.8301 -0.4751
vn 0.1462 0.5836 -0.7988
vn 0.2920 0.8300 -0.4753
vn 0.1444 0.6030 -0.7846
vn 0.1509 0.6134 -0.7752
vn 0.2880 0.8326 -0.4731
vn 0.1510 0.6134 -0.7752
vn 0.1482 0.6104 -0.7781
vn 0.2894 0.8325 -0.4724
vn 0.2894 0.8326 -0.4723
vn 0.2881 0.8326 -0.4730
vn 0.2880 0.8326 -0.4730
vn 0.3367 0.8882 -0.3126
vn 0.1481 0.6103 -0.7782
vn 0.2879 0.8327 -0.4731
vn 0.2822 0.8316 -0.4784
vn 0.1483 0.6103 -0.7782
vn 0.2819 0.8317 -0.4783
vn 0.1368 0.6024 -0.7864
vn 0.1420 0.5797 -0.8024
vn 0.2846 0.8218 -0.4936
vn 0.2788 0.8201 -0.4996
vn 0.1421 0.5796 -0.8024
vn 0.2787 0.8202 -0.4996
vn 0.1367 0.5764 -0.8057
vn 0.2847 0.8218 -0.4936
vn 0.3369 0.8878 -0.3135
vn 0.2848 0.8218 -0.4934
vn 0.3360 0.8881 -0.3137
vn 0.2789 0.8202 -0.4995
vn 0.2788 0.8203 -0.4994
vn 0.3363 0.8871 -0.3162
vn 0.2789 0.8202 -0.4994
vn 0.2818 0.8130 -0.5095
vn 0.1366 0.5765 -0.8056
vn 0.2787 0.8203 -0.4995
vn 0.2816 0.8130 -0.5097
vn 0.1367 0.5765 -0.8056
vn 0.1415 0.5675 -0.8112
vn 0.1414 0.5674 -0.8112
vn 0.2817 0.8130 -0.5096
vn 0.2909 0.8171 -0.4978
vn 0.1413 0.5675 -0.8111
vn 0.2909 0.8171 -0.4977
vn 0.1503 0.5768 -0.8029
vn 0.2818 0.8131 -0.5094
vn 0.3364 0.8870 -0.3162
vn 0.3378 0.8874 -0.3136
vn 0.2911 0.8171 -0.4976
vn 0.2910 0.8171 -0.4976
vn 0.3373 0.8880 -0.3127
vn 0.2907 0.8259 -0.4830
vn 0.1503 0.5770 -0.8028
vn 0.2908 0.8170 -0.4980
vn 0.2907 0.8258 -0.4833
vn 0.2906 0.8259 -0.4832
vn 0.1500 0.5972 -0.7879
vn 0.2523 0.9462 -0.2026
vn 0.3396 0.9001 -0.2729
vn 0.3417 0.9106 -0.2326
vn 0.2521 0.9462 -0.2028
vn 0.2935 0.9492 -0.1136
vn 0.3396 0.9001 -0.2730
vn 0.3366 0.8876 -0.3143
vn 0.3396 0.9001 -0.2731
vn 0.3372 0.8872 -0.3147
vn 0.3417 0.9106 -0.2325
vn 0.3417 0.9105 -0.2327
vn 0.3418 0.9105 -0.2326
vn 0.3363 0.8869 -0.3169
vn 0.3554 0.9072 -0.2251
vn 0.2936 0.9492 -0.1135
vn 0.3417 0.9106 -0.2327
vn 0.2938 0.9491 -0.1134
vn 0.3826 0.9225 -0.0508
vn 0.3795 0.9025 0.2036
vn 0.3629 0.9142 -0.1806
vn 0.3659 0.9169 -0.1591
vn 0.3794 0.9025 0.2039
vn 0.3834 0.8923 0.2382
vn 0.3447 0.8941 -0.2860
vn 0.3420 0.8933 -0.2917
vn 0.3420 0.8933 -0.2916
vn 0.3369 0.8849 -0.3217
vn 0.3365 0.8841 -0.3243
vn 0.3365 0.8841 -0.3242
vn 0.3419 0.8931 -0.2922
vn 0.3423 0.8931 -0.2918
vn 0.3830 0.9224 -0.0506
vn 0.3554 0.9072 -0.2252
vn 0.3653 0.9005 -0.2360
vn 0.3827 0.9225 -0.0508
vn 0.4501 0.8833 -0.1313
vn 0.3554 0.9072 -0.2250
vn 0.3654 0.9004 -0.2361
vn 0.3654 0.9005 -0.2359
vn 0.3362 0.8877 -0.3147
vn 0.3371 0.8872 -0.3151
vn 0.3370 0.8872 -0.3151
vn 0.3512 0.8952 -0.2744
vn 0.4502 0.8832 -0.1314
vn 0.3653 0.9004 -0.2364
vn 0.3512 0.8952 -0.2743
vn 0.4502 0.8832 -0.1313
vn 0.4595 0.8587 -0.2271
vn 0.2524 0.9462 -0.2026
vn 0.3382 0.8967 -0.2856
vn 0.3412 0.8955 -0.2857
vn 0.3411 0.8955 -0.2857
vn 0.3382 0.8967 -0.2855
vn 0.3420 0.8935 -0.2912
vn 0.3420 0.8934 -0.2913
vn 0.3362 0.8871 -0.3164
vn 0.3411 0.8956 -0.2857
vn 0.3361 0.8871 -0.3163
vn 0.3357 0.8875 -0.3157
vn 0.3396 0.9000 -0.2731
vn 0.3356 0.8874 -0.3159
vn 0.3365 0.8877 -0.3144
vn 0.3418 0.8934 -0.2914
vn 0.3475 0.8925 -0.2875
vn 0.3448 0.8938 -0.2869
vn 0.3447 0.8938 -0.2869
vn 0.3419 0.8935 -0.2912
vn 0.3515 0.8945 -0.2762
vn 0.3368 0.8878 -0.3136
vn 0.3362 0.8871 -0.3163
vn 0.1413 0.5672 -0.8113
vn 0.1501 0.5769 -0.8029
vn -0.0892 0.0862 -0.9923
vn 0.1411 0.5675 -0.8112
vn -0.0892 0.0864 -0.9923
vn -0.0875 0.0793 -0.9930
vn 0.1503 0.5769 -0.8029
vn 0.1499 0.5972 -0.7879
vn -0.0963 0.0998 -0.9903
vn -0.0962 0.0999 -0.9903
vn -0.3139 -0.5122 -0.7995
vn -0.0875 0.0795 -0.9930
vn -0.3138 -0.5122 -0.7995
vn -0.0892 0.0863 -0.9923
vn -0.3193 -0.5150 -0.7955
vn 0.0609 -0.1839 0.9811
vn 0.3550 0.5844 0.7297
vn 0.4163 0.5569 0.7187
vn 0.1225 -0.2106 0.9699
vn 0.4368 0.8938 0.1014
vn 0.4364 0.5561 0.7074
vn 0.4298 0.8950 0.1195
vn 0.4363 0.5560 0.7074
vn 0.4165 0.5568 0.7187
vn 0.4369 0.8938 0.1014
vn 0.4351 0.8958 0.0902
vn 0.4327 0.5640 0.7033
vn 0.4327 0.5639 0.7034
vn 0.4363 0.5561 0.7074
vn 0.1227 -0.2107 0.9698
vn 0.4161 0.5569 0.7188
vn 0.4364 0.5560 0.7074
vn 0.1225 -0.2105 0.9699
vn 0.4364 0.5561 0.7073
vn 0.1362 -0.2283 0.9640
vn -0.3365 -0.5202 -0.7849
vn -0.0972 0.1057 -0.9896
vn -0.1044 0.0998 -0.9895
vn -0.3367 -0.5202 -0.7849
vn -0.3387 -0.5122 -0.7892
vn 0.5440 0.8363 0.0687
vn 0.4246 0.5682 0.7049
vn 0.5440 0.8363 0.0686
vn 0.4245 0.5682 0.7050
vn 0.6494 0.4260 0.6299
vn 0.0192 0.7217 0.6920
vn 0.4404 0.8953 0.0668
vn 0.0192 0.7216 0.6921
vn 0.4245 0.5683 0.7048
vn 0.3634 -0.3214 0.8744
vn 0.6493 0.4261 0.6299
vn 0.4246 0.5681 0.7050
vn 0.3635 -0.3214 0.8744
vn 0.1192 -0.2295 0.9660
vn -0.2670 -0.5134 -0.8155
vn -0.0539 0.0432 -0.9976
vn 0.1185 -0.0647 -0.9908
vn -0.2669 -0.5135 -0.8155
vn 0.1187 -0.0647 -0.9908
vn -0.0673 -0.5510 -0.8318
vn 0.1508 0.6133 -0.7753
vn -0.0973 0.1055 -0.9897
vn 0.1511 0.6133 -0.7753
vn -0.0970 0.1096 -0.9892
vn 0.1480 0.6101 -0.7783
vn 0.1366 0.6024 -0.7864
vn -0.1045 0.0998 -0.9895
vn 0.1482 0.6103 -0.7782
vn -0.1045 0.0997 -0.9895
vn -0.0974 0.1056 -0.9896
vn -0.3385 -0.5226 -0.7825
vn -0.0969 0.1096 -0.9892
vn -0.0972 0.1055 -0.9897
vn -0.3386 -0.5226 -0.7824
vn -0.0972 0.1056 -0.9897
vn -0.3367 -0.5203 -0.7848
vn 0.1229 -0.6411 -0.7576
vn 0.3342 -0.0887 -0.9383
vn 0.5110 -0.0582 -0.8576
vn 0.1230 -0.6410 -0.7576
vn 0.5109 -0.0583 -0.8576
vn 0.2561 -0.7249 -0.6395
vn 0.1356 0.6067 -0.7833
vn -0.0541 0.0431 -0.9976
vn 0.1356 0.6068 -0.7832
vn -0.0539 0.0428 -0.9976
vn -0.1205 0.1006 -0.9876
vn 0.1808 0.5413 -0.8212
vn 0.2734 0.4009 -0.8743
vn 0.1183 -0.0647 -0.9909
vn 0.1184 -0.0647 -0.9909
vn -0.0542 0.0431 -0.9976
vn -0.3509 -0.5019 -0.7905
vn -0.1204 0.1007 -0.9876
vn -0.3509 -0.5020 -0.7905
vn -0.2671 -0.5134 -0.8155
vn 0.7043 -0.6046 0.3720
vn 0.9832 0.1241 0.1337
vn 0.8773 0.1797 0.4450
vn 0.7044 -0.6045 0.3720
vn 0.6518 -0.4101 0.6380
vn 0.3581 0.9253 0.1249
vn 0.3563 0.9224 0.1488
vn 0.2235 0.6319 0.7421
vn 0.3580 0.9253 0.1250
vn 0.2232 0.6319 0.7422
vn 0.2348 0.6373 0.7340
vn 0.3562 0.9225 0.1489
vn 0.3482 0.9224 0.1674
vn 0.2158 0.6281 0.7476
vn 0.2159 0.6282 0.7475
vn 0.2233 0.6319 0.7422
vn -0.0626 -0.1398 0.9882
vn 0.2348 0.6373 0.7339
vn 0.2232 0.6320 0.7421
vn -0.0665 -0.1253 0.9899
vn -0.0158 -0.1247 0.9921
vn 0.2625 0.6020 0.7541
vn 0.2747 0.5834 0.7643
vn -0.0156 -0.1248 0.9921
vn 0.0071 -0.1164 0.9932
vn 0.1406 0.9900 0.0115
vn -0.2752 0.7909 0.5465
vn 0.2613 0.9636 0.0559
vn -0.2753 0.7909 0.5465
vn 0.0192 0.7217 0.6919
vn -0.2509 0.8017 0.5426
vn 0.1407 0.9900 0.0113
vn -0.2510 0.8016 0.5426
vn -0.2878 -0.0804 0.9543
vn 0.0191 0.7217 0.6919
vn -0.2754 0.7909 0.5465
vn -0.2877 -0.0803 0.9543
vn -0.2754 0.7908 0.5465
vn -0.5848 -0.0176 0.8110
vn -0.3415 -0.5025 -0.7943
vn -0.1137 0.0932 -0.9891
vn -0.1103 0.0878 -0.9900
vn -0.3416 -0.5025 -0.7942
vn -0.1103 0.0875 -0.9900
vn -0.3358 -0.5017 -0.7972
vn 0.1235 0.5889 -0.7987
vn -0.1135 0.0932 -0.9892
vn 0.1233 0.5887 -0.7989
vn 0.1299 0.5766 -0.8066
vn -0.1103 0.0877 -0.9900
vn 0.1233 0.5888 -0.7988
vn -0.1137 0.0933 -0.9891
vn -0.3386 -0.5123 -0.7892
vn -0.1043 0.0999 -0.9895
vn -0.3385 -0.5122 -0.7894
vn -0.1136 0.0931 -0.9892
vn -0.3416 -0.5024 -0.7943
vn -0.3464 -0.1011 0.9326
vn -0.0174 0.7585 0.6514
vn 0.2175 0.6583 0.7207
vn 0.2174 0.6582 0.7208
vn -0.0912 -0.1486 0.9847
vn 0.3924 -0.7784 -0.4900
vn 0.6782 -0.0317 -0.7342
vn 0.8383 -0.0036 -0.5452
vn 0.3924 -0.7785 -0.4898
vn 0.8383 -0.0037 -0.5453
vn 0.5357 -0.7943 -0.2866
vn 0.3583 0.9121 -0.1994
vn 0.3630 0.9141 -0.1806
vn 0.3794 0.9025 0.2036
vn 0.3583 0.9121 -0.1995
vn 0.3682 0.9126 0.1779
vn 0.5046 0.5572 -0.6595
vn 0.5648 0.6101 -0.5556
vn 0.5045 0.5571 -0.6596
vn 0.6824 -0.0403 -0.7299
vn 0.5112 -0.0584 -0.8575
vn 0.5650 0.6100 -0.5555
vn 0.6153 0.6472 -0.4501
vn 0.8349 -0.0002 -0.5505
vn 0.5649 0.6102 -0.5555
vn 0.2561 -0.7250 -0.6394
vn 0.5112 -0.0585 -0.8575
vn 0.6783 -0.0317 -0.7341
vn 0.3925 -0.7784 -0.4899
vn -0.2779 -0.4686 -0.8386
vn -0.0945 0.0111 -0.9955
vn -0.0915 0.0342 -0.9952
vn -0.2778 -0.4686 -0.8386
vn -0.2897 -0.4841 -0.8256
vn 0.2732 0.4010 -0.8744
vn 0.3342 -0.0885 -0.9383
vn 0.2735 0.4006 -0.8745
vn 0.3344 -0.0886 -0.9383
vn 0.1184 -0.0649 -0.9908
vn 0.5112 -0.0583 -0.8575
vn 0.4123 0.4867 -0.7701
vn 0.3341 -0.0886 -0.9384
vn -0.0676 -0.5510 -0.8318
vn 0.1184 -0.0648 -0.9908
vn 0.3341 -0.0885 -0.9384
vn 0.3340 -0.0885 -0.9384
vn 0.1228 -0.6409 -0.7578
vn 0.6661 -0.7454 0.0269
vn 0.9709 0.0515 -0.2339
vn 0.9832 0.1240 0.1336
vn 0.9832 0.1241 0.1336
vn 0.7046 -0.6044 0.3718
vn 0.1309 0.5029 -0.8543
vn 0.1330 0.5292 -0.8380
vn -0.0914 0.0342 -0.9952
vn 0.1309 0.5029 -0.8544
vn -0.0914 0.0343 -0.9952
vn -0.0943 0.0112 -0.9955
vn 0.0101 -0.0899 0.9959
vn 0.2615 0.5673 0.7809
vn 0.2592 0.5857 0.7679
vn 0.0102 -0.0899 0.9959
vn 0.2592 0.5859 0.7678
vn -0.0055 -0.1064 0.9943
vn 0.3447 0.8941 -0.2859
vn 0.3373 0.8860 -0.3182
vn 0.3448 0.8941 -0.2860
vn 0.5359 -0.7942 -0.2866
vn 0.8382 -0.0037 -0.5454
vn 0.9026 0.0433 -0.4284
vn 0.5358 -0.7942 -0.2866
vn 0.9026 0.0434 -0.4283
vn 0.5797 -0.8005 -0.1523
vn 0.4269 0.8243 -0.3719
vn 0.3630 0.9142 -0.1804
vn 0.3583 0.9120 -0.1995
vn 0.2452 0.9682 0.0491
vn -0.0176 0.7587 0.6512
vn 0.1594 0.9871 0.0129
vn -0.0177 0.7586 0.6513
vn -0.2509 0.8018 0.5424
vn 0.2450 0.9683 0.0490
vn 0.2175 0.6581 0.7208
vn 0.2452 0.9682 0.0490
vn -0.0176 0.7585 0.6515
vn -0.5732 -0.0411 0.8184
vn -0.2509 0.8016 0.5426
vn -0.0177 0.7587 0.6511
vn -0.0178 0.7587 0.6512
vn -0.3466 -0.1011 0.9325
vn -0.3332 -0.5083 -0.7941
vn -0.1039 0.0918 -0.9903
vn -0.1120 0.1037 -0.9883
vn -0.3334 -0.5083 -0.7940
vn -0.1119 0.1034 -0.9883
vn -0.3464 -0.5093 -0.7878
vn 0.3776 0.9222 0.0830
vn 0.2983 0.6312 0.7159
vn 0.3811 0.9209 0.0819
vn 0.2983 0.6312 0.7160
vn 0.3143 0.6254 0.7142
vn 0.2741 0.6365 0.7210
vn 0.3773 0.9223 0.0830
vn 0.2740 0.6363 0.7211
vn 0.0015 -0.1913 0.9815
vn 0.3141 0.6256 0.7141
vn 0.2981 0.6311 0.7161
vn 0.2981 0.6312 0.7161
vn -0.0137 -0.1843 0.9828
vn -0.3238 -0.4886 -0.8102
vn -0.1118 0.0659 -0.9915
vn -0.1062 0.0697 -0.9919
vn -0.1062 0.0698 -0.9919
vn -0.3222 -0.4946 -0.8072
vn 0.4501 0.8398 -0.3035
vn 0.3459 0.8902 -0.2966
vn 0.4502 0.8398 -0.3035
vn 0.4269 0.8244 -0.3718
vn 0.1301 0.5765 -0.8067
vn 0.1461 0.5837 -0.7987
vn -0.1038 0.0916 -0.9904
vn 0.1299 0.5765 -0.8067
vn -0.1037 0.0917 -0.9904
vn -0.1120 0.1035 -0.9883
vn 0.1461 0.5835 -0.7989
vn -0.1039 0.0916 -0.9904
vn 0.1363 -0.2283 0.9640
vn 0.4363 0.5560 0.7075
vn 0.4328 0.5638 0.7034
vn 0.1363 -0.2282 0.9640
vn 0.4328 0.5638 0.7035
vn 0.1279 -0.2327 0.9641
vn 0.4351 0.8959 0.0900
vn 0.4271 0.8996 0.0907
vn 0.4095 0.5761 0.7074
vn 0.4353 0.8958 0.0901
vn 0.4096 0.5760 0.7074
vn 0.4330 0.5637 0.7034
vn 0.4089 0.9077 0.0947
vn 0.3734 0.5931 0.7133
vn 0.3731 0.5932 0.7133
vn 0.4095 0.5760 0.7074
vn 0.1280 -0.2328 0.9641
vn 0.4326 0.5639 0.7035
vn 0.4095 0.5760 0.7075
vn 0.1279 -0.2328 0.9641
vn 0.1035 -0.2238 0.9691
vn -0.3188 -0.5119 -0.7977
vn -0.0912 0.0833 -0.9923
vn -0.3188 -0.5120 -0.7976
vn -0.0874 0.0794 -0.9930
vn -0.3139 -0.5123 -0.7994
vn 0.1237 0.5494 -0.8264
vn 0.1211 0.5536 -0.8239
vn -0.1117 0.0658 -0.9916
vn 0.1238 0.5493 -0.8264
vn -0.1116 0.0657 -0.9916
vn -0.1113 0.0607 -0.9919
vn 0.1213 0.5536 -0.8239
vn 0.1271 0.5563 -0.8212
vn 0.1213 0.5535 -0.8240
vn -0.1061 0.0698 -0.9919
vn -0.1118 0.0658 -0.9916
vn -0.3204 -0.4859 -0.8132
vn -0.1114 0.0606 -0.9919
vn -0.3204 -0.4860 -0.8131
vn -0.3240 -0.4885 -0.8102
vn -0.0542 -0.1539 0.9866
vn 0.2496 0.6399 0.7268
vn 0.2347 0.6373 0.7340
vn -0.0543 -0.1539 0.9866
vn -0.0627 -0.1399 0.9882
vn 0.5798 -0.8004 -0.1522
vn 0.9026 0.0433 -0.4283
vn 0.5797 -0.8005 -0.1524
vn 0.9709 0.0515 -0.2341
vn 0.6661 -0.7454 0.0268
vn 0.3833 0.8925 0.2379
vn 0.3848 0.8882 0.2509
vn 0.2594 0.5856 0.7680
vn 0.3832 0.8925 0.2378
vn 0.2595 0.5855 0.7680
vn 0.2616 0.5671 0.7810
vn 0.0070 -0.1162 0.9932
vn 0.2748 0.5836 0.7641
vn 0.2614 0.5672 0.7810
vn 0.0070 -0.1163 0.9932
vn 0.2616 0.5672 0.7809
vn 0.0101 -0.0900 0.9959
vn 0.1306 0.5031 -0.8543
vn -0.0943 0.0111 -0.9955
vn 0.1185 0.4655 -0.8771
vn -0.0942 0.0112 -0.9955
vn -0.1056 -0.0180 -0.9942
vn 0.4009 0.9074 0.1260
vn 0.3549 0.5844 0.7297
vn 0.3361 0.9366 0.0989
vn 0.3549 0.5845 0.7297
vn 0.2173 0.6582 0.7208
vn 0.4009 0.9074 0.1262
vn 0.4300 0.8949 0.1197
vn 0.4159 0.5570 0.7189
vn 0.4162 0.5569 0.7188
vn -0.0912 -0.1485 0.9847
vn 0.2174 0.6583 0.7207
vn -0.0911 -0.1488 0.9847
vn 0.0611 -0.1840 0.9810
vn -0.3390 -0.5210 -0.7834
vn -0.0982 0.1086 -0.9892
vn -0.0968 0.1096 -0.9893
vn -0.3391 -0.5210 -0.7833
vn -0.0968 0.1095 -0.9893
vn 0.1420 0.5794 -0.8026
vn 0.1364 0.5763 -0.8057
vn -0.0912 0.0831 -0.9924
vn 0.1420 0.5795 -0.8025
vn -0.0932 0.0850 -0.9920
vn 0.1367 0.5763 -0.8057
vn 0.1412 0.5674 -0.8112
vn -0.0876 0.0794 -0.9930
vn -0.0913 0.0832 -0.9923
vn -0.3212 -0.5117 -0.7969
vn -0.0930 0.0851 -0.9920
vn -0.0912 0.0832 -0.9923
vn -0.3214 -0.5117 -0.7968
vn -0.3190 -0.5119 -0.7976
vn 0.0270 -0.1962 0.9802
vn 0.3366 0.6121 0.7155
vn 0.3140 0.6254 0.7143
vn 0.0271 -0.1963 0.9802
vn 0.3139 0.6254 0.7144
vn 0.3693 0.9247 0.0922
vn 0.3610 0.9265 0.1059
vn 0.2497 0.6399 0.7268
vn 0.2741 0.6364 0.7210
vn 0.3608 0.9266 0.1059
vn 0.3582 0.9252 0.1249
vn 0.2349 0.6373 0.7339
vn 0.3608 0.9266 0.1060
vn -0.0346 -0.1697 0.9849
vn 0.2740 0.6365 0.7210
vn 0.2494 0.6398 0.7269
vn 0.2495 0.6398 0.7269
vn -0.0542 -0.1542 0.9865
vn -0.3207 -0.5048 -0.8015
vn -0.0978 0.0781 -0.9921
vn -0.0930 0.0850 -0.9920
vn -0.3208 -0.5048 -0.8014
vn -0.0929 0.0849 -0.9920
vn -0.3213 -0.5118 -0.7968
vn 0.1254 0.5341 -0.8361
vn -0.1076 0.0503 -0.9929
vn 0.1178 0.5250 -0.8429
vn -0.1076 0.0502 -0.9929
vn -0.1055 0.0436 -0.9935
vn 0.1236 0.5494 -0.8264
vn -0.1112 0.0607 -0.9919
vn -0.1111 0.0606 -0.9920
vn -0.1077 0.0504 -0.9929
vn -0.3059 -0.4801 -0.8222
vn -0.1056 0.0435 -0.9935
vn -0.1078 0.0504 -0.9929
vn -0.3059 -0.4800 -0.8222
vn -0.1078 0.0503 -0.9929
vn -0.3117 -0.4825 -0.8186
vn -0.0494 -0.1199 0.9916
vn 0.2334 0.6193 0.7497
vn 0.2625 0.6019 0.7542
vn -0.0494 -0.1200 0.9915
vn 0.2624 0.6019 0.7542
vn -0.0156 -0.1251 0.9920
vn 0.1499 0.5971 -0.7880
vn 0.1501 0.6102 -0.7779
vn -0.0984 0.1084 -0.9892
vn -0.0981 0.1083 -0.9893
vn -0.0962 0.1000 -0.9903
vn 0.1500 0.6100 -0.7781
vn 0.1508 0.6135 -0.7752
vn -0.0969 0.1095 -0.9893
vn 0.1501 0.6100 -0.7781
vn -0.0967 0.1094 -0.9893
vn -0.0983 0.1085 -0.9892
vn -0.3325 -0.5177 -0.7883
vn -0.0982 0.1084 -0.9893
vn -0.3325 -0.5178 -0.7883
vn -0.0983 0.1084 -0.9892
vn -0.3391 -0.5211 -0.7832
vn -0.5848 -0.0175 0.8110
vn -0.2756 0.7908 0.5465
vn -0.2509 0.8017 0.5425
vn -0.5850 -0.0174 0.8109
vn -0.5735 -0.0410 0.8182
vn 0.7452 0.6620 0.0801
vn 0.6393 0.7633 0.0930
vn 0.7589 0.3055 0.5751
vn 0.7451 0.6621 0.0803
vn 0.7588 0.3055 0.5753
vn 0.8773 0.1795 0.4451
vn 0.6391 0.7635 0.0929
vn 0.6494 0.4259 0.6300
vn 0.7588 0.3054 0.5753
vn 0.6517 -0.4101 0.6381
vn 0.8772 0.1794 0.4453
vn 0.7589 0.3054 0.5751
vn 0.6516 -0.4101 0.6381
vn 0.5100 -0.3450 0.7880
vn -0.3599 -0.5040 -0.7851
vn -0.1249 0.1102 -0.9860
vn -0.1216 0.1033 -0.9872
vn -0.3599 -0.5041 -0.7851
vn -0.1203 0.1004 -0.9876
vn -0.3509 -0.5021 -0.7904
vn 0.1382 0.5683 -0.8111
vn 0.1418 0.5796 -0.8025
vn -0.0931 0.0850 -0.9920
vn 0.1386 0.5683 -0.8111
vn -0.0930 0.0849 -0.9920
vn -0.3221 -0.4946 -0.8072
vn -0.1063 0.0699 -0.9919
vn -0.3219 -0.4945 -0.8074
vn -0.3209 -0.5048 -0.8014
vn -0.3004 -0.4835 -0.8222
vn -0.0994 0.0422 -0.9941
vn -0.3060 -0.4801 -0.8221
vn -0.1250 0.1101 -0.9860
vn 0.1440 0.6030 -0.7846
vn -0.1121 0.1036 -0.9883
vn 0.1334 0.6141 -0.7779
vn 0.1356 0.6066 -0.7833
vn -0.1203 0.1006 -0.9876
vn -0.1120 0.1036 -0.9883
vn -0.1248 0.1101 -0.9860
vn 0.1193 -0.2297 0.9659
vn 0.4245 0.5683 0.7049
vn 0.0193 0.7217 0.6919
vn 0.1191 -0.2295 0.9660
vn -0.2876 -0.0805 0.9543
vn 0.1204 0.5318 -0.8383
vn -0.0993 0.0422 -0.9942
vn 0.1330 0.5291 -0.8381
vn -0.0914 0.0344 -0.9952
vn 0.1203 0.5319 -0.8382
vn 0.1178 0.5252 -0.8428
vn -0.1055 0.0437 -0.9935
vn -0.2897 -0.4840 -0.8257
vn -0.2899 -0.4841 -0.8256
vn -0.0993 0.0421 -0.9942
vn -0.3004 -0.4836 -0.8221
vn -0.0666 -0.1250 0.9899
vn 0.2157 0.6282 0.7475
vn -0.0665 -0.1252 0.9899
vn 0.2157 0.6282 0.7476
vn -0.0688 -0.1157 0.9909
vn 0.3894 0.9167 0.0896
vn 0.3369 0.6121 0.7154
vn 0.4087 0.9077 0.0948
vn 0.3365 0.6121 0.7156
vn 0.3140 0.6255 0.7142
vn 0.3366 0.6121 0.7156
vn 0.0664 -0.2087 0.9757
vn 0.3732 0.5932 0.7133
vn 0.0665 -0.2088 0.9757
vn 0.0272 -0.1965 0.9801
vn -0.3192 -0.5150 -0.7956
vn -0.0892 0.0865 -0.9922
vn -0.3326 -0.5179 -0.7881
vn 0.3479 0.9224 0.1674
vn 0.3511 0.9207 0.1704
vn 0.2334 0.6191 0.7498
vn 0.3481 0.9224 0.1674
vn 0.2334 0.6192 0.7497
vn 0.3682 0.9126 0.1777
vn 0.2626 0.6017 0.7543
vn 0.3507 0.9208 0.1705
vn 0.2626 0.6017 0.7544
vn -0.0688 -0.1154 0.9909
vn 0.2334 0.6193 0.7496
vn -0.0690 -0.1156 0.9909
vn 0.2332 0.6194 0.7497
vn 0.1035 -0.2239 0.9691
vn 0.3732 0.5931 0.7134
vn 0.1036 -0.2239 0.9691
vn 0.3680 0.9127 0.1776
vn 0.3795 0.9025 0.2035
vn 0.2748 0.5833 0.7643
vn 0.3680 0.9127 0.1777
vn 0.2747 0.5833 0.7644
vn 0.2626 0.6018 0.7543
vn -0.3115 -0.4825 -0.8186
vn -0.1117 0.0617 -0.9918
vn -0.3116 -0.4825 -0.8186
vn -0.3206 -0.4859 -0.8131
vn 0.1112 0.4429 -0.8897
vn 0.1186 0.4655 -0.8771
vn -0.1057 -0.0179 -0.9942
vn 0.1110 0.4430 -0.8896
vn -0.1054 -0.0173 -0.9943
vn -0.2688 -0.4436 -0.8550
vn -0.1058 -0.0180 -0.9942
vn -0.0943 0.0110 -0.9955
vn -0.2687 -0.4436 -0.8550
vn -0.2781 -0.4687 -0.8384
vn 0.4597 0.8586 -0.2269
vn 0.3370 0.8872 -0.3152
vn 0.3373 0.8859 -0.3184
vn 0.3374 0.8859 -0.3183
vn 0.3416 0.8932 -0.2923
vn 0.3444 0.8921 -0.2926
vn 0.3438 0.8901 -0.2991
vn 0.3437 0.8901 -0.2992
vn 0.3400 0.8915 -0.2995
vn 0.2851 0.8122 -0.5089
vn 0.2884 0.8053 -0.5180
vn 0.2883 0.8053 -0.5181
vn 0.3372 0.8860 -0.3183
vn 0.2848 0.8122 -0.5092
vn 0.1309 0.5031 -0.8543
vn 0.2850 0.8120 -0.5093
vn 0.1306 0.5030 -0.8543
vn 0.2881 0.8052 -0.5184
vn 0.3442 0.8922 -0.2925
vn 0.3467 0.8932 -0.2862
vn 0.3491 0.8914 -0.2889
vn 0.3441 0.8922 -0.2925
vn 0.3492 0.8914 -0.2888
vn 0.3491 0.8900 -0.2932
vn 0.3345 0.8962 -0.2913
vn 0.3394 0.8942 -0.2919
vn 0.3368 0.8931 -0.2983
vn 0.3344 0.8963 -0.2912
vn 0.3367 0.8931 -0.2983
vn 0.3342 0.8949 -0.2956
vn 0.3395 0.8942 -0.2919
vn 0.3398 0.8962 -0.2853
vn 0.3435 0.8949 -0.2849
vn 0.3393 0.8943 -0.2919
vn 0.3417 0.8933 -0.2921
vn 0.3380 0.8947 -0.2918
vn 0.3418 0.8932 -0.2921
vn 0.3397 0.8965 -0.2844
vn 0.3436 0.8952 -0.2837
vn 0.3379 0.8948 -0.2918
vn 0.3365 0.8930 -0.2989
vn 0.3342 0.8949 -0.2957
vn 0.3380 0.8948 -0.2918
vn 0.3340 0.8950 -0.2958
vn 0.3347 0.8962 -0.2913
vn 0.3490 0.8902 -0.2930
vn 0.3454 0.8916 -0.2927
vn 0.3471 0.8934 -0.2854
vn 0.3490 0.8901 -0.2931
vn 0.3471 0.8934 -0.2853
vn 0.3495 0.8914 -0.2886
vn 0.3455 0.8916 -0.2927
vn 0.3440 0.8898 -0.2999
vn 0.3400 0.8911 -0.3006
vn 0.3398 0.8912 -0.3006
vn 0.3386 0.8945 -0.2919
vn 0.3439 0.8902 -0.2989
vn 0.3437 0.8902 -0.2989
vn 0.3401 0.8914 -0.2997
vn 0.3385 0.8945 -0.2919
vn 0.3469 0.8932 -0.2863
vn 0.3482 0.8915 -0.2897
vn 0.3385 0.8946 -0.2919
vn 0.3482 0.8915 -0.2898
vn 0.3484 0.8903 -0.2932
vn 0.3351 0.8960 -0.2915
vn 0.3449 0.8918 -0.2927
vn 0.3367 0.8932 -0.2980
vn 0.3369 0.8932 -0.2980
vn 0.3355 0.8948 -0.2947
vn 0.3447 0.8919 -0.2926
vn 0.3395 0.8963 -0.2854
vn 0.3435 0.8950 -0.2845
vn 0.3449 0.8919 -0.2927
vn 0.3437 0.8949 -0.2846
vn 0.3516 0.8889 -0.2935
vn 0.3490 0.8883 -0.2985
vn 0.3489 0.8902 -0.2931
vn 0.3471 0.8895 -0.2971
vn 0.3393 0.8906 -0.3029
vn 0.3402 0.8914 -0.2995
vn 0.3438 0.8901 -0.2992
vn 0.3393 0.8906 -0.3028
vn 0.3446 0.8889 -0.3019
vn 0.3434 0.8949 -0.2850
vn 0.3397 0.8962 -0.2853
vn 0.3389 0.8974 -0.2824
vn 0.3389 0.8975 -0.2823
vn 0.3441 0.8957 -0.2817
vn 0.3437 0.8902 -0.2992
vn 0.3472 0.8895 -0.2971
vn 0.3447 0.8888 -0.3019
vn 0.1909 0.6318 -0.7513
vn -0.0255 0.7669 -0.6412
vn -0.0146 0.7566 -0.6538
vn 0.1911 0.6317 -0.7513
vn -0.0145 0.7565 -0.6538
vn 0.1943 0.6304 -0.7516
vn 0.3320 0.8928 -0.3045
vn 0.3274 0.8964 -0.2987
vn 0.3319 0.8928 -0.3046
vn 0.3354 0.8948 -0.2947
vn 0.3390 0.8892 -0.3072
vn 0.3368 0.8932 -0.2980
vn 0.3402 0.8914 -0.2996
vn 0.3346 0.8962 -0.2913
vn 0.3344 0.8949 -0.2955
vn 0.3321 0.8954 -0.2965
vn 0.3344 0.8963 -0.2913
vn 0.3320 0.8955 -0.2965
vn 0.3320 0.8973 -0.2909
vn 0.3346 0.8930 -0.3008
vn 0.3399 0.8911 -0.3006
vn 0.3393 0.8903 -0.3037
vn 0.3471 0.8933 -0.2854
vn 0.3490 0.8932 -0.2836
vn 0.3495 0.8913 -0.2887
vn 0.3490 0.8932 -0.2834
vn 0.3504 0.8911 -0.2884
vn 0.3439 0.8898 -0.2998
vn 0.3448 0.8888 -0.3019
vn 0.3447 0.8888 -0.3021
vn 0.3392 0.8903 -0.3038
vn 0.3471 0.8933 -0.2855
vn 0.3490 0.8933 -0.2834
vn 0.2316 0.9325 -0.2770
vn 0.0831 0.9636 -0.2540
vn 0.0673 0.9069 -0.4160
vn 0.2314 0.9326 -0.2770
vn 0.0672 0.9069 -0.4160
vn 0.2233 0.9120 -0.3441
vn 0.3390 0.8974 -0.2825
vn 0.3398 0.8962 -0.2852
vn 0.3362 0.8969 -0.2873
vn 0.3389 0.8974 -0.2825
vn 0.3344 0.8980 -0.2858
vn -0.0255 0.7667 -0.6415
vn -0.1129 0.8919 -0.4379
vn -0.1110 0.8846 -0.4530
vn -0.0255 0.7668 -0.6413
vn -0.1108 0.8845 -0.4532
vn -0.0145 0.7565 -0.6539
vn -0.0160 0.9997 -0.0184
vn 0.1491 0.9765 0.1557
vn 0.1591 0.9739 0.1622
vn -0.0159 0.9997 -0.0185
vn 0.1589 0.9739 0.1622
vn -0.0124 0.9998 -0.0125
vn 0.3364 0.8997 -0.2783
vn 0.3445 0.8971 -0.2767
vn 0.3435 0.8950 -0.2847
vn 0.3364 0.8996 -0.2785
vn 0.3396 0.8962 -0.2855
vn 0.3299 0.9004 -0.2836
vn 0.3397 0.8962 -0.2854
vn 0.3300 0.9004 -0.2836
vn 0.3395 0.8962 -0.2854
vn 0.3368 0.8963 -0.2883
vn 0.3344 0.8949 -0.2956
vn 0.3347 0.8930 -0.3008
vn 0.3319 0.8955 -0.2964
vn 0.4545 0.5633 -0.6900
vn 0.1911 0.6316 -0.7514
vn 0.1944 0.6304 -0.7516
vn 0.4545 0.5634 -0.6899
vn 0.1944 0.6302 -0.7517
vn 0.4432 0.5644 -0.6965
vn 0.3348 0.8930 -0.3008
vn 0.3401 0.8914 -0.2996
vn 0.3350 0.8930 -0.3007
vn 0.3394 0.8906 -0.3028
vn 0.1493 0.9765 0.1557
vn 0.3873 0.8944 0.2237
vn 0.3906 0.8930 0.2236
vn 0.1491 0.9765 0.1559
vn 0.3906 0.8930 0.2237
vn 0.6402 0.5736 -0.5110
vn 0.4545 0.5632 -0.6901
vn 0.4431 0.5643 -0.6965
vn 0.6402 0.5737 -0.5109
vn 0.4431 0.5644 -0.6965
vn 0.6333 0.5716 -0.5218
vn 0.3470 0.8867 -0.3056
vn 0.3399 0.8914 -0.2997
vn 0.3469 0.8867 -0.3058
vn 0.3401 0.8914 -0.2995
vn 0.3534 0.8858 -0.3006
vn 0.3534 0.8858 -0.3007
vn 0.3447 0.8888 -0.3020
vn 0.3440 0.8898 -0.2998
vn 0.3474 0.8893 -0.2973
vn 0.3450 0.8887 -0.3020
vn 0.3475 0.8893 -0.2974
vn 0.3485 0.8888 -0.2977
vn 0.2938 0.8306 -0.4731
vn 0.2335 0.8762 -0.4215
vn 0.1136 0.8162 -0.5665
vn 0.2936 0.8306 -0.4731
vn 0.1137 0.8161 -0.5667
vn 0.2370 0.7323 -0.6385
vn 0.2235 0.9120 -0.3440
vn 0.0671 0.9068 -0.4162
vn 0.2336 0.8762 -0.4216
vn 0.1137 0.8160 -0.5667
vn 0.5451 0.8383 0.0141
vn 0.6366 0.7604 -0.1290
vn 0.6368 0.7600 -0.1296
vn 0.5448 0.8384 0.0143
vn 0.6369 0.7600 -0.1297
vn 0.5456 0.8379 0.0134
vn 0.3918 0.9166 0.0803
vn 0.5450 0.8383 0.0143
vn 0.5457 0.8378 0.0134
vn 0.3916 0.9166 0.0802
vn 0.5457 0.8379 0.0133
vn 0.3977 0.9141 0.0793
vn 0.6430 0.7011 -0.3083
vn 0.5628 0.6748 -0.4773
vn 0.5553 0.6746 -0.4863
vn 0.5556 0.6745 -0.4862
vn 0.6416 0.6997 -0.3143
vn 0.4505 0.8397 -0.3034
vn 0.4270 0.8243 -0.3718
vn 0.5187 0.7148 -0.4690
vn 0.4503 0.8398 -0.3033
vn 0.5186 0.7148 -0.4692
vn 0.5808 0.7528 -0.3097
vn 0.2520 0.9463 -0.2026
vn 0.2935 0.9492 -0.1135
vn 0.2484 0.9676 0.0446
vn 0.2521 0.9462 -0.2027
vn 0.2485 0.9676 0.0447
vn 0.1392 0.9857 -0.0945
vn 0.2935 0.9493 -0.1130
vn 0.3829 0.9224 -0.0505
vn 0.3951 0.9140 0.0921
vn 0.2937 0.9492 -0.1132
vn 0.3948 0.9141 0.0920
vn 0.2485 0.9676 0.0448
vn 0.4168 0.6894 -0.5924
vn 0.2437 0.7438 -0.6224
vn 0.2374 0.7464 -0.6217
vn 0.4168 0.6894 -0.5925
vn 0.4061 0.6917 -0.5972
vn 0.5628 0.6749 -0.4772
vn 0.4170 0.6894 -0.5924
vn 0.4063 0.6918 -0.5969
vn 0.5627 0.6749 -0.4774
vn 0.4061 0.6919 -0.5970
vn 0.5553 0.6745 -0.4865
vn 0.4271 0.8243 -0.3717
vn 0.3930 0.6973 -0.5994
vn 0.3930 0.6974 -0.5993
vn 0.2937 0.8306 -0.4731
vn 0.2370 0.7322 -0.6385
vn 0.2373 0.7321 -0.6385
vn 0.2192 0.9744 0.0499
vn 0.3919 0.9165 0.0799
vn 0.3977 0.9141 0.0792
vn 0.2191 0.9744 0.0501
vn 0.3975 0.9142 0.0795
vn 0.2294 0.9718 0.0547
vn 0.0744 0.9949 -0.0677
vn 0.2191 0.9744 0.0499
vn 0.2294 0.9718 0.0544
vn 0.0745 0.9949 -0.0677
vn 0.2295 0.9718 0.0544
vn 0.0818 0.9949 -0.0585
vn -0.0047 0.9711 -0.2385
vn 0.0743 0.9949 -0.0678
vn 0.0819 0.9949 -0.0585
vn -0.0047 0.9711 -0.2386
vn -0.0034 0.9726 -0.2324
vn 0.5720 0.7634 -0.3001
vn 0.5815 0.8014 -0.1401
vn 0.4403 0.8409 -0.3148
vn 0.5815 0.8014 -0.1400
vn 0.4562 0.8560 -0.2431
vn 0.3828 0.9224 -0.0506
vn 0.4500 0.8833 -0.1312
vn 0.5255 0.8506 0.0183
vn 0.3827 0.9225 -0.0506
vn 0.5253 0.8507 0.0185
vn 0.3952 0.9140 0.0921
vn 0.4597 0.8586 -0.2270
vn 0.5887 0.7960 -0.1408
vn 0.5253 0.8507 0.0186
vn 0.0914 0.8245 -0.5585
vn 0.0010 0.9086 -0.4177
vn 0.0006 0.9092 -0.4165
vn 0.0916 0.8245 -0.5585
vn 0.0007 0.9091 -0.4165
vn 0.0903 0.8253 -0.5574
vn 0.2438 0.7437 -0.6224
vn 0.0916 0.8243 -0.5586
vn 0.0900 0.8253 -0.5574
vn 0.2439 0.7437 -0.6224
vn 0.0901 0.8253 -0.5575
vn 0.2372 0.7464 -0.6218
vn 0.4078 0.8344 -0.3707
vn 0.3567 0.8388 -0.4113
vn 0.4020 0.7526 -0.5215
vn 0.4018 0.7527 -0.5216
vn 0.5060 0.7453 -0.4341
vn 0.2995 0.8610 -0.4110
vn 0.2845 0.7912 -0.5413
vn 0.2846 0.7913 -0.5411
vn 0.4018 0.7526 -0.5217
vn 0.2199 0.9737 0.0590
vn 0.3931 0.9159 0.0813
vn 0.3945 0.9153 0.0811
vn 0.2197 0.9738 0.0591
vn 0.3941 0.9155 0.0813
vn 0.2249 0.9725 0.0610
vn 0.0638 0.9965 -0.0535
vn 0.2199 0.9737 0.0591
vn 0.0640 0.9965 -0.0536
vn 0.2249 0.9725 0.0607
vn 0.0679 0.9965 -0.0491
vn 0.3991 0.9142 -0.0707
vn 0.4520 0.8784 -0.1553
vn 0.5128 0.8585 -0.0023
vn 0.5125 0.8587 -0.0021
vn 0.3885 0.9206 0.0392
vn 0.4518 0.8785 -0.1553
vn 0.4561 0.8561 -0.2431
vn 0.5816 0.8013 -0.1400
vn 0.5127 0.8585 -0.0022
vn 0.0782 0.8154 -0.5737
vn -0.0221 0.9042 -0.4266
vn -0.0219 0.9038 -0.4273
vn 0.0785 0.8155 -0.5735
vn -0.0218 0.9038 -0.4274
vn 0.0773 0.8160 -0.5728
vn 0.2393 0.7342 -0.6354
vn 0.0786 0.8154 -0.5735
vn 0.0773 0.8163 -0.5725
vn 0.2396 0.7340 -0.6354
vn 0.0774 0.8161 -0.5727
vn 0.2320 0.7370 -0.6348
vn -0.0280 0.9721 -0.2328
vn 0.0640 0.9965 -0.0535
vn 0.0680 0.9965 -0.0488
vn -0.0280 0.9721 -0.2329
vn 0.0679 0.9965 -0.0489
vn -0.0274 0.9726 -0.2308
vn 0.2594 0.9259 -0.2747
vn 0.2748 0.9385 -0.2091
vn 0.1846 0.9734 -0.1357
vn 0.1846 0.9734 -0.1358
vn 0.1471 0.9537 -0.2623
vn 0.2997 0.8610 -0.4109
vn 0.2648 0.8889 -0.3737
vn 0.1909 0.8531 -0.4855
vn 0.2995 0.8610 -0.4109
vn 0.2846 0.7912 -0.5413
vn 0.2649 0.8889 -0.3738
vn 0.2562 0.9109 -0.3235
vn 0.1470 0.9126 -0.3816
vn 0.2649 0.8888 -0.3739
vn 0.1471 0.9125 -0.3816
vn 0.1908 0.8532 -0.4854
vn 0.5437 0.8391 0.0153
vn 0.6381 0.7597 -0.1249
vn 0.6379 0.7599 -0.1248
vn 0.5435 0.8393 0.0153
vn 0.5424 0.8400 0.0164
vn 0.5424 0.8400 0.0163
vn 0.3928 0.9160 0.0812
vn 0.5424 0.8399 0.0165
vn 0.3944 0.9154 0.0810
vn 0.3122 0.9414 -0.1278
vn 0.2679 0.9633 -0.0190
vn 0.2681 0.9632 -0.0191
vn 0.1847 0.9734 -0.1358
vn 0.3122 0.9414 -0.1277
vn 0.3988 0.9143 -0.0706
vn 0.3888 0.9205 0.0393
vn 0.3886 0.9206 0.0392
vn 0.2680 0.9632 -0.0189
vn 0.4173 0.6806 -0.6022
vn 0.2395 0.7343 -0.6352
vn 0.2321 0.7371 -0.6347
vn 0.4173 0.6807 -0.6021
vn 0.2321 0.7370 -0.6348
vn 0.4052 0.6832 -0.6075
vn 0.5673 0.6672 -0.4827
vn 0.4174 0.6806 -0.6022
vn 0.5674 0.6672 -0.4826
vn 0.4051 0.6833 -0.6075
vn 0.5589 0.6669 -0.4928
vn 0.6484 0.6965 -0.3073
vn 0.5589 0.6667 -0.4931
vn 0.6484 0.6965 -0.3072
vn 0.6470 0.6949 -0.3138
vn 0.2305 0.9337 -0.2741
vn 0.2481 0.9475 -0.2016
vn 0.1269 0.9865 -0.1037
vn 0.2304 0.9336 -0.2743
vn 0.1270 0.9865 -0.1037
vn 0.0928 0.9623 -0.2555
vn 0.2479 0.9476 -0.2016
vn 0.2232 0.9741 0.0357
vn 0.2479 0.9475 -0.2018
vn 0.1270 0.9865 -0.1038
vn 0.2965 0.9478 -0.1175
vn 0.3908 0.9156 -0.0945
vn 0.3679 0.9258 0.0862
vn 0.2966 0.9477 -0.1177
vn 0.3680 0.9258 0.0861
vn 0.2232 0.9741 0.0359
vn 0.4045 0.8439 -0.3524
vn 0.3676 0.8417 -0.3955
vn 0.3954 0.7730 -0.4962
vn 0.3951 0.7730 -0.4964
vn 0.4820 0.7759 -0.4071
vn 0.3676 0.8418 -0.3954
vn 0.3132 0.8564 -0.4106
vn 0.2770 0.7983 -0.5348
vn 0.3675 0.8417 -0.3956
vn 0.2771 0.7983 -0.5347
vn 0.3952 0.7730 -0.4963
vn 0.3907 0.9156 -0.0947
vn 0.4426 0.8807 -0.1686
vn 0.5037 0.8639 -0.0018
vn 0.3908 0.9156 -0.0946
vn 0.5036 0.8639 -0.0017
vn 0.3678 0.9259 0.0862
vn 0.4428 0.8806 -0.1689
vn 0.5503 0.8191 -0.1621
vn 0.5502 0.8191 -0.1622
vn 0.5037 0.8639 -0.0020
vn 0.7244 0.6221 -0.2971
vn 0.7237 0.6213 -0.3004
vn 0.7173 0.6933 -0.0697
vn 0.7174 0.6932 -0.0697
vn 0.7187 0.6912 -0.0754
vn -0.1002 0.9696 -0.2231
vn -0.1013 0.9684 -0.2279
vn -0.1107 0.8845 -0.4532
vn -0.1001 0.9696 -0.2231
vn -0.1109 0.8845 -0.4531
vn -0.1129 0.8920 -0.4377
vn 0.3133 0.8564 -0.4104
vn 0.2632 0.8853 -0.3835
vn 0.1666 0.8527 -0.4951
vn 0.1665 0.8527 -0.4952
vn 0.2633 0.8853 -0.3834
vn 0.2365 0.9134 -0.3313
vn 0.1039 0.9150 -0.3898
vn 0.2634 0.8852 -0.3835
vn 0.1040 0.9150 -0.3899
vn 0.1664 0.8527 -0.4951
vn 0.3513 0.8909 -0.2880
vn 0.3490 0.8915 -0.2888
vn 0.3466 0.8933 -0.2861
vn 0.3513 0.8909 -0.2879
vn 0.3487 0.8933 -0.2837
vn 0.4270 0.8997 0.0909
vn 0.4087 0.9077 0.0949
vn 0.3579 0.9041 -0.2333
vn 0.3562 0.9058 -0.2297
vn 0.3520 0.9091 -0.2230
vn 0.3417 0.8931 -0.2925
vn 0.3363 0.8943 -0.2951
vn 0.3362 0.8943 -0.2952
vn 0.3794 0.9026 0.2035
vn 0.3835 0.8924 0.2379
vn 0.2614 0.5670 0.7811
vn 0.3796 0.9025 0.2035
vn 0.2615 0.5670 0.7811
vn -0.0160 0.9997 -0.0185
vn -0.1013 0.9684 -0.2280
vn -0.0160 0.9997 -0.0188
vn -0.1012 0.9684 -0.2279
vn 0.6403 0.5736 -0.5108
vn 0.6334 0.5716 -0.5216
vn 0.7238 0.6213 -0.3001
vn 0.6403 0.5736 -0.5109
vn 0.7238 0.6213 -0.3002
vn 0.7244 0.6221 -0.2970
vn 0.2363 0.9135 -0.3311
vn 0.2304 0.9337 -0.2742
vn 0.2364 0.9135 -0.3312
vn 0.0928 0.9624 -0.2554
vn 0.1039 0.9151 -0.3897
vn 0.6380 0.7598 -0.1250
vn 0.6483 0.6966 -0.3074
vn 0.6470 0.6949 -0.3140
vn 0.6380 0.7598 -0.1249
vn 0.2560 0.9108 -0.3237
vn 0.2594 0.9259 -0.2745
vn 0.1471 0.9538 -0.2621
vn 0.2560 0.9109 -0.3237
vn 0.1471 0.9537 -0.2622
vn -0.0221 0.9042 -0.4265
vn -0.0263 0.9725 -0.2314
vn -0.0276 0.9727 -0.2306
vn -0.0219 0.9040 -0.4271
vn 0.4078 0.8344 -0.3708
vn 0.5060 0.7452 -0.4343
vn 0.5721 0.7633 -0.3001
vn 0.4076 0.8345 -0.3707
vn 0.4403 0.8409 -0.3146
vn 0.0010 0.9086 -0.4176
vn -0.0033 0.9727 -0.2322
vn 0.0009 0.9087 -0.4175
vn -0.0034 0.9727 -0.2322
vn 0.0006 0.9092 -0.4163
vn 0.4598 0.8585 -0.2270
vn 0.4503 0.8397 -0.3036
vn 0.5808 0.7528 -0.3098
vn 0.5887 0.7960 -0.1410
vn 0.6366 0.7604 -0.1289
vn 0.6429 0.7011 -0.3084
vn 0.6416 0.6996 -0.3145
vn 0.6367 0.7603 -0.1289
vn 0.6370 0.7599 -0.1296
vn 0.2522 0.9463 -0.2025
vn 0.1385 0.9859 -0.0942
vn 0.0830 0.9636 -0.2541
vn 0.2520 0.9463 -0.2025
vn 0.0831 0.9636 -0.2542
vn 0.2313 0.9326 -0.2770
vn 0.3363 0.8969 -0.2873
vn 0.3316 0.8974 -0.2910
vn 0.3319 0.8973 -0.2910
vn 0.3343 0.8981 -0.2858
vn 0.3490 0.8915 -0.2889
vn 0.3490 0.8914 -0.2890
vn 0.3515 0.8890 -0.2935
vn 0.3490 0.8901 -0.2932
vn 0.3448 0.8919 -0.2927
vn 0.3369 0.8931 -0.2980
vn 0.3417 0.8932 -0.2921
vn 0.3400 0.8914 -0.2996
vn 0.3368 0.8964 -0.2883
vn 0.3396 0.8962 -0.2854
vn 0.3450 0.8918 -0.2927
vn 0.3385 0.8945 -0.2920
vn 0.3440 0.8902 -0.2989
vn 0.3484 0.8903 -0.2931
vn 0.3466 0.8901 -0.2961
vn 0.3468 0.8932 -0.2863
vn 0.3387 0.8945 -0.2919
vn 0.3437 0.8952 -0.2838
vn 0.3475 0.8893 -0.2973
vn 0.3438 0.8899 -0.2998
vn 0.3455 0.8916 -0.2926
vn 0.3396 0.8965 -0.2844
vn 0.3344 0.8962 -0.2914
vn 0.3359 0.8971 -0.2870
vn 0.3380 0.8948 -0.2917
vn 0.3393 0.8942 -0.2919
vn 0.3363 0.8969 -0.2872
vn 0.3392 0.8943 -0.2919
vn 0.3362 0.8969 -0.2872
vn 0.3436 0.8949 -0.2849
vn 0.3467 0.8933 -0.2862
vn 0.3443 0.8921 -0.2925
vn 0.4596 0.8586 -0.2270
vn 0.5101 -0.3452 0.7878
vn 0.6494 0.4261 0.6299
vn 0.6495 0.4260 0.6298
vn 0.3633 -0.3214 0.8744
vn 0.6632 0.6805 -0.3115
vn 0.6633 0.6805 -0.3115
vn 0.9026 0.0435 -0.4283
vn 0.6206 0.6831 -0.3851
vn 0.3323 0.8973 -0.2907
vn 0.3345 0.8956 -0.2933
vn 0.3322 0.8973 -0.2907
vn 0.2366 0.9133 -0.3314
vn 0.2306 0.9336 -0.2742
vn 0.4097 0.8506 -0.3297
vn 0.6202 0.6835 -0.3850
vn 0.4097 0.8505 -0.3297
vn 0.4069 0.8581 -0.3131
vn 0.3391 0.8962 -0.2860
vn 0.2562 0.9108 -0.3238
vn 0.3371 0.8953 -0.2913
vn 0.2561 0.9108 -0.3238
vn 0.3371 0.8953 -0.2914
vn 0.4819 0.7758 -0.4074
vn 0.5322 0.7926 -0.2976
vn 0.4274 0.8509 -0.3055
vn 0.3562 0.8897 -0.2855
vn 0.3563 0.8897 -0.2856
vn 0.4273 0.8510 -0.3054
vn 0.4273 0.8509 -0.3055
vn 0.3476 0.8893 -0.2973
vn 0.3491 0.8901 -0.2931
vn 0.3502 0.8896 -0.2932
vn 0.3476 0.8893 -0.2974
vn 0.3484 0.8888 -0.2977
vn 0.3265 0.8992 -0.2911
vn 0.3273 0.8965 -0.2987
vn 0.3421 0.8931 -0.2923
vn 0.3421 0.8930 -0.2925
vn 0.3422 0.8930 -0.2923
vn 0.3476 0.8907 -0.2930
vn 0.3360 0.8971 -0.2870
vn 0.3333 0.8967 -0.2912
vn 0.3359 0.8971 -0.2871
vn 0.3333 0.8967 -0.2913
vn 0.3349 0.8976 -0.2866
vn 0.3362 0.8943 -0.2951
vn 0.3355 0.8958 -0.2915
vn 0.3362 0.8944 -0.2951
vn 0.2315 0.9326 -0.2769
vn 0.4075 0.8345 -0.3708
vn 0.4401 0.8410 -0.3146
vn 0.3474 0.8907 -0.2930
vn 0.3474 0.8908 -0.2930
vn 0.3456 0.8906 -0.2956
vn -0.3472 -0.8987 0.2678
vn -0.3841 -0.9214 0.0599
vn -0.3804 -0.9222 0.0690
vn -0.3472 -0.8987 0.2679
vn -0.3806 -0.9222 0.0688
vn -0.3465 -0.8987 0.2689
vn -0.3465 -0.8987 0.2690
vn -0.3821 -0.9209 0.0768
vn -0.3464 -0.8987 0.2689
vn -0.3821 -0.9209 0.0767
vn -0.3465 -0.8981 0.2709
vn -0.3806 -0.9222 0.0687
vn -0.4027 -0.8465 -0.3481
vn -0.4053 -0.8508 -0.3344
vn -0.4055 -0.8508 -0.3344
vn -0.3820 -0.9210 0.0764
vn -0.3841 -0.9213 0.0598
vn -0.4061 -0.8377 -0.3652
vn -0.4030 -0.8464 -0.3480
vn -0.3840 -0.9214 0.0599
vn -0.4030 -0.8464 -0.3481
vn -0.3806 -0.9222 0.0689
vn -0.3469 -0.8982 0.2701
vn -0.3828 -0.9217 0.0625
vn -0.3862 -0.9204 0.0612
vn -0.3468 -0.8983 0.2698
vn -0.3863 -0.9204 0.0610
vn -0.3476 -0.8984 0.2685
vn -0.3475 -0.8984 0.2687
vn -0.3861 -0.9204 0.0611
vn -0.3841 -0.9213 0.0601
vn -0.3841 -0.9213 0.0599
vn -0.3864 -0.9203 0.0607
vn -0.4096 -0.8338 -0.3700
vn -0.4061 -0.8377 -0.3651
vn -0.3862 -0.9204 0.0607
vn -0.4064 -0.8376 -0.3650
vn -0.3842 -0.9213 0.0598
vn -0.3829 -0.9217 0.0622
vn -0.4056 -0.8341 -0.3737
vn -0.4097 -0.8338 -0.3701
vn -0.3829 -0.9217 0.0620
vn -0.4100 -0.8337 -0.3699
vn -0.3863 -0.9204 0.0606
vn -0.3287 -0.8773 0.3496
vn -0.3284 -0.8755 0.3545
vn -0.3379 -0.8958 0.2889
vn -0.3286 -0.8774 0.3495
vn -0.3378 -0.8958 0.2888
vn -0.2712 -0.9395 0.2095
vn -0.3317 -0.8707 0.3631
vn -0.3327 -0.8696 0.3648
vn -0.4542 -0.8592 0.2354
vn -0.3317 -0.8707 0.3630
vn -0.4543 -0.8592 0.2353
vn -0.3473 -0.8920 0.2893
vn -0.3764 -0.9210 0.1003
vn -0.3309 -0.8649 0.3774
vn -0.3291 -0.8674 0.3732
vn -0.3764 -0.9210 0.1002
vn -0.2954 -0.9463 0.1317
vn -0.3297 -0.8728 0.3599
vn -0.3419 -0.8933 0.2918
vn -0.3284 -0.8755 0.3546
vn -0.3379 -0.8958 0.2888
vn -0.2390 -0.9338 0.2661
vn -0.3359 -0.8957 0.2914
vn -0.3360 -0.8938 0.2969
vn -0.3361 -0.8938 0.2969
vn -0.2215 -0.9152 0.3367
vn -0.3480 -0.8906 0.2930
vn -0.4471 -0.8414 0.3034
vn -0.4248 -0.8233 0.3764
vn -0.3480 -0.8905 0.2930
vn -0.4248 -0.8233 0.3765
vn -0.3454 -0.8896 0.2989
vn -0.3488 -0.8902 0.2930
vn -0.3501 -0.8897 0.2932
vn -0.3504 -0.8911 0.2884
vn -0.3489 -0.8902 0.2931
vn -0.3504 -0.8911 0.2885
vn -0.3494 -0.8914 0.2886
vn -0.3420 -0.8931 0.2922
vn -0.3417 -0.8930 0.2930
vn -0.3360 -0.8938 0.2970
vn -0.3472 -0.8989 0.2672
vn -0.3472 -0.8982 0.2696
vn -0.3870 -0.9207 0.0512
vn -0.3472 -0.8989 0.2673
vn -0.3870 -0.9207 0.0513
vn -0.3849 -0.9221 0.0386
vn -0.3850 -0.9221 0.0385
vn -0.3872 -0.9206 0.0512
vn -0.3999 -0.8279 -0.3934
vn -0.3850 -0.9221 0.0386
vn -0.3998 -0.8279 -0.3935
vn -0.3987 -0.8247 -0.4011
vn -0.3871 -0.9206 0.0511
vn -0.3792 -0.9234 0.0587
vn -0.3886 -0.8339 -0.3919
vn -0.3885 -0.8339 -0.3921
vn -0.4000 -0.8278 -0.3933
vn -0.3472 -0.8983 0.2695
vn -0.3462 -0.8987 0.2693
vn -0.3472 -0.8982 0.2695
vn -0.3791 -0.9235 0.0588
vn -0.3871 -0.9206 0.0512
vn -0.3390 -0.8903 0.3040
vn -0.3448 -0.8887 0.3022
vn -0.3438 -0.8899 0.2999
vn -0.3393 -0.8903 0.3038
vn -0.3440 -0.8898 0.2999
vn -0.3399 -0.8911 0.3007
vn -0.3742 -0.9261 0.0481
vn -0.3739 -0.9270 0.0281
vn -0.3683 -0.8077 -0.4605
vn -0.3740 -0.9262 0.0481
vn -0.3683 -0.8076 -0.4606
vn -0.3777 -0.8253 -0.4197
vn -0.3221 -0.8660 0.3824
vn -0.2503 -0.9457 0.2072
vn -0.2504 -0.9457 0.2072
vn -0.2954 -0.9462 0.1319
vn -0.3351 -0.8960 0.2915
vn -0.3413 -0.8934 0.2922
vn -0.3413 -0.8932 0.2927
vn -0.3356 -0.8936 0.2980
vn -0.3459 -0.8998 0.2660
vn -0.3462 -0.9007 0.2625
vn -0.3739 -0.9270 0.0282
vn -0.3459 -0.8998 0.2659
vn -0.3738 -0.9271 0.0282
vn -0.3741 -0.9261 0.0484
vn -0.3738 -0.9271 0.0280
vn -0.3748 -0.9270 0.0130
vn -0.3629 -0.7962 -0.4841
vn -0.3740 -0.9270 0.0279
vn -0.3628 -0.7963 -0.4841
vn -0.3686 -0.8076 -0.4604
vn -0.3462 -0.9007 0.2624
vn -0.3465 -0.9013 0.2600
vn -0.3746 -0.9271 0.0133
vn -0.3739 -0.9270 0.0283
vn -0.3412 -0.8934 0.2922
vn -0.3418 -0.8932 0.2922
vn -0.3567 -0.8870 0.2932
vn -0.3486 -0.8903 0.2930
vn -0.3468 -0.8900 0.2961
vn -0.3569 -0.8869 0.2934
vn -0.3467 -0.8900 0.2961
vn -0.3536 -0.8857 0.3008
vn -0.3109 -0.8526 0.4199
vn -0.3079 -0.8484 0.4307
vn -0.3109 -0.8526 0.4200
vn -0.3418 -0.8932 0.2923
vn -0.3415 -0.8934 0.2919
vn -0.4540 -0.8593 0.2354
vn -0.3327 -0.8696 0.3649
vn -0.3317 -0.8687 0.3679
vn -0.4543 -0.8592 0.2354
vn -0.4401 -0.8845 0.1547
vn -0.3309 -0.8649 0.3775
vn -0.3763 -0.9211 0.1003
vn -0.4402 -0.8845 0.1545
vn -0.3507 -0.8736 0.3373
vn -0.4426 -0.8614 0.2493
vn -0.3488 -0.8908 0.2911
vn -0.3303 -0.8832 0.3330
vn -0.2048 -0.6525 0.7296
vn -0.2011 -0.6538 0.7294
vn 0.0065 -0.7683 0.6401
vn -0.2047 -0.6524 0.7297
vn 0.0109 -0.7721 0.6354
vn -0.3317 -0.8928 0.3049
vn -0.3365 -0.8932 0.2982
vn -0.3354 -0.8948 0.2947
vn -0.3353 -0.8948 0.2947
vn -0.3272 -0.8965 0.2987
vn -0.3390 -0.8891 0.3075
vn -0.3401 -0.8913 0.2998
vn -0.3367 -0.8932 0.2980
vn -0.3368 -0.8932 0.2981
vn -0.3317 -0.8928 0.3048
vn -0.3461 -0.8986 0.2697
vn -0.3791 -0.9239 0.0513
vn -0.3469 -0.8982 0.2699
vn -0.3789 -0.9240 0.0515
vn -0.3829 -0.9217 0.0623
vn -0.3829 -0.9217 0.0621
vn -0.3791 -0.9239 0.0509
vn -0.3968 -0.8311 -0.3897
vn -0.3830 -0.9217 0.0621
vn -0.3967 -0.8311 -0.3897
vn -0.4058 -0.8341 -0.3737
vn -0.3791 -0.9240 0.0511
vn -0.3851 -0.9221 0.0385
vn -0.3987 -0.8246 -0.4013
vn -0.3792 -0.9239 0.0510
vn -0.3985 -0.8247 -0.4013
vn -0.3968 -0.8312 -0.3894
vn -0.3461 -0.8987 0.2695
vn -0.3472 -0.8989 0.2674
vn -0.3849 -0.9222 0.0389
vn -0.3849 -0.9222 0.0387
vn -0.3346 -0.8962 0.2913
vn -0.3333 -0.8967 0.2912
vn -0.3328 -0.8953 0.2960
vn -0.3330 -0.8953 0.2959
vn -0.3341 -0.8949 0.2958
vn -0.3348 -0.8930 0.3007
vn -0.3395 -0.8906 0.3027
vn -0.3402 -0.8914 0.2994
vn -0.3403 -0.8914 0.2995
vn -0.3370 -0.8930 0.2983
vn -0.3243 -0.8788 0.3500
vn -0.3232 -0.8780 0.3532
vn -0.1954 -0.7522 0.6292
vn -0.3242 -0.8789 0.3500
vn -0.1955 -0.7522 0.6293
vn -0.2038 -0.7491 0.6303
vn -0.2535 -0.7386 0.6247
vn -0.3286 -0.8774 0.3496
vn -0.3295 -0.8772 0.3493
vn -0.2535 -0.7386 0.6246
vn -0.3317 -0.8757 0.3507
vn -0.2433 -0.7369 0.6306
vn -0.3469 -0.8988 0.2681
vn -0.3457 -0.8985 0.2706
vn -0.3386 -0.8712 0.3555
vn -0.3470 -0.8987 0.2681
vn -0.3279 -0.8728 0.3615
vn -0.3281 -0.8727 0.3615
vn -0.3387 -0.8712 0.3554
vn -0.3608 -0.8181 0.4477
vn -0.3280 -0.8728 0.3615
vn -0.3610 -0.8181 0.4477
vn -0.2667 -0.8251 0.4981
vn -0.3384 -0.8712 0.3556
vn -0.3430 -0.8868 0.3098
vn -0.4039 -0.8360 0.3715
vn -0.3387 -0.8712 0.3555
vn -0.3610 -0.8181 0.4476
vn -0.3456 -0.8985 0.2706
vn -0.3462 -0.8980 0.2715
vn -0.3430 -0.8868 0.3097
vn -0.3385 -0.8712 0.3556
vn -0.3463 -0.8982 0.2706
vn -0.3473 -0.8979 0.2705
vn -0.3140 -0.8830 0.3488
vn -0.3465 -0.8981 0.2707
vn -0.3139 -0.8830 0.3489
vn -0.3319 -0.8916 0.3081
vn -0.3320 -0.8916 0.3079
vn -0.2213 -0.8802 0.4199
vn -0.3319 -0.8916 0.3082
vn -0.2213 -0.8802 0.4200
vn -0.2217 -0.9151 0.3367
vn -0.3142 -0.8830 0.3487
vn -0.2665 -0.8251 0.4982
vn -0.3139 -0.8831 0.3488
vn -0.2666 -0.8251 0.4982
vn -0.2212 -0.8802 0.4200
vn -0.3472 -0.8980 0.2705
vn -0.3259 -0.8767 0.3537
vn -0.2220 -0.7407 0.6341
vn -0.3295 -0.8771 0.3494
vn -0.2219 -0.7407 0.6341
vn -0.2432 -0.7370 0.6306
vn -0.1928 -0.7329 0.6525
vn -0.3187 -0.8734 0.3683
vn -0.3217 -0.8720 0.3689
vn -0.1928 -0.7329 0.6524
vn -0.3217 -0.8720 0.3690
vn -0.2214 -0.7194 0.6584
vn 0.0109 -0.7720 0.6356
vn 0.0064 -0.7683 0.6400
vn 0.1127 -0.8871 0.4475
vn 0.0109 -0.7719 0.6357
vn 0.1126 -0.8872 0.4475
vn 0.1137 -0.8897 0.4422
vn -0.3416 -0.8932 0.2923
vn -0.3415 -0.8931 0.2929
vn -0.3348 -0.8942 0.2970
vn -0.3347 -0.8962 0.2913
vn -0.2532 -0.9271 0.2764
vn -0.2758 -0.9335 0.2291
vn -0.2758 -0.9335 0.2292
vn -0.3370 -0.8963 0.2881
vn -0.3267 -0.8992 0.2910
vn -0.3352 -0.8960 0.2913
vn -0.3371 -0.8962 0.2883
vn -0.3266 -0.8992 0.2911
vn -0.3368 -0.8964 0.2882
vn -0.3300 -0.9004 0.2837
vn -0.3216 -0.8720 0.3691
vn -0.3329 -0.8719 0.3592
vn -0.2943 -0.7116 0.6380
vn -0.3218 -0.8720 0.3688
vn -0.2944 -0.7115 0.6381
vn -0.4781 -0.6786 0.5576
vn -0.3684 -0.8637 0.3439
vn -0.3721 -0.8625 0.3429
vn -0.4782 -0.6785 0.5577
vn -0.3723 -0.8625 0.3428
vn -0.4943 -0.6695 0.5544
vn -0.3468 -0.8979 0.2710
vn -0.3468 -0.8977 0.2717
vn -0.3380 -0.8928 0.2978
vn -0.3381 -0.8927 0.2978
vn -0.3416 -0.8929 0.2932
vn -0.3415 -0.8930 0.2932
vn -0.3381 -0.8928 0.2978
vn -0.3348 -0.8942 0.2971
vn -0.3414 -0.8930 0.2932
vn -0.3415 -0.8931 0.2930
vn -0.3303 -0.8921 0.3084
vn -0.2383 -0.9121 0.3336
vn -0.3470 -0.8974 0.2725
vn -0.3304 -0.8921 0.3084
vn -0.3469 -0.8977 0.2718
vn -0.2530 -0.9272 0.2761
vn -0.2382 -0.9122 0.3335
vn -0.1107 -0.9085 0.4030
vn -0.2530 -0.9272 0.2762
vn -0.1108 -0.9086 0.4028
vn -0.1355 -0.9523 0.2733
vn -0.4213 -0.8532 0.3074
vn -0.4039 -0.8361 0.3713
vn -0.3444 -0.8901 0.2985
vn -0.4211 -0.8533 0.3074
vn -0.3465 -0.8911 0.2929
vn -0.3507 -0.8737 0.3371
vn -0.3769 -0.7044 0.6015
vn -0.3722 -0.8625 0.3430
vn -0.3770 -0.7045 0.6012
vn -0.4944 -0.6696 0.5543
vn -0.2943 -0.7115 0.6381
vn -0.3328 -0.8719 0.3592
vn -0.3505 -0.8702 0.3464
vn -0.3505 -0.8702 0.3463
vn -0.3934 -0.7009 0.5949
vn -0.3471 -0.8983 0.2693
vn -0.3453 -0.8983 0.2716
vn -0.3431 -0.8802 0.3280
vn -0.3431 -0.8802 0.3279
vn -0.3335 -0.8827 0.3310
vn -0.3334 -0.8828 0.3309
vn -0.3432 -0.8802 0.3279
vn -0.3749 -0.8071 0.4561
vn -0.3334 -0.8827 0.3311
vn -0.3750 -0.8070 0.4561
vn -0.2786 -0.8334 0.4772
vn -0.3463 -0.8849 0.3116
vn -0.4286 -0.8211 0.3769
vn -0.3750 -0.8069 0.4563
vn -0.3460 -0.8976 0.2733
vn -0.3464 -0.8848 0.3116
vn -0.3453 -0.8983 0.2717
vn -0.3463 -0.8848 0.3116
vn -0.3478 -0.8973 0.2717
vn -0.3232 -0.8875 0.3284
vn -0.3470 -0.8973 0.2726
vn -0.3304 -0.8920 0.3084
vn -0.3231 -0.8875 0.3284
vn -0.2321 -0.8830 0.4079
vn -0.2321 -0.8829 0.4082
vn -0.3231 -0.8876 0.3283
vn -0.2787 -0.8334 0.4773
vn -0.3231 -0.8875 0.3285
vn -0.2787 -0.8334 0.4772
vn -0.2322 -0.8830 0.4079
vn -0.3479 -0.8973 0.2716
vn -0.3233 -0.8875 0.3284
vn -0.3506 -0.8701 0.3463
vn -0.4780 -0.6786 0.5578
vn -0.3504 -0.8701 0.3465
vn -0.4782 -0.6786 0.5576
vn -0.3936 -0.7009 0.5949
vn -0.3204 -0.8759 0.3607
vn -0.1955 -0.7521 0.6294
vn -0.3205 -0.8759 0.3606
vn -0.1907 -0.7461 0.6380
vn -0.3493 -0.8914 0.2887
vn -0.3504 -0.8910 0.2885
vn -0.3489 -0.8932 0.2836
vn -0.3493 -0.8915 0.2886
vn -0.3471 -0.8933 0.2854
vn -0.3449 -0.8887 0.3021
vn -0.3484 -0.8888 0.2977
vn -0.3475 -0.8893 0.2973
vn -0.3448 -0.8887 0.3023
vn -0.3475 -0.8893 0.2974
vn -0.3439 -0.8899 0.2998
vn -0.3461 -0.8980 0.2716
vn -0.3467 -0.8979 0.2711
vn -0.3420 -0.8910 0.2985
vn -0.3419 -0.8911 0.2984
vn -0.3429 -0.8868 0.3098
vn -0.3429 -0.8868 0.3097
vn -0.4040 -0.8360 0.3715
vn -0.3415 -0.8930 0.2930
vn -0.3205 -0.8759 0.3607
vn -0.3187 -0.8734 0.3682
vn -0.1929 -0.7329 0.6524
vn -0.3206 -0.8759 0.3607
vn -0.1908 -0.7461 0.6380
vn -0.0798 -0.7943 0.6022
vn -0.3097 -0.8895 0.3359
vn -0.2307 -0.9086 0.3482
vn -0.0798 -0.7943 0.6023
vn -0.2308 -0.9087 0.3478
vn 0.0424 -0.7964 0.6033
vn -0.3465 -0.8912 0.2929
vn -0.3418 -0.8934 0.2917
vn -0.3462 -0.8922 0.2900
vn -0.3357 -0.8960 0.2905
vn -0.3350 -0.8967 0.2892
vn -0.2712 -0.9289 0.2523
vn -0.2714 -0.9288 0.2525
vn -0.2746 -0.9230 0.2695
vn -0.2745 -0.9230 0.2696
vn -0.0189 -0.9867 0.1614
vn 0.0305 -0.9728 0.2295
vn -0.2745 -0.9231 0.2695
vn -0.2647 -0.9221 0.2822
vn -0.4480 -0.8400 0.3060
vn -0.4286 -0.8211 0.3770
vn -0.3477 -0.8887 0.2989
vn -0.4481 -0.8400 0.3060
vn -0.3478 -0.8887 0.2988
vn -0.3511 -0.8891 0.2937
vn -0.2306 -0.9087 0.3479
vn 0.1171 -0.9071 0.4044
vn 0.1832 -0.8071 0.5612
vn -0.2306 -0.9087 0.3480
vn 0.1829 -0.8073 0.5611
vn 0.0424 -0.7963 0.6034
vn -0.3771 -0.7044 0.6014
vn -0.3507 -0.8737 0.3373
vn -0.1959 -0.7673 0.6107
vn -0.3400 -0.9024 0.2649
vn -0.2822 -0.9430 0.1763
vn -0.2762 -0.9343 0.2254
vn -0.3400 -0.9023 0.2649
vn -0.2762 -0.9343 0.2255
vn -0.3351 -0.8973 0.2873
vn -0.3350 -0.8973 0.2874
vn -0.2712 -0.9289 0.2522
vn -0.2714 -0.9289 0.2521
vn -0.3350 -0.8967 0.2894
vn -0.0503 -0.9983 -0.0294
vn -0.0136 -0.9961 0.0874
vn -0.0136 -0.9961 0.0877
vn -0.2712 -0.9288 0.2524
vn -0.2821 -0.9430 0.1764
vn -0.0850 -0.9842 -0.1553
vn -0.0503 -0.9983 -0.0293
vn -0.0504 -0.9983 -0.0291
vn -0.2761 -0.9343 0.2256
vn -0.3461 -0.8974 0.2735
vn -0.3470 -0.8973 0.2727
vn -0.3435 -0.8902 0.2993
vn -0.3460 -0.8975 0.2733
vn -0.3463 -0.8849 0.3115
vn -0.3478 -0.8887 0.2989
vn -0.3434 -0.8902 0.2993
vn -0.3351 -0.8973 0.2872
vn -0.3350 -0.8967 0.2893
vn -0.3470 -0.8973 0.2728
vn -0.3400 -0.9023 0.2650
vn -0.3351 -0.8973 0.2874
vn -0.3303 -0.8832 0.3329
vn -0.3097 -0.8895 0.3360
vn -0.1958 -0.7673 0.6106
vn -0.3317 -0.8703 0.3640
vn -0.2655 -0.7044 0.6582
vn -0.2601 -0.6892 0.6762
vn -0.2603 -0.6891 0.6763
vn -0.3512 -0.8891 0.2937
vn -0.3357 -0.8961 0.2905
vn -0.3348 -0.8961 0.2913
vn -0.3349 -0.8961 0.2913
vn -0.3489 -0.8908 0.2911
vn -0.0184 -0.9868 0.1611
vn -0.0134 -0.9961 0.0875
vn -0.0185 -0.9867 0.1613
vn 0.5357 -0.7942 -0.2867
vn -0.3097 -0.8895 0.3361
vn -0.2308 -0.9086 0.3481
vn 0.0305 -0.9729 0.2294
vn 0.1169 -0.9071 0.4043
vn -0.2646 -0.9221 0.2822
vn -0.2306 -0.9086 0.3481
vn -0.4245 -0.8679 0.2582
vn -0.3461 -0.8923 0.2900
vn -0.3232 -0.8780 0.3531
vn -0.3206 -0.8759 0.3605
vn -0.3462 -0.8922 0.2899
vn -0.3187 -0.8734 0.3684
vn -0.3329 -0.8719 0.3591
vn -0.2757 -0.9335 0.2291
vn -0.3114 -0.9321 0.1850
vn -0.3327 -0.8719 0.3592
vn -0.3113 -0.9322 0.1848
vn -0.3114 -0.9321 0.1851
vn -0.3649 -0.9155 0.1693
vn -0.3505 -0.8701 0.3464
vn -0.3684 -0.8638 0.3438
vn -0.3648 -0.9156 0.1693
vn -0.4152 -0.8882 0.1969
vn -0.4151 -0.8882 0.1969
vn -0.4152 -0.8882 0.1968
vn -0.4427 -0.8614 0.2492
vn -0.3507 -0.8737 0.3372
vn -0.4152 -0.8882 0.1966
vn -0.3721 -0.8625 0.3430
vn -0.3186 -0.8734 0.3683
vn -0.3417 -0.8934 0.2917
vn -0.3370 -0.8963 0.2882
vn -0.3186 -0.8734 0.3682
vn -0.3369 -0.8964 0.2881
vn -0.3329 -0.8718 0.3593
vn -0.3216 -0.8720 0.3692
vn -0.3288 -0.8773 0.3496
vn -0.2712 -0.9394 0.2095
vn -0.3212 -0.9320 0.1681
vn -0.3211 -0.9320 0.1682
vn -0.3211 -0.9320 0.1679
vn -0.3782 -0.9103 0.1685
vn -0.3258 -0.8767 0.3538
vn -0.3210 -0.9321 0.1679
vn -0.3257 -0.8768 0.3537
vn -0.3257 -0.8768 0.3538
vn -0.4143 -0.8863 0.2069
vn -0.3259 -0.8768 0.3536
vn -0.4143 -0.8862 0.2071
vn -0.3243 -0.8788 0.3501
vn -0.4144 -0.8863 0.2070
vn -0.4245 -0.8678 0.2582
vn -0.3233 -0.8779 0.3532
vn -0.4144 -0.8863 0.2069
vn 0.1170 -0.9071 0.4044
vn 0.6662 -0.7453 0.0268
vn 0.1170 -0.9071 0.4043
vn -0.2607 -0.6890 0.6763
vn -0.2628 -0.6745 0.6900
vn -0.2605 -0.6891 0.6763
vn -0.3159 -0.8603 0.4001
vn -0.3160 -0.8603 0.4000
vn -0.3415 -0.8935 0.2918
vn -0.3376 -0.8963 0.2874
vn -0.2035 -0.6414 0.7397
vn -0.1972 -0.6327 0.7489
vn -0.3081 -0.8482 0.4308
vn -0.2036 -0.6414 0.7397
vn -0.3080 -0.8483 0.4307
vn -0.3110 -0.8526 0.4199
vn -0.3310 -0.8650 0.3771
vn -0.2628 -0.6743 0.6901
vn -0.2590 -0.6737 0.6922
vn -0.3310 -0.8649 0.3774
vn -0.2591 -0.6737 0.6921
vn -0.3291 -0.8675 0.3731
vn -0.2593 -0.6735 0.6922
vn -0.2394 -0.6754 0.6975
vn -0.3221 -0.8661 0.3824
vn -0.2590 -0.6736 0.6922
vn -0.3219 -0.8661 0.3824
vn -0.3291 -0.8674 0.3731
vn -0.2536 -0.7385 0.6248
vn -0.2569 -0.7366 0.6256
vn -0.3285 -0.8755 0.3543
vn -0.2633 -0.7281 0.6329
vn -0.2678 -0.7170 0.6436
vn -0.3318 -0.8707 0.3630
vn -0.2632 -0.7281 0.6329
vn -0.3318 -0.8708 0.3629
vn -0.3297 -0.8728 0.3600
vn -0.2573 -0.7365 0.6256
vn -0.2629 -0.7282 0.6329
vn -0.2570 -0.7365 0.6257
vn -0.3272 -0.8763 0.3536
vn 0.1830 -0.8073 0.5611
vn 0.7045 -0.6045 0.3719
vn 0.1830 -0.8075 0.5608
vn 0.7046 -0.6043 0.3719
vn 0.6518 -0.4100 0.6380
vn -0.2680 -0.7168 0.6437
vn -0.2653 -0.7046 0.6581
vn -0.3328 -0.8696 0.3648
vn -0.2678 -0.7169 0.6436
vn -0.3328 -0.8696 0.3647
vn -0.4143 -0.8568 -0.3070
vn -0.4279 -0.8534 -0.2978
vn -0.3844 -0.9171 0.1056
vn -0.4142 -0.8569 -0.3069
vn -0.3844 -0.9171 0.1057
vn -0.3780 -0.9207 0.0975
vn -0.3777 -0.9208 0.0976
vn -0.3843 -0.9171 0.1058
vn -0.3778 -0.9207 0.0977
vn -0.3459 -0.8976 0.2733
vn -0.3842 -0.9171 0.1058
vn -0.3778 -0.9204 0.1011
vn -0.3401 -0.9023 0.2650
vn -0.4280 -0.8533 -0.2979
vn -0.4228 -0.8531 -0.3057
vn -0.3780 -0.9203 0.1011
vn -0.4279 -0.8533 -0.2979
vn -0.3843 -0.9172 0.1055
vn -0.3558 -0.8614 -0.3624
vn -0.3177 -0.9478 0.0265
vn -0.4229 -0.8531 -0.3057
vn -0.3176 -0.9479 0.0265
vn -0.3779 -0.9203 0.1010
vn -0.3779 -0.9203 0.1012
vn -0.2822 -0.9430 0.1762
vn -0.1350 -0.9436 -0.3022
vn -0.0850 -0.9842 -0.1552
vn -0.0849 -0.9842 -0.1552
vn -0.2821 -0.9430 0.1765
vn -0.2098 -0.8622 -0.4611
vn -0.1353 -0.9436 -0.3022
vn -0.3558 -0.8615 -0.3622
vn -0.1351 -0.9436 -0.3022
vn -0.4070 -0.8586 -0.3118
vn -0.4130 -0.8611 -0.2966
vn -0.3803 -0.9197 0.0973
vn -0.4070 -0.8586 -0.3117
vn -0.3804 -0.9197 0.0975
vn -0.3780 -0.9216 0.0884
vn -0.3778 -0.9216 0.0886
vn -0.3804 -0.9196 0.0977
vn -0.3468 -0.8979 0.2713
vn -0.3461 -0.8981 0.2715
vn -0.3802 -0.9197 0.0977
vn -0.3808 -0.9191 0.1009
vn -0.3468 -0.8979 0.2711
vn -0.3803 -0.9197 0.0976
vn -0.3468 -0.8979 0.2712
vn -0.4129 -0.8611 -0.2968
vn -0.4137 -0.8622 -0.2925
vn -0.3807 -0.9192 0.1004
vn -0.4127 -0.8612 -0.2967
vn -0.3809 -0.9191 0.1005
vn -0.3803 -0.9197 0.0974
vn -0.4199 -0.8530 -0.3100
vn -0.4246 -0.8430 -0.3302
vn -0.3926 -0.9163 0.0787
vn -0.4200 -0.8529 -0.3101
vn -0.3926 -0.9163 0.0789
vn -0.3872 -0.9172 0.0939
vn -0.3870 -0.9173 0.0940
vn -0.3926 -0.9163 0.0791
vn -0.3478 -0.8973 0.2718
vn -0.3470 -0.8974 0.2726
vn -0.3925 -0.9163 0.0790
vn -0.3856 -0.9203 0.0660
vn -0.3926 -0.9163 0.0790
vn -0.3471 -0.8983 0.2694
vn -0.4243 -0.8432 -0.3302
vn -0.4135 -0.8438 -0.3419
vn -0.3859 -0.9202 0.0655
vn -0.4244 -0.8431 -0.3302
vn -0.3857 -0.9203 0.0658
vn -0.4133 -0.8440 -0.3418
vn -0.4038 -0.8538 -0.3285
vn -0.3749 -0.9237 0.0790
vn -0.4134 -0.8439 -0.3419
vn -0.3858 -0.9202 0.0655
vn -0.3856 -0.9203 0.0659
vn -0.3748 -0.9237 0.0792
vn -0.3454 -0.8983 0.2716
vn -0.3855 -0.9203 0.0662
vn -0.3452 -0.8983 0.2718
vn -0.3472 -0.8983 0.2694
vn -0.3748 -0.9237 0.0791
vn -0.3778 -0.9207 0.0976
vn -0.3460 -0.8976 0.2732
vn -0.4037 -0.8539 -0.3285
vn -0.4144 -0.8568 -0.3068
vn -0.4038 -0.8539 -0.3284
vn -0.3777 -0.9208 0.0975
vn -0.3749 -0.9237 0.0791
vn -0.4136 -0.8622 -0.2924
vn -0.4144 -0.8602 -0.2971
vn -0.3820 -0.9188 0.0998
vn -0.4136 -0.8622 -0.2925
vn -0.3821 -0.9187 0.0999
vn -0.3810 -0.9191 0.1006
vn -0.3808 -0.9192 0.1007
vn -0.3821 -0.9187 0.1003
vn -0.3468 -0.8978 0.2716
vn -0.3808 -0.9191 0.1007
vn -0.3820 -0.9187 0.1000
vn -0.3467 -0.8978 0.2716
vn -0.4145 -0.8601 -0.2972
vn -0.4201 -0.8528 -0.3102
vn -0.3871 -0.9173 0.0937
vn -0.4145 -0.8602 -0.2972
vn -0.3872 -0.9172 0.0938
vn -0.3822 -0.9187 0.0998
vn -0.4052 -0.8508 -0.3345
vn -0.4082 -0.8474 -0.3396
vn -0.3868 -0.9195 0.0695
vn -0.4053 -0.8508 -0.3345
vn -0.3868 -0.9195 0.0697
vn -0.3821 -0.9209 0.0765
vn -0.3820 -0.9210 0.0765
vn -0.3868 -0.9195 0.0699
vn -0.3472 -0.8979 0.2707
vn -0.3821 -0.9209 0.0766
vn -0.3464 -0.8982 0.2707
vn -0.3867 -0.9196 0.0696
vn -0.3821 -0.9223 0.0582
vn -0.3469 -0.8988 0.2680
vn -0.3472 -0.8979 0.2705
vn -0.4079 -0.8475 -0.3397
vn -0.4001 -0.8477 -0.3483
vn -0.3824 -0.9222 0.0578
vn -0.4080 -0.8474 -0.3397
vn -0.3822 -0.9223 0.0579
vn -0.3869 -0.9195 0.0695
vn -0.4001 -0.8477 -0.3484
vn -0.3973 -0.8545 -0.3346
vn -0.3752 -0.9241 0.0719
vn -0.4003 -0.8477 -0.3481
vn -0.3753 -0.9241 0.0718
vn -0.3823 -0.9222 0.0581
vn -0.3820 -0.9223 0.0583
vn -0.3752 -0.9241 0.0721
vn -0.3456 -0.8985 0.2705
vn -0.3821 -0.9223 0.0581
vn -0.3752 -0.9242 0.0720
vn -0.3779 -0.9216 0.0887
vn -0.3461 -0.8980 0.2715
vn -0.3754 -0.9241 0.0720
vn -0.3461 -0.8980 0.2717
vn -0.3455 -0.8985 0.2709
vn -0.3974 -0.8545 -0.3346
vn -0.4071 -0.8586 -0.3116
vn -0.3778 -0.9217 0.0884
vn -0.3778 -0.9217 0.0885
vn -0.3754 -0.9241 0.0719
vn -0.4249 -0.8233 0.3763
vn -0.3772 -0.8038 0.4601
vn -0.3408 -0.8723 0.3507
vn -0.3404 -0.8724 0.3507
vn -0.3437 -0.8860 0.3113
vn -0.3437 -0.8860 0.3112
vn -0.3404 -0.8724 0.3506
vn -0.3460 -0.8987 0.2695
vn -0.3461 -0.8986 0.2695
vn -0.3404 -0.8724 0.3508
vn -0.3265 -0.8748 0.3579
vn -0.3472 -0.8989 0.2671
vn -0.3405 -0.8724 0.3506
vn -0.3461 -0.8987 0.2694
vn -0.3771 -0.8038 0.4601
vn -0.2799 -0.8097 0.5158
vn -0.3770 -0.8038 0.4601
vn -0.3264 -0.8749 0.3577
vn -0.3405 -0.8724 0.3507
vn -0.2194 -0.6628 0.7160
vn -0.2035 -0.6414 0.7398
vn -0.3110 -0.8526 0.4200
vn -0.2196 -0.6629 0.7158
vn -0.3111 -0.8526 0.4199
vn -0.3414 -0.8932 0.2927
vn -0.3415 -0.8931 0.2928
vn -0.3357 -0.8936 0.2980
vn -0.3388 -0.8923 0.2984
vn -0.3417 -0.8931 0.2928
vn -0.3419 -0.8932 0.2922
vn -0.3466 -0.9013 0.2599
vn -0.3466 -0.9013 0.2598
vn -0.2798 -0.8097 0.5158
vn -0.2204 -0.8695 0.4421
vn -0.3168 -0.8826 0.3472
vn -0.2800 -0.8096 0.5159
vn -0.3170 -0.8825 0.3474
vn -0.3264 -0.8749 0.3578
vn -0.3265 -0.8748 0.3581
vn -0.3169 -0.8826 0.3474
vn -0.3473 -0.8982 0.2695
vn -0.3265 -0.8748 0.3580
vn -0.3322 -0.8908 0.3100
vn -0.3463 -0.8987 0.2691
vn -0.3168 -0.8826 0.3474
vn -0.3462 -0.8987 0.2691
vn -0.2204 -0.8694 0.4421
vn -0.2173 -0.9105 0.3519
vn -0.3322 -0.8909 0.3098
vn -0.2204 -0.8694 0.4422
vn -0.3169 -0.8826 0.3473
vn -0.4249 -0.8233 0.3764
vn -0.3438 -0.8859 0.3114
vn -0.3423 -0.8908 0.2988
vn -0.4247 -0.8234 0.3763
vn -0.3454 -0.8896 0.2988
vn -0.3453 -0.8897 0.2988
vn -0.3417 -0.8930 0.2931
vn -0.3424 -0.8908 0.2988
vn -0.3476 -0.8984 0.2684
vn -0.3438 -0.8860 0.3112
vn -0.3469 -0.8982 0.2698
vn -0.3422 -0.8908 0.2988
vn -0.3416 -0.8930 0.2930
vn -0.3416 -0.8930 0.2931
vn -0.3388 -0.8926 0.2975
vn -0.3388 -0.8926 0.2976
vn -0.3318 -0.8916 0.3081
vn -0.2216 -0.9152 0.3366
vn -0.3465 -0.8986 0.2690
vn -0.3465 -0.8981 0.2708
vn -0.3417 -0.8929 0.2932
vn -0.3473 -0.8987 0.2679
vn -0.4003 -0.8476 -0.3484
vn -0.3192 -0.5150 -0.7955
vn -0.3972 -0.8545 -0.3347
vn -0.3973 -0.8545 -0.3347
vn -0.3191 -0.5150 -0.7956
vn -0.3326 -0.5178 -0.7882
vn -0.3971 -0.8545 -0.3347
vn -0.3327 -0.5177 -0.7882
vn -0.4069 -0.8586 -0.3117
vn -0.1929 -0.7331 0.6522
vn 0.1228 -0.2107 0.9698
vn 0.1362 -0.2282 0.9640
vn -0.1929 -0.7330 0.6523
vn -0.1906 -0.7462 0.6378
vn -0.1908 -0.7461 0.6379
vn 0.1365 -0.2285 0.9639
vn 0.1279 -0.2329 0.9641
vn -0.1907 -0.7461 0.6379
vn -0.1954 -0.7523 0.6291
vn -0.0798 -0.7945 0.6020
vn 0.3637 -0.3214 0.8743
vn 0.1194 -0.2297 0.9659
vn 0.1194 -0.2298 0.9659
vn -0.1957 -0.7674 0.6106
vn 0.1190 -0.2296 0.9660
vn -0.2874 -0.0801 0.9544
vn -0.2876 -0.0801 0.9544
vn -0.3770 -0.7042 0.6016
vn -0.3383 -0.5226 -0.7826
vn -0.3366 -0.5202 -0.7849
vn -0.4135 -0.8622 -0.2925
vn -0.3368 -0.5200 -0.7849
vn -0.3366 -0.5201 -0.7850
vn -0.3387 -0.5121 -0.7893
vn -0.4144 -0.8603 -0.2971
vn -0.3386 -0.5121 -0.7894
vn -0.4200 -0.8528 -0.3103
vn -0.4227 -0.8531 -0.3058
vn -0.3507 -0.5020 -0.7906
vn -0.2670 -0.5134 -0.8156
vn -0.4229 -0.8530 -0.3057
vn -0.2671 -0.5133 -0.8156
vn -0.3560 -0.8613 -0.3627
vn -0.3557 -0.8614 -0.3625
vn -0.0676 -0.5509 -0.8318
vn -0.2095 -0.8622 -0.4612
vn -0.2653 -0.7047 0.6581
vn -0.0624 -0.1398 0.9882
vn -0.0664 -0.1253 0.9899
vn -0.2654 -0.7046 0.6582
vn -0.2604 -0.6892 0.6761
vn -0.0689 -0.1157 0.9909
vn -0.2606 -0.6892 0.6761
vn -0.0687 -0.1156 0.9909
vn -0.2630 -0.6745 0.6898
vn -0.5847 -0.0176 0.8111
vn -0.3768 -0.7042 0.6017
vn -0.4944 -0.6695 0.5544
vn -0.5846 -0.0175 0.8111
vn -0.5734 -0.0411 0.8182
vn -0.4943 -0.6695 0.5545
vn -0.5732 -0.0412 0.8184
vn -0.4780 -0.6785 0.5578
vn -0.3414 -0.5025 -0.7943
vn -0.3417 -0.5024 -0.7943
vn -0.4244 -0.8430 -0.3304
vn -0.4244 -0.8431 -0.3303
vn -0.4134 -0.8438 -0.3421
vn -0.3222 -0.8661 0.3822
vn -0.2396 -0.6754 0.6974
vn -0.2195 -0.6629 0.7158
vn -0.3220 -0.8661 0.3824
vn -0.2194 -0.6629 0.7159
vn -0.3160 -0.8603 0.3999
vn -0.0851 -0.9842 -0.1552
vn 0.2562 -0.7249 -0.6394
vn 0.3925 -0.7784 -0.4900
vn -0.0848 -0.9842 -0.1554
vn 0.3926 -0.7784 -0.4899
vn -0.0504 -0.9983 -0.0294
vn 0.3922 -0.7784 -0.4902
vn 0.5353 -0.7944 -0.2869
vn 0.5358 -0.7942 -0.2867
vn -0.2097 -0.8621 -0.4613
vn -0.0677 -0.5507 -0.8319
vn 0.1228 -0.6412 -0.7575
vn -0.2098 -0.8620 -0.4615
vn 0.1229 -0.6411 -0.7575
vn -0.1351 -0.9438 -0.3018
vn -0.1350 -0.9437 -0.3020
vn 0.1228 -0.6410 -0.7577
vn 0.2561 -0.7250 -0.6393
vn -0.1351 -0.9436 -0.3021
vn -0.3776 -0.8254 -0.4198
vn -0.2780 -0.4688 -0.8384
vn -0.2898 -0.4841 -0.8256
vn -0.3774 -0.8255 -0.4197
vn -0.3885 -0.8338 -0.3922
vn -0.3387 -0.8923 0.2985
vn -0.3460 -0.8998 0.2659
vn -0.3220 -0.8660 0.3825
vn -0.2504 -0.9457 0.2073
vn -0.3377 -0.8963 0.2874
vn -0.3466 -0.1012 0.9325
vn -0.3466 -0.1013 0.9325
vn -0.3934 -0.7008 0.5951
vn -0.3934 -0.7007 0.5952
vn -0.3464 -0.1010 0.9327
vn -0.0911 -0.1485 0.9847
vn -0.2535 -0.7387 0.6246
vn 0.0011 -0.1913 0.9815
vn -0.2536 -0.7385 0.6247
vn -0.2571 -0.7365 0.6256
vn -0.2572 -0.7365 0.6256
vn -0.0346 -0.1700 0.9848
vn -0.2573 -0.7364 0.6257
vn -0.0344 -0.1700 0.9848
vn -0.2631 -0.7282 0.6329
vn -0.2283 -0.9334 0.2767
vn -0.3352 -0.8959 0.2914
vn -0.4135 -0.8437 -0.3423
vn -0.3357 -0.5017 -0.7973
vn -0.3334 -0.5081 -0.7941
vn -0.4135 -0.8438 -0.3421
vn -0.3333 -0.5082 -0.7941
vn -0.4038 -0.8539 -0.3285
vn -0.4039 -0.8537 -0.3288
vn -0.3331 -0.5082 -0.7942
vn -0.3464 -0.5091 -0.7879
vn -0.3469 -0.5091 -0.7877
vn -0.4143 -0.8567 -0.3071
vn 0.1279 -0.2329 0.9640
vn -0.1953 -0.7523 0.6292
vn 0.1036 -0.2238 0.9691
vn -0.2039 -0.7492 0.6302
vn -0.2038 -0.7492 0.6302
vn 0.0664 -0.2088 0.9757
vn 0.0664 -0.2089 0.9757
vn -0.2218 -0.7408 0.6341
vn -0.3239 -0.4886 -0.8102
vn -0.4056 -0.8341 -0.3738
vn -0.3238 -0.4887 -0.8101
vn -0.4096 -0.8338 -0.3701
vn -0.4098 -0.8337 -0.3700
vn -0.3236 -0.4886 -0.8103
vn -0.3221 -0.4945 -0.8073
vn -0.3221 -0.4946 -0.8073
vn -0.4061 -0.8376 -0.3653
vn -0.2037 -0.6416 0.7395
vn 0.0103 -0.0897 0.9959
vn -0.0053 -0.1063 0.9943
vn -0.2037 -0.6413 0.7397
vn -0.0052 -0.1063 0.9943
vn -0.1975 -0.6328 0.7487
vn -0.3686 -0.8075 -0.4606
vn -0.2686 -0.4437 -0.8550
vn -0.2778 -0.4688 -0.8385
vn -0.3684 -0.8076 -0.4605
vn -0.2781 -0.4688 -0.8384
vn -0.3772 -0.8255 -0.4198
vn -0.0914 -0.1485 0.9847
vn 0.0611 -0.1839 0.9810
vn -0.2944 -0.7115 0.6380
vn 0.0609 -0.1840 0.9810
vn -0.2216 -0.7195 0.6581
vn -0.2214 -0.7194 0.6583
vn 0.0611 -0.1839 0.9811
vn -0.2215 -0.7194 0.6584
vn 0.1226 -0.2106 0.9698
vn -0.1928 -0.7331 0.6522
vn -0.4053 -0.8507 -0.3348
vn -0.3188 -0.5118 -0.7978
vn -0.3189 -0.5118 -0.7977
vn -0.4081 -0.8473 -0.3398
vn -0.4080 -0.8473 -0.3399
vn -0.3186 -0.5119 -0.7978
vn -0.3139 -0.5121 -0.7995
vn -0.4001 -0.8476 -0.3485
vn -0.2629 -0.7283 0.6328
vn -0.0345 -0.1699 0.9849
vn -0.0542 -0.1541 0.9866
vn -0.2632 -0.7281 0.6330
vn -0.2679 -0.7169 0.6437
vn -0.2679 -0.7169 0.6436
vn -0.0541 -0.1541 0.9866
vn -0.0625 -0.1399 0.9882
vn -0.2655 -0.7045 0.6582
vn -0.3056 -0.4802 -0.8222
vn -0.3116 -0.4826 -0.8185
vn -0.3986 -0.8247 -0.4014
vn -0.3116 -0.4826 -0.8186
vn -0.3968 -0.8311 -0.3896
vn -0.3966 -0.8311 -0.3897
vn -0.3205 -0.4860 -0.8131
vn -0.3393 -0.5209 -0.7833
vn -0.4128 -0.8612 -0.2967
vn -0.4131 -0.8610 -0.2967
vn -0.3389 -0.5210 -0.7834
vn -0.3387 -0.5223 -0.7826
vn -0.4128 -0.8612 -0.2966
vn -0.3387 -0.5224 -0.7825
vn 0.1831 -0.8073 0.5610
vn 0.6516 -0.4102 0.6380
vn 0.5101 -0.3448 0.7880
vn 0.1828 -0.8074 0.5609
vn 0.5097 -0.3450 0.7881
vn 0.0425 -0.7965 0.6031
vn 0.0423 -0.7964 0.6032
vn 0.5100 -0.3449 0.7880
vn 0.3634 -0.3214 0.8745
vn 0.0422 -0.7965 0.6032
vn -0.0799 -0.7945 0.6020
vn -0.3219 -0.4945 -0.8073
vn -0.3208 -0.5047 -0.8015
vn -0.4062 -0.8376 -0.3653
vn -0.4027 -0.8465 -0.3483
vn -0.4029 -0.8464 -0.3483
vn -0.3213 -0.5117 -0.7968
vn -0.4029 -0.8463 -0.3484
vn -0.4145 -0.8568 -0.3068
vn -0.3600 -0.5040 -0.7851
vn -0.4143 -0.8567 -0.3072
vn -0.4280 -0.8532 -0.2982
vn -0.3599 -0.5040 -0.7852
vn -0.3510 -0.5020 -0.7904
vn -0.4281 -0.8533 -0.2978
vn -0.3511 -0.5020 -0.7904
vn -0.4229 -0.8530 -0.3060
vn -0.3888 -0.8338 -0.3920
vn -0.2896 -0.4841 -0.8257
vn -0.3005 -0.4835 -0.8222
vn -0.3885 -0.8338 -0.3921
vn -0.3007 -0.4835 -0.8221
vn -0.3998 -0.8279 -0.3934
vn -0.3003 -0.4835 -0.8222
vn -0.3059 -0.4802 -0.8221
vn -0.4001 -0.8278 -0.3933
vn -0.3060 -0.4802 -0.8221
vn -0.3984 -0.8247 -0.4014
vn -0.2219 -0.7408 0.6340
vn 0.0271 -0.1966 0.9801
vn -0.2433 -0.7369 0.6307
vn 0.0270 -0.1964 0.9801
vn 0.0016 -0.1914 0.9815
vn -0.2432 -0.7369 0.6307
vn 0.0016 -0.1915 0.9815
vn -0.2628 -0.6746 0.6898
vn -0.0687 -0.1157 0.9909
vn -0.2629 -0.6746 0.6898
vn -0.2592 -0.6737 0.6920
vn -0.2589 -0.6739 0.6920
vn -0.0154 -0.1250 0.9920
vn -0.2592 -0.6738 0.6920
vn -0.0154 -0.1249 0.9921
vn -0.2396 -0.6756 0.6972
vn -0.2394 -0.6757 0.6973
vn -0.0155 -0.1249 0.9921
vn -0.2398 -0.6754 0.6974
vn 0.0072 -0.1162 0.9932
vn -0.3630 -0.7960 -0.4843
vn -0.2689 -0.4443 -0.8546
vn -0.3628 -0.7961 -0.4844
vn -0.2684 -0.4439 -0.8549
vn -0.3682 -0.8076 -0.4607
vn -0.2174 -0.9105 0.3518
vn -0.2172 -0.9106 0.3517
vn -0.3323 -0.8908 0.3099
vn -0.3320 -0.8909 0.3100
vn -0.3462 -0.8987 0.2692
vn -0.3455 -0.8896 0.2988
vn -0.3434 -0.8949 0.2849
vn -0.3398 -0.8962 0.2853
vn -0.3393 -0.8942 0.2919
vn -0.3742 -0.9261 0.0482
vn -0.3741 -0.9261 0.0486
vn -0.3792 -0.9235 0.0584
vn -0.3743 -0.9261 0.0481
vn -0.3775 -0.8254 -0.4198
vn -0.3791 -0.9235 0.0585
vn -0.3774 -0.8254 -0.4198
vn -0.3886 -0.8339 -0.3920
vn -0.3343 -0.8949 0.2956
vn -0.3344 -0.8949 0.2955
vn -0.3369 -0.8930 0.2983
vn -0.3492 -0.8900 0.2932
vn -0.3490 -0.8915 0.2888
vn -0.3467 -0.8933 0.2861
vn -0.3490 -0.8901 0.2931
vn -0.3443 -0.8921 0.2925
vn -0.3442 -0.8922 0.2925
vn -0.3417 -0.8932 0.2923
vn -0.3402 -0.8914 0.2995
vn -0.3400 -0.8914 0.2996
vn -0.3438 -0.8901 0.2991
vn -0.3417 -0.8932 0.2922
vn -0.3440 -0.8898 0.2998
vn -0.3439 -0.8898 0.2999
vn -0.3454 -0.8917 0.2926
vn -0.3489 -0.8901 0.2931
vn -0.3455 -0.8916 0.2926
vn -0.3472 -0.8933 0.2855
vn -0.3340 -0.8950 0.2958
vn -0.3365 -0.8930 0.2989
vn -0.3363 -0.8930 0.2990
vn -0.3380 -0.8948 0.2918
vn -0.3435 -0.8952 0.2838
vn -0.3380 -0.8947 0.2918
vn -0.3436 -0.8952 0.2838
vn -0.3395 -0.8965 0.2846
vn -0.3435 -0.8950 0.2847
vn -0.3398 -0.8961 0.2856
vn -0.3397 -0.8962 0.2854
vn -0.3449 -0.8919 0.2925
vn -0.3450 -0.8919 0.2925
vn -0.3350 -0.8961 0.2912
vn -0.3354 -0.8948 0.2946
vn -0.3353 -0.8948 0.2946
vn -0.3367 -0.8932 0.2981
vn -0.3480 -0.8916 0.2898
vn -0.3466 -0.8932 0.2865
vn -0.3484 -0.8904 0.2930
vn -0.3467 -0.8932 0.2864
vn -0.3385 -0.8946 0.2918
vn -0.3417 -0.8932 0.2921
vn -0.3398 -0.8914 0.2999
vn -0.3386 -0.8945 0.2918
vn -0.3400 -0.8913 0.2998
vn -0.3440 -0.8901 0.2991
vn -0.3345 -0.8962 0.2913
vn -0.3363 -0.8969 0.2873
vn -0.3345 -0.8980 0.2859
vn -0.3320 -0.8973 0.2910
vn -0.3441 -0.8957 0.2817
vn -0.3389 -0.8974 0.2825
vn -0.3398 -0.8962 0.2852
vn -0.3393 -0.8906 0.3028
vn -0.3449 -0.8888 0.3019
vn -0.3401 -0.8914 0.2995
vn -0.3444 -0.8890 0.3019
vn -0.3438 -0.8901 0.2992
vn -0.3344 -0.8980 0.2859
vn -0.3363 -0.8969 0.2872
vn -0.3398 -0.8962 0.2854
vn -0.3894 -0.8850 -0.2551
vn -0.3860 -0.8864 -0.2553
vn -0.6035 -0.7831 -0.1502
vn -0.3893 -0.8851 -0.2550
vn -0.6036 -0.7830 -0.1502
vn -0.6158 -0.7760 -0.1366
vn -0.3515 -0.8934 0.2798
vn -0.3481 -0.8916 0.2898
vn -0.3560 -0.8898 0.2857
vn -0.3444 -0.8969 0.2773
vn -0.3434 -0.8950 0.2848
vn -0.3468 -0.8931 0.2865
vn -0.3490 -0.8901 0.2932
vn -0.3516 -0.8890 0.2934
vn -0.3514 -0.8909 0.2879
vn -0.3515 -0.8908 0.2879
vn -0.3492 -0.8914 0.2889
vn -0.3443 -0.8959 0.2806
vn -0.3435 -0.8953 0.2838
vn -0.3437 -0.8951 0.2839
vn -0.3471 -0.8933 0.2855
vn -0.3342 -0.8949 0.2958
vn -0.3346 -0.8930 0.3010
vn -0.3339 -0.8950 0.2958
vn -0.3345 -0.8931 0.3009
vn -0.3436 -0.8952 0.2839
vn -0.3443 -0.8960 0.2806
vn -0.3387 -0.8975 0.2824
vn -0.3387 -0.8975 0.2823
vn -0.3397 -0.8965 0.2846
vn -0.3346 -0.8931 0.3009
vn -0.3392 -0.8903 0.3039
vn -0.3364 -0.8930 0.2990
vn -0.4472 -0.8414 0.3034
vn -0.4544 -0.8591 0.2355
vn -0.5853 -0.7983 0.1418
vn -0.4474 -0.8413 0.3036
vn -0.5853 -0.7984 0.1416
vn -0.5753 -0.7574 0.3088
vn -0.3445 -0.8888 0.3021
vn -0.3490 -0.8883 0.2986
vn -0.3473 -0.8894 0.2972
vn -0.3444 -0.8889 0.3021
vn -0.3471 -0.8895 0.2972
vn -0.3439 -0.8901 0.2991
vn -0.6159 -0.7759 -0.1367
vn -0.6037 -0.7830 -0.1502
vn -0.7155 -0.6957 0.0637
vn -0.6157 -0.7760 -0.1366
vn -0.7156 -0.6956 0.0639
vn -0.7185 -0.6909 0.0799
vn -0.6263 -0.5953 0.5033
vn -0.6224 -0.5945 0.5091
vn -0.4403 -0.5925 0.6746
vn -0.6262 -0.5955 0.5032
vn -0.4405 -0.5925 0.6745
vn -0.4507 -0.5915 0.6686
vn -0.3470 -0.8866 0.3059
vn -0.3441 -0.8901 0.2990
vn -0.3399 -0.8914 0.2999
vn -0.3400 -0.8914 0.2998
vn -0.3389 -0.8891 0.3075
vn -0.3440 -0.8901 0.2990
vn -0.3471 -0.8865 0.3060
vn -0.3515 -0.8908 0.2880
vn -0.3487 -0.8933 0.2836
vn -0.3487 -0.8933 0.2837
vn -0.3468 -0.8933 0.2861
vn -0.1336 -0.9732 -0.1874
vn -0.1440 -0.9703 -0.1946
vn -0.3859 -0.8865 -0.2554
vn -0.1334 -0.9732 -0.1873
vn -0.3860 -0.8864 -0.2554
vn -0.3891 -0.8852 -0.2552
vn -0.3434 -0.8949 0.2850
vn -0.3468 -0.8932 0.2861
vn -0.4507 -0.5914 0.6687
vn -0.4404 -0.5925 0.6745
vn -0.2010 -0.6536 0.7296
vn -0.2011 -0.6536 0.7296
vn -0.2046 -0.6522 0.7299
vn 0.0386 -0.9992 0.0037
vn 0.0322 -0.9995 -0.0076
vn -0.1442 -0.9703 -0.1944
vn 0.0384 -0.9993 0.0037
vn -0.1439 -0.9703 -0.1946
vn -0.1334 -0.9732 -0.1872
vn -0.3365 -0.8995 0.2787
vn -0.3397 -0.8962 0.2855
vn -0.3435 -0.8949 0.2848
vn -0.3444 -0.8970 0.2773
vn -0.3299 -0.9003 0.2838
vn -0.3369 -0.8964 0.2882
vn -0.3397 -0.8961 0.2856
vn -0.3386 -0.8976 0.2824
vn -0.3351 -0.8975 0.2867
vn -0.3360 -0.8970 0.2871
vn -0.3360 -0.8971 0.2871
vn -0.3396 -0.8965 0.2845
vn -0.3764 -0.9210 0.1000
vn -0.3930 -0.9141 -0.0999
vn -0.5244 -0.8512 -0.0211
vn -0.3763 -0.9211 0.0999
vn -0.5243 -0.8513 -0.0210
vn -0.4400 -0.8846 0.1544
vn -0.4400 -0.8846 0.1545
vn -0.5243 -0.8513 -0.0212
vn -0.5852 -0.7985 0.1416
vn -0.4402 -0.8845 0.1544
vn -0.5851 -0.7985 0.1415
vn -0.4543 -0.8592 0.2352
vn -0.0916 -0.8246 0.5582
vn -0.0905 -0.8252 0.5575
vn -0.0018 -0.9092 0.4164
vn -0.0913 -0.8248 0.5581
vn -0.0017 -0.9091 0.4165
vn -0.0020 -0.9088 0.4173
vn -0.2432 -0.7433 0.6231
vn -0.2375 -0.7458 0.6224
vn -0.0904 -0.8252 0.5575
vn -0.2434 -0.7433 0.6232
vn -0.0905 -0.8252 0.5576
vn -0.0913 -0.8247 0.5582
vn 0.0032 -0.9711 0.2388
vn 0.0018 -0.9725 0.2327
vn -0.0833 -0.9947 0.0598
vn 0.0031 -0.9711 0.2388
vn -0.0759 -0.9947 0.0688
vn -0.2280 -0.9335 0.2766
vn -0.0763 -0.9647 0.2521
vn -0.1325 -0.9873 0.0877
vn -0.2282 -0.9335 0.2767
vn -0.1325 -0.9873 0.0876
vn -0.4251 -0.8232 0.3764
vn -0.5140 -0.7215 0.4639
vn -0.3914 -0.7047 0.5918
vn -0.4248 -0.8234 0.3762
vn -0.3914 -0.7046 0.5919
vn -0.3772 -0.8037 0.4602
vn -0.3771 -0.8037 0.4602
vn -0.3913 -0.7045 0.5920
vn -0.2370 -0.7375 0.6324
vn -0.3769 -0.8038 0.4602
vn -0.2369 -0.7375 0.6325
vn -0.2798 -0.8096 0.5161
vn -0.2199 -0.9743 -0.0481
vn -0.2303 -0.9717 -0.0528
vn -0.3980 -0.9140 -0.0785
vn -0.2196 -0.9744 -0.0480
vn -0.3979 -0.9141 -0.0784
vn -0.3914 -0.9168 -0.0793
vn -0.0759 -0.9947 0.0689
vn -0.0761 -0.9947 0.0689
vn -0.2302 -0.9717 -0.0529
vn -0.2199 -0.9743 -0.0479
vn -0.2502 -0.9457 0.2074
vn -0.1325 -0.9873 0.0879
vn -0.2442 -0.9682 -0.0544
vn -0.2502 -0.9457 0.2075
vn -0.2952 -0.9463 0.1317
vn -0.2952 -0.9463 0.1318
vn -0.2442 -0.9682 -0.0546
vn -0.3931 -0.9141 -0.1000
vn -0.2953 -0.9463 0.1317
vn -0.3930 -0.9141 -0.1000
vn -0.3765 -0.9210 0.0999
vn -0.4169 -0.6882 0.5939
vn -0.4066 -0.6904 0.5984
vn -0.2374 -0.7458 0.6224
vn -0.4169 -0.6881 0.5939
vn -0.2372 -0.7459 0.6224
vn -0.2433 -0.7432 0.6232
vn -0.5638 -0.6735 0.4780
vn -0.5563 -0.6730 0.4874
vn -0.4066 -0.6905 0.5982
vn -0.5639 -0.6735 0.4779
vn -0.4066 -0.6904 0.5983
vn -0.4170 -0.6882 0.5937
vn -0.6441 -0.7001 0.3081
vn -0.6427 -0.6986 0.3145
vn -0.5564 -0.6731 0.4872
vn -0.6441 -0.7001 0.3082
vn -0.5565 -0.6730 0.4872
vn -0.5639 -0.6734 0.4780
vn -0.2388 -0.9340 0.2657
vn -0.2215 -0.9153 0.3364
vn -0.0715 -0.9055 0.4182
vn -0.2389 -0.9339 0.2658
vn -0.0714 -0.9055 0.4183
vn -0.0875 -0.9606 0.2638
vn -0.2797 -0.8096 0.5161
vn -0.2369 -0.7376 0.6323
vn -0.1129 -0.8178 0.5643
vn -0.2798 -0.8095 0.5162
vn -0.1128 -0.8178 0.5643
vn -0.2204 -0.8694 0.4423
vn -0.0629 -0.9070 0.4163
vn -0.0629 -0.9070 0.4164
vn -0.2171 -0.9106 0.3517
vn -0.5448 -0.8384 -0.0144
vn -0.5462 -0.8375 -0.0135
vn -0.6377 -0.7593 0.1293
vn -0.5448 -0.8385 -0.0144
vn -0.6379 -0.7592 0.1291
vn -0.6372 -0.7600 0.1281
vn -0.3915 -0.9168 -0.0791
vn -0.5463 -0.8375 -0.0131
vn -0.3915 -0.9168 -0.0793
vn -0.5461 -0.8376 -0.0134
vn -0.5448 -0.8385 -0.0147
vn -0.2709 -0.9395 0.2097
vn -0.1539 -0.9795 0.1302
vn -0.2556 -0.9659 0.0406
vn -0.2710 -0.9395 0.2098
vn -0.2557 -0.9659 0.0407
vn -0.3210 -0.9321 0.1680
vn -0.3732 -0.9275 0.0211
vn -0.3211 -0.9320 0.1681
vn -0.3729 -0.9276 0.0210
vn -0.3782 -0.9102 0.1685
vn -0.4141 -0.6835 0.6011
vn -0.4092 -0.6847 0.6031
vn -0.2402 -0.7436 0.6239
vn -0.4141 -0.6834 0.6012
vn -0.2404 -0.7436 0.6239
vn -0.2415 -0.7430 0.6241
vn -0.5700 -0.6605 0.4887
vn -0.5661 -0.6606 0.4931
vn -0.4093 -0.6848 0.6030
vn -0.4092 -0.6848 0.6030
vn -0.4140 -0.6836 0.6011
vn -0.2666 -0.8250 0.4982
vn -0.2563 -0.7652 0.5906
vn -0.1317 -0.8254 0.5489
vn -0.2664 -0.8251 0.4983
vn -0.1317 -0.8256 0.5487
vn -0.2211 -0.8801 0.4201
vn -0.2210 -0.8802 0.4201
vn -0.1316 -0.8256 0.5487
vn -0.0714 -0.9055 0.4184
vn -0.2212 -0.8801 0.4201
vn -0.5521 -0.8331 -0.0341
vn -0.5535 -0.8322 -0.0334
vn -0.6540 -0.7480 0.1129
vn -0.5522 -0.8330 -0.0343
vn -0.6540 -0.7480 0.1131
vn -0.6542 -0.7478 0.1136
vn -0.3916 -0.9152 -0.0958
vn -0.3989 -0.9120 -0.0951
vn -0.5534 -0.8323 -0.0334
vn -0.3914 -0.9152 -0.0959
vn -0.5534 -0.8323 -0.0336
vn -0.5522 -0.8330 -0.0344
vn -0.6614 -0.6836 0.3087
vn -0.6610 -0.6830 0.3109
vn -0.6614 -0.6835 0.3087
vn -0.5661 -0.6605 0.4932
vn -0.5702 -0.6605 0.4886
vn -0.4214 -0.8532 0.3075
vn -0.5219 -0.7948 0.3098
vn -0.4798 -0.7634 0.4324
vn -0.4214 -0.8532 0.3074
vn -0.4799 -0.7634 0.4323
vn -0.4042 -0.8359 0.3714
vn -0.3781 -0.9103 0.1685
vn -0.3732 -0.9275 0.0212
vn -0.4714 -0.8782 0.0808
vn -0.3782 -0.9102 0.1686
vn -0.4716 -0.8781 0.0810
vn -0.5207 -0.8325 0.1893
vn -0.5205 -0.8326 0.1893
vn -0.4244 -0.8678 0.2585
vn -0.0929 -0.8238 0.5593
vn -0.0937 -0.8230 0.5603
vn 0.0002 -0.9072 0.4206
vn -0.0928 -0.8236 0.5595
vn 0.0003 -0.9072 0.4208
vn 0.0002 -0.9073 0.4205
vn -0.2416 -0.7430 0.6242
vn -0.2402 -0.7436 0.6240
vn -0.0937 -0.8229 0.5603
vn -0.2417 -0.7430 0.6241
vn -0.0937 -0.8229 0.5604
vn -0.0926 -0.8238 0.5593
vn -0.4041 -0.8359 0.3714
vn -0.4798 -0.7635 0.4323
vn -0.3866 -0.7473 0.5404
vn -0.4039 -0.8360 0.3714
vn -0.3864 -0.7473 0.5406
vn -0.3610 -0.8180 0.4478
vn -0.3609 -0.8180 0.4479
vn -0.2564 -0.7652 0.5906
vn -0.2159 -0.9745 -0.0606
vn -0.2279 -0.9714 -0.0661
vn -0.3991 -0.9120 -0.0950
vn -0.2159 -0.9745 -0.0607
vn -0.3990 -0.9120 -0.0950
vn -0.3914 -0.9152 -0.0956
vn -0.0688 -0.9957 0.0616
vn -0.0772 -0.9957 0.0508
vn -0.2279 -0.9714 -0.0662
vn -0.0689 -0.9957 0.0615
vn -0.2278 -0.9715 -0.0661
vn -0.2160 -0.9745 -0.0606
vn 0.0103 -0.9711 0.2382
vn 0.0090 -0.9728 0.2317
vn -0.0772 -0.9957 0.0509
vn 0.0104 -0.9711 0.2383
vn -0.0688 -0.9957 0.0615
vn -0.4483 -0.8399 0.3061
vn -0.5674 -0.7633 0.3090
vn -0.5256 -0.7192 0.4543
vn -0.4482 -0.8399 0.3060
vn -0.5258 -0.7192 0.4542
vn -0.4288 -0.8210 0.3769
vn -0.4287 -0.8211 0.3768
vn -0.5256 -0.7192 0.4544
vn -0.4165 -0.6979 0.5827
vn -0.4288 -0.8211 0.3768
vn -0.4164 -0.6978 0.5828
vn -0.3750 -0.8069 0.4565
vn -0.3749 -0.8070 0.4563
vn -0.4165 -0.6978 0.5827
vn -0.2658 -0.7311 0.6284
vn -0.3748 -0.8069 0.4565
vn -0.2660 -0.7311 0.6283
vn -0.2784 -0.8333 0.4776
vn -0.2756 -0.9335 0.2292
vn -0.1856 -0.9689 0.1636
vn -0.2681 -0.9608 0.0710
vn -0.2683 -0.9607 0.0708
vn -0.2682 -0.9608 0.0709
vn -0.3819 -0.9238 0.0287
vn -0.3819 -0.9238 0.0285
vn -0.3648 -0.9156 0.1692
vn -0.2785 -0.8333 0.4775
vn -0.2659 -0.7312 0.6282
vn -0.1417 -0.8229 0.5502
vn -0.2784 -0.8334 0.4774
vn -0.1416 -0.8230 0.5501
vn -0.2320 -0.8829 0.4084
vn -0.1418 -0.8231 0.5499
vn -0.1106 -0.9085 0.4030
vn -0.1105 -0.9086 0.4029
vn -0.2384 -0.9121 0.3335
vn 0.1161 -0.9679 0.2229
vn 0.1139 -0.8898 0.4419
vn 0.1125 -0.8872 0.4474
vn 0.1160 -0.9679 0.2228
vn 0.1127 -0.8873 0.4473
vn 0.1154 -0.9687 0.2198
vn -0.7133 -0.6329 0.3011
vn -0.7187 -0.6907 0.0800
vn -0.7132 -0.6330 0.3012
vn -0.7155 -0.6957 0.0638
vn -0.7144 -0.6339 0.2963
vn -0.3648 -0.9155 0.1695
vn -0.3819 -0.9238 0.0286
vn -0.4919 -0.8680 0.0678
vn -0.3648 -0.9156 0.1694
vn -0.4920 -0.8679 0.0679
vn -0.4152 -0.8882 0.1967
vn -0.4919 -0.8680 0.0679
vn -0.5567 -0.8120 0.1753
vn -0.5569 -0.8119 0.1751
vn -0.4427 -0.8613 0.2495
vn -0.3323 -0.8954 0.2964
vn -0.3350 -0.8930 0.3007
vn -0.3367 -0.8931 0.2983
vn -0.3320 -0.8955 0.2965
vn -0.3345 -0.8949 0.2955
vn -0.2221 -0.7406 0.6342
vn -0.3244 -0.8788 0.3500
vn -0.3473 -0.8920 0.2894
vn -0.2196 -0.6630 0.7157
vn 0.0070 -0.1161 0.9932
vn 0.0104 -0.0897 0.9959
vn -0.6262 -0.5954 0.5034
vn -0.7133 -0.6328 0.3013
vn -0.7144 -0.6340 0.2962
vn -0.6224 -0.5946 0.5090
vn 0.0385 -0.9993 0.0038
vn 0.1160 -0.9679 0.2231
vn 0.1155 -0.9686 0.2200
vn 0.1156 -0.9686 0.2200
vn 0.0322 -0.9995 -0.0077
vn -0.4426 -0.8613 0.2494
vn -0.5568 -0.8120 0.1751
vn -0.5674 -0.7632 0.3092
vn -0.4425 -0.8614 0.2494
vn -0.4481 -0.8399 0.3061
vn 0.0002 -0.9073 0.4204
vn 0.0003 -0.9072 0.4207
vn 0.0088 -0.9727 0.2317
vn 0.0004 -0.9073 0.4205
vn 0.0089 -0.9727 0.2317
vn 0.0102 -0.9712 0.2382
vn -0.5206 -0.8326 0.1893
vn -0.4245 -0.8678 0.2583
vn -0.5219 -0.7947 0.3099
vn -0.4212 -0.8532 0.3075
vn -0.6543 -0.7476 0.1138
vn -0.6539 -0.7480 0.1134
vn -0.6609 -0.6830 0.3110
vn -0.6542 -0.7477 0.1140
vn -0.6614 -0.6835 0.3089
vn -0.2709 -0.9395 0.2095
vn -0.2389 -0.9338 0.2664
vn -0.0875 -0.9606 0.2639
vn -0.2711 -0.9395 0.2095
vn -0.1539 -0.9795 0.1300
vn -0.6374 -0.7598 0.1282
vn -0.6377 -0.7593 0.1296
vn -0.6428 -0.6985 0.3145
vn -0.0629 -0.9071 0.4162
vn -0.0764 -0.9647 0.2519
vn -0.2172 -0.9106 0.3516
vn -0.2283 -0.9335 0.2767
vn -0.0020 -0.9088 0.4172
vn -0.0018 -0.9092 0.4163
vn -0.0002 -0.9723 0.2335
vn 0.0019 -0.9725 0.2328
vn 0.0031 -0.9711 0.2387
vn -0.4474 -0.8413 0.3034
vn -0.5754 -0.7574 0.3087
vn -0.5755 -0.7573 0.3087
vn -0.3474 -0.8894 0.2972
vn -0.3491 -0.8883 0.2986
vn -0.3517 -0.8890 0.2934
vn -0.3471 -0.8895 0.2971
vn -0.3489 -0.8901 0.2932
vn -0.3322 -0.8955 0.2964
vn -0.3384 -0.8946 0.2918
vn -0.3485 -0.8903 0.2930
vn -0.3386 -0.8946 0.2918
vn -0.3401 -0.8913 0.2999
vn -0.3450 -0.8918 0.2925
vn -0.3365 -0.8933 0.2981
vn -0.3381 -0.8948 0.2917
vn -0.3360 -0.8971 0.2870
vn -0.3379 -0.8948 0.2918
vn -0.3398 -0.8964 0.2846
vn -0.3476 -0.8893 0.2973
vn -0.3489 -0.8902 0.2930
vn -0.3453 -0.8917 0.2927
vn -0.3435 -0.8952 0.2839
vn -0.3454 -0.8916 0.2927
vn -0.3456 -0.8916 0.2927
vn -0.3470 -0.8934 0.2854
vn -0.3468 -0.8932 0.2862
vn -0.3444 -0.8921 0.2926
vn -0.3472 -0.8895 0.2972
vn -0.3437 -0.8901 0.2992
vn -0.3397 -0.8962 0.2853
vn -0.3396 -0.8962 0.2853
vn -0.3394 -0.8942 0.2919
vn -0.3400 -0.8914 0.2995
vn -0.3395 -0.8942 0.2919
vn -0.3368 -0.8931 0.2983
vn -0.2172 -0.9105 0.3519
vn -0.2284 -0.9334 0.2767
vn 0.0306 -0.9728 0.2294
vn -0.0185 -0.9867 0.1612
vn 0.0305 -0.9728 0.2296
vn 0.5797 -0.8004 -0.1524
vn 0.6660 -0.7455 0.0268
vn -0.4426 -0.8614 0.2492
vn -0.4424 -0.8615 0.2492
vn -0.3489 -0.8908 0.2912
vn -0.2711 -0.9289 0.2523
vn -0.0188 -0.9867 0.1613
vn -0.2746 -0.9230 0.2696
vn -0.3347 -0.8962 0.2912
vn -0.4244 -0.8679 0.2582
vn -0.4213 -0.8533 0.3074
vn -0.2757 -0.9336 0.2291
vn -0.2530 -0.9272 0.2763
vn -0.1355 -0.9523 0.2734
vn -0.3271 -0.8965 0.2988
vn -0.3353 -0.8949 0.2946
vn -0.3350 -0.8960 0.2913
vn -0.3272 -0.8965 0.2988
vn -0.3351 -0.8960 0.2913
vn -0.3268 -0.8992 0.2910
vn -0.2531 -0.9271 0.2763
vn -0.3348 -0.8961 0.2914
vn -0.3361 -0.8971 0.2869
vn -0.3334 -0.8967 0.2912
vn -0.3361 -0.8970 0.2869
vn -0.3333 -0.8967 0.2913
vn -0.3346 -0.8962 0.2914
vn -0.3560 -0.8897 0.2857
vn -0.3481 -0.8915 0.2898
vn -0.3562 -0.8896 0.2858
vn -0.3569 -0.8869 0.2933
vn -0.3377 -0.8964 0.2873
vn -0.3377 -0.8963 0.2873
vn -0.3418 -0.8933 0.2918
vn -0.3485 -0.8888 0.2977
vn -0.3501 -0.8897 0.2931
vn -0.3488 -0.8902 0.2931
vn -0.3360 -0.8957 0.2913
vn -0.2389 -0.9339 0.2661
vn -0.0138 -0.1842 0.9828
vn 0.2983 0.6313 0.7159
vn 0.2739 0.6364 0.7211
vn 0.2739 0.6363 0.7212
vn -0.0345 -0.1700 0.9848
vn -0.1056 -0.0173 -0.9943
vn -0.1058 -0.0181 -0.9942
vn -0.2689 -0.4442 -0.8546
vn -0.1059 -0.0180 -0.9942
vn -0.3355 -0.8825 0.3295
vn -0.3457 -0.9017 0.2596
vn -0.3458 -0.9012 0.2611
vn -0.3354 -0.8826 0.3296
vn -0.3333 -0.8856 0.3235
vn -0.2167 -0.2276 -0.9493
vn -0.2196 -0.2349 -0.9469
vn -0.2142 -0.2455 -0.9454
vn -0.2143 -0.2455 -0.9454
vn -0.2086 -0.2311 -0.9503
vn 0.3499 0.8998 -0.2606
vn 0.3374 0.8842 -0.3230
vn 0.3375 0.8836 -0.3245
vn 0.3499 0.8998 -0.2607
vn 0.3374 0.8837 -0.3244
vn 0.3475 0.9025 -0.2545
vn 0.1221 0.2662 0.9562
vn 0.1732 0.2456 0.9538
vn 0.3734 0.8471 0.3781
vn 0.1220 0.2662 0.9562
vn 0.3736 0.8469 0.3784
vn 0.3387 0.8560 0.3906
vn -0.2169 -0.2274 -0.9493
vn -0.2254 -0.2240 -0.9482
vn -0.2254 -0.2239 -0.9482
vn -0.2168 -0.2277 -0.9493
vn -0.2197 -0.2348 -0.9469
vn -0.4731 -0.1051 -0.8747
vn -0.4158 -0.1351 -0.8994
vn -0.4614 -0.2715 -0.8446
vn -0.4733 -0.1048 -0.8746
vn -0.4615 -0.2716 -0.8445
vn -0.5566 -0.3795 -0.7391
vn -0.3366 -0.1740 -0.9254
vn -0.3360 -0.1743 -0.9256
vn -0.4615 -0.2715 -0.8446
vn -0.4159 -0.1350 -0.8993
vn -0.0935 0.3417 0.9351
vn 0.1920 0.9164 0.3512
vn 0.1003 0.9594 0.2637
vn -0.0937 0.3414 0.9352
vn 0.1004 0.9594 0.2637
vn -0.2540 0.3870 0.8864
vn -0.3356 -0.8825 0.3294
vn -0.3234 -0.8594 0.3961
vn -0.3322 -0.8491 0.4107
vn -0.3355 -0.8826 0.3293
vn -0.3322 -0.8491 0.4106
vn -0.3445 -0.8749 0.3404
vn 0.1218 0.2661 0.9562
vn 0.3384 0.8561 0.3906
vn 0.2819 0.8817 0.3783
vn 0.2821 0.8817 0.3783
vn 0.0392 0.2970 0.9541
vn -0.2253 -0.2240 -0.9482
vn -0.2248 -0.2224 -0.9487
vn -0.2697 -0.2047 -0.9409
vn -0.2253 -0.2239 -0.9482
vn -0.2698 -0.2046 -0.9409
vn 0.3292 0.8881 -0.3208
vn 0.3476 0.9025 -0.2544
vn 0.3293 0.8880 -0.3209
vn 0.3381 0.9092 -0.2432
vn -0.3445 -0.8748 0.3405
vn -0.3543 -0.8359 0.4192
vn -0.3447 -0.8749 0.3401
vn -0.3541 -0.8359 0.4193
vn -0.3751 -0.8643 0.3352
vn 0.1918 0.9164 0.3512
vn 0.1919 0.9164 0.3513
vn -0.0935 0.3415 0.9352
vn -0.2699 -0.2046 -0.9409
vn -0.2704 -0.2066 -0.9403
vn -0.3360 -0.1742 -0.9256
vn 0.3380 0.9092 -0.2432
vn 0.3292 0.8880 -0.3209
vn 0.2947 0.8956 -0.3332
vn 0.3381 0.9091 -0.2432
vn 0.3071 0.9188 -0.2481
vn -0.3458 -0.8990 0.2689
vn -0.3458 -0.8989 0.2689
vn -0.3325 -0.8865 0.3218
vn 0.3498 0.8998 -0.2607
vn 0.3607 0.9114 -0.1983
vn 0.3632 0.9085 -0.2068
vn 0.3507 0.8990 -0.2624
vn 0.1733 0.2457 0.9537
vn -0.1553 -0.5351 0.8304
vn -0.1375 -0.5359 0.8330
vn -0.1372 -0.5360 0.8330
vn 0.1961 0.2362 0.9517
vn 0.3507 0.8990 -0.2623
vn 0.3375 0.8869 -0.3153
vn -0.3195 -0.8666 0.3833
vn -0.3333 -0.8856 0.3234
vn -0.3325 -0.8865 0.3217
vn -0.3196 -0.8666 0.3833
vn -0.3176 -0.8708 0.3752
vn 0.3458 0.9230 -0.1690
vn 0.3380 0.9092 -0.2433
vn 0.3072 0.9188 -0.2481
vn 0.3458 0.9229 -0.1691
vn 0.3071 0.9187 -0.2483
vn 0.3226 0.9330 -0.1593
vn -0.3539 -0.8975 0.2632
vn -0.3750 -0.8643 0.3352
vn -0.3539 -0.8975 0.2633
vn -0.3750 -0.8643 0.3353
vn -0.3875 -0.8873 0.2502
vn 0.3559 0.9160 -0.1850
vn 0.3380 0.9091 -0.2434
vn 0.3558 0.9161 -0.1851
vn 0.3457 0.9230 -0.1692
vn -0.3354 -0.8826 0.3295
vn -0.3445 -0.8749 0.3405
vn -0.3456 -0.9017 0.2596
vn -0.2538 0.3870 0.8865
vn -0.3904 0.4178 0.8204
vn -0.5006 -0.5135 0.6969
vn -0.2538 0.3871 0.8864
vn -0.5005 -0.5136 0.6970
vn -0.4561 -0.4951 0.7395
vn 0.3608 0.9113 -0.1984
vn 0.3474 0.9025 -0.2547
vn 0.3607 0.9113 -0.1985
vn 0.3474 0.9024 -0.2547
vn 0.3558 0.9160 -0.1852
vn -0.3235 -0.8594 0.3960
vn -0.3355 -0.8826 0.3295
vn -0.3334 -0.8856 0.3232
vn -0.3233 -0.8595 0.3960
vn -0.3196 -0.8666 0.3832
vn 0.1003 0.9593 0.2638
vn 0.0691 0.9753 0.2100
vn -0.3904 0.4176 0.8205
vn 0.1004 0.9594 0.2636
vn -0.3903 0.4176 0.8205
vn -0.2538 0.3872 0.8864
vn 0.3738 0.8469 0.3783
vn 0.1733 0.2456 0.9538
vn 0.1963 0.2363 0.9517
vn 0.3736 0.8469 0.3783
vn 0.1962 0.2364 0.9516
vn 0.3881 0.8379 0.3837
vn -0.2693 -0.2032 -0.9414
vn -0.3366 -0.1741 -0.9254
vn -0.2467 -0.4999 0.8302
vn 0.0393 0.2971 0.9540
vn -0.0934 0.3418 0.9351
vn -0.2469 -0.4999 0.8302
vn -0.0935 0.3419 0.9351
vn -0.3423 -0.4796 0.8080
vn -0.2252 -0.2236 -0.9483
vn -0.2698 -0.2047 -0.9409
vn -0.1849 -0.5129 0.8383
vn 0.1219 0.2661 0.9562
vn 0.0392 0.2971 0.9540
vn -0.1852 -0.5126 0.8384
vn -0.2469 -0.4997 0.8303
vn -0.3422 -0.4797 0.8080
vn -0.0936 0.3418 0.9351
vn -0.2538 0.3870 0.8864
vn -0.2539 0.3870 0.8864
vn -0.4560 -0.4951 0.7395
vn -0.4159 -0.1351 -0.8993
vn -0.3566 0.0025 -0.9343
vn -0.3425 0.1798 -0.9222
vn -0.3566 0.0024 -0.9343
vn -0.3425 0.1801 -0.9221
vn -0.4734 -0.1051 -0.8745
vn -0.2156 -0.2242 -0.9504
vn -0.2140 -0.2203 -0.9517
vn -0.1852 -0.5127 0.8383
vn -0.1552 -0.5351 0.8304
vn -0.1853 -0.5126 0.8384
vn 0.1734 0.2457 0.9537
vn 0.1219 0.2662 0.9562
vn -0.2140 -0.2204 -0.9516
vn -0.2168 -0.2274 -0.9494
vn -0.2087 -0.2311 -0.9503
vn -0.2031 -0.2165 -0.9549
vn 0.2319 0.7299 -0.6430
vn 0.2460 0.7235 -0.6450
vn 0.0109 0.2669 -0.9637
vn 0.2319 0.7298 -0.6431
vn 0.0109 0.2668 -0.9637
vn 0.0090 0.2858 -0.9583
vn 0.9451 -0.2664 -0.1891
vn 0.9325 -0.3122 -0.1816
vn 0.9178 -0.3522 -0.1835
vn 0.9452 -0.2663 -0.1891
vn 0.9178 -0.3521 -0.1835
vn 0.9349 -0.2693 -0.2312
vn 0.8374 0.3706 0.4018
vn 0.8268 0.3323 0.4538
vn 0.9818 0.0698 0.1767
vn 0.8375 0.3706 0.4017
vn 0.9939 0.0716 0.0838
vn 0.3210 0.8961 -0.3067
vn 0.3386 0.8889 -0.3086
vn 0.3211 0.8960 -0.3067
vn 0.2318 0.7299 -0.6430
vn 0.2129 0.7272 -0.6526
vn 0.3610 0.9104 -0.2020
vn 0.3038 0.9324 -0.1958
vn 0.3280 0.9306 0.1626
vn 0.3609 0.9105 -0.2020
vn 0.3280 0.9306 0.1627
vn 0.3999 0.9022 0.1618
vn -0.8386 0.5425 -0.0491
vn -0.8858 0.4635 -0.0225
vn -0.8813 0.4715 -0.0322
vn -0.8387 0.5424 -0.0491
vn -0.8272 0.5592 -0.0556
vn -0.8272 0.5592 -0.0554
vn -0.8765 0.4814 -0.0084
vn -0.8272 0.5592 -0.0553
vn -0.8764 0.4815 -0.0083
vn -0.8655 0.4992 0.0420
vn 0.3612 0.8850 -0.2939
vn 0.3428 0.8929 -0.2918
vn 0.3458 0.8928 -0.2886
vn 0.3612 0.8849 -0.2940
vn 0.3458 0.8928 -0.2887
vn 0.3630 0.8859 -0.2889
vn 0.3430 0.8934 -0.2902
vn 0.2895 0.9120 -0.2907
vn 0.2827 0.9145 -0.2895
vn 0.2827 0.9145 -0.2896
vn 0.3431 0.8931 -0.2911
vn -0.7796 0.6257 -0.0270
vn -0.8530 0.5216 0.0187
vn -0.8659 0.4997 0.0230
vn -0.7797 0.6256 -0.0269
vn -0.8658 0.4998 0.0230
vn -0.8062 0.5915 -0.0141
vn -0.8063 0.5914 -0.0142
vn -0.8657 0.5000 0.0230
vn -0.8757 0.4826 0.0156
vn -0.8062 0.5914 -0.0140
vn -0.8758 0.4824 0.0156
vn -0.8251 0.5648 -0.0156
vn 0.3453 0.8946 -0.2838
vn 0.2823 0.9172 -0.2811
vn 0.3038 0.9324 -0.1956
vn 0.3453 0.8945 -0.2838
vn 0.3611 0.9104 -0.2019
vn 0.3421 0.8946 -0.2876
vn 0.3040 0.9054 -0.2964
vn 0.2971 0.9088 -0.2929
vn 0.2972 0.9088 -0.2929
vn 0.3424 0.8940 -0.2889
vn -0.6988 0.7096 -0.0901
vn -0.8177 0.5754 -0.0179
vn -0.8376 0.5463 0.0031
vn -0.6987 0.7097 -0.0902
vn -0.8377 0.5462 0.0031
vn -0.7448 0.6650 -0.0551
vn -0.7447 0.6651 -0.0551
vn -0.8375 0.5464 0.0030
vn -0.8515 0.5241 0.0158
vn -0.8531 0.5214 0.0187
vn -0.7795 0.6258 -0.0270
vn 0.2971 0.9088 -0.2928
vn 0.3424 0.8940 -0.2890
vn 0.3430 0.8934 -0.2901
vn 0.3445 0.8949 -0.2836
vn 0.3150 0.9001 -0.3009
vn 0.3099 0.9024 -0.2995
vn 0.3443 0.8949 -0.2839
vn 0.3099 0.9024 -0.2994
vn 0.3434 0.8948 -0.2854
vn -0.5942 0.7961 -0.1152
vn -0.7677 0.6402 -0.0264
vn -0.7943 0.6064 -0.0370
vn -0.5939 0.7962 -0.1153
vn -0.7942 0.6065 -0.0370
vn -0.6454 0.7541 -0.1215
vn -0.7942 0.6065 -0.0372
vn -0.6454 0.7541 -0.1217
vn -0.8178 0.5753 -0.0180
vn -0.6988 0.7096 -0.0902
vn 0.3435 0.8947 -0.2854
vn 0.3039 0.9054 -0.2964
vn 0.3435 0.8947 -0.2855
vn 0.3039 0.9054 -0.2963
vn 0.3435 0.8926 -0.2921
vn 0.2791 0.9156 -0.2896
vn 0.2822 0.9172 -0.2812
vn 0.3434 0.8926 -0.2921
vn 0.2821 0.9173 -0.2811
vn 0.3452 0.8946 -0.2838
vn -0.8758 0.4825 0.0155
vn -0.8823 0.4706 -0.0006
vn -0.8824 0.4705 -0.0006
vn -0.8354 0.5489 -0.0288
vn -0.8353 0.5490 -0.0290
vn -0.8858 0.4635 -0.0224
vn -0.8354 0.5488 -0.0288
vn -0.8859 0.4634 -0.0224
vn -0.8386 0.5425 -0.0492
vn 0.3467 0.8944 -0.2827
vn 0.3190 0.8996 -0.2982
vn 0.3149 0.9002 -0.3009
vn 0.3467 0.8944 -0.2825
vn 0.3149 0.9002 -0.3008
vn 0.3445 0.8949 -0.2838
vn 0.9232 0.2232 0.3129
vn 0.9189 0.2482 0.3068
vn 0.9858 0.0750 0.1501
vn 0.9231 0.2233 0.3129
vn 0.9858 0.0750 0.1500
vn 0.9862 0.0489 0.1583
vn 0.9977 -0.0616 0.0295
vn 0.9957 -0.0824 0.0412
vn 0.9858 0.0751 0.1502
vn 0.9957 -0.0824 0.0414
vn 0.9861 0.0492 0.1586
vn 0.9957 -0.0825 0.0413
vn 0.9873 -0.1556 -0.0318
vn 0.9368 -0.3484 0.0315
vn 0.9958 -0.0823 0.0412
vn 0.9369 -0.3481 0.0314
vn 0.9396 -0.3200 0.1213
vn 0.9861 0.0489 0.1586
vn 0.9958 -0.0822 0.0412
vn 0.9862 0.0492 0.1583
vn 0.9397 -0.3199 0.1214
vn 0.9255 -0.2658 0.2697
vn 0.9976 -0.0620 0.0297
vn 0.9897 -0.1370 -0.0412
vn 0.9897 -0.1372 -0.0412
vn 0.9873 -0.1557 -0.0319
vn 0.9897 -0.1373 -0.0411
vn 0.9824 -0.1705 -0.0769
vn 0.9797 -0.1883 -0.0695
vn 0.9797 -0.1882 -0.0694
vn 0.9873 -0.1557 -0.0320
vn 0.9796 -0.1884 -0.0695
vn 0.9763 -0.2017 -0.0788
vn 0.9308 -0.3645 -0.0258
vn 0.9797 -0.1882 -0.0696
vn 0.9325 -0.3610 -0.0134
vn 0.9797 -0.1882 -0.0695
vn 0.9324 -0.3611 -0.0134
vn 0.9772 -0.1568 -0.1430
vn 0.9892 -0.1236 -0.0788
vn 0.9640 -0.2072 -0.1665
vn 0.9773 -0.1566 -0.1429
vn 0.9640 -0.2072 -0.1667
vn 0.9626 -0.2137 -0.1664
vn 0.9792 -0.1834 -0.0863
vn 0.9789 -0.1871 -0.0822
vn 0.9753 -0.2079 -0.0741
vn 0.9793 -0.1834 -0.0862
vn 0.9753 -0.2081 -0.0741
vn 0.9762 -0.2019 -0.0788
vn 0.9753 -0.2081 -0.0740
vn 0.9789 -0.1997 -0.0428
vn 0.9352 -0.3539 0.0124
vn 0.9753 -0.2080 -0.0741
vn 0.9353 -0.3537 0.0126
vn 0.9312 -0.3638 -0.0235
vn 0.9763 -0.2017 -0.0787
vn 0.9311 -0.3640 -0.0235
vn 0.9763 -0.2015 -0.0789
vn 0.9311 -0.3639 -0.0236
vn 0.8374 0.3707 0.4017
vn 0.7640 0.4410 0.4710
vn 0.7720 0.3923 0.5001
vn 0.7719 0.3923 0.5002
vn 0.8268 0.3319 0.4541
vn 0.8321 0.3447 0.4344
vn 0.7672 -0.0856 0.6357
vn 0.7720 0.3923 0.5002
vn 0.7672 -0.0857 0.6357
vn 0.7014 -0.0354 0.7119
vn 0.8266 0.3324 0.4542
vn 0.7720 0.3922 0.5003
vn 0.7015 -0.0356 0.7118
vn 0.8267 0.3322 0.4541
vn 0.7335 -0.0590 0.6772
vn 0.9753 -0.2080 -0.0740
vn 0.9789 -0.1870 -0.0823
vn 0.9817 -0.1800 -0.0628
vn 0.9817 -0.1801 -0.0626
vn 0.9789 -0.1998 -0.0428
vn 0.8228 0.3802 0.4225
vn 0.9189 0.2481 0.3067
vn 0.9231 0.2233 0.3131
vn 0.8227 0.3805 0.4224
vn 0.9232 0.2232 0.3130
vn 0.8322 0.3448 0.4343
vn 0.9232 0.2231 0.3130
vn 0.9861 0.0492 0.1584
vn 0.9255 -0.2659 0.2695
vn 0.9231 0.2233 0.3130
vn 0.8620 -0.1739 0.4762
vn 0.8321 0.3449 0.4343
vn 0.9232 0.2230 0.3130
vn 0.8620 -0.1742 0.4761
vn 0.8619 -0.1741 0.4762
vn -0.7142 0.6992 0.0311
vn -0.6937 0.6885 -0.2115
vn -0.9002 0.4333 0.0427
vn -0.7144 0.6991 0.0309
vn -0.9002 0.4334 0.0425
vn -0.8854 0.4431 0.1406
vn -0.6932 0.6890 -0.2116
vn -0.6450 0.4741 -0.5993
vn -0.7241 0.2599 -0.6388
vn -0.6937 0.6885 -0.2117
vn -0.7243 0.2599 -0.6386
vn -0.9003 0.4332 0.0425
vn -0.8981 0.4379 0.0411
vn -0.7242 0.2598 -0.6388
vn -0.7956 0.1096 -0.5958
vn -0.9002 0.4334 0.0423
vn -0.7955 0.1094 -0.5960
vn -0.9277 0.3702 0.0469
vn -0.8855 0.4429 0.1405
vn -0.9277 0.3703 0.0471
vn -0.9277 0.3704 0.0469
vn -0.9044 0.3971 0.1561
vn -0.8531 0.5214 0.0188
vn -0.9147 0.3982 0.0686
vn -0.8530 0.5215 0.0188
vn -0.9147 0.3983 0.0685
vn -0.9161 0.3948 0.0698
vn -0.8376 0.5462 0.0031
vn -0.8176 0.5755 -0.0180
vn -0.9132 0.4022 0.0651
vn -0.8376 0.5462 0.0032
vn -0.9132 0.4023 0.0650
vn -0.9147 0.3984 0.0685
vn -0.9129 0.4026 0.0671
vn -0.9225 0.3782 0.0773
vn -0.9224 0.3784 0.0772
vn -0.9224 0.3783 0.0779
vn -0.9147 0.3982 0.0685
vn -0.9224 0.3783 0.0776
vn -0.9224 0.3783 0.0778
vn -0.9225 0.3782 0.0766
vn -0.8758 0.4824 0.0157
vn -0.8658 0.4999 0.0229
vn -0.9183 0.3906 0.0642
vn -0.8758 0.4825 0.0156
vn -0.9183 0.3906 0.0641
vn -0.9215 0.3851 0.0505
vn -0.8531 0.5215 0.0188
vn -0.9161 0.3948 0.0699
vn -0.8658 0.4999 0.0230
vn -0.9183 0.3906 0.0640
vn -0.9184 0.3905 0.0642
vn -0.9226 0.3781 0.0767
vn -0.9184 0.3904 0.0642
vn -0.9226 0.3781 0.0766
vn -0.9239 0.3763 0.0695
vn -0.9215 0.3850 0.0505
vn -0.9184 0.3904 0.0641
vn -0.9239 0.3763 0.0694
vn -0.9215 0.3850 0.0504
vn -0.9264 0.3725 0.0550
vn -0.8824 0.4705 -0.0007
vn -0.9251 0.3785 0.0313
vn -0.8858 0.4636 -0.0224
vn -0.9251 0.3783 0.0312
vn -0.9291 0.3698 0.0091
vn -0.8824 0.4706 -0.0006
vn -0.9215 0.3850 0.0506
vn -0.9251 0.3784 0.0313
vn -0.9215 0.3851 0.0506
vn -0.9251 0.3783 0.0313
vn -0.9264 0.3724 0.0549
vn -0.9295 0.3672 0.0352
vn -0.9291 0.3697 0.0091
vn -0.9295 0.3671 0.0353
vn -0.9291 0.3698 0.0090
vn -0.9325 0.3609 0.0123
vn -0.8813 0.4714 -0.0322
vn -0.9323 0.3616 -0.0034
vn -0.8764 0.4815 -0.0084
vn -0.9324 0.3615 -0.0034
vn -0.9139 0.4036 0.0438
vn -0.9323 0.3616 -0.0033
vn -0.9323 0.3616 -0.0032
vn -0.9291 0.3697 0.0089
vn -0.9326 0.3608 0.0124
vn -0.9341 0.3571 -0.0007
vn -0.9139 0.4036 0.0437
vn -0.9323 0.3617 -0.0033
vn -0.9340 0.3572 -0.0007
vn -0.9269 0.3717 0.0522
vn -0.7677 0.6402 -0.0262
vn -0.7427 0.6694 0.0178
vn -0.8946 0.4303 0.1207
vn -0.7678 0.6402 -0.0262
vn -0.8946 0.4302 0.1207
vn -0.9053 0.4171 0.0804
vn -0.7426 0.6695 0.0178
vn -0.7281 0.6841 0.0424
vn -0.8877 0.4377 0.1429
vn -0.7427 0.6694 0.0177
vn -0.8876 0.4377 0.1431
vn -0.8946 0.4302 0.1208
vn -0.8947 0.4301 0.1207
vn -0.8877 0.4377 0.1430
vn -0.9041 0.3973 0.1572
vn -0.8947 0.4301 0.1208
vn -0.9041 0.3974 0.1572
vn -0.9097 0.3925 0.1358
vn -0.9054 0.4169 0.0803
vn -0.9097 0.3925 0.1356
vn -0.9097 0.3925 0.1357
vn -0.9186 0.3831 0.0966
vn 0.4025 0.8677 -0.2915
vn 0.3432 0.8929 -0.2913
vn 0.3434 0.8926 -0.2920
vn 0.4025 0.8678 -0.2915
vn 0.3439 0.8927 -0.2912
vn 0.4061 0.8656 -0.2931
vn 0.3998 0.9022 0.1617
vn 0.3530 0.6535 0.6696
vn 0.4567 0.6132 0.6446
vn 0.3998 0.9022 0.1618
vn 0.4567 0.6132 0.6445
vn 0.4687 0.8734 0.1323
vn 0.9803 -0.1974 -0.0101
vn 0.9375 -0.3458 0.0391
vn 0.9353 -0.3537 0.0123
vn 0.9802 -0.1977 -0.0098
vn 0.9789 -0.1999 -0.0426
vn -0.1307 -0.0452 -0.9904
vn -0.1257 -0.0606 -0.9902
vn -0.1923 -0.2378 -0.9521
vn -0.1307 -0.0455 -0.9904
vn -0.1924 -0.2379 -0.9520
vn -0.2037 -0.2331 -0.9509
vn 0.3530 0.6535 0.6695
vn 0.2148 0.2284 0.9496
vn 0.3247 0.1793 0.9287
vn 0.3529 0.6535 0.6696
vn 0.3247 0.1794 0.9286
vn 0.7720 0.3922 0.5002
vn 0.7639 0.4412 0.4709
vn 0.8227 0.3802 0.4226
vn 0.8227 0.3801 0.4227
vn 0.8321 0.3449 0.4344
vn 0.9640 -0.2072 -0.1668
vn 0.9544 -0.2492 -0.1646
vn 0.9627 -0.2136 -0.1663
vn 0.9544 -0.2492 -0.1645
vn 0.9546 -0.2485 -0.1645
vn 0.9177 -0.3523 -0.1835
vn 0.9324 -0.3124 -0.1816
vn 0.9056 -0.3961 -0.1518
vn 0.9177 -0.3524 -0.1837
vn 0.9055 -0.3962 -0.1518
vn -0.7280 0.6843 0.0425
vn -0.7207 0.6920 0.0419
vn -0.8859 0.4408 0.1446
vn -0.8859 0.4408 0.1445
vn -0.8876 0.4378 0.1431
vn -0.7206 0.6921 0.0419
vn -0.7142 0.6992 0.0309
vn -0.8855 0.4429 0.1404
vn -0.7206 0.6921 0.0418
vn -0.8859 0.4407 0.1445
vn -0.9044 0.3971 0.1560
vn -0.9044 0.3972 0.1560
vn -0.9034 0.3979 0.1596
vn -0.8859 0.4407 0.1446
vn -0.9041 0.3974 0.1571
vn 0.3424 0.8930 -0.2921
vn 0.3605 0.8851 -0.2945
vn 0.3560 0.8812 -0.3111
vn 0.3424 0.8930 -0.2920
vn 0.3559 0.8812 -0.3112
vn 0.3387 0.8888 -0.3087
vn 0.0090 0.2857 -0.9583
vn -0.1255 -0.0607 -0.9902
vn 0.0088 0.2859 -0.9582
vn -0.1256 -0.0605 -0.9902
vn -0.1306 -0.0453 -0.9904
vn 0.3242 0.9006 -0.2894
vn 0.3425 0.8930 -0.2920
vn 0.3386 0.8888 -0.3088
vn 0.3241 0.9007 -0.2894
vn 0.3386 0.8888 -0.3087
vn 0.3209 0.8961 -0.3067
vn 0.3432 0.8930 -0.2912
vn 0.2790 0.9156 -0.2896
vn 0.2791 0.9156 -0.2895
vn -0.1390 -0.0381 -0.9896
vn -0.1308 -0.0453 -0.9904
vn -0.1390 -0.0383 -0.9896
vn -0.2150 -0.2285 -0.9495
vn 0.3235 0.9008 -0.2896
vn 0.3426 0.8930 -0.2918
vn 0.3236 0.9008 -0.2896
vn 0.3243 0.9006 -0.2894
vn -0.0000 0.2878 -0.9577
vn 0.0090 0.2858 -0.9582
vn -0.0002 0.2880 -0.9576
vn -0.1389 -0.0382 -0.9896
vn 0.3281 0.9306 0.1624
vn 0.2544 0.6986 0.6688
vn 0.3529 0.6537 0.6694
vn 0.3279 0.9306 0.1627
vn 0.3531 0.6536 0.6694
vn 0.4061 0.8655 -0.2931
vn 0.3435 0.8926 -0.2920
vn 0.3454 0.8945 -0.2839
vn 0.4061 0.8655 -0.2932
vn 0.4069 0.8678 -0.2852
vn 0.3445 0.8948 -0.2839
vn 0.3716 0.8895 -0.2659
vn 0.3715 0.8896 -0.2658
vn 0.3666 0.8881 -0.2772
vn 0.3715 0.8896 -0.2659
vn 0.3436 0.8947 -0.2856
vn 0.3716 0.8895 -0.2658
vn 0.3764 0.8871 -0.2671
vn 0.3764 0.8872 -0.2669
vn 0.3421 0.8945 -0.2876
vn 0.3764 0.8871 -0.2672
vn 0.3420 0.8946 -0.2876
vn 0.3822 0.8826 -0.2738
vn 0.3821 0.8827 -0.2737
vn 0.3821 0.8827 -0.2736
vn 0.3886 0.8770 -0.2826
vn 0.3424 0.8941 -0.2889
vn 0.3885 0.8770 -0.2826
vn 0.3959 0.8719 -0.2883
vn 0.3959 0.8718 -0.2883
vn 0.3429 0.8934 -0.2902
vn 0.3960 0.8718 -0.2884
vn 0.3453 0.8945 -0.2841
vn 0.4069 0.8678 -0.2851
vn 0.4179 0.8847 -0.2065
vn 0.4178 0.8847 -0.2067
vn 0.3611 0.9104 -0.2018
vn 0.3998 0.9022 0.1619
vn 0.4687 0.8734 0.1324
vn 0.3386 0.8889 -0.3087
vn 0.3560 0.8811 -0.3112
vn 0.2459 0.7235 -0.6451
vn 0.2319 0.7300 -0.6429
vn 0.2131 0.7272 -0.6525
vn 0.0091 0.2857 -0.9583
vn -0.0002 0.2881 -0.9576
vn 0.2544 0.6984 0.6689
vn 0.0939 0.2767 0.9564
vn 0.2147 0.2286 0.9496
vn 0.2545 0.6984 0.6690
vn 0.2146 0.2286 0.9496
vn 0.3530 0.6536 0.6694
vn -0.7142 0.6992 0.0308
vn -0.5024 0.8621 -0.0658
vn -0.4859 0.8324 -0.2666
vn -0.7140 0.6994 0.0309
vn -0.4858 0.8324 -0.2667
vn -0.6936 0.6886 -0.2115
vn -0.6936 0.6887 -0.2114
vn -0.4860 0.8322 -0.2667
vn -0.3750 0.5378 -0.7550
vn -0.6937 0.6886 -0.2113
vn -0.3753 0.5380 -0.7548
vn -0.6448 0.4740 -0.5996
vn -0.8764 0.4815 -0.0082
vn -0.9067 0.4129 0.0863
vn -0.9067 0.4129 0.0864
vn -0.8656 0.4990 0.0420
vn -0.9138 0.4038 0.0437
vn -0.9191 0.3826 0.0944
vn -0.9138 0.4038 0.0438
vn -0.9191 0.3825 0.0943
vn -0.9064 0.4136 0.0862
vn -0.6449 0.4742 -0.5993
vn -0.3751 0.5379 -0.7550
vn -0.2991 0.0432 -0.9532
vn -0.7241 0.2600 -0.6388
vn -0.7241 0.2599 -0.6389
vn -0.2992 0.0430 -0.9532
vn -0.3647 -0.1606 -0.9172
vn -0.7240 0.2599 -0.6389
vn -0.3646 -0.1606 -0.9172
vn -0.7956 0.1095 -0.5959
vn -0.7280 0.6843 0.0424
vn -0.5259 0.8490 -0.0511
vn -0.5138 0.8563 -0.0519
vn -0.7281 0.6842 0.0424
vn -0.5137 0.8564 -0.0520
vn -0.7205 0.6922 0.0418
vn -0.5137 0.8564 -0.0521
vn -0.5024 0.8622 -0.0656
vn 0.3629 0.8859 -0.2888
vn 0.3467 0.8943 -0.2829
vn 0.3629 0.8859 -0.2889
vn 0.3665 0.8882 -0.2773
vn 0.3459 0.8928 -0.2885
vn 0.3221 0.9004 -0.2925
vn 0.3189 0.8996 -0.2982
vn 0.3189 0.8997 -0.2982
vn 0.3466 0.8944 -0.2828
vn 0.3427 0.8930 -0.2918
vn 0.3220 0.9004 -0.2925
vn 0.3220 0.9004 -0.2926
vn 0.9823 -0.1705 -0.0769
vn 0.9792 -0.1835 -0.0863
vn 0.9762 -0.2018 -0.0788
vn 0.9939 0.0715 0.0842
vn 0.9892 -0.1237 -0.0788
vn 0.9939 0.0716 0.0842
vn 0.9772 -0.1567 -0.1430
vn -0.7941 0.6066 -0.0371
vn -0.9113 0.4071 0.0620
vn -0.8177 0.5754 -0.0180
vn -0.9132 0.4023 0.0649
vn -0.7942 0.6065 -0.0371
vn -0.7677 0.6402 -0.0260
vn -0.9054 0.4170 0.0802
vn -0.9054 0.4169 0.0804
vn -0.9113 0.4071 0.0618
vn -0.9128 0.4036 0.0630
vn -0.9186 0.3831 0.0965
vn -0.9112 0.4072 0.0619
vn -0.9187 0.3830 0.0966
vn -0.9225 0.3782 0.0771
vn -0.9129 0.4030 0.0646
vn -0.9113 0.4071 0.0619
vn -0.9224 0.3783 0.0773
vn -0.9225 0.3783 0.0773
vn 0.9818 0.0697 0.1767
vn 0.8268 0.3321 0.4540
vn 0.7333 -0.0593 0.6773
vn 0.9818 0.0698 0.1768
vn 0.7333 -0.0590 0.6774
vn 0.9003 -0.2217 0.3746
vn 0.9892 -0.1237 -0.0785
vn 0.9818 0.0697 0.1766
vn 0.9002 -0.2221 0.3747
vn 0.9002 -0.2218 0.3747
vn 0.9377 -0.3446 0.0435
vn -0.5282 0.8477 -0.0496
vn -0.7427 0.6694 0.0176
vn -0.5284 0.8476 -0.0497
vn -0.5536 0.8296 -0.0726
vn -0.5533 0.8298 -0.0732
vn -0.7677 0.6403 -0.0262
vn -0.5532 0.8298 -0.0731
vn -0.5941 0.7961 -0.1151
vn 0.3611 0.8850 -0.2939
vn 0.3427 0.8930 -0.2919
vn 0.3604 0.8851 -0.2945
vn 0.9543 -0.2491 -0.1648
vn 0.9325 -0.3122 -0.1814
vn 0.9452 -0.2663 -0.1890
vn 0.9543 -0.2492 -0.1647
vn 0.9452 -0.2664 -0.1889
vn -0.3964 -0.9120 -0.1058
vn -0.3588 -0.6760 -0.6436
vn -0.3470 -0.6687 -0.6576
vn -0.3962 -0.9121 -0.1057
vn -0.3470 -0.6686 -0.6577
vn -0.3820 -0.9178 -0.1080
vn 0.8492 -0.5171 -0.1068
vn 0.8348 -0.5310 -0.1456
vn 0.8817 -0.4464 -0.1527
vn 0.8493 -0.5169 -0.1070
vn 0.8817 -0.4464 -0.1526
vn 0.8691 -0.4781 -0.1272
vn 0.4957 -0.5224 0.6938
vn 0.7347 -0.6056 0.3058
vn 0.7451 -0.5487 0.3790
vn 0.4958 -0.5223 0.6938
vn 0.7452 -0.5487 0.3790
vn 0.5215 -0.4657 0.7150
vn -0.3623 -0.8898 0.2775
vn -0.4112 -0.9038 -0.1190
vn -0.3963 -0.9120 -0.1060
vn -0.3963 -0.9120 -0.1059
vn -0.3448 -0.8973 0.2756
vn -0.3195 -0.8680 0.3801
vn -0.2121 -0.6969 0.6851
vn -0.2841 -0.6696 0.6862
vn -0.3197 -0.8681 0.3797
vn -0.2840 -0.6697 0.6862
vn -0.3755 -0.8430 0.3851
vn -0.9837 0.1632 0.0748
vn -0.9864 0.1430 0.0807
vn -0.9697 0.2404 0.0434
vn -0.9837 0.1635 0.0748
vn -0.9697 0.2403 0.0434
vn -0.9664 0.2530 0.0464
vn -0.9864 0.1430 0.0808
vn -0.9596 0.2531 0.1226
vn -0.9673 0.2439 0.0693
vn -0.9673 0.2438 0.0693
vn -0.9697 0.2404 0.0435
vn -0.3222 -0.9010 0.2903
vn -0.3203 -0.9000 0.2956
vn -0.3376 -0.8936 0.2958
vn -0.3222 -0.9010 0.2905
vn -0.3409 -0.8934 0.2925
vn -0.3405 -0.8930 0.2943
vn -0.3404 -0.8934 0.2932
vn -0.3995 -0.8684 0.2937
vn -0.3406 -0.8930 0.2943
vn -0.3929 -0.8717 0.2929
vn -0.9849 0.0892 0.1486
vn -0.9818 0.1325 0.1360
vn -0.9641 0.2429 0.1071
vn -0.9849 0.0892 0.1484
vn -0.9642 0.2427 0.1071
vn -0.9684 0.2199 0.1173
vn -0.9818 0.1326 0.1361
vn -0.9803 0.1591 0.1171
vn -0.9626 0.2555 0.0900
vn -0.9626 0.2554 0.0900
vn -0.3382 -0.8918 0.3006
vn -0.3196 -0.8681 0.3798
vn -0.3754 -0.8430 0.3853
vn -0.3999 -0.8654 0.3019
vn -0.3414 -0.8918 0.2969
vn -0.3411 -0.8924 0.2955
vn -0.3857 -0.8755 0.2910
vn -0.3414 -0.8918 0.2968
vn -0.3856 -0.8756 0.2909
vn -0.3790 -0.8796 0.2876
vn -0.9868 -0.0431 0.1561
vn -0.9878 0.0297 0.1526
vn -0.9749 0.1875 0.1204
vn -0.9868 -0.0433 0.1562
vn -0.9815 0.1471 0.1223
vn -0.9878 0.0298 0.1527
vn -0.9849 0.0892 0.1485
vn -0.9684 0.2200 0.1174
vn -0.9878 0.0297 0.1529
vn -0.9748 0.1876 0.1204
vn -0.3405 -0.8930 0.2942
vn -0.3411 -0.8924 0.2954
vn -0.3856 -0.8756 0.2910
vn -0.3390 -0.8914 0.3006
vn -0.3402 -0.8916 0.2990
vn -0.3732 -0.8830 0.2846
vn -0.3390 -0.8914 0.3007
vn -0.3682 -0.8855 0.2834
vn -0.9644 -0.1717 0.2013
vn -0.9793 -0.1186 0.1640
vn -0.9864 0.1043 0.1271
vn -0.9643 -0.1718 0.2016
vn -0.9864 0.1042 0.1272
vn -0.9845 0.0737 0.1593
vn -0.9793 -0.1185 0.1640
vn -0.9868 -0.0432 0.1562
vn -0.9815 0.1471 0.1222
vn -0.9793 -0.1186 0.1641
vn -0.9864 0.1043 0.1272
vn -0.3401 -0.8916 0.2989
vn -0.3731 -0.8831 0.2845
vn -0.3400 -0.8938 0.2924
vn -0.3999 -0.8654 0.3020
vn -0.3401 -0.8938 0.2924
vn -0.4030 -0.8668 0.2936
vn -0.9803 0.1591 0.1170
vn -0.9811 0.1680 0.0958
vn -0.9637 0.2581 0.0689
vn -0.9637 0.2581 0.0688
vn -0.9626 0.2555 0.0899
vn -0.9837 0.1632 0.0749
vn -0.9663 0.2531 0.0465
vn -0.9811 0.1680 0.0957
vn -0.9663 0.2530 0.0465
vn -0.9637 0.2580 0.0689
vn -0.3368 -0.8919 0.3017
vn -0.3390 -0.8915 0.3006
vn -0.3683 -0.8854 0.2834
vn -0.3643 -0.8863 0.2860
vn 0.6338 -0.5331 0.5604
vn 0.7572 -0.5489 0.3540
vn 0.7398 -0.5682 0.3604
vn 0.6338 -0.5331 0.5605
vn 0.7398 -0.5682 0.3605
vn 0.6141 -0.5487 0.5672
vn 0.7397 -0.5682 0.3605
vn 0.7575 -0.5484 0.3540
vn 0.8217 -0.5372 0.1901
vn 0.7397 -0.5682 0.3606
vn 0.8216 -0.5375 0.1900
vn 0.8083 -0.5568 0.1915
vn 0.8216 -0.5373 0.1902
vn 0.9396 -0.3200 0.1214
vn 0.9370 -0.3480 0.0314
vn 0.8216 -0.5373 0.1904
vn 0.9369 -0.3482 0.0315
vn 0.8453 -0.5268 0.0894
vn 0.7574 -0.5486 0.3541
vn 0.9255 -0.2660 0.2697
vn 0.9397 -0.3199 0.1212
vn 0.9397 -0.3197 0.1211
vn 0.8217 -0.5373 0.1900
vn 0.8217 -0.5372 0.1902
vn 0.8341 -0.5440 0.0920
vn 0.8215 -0.5375 0.1901
vn 0.8341 -0.5439 0.0920
vn 0.8082 -0.5569 0.1913
vn 0.8341 -0.5439 0.0919
vn 0.8518 -0.5223 0.0398
vn 0.8340 -0.5440 0.0920
vn 0.8519 -0.5222 0.0397
vn 0.8416 -0.5383 0.0434
vn 0.9324 -0.3612 -0.0134
vn 0.9308 -0.3645 -0.0257
vn 0.9308 -0.3646 -0.0258
vn 0.8557 -0.5169 0.0243
vn 0.8453 -0.5267 0.0894
vn 0.9368 -0.3483 0.0314
vn 0.9325 -0.3609 -0.0135
vn 0.8519 -0.5222 0.0398
vn 0.8162 -0.5778 -0.0052
vn 0.8351 -0.5472 -0.0571
vn 0.8320 -0.5521 -0.0538
vn 0.8162 -0.5778 -0.0053
vn 0.8319 -0.5522 -0.0540
vn 0.8179 -0.5713 0.0677
vn 0.8454 -0.5335 0.0283
vn 0.8557 -0.5170 0.0244
vn 0.8597 -0.5101 0.0249
vn 0.8452 -0.5336 0.0283
vn 0.8598 -0.5101 0.0247
vn 0.8481 -0.5290 0.0296
vn 0.8597 -0.5102 0.0247
vn 0.9353 -0.3537 0.0121
vn 0.9352 -0.3538 0.0123
vn 0.8637 -0.5010 0.0558
vn 0.8556 -0.5170 0.0243
vn 0.9308 -0.3646 -0.0256
vn 0.8556 -0.5171 0.0243
vn 0.8597 -0.5101 0.0247
vn 0.5213 -0.4656 0.7152
vn 0.4520 -0.4439 0.7737
vn 0.4957 -0.5223 0.6939
vn 0.4523 -0.4439 0.7736
vn 0.4103 -0.4833 0.7733
vn 0.4521 -0.4438 0.7737
vn 0.7015 -0.0355 0.7118
vn 0.7673 -0.0854 0.6356
vn 0.7672 -0.0855 0.6357
vn 0.5139 -0.4865 0.7065
vn 0.5214 -0.4653 0.7152
vn 0.7335 -0.0590 0.6771
vn 0.5213 -0.4655 0.7153
vn 0.7013 -0.0358 0.7119
vn 0.4518 -0.4438 0.7739
vn 0.8597 -0.5102 0.0248
vn 0.8637 -0.5009 0.0557
vn 0.8498 -0.5248 0.0501
vn 0.8597 -0.5101 0.0248
vn 0.8497 -0.5249 0.0502
vn 0.8481 -0.5289 0.0296
vn 0.4829 -0.5083 0.7131
vn 0.5139 -0.4869 0.7063
vn 0.6337 -0.5332 0.5604
vn 0.4827 -0.5082 0.7133
vn 0.6139 -0.5487 0.5674
vn 0.6337 -0.5331 0.5605
vn 0.8620 -0.1740 0.4762
vn 0.6336 -0.5331 0.5607
vn 0.7576 -0.5485 0.3540
vn 0.5141 -0.4866 0.7064
vn 0.7673 -0.0854 0.6355
vn 0.5139 -0.4868 0.7064
vn 0.6338 -0.5332 0.5604
vn -0.9681 0.0358 0.2480
vn -0.9211 0.3500 0.1707
vn -0.9460 0.3137 0.0817
vn -0.9681 0.0357 0.2479
vn -0.9460 0.3137 0.0819
vn -0.9942 -0.0971 0.0456
vn -0.9942 -0.0971 0.0453
vn -0.8412 -0.0460 -0.5387
vn -0.9942 -0.0970 0.0456
vn -0.8413 -0.0461 -0.5386
vn -0.9036 -0.2013 -0.3781
vn -0.9460 0.3137 0.0816
vn -0.9277 0.3703 0.0470
vn -0.9460 0.3136 0.0817
vn -0.7957 0.1095 -0.5958
vn -0.8412 -0.0461 -0.5388
vn -0.9210 0.3502 0.1708
vn -0.9045 0.3970 0.1560
vn -0.9210 0.3501 0.1709
vn -0.9460 0.3138 0.0817
vn -0.9292 0.3606 0.0812
vn -0.9305 0.3570 0.0821
vn -0.9305 0.3570 0.0820
vn -0.9748 0.1875 0.1205
vn -0.9305 0.3569 0.0820
vn -0.9325 0.3519 0.0817
vn -0.9325 0.3518 0.0815
vn -0.9816 0.1471 0.1222
vn -0.9225 0.3781 0.0772
vn -0.9225 0.3783 0.0774
vn -0.9325 0.3519 0.0815
vn -0.9292 0.3606 0.0809
vn -0.9224 0.3784 0.0779
vn -0.9292 0.3605 0.0810
vn -0.9224 0.3784 0.0777
vn -0.9312 0.3597 0.0587
vn -0.9295 0.3615 0.0736
vn -0.9294 0.3616 0.0735
vn -0.9641 0.2429 0.1070
vn -0.9642 0.2428 0.1071
vn -0.9295 0.3615 0.0735
vn -0.9292 0.3605 0.0812
vn -0.9642 0.2428 0.1070
vn -0.9684 0.2200 0.1173
vn -0.9239 0.3762 0.0694
vn -0.9226 0.3782 0.0767
vn -0.9294 0.3616 0.0736
vn -0.9291 0.3607 0.0811
vn -0.9312 0.3597 0.0589
vn -0.9312 0.3596 0.0588
vn -0.9360 0.3517 0.0150
vn -0.9338 0.3557 0.0387
vn -0.9664 0.2530 0.0465
vn -0.9636 0.2583 0.0688
vn -0.9637 0.2580 0.0690
vn -0.9338 0.3558 0.0388
vn -0.9313 0.3595 0.0590
vn -0.9312 0.3596 0.0589
vn -0.9626 0.2555 0.0898
vn -0.9338 0.3558 0.0387
vn -0.9264 0.3724 0.0550
vn -0.9338 0.3557 0.0388
vn -0.9264 0.3725 0.0551
vn -0.9312 0.3597 0.0588
vn -0.9325 0.3609 0.0124
vn -0.9294 0.3673 0.0352
vn -0.9338 0.3558 0.0386
vn -0.9673 0.2438 0.0691
vn -0.9381 0.3403 0.0645
vn -0.9360 0.3520 -0.0003
vn -0.9673 0.2438 0.0694
vn -0.9360 0.3520 -0.0004
vn -0.9697 0.2404 0.0433
vn -0.9359 0.3522 -0.0002
vn -0.9360 0.3516 0.0148
vn -0.9663 0.2531 0.0464
vn -0.9360 0.3521 -0.0001
vn -0.9326 0.3608 0.0123
vn -0.9360 0.3518 0.0148
vn -0.9341 0.3570 -0.0006
vn -0.9381 0.3402 0.0646
vn -0.9340 0.3572 -0.0006
vn -0.9845 0.0737 0.1591
vn -0.9337 0.3425 0.1044
vn -0.9242 0.3529 0.1459
vn -0.9242 0.3530 0.1461
vn -0.9743 0.0638 0.2158
vn -0.9744 0.0640 0.2157
vn -0.9242 0.3530 0.1459
vn -0.9190 0.3559 0.1699
vn -0.9744 0.0640 0.2156
vn -0.9190 0.3558 0.1697
vn -0.9672 0.0592 0.2471
vn -0.9242 0.3531 0.1459
vn -0.9097 0.3925 0.1355
vn -0.9041 0.3974 0.1570
vn -0.9241 0.3530 0.1461
vn -0.9190 0.3558 0.1698
vn -0.9323 0.3464 0.1036
vn -0.9186 0.3832 0.0968
vn -0.9097 0.3924 0.1356
vn -0.9324 0.3463 0.1034
vn -0.9097 0.3926 0.1355
vn -0.9242 0.3530 0.1458
vn -0.2795 -0.9148 0.2917
vn -0.2757 -0.9165 0.2898
vn -0.3400 -0.8938 0.2923
vn -0.3403 -0.8935 0.2931
vn -0.2121 -0.6970 0.6849
vn -0.1477 -0.7373 0.6592
vn 0.1044 -0.3075 0.9458
vn -0.2121 -0.6970 0.6850
vn 0.1047 -0.3076 0.9458
vn 0.0055 -0.2554 0.9668
vn 0.8699 -0.4860 0.0843
vn 0.9352 -0.3538 0.0125
vn 0.8699 -0.4860 0.0845
vn 0.9352 -0.3539 0.0125
vn 0.9375 -0.3459 0.0390
vn -0.2704 -0.4102 -0.8710
vn -0.2038 -0.2331 -0.9509
vn -0.2702 -0.4102 -0.8710
vn -0.1923 -0.2379 -0.9521
vn -0.2570 -0.4041 -0.8779
vn 0.0052 -0.2553 0.9669
vn 0.1045 -0.3077 0.9457
vn 0.3248 0.1796 0.9286
vn 0.0051 -0.2554 0.9668
vn 0.2148 0.2287 0.9495
vn 0.5142 -0.4865 0.7063
vn 0.4828 -0.5081 0.7133
vn 0.4827 -0.5081 0.7133
vn 0.4104 -0.4833 0.7733
vn 0.8351 -0.5471 -0.0572
vn 0.8504 -0.5207 -0.0755
vn 0.8508 -0.5200 -0.0758
vn 0.8350 -0.5472 -0.0574
vn 0.8507 -0.5202 -0.0759
vn 0.8320 -0.5521 -0.0537
vn 0.8818 -0.4463 -0.1527
vn 0.9048 -0.3980 -0.1514
vn 0.8817 -0.4463 -0.1528
vn 0.9055 -0.3962 -0.1520
vn 0.8691 -0.4780 -0.1273
vn -0.9672 0.0591 0.2469
vn -0.9189 0.3559 0.1701
vn -0.9192 0.3538 0.1732
vn -0.9192 0.3538 0.1729
vn -0.9665 0.0496 0.2520
vn -0.9192 0.3537 0.1730
vn -0.9210 0.3501 0.1707
vn -0.9664 0.0496 0.2521
vn -0.9192 0.3538 0.1731
vn -0.9035 0.3979 0.1594
vn -0.9189 0.3560 0.1698
vn -0.9041 0.3974 0.1573
vn -0.9190 0.3558 0.1699
vn -0.9192 0.3539 0.1730
vn -0.3411 -0.8934 0.2923
vn -0.3273 -0.9046 0.2730
vn -0.3411 -0.8934 0.2925
vn -0.3229 -0.9010 0.2898
vn -0.3593 -0.6759 -0.6435
vn -0.2702 -0.4104 -0.8709
vn -0.2570 -0.4043 -0.8778
vn -0.3589 -0.6760 -0.6436
vn -0.2571 -0.4042 -0.8778
vn -0.3592 -0.8855 0.2949
vn -0.3448 -0.8973 0.2757
vn -0.3592 -0.8854 0.2949
vn -0.3412 -0.8934 0.2924
vn -0.3402 -0.8935 0.2932
vn -0.3403 -0.8934 0.2932
vn -0.4029 -0.8669 0.2936
vn -0.3995 -0.8684 0.2938
vn -0.2808 -0.4090 -0.8683
vn -0.2149 -0.2282 -0.9496
vn -0.2038 -0.2331 -0.9508
vn -0.2809 -0.4089 -0.8683
vn -0.2038 -0.2330 -0.9509
vn -0.3598 -0.8853 0.2947
vn -0.3591 -0.8855 0.2949
vn -0.3411 -0.8934 0.2924
vn -0.3599 -0.8852 0.2947
vn -0.3409 -0.8934 0.2926
vn -0.3673 -0.6713 -0.6437
vn -0.2808 -0.4091 -0.8682
vn -0.2701 -0.4104 -0.8710
vn -0.3672 -0.6713 -0.6438
vn -0.2703 -0.4103 -0.8710
vn -0.3588 -0.6759 -0.6437
vn -0.2843 -0.6697 0.6861
vn -0.2121 -0.6972 0.6848
vn 0.0052 -0.2554 0.9668
vn -0.2842 -0.6696 0.6862
vn -0.0980 -0.2224 0.9700
vn -0.2757 -0.9165 0.2899
vn -0.2749 -0.9142 0.2979
vn -0.3381 -0.8918 0.3006
vn -0.3368 -0.8919 0.3016
vn -0.3167 -0.8975 0.3069
vn -0.3114 -0.8954 0.3182
vn -0.3369 -0.8919 0.3017
vn -0.3113 -0.8954 0.3182
vn -0.3064 -0.8975 0.3171
vn -0.3401 -0.8916 0.2990
vn -0.3064 -0.8976 0.3170
vn -0.3007 -0.9019 0.3101
vn -0.3006 -0.9019 0.3103
vn -0.2941 -0.9071 0.3010
vn -0.3411 -0.8925 0.2952
vn -0.3006 -0.9019 0.3101
vn -0.3414 -0.8918 0.2970
vn -0.2940 -0.9072 0.3010
vn -0.2864 -0.9115 0.2952
vn -0.2942 -0.9071 0.3010
vn -0.2865 -0.9115 0.2951
vn -0.3402 -0.8934 0.2933
vn -0.2864 -0.9115 0.2951
vn -0.2750 -0.9141 0.2979
vn -0.2611 -0.8899 0.3742
vn -0.3194 -0.8681 0.3800
vn -0.2749 -0.9142 0.2978
vn -0.3194 -0.8681 0.3799
vn -0.3381 -0.8918 0.3005
vn -0.2611 -0.8899 0.3741
vn -0.1474 -0.7371 0.6595
vn -0.2611 -0.8900 0.3738
vn -0.2120 -0.6969 0.6851
vn -0.3194 -0.8682 0.3798
vn -0.3447 -0.8973 0.2756
vn -0.3963 -0.9120 -0.1058
vn -0.3820 -0.9178 -0.1081
vn -0.3821 -0.9178 -0.1081
vn -0.3272 -0.9046 0.2731
vn -0.4112 -0.9038 -0.1189
vn -0.3671 -0.6714 -0.6438
vn -0.4111 -0.9038 -0.1190
vn -0.3592 -0.6759 -0.6435
vn -0.3963 -0.9120 -0.1057
vn -0.0977 -0.2222 0.9701
vn 0.0053 -0.2553 0.9668
vn 0.2147 0.2284 0.9496
vn -0.0979 -0.2221 0.9701
vn 0.0942 0.2767 0.9563
vn -0.9338 -0.3384 0.1164
vn -0.9681 0.0355 0.2480
vn -0.9338 -0.3383 0.1164
vn -0.9245 -0.2413 0.2951
vn -0.9942 -0.0970 0.0457
vn -0.9035 -0.2015 -0.3783
vn -0.7666 -0.4855 -0.4202
vn -0.9942 -0.0969 0.0456
vn -0.7667 -0.4854 -0.4202
vn -0.9673 0.2439 0.0692
vn -0.9297 0.3526 0.1060
vn -0.9674 0.2437 0.0694
vn -0.9298 0.3525 0.1061
vn -0.9381 0.3404 0.0644
vn -0.9191 0.3825 0.0944
vn -0.9035 -0.2015 -0.3782
vn -0.8412 -0.0465 -0.5387
vn -0.4459 -0.3408 -0.8277
vn -0.9034 -0.2017 -0.3783
vn -0.8412 -0.0463 -0.5387
vn -0.7955 0.1095 -0.5960
vn -0.3646 -0.1605 -0.9172
vn -0.8412 -0.0462 -0.5388
vn -0.3647 -0.1605 -0.9172
vn -0.4459 -0.3406 -0.8278
vn -0.9672 0.0591 0.2470
vn -0.9664 0.0495 0.2521
vn -0.9270 -0.2236 0.3013
vn -0.9672 0.0589 0.2472
vn -0.9270 -0.2235 0.3013
vn -0.9323 -0.2083 0.2958
vn -0.9664 0.0495 0.2522
vn -0.9245 -0.2411 0.2951
vn -0.9664 0.0494 0.2522
vn -0.9246 -0.2411 0.2950
vn -0.3205 -0.9000 0.2954
vn -0.3167 -0.8975 0.3070
vn -0.3368 -0.8920 0.3014
vn -0.3377 -0.8936 0.2958
vn -0.3643 -0.8862 0.2861
vn -0.3614 -0.8856 0.2918
vn -0.3408 -0.8934 0.2926
vn -0.3614 -0.8856 0.2917
vn 0.8510 -0.5236 0.0405
vn 0.8453 -0.5335 0.0283
vn 0.8452 -0.5338 0.0283
vn 0.7349 -0.6053 0.3059
vn 0.8161 -0.5779 -0.0051
vn 0.8179 -0.5713 0.0678
vn 0.7348 -0.6055 0.3058
vn 0.8183 -0.5708 0.0673
vn 0.7453 -0.5486 0.3789
vn -0.9815 0.1470 0.1224
vn -0.9306 0.3573 0.0798
vn -0.9346 0.3461 0.0818
vn -0.9346 0.3461 0.0817
vn -0.9864 0.1042 0.1273
vn -0.9864 0.1041 0.1272
vn -0.9341 0.3477 0.0815
vn -0.9324 0.3462 0.1034
vn -0.9324 0.3463 0.1036
vn -0.9346 0.3462 0.0819
vn -0.9187 0.3831 0.0966
vn -0.9346 0.3461 0.0819
vn -0.9324 0.3463 0.1033
vn -0.9225 0.3783 0.0772
vn -0.9346 0.3462 0.0818
vn 0.7451 -0.5487 0.3791
vn 0.7334 -0.0590 0.6773
vn 0.7452 -0.5486 0.3790
vn 0.7333 -0.0590 0.6773
vn 0.5216 -0.4656 0.7150
vn 0.8179 -0.5713 0.0679
vn 0.9378 -0.3446 0.0435
vn 0.9003 -0.2217 0.3747
vn 0.9002 -0.2218 0.3748
vn 0.7452 -0.5487 0.3789
vn -0.9323 -0.2081 0.2959
vn -0.9452 -0.1948 0.2620
vn -0.9743 0.0638 0.2159
vn -0.9322 -0.2083 0.2959
vn -0.9744 0.0638 0.2158
vn -0.9672 0.0590 0.2470
vn -0.9452 -0.1947 0.2620
vn -0.9643 -0.1716 0.2015
vn -0.9845 0.0737 0.1592
vn -0.9452 -0.1948 0.2621
vn -0.9845 0.0738 0.1592
vn -0.3408 -0.8935 0.2926
vn -0.3230 -0.9009 0.2898
vn 0.8507 -0.5201 -0.0758
vn 0.8504 -0.5207 -0.0756
vn 0.8493 -0.5170 -0.1069
vn 0.8507 -0.5201 -0.0760
vn 0.8492 -0.5171 -0.1072
vn 0.8690 -0.4782 -0.1273
vn -0.3874 -0.8873 0.2504
vn -0.3874 -0.8873 0.2503
vn -0.4087 -0.8587 0.3094
vn -0.4200 -0.8772 0.2328
vn -0.3752 -0.8643 0.3350
vn -0.3542 -0.8359 0.4193
vn -0.3871 -0.8328 0.3956
vn -0.3870 -0.8328 0.3957
vn 0.2947 0.8957 -0.3331
vn 0.2600 0.9003 -0.3490
vn 0.3072 0.9188 -0.2480
vn 0.2602 0.9004 -0.3488
vn 0.2728 0.9224 -0.2734
vn 0.3227 0.9330 -0.1593
vn 0.2727 0.9224 -0.2736
vn 0.2909 0.9389 -0.1839
vt 0.394220 0.634790
vt 0.380980 0.628830
vt 0.394910 0.669470
vt 0.153190 0.075190
vt 0.172190 0.075380
vt 0.153870 0.040520
vt 0.139940 0.081150
vt 0.413220 0.634600
vt 0.564350 0.874020
vt 0.581540 0.862280
vt 0.565730 0.862100
vt 0.563570 0.819330
vt 0.565290 0.831210
vt 0.581090 0.830570
vt 0.793490 0.666150
vt 0.794530 0.607650
vt 0.783890 0.607570
vt 0.783180 0.666040
vt 0.795260 0.560490
vt 0.784580 0.560400
vt 0.775110 0.560470
vt 0.774880 0.607730
vt 0.774700 0.666190
vt 0.794470 0.772330
vt 0.794030 0.724820
vt 0.783630 0.724620
vt 0.784180 0.772110
vt 0.774930 0.724600
vt 0.775210 0.771980
vt 0.887380 0.561630
vt 0.855600 0.549430
vt 0.851530 0.607890
vt 0.884940 0.608560
vt 0.879920 0.725300
vt 0.850130 0.725770
vt 0.850630 0.784140
vt 0.878400 0.772470
vt 0.866230 0.817470
vt 0.862200 0.836810
vt 0.877340 0.834220
vt 0.879410 0.817420
vt 0.850600 0.666740
vt 0.882600 0.666890
vt 0.839410 0.556030
vt 0.822760 0.551690
vt 0.821470 0.607580
vt 0.836500 0.607730
vt 0.835380 0.725690
vt 0.820620 0.725600
vt 0.819690 0.784160
vt 0.835180 0.778990
vt 0.837540 0.495290
vt 0.846870 0.498280
vt 0.849590 0.491400
vt 0.837700 0.487280
vt 0.820920 0.666490
vt 0.835760 0.666620
vt 0.791870 0.817680
vt 0.783110 0.817690
vt 0.783730 0.834730
vt 0.793080 0.834590
vt 0.775060 0.817920
vt 0.775260 0.835260
vt 0.775320 0.863680
vt 0.784240 0.862970
vt 0.794280 0.862750
vt 0.813280 0.515860
vt 0.818420 0.515930
vt 0.821090 0.505500
vt 0.816700 0.501430
vt 0.783450 0.907450
vt 0.774890 0.908030
vt 0.774100 0.971250
vt 0.781630 0.971080
vt 0.850930 0.851060
vt 0.874960 0.862260
vt 0.834440 0.906420
vt 0.816830 0.906600
vt 0.812630 0.970860
vt 0.833760 0.970570
vt 0.793080 0.907290
vt 0.789950 0.971120
vt 0.774010 0.979590
vt 0.781390 0.979470
vt 0.789520 0.979540
vt 0.812060 0.979290
vt 0.833680 0.978980
vt 0.838590 0.228810
vt 0.850490 0.225460
vt 0.848870 0.221480
vt 0.839070 0.224540
vt 0.876200 0.970130
vt 0.854890 0.970320
vt 0.855300 0.978730
vt 0.876440 0.978530
vt 0.861990 0.798210
vt 0.879050 0.800650
vt 0.910250 0.161080
vt 0.906920 0.133390
vt 0.854610 0.136620
vt 0.853310 0.171920
vt 0.865870 0.203600
vt 0.861670 0.188880
vt 0.858430 0.191360
vt 0.861920 0.203600
vt 0.849800 0.182670
vt 0.847460 0.185990
vt 0.854830 0.193060
vt 0.857950 0.203140
vt 0.783650 0.800650
vt 0.793040 0.800770
vt 0.775160 0.800620
vt 0.836850 0.537120
vt 0.827530 0.534180
vt 0.824870 0.541050
vt 0.836750 0.545100
vt 0.815510 0.831430
vt 0.819250 0.828930
vt 0.816680 0.817890
vt 0.812370 0.817900
vt 0.890300 0.495620
vt 0.918690 0.492640
vt 0.916510 0.457420
vt 0.887310 0.461730
vt 0.918100 0.562170
vt 0.919250 0.533920
vt 0.890320 0.533550
vt 0.792750 0.515570
vt 0.802100 0.515700
vt 0.804520 0.498540
vt 0.794340 0.498230
vt 0.804900 0.517370
vt 0.808540 0.496570
vt 0.820070 0.480720
vt 0.808650 0.466650
vt 0.796800 0.465800
vt 0.807160 0.560160
vt 0.804030 0.532320
vt 0.793870 0.532320
vt 0.810120 0.537550
vt 0.919490 0.514970
vt 0.891840 0.515670
vt 0.909980 0.346740
vt 0.909300 0.297500
vt 0.884170 0.291430
vt 0.884070 0.345380
vt 0.851600 0.178520
vt 0.840310 0.344150
vt 0.840680 0.286750
vt 0.825140 0.286330
vt 0.825190 0.343830
vt 0.856340 0.287180
vt 0.857510 0.236760
vt 0.841230 0.242650
vt 0.838380 0.179590
vt 0.827050 0.182840
vt 0.828440 0.186660
vt 0.837850 0.183690
vt 0.911620 0.258420
vt 0.885770 0.250180
vt 0.929480 0.202580
vt 0.945000 0.177950
vt 0.906020 0.183080
vt 0.897670 0.202050
vt 0.798490 0.343400
vt 0.811330 0.343590
vt 0.811010 0.286530
vt 0.798110 0.286710
vt 0.824760 0.238140
vt 0.808710 0.244710
vt 0.796470 0.245360
vt 0.838730 0.233940
vt 0.825050 0.229700
vt 0.836430 0.474180
vt 0.839360 0.410330
vt 0.824290 0.410280
vt 0.954440 0.154340
vt 0.917750 0.228080
vt 0.890190 0.222220
vt 0.792070 0.204420
vt 0.801770 0.204450
vt 0.803850 0.189630
vt 0.793360 0.189490
vt 0.807810 0.206160
vt 0.811540 0.187600
vt 0.822490 0.173820
vt 0.807240 0.170320
vt 0.795270 0.171030
vt 0.804220 0.220050
vt 0.793680 0.220340
vt 0.812560 0.224690
vt 0.913000 0.404630
vt 0.885060 0.407270
vt 0.853590 0.506060
vt 0.858130 0.502150
vt 0.828090 0.497940
vt 0.825640 0.490960
vt 0.810700 0.409600
vt 0.798110 0.409150
vt 0.942330 0.104260
vt 0.927080 0.079340
vt 0.887880 0.070940
vt 0.898380 0.102040
vt 0.854420 0.410400
vt 0.855470 0.344510
vt 0.834620 0.103950
vt 0.831380 0.070820
vt 0.816660 0.074080
vt 0.818750 0.106420
vt 0.846030 0.067360
vt 0.842800 0.041830
vt 0.828610 0.045660
vt 0.837670 0.168190
vt 0.837690 0.138530
vt 0.820740 0.140170
vt 0.914720 0.063060
vt 0.880040 0.047030
vt 0.952760 0.130290
vt 0.794650 0.118430
vt 0.806300 0.111730
vt 0.804840 0.080810
vt 0.793710 0.090170
vt 0.814450 0.049760
vt 0.802880 0.057380
vt 0.791890 0.068680
vt 0.807570 0.143140
vt 0.795410 0.146660
vt 0.900310 0.801100
vt 0.902850 0.772830
vt 0.850420 0.101190
vt 0.826350 0.031630
vt 0.811730 0.037010
vt 0.853090 0.478680
vt 0.868810 0.221860
vt 0.871760 0.202410
vt 0.865830 0.184150
vt 0.867030 0.533700
vt 0.870680 0.513050
vt 0.865600 0.492930
vt 0.878640 0.034290
vt 0.841540 0.027870
vt 0.898740 0.818060
vt 0.874650 0.906560
vt 0.852020 0.906270
vt 0.890830 0.970380
vt 0.890610 0.978670
vt 0.896910 0.835050
vt 0.894800 0.863130
vt 0.915900 0.609140
vt 0.912260 0.667450
vt 0.907320 0.725730
vt 0.918390 0.058070
vt 0.774140 0.172380
vt 0.784090 0.171850
vt 0.783990 0.150180
vt 0.773920 0.152820
vt 0.783520 0.125800
vt 0.773680 0.131800
vt 0.783090 0.101840
vt 0.773850 0.111650
vt 0.781520 0.084210
vt 0.774620 0.097330
vt 0.775620 0.465450
vt 0.785680 0.465590
vt 0.786360 0.408900
vt 0.775850 0.408810
vt 0.786530 0.343260
vt 0.775890 0.343320
vt 0.774960 0.245860
vt 0.785070 0.245610
vt 0.783510 0.220490
vt 0.774290 0.220600
vt 0.782600 0.204350
vt 0.773900 0.204260
vt 0.783210 0.189350
vt 0.774000 0.189170
vt 0.786150 0.286820
vt 0.775570 0.287040
vt 0.784070 0.532220
vt 0.775010 0.532230
vt 0.783580 0.515470
vt 0.774940 0.515440
vt 0.784440 0.498100
vt 0.775260 0.498020
vt 0.806000 0.773030
vt 0.802820 0.801020
vt 0.808340 0.798340
vt 0.800840 0.817700
vt 0.804180 0.817720
vt 0.892770 0.907250
vt 0.803470 0.907030
vt 0.798910 0.971070
vt 0.798280 0.979500
vt 0.802760 0.834390
vt 0.808410 0.837090
vt 0.805090 0.862150
vt 0.819850 0.851260
vt 0.806610 0.725160
vt 0.806480 0.666330
vt 0.807330 0.607670
vt 0.765480 0.498000
vt 0.765400 0.515530
vt 0.765530 0.465420
vt 0.748320 0.515520
vt 0.748260 0.497970
vt 0.939500 0.303180
vt 0.922130 0.302390
vt 0.922830 0.347990
vt 0.939910 0.347400
vt 0.926260 0.404130
vt 0.930100 0.456690
vt 0.943220 0.403010
vt 0.748310 0.287560
vt 0.765420 0.287470
vt 0.765090 0.246160
vt 0.748080 0.246270
vt 0.966080 0.130950
vt 0.955090 0.103990
vt 0.968100 0.155450
vt 0.969360 0.096400
vt 0.981590 0.127130
vt 0.749580 0.114080
vt 0.765420 0.115920
vt 0.768810 0.097050
vt 0.753780 0.092970
vt 0.765610 0.343720
vt 0.748480 0.343740
vt 0.762390 0.069830
vt 0.776650 0.076750
vt 0.787900 0.058210
vt 0.775290 0.048640
vt 0.764600 0.134720
vt 0.748740 0.134190
vt 0.883850 0.019220
vt 0.928200 0.045750
vt 0.912760 0.802780
vt 0.915840 0.774390
vt 0.910860 0.819850
vt 0.932790 0.776180
vt 0.929720 0.804610
vt 0.923790 0.866220
vt 0.906730 0.864970
vt 0.904180 0.908740
vt 0.921220 0.909630
vt 0.959480 0.180250
vt 0.944460 0.207950
vt 0.984300 0.156740
vt 0.975880 0.186690
vt 0.747990 0.220840
vt 0.764800 0.220740
vt 0.764630 0.204200
vt 0.747970 0.204290
vt 0.950050 0.242310
vt 0.932410 0.236110
vt 0.925060 0.266480
vt 0.942820 0.269730
vt 0.789250 0.033640
vt 0.799620 0.045480
vt 0.804030 0.023230
vt 0.749040 0.909380
vt 0.766310 0.909370
vt 0.766310 0.865240
vt 0.748910 0.865270
vt 0.840170 0.012320
vt 0.918460 0.971920
vt 0.901320 0.971090
vt 0.900590 0.978940
vt 0.918370 0.979830
vt 0.821670 0.016050
vt 0.961360 0.216020
vt 0.747910 0.189030
vt 0.764570 0.189000
vt 0.764520 0.172510
vt 0.747920 0.172440
vt 0.930010 0.609970
vt 0.932220 0.562720
vt 0.926090 0.668560
vt 0.949220 0.563320
vt 0.946970 0.610930
vt 0.748650 0.724960
vt 0.765760 0.724900
vt 0.765520 0.666760
vt 0.748540 0.666820
vt 0.835440 0.856350
vt 0.946980 0.455580
vt 0.932250 0.492310
vt 0.933010 0.515120
vt 0.949110 0.491540
vt 0.748340 0.532410
vt 0.765360 0.532410
vt 0.766010 0.772010
vt 0.748720 0.772060
vt 0.937720 0.728740
vt 0.920780 0.727090
vt 0.766350 0.971850
vt 0.748420 0.408950
vt 0.765590 0.408980
vt 0.765360 0.560780
vt 0.748340 0.560790
vt 0.949970 0.534430
vt 0.933050 0.534290
vt 0.943020 0.669880
vt 0.748410 0.608280
vt 0.765400 0.608250
vt 0.766130 0.800750
vt 0.766190 0.818500
vt 0.748810 0.818540
vt 0.748770 0.800790
vt 0.926120 0.838590
vt 0.909020 0.836930
vt 0.748290 0.465390
vt 0.937940 0.078330
vt 0.950450 0.068070
vt 0.748170 0.153790
vt 0.764470 0.154010
vt 0.748840 0.836500
vt 0.766260 0.836470
vt 0.927870 0.821660
vt 0.949880 0.514800
vt 0.766650 0.979850
vt 0.749110 0.971870
vt 0.835300 0.817660
vt 0.835340 0.831410
vt 0.851500 0.828600
vt 0.853890 0.817530
vt 0.826130 0.836980
vt 0.835480 0.839850
vt 0.835150 0.795620
vt 0.835270 0.804000
vt 0.851310 0.806520
vt 0.844460 0.798500
vt 0.819100 0.806800
vt 0.837110 0.516220
vt 0.837390 0.502470
vt 0.836940 0.529960
vt 0.820780 0.526430
vt 0.853230 0.526930
vt 0.855910 0.516540
vt 0.838030 0.203950
vt 0.837940 0.191090
vt 0.821650 0.194180
vt 0.819260 0.204330
vt 0.838720 0.216930
vt 0.821960 0.214490
vt 0.829190 0.221930
vt 0.855820 0.213600
vt 0.835500 0.844840
vt 0.846950 0.841080
vt 0.844770 0.836780
vt 0.858180 0.817530
vt 0.855250 0.831080
vt 0.815370 0.804330
vt 0.811890 0.203750
vt 0.815260 0.218580
vt 0.818400 0.216050
vt 0.815510 0.203730
vt 0.826820 0.225280
vt 0.846610 0.794230
vt 0.835150 0.790660
vt 0.861040 0.516630
vt 0.816280 0.530360
vt 0.857610 0.530980
vt 0.835350 0.786240
vt 0.848680 0.790510
vt 0.825870 0.798650
vt 0.823710 0.794360
vt 0.852580 0.229980
vt 0.862590 0.218760
vt 0.859090 0.216160
vt 0.855030 0.804060
vt 0.815630 0.189220
vt 0.818690 0.191630
vt 0.825340 0.178720
vt 0.846260 0.534460
vt 0.848730 0.541400
vt 0.858420 0.802040
vt 0.861990 0.817740
vt 0.821970 0.790400
vt 0.848700 0.845020
vt 0.835310 0.849260
vt 0.812150 0.801900
vt 0.808530 0.817650
vt 0.858460 0.833470
vt 0.836610 0.549410
vt 0.822800 0.544660
vt 0.812090 0.833430
vt 0.821890 0.845020
vt 0.823980 0.841300
vt 0.860960 0.533290
vt 0.850570 0.545240
vt 0.865030 0.516770
vt 0.812850 0.532250
vt 0.809430 0.515500
vt 0.823940 0.486860
vt 0.838020 0.482730
vt 0.861710 0.500050
vt 0.851840 0.487580
vt 0.813480 0.498880
vt 0.838410 0.174880
vt 0.720550 0.666350
vt 0.730870 0.666190
vt 0.729900 0.607660
vt 0.719240 0.607770
vt 0.729100 0.560430
vt 0.718410 0.560530
vt 0.738920 0.607790
vt 0.738590 0.560490
vt 0.739350 0.666290
vt 0.720270 0.772570
vt 0.730550 0.772280
vt 0.730780 0.724790
vt 0.720380 0.725060
vt 0.739480 0.724720
vt 0.739510 0.772090
vt 0.625840 0.561830
vt 0.628500 0.609050
vt 0.662080 0.608220
vt 0.657820 0.549490
vt 0.634420 0.726230
vt 0.636420 0.773390
vt 0.664260 0.784770
vt 0.664250 0.726420
vt 0.648990 0.818120
vt 0.635880 0.818180
vt 0.638080 0.834850
vt 0.653140 0.837330
vt 0.631210 0.667660
vt 0.663330 0.667280
vt 0.674110 0.556110
vt 0.677160 0.608010
vt 0.692240 0.607800
vt 0.690820 0.551740
vt 0.679010 0.726230
vt 0.679650 0.779510
vt 0.695150 0.784560
vt 0.693790 0.726030
vt 0.676070 0.495080
vt 0.675930 0.487040
vt 0.663970 0.491130
vt 0.666680 0.498050
vt 0.678210 0.667070
vt 0.693080 0.666850
vt 0.723150 0.817860
vt 0.722020 0.834750
vt 0.731360 0.834850
vt 0.731900 0.817820
vt 0.739830 0.835340
vt 0.739940 0.818000
vt 0.730980 0.863060
vt 0.739900 0.863740
vt 0.720950 0.862880
vt 0.700350 0.515780
vt 0.696960 0.501300
vt 0.692550 0.505370
vt 0.695210 0.515850
vt 0.731900 0.907500
vt 0.733830 0.971120
vt 0.741350 0.971280
vt 0.740460 0.908070
vt 0.640580 0.862660
vt 0.664420 0.851440
vt 0.680980 0.906580
vt 0.681690 0.970670
vt 0.702830 0.970940
vt 0.698560 0.906720
vt 0.722280 0.907370
vt 0.725510 0.971180
vt 0.734080 0.979520
vt 0.741470 0.979620
vt 0.725950 0.979600
vt 0.681770 0.979080
vt 0.703410 0.979370
vt 0.674400 0.230530
vt 0.673780 0.226320
vt 0.663930 0.223670
vt 0.662500 0.227680
vt 0.639250 0.970220
vt 0.639000 0.978620
vt 0.660140 0.978830
vt 0.660550 0.970430
vt 0.636070 0.801500
vt 0.653060 0.798900
vt 0.596940 0.168040
vt 0.656720 0.173790
vt 0.653250 0.136720
vt 0.597020 0.138320
vt 0.646090 0.206800
vt 0.650020 0.206560
vt 0.652740 0.194050
vt 0.649300 0.191750
vt 0.656490 0.195540
vt 0.663560 0.187950
vt 0.660990 0.184680
vt 0.653970 0.205870
vt 0.721880 0.800970
vt 0.731260 0.800790
vt 0.739740 0.800710
vt 0.676670 0.537100
vt 0.676780 0.545120
vt 0.688710 0.541060
vt 0.686040 0.534150
vt 0.699620 0.831710
vt 0.702680 0.818190
vt 0.698380 0.818200
vt 0.695880 0.829240
vt 0.622930 0.495180
vt 0.626230 0.461030
vt 0.596880 0.456330
vt 0.594210 0.491970
vt 0.594860 0.562480
vt 0.622820 0.533490
vt 0.593520 0.533900
vt 0.720930 0.515520
vt 0.719380 0.498150
vt 0.709170 0.498440
vt 0.711570 0.515640
vt 0.705150 0.496450
vt 0.708760 0.517310
vt 0.705140 0.466470
vt 0.693640 0.480530
vt 0.717010 0.465670
vt 0.719800 0.532300
vt 0.709620 0.532300
vt 0.706490 0.560220
vt 0.703510 0.537540
vt 0.621300 0.515430
vt 0.593260 0.514660
vt 0.605590 0.345970
vt 0.631080 0.345100
vt 0.631490 0.292580
vt 0.607420 0.298240
vt 0.658910 0.180520
vt 0.674220 0.344230
vt 0.689190 0.343930
vt 0.688980 0.287060
vt 0.673690 0.287660
vt 0.672240 0.244310
vt 0.656060 0.239060
vt 0.658390 0.288260
vt 0.672540 0.180930
vt 0.673270 0.185110
vt 0.683020 0.187770
vt 0.684300 0.183810
vt 0.629320 0.253120
vt 0.605440 0.261660
vt 0.584270 0.212260
vt 0.614620 0.207800
vt 0.604180 0.190020
vt 0.564070 0.191670
vt 0.715700 0.343480
vt 0.715730 0.287140
vt 0.702940 0.287100
vt 0.702940 0.343690
vt 0.704530 0.245550
vt 0.688420 0.239380
vt 0.716740 0.245970
vt 0.687900 0.230990
vt 0.674440 0.235620
vt 0.677270 0.473900
vt 0.689800 0.410040
vt 0.674760 0.410000
vt 0.548160 0.168980
vt 0.623570 0.226680
vt 0.598270 0.234250
vt 0.720380 0.204850
vt 0.718830 0.189770
vt 0.708170 0.190090
vt 0.710600 0.205060
vt 0.700300 0.188190
vt 0.704540 0.206920
vt 0.704340 0.170380
vt 0.688680 0.174370
vt 0.716660 0.170960
vt 0.719050 0.220890
vt 0.708470 0.220810
vt 0.700230 0.225650
vt 0.629190 0.406480
vt 0.601330 0.403370
vt 0.655350 0.501910
vt 0.659900 0.505850
vt 0.688020 0.490770
vt 0.685540 0.497770
vt 0.715930 0.409030
vt 0.703360 0.409430
vt 0.554660 0.111040
vt 0.602860 0.103190
vt 0.611200 0.067310
vt 0.568540 0.081670
vt 0.659250 0.344530
vt 0.659730 0.409960
vt 0.673400 0.100240
vt 0.691020 0.102500
vt 0.692770 0.065990
vt 0.675760 0.062680
vt 0.677970 0.033240
vt 0.661080 0.029170
vt 0.658740 0.059420
vt 0.672770 0.169110
vt 0.689580 0.139120
vt 0.671440 0.137940
vt 0.617300 0.038930
vt 0.580170 0.061930
vt 0.545970 0.141550
vt 0.717480 0.115610
vt 0.718950 0.084270
vt 0.706380 0.073580
vt 0.704780 0.108210
vt 0.708630 0.046420
vt 0.694850 0.037500
vt 0.721340 0.059760
vt 0.716410 0.145720
vt 0.703590 0.142050
vt 0.612010 0.774030
vt 0.614900 0.802190
vt 0.655750 0.097960
vt 0.697830 0.022030
vt 0.679960 0.017010
vt 0.660520 0.478330
vt 0.644290 0.225010
vt 0.640160 0.206020
vt 0.644760 0.187260
vt 0.646320 0.533650
vt 0.642670 0.512830
vt 0.647860 0.492590
vt 0.662010 0.012320
vt 0.617460 0.023890
vt 0.616700 0.819020
vt 0.640890 0.906740
vt 0.663440 0.906440
vt 0.624610 0.970460
vt 0.624830 0.978750
vt 0.618700 0.835810
vt 0.620920 0.863570
vt 0.597350 0.609810
vt 0.601390 0.668460
vt 0.606950 0.726950
vt 0.575390 0.056820
vt 0.738210 0.172280
vt 0.738590 0.152380
vt 0.728280 0.149480
vt 0.728100 0.171740
vt 0.729340 0.123850
vt 0.739540 0.130640
vt 0.740540 0.108860
vt 0.730640 0.097580
vt 0.732870 0.077760
vt 0.740290 0.092790
vt 0.738200 0.465390
vt 0.738160 0.408760
vt 0.727660 0.408820
vt 0.728130 0.465490
vt 0.727600 0.343330
vt 0.738210 0.343370
vt 0.738220 0.246110
vt 0.738490 0.220840
vt 0.729250 0.220860
vt 0.728110 0.246020
vt 0.729920 0.204630
vt 0.738670 0.204440
vt 0.738410 0.189260
vt 0.729110 0.189510
vt 0.738180 0.287220
vt 0.727630 0.287110
vt 0.738680 0.532220
vt 0.729620 0.532210
vt 0.730120 0.515440
vt 0.738770 0.515420
vt 0.738480 0.497970
vt 0.729290 0.498040
vt 0.706580 0.798640
vt 0.712110 0.801280
vt 0.708750 0.773340
vt 0.714190 0.817920
vt 0.710850 0.817960
vt 0.622840 0.907390
vt 0.716550 0.971130
vt 0.711900 0.907130
vt 0.717190 0.979570
vt 0.706730 0.837320
vt 0.712350 0.834600
vt 0.710150 0.862320
vt 0.695380 0.851510
vt 0.707800 0.725490
vt 0.707540 0.666600
vt 0.706410 0.607840
vt 0.592830 0.346890
vt 0.588060 0.402600
vt 0.583160 0.455370
vt 0.540530 0.112220
vt 0.530790 0.144160
vt 0.532990 0.173520
vt 0.746890 0.092690
vt 0.599060 0.775750
vt 0.602520 0.804040
vt 0.604710 0.820960
vt 0.549910 0.197890
vt 0.571350 0.219760
vt 0.726180 0.047730
vt 0.712600 0.032280
vt 0.738530 0.069460
vt 0.585950 0.242580
vt 0.593120 0.269240
vt 0.580620 0.563130
vt 0.583160 0.610730
vt 0.587510 0.669690
vt 0.679870 0.856650
vt 0.580430 0.491490
vt 0.579500 0.514770
vt 0.614100 0.971170
vt 0.614860 0.979030
vt 0.594960 0.302650
vt 0.593490 0.728470
vt 0.556570 0.081980
vt 0.579520 0.534340
vt 0.606790 0.837790
vt 0.609100 0.865390
vt 0.611460 0.908830
vt 0.748820 0.979870
vt 0.679800 0.818090
vt 0.661280 0.818090
vt 0.663720 0.829100
vt 0.679840 0.831800
vt 0.679750 0.840210
vt 0.689050 0.837300
vt 0.679800 0.796100
vt 0.670530 0.799050
vt 0.663760 0.807100
vt 0.679740 0.804470
vt 0.695890 0.807160
vt 0.676430 0.516100
vt 0.676190 0.502290
vt 0.692820 0.526380
vt 0.676590 0.529910
vt 0.657540 0.516390
vt 0.660220 0.526850
vt 0.674000 0.205670
vt 0.692940 0.205390
vt 0.690200 0.195190
vt 0.673520 0.192650
vt 0.683530 0.223380
vt 0.690530 0.215700
vt 0.673840 0.218720
vt 0.656670 0.216170
vt 0.670480 0.837200
vt 0.668330 0.841490
vt 0.679750 0.845180
vt 0.657000 0.818120
vt 0.660020 0.831580
vt 0.699600 0.804670
vt 0.700360 0.204590
vt 0.696700 0.204670
vt 0.694150 0.217150
vt 0.697370 0.219600
vt 0.686000 0.226640
vt 0.679760 0.791160
vt 0.668350 0.794810
vt 0.652370 0.516470
vt 0.697330 0.530320
vt 0.655800 0.530920
vt 0.666260 0.791110
vt 0.679530 0.786750
vt 0.691210 0.794770
vt 0.689090 0.799070
vt 0.660630 0.232210
vt 0.653560 0.218890
vt 0.650230 0.221640
vt 0.660030 0.804670
vt 0.696170 0.189950
vt 0.693120 0.192500
vt 0.685910 0.179520
vt 0.664730 0.541400
vt 0.667220 0.534430
vt 0.653210 0.818360
vt 0.656640 0.802690
vt 0.692920 0.790800
vt 0.679960 0.849580
vt 0.666610 0.845420
vt 0.702800 0.802220
vt 0.706500 0.817920
vt 0.656840 0.833980
vt 0.690780 0.544680
vt 0.676920 0.549450
vt 0.703040 0.833690
vt 0.693320 0.845300
vt 0.691220 0.841600
vt 0.662880 0.545260
vt 0.652430 0.533240
vt 0.648350 0.516600
vt 0.704220 0.515430
vt 0.700770 0.532230
vt 0.675630 0.482470
vt 0.689730 0.486670
vt 0.651750 0.499780
vt 0.661730 0.487280
vt 0.700190 0.498750
vt 0.672290 0.176070
vt 0.159710 0.400570
vt 0.094070 0.398210
vt 0.083980 0.530710
vt 0.159220 0.530120
vt 0.272470 0.179680
vt 0.325020 0.179280
vt 0.336390 0.034340
vt 0.270210 0.035560
vt 0.400250 0.179860
vt 0.335100 0.311780
vt 0.400750 0.309420
vt 0.507060 0.309740
vt 0.511090 0.177880
vt 0.495640 0.177730
vt 0.488730 0.308820
vt 0.272390 0.313350
vt 0.149410 0.034340
vt 0.118010 0.057030
vt 0.075860 0.114720
vt 0.122100 0.138590
vt 0.462550 0.581340
vt 0.449480 0.576590
vt 0.427190 0.643480
vt 0.247690 0.401170
vt 0.232820 0.232950
vt 0.158160 0.236810
vt 0.473860 0.477040
vt 0.490880 0.479800
vt 0.031350 0.396640
vt 0.108270 0.233420
vt 0.040630 0.220480
vt 0.349310 0.476560
vt 0.399200 0.473170
vt 0.208440 0.133390
vt 0.151800 0.144950
vt 0.363130 0.571390
vt 0.392840 0.565030
vt 0.095360 0.675640
vt 0.166030 0.674320
vt 0.491350 0.039470
vt 0.407070 0.035660
vt 0.270050 0.532110
vt 0.254610 0.532260
vt 0.250320 0.670510
vt 0.270050 0.670530
vt 0.186160 0.066500
vt 0.158960 0.035980
vt 0.400000 0.674000
vt 0.511090 0.039450
vt 0.281670 0.489500
vt 0.316890 0.595270
vt 0.249850 0.230190
vt 0.221510 0.128650
vt 0.266020 0.400250
vt 0.359040 0.652950
vt 0.390450 0.675640
vt 0.031430 0.530310
vt 0.029170 0.674430
vt 0.314830 0.760110
vt 0.314480 0.733680
vt 0.310560 0.733820
vt 0.310860 0.760270
vt 0.046700 0.886230
vt 0.048330 0.870280
vt 0.034590 0.870300
vt 0.039830 0.881940
vt 0.226210 0.884980
vt 0.234370 0.865910
vt 0.224980 0.864880
vt 0.215390 0.883030
vt 0.327730 0.787590
vt 0.327850 0.759680
vt 0.314600 0.788260
vt 0.532280 0.787080
vt 0.532240 0.795460
vt 0.550820 0.797890
vt 0.551320 0.788930
vt 0.468260 0.909200
vt 0.468640 0.914560
vt 0.523980 0.915100
vt 0.524220 0.909930
vt 0.557550 0.917630
vt 0.565200 0.914920
vt 0.383580 0.733490
vt 0.383450 0.758180
vt 0.396200 0.758520
vt 0.396380 0.734700
vt 0.438810 0.777780
vt 0.438840 0.787150
vt 0.457950 0.788230
vt 0.457920 0.780030
vt 0.285070 0.909100
vt 0.285180 0.914760
vt 0.316400 0.914720
vt 0.316300 0.909220
vt 0.358840 0.914670
vt 0.358710 0.909270
vt 0.507130 0.784530
vt 0.507180 0.792360
vt 0.415560 0.772390
vt 0.415610 0.785830
vt 0.424760 0.786430
vt 0.424720 0.775300
vt 0.250860 0.908370
vt 0.251000 0.914660
vt 0.264890 0.914740
vt 0.264760 0.908830
vt 0.403970 0.764340
vt 0.404040 0.784570
vt 0.409340 0.785230
vt 0.409290 0.768750
vt 0.230200 0.906940
vt 0.230250 0.914350
vt 0.239200 0.914520
vt 0.239060 0.907690
vt 0.481350 0.782190
vt 0.481380 0.789910
vt 0.410990 0.914610
vt 0.410810 0.909250
vt 0.399960 0.760500
vt 0.400050 0.784010
vt 0.286360 0.871660
vt 0.281110 0.892820
vt 0.302510 0.890390
vt 0.308120 0.870170
vt 0.332470 0.886450
vt 0.337210 0.867770
vt 0.375260 0.866020
vt 0.378350 0.849320
vt 0.342860 0.849830
vt 0.315210 0.850230
vt 0.372510 0.883630
vt 0.421190 0.882060
vt 0.422320 0.864880
vt 0.475140 0.863960
vt 0.475840 0.847930
vt 0.423600 0.848680
vt 0.188500 0.883940
vt 0.207500 0.865910
vt 0.136480 0.868560
vt 0.131550 0.885480
vt 0.474540 0.880970
vt 0.526330 0.879380
vt 0.527500 0.863030
vt 0.569470 0.846600
vt 0.529110 0.847170
vt 0.242480 0.889360
vt 0.248090 0.868500
vt 0.267150 0.870980
vt 0.272520 0.850840
vt 0.251280 0.851140
vt 0.240500 0.851300
vt 0.262300 0.892330
vt 0.292660 0.850550
vt 0.068290 0.915500
vt 0.040740 0.918320
vt 0.039140 0.929190
vt 0.066390 0.927870
vt 0.035510 0.920930
vt 0.031390 0.929510
vt 0.029800 0.944050
vt 0.035840 0.944040
vt 0.063630 0.944010
vt 0.264890 0.927100
vt 0.285210 0.927100
vt 0.250980 0.927060
vt 0.250960 0.943820
vt 0.264900 0.943810
vt 0.285220 0.943790
vt 0.316440 0.927070
vt 0.358880 0.927020
vt 0.316460 0.943760
vt 0.358900 0.943710
vt 0.411090 0.926960
vt 0.469150 0.926910
vt 0.411190 0.943660
vt 0.469780 0.943600
vt 0.526250 0.927020
vt 0.567490 0.927290
vt 0.528380 0.943540
vt 0.572200 0.943500
vt 0.221730 0.914310
vt 0.221660 0.926940
vt 0.230200 0.926950
vt 0.192880 0.914540
vt 0.192380 0.927060
vt 0.191760 0.943880
vt 0.221580 0.943850
vt 0.230180 0.943840
vt 0.457980 0.772240
vt 0.481370 0.774850
vt 0.561560 0.789220
vt 0.560840 0.779900
vt 0.550730 0.780280
vt 0.586380 0.846360
vt 0.304620 0.760490
vt 0.304520 0.732460
vt 0.297140 0.732760
vt 0.297140 0.760760
vt 0.569480 0.788490
vt 0.568760 0.778370
vt 0.072930 0.869850
vt 0.073800 0.886430
vt 0.044740 0.854930
vt 0.032790 0.855180
vt 0.130490 0.914760
vt 0.129060 0.927240
vt 0.127200 0.943950
vt 0.355700 0.758840
vt 0.355690 0.733310
vt 0.327630 0.733510
vt 0.355730 0.786010
vt 0.304640 0.788620
vt 0.297140 0.788820
vt 0.383530 0.784420
vt 0.310720 0.788420
vt 0.560920 0.798880
vt 0.507140 0.777090
vt 0.404160 0.745270
vt 0.400160 0.738350
vt 0.409480 0.753190
vt 0.415760 0.759690
vt 0.424900 0.764760
vt 0.438930 0.768900
vt 0.532170 0.779140
vt 0.569000 0.799100
vt 0.069170 0.907380
vt 0.040340 0.910500
vt 0.032880 0.915670
vt 0.584290 0.926860
vt 0.590280 0.943480
vt 0.025710 0.927190
vt 0.023150 0.944060
vt 0.193350 0.906690
vt 0.131370 0.906750
vt 0.396290 0.783810
vt 0.239140 0.927000
vt 0.239110 0.943840
vt 0.231350 0.851430
vt 0.216950 0.851640
vt 0.221850 0.906560
vt 0.279450 0.760110
vt 0.283420 0.760270
vt 0.283720 0.733820
vt 0.279800 0.733680
vt 0.045430 0.823580
vt 0.038740 0.828140
vt 0.033980 0.839990
vt 0.047710 0.839460
vt 0.225240 0.818030
vt 0.214460 0.820300
vt 0.224600 0.838170
vt 0.233950 0.836870
vt 0.266550 0.787590
vt 0.279680 0.788260
vt 0.266430 0.759680
vt 0.062000 0.787080
vt 0.042960 0.788930
vt 0.043460 0.797890
vt 0.062040 0.795460
vt 0.468330 0.978010
vt 0.524290 0.977160
vt 0.524040 0.971990
vt 0.468700 0.972640
vt 0.565250 0.972090
vt 0.557610 0.969390
vt 0.210700 0.733490
vt 0.197900 0.734700
vt 0.198080 0.758520
vt 0.210830 0.758180
vt 0.155470 0.777780
vt 0.136360 0.780030
vt 0.136330 0.788230
vt 0.155440 0.787150
vt 0.285140 0.978480
vt 0.316370 0.978290
vt 0.316460 0.972790
vt 0.285240 0.972820
vt 0.358780 0.978160
vt 0.358900 0.972750
vt 0.087150 0.784530
vt 0.087100 0.792360
vt 0.178720 0.772390
vt 0.169560 0.775290
vt 0.169520 0.786430
vt 0.178670 0.785830
vt 0.250930 0.979270
vt 0.264840 0.978790
vt 0.264950 0.972880
vt 0.251060 0.972980
vt 0.190310 0.764340
vt 0.184990 0.768750
vt 0.184940 0.785230
vt 0.190240 0.784570
vt 0.230270 0.980750
vt 0.239130 0.979980
vt 0.239260 0.973150
vt 0.230310 0.973340
vt 0.112930 0.782190
vt 0.112900 0.789910
vt 0.410880 0.978070
vt 0.411050 0.972710
vt 0.194310 0.760500
vt 0.194230 0.784010
vt 0.285760 0.829620
vt 0.307560 0.830490
vt 0.301370 0.810430
vt 0.279910 0.808620
vt 0.336700 0.832060
vt 0.331430 0.813530
vt 0.374780 0.832730
vt 0.371530 0.815200
vt 0.421860 0.832520
vt 0.420240 0.815380
vt 0.474690 0.831930
vt 0.187470 0.820300
vt 0.130260 0.820910
vt 0.135850 0.837670
vt 0.207130 0.837660
vt 0.473600 0.814940
vt 0.527050 0.831370
vt 0.525410 0.815050
vt 0.247590 0.833880
vt 0.241380 0.813180
vt 0.266580 0.830860
vt 0.261120 0.809650
vt 0.068350 0.972520
vt 0.066430 0.960160
vt 0.039170 0.958890
vt 0.040790 0.969760
vt 0.031420 0.958580
vt 0.035560 0.967160
vt 0.285240 0.960480
vt 0.264930 0.960520
vt 0.251010 0.960590
vt 0.358910 0.960410
vt 0.316480 0.960450
vt 0.469190 0.960290
vt 0.411130 0.960360
vt 0.567520 0.959710
vt 0.526280 0.960060
vt 0.230230 0.960740
vt 0.221690 0.960770
vt 0.221790 0.973400
vt 0.192410 0.960700
vt 0.192940 0.973230
vt 0.136300 0.772240
vt 0.112910 0.774850
vt 0.043550 0.780280
vt 0.033440 0.779900
vt 0.032720 0.789220
vt 0.289660 0.760490
vt 0.289760 0.732460
vt 0.025520 0.778370
vt 0.024800 0.788490
vt 0.072500 0.822280
vt 0.072300 0.838890
vt 0.129090 0.960660
vt 0.130550 0.973140
vt 0.238580 0.758830
vt 0.266650 0.733510
vt 0.238590 0.733310
vt 0.238550 0.786010
vt 0.289640 0.788620
vt 0.210750 0.784420
vt 0.283560 0.788420
vt 0.033360 0.798880
vt 0.087140 0.777090
vt 0.194120 0.738350
vt 0.190120 0.745270
vt 0.184800 0.753190
vt 0.178520 0.759690
vt 0.169380 0.764760
vt 0.155350 0.768900
vt 0.062110 0.779140
vt 0.025280 0.799100
vt 0.040410 0.977580
vt 0.069250 0.980630
vt 0.032930 0.972430
vt 0.584330 0.960100
vt 0.025750 0.960920
vt 0.131450 0.981140
vt 0.193430 0.981080
vt 0.197990 0.783810
vt 0.239170 0.960670
vt 0.221920 0.981140
s 0
usemtl mat0.1078
f 1/1/1 2/2/2 3/3/3
f 4/4/4 5/5/5 6/6/6
f 7/7/7 4/4/8 6/6/9
f 8/8/10 1/1/11 3/3/12
f 9/9/13 10/10/14 11/11/15
f 12/12/16 13/13/17 14/14/18
f 15/15/19 16/16/20 17/17/21
f 15/15/22 17/17/23 18/18/24
f 16/16/25 19/19/26 20/20/27
f 16/16/28 20/20/29 17/17/30
f 17/17/31 20/20/32 21/21/33
f 17/17/34 21/21/35 22/22/36
f 18/18/37 17/17/38 22/22/39
f 18/18/40 22/22/36 23/23/41
f 24/24/42 25/25/43 26/26/44
f 24/24/45 26/26/46 27/27/47
f 25/25/48 15/15/19 18/18/49
f 25/25/48 18/18/50 26/26/51
f 26/26/52 18/18/53 23/23/54
f 26/26/55 23/23/56 28/28/57
f 27/27/58 26/26/55 28/28/59
f 27/27/60 28/28/61 29/29/62
f 30/30/63 31/31/64 32/32/65
f 30/30/66 32/32/67 33/33/68
f 34/34/69 35/35/70 36/36/71
f 34/34/72 36/36/73 37/37/74
f 38/38/75 39/39/76 40/40/77
f 38/38/78 40/40/79 41/41/80
f 33/33/81 32/32/65 42/42/82
f 33/33/83 42/42/84 43/43/85
f 44/44/86 45/45/87 46/46/88
f 44/44/89 46/46/88 47/47/90
f 48/48/91 49/49/92 50/50/93
f 48/48/94 50/50/95 51/51/96
f 52/52/97 53/53/98 54/54/99
f 52/52/100 54/54/99 55/55/101
f 47/47/90 46/46/88 56/56/102
f 47/47/103 56/56/102 57/57/104
f 58/58/105 59/59/106 60/60/107
f 58/58/108 60/60/107 61/61/109
f 59/59/110 62/62/111 63/63/112
f 59/59/113 63/63/114 60/60/115
f 60/60/116 63/63/117 64/64/118
f 60/60/119 64/64/120 65/65/121
f 61/61/122 60/60/123 65/65/124
f 61/61/109 65/65/125 66/66/126
f 67/67/127 68/68/128 69/69/129
f 67/67/130 69/69/131 70/70/132
f 71/71/133 72/72/134 73/73/135
f 71/71/136 73/73/137 74/74/138
f 40/40/139 39/39/140 75/75/141
f 40/40/77 75/75/142 76/76/143
f 77/77/144 78/78/145 79/79/146
f 77/77/144 79/79/146 80/80/147
f 81/81/148 71/71/149 74/74/138
f 81/81/148 74/74/150 82/82/151
f 74/74/152 73/73/153 83/83/154
f 74/74/155 83/83/156 84/84/157
f 82/82/158 74/74/159 84/84/160
f 82/82/158 84/84/161 85/85/162
f 80/80/163 79/79/164 86/86/165
f 80/80/166 86/86/167 87/87/168
f 88/88/169 89/89/170 90/90/171
f 88/88/172 90/90/173 91/91/174
f 92/92/175 93/93/176 94/94/167
f 92/92/177 94/94/168 95/95/178
f 36/36/179 96/96/180 97/97/181
f 36/36/73 97/97/182 37/37/74
f 97/97/183 96/96/184 38/38/185
f 97/97/186 38/38/187 41/41/188
f 98/98/189 99/99/190 100/100/191
f 98/98/192 100/100/191 101/101/193
f 102/102/194 103/103/195 104/104/196
f 102/102/197 104/104/198 105/105/199
f 104/104/200 106/106/201 107/107/202
f 104/104/203 107/107/204 108/108/205
f 105/105/206 104/104/200 108/108/207
f 105/105/208 108/108/207 109/109/209
f 24/24/45 27/27/210 110/110/211
f 24/24/42 110/110/212 111/111/213
f 27/27/214 29/29/215 112/112/216
f 27/27/217 112/112/218 110/110/219
f 110/110/220 112/112/221 62/62/222
f 110/110/223 62/62/224 59/59/225
f 111/111/226 110/110/227 59/59/228
f 111/111/229 59/59/230 58/58/231
f 113/113/232 114/114/233 115/115/234
f 113/113/235 115/115/236 116/116/237
f 117/117/238 118/118/239 119/119/240
f 117/117/241 119/119/242 120/120/243
f 121/121/244 122/122/245 123/123/246
f 121/121/247 123/123/248 124/124/249
f 125/125/250 126/126/251 127/127/252
f 125/125/253 127/127/252 30/30/66
f 128/128/254 129/129/255 130/130/256
f 128/128/257 130/130/258 131/131/259
f 129/129/260 132/132/261 133/133/262
f 129/129/263 133/133/264 130/130/258
f 130/130/258 133/133/265 134/134/266
f 130/130/267 134/134/268 135/135/269
f 131/131/270 130/130/258 135/135/269
f 131/131/259 135/135/271 136/136/272
f 19/19/26 137/137/273 138/138/274
f 19/19/26 138/138/274 139/139/275
f 137/137/273 45/45/276 140/140/277
f 137/137/278 140/140/279 138/138/280
f 138/138/281 140/140/282 132/132/283
f 138/138/284 132/132/285 129/129/286
f 139/139/287 138/138/274 129/129/263
f 139/139/288 129/129/263 128/128/289
f 127/127/290 126/126/291 141/141/292
f 127/127/293 141/141/294 142/142/295
f 143/143/296 144/144/297 145/145/298
f 143/143/299 145/145/300 146/146/301
f 103/103/302 147/147/303 106/106/304
f 103/103/305 106/106/306 104/104/307
f 148/148/308 149/149/309 150/150/310
f 148/148/167 150/150/310 151/151/311
f 149/149/312 152/152/313 153/153/314
f 149/149/312 153/153/315 154/154/316
f 155/155/317 156/156/318 157/157/319
f 155/155/320 157/157/319 158/158/321
f 145/145/300 144/144/297 159/159/322
f 145/145/298 159/159/323 160/160/324
f 161/161/325 162/162/326 163/163/327
f 161/161/325 163/163/327 164/164/328
f 165/165/329 166/166/330 167/167/331
f 165/165/332 167/167/333 168/168/334
f 166/166/330 151/151/311 150/150/310
f 166/166/335 150/150/310 167/167/333
f 167/167/336 150/150/310 169/169/337
f 167/167/333 169/169/338 170/170/339
f 168/168/340 167/167/341 170/170/342
f 168/168/343 170/170/344 171/171/345
f 154/154/346 172/172/347 173/173/348
f 154/154/349 173/173/350 169/169/351
f 174/174/352 175/175/353 176/176/354
f 174/174/355 176/176/354 134/134/356
f 163/163/327 162/162/326 177/177/357
f 163/163/327 177/177/358 98/98/189
f 159/159/359 178/178/360 179/179/361
f 159/159/362 179/179/363 160/160/364
f 180/180/365 181/181/366 182/182/367
f 180/180/368 182/182/369 183/183/370
f 181/181/371 184/184/372 185/185/373
f 181/181/366 185/185/374 182/182/367
f 182/182/367 185/185/375 186/186/376
f 182/182/377 186/186/378 187/187/379
f 183/183/380 182/182/381 187/187/379
f 183/183/380 187/187/382 188/188/383
f 171/171/384 170/170/385 189/189/386
f 171/171/387 189/189/388 190/190/389
f 170/170/342 169/169/390 191/191/391
f 170/170/339 191/191/392 189/189/388
f 189/189/388 191/191/393 184/184/394
f 189/189/395 184/184/396 181/181/397
f 190/190/389 189/189/386 181/181/398
f 190/190/389 181/181/399 180/180/400
f 179/179/401 178/178/402 161/161/403
f 179/179/404 161/161/403 164/164/405
f 123/123/406 192/192/407 193/193/408
f 123/123/248 193/193/409 124/124/410
f 53/53/98 194/194/411 195/195/412
f 53/53/98 195/195/413 54/54/99
f 70/70/414 69/69/415 196/196/416
f 70/70/417 196/196/418 197/197/419
f 136/136/420 135/135/421 198/198/422
f 136/136/420 198/198/423 199/199/329
f 135/135/269 134/134/424 176/176/425
f 135/135/426 176/176/425 198/198/422
f 198/198/423 176/176/425 151/151/102
f 198/198/422 151/151/311 166/166/427
f 199/199/428 198/198/429 166/166/330
f 199/199/428 166/166/335 165/165/332
f 193/193/430 192/192/431 143/143/432
f 193/193/409 143/143/433 146/146/301
f 200/200/434 201/201/435 202/202/436
f 200/200/437 202/202/438 203/203/439
f 175/175/440 204/204/441 205/205/442
f 175/175/440 205/205/443 148/148/167
f 206/206/444 207/207/445 208/208/446
f 206/206/444 208/208/447 209/209/448
f 207/207/449 210/210/450 211/211/451
f 207/207/452 211/211/453 212/212/454
f 213/213/455 214/214/456 215/215/457
f 213/213/458 215/215/459 186/186/460
f 202/202/461 201/201/435 216/216/462
f 202/202/463 216/216/464 217/217/465
f 177/177/466 218/218/467 99/99/468
f 177/177/357 99/99/469 98/98/470
f 219/219/471 220/220/472 221/221/473
f 219/219/474 221/221/473 222/222/475
f 220/220/476 209/209/448 208/208/446
f 220/220/477 208/208/447 221/221/473
f 221/221/478 208/208/479 223/223/480
f 221/221/481 223/223/482 224/224/483
f 222/222/484 221/221/473 224/224/485
f 222/222/486 224/224/487 225/225/488
f 188/188/489 187/187/382 226/226/490
f 188/188/491 226/226/492 227/227/493
f 187/187/494 186/186/495 215/215/496
f 187/187/497 215/215/498 226/226/490
f 226/226/499 215/215/496 209/209/500
f 226/226/501 209/209/502 220/220/476
f 227/227/503 226/226/504 220/220/505
f 227/227/506 220/220/507 219/219/508
f 99/99/190 218/218/467 200/200/509
f 99/99/510 200/200/511 203/203/512
f 37/37/513 97/97/181 228/228/514
f 37/37/513 228/228/515 229/229/516
f 214/214/517 100/100/518 230/230/519
f 214/214/456 230/230/519 206/206/520
f 212/212/521 231/231/522 232/232/523
f 212/212/521 232/232/524 223/223/525
f 100/100/526 99/99/190 203/203/527
f 100/100/518 203/203/439 230/230/312
f 203/203/439 202/202/463 210/210/528
f 203/203/439 210/210/528 230/230/312
f 210/210/450 202/202/461 217/217/529
f 210/210/530 217/217/529 211/211/531
f 124/124/532 193/193/533 204/204/534
f 124/124/535 204/204/441 233/233/536
f 204/204/441 193/193/533 146/146/537
f 204/204/441 146/146/537 205/205/443
f 160/160/538 179/179/539 234/234/540
f 160/160/364 234/234/541 153/153/542
f 234/234/543 179/179/539 164/164/544
f 234/234/545 164/164/546 235/235/547
f 164/164/546 163/163/548 236/236/549
f 164/164/550 236/236/551 235/235/552
f 236/236/549 163/163/327 98/98/553
f 236/236/549 98/98/189 101/101/193
f 146/146/537 145/145/554 152/152/555
f 146/146/537 152/152/313 205/205/443
f 152/152/313 145/145/300 160/160/556
f 152/152/313 160/160/556 153/153/315
f 30/30/557 127/127/252 237/237/558
f 30/30/66 237/237/559 31/31/560
f 237/237/561 127/127/562 142/142/563
f 237/237/559 142/142/564 238/238/565
f 142/142/566 121/121/244 239/239/567
f 142/142/568 239/239/569 238/238/570
f 239/239/571 121/121/244 124/124/572
f 239/239/573 124/124/572 233/233/574
f 217/217/575 240/240/576 241/241/577
f 217/217/529 241/241/578 211/211/579
f 228/228/514 97/97/580 41/41/581
f 228/228/514 41/41/582 242/242/583
f 243/243/584 244/244/585 93/93/586
f 243/243/587 93/93/176 92/92/588
f 245/245/589 92/92/590 95/95/591
f 245/245/592 95/95/591 246/246/593
f 41/41/594 40/40/79 247/247/595
f 41/41/188 247/247/596 242/242/597
f 247/247/598 40/40/79 76/76/599
f 247/247/600 76/76/601 248/248/602
f 125/125/253 30/30/603 33/33/68
f 125/125/604 33/33/83 249/249/605
f 250/250/606 43/43/85 34/34/72
f 250/250/607 34/34/72 251/251/608
f 249/249/609 33/33/610 43/43/611
f 249/249/612 43/43/613 250/250/614
f 216/216/464 252/252/615 240/240/616
f 216/216/617 240/240/618 217/217/575
f 251/251/608 34/34/619 37/37/620
f 251/251/621 37/37/622 229/229/623
f 253/253/624 254/254/625 255/255/626
f 253/253/627 255/255/628 256/256/629
f 254/254/630 188/188/631 227/227/493
f 254/254/632 227/227/506 255/255/633
f 255/255/634 227/227/493 219/219/635
f 255/255/636 219/219/635 257/257/637
f 256/256/638 255/255/639 257/257/637
f 256/256/640 257/257/641 258/258/642
f 258/258/643 257/257/644 259/259/645
f 258/258/646 259/259/647 260/260/648
f 257/257/649 219/219/650 222/222/651
f 257/257/637 222/222/652 259/259/653
f 259/259/654 222/222/652 225/225/655
f 259/259/656 225/225/657 261/261/658
f 260/260/659 259/259/660 261/261/661
f 260/260/662 261/261/663 262/262/664
f 263/263/665 264/264/666 265/265/667
f 263/263/668 265/265/669 266/266/670
f 264/264/671 136/136/420 199/199/672
f 264/264/673 199/199/674 265/265/675
f 265/265/676 199/199/672 165/165/677
f 265/265/669 165/165/678 267/267/679
f 266/266/680 265/265/681 267/267/682
f 266/266/683 267/267/684 268/268/685
f 269/269/686 270/270/687 271/271/688
f 269/269/689 271/271/690 272/272/691
f 270/270/692 171/171/693 190/190/694
f 270/270/695 190/190/389 271/271/696
f 271/271/697 190/190/694 180/180/698
f 271/271/697 180/180/698 273/273/699
f 272/272/691 271/271/700 273/273/701
f 272/272/702 273/273/703 274/274/704
f 274/274/705 273/273/706 275/275/707
f 274/274/708 275/275/709 276/276/710
f 273/273/711 180/180/400 183/183/380
f 273/273/712 183/183/713 275/275/714
f 275/275/715 183/183/380 188/188/491
f 275/275/716 188/188/717 254/254/718
f 276/276/719 275/275/720 254/254/721
f 276/276/722 254/254/723 253/253/724
f 268/268/725 267/267/684 277/277/726
f 268/268/727 277/277/726 278/278/728
f 267/267/729 165/165/332 168/168/334
f 267/267/730 168/168/343 277/277/731
f 277/277/732 168/168/733 171/171/693
f 277/277/731 171/171/693 270/270/692
f 278/278/734 277/277/735 270/270/736
f 278/278/737 270/270/738 269/269/739
f 21/21/740 20/20/741 279/279/742
f 21/21/743 279/279/744 280/280/745
f 20/20/746 19/19/747 139/139/287
f 20/20/748 139/139/749 279/279/750
f 279/279/751 139/139/287 128/128/752
f 279/279/753 128/128/289 281/281/754
f 280/280/755 279/279/756 281/281/757
f 280/280/758 281/281/757 282/282/759
f 282/282/760 281/281/761 283/283/762
f 282/282/763 283/283/764 284/284/765
f 281/281/766 128/128/767 131/131/259
f 281/281/761 131/131/768 283/283/769
f 283/283/770 131/131/270 136/136/420
f 283/283/770 136/136/771 264/264/772
f 284/284/773 283/283/774 264/264/775
f 284/284/765 264/264/776 263/263/777
f 50/50/778 285/285/779 286/286/780
f 50/50/781 286/286/780 287/287/782
f 285/285/783 24/24/784 111/111/229
f 285/285/785 111/111/786 286/286/787
f 286/286/788 111/111/229 58/58/231
f 286/286/789 58/58/790 288/288/791
f 287/287/792 286/286/793 288/288/791
f 287/287/794 288/288/791 289/289/795
f 290/290/796 243/243/797 92/92/798
f 290/290/799 92/92/175 245/245/800
f 78/78/145 291/291/801 292/292/802
f 78/78/145 292/292/802 79/79/146
f 292/292/803 82/82/804 85/85/805
f 292/292/802 85/85/806 293/293/807
f 79/79/808 292/292/802 293/293/807
f 79/79/164 293/293/308 86/86/167
f 289/289/809 288/288/810 294/294/811
f 289/289/812 294/294/811 295/295/813
f 288/288/814 58/58/231 61/61/122
f 288/288/814 61/61/109 294/294/815
f 294/294/816 61/61/817 66/66/818
f 294/294/815 66/66/819 296/296/820
f 295/295/821 294/294/822 296/296/823
f 295/295/824 296/296/823 297/297/825
f 50/50/826 49/49/827 298/298/828
f 50/50/95 298/298/829 285/285/783
f 49/49/830 56/56/102 299/299/335
f 49/49/830 299/299/831 298/298/828
f 298/298/829 299/299/832 15/15/833
f 298/298/834 15/15/835 25/25/836
f 285/285/783 298/298/828 25/25/836
f 285/285/837 25/25/838 24/24/839
f 56/56/840 46/46/841 300/300/842
f 56/56/102 300/300/843 299/299/844
f 46/46/841 45/45/276 137/137/273
f 46/46/88 137/137/845 300/300/843
f 300/300/842 137/137/845 19/19/26
f 300/300/843 19/19/846 16/16/20
f 299/299/831 300/300/843 16/16/25
f 299/299/844 16/16/20 15/15/847
f 282/282/848 284/284/849 301/301/850
f 282/282/851 301/301/852 302/302/853
f 284/284/854 263/263/855 303/303/856
f 284/284/765 303/303/857 301/301/852
f 304/304/858 302/302/859 301/301/852
f 304/304/860 301/301/861 305/305/862
f 306/306/863 307/307/864 308/308/865
f 306/306/863 308/308/865 309/309/866
f 143/143/296 192/192/867 310/310/868
f 143/143/869 310/310/870 308/308/871
f 192/192/872 123/123/873 311/311/874
f 192/192/431 311/311/875 310/310/876
f 309/309/877 308/308/878 310/310/879
f 309/309/880 310/310/881 312/312/882
f 313/313/883 314/314/884 315/315/885
f 313/313/886 315/315/885 316/316/887
f 200/200/888 218/218/467 317/317/889
f 200/200/890 317/317/891 318/318/892
f 218/218/467 177/177/358 319/319/893
f 218/218/894 319/319/895 317/317/896
f 320/320/897 318/318/898 317/317/899
f 320/320/900 317/317/899 321/321/901
f 322/322/902 323/323/903 324/324/904
f 322/322/905 324/324/906 325/325/907
f 268/268/908 278/278/734 314/314/909
f 268/268/910 314/314/909 326/326/911
f 278/278/912 269/269/913 315/315/914
f 278/278/915 315/315/916 314/314/917
f 327/327/918 326/326/919 314/314/920
f 327/327/921 314/314/922 313/313/923
f 328/328/924 329/329/925 330/330/926
f 328/328/927 330/330/928 331/331/929
f 258/258/930 260/260/662 323/323/931
f 258/258/932 323/323/933 332/332/934
f 260/260/935 262/262/936 324/324/937
f 260/260/662 324/324/938 323/323/939
f 333/333/940 332/332/941 323/323/939
f 333/333/942 323/323/931 322/322/943
f 334/334/944 240/240/945 252/252/946
f 334/334/947 252/252/615 335/335/948
f 229/229/949 228/228/950 336/336/951
f 229/229/952 336/336/953 337/337/954
f 228/228/955 242/242/956 338/338/957
f 228/228/515 338/338/958 336/336/959
f 339/339/960 337/337/961 336/336/962
f 339/339/960 336/336/953 340/340/963
f 341/341/964 342/342/965 343/343/966
f 341/341/967 343/343/966 344/344/968
f 177/177/466 162/162/969 345/345/970
f 177/177/971 345/345/972 319/319/973
f 162/162/969 161/161/325 346/346/974
f 162/162/975 346/346/976 345/345/970
f 347/347/977 319/319/978 345/345/979
f 347/347/980 345/345/981 348/348/982
f 349/349/983 350/350/984 351/351/985
f 349/349/986 351/351/987 352/352/988
f 269/269/689 272/272/989 350/350/990
f 269/269/686 350/350/984 315/315/914
f 272/272/991 274/274/992 351/351/993
f 272/272/994 351/351/987 350/350/995
f 316/316/996 315/315/997 350/350/984
f 316/316/998 350/350/999 349/349/1000
f 353/353/1001 354/354/1002 355/355/1003
f 353/353/1001 355/355/1004 356/356/1005
f 357/357/1006 358/358/1007 232/232/1008
f 357/357/1009 232/232/1010 359/359/1011
f 76/76/1012 243/243/1013 290/290/1014
f 76/76/1015 290/290/799 248/248/1016
f 225/225/1017 224/224/1018 358/358/1007
f 225/225/1019 358/358/1020 330/330/1021
f 224/224/1022 223/223/1023 232/232/1024
f 224/224/1025 232/232/1008 358/358/1007
f 331/331/1026 330/330/1027 358/358/1028
f 331/331/929 358/358/1007 357/357/1029
f 360/360/1030 361/361/1031 362/362/1032
f 360/360/1033 362/362/1032 363/363/1034
f 262/262/1035 261/261/663 329/329/1036
f 262/262/1037 329/329/1038 324/324/1039
f 261/261/663 225/225/1019 330/330/1040
f 261/261/1041 330/330/1021 329/329/1042
f 325/325/1043 324/324/1044 329/329/1045
f 325/325/1043 329/329/1046 328/328/1047
f 364/364/1048 241/241/1049 240/240/1050
f 364/364/1048 240/240/1051 334/334/1052
f 72/72/1053 64/64/1054 362/362/1055
f 72/72/1056 362/362/1057 361/361/1058
f 365/365/1059 366/366/1060 367/367/1061
f 365/365/1062 367/367/1063 368/368/1064
f 291/291/1065 81/81/1066 82/82/804
f 291/291/1067 82/82/804 292/292/803
f 359/359/1068 232/232/1069 231/231/1070
f 359/359/1071 231/231/1072 369/369/1073
f 75/75/1074 244/244/585 243/243/587
f 75/75/141 243/243/1075 76/76/1076
f 161/161/403 178/178/1077 354/354/1078
f 161/161/1079 354/354/1080 346/346/1081
f 178/178/1082 159/159/359 355/355/1083
f 178/178/1084 355/355/1083 354/354/1085
f 370/370/1086 346/346/1087 354/354/1088
f 370/370/1086 354/354/1089 353/353/1090
f 371/371/1091 372/372/1092 373/373/1093
f 371/371/1094 373/373/1095 374/374/1096
f 125/125/604 249/249/1097 375/375/1098
f 125/125/1099 375/375/1100 376/376/1101
f 249/249/605 250/250/607 377/377/1102
f 249/249/1103 377/377/1104 375/375/1098
f 378/378/1105 376/376/1106 375/375/1107
f 378/378/1105 375/375/1108 379/379/1109
f 380/380/1110 381/381/1111 382/382/1112
f 380/380/1110 382/382/1113 383/383/1114
f 384/384/1115 77/77/144 244/244/1116
f 384/384/1117 244/244/585 75/75/1118
f 274/274/1119 276/276/1120 372/372/1121
f 274/274/1122 372/372/1123 351/351/993
f 276/276/719 253/253/624 373/373/1124
f 276/276/1125 373/373/1095 372/372/1126
f 352/352/988 351/351/985 372/372/1092
f 352/352/988 372/372/1121 371/371/1094
f 312/312/1127 310/310/1128 311/311/1129
f 312/312/1130 311/311/1131 385/385/1132
f 123/123/1133 122/122/1134 386/386/1135
f 123/123/1136 386/386/1137 311/311/1138
f 122/122/245 141/141/1139 387/387/1140
f 122/122/245 387/387/1141 386/386/1142
f 385/385/1143 311/311/1144 386/386/1145
f 385/385/1146 386/386/1137 388/388/1147
f 389/389/1148 390/390/1149 302/302/859
f 389/389/1150 302/302/1151 304/304/1152
f 29/29/1153 28/28/1154 381/381/1155
f 29/29/1156 381/381/1157 391/391/1158
f 28/28/1159 23/23/1160 382/382/1113
f 28/28/1161 382/382/1162 381/381/1163
f 392/392/1164 391/391/1165 381/381/1163
f 392/392/1166 381/381/1163 380/380/1167
f 393/393/1168 394/394/1169 337/337/1170
f 393/393/1171 337/337/1170 339/339/1172
f 369/369/1173 231/231/1174 241/241/1049
f 369/369/1175 241/241/1176 364/364/1177
f 245/245/1178 246/246/1179 367/367/1180
f 245/245/1181 367/367/1182 366/366/1183
f 344/344/1184 343/343/1185 366/366/1186
f 344/344/1187 366/366/1188 365/365/1189
f 73/73/135 72/72/1190 361/361/1191
f 73/73/1192 361/361/1193 395/395/1194
f 159/159/322 144/144/1195 307/307/1196
f 159/159/1197 307/307/1198 355/355/1199
f 144/144/1200 143/143/1201 308/308/1202
f 144/144/1200 308/308/1203 307/307/864
f 356/356/1204 355/355/1205 307/307/1198
f 356/356/1206 307/307/1198 306/306/1207
f 396/396/1208 397/397/1209 326/326/1210
f 396/396/1211 326/326/1212 327/327/921
f 21/21/1213 280/280/1214 390/390/1215
f 21/21/1216 390/390/1215 398/398/1217
f 280/280/1218 282/282/1219 302/302/1220
f 280/280/758 302/302/853 390/390/1221
f 399/399/1222 398/398/1223 390/390/1224
f 399/399/1225 390/390/1221 389/389/1226
f 400/400/1227 401/401/1228 376/376/1229
f 400/400/1230 376/376/1231 378/378/1105
f 250/250/1232 251/251/1233 394/394/1169
f 250/250/1232 394/394/1234 377/377/1235
f 251/251/1236 229/229/1237 337/337/1238
f 251/251/1239 337/337/954 394/394/1169
f 402/402/1240 377/377/1241 394/394/1242
f 402/402/1240 394/394/1243 393/393/1244
f 403/403/1245 404/404/1246 398/398/1247
f 403/403/1248 398/398/1249 399/399/1250
f 62/62/111 112/112/1251 405/405/1252
f 62/62/1253 405/405/1254 406/406/1255
f 112/112/221 29/29/1256 391/391/1257
f 112/112/221 391/391/1258 405/405/1259
f 407/407/1260 406/406/1261 405/405/1262
f 407/407/1263 405/405/1264 408/408/1265
f 409/409/1266 410/410/1267 342/342/1268
f 409/409/1269 342/342/1270 341/341/1271
f 263/263/1272 266/266/1273 397/397/1274
f 263/263/668 397/397/1275 303/303/1276
f 266/266/1277 268/268/1278 326/326/1279
f 266/266/1280 326/326/1281 397/397/1282
f 411/411/1283 303/303/1276 397/397/1284
f 411/411/1285 397/397/1286 396/396/1287
f 348/348/1288 345/345/1289 346/346/1290
f 348/348/1291 346/346/974 370/370/1292
f 216/216/1293 201/201/1294 412/412/1295
f 216/216/1296 412/412/1297 252/252/1298
f 201/201/435 200/200/509 318/318/898
f 201/201/1299 318/318/1300 412/412/1301
f 335/335/1302 252/252/1303 412/412/1304
f 335/335/1305 412/412/1304 413/413/1306
f 414/414/1307 415/415/1308 332/332/1309
f 414/414/1310 332/332/1311 333/333/1312
f 23/23/1160 22/22/1313 404/404/1246
f 23/23/1160 404/404/1246 382/382/1113
f 22/22/36 21/21/1314 398/398/1315
f 22/22/1316 398/398/1317 404/404/1246
f 383/383/1318 382/382/1319 404/404/1246
f 383/383/1320 404/404/1246 403/403/1321
f 416/416/1322 417/417/1323 406/406/1261
f 416/416/1322 406/406/1261 407/407/1324
f 253/253/627 256/256/640 415/415/1325
f 253/253/1326 415/415/1308 373/373/1327
f 256/256/1328 258/258/1329 332/332/934
f 256/256/640 332/332/1330 415/415/1325
f 374/374/1096 373/373/1331 415/415/1308
f 374/374/1096 415/415/1332 414/414/1307
f 321/321/1333 317/317/1334 319/319/1335
f 321/321/1336 319/319/973 347/347/1337
f 64/64/1054 63/63/1338 417/417/1339
f 64/64/1340 417/417/1339 362/362/1341
f 63/63/1342 62/62/1343 406/406/1344
f 63/63/114 406/406/1261 417/417/1339
f 363/363/1345 362/362/1032 417/417/1339
f 363/363/1346 417/417/1347 416/416/1348
f 340/340/1349 336/336/962 338/338/1350
f 340/340/1351 338/338/1352 418/418/1353
f 141/141/294 126/126/1354 401/401/1355
f 141/141/1356 401/401/1357 387/387/1140
f 126/126/1354 125/125/253 376/376/1229
f 126/126/291 376/376/1358 401/401/1359
f 419/419/1360 387/387/1361 401/401/1357
f 419/419/1362 401/401/1357 400/400/1363
f 305/305/1364 301/301/1365 303/303/857
f 305/305/862 303/303/857 411/411/1366
f 242/242/1367 247/247/1368 410/410/1369
f 242/242/1370 410/410/1371 338/338/957
f 247/247/600 248/248/1372 342/342/1373
f 247/247/1374 342/342/1375 410/410/1371
f 418/418/1376 338/338/957 410/410/1377
f 418/418/1378 410/410/1379 409/409/1269
f 388/388/1380 386/386/1145 387/387/1381
f 388/388/1382 387/387/1381 419/419/1360
f 248/248/1383 290/290/1384 343/343/1385
f 248/248/1386 343/343/1387 342/342/1388
f 408/408/1389 405/405/1262 391/391/1390
f 408/408/1391 391/391/1165 392/392/1392
f 83/83/1393 73/73/1394 395/395/1395
f 83/83/1396 395/395/1395 420/420/1397
f 421/421/1398 395/395/1399 361/361/1400
f 421/421/1401 361/361/1058 360/360/1402
f 297/297/825 296/296/823 291/291/801
f 297/297/1403 291/291/801 78/78/145
f 296/296/820 66/66/1404 81/81/1405
f 296/296/823 81/81/1406 291/291/1067
f 57/57/167 56/56/311 49/49/830
f 57/57/1407 49/49/830 48/48/94
f 422/422/104 423/423/1408 424/424/1409
f 422/422/104 424/424/1410 425/425/1411
f 66/66/818 65/65/1412 71/71/1413
f 66/66/819 71/71/1414 81/81/1415
f 65/65/1416 64/64/1054 72/72/1417
f 65/65/1418 72/72/1419 71/71/1420
f 423/423/1421 118/118/1422 426/426/1423
f 423/423/1424 426/426/1425 427/427/1426
f 428/428/1427 429/429/1428 430/430/1429
f 428/428/1430 430/430/1431 431/431/1432
f 429/429/1433 432/432/1434 119/119/1435
f 429/429/1436 119/119/240 422/422/167
f 433/433/1437 434/434/1438 69/69/131
f 433/433/1439 69/69/1440 68/68/1441
f 434/434/1442 194/194/1443 53/53/1444
f 434/434/1445 53/53/1446 52/52/1447
f 113/113/1448 435/435/1449 436/436/1450
f 113/113/1451 436/436/1452 114/114/1453
f 435/435/1454 437/437/1455 438/438/1456
f 435/435/1449 438/438/1457 433/433/104
f 439/439/167 440/440/1458 441/441/1459
f 439/439/167 441/441/1460 442/442/1461
f 440/440/1462 108/108/1463 107/107/1464
f 440/440/1465 107/107/1466 158/158/1467
f 91/91/1468 443/443/1469 444/444/1470
f 91/91/1468 444/444/1471 445/445/1472
f 443/443/1473 446/446/1474 109/109/1475
f 443/443/1476 109/109/1477 439/439/168
f 427/427/1451 447/447/1478 448/448/1479
f 427/427/1480 448/448/1479 449/449/1481
f 450/450/1482 425/425/1483 424/424/1484
f 450/450/1485 424/424/1410 451/451/1486
f 119/119/1487 432/432/1488 452/452/1489
f 119/119/1487 452/452/1490 120/120/1491
f 451/451/1486 424/424/1492 449/449/1493
f 451/451/1494 449/449/1493 448/448/1479
f 453/453/1495 454/454/1496 455/455/1497
f 453/453/1498 455/455/1499 456/456/1500
f 455/455/1501 457/457/1502 445/445/1472
f 455/455/1503 445/445/1504 444/444/1471
f 456/456/1505 455/455/1503 444/444/1506
f 456/456/1505 444/444/1506 442/442/1507
f 428/428/1508 431/431/1509 458/458/1510
f 428/428/1511 458/458/1512 459/459/1513
f 195/195/1514 194/194/1443 438/438/1515
f 195/195/413 438/438/1515 460/460/1516
f 114/114/1453 436/436/1517 461/461/1518
f 114/114/1519 461/461/1520 115/115/1521
f 438/438/1515 437/437/1522 462/462/1523
f 438/438/1457 462/462/1524 460/460/1525
f 461/461/1518 436/436/1526 68/68/128
f 461/461/1527 68/68/1441 67/67/127
f 51/51/1528 463/463/1529 464/464/1530
f 51/51/1531 464/464/1532 36/36/1533
f 452/452/1534 432/432/1535 465/465/1536
f 452/452/1537 465/465/1536 466/466/1538
f 454/454/1539 173/173/1540 457/457/1541
f 454/454/1542 457/457/1543 455/455/1544
f 467/467/1545 468/468/1546 469/469/1547
f 467/467/1548 469/469/1549 89/89/1550
f 469/469/1551 105/105/1552 109/109/1553
f 469/469/1554 109/109/1553 446/446/1555
f 89/89/1556 469/469/1551 446/446/1557
f 89/89/1558 446/446/1559 90/90/1560
f 431/431/1561 430/430/1429 470/470/1562
f 431/431/1509 470/470/1562 458/458/1563
f 471/471/1564 453/453/1565 456/456/1566
f 471/471/1567 456/456/1568 472/472/1569
f 470/470/1570 430/430/1429 425/425/1571
f 470/470/1572 425/425/1483 450/450/1573
f 468/468/1574 102/102/1575 105/105/1576
f 468/468/1577 105/105/1578 469/469/1549
f 473/473/1579 471/471/1580 472/472/1581
f 473/473/1582 472/472/1583 156/156/1584
f 472/472/1585 456/456/1505 442/442/1586
f 472/472/1587 442/442/1588 441/441/1459
f 156/156/1589 472/472/1585 441/441/1459
f 156/156/1590 441/441/1460 157/157/319
f 462/462/1591 437/437/1592 474/474/1593
f 462/462/1594 474/474/1595 475/475/1596
f 38/38/1597 96/96/1598 476/476/1599
f 38/38/1600 476/476/1601 477/477/1602
f 96/96/1598 36/36/1603 464/464/1604
f 96/96/1605 464/464/1604 476/476/1606
f 476/476/1607 464/464/1608 458/458/1609
f 476/476/1610 458/458/1611 470/470/1612
f 477/477/1613 476/476/1614 470/470/1615
f 477/477/1616 470/470/1617 450/450/1618
f 463/463/1619 478/478/1620 466/466/1621
f 463/463/1619 466/466/1622 459/459/1623
f 384/384/1624 75/75/1625 479/479/1626
f 384/384/1627 479/479/1628 480/480/1629
f 50/50/1630 287/287/1631 481/481/1632
f 50/50/1633 481/481/1634 478/478/1635
f 287/287/1636 289/289/1637 482/482/1638
f 287/287/1639 482/482/1640 481/481/1641
f 481/481/1642 482/482/1643 120/120/1644
f 481/481/1645 120/120/1644 452/452/1646
f 478/478/1647 481/481/1648 452/452/1649
f 478/478/1650 452/452/1651 466/466/1652
f 75/75/1653 39/39/140 483/483/1654
f 75/75/1625 483/483/1655 479/479/1626
f 39/39/140 38/38/1656 477/477/1657
f 39/39/140 477/477/1658 483/483/1654
f 483/483/1659 477/477/1660 450/450/1661
f 483/483/1662 450/450/1663 451/451/1664
f 479/479/1665 483/483/1666 451/451/1667
f 479/479/1668 451/451/1669 448/448/1670
f 480/480/1671 479/479/1672 448/448/1673
f 480/480/1674 448/448/1670 447/447/1675
f 44/44/86 484/484/1676 485/485/1677
f 44/44/1678 485/485/1679 45/45/1680
f 289/289/1681 295/295/1682 486/486/1683
f 289/289/1684 486/486/1685 482/482/1686
f 295/295/824 297/297/1687 487/487/1688
f 295/295/824 487/487/1688 486/486/1689
f 486/486/1690 487/487/1691 488/488/1692
f 486/486/1693 488/488/1694 117/117/1695
f 482/482/1696 486/486/1697 117/117/1698
f 482/482/1699 117/117/1700 120/120/1701
f 31/31/1702 237/237/1703 489/489/1704
f 31/31/560 489/489/1705 490/490/1706
f 237/237/558 238/238/1707 491/491/1708
f 237/237/558 491/491/1709 489/489/1710
f 489/489/1711 491/491/1712 460/460/1713
f 489/489/1714 460/460/1715 462/462/1716
f 490/490/1717 489/489/1718 462/462/1716
f 490/490/1719 462/462/1720 475/475/1721
f 132/132/1722 140/140/1723 492/492/1724
f 132/132/285 492/492/1725 493/493/1726
f 140/140/1727 45/45/1728 485/485/1729
f 140/140/1727 485/485/1679 492/492/1730
f 492/492/1731 485/485/1732 115/115/1733
f 492/492/1734 115/115/1735 461/461/1736
f 493/493/1737 492/492/1738 461/461/1739
f 493/493/1740 461/461/1741 67/67/1742
f 484/484/1743 490/490/1744 475/475/1745
f 484/484/1746 475/475/1747 116/116/1748
f 174/174/1749 134/134/1750 494/494/1751
f 174/174/1749 494/494/1752 495/495/1753
f 238/238/1754 239/239/1755 496/496/1756
f 238/238/1757 496/496/1756 491/491/1758
f 239/239/1759 233/233/1760 497/497/1761
f 239/239/1762 497/497/1763 496/496/1764
f 496/496/1765 497/497/1766 54/54/1767
f 496/496/1768 54/54/1767 195/195/1769
f 491/491/1712 496/496/1768 195/195/1770
f 491/491/1771 195/195/1772 460/460/1773
f 134/134/266 133/133/1774 498/498/1775
f 134/134/266 498/498/1776 494/494/1777
f 133/133/1778 132/132/1779 493/493/1780
f 133/133/265 493/493/1781 498/498/1782
f 498/498/1783 493/493/1784 67/67/1785
f 498/498/1786 67/67/1787 70/70/1788
f 494/494/1789 498/498/1790 70/70/1788
f 494/494/1791 70/70/1792 197/197/1793
f 495/495/1794 494/494/1791 197/197/1795
f 495/495/1796 197/197/1795 55/55/1797
f 213/213/1798 186/186/1799 473/473/1800
f 213/213/1801 473/473/1802 499/499/1803
f 186/186/1804 185/185/375 471/471/1805
f 186/186/1806 471/471/1805 473/473/1807
f 185/185/1808 184/184/1809 453/453/1810
f 185/185/1811 453/453/1812 471/471/1813
f 153/153/1814 234/234/1815 468/468/1816
f 153/153/315 468/468/1817 467/467/1818
f 234/234/1819 235/235/1820 102/102/1821
f 234/234/1822 102/102/1823 468/468/1824
f 184/184/1825 191/191/1826 454/454/1827
f 184/184/1828 454/454/1829 453/453/1830
f 191/191/1831 169/169/351 173/173/1832
f 191/191/393 173/173/1833 454/454/1834
f 499/499/1835 155/155/1836 106/106/1837
f 499/499/1835 106/106/1838 147/147/1839
f 172/172/1840 88/88/1841 457/457/1842
f 172/172/1843 457/457/1844 173/173/1845
f 235/235/1846 236/236/1847 103/103/1848
f 235/235/552 103/103/1849 102/102/1821
f 236/236/1850 101/101/1851 147/147/1852
f 236/236/1853 147/147/1854 103/103/1855
f 488/488/1856 426/426/1857 118/118/1858
f 488/488/1859 118/118/1858 117/117/1860
f 141/141/1356 122/122/1861 121/121/244
f 141/141/1862 121/121/1863 142/142/1864
f 43/43/1865 42/42/1866 35/35/1867
f 43/43/613 35/35/1868 34/34/69
f 290/290/1869 245/245/1870 366/366/1871
f 290/290/1872 366/366/1873 343/343/966
f 467/467/1874 89/89/1550 88/88/1875
f 467/467/1876 88/88/1877 172/172/1840
f 473/473/1878 156/156/1879 155/155/1880
f 473/473/1881 155/155/1882 499/499/1883
f 101/101/1884 213/213/1885 499/499/1803
f 101/101/1886 499/499/1887 147/147/1888
f 497/497/1889 495/495/1890 55/55/1891
f 497/497/1766 55/55/1891 54/54/1892
f 233/233/1893 174/174/1894 495/495/1895
f 233/233/1896 495/495/1897 497/497/1763
f 485/485/1898 484/484/1743 116/116/1899
f 485/485/1898 116/116/1900 115/115/1901
f 31/31/1902 490/490/1903 484/484/1904
f 31/31/1905 484/484/1904 44/44/1906
f 487/487/1907 480/480/1671 447/447/1908
f 487/487/1909 447/447/1910 488/488/1911
f 297/297/1912 384/384/1913 480/480/1914
f 297/297/1687 480/480/1914 487/487/1915
f 464/464/1916 463/463/1917 459/459/1918
f 464/464/1919 459/459/1918 458/458/1920
f 50/50/1921 478/478/1922 463/463/1923
f 50/50/1924 463/463/1925 51/51/1926
f 465/465/1927 428/428/1427 459/459/1928
f 465/465/1927 459/459/1929 466/466/1930
f 426/426/1931 488/488/1859 447/447/1478
f 426/426/1932 447/447/1933 427/427/1934
f 444/444/1470 443/443/1935 439/439/1437
f 444/444/1936 439/439/1937 442/442/1938
f 90/90/1939 446/446/1940 443/443/1941
f 90/90/1560 443/443/1469 91/91/174
f 441/441/1459 440/440/1942 158/158/321
f 441/441/1943 158/158/1944 157/157/1945
f 109/109/1475 108/108/1946 440/440/1947
f 109/109/209 440/440/1942 439/439/104
f 436/436/1450 435/435/1454 433/433/104
f 436/436/1452 433/433/167 68/68/1948
f 474/474/1949 437/437/1950 435/435/1951
f 474/474/1595 435/435/1951 113/113/235
f 69/69/1952 434/434/1442 52/52/1953
f 69/69/129 52/52/100 196/196/1954
f 438/438/1456 194/194/1443 434/434/1445
f 438/438/1456 434/434/1955 433/433/167
f 430/430/1429 429/429/1956 422/422/1437
f 430/430/1429 422/422/167 425/425/1588
f 465/465/1957 432/432/1488 429/429/1958
f 465/465/1959 429/429/1428 428/428/1427
f 424/424/1410 423/423/1421 427/427/1451
f 424/424/1484 427/427/235 449/449/1493
f 119/119/1960 118/118/1961 423/423/1962
f 119/119/240 423/423/1421 422/422/167
f 42/42/1866 57/57/167 48/48/94
f 42/42/1866 48/48/94 35/35/1867
f 297/297/1963 78/78/145 77/77/144
f 297/297/1403 77/77/144 384/384/1115
f 413/413/1964 412/412/1295 318/318/1965
f 413/413/1964 318/318/1966 320/320/1967
f 211/211/1968 241/241/577 231/231/522
f 211/211/1969 231/231/1970 212/212/1971
f 215/215/459 214/214/1972 206/206/444
f 215/215/496 206/206/444 209/209/448
f 101/101/1851 100/100/1973 214/214/1974
f 101/101/1975 214/214/456 213/213/1976
f 208/208/1977 207/207/452 212/212/1978
f 208/208/1979 212/212/454 223/223/482
f 230/230/519 210/210/528 207/207/445
f 230/230/519 207/207/1980 206/206/444
f 176/176/1981 175/175/440 148/148/308
f 176/176/1981 148/148/308 151/151/311
f 233/233/1982 204/204/534 175/175/1983
f 233/233/1984 175/175/1985 174/174/352
f 153/153/1814 467/467/1986 172/172/347
f 153/153/1814 172/172/1987 154/154/1988
f 106/106/1989 155/155/320 158/158/1467
f 106/106/1990 158/158/1467 107/107/1466
f 150/150/310 149/149/309 154/154/1991
f 150/150/310 154/154/1992 169/169/337
f 205/205/443 152/152/555 149/149/309
f 205/205/443 149/149/309 148/148/167
f 474/474/1993 113/113/1994 116/116/1995
f 474/474/1996 116/116/1995 475/475/1997
f 457/457/1502 88/88/1998 91/91/174
f 457/457/1999 91/91/174 445/445/1472
f 93/93/176 80/80/2000 87/87/167
f 93/93/2001 87/87/104 94/94/167
f 244/244/585 77/77/144 80/80/2002
f 244/244/585 80/80/147 93/93/586
f 32/32/65 47/47/2003 57/57/104
f 32/32/65 57/57/167 42/42/82
f 196/196/2004 52/52/100 55/55/2005
f 196/196/2006 55/55/2007 197/197/2008
f 35/35/2009 48/48/2010 51/51/1528
f 35/35/2011 51/51/2012 36/36/73
f 31/31/2013 44/44/2014 47/47/2015
f 31/31/560 47/47/2016 32/32/2017
f 500/500/2018 501/501/2019 502/502/2020
f 500/500/2021 502/502/2022 503/503/2023
f 503/503/2024 502/502/2020 504/504/2025
f 503/503/2026 504/504/2027 505/505/2028
f 502/502/2029 506/506/2030 507/507/2031
f 502/502/2029 507/507/2032 504/504/2033
f 501/501/2034 508/508/2035 506/506/2036
f 501/501/2037 506/506/2038 502/502/2039
f 509/509/2040 510/510/2041 511/511/2042
f 509/509/2043 511/511/2044 512/512/2045
f 512/512/2046 511/511/2047 501/501/2048
f 512/512/2045 501/501/2049 500/500/2021
f 511/511/2050 513/513/2051 508/508/2052
f 511/511/2053 508/508/2054 501/501/2055
f 510/510/2056 514/514/2057 513/513/2058
f 510/510/2059 513/513/2060 511/511/2061
f 515/515/2062 516/516/2063 517/517/2064
f 515/515/2065 517/517/2066 518/518/2067
f 519/519/2068 520/520/2069 521/521/2070
f 519/519/2071 521/521/2072 522/522/2073
f 523/523/2074 524/524/2075 525/525/2076
f 523/523/2077 525/525/2076 526/526/2078
f 516/516/2063 527/527/2079 528/528/2080
f 516/516/2081 528/528/2080 517/517/2082
f 529/529/2083 530/530/2084 531/531/2085
f 529/529/2083 531/531/2086 532/532/2087
f 533/533/2088 534/534/2089 535/535/2090
f 533/533/2091 535/535/2092 536/536/2093
f 537/537/2094 538/538/2095 539/539/2096
f 537/537/2097 539/539/2098 540/540/2099
f 530/530/2084 541/541/2100 542/542/2101
f 530/530/2084 542/542/2101 531/531/2102
f 543/543/2103 544/544/2104 545/545/2105
f 543/543/2106 545/545/2107 546/546/2108
f 546/546/2109 545/545/2110 547/547/2111
f 546/546/2112 547/547/2113 548/548/2114
f 545/545/2115 549/549/2116 550/550/2117
f 545/545/2115 550/550/2118 547/547/2119
f 544/544/2120 551/551/2121 549/549/2116
f 544/544/2122 549/549/2123 545/545/2124
f 552/552/2125 553/553/2126 554/554/2127
f 552/552/2128 554/554/2129 555/555/2130
f 556/556/2131 557/557/2132 558/558/2133
f 556/556/2134 558/558/2135 559/559/2136
f 525/525/2076 560/560/2137 561/561/2138
f 525/525/2076 561/561/2139 526/526/2140
f 562/562/2141 563/563/2142 564/564/2143
f 562/562/2141 564/564/2143 565/565/2144
f 566/566/2145 567/567/2146 557/557/2147
f 566/566/2148 557/557/2149 556/556/2150
f 557/557/2151 568/568/2152 569/569/2153
f 557/557/2154 569/569/2155 558/558/2156
f 567/567/2157 570/570/2158 568/568/2159
f 567/567/2157 568/568/2159 557/557/2160
f 563/563/2161 571/571/2162 572/572/2162
f 563/563/2142 572/572/2162 564/564/2143
f 573/573/2163 574/574/2164 575/575/2165
f 573/573/2166 575/575/2167 576/576/2168
f 577/577/2169 578/578/2170 579/579/2162
f 577/577/2171 579/579/2172 580/580/2173
f 521/521/2174 520/520/2175 581/581/2176
f 521/521/2177 581/581/2176 582/582/2178
f 581/581/2176 524/524/2179 523/523/2180
f 581/581/2176 523/523/2077 582/582/2181
f 583/583/2182 584/584/2183 585/585/2184
f 583/583/2182 585/585/2184 586/586/2185
f 587/587/2186 588/588/2187 589/589/2188
f 587/587/2189 589/589/2188 590/590/2190
f 589/589/2191 591/591/2192 592/592/2193
f 589/589/2191 592/592/2194 593/593/2195
f 588/588/2196 594/594/2197 591/591/2198
f 588/588/2196 591/591/2199 589/589/2200
f 509/509/2040 595/595/2201 596/596/2202
f 509/509/2203 596/596/2204 510/510/2205
f 510/510/2206 596/596/2207 597/597/2208
f 510/510/2209 597/597/2210 514/514/2211
f 596/596/2212 546/546/2213 548/548/2214
f 596/596/2215 548/548/2216 597/597/2217
f 595/595/2218 543/543/2219 546/546/2220
f 595/595/2218 546/546/2221 596/596/2202
f 598/598/2222 599/599/2223 600/600/2224
f 598/598/2222 600/600/2225 601/601/2226
f 602/602/2227 603/603/2228 604/604/2229
f 602/602/2227 604/604/2230 605/605/2231
f 606/606/2232 607/607/2233 608/608/2234
f 606/606/2235 608/608/2236 609/609/2237
f 610/610/2238 515/515/2239 611/611/2240
f 610/610/2241 611/611/2242 612/612/2243
f 613/613/2244 614/614/2245 615/615/2246
f 613/613/2247 615/615/2246 616/616/2248
f 616/616/2249 615/615/2250 617/617/2251
f 616/616/2252 617/617/2253 618/618/2254
f 615/615/2255 619/619/2256 620/620/2257
f 615/615/2258 620/620/2257 617/617/2259
f 614/614/2260 621/621/2261 619/619/2256
f 614/614/2260 619/619/2262 615/615/2263
f 505/505/2264 622/622/2265 623/623/2266
f 505/505/2267 623/623/2268 624/624/2269
f 624/624/2270 623/623/2266 625/625/2271
f 624/624/2272 625/625/2273 532/532/2274
f 623/623/2275 616/616/2252 618/618/2276
f 623/623/2277 618/618/2278 625/625/2279
f 622/622/2280 613/613/2247 616/616/2252
f 622/622/2265 616/616/2248 623/623/2266
f 611/611/2240 626/626/2281 627/627/2282
f 611/611/2283 627/627/2284 612/612/2285
f 628/628/2286 629/629/2287 630/630/2288
f 628/628/2289 630/630/2290 631/631/2291
f 590/590/2292 589/589/2293 593/593/2294
f 590/590/2295 593/593/2296 632/632/2297
f 633/633/2298 634/634/2299 635/635/2300
f 633/633/2298 635/635/2300 636/636/2301
f 636/636/2301 637/637/2302 638/638/2303
f 636/636/2301 638/638/2304 639/639/2305
f 640/640/2306 641/641/2307 642/642/2308
f 640/640/2309 642/642/2310 643/643/2311
f 630/630/2312 644/644/2313 645/645/2314
f 630/630/2315 645/645/2316 631/631/2291
f 646/646/2317 647/647/2318 648/648/2319
f 646/646/2320 648/648/2321 649/649/2322
f 650/650/2323 651/651/2324 652/652/2325
f 650/650/2323 652/652/2326 653/653/2327
f 653/653/2328 652/652/2329 635/635/2330
f 653/653/2331 635/635/2300 634/634/2332
f 652/652/2329 654/654/2333 655/655/2334
f 652/652/2329 655/655/2334 635/635/2330
f 651/651/2324 656/656/2335 654/654/2336
f 651/651/2337 654/654/2333 652/652/2326
f 637/637/2338 655/655/2339 657/657/2340
f 637/637/2341 657/657/2342 658/658/2343
f 659/659/2344 620/620/2345 660/660/2346
f 659/659/2347 660/660/2346 661/661/2348
f 648/648/2319 583/583/2349 662/662/2350
f 648/648/2351 662/662/2352 649/649/2353
f 645/645/2354 644/644/2355 663/663/2356
f 645/645/2354 663/663/2357 664/664/2358
f 665/665/2359 666/666/2360 667/667/2361
f 665/665/2359 667/667/2362 668/668/2363
f 668/668/2364 667/667/2365 669/669/2366
f 668/668/2367 669/669/2368 670/670/2369
f 667/667/2362 671/671/2370 672/672/2371
f 667/667/2365 672/672/2371 669/669/2372
f 666/666/2360 673/673/2373 671/671/2374
f 666/666/2375 671/671/2376 667/667/2361
f 656/656/2335 674/674/2377 675/675/2378
f 656/656/2379 675/675/2378 654/654/2380
f 654/654/2380 675/675/2381 676/676/2382
f 654/654/2380 676/676/2383 655/655/2334
f 675/675/2384 668/668/2364 670/670/2385
f 675/675/2386 670/670/2387 676/676/2388
f 674/674/2389 665/665/2359 668/668/2367
f 674/674/2377 668/668/2363 675/675/2390
f 663/663/2391 647/647/2318 646/646/2392
f 663/663/2393 646/646/2394 664/664/2395
f 608/608/2236 607/607/2233 677/677/2396
f 608/608/2397 677/677/2398 678/678/2399
f 540/540/2400 539/539/2401 679/679/2402
f 540/540/2403 679/679/2402 680/680/2404
f 553/553/2405 681/681/2406 682/682/2407
f 553/553/2408 682/682/2409 554/554/2410
f 621/621/2411 683/683/2412 684/684/2413
f 621/621/2411 684/684/2414 619/619/2415
f 619/619/2415 684/684/2413 660/660/2346
f 619/619/2416 660/660/2346 620/620/2417
f 684/684/2414 653/653/2328 634/634/2418
f 684/684/2413 634/634/2332 660/660/2346
f 683/683/2412 650/650/2323 653/653/2328
f 683/683/2412 653/653/2328 684/684/2413
f 677/677/2419 629/629/2420 628/628/2421
f 677/677/2422 628/628/2421 678/678/2423
f 685/685/2424 686/686/2425 687/687/2426
f 685/685/2427 687/687/2428 688/688/2429
f 661/661/2430 633/633/2298 689/689/2431
f 661/661/2348 689/689/2431 690/690/2432
f 691/691/2433 692/692/2434 693/693/2435
f 691/691/2433 693/693/2436 694/694/2437
f 694/694/2438 695/695/2439 696/696/2440
f 694/694/2441 696/696/2440 697/697/2442
f 698/698/2443 672/672/2444 699/699/2445
f 698/698/2446 699/699/2447 700/700/2448
f 687/687/2449 701/701/2450 702/702/2451
f 687/687/2452 702/702/2453 688/688/2454
f 662/662/2455 583/583/2456 586/586/2185
f 662/662/2350 586/586/2185 703/703/2457
f 704/704/2458 705/705/2459 706/706/2460
f 704/704/2461 706/706/2462 707/707/2463
f 707/707/2464 706/706/2462 693/693/2465
f 707/707/2464 693/693/2466 692/692/2467
f 706/706/2460 708/708/2468 709/709/2469
f 706/706/2460 709/709/2470 693/693/2471
f 705/705/2472 710/710/2473 708/708/2474
f 705/705/2459 708/708/2475 706/706/2476
f 673/673/2477 711/711/2478 712/712/2479
f 673/673/2480 712/712/2479 671/671/2481
f 671/671/2374 712/712/2479 699/699/2482
f 671/671/2481 699/699/2447 672/672/2444
f 712/712/2483 707/707/2484 692/692/2485
f 712/712/2479 692/692/2485 699/699/2482
f 711/711/2486 704/704/2487 707/707/2488
f 711/711/2486 707/707/2484 712/712/2479
f 586/586/2489 686/686/2490 685/685/2424
f 586/586/2489 685/685/2424 703/703/2491
f 520/520/2492 713/713/2493 714/714/2494
f 520/520/2069 714/714/2495 581/581/2176
f 700/700/2496 691/691/2497 715/715/2498
f 700/700/2448 715/715/2499 585/585/2500
f 695/695/2501 709/709/2502 716/716/1071
f 695/695/2503 716/716/2504 717/717/1175
f 585/585/2184 715/715/2498 686/686/2490
f 585/585/2500 686/686/2490 586/586/2489
f 686/686/2505 715/715/2301 697/697/2442
f 686/686/2505 697/697/2442 687/687/2506
f 697/697/2442 696/696/2507 701/701/2508
f 697/697/2509 701/701/2508 687/687/2510
f 607/607/2233 718/718/2511 690/690/2512
f 607/607/2513 690/690/2432 677/677/2514
f 690/690/2515 689/689/2431 629/629/2420
f 690/690/2515 629/629/2516 677/677/2422
f 644/644/2517 638/638/2518 719/719/2519
f 644/644/2520 719/719/2521 663/663/2393
f 719/719/2522 720/720/2523 647/647/2318
f 719/719/2521 647/647/2318 663/663/2524
f 647/647/2525 720/720/2526 721/721/2527
f 647/647/2318 721/721/2528 648/648/2319
f 721/721/2529 584/584/2530 583/583/2531
f 721/721/2532 583/583/2182 648/648/2533
f 629/629/2534 689/689/2535 639/639/2536
f 629/629/2537 639/639/2305 630/630/2312
f 639/639/2538 638/638/2304 644/644/2539
f 639/639/2305 644/644/2313 630/630/2540
f 515/515/2541 518/518/2542 722/722/2543
f 515/515/2239 722/722/2544 611/611/2240
f 722/722/2545 723/723/2546 626/626/2547
f 722/722/2548 626/626/2549 611/611/2283
f 626/626/2550 723/723/2546 724/724/2551
f 626/626/2552 724/724/2553 606/606/2554
f 724/724/2555 718/718/2556 607/607/2557
f 724/724/2558 607/607/2233 606/606/2554
f 701/701/2559 696/696/2440 725/725/2560
f 701/701/2561 725/725/1177 726/726/1052
f 714/714/2562 727/727/2563 524/524/2075
f 714/714/2564 524/524/2179 581/581/2176
f 728/728/2565 577/577/2171 580/580/2173
f 728/728/2566 580/580/2567 729/729/2568
f 730/730/2569 731/731/2570 578/578/2571
f 730/730/2572 578/578/2573 577/577/2574
f 524/524/2575 727/727/2576 732/732/2577
f 524/524/2578 732/732/2579 525/525/2580
f 732/732/2581 733/733/2582 560/560/2583
f 732/732/2584 560/560/2585 525/525/2586
f 610/610/2587 734/734/2588 516/516/2063
f 610/610/2238 516/516/2589 515/515/2062
f 735/735/2590 736/736/2591 519/519/2592
f 735/735/2593 519/519/2594 527/527/2595
f 734/734/2596 735/735/2597 527/527/2079
f 734/734/2598 527/527/2079 516/516/2599
f 702/702/2600 701/701/2559 726/726/2601
f 702/702/2602 726/726/2603 737/737/2604
f 736/736/2605 713/713/2606 520/520/2607
f 736/736/2608 520/520/2609 519/519/2594
f 738/738/2610 739/739/2611 740/740/2612
f 738/738/2613 740/740/2614 741/741/2615
f 741/741/2616 740/740/2617 711/711/2486
f 741/741/2618 711/711/2486 673/673/2619
f 740/740/2620 742/742/2621 704/704/2461
f 740/740/2617 704/704/2622 711/711/2486
f 739/739/2623 743/743/2624 742/742/2625
f 739/739/2626 742/742/2625 740/740/2627
f 743/743/2624 744/744/2628 745/745/2629
f 743/743/2630 745/745/2631 742/742/2632
f 742/742/2633 745/745/2629 705/705/2634
f 742/742/2633 705/705/2459 704/704/2458
f 745/745/2629 746/746/2635 710/710/2636
f 745/745/2629 710/710/2637 705/705/2638
f 744/744/2628 747/747/2639 746/746/2640
f 744/744/2641 746/746/2642 745/745/2629
f 748/748/2643 749/749/2644 750/750/2645
f 748/748/2646 750/750/2647 751/751/2648
f 751/751/2649 750/750/2650 683/683/2651
f 751/751/2649 683/683/2412 621/621/2652
f 750/750/2653 752/752/2654 650/650/2655
f 750/750/2656 650/650/2655 683/683/2657
f 749/749/2658 753/753/2659 752/752/2660
f 749/749/2661 752/752/2662 750/750/2663
f 754/754/2664 755/755/2665 756/756/2666
f 754/754/2667 756/756/2668 757/757/2669
f 757/757/2670 756/756/2671 674/674/2672
f 757/757/2669 674/674/2672 656/656/2673
f 756/756/2674 758/758/2675 665/665/2359
f 756/756/2676 665/665/2677 674/674/2672
f 755/755/2678 759/759/2679 758/758/2680
f 755/755/2681 758/758/2682 756/756/2668
f 759/759/2683 760/760/2684 761/761/2685
f 759/759/2686 761/761/2685 758/758/2687
f 758/758/2688 761/761/2689 666/666/2690
f 758/758/2691 666/666/2692 665/665/2693
f 761/761/2694 741/741/2695 673/673/2696
f 761/761/2694 673/673/2619 666/666/2360
f 760/760/2697 738/738/2698 741/741/2695
f 760/760/2699 741/741/2700 761/761/2701
f 753/753/2702 762/762/2703 763/763/2704
f 753/753/2705 763/763/2706 752/752/2707
f 752/752/2708 763/763/2709 651/651/2710
f 752/752/2711 651/651/2324 650/650/2323
f 763/763/2712 757/757/2669 656/656/2673
f 763/763/2709 656/656/2335 651/651/2713
f 762/762/2714 754/754/2715 757/757/2716
f 762/762/2717 757/757/2718 763/763/2719
f 507/507/2720 764/764/2721 765/765/2722
f 507/507/2723 765/765/2724 504/504/2725
f 504/504/2726 765/765/2727 622/622/2728
f 504/504/2729 622/622/2728 505/505/2730
f 765/765/2731 766/766/2732 613/613/2244
f 765/765/2724 613/613/2733 622/622/2734
f 764/764/2735 767/767/2736 766/766/2737
f 764/764/2738 766/766/2739 765/765/2740
f 767/767/2741 768/768/2742 769/769/2743
f 767/767/2744 769/769/2745 766/766/2746
f 766/766/2747 769/769/2748 614/614/2749
f 766/766/2750 614/614/2749 613/613/2244
f 769/769/2751 751/751/2752 621/621/2753
f 769/769/2754 621/621/2755 614/614/2756
f 768/768/2757 748/748/2758 751/751/2759
f 768/768/2742 751/751/2760 769/769/2761
f 535/535/2762 770/770/2763 771/771/2764
f 535/535/2090 771/771/2765 772/772/2766
f 772/772/2767 771/771/2768 595/595/2769
f 772/772/2767 595/595/2770 509/509/2043
f 771/771/2771 773/773/2772 543/543/2773
f 771/771/2774 543/543/2106 595/595/2775
f 770/770/2776 774/774/2777 773/773/2772
f 770/770/2778 773/773/2779 771/771/2780
f 775/775/2781 730/730/2782 577/577/2783
f 775/775/2784 577/577/2785 728/728/2566
f 565/565/2144 564/564/2786 776/776/2787
f 565/565/2788 776/776/2787 777/777/2789
f 776/776/2790 778/778/2791 570/570/2792
f 776/776/2787 570/570/2793 567/567/2146
f 564/564/2143 572/572/2791 778/778/2162
f 564/564/2143 778/778/2162 776/776/2787
f 774/774/2794 779/779/2795 780/780/2796
f 774/774/2797 780/780/2798 773/773/2799
f 773/773/2800 780/780/2801 544/544/2802
f 773/773/2803 544/544/2802 543/543/2106
f 780/780/2801 781/781/2804 551/551/2805
f 780/780/2806 551/551/2807 544/544/2122
f 779/779/2808 782/782/2809 781/781/2810
f 779/779/2811 781/781/2804 780/780/2812
f 535/535/2813 772/772/2814 783/783/2815
f 535/535/2816 783/783/2815 536/536/2093
f 536/536/2817 783/783/2815 784/784/2328
f 536/536/2818 784/784/2328 542/542/2819
f 783/783/2820 512/512/2821 500/500/2021
f 783/783/2815 500/500/2021 784/784/2328
f 772/772/2822 509/509/2823 512/512/2045
f 772/772/2766 512/512/2045 783/783/2824
f 542/542/2825 784/784/2826 785/785/2827
f 542/542/2825 785/785/2827 531/531/2086
f 531/531/2086 785/785/2828 624/624/2269
f 531/531/2086 624/624/2829 532/532/2830
f 785/785/2827 503/503/2831 505/505/2730
f 785/785/2827 505/505/2832 624/624/2269
f 784/784/2833 500/500/2834 503/503/2024
f 784/784/2328 503/503/2023 785/785/2827
f 767/767/2736 304/304/860 305/305/862
f 767/767/2835 305/305/2836 768/768/2837
f 768/768/2838 305/305/2839 411/411/2840
f 768/768/2841 411/411/2842 748/748/2843
f 628/628/2844 786/786/2845 787/787/2846
f 628/628/2847 787/787/1127 678/678/2848
f 678/678/2849 787/787/2850 788/788/2851
f 678/678/2852 788/788/2851 608/608/2853
f 685/685/2854 789/789/2855 790/790/2856
f 685/685/2424 790/790/2857 703/703/2457
f 703/703/2858 790/790/2859 791/791/2860
f 703/703/2491 791/791/2861 662/662/2862
f 753/753/2705 327/327/2863 313/313/2864
f 753/753/2865 313/313/2866 762/762/2717
f 762/762/2703 313/313/2867 316/316/2868
f 762/762/2869 316/316/2870 754/754/2871
f 743/743/2872 333/333/2873 322/322/2874
f 743/743/2875 322/322/2876 744/744/2877
f 744/744/2878 322/322/2874 792/792/2879
f 744/744/2641 792/792/2879 747/747/2880
f 713/713/2881 793/793/2882 794/794/2883
f 713/713/2884 794/794/2883 714/714/2564
f 714/714/2885 794/794/2883 795/795/2886
f 714/714/2887 795/795/2888 727/727/2889
f 662/662/2350 791/791/977 796/796/2890
f 662/662/2891 796/796/982 649/649/2892
f 649/649/2892 796/796/2893 797/797/2894
f 649/649/2895 797/797/2896 646/646/2897
f 754/754/2715 316/316/998 349/349/2898
f 754/754/2871 349/349/2899 755/755/2900
f 755/755/2901 349/349/1000 352/352/988
f 755/755/2681 352/352/988 759/759/2902
f 560/560/2903 733/733/2904 775/775/2905
f 560/560/2906 775/775/2907 728/728/2908
f 710/710/2909 798/798/2910 799/799/2911
f 710/710/2912 799/799/2913 708/708/2468
f 708/708/2914 799/799/2915 716/716/2916
f 708/708/2474 716/716/2917 709/709/2502
f 747/747/2918 792/792/2919 800/800/2920
f 747/747/2921 800/800/2922 746/746/2923
f 746/746/2924 800/800/2925 798/798/2926
f 746/746/2927 798/798/2926 710/710/2636
f 559/559/2928 360/360/2929 363/363/2930
f 559/559/2931 363/363/1346 550/550/2932
f 777/777/2933 776/776/2787 567/567/2146
f 777/777/2789 567/567/2146 566/566/2934
f 561/561/2139 560/560/2935 728/728/2566
f 561/561/2936 728/728/2566 729/729/2937
f 646/646/2897 797/797/1292 801/801/2938
f 646/646/2897 801/801/2939 664/664/2940
f 664/664/2941 801/801/2942 802/802/2943
f 664/664/2941 802/802/1204 645/645/2316
f 610/610/2944 803/803/2945 804/804/1109
f 610/610/2946 804/804/1109 734/734/2947
f 734/734/2948 804/804/1109 805/805/2949
f 734/734/2950 805/805/2951 735/735/2952
f 806/806/2953 561/561/2139 729/729/2937
f 806/806/2953 729/729/2937 562/562/2954
f 759/759/2955 352/352/2956 371/371/2957
f 759/759/2958 371/371/2959 760/760/2960
f 760/760/2961 371/371/2962 374/374/2963
f 760/760/2960 374/374/2964 738/738/2965
f 608/608/2236 788/788/2966 807/807/1147
f 608/608/2967 807/807/2968 609/609/2969
f 609/609/2970 807/807/1147 808/808/2971
f 609/609/2237 808/808/2972 627/627/2973
f 514/514/2211 392/392/1166 380/380/2974
f 514/514/2975 380/380/2976 513/513/2977
f 513/513/2978 380/380/2979 383/383/2980
f 513/513/2977 383/383/2981 508/508/2982
f 730/730/2983 809/809/2984 810/810/2985
f 730/730/2986 810/810/2987 731/731/2988
f 558/558/2989 421/421/2990 360/360/2991
f 558/558/2992 360/360/2993 559/559/2994
f 645/645/2354 802/802/2995 811/811/2996
f 645/645/2997 811/811/2998 631/631/2999
f 631/631/3000 811/811/3001 786/786/866
f 631/631/3002 786/786/3003 628/628/3004
f 507/507/3005 399/399/1222 389/389/3006
f 507/507/3005 389/389/3007 764/764/3008
f 764/764/3009 389/389/3010 304/304/860
f 764/764/3008 304/304/3011 767/767/3012
f 735/735/3013 805/805/3014 812/812/3015
f 735/735/3016 812/812/1244 736/736/3017
f 736/736/3018 812/812/3019 793/793/960
f 736/736/3017 793/793/3020 713/713/3021
f 548/548/2216 407/407/3022 408/408/3023
f 548/548/3024 408/408/3025 597/597/2210
f 597/597/3026 408/408/1389 392/392/1166
f 597/597/3027 392/392/3028 514/514/2975
f 748/748/2643 411/411/1283 396/396/3029
f 748/748/2643 396/396/1211 749/749/3030
f 749/749/3031 396/396/3032 327/327/3033
f 749/749/3034 327/327/3035 753/753/2705
f 702/702/3036 737/737/3037 813/813/3038
f 702/702/3039 813/813/3040 688/688/3041
f 688/688/3042 813/813/3043 789/789/3044
f 688/688/3045 789/789/3044 685/685/3046
f 508/508/2035 383/383/3047 403/403/3048
f 508/508/3049 403/403/1321 506/506/3050
f 506/506/3051 403/403/3048 399/399/3052
f 506/506/3053 399/399/1225 507/507/2720
f 738/738/3054 374/374/2963 414/414/3055
f 738/738/3056 414/414/1307 739/739/2623
f 739/739/3057 414/414/3058 333/333/3059
f 739/739/3060 333/333/3061 743/743/3062
f 550/550/3063 363/363/3064 416/416/3065
f 550/550/3066 416/416/3067 547/547/3068
f 547/547/2111 416/416/3069 407/407/3070
f 547/547/3071 407/407/3072 548/548/3073
f 627/627/3074 808/808/2971 814/814/3075
f 627/627/2282 814/814/3075 612/612/2285
f 612/612/3076 814/814/3077 803/803/3078
f 612/612/3079 803/803/3080 610/610/2238
f 727/727/3081 795/795/3082 815/815/1266
f 727/727/3083 815/815/1269 732/732/3084
f 732/732/3085 815/815/1266 816/816/3086
f 732/732/3087 816/816/3088 733/733/3089
f 733/733/3090 816/816/3091 817/817/1187
f 733/733/3092 817/817/3093 775/775/2784
f 569/569/3094 818/818/3095 421/421/2990
f 569/569/3096 421/421/3097 558/558/3098
f 782/782/3099 565/565/2144 777/777/2933
f 782/782/3100 777/777/2789 781/781/3101
f 781/781/2804 777/777/2933 566/566/2148
f 781/781/3102 566/566/2145 551/551/3103
f 541/541/2162 533/533/2091 536/536/2817
f 541/541/2100 536/536/3104 542/542/2826
f 819/819/2162 820/820/3105 821/821/3106
f 819/819/2162 821/821/3106 822/822/3107
f 551/551/2807 566/566/2145 556/556/3108
f 551/551/3103 556/556/3109 549/549/2116
f 549/549/3110 556/556/3111 559/559/3112
f 549/549/3113 559/559/3114 550/550/3115
f 822/822/3107 823/823/2222 824/824/3116
f 822/822/3107 824/824/3117 605/605/3118
f 825/825/3119 826/826/3120 827/827/3121
f 825/825/3122 827/827/3121 828/828/3123
f 828/828/3124 819/819/3125 604/604/3126
f 828/828/3124 604/604/3127 829/829/3128
f 830/830/3129 555/555/2130 554/554/3130
f 830/830/2162 554/554/3131 831/831/3132
f 831/831/3132 537/537/3133 540/540/2099
f 831/831/3134 540/540/2099 680/680/3135
f 598/598/2222 601/601/3136 832/832/3137
f 598/598/2222 832/832/3138 833/833/3139
f 833/833/3139 830/830/2162 834/834/3140
f 833/833/3141 834/834/3142 835/835/3143
f 836/836/2791 837/837/3144 838/838/3145
f 836/836/3129 838/838/3146 839/839/3147
f 839/839/3148 641/641/3149 592/592/3150
f 839/839/3147 592/592/3151 591/591/3152
f 574/574/2164 840/840/3153 841/841/3154
f 574/574/3155 841/841/3156 842/842/3157
f 842/842/3157 836/836/3158 594/594/3159
f 842/842/3160 594/594/3161 843/843/3162
f 823/823/3163 844/844/3164 845/845/3165
f 823/823/2222 845/845/3165 846/846/3166
f 847/847/3167 848/848/3168 821/821/3169
f 847/847/3167 821/821/3106 820/820/3105
f 604/604/3126 603/603/3170 849/849/3171
f 604/604/3172 849/849/3173 829/829/3174
f 848/848/3168 845/845/3175 844/844/3164
f 848/848/3168 844/844/3176 821/821/3177
f 850/850/3178 851/851/3179 852/852/3180
f 850/850/3181 852/852/3182 853/853/3183
f 852/852/3184 841/841/3156 840/840/3153
f 852/852/3184 840/840/3185 854/854/3186
f 851/851/3187 837/837/3188 841/841/3189
f 851/851/3187 841/841/3156 852/852/3184
f 825/825/3190 855/855/3191 856/856/3192
f 825/825/3122 856/856/3193 826/826/3194
f 679/679/2402 857/857/3195 834/834/3196
f 679/679/2402 834/834/3197 680/680/3198
f 601/601/3199 600/600/2225 858/858/3200
f 601/601/3201 858/858/3202 832/832/3138
f 834/834/3203 857/857/3204 859/859/3205
f 834/834/3140 859/859/3206 835/835/3207
f 858/858/3208 552/552/3209 555/555/2130
f 858/858/3202 555/555/2130 832/832/3210
f 534/534/3211 521/521/3212 860/860/3213
f 534/534/3214 860/860/3215 861/861/3216
f 849/849/3217 862/862/3218 863/863/3219
f 849/849/3220 863/863/3221 829/829/3222
f 853/853/3223 852/852/3224 854/854/3225
f 853/853/3226 854/854/3227 657/657/3228
f 864/864/3229 576/576/3230 865/865/3231
f 864/864/3232 865/865/3233 866/866/3234
f 865/865/3235 843/843/3236 594/594/3237
f 865/865/3235 594/594/3238 588/588/3239
f 576/576/2168 575/575/2167 843/843/3240
f 576/576/2168 843/843/3240 865/865/3241
f 826/826/3194 856/856/3242 867/867/3243
f 826/826/3194 867/867/3244 827/827/3245
f 868/868/3246 869/869/3247 851/851/3248
f 868/868/3249 851/851/3250 850/850/3251
f 867/867/3243 847/847/3167 820/820/3252
f 867/867/3243 820/820/3252 827/827/3253
f 866/866/3254 865/865/3255 588/588/3256
f 866/866/3234 588/588/3257 587/587/3258
f 870/870/3259 643/643/3260 869/869/3261
f 870/870/3262 869/869/3263 868/868/3264
f 869/869/3265 838/838/3266 837/837/3267
f 869/869/3265 837/837/3105 851/851/3268
f 643/643/3269 642/642/3270 838/838/3146
f 643/643/2311 838/838/3271 869/869/3265
f 859/859/3272 871/871/3273 872/872/3274
f 859/859/3272 872/872/3275 835/835/3276
f 523/523/3277 873/873/3278 874/874/3279
f 523/523/3280 874/874/3281 582/582/3282
f 582/582/3283 874/874/3284 860/860/3285
f 582/582/3286 860/860/3287 521/521/3288
f 874/874/3289 867/867/3290 856/856/3291
f 874/874/3292 856/856/3293 860/860/3294
f 873/873/3295 847/847/3296 867/867/3297
f 873/873/3298 867/867/3299 874/874/3300
f 861/861/3301 855/855/3302 862/862/3303
f 861/861/3304 862/862/3303 875/875/3305
f 806/806/3306 876/876/3307 877/877/3308
f 806/806/3309 877/877/3310 561/561/2138
f 535/535/3311 875/875/3312 878/878/3313
f 535/535/3314 878/878/3315 770/770/3316
f 770/770/3317 878/878/3318 879/879/3319
f 770/770/3320 879/879/3321 774/774/3322
f 878/878/3323 849/849/3324 603/603/3325
f 878/878/3326 603/603/3327 879/879/3328
f 875/875/3329 862/862/3303 849/849/3324
f 875/875/3330 849/849/3331 878/878/3332
f 561/561/3333 877/877/3334 880/880/3335
f 561/561/3336 880/880/3335 526/526/3337
f 526/526/3338 880/880/3339 873/873/3340
f 526/526/3341 873/873/3342 523/523/3343
f 880/880/3344 848/848/3345 847/847/3346
f 880/880/3347 847/847/3348 873/873/3349
f 877/877/3350 845/845/3351 848/848/3352
f 877/877/3353 848/848/3354 880/880/3355
f 876/876/3356 846/846/3357 845/845/3358
f 876/876/3359 845/845/3360 877/877/3361
f 529/529/3362 532/532/3363 881/881/3364
f 529/529/3365 881/881/3366 882/882/3367
f 774/774/3368 879/879/3369 883/883/3370
f 774/774/3371 883/883/3372 779/779/3373
f 779/779/2795 883/883/3370 884/884/3374
f 779/779/2811 884/884/3375 782/782/3376
f 883/883/3377 602/602/3378 885/885/3379
f 883/883/3380 885/885/3381 884/884/3382
f 879/879/3383 603/603/3327 602/602/3384
f 879/879/3385 602/602/3386 883/883/3387
f 518/518/3388 886/886/3389 887/887/3390
f 518/518/3391 887/887/3392 722/722/3393
f 722/722/2545 887/887/3392 888/888/3394
f 722/722/3395 888/888/3396 723/723/3397
f 887/887/3398 859/859/3399 857/857/3400
f 887/887/3401 857/857/3402 888/888/3403
f 886/886/3404 871/871/3405 859/859/3406
f 886/886/3404 859/859/3407 887/887/3408
f 618/618/3409 889/889/3410 890/890/3411
f 618/618/3412 890/890/3413 625/625/3414
f 625/625/3415 890/890/3416 881/881/3417
f 625/625/3418 881/881/3417 532/532/3363
f 890/890/3419 858/858/3420 600/600/3421
f 890/890/3422 600/600/3423 881/881/3424
f 889/889/3425 552/552/3426 858/858/3427
f 889/889/3428 858/858/3429 890/890/3430
f 882/882/3431 599/599/3432 871/871/3405
f 882/882/3433 871/871/3434 886/886/3435
f 659/659/3436 891/891/3437 892/892/3438
f 659/659/3439 892/892/3440 620/620/3441
f 723/723/3442 888/888/3443 893/893/3444
f 723/723/3445 893/893/3446 724/724/2551
f 724/724/2558 893/893/3446 894/894/3447
f 724/724/2555 894/894/3448 718/718/3449
f 893/893/3450 679/679/3451 539/539/3452
f 893/893/3453 539/539/3454 894/894/3455
f 888/888/3456 857/857/3457 679/679/3458
f 888/888/3459 679/679/3460 893/893/3461
f 620/620/3462 892/892/3463 895/895/3464
f 620/620/3465 895/895/3466 617/617/3467
f 617/617/3468 895/895/3466 889/889/3410
f 617/617/3468 889/889/3469 618/618/2276
f 895/895/3470 553/553/3471 552/552/3472
f 895/895/3473 552/552/3474 889/889/3475
f 892/892/3476 681/681/3477 553/553/3478
f 892/892/3479 553/553/3480 895/895/3481
f 891/891/3482 538/538/3483 681/681/3484
f 891/891/3485 681/681/3484 892/892/3486
f 698/698/3487 896/896/3488 870/870/3489
f 698/698/3490 870/870/3491 672/672/3492
f 672/672/3493 870/870/3494 868/868/3495
f 672/672/3496 868/868/3497 669/669/3498
f 669/669/3499 868/868/3500 850/850/3501
f 669/669/3502 850/850/3503 670/670/3504
f 638/638/3505 864/864/3506 866/866/3507
f 638/638/2304 866/866/3508 719/719/2521
f 719/719/2521 866/866/3509 587/587/3510
f 719/719/2521 587/587/3511 720/720/3512
f 670/670/3513 850/850/3514 853/853/3515
f 670/670/3516 853/853/3517 676/676/3518
f 676/676/2383 853/853/3519 657/657/3520
f 676/676/2383 657/657/3521 655/655/3522
f 896/896/3523 632/632/3524 593/593/3525
f 896/896/3526 593/593/3527 640/640/3528
f 658/658/3529 657/657/3530 854/854/3227
f 658/658/3531 854/854/3532 573/573/3533
f 720/720/3534 587/587/3535 590/590/3536
f 720/720/3537 590/590/3538 721/721/3539
f 721/721/2529 590/590/3540 632/632/3541
f 721/721/2527 632/632/3542 584/584/3543
f 885/885/3544 602/602/3545 605/605/3546
f 885/885/3547 605/605/3546 824/824/3548
f 627/627/3074 626/626/2547 606/606/2554
f 627/627/3549 606/606/3550 609/609/2970
f 527/527/2079 519/519/2071 522/522/3551
f 527/527/2079 522/522/3551 528/528/2080
f 775/775/3552 817/817/3553 809/809/2984
f 775/775/3552 809/809/3554 730/730/2572
f 864/864/3555 658/658/3556 573/573/3557
f 864/864/3555 573/573/3557 576/576/3558
f 870/870/3559 896/896/3560 640/640/3561
f 870/870/3262 640/640/3562 643/643/3563
f 584/584/3564 632/632/3565 896/896/3566
f 584/584/3567 896/896/3488 698/698/3568
f 894/894/3569 539/539/3570 538/538/3571
f 894/894/3572 538/538/3573 891/891/3574
f 718/718/2556 894/894/3575 891/891/3437
f 718/718/3576 891/891/3577 659/659/3578
f 881/881/3579 600/600/3580 599/599/3581
f 881/881/3582 599/599/3432 882/882/3583
f 518/518/3584 529/529/3585 882/882/3586
f 518/518/3587 882/882/3586 886/886/3588
f 884/884/3589 885/885/3590 846/846/3591
f 884/884/3589 846/846/3591 876/876/3359
f 782/782/3100 884/884/3592 876/876/3593
f 782/782/3594 876/876/3307 806/806/3595
f 860/860/3596 856/856/3597 855/855/3598
f 860/860/3294 855/855/3599 861/861/3600
f 535/535/2092 534/534/3601 861/861/3602
f 535/535/2813 861/861/3603 875/875/3312
f 863/863/3604 862/862/3605 855/855/3606
f 863/863/3607 855/855/3191 825/825/3608
f 824/824/3117 823/823/2222 846/846/3166
f 824/824/3117 846/846/3166 885/885/3609
f 841/841/3156 837/837/3188 836/836/2162
f 841/841/3156 836/836/3129 842/842/3610
f 575/575/2165 574/574/3611 842/842/3612
f 575/575/2167 842/842/3157 843/843/3240
f 838/838/3146 642/642/2536 641/641/2307
f 838/838/3266 641/641/2307 839/839/3148
f 594/594/3613 836/836/3158 839/839/3148
f 594/594/3159 839/839/3614 591/591/3615
f 832/832/3138 555/555/2130 830/830/3129
f 832/832/3210 830/830/2791 833/833/3616
f 872/872/3617 598/598/2222 833/833/3618
f 872/872/3274 833/833/3139 835/835/3619
f 554/554/3130 682/682/3620 537/537/3621
f 554/554/3131 537/537/3621 831/831/3622
f 834/834/3623 830/830/2162 831/831/3624
f 834/834/3203 831/831/3625 680/680/3626
f 827/827/3627 820/820/3105 819/819/3158
f 827/827/3121 819/819/2162 828/828/3124
f 863/863/3219 825/825/3122 828/828/3628
f 863/863/3629 828/828/3124 829/829/3630
f 821/821/3631 844/844/3164 823/823/2301
f 821/821/3632 823/823/2301 822/822/3633
f 604/604/3172 819/819/3129 822/822/3633
f 604/604/3634 822/822/3635 605/605/3636
f 528/528/2080 522/522/3551 533/533/2091
f 528/528/2080 533/533/2091 541/541/2162
f 782/782/3637 806/806/3638 562/562/2954
f 782/782/2809 562/562/2954 565/565/2144
f 696/696/3639 695/695/3640 717/717/1073
f 696/696/3641 717/717/3642 725/725/3643
f 699/699/2447 692/692/2485 691/691/2433
f 699/699/2482 691/691/2497 700/700/2496
f 584/584/3644 698/698/2443 700/700/2496
f 584/584/3645 700/700/2496 585/585/3646
f 693/693/3647 709/709/2469 695/695/3648
f 693/693/3647 695/695/3648 694/694/2437
f 715/715/2301 691/691/2497 694/694/3649
f 715/715/3650 694/694/2437 697/697/2442
f 660/660/2346 634/634/2332 633/633/2298
f 660/660/2346 633/633/2298 661/661/2348
f 718/718/3651 659/659/3652 661/661/2348
f 718/718/3651 661/661/2430 690/690/2512
f 638/638/3653 637/637/3654 658/658/2343
f 638/638/3505 658/658/3655 864/864/3506
f 593/593/3656 592/592/3657 641/641/3658
f 593/593/3659 641/641/3660 640/640/3661
f 635/635/2300 655/655/2334 637/637/3654
f 635/635/2330 637/637/3662 636/636/2498
f 689/689/2535 633/633/2298 636/636/3663
f 689/689/2431 636/636/3663 639/639/2536
f 872/872/3664 871/871/3273 599/599/3665
f 872/872/3666 599/599/3667 598/598/3668
f 854/854/3669 840/840/3670 574/574/2164
f 854/854/3671 574/574/3611 573/573/3672
f 580/580/2173 579/579/2172 571/571/3125
f 580/580/2173 571/571/2162 563/563/2161
f 729/729/3673 580/580/2173 563/563/2142
f 729/729/3674 563/563/2142 562/562/2141
f 517/517/2082 528/528/3675 541/541/3129
f 517/517/2082 541/541/2791 530/530/2084
f 682/682/2407 681/681/3676 538/538/3677
f 682/682/2407 538/538/3677 537/537/3678
f 522/522/2073 521/521/3288 534/534/2089
f 522/522/2073 534/534/2089 533/533/2091
f 518/518/3587 517/517/2066 530/530/2084
f 518/518/3587 530/530/3679 529/529/3680
f 379/379/3681 375/375/3682 377/377/3683
f 379/379/3681 377/377/3684 402/402/3685
f 818/818/3095 420/420/3686 395/395/3687
f 818/818/3688 395/395/3689 421/421/1398
f 897/897/3690 898/898/3691 899/899/3692
f 897/897/3693 899/899/3692 900/900/3694
f 901/901/3695 902/902/3696 903/903/3697
f 901/901/3695 903/903/3698 904/904/3699
f 905/905/3700 902/902/3701 906/906/3702
f 905/905/3703 906/906/3704 907/907/3705
f 908/908/3706 909/909/3707 910/910/3708
f 908/908/3709 910/910/3710 911/911/3711
f 901/901/3712 912/912/3713 906/906/3714
f 901/901/3715 906/906/3713 902/902/3716
f 913/913/3717 914/914/3718 7/7/3719
f 913/913/3720 7/7/3721 6/6/3722
f 915/915/3723 916/916/3724 7/7/3719
f 915/915/3723 7/7/3725 914/914/3726
f 917/917/3727 918/918/3728 8/8/3729
f 917/917/3730 8/8/3731 919/919/3732
f 897/897/3733 920/920/3734 921/921/3735
f 897/897/3736 921/921/3737 922/922/3738
f 908/908/3739 911/911/3740 923/923/3741
f 908/908/3709 923/923/3742 924/924/3743
f 925/925/3744 898/898/3745 926/926/3746
f 925/925/3747 926/926/3746 927/927/3748
f 907/907/3705 906/906/3704 928/928/3749
f 907/907/3750 928/928/3751 929/929/3752
f 922/922/3753 921/921/3735 930/930/3754
f 922/922/3755 930/930/3756 931/931/3757
f 924/924/3743 923/923/3741 918/918/3758
f 924/924/3743 918/918/3759 917/917/3760
f 927/927/3761 926/926/3762 916/916/3763
f 927/927/3748 916/916/3763 915/915/3723
f 929/929/3764 928/928/3765 932/932/3766
f 929/929/3767 932/932/3766 933/933/3768
f 900/900/3694 899/899/3692 934/934/3769
f 900/900/3694 934/934/3770 935/935/3771
f 905/905/3772 910/910/3773 936/936/3774
f 905/905/3703 936/936/3774 937/937/3775
f 938/938/3776 939/939/3777 940/940/3778
f 938/938/3707 940/940/3779 941/941/3780
f 902/902/3701 905/905/3772 937/937/3781
f 902/902/3701 937/937/3781 903/903/3782
f 939/939/3783 900/900/3784 935/935/3785
f 939/939/3786 935/935/3771 940/940/3787
f 923/923/3788 929/929/3789 933/933/3790
f 923/923/3791 933/933/3792 918/918/3793
f 926/926/3794 922/922/3753 931/931/3795
f 926/926/3796 931/931/3797 916/916/3798
f 911/911/3799 907/907/3705 929/929/3800
f 911/911/3801 929/929/3767 923/923/3802
f 898/898/3691 897/897/3803 922/922/3804
f 898/898/3805 922/922/3804 926/926/3794
f 942/942/3806 943/943/3807 6/6/3808
f 942/942/3809 6/6/3810 5/5/3811
f 910/910/3812 905/905/3772 907/907/3813
f 910/910/3814 907/907/3815 911/911/3816
f 920/920/3817 897/897/3818 900/900/3819
f 920/920/3820 900/900/3784 939/939/3821
f 8/8/3822 3/3/3823 944/944/3824
f 8/8/3825 944/944/3826 919/919/3827
f 910/910/3828 909/909/3829 945/945/3830
f 910/910/3831 945/945/3832 936/936/3833
f 928/928/3746 946/946/3834 947/947/3723
f 928/928/3746 947/947/3835 932/932/3763
f 921/921/3836 948/948/3837 949/949/3838
f 921/921/3839 949/949/3840 930/930/3841
f 906/906/3744 912/912/3842 946/946/3748
f 906/906/3744 946/946/3748 928/928/3843
f 920/920/3844 950/950/3845 948/948/3846
f 920/920/3847 948/948/3846 921/921/3848
f 930/930/3849 949/949/3850 942/942/3851
f 930/930/3841 942/942/3852 5/5/3853
f 932/932/3724 947/947/3723 951/951/3726
f 932/932/3763 951/951/3854 2/2/3855
f 3/3/3856 2/2/3857 951/951/3718
f 3/3/3858 951/951/3854 952/952/3859
f 899/899/3860 898/898/3714 925/925/3713
f 899/899/3861 925/925/3714 953/953/3715
f 920/920/3862 939/939/3863 938/938/3776
f 920/920/3864 938/938/3865 950/950/3866
f 899/899/3867 953/953/3868 954/954/3869
f 899/899/3867 954/954/3699 934/934/3870
f 955/955/3871 956/956/3872 957/957/3873
f 955/955/3874 957/957/3875 958/958/3876
f 959/959/3877 960/960/3878 961/961/3879
f 959/959/3880 961/961/3881 962/962/3882
f 963/963/3883 964/964/3884 965/965/3885
f 963/963/3886 965/965/3885 966/966/3887
f 967/967/3888 968/968/3889 955/955/3871
f 967/967/3890 955/955/3891 969/969/3892
f 970/970/3893 971/971/3894 972/972/3895
f 970/970/3896 972/972/3897 973/973/3898
f 974/974/3899 975/975/3900 976/976/3901
f 974/974/3902 976/976/3901 977/977/3903
f 977/977/3904 976/976/3901 978/978/3905
f 977/977/3906 978/978/3907 979/979/3908
f 980/980/3909 981/981/3910 982/982/3911
f 980/980/3912 982/982/3913 983/983/3914
f 984/984/3915 985/985/3916 986/986/3917
f 984/984/3915 986/986/3918 987/987/3919
f 988/988/3920 989/989/3921 990/990/3922
f 988/988/3923 990/990/3924 991/991/3925
f 991/991/3926 990/990/3927 992/992/3928
f 991/991/3929 992/992/3930 993/993/3931
f 994/994/3932 995/995/3933 971/971/3934
f 994/994/3935 971/971/3894 970/970/3936
f 996/996/3937 997/997/3938 998/998/3939
f 996/996/3937 998/998/3940 999/999/3941
f 1000/1000/3942 1001/1001/3943 1002/1002/3944
f 1000/1000/3945 1002/1002/3946 1003/1003/3947
f 1003/1003/3948 1002/1002/3949 989/989/3950
f 1003/1003/3948 989/989/3951 988/988/3952
f 999/999/3941 998/998/3953 985/985/3916
f 999/999/3954 985/985/3916 984/984/3955
f 1004/1004/3956 1005/1005/3957 1006/1006/3958
f 1004/1004/3959 1006/1006/3960 1007/1007/3961
f 1008/1008/3962 1009/1009/3963 1010/1010/3964
f 1008/1008/3965 1010/1010/3966 1011/1011/3967
f 1011/1011/3967 1010/1010/3968 1001/1001/3943
f 1011/1011/3969 1001/1001/3970 1000/1000/3971
f 1007/1007/3972 1006/1006/3958 997/997/3973
f 1007/1007/3974 997/997/3975 996/996/3937
f 1012/1012/3976 1013/1013/3977 995/995/3978
f 1012/1012/3979 995/995/3980 994/994/3981
f 993/993/3931 992/992/3982 1014/1014/3983
f 993/993/3931 1014/1014/3984 1015/1015/3985
f 1015/1015/3986 1014/1014/3983 975/975/3987
f 1015/1015/3988 975/975/3989 974/974/3990
f 1016/1016/3991 1017/1017/3992 1005/1005/3993
f 1016/1016/3994 1005/1005/3995 1004/1004/3996
f 1018/1018/3997 1019/1019/3998 1020/1020/3999
f 1018/1018/4000 1020/1020/4001 1021/1021/4002
f 1020/1020/3999 1022/1022/4003 1023/1023/4004
f 1020/1020/4005 1023/1023/4006 1021/1021/4007
f 1023/1023/4008 1024/1024/4009 1025/1025/4010
f 1023/1023/4011 1025/1025/4012 1026/1026/4013
f 1021/1021/4014 1023/1023/4015 1026/1026/4013
f 1021/1021/4016 1026/1026/4017 1027/1027/4018
f 1023/1023/4015 1022/1022/4019 1028/1028/4020
f 1023/1023/4011 1028/1028/4021 1024/1024/4022
f 1028/1028/4023 1029/1029/4024 1030/1030/4025
f 1028/1028/4021 1030/1030/4026 1024/1024/4027
f 1030/1030/4028 1031/1031/4029 1032/1032/4030
f 1030/1030/4031 1032/1032/4030 1033/1033/4032
f 1024/1024/4022 1030/1030/4033 1033/1033/4034
f 1024/1024/4009 1033/1033/4034 1025/1025/4012
f 1034/1034/4035 1035/1035/4036 1036/1036/4037
f 1034/1034/4038 1036/1036/4039 1037/1037/4040
f 1038/1038/4041 1039/1039/4042 1040/1040/4043
f 1038/1038/4044 1040/1040/4045 1031/1031/4046
f 1040/1040/4047 11/11/4048 1041/1041/4049
f 1040/1040/4050 1041/1041/4051 1042/1042/4052
f 1031/1031/4053 1040/1040/4050 1042/1042/4054
f 1031/1031/4055 1042/1042/4056 1032/1032/4030
f 963/963/4057 1043/1043/4058 1044/1044/4059
f 963/963/3883 1044/1044/4060 964/964/4061
f 1044/1044/4060 1045/1045/4062 1046/1046/4063
f 1044/1044/4064 1046/1046/4065 1047/1047/4066
f 964/964/4067 1044/1044/4068 1047/1047/4069
f 964/964/4070 1047/1047/4069 1048/1048/4071
f 1040/1040/4072 1039/1039/4073 9/9/4074
f 1040/1040/4050 9/9/4075 11/11/4076
f 1049/1049/4077 1019/1019/4078 1018/1018/4079
f 1049/1049/4080 1018/1018/4081 1045/1045/4082
f 1018/1018/4083 1021/1021/4084 1027/1027/4085
f 1018/1018/4086 1027/1027/4018 1050/1050/4087
f 1045/1045/4088 1018/1018/4089 1050/1050/4090
f 1045/1045/4088 1050/1050/4091 1046/1046/4063
f 1051/1051/4092 1052/1052/4093 1053/1053/4094
f 1051/1051/4095 1053/1053/4096 1054/1054/4097
f 1052/1052/4098 1055/1055/4099 1056/1056/4100
f 1052/1052/4101 1056/1056/4102 1053/1053/4103
f 1053/1053/4104 1056/1056/4105 1057/1057/4106
f 1053/1053/4107 1057/1057/4108 1058/1058/4109
f 1054/1054/4110 1053/1053/4094 1058/1058/4111
f 1054/1054/4110 1058/1058/4112 1059/1059/4113
f 989/989/4114 1002/1002/3944 1060/1060/4115
f 989/989/4116 1060/1060/4117 1061/1061/4118
f 1002/1002/4119 1001/1001/4120 1062/1062/4121
f 1002/1002/4122 1062/1062/4123 1060/1060/4124
f 1060/1060/4125 1062/1062/4123 1063/1063/4126
f 1060/1060/4117 1063/1063/4127 1064/1064/4128
f 1061/1061/4118 1060/1060/4129 1064/1064/4130
f 1061/1061/4118 1064/1064/4131 1065/1065/4132
f 992/992/4133 990/990/4134 1066/1066/4135
f 992/992/4136 1066/1066/4137 1067/1067/4138
f 990/990/3924 989/989/4139 1061/1061/4140
f 990/990/4141 1061/1061/4118 1066/1066/4142
f 1066/1066/4143 1061/1061/4118 1065/1065/4144
f 1066/1066/4145 1065/1065/4146 1068/1068/4147
f 1067/1067/4148 1066/1066/4149 1068/1068/4150
f 1067/1067/4151 1068/1068/4150 1069/1069/4152
f 975/975/3989 1014/1014/4153 1070/1070/4154
f 975/975/4155 1070/1070/4156 1071/1071/4157
f 1014/1014/4153 992/992/4133 1067/1067/4148
f 1014/1014/4158 1067/1067/4159 1070/1070/4160
f 1070/1070/4160 1067/1067/4161 1069/1069/4152
f 1070/1070/4162 1069/1069/4163 1072/1072/4164
f 1071/1071/4165 1070/1070/4154 1072/1072/4166
f 1071/1071/4167 1072/1072/4164 1073/1073/4168
f 978/978/3905 976/976/4169 1074/1074/4170
f 978/978/4171 1074/1074/4172 1075/1075/4173
f 976/976/4169 975/975/3987 1071/1071/4167
f 976/976/3901 1071/1071/4165 1074/1074/4174
f 1074/1074/4175 1071/1071/4176 1073/1073/4177
f 1074/1074/4170 1073/1073/4168 1076/1076/4178
f 1075/1075/4179 1074/1074/4180 1076/1076/4178
f 1075/1075/4179 1076/1076/4181 1077/1077/4182
f 1009/1009/4183 1078/1078/4184 1079/1079/4185
f 1009/1009/4186 1079/1079/4187 1080/1080/4188
f 1078/1078/4189 1081/1081/4190 1082/1082/4191
f 1078/1078/4192 1082/1082/4193 1079/1079/4194
f 1079/1079/4195 1082/1082/4196 1083/1083/4197
f 1079/1079/4198 1083/1083/4199 1084/1084/4200
f 1080/1080/4201 1079/1079/4195 1084/1084/4202
f 1080/1080/4201 1084/1084/4203 1085/1085/4204
f 1086/1086/4205 987/987/4206 1012/1012/4207
f 1086/1086/4208 1012/1012/4209 1087/1087/4210
f 973/973/4211 1088/1088/4212 1089/1089/4213
f 973/973/4214 1089/1089/4215 1090/1090/4216
f 10/10/4217 1091/1091/4218 1041/1041/4219
f 10/10/4220 1041/1041/4219 11/11/4221
f 1092/1092/4222 1093/1093/4223 1094/1094/4224
f 1092/1092/4225 1094/1094/4226 1095/1095/4227
f 1088/1088/4228 1096/1096/4229 1097/1097/4230
f 1088/1088/4231 1097/1097/4232 1089/1089/4215
f 1044/1044/4233 1043/1043/4234 1049/1049/4235
f 1044/1044/4060 1049/1049/4236 1045/1045/4237
f 1037/1037/4040 1036/1036/4238 1098/1098/4239
f 1037/1037/4240 1098/1098/4241 1099/1099/4242
f 961/961/4243 960/960/4244 1100/1100/4245
f 961/961/4246 1100/1100/4245 1101/1101/4247
f 1081/1081/4248 1102/1102/4249 1103/1103/4250
f 1081/1081/4190 1103/1103/4251 1082/1082/4252
f 1102/1102/4253 1051/1051/4254 1054/1054/4255
f 1102/1102/4256 1054/1054/4255 1103/1103/4251
f 1103/1103/4257 1054/1054/4255 1059/1059/4258
f 1103/1103/4250 1059/1059/4259 1104/1104/4260
f 1082/1082/4196 1103/1103/4261 1104/1104/4260
f 1082/1082/4191 1104/1104/4260 1083/1083/4262
f 1105/1105/4263 1106/1106/4264 1107/1107/4265
f 1105/1105/4266 1107/1107/4267 968/968/4268
f 958/958/4269 957/957/3875 1093/1093/4270
f 958/958/4271 1093/1093/4272 1092/1092/4273
f 1108/1108/4274 1105/1105/4275 968/968/4276
f 1108/1108/4277 968/968/4278 967/967/4279
f 987/987/4280 986/986/3917 1013/1013/4281
f 987/987/4280 1013/1013/4282 1012/1012/4207
f 1109/1109/4283 1092/1092/4284 1095/1095/4227
f 1109/1109/4285 1095/1095/4227 1110/1110/4286
f 1111/1111/4287 981/981/4288 1105/1105/4266
f 1111/1111/4289 1105/1105/4266 1108/1108/4290
f 1112/1112/4291 958/958/4292 1092/1092/4273
f 1112/1112/4293 1092/1092/4273 1109/1109/4294
f 972/972/4295 1113/1113/4296 1088/1088/4297
f 972/972/4298 1088/1088/4299 973/973/4211
f 1087/1087/4300 1012/1012/4301 994/994/4302
f 1087/1087/4303 994/994/3932 1114/1114/4304
f 1016/1016/3991 1004/1004/4305 1115/1115/4306
f 1016/1016/3991 1115/1115/4307 1116/1116/4308
f 1115/1115/4309 1004/1004/3996 1007/1007/4310
f 1115/1115/4311 1007/1007/3972 1117/1117/4312
f 1117/1117/4313 1007/1007/3974 996/996/4314
f 1117/1117/4315 996/996/4316 1118/1118/4317
f 1118/1118/4318 996/996/4316 999/999/3954
f 1118/1118/4319 999/999/3941 1119/1119/4320
f 1119/1119/4320 999/999/4321 984/984/3915
f 1119/1119/4322 984/984/3915 1120/1120/4323
f 1120/1120/4324 984/984/4325 987/987/4280
f 1120/1120/4326 987/987/4206 1086/1086/4208
f 1114/1114/4304 994/994/4327 970/970/3936
f 1114/1114/4328 970/970/3936 1121/1121/4329
f 1121/1121/4330 970/970/4331 973/973/4332
f 1121/1121/4330 973/973/4332 1090/1090/4333
f 968/968/4334 1107/1107/4335 956/956/4336
f 968/968/3889 956/956/3872 955/955/3891
f 969/969/3892 955/955/4337 958/958/4269
f 969/969/4338 958/958/4339 1112/1112/4340
f 1113/1113/4341 1122/1122/4342 1096/1096/4343
f 1113/1113/4344 1096/1096/4345 1088/1088/4346
f 1051/1051/4347 1123/1123/4348 1124/1124/4349
f 1051/1051/4350 1124/1124/4351 1052/1052/4352
f 1052/1052/4353 1124/1124/4354 1125/1125/4355
f 1052/1052/4356 1125/1125/4357 1055/1055/4358
f 978/978/4359 1075/1075/4179 1126/1126/4360
f 978/978/4171 1126/1126/4361 979/979/4362
f 1075/1075/4363 1077/1077/4182 1127/1127/4364
f 1075/1075/4365 1127/1127/4366 1126/1126/4367
f 1055/1055/4368 1125/1125/4369 1128/1128/4370
f 1055/1055/4368 1128/1128/4370 1056/1056/4371
f 1056/1056/4372 1128/1128/4373 1129/1129/4374
f 1056/1056/4375 1129/1129/4376 1057/1057/4377
f 1081/1081/4378 1130/1130/4379 1131/1131/4380
f 1081/1081/4381 1131/1131/4382 1102/1102/4253
f 1102/1102/4383 1131/1131/4384 1123/1123/4348
f 1102/1102/4253 1123/1123/4385 1051/1051/4254
f 983/983/4386 982/982/3913 1016/1016/4387
f 983/983/4388 1016/1016/3991 1116/1116/4389
f 982/982/4390 1132/1132/4391 1017/1017/4392
f 982/982/4390 1017/1017/4393 1016/1016/4394
f 981/981/4395 1111/1111/4287 1132/1132/4396
f 981/981/4395 1132/1132/4397 982/982/3911
f 1030/1030/4028 1029/1029/4398 1038/1038/4399
f 1030/1030/4031 1038/1038/4399 1031/1031/4400
f 966/966/4401 965/965/3885 1035/1035/4402
f 966/966/4403 1035/1035/4036 1034/1034/4404
f 1001/1001/3943 1010/1010/4405 1133/1133/4406
f 1001/1001/4407 1133/1133/4406 1062/1062/4408
f 1010/1010/4409 1009/1009/4410 1080/1080/4411
f 1010/1010/4409 1080/1080/4412 1133/1133/4413
f 1133/1133/4414 1080/1080/4201 1085/1085/4415
f 1133/1133/4416 1085/1085/4417 1134/1134/4418
f 1062/1062/4419 1133/1133/4420 1134/1134/4421
f 1062/1062/4123 1134/1134/4421 1063/1063/4422
f 965/965/4423 964/964/4424 1048/1048/4425
f 965/965/4426 1048/1048/4427 1135/1135/4428
f 1035/1035/4429 965/965/4430 1135/1135/4431
f 1035/1035/4036 1135/1135/4432 1136/1136/4433
f 1130/1130/4434 1081/1081/4381 1078/1078/4435
f 1130/1130/4436 1078/1078/4435 1137/1137/4437
f 1137/1137/4438 1078/1078/4192 1009/1009/4439
f 1137/1137/4440 1009/1009/4439 1008/1008/4441
f 981/981/4395 980/980/4442 1106/1106/4264
f 981/981/4443 1106/1106/4444 1105/1105/4263
f 1098/1098/4445 960/960/4446 959/959/4447
f 1098/1098/4448 959/959/4449 1099/1099/4242
f 1138/1138/4450 1139/1139/4451 1140/1140/4452
f 1138/1138/4453 1140/1140/4454 1141/1141/4455
f 1142/1142/4456 1143/1143/4457 1144/1144/4458
f 1142/1142/4459 1144/1144/4460 1145/1145/4461
f 1146/1146/4462 1147/1147/4463 1148/1148/4464
f 1146/1146/4465 1148/1148/4466 1149/1149/4467
f 1150/1150/4468 1151/1151/4469 1138/1138/4470
f 1150/1150/4468 1138/1138/4471 1152/1152/4472
f 1153/1153/4473 1154/1154/4474 1155/1155/4475
f 1153/1153/4476 1155/1155/4477 1156/1156/4478
f 1157/1157/4479 1158/1158/4480 1159/1159/4481
f 1157/1157/4482 1159/1159/4483 1160/1160/4484
f 1158/1158/4485 1161/1161/4486 1162/1162/4487
f 1158/1158/4485 1162/1162/4488 1159/1159/4489
f 1163/1163/4490 1164/1164/4491 1165/1165/4492
f 1163/1163/4493 1165/1165/4492 1166/1166/4494
f 1167/1167/4495 1168/1168/4496 1169/1169/4497
f 1167/1167/4498 1169/1169/4497 1170/1170/4499
f 1171/1171/4500 1172/1172/4501 1173/1173/4502
f 1171/1171/4503 1173/1173/4504 1174/1174/4505
f 1172/1172/4506 1175/1175/4507 1176/1176/4508
f 1172/1172/4506 1176/1176/4509 1173/1173/4504
f 1177/1177/4510 1153/1153/4511 1156/1156/4478
f 1177/1177/4510 1156/1156/4512 1178/1178/4513
f 1179/1179/4514 1180/1180/4515 1181/1181/4516
f 1179/1179/4517 1181/1181/4518 1182/1182/4519
f 1183/1183/4520 1184/1184/4521 1185/1185/4522
f 1183/1183/4523 1185/1185/4522 1186/1186/4524
f 1184/1184/4525 1171/1171/4526 1174/1174/4527
f 1184/1184/4528 1174/1174/4505 1185/1185/4529
f 1180/1180/4515 1167/1167/4530 1170/1170/4499
f 1180/1180/4531 1170/1170/4499 1181/1181/4532
f 1187/1187/4533 1188/1188/4534 1189/1189/4535
f 1187/1187/4536 1189/1189/4535 1190/1190/4537
f 1191/1191/4538 1192/1192/4539 1193/1193/4540
f 1191/1191/4541 1193/1193/4542 1194/1194/4543
f 1192/1192/4544 1183/1183/4545 1186/1186/4546
f 1192/1192/4547 1186/1186/4524 1193/1193/4548
f 1188/1188/4549 1179/1179/4517 1182/1182/4519
f 1188/1188/4549 1182/1182/4519 1189/1189/4550
f 1195/1195/4551 1177/1177/4510 1178/1178/4552
f 1195/1195/4553 1178/1178/4552 1196/1196/4554
f 1175/1175/4555 1197/1197/4556 1198/1198/4557
f 1175/1175/4507 1198/1198/4558 1176/1176/4559
f 1197/1197/4556 1157/1157/4560 1160/1160/4561
f 1197/1197/4562 1160/1160/4563 1198/1198/4564
f 1199/1199/4565 1187/1187/4566 1190/1190/4537
f 1199/1199/4565 1190/1190/4567 1200/1200/4568
f 1201/1201/4569 1202/1202/4570 1203/1203/4571
f 1201/1201/4572 1203/1203/4573 1204/1204/4574
f 1203/1203/4575 1202/1202/4576 1205/1205/4577
f 1203/1203/4578 1205/1205/4579 1206/1206/4580
f 1205/1205/4581 1026/1026/4582 1025/1025/4583
f 1205/1205/4584 1025/1025/4585 1207/1207/4586
f 1202/1202/4587 1027/1027/4588 1026/1026/4589
f 1202/1202/4587 1026/1026/4590 1205/1205/4591
f 1205/1205/4592 1207/1207/4586 1208/1208/4593
f 1205/1205/4594 1208/1208/4595 1206/1206/4596
f 1208/1208/4597 1207/1207/4586 1209/1209/4598
f 1208/1208/4599 1209/1209/4600 1210/1210/4601
f 1209/1209/4600 1033/1033/4602 1032/1032/4603
f 1209/1209/4598 1032/1032/4604 1211/1211/4605
f 1207/1207/4606 1025/1025/4607 1033/1033/4608
f 1207/1207/4586 1033/1033/4034 1209/1209/4609
f 1212/1212/4610 1213/1213/4611 1214/1214/4612
f 1212/1212/4613 1214/1214/4614 1215/1215/4615
f 1216/1216/4616 1211/1211/4617 1217/1217/4618
f 1216/1216/4619 1217/1217/4620 1218/1218/4621
f 1217/1217/4622 1042/1042/4054 1041/1041/4623
f 1217/1217/4622 1041/1041/4624 13/13/4625
f 1211/1211/4626 1032/1032/4627 1042/1042/4056
f 1211/1211/4628 1042/1042/4054 1217/1217/4629
f 1146/1146/4465 1149/1149/4630 1219/1219/4631
f 1146/1146/4632 1219/1219/4633 1220/1220/4634
f 1219/1219/4635 1047/1047/4636 1046/1046/4637
f 1219/1219/4631 1046/1046/4638 1221/1221/4639
f 1149/1149/4640 1048/1048/4641 1047/1047/4069
f 1149/1149/4642 1047/1047/4643 1219/1219/4644
f 1217/1217/4645 13/13/4646 12/12/4647
f 1217/1217/4648 12/12/4649 1218/1218/4650
f 1222/1222/4651 1221/1221/4652 1201/1201/4653
f 1222/1222/4654 1201/1201/4572 1204/1204/4655
f 1201/1201/4656 1050/1050/4657 1027/1027/4018
f 1201/1201/4658 1027/1027/4588 1202/1202/4659
f 1221/1221/4660 1046/1046/4661 1050/1050/4657
f 1221/1221/4662 1050/1050/4657 1201/1201/4663
f 1223/1223/4664 1224/1224/4665 1225/1225/4666
f 1223/1223/4667 1225/1225/4668 1226/1226/4669
f 1226/1226/4670 1225/1225/4666 1227/1227/4671
f 1226/1226/4672 1227/1227/4673 1228/1228/4674
f 1225/1225/4675 1058/1058/4676 1057/1057/4108
f 1225/1225/4677 1057/1057/4678 1227/1227/4679
f 1224/1224/4680 1059/1059/4681 1058/1058/4676
f 1224/1224/4682 1058/1058/4676 1225/1225/4683
f 1174/1174/4527 1229/1229/4684 1230/1230/4685
f 1174/1174/4527 1230/1230/4686 1185/1185/4522
f 1185/1185/4687 1230/1230/4688 1231/1231/4689
f 1185/1185/4522 1231/1231/4690 1186/1186/4691
f 1230/1230/4686 1064/1064/4131 1063/1063/4692
f 1230/1230/4686 1063/1063/4693 1231/1231/4694
f 1229/1229/4695 1065/1065/4144 1064/1064/4696
f 1229/1229/4697 1064/1064/4698 1230/1230/4686
f 1176/1176/4559 1232/1232/4699 1233/1233/4700
f 1176/1176/4559 1233/1233/4701 1173/1173/4702
f 1173/1173/4703 1233/1233/4704 1229/1229/4705
f 1173/1173/4706 1229/1229/4695 1174/1174/4707
f 1233/1233/4701 1068/1068/4708 1065/1065/4709
f 1233/1233/4710 1065/1065/4144 1229/1229/4711
f 1232/1232/4712 1069/1069/4152 1068/1068/4708
f 1232/1232/4713 1068/1068/4147 1233/1233/4710
f 1160/1160/4563 1234/1234/4714 1235/1235/4715
f 1160/1160/4716 1235/1235/4715 1198/1198/4717
f 1198/1198/4718 1235/1235/4719 1232/1232/4720
f 1198/1198/4718 1232/1232/4721 1176/1176/4722
f 1235/1235/4723 1072/1072/4164 1069/1069/4724
f 1235/1235/4725 1069/1069/4726 1232/1232/4727
f 1234/1234/4714 1073/1073/4728 1072/1072/4166
f 1234/1234/4714 1072/1072/4729 1235/1235/4730
f 1162/1162/4731 1236/1236/4732 1237/1237/4733
f 1162/1162/4734 1237/1237/4735 1159/1159/4736
f 1159/1159/4481 1237/1237/4737 1234/1234/4738
f 1159/1159/4483 1234/1234/4714 1160/1160/4739
f 1237/1237/4737 1076/1076/4178 1073/1073/4728
f 1237/1237/4740 1073/1073/4741 1234/1234/4742
f 1236/1236/4732 1077/1077/4182 1076/1076/4743
f 1236/1236/4744 1076/1076/4745 1237/1237/4737
f 1194/1194/4746 1238/1238/4747 1239/1239/4748
f 1194/1194/4746 1239/1239/4749 1240/1240/4750
f 1240/1240/4751 1239/1239/4752 1241/1241/4753
f 1240/1240/4754 1241/1241/4755 1242/1242/4756
f 1239/1239/4757 1084/1084/4758 1083/1083/4759
f 1239/1239/4760 1083/1083/4199 1241/1241/4761
f 1238/1238/4762 1085/1085/4763 1084/1084/4764
f 1238/1238/4765 1084/1084/4766 1239/1239/4767
f 1243/1243/4768 1244/1244/4769 1195/1195/4551
f 1243/1243/4768 1195/1195/4770 1168/1168/4771
f 1154/1154/4772 1245/1245/4773 1246/1246/4774
f 1154/1154/4775 1246/1246/4776 1247/1247/4777
f 14/14/4778 13/13/4646 1041/1041/4779
f 14/14/4780 1041/1041/4781 1091/1091/4782
f 1248/1248/4783 1095/1095/4784 1094/1094/4226
f 1248/1248/4785 1094/1094/4786 1249/1249/4787
f 1247/1247/4788 1246/1246/4789 1250/1250/4790
f 1247/1247/4791 1250/1250/4790 1251/1251/4792
f 1219/1219/4635 1221/1221/4793 1222/1222/4794
f 1219/1219/4635 1222/1222/4795 1220/1220/4796
f 1213/1213/4797 1252/1252/4798 1253/1253/4799
f 1213/1213/4800 1253/1253/4801 1214/1214/4802
f 1144/1144/4803 1101/1101/4804 1100/1100/4245
f 1144/1144/4805 1100/1100/4806 1145/1145/4807
f 1242/1242/4808 1241/1241/4809 1254/1254/4810
f 1242/1242/4808 1254/1254/4811 1255/1255/4812
f 1255/1255/4812 1254/1254/4813 1224/1224/4814
f 1255/1255/4815 1224/1224/4665 1223/1223/4667
f 1254/1254/4816 1104/1104/4817 1059/1059/4258
f 1254/1254/4811 1059/1059/4113 1224/1224/4682
f 1241/1241/4818 1083/1083/4819 1104/1104/4260
f 1241/1241/4820 1104/1104/4817 1254/1254/4821
f 1256/1256/4822 1152/1152/4472 1257/1257/4823
f 1256/1256/4824 1257/1257/4823 1258/1258/4825
f 1139/1139/4826 1248/1248/4827 1249/1249/4828
f 1139/1139/4829 1249/1249/4830 1140/1140/4454
f 1259/1259/4831 1150/1150/4468 1152/1152/4832
f 1259/1259/4833 1152/1152/4832 1256/1256/4834
f 1168/1168/4835 1195/1195/4553 1196/1196/4554
f 1168/1168/4836 1196/1196/4837 1169/1169/4838
f 1260/1260/4839 1110/1110/4840 1095/1095/4841
f 1260/1260/4842 1095/1095/4843 1248/1248/4783
f 1261/1261/4844 1259/1259/4845 1256/1256/4846
f 1261/1261/4847 1256/1256/4822 1166/1166/4848
f 1262/1262/4849 1260/1260/4850 1248/1248/4851
f 1262/1262/4852 1248/1248/4853 1139/1139/4854
f 1155/1155/4855 1154/1154/4856 1247/1247/4857
f 1155/1155/4858 1247/1247/4791 1263/1263/4859
f 1244/1244/4860 1264/1264/4861 1177/1177/4862
f 1244/1244/4860 1177/1177/4862 1195/1195/4551
f 1199/1199/4863 1265/1265/4864 1266/1266/4865
f 1199/1199/4866 1266/1266/4865 1187/1187/4566
f 1266/1266/4867 1267/1267/4868 1188/1188/4549
f 1266/1266/4865 1188/1188/4869 1187/1187/4566
f 1267/1267/4870 1268/1268/4871 1179/1179/4517
f 1267/1267/4868 1179/1179/4514 1188/1188/4869
f 1268/1268/4872 1269/1269/4873 1180/1180/4874
f 1268/1268/4875 1180/1180/4531 1179/1179/4876
f 1269/1269/4877 1270/1270/4878 1167/1167/4495
f 1269/1269/4879 1167/1167/4495 1180/1180/4531
f 1270/1270/4880 1243/1243/4768 1168/1168/4881
f 1270/1270/4882 1168/1168/4836 1167/1167/4495
f 1264/1264/4883 1271/1271/4884 1153/1153/4885
f 1264/1264/4886 1153/1153/4887 1177/1177/4888
f 1271/1271/4889 1245/1245/4890 1154/1154/4775
f 1271/1271/4891 1154/1154/4892 1153/1153/4893
f 1152/1152/4894 1138/1138/4895 1141/1141/4896
f 1152/1152/4894 1141/1141/4897 1257/1257/4898
f 1151/1151/4899 1262/1262/4900 1139/1139/4829
f 1151/1151/4901 1139/1139/4902 1138/1138/4903
f 1263/1263/4904 1247/1247/4905 1251/1251/4906
f 1263/1263/4907 1251/1251/4343 1272/1272/4908
f 1223/1223/4667 1226/1226/4669 1273/1273/4909
f 1223/1223/4910 1273/1273/4911 1274/1274/4912
f 1226/1226/4913 1228/1228/4914 1275/1275/4915
f 1226/1226/4916 1275/1275/4917 1273/1273/4911
f 1162/1162/4918 1161/1161/4486 1276/1276/4919
f 1162/1162/4920 1276/1276/4921 1236/1236/4744
f 1236/1236/4922 1276/1276/4921 1127/1127/4923
f 1236/1236/4732 1127/1127/4366 1077/1077/4182
f 1228/1228/4924 1227/1227/4925 1277/1277/4926
f 1228/1228/4927 1277/1277/4926 1275/1275/4917
f 1227/1227/4928 1057/1057/4929 1129/1129/4930
f 1227/1227/4931 1129/1129/4932 1277/1277/4933
f 1242/1242/4934 1255/1255/4935 1278/1278/4936
f 1242/1242/4937 1278/1278/4938 1279/1279/4939
f 1255/1255/4940 1223/1223/4667 1274/1274/4941
f 1255/1255/4942 1274/1274/4943 1278/1278/4936
f 1164/1164/4944 1265/1265/4945 1199/1199/4565
f 1164/1164/4491 1199/1199/4946 1165/1165/4492
f 1165/1165/4947 1199/1199/4866 1200/1200/4948
f 1165/1165/4492 1200/1200/4568 1280/1280/4949
f 1166/1166/4950 1165/1165/4492 1280/1280/4951
f 1166/1166/4950 1280/1280/4951 1261/1261/4847
f 1209/1209/4952 1211/1211/4617 1216/1216/4953
f 1209/1209/4600 1216/1216/4954 1210/1210/4601
f 1147/1147/4955 1212/1212/4956 1215/1215/4957
f 1147/1147/4958 1215/1215/4959 1148/1148/4960
f 1186/1186/4961 1231/1231/4962 1281/1281/4963
f 1186/1186/4546 1281/1281/4964 1193/1193/4965
f 1193/1193/4966 1281/1281/4967 1238/1238/4968
f 1193/1193/4548 1238/1238/4969 1194/1194/4746
f 1281/1281/4970 1134/1134/4692 1085/1085/4971
f 1281/1281/4972 1085/1085/4415 1238/1238/4973
f 1231/1231/4690 1063/1063/4692 1134/1134/4692
f 1231/1231/4694 1134/1134/4974 1281/1281/4975
f 1148/1148/4976 1135/1135/4432 1048/1048/4977
f 1148/1148/4978 1048/1048/4979 1149/1149/4980
f 1215/1215/4981 1136/1136/4982 1135/1135/4983
f 1215/1215/4957 1135/1135/4984 1148/1148/4985
f 1279/1279/4986 1282/1282/4987 1240/1240/4988
f 1279/1279/4989 1240/1240/4990 1242/1242/4991
f 1282/1282/4992 1191/1191/4993 1194/1194/4994
f 1282/1282/4995 1194/1194/4996 1240/1240/4988
f 1166/1166/4997 1256/1256/4822 1258/1258/4998
f 1166/1166/4997 1258/1258/4825 1163/1163/4493
f 1253/1253/4999 1252/1252/5000 1142/1142/5001
f 1253/1253/5002 1142/1142/5003 1145/1145/5004
f 916/916/5005 931/931/3757 4/4/8
f 916/916/5006 4/4/5007 7/7/5008
f 931/931/5009 930/930/5010 5/5/5011
f 931/931/3757 5/5/5012 4/4/8
f 933/933/3768 932/932/5013 2/2/5014
f 933/933/5015 2/2/5016 1/1/5017
f 918/918/5018 933/933/5015 1/1/5019
f 918/918/3793 1/1/11 8/8/5020
