# Blender 4.2.3 LTS
# www.blender.org
mtllib pineapple_leaves.mtl
o dynamic
v 10887.977539 2170.878418 -2522.152832
v 10868.512695 2153.127686 -2479.731445
v 10886.860352 2171.895264 -2522.267822
v 10889.091797 2169.860352 -2522.035156
v 10861.202148 2158.396240 -2481.031494
v 10885.744141 2172.912598 -2522.383057
v 10853.232422 2162.883057 -2482.955078
v 10874.567383 2146.316895 -2479.710205
v 10890.208008 2168.843506 -2521.920654
v 10879.998047 2138.716797 -2480.322021
v 10848.522461 2134.556885 -2438.927246
v 10859.785156 2121.967529 -2439.116211
v 10869.886719 2107.881104 -2440.647461
v 10834.929688 2144.246338 -2441.458008
v 10820.104492 2152.466309 -2445.315430
v 10826.746094 2113.586914 -2401.157471
v 10807.327148 2127.729248 -2404.936279
v 10786.371094 2139.979004 -2410.816895
v 10843.268555 2095.746582 -2401.695312
v 10858.331055 2075.992676 -2404.357422
v 10803.250977 2090.220703 -2367.017090
v 10778.833008 2108.422607 -2371.977051
v 10752.799805 2124.533447 -2379.844727
v 10824.590820 2067.951172 -2368.005371
v 10844.361328 2043.599243 -2371.928223
v 10749.967773 2085.963135 -2342.987061
v 10720.227539 2105.258789 -2352.694580
v 10688.816406 2082.359863 -2329.708740
v 10803.361328 2038.980591 -2338.503906
v 10827.004883 2011.331177 -2343.747803
v 10806.431641 1979.289429 -2320.097412
v 10778.164062 2064.534424 -2336.979004
v 10779.763672 2008.951050 -2313.920898
v 10754.125977 1978.066284 -2294.831055
v 10782.993164 1947.610229 -2301.140625
v 10751.692383 2036.666138 -2312.013428
v 10720.936523 2060.515625 -2318.735596
v 10724.125000 2006.871948 -2292.905762
v 10691.959961 2032.392456 -2299.814941
v 10658.706055 2056.220459 -2311.104004
v 10696.041992 1975.927124 -2278.450928
v 10727.049805 1946.879272 -2280.372070
v 10757.232422 1916.501831 -2286.706299
v 10663.440430 2002.353638 -2285.401367
v 10630.028320 2027.438110 -2296.764648
v 10668.104492 1944.720825 -2267.364258
v 10699.258789 1916.023804 -2269.598877
v 10729.843750 1886.213257 -2276.542969
v 10635.809570 1971.278198 -2274.566650
v 10602.905273 1996.764526 -2286.482910
v 10670.603516 1885.486206 -2262.473145
v 10700.741211 1856.982788 -2270.178955
v 10640.172852 1913.082642 -2259.818848
v 10669.886719 1829.033325 -2267.129639
v 10609.060547 1939.028931 -2267.259521
v 10577.528320 1964.185669 -2279.761963
v 10554.065430 1929.745972 -2276.102783
v 10640.983398 1855.265259 -2258.933594
v 10637.269531 1802.526001 -2267.034668
v 10612.130859 1880.878784 -2255.962646
v 10583.188477 1905.518188 -2263.408936
v 10532.628906 1893.479858 -2275.119385
v 10558.389648 1870.948608 -2262.861084
v 10513.300781 1855.473267 -2276.428955
v 10610.547852 1825.613403 -2258.833740
v 10602.916992 1777.592407 -2269.513184
v 10534.851562 1835.561646 -2265.440674
v 10495.673828 1816.601440 -2279.742676
v 10584.217773 1848.405640 -2255.754883
v 10579.480469 1796.776733 -2262.000488
v 10567.723633 1753.992554 -2274.185547
v 10556.684570 1815.974243 -2259.119629
v 10512.694336 1800.202515 -2271.090820
v 10479.358398 1777.715210 -2284.788330
v 10548.570312 1769.028931 -2268.324463
v 10532.543945 1731.499634 -2280.689209
v 10492.033203 1765.663452 -2279.797119
v 10463.780273 1739.428101 -2290.074707
v 10472.320312 1732.008423 -2289.415527
v 10530.093750 1784.264038 -2266.093262
v 10504.963867 1753.903442 -2276.795898
v 10480.856445 1724.589722 -2288.758789
v 10489.397461 1717.169800 -2288.100098
v 10518.553711 1742.619263 -2277.753906
v 10497.937500 1709.750122 -2287.440674
v 10747.852539 2193.611816 -2629.959229
v 10714.188477 2182.399170 -2596.214355
v 10746.780273 2193.467529 -2630.977295
v 10748.921875 2193.758057 -2628.944824
v 10708.034180 2180.407959 -2602.376953
v 10745.708984 2193.319580 -2631.988770
v 10702.056641 2177.243896 -2608.619385
v 10681.245117 2170.018066 -2562.961182
v 10670.031250 2166.325439 -2574.528809
v 10659.251953 2160.391846 -2586.358887
v 10720.731445 2182.073242 -2590.209961
v 10749.989258 2193.901123 -2627.927246
v 10727.472656 2180.575684 -2584.260254
v 10693.438477 2169.311279 -2551.910889
v 10706.114258 2166.365234 -2541.058350
v 10667.306641 2153.358398 -2514.754883
v 10685.942383 2149.580811 -2499.543701
v 10649.584961 2154.175537 -2530.497070
v 10642.401367 2134.022217 -2479.514648
v 10666.525391 2129.858154 -2460.758789
v 10618.694336 2111.178711 -2446.929688
v 10647.332031 2106.865479 -2425.723633
v 10628.715820 2080.699707 -2394.739990
v 10619.692383 2134.779541 -2499.264893
v 10633.708008 2149.178711 -2547.463867
v 10618.682617 2141.214844 -2565.029297
v 10599.867188 2128.837158 -2521.164307
v 10581.416016 2119.480469 -2544.098389
v 10591.996094 2111.823242 -2469.654541
v 10569.275391 2105.253662 -2495.548828
v 10548.485352 2095.012207 -2522.959473
v 10520.156250 2067.849365 -2501.911621
v 10596.806641 2084.762695 -2417.578857
v 10542.520508 2078.340820 -2471.183350
v 10567.250977 2085.168213 -2442.383057
v 10577.316406 2054.865234 -2391.931396
v 10546.116211 2054.816162 -2418.082031
v 10611.034180 2051.575195 -2367.956787
v 10520.056641 2048.159912 -2448.624756
v 10496.543945 2038.162476 -2481.299316
v 10528.004883 2021.975464 -2396.323486
v 10559.944336 2022.450317 -2369.637695
v 10594.532227 2019.977661 -2345.286865
v 10501.419922 2015.650513 -2427.703369
v 10477.493164 2006.372925 -2461.393311
v 10512.291016 1988.002075 -2376.627441
v 10544.395508 1988.637817 -2350.277100
v 10579.442383 1986.516968 -2326.536377
v 10486.051758 1981.897583 -2408.251709
v 10462.718750 1973.026733 -2442.505615
v 10530.556641 1953.260376 -2333.863525
v 10565.329102 1951.379517 -2311.579590
v 10499.042969 1952.562622 -2359.051514
v 10551.788086 1914.797729 -2300.250488
v 10473.969727 1946.748413 -2390.146240
v 10452.064453 1938.342163 -2424.234863
v 10445.329102 1902.578491 -2406.217773
v 10518.303711 1916.204956 -2320.385986
v 10538.513672 1876.941528 -2292.405518
v 10488.328125 1915.374634 -2343.636963
v 10465.166016 1910.109497 -2373.284912
v 10442.335938 1865.924683 -2388.187500
v 10459.610352 1872.235962 -2357.625488
v 10442.866211 1828.589478 -2369.904297
v 10507.569336 1877.726685 -2309.858398
v 10525.224609 1838.012573 -2287.860596
v 10457.228516 1833.431519 -2343.147705
v 10446.162109 1790.967896 -2351.864502
v 10480.180664 1876.734985 -2330.470703
v 10498.259766 1838.125366 -2302.269775
v 10512.350586 1798.535278 -2285.914307
v 10474.605469 1836.996460 -2319.629395
v 10457.756836 1794.327759 -2330.314453
v 10451.467773 1753.452759 -2334.550049
v 10490.727539 1798.096313 -2297.459717
v 10500.298828 1759.033325 -2285.891846
v 10460.961914 1755.526245 -2319.584717
v 10457.243164 1716.610718 -2317.510742
v 10465.073242 1717.505493 -2309.708008
v 10471.745117 1796.928833 -2311.392334
v 10471.769531 1757.249878 -2306.068604
v 10472.903320 1718.400513 -2301.905029
v 10480.733398 1719.295532 -2294.102783
v 10485.315430 1758.309692 -2295.317871
v 10488.564453 1720.190308 -2286.299316
v 10989.922852 1919.117554 -2552.516113
v 10979.717773 1888.912476 -2521.967285
v 10989.938477 1920.191040 -2551.491943
v 10989.904297 1918.042847 -2553.537598
v 10978.747070 1895.545288 -2516.212891
v 10989.957031 1921.265991 -2550.470947
v 10976.702148 1902.466187 -2510.741943
v 10978.543945 1882.845337 -2528.301025
v 10989.884766 1916.965210 -2554.556885
v 10976.289062 1877.047241 -2534.922607
v 10967.606445 1859.723755 -2492.308594
v 10965.379883 1848.682251 -2504.045898
v 10961.073242 1838.213989 -2516.391846
v 10965.745117 1872.004028 -2481.833252
v 10961.828125 1884.912720 -2471.966797
v 10951.412109 1832.109741 -2464.081055
v 10948.981445 1849.822144 -2449.258789
v 10943.844727 1868.577759 -2435.470459
v 10948.452148 1816.471313 -2481.008301
v 10942.749023 1801.812866 -2498.950439
v 10928.346680 1828.886841 -2419.079834
v 10922.526367 1852.895874 -2402.117432
v 10931.082031 1806.364624 -2437.554932
v 10927.661133 1786.836548 -2459.070557
v 10921.116211 1768.757690 -2482.055664
v 10903.861328 1809.026733 -2391.857910
v 10897.735352 1837.246704 -2372.748047
v 10869.713867 1821.911743 -2347.481934
v 10903.051758 1760.384888 -2438.081543
v 10896.078125 1739.953003 -2465.127686
v 10906.720703 1782.745972 -2412.971436
v 10867.879883 1715.518677 -2448.455566
v 10878.411133 1761.832886 -2390.919434
v 10875.663086 1790.733765 -2368.016846
v 10874.761719 1737.535278 -2418.538086
v 10846.439453 1744.129761 -2371.931885
v 10844.070312 1774.467651 -2347.889160
v 10838.847656 1807.196655 -2326.325928
v 10843.114258 1718.599243 -2400.927979
v 10836.914062 1695.451782 -2432.360840
v 10812.104492 1729.032349 -2355.412354
v 10810.157227 1759.937866 -2330.972168
v 10805.761719 1793.317749 -2309.075928
v 10809.180664 1703.055298 -2384.965332
v 10803.795898 1679.515991 -2417.067871
v 10776.801758 1715.931274 -2340.762207
v 10775.098633 1746.864136 -2316.732178
v 10771.188477 1780.517944 -2295.460205
v 10774.129883 1690.345581 -2370.383301
v 10769.241211 1667.386597 -2402.829346
v 10740.346680 1704.912476 -2328.091797
v 10738.862305 1735.157837 -2305.209473
v 10735.403320 1768.411011 -2285.330566
v 10698.695312 1756.651978 -2278.523193
v 10737.929688 1680.490845 -2357.111328
v 10733.526367 1658.905396 -2389.279053
v 10696.944336 1653.899536 -2376.084473
v 10701.442383 1724.740845 -2296.427002
v 10661.262695 1744.988647 -2274.916748
v 10702.581055 1696.046753 -2317.492432
v 10663.150391 1715.556030 -2290.402832
v 10623.299805 1733.195923 -2274.359375
v 10700.571289 1673.493042 -2345.089844
v 10659.688477 1652.229370 -2363.002686
v 10662.370117 1669.342651 -2334.297363
v 10621.958008 1653.739868 -2349.825928
v 10663.878906 1689.381470 -2309.054688
v 10624.309570 1707.565796 -2287.149902
v 10585.242188 1721.715210 -2276.235107
v 10623.641602 1668.006958 -2324.722412
v 10584.164062 1657.758179 -2336.986084
v 10624.625977 1684.957397 -2302.867188
v 10585.569336 1701.128296 -2286.533447
v 10547.494141 1710.967407 -2279.961914
v 10585.035156 1669.288208 -2316.781738
v 10546.697266 1663.650024 -2324.910156
v 10547.517578 1696.616577 -2288.489014
v 10510.465820 1700.546021 -2284.155029
v 10510.340820 1692.925659 -2291.393066
v 10585.587891 1682.953491 -2299.188721
v 10547.427734 1683.580200 -2298.329590
v 10510.210938 1685.305054 -2298.633789
v 10510.082031 1677.685181 -2305.874023
v 10547.123047 1673.023804 -2310.900391
v 10509.956055 1670.064331 -2313.111572
v 10935.821289 2018.458374 -2427.231934
v 10955.396484 2028.864380 -2469.530273
v 10942.094727 2010.869751 -2428.898438
v 10956.145508 2027.498413 -2470.056396
v 10947.453125 2003.056274 -2431.299072
v 10956.893555 2026.131470 -2470.583252
v 10926.480469 1994.214478 -2389.407715
v 10957.642578 2024.765259 -2471.108887
v 10914.804688 2008.152710 -2386.562256
v 10951.001953 1994.796753 -2435.186279
v 10958.391602 2023.398560 -2471.635010
v 10953.643555 1986.304565 -2439.813477
v 10936.416992 1979.893921 -2393.733398
v 10942.936523 1964.826050 -2401.067627
v 10947.744141 1949.364624 -2409.908203
v 10907.553711 1976.548950 -2353.175049
v 10891.272461 1996.750366 -2349.235596
v 10885.433594 1957.547241 -2320.833252
v 10865.518555 1983.384155 -2316.039062
v 10921.586914 1955.974731 -2359.329102
v 10837.954102 1967.198120 -2287.710449
v 10931.197266 1934.702271 -2369.984131
v 10938.589844 1913.063110 -2382.883545
v 10902.860352 1931.470581 -2328.547119
v 10860.391602 1936.902954 -2292.944824
v 10808.743164 1948.570679 -2264.521973
v 10915.353516 1904.999634 -2342.163818
v 10925.367188 1878.330200 -2358.716064
v 10895.092773 1876.337524 -2317.738525
v 10907.339844 1846.130249 -2337.293457
v 10884.735352 1816.578003 -2318.913574
v 10880.280273 1906.587769 -2301.749756
v 10870.567383 1849.025513 -2297.346924
v 10842.172852 1823.365356 -2281.513672
v 10858.009766 1789.743286 -2303.816895
v 10853.970703 1881.760132 -2279.752441
v 10832.561523 1915.048218 -2270.145264
v 10824.261719 1857.453979 -2263.201416
v 10802.239258 1892.496948 -2252.895996
v 10778.141602 1927.998169 -2246.582275
v 10792.262695 1833.827759 -2250.970215
v 10810.926758 1799.405640 -2269.491699
v 10827.926758 1765.614868 -2291.967041
v 10770.280273 1869.598267 -2240.338379
v 10746.602539 1906.062378 -2233.641113
v 10759.178711 1811.077271 -2241.888428
v 10777.977539 1777.199341 -2260.501709
v 10795.419922 1744.143921 -2283.294434
v 10737.628906 1846.762573 -2231.545410
v 10714.638672 1883.423462 -2225.321777
v 10724.988281 1789.230835 -2236.108643
v 10743.384766 1756.826782 -2254.473145
v 10760.734375 1725.433960 -2277.291992
v 10724.155273 1709.560913 -2273.477295
v 10704.414062 1823.939575 -2226.496094
v 10682.641602 1859.930054 -2221.228271
v 10650.997070 1835.472778 -2220.943848
v 10707.245117 1738.343872 -2251.314941
v 10685.907227 1696.575317 -2271.503174
v 10689.708984 1768.322876 -2233.745850
v 10670.777344 1801.099243 -2225.126221
v 10619.983398 1809.981079 -2224.156738
v 10669.952148 1721.908325 -2250.865967
v 10646.217773 1686.477905 -2271.034180
v 10637.129883 1778.369019 -2227.293701
v 10589.854492 1783.420776 -2230.551270
v 10653.814453 1748.566772 -2234.727783
v 10631.904297 1707.656372 -2252.979492
v 10605.946289 1678.708618 -2272.095459
v 10603.868164 1755.879761 -2232.841309
v 10560.652344 1756.598511 -2239.561035
v 10617.789062 1730.177124 -2238.991943
v 10594.017578 1695.569458 -2257.740234
v 10565.876953 1672.728394 -2274.723145
v 10571.483398 1734.317261 -2241.552979
v 10532.409180 1730.276245 -2250.683105
v 10582.460938 1713.587769 -2246.570557
v 10557.090820 1685.638306 -2265.304932
v 10526.534180 1667.508667 -2277.710205
v 10521.149414 1676.767456 -2273.842285
v 10540.411133 1714.318970 -2253.323730
v 10504.995117 1704.543823 -2262.238037
v 10510.379883 1695.285522 -2266.107422
v 10548.550781 1699.216919 -2257.624023
v 10515.765625 1686.026245 -2269.973877
v 10687.615234 2075.174072 -2792.218262
v 10646.301758 2055.480713 -2772.858398
v 10688.057617 2073.834229 -2793.023926
v 10644.881836 2062.784180 -2766.262695
v 10648.340820 2047.845825 -2778.561768
v 10688.499023 2072.492188 -2793.828369
v 10605.908203 2037.394165 -2751.785400
v 10603.556641 2050.968262 -2739.421143
v 10688.939453 2071.150146 -2794.631104
v 10568.391602 2018.581421 -2728.402588
v 10565.330078 2038.537231 -2710.980713
v 10609.557617 2023.245728 -2762.442383
v 10651.628906 2039.531616 -2782.518555
v 10689.380859 2069.807129 -2795.434326
v 10655.538086 2030.847534 -2785.590576
v 10615.858398 2007.911987 -2769.774902
v 10623.479492 1991.914185 -2775.428711
v 10573.516602 1998.002075 -2743.595459
v 10582.833008 1976.142700 -2754.440430
v 10594.216797 1953.544800 -2763.075684
v 10534.453125 1998.644897 -2702.821289
v 10530.967773 2024.490845 -2681.258789
v 10540.789062 1972.256714 -2721.874268
v 10552.882812 1944.779907 -2735.989990
v 10567.811523 1916.675415 -2747.589111
v 10504.715820 1977.172485 -2675.256836
v 10501.199219 2007.795044 -2650.666992
v 10476.381836 1988.663940 -2619.269043
v 10526.258789 1914.448853 -2713.979004
v 10544.250977 1882.312866 -2728.063965
v 10523.887695 1850.612671 -2704.580322
v 10511.850586 1946.167358 -2697.223389
v 10503.730469 1885.427368 -2688.400635
v 10485.942383 1857.971802 -2659.435303
v 10507.006836 1821.656128 -2677.421631
v 10487.681641 1920.077515 -2669.602051
v 10479.958008 1954.459106 -2645.709961
v 10469.099609 1894.350708 -2639.128174
v 10460.780273 1930.880981 -2614.290527
v 10456.719727 1967.450562 -2587.192383
v 10455.020508 1869.178833 -2606.723633
v 10446.405273 1906.773071 -2581.688965
v 10442.067383 1944.635132 -2554.725586
v 10472.194336 1832.171753 -2627.919434
v 10493.617188 1795.444458 -2647.158936
v 10444.257812 1844.814575 -2573.478760
v 10461.688477 1808.123901 -2594.862549
v 10483.664062 1771.916870 -2614.530273
v 10435.925781 1882.546265 -2548.704102
v 10432.144531 1920.809692 -2522.208984
v 10437.025391 1821.183228 -2539.173828
v 10454.398438 1785.841431 -2560.113281
v 10476.657227 1751.186646 -2579.596680
v 10472.096680 1733.331177 -2542.470947
v 10429.375000 1858.048218 -2515.302246
v 10426.584961 1895.734985 -2489.912109
v 10424.975586 1869.230835 -2458.109131
v 10450.258789 1765.328003 -2523.587402
v 10469.607422 1718.388306 -2503.247314
v 10433.492188 1798.222290 -2503.637207
v 10426.737305 1833.158325 -2481.474365
v 10427.007812 1841.176147 -2426.999756
v 10449.134766 1746.717407 -2485.522949
v 10468.808594 1706.347290 -2462.064209
v 10427.889648 1807.942749 -2447.501709
v 10432.318359 1811.495483 -2396.757080
v 10450.840820 1730.116089 -2446.218750
v 10469.631836 1696.569214 -2419.805664
v 10433.632812 1776.101685 -2467.190430
v 10432.662109 1782.500366 -2413.682373
v 10440.299805 1781.070923 -2367.318604
v 10437.368164 1755.000366 -2430.201416
v 10455.396484 1715.469360 -2406.576904
v 10471.986328 1688.422729 -2377.331299
v 10440.788086 1757.557739 -2380.433350
v 10450.350586 1750.751099 -2338.612549
v 10462.834961 1702.727905 -2367.469482
v 10474.615234 1680.916870 -2335.366943
v 10471.148438 1690.910034 -2329.159912
v 10444.670898 1735.360718 -2393.465576
v 10455.578125 1717.609741 -2357.729980
v 10467.681641 1700.903442 -2322.951660
v 10464.211914 1710.895386 -2316.740967
v 10452.042969 1733.811890 -2348.161377
v 10460.745117 1720.890747 -2310.531250
v 10750.775391 1855.067261 -2706.413574
v 10760.451172 1892.863159 -2722.731934
v 10744.811523 1856.325806 -2713.122803
v 10759.303711 1893.406616 -2723.244873
v 10730.085938 1820.278198 -2701.444580
v 10738.481445 1858.538940 -2717.966309
v 10758.159180 1893.948364 -2723.756592
v 10741.170898 1818.394409 -2689.193848
v 10757.013672 1894.487915 -2724.265137
v 10714.309570 1786.543091 -2686.056641
v 10730.809570 1784.190308 -2669.960449
v 10719.083984 1753.155396 -2648.867188
v 10731.390625 1862.673218 -2719.114014
v 10755.863281 1895.028198 -2724.775391
v 10723.892578 1867.769653 -2718.403809
v 10705.618164 1831.861206 -2712.379639
v 10692.147461 1841.581421 -2711.083496
v 10679.522461 1803.020386 -2701.614990
v 10661.140625 1817.161255 -2701.087402
v 10718.440430 1824.108521 -2710.282227
v 10631.690430 1794.522827 -2687.922119
v 10697.373047 1791.827759 -2697.970459
v 10653.845703 1776.511597 -2686.923096
v 10604.631836 1773.631714 -2671.121582
v 10697.514648 1755.826538 -2667.392334
v 10705.353516 1725.955688 -2626.109375
v 10675.811523 1762.320923 -2681.517822
v 10679.688477 1728.750122 -2645.950928
v 10689.950195 1702.865112 -2601.767822
v 10629.338867 1752.599243 -2668.467041
v 10580.067383 1754.876099 -2650.870361
v 10654.264648 1736.104126 -2661.493164
v 10661.262695 1705.737427 -2622.040527
v 10642.674805 1687.067749 -2596.076416
v 10673.286133 1684.050415 -2575.976318
v 10633.170898 1713.674438 -2638.316162
v 10606.317383 1731.755737 -2646.604980
v 10612.961914 1695.396362 -2612.561768
v 10585.053711 1714.351685 -2621.835938
v 10558.038086 1738.597046 -2627.474854
v 10593.666016 1680.746704 -2584.867432
v 10565.515625 1700.092407 -2594.771240
v 10538.494141 1724.910278 -2601.463623
v 10624.134766 1672.341675 -2568.572021
v 10655.776367 1669.403442 -2549.060059
v 10575.336914 1669.149292 -2555.952881
v 10605.882812 1661.082642 -2540.112549
v 10637.910156 1658.719849 -2521.395264
v 10547.656250 1688.641968 -2566.133057
v 10521.347656 1713.884644 -2573.477783
v 10558.059570 1660.995483 -2525.617432
v 10587.887695 1653.473267 -2510.651367
v 10619.480469 1651.745483 -2493.226318
v 10531.572266 1680.128784 -2535.818115
v 10506.654297 1705.145630 -2543.641846
v 10541.924805 1656.624390 -2493.724609
v 10570.147461 1649.657837 -2480.188232
v 10600.331055 1648.198120 -2464.802979
v 10580.332031 1647.866089 -2436.305420
v 10517.342773 1674.651245 -2503.785400
v 10494.439453 1698.318726 -2512.122070
v 10484.715820 1693.126587 -2479.037842
v 10552.592773 1649.149048 -2449.180908
v 10559.403320 1650.518433 -2407.912598
v 10526.897461 1655.411499 -2460.876953
v 10504.954102 1671.697388 -2470.469971
v 10477.472656 1689.299438 -2444.527344
v 10535.173828 1651.465454 -2418.092285
v 10538.159180 1655.675171 -2379.735107
v 10494.390625 1670.771606 -2436.319580
v 10472.202148 1686.899048 -2409.213379
v 10512.956055 1656.748413 -2427.675537
v 10518.525391 1656.701782 -2387.336670
v 10517.213867 1662.879272 -2351.886230
v 10485.689453 1672.245239 -2402.011475
v 10468.411133 1685.982300 -2373.697510
v 10503.253906 1664.981079 -2357.315186
v 10496.611328 1670.654663 -2324.464844
v 10488.750000 1674.375610 -2327.978760
v 10500.573242 1661.082642 -2394.753906
v 10490.227539 1668.899292 -2362.724854
v 10480.891602 1678.096313 -2331.491211
v 10473.029297 1681.817017 -2335.004639
v 10478.922852 1676.499146 -2368.189697
v 10465.170898 1685.537964 -2338.516113
v 10819.911133 2128.372070 -2276.351807
v 10849.023438 2138.606934 -2300.440430
v 10827.974609 2125.346680 -2272.497314
v 10850.077148 2137.660645 -2300.340820
v 10804.741211 2111.287842 -2247.145264
v 10835.084961 2121.085449 -2270.288330
v 10851.133789 2136.718262 -2300.243164
v 10790.170898 2116.800049 -2254.471436
v 10852.187500 2135.771973 -2300.144043
v 10779.649414 2093.857666 -2225.986572
v 10760.018555 2102.739014 -2236.048340
v 10730.185547 2085.709473 -2221.148682
v 10840.310547 2114.365967 -2271.382080
v 10853.242188 2134.826660 -2300.043457
v 10844.594727 2106.411865 -2274.130127
v 10827.168945 2091.436768 -2245.189209
v 10835.045898 2077.100098 -2250.570557
v 10817.622070 2103.561279 -2242.984863
v 10811.397461 2065.894043 -2223.303955
v 10823.518555 2046.821655 -2230.691406
v 10793.047852 2038.444946 -2205.824951
v 10809.420898 2016.195679 -2214.625977
v 10797.395508 2082.417969 -2220.276611
v 10792.208984 1985.870728 -2202.434814
v 10753.421875 2073.214600 -2209.090820
v 10701.422852 2065.296143 -2209.767822
v 10774.945312 2058.262695 -2202.236084
v 10726.865234 2049.636719 -2196.383545
v 10700.408203 2023.785522 -2187.804443
v 10673.882812 2042.018921 -2201.876953
v 10750.935547 2031.865356 -2188.768799
v 10772.266602 2009.914917 -2192.714844
v 10725.965820 2003.922729 -2179.793213
v 10749.635742 1980.816772 -2183.888672
v 10772.353516 1956.057739 -2194.038574
v 10700.715820 1975.240601 -2175.098389
v 10725.828125 1951.720825 -2179.147949
v 10750.418945 1926.974731 -2189.283691
v 10674.514648 1996.439575 -2183.185059
v 10647.707031 2016.494751 -2197.369873
v 10675.549805 1946.324097 -2173.750000
v 10649.421875 1968.212036 -2181.799561
v 10623.024414 1989.435913 -2195.926025
v 10701.350586 1923.010376 -2177.747559
v 10727.048828 1898.871948 -2187.800293
v 10650.823242 1917.672729 -2174.830322
v 10625.361328 1939.727417 -2182.925781
v 10599.944336 1961.588745 -2197.201172
v 10676.715820 1895.057495 -2178.938721
v 10702.928711 1871.992554 -2189.194580
v 10626.603516 1889.331177 -2178.729736
v 10602.428711 1911.012085 -2186.696045
v 10578.600586 1932.963501 -2200.805664
v 10651.942383 1867.958374 -2182.861572
v 10678.022461 1846.515503 -2193.106201
v 10602.952148 1861.346558 -2185.815918
v 10580.704102 1882.088989 -2193.236084
v 10559.113281 1903.576782 -2206.391602
v 10541.553711 1873.412964 -2213.733154
v 10627.059570 1841.797241 -2189.655762
v 10652.287109 1822.581177 -2199.189209
v 10625.687500 1800.290405 -2207.238281
v 10560.349609 1853.145386 -2202.023682
v 10525.976562 1842.455933 -2222.634033
v 10602.168945 1816.798462 -2198.794678
v 10598.174805 1779.713013 -2217.064209
v 10541.497070 1824.333130 -2212.584717
v 10512.061523 1811.308960 -2232.948486
v 10580.061523 1834.007690 -2195.411865
v 10577.366211 1793.161987 -2209.818115
v 10570.377930 1760.637329 -2228.452393
v 10558.094727 1807.558960 -2206.911133
v 10524.329102 1796.339233 -2225.167236
v 10499.502930 1780.521851 -2244.564453
v 10553.313477 1771.153442 -2222.933594
v 10542.863281 1742.844849 -2241.222168
v 10509.006836 1769.775269 -2240.104980
v 10487.666016 1750.243774 -2256.488037
v 10494.696289 1744.135864 -2255.944092
v 10537.610352 1782.618530 -2220.743408
v 10519.119141 1759.738647 -2237.465088
v 10501.724609 1738.028198 -2255.403564
v 10508.755859 1731.919556 -2254.861328
v 10530.609375 1751.005737 -2238.438721
v 10515.783203 1725.811890 -2254.320801
v 10959.768555 1821.275757 -2630.262207
v 10966.083984 1851.490601 -2667.518311
v 10959.755859 1814.493774 -2637.811035
v 10965.423828 1850.793579 -2668.698975
v 10952.090820 1792.937622 -2592.853271
v 10964.760742 1850.093872 -2669.876709
v 10952.188477 1780.058472 -2606.652100
v 10941.043945 1767.406860 -2555.993164
v 10957.793945 1809.045044 -2645.078857
v 10964.098633 1849.393921 -2671.054199
v 10939.853516 1748.875122 -2575.074707
v 10925.930664 1744.645142 -2520.625244
v 10948.649414 1769.844604 -2619.997803
v 10951.958008 1806.261353 -2651.838379
v 10963.435547 1848.694702 -2672.231689
v 10944.162109 1804.797974 -2658.347412
v 10937.903320 1764.975952 -2632.585693
v 10923.499023 1762.751099 -2644.798340
v 10934.139648 1734.210815 -2593.904541
v 10919.464844 1727.347534 -2612.385498
v 10900.264648 1724.349487 -2630.679932
v 10896.975586 1694.201294 -2591.111084
v 10874.633789 1690.483032 -2615.183105
v 10846.896484 1661.973022 -2597.481934
v 10922.637695 1721.296753 -2543.831055
v 10906.133789 1724.521606 -2487.728027
v 10914.549805 1702.817749 -2567.229980
v 10900.625977 1697.521362 -2513.744385
v 10881.905273 1707.382690 -2457.496094
v 10870.979492 1666.218872 -2568.654053
v 10817.191406 1639.052368 -2577.869629
v 10890.431641 1676.156860 -2540.472412
v 10874.264648 1677.957153 -2485.207031
v 10844.260742 1662.854370 -2458.608643
v 10853.697266 1693.494751 -2430.058350
v 10862.323242 1654.664429 -2514.125488
v 10841.882812 1643.765015 -2545.438477
v 10831.032227 1638.555054 -2488.729492
v 10810.290039 1626.984253 -2521.988525
v 10785.776367 1621.777222 -2556.764648
v 10797.416016 1627.026733 -2464.319824
v 10776.912109 1615.218140 -2498.534180
v 10753.133789 1609.839478 -2534.658936
v 10811.466797 1651.703735 -2433.934570
v 10822.266602 1682.838257 -2405.424561
v 10762.438477 1619.223755 -2440.959229
v 10776.846680 1643.930786 -2411.150879
v 10788.514648 1675.329224 -2383.550537
v 10742.549805 1607.716431 -2475.366943
v 10719.824219 1602.799194 -2512.143066
v 10726.065430 1615.490112 -2418.863281
v 10740.458008 1639.582397 -2390.448730
v 10752.696289 1670.432739 -2364.510254
v 10707.319336 1604.590698 -2452.557861
v 10686.240234 1600.261597 -2489.034912
v 10688.320312 1616.109253 -2398.261230
v 10702.402344 1638.671265 -2371.995850
v 10715.092773 1667.624878 -2348.339844
v 10675.920898 1666.527466 -2335.068115
v 10671.365234 1605.898315 -2430.205811
v 10652.769531 1601.817017 -2465.200195
v 10619.690430 1607.152710 -2440.551025
v 10663.258789 1640.507935 -2355.789062
v 10635.409180 1666.784790 -2324.691162
v 10649.967773 1620.234741 -2379.132080
v 10635.288086 1610.972534 -2408.264648
v 10587.263672 1615.948364 -2415.032227
v 10623.580078 1644.448608 -2341.816162
v 10594.351562 1668.455688 -2316.685791
v 10599.652344 1619.182739 -2386.714355
v 10555.608398 1627.545532 -2389.394775
v 10611.721680 1627.080200 -2361.463623
v 10584.226562 1650.825806 -2330.276855
v 10553.485352 1671.609985 -2310.562744
v 10564.972656 1630.494019 -2366.417725
v 10524.820312 1641.340210 -2364.363037
v 10545.959961 1660.035522 -2321.420898
v 10513.352539 1675.174194 -2305.135254
v 10508.733398 1670.296997 -2313.803711
v 10574.385742 1637.015259 -2345.997803
v 10538.648438 1650.516724 -2333.498779
v 10504.114258 1665.420532 -2322.473633
v 10499.497070 1660.540894 -2331.136963
v 10531.681641 1644.959351 -2348.219727
v 10494.877930 1655.664917 -2339.806396
v 10738.831055 2215.821289 -2470.096924
v 10715.060547 2205.213135 -2435.151855
v 10737.426758 2216.364014 -2470.826172
v 10740.232422 2215.279785 -2469.370605
v 10706.655273 2207.407471 -2439.923340
v 10736.022461 2216.903320 -2471.550049
v 10698.081055 2208.592285 -2445.176025
v 10723.168945 2201.017334 -2431.347168
v 10741.636719 2214.737061 -2468.641602
v 10731.126953 2195.805908 -2428.011719
v 10691.496094 2192.956299 -2401.551270
v 10706.379883 2185.204102 -2394.714111
v 10721.045898 2175.526611 -2388.874268
v 10676.170898 2196.919189 -2410.435059
v 10660.587891 2198.977051 -2420.341064
v 10667.889648 2177.077148 -2370.304932
v 10646.253906 2182.968018 -2383.153564
v 10624.446289 2186.364014 -2397.620850
v 10689.290039 2166.246826 -2360.722412
v 10710.551758 2152.899170 -2352.729736
v 10671.636719 2144.270020 -2329.980469
v 10698.817383 2128.113037 -2320.346680
v 10644.515625 2157.588867 -2341.832031
v 10653.146484 2119.503418 -2303.036377
v 10684.991211 2101.432129 -2292.442627
v 10617.571289 2165.313232 -2358.202148
v 10590.672852 2170.211670 -2376.805420
v 10590.786133 2143.802490 -2335.619629
v 10560.295898 2150.032959 -2357.609131
v 10621.610352 2134.593994 -2316.457275
v 10533.393555 2126.075928 -2340.328125
v 10599.609375 2108.167236 -2294.913574
v 10634.231445 2092.032959 -2280.415283
v 10669.422852 2073.009033 -2269.182861
v 10566.203125 2118.570312 -2315.994141
v 10544.047852 2089.915283 -2299.827393
v 10509.939453 2098.734131 -2325.211670
v 10578.918945 2078.536865 -2277.795166
v 10615.346680 2062.084473 -2262.516602
v 10652.530273 2043.073120 -2250.594727
v 10559.487305 2046.822144 -2264.186035
v 10524.180664 2058.817383 -2286.556152
v 10489.776367 2068.646973 -2312.326416
v 10596.651367 2030.515259 -2248.616699
v 10634.758789 2012.026978 -2236.428467
v 10541.258789 2014.226196 -2253.134033
v 10506.443359 2026.355103 -2275.589844
v 10472.696289 2036.567017 -2301.706543
v 10578.345703 1998.265503 -2237.939209
v 10616.612305 1980.344360 -2226.344727
v 10524.221680 1980.547974 -2244.775635
v 10560.294922 1965.296265 -2230.484863
v 10597.817383 1948.295532 -2220.050537
v 10578.148438 1916.153687 -2217.238037
v 10490.841797 1992.437622 -2266.863770
v 10458.704102 2002.657349 -2292.914795
v 10447.788086 1967.104858 -2285.529297
v 10542.390625 1931.590942 -2226.236816
v 10557.435547 1884.107544 -2217.672852
v 10508.336914 1945.614868 -2239.224609
v 10477.370117 1957.005249 -2260.300049
v 10439.928711 1930.039917 -2279.236084
v 10524.645508 1897.435425 -2225.125244
v 10535.553711 1852.333618 -2221.098145
v 10466.090820 1920.321899 -2255.801514
v 10435.067383 1891.617798 -2273.749512
v 10493.715820 1909.758667 -2236.484375
v 10507.082031 1863.118286 -2227.053467
v 10513.231445 1820.947144 -2226.927979
v 10457.048828 1882.679810 -2253.271973
v 10432.500000 1852.507446 -2269.228760
v 10480.448242 1873.339478 -2236.549072
v 10490.266602 1829.128540 -2231.827637
v 10491.170898 1790.058472 -2234.603516
v 10450.069336 1844.843384 -2252.890137
v 10431.578125 1813.357544 -2265.829834
v 10468.823242 1837.101440 -2239.512207
v 10474.728516 1795.920288 -2239.305908
v 10469.511719 1759.767456 -2242.641602
v 10459.939453 1763.509644 -2247.658203
v 10445.014648 1807.537720 -2254.876221
v 10431.221680 1774.737915 -2262.706543
v 10440.793945 1770.994751 -2257.689697
v 10459.118164 1801.734009 -2245.532227
v 10450.366211 1767.252563 -2252.674316
v 10960.086914 1722.101929 -2448.548828
v 10973.410156 1733.545044 -2481.591553
v 10961.903320 1714.058228 -2453.993652
v 10973.086914 1732.571899 -2482.703125
v 10947.885742 1697.319214 -2426.032959
v 10961.877930 1707.222534 -2459.945557
v 10972.766602 1731.600464 -2483.817139
v 10944.661133 1712.056274 -2416.434326
v 10972.446289 1730.630005 -2484.931396
v 10928.756836 1683.327271 -2399.587891
v 10925.756836 1703.803833 -2386.369873
v 10903.292969 1696.868286 -2359.111816
v 10958.168945 1702.806030 -2466.912598
v 10972.125977 1729.658813 -2486.044678
v 10952.612305 1699.593628 -2474.385010
v 10941.120117 1677.047241 -2449.343018
v 10931.116211 1671.503296 -2463.038086
v 10919.201172 1654.874146 -2432.337891
v 10906.633789 1646.890991 -2451.841553
v 10947.807617 1684.882202 -2436.662109
v 10879.470703 1626.385864 -2440.270996
v 10927.867188 1665.973511 -2414.388184
v 10893.120117 1636.607544 -2415.797119
v 10850.021484 1610.547729 -2427.822998
v 10863.755859 1622.458374 -2399.615967
v 10818.770508 1599.163208 -2414.871582
v 10902.912109 1650.517456 -2393.399902
v 10905.027344 1671.839966 -2375.204590
v 10877.288086 1690.757935 -2335.387939
v 10877.384766 1662.534790 -2353.401367
v 10848.318359 1685.626099 -2315.156006
v 10874.016602 1638.420776 -2373.957031
v 10842.165039 1629.625122 -2356.340332
v 10831.918945 1612.287231 -2384.137695
v 10846.688477 1655.460815 -2334.323975
v 10808.486328 1623.987915 -2340.809570
v 10798.535156 1605.862183 -2369.725830
v 10786.268555 1591.926636 -2401.823975
v 10813.922852 1650.613403 -2318.067383
v 10817.065430 1681.626587 -2298.323975
v 10773.835938 1620.851196 -2327.085938
v 10764.381836 1602.535278 -2356.353027
v 10753.170898 1588.345825 -2389.021240
v 10779.946289 1647.603638 -2304.316650
v 10784.342773 1678.772339 -2284.653809
v 10739.045898 1619.589478 -2314.901367
v 10730.219727 1601.670532 -2344.010986
v 10720.140625 1587.898560 -2376.818848
v 10745.605469 1646.064331 -2292.753174
v 10750.982422 1677.084595 -2273.881348
v 10696.194336 1603.369019 -2332.807373
v 10687.452148 1590.371460 -2364.997070
v 10704.203125 1620.456665 -2304.543213
v 10655.334961 1595.564575 -2353.349854
v 10711.022461 1646.044067 -2283.552734
v 10717.207031 1676.216675 -2265.943359
v 10662.440430 1607.736694 -2322.866455
v 10623.929688 1603.377075 -2341.748535
v 10669.384766 1623.695190 -2296.287354
v 10676.313477 1647.606567 -2276.879883
v 10683.204102 1675.854370 -2260.765625
v 10649.081055 1675.796265 -2258.322754
v 10629.320312 1614.434204 -2313.973877
v 10593.342773 1613.730103 -2330.080322
v 10641.830078 1650.372192 -2272.570801
v 10614.912109 1675.868530 -2258.589844
v 10635.069336 1628.848267 -2289.893799
v 10597.134766 1623.176636 -2305.939453
v 10563.702148 1626.131470 -2318.811035
v 10607.857422 1654.004517 -2270.472168
v 10581.108398 1676.363892 -2261.107178
v 10601.649414 1635.516479 -2285.143555
v 10566.347656 1633.971313 -2299.377197
v 10535.087891 1640.153687 -2308.379395
v 10575.002930 1658.911743 -2270.724609
v 10548.022461 1677.581421 -2265.466309
v 10569.793945 1644.056519 -2282.596924
v 10537.319336 1646.916382 -2294.895508
v 10507.266602 1654.699341 -2298.390625
v 10509.360352 1660.777954 -2291.438721
v 10543.765625 1665.553589 -2273.530273
v 10515.651367 1679.041870 -2270.540039
v 10513.553711 1672.947876 -2277.510742
v 10540.031250 1654.924927 -2282.855957
v 10511.458984 1666.861450 -2284.477539
v 10879.442383 1853.706665 -2784.406738
v 10860.318359 1812.204224 -2767.990479
v 10880.663086 1853.494019 -2783.519531
v 10878.223633 1853.919067 -2785.291260
v 10867.153320 1811.656616 -2761.940918
v 10881.884766 1853.281372 -2782.632324
v 10873.562500 1811.823120 -2755.108154
v 10852.624023 1814.190552 -2772.503662
v 10877.003906 1854.131470 -2786.178955
v 10844.471680 1816.893433 -2776.252441
v 10840.756836 1772.529663 -2750.534180
v 10826.516602 1776.375610 -2758.845947
v 10811.430664 1781.716187 -2765.694580
v 10853.401367 1771.689331 -2739.305420
v 10865.252930 1772.335083 -2726.573975
v 10819.789062 1736.199097 -2730.348389
v 10838.166992 1735.154175 -2714.396729
v 10855.574219 1736.410278 -2696.501465
v 10799.472656 1741.897095 -2742.518311
v 10778.137695 1749.907837 -2752.786377
v 10797.427734 1703.763306 -2707.317871
v 10820.971680 1702.632935 -2687.384277
v 10843.511719 1704.611450 -2665.297852
v 10771.916016 1711.181030 -2723.037598
v 10745.377930 1721.712280 -2736.620361
v 10801.381836 1674.611206 -2658.558838
v 10828.065430 1677.432251 -2633.471924
v 10809.446289 1655.176147 -2601.151611
v 10744.344727 1684.549927 -2700.012207
v 10714.018555 1697.304565 -2716.356934
v 10684.193359 1676.998413 -2692.176758
v 10773.758789 1675.670288 -2681.455811
v 10716.970703 1662.741577 -2673.570801
v 10690.022461 1646.328979 -2644.040771
v 10656.005859 1661.005249 -2664.480225
v 10749.022461 1652.865356 -2652.860596
v 10779.621094 1651.825073 -2628.039307
v 10723.541992 1636.102417 -2621.803711
v 10756.059570 1634.822876 -2596.047607
v 10788.038086 1638.001587 -2568.527100
v 10697.741211 1624.146118 -2589.166504
v 10663.776367 1634.463989 -2612.255127
v 10629.542969 1649.214722 -2633.912842
v 10731.203125 1622.715210 -2563.252197
v 10764.397461 1625.719604 -2535.909424
v 10672.124023 1615.675415 -2555.943848
v 10638.529297 1626.202515 -2579.187012
v 10604.869141 1641.417847 -2601.280273
v 10705.668945 1614.506714 -2530.395752
v 10739.210938 1618.015259 -2503.652588
v 10614.335938 1621.500610 -2544.758789
v 10582.176758 1637.108521 -2566.654785
v 10646.624023 1610.882690 -2522.017090
v 10561.610352 1635.766235 -2530.148438
v 10679.358398 1610.173218 -2497.507324
v 10712.377930 1614.423950 -2472.032959
v 10683.840820 1614.470581 -2441.319336
v 10591.222656 1620.277710 -2508.934326
v 10543.280273 1636.994995 -2491.849121
v 10621.198242 1609.908325 -2487.284424
v 10652.204102 1609.654175 -2464.620117
v 10653.577148 1617.781128 -2411.697021
v 10624.368164 1612.772095 -2432.034180
v 10621.594727 1623.965454 -2383.324463
v 10569.401367 1622.347290 -2471.978271
v 10527.244141 1640.404663 -2451.893066
v 10596.026367 1619.313354 -2400.056641
v 10588.792969 1632.538696 -2356.082031
v 10596.100586 1612.671509 -2452.105713
v 10549.045898 1627.497192 -2434.197021
v 10513.018555 1645.739136 -2411.147217
v 10571.584961 1619.043091 -2416.870117
v 10567.969727 1629.042603 -2369.076904
v 10556.027344 1643.022583 -2329.845215
v 10530.249023 1635.613159 -2396.487549
v 10500.148438 1652.756470 -2370.453369
v 10540.956055 1641.772583 -2339.458008
v 10523.722656 1653.826050 -2304.325928
v 10514.761719 1655.387085 -2310.837646
v 10548.206055 1628.942505 -2382.355225
v 10526.497070 1642.361938 -2349.293457
v 10505.803711 1656.947632 -2317.347656
v 10496.842773 1658.509155 -2323.859619
v 10513.096680 1646.625122 -2359.703125
v 10487.881836 1660.069702 -2330.372070
v 10569.889648 2229.297119 -2618.012207
v 10606.832031 2236.918945 -2650.851562
v 10577.803711 2230.463379 -2609.148193
v 10605.977539 2236.068604 -2652.248291
v 10550.821289 2222.500977 -2567.245605
v 10605.124023 2235.218262 -2653.644287
v 10535.878906 2220.546143 -2583.559814
v 10526.875977 2210.992188 -2526.128662
v 10563.416992 2226.208008 -2626.605469
v 10604.266602 2234.366211 -2655.038574
v 10505.481445 2206.922363 -2548.907715
v 10505.866211 2195.141602 -2487.001465
v 10523.811523 2214.985840 -2599.443115
v 10559.848633 2219.317871 -2634.743896
v 10603.410156 2233.514160 -2656.432861
v 10557.722656 2210.501953 -2642.661865
v 10517.546875 2202.335938 -2614.685059
v 10514.160156 2186.082275 -2629.616943
v 10488.230469 2198.372803 -2571.494141
v 10479.399414 2181.027832 -2593.927490
v 10474.733398 2159.229004 -2616.271240
v 10446.288086 2155.762451 -2572.270020
v 10440.440430 2130.220215 -2601.600830
v 10412.179688 2099.445801 -2584.555908
v 10479.030273 2188.250244 -2514.968994
v 10487.583008 2174.241211 -2451.101074
v 10457.375977 2176.636963 -2543.242188
v 10456.663086 2164.568604 -2482.721191
v 10472.371094 2148.587891 -2418.662109
v 10418.921875 2127.134277 -2549.497559
v 10390.125000 2067.027344 -2565.395264
v 10431.715820 2150.331299 -2515.216553
v 10438.771484 2136.370361 -2452.595947
v 10425.555664 2104.422363 -2424.981934
v 10460.473633 2118.696289 -2389.800049
v 10411.639648 2120.020508 -2487.930176
v 10397.616211 2095.558105 -2526.031982
v 10397.292969 2086.567627 -2461.928711
v 10382.429688 2061.667480 -2502.396240
v 10374.250977 2033.211304 -2544.539062
v 10387.785156 2050.844238 -2437.204834
v 10416.432617 2069.610596 -2399.803955
v 10451.838867 2085.389404 -2364.462402
v 10372.607422 2026.169312 -2478.810791
v 10364.151367 1998.466187 -2522.496338
v 10382.146484 2013.819702 -2413.775635
v 10410.758789 2032.942505 -2376.956787
v 10446.350586 2049.649414 -2342.516113
v 10367.285156 1989.855103 -2455.557129
v 10359.272461 1963.344604 -2499.899658
v 10380.716797 1975.508667 -2391.843750
v 10408.547852 1994.500854 -2356.626465
v 10443.401367 2011.715454 -2324.019775
v 10366.561523 1952.890991 -2432.682617
v 10359.197266 1928.264771 -2476.513428
v 10383.766602 1935.987671 -2371.626465
v 10409.787109 1954.416138 -2338.964355
v 10442.420898 1971.861206 -2309.000732
v 10442.997070 1930.300659 -2297.466797
v 10370.475586 1915.458618 -2410.258545
v 10363.477539 1893.627075 -2452.146973
v 10371.786133 1859.731079 -2426.685059
v 10413.723633 1913.267456 -2323.929688
v 10444.735352 1887.252075 -2289.384277
v 10390.377930 1896.026489 -2353.062500
v 10378.308594 1878.171265 -2388.206299
v 10383.776367 1826.844849 -2400.054199
v 10419.666992 1871.603638 -2311.465820
v 10447.733398 1843.618286 -2284.064209
v 10389.376953 1841.588501 -2366.457520
v 10398.689453 1795.016968 -2373.127930
v 10399.697266 1856.332886 -2336.084717
v 10427.945312 1830.402222 -2301.674316
v 10452.097656 1800.227905 -2280.844482
v 10403.573242 1806.253296 -2345.936279
v 10415.817383 1764.275513 -2346.739258
v 10412.060547 1817.807739 -2321.410400
v 10438.957031 1790.528931 -2294.700928
v 10456.792969 1757.607544 -2278.393799
v 10450.946289 1751.816528 -2289.010498
v 10420.887695 1772.623413 -2327.517822
v 10433.414062 1734.441528 -2320.854248
v 10439.260742 1740.232544 -2310.237305
v 10427.914062 1781.229858 -2309.765381
v 10445.103516 1746.024292 -2299.623535
v 10721.959961 2038.266479 -2086.616699
v 10745.715820 2051.555420 -2091.437012
v 10727.537109 2035.422485 -2083.120605
v 10746.602539 2050.874512 -2091.350342
v 10708.084961 2018.727661 -2077.029297
v 10732.850586 2032.060669 -2081.119873
v 10747.490234 2050.193115 -2091.263916
v 10698.335938 2023.974976 -2083.323242
v 10748.375000 2049.510498 -2091.174805
v 10688.137695 2000.039185 -2074.510742
v 10675.212891 2008.175171 -2082.473877
v 10653.153320 1990.792114 -2083.895020
v 10737.649414 2027.666626 -2082.116211
v 10749.262695 2048.830078 -2091.087891
v 10742.189453 2022.750122 -2084.608887
v 10726.060547 2004.984253 -2075.236816
v 10734.303711 1996.468384 -2079.740967
v 10713.064453 1981.034790 -2072.014404
v 10725.111328 1970.109253 -2077.481934
v 10717.446289 2012.669312 -2073.436768
v 10714.365234 1944.204224 -2077.752197
v 10700.818359 1991.227173 -2069.912598
v 10698.840820 1956.527222 -2072.024414
v 10701.853516 1919.267456 -2080.453613
v 10668.287109 1979.770874 -2075.100586
v 10632.706055 1971.791870 -2087.413818
v 10683.460938 1968.461792 -2069.945801
v 10649.108398 1958.352417 -2078.306152
v 10630.893555 1936.457642 -2083.767090
v 10613.915039 1951.744751 -2092.813965
v 10665.882812 1945.115845 -2072.903076
v 10683.597656 1932.178345 -2074.826660
v 10648.553711 1921.855103 -2078.337891
v 10667.853516 1908.460083 -2080.032227
v 10688.083984 1895.508179 -2085.341064
v 10631.939453 1899.329224 -2085.817383
v 10652.134766 1885.840210 -2087.270508
v 10673.568359 1873.121704 -2092.163818
v 10613.924805 1914.743286 -2091.132080
v 10596.823242 1931.226440 -2099.896484
v 10616.131836 1877.718384 -2094.758789
v 10598.219727 1893.531860 -2099.919189
v 10581.424805 1910.748169 -2108.365967
v 10636.701172 1864.461792 -2096.037598
v 10658.772461 1852.257690 -2100.587891
v 10601.202148 1857.167114 -2104.635498
v 10583.789062 1873.107300 -2109.690430
v 10567.712891 1890.800171 -2117.968262
v 10621.782227 1844.434204 -2105.871582
v 10644.145508 1833.049683 -2110.306396
v 10587.318359 1837.843872 -2115.732910
v 10570.768555 1853.555786 -2120.595947
v 10555.742188 1871.307495 -2128.566650
v 10545.555664 1852.178833 -2140.056641
v 10607.448242 1825.884644 -2116.924805
v 10629.593750 1815.531860 -2121.195801
v 10615.016602 1799.728149 -2133.163818
v 10559.281250 1834.932983 -2132.809570
v 10537.203125 1833.310181 -2152.422363
v 10574.636719 1819.892700 -2128.368164
v 10549.336914 1817.183960 -2146.146484
v 10530.737305 1814.582642 -2165.671875
v 10593.769531 1808.921997 -2129.382080
v 10600.307617 1785.656128 -2146.206055
v 10580.668945 1793.546265 -2143.056152
v 10585.351562 1773.327759 -2160.338379
v 10563.120117 1803.287964 -2142.264160
v 10540.930664 1800.219116 -2160.438965
v 10525.912109 1796.274536 -2179.803223
v 10568.057617 1779.743530 -2157.788574
v 10570.491211 1762.577759 -2175.490479
v 10552.716797 1787.984009 -2157.183105
v 10534.204102 1784.497925 -2175.815430
v 10522.479492 1778.627319 -2194.825195
v 10556.373047 1767.749634 -2173.669189
v 10556.041992 1753.234741 -2191.609863
v 10529.287109 1770.433716 -2192.443604
v 10519.746094 1761.324097 -2210.287598
v 10525.258789 1757.147827 -2209.764160
v 10543.831055 1774.468140 -2173.296631
v 10536.848633 1763.192505 -2190.856445
v 10530.774414 1752.969360 -2209.240234
v 10536.295898 1748.789429 -2208.718262
v 10546.018555 1757.780640 -2190.842285
v 10541.817383 1744.605103 -2208.193359
v 10928.145508 2000.610962 -2259.441406
v 10911.533203 1990.476929 -2231.750488
v 10927.250977 2001.706177 -2259.311279
v 10929.037109 1999.515991 -2259.571045
v 10904.049805 1995.312622 -2234.176514
v 10917.873047 1984.901245 -2230.929199
v 10893.133789 1979.163696 -2206.382812
v 10929.932617 1998.422729 -2259.704346
v 10879.670898 1987.933960 -2210.989014
v 10871.729492 1965.381958 -2185.093750
v 10853.849609 1978.500366 -2191.121582
v 10904.561523 1969.106079 -2204.809814
v 10827.187500 1966.513550 -2174.817383
v 10921.929688 1977.852905 -2233.328857
v 10930.827148 1997.327515 -2259.834473
v 10924.849609 1970.066772 -2237.338867
v 10911.936523 1956.491333 -2209.325195
v 10917.288086 1942.599487 -2216.889648
v 10898.212891 1933.640503 -2189.352539
v 10906.820312 1915.034058 -2199.648682
v 10892.986328 1888.032349 -2185.636963
v 10887.288086 1950.882202 -2183.140869
v 10880.907227 1909.975464 -2173.388672
v 10875.408203 1862.277222 -2174.818359
v 10860.297852 1886.229126 -2161.302490
v 10854.629883 1837.861206 -2167.193359
v 10866.639648 1930.759644 -2165.911865
v 10848.008789 1949.222534 -2167.980957
v 10800.333008 1951.528931 -2162.266357
v 10822.770508 1930.843140 -2155.021729
v 10773.518555 1934.073120 -2153.455811
v 10843.358398 1909.349976 -2152.975586
v 10796.541992 1910.837769 -2146.166260
v 10769.916992 1889.854370 -2141.244141
v 10746.997070 1914.728394 -2148.283447
v 10818.155273 1887.219604 -2144.251709
v 10791.848633 1864.989380 -2139.546631
v 10837.062500 1862.773071 -2153.038330
v 10812.001953 1840.003540 -2148.454102
v 10831.300781 1814.871460 -2162.701660
v 10764.988281 1842.960083 -2138.051270
v 10785.771484 1818.107056 -2146.926270
v 10806.179688 1793.391968 -2161.072021
v 10743.323242 1868.356323 -2139.603027
v 10721.066406 1894.134155 -2146.413330
v 10738.107422 1821.425903 -2138.974854
v 10717.172852 1846.805298 -2140.580078
v 10696.027344 1872.944946 -2147.476562
v 10759.040039 1797.255493 -2147.839355
v 10780.068359 1773.500366 -2162.020264
v 10711.364258 1800.509155 -2142.631836
v 10691.656250 1825.262085 -2144.279053
v 10672.114258 1851.129028 -2151.133789
v 10731.936523 1777.583130 -2151.280762
v 10753.073242 1755.332397 -2165.186035
v 10725.289062 1739.008667 -2170.239258
v 10666.946289 1803.784790 -2150.783936
v 10649.533203 1828.662964 -2157.071533
v 10628.428711 1805.506714 -2165.094727
v 10704.600586 1759.208374 -2157.339844
v 10696.768555 1724.610229 -2176.975098
v 10684.916992 1780.314575 -2149.304199
v 10677.251953 1742.255737 -2165.537109
v 10667.551758 1712.205200 -2185.217041
v 10659.089844 1760.991333 -2158.394043
v 10643.308594 1782.450073 -2159.627197
v 10608.921875 1781.623169 -2175.035400
v 10650.083008 1726.836548 -2175.456299
v 10638.240234 1701.486938 -2194.870361
v 10620.974609 1761.317261 -2170.396973
v 10590.862305 1757.587524 -2186.657959
v 10634.147461 1742.652222 -2169.357910
v 10623.810547 1713.114624 -2187.301025
v 10609.375977 1692.160522 -2205.874268
v 10600.272461 1741.000854 -2183.220947
v 10574.103516 1733.929810 -2199.778320
v 10610.771484 1725.815796 -2182.528809
v 10599.075195 1701.238647 -2201.353516
v 10580.993164 1683.553589 -2217.308350
v 10575.266602 1690.333374 -2216.322021
v 10581.505859 1722.048706 -2198.316895
v 10558.074219 1710.692017 -2213.363281
v 10563.806641 1703.902466 -2214.348877
v 10589.561523 1710.944458 -2198.345215
v 10569.539062 1697.118286 -2215.336914
v 11002.960938 1825.371460 -2342.254395
v 10990.213867 1806.131470 -2320.583740
v 11002.647461 1826.481323 -2341.493896
v 11003.273438 1824.260376 -2343.014648
v 10987.533203 1812.684204 -2316.734863
v 11002.333984 1827.591675 -2340.734863
v 10983.981445 1819.363647 -2313.430664
v 10991.156250 1799.834106 -2325.528809
v 11003.586914 1823.150513 -2343.774414
v 10991.227539 1793.661255 -2331.020508
v 10975.178711 1787.385864 -2300.277344
v 10976.832031 1776.098755 -2309.273193
v 10976.875977 1765.087036 -2319.339844
v 10970.310547 1799.238647 -2293.437500
v 10963.834961 1811.374390 -2287.672363
v 10956.314453 1769.338013 -2282.247803
v 10949.717773 1786.072388 -2272.698486
v 10941.104492 1803.311157 -2264.716553
v 10958.868164 1753.599976 -2294.916260
v 10959.395508 1738.357300 -2309.141846
v 10933.900391 1752.130249 -2266.563232
v 10926.058594 1772.996704 -2254.800781
v 10916.043945 1794.620972 -2245.040527
v 10937.388672 1732.770142 -2282.316895
v 10938.697266 1714.161011 -2300.065186
v 10899.731445 1759.825317 -2239.978271
v 10888.974609 1784.775757 -2229.088867
v 10912.627930 1714.025024 -2271.301270
v 10914.764648 1693.157349 -2291.737305
v 10908.332031 1735.906128 -2253.255615
v 10871.146484 1746.940552 -2228.395508
v 10880.052734 1721.013794 -2242.664795
v 10860.279297 1774.120483 -2216.741211
v 10885.056641 1697.543823 -2262.179443
v 10888.104492 1675.274536 -2284.332764
v 10849.635742 1707.779907 -2235.072266
v 10840.826172 1734.724731 -2220.149414
v 10830.401367 1763.025024 -2207.817627
v 10855.264648 1683.448853 -2255.218994
v 10859.299805 1660.380249 -2278.012207
v 10818.110352 1695.920776 -2229.681641
v 10809.618164 1723.146118 -2214.562500
v 10799.886719 1751.817993 -2201.981445
v 10824.183594 1671.427368 -2249.935791
v 10829.051758 1648.237915 -2272.819580
v 10786.471680 1685.164917 -2225.722412
v 10778.367188 1712.186646 -2210.972412
v 10769.286133 1740.832153 -2198.866943
v 10792.736328 1661.168091 -2245.869629
v 10798.081055 1638.585327 -2268.801025
v 10766.554688 1631.379028 -2265.667480
v 10747.083984 1701.794556 -2209.434082
v 10738.816406 1729.849976 -2198.304932
v 10708.662109 1718.675903 -2200.130371
v 10760.916016 1652.702271 -2243.021729
v 10734.614258 1626.563110 -2263.150635
v 10754.639648 1675.570923 -2223.359863
v 10728.711914 1646.057251 -2241.399658
v 10702.334961 1624.113159 -2261.078125
v 10722.530273 1667.190063 -2222.748291
v 10696.354492 1641.281616 -2240.984863
v 10669.780273 1623.999634 -2259.298096
v 10715.782227 1691.934937 -2210.008301
v 10678.934570 1707.164185 -2204.254639
v 10690.456055 1660.108765 -2223.947510
v 10684.707031 1682.611938 -2212.703857
v 10649.717773 1695.182983 -2210.588379
v 10664.051758 1638.422974 -2241.770996
v 10637.333984 1625.743286 -2258.035156
v 10654.071289 1673.830688 -2217.539795
v 10621.145508 1683.183228 -2218.731201
v 10658.698242 1654.401245 -2227.024658
v 10632.358398 1637.372925 -2243.988770
v 10605.342773 1628.901978 -2257.517578
v 10624.303711 1665.958374 -2224.430176
v 10593.315430 1671.580688 -2228.315186
v 10627.862305 1650.271118 -2232.130859
v 10601.754883 1638.060181 -2247.902344
v 10573.916016 1632.606567 -2257.238037
v 10571.965820 1639.520874 -2252.506104
v 10595.756836 1659.336792 -2233.341553
v 10566.120117 1660.265259 -2238.309814
v 10568.068359 1653.350708 -2243.042480
v 10598.463867 1647.928101 -2239.476807
v 10570.016602 1646.435913 -2247.774170
v 10480.298828 2060.078369 -2713.289795
v 10447.650391 2042.150757 -2697.851318
v 10480.606445 2058.795410 -2714.181152
v 10479.987305 2061.358887 -2712.394775
v 10450.388672 2034.417114 -2702.384033
v 10480.918945 2057.511719 -2715.070801
v 10454.041992 2026.432983 -2706.234619
v 10446.743164 2049.387207 -2691.951416
v 10479.675781 2062.642334 -2711.505371
v 10446.749023 2056.376221 -2685.365479
v 10417.415039 2023.569214 -2680.819580
v 10415.889648 2036.724243 -2670.080322
v 10416.148438 2049.443115 -2658.074707
v 10422.534180 2009.548706 -2689.045410
v 10429.444336 1995.087036 -2696.012207
v 10391.345703 2003.604858 -2660.554199
v 10398.615234 1983.946411 -2672.429688
v 10408.431641 1963.833374 -2682.756348
v 10389.186523 2022.362183 -2645.590576
v 10389.569336 2040.658569 -2629.078125
v 10378.791016 1958.097534 -2652.333008
v 10391.059570 1933.479126 -2665.864746
v 10369.707031 1982.382202 -2637.190918
v 10363.124023 1932.551147 -2628.667236
v 10377.316406 1904.871216 -2644.830322
v 10367.315430 1878.100708 -2620.156006
v 10366.998047 2005.990112 -2618.844482
v 10367.476562 2029.246704 -2598.896973
v 10349.589844 1987.369507 -2590.318359
v 10350.249023 2014.494995 -2568.143311
v 10337.934570 1996.854370 -2537.062500
v 10352.644531 1960.098267 -2610.997070
v 10337.315430 1966.958374 -2560.373535
v 10330.350586 1945.328003 -2529.470703
v 10330.429688 1976.905396 -2505.958496
v 10340.679688 1937.171753 -2582.408447
v 10352.003906 1907.591675 -2601.915039
v 10334.146484 1914.108521 -2552.019531
v 10345.669922 1883.534790 -2572.713135
v 10361.075195 1853.243530 -2592.496826
v 10331.720703 1891.192505 -2520.677490
v 10327.671875 1922.946655 -2498.269531
v 10327.314453 1955.314331 -2475.225830
v 10343.159180 1860.528931 -2541.940674
v 10358.326172 1830.337769 -2562.673828
v 10332.096680 1868.726196 -2489.247803
v 10328.212891 1900.316040 -2467.441895
v 10328.095703 1932.820435 -2445.263672
v 10343.507812 1838.733521 -2510.522705
v 10358.738281 1809.413696 -2531.598877
v 10335.384766 1846.798218 -2457.781250
v 10331.905273 1877.471558 -2437.125488
v 10332.313477 1909.386353 -2416.359131
v 10339.534180 1884.997925 -2388.762939
v 10346.619141 1818.269165 -2478.530518
v 10361.818359 1790.627808 -2499.425293
v 10367.088867 1774.099976 -2466.307129
v 10338.667969 1854.463013 -2407.446533
v 10349.440430 1859.651733 -2362.651123
v 10341.663086 1825.500366 -2426.339600
v 10352.389648 1799.244995 -2446.053467
v 10374.215820 1759.925171 -2432.366943
v 10348.283203 1831.480591 -2378.729980
v 10361.751953 1833.363159 -2338.166504
v 10360.607422 1781.879761 -2413.400635
v 10382.908203 1748.168091 -2397.710205
v 10350.784180 1805.120483 -2395.325439
v 10360.576172 1808.725220 -2351.274170
v 10376.028320 1806.892456 -2315.198730
v 10371.088867 1766.378784 -2380.865479
v 10393.018555 1738.409058 -2363.053467
v 10362.610352 1785.939575 -2365.120117
v 10375.294922 1786.896606 -2325.420898
v 10391.899414 1780.942993 -2293.634033
v 10383.746094 1752.848022 -2349.213379
v 10404.459961 1730.268921 -2329.039307
v 10377.036133 1768.478394 -2336.400879
v 10392.324219 1766.651245 -2301.464600
v 10408.064453 1755.525513 -2272.965088
v 10410.089844 1747.350464 -2278.676758
v 10398.583984 1741.401978 -2319.104004
v 10416.157227 1722.835083 -2295.806885
v 10414.133789 1731.005493 -2290.098389
v 10394.096680 1753.235229 -2309.752197
v 10412.110352 1739.177368 -2284.389648
v 10846.224609 1598.311646 -2582.303467
v 10852.268555 1613.245483 -2609.026123
v 10843.550781 1593.517944 -2588.650391
v 10851.430664 1612.940796 -2609.962891
v 10833.880859 1576.293091 -2566.622803
v 10839.806641 1590.251343 -2594.526855
v 10850.595703 1612.638062 -2610.903320
v 10838.743164 1585.093384 -2555.368652
v 10849.758789 1612.333618 -2611.839844
v 10820.891602 1562.791382 -2543.479492
v 10828.683594 1574.585327 -2528.476318
v 10815.725586 1566.706909 -2502.258545
v 10833.924805 1590.045776 -2599.469727
v 10848.920898 1612.029175 -2612.778076
v 10826.974609 1591.370239 -2603.945312
v 10816.629883 1570.118530 -2586.047119
v 10804.250000 1572.752808 -2594.226562
v 10796.784180 1554.229370 -2570.661621
v 10780.477539 1557.464233 -2582.847168
v 10827.134766 1570.345581 -2577.102783
v 10756.202148 1545.704468 -2569.430664
v 10810.965820 1554.752319 -2557.774170
v 10775.063477 1542.352661 -2553.440918
v 10731.986328 1537.619507 -2553.651367
v 10804.824219 1552.849487 -2519.865234
v 10799.602539 1561.338501 -2477.347656
v 10791.930664 1543.300171 -2537.055420
v 10786.011719 1546.213257 -2496.459229
v 10780.848633 1558.467407 -2453.861328
v 10752.216797 1534.367798 -2534.582275
v 10770.767578 1535.701782 -2515.524902
v 10748.132812 1531.759155 -2493.735107
v 10728.713867 1530.073608 -2514.652344
v 10708.012695 1533.046509 -2536.017090
v 10765.095703 1542.758423 -2473.633301
v 10724.754883 1531.192261 -2472.279297
v 10705.071289 1529.203735 -2494.277100
v 10684.480469 1531.776001 -2517.093506
v 10742.795898 1542.298218 -2451.779541
v 10760.057617 1558.045288 -2431.916748
v 10701.088867 1533.262817 -2451.353271
v 10681.636719 1531.118042 -2473.819092
v 10661.627930 1533.408081 -2497.450928
v 10719.670898 1544.272827 -2431.016113
v 10737.885742 1559.826294 -2411.588867
v 10677.580078 1537.263550 -2431.149170
v 10658.747070 1535.194946 -2453.640137
v 10639.687500 1537.538940 -2477.671387
v 10696.282227 1548.148315 -2411.456787
v 10715.008789 1563.573364 -2392.955322
v 10636.532227 1541.537476 -2433.853027
v 10618.841797 1543.904419 -2457.719238
v 10654.314453 1543.468384 -2411.857422
v 10599.245117 1552.260864 -2437.541992
v 10672.688477 1553.994507 -2393.260254
v 10691.473633 1568.974243 -2376.112793
v 10615.096680 1550.235474 -2414.554688
v 10581.002930 1562.481323 -2417.102051
v 10631.378906 1552.137573 -2393.663330
v 10648.955078 1561.895386 -2376.579834
v 10667.313477 1575.744507 -2361.135986
v 10642.527344 1583.713989 -2348.093750
v 10594.652344 1560.918335 -2395.773682
v 10564.205078 1574.462524 -2396.344971
v 10625.238281 1571.457642 -2361.494385
v 10617.106445 1592.740845 -2337.043701
v 10609.016602 1562.768433 -2376.637207
v 10575.360352 1573.249390 -2377.508057
v 10548.688477 1587.959595 -2375.750244
v 10601.655273 1582.322632 -2348.054688
v 10591.544922 1602.799194 -2327.735596
v 10587.421875 1574.907104 -2360.812500
v 10557.465820 1587.291382 -2360.367432
v 10534.300781 1602.777954 -2355.760986
v 10578.780273 1594.664185 -2336.499023
v 10566.288086 1613.885864 -2319.928223
v 10567.121094 1588.794067 -2346.768799
v 10541.174805 1603.179565 -2344.913330
v 10520.550781 1618.048218 -2336.200928
v 10525.754883 1619.861206 -2330.370117
v 10557.117188 1608.714233 -2327.060303
v 10541.386719 1625.309204 -2312.854736
v 10536.174805 1623.491333 -2318.696289
v 10548.569336 1604.759644 -2335.054932
v 10530.961914 1621.676392 -2324.536377
v 10505.308594 2232.589844 -2391.655762
v 10482.385742 2216.755371 -2369.477295
v 10504.370117 2232.317139 -2392.831543
v 10506.245117 2232.862793 -2390.481934
v 10477.621094 2214.317383 -2376.604492
v 10503.434570 2232.043701 -2394.005859
v 10473.516602 2211.008057 -2384.063232
v 10488.481445 2217.457520 -2363.021484
v 10507.183594 2233.135986 -2389.306152
v 10495.237305 2217.288574 -2356.898438
v 10461.294922 2198.253174 -2348.335449
v 10472.364258 2199.493408 -2336.800537
v 10484.710938 2199.161621 -2325.935547
v 10452.795898 2193.872803 -2361.214111
v 10445.577148 2187.914795 -2374.752686
v 10443.203125 2175.254150 -2328.737793
v 10431.282227 2169.443604 -2346.834473
v 10421.157227 2161.733398 -2365.935791
v 10458.729492 2177.277588 -2312.662842
v 10476.055664 2177.402100 -2297.595215
v 10428.175781 2148.177979 -2310.806641
v 10413.419922 2141.447510 -2333.256836
v 10400.881836 2132.781250 -2357.048096
v 10447.384766 2151.068848 -2291.047607
v 10468.822266 2152.038330 -2272.620850
v 10399.461914 2110.405273 -2320.242188
v 10385.297852 2101.456787 -2347.534180
v 10438.065430 2121.256348 -2272.340088
v 10462.535156 2123.192139 -2251.686035
v 10416.188477 2117.575195 -2294.630859
v 10389.484375 2076.978516 -2308.171387
v 10407.502930 2084.186279 -2280.557129
v 10374.183594 2068.304688 -2337.716553
v 10431.023438 2088.568604 -2256.684326
v 10457.335938 2091.540527 -2234.637695
v 10402.291992 2048.883057 -2268.868896
v 10383.463867 2041.941772 -2297.401855
v 10367.248047 2033.951538 -2327.947510
v 10426.461914 2053.859619 -2244.144775
v 10453.376953 2057.858154 -2221.248779
v 10399.619141 2012.749146 -2259.044434
v 10380.565430 2006.247192 -2287.731445
v 10363.989258 1999.110229 -2318.478760
v 10423.803711 2018.157837 -2234.194336
v 10450.648438 2023.025757 -2211.154297
v 10398.599609 1976.801147 -2250.591309
v 10379.976562 1970.794800 -2278.966797
v 10363.875000 1964.507202 -2309.600342
v 10422.492188 1982.445435 -2226.322998
v 10449.165039 1987.930542 -2203.968506
v 10399.353516 1941.116089 -2243.596436
v 10381.716797 1935.738403 -2271.081299
v 10366.679688 1930.416138 -2301.046875
v 10372.191406 1897.065308 -2292.588379
v 10422.499023 1946.867798 -2220.566650
v 10448.581055 1952.822632 -2199.571533
v 10448.591797 1917.914673 -2197.856934
v 10385.791992 1901.196899 -2264.056885
v 10380.296875 1864.599487 -2284.076416
v 10423.788086 1911.536499 -2216.955566
v 10449.013672 1883.330933 -2198.782227
v 10401.999023 1905.772339 -2238.165039
v 10392.164062 1867.503784 -2257.898926
v 10390.901367 1833.119995 -2275.384033
v 10426.301758 1876.780884 -2215.527832
v 10449.688477 1849.149048 -2202.307373
v 10400.825195 1834.933228 -2252.628662
v 10403.526367 1802.800903 -2266.958008
v 10406.531250 1871.199829 -2234.374268
v 10430.017578 1842.871948 -2216.343750
v 10450.911133 1815.743286 -2207.954346
v 10412.993164 1837.761108 -2232.320801
v 10411.618164 1803.975220 -2248.627686
v 10417.761719 1773.765259 -2259.224609
v 10435.162109 1810.391479 -2219.305420
v 10452.961914 1783.412476 -2215.304199
v 10424.486328 1775.003784 -2246.269043
v 10432.496094 1745.657349 -2251.850830
v 10438.209961 1747.229614 -2244.703857
v 10421.482422 1806.124146 -2232.231201
v 10432.195312 1776.805542 -2234.366455
v 10443.918945 1748.799683 -2237.562988
v 10449.620117 1750.371704 -2230.433594
v 10442.017578 1779.803833 -2224.389404
v 10455.318359 1751.938110 -2223.305420
v 10615.869141 2166.753418 -2241.740723
v 10641.460938 2178.250732 -2256.867432
v 10622.368164 2166.788818 -2236.440430
v 10642.574219 2177.771484 -2256.409912
v 10602.400391 2153.509033 -2218.354736
v 10628.819336 2165.428711 -2232.468750
v 10643.688477 2177.292480 -2255.952881
v 10590.897461 2153.522949 -2228.111084
v 10644.801758 2176.813477 -2255.496094
v 10582.811523 2136.124756 -2203.391846
v 10567.150391 2137.387695 -2216.731201
v 10545.289062 2118.246094 -2207.427490
v 10635.184570 2161.283936 -2231.163330
v 10645.916992 2176.334229 -2255.039062
v 10641.501953 2155.744629 -2231.185547
v 10625.354492 2143.660645 -2208.866699
v 10636.805664 2133.828125 -2209.134766
v 10614.866211 2122.399902 -2190.098877
v 10631.262695 2109.934326 -2190.146240
v 10613.888672 2151.039062 -2211.104004
v 10624.374023 2084.452393 -2174.542480
v 10598.653320 2132.060059 -2193.397217
v 10603.657227 2098.208740 -2174.959717
v 10615.668945 2057.807861 -2162.590820
v 10591.680664 2071.894043 -2163.469971
v 10605.547852 2030.352417 -2154.174561
v 10583.418945 2109.298584 -2179.279053
v 10564.125000 2115.096924 -2191.404053
v 10525.936523 2096.060303 -2199.992676
v 10568.497070 2083.692871 -2168.586670
v 10546.847656 2090.996826 -2182.164795
v 10554.168945 2056.072266 -2161.214844
v 10531.106445 2064.590088 -2175.648193
v 10509.014648 2071.396973 -2194.481445
v 10579.305664 2044.111694 -2155.511475
v 10540.734375 2027.363647 -2157.005615
v 10517.009766 2036.723999 -2171.775391
v 10494.416016 2044.894409 -2190.940674
v 10566.917969 2015.579956 -2150.897949
v 10594.443359 2002.472290 -2149.117676
v 10528.160156 1998.179565 -2155.306885
v 10504.435547 2008.065796 -2170.093018
v 10481.971680 2017.254272 -2189.234863
v 10554.681641 1986.834839 -2149.055176
v 10582.761719 1974.615601 -2147.059326
v 10516.416016 1969.096313 -2155.488525
v 10493.256836 1979.262329 -2170.156982
v 10471.501953 1989.197876 -2189.249268
v 10542.767578 1958.392944 -2149.421875
v 10570.928711 1947.234985 -2147.635986
v 10505.641602 1940.227173 -2157.835449
v 10483.578125 1950.424438 -2172.059326
v 10463.044922 1960.857056 -2190.683838
v 10456.610352 1932.338013 -2193.271729
v 10531.214844 1930.390259 -2152.113037
v 10558.803711 1920.522339 -2150.613770
v 10546.260742 1894.642212 -2155.784912
v 10475.508789 1921.661743 -2175.893799
v 10452.241211 1903.698120 -2196.854492
v 10495.975586 1911.679077 -2162.624756
v 10520.069336 1902.955200 -2157.250732
v 10533.204102 1869.703003 -2163.041992
v 10469.028320 1893.202271 -2181.299072
v 10449.971680 1874.963501 -2201.292725
v 10509.250977 1876.339722 -2164.492920
v 10519.538086 1845.780151 -2172.287354
v 10464.120117 1865.227661 -2187.953857
v 10449.413086 1846.528931 -2206.674316
v 10487.354492 1883.772827 -2169.397461
v 10498.675781 1850.752563 -2173.541504
v 10505.738281 1822.912720 -2183.239014
v 10479.725586 1856.772583 -2177.747559
v 10460.831055 1838.326050 -2196.139893
v 10450.219727 1818.735962 -2213.092773
v 10488.831055 1826.598999 -2184.487793
v 10492.243164 1801.111938 -2195.647705
v 10459.234375 1813.005493 -2206.187012
v 10451.624023 1791.478882 -2219.898438
v 10458.458984 1788.609985 -2217.066162
v 10473.462891 1831.316772 -2188.004150
v 10468.944336 1807.962036 -2200.581543
v 10465.298828 1785.740112 -2214.234375
v 10472.144531 1782.869263 -2211.403076
v 10480.175781 1804.232056 -2197.497559
v 10478.998047 1779.992310 -2208.563721
v 10471.720703 1637.559692 -2354.945557
v 10487.349609 1625.540405 -2352.281006
v 10471.304688 1619.452026 -2428.285889
v 10456.090820 1649.579224 -2357.610107
v 10515.277344 1607.061890 -2423.131348
v 10448.600586 1658.338013 -2434.498779
v 10482.360352 1614.493530 -2508.307861
v 10544.631836 1595.142456 -2495.588379
v 10447.091797 1670.169800 -2512.229736
v 10571.410156 1594.656616 -2567.503174
v 10456.555664 1683.034790 -2587.121582
v 10499.432617 1617.592163 -2588.732666
v 10597.109375 1607.113892 -2637.726562
v 10477.774414 1699.042114 -2658.182861
v 10525.225586 1633.946655 -2662.818848
v 10624.103516 1634.374878 -2704.467773
v 10511.481445 1721.343140 -2723.926514
v 10557.087891 1659.692505 -2733.274658
v 10650.081055 1679.171265 -2763.141113
v 10559.737305 1749.274048 -2778.988525
v 10598.284180 1700.953735 -2792.198486
v 10645.791992 1755.240356 -2832.780273
v 10672.791992 1741.692017 -2811.278564
v 10622.583008 1780.960083 -2820.305664
v 10697.616211 1816.153198 -2848.500000
v 10693.077148 1819.740356 -2849.340820
v 10695.346680 1817.946167 -2848.920166
v 10928.612305 1720.369019 -2217.825928
v 10914.919922 1706.700073 -2210.297119
v 10928.404297 1721.092163 -2217.296875
v 10914.295898 1703.363647 -2215.094727
v 10914.638672 1710.430054 -2206.393311
v 10928.195312 1721.814087 -2216.766846
v 10899.868164 1693.006226 -2204.290771
v 10898.915039 1687.186890 -2212.919922
v 10927.987305 1722.536011 -2216.236816
v 10882.201172 1680.528931 -2200.016602
v 10881.879883 1672.479858 -2211.658691
v 10899.291992 1699.577271 -2197.307373
v 10863.304688 1659.611938 -2211.065186
v 10912.549805 1714.943481 -2204.269043
v 10927.780273 1723.261353 -2215.709229
v 10909.552734 1719.849487 -2203.033447
v 10895.647461 1707.650513 -2193.588135
v 10890.466797 1716.483032 -2191.501465
v 10876.328125 1700.832397 -2185.179688
v 10870.133789 1713.120728 -2181.965576
v 10848.855469 1709.477661 -2174.642090
v 10880.889648 1689.621704 -2190.496094
v 10855.231445 1694.373169 -2179.008057
v 10826.950195 1705.293579 -2169.735840
v 10862.450195 1669.471069 -2197.192627
v 10843.317383 1648.926880 -2210.893311
v 10860.212891 1680.611694 -2185.729492
v 10841.189453 1660.031616 -2195.544922
v 10838.075195 1672.591187 -2182.769287
v 10833.014648 1688.159546 -2175.009033
v 10815.170898 1665.635376 -2181.473633
v 10819.040039 1652.185913 -2195.032715
v 10822.364258 1640.299438 -2211.222656
v 10810.250000 1682.358276 -2173.007080
v 10804.757812 1700.802124 -2167.048828
v 10792.209961 1659.823120 -2181.716797
v 10796.629883 1645.908081 -2195.621338
v 10800.895508 1633.596313 -2212.139160
v 10787.515625 1677.135864 -2172.826660
v 10782.625977 1696.251343 -2166.390625
v 10769.521484 1654.978882 -2183.147705
v 10774.337891 1640.985474 -2197.102783
v 10779.352539 1628.626343 -2213.645020
v 10765.135742 1672.463257 -2174.120117
v 10760.897461 1691.824341 -2167.494873
v 10747.411133 1650.944214 -2185.451416
v 10752.519531 1637.223755 -2199.290039
v 10758.167969 1625.205200 -2215.754883
v 10731.231445 1634.735962 -2202.288086
v 10737.356445 1623.328979 -2218.332031
v 10716.916016 1622.996948 -2221.247559
v 10743.413086 1668.328735 -2176.574463
v 10739.895508 1687.698853 -2170.107666
v 10725.960938 1647.877808 -2188.852295
v 10710.519531 1633.637817 -2206.208496
v 10696.822266 1624.246460 -2224.435059
v 10722.424805 1664.786255 -2180.332275
v 10719.674805 1683.746948 -2174.185547
v 10705.243164 1645.947632 -2193.594971
v 10702.232422 1661.899780 -2185.549072
v 10700.272461 1679.838013 -2179.694336
v 10681.698242 1675.883667 -2186.666504
v 10682.906250 1659.537231 -2192.103516
v 10663.950195 1671.792114 -2195.138916
v 10690.434570 1633.861694 -2210.880859
v 10677.030273 1627.118042 -2227.832764
v 10664.501953 1657.578491 -2199.897949
v 10647.047852 1667.803589 -2204.907471
v 10685.358398 1645.022339 -2199.476074
v 10671.014648 1635.358521 -2216.156738
v 10657.712891 1631.363647 -2231.593994
v 10666.379883 1644.978394 -2206.306885
v 10647.328125 1656.304321 -2208.968018
v 10631.004883 1664.156372 -2215.789795
v 10652.641602 1638.164429 -2222.253418
v 10639.018555 1636.750366 -2235.873291
v 10631.663086 1656.003784 -2219.390625
v 10615.425781 1660.683960 -2227.193848
v 10616.740234 1656.186890 -2230.493652
v 10648.780273 1646.061890 -2214.295898
v 10632.984375 1648.525757 -2223.682617
v 10618.055664 1651.688110 -2233.793945
v 10619.368164 1647.186157 -2237.092773
v 10635.661133 1642.334839 -2229.406982
v 10620.684570 1642.684448 -2240.396240
v 10268.682617 1941.185425 -2590.719971
v 10261.286133 1928.900269 -2571.146484
v 10268.876953 1940.356079 -2591.360596
v 10263.003906 1933.473022 -2566.406250
v 10260.991211 1924.260864 -2575.344971
v 10269.078125 1939.528931 -2592.001709
v 10255.790039 1916.820923 -2550.081299
v 10258.911133 1925.100952 -2541.846436
v 10269.275391 1938.702271 -2592.645752
v 10253.833008 1903.790161 -2527.694824
v 10257.388672 1915.732056 -2517.119873
v 10255.231445 1908.511841 -2557.436279
v 10258.406250 1905.152954 -2492.732422
v 10263.535156 1919.478638 -2578.451416
v 10269.473633 1937.873169 -2593.284180
v 10267.507812 1914.627563 -2581.017578
v 10259.776367 1900.123413 -2563.047607
v 10266.881836 1891.683472 -2567.792236
v 10259.333008 1880.698120 -2545.654785
v 10268.407227 1869.489380 -2553.075439
v 10271.871094 1848.562866 -2536.793457
v 10253.434570 1892.058960 -2537.460449
v 10261.725586 1861.705933 -2526.656250
v 10277.065430 1829.392700 -2518.893799
v 10255.012695 1889.941772 -2504.661133
v 10261.903320 1893.174927 -2469.169189
v 10254.998047 1875.304321 -2516.103271
v 10258.903320 1875.442505 -2481.666992
v 10259.295898 1858.668335 -2494.077637
v 10266.455078 1843.647339 -2506.467529
v 10265.873047 1842.559692 -2472.019775
v 10265.094727 1860.756470 -2459.168945
v 10267.587891 1880.266479 -2446.629395
v 10273.164062 1826.758911 -2485.722168
v 10283.807617 1812.003540 -2499.913574
v 10274.286133 1827.380005 -2450.557129
v 10273.187500 1846.352905 -2437.621094
v 10275.167969 1866.905396 -2425.314941
v 10281.512695 1811.274780 -2465.042236
v 10291.918945 1796.412720 -2480.390137
v 10283.981445 1813.151978 -2429.880371
v 10282.683594 1832.420044 -2417.169922
v 10284.282227 1853.500122 -2405.370850
v 10291.056641 1797.164185 -2444.755127
v 10301.141602 1782.591187 -2460.818604
v 10294.459961 1799.879517 -2410.149902
v 10293.127930 1819.127563 -2397.944580
v 10294.592773 1840.451294 -2386.939453
v 10301.387695 1784.385132 -2425.148438
v 10311.237305 1770.501343 -2441.668701
v 10305.972656 1787.762573 -2391.515137
v 10304.647461 1806.567017 -2380.059814
v 10305.992188 1827.656860 -2370.054443
v 10318.404297 1815.019409 -2354.749512
v 10312.620117 1773.080200 -2406.294922
v 10322.073242 1760.178589 -2422.881592
v 10333.533203 1751.644165 -2404.373779
v 10317.405273 1794.829956 -2363.618652
v 10331.827148 1802.442261 -2341.043701
v 10318.780273 1776.988159 -2374.109131
v 10324.907227 1763.393433 -2388.255615
v 10345.586914 1744.945190 -2386.067627
v 10331.231445 1783.826050 -2348.631104
v 10346.299805 1789.823120 -2328.945312
v 10338.053711 1755.301880 -2370.983887
v 10358.224609 1740.124146 -2367.859375
v 10332.635742 1767.489624 -2357.925049
v 10345.992188 1773.455688 -2335.097168
v 10361.713867 1777.471069 -2318.299561
v 10351.905273 1748.789917 -2354.427002
v 10371.460938 1736.946655 -2350.024658
v 10347.307617 1759.187622 -2342.932617
v 10361.712891 1764.146362 -2323.241699
v 10377.989258 1765.678101 -2308.961914
v 10366.559570 1744.007446 -2339.017578
v 10385.342773 1735.194458 -2332.812744
v 10362.918945 1752.505981 -2329.608643
v 10378.502930 1756.304077 -2313.262451
v 10394.657227 1754.181519 -2300.282715
v 10395.867188 1749.176636 -2304.196533
v 10382.168945 1741.113403 -2325.150391
v 10399.507812 1734.149048 -2315.946777
v 10398.295898 1739.160767 -2312.028564
v 10379.672852 1747.842651 -2318.365723
v 10397.083984 1744.170776 -2308.111572
v 10627.995117 1961.978394 -2832.158691
v 10588.323242 1939.676880 -2820.925293
v 10628.783203 1960.659546 -2832.697754
v 10584.948242 1947.450806 -2815.833252
v 10592.349609 1931.900757 -2825.064453
v 10629.574219 1959.339478 -2833.233887
v 10549.299805 1919.172241 -2807.555664
v 10543.358398 1933.575562 -2798.066162
v 10630.362305 1958.020630 -2833.773438
v 10513.268555 1898.662964 -2790.636719
v 10505.002930 1919.607056 -2777.520264
v 10556.569336 1904.832153 -2815.231201
v 10597.679688 1924.105591 -2827.308350
v 10631.153320 1956.701050 -2834.310059
v 10603.660156 1916.280884 -2828.593018
v 10480.976562 1877.939819 -2770.115723
v 10470.851562 1904.800171 -2754.244385
v 10441.814453 1888.350464 -2728.356445
v 10566.506836 1890.584351 -2819.304688
v 10577.753906 1876.321411 -2821.532959
v 10523.548828 1877.970825 -2801.387695
v 10537.870117 1857.757690 -2807.431641
v 10554.166992 1837.706665 -2811.055908
v 10493.788086 1851.602417 -2783.333984
v 10511.963867 1826.317017 -2791.251465
v 10532.756836 1801.491089 -2796.443359
v 10488.916016 1796.986694 -2770.462158
v 10513.337891 1768.766968 -2777.072266
v 10496.307617 1739.740845 -2753.115479
v 10453.112305 1856.765991 -2746.063965
v 10418.165039 1870.610229 -2699.926514
v 10467.717773 1826.020630 -2761.023926
v 10430.325195 1835.632690 -2718.508301
v 10413.079102 1815.058960 -2687.678955
v 10400.008789 1852.016235 -2669.169434
v 10446.183594 1801.771362 -2734.460205
v 10469.429688 1770.198608 -2745.139160
v 10429.875977 1779.389038 -2703.911621
v 10454.104492 1746.311401 -2715.592773
v 10482.011719 1714.505493 -2724.956299
v 10417.793945 1758.721802 -2670.515625
v 10400.606445 1795.143677 -2654.474121
v 10387.085938 1833.012329 -2636.563477
v 10442.327148 1725.155640 -2682.851562
v 10470.528320 1692.978882 -2693.311279
v 10408.881836 1739.630493 -2635.545410
v 10392.031250 1776.017944 -2619.922607
v 10379.014648 1814.109741 -2602.714600
v 10433.436523 1706.520630 -2648.080566
v 10461.880859 1674.981567 -2659.061768
v 10403.288086 1722.163452 -2598.975342
v 10387.358398 1757.602905 -2584.151855
v 10375.458984 1795.034058 -2568.028320
v 10376.055664 1775.556030 -2532.915527
v 10427.353516 1690.458374 -2611.346924
v 10455.574219 1660.511841 -2622.501953
v 10451.115234 1649.516968 -2583.954346
v 10423.973633 1676.987183 -2572.767578
v 10448.151367 1641.953979 -2543.691406
v 10401.112305 1706.347534 -2560.817383
v 10423.116211 1666.162231 -2532.782959
v 10446.336914 1637.727417 -2501.993408
v 10386.543945 1739.830444 -2547.313965
v 10380.514648 1755.516235 -2497.696045
v 10402.266602 1692.303833 -2521.618896
v 10424.609375 1658.017944 -2491.872803
v 10445.796875 1636.137329 -2459.674072
v 10389.426758 1722.725220 -2509.875977
v 10388.521484 1734.792603 -2462.674561
v 10395.835938 1706.321899 -2472.308105
v 10399.363281 1714.084839 -2428.099365
v 10406.642578 1680.133179 -2481.941406
v 10428.528320 1652.381226 -2451.020752
v 10446.651367 1636.519897 -2417.509033
v 10405.420898 1691.169312 -2435.305176
v 10412.378906 1694.048950 -2394.202393
v 10435.009766 1649.104370 -2411.134521
v 10447.887695 1637.615356 -2375.970459
v 10442.384766 1646.856812 -2372.224609
v 10414.188477 1670.111938 -2442.781738
v 10424.949219 1662.523315 -2405.054199
v 10436.877930 1656.098267 -2368.480713
v 10431.370117 1665.340454 -2364.737793
v 10417.924805 1677.780640 -2399.517334
v 10425.864258 1674.582886 -2360.993652
v 10281.045898 2094.468750 -2501.798340
v 10292.270508 2121.681152 -2512.290527
v 10279.356445 2100.841064 -2496.556641
v 10292.588867 2122.511475 -2511.329590
v 10268.916992 2077.694580 -2481.114258
v 10279.409180 2106.400879 -2491.185303
v 10292.903320 2123.339844 -2510.367920
v 10272.054688 2066.531006 -2490.656982
v 10293.219727 2124.170898 -2509.409668
v 10263.072266 2052.347168 -2464.521240
v 10266.583984 2037.887085 -2478.396973
v 10264.634766 2009.185181 -2464.716309
v 10282.946289 2110.332031 -2485.545166
v 10293.539062 2125.000488 -2508.448242
v 10288.221680 2113.452148 -2479.776855
v 10275.254883 2094.610352 -2461.487061
v 10284.741211 2100.361816 -2451.386475
v 10271.813477 2075.848633 -2437.244385
v 10284.086914 2084.909668 -2423.805908
v 10268.933594 2087.504395 -2471.437744
v 10285.999023 2066.951904 -2397.693604
v 10263.501953 2065.442627 -2450.770508
v 10272.074219 2054.480957 -2413.464355
v 10290.192383 2046.393188 -2373.666504
v 10261.422852 2025.628540 -2446.929932
v 10266.164062 1981.078979 -2449.369629
v 10262.477539 2041.037720 -2429.687012
v 10263.489258 1998.411255 -2428.537842
v 10268.772461 1971.307251 -2409.919189
v 10270.791992 1953.846313 -2432.900146
v 10265.147461 2015.183960 -2408.719971
v 10275.457031 2031.008911 -2390.776855
v 10270.958984 1988.703247 -2388.380615
v 10281.542969 2006.244019 -2369.500000
v 10296.458984 2023.910767 -2351.785400
v 10279.355469 1962.437622 -2369.171875
v 10289.904297 1981.018921 -2349.936523
v 10304.584961 2000.219360 -2332.100098
v 10276.754883 1944.921997 -2391.633545
v 10278.127930 1927.765503 -2415.875244
v 10289.584961 1936.752808 -2351.136475
v 10286.747070 1919.551880 -2373.931641
v 10287.653320 1903.081665 -2398.797363
v 10299.941406 1955.848999 -2332.061035
v 10314.231445 1976.009155 -2314.583008
v 10300.961914 1911.954468 -2334.286377
v 10298.116211 1895.441040 -2357.026367
v 10298.903320 1880.026733 -2382.160645
v 10311.106445 1931.199097 -2315.829590
v 10325.094727 1951.950562 -2299.196533
v 10323.497070 1907.199829 -2301.398438
v 10336.942383 1928.040161 -2285.963623
v 10349.585938 1904.244019 -2274.893799
v 10310.985352 1872.770630 -2341.025391
v 10311.692383 1858.716919 -2365.855713
v 10313.755859 1888.259888 -2318.850098
v 10325.875000 1839.236206 -2349.764648
v 10337.255859 1883.963257 -2288.910400
v 10362.944336 1880.504517 -2266.018555
v 10328.254883 1865.850464 -2305.022461
v 10325.510742 1851.699829 -2326.023193
v 10341.424805 1821.645630 -2333.783936
v 10352.104492 1861.512085 -2278.331543
v 10376.973633 1856.736938 -2259.365234
v 10341.442383 1832.306763 -2311.917480
v 10358.360352 1805.987915 -2317.794189
v 10344.103516 1844.806030 -2292.725830
v 10367.811523 1839.826294 -2269.625488
v 10391.711914 1833.340942 -2254.645264
v 10358.583008 1814.639526 -2298.594482
v 10376.510742 1792.072876 -2302.170410
v 10360.989258 1825.155396 -2281.868408
v 10384.538086 1819.478394 -2262.966797
v 10407.219727 1810.663452 -2251.584961
v 10376.991211 1798.973999 -2286.563477
v 10395.766602 1779.714233 -2287.250000
v 10379.106445 1807.479126 -2272.939453
v 10402.518555 1800.966919 -2258.531982
v 10423.025391 1788.435181 -2249.346191
v 10421.137695 1783.362183 -2255.201416
v 10396.810547 1785.545288 -2276.292969
v 10415.487305 1768.162720 -2272.731934
v 10417.369141 1773.224731 -2266.892090
v 10398.756836 1792.289917 -2266.407715
v 10419.251953 1778.293091 -2261.052002
v 10475.204102 1616.082397 -2700.732910
v 10462.657227 1608.162231 -2683.754395
v 10476.030273 1615.575073 -2700.546631
v 10458.822266 1613.141235 -2683.097412
v 10466.926758 1604.225952 -2683.551514
v 10476.855469 1615.067505 -2700.359131
v 10450.118164 1602.002563 -2665.413086
v 10443.412109 1610.951294 -2664.423340
v 10477.681641 1614.560425 -2700.172119
v 10438.985352 1597.984741 -2644.521729
v 10429.672852 1609.967896 -2644.196289
v 10457.629883 1594.960815 -2664.971436
v 10417.980469 1609.925171 -2622.582275
v 10472.059570 1602.376587 -2681.632568
v 10478.509766 1614.052124 -2699.982178
v 10477.625977 1601.570190 -2678.853271
v 10466.780273 1591.729614 -2661.674316
v 10476.759766 1590.401245 -2656.937744
v 10462.045898 1583.755005 -2639.381104
v 10475.838867 1581.489868 -2633.895508
v 10474.510742 1575.023315 -2610.038818
v 10449.399414 1588.444946 -2643.399902
v 10457.659180 1578.349487 -2615.443848
v 10472.454102 1571.174927 -2585.696533
v 10429.442383 1595.776733 -2621.695068
v 10408.689453 1610.561401 -2599.768066
v 10442.206055 1584.361938 -2619.686768
v 10421.643555 1595.032593 -2597.562988
v 10436.034180 1582.384399 -2594.707520
v 10453.442383 1575.378784 -2590.558350
v 10430.903320 1582.303589 -2569.232666
v 10415.494141 1595.650024 -2572.811279
v 10401.600586 1611.910767 -2576.243408
v 10449.528320 1574.611206 -2565.355713
v 10469.902344 1569.709106 -2561.241699
v 10426.830078 1583.912964 -2544.017090
v 10410.906250 1597.531860 -2548.121338
v 10396.508789 1614.012329 -2552.501709
v 10446.052734 1575.805786 -2540.457275
v 10467.096680 1570.402466 -2537.067383
v 10423.633789 1586.807495 -2519.379883
v 10407.629883 1600.410522 -2523.865723
v 10393.166992 1616.824341 -2529.009521
v 10442.993164 1578.566040 -2516.187012
v 10464.231445 1572.938110 -2513.526855
v 10421.137695 1590.599731 -2495.588867
v 10405.452148 1604.046997 -2500.382080
v 10391.340820 1620.320923 -2506.206055
v 10440.323242 1582.516724 -2492.833740
v 10461.487305 1577.027954 -2490.968750
v 10419.502930 1595.541870 -2472.777344
v 10404.467773 1608.549683 -2477.758789
v 10391.025391 1624.353638 -2484.101562
v 10392.236328 1628.794312 -2462.678711
v 10438.104492 1587.802368 -2470.490234
v 10458.739258 1582.602173 -2469.419922
v 10455.857422 1589.614868 -2448.902344
v 10404.801758 1614.045288 -2456.057861
v 10395.022461 1633.584839 -2441.903564
v 10436.391602 1594.584839 -2449.240479
v 10452.753906 1598.079468 -2429.405273
v 10418.885742 1601.884399 -2451.051270
v 10435.064453 1602.722046 -2429.121094
v 10449.340820 1608.027466 -2410.906738
v 10406.396484 1620.353394 -2435.306396
v 10399.438477 1638.668335 -2421.716064
v 10434.002930 1612.094360 -2410.153809
v 10445.889648 1619.256470 -2393.442627
v 10419.162109 1609.401489 -2430.473877
v 10409.212891 1627.316528 -2415.509766
v 10405.208984 1644.195435 -2402.272217
v 10420.225586 1617.892700 -2411.080078
v 10433.490234 1622.749634 -2392.691406
v 10442.670898 1631.590698 -2377.028809
v 10413.256836 1635.151978 -2397.073730
v 10412.085938 1650.308472 -2383.684326
v 10433.811523 1634.776245 -2377.040527
v 10439.573242 1644.425415 -2361.188477
v 10434.545898 1647.496948 -2362.285889
v 10422.292969 1627.567993 -2393.387451
v 10425.592773 1638.685425 -2377.864502
v 10429.522461 1650.564331 -2363.380615
v 10424.502930 1653.630249 -2364.475830
v 10418.562500 1644.103394 -2380.352051
v 10419.487305 1656.694702 -2365.570312
v 10660.680664 1508.680054 -2648.371094
v 10665.498047 1518.103882 -2671.996094
v 10655.658203 1507.494507 -2652.864746
v 10664.612305 1518.377563 -2672.528076
v 10646.247070 1498.661499 -2631.981201
v 10650.614258 1507.675171 -2656.623779
v 10663.725586 1518.647583 -2673.057617
v 10655.316406 1500.871216 -2624.177734
v 10662.836914 1518.919312 -2673.587646
v 10636.075195 1493.298218 -2609.171387
v 10649.036133 1495.704468 -2599.313965
v 10641.544922 1493.222290 -2574.236328
v 10645.528320 1510.591431 -2658.915283
v 10661.950195 1519.192505 -2674.121582
v 10640.422852 1514.876343 -2660.473145
v 10628.247070 1504.165405 -2642.729248
v 10619.302734 1511.877808 -2645.672852
v 10611.116211 1500.924683 -2624.059814
v 10599.077148 1510.965942 -2629.110352
v 10637.217773 1498.936646 -2638.569580
v 10580.269531 1511.934692 -2610.761475
v 10623.365234 1494.004272 -2617.812744
v 10594.586914 1500.457397 -2603.370117
v 10563.363281 1514.573120 -2590.650391
v 10625.178711 1491.113647 -2585.136230
v 10632.567383 1493.443726 -2549.419434
v 10609.370117 1492.398560 -2595.120117
v 10613.618164 1491.784302 -2560.599854
v 10601.784180 1494.968628 -2536.114746
v 10622.528320 1496.106079 -2525.132324
v 10595.550781 1493.595581 -2571.295166
v 10579.095703 1502.327515 -2581.168213
v 10582.221680 1497.228638 -2547.061035
v 10564.798828 1506.261108 -2558.140137
v 10548.325195 1518.757202 -2569.321533
v 10569.699219 1502.920288 -2523.139404
v 10551.850586 1511.981812 -2534.979736
v 10535.115234 1524.370728 -2547.340332
v 10590.072266 1500.315796 -2512.229736
v 10611.844727 1500.947876 -2501.657715
v 10557.989258 1510.112915 -2499.811768
v 10578.647461 1507.317993 -2489.190674
v 10600.907227 1507.604370 -2479.247070
v 10540.189453 1519.058716 -2512.082275
v 10523.635742 1531.189087 -2525.241211
v 10547.076172 1518.295532 -2477.326416
v 10567.667969 1515.513306 -2467.226807
v 10590.084961 1515.735962 -2458.133545
v 10529.733398 1527.090210 -2489.797607
v 10513.797852 1539.017700 -2503.534668
v 10537.135742 1527.716431 -2455.840332
v 10557.202148 1525.024536 -2446.460205
v 10579.273438 1525.220581 -2438.392090
v 10568.374023 1535.953735 -2420.057129
v 10520.624023 1536.188354 -2468.224609
v 10505.645508 1547.686646 -2482.203125
v 10499.218750 1557.051147 -2461.202881
v 10547.319336 1535.999390 -2427.001953
v 10557.288086 1547.921997 -2403.162109
v 10512.978516 1546.476440 -2447.430420
v 10494.561523 1567.056030 -2440.484619
v 10528.321289 1538.635864 -2435.488525
v 10537.939453 1548.237915 -2408.903320
v 10545.924805 1561.135864 -2387.726074
v 10506.791992 1557.738403 -2427.431152
v 10491.731445 1577.660278 -2419.969238
v 10528.973633 1561.576050 -2392.194824
v 10534.615234 1575.439087 -2373.651611
v 10520.583008 1550.761108 -2416.320557
v 10502.055664 1569.785034 -2408.207520
v 10490.467773 1588.901001 -2399.922363
v 10513.854492 1563.836304 -2398.363525
v 10520.825195 1576.048950 -2377.163574
v 10523.683594 1590.719849 -2360.849365
v 10498.868164 1582.742310 -2390.226807
v 10490.512695 1600.829956 -2380.588623
v 10513.877930 1591.753784 -2364.076904
v 10512.969727 1606.424194 -2348.710693
v 10507.527344 1608.083130 -2351.949707
v 10508.499023 1578.017456 -2382.143311
v 10504.863281 1593.523315 -2368.131348
v 10502.083984 1609.740601 -2355.189453
v 10496.640625 1611.398315 -2358.427979
v 10497.339844 1596.791626 -2373.914551
v 10491.201172 1613.056030 -2361.665039
v 10922.949219 1588.984741 -2389.498779
v 10935.555664 1595.276733 -2410.833252
v 10923.001953 1583.832153 -2394.073730
v 10935.184570 1594.771851 -2411.701416
v 10908.905273 1574.407104 -2376.842529
v 10921.964844 1579.806030 -2398.838379
v 10934.813477 1594.267456 -2412.569092
v 10908.934570 1583.742554 -2368.833252
v 10934.440430 1593.760620 -2413.434814
v 10891.563477 1567.492065 -2360.336426
v 10892.692383 1580.083374 -2349.440186
v 10874.252930 1577.758423 -2331.803711
v 10918.758789 1578.041870 -2403.988281
v 10934.069336 1593.256226 -2414.302734
v 10914.462891 1577.405640 -2409.329590
v 10901.361328 1564.073853 -2394.497559
v 10893.842773 1563.074829 -2404.147705
v 10881.105469 1553.109009 -2384.866455
v 10871.759766 1551.309937 -2398.519775
v 10907.004883 1567.157104 -2385.260254
v 10848.585938 1542.349243 -2392.111816
v 10888.385742 1557.605591 -2371.913818
v 10858.685547 1545.112427 -2375.050781
v 10824.709961 1536.397583 -2384.610840
v 10871.500977 1562.805542 -2344.920166
v 10853.680664 1576.502563 -2316.379639
v 10866.922852 1550.915894 -2359.001221
v 10849.292969 1560.023560 -2330.938721
v 10825.638672 1559.050903 -2318.465820
v 10831.500000 1576.352905 -2303.086914
v 10843.486328 1546.794312 -2346.711914
v 10834.837891 1539.992310 -2365.004395
v 10818.846680 1545.053589 -2335.260010
v 10810.168945 1537.538696 -2355.023926
v 10800.462891 1533.249878 -2376.355713
v 10793.790039 1545.477173 -2324.854980
v 10785.297852 1537.506470 -2345.400879
v 10776.192383 1532.676636 -2367.696289
v 10801.266602 1559.777222 -2307.571777
v 10808.255859 1577.328979 -2291.825684
v 10768.758789 1547.571899 -2315.399170
v 10776.678711 1561.870483 -2298.106445
v 10784.519531 1579.354126 -2282.451172
v 10760.627930 1539.431763 -2336.212402
v 10752.263672 1534.333130 -2358.929688
v 10744.157227 1550.879517 -2306.804199
v 10752.340820 1565.016724 -2289.922119
v 10760.836914 1582.357056 -2274.815430
v 10736.529297 1542.873657 -2327.531494
v 10729.032227 1537.889771 -2350.361328
v 10720.076172 1555.626587 -2299.244385
v 10728.331055 1569.303345 -2283.152832
v 10737.263672 1586.133179 -2268.932373
v 10713.834961 1590.505493 -2264.820801
v 10713.104492 1547.952026 -2319.429199
v 10706.607422 1543.222778 -2341.862061
v 10685.078125 1550.231323 -2333.311523
v 10704.713867 1574.827515 -2277.931396
v 10690.537109 1595.368530 -2262.522949
v 10696.604492 1562.057007 -2292.907471
v 10681.597656 1581.341919 -2274.218262
v 10667.347656 1600.640503 -2262.089111
v 10690.438477 1554.798218 -2311.981445
v 10664.489258 1558.887329 -2324.613770
v 10668.668945 1563.204468 -2305.082520
v 10644.872070 1569.182739 -2315.677490
v 10673.917969 1569.864868 -2287.696289
v 10659.060547 1588.633667 -2271.982178
v 10644.522461 1606.437866 -2263.235840
v 10647.901367 1572.992065 -2298.622559
v 10626.236328 1580.873901 -2306.841064
v 10652.147461 1578.775757 -2283.514648
v 10637.561523 1596.906860 -2271.311035
v 10622.294922 1612.894409 -2265.710449
v 10628.471680 1584.186157 -2293.008545
v 10608.573242 1593.742798 -2298.420654
v 10617.510742 1606.409546 -2272.320312
v 10600.461914 1619.630493 -2268.807129
v 10598.215820 1616.501587 -2274.160889
v 10631.825195 1589.000854 -2280.723877
v 10613.416992 1600.794312 -2279.681885
v 10595.967773 1613.371460 -2279.516357
v 10593.716797 1610.236450 -2284.872803
v 10610.670898 1596.859497 -2288.629395
v 10591.465820 1607.101929 -2290.235352
v 10407.347656 2110.838379 -2196.693848
v 10419.586914 2131.017090 -2197.156006
v 10409.623047 2112.297607 -2191.667725
v 10420.242188 2131.022705 -2196.528564
v 10400.121094 2092.328369 -2187.569092
v 10412.614258 2113.046387 -2187.381836
v 10420.897461 2131.028076 -2195.900879
v 10396.174805 2089.960938 -2196.548584
v 10421.550781 2131.037109 -2195.277588
v 10392.571289 2070.342285 -2184.770020
v 10386.848633 2068.080566 -2196.925781
v 10379.625977 2045.443970 -2197.532471
v 10417.050781 2112.368896 -2184.551025
v 10422.206055 2131.045654 -2194.647461
v 10422.208984 2110.981689 -2182.453613
v 10413.266602 2092.437988 -2174.980957
v 10422.485352 2090.190674 -2171.349121
v 10410.729492 2070.479736 -2167.385254
v 10423.220703 2068.364990 -2162.099365
v 10405.376953 2093.530762 -2179.941162
v 10424.116211 2045.756958 -2154.942871
v 10399.962891 2071.495361 -2174.363525
v 10409.160156 2047.134888 -2161.744141
v 10424.887695 2022.624146 -2150.096191
v 10386.968750 2046.986694 -2182.984375
v 10374.743164 2022.309204 -2198.095459
v 10396.166992 2047.777466 -2170.437256
v 10383.293945 2022.908081 -2181.949219
v 10381.362305 1998.724487 -2181.658447
v 10371.977539 1999.086304 -2198.739014
v 10393.778320 2023.220337 -2167.952637
v 10408.282227 2023.056763 -2158.035400
v 10392.693359 1998.549927 -2166.789307
v 10408.098633 1998.863159 -2156.067383
v 10425.666992 1999.387329 -2147.335205
v 10392.802734 1974.464478 -2166.843506
v 10408.619141 1975.161987 -2155.672607
v 10426.595703 1976.459351 -2146.448975
v 10381.004883 1975.033081 -2182.108887
v 10371.101562 1976.174438 -2199.587891
v 10393.841797 1951.193481 -2167.843750
v 10381.924805 1952.108276 -2183.174805
v 10371.857422 1953.933228 -2200.707520
v 10409.717773 1952.227173 -2156.556396
v 10427.750977 1954.199585 -2147.164795
v 10395.566406 1928.924438 -2169.540771
v 10383.850586 1930.185913 -2184.731934
v 10373.987305 1932.691284 -2202.166992
v 10411.288086 1930.295288 -2158.439453
v 10429.207031 1932.945190 -2149.248535
v 10398.174805 1907.785522 -2172.135010
v 10386.917969 1909.341431 -2186.872314
v 10377.489258 1912.434692 -2203.854736
v 10382.369141 1893.125122 -2205.654541
v 10413.415039 1909.445435 -2161.467529
v 10430.855469 1912.675171 -2152.681885
v 10432.583008 1893.355103 -2157.475098
v 10391.276367 1889.629517 -2189.698242
v 10388.676758 1874.712280 -2207.504639
v 10416.200195 1889.729126 -2165.782471
v 10434.323242 1874.931274 -2163.675049
v 10401.875977 1887.876343 -2175.841064
v 10396.852539 1871.030151 -2193.072266
v 10396.483398 1857.139771 -2209.340332
v 10419.513672 1871.130005 -2171.314697
v 10436.016602 1857.343140 -2171.354004
v 10403.588867 1853.512329 -2196.873535
v 10405.568359 1840.466431 -2211.357422
v 10406.530273 1869.192017 -2180.505859
v 10423.227539 1853.604858 -2178.001465
v 10437.866211 1840.647095 -2180.297363
v 10411.991211 1851.706665 -2185.990234
v 10411.502930 1837.418823 -2201.322510
v 10415.723633 1824.734497 -2213.739746
v 10427.568359 1837.504761 -2185.874512
v 10440.066406 1824.887329 -2190.318359
v 10420.639648 1823.059204 -2206.655762
v 10426.415039 1809.478394 -2216.309326
v 10430.425781 1809.506958 -2212.450684
v 10418.448242 1835.909546 -2192.488770
v 10426.114258 1822.236450 -2200.210693
v 10434.429688 1809.534302 -2208.592285
v 10438.434570 1809.561401 -2204.734619
v 10432.774414 1823.132935 -2194.978271
v 10442.438477 1809.589966 -2200.881104
v 10362.387695 1819.492310 -2728.112305
v 10371.351562 1844.737915 -2743.280273
v 10356.303711 1825.321411 -2727.935303
v 10370.804688 1845.826782 -2742.814697
v 10343.904297 1805.272095 -2710.726318
v 10351.693359 1831.362915 -2726.519043
v 10370.262695 1846.917358 -2742.349365
v 10354.955078 1794.996704 -2711.158203
v 10369.715820 1848.006470 -2741.883545
v 10334.970703 1786.087769 -2689.599609
v 10349.808594 1772.026489 -2691.455811
v 10346.673828 1751.213257 -2669.009766
v 10350.046875 1837.835571 -2722.625000
v 10369.170898 1849.097534 -2741.421143
v 10349.877930 1844.524780 -2717.497070
v 10332.721680 1827.637573 -2701.292236
v 10332.592773 1839.731567 -2692.290283
v 10319.387695 1817.239136 -2676.530762
v 10318.648438 1834.352173 -2665.313232
v 10335.583008 1815.999878 -2708.150391
v 10308.313477 1827.901245 -2636.996826
v 10323.651367 1800.902710 -2685.405273
v 10309.970703 1806.527954 -2649.145020
v 10301.793945 1819.942261 -2607.833496
v 10329.147461 1768.214478 -2665.133057
v 10345.233398 1733.154175 -2643.901123
v 10315.596680 1786.279663 -2659.198975
v 10326.028320 1752.080444 -2638.008545
v 10325.436523 1737.760864 -2609.089355
v 10345.476562 1717.735474 -2616.787354
v 10311.020508 1772.347778 -2630.564453
v 10304.325195 1795.410522 -2620.011963
v 10309.635742 1759.339722 -2600.445312
v 10302.155273 1784.218384 -2589.876709
v 10298.833008 1810.867554 -2578.236328
v 10311.098633 1747.493286 -2569.842529
v 10303.101562 1773.304077 -2559.534180
v 10299.125977 1801.102905 -2548.656250
v 10327.161133 1725.316284 -2579.301758
v 10347.360352 1704.816528 -2588.369385
v 10314.725586 1736.702759 -2539.317383
v 10330.706055 1714.558228 -2549.286865
v 10350.713867 1694.188843 -2559.374268
v 10306.529297 1762.771118 -2529.493408
v 10302.194336 1791.021851 -2519.561523
v 10319.874023 1726.863647 -2509.381104
v 10335.605469 1705.293579 -2519.641602
v 10355.369141 1685.640259 -2530.518311
v 10311.829102 1752.724243 -2500.224121
v 10307.588867 1781.011841 -2491.406494
v 10326.788086 1718.169312 -2480.202393
v 10341.943359 1697.667114 -2490.512695
v 10361.041992 1679.175171 -2501.897217
v 10367.493164 1674.798950 -2473.575195
v 10319.108398 1743.246216 -2471.895752
v 10315.102539 1770.931030 -2464.344238
v 10324.550781 1760.653442 -2438.505127
v 10349.793945 1691.809204 -2462.026611
v 10374.581055 1672.548462 -2445.577637
v 10335.721680 1710.821411 -2451.948486
v 10358.833008 1687.675659 -2434.338379
v 10382.201172 1672.463989 -2417.891846
v 10328.471680 1734.422729 -2444.653076
v 10335.855469 1750.077026 -2413.946045
v 10339.614258 1726.141235 -2418.674072
v 10348.968750 1739.111450 -2390.718262
v 10346.256836 1704.713989 -2424.839600
v 10368.776367 1685.220581 -2407.542725
v 10390.459961 1674.177612 -2390.848145
v 10352.287109 1718.287964 -2394.080566
v 10363.586914 1728.192749 -2368.826416
v 10358.026367 1699.745483 -2399.040283
v 10379.857422 1684.521362 -2382.217041
v 10399.491211 1677.357788 -2364.723633
v 10366.509766 1711.351196 -2371.294678
v 10379.458984 1717.726929 -2348.260986
v 10392.372070 1685.690063 -2358.855713
v 10408.801758 1681.194702 -2339.235107
v 10405.543945 1687.771851 -2336.550781
v 10371.276367 1696.315796 -2375.198975
v 10386.340820 1694.847290 -2353.887939
v 10402.289062 1694.356323 -2333.863037
v 10399.024414 1700.945190 -2331.173340
v 10382.397461 1705.797729 -2350.662842
v 10395.760742 1707.541870 -2328.483154
vn 0.7493 0.6620 -0.0175
vn 0.8062 0.5755 0.1374
vn 0.8123 0.5668 0.1371
vn 0.8061 0.5756 0.1374
vn 0.7493 0.6620 -0.0173
vn 0.8079 0.5773 0.1186
vn 0.8326 0.4643 0.3021
vn 0.8123 0.5668 0.1373
vn 0.8083 0.5687 0.1523
vn 0.8418 0.5288 0.1082
vn 0.7777 0.6261 -0.0567
vn 0.7492 0.6621 -0.0175
vn 0.7779 0.6259 -0.0564
vn 0.7222 0.6878 -0.0734
vn 0.7471 0.6551 -0.1128
vn 0.7221 0.6879 -0.0735
vn 0.7778 0.6260 -0.0565
vn 0.9012 0.3705 0.2250
vn 0.8594 0.4274 0.2808
vn 0.8608 0.3873 0.3301
vn 0.9011 0.3707 0.2250
vn 0.8826 0.4667 0.0560
vn 0.8594 0.4273 0.2809
vn 0.9010 0.3708 0.2250
vn 0.8609 0.3872 0.3301
vn 0.8997 0.3362 0.2784
vn 0.8201 0.5628 -0.1030
vn 0.8826 0.4667 0.0563
vn 0.9186 0.3951 0.0056
vn 0.8333 0.5151 -0.2006
vn 0.7934 0.5888 -0.1543
vn 0.8595 0.4889 -0.1489
vn 0.8998 0.3361 0.2780
vn 0.9408 0.2959 0.1651
vn 0.9409 0.2959 0.1650
vn 0.9187 0.3950 0.0054
vn 0.9012 0.3705 0.2249
vn 0.9407 0.2647 0.2123
vn 0.9408 0.2960 0.1652
vn 0.8999 0.3361 0.2780
vn 0.8595 0.4890 -0.1488
vn 0.8933 0.3958 -0.2129
vn 0.8335 0.5151 -0.2000
vn 0.8596 0.4888 -0.1488
vn 0.9187 0.3950 0.0056
vn 0.8932 0.3960 -0.2130
vn 0.8652 0.4284 -0.2607
vn 0.8335 0.5149 -0.2003
vn 0.8933 0.3957 -0.2130
vn 0.9408 0.2958 0.1652
vn 0.9406 0.2649 0.2123
vn 0.9721 0.2115 0.1016
vn 0.9721 0.2116 0.1017
vn 0.9721 0.1764 0.1544
vn 0.9929 0.0820 0.0862
vn 0.9507 0.3038 -0.0621
vn 0.9186 0.3951 0.0053
vn 0.9720 0.2118 0.1013
vn 0.9186 0.3951 0.0057
vn 0.9506 0.3042 -0.0621
vn 0.9999 -0.0033 0.0136
vn 0.9993 0.0107 -0.0369
vn 0.9715 0.1987 -0.1289
vn 0.9506 0.3041 -0.0619
vn 0.9937 0.1069 0.0348
vn 0.9715 0.1990 -0.1291
vn 0.9173 0.2880 -0.2751
vn 0.9507 0.3038 -0.0622
vn 0.9715 0.1990 -0.1290
vn 0.9779 0.0925 -0.1872
vn 0.9993 0.0107 -0.0368
vn 0.9789 0.0853 -0.1854
vn 0.9937 0.1070 0.0348
vn 0.9715 0.1986 -0.1294
vn 0.9779 0.0928 -0.1873
vn 0.9172 0.2883 -0.2749
vn 0.9272 0.1875 -0.3243
vn 0.9172 0.2885 -0.2750
vn 0.9779 0.0927 -0.1874
vn 0.9712 0.0169 -0.2376
vn 0.9779 0.0927 -0.1876
vn 0.9993 0.0104 -0.0372
vn 0.9780 0.0927 -0.1869
vn 0.9713 0.0172 -0.2374
vn 0.9272 0.1874 -0.3243
vn 0.9993 0.0105 -0.0370
vn 0.9999 -0.0036 0.0139
vn 0.9936 -0.0644 -0.0927
vn 0.9936 -0.0643 -0.0927
vn 0.9712 0.0172 -0.2376
vn 0.9993 0.0105 -0.0371
vn 0.9948 -0.0915 -0.0448
vn 0.9936 -0.0641 -0.0927
vn 0.9999 -0.0037 0.0137
vn 0.9272 0.1874 -0.3244
vn 0.9239 0.0995 -0.3694
vn 0.9043 0.2182 -0.3670
vn 0.9240 0.0995 -0.3693
vn 0.9713 0.0173 -0.2374
vn 0.9012 0.1238 -0.4152
vn 0.9041 0.2186 -0.3671
vn 0.9803 -0.1497 -0.1286
vn 0.9600 -0.0503 -0.2754
vn 0.9936 -0.0645 -0.0931
vn 0.9551 -0.2742 -0.1120
vn 0.9277 -0.3496 -0.1308
vn 0.9594 -0.2324 -0.1600
vn 0.8814 -0.0513 -0.4695
vn 0.9086 0.0269 -0.4169
vn 0.9413 -0.1288 -0.3119
vn 0.8532 -0.0362 -0.5203
vn 0.8842 0.0448 -0.4649
vn 0.8816 -0.0509 -0.4693
vn 0.9413 -0.1287 -0.3119
vn 0.9136 -0.2103 -0.3480
vn 0.8815 -0.0509 -0.4694
vn 0.9343 -0.3085 -0.1789
vn 0.9137 -0.2101 -0.3479
vn 0.9594 -0.2324 -0.1598
vn 0.8488 -0.1089 -0.5174
vn 0.8815 -0.0510 -0.4693
vn 0.9136 -0.2104 -0.3479
vn 0.8107 -0.1714 -0.5599
vn 0.7802 -0.1502 -0.6073
vn 0.8490 -0.1091 -0.5171
vn 0.7801 -0.1505 -0.6073
vn 0.8107 -0.1715 -0.5599
vn 0.7392 -0.1952 -0.6445
vn 0.7665 -0.2327 -0.5986
vn 0.7393 -0.1952 -0.6444
vn 0.8106 -0.1715 -0.5600
vn 0.7666 -0.2328 -0.5985
vn 0.6997 -0.2450 -0.6711
vn 0.7392 -0.1953 -0.6445
vn 0.8107 -0.1716 -0.5598
vn 0.8839 -0.2740 -0.3791
vn 0.7666 -0.2326 -0.5985
vn 0.8666 -0.4497 -0.2163
vn 0.9028 -0.3822 -0.1973
vn 0.8614 -0.4850 -0.1509
vn 0.8664 -0.4500 -0.2163
vn 0.8837 -0.2741 -0.3794
vn 0.9028 -0.3822 -0.1970
vn 0.8615 -0.4849 -0.1507
vn 0.8298 -0.5312 -0.1711
vn 0.8665 -0.4500 -0.2162
vn 0.8455 -0.3412 -0.4106
vn 0.7667 -0.2327 -0.5984
vn 0.8664 -0.4502 -0.2163
vn 0.8455 -0.3409 -0.4111
vn 0.8838 -0.2739 -0.3794
vn 0.7305 -0.2949 -0.6160
vn 0.6996 -0.2453 -0.6712
vn 0.7666 -0.2330 -0.5984
vn 0.8454 -0.3413 -0.4108
vn 0.7308 -0.2947 -0.6157
vn 0.8248 -0.5102 -0.2439
vn 0.8299 -0.5312 -0.1708
vn 0.8299 -0.5311 -0.1710
vn 0.8067 -0.5409 -0.2381
vn 0.8247 -0.5103 -0.2437
vn 0.7258 -0.3596 -0.5864
vn 0.7057 -0.3075 -0.6383
vn 0.7307 -0.2944 -0.6159
vn 0.7258 -0.3595 -0.5865
vn 0.7622 -0.4151 -0.4967
vn 0.7056 -0.3077 -0.6383
vn 0.7996 -0.4078 -0.4409
vn 0.7307 -0.2948 -0.6158
vn 0.8455 -0.3411 -0.4107
vn 0.7259 -0.3596 -0.5863
vn 0.7630 -0.4578 -0.4563
vn 0.7542 -0.4558 -0.4727
vn 0.7994 -0.4078 -0.4413
vn 0.8248 -0.5101 -0.2440
vn 0.7977 -0.5152 -0.3134
vn 0.7979 -0.5151 -0.3130
vn 0.8068 -0.5408 -0.2381
vn 0.7978 -0.5151 -0.3134
vn 0.7632 -0.4695 -0.4439
vn 0.7629 -0.4578 -0.4566
vn 0.8068 -0.5408 -0.2380
vn 0.7857 -0.4660 -0.4069
vn 0.7979 -0.5152 -0.3129
vn 0.1857 0.8461 -0.4996
vn 0.1935 0.8370 -0.5119
vn 0.1811 0.8417 -0.5086
vn 0.1813 0.8417 -0.5087
vn 0.0075 0.8238 -0.5669
vn 0.1701 0.8363 -0.5213
vn -0.0582 0.8139 -0.5781
vn 0.1702 0.8364 -0.5210
vn 0.0075 0.8239 -0.5667
vn 0.0076 0.8238 -0.5668
vn 0.0176 0.7961 -0.6049
vn -0.0441 0.7854 -0.6174
vn -0.0580 0.8138 -0.5783
vn 0.0173 0.7961 -0.6049
vn 0.3695 0.8301 -0.4177
vn 0.1934 0.8370 -0.5118
vn 0.1975 0.8416 -0.5026
vn 0.1933 0.8369 -0.5120
vn 0.3696 0.8300 -0.4177
vn 0.2139 0.8089 -0.5477
vn 0.2162 0.8372 -0.5023
vn 0.3692 0.8301 -0.4180
vn 0.1975 0.8416 -0.5028
vn 0.3694 0.8300 -0.4179
vn 0.4220 0.8214 -0.3837
vn 0.3692 0.8301 -0.4179
vn 0.4221 0.8213 -0.3838
vn 0.3978 0.7994 -0.4503
vn 0.3979 0.7993 -0.4504
vn 0.2139 0.8089 -0.5476
vn 0.3692 0.8301 -0.4178
vn 0.4490 0.7917 -0.4142
vn 0.3980 0.7993 -0.4502
vn 0.4126 0.7559 -0.5083
vn 0.3978 0.7994 -0.4502
vn 0.4491 0.7917 -0.4141
vn 0.3978 0.7994 -0.4504
vn 0.4126 0.7558 -0.5084
vn 0.2138 0.8090 -0.5475
vn 0.4126 0.7559 -0.5084
vn 0.4487 0.7918 -0.4145
vn 0.4644 0.7489 -0.4728
vn 0.2461 0.7583 -0.6037
vn 0.2136 0.8090 -0.5476
vn 0.2139 0.8091 -0.5474
vn 0.2458 0.7582 -0.6039
vn 0.0170 0.7961 -0.6049
vn 0.4126 0.7559 -0.5082
vn 0.4642 0.7490 -0.4728
vn 0.4463 0.6953 -0.5634
vn 0.4124 0.7561 -0.5083
vn 0.4366 0.6967 -0.5692
vn 0.2460 0.7584 -0.6036
vn 0.0580 0.7532 -0.6553
vn 0.2691 0.6979 -0.6637
vn 0.0582 0.7532 -0.6552
vn 0.0903 0.6893 -0.7188
vn -0.0031 0.7435 -0.6687
vn 0.2695 0.6977 -0.6637
vn 0.0904 0.6893 -0.7188
vn 0.0582 0.7531 -0.6553
vn 0.0330 0.6798 -0.7326
vn -0.0031 0.7435 -0.6688
vn 0.0903 0.6892 -0.7189
vn 0.3001 0.6206 -0.7244
vn 0.2696 0.6977 -0.6637
vn 0.4678 0.6196 -0.6303
vn 0.2697 0.6978 -0.6636
vn 0.2995 0.6205 -0.7248
vn 0.0902 0.6894 -0.7188
vn 0.0902 0.6895 -0.7186
vn 0.1239 0.6130 -0.7803
vn 0.0329 0.6799 -0.7325
vn 0.1238 0.6132 -0.7801
vn 0.0901 0.6893 -0.7189
vn 0.2997 0.6206 -0.7246
vn 0.0626 0.6041 -0.7944
vn 0.0330 0.6800 -0.7325
vn 0.1240 0.6131 -0.7802
vn 0.1237 0.6129 -0.7805
vn 0.2998 0.6205 -0.7247
vn 0.1532 0.5169 -0.8422
vn 0.1005 0.5163 -0.8505
vn 0.1241 0.6130 -0.7802
vn 0.1528 0.5168 -0.8424
vn 0.3283 0.5240 -0.7859
vn 0.2998 0.6206 -0.7246
vn 0.4897 0.5240 -0.6969
vn 0.3282 0.5237 -0.7862
vn 0.2999 0.6206 -0.7245
vn 0.5418 0.5174 -0.6624
vn 0.5105 0.4190 -0.7509
vn 0.4897 0.5238 -0.6971
vn 0.3559 0.4185 -0.8356
vn 0.3718 0.3347 -0.8659
vn 0.1887 0.4215 -0.8870
vn 0.5601 0.3328 -0.7586
vn 0.5136 0.3374 -0.7889
vn 0.5477 0.4289 -0.7184
vn 0.1884 0.4217 -0.8870
vn 0.2128 0.3314 -0.9192
vn 0.1360 0.4214 -0.8966
vn 0.2130 0.3314 -0.9191
vn 0.1885 0.4213 -0.8871
vn 0.3716 0.3347 -0.8659
vn 0.1619 0.3246 -0.9319
vn 0.1361 0.4215 -0.8966
vn 0.2131 0.3315 -0.9191
vn 0.3720 0.3349 -0.8657
vn 0.3840 0.2557 -0.8872
vn 0.2131 0.3313 -0.9191
vn 0.5601 0.3330 -0.7585
vn 0.5328 0.2506 -0.8083
vn 0.5137 0.3375 -0.7888
vn 0.3841 0.2561 -0.8871
vn 0.5136 0.3375 -0.7889
vn 0.5849 0.2425 -0.7740
vn 0.5327 0.2507 -0.8083
vn 0.5601 0.3329 -0.7585
vn 0.2171 0.2428 -0.9455
vn 0.1621 0.3244 -0.9319
vn 0.2131 0.3314 -0.9191
vn 0.2171 0.2429 -0.9455
vn 0.2130 0.3313 -0.9192
vn 0.3840 0.2560 -0.8872
vn 0.2172 0.2431 -0.9454
vn 0.1608 0.2290 -0.9601
vn 0.5328 0.2507 -0.8083
vn 0.5848 0.2427 -0.7740
vn 0.5533 0.1656 -0.8164
vn 0.2172 0.2429 -0.9454
vn 0.2169 0.1504 -0.9645
vn 0.1610 0.2291 -0.9600
vn 0.2163 0.1497 -0.9648
vn 0.2171 0.2429 -0.9454
vn 0.3920 0.1729 -0.9036
vn 0.1531 0.1286 -0.9798
vn 0.1609 0.2290 -0.9600
vn 0.2167 0.1500 -0.9647
vn 0.1534 0.1290 -0.9797
vn 0.2166 0.1499 -0.9647
vn 0.1452 0.0445 -0.9884
vn 0.5750 0.0708 -0.8151
vn 0.5535 0.1656 -0.8162
vn 0.6192 0.0630 -0.7827
vn 0.3917 0.1730 -0.9037
vn 0.3934 0.0816 -0.9157
vn 0.2164 0.1500 -0.9647
vn 0.5751 0.0707 -0.8150
vn 0.3935 0.0816 -0.9157
vn 0.5535 0.1656 -0.8163
vn 0.1811 -0.1055 -0.9778
vn 0.1105 -0.1757 -0.9782
vn 0.1078 -0.1132 -0.9877
vn 0.1890 -0.0218 -0.9817
vn 0.4005 -0.0007 -0.9163
vn 0.1811 -0.1051 -0.9778
vn 0.5947 -0.0876 -0.7992
vn 0.5864 -0.0127 -0.8099
vn 0.6501 -0.0911 -0.7544
vn 0.5949 -0.0876 -0.7990
vn 0.4008 -0.0011 -0.9162
vn 0.5865 -0.0128 -0.8098
vn 0.6501 -0.0912 -0.7544
vn 0.6500 -0.1589 -0.7431
vn 0.4007 -0.0919 -0.9116
vn 0.1811 -0.1053 -0.9778
vn 0.4005 -0.0009 -0.9163
vn 0.5949 -0.0877 -0.7990
vn 0.4010 -0.0922 -0.9114
vn 0.4006 -0.0011 -0.9163
vn 0.1882 -0.1805 -0.9654
vn 0.1811 -0.1056 -0.9778
vn 0.4007 -0.0920 -0.9116
vn 0.1881 -0.1803 -0.9655
vn 0.1883 -0.1806 -0.9654
vn 0.1626 -0.2091 -0.9643
vn 0.5988 -0.1950 -0.7768
vn 0.5867 -0.1651 -0.7928
vn 0.2368 -0.2233 -0.9456
vn 0.1625 -0.2093 -0.9643
vn 0.1881 -0.1810 -0.9653
vn 0.2366 -0.2235 -0.9455
vn 0.3415 -0.2163 -0.9147
vn 0.1623 -0.2091 -0.9643
vn 0.2370 -0.2233 -0.9455
vn 0.3731 -0.2440 -0.8951
vn 0.3418 -0.2164 -0.9145
vn 0.3982 -0.1762 -0.9002
vn 0.1881 -0.1807 -0.9654
vn 0.4006 -0.0919 -0.9116
vn 0.3983 -0.1761 -0.9002
vn 0.4010 -0.0921 -0.9114
vn 0.5868 -0.1651 -0.7927
vn 0.2369 -0.2233 -0.9455
vn 0.3896 -0.2365 -0.8901
vn 0.3730 -0.2440 -0.8952
vn 0.3895 -0.2364 -0.8902
vn 0.2369 -0.2234 -0.9455
vn 0.3982 -0.1761 -0.9002
vn 0.3879 -0.2694 -0.8815
vn 0.3731 -0.2441 -0.8951
vn 0.3897 -0.2364 -0.8901
vn 0.3878 -0.2696 -0.8814
vn 0.3896 -0.2363 -0.8902
vn 0.4028 -0.2442 -0.8821
vn 0.3984 -0.1759 -0.9002
vn 0.5868 -0.1651 -0.7928
vn 0.5367 -0.2127 -0.8165
vn 0.5367 -0.2126 -0.8165
vn 0.3898 -0.2364 -0.8900
vn 0.3982 -0.1760 -0.9003
vn 0.5367 -0.2125 -0.8166
vn 0.4028 -0.2441 -0.8821
vn 0.4750 -0.0189 0.8798
vn 0.4759 -0.0355 0.8788
vn 0.4905 -0.0450 0.8703
vn 0.6207 0.0532 0.7823
vn 0.4897 -0.0276 0.8715
vn 0.4906 -0.0453 0.8702
vn 0.4906 -0.0452 0.8702
vn 0.3314 -0.1270 0.9349
vn 0.5179 -0.1093 0.8484
vn 0.6209 0.0531 0.7821
vn 0.4906 -0.0450 0.8702
vn 0.5178 -0.1093 0.8485
vn 0.5176 -0.1095 0.8486
vn 0.3526 -0.1955 0.9151
vn 0.5549 -0.1988 0.8078
vn 0.6957 -0.0922 0.7124
vn 0.6601 -0.0029 0.7511
vn 0.5550 -0.1991 0.8077
vn 0.6956 -0.0925 0.7125
vn 0.7202 -0.1911 0.6670
vn 0.7298 -0.0620 0.6808
vn 0.7593 -0.1562 0.6317
vn 0.7300 -0.0619 0.6806
vn 0.7201 -0.1913 0.6670
vn 0.3872 -0.2857 0.8766
vn 0.5913 -0.2957 0.7503
vn 0.5913 -0.2956 0.7503
vn 0.7200 -0.1916 0.6670
vn 0.5549 -0.1990 0.8077
vn 0.3872 -0.2858 0.8766
vn 0.3370 -0.3092 0.8893
vn 0.4254 -0.3754 0.8235
vn 0.7201 -0.1914 0.6670
vn 0.7471 -0.2929 0.5967
vn 0.7591 -0.1563 0.6319
vn 0.7202 -0.1916 0.6668
vn 0.5914 -0.2958 0.7502
vn 0.7470 -0.2929 0.5969
vn 0.7850 -0.2512 0.5662
vn 0.7592 -0.1563 0.6318
vn 0.7471 -0.2928 0.5967
vn 0.7849 -0.2511 0.5664
vn 0.7470 -0.2928 0.5969
vn 0.7998 -0.3494 0.4880
vn 0.4254 -0.3755 0.8235
vn 0.3754 -0.3993 0.8364
vn 0.4610 -0.4723 0.7513
vn 0.4257 -0.3753 0.8234
vn 0.4610 -0.4728 0.7510
vn 0.5912 -0.2959 0.7503
vn 0.3757 -0.3993 0.8363
vn 0.4053 -0.4992 0.7658
vn 0.4609 -0.4726 0.7511
vn 0.4610 -0.4726 0.7511
vn 0.4054 -0.4992 0.7658
vn 0.4333 -0.5905 0.6809
vn 0.6172 -0.3970 0.6794
vn 0.6355 -0.4921 0.5950
vn 0.7470 -0.2930 0.5968
vn 0.6354 -0.4922 0.5950
vn 0.6173 -0.3970 0.6792
vn 0.4611 -0.4725 0.7511
vn 0.7665 -0.3865 0.5130
vn 0.7469 -0.2931 0.5968
vn 0.6355 -0.4922 0.5949
vn 0.8001 -0.3493 0.4877
vn 0.7469 -0.2930 0.5969
vn 0.7668 -0.4778 0.4287
vn 0.7970 -0.4402 0.4135
vn 0.7999 -0.3494 0.4879
vn 0.7562 -0.5853 0.2927
vn 0.7599 -0.5363 0.3673
vn 0.6362 -0.6759 0.3720
vn 0.4602 -0.7237 0.5142
vn 0.4971 -0.7538 0.4298
vn 0.5062 -0.7023 0.5005
vn 0.4972 -0.7537 0.4297
vn 0.5062 -0.7022 0.5007
vn 0.4473 -0.7780 0.4412
vn 0.4971 -0.7538 0.4296
vn 0.4603 -0.7237 0.5141
vn 0.6361 -0.6760 0.3720
vn 0.6301 -0.7137 0.3060
vn 0.7563 -0.5851 0.2926
vn 0.7561 -0.5854 0.2926
vn 0.7593 -0.6136 0.2170
vn 0.7952 -0.5488 0.2578
vn 0.7589 -0.6139 0.2172
vn 0.7562 -0.5853 0.2926
vn 0.6301 -0.7137 0.3061
vn 0.7894 -0.5874 0.1785
vn 0.7950 -0.5491 0.2580
vn 0.7591 -0.6137 0.2172
vn 0.4473 -0.7780 0.4411
vn 0.4773 -0.8029 0.3571
vn 0.4774 -0.8028 0.3571
vn 0.6300 -0.7137 0.3061
vn 0.4972 -0.7538 0.4297
vn 0.4268 -0.8287 0.3621
vn 0.4775 -0.8029 0.3570
vn 0.6300 -0.7138 0.3060
vn 0.6166 -0.7530 0.2300
vn 0.7592 -0.6137 0.2169
vn 0.7553 -0.6410 0.1368
vn 0.6166 -0.7531 0.2296
vn 0.7437 -0.6653 0.0651
vn 0.7792 -0.6260 0.0309
vn 0.7436 -0.6654 0.0652
vn 0.7749 -0.6307 -0.0415
vn 0.4526 -0.8398 0.2997
vn 0.4168 -0.8798 0.2285
vn 0.4527 -0.8398 0.2995
vn 0.3650 -0.8985 0.2439
vn 0.4527 -0.8398 0.2996
vn 0.4170 -0.8797 0.2284
vn 0.6164 -0.7531 0.2300
vn 0.3649 -0.8985 0.2441
vn 0.3260 -0.9277 0.1820
vn 0.4167 -0.8798 0.2286
vn 0.6011 -0.7823 0.1634
vn 0.7438 -0.6652 0.0652
vn 0.6163 -0.7532 0.2298
vn 0.6009 -0.7825 0.1633
vn 0.6165 -0.7530 0.2301
vn 0.7345 -0.6786 -0.0069
vn 0.7751 -0.6305 -0.0415
vn 0.7436 -0.6654 0.0651
vn 0.7438 -0.6652 0.0651
vn 0.7344 -0.6787 -0.0071
vn 0.7345 -0.6785 -0.0068
vn 0.7558 -0.6472 -0.0999
vn 0.7751 -0.6305 -0.0414
vn 0.3888 -0.9062 0.1665
vn 0.4168 -0.8798 0.2287
vn 0.3261 -0.9277 0.1818
vn 0.3066 -0.9438 0.1236
vn 0.3889 -0.9061 0.1665
vn 0.4060 -0.9132 0.0345
vn 0.5148 -0.8560 -0.0465
vn 0.5291 -0.8470 -0.0514
vn 0.3439 -0.9362 0.0728
vn 0.4964 -0.8681 -0.0094
vn 0.4061 -0.9132 0.0348
vn 0.7970 0.4769 0.3707
vn 0.7572 0.3588 0.5458
vn 0.7919 0.4408 0.4226
vn 0.7477 0.3563 0.5603
vn 0.7920 0.4407 0.4226
vn 0.7574 0.3584 0.5457
vn 0.7919 0.4408 0.4225
vn 0.7477 0.3562 0.5604
vn 0.7547 0.3385 0.5621
vn 0.7378 0.3539 0.5748
vn 0.7547 0.3384 0.5620
vn 0.7479 0.3562 0.5602
vn 0.7919 0.4409 0.4226
vn 0.8306 0.3980 0.3895
vn 0.7968 0.4771 0.3708
vn 0.7546 0.3384 0.5622
vn 0.8307 0.3978 0.3895
vn 0.7379 0.3539 0.5746
vn 0.7434 0.3452 0.5728
vn 0.7548 0.3384 0.5619
vn 0.8404 0.4248 0.3365
vn 0.8306 0.3979 0.3895
vn 0.6862 0.2449 0.6850
vn 0.7435 0.3450 0.5729
vn 0.6863 0.2449 0.6849
vn 0.7431 0.3286 0.5830
vn 0.6559 0.2069 0.7259
vn 0.7993 0.2866 0.5281
vn 0.8307 0.3979 0.3893
vn 0.7546 0.3386 0.5621
vn 0.6947 0.1471 0.7041
vn 0.7264 0.1826 0.6626
vn 0.6560 0.2068 0.7259
vn 0.8927 0.3412 0.2943
vn 0.8404 0.4248 0.3366
vn 0.8871 0.3084 0.3435
vn 0.8870 0.3084 0.3438
vn 0.7994 0.2866 0.5280
vn 0.8541 0.1970 0.4813
vn 0.7264 0.1825 0.6626
vn 0.8542 0.1970 0.4813
vn 0.9390 0.2451 0.2413
vn 0.9341 0.2152 0.2849
vn 0.9757 0.1375 0.1706
vn 0.7819 0.1061 0.6143
vn 0.6948 0.1469 0.7040
vn 0.7557 0.0733 0.6508
vn 0.9003 0.1040 0.4227
vn 0.9340 0.2154 0.2849
vn 0.8540 0.1969 0.4815
vn 0.8542 0.1967 0.4813
vn 0.7818 0.1061 0.6145
vn 0.9003 0.1037 0.4227
vn 0.9341 0.2154 0.2848
vn 0.9003 0.1039 0.4226
vn 0.9705 0.1055 0.2167
vn 0.9757 0.1375 0.1705
vn 0.9705 0.1054 0.2171
vn 0.9948 0.0253 0.0987
vn 0.7818 0.1061 0.6144
vn 0.7557 0.0732 0.6508
vn 0.8329 0.0066 0.5534
vn 0.8328 0.0069 0.5535
vn 0.9003 0.1039 0.4227
vn 0.7817 0.1061 0.6146
vn 0.8327 0.0067 0.5537
vn 0.8723 -0.0980 0.4791
vn 0.9003 0.1037 0.4228
vn 0.9360 -0.0042 0.3519
vn 0.9004 0.1038 0.4226
vn 0.8723 -0.0979 0.4790
vn 0.9004 0.1038 0.4225
vn 0.9361 -0.0043 0.3518
vn 0.9702 0.1106 0.2158
vn 0.8723 -0.0981 0.4790
vn 0.8948 -0.2102 0.3939
vn 0.9360 -0.0044 0.3519
vn 0.9573 -0.1230 0.2616
vn 0.9361 -0.0040 0.3518
vn 0.8948 -0.2100 0.3940
vn 0.9705 0.1055 0.2168
vn 0.9361 -0.0043 0.3517
vn 0.9910 -0.0177 0.1327
vn 0.9574 -0.1229 0.2613
vn 0.9906 -0.0252 0.1341
vn 0.9948 0.0255 0.0986
vn 0.9705 0.1054 0.2170
vn 0.9910 -0.0174 0.1327
vn 0.9574 -0.1230 0.2614
vn 0.9577 -0.2242 0.1804
vn 0.9910 -0.0176 0.1327
vn 0.9894 -0.1294 0.0661
vn 0.9948 0.0256 0.0985
vn 0.9894 -0.1296 0.0661
vn 0.9910 -0.0176 0.1328
vn 0.9577 -0.2243 0.1803
vn 0.9894 -0.1291 0.0661
vn 0.9957 -0.0868 0.0320
vn 0.9948 0.0256 0.0987
vn 0.9450 -0.3054 0.1172
vn 0.9578 -0.2241 0.1802
vn 0.9001 -0.3129 0.3032
vn 0.9001 -0.3127 0.3033
vn 0.8787 -0.3290 0.3458
vn 0.8906 -0.3891 0.2353
vn 0.9893 -0.1297 0.0663
vn 0.9777 -0.2100 0.0028
vn 0.9957 -0.0865 0.0322
vn 0.9776 -0.2104 0.0027
vn 0.9894 -0.1294 0.0664
vn 0.9450 -0.3052 0.1173
vn 0.9843 -0.1739 -0.0314
vn 0.9957 -0.0867 0.0321
vn 0.9777 -0.2101 0.0024
vn 0.9451 -0.3049 0.1173
vn 0.8906 -0.3890 0.2354
vn 0.9281 -0.3679 0.0569
vn 0.9281 -0.3678 0.0572
vn 0.9777 -0.2099 0.0026
vn 0.8688 -0.4162 0.2682
vn 0.8693 -0.4634 0.1721
vn 0.8906 -0.3890 0.2356
vn 0.8692 -0.4635 0.1721
vn 0.9282 -0.3677 0.0570
vn 0.8905 -0.3892 0.2356
vn 0.8432 -0.4949 0.2100
vn 0.8693 -0.4634 0.1720
vn 0.8688 -0.4163 0.2682
vn 0.9586 -0.2780 -0.0621
vn 0.9626 -0.2477 -0.1098
vn 0.9843 -0.1735 -0.0316
vn 0.8692 -0.4634 0.1722
vn 0.8433 -0.4947 0.2101
vn 0.8375 -0.5339 0.1168
vn 0.8374 -0.5339 0.1169
vn 0.9011 -0.4337 -0.0030
vn 0.8078 -0.5710 0.1461
vn 0.8376 -0.5338 0.1164
vn 0.8431 -0.4950 0.2101
vn 0.8079 -0.5709 0.1461
vn 0.7673 -0.6327 0.1040
vn 0.9585 -0.2781 -0.0623
vn 0.9315 -0.3390 -0.1316
vn 0.9627 -0.2475 -0.1097
vn 0.9315 -0.3391 -0.1317
vn 0.9586 -0.2778 -0.0620
vn 0.9010 -0.4338 -0.0030
vn 0.9343 -0.3083 -0.1791
vn 0.9627 -0.2473 -0.1095
vn 0.9315 -0.3390 -0.1317
vn 0.9343 -0.3082 -0.1789
vn 0.9316 -0.3390 -0.1313
vn 0.9039 -0.3509 -0.2446
vn 0.9028 -0.3821 -0.1972
vn 0.9040 -0.3507 -0.2445
vn 0.9315 -0.3391 -0.1313
vn 0.9028 -0.3821 -0.1974
vn 0.9315 -0.3390 -0.1318
vn 0.8688 -0.4917 -0.0588
vn 0.8658 -0.4232 -0.2671
vn 0.8652 -0.3910 -0.3140
vn 0.9028 -0.3822 -0.1971
vn 0.8652 -0.3911 -0.3139
vn 0.8658 -0.4232 -0.2672
vn 0.8261 -0.4202 -0.3755
vn 0.8286 -0.5489 -0.1098
vn 0.8688 -0.4917 -0.0587
vn 0.7501 -0.6609 0.0238
vn 0.7857 -0.5956 -0.1669
vn 0.8220 -0.4685 -0.3238
vn 0.8286 -0.5489 -0.1100
vn 0.6546 -0.7527 -0.0703
vn 0.7027 -0.7113 -0.0141
vn 0.6252 -0.7802 -0.0191
vn 0.7730 -0.5133 -0.3729
vn 0.7855 -0.4546 -0.4199
vn 0.8220 -0.4683 -0.3242
vn 0.7283 -0.6467 -0.2265
vn 0.7859 -0.5954 -0.1669
vn 0.6544 -0.7529 -0.0703
vn 0.7278 -0.6473 -0.2264
vn 0.7729 -0.5134 -0.3729
vn 0.7858 -0.5956 -0.1668
vn 0.6434 -0.7519 -0.1436
vn 0.6545 -0.7528 -0.0703
vn 0.6227 -0.7780 -0.0830
vn 0.6230 -0.7778 -0.0829
vn 0.6817 -0.6995 -0.2146
vn 0.6430 -0.7523 -0.1437
vn 0.7310 -0.5716 -0.3727
vn 0.7549 -0.5166 -0.4041
vn 0.7730 -0.5132 -0.3730
vn 0.7312 -0.5714 -0.3727
vn 0.7122 -0.6367 -0.2957
vn 0.7550 -0.5164 -0.4041
vn 0.6859 -0.6770 -0.2669
vn 0.7281 -0.6471 -0.2262
vn 0.6863 -0.6767 -0.2666
vn 0.6829 -0.6708 -0.2892
vn 0.6429 -0.7523 -0.1441
vn 0.6864 -0.6765 -0.2667
vn 0.7281 -0.6470 -0.2266
vn 0.6594 -0.6929 -0.2915
vn 0.6831 -0.6706 -0.2892
vn 0.6862 -0.6767 -0.2667
vn -0.8472 0.4274 -0.3156
vn -0.7590 0.5115 -0.4029
vn -0.8549 0.4228 -0.3006
vn -0.7591 0.5115 -0.4027
vn -0.7216 0.5414 -0.4315
vn -0.7568 0.4808 -0.4428
vn -0.7590 0.5116 -0.4027
vn -0.7566 0.4808 -0.4431
vn -0.8595 0.4131 -0.3010
vn -0.7191 0.5105 -0.4715
vn -0.7567 0.4809 -0.4430
vn -0.7217 0.5413 -0.4315
vn -0.8579 0.4254 -0.2882
vn -0.8596 0.4132 -0.3007
vn -0.8628 0.4135 -0.2908
vn -0.9501 0.2819 -0.1336
vn -0.8712 0.3991 -0.2857
vn -0.9325 0.3153 -0.1760
vn -0.9325 0.3155 -0.1759
vn -0.9389 0.2760 -0.2059
vn -0.9502 0.2818 -0.1334
vn -0.8626 0.3781 -0.3361
vn -0.9389 0.2758 -0.2058
vn -0.9325 0.3156 -0.1759
vn -0.9565 0.2419 -0.1630
vn -0.9500 0.2825 -0.1333
vn -0.9390 0.2753 -0.2060
vn -0.8625 0.3782 -0.3363
vn -0.8626 0.3169 -0.3944
vn -0.9390 0.2755 -0.2057
vn -0.9390 0.2757 -0.2057
vn -0.9379 0.2209 -0.2675
vn -0.9565 0.2418 -0.1631
vn -0.9379 0.2210 -0.2674
vn -0.9390 0.2756 -0.2056
vn -0.8627 0.3167 -0.3943
vn -0.9564 0.1872 -0.2243
vn -0.9565 0.2420 -0.1631
vn -0.9379 0.2209 -0.2674
vn -0.7188 0.3728 -0.5869
vn -0.7558 0.3425 -0.5581
vn -0.7250 0.4470 -0.5240
vn -0.8558 0.2440 -0.4560
vn -0.8559 0.2440 -0.4560
vn -0.7558 0.3426 -0.5581
vn -0.9379 0.2211 -0.2673
vn -0.9292 0.1523 -0.3367
vn -0.8558 0.2439 -0.4563
vn -0.9292 0.1525 -0.3367
vn -0.9380 0.2209 -0.2672
vn -0.9484 0.1187 -0.2941
vn -0.9563 0.1873 -0.2244
vn -0.9292 0.1522 -0.3366
vn -0.7557 0.3425 -0.5582
vn -0.7188 0.3728 -0.5868
vn -0.7386 0.2548 -0.6241
vn -0.7558 0.3426 -0.5580
vn -0.7386 0.2548 -0.6242
vn -0.8558 0.2441 -0.4561
vn -0.7189 0.3728 -0.5868
vn -0.7018 0.2849 -0.6529
vn -0.7386 0.2549 -0.6242
vn -0.7385 0.2548 -0.6242
vn -0.7019 0.2849 -0.6529
vn -0.6723 0.1899 -0.7155
vn -0.9292 0.1524 -0.3367
vn -0.9125 0.0651 -0.4040
vn -0.9484 0.1187 -0.2940
vn -0.9317 0.0317 -0.3618
vn -0.9483 0.1187 -0.2942
vn -0.9124 0.0653 -0.4040
vn -0.9317 0.0315 -0.3619
vn -0.9124 0.0653 -0.4041
vn -0.9004 -0.0701 -0.4293
vn -0.8381 0.1569 -0.5225
vn -0.8557 0.2442 -0.4563
vn -0.7385 0.2547 -0.6242
vn -0.9004 -0.0700 -0.4294
vn -0.8787 -0.0429 -0.4754
vn -0.6414 0.0837 -0.7626
vn -0.6699 0.0513 -0.7406
vn -0.6723 0.1897 -0.7156
vn -0.7615 -0.0500 -0.6463
vn -0.7146 -0.1253 -0.6882
vn -0.8340 -0.1358 -0.5347
vn -0.7146 -0.1252 -0.6882
vn -0.7613 -0.0499 -0.6464
vn -0.6700 0.0512 -0.7406
vn -0.6699 0.0514 -0.7407
vn -0.6414 0.0835 -0.7627
vn -0.6294 -0.0393 -0.7761
vn -0.6294 -0.0391 -0.7761
vn -0.5963 -0.0022 -0.8027
vn -0.6414 0.0836 -0.7626
vn -0.8339 -0.1359 -0.5349
vn -0.7850 -0.2171 -0.5802
vn -0.8539 -0.1573 -0.4962
vn -0.8058 -0.2387 -0.5420
vn -0.8539 -0.1573 -0.4961
vn -0.7851 -0.2171 -0.5801
vn -0.7146 -0.1253 -0.6883
vn -0.6694 -0.1975 -0.7161
vn -0.7384 -0.2914 -0.6082
vn -0.7529 -0.3310 -0.5688
vn -0.8058 -0.2387 -0.5419
vn -0.5781 -0.1087 -0.8087
vn -0.6695 -0.1975 -0.7161
vn -0.6294 -0.0392 -0.7761
vn -0.5389 -0.0798 -0.8386
vn -0.5780 -0.1088 -0.8088
vn -0.5963 -0.0027 -0.8027
vn -0.6695 -0.1976 -0.7161
vn -0.6204 -0.2671 -0.7374
vn -0.7383 -0.2913 -0.6083
vn -0.6693 -0.1973 -0.7163
vn -0.5781 -0.1091 -0.8086
vn -0.7385 -0.2916 -0.6079
vn -0.6892 -0.3776 -0.6184
vn -0.7531 -0.3310 -0.5686
vn -0.6992 -0.4127 -0.5837
vn -0.6890 -0.3777 -0.6186
vn -0.6513 -0.4849 -0.5837
vn -0.4684 -0.1542 -0.8699
vn -0.4082 -0.2065 -0.8892
vn -0.5126 -0.1765 -0.8403
vn -0.5597 -0.3427 -0.7545
vn -0.6890 -0.3778 -0.6185
vn -0.6202 -0.2669 -0.7376
vn -0.5124 -0.1768 -0.8404
vn -0.5597 -0.3428 -0.7545
vn -0.6347 -0.4517 -0.6270
vn -0.5599 -0.3425 -0.7545
vn -0.4497 -0.2323 -0.8625
vn -0.5126 -0.1768 -0.8402
vn -0.4082 -0.2063 -0.8893
vn -0.4497 -0.2319 -0.8625
vn -0.5598 -0.3427 -0.7544
vn -0.5126 -0.1769 -0.8402
vn -0.5774 -0.5212 -0.6285
vn -0.5936 -0.5535 -0.5842
vn -0.6346 -0.4516 -0.6271
vn -0.6347 -0.4514 -0.6272
vn -0.5596 -0.3427 -0.7546
vn -0.5774 -0.5213 -0.6284
vn -0.5439 -0.6145 -0.5714
vn -0.3836 -0.2859 -0.8781
vn -0.4498 -0.2323 -0.8624
vn -0.3417 -0.2568 -0.9041
vn -0.4496 -0.2326 -0.8624
vn -0.3836 -0.2857 -0.8782
vn -0.5598 -0.3427 -0.7545
vn -0.3416 -0.2570 -0.9040
vn -0.2757 -0.3008 -0.9130
vn -0.3837 -0.2859 -0.8781
vn -0.5255 -0.5796 -0.6229
vn -0.5440 -0.6143 -0.5716
vn -0.5255 -0.5795 -0.6229
vn -0.4937 -0.6580 -0.5685
vn -0.5441 -0.6142 -0.5716
vn -0.4959 -0.4045 -0.7684
vn -0.5774 -0.5215 -0.6283
vn -0.5775 -0.5210 -0.6285
vn -0.4960 -0.4047 -0.7683
vn -0.5254 -0.5797 -0.6228
vn -0.3197 -0.3397 -0.8845
vn -0.4960 -0.4046 -0.7683
vn -0.3836 -0.2860 -0.8781
vn -0.4031 -0.6294 -0.6643
vn -0.3232 -0.5693 -0.7559
vn -0.3652 -0.5740 -0.7329
vn -0.4031 -0.6293 -0.6644
vn -0.3187 -0.5577 -0.7664
vn -0.3231 -0.5694 -0.7559
vn -0.3704 -0.5234 -0.7674
vn -0.2928 -0.5776 -0.7620
vn -0.3233 -0.5694 -0.7558
vn -0.3188 -0.5579 -0.7663
vn -0.3705 -0.5234 -0.7673
vn -0.2618 -0.3920 -0.8819
vn -0.2602 -0.4558 -0.8512
vn -0.2603 -0.4557 -0.8512
vn -0.3190 -0.5578 -0.7662
vn -0.2306 -0.3993 -0.8873
vn -0.7868 -0.0138 0.6170
vn -0.5319 -0.1170 0.8387
vn -0.7676 -0.0446 0.6393
vn -0.5404 -0.1847 0.8209
vn -0.4343 -0.1368 0.8903
vn -0.5319 -0.1168 0.8387
vn -0.7866 -0.0140 0.6173
vn -0.7959 -0.0115 0.6053
vn -0.5319 -0.1166 0.8387
vn -0.7958 -0.0115 0.6054
vn -0.5404 -0.1846 0.8209
vn -0.7889 0.0156 0.6143
vn -0.7960 -0.0115 0.6052
vn -0.7867 -0.0140 0.6172
vn -0.4434 -0.1982 0.8741
vn -0.4343 -0.1367 0.8904
vn -0.5403 -0.1847 0.8209
vn -0.7888 0.0153 0.6145
vn -0.8045 0.0016 0.5940
vn -0.7960 -0.0116 0.6052
vn -0.5406 -0.1847 0.8207
vn -0.5707 -0.2781 0.7727
vn -0.4434 -0.1980 0.8742
vn -0.9464 0.1124 0.3028
vn -0.8252 -0.0131 0.5647
vn -0.9664 0.1676 0.1950
vn -0.8051 -0.0901 0.5863
vn -0.9599 0.0502 0.2758
vn -0.8053 -0.0901 0.5860
vn -0.5404 -0.1845 0.8209
vn -0.5405 -0.1847 0.8208
vn -0.8052 -0.0901 0.5861
vn -0.5707 -0.2781 0.7726
vn -0.5089 -0.3834 0.7707
vn -0.5708 -0.2779 0.7726
vn -0.5916 -0.3865 0.7075
vn -0.5090 -0.3833 0.7707
vn -0.5915 -0.3862 0.7078
vn -0.5175 -0.4876 0.7032
vn -0.8118 -0.3199 0.4885
vn -0.5915 -0.3864 0.7077
vn -0.8134 -0.2100 0.5425
vn -0.8118 -0.3203 0.4883
vn -0.8134 -0.2098 0.5426
vn -0.9531 -0.1870 0.2379
vn -0.5909 -0.4887 0.6419
vn -0.5174 -0.4877 0.7031
vn -0.5915 -0.3865 0.7077
vn -0.8118 -0.3201 0.4884
vn -0.5909 -0.4888 0.6418
vn -0.5176 -0.4880 0.7028
vn -0.5909 -0.4889 0.6417
vn -0.5069 -0.5968 0.6220
vn -0.9328 -0.3008 0.1984
vn -0.9531 -0.1866 0.2382
vn -0.9629 -0.2406 0.1220
vn -0.9531 -0.1868 0.2381
vn -0.8118 -0.3203 0.4882
vn -0.9328 -0.3010 0.1981
vn -0.9629 -0.2405 0.1220
vn -0.9300 -0.3609 0.0696
vn -0.7959 -0.4297 0.4264
vn -0.8119 -0.3202 0.4881
vn -0.9328 -0.3007 0.1987
vn -0.5069 -0.5967 0.6220
vn -0.5909 -0.4890 0.6417
vn -0.5716 -0.5969 0.5630
vn -0.5907 -0.4891 0.6417
vn -0.7959 -0.4298 0.4263
vn -0.5719 -0.5967 0.5629
vn -0.7664 -0.5318 0.3603
vn -0.5720 -0.5967 0.5628
vn -0.7959 -0.4298 0.4265
vn -0.9016 -0.4090 0.1408
vn -0.7959 -0.4295 0.4266
vn -0.7664 -0.5319 0.3600
vn -0.9015 -0.4092 0.1408
vn -0.7256 -0.6224 0.2935
vn -0.8583 -0.5058 0.0867
vn -0.7257 -0.6223 0.2935
vn -0.9016 -0.4090 0.1407
vn -0.6819 -0.6936 0.2322
vn -0.5447 -0.6790 0.4922
vn -0.6818 -0.6936 0.2323
vn -0.7257 -0.6223 0.2934
vn -0.8582 -0.5060 0.0868
vn -0.8584 -0.5056 0.0867
vn -0.8903 -0.4548 0.0248
vn -0.8124 -0.5829 0.0179
vn -0.6817 -0.6937 0.2324
vn -0.6358 -0.7535 0.1675
vn -0.5052 -0.7537 0.4204
vn -0.6816 -0.6938 0.2324
vn -0.8123 -0.5829 0.0182
vn -0.6356 -0.7536 0.1675
vn -0.4531 -0.8153 0.3606
vn -0.4423 -0.7568 0.4814
vn -0.5052 -0.7537 0.4205
vn -0.4530 -0.8153 0.3606
vn -0.5051 -0.7538 0.4204
vn -0.6359 -0.7534 0.1673
vn -0.4531 -0.8152 0.3606
vn -0.3836 -0.8271 0.4108
vn -0.4420 -0.7568 0.4815
vn -0.8398 -0.5411 -0.0436
vn -0.7652 -0.6421 -0.0472
vn -0.8125 -0.5827 0.0180
vn -0.7654 -0.6418 -0.0473
vn -0.6357 -0.7535 0.1676
vn -0.8124 -0.5828 0.0180
vn -0.7909 -0.5996 -0.1222
vn -0.7653 -0.6420 -0.0473
vn -0.8398 -0.5411 -0.0433
vn -0.6358 -0.7534 0.1675
vn -0.5739 -0.8136 0.0932
vn -0.4530 -0.8152 0.3608
vn -0.5738 -0.8137 0.0933
vn -0.6355 -0.7537 0.1676
vn -0.7652 -0.6420 -0.0473
vn -0.4530 -0.8153 0.3607
vn -0.3840 -0.8760 0.2917
vn -0.3171 -0.8828 0.3466
vn -0.3838 -0.8269 0.4111
vn -0.3840 -0.8761 0.2915
vn -0.7653 -0.6419 -0.0474
vn -0.7907 -0.5998 -0.1222
vn -0.7026 -0.7010 -0.1223
vn -0.7027 -0.7009 -0.1220
vn -0.5737 -0.8137 0.0933
vn -0.7319 -0.6535 -0.1931
vn -0.7025 -0.7011 -0.1222
vn -0.5091 -0.8604 0.0226
vn -0.3840 -0.8761 0.2917
vn -0.7026 -0.7010 -0.1222
vn -0.5091 -0.8604 0.0228
vn -0.3236 -0.9191 0.2248
vn -0.3838 -0.8762 0.2916
vn -0.2595 -0.9228 0.2849
vn -0.2030 -0.9527 0.2264
vn -0.2594 -0.9228 0.2849
vn -0.3234 -0.9191 0.2249
vn -0.7316 -0.6537 -0.1933
vn -0.6410 -0.7442 -0.1879
vn -0.7025 -0.7011 -0.1221
vn -0.5090 -0.8604 0.0225
vn -0.7027 -0.7009 -0.1221
vn -0.6744 -0.6928 -0.2553
vn -0.6411 -0.7441 -0.1880
vn -0.5089 -0.8605 0.0226
vn -0.4453 -0.8947 -0.0351
vn -0.6409 -0.7443 -0.1878
vn -0.5820 -0.7736 -0.2506
vn -0.5090 -0.8605 0.0226
vn -0.4455 -0.8946 -0.0354
vn -0.5090 -0.8605 0.0227
vn -0.5821 -0.7735 -0.2506
vn -0.5301 -0.7932 -0.2998
vn -0.5824 -0.7733 -0.2506
vn -0.5621 -0.7410 -0.3674
vn -0.5624 -0.7408 -0.3675
vn -0.5052 -0.7621 -0.4049
vn -0.5302 -0.7931 -0.2998
vn -0.1559 -0.9871 -0.0354
vn -0.1181 -0.9919 0.0463
vn -0.1533 -0.9866 0.0552
vn -0.3185 -0.9357 -0.1521
vn -0.1561 -0.9871 -0.0355
vn -0.1533 -0.9866 0.0554
vn -0.3187 -0.9356 -0.1522
vn -0.3897 -0.9167 -0.0883
vn -0.4592 -0.8170 -0.3488
vn -0.2636 -0.9433 -0.2018
vn -0.1559 -0.9871 -0.0355
vn -0.3186 -0.9356 -0.1520
vn -0.2281 -0.9473 -0.2250
vn -0.2423 -0.9510 -0.1922
vn -0.2638 -0.9432 -0.2020
vn -0.2283 -0.9472 -0.2251
vn -0.2637 -0.9432 -0.2019
vn -0.2656 -0.9375 -0.2249
vn -0.3187 -0.9355 -0.1524
vn -0.4593 -0.8170 -0.3488
vn -0.3805 -0.8626 -0.3335
vn -0.3806 -0.8625 -0.3335
vn -0.4592 -0.8169 -0.3490
vn -0.4445 -0.8105 -0.3813
vn -0.4445 -0.8106 -0.3813
vn -0.3178 -0.9199 -0.2299
vn -0.3805 -0.8625 -0.3336
vn 0.6503 0.6872 -0.3238
vn 0.8553 0.5174 0.0264
vn 0.7239 0.6490 -0.2340
vn 0.8535 0.5162 0.0717
vn 0.7237 0.6491 -0.2343
vn 0.8556 0.5170 0.0262
vn 0.7236 0.6492 -0.2343
vn 0.7623 0.5717 -0.3035
vn 0.6502 0.6873 -0.3236
vn 0.7237 0.6491 -0.2344
vn 0.8536 0.5160 0.0719
vn 0.8716 0.4854 0.0692
vn 0.7239 0.6490 -0.2342
vn 0.8716 0.4853 0.0693
vn 0.7622 0.5717 -0.3037
vn 0.8452 0.5252 0.0988
vn 0.8717 0.4851 0.0693
vn 0.8534 0.5163 0.0721
vn 0.6934 0.6070 -0.3881
vn 0.6502 0.6874 -0.3236
vn 0.7623 0.5717 -0.3033
vn 0.8453 0.5251 0.0988
vn 0.8620 0.4961 0.1042
vn 0.8716 0.4853 0.0692
vn 0.7623 0.5715 -0.3037
vn 0.8212 0.4420 -0.3609
vn 0.6935 0.6068 -0.3883
vn 0.7512 0.5034 -0.4270
vn 0.8214 0.4419 -0.3606
vn 0.7512 0.5032 -0.4271
vn 0.8211 0.4422 -0.3609
vn 0.7966 0.3674 -0.4801
vn 0.8796 0.2780 0.3861
vn 0.8715 0.4854 0.0694
vn 0.8619 0.4963 0.1044
vn 0.8783 0.4627 0.1206
vn 0.8796 0.2778 0.3861
vn 0.8620 0.4960 0.1043
vn 0.8796 0.2779 0.3862
vn 0.9212 0.1973 0.3353
vn 0.8716 0.4854 0.0691
vn 0.8971 0.1332 0.4212
vn 0.9211 0.1973 0.3355
vn 0.8530 0.2096 0.4779
vn 0.9186 0.3953 0.0056
vn 0.7625 0.5714 -0.3035
vn 0.8717 0.4851 0.0696
vn 0.8717 0.4852 0.0691
vn 0.9212 0.1974 0.3352
vn 0.7627 0.5712 -0.3034
vn 0.8210 0.4424 -0.3611
vn 0.9186 0.3952 0.0060
vn 0.9614 0.2623 -0.0827
vn 0.8212 0.4420 -0.3610
vn 0.9615 0.2621 -0.0829
vn 0.8563 0.3053 -0.4165
vn 0.7968 0.3672 -0.4799
vn 0.8211 0.4423 -0.3608
vn 0.8566 0.3049 -0.4162
vn 0.7968 0.3670 -0.4801
vn 0.8564 0.3050 -0.4165
vn 0.8177 0.2290 -0.5281
vn 0.9775 0.1344 -0.1625
vn 0.8566 0.3050 -0.4162
vn 0.9615 0.2621 -0.0828
vn 0.8685 0.1742 -0.4641
vn 0.8178 0.2288 -0.5281
vn 0.8564 0.3049 -0.4166
vn 0.8565 0.3048 -0.4165
vn 0.9775 0.1345 -0.1623
vn 0.8683 0.1746 -0.4644
vn 0.8684 0.1745 -0.4642
vn 0.8595 0.0654 -0.5069
vn 0.8179 0.2289 -0.5280
vn 0.8200 0.1168 -0.5603
vn 0.8596 0.0650 -0.5067
vn 0.9912 -0.0066 0.1319
vn 0.9930 -0.1147 0.0291
vn 0.9775 0.1344 -0.1624
vn 0.9711 0.0168 -0.2380
vn 0.9930 -0.1147 0.0289
vn 0.9912 -0.0067 0.1319
vn 0.9821 -0.1474 0.1175
vn 0.9712 0.0168 -0.2377
vn 0.9539 -0.0842 -0.2881
vn 0.8684 0.1743 -0.4642
vn 0.9930 -0.1148 0.0289
vn 0.9765 -0.2122 -0.0383
vn 0.9711 -0.2350 0.0406
vn 0.9765 -0.2120 -0.0386
vn 0.9821 -0.1474 0.1176
vn 0.9285 -0.1672 -0.3317
vn 0.9018 -0.2372 -0.3613
vn 0.8409 -0.0282 -0.5404
vn 0.8410 -0.0283 -0.5404
vn 0.8169 -0.1050 -0.5672
vn 0.8062 0.0156 -0.5915
vn 0.8169 -0.1050 -0.5671
vn 0.8410 -0.0286 -0.5404
vn 0.9017 -0.2372 -0.3614
vn 0.7785 -0.0598 -0.6248
vn 0.8062 0.0158 -0.5915
vn 0.8169 -0.1048 -0.5672
vn 0.9524 -0.2901 -0.0933
vn 0.9474 -0.3193 -0.0232
vn 0.9244 -0.3550 -0.1396
vn 0.9244 -0.3550 -0.1394
vn 0.9018 -0.2371 -0.3614
vn 0.9524 -0.2900 -0.0936
vn 0.9192 -0.3893 -0.0603
vn 0.9473 -0.3194 -0.0234
vn 0.9018 -0.2371 -0.3613
vn 0.8723 -0.2956 -0.3895
vn 0.8169 -0.1049 -0.5671
vn 0.9017 -0.2371 -0.3615
vn 0.9244 -0.3550 -0.1395
vn 0.8723 -0.2953 -0.3898
vn 0.7871 -0.1624 -0.5950
vn 0.7872 -0.1628 -0.5948
vn 0.8724 -0.2953 -0.3896
vn 0.7871 -0.1627 -0.5950
vn 0.7418 -0.1229 -0.6593
vn 0.7784 -0.0599 -0.6249
vn 0.9192 -0.3892 -0.0603
vn 0.8934 -0.4184 -0.1640
vn 0.9243 -0.3550 -0.1400
vn 0.8932 -0.4190 -0.1635
vn 0.8723 -0.2952 -0.3897
vn 0.8851 -0.4570 -0.0879
vn 0.8933 -0.4186 -0.1637
vn 0.9193 -0.3890 -0.0602
vn 0.8725 -0.2953 -0.3894
vn 0.8319 -0.3622 -0.4204
vn 0.7872 -0.1629 -0.5949
vn 0.8317 -0.3620 -0.4210
vn 0.8721 -0.2956 -0.3899
vn 0.8933 -0.4187 -0.1635
vn 0.6125 -0.2868 -0.7366
vn 0.6555 -0.2381 -0.7167
vn 0.7003 -0.2842 -0.6548
vn 0.6528 -0.3325 -0.6807
vn 0.6127 -0.2867 -0.7365
vn 0.7004 -0.2841 -0.6548
vn 0.8093 -0.5505 -0.2051
vn 0.7704 -0.5985 -0.2197
vn 0.7875 -0.4275 -0.4440
vn 0.7459 -0.4776 -0.4643
vn 0.6528 -0.3327 -0.6806
vn 0.7874 -0.4281 -0.4435
vn 0.7249 -0.6487 -0.2318
vn 0.7008 -0.5248 -0.4831
vn 0.7458 -0.4774 -0.4646
vn 0.5239 -0.3675 -0.7685
vn 0.5569 -0.4339 -0.7082
vn 0.5232 -0.4392 -0.7303
vn 0.6731 -0.6938 -0.2560
vn 0.7248 -0.6486 -0.2321
vn 0.6740 -0.7202 -0.1644
vn 0.6738 -0.7204 -0.1644
vn 0.6479 -0.7226 -0.2409
vn 0.6732 -0.6939 -0.2557
vn 0.5442 -0.5071 -0.6684
vn 0.5230 -0.4392 -0.7304
vn 0.5571 -0.4339 -0.7081
vn 0.5857 -0.5816 -0.5646
vn 0.5231 -0.4392 -0.7304
vn 0.5443 -0.5070 -0.6683
vn 0.5713 -0.6271 -0.5295
vn 0.5854 -0.5814 -0.5650
vn 0.6383 -0.5823 -0.5035
vn 0.5570 -0.4340 -0.7081
vn 0.7008 -0.5252 -0.4828
vn 0.6381 -0.5823 -0.5037
vn 0.5443 -0.5071 -0.6682
vn 0.5571 -0.4340 -0.7080
vn 0.5443 -0.5071 -0.6683
vn 0.5784 -0.6329 -0.5146
vn 0.5712 -0.6272 -0.5295
vn 0.5785 -0.6329 -0.5146
vn 0.5444 -0.5071 -0.6682
vn 0.6383 -0.5821 -0.5037
vn 0.5490 -0.6536 -0.5209
vn 0.5711 -0.6272 -0.5297
vn 0.5784 -0.6327 -0.5149
vn 0.5489 -0.6537 -0.5209
vn 0.5786 -0.6327 -0.5146
vn 0.5775 -0.6442 -0.5016
vn 0.6300 -0.7033 -0.3294
vn 0.5784 -0.6328 -0.5148
vn 0.6384 -0.5819 -0.5039
vn 0.6299 -0.7034 -0.3294
vn 0.6730 -0.6940 -0.2557
vn 0.6480 -0.7226 -0.2407
vn 0.6298 -0.7035 -0.3294
vn 0.5787 -0.6326 -0.5147
vn 0.6479 -0.7227 -0.2408
vn 0.6137 -0.6444 -0.4561
vn 0.4382 0.0473 0.8976
vn 0.3404 0.0082 0.9402
vn 0.4678 0.0061 0.8838
vn 0.0053 -0.1107 0.9938
vn 0.0163 -0.0895 0.9958
vn 0.3402 0.0082 0.9403
vn 0.4677 0.0060 0.8839
vn 0.3405 0.0083 0.9402
vn 0.3714 -0.0507 0.9271
vn 0.3404 0.0082 0.9403
vn 0.0079 -0.1000 0.9950
vn 0.3716 -0.0507 0.9270
vn 0.4788 -0.1170 0.8701
vn 0.3921 -0.1758 0.9029
vn 0.4903 -0.2467 0.8359
vn 0.3713 -0.0508 0.9271
vn 0.0332 -0.1810 0.9829
vn 0.3924 -0.1757 0.9029
vn -0.2628 -0.3538 0.8976
vn -0.3155 -0.2457 0.9166
vn -0.4068 -0.2461 0.8798
vn -0.2630 -0.3537 0.8976
vn -0.4143 -0.2490 0.8754
vn -0.3566 -0.3518 0.8655
vn -0.2629 -0.3537 0.8977
vn -0.3571 -0.3517 0.8653
vn -0.2033 -0.4735 0.8570
vn -0.2627 -0.3539 0.8976
vn -0.2030 -0.4738 0.8569
vn 0.0748 -0.3115 0.9473
vn -0.2954 -0.4596 0.8376
vn -0.3570 -0.3518 0.8653
vn -0.2952 -0.4600 0.8374
vn -0.2428 -0.5863 0.7729
vn -0.2031 -0.4737 0.8569
vn 0.3921 -0.1759 0.9029
vn 0.0746 -0.3115 0.9473
vn 0.4063 -0.3078 0.8603
vn 0.4902 -0.2468 0.8359
vn 0.3923 -0.1757 0.9029
vn 0.4060 -0.3080 0.8604
vn 0.4903 -0.2469 0.8359
vn 0.4059 -0.3079 0.8605
vn 0.5100 -0.3680 0.7775
vn 0.1556 -0.5528 0.8187
vn 0.1199 -0.4367 0.8916
vn -0.1401 -0.5957 0.7909
vn 0.1836 -0.6660 0.7230
vn -0.0909 -0.7071 0.7013
vn 0.2196 -0.7471 0.6274
vn -0.0592 -0.7911 0.6088
vn 0.2194 -0.7471 0.6274
vn -0.0909 -0.7072 0.7012
vn 0.2197 -0.7473 0.6272
vn 0.2323 -0.8100 0.5385
vn 0.4645 -0.6362 0.6160
vn 0.4780 -0.7013 0.5288
vn 0.4645 -0.6363 0.6159
vn 0.2323 -0.8100 0.5384
vn 0.4645 -0.6362 0.6161
vn 0.4781 -0.7012 0.5289
vn 0.5355 -0.5874 0.6068
vn 0.5499 -0.6578 0.5147
vn 0.5355 -0.5875 0.6067
vn 0.4780 -0.7013 0.5289
vn 0.4973 -0.7503 0.4356
vn 0.4779 -0.7014 0.5288
vn 0.4972 -0.7503 0.4356
vn 0.4778 -0.7016 0.5287
vn 0.2506 -0.8562 0.4517
vn 0.5687 -0.7063 0.4216
vn 0.5498 -0.6578 0.5148
vn -0.1117 -0.8564 0.5041
vn -0.0139 -0.9062 0.4226
vn -0.0231 -0.8559 0.5166
vn -0.0138 -0.9062 0.4225
vn 0.2507 -0.8563 0.4516
vn -0.0232 -0.8561 0.5163
vn 0.2510 -0.8562 0.4516
vn 0.2679 -0.8981 0.3487
vn 0.4973 -0.7503 0.4355
vn 0.2676 -0.8984 0.3482
vn 0.2508 -0.8564 0.4514
vn -0.0138 -0.9063 0.4225
vn 0.4971 -0.7504 0.4356
vn 0.5136 -0.7887 0.3378
vn 0.5135 -0.7889 0.3377
vn 0.4970 -0.7504 0.4357
vn 0.2680 -0.8981 0.3488
vn 0.5852 -0.7407 0.3299
vn 0.5687 -0.7061 0.4218
vn 0.5135 -0.7887 0.3381
vn -0.0141 -0.9063 0.4224
vn -0.0960 -0.9108 0.4016
vn 0.0017 -0.9457 0.3252
vn 0.0018 -0.9456 0.3252
vn 0.2678 -0.8983 0.3483
vn -0.0138 -0.9063 0.4224
vn -0.0866 -0.9460 0.3125
vn 0.0017 -0.9457 0.3251
vn -0.0962 -0.9107 0.4017
vn 0.2678 -0.8982 0.3485
vn 0.2746 -0.9269 0.2558
vn 0.2677 -0.8983 0.3485
vn 0.0017 -0.9456 0.3252
vn 0.5254 -0.8139 0.2478
vn 0.5852 -0.7408 0.3297
vn 0.5256 -0.8138 0.2480
vn 0.5136 -0.7888 0.3376
vn 0.2747 -0.9269 0.2559
vn -0.0754 -0.9877 0.1366
vn -0.0759 -0.9947 0.0690
vn 0.0105 -0.9879 0.1550
vn 0.4704 -0.8813 -0.0449
vn 0.5502 -0.8348 -0.0204
vn 0.5302 -0.8478 0.0125
vn 0.3039 -0.9496 -0.0769
vn 0.3477 -0.9367 -0.0410
vn 0.2854 -0.9584 0.0013
vn 0.5302 -0.8478 0.0124
vn 0.2856 -0.9534 0.0969
vn 0.4702 -0.8814 -0.0449
vn 0.2885 -0.9548 -0.0713
vn 0.3037 -0.9496 -0.0769
vn 0.2884 -0.9548 -0.0717
vn 0.4692 -0.8819 -0.0456
vn 0.2852 -0.9585 0.0009
vn 0.2809 -0.9531 -0.1131
vn 0.2879 -0.9549 -0.0720
vn 0.2664 -0.9601 -0.0846
vn 0.0915 -0.9943 -0.0544
vn 0.2662 -0.9602 -0.0845
vn 0.2881 -0.9549 -0.0718
vn 0.2665 -0.9601 -0.0844
vn 0.0915 -0.9943 -0.0545
vn 0.2298 -0.9721 -0.0478
vn 0.6847 0.7188 -0.1207
vn 0.7142 0.6960 -0.0740
vn 0.7216 0.6748 -0.1550
vn 0.7217 0.6746 -0.1550
vn 0.6202 0.7307 -0.2853
vn 0.6847 0.7187 -0.1205
vn 0.7508 0.6516 -0.1079
vn 0.7144 0.6958 -0.0736
vn 0.6201 0.7308 -0.2852
vn 0.7216 0.6748 -0.1548
vn 0.6645 0.6603 -0.3499
vn 0.4921 0.7752 -0.3962
vn 0.5373 0.7056 -0.4619
vn 0.4430 0.7836 -0.4355
vn 0.5376 0.7057 -0.4616
vn 0.4920 0.7751 -0.3964
vn 0.6647 0.6602 -0.3497
vn 0.4947 0.7136 -0.4960
vn 0.4429 0.7836 -0.4356
vn 0.5373 0.7056 -0.4620
vn 0.7589 0.6130 -0.2199
vn 0.7215 0.6749 -0.1546
vn 0.7508 0.6517 -0.1077
vn 0.7590 0.6128 -0.2199
vn 0.6648 0.6602 -0.3496
vn 0.7216 0.6749 -0.1546
vn 0.7595 0.6123 -0.2195
vn 0.7511 0.6513 -0.1077
vn 0.7882 0.5878 -0.1825
vn 0.7589 0.6129 -0.2199
vn 0.7881 0.5879 -0.1825
vn 0.7952 0.5331 -0.2888
vn 0.5373 0.7057 -0.4617
vn 0.6643 0.6605 -0.3498
vn 0.6997 0.5795 -0.4179
vn 0.6996 0.5794 -0.4181
vn 0.6647 0.6602 -0.3496
vn 0.7952 0.5333 -0.2885
vn 0.7955 0.5328 -0.2887
vn 0.8202 0.5146 -0.2499
vn 0.8265 0.4333 -0.3593
vn 0.7953 0.5329 -0.2889
vn 0.6998 0.5792 -0.4182
vn 0.5424 0.6309 -0.5547
vn 0.4945 0.7139 -0.4958
vn 0.5789 0.6234 -0.5255
vn 0.5789 0.6233 -0.5257
vn 0.6998 0.5793 -0.4181
vn 0.6153 0.5279 -0.5854
vn 0.6998 0.5792 -0.4181
vn 0.7301 0.4845 -0.4818
vn 0.7545 0.3672 -0.5440
vn 0.7301 0.4848 -0.4817
vn 0.8266 0.4333 -0.3591
vn 0.8460 0.3251 -0.4226
vn 0.7547 0.3671 -0.5438
vn 0.8266 0.4331 -0.3593
vn 0.8530 0.4136 -0.3184
vn 0.8459 0.3252 -0.4227
vn 0.8699 0.3147 -0.3798
vn 0.8459 0.3252 -0.4226
vn 0.8530 0.4138 -0.3182
vn 0.5969 0.4274 -0.6790
vn 0.6153 0.5281 -0.5853
vn 0.6405 0.4116 -0.6483
vn 0.6408 0.4116 -0.6480
vn 0.6154 0.5280 -0.5853
vn 0.7546 0.3670 -0.5440
vn 0.6548 0.2994 -0.6940
vn 0.6408 0.4115 -0.6482
vn 0.7615 0.2578 -0.5947
vn 0.7546 0.3668 -0.5440
vn 0.8459 0.3250 -0.4230
vn 0.7612 0.2579 -0.5950
vn 0.8699 0.3145 -0.3800
vn 0.8493 0.2179 -0.4808
vn 0.8459 0.3250 -0.4228
vn 0.8458 0.3250 -0.4230
vn 0.8709 0.2169 -0.4410
vn 0.8494 0.2179 -0.4807
vn 0.8698 0.3147 -0.3799
vn 0.6548 0.2997 -0.6939
vn 0.6596 0.2117 -0.7212
vn 0.6170 0.3233 -0.7175
vn 0.6230 0.2217 -0.7501
vn 0.6171 0.3232 -0.7174
vn 0.6593 0.2120 -0.7214
vn 0.8493 0.2181 -0.4808
vn 0.8710 0.2165 -0.4409
vn 0.8430 0.1361 -0.5203
vn 0.8430 0.1364 -0.5204
vn 0.7602 0.1714 -0.6267
vn 0.8493 0.2180 -0.4808
vn 0.6472 0.1319 -0.7508
vn 0.6595 0.2117 -0.7213
vn 0.7542 0.0972 -0.6494
vn 0.6470 0.1318 -0.7510
vn 0.6102 0.1318 -0.7812
vn 0.6231 0.2219 -0.7500
vn 0.8699 0.1166 -0.4793
vn 0.8413 0.0504 -0.5382
vn 0.8413 0.0506 -0.5383
vn 0.7541 0.0972 -0.6495
vn 0.8430 0.1364 -0.5203
vn 0.8672 0.0306 -0.4970
vn 0.8413 0.0504 -0.5383
vn 0.8699 0.1163 -0.4793
vn 0.7540 0.0974 -0.6497
vn 0.7386 0.0201 -0.6738
vn 0.6472 0.1316 -0.7509
vn 0.7388 0.0199 -0.6736
vn 0.7540 0.0975 -0.6496
vn 0.8414 0.0507 -0.5381
vn 0.5860 0.0443 -0.8091
vn 0.6239 0.0445 -0.7802
vn 0.5582 -0.0303 -0.8292
vn 0.8442 -0.1418 -0.5168
vn 0.8333 -0.2194 -0.5074
vn 0.8240 -0.1228 -0.5531
vn 0.5971 -0.0306 -0.8016
vn 0.5582 -0.0301 -0.8292
vn 0.6239 0.0444 -0.7803
vn 0.5209 -0.0972 -0.8480
vn 0.5581 -0.0302 -0.8292
vn 0.5970 -0.0305 -0.8016
vn 0.8104 -0.1993 -0.5510
vn 0.8240 -0.1226 -0.5531
vn 0.8334 -0.2193 -0.5074
vn 0.8239 -0.1224 -0.5533
vn 0.8103 -0.1997 -0.5509
vn 0.7239 -0.0631 -0.6870
vn 0.8334 -0.2189 -0.5074
vn 0.8163 -0.2896 -0.4998
vn 0.8104 -0.1997 -0.5508
vn 0.5661 -0.1050 -0.8176
vn 0.5209 -0.0974 -0.8481
vn 0.5970 -0.0306 -0.8017
vn 0.5969 -0.0305 -0.8017
vn 0.7239 -0.0634 -0.6870
vn 0.5659 -0.1052 -0.8177
vn 0.5210 -0.0972 -0.8480
vn 0.4881 -0.1590 -0.8582
vn 0.7057 -0.1397 -0.6946
vn 0.7239 -0.0633 -0.6870
vn 0.7056 -0.1398 -0.6947
vn 0.5661 -0.1050 -0.8177
vn 0.7238 -0.0634 -0.6870
vn 0.7877 -0.2752 -0.5512
vn 0.8104 -0.1996 -0.5509
vn 0.8164 -0.2896 -0.4996
vn 0.6453 -0.2977 -0.7036
vn 0.5156 -0.2424 -0.8218
vn 0.6791 -0.2140 -0.7022
vn 0.7128 -0.3692 -0.5963
vn 0.7570 -0.3422 -0.5567
vn 0.7519 -0.3748 -0.5424
vn 0.6455 -0.2977 -0.7033
vn 0.7570 -0.3421 -0.5567
vn 0.7129 -0.3690 -0.5964
vn 0.7517 -0.3750 -0.5425
vn 0.6622 -0.3399 -0.6678
vn 0.7129 -0.3690 -0.5963
vn 0.6258 -0.3611 -0.6914
vn 0.7127 -0.3691 -0.5966
vn 0.6622 -0.3398 -0.6678
vn 0.5339 -0.2959 -0.7921
vn 0.4886 -0.2658 -0.8310
vn 0.5157 -0.2426 -0.8217
vn 0.6452 -0.2975 -0.7037
vn 0.5338 -0.2960 -0.7921
vn 0.5156 -0.2425 -0.8218
vn 0.5339 -0.2960 -0.7920
vn 0.5958 -0.3231 -0.7352
vn 0.4887 -0.2659 -0.8310
vn 0.6104 -0.3529 -0.7092
vn 0.5957 -0.3230 -0.7354
vn 0.5339 -0.2961 -0.7920
vn 0.6238 -0.3501 -0.6988
vn 0.7128 -0.3691 -0.5964
vn 0.6237 -0.3503 -0.6988
vn 0.6454 -0.2977 -0.7034
vn 0.7127 -0.3693 -0.5965
vn 0.6258 -0.3612 -0.6913
vn 0.6237 -0.3505 -0.6987
vn 0.6071 -0.3799 -0.6980
vn 0.6104 -0.3530 -0.7090
vn 0.6237 -0.3503 -0.6987
vn 0.6149 -0.0596 0.7863
vn 0.6644 -0.1532 0.7315
vn 0.6871 0.0131 0.7265
vn 0.2914 -0.2565 0.9215
vn 0.0148 -0.3603 0.9327
vn 0.3148 -0.2217 0.9229
vn 0.0148 -0.3602 0.9328
vn 0.2910 -0.2567 0.9216
vn -0.0953 -0.3840 0.9184
vn 0.0144 -0.3603 0.9327
vn -0.0953 -0.3842 0.9183
vn 0.0433 -0.4719 0.8806
vn 0.0146 -0.3601 0.9328
vn 0.0434 -0.4722 0.8804
vn 0.3446 -0.2408 0.9073
vn -0.0563 -0.4937 0.8678
vn 0.0432 -0.4723 0.8804
vn 0.1167 -0.5973 0.7935
vn 0.0433 -0.4723 0.8804
vn -0.0563 -0.4941 0.8676
vn 0.3906 -0.3548 0.8495
vn 0.3446 -0.2407 0.9074
vn 0.3900 -0.3548 0.8498
vn 0.3446 -0.2405 0.9074
vn 0.1163 -0.5972 0.7936
vn 0.0113 -0.5962 0.8028
vn 0.0859 -0.7097 0.6993
vn 0.2310 -0.7856 0.5740
vn 0.1830 -0.7016 0.6886
vn 0.1391 -0.7912 0.5955
vn 0.4643 -0.6131 0.6392
vn 0.4393 -0.4967 0.7485
vn 0.1829 -0.7017 0.6886
vn 0.4642 -0.6132 0.6391
vn 0.6960 -0.4363 0.5703
vn 0.4397 -0.4968 0.7482
vn 0.7627 -0.3501 0.5438
vn 0.6903 -0.2942 0.6611
vn 0.6961 -0.4361 0.5703
vn 0.6950 -0.5454 0.4686
vn 0.7626 -0.4640 0.4506
vn 0.6960 -0.4362 0.5704
vn 0.6959 -0.4365 0.5703
vn 0.4644 -0.6132 0.6390
vn 0.6951 -0.5453 0.4686
vn 0.7625 -0.4642 0.4507
vn 0.6950 -0.5453 0.4686
vn 0.7509 -0.5591 0.3514
vn 0.4872 -0.6963 0.5271
vn 0.2309 -0.7857 0.5739
vn 0.4643 -0.6132 0.6391
vn 0.4873 -0.6960 0.5274
vn 0.6951 -0.5452 0.4685
vn 0.4879 -0.7591 0.4309
vn 0.4872 -0.6963 0.5270
vn 0.2309 -0.7858 0.5738
vn 0.2594 -0.8446 0.4685
vn 0.4878 -0.7592 0.4308
vn 0.2309 -0.7858 0.5737
vn 0.6924 -0.6181 0.3721
vn 0.6949 -0.5454 0.4686
vn 0.4879 -0.7590 0.4311
vn 0.6950 -0.5452 0.4688
vn 0.6926 -0.6180 0.3720
vn 0.7508 -0.5592 0.3516
vn 0.4878 -0.7591 0.4310
vn 0.2590 -0.8446 0.4687
vn 0.4885 -0.8044 0.3380
vn 0.4878 -0.7589 0.4314
vn 0.4887 -0.8043 0.3380
vn 0.6924 -0.6183 0.3719
vn 0.1765 -0.8582 0.4820
vn 0.2704 -0.8866 0.3752
vn 0.2589 -0.8447 0.4685
vn 0.2705 -0.8865 0.3755
vn 0.4887 -0.8043 0.3381
vn 0.2590 -0.8446 0.4686
vn 0.1988 -0.8990 0.3901
vn 0.2705 -0.8865 0.3754
vn 0.1763 -0.8581 0.4823
vn 0.6833 -0.6709 0.2881
vn 0.6925 -0.6181 0.3720
vn 0.4885 -0.8044 0.3379
vn 0.6833 -0.6709 0.2880
vn 0.7380 -0.6175 0.2722
vn 0.7509 -0.5592 0.3514
vn 0.4897 -0.8315 0.2622
vn 0.4886 -0.8044 0.3379
vn 0.4899 -0.8315 0.2620
vn 0.2704 -0.8865 0.3754
vn 0.1988 -0.8991 0.3901
vn 0.2718 -0.9145 0.2997
vn 0.2718 -0.9144 0.2999
vn 0.4898 -0.8315 0.2621
vn 0.2003 -0.9278 0.3147
vn 0.2718 -0.9145 0.2998
vn 0.1989 -0.8990 0.3901
vn 0.6833 -0.6710 0.2879
vn 0.6766 -0.7048 0.2134
vn 0.7380 -0.6175 0.2721
vn 0.6767 -0.7046 0.2134
vn 0.7309 -0.6549 0.1920
vn 0.7382 -0.6172 0.2721
vn 0.6769 -0.7045 0.2131
vn 0.4898 -0.8316 0.2619
vn 0.4836 -0.8521 0.2001
vn 0.4897 -0.8316 0.2619
vn 0.4838 -0.8521 0.1997
vn 0.6767 -0.7047 0.2134
vn 0.2002 -0.9278 0.3147
vn 0.2654 -0.9358 0.2321
vn 0.2717 -0.9145 0.2998
vn 0.2657 -0.9358 0.2318
vn 0.4836 -0.8522 0.1996
vn 0.1841 -0.9547 0.2339
vn 0.2656 -0.9358 0.2319
vn 0.6748 -0.7243 0.1413
vn 0.6770 -0.7044 0.2133
vn 0.4838 -0.8521 0.1996
vn 0.6749 -0.7242 0.1415
vn 0.7331 -0.6703 0.1151
vn 0.7312 -0.6547 0.1918
vn 0.2654 -0.9359 0.2317
vn 0.1839 -0.9547 0.2338
vn 0.2526 -0.9556 0.1516
vn 0.4718 -0.8736 0.1191
vn 0.2656 -0.9358 0.2318
vn 0.2525 -0.9556 0.1517
vn 0.4719 -0.8736 0.1190
vn 0.1696 -0.9727 0.1582
vn 0.1553 -0.9838 0.0901
vn 0.2525 -0.9557 0.1515
vn 0.6747 -0.7244 0.1413
vn 0.6711 -0.7389 0.0603
vn 0.7332 -0.6702 0.1153
vn 0.6713 -0.7388 0.0603
vn 0.6751 -0.7241 0.1412
vn 0.4720 -0.8735 0.1192
vn 0.7286 -0.6841 0.0342
vn 0.7331 -0.6702 0.1155
vn 0.1552 -0.9838 0.0899
vn 0.1381 -0.9903 0.0177
vn 0.2318 -0.9691 0.0844
vn 0.6623 -0.7490 -0.0208
vn 0.7175 -0.6956 -0.0373
vn 0.7286 -0.6840 0.0344
vn 0.7087 -0.6968 -0.1110
vn 0.7175 -0.6955 -0.0372
vn 0.6622 -0.7490 -0.0212
vn 0.2149 -0.9766 0.0118
vn 0.2319 -0.9691 0.0845
vn 0.1383 -0.9902 0.0178
vn 0.2318 -0.9691 0.0842
vn 0.2150 -0.9765 0.0119
vn 0.4665 -0.8838 0.0373
vn 0.1145 -0.9924 -0.0455
vn 0.6545 -0.7503 -0.0935
vn 0.7088 -0.6966 -0.1111
vn 0.6622 -0.7490 -0.0208
vn 0.6623 -0.7490 -0.0209
vn 0.4665 -0.8837 0.0373
vn 0.6542 -0.7505 -0.0936
vn 0.6545 -0.7502 -0.0936
vn 0.6991 -0.6921 -0.1796
vn 0.1148 -0.9923 -0.0455
vn 0.0985 -0.9885 -0.1148
vn 0.1972 -0.9785 -0.0603
vn 0.6456 -0.7463 -0.1620
vn 0.6993 -0.6919 -0.1796
vn 0.6544 -0.7503 -0.0936
vn 0.1971 -0.9785 -0.0606
vn 0.4378 -0.8936 -0.0989
vn 0.4554 -0.8898 -0.0301
vn 0.4379 -0.8936 -0.0986
vn 0.6455 -0.7464 -0.1620
vn 0.4548 -0.8901 -0.0301
vn 0.1810 -0.9729 -0.1437
vn 0.1971 -0.9785 -0.0603
vn 0.0987 -0.9885 -0.1146
vn 0.6178 -0.7485 -0.2411
vn 0.6865 -0.6839 -0.2468
vn 0.6454 -0.7464 -0.1621
vn 0.6865 -0.6841 -0.2465
vn 0.6178 -0.7485 -0.2408
vn 0.6202 -0.7306 -0.2855
vn 0.4103 -0.8901 -0.1981
vn 0.4379 -0.8936 -0.0985
vn 0.1810 -0.9730 -0.1435
vn 0.4106 -0.8901 -0.1979
vn 0.6179 -0.7485 -0.2408
vn 0.4377 -0.8937 -0.0987
vn 0.1450 -0.9737 -0.1755
vn 0.3401 -0.9096 -0.2388
vn 0.2255 -0.9507 -0.2127
vn 0.3661 -0.8860 -0.2845
vn 0.2252 -0.9508 -0.2128
vn 0.3403 -0.9095 -0.2387
vn 0.5551 -0.7804 -0.2878
vn 0.6204 -0.7305 -0.2855
vn 0.6179 -0.7483 -0.2413
vn 0.4105 -0.8901 -0.1978
vn 0.5550 -0.7806 -0.2876
vn 0.6179 -0.7484 -0.2412
vn 0.5550 -0.7805 -0.2877
vn 0.4493 -0.8520 -0.2688
vn 0.6203 -0.7306 -0.2855
vn 0.4005 -0.8660 -0.2994
vn 0.4491 -0.8521 -0.2688
vn 0.3932 -0.8767 -0.2770
vn 0.5553 -0.7803 -0.2877
vn 0.4103 -0.8902 -0.1978
vn 0.2252 -0.9508 -0.2127
vn 0.3928 -0.8769 -0.2771
vn 0.4104 -0.8901 -0.1981
vn 0.2249 -0.9508 -0.2129
vn 0.3662 -0.8861 -0.2842
vn 0.3930 -0.8769 -0.2768
vn -0.5984 -0.1925 0.7777
vn -0.5984 -0.2095 0.7733
vn -0.5923 -0.2005 0.7804
vn -0.5921 -0.2005 0.7805
vn -0.4442 -0.2253 0.8671
vn -0.5796 -0.2127 0.7866
vn -0.3858 -0.2252 0.8947
vn -0.5794 -0.2127 0.7868
vn -0.4440 -0.2250 0.8673
vn -0.6172 -0.2062 0.7593
vn -0.7332 -0.1748 0.6571
vn -0.6047 -0.1982 0.7714
vn -0.5984 -0.2097 0.7733
vn -0.5961 -0.2740 0.7547
vn -0.7334 -0.1747 0.6570
vn -0.7755 -0.1571 0.6114
vn -0.7375 -0.2351 0.6331
vn -0.7377 -0.2349 0.6329
vn -0.5962 -0.2739 0.7547
vn -0.7332 -0.1749 0.6571
vn -0.7801 -0.2170 0.5868
vn -0.7377 -0.2350 0.6329
vn -0.7755 -0.1572 0.6114
vn -0.3749 -0.2876 0.8813
vn -0.3855 -0.2251 0.8948
vn -0.4268 -0.2885 0.8571
vn -0.5963 -0.2738 0.7546
vn -0.5882 -0.3648 0.7218
vn -0.5960 -0.2738 0.7548
vn -0.7377 -0.2348 0.6330
vn -0.5880 -0.3650 0.7218
vn -0.4271 -0.2885 0.8569
vn -0.4277 -0.3741 0.8229
vn -0.4278 -0.3743 0.8228
vn -0.4269 -0.2885 0.8571
vn -0.5881 -0.3649 0.7218
vn -0.7140 -0.4232 0.5577
vn -0.5717 -0.4663 0.6750
vn -0.7299 -0.3214 0.6033
vn -0.7520 -0.4078 0.5179
vn -0.7142 -0.4231 0.5576
vn -0.7724 -0.3040 0.5577
vn -0.3347 -0.5828 0.7405
vn -0.3861 -0.5822 0.7155
vn -0.2969 -0.6866 0.6637
vn -0.6880 -0.5300 0.4957
vn -0.5717 -0.4664 0.6750
vn -0.7520 -0.4081 0.5176
vn -0.7260 -0.5151 0.4557
vn -0.6881 -0.5298 0.4957
vn -0.6880 -0.5298 0.4960
vn -0.7260 -0.5146 0.4561
vn -0.6882 -0.6185 0.3793
vn -0.6880 -0.5296 0.4963
vn -0.6883 -0.6184 0.3793
vn -0.6426 -0.6407 0.4202
vn -0.6881 -0.5297 0.4960
vn -0.5449 -0.5727 0.6124
vn -0.6883 -0.6184 0.3792
vn -0.5919 -0.7295 0.3427
vn -0.6423 -0.6410 0.4201
vn -0.6356 -0.7051 0.3144
vn -0.5921 -0.7294 0.3427
vn -0.6883 -0.6185 0.3791
vn -0.5043 -0.6812 0.5307
vn -0.5449 -0.5726 0.6126
vn -0.6425 -0.6408 0.4201
vn -0.3862 -0.5820 0.7156
vn -0.5450 -0.5725 0.6125
vn -0.3530 -0.6912 0.6306
vn -0.5042 -0.6812 0.5308
vn -0.3530 -0.6913 0.6305
vn -0.5383 -0.5727 0.6182
vn -0.2969 -0.6867 0.6636
vn -0.3863 -0.5822 0.7154
vn -0.3532 -0.6912 0.6305
vn -0.5044 -0.6812 0.5306
vn -0.6426 -0.6409 0.4199
vn -0.4583 -0.7685 0.4464
vn -0.5918 -0.7295 0.3428
vn -0.4583 -0.7686 0.4464
vn -0.6425 -0.6410 0.4199
vn -0.3150 -0.7777 0.5441
vn -0.3528 -0.6914 0.6304
vn -0.3150 -0.7778 0.5439
vn -0.3529 -0.6914 0.6304
vn -0.4581 -0.7686 0.4465
vn -0.3152 -0.7778 0.5438
vn -0.2707 -0.7686 0.5797
vn -0.2967 -0.6869 0.6635
vn -0.5918 -0.7295 0.3430
vn -0.6358 -0.7049 0.3145
vn -0.5461 -0.7901 0.2784
vn -0.3151 -0.7777 0.5440
vn -0.2813 -0.8361 0.4710
vn -0.2708 -0.7685 0.5797
vn -0.2816 -0.8362 0.4706
vn -0.3149 -0.7777 0.5440
vn -0.4177 -0.8268 0.3767
vn -0.2324 -0.8364 0.4963
vn -0.2707 -0.7685 0.5798
vn -0.2814 -0.8363 0.4706
vn -0.4179 -0.8267 0.3767
vn -0.5462 -0.7900 0.2783
vn -0.3798 -0.8701 0.3142
vn -0.4176 -0.8270 0.3765
vn -0.3797 -0.8702 0.3139
vn -0.2815 -0.8362 0.4706
vn -0.5841 -0.7752 0.2406
vn -0.5095 -0.8361 0.2033
vn -0.5461 -0.7901 0.2783
vn -0.5094 -0.8361 0.2035
vn -0.3798 -0.8702 0.3139
vn -0.5424 -0.8252 0.1575
vn -0.5096 -0.8361 0.2032
vn -0.5839 -0.7753 0.2408
vn -0.2324 -0.8844 0.4047
vn -0.2814 -0.8360 0.4710
vn -0.3796 -0.8702 0.3142
vn -0.2323 -0.8844 0.4048
vn -0.1776 -0.8887 0.4227
vn -0.2324 -0.8364 0.4964
vn -0.5427 -0.8251 0.1571
vn -0.4660 -0.8767 0.1191
vn -0.4983 -0.8640 0.0728
vn -0.4660 -0.8767 0.1190
vn -0.5425 -0.8252 0.1572
vn -0.3357 -0.9099 0.2437
vn -0.3799 -0.8702 0.3139
vn -0.5094 -0.8362 0.2032
vn -0.3797 -0.8701 0.3142
vn -0.3356 -0.9100 0.2437
vn -0.4660 -0.8768 0.1191
vn -0.3358 -0.9099 0.2436
vn -0.5093 -0.8362 0.2034
vn -0.4981 -0.8640 0.0728
vn -0.4684 -0.8835 0.0011
vn -0.4660 -0.8768 0.1188
vn -0.2352 -0.8848 0.4022
vn -0.1750 -0.9274 0.3306
vn -0.1776 -0.8888 0.4225
vn -0.1752 -0.9274 0.3304
vn -0.2321 -0.8844 0.4048
vn -0.3356 -0.9099 0.2437
vn -0.1199 -0.9299 0.3477
vn -0.1773 -0.8888 0.4226
vn -0.1748 -0.9275 0.3304
vn -0.1198 -0.9299 0.3477
vn -0.1749 -0.9275 0.3303
vn -0.0657 -0.9537 0.2935
vn -0.4331 -0.9004 0.0426
vn -0.4658 -0.8769 0.1190
vn -0.4683 -0.8836 0.0009
vn -0.4686 -0.8834 0.0010
vn -0.4364 -0.8965 -0.0767
vn -0.4331 -0.9004 0.0427
vn -0.0602 -0.9752 0.2128
vn -0.0053 -0.9716 0.2368
vn -0.1183 -0.9552 0.2714
vn -0.0053 -0.9715 0.2369
vn -0.0602 -0.9752 0.2129
vn 0.0493 -0.9812 0.1868
vn -0.4366 -0.8964 -0.0766
vn -0.4098 -0.9014 -0.1396
vn -0.3995 -0.9161 -0.0337
vn -0.2438 -0.9642 0.1045
vn -0.0600 -0.9753 0.2127
vn -0.2888 -0.9419 0.1715
vn -0.2439 -0.9642 0.1044
vn -0.2889 -0.9419 0.1714
vn -0.3994 -0.9162 -0.0337
vn -0.3619 -0.9267 -0.1011
vn -0.3996 -0.9161 -0.0337
vn -0.4097 -0.9015 -0.1397
vn 0.0059 -0.9997 0.0235
vn -0.0890 -0.9954 -0.0352
vn 0.0584 -0.9956 0.0732
vn 0.0057 -0.9997 0.0233
vn -0.0976 -0.9923 -0.0768
vn -0.0891 -0.9954 -0.0352
vn -0.1495 -0.9883 -0.0309
vn 0.0058 -0.9997 0.0235
vn 0.0249 -0.9955 0.0913
vn 0.0058 -0.9997 0.0233
vn -0.1101 -0.9902 -0.0859
vn -0.0974 -0.9923 -0.0764
vn -0.1102 -0.9902 -0.0858
vn 0.0055 -0.9997 0.0234
vn -0.1497 -0.9883 -0.0308
vn -0.1497 -0.9882 -0.0310
vn -0.3146 -0.9364 -0.1554
vn -0.2469 -0.9557 -0.1602
vn -0.2469 -0.9557 -0.1604
vn -0.3147 -0.9364 -0.1555
vn -0.3071 -0.9319 -0.1929
vn -0.3075 -0.9318 -0.1930
vn -0.1646 -0.9822 -0.0903
vn -0.2468 -0.9557 -0.1603
vn 0.0509 0.8762 -0.4793
vn -0.1919 0.8311 -0.5219
vn 0.1494 0.8791 -0.4527
vn -0.1919 0.8313 -0.5217
vn 0.0507 0.8762 -0.4793
vn -0.2390 0.8135 -0.5301
vn 0.1786 0.8457 -0.5030
vn 0.0856 0.8389 -0.5375
vn 0.0507 0.8762 -0.4792
vn 0.1787 0.8457 -0.5029
vn 0.1874 0.7773 -0.6005
vn 0.0854 0.8389 -0.5375
vn -0.2358 0.8233 -0.5163
vn -0.2320 0.8295 -0.5081
vn 0.0507 0.8763 -0.4792
vn 0.0507 0.8763 -0.4791
vn 0.0857 0.8389 -0.5374
vn -0.2357 0.8233 -0.5163
vn -0.2320 0.8295 -0.5080
vn -0.2358 0.8234 -0.5161
vn -0.2637 0.8201 -0.5077
vn -0.2160 0.7742 -0.5950
vn 0.0856 0.8391 -0.5373
vn 0.0855 0.8389 -0.5375
vn 0.0984 0.7587 -0.6440
vn -0.2158 0.7740 -0.5952
vn -0.5126 0.7081 -0.4856
vn -0.2638 0.8200 -0.5079
vn -0.2360 0.8233 -0.5163
vn -0.5127 0.7080 -0.4857
vn -0.2361 0.8232 -0.5163
vn -0.2160 0.7741 -0.5951
vn -0.2638 0.8201 -0.5078
vn -0.2880 0.8034 -0.5212
vn -0.2162 0.7743 -0.5948
vn -0.5065 0.6607 -0.5540
vn -0.5805 0.6247 -0.5223
vn -0.5916 0.6605 -0.4622
vn -0.5066 0.6606 -0.5541
vn -0.1855 0.6887 -0.7009
vn -0.2159 0.7742 -0.5950
vn 0.0983 0.7588 -0.6439
vn -0.2160 0.7743 -0.5948
vn -0.1851 0.6891 -0.7007
vn -0.5064 0.6608 -0.5540
vn -0.4897 0.4918 -0.7199
vn -0.5356 0.5695 -0.6235
vn -0.4066 0.5193 -0.7517
vn -0.4898 0.4917 -0.7199
vn -0.4067 0.5192 -0.7517
vn -0.4356 0.3853 -0.8135
vn 0.1354 0.5418 -0.8295
vn 0.1165 0.6561 -0.7457
vn 0.2154 0.5644 -0.7969
vn 0.1164 0.6563 -0.7455
vn 0.1352 0.5417 -0.8297
vn -0.1435 0.5894 -0.7950
vn 0.1354 0.5417 -0.8296
vn 0.2159 0.5645 -0.7967
vn 0.2343 0.4333 -0.8703
vn -0.3481 0.4042 -0.8458
vn -0.4355 0.3854 -0.8135
vn -0.4065 0.5194 -0.7517
vn -0.1434 0.5894 -0.7950
vn -0.3482 0.4041 -0.8459
vn -0.4353 0.3853 -0.8137
vn -0.3482 0.4041 -0.8458
vn -0.3776 0.2587 -0.8891
vn -0.1434 0.5893 -0.7951
vn -0.1066 0.4695 -0.8765
vn -0.3482 0.4042 -0.8458
vn 0.2340 0.4331 -0.8704
vn 0.1634 0.4105 -0.8971
vn 0.2346 0.4329 -0.8704
vn 0.1922 0.2818 -0.9400
vn 0.1633 0.4101 -0.8973
vn 0.2479 0.3119 -0.9172
vn 0.2344 0.4330 -0.8704
vn -0.0655 0.3378 -0.9389
vn -0.1066 0.4696 -0.8764
vn 0.1633 0.4104 -0.8972
vn -0.3483 0.4042 -0.8457
vn -0.3030 0.2766 -0.9120
vn -0.0655 0.3381 -0.9388
vn -0.3030 0.2767 -0.9120
vn -0.3777 0.2588 -0.8890
vn -0.3484 0.4041 -0.8457
vn -0.3028 0.2767 -0.9120
vn -0.0657 0.3383 -0.9388
vn 0.1634 0.4104 -0.8972
vn -0.0285 0.2186 -0.9754
vn 0.1920 0.2817 -0.9401
vn -0.0283 0.2188 -0.9753
vn 0.1635 0.4103 -0.8972
vn -0.2529 0.1548 -0.9550
vn -0.0278 0.2186 -0.9754
vn 0.0010 0.1098 -0.9940
vn -0.0282 0.2188 -0.9754
vn -0.0285 0.2183 -0.9755
vn 0.0007 0.1102 -0.9939
vn -0.2528 0.1548 -0.9551
vn 0.1920 0.2819 -0.9400
vn 0.2483 0.3120 -0.9171
vn 0.2158 0.1741 -0.9608
vn 0.2159 0.1741 -0.9608
vn 0.0013 0.1100 -0.9939
vn 0.1922 0.2819 -0.9400
vn 0.2844 0.1932 -0.9391
vn 0.2482 0.3121 -0.9170
vn -0.2147 0.0540 -0.9752
vn -0.3192 0.1417 -0.9370
vn -0.2145 0.0539 -0.9752
vn -0.2529 0.1547 -0.9550
vn 0.0008 0.1103 -0.9939
vn -0.1921 -0.0536 -0.9799
vn -0.2145 0.0540 -0.9752
vn 0.0305 0.0173 -0.9994
vn -0.1920 -0.0538 -0.9799
vn -0.2574 -0.0840 -0.9626
vn -0.2834 0.0300 -0.9585
vn 0.0597 -0.0915 -0.9940
vn 0.0306 0.0172 -0.9994
vn 0.2426 0.0707 -0.9675
vn 0.3030 -0.1184 -0.9456
vn 0.0788 -0.1863 -0.9793
vn 0.2797 -0.0286 -0.9597
vn 0.3688 -0.1027 -0.9238
vn 0.3031 -0.1184 -0.9456
vn 0.3454 -0.0131 -0.9384
vn 0.3689 -0.1027 -0.9238
vn 0.3892 -0.1801 -0.9034
vn 0.3032 -0.1185 -0.9455
vn -0.1331 -0.2531 -0.9582
vn -0.2326 -0.1809 -0.9556
vn -0.1648 -0.1560 -0.9739
vn -0.1650 -0.1562 -0.9738
vn 0.0792 -0.1865 -0.9793
vn -0.1331 -0.2534 -0.9582
vn -0.2089 -0.2701 -0.9399
vn -0.2329 -0.1808 -0.9556
vn 0.3236 -0.1960 -0.9257
vn 0.3031 -0.1181 -0.9456
vn 0.3891 -0.1803 -0.9034
vn 0.1022 -0.2586 -0.9606
vn 0.0785 -0.1864 -0.9793
vn 0.3029 -0.1186 -0.9456
vn 0.3233 -0.1961 -0.9257
vn 0.1024 -0.2586 -0.9605
vn -0.1331 -0.2533 -0.9582
vn 0.0793 -0.1863 -0.9793
vn -0.1136 -0.3305 -0.9370
vn 0.1027 -0.2588 -0.9605
vn -0.1137 -0.3304 -0.9370
vn 0.0792 -0.1863 -0.9793
vn 0.3489 -0.2689 -0.8978
vn 0.3237 -0.1962 -0.9256
vn 0.4164 -0.2470 -0.8750
vn 0.3484 -0.2690 -0.8979
vn 0.1024 -0.2591 -0.9604
vn 0.3233 -0.1962 -0.9257
vn 0.4165 -0.2469 -0.8750
vn 0.4284 -0.3045 -0.8507
vn 0.3488 -0.2688 -0.8978
vn -0.0963 -0.4013 -0.9109
vn -0.1678 -0.4130 -0.8951
vn -0.1140 -0.3306 -0.9369
vn -0.0964 -0.4015 -0.9108
vn -0.1522 -0.4778 -0.8652
vn -0.1678 -0.4131 -0.8951
vn 0.3485 -0.2689 -0.8979
vn 0.1200 -0.3303 -0.9362
vn 0.1022 -0.2588 -0.9605
vn 0.3485 -0.2690 -0.8979
vn 0.3578 -0.3369 -0.8709
vn 0.1201 -0.3302 -0.9362
vn 0.0009 -0.5000 -0.8660
vn 0.1443 -0.4909 -0.8592
vn 0.1027 -0.4709 -0.8762
vn 0.1629 -0.4758 -0.8643
vn 0.0010 -0.5000 -0.8660
vn 0.1481 -0.4135 -0.8984
vn 0.3160 -0.4072 -0.8570
vn 0.1829 -0.4828 -0.8564
vn 0.1627 -0.4761 -0.8642
vn 0.7510 0.0647 -0.6571
vn 0.7494 0.1844 -0.6360
vn 0.8044 -0.0014 -0.5941
vn 0.7524 0.0629 -0.6557
vn 0.8045 -0.0017 -0.5940
vn 0.7407 -0.0601 -0.6691
vn 0.9948 -0.0670 0.0766
vn 0.9674 0.0753 -0.2419
vn 0.9729 0.0973 -0.2097
vn 0.9802 0.0571 -0.1894
vn 0.9949 -0.0667 0.0761
vn 0.9729 0.0977 -0.2096
vn 0.9948 -0.0668 0.0764
vn 0.9779 -0.1095 0.1783
vn 0.9851 -0.1705 0.0229
vn 0.9598 -0.2726 -0.0664
vn 0.9851 -0.1707 0.0231
vn 0.9712 -0.2081 0.1163
vn 0.9598 -0.2728 -0.0664
vn 0.9582 -0.2841 0.0341
vn 0.9598 -0.2726 -0.0666
vn 0.9519 -0.0445 -0.3030
vn 0.8114 0.1366 -0.5683
vn 0.9517 -0.0442 -0.3037
vn 0.8044 -0.0015 -0.5940
vn 0.9598 -0.2727 -0.0665
vn 0.9581 -0.2843 0.0344
vn 0.9222 -0.3833 -0.0514
vn 0.9176 -0.1718 -0.3585
vn 0.9519 -0.0445 -0.3032
vn 0.9598 -0.2727 -0.0667
vn 0.9168 -0.3710 -0.1478
vn 0.9598 -0.2726 -0.0665
vn 0.9221 -0.3835 -0.0514
vn 0.9221 -0.3836 -0.0515
vn 0.8808 -0.4581 -0.1199
vn 0.9168 -0.3709 -0.1479
vn 0.8044 -0.0013 -0.5941
vn 0.9176 -0.1719 -0.3584
vn 0.7838 -0.1285 -0.6075
vn 0.8296 -0.3565 -0.4297
vn 0.7883 -0.4183 -0.4513
vn 0.7485 -0.2248 -0.6239
vn 0.8373 -0.5206 -0.1671
vn 0.7874 -0.5595 -0.2589
vn 0.8301 -0.5056 -0.2354
vn 0.6784 -0.3582 -0.6415
vn 0.7138 -0.2977 -0.6339
vn 0.7477 -0.4715 -0.4675
vn 0.6784 -0.3579 -0.6417
vn 0.6865 -0.2543 -0.6812
vn 0.7137 -0.2977 -0.6341
vn 0.6783 -0.3582 -0.6415
vn 0.6519 -0.3155 -0.6896
vn 0.7465 -0.6054 -0.2762
vn 0.7100 -0.5154 -0.4799
vn 0.7872 -0.5596 -0.2590
vn 0.7525 -0.6241 -0.2105
vn 0.7464 -0.6055 -0.2760
vn 0.7984 -0.5697 -0.1951
vn 0.7062 -0.6519 -0.2764
vn 0.6729 -0.5552 -0.4889
vn 0.7464 -0.6055 -0.2761
vn 0.7082 -0.6751 -0.2065
vn 0.7061 -0.6518 -0.2767
vn 0.7523 -0.6243 -0.2105
vn 0.4945 -0.4449 -0.7467
vn 0.5335 -0.4899 -0.6895
vn 0.4369 -0.4845 -0.7579
vn 0.6530 -0.7068 -0.2721
vn 0.6174 -0.6101 -0.4965
vn 0.7061 -0.6520 -0.2764
vn 0.6564 -0.7276 -0.1995
vn 0.6527 -0.7068 -0.2726
vn 0.7081 -0.6752 -0.2068
vn 0.6562 -0.7278 -0.1993
vn 0.5968 -0.7780 -0.1964
vn 0.6528 -0.7068 -0.2726
vn 0.3675 -0.5260 -0.7670
vn 0.4368 -0.4846 -0.7579
vn 0.4702 -0.5292 -0.7063
vn 0.6173 -0.6104 -0.4963
vn 0.5527 -0.6651 -0.5022
vn 0.4013 -0.5711 -0.7161
vn 0.3676 -0.5261 -0.7669
vn 0.4703 -0.5292 -0.7062
vn 0.4702 -0.5292 -0.7064
vn 0.5527 -0.6650 -0.5022
vn 0.3678 -0.5261 -0.7668
vn 0.4011 -0.5712 -0.7162
vn 0.2907 -0.5575 -0.7776
vn 0.5940 -0.7578 -0.2699
vn 0.6175 -0.6102 -0.4964
vn 0.6526 -0.7071 -0.2724
vn 0.5940 -0.7578 -0.2701
vn 0.6527 -0.7069 -0.2726
vn 0.5968 -0.7779 -0.1965
vn 0.5941 -0.7578 -0.2699
vn 0.5529 -0.6650 -0.5020
vn 0.6172 -0.6104 -0.4965
vn 0.5968 -0.7780 -0.1965
vn 0.5358 -0.8228 -0.1896
vn 0.5942 -0.7577 -0.2700
vn 0.5359 -0.8228 -0.1896
vn 0.4622 -0.8679 -0.1819
vn 0.5272 -0.8053 -0.2713
vn 0.4905 -0.7082 -0.5078
vn 0.4014 -0.5710 -0.7161
vn 0.4905 -0.7083 -0.5078
vn 0.5530 -0.6650 -0.5019
vn 0.5272 -0.8052 -0.2714
vn 0.3207 -0.6115 -0.7234
vn 0.2907 -0.5576 -0.7776
vn 0.4012 -0.5711 -0.7161
vn 0.4012 -0.5710 -0.7162
vn 0.4907 -0.7080 -0.5079
vn 0.3209 -0.6114 -0.7233
vn 0.2145 -0.5929 -0.7762
vn 0.2908 -0.5576 -0.7775
vn 0.4556 -0.8510 -0.2612
vn 0.5271 -0.8054 -0.2712
vn 0.4621 -0.8680 -0.1818
vn 0.4557 -0.8509 -0.2612
vn 0.4903 -0.7084 -0.5076
vn 0.5272 -0.8051 -0.2717
vn 0.2371 -0.6594 -0.7134
vn 0.2148 -0.5930 -0.7760
vn 0.3210 -0.6112 -0.7235
vn 0.4136 -0.7564 -0.5068
vn 0.3687 -0.8919 -0.2616
vn 0.4557 -0.8511 -0.2609
vn 0.3918 -0.9033 -0.1748
vn 0.4557 -0.8509 -0.2614
vn 0.3688 -0.8919 -0.2618
vn 0.4132 -0.7565 -0.5069
vn 0.1916 -0.7314 -0.6545
vn 0.1813 -0.6683 -0.7214
vn 0.2371 -0.6593 -0.7135
vn 0.1916 -0.7315 -0.6544
vn 0.2224 -0.8029 -0.5530
vn 0.1815 -0.6683 -0.7214
vn 0.3124 -0.8065 -0.5019
vn 0.2371 -0.6594 -0.7135
vn 0.4136 -0.7565 -0.5067
vn 0.3123 -0.8066 -0.5019
vn 0.1914 -0.7314 -0.6545
vn 0.2370 -0.6595 -0.7134
vn 0.3127 -0.8065 -0.5018
vn 0.4134 -0.7565 -0.5067
vn 0.3686 -0.8920 -0.2619
vn 0.1653 -0.8575 -0.4872
vn 0.1943 -0.8387 -0.5088
vn 0.2239 -0.8391 -0.4957
vn 0.3123 -0.8066 -0.5020
vn 0.3686 -0.8920 -0.2618
vn 0.2832 -0.9029 -0.3233
vn 0.2833 -0.9030 -0.3231
vn 0.3688 -0.8919 -0.2617
vn 0.3189 -0.9173 -0.2386
vn 0.3190 -0.9173 -0.2384
vn 0.2559 -0.8624 -0.4369
vn 0.2830 -0.9030 -0.3234
vn 0.2062 -0.8553 -0.4754
vn 0.2834 -0.9029 -0.3233
vn 0.2558 -0.8622 -0.4373
vn 0.8053 0.5928 0.0089
vn 0.8419 0.4500 0.2979
vn 0.8541 0.4274 0.2963
vn 0.8055 0.5926 0.0088
vn 0.8534 0.5160 -0.0737
vn 0.7595 0.6444 -0.0895
vn 0.8056 0.5924 0.0087
vn 0.8541 0.4274 0.2964
vn 0.8534 0.5159 -0.0740
vn 0.8104 0.5653 -0.1538
vn 0.7595 0.6443 -0.0898
vn 0.8532 0.5163 -0.0738
vn 0.9149 0.3805 -0.1347
vn 0.8107 0.5650 -0.1534
vn 0.8704 0.4494 -0.2011
vn 0.8106 0.5651 -0.1536
vn 0.9150 0.3802 -0.1351
vn 0.8535 0.5158 -0.0737
vn 0.9210 0.3198 0.2225
vn 0.9149 0.3803 -0.1350
vn 0.8708 0.4489 -0.2007
vn 0.9151 0.3799 -0.1350
vn 0.9141 0.3085 -0.2631
vn 0.8541 0.4273 0.2965
vn 0.7947 0.2195 0.5659
vn 0.9210 0.3196 0.2227
vn 0.8519 0.3953 0.3434
vn 0.7947 0.2197 0.5659
vn 0.8406 0.4314 0.3276
vn 0.7947 0.2196 0.5658
vn 0.8523 0.3949 0.3431
vn 0.7495 0.1547 0.6437
vn 0.7948 0.2195 0.5658
vn 0.7493 0.1548 0.6438
vn 0.8464 0.1215 0.5185
vn 0.8463 0.1217 0.5186
vn 0.9210 0.3195 0.2227
vn 0.9124 0.0089 0.4092
vn 0.8463 0.1211 0.5187
vn 0.8040 0.0607 0.5915
vn 0.8462 0.1216 0.5188
vn 0.9124 0.0093 0.4092
vn 0.9211 0.3195 0.2226
vn 0.9123 0.0092 0.4095
vn 0.8040 0.0606 0.5915
vn 0.8656 -0.0263 0.5001
vn 0.9123 0.0091 0.4093
vn 0.8654 -0.0265 0.5003
vn 0.9121 -0.1403 0.3852
vn 0.9211 0.3194 0.2228
vn 0.9761 0.1799 0.1221
vn 0.9150 0.3802 -0.1349
vn 0.9121 -0.1405 0.3851
vn 0.9323 -0.2425 0.2683
vn 0.9521 -0.1030 0.2879
vn 0.9603 -0.2136 0.1794
vn 0.9521 -0.1031 0.2879
vn 0.9323 -0.2424 0.2683
vn 0.9986 0.0434 0.0293
vn 0.9761 0.1798 0.1220
vn 0.9522 -0.1029 0.2877
vn 0.9521 -0.1030 0.2877
vn 0.9603 -0.2134 0.1798
vn 0.9986 0.0436 0.0293
vn 0.9761 0.1797 0.1223
vn 0.9526 0.2294 -0.1996
vn 0.9986 0.0436 0.0292
vn 0.9527 0.2293 -0.1995
vn 0.9761 0.1796 0.1222
vn 0.9142 0.3082 -0.2631
vn 0.9527 0.2293 -0.1996
vn 0.9313 0.1692 -0.3227
vn 0.9608 0.0974 -0.2596
vn 0.9477 -0.0160 -0.3187
vn 0.9273 0.0424 -0.3718
vn 0.9608 0.0975 -0.2595
vn 0.9955 -0.0801 -0.0507
vn 0.9478 -0.0162 -0.3184
vn 0.9249 -0.1109 -0.3637
vn 0.9273 0.0423 -0.3719
vn 0.9477 -0.0163 -0.3188
vn 0.9772 -0.1770 -0.1176
vn 0.9955 -0.0799 -0.0502
vn 0.9603 -0.2133 0.1798
vn 0.9772 -0.1769 -0.1173
vn 0.9479 -0.2650 -0.1766
vn 0.9478 -0.0160 -0.3186
vn 0.9472 -0.3064 0.0942
vn 0.9772 -0.1767 -0.1177
vn 0.9602 -0.2135 0.1799
vn 0.9244 -0.3440 0.1651
vn 0.9472 -0.3065 0.0942
vn 0.9199 -0.3912 0.0265
vn 0.9479 -0.2650 -0.1767
vn 0.9472 -0.3065 0.0944
vn 0.9040 -0.4177 0.0917
vn 0.9200 -0.3910 0.0267
vn 0.9243 -0.3439 0.1653
vn 0.9176 -0.3293 -0.2225
vn 0.9479 -0.2652 -0.1768
vn 0.9201 -0.3909 0.0265
vn 0.9199 -0.3912 0.0267
vn 0.9040 -0.4176 0.0917
vn 0.8894 -0.4558 -0.0336
vn 0.8894 -0.4559 -0.0338
vn 0.9177 -0.3291 -0.2224
vn 0.9199 -0.3912 0.0264
vn 0.8720 -0.4882 0.0367
vn 0.8895 -0.4557 -0.0335
vn 0.9039 -0.4177 0.0918
vn 0.8624 -0.2392 -0.4461
vn 0.8934 -0.1866 -0.4086
vn 0.8835 -0.3882 -0.2622
vn 0.8626 -0.2388 -0.4461
vn 0.8380 -0.1976 -0.5086
vn 0.8780 -0.1352 -0.4592
vn 0.8168 -0.3005 -0.4924
vn 0.8381 -0.1973 -0.5086
vn 0.7938 -0.2477 -0.5555
vn 0.8381 -0.1974 -0.5085
vn 0.8169 -0.3004 -0.4924
vn 0.7571 -0.6379 -0.1412
vn 0.8405 -0.4494 -0.3026
vn 0.8091 -0.5784 -0.1038
vn 0.7679 -0.3544 -0.5337
vn 0.8168 -0.3004 -0.4926
vn 0.7921 -0.5034 -0.3451
vn 0.7121 -0.6811 -0.1705
vn 0.7571 -0.6378 -0.1412
vn 0.6911 -0.7151 -0.1052
vn 0.7571 -0.6378 -0.1413
vn 0.7120 -0.6811 -0.1707
vn 0.7919 -0.5040 -0.3449
vn 0.7921 -0.5035 -0.3450
vn 0.7451 -0.5504 -0.3767
vn 0.7677 -0.3546 -0.5338
vn 0.7451 -0.5506 -0.3764
vn 0.7921 -0.5037 -0.3447
vn 0.6562 -0.7278 -0.1994
vn 0.7121 -0.6811 -0.1704
vn 0.6338 -0.7635 -0.1242
vn 0.6564 -0.7275 -0.1997
vn 0.7451 -0.5505 -0.3764
vn 0.7121 -0.6811 -0.1706
vn 0.5377 -0.7047 -0.4630
vn 0.5605 -0.7683 -0.3091
vn 0.5699 -0.7099 -0.4138
vn 0.5638 -0.5557 -0.6110
vn 0.5431 -0.6818 -0.4900
vn 0.5682 -0.6404 -0.5168
vn 0.5606 -0.7682 -0.3092
vn 0.5500 -0.6870 -0.4748
vn 0.6203 -0.6488 -0.4408
vn 0.5372 -0.7049 -0.4631
vn 0.5503 -0.6869 -0.4747
vn 0.5141 -0.7068 -0.4859
vn 0.5499 -0.6870 -0.4750
vn 0.5376 -0.7046 -0.4631
vn 0.6290 -0.1553 0.7618
vn 0.5819 -0.1889 0.7910
vn 0.6554 -0.2431 0.7151
vn 0.7860 -0.1467 0.6005
vn 0.6291 -0.1552 0.7617
vn 0.6101 -0.2832 0.7400
vn 0.6554 -0.2432 0.7151
vn 0.5818 -0.1891 0.7910
vn 0.7860 -0.1466 0.6006
vn 0.8793 -0.0254 0.4755
vn 0.8452 0.0539 0.5317
vn 0.9032 0.0129 0.4290
vn 0.8691 0.0909 0.4862
vn 0.8792 -0.0252 0.4757
vn 0.9250 -0.1043 0.3654
vn 0.9033 0.0129 0.4289
vn 0.9039 -0.1374 0.4050
vn 0.6890 -0.3469 0.6364
vn 0.6101 -0.2833 0.7400
vn 0.6474 -0.3769 0.6624
vn 0.9039 -0.1373 0.4051
vn 0.9125 -0.2403 0.3310
vn 0.9249 -0.1043 0.3656
vn 0.8248 -0.3575 0.4381
vn 0.9125 -0.2402 0.3310
vn 0.9344 -0.2076 0.2896
vn 0.9250 -0.1042 0.3655
vn 0.9126 -0.2401 0.3310
vn 0.9082 -0.3351 0.2506
vn 0.9344 -0.2074 0.2895
vn 0.8249 -0.3575 0.4379
vn 0.9083 -0.3351 0.2505
vn 0.9302 -0.2963 0.2165
vn 0.9344 -0.2075 0.2896
vn 0.7077 -0.4476 0.5467
vn 0.7127 -0.5316 0.4577
vn 0.8248 -0.3576 0.4380
vn 0.8248 -0.3575 0.4379
vn 0.8228 -0.4421 0.3572
vn 0.9083 -0.3350 0.2503
vn 0.8247 -0.3575 0.4382
vn 0.7126 -0.5316 0.4578
vn 0.9083 -0.3351 0.2504
vn 0.8926 -0.4161 0.1734
vn 0.9303 -0.2961 0.2166
vn 0.8228 -0.4422 0.3571
vn 0.8084 -0.5248 0.2666
vn 0.9083 -0.3349 0.2506
vn 0.8081 -0.5250 0.2670
vn 0.8228 -0.4420 0.3572
vn 0.7127 -0.5316 0.4576
vn 0.8925 -0.4163 0.1733
vn 0.8083 -0.5247 0.2669
vn 0.9153 -0.3777 0.1395
vn 0.9303 -0.2962 0.2165
vn 0.8927 -0.4160 0.1734
vn 0.7126 -0.5317 0.4577
vn 0.6712 -0.5574 0.4887
vn 0.7047 -0.6080 0.3658
vn 0.7049 -0.6077 0.3657
vn 0.8083 -0.5247 0.2671
vn 0.6711 -0.6277 0.3945
vn 0.7047 -0.6079 0.3659
vn 0.6713 -0.5573 0.4887
vn 0.8082 -0.5249 0.2670
vn 0.7879 -0.5852 0.1918
vn 0.8927 -0.4159 0.1735
vn 0.8083 -0.5247 0.2670
vn 0.7047 -0.6080 0.3657
vn 0.7878 -0.5853 0.1917
vn 0.6711 -0.6278 0.3943
vn 0.6937 -0.6639 0.2793
vn 0.6939 -0.6637 0.2792
vn 0.7879 -0.5852 0.1919
vn 0.7046 -0.6082 0.3655
vn 0.7877 -0.5853 0.1920
vn 0.7693 -0.6234 0.1396
vn 0.8696 -0.4827 0.1042
vn 0.7692 -0.6236 0.1395
vn 0.7878 -0.5852 0.1920
vn 0.6938 -0.6639 0.2792
vn 0.8695 -0.4828 0.1042
vn 0.8451 -0.5325 0.0484
vn 0.8900 -0.4497 0.0753
vn 0.8449 -0.5327 0.0482
vn 0.8695 -0.4829 0.1041
vn 0.7693 -0.6234 0.1397
vn 0.8284 -0.5602 -0.0049
vn 0.8450 -0.5326 0.0483
vn 0.7512 -0.6530 0.0963
vn 0.8285 -0.5600 -0.0046
vn 0.8464 -0.5312 -0.0382
vn 0.8669 -0.4980 0.0235
vn 0.6476 -0.7195 0.2511
vn 0.6510 -0.7399 0.1696
vn 0.6804 -0.6985 0.2219
vn 0.6509 -0.7400 0.1696
vn 0.7514 -0.6528 0.0961
vn 0.6801 -0.6987 0.2219
vn 0.6140 -0.7662 0.1896
vn 0.6476 -0.7194 0.2509
vn 0.6138 -0.7664 0.1894
vn 0.5823 -0.8006 0.1412
vn 0.6510 -0.7399 0.1695
vn 0.8284 -0.5601 -0.0048
vn 0.8104 -0.5821 -0.0672
vn 0.8466 -0.5309 -0.0382
vn 0.8255 -0.5544 -0.1054
vn 0.8465 -0.5310 -0.0383
vn 0.8104 -0.5820 -0.0670
vn 0.6511 -0.7399 0.1693
vn 0.6215 -0.7732 0.1265
vn 0.7514 -0.6528 0.0963
vn 0.7512 -0.6530 0.0964
vn 0.7264 -0.6858 0.0436
vn 0.8285 -0.5600 -0.0048
vn 0.7264 -0.6859 0.0434
vn 0.6216 -0.7731 0.1261
vn 0.5826 -0.8085 0.0827
vn 0.6216 -0.7730 0.1264
vn 0.5404 -0.8356 0.0981
vn 0.7263 -0.6860 0.0435
vn 0.7027 -0.7113 -0.0140
vn 0.8103 -0.5821 -0.0671
vn 0.5396 -0.8410 0.0392
vn 0.5828 -0.8084 0.0826
vn 0.4972 -0.8656 0.0590
vn 0.7915 -0.5983 -0.1252
vn 0.8055 -0.5696 -0.1636
vn 0.8103 -0.5821 -0.0672
vn 0.7912 -0.5986 -0.1253
vn 0.8103 -0.5822 -0.0670
vn 0.7028 -0.7113 -0.0140
vn 0.7848 -0.5764 -0.2276
vn 0.8053 -0.5699 -0.1636
vn 0.7914 -0.5983 -0.1253
vn 0.6710 -0.7384 -0.0677
vn 0.7028 -0.7112 -0.0141
vn 0.5397 -0.8410 0.0391
vn 0.7028 -0.7113 -0.0142
vn 0.6710 -0.7384 -0.0673
vn 0.7913 -0.5985 -0.1253
vn 0.7664 -0.6142 -0.1882
vn 0.7850 -0.5762 -0.2275
vn 0.7913 -0.5984 -0.1254
vn 0.7663 -0.6143 -0.1882
vn 0.7913 -0.5985 -0.1252
vn 0.6710 -0.7383 -0.0676
vn 0.7848 -0.5764 -0.2275
vn 0.7664 -0.6143 -0.1880
vn 0.7607 -0.5803 -0.2908
vn 0.5926 -0.7824 -0.1914
vn 0.6338 -0.7635 -0.1241
vn 0.4588 -0.8856 -0.0719
vn 0.5925 -0.7824 -0.1918
vn 0.6957 -0.6526 -0.3002
vn 0.6339 -0.7634 -0.1244
vn 0.4699 -0.8715 -0.1404
vn 0.4591 -0.8855 -0.0719
vn 0.4277 -0.8995 -0.0888
vn 0.5924 -0.7825 -0.1914
vn 0.4592 -0.8854 -0.0719
vn 0.4699 -0.8715 -0.1401
vn 0.4277 -0.8996 -0.0888
vn 0.5297 -0.8249 -0.1975
vn 0.5363 -0.8090 -0.2406
vn 0.4700 -0.8715 -0.1402
vn 0.5295 -0.8250 -0.1976
vn 0.6449 -0.6983 -0.3105
vn 0.6844 -0.6448 -0.3402
vn 0.6959 -0.6524 -0.3002
vn 0.5922 -0.7826 -0.1920
vn 0.6448 -0.6985 -0.3105
vn 0.5922 -0.7651 -0.2527
vn 0.6845 -0.6447 -0.3403
vn 0.5496 -0.7986 -0.2452
vn 0.5537 -0.7909 -0.2605
vn 0.5290 -0.8048 -0.2691
vn 0.5535 -0.7912 -0.2602
vn 0.5496 -0.7987 -0.2450
vn -0.8097 0.4501 -0.3767
vn -0.8113 0.4251 -0.4013
vn -0.8149 0.4383 -0.3792
vn -0.6964 0.5278 -0.4864
vn -0.8113 0.4253 -0.4012
vn -0.8058 0.4470 -0.3884
vn -0.6962 0.5279 -0.4864
vn -0.7917 0.4548 -0.4078
vn -0.6482 0.5610 -0.5150
vn -0.8113 0.4252 -0.4013
vn -0.6962 0.5278 -0.4866
vn -0.8049 0.3524 -0.4774
vn -0.8998 0.3251 -0.2909
vn -0.8051 0.3524 -0.4771
vn -0.6963 0.5279 -0.4863
vn -0.6482 0.5608 -0.5151
vn -0.6847 0.4648 -0.5615
vn -0.6846 0.4648 -0.5615
vn -0.8050 0.3525 -0.4773
vn -0.6963 0.5279 -0.4864
vn -0.6362 0.4977 -0.5896
vn -0.6482 0.5608 -0.5152
vn -0.8051 0.3522 -0.4772
vn -0.9026 0.2487 -0.3515
vn -0.8997 0.3254 -0.2909
vn -0.8998 0.3252 -0.2909
vn -0.9026 0.2487 -0.3513
vn -0.9259 0.2815 -0.2520
vn -0.9278 0.2046 -0.3120
vn -0.9258 0.2818 -0.2521
vn -0.9027 0.2484 -0.3512
vn -0.7894 0.2468 -0.5621
vn -0.9025 0.2485 -0.3517
vn -0.6847 0.4647 -0.5615
vn -0.7895 0.2469 -0.5619
vn -0.8845 0.1480 -0.4424
vn -0.8493 0.0390 -0.5265
vn -0.9077 0.1154 -0.4035
vn -0.8729 0.0064 -0.4879
vn -0.9077 0.1153 -0.4034
vn -0.8492 0.0390 -0.5267
vn -0.8494 0.0389 -0.5263
vn -0.8016 -0.0777 -0.5928
vn -0.8729 0.0063 -0.4879
vn -0.6409 0.2458 -0.7272
vn -0.5978 0.1181 -0.7929
vn -0.7573 0.1327 -0.6394
vn -0.6060 0.2705 -0.7480
vn -0.5586 0.1542 -0.8150
vn -0.5979 0.1180 -0.7928
vn -0.7050 0.0089 -0.7092
vn -0.7574 0.1327 -0.6394
vn -0.5979 0.1182 -0.7928
vn -0.7574 0.1325 -0.6394
vn -0.7050 0.0089 -0.7091
vn -0.4522 -0.0784 -0.8885
vn -0.4792 -0.1170 -0.8699
vn -0.5063 0.0262 -0.8620
vn -0.8017 -0.0776 -0.5927
vn -0.7051 0.0089 -0.7090
vn -0.7327 -0.1936 -0.6525
vn -0.7609 -0.2179 -0.6112
vn -0.7327 -0.1937 -0.6524
vn -0.6605 -0.2910 -0.6921
vn -0.7610 -0.2179 -0.6110
vn -0.7327 -0.1938 -0.6523
vn -0.6603 -0.2910 -0.6924
vn -0.5725 -0.2071 -0.7933
vn -0.6604 -0.2910 -0.6922
vn -0.6907 -0.3057 -0.6553
vn -0.7611 -0.2179 -0.6109
vn -0.5167 -0.2881 -0.8062
vn -0.5724 -0.2071 -0.7934
vn -0.4791 -0.1169 -0.8699
vn -0.4792 -0.1169 -0.8699
vn -0.4523 -0.0785 -0.8884
vn -0.4243 -0.1980 -0.8836
vn -0.4243 -0.1978 -0.8837
vn -0.5168 -0.2880 -0.8062
vn -0.4790 -0.1170 -0.8700
vn -0.3943 -0.1654 -0.9040
vn -0.4241 -0.1978 -0.8837
vn -0.4524 -0.0786 -0.8883
vn -0.6603 -0.2912 -0.6922
vn -0.5964 -0.3632 -0.7158
vn -0.6906 -0.3058 -0.6554
vn -0.6233 -0.3835 -0.6815
vn -0.5167 -0.2880 -0.8063
vn -0.4242 -0.1980 -0.8836
vn -0.4680 -0.3433 -0.8143
vn -0.5167 -0.2883 -0.8062
vn -0.4678 -0.3432 -0.8144
vn -0.5963 -0.3632 -0.7158
vn -0.3941 -0.1657 -0.9040
vn -0.3718 -0.2562 -0.8922
vn -0.4247 -0.1979 -0.8834
vn -0.3719 -0.2558 -0.8923
vn -0.4681 -0.3433 -0.8143
vn -0.4241 -0.1981 -0.8837
vn -0.3303 -0.2367 -0.9137
vn -0.3719 -0.2560 -0.8923
vn -0.3943 -0.1658 -0.9039
vn -0.5485 -0.4264 -0.7192
vn -0.6232 -0.3833 -0.6816
vn -0.5963 -0.3634 -0.7158
vn -0.5487 -0.4264 -0.7191
vn -0.5963 -0.3629 -0.7160
vn -0.4679 -0.3431 -0.8144
vn -0.5719 -0.4587 -0.6801
vn -0.4679 -0.3435 -0.8143
vn -0.4097 -0.4028 -0.8185
vn -0.5487 -0.4263 -0.7192
vn -0.3718 -0.2558 -0.8924
vn -0.3303 -0.2369 -0.9137
vn -0.3041 -0.3154 -0.8989
vn -0.5125 -0.5264 -0.6784
vn -0.5719 -0.4588 -0.6800
vn -0.5012 -0.4910 -0.7126
vn -0.2370 -0.3574 -0.9034
vn -0.3041 -0.3153 -0.8990
vn -0.1933 -0.3349 -0.9222
vn -0.2371 -0.3574 -0.9034
vn -0.4100 -0.4030 -0.8182
vn -0.3042 -0.3153 -0.8989
vn -0.3961 -0.6141 -0.6826
vn -0.4258 -0.6444 -0.6352
vn -0.4482 -0.5566 -0.6995
vn -0.4482 -0.5565 -0.6996
vn -0.3525 -0.4559 -0.8172
vn -0.3962 -0.6140 -0.6827
vn -0.4257 -0.6444 -0.6353
vn -0.3963 -0.6138 -0.6828
vn -0.3753 -0.6962 -0.6119
vn -0.1051 -0.4421 -0.8908
vn -0.1721 -0.4011 -0.8997
vn -0.0564 -0.4000 -0.9148
vn -0.0898 -0.6439 -0.7598
vn -0.0296 -0.5488 -0.8355
vn -0.0957 -0.6112 -0.7857
vn -0.2114 -0.7164 -0.6649
vn -0.2601 -0.7424 -0.6174
vn -0.2823 -0.7098 -0.6454
vn -0.1657 -0.6133 -0.7723
vn -0.2118 -0.7163 -0.6648
vn -0.2824 -0.7099 -0.6452
vn -0.2117 -0.7164 -0.6648
vn -0.1538 -0.6639 -0.7318
vn -0.2601 -0.7425 -0.6173
vn -0.1073 -0.6486 -0.7535
vn -0.2119 -0.7163 -0.6649
vn -0.1658 -0.6130 -0.7725
vn -0.2297 -0.3500 0.9082
vn -0.2157 -0.4100 0.8862
vn -0.2024 -0.3779 0.9034
vn -0.2296 -0.3498 0.9082
vn -0.2431 -0.3821 0.8916
vn -0.2157 -0.4099 0.8863
vn 0.1622 -0.4235 0.8913
vn 0.1824 -0.5647 0.8049
vn 0.2593 -0.3815 0.8872
vn 0.2676 -0.5016 0.8227
vn 0.2594 -0.3814 0.8872
vn 0.1825 -0.5644 0.8050
vn 0.2676 -0.5015 0.8227
vn 0.1823 -0.5647 0.8049
vn 0.2789 -0.6347 0.7207
vn -0.5304 -0.4166 0.7383
vn -0.2159 -0.4098 0.8863
vn -0.2431 -0.3819 0.8917
vn -0.2713 -0.4069 0.8723
vn -0.5305 -0.4165 0.7383
vn -0.2429 -0.3821 0.8916
vn -0.5304 -0.4165 0.7384
vn -0.5080 -0.5287 0.6801
vn -0.2157 -0.4098 0.8863
vn -0.4388 -0.6626 0.6069
vn -0.5081 -0.5287 0.6799
vn -0.5963 -0.5140 0.6166
vn -0.4385 -0.6628 0.6069
vn -0.5966 -0.5140 0.6164
vn -0.5324 -0.6269 0.5688
vn -0.1800 -0.5334 0.8265
vn 0.1622 -0.4237 0.8911
vn -0.2154 -0.4100 0.8863
vn -0.5082 -0.5288 0.6798
vn -0.4388 -0.6627 0.6069
vn -0.1798 -0.5336 0.8264
vn -0.4388 -0.6629 0.6066
vn -0.5324 -0.6272 0.5684
vn -0.4543 -0.7459 0.4871
vn -0.1238 -0.6756 0.7268
vn -0.4389 -0.6628 0.6066
vn -0.3569 -0.7754 0.5210
vn -0.4386 -0.6630 0.6067
vn -0.4543 -0.7459 0.4870
vn -0.4389 -0.6629 0.6066
vn -0.3568 -0.7753 0.5211
vn -0.1236 -0.6758 0.7266
vn -0.4545 -0.7459 0.4869
vn -0.3666 -0.8413 0.3972
vn -0.3570 -0.7753 0.5211
vn 0.2791 -0.6347 0.7206
vn 0.1822 -0.5648 0.8049
vn 0.1922 -0.6935 0.6943
vn 0.2792 -0.6347 0.7206
vn 0.1919 -0.6936 0.6943
vn 0.2901 -0.7305 0.6182
vn -0.0737 -0.7828 0.6178
vn -0.1237 -0.6758 0.7266
vn -0.3571 -0.7752 0.5210
vn -0.3572 -0.7753 0.5210
vn -0.2894 -0.8583 0.4238
vn -0.2896 -0.8583 0.4235
vn -0.3668 -0.8411 0.3974
vn -0.0740 -0.7829 0.6178
vn -0.0399 -0.8581 0.5119
vn 0.2121 -0.7810 0.5874
vn -0.0401 -0.8580 0.5121
vn -0.0737 -0.7829 0.6177
vn -0.2897 -0.8583 0.4235
vn -0.0398 -0.8580 0.5121
vn 0.0028 -0.9096 0.4154
vn 0.2120 -0.7810 0.5874
vn 0.0031 -0.9096 0.4155
vn -0.0399 -0.8580 0.5121
vn -0.2895 -0.8584 0.4235
vn 0.2299 -0.8448 0.4831
vn 0.2120 -0.7811 0.5873
vn 0.0030 -0.9096 0.4155
vn 0.2305 -0.8447 0.4831
vn 0.3053 -0.8027 0.5124
vn 0.0028 -0.9097 0.4153
vn -0.2373 -0.9107 0.3381
vn 0.0312 -0.9453 0.3247
vn 0.2517 -0.8803 0.4021
vn 0.3050 -0.8025 0.5127
vn 0.2304 -0.8447 0.4831
vn 0.2515 -0.8804 0.4022
vn 0.3131 -0.8526 0.4185
vn 0.3052 -0.8026 0.5124
vn 0.0581 -0.9644 0.2581
vn -0.1922 -0.9481 0.2535
vn 0.0313 -0.9452 0.3249
vn 0.0582 -0.9643 0.2584
vn 0.2515 -0.8803 0.4022
vn -0.1922 -0.9481 0.2534
vn -0.2621 -0.9370 0.2310
vn -0.1569 -0.9699 0.1860
vn 0.0581 -0.9643 0.2583
vn -0.1919 -0.9482 0.2534
vn -0.2238 -0.9617 0.1585
vn -0.1569 -0.9699 0.1862
vn -0.2623 -0.9370 0.2310
vn 0.2754 -0.9061 0.3212
vn 0.2755 -0.9061 0.3212
vn 0.2515 -0.8804 0.4021
vn 0.0583 -0.9643 0.2584
vn 0.3368 -0.8766 0.3436
vn 0.3131 -0.8526 0.4183
vn 0.2755 -0.9059 0.3215
vn 0.0582 -0.9643 0.2583
vn -0.1570 -0.9699 0.1863
vn 0.0801 -0.9777 0.1941
vn 0.0802 -0.9777 0.1942
vn 0.2754 -0.9061 0.3213
vn -0.2240 -0.9616 0.1586
vn -0.1365 -0.9841 0.1140
vn -0.1571 -0.9699 0.1860
vn -0.1880 -0.9822 -0.0038
vn -0.1713 -0.9829 -0.0676
vn -0.1184 -0.9924 0.0328
vn 0.2964 -0.9218 0.2499
vn 0.3316 -0.9265 0.1777
vn 0.3687 -0.8907 0.2659
vn 0.4037 -0.8941 0.1936
vn 0.3688 -0.8907 0.2659
vn 0.3314 -0.9266 0.1779
vn 0.1096 -0.9875 0.1135
vn -0.1182 -0.9924 0.0329
vn 0.1321 -0.9904 0.0405
vn 0.1096 -0.9875 0.1133
vn 0.1324 -0.9904 0.0405
vn 0.3314 -0.9266 0.1777
vn 0.3593 -0.9269 0.1087
vn 0.4038 -0.8941 0.1938
vn 0.3315 -0.9266 0.1777
vn 0.3593 -0.9269 0.1086
vn 0.3314 -0.9266 0.1778
vn 0.1325 -0.9904 0.0403
vn 0.4308 -0.8938 0.1246
vn 0.4036 -0.8942 0.1936
vn 0.4569 -0.8880 0.0513
vn 0.4306 -0.8939 0.1246
vn 0.3592 -0.9269 0.1086
vn -0.0810 -0.9903 -0.1126
vn -0.1016 -0.9938 -0.0445
vn -0.1565 -0.9776 -0.1407
vn -0.0806 -0.9903 -0.1129
vn 0.1324 -0.9904 0.0404
vn -0.1563 -0.9776 -0.1408
vn -0.1436 -0.9671 -0.2097
vn -0.0807 -0.9903 -0.1129
vn 0.3855 -0.9220 0.0354
vn 0.4567 -0.8881 0.0513
vn 0.3594 -0.9268 0.1088
vn 0.1323 -0.9904 0.0403
vn 0.3856 -0.9220 0.0354
vn 0.4570 -0.8880 0.0513
vn 0.3856 -0.9220 0.0351
vn 0.4856 -0.8741 -0.0132
vn -0.0640 -0.9802 -0.1874
vn -0.0807 -0.9903 -0.1131
vn -0.1439 -0.9671 -0.2099
vn -0.0641 -0.9802 -0.1876
vn 0.1723 -0.9793 -0.1062
vn 0.1533 -0.9878 -0.0283
vn 0.1722 -0.9793 -0.1063
vn 0.4145 -0.9094 -0.0337
vn 0.1534 -0.9878 -0.0283
vn -0.0639 -0.9802 -0.1876
vn -0.0344 -0.9637 -0.2647
vn 0.1725 -0.9793 -0.1063
vn 0.5038 -0.8607 -0.0733
vn 0.4318 -0.8944 -0.1169
vn 0.4603 -0.8749 -0.1504
vn 0.2045 -0.9584 -0.1991
vn 0.1723 -0.9793 -0.1065
vn 0.0431 -0.9524 -0.3017
vn 0.2246 -0.9344 -0.2764
vn 0.2042 -0.9585 -0.1991
vn 0.1389 0.7010 -0.6995
vn 0.1546 0.6670 -0.7289
vn 0.1362 0.6887 -0.7122
vn 0.1533 0.6905 -0.7069
vn 0.1545 0.6670 -0.7289
vn -0.0925 0.6356 -0.7665
vn 0.1151 0.6801 -0.7240
vn -0.0310 0.6433 -0.7650
vn 0.3239 0.6751 -0.6628
vn 0.1547 0.6668 -0.7290
vn 0.1532 0.6905 -0.7069
vn 0.3242 0.6750 -0.6628
vn 0.1719 0.6862 -0.7068
vn 0.3816 0.6729 -0.6337
vn 0.3239 0.6749 -0.6630
vn 0.3821 0.6728 -0.6335
vn 0.3641 0.5826 -0.7266
vn 0.3638 0.5829 -0.7266
vn 0.1803 0.5676 -0.8033
vn 0.3240 0.6749 -0.6630
vn 0.4155 0.5744 -0.7053
vn 0.3641 0.5829 -0.7264
vn 0.3817 0.6728 -0.6337
vn 0.1801 0.5676 -0.8033
vn -0.0167 0.5554 -0.8314
vn -0.0308 0.6435 -0.7648
vn -0.0311 0.6433 -0.7650
vn -0.0164 0.5556 -0.8313
vn -0.0926 0.6356 -0.7664
vn -0.0710 0.5423 -0.8372
vn -0.0926 0.6358 -0.7663
vn -0.0161 0.5553 -0.8315
vn 0.1807 0.5674 -0.8034
vn 0.2090 0.4379 -0.8744
vn -0.0163 0.5553 -0.8315
vn 0.1802 0.5676 -0.8033
vn 0.3637 0.5831 -0.7265
vn 0.2089 0.4379 -0.8744
vn 0.0293 0.4302 -0.9022
vn 0.2399 0.3027 -0.9224
vn 0.2089 0.4377 -0.8745
vn 0.3865 0.4543 -0.8026
vn 0.2400 0.3026 -0.9224
vn 0.3867 0.4545 -0.8025
vn 0.4375 0.4536 -0.7765
vn 0.4037 0.3208 -0.8568
vn 0.4035 0.3208 -0.8569
vn 0.2400 0.3027 -0.9224
vn 0.3867 0.4544 -0.8025
vn 0.4466 0.3194 -0.8358
vn 0.4036 0.3208 -0.8569
vn 0.0642 0.2985 -0.9522
vn 0.0931 0.1705 -0.9809
vn 0.0113 0.2964 -0.9550
vn 0.2398 0.3026 -0.9225
vn 0.2580 0.1712 -0.9509
vn 0.0932 0.1703 -0.9810
vn 0.2574 0.1713 -0.9510
vn 0.2398 0.3026 -0.9224
vn 0.4146 0.1908 -0.8898
vn 0.2734 0.0470 -0.9608
vn 0.4150 0.0649 -0.9075
vn 0.2756 -0.0504 -0.9600
vn 0.1299 -0.0548 -0.9900
vn 0.1129 0.0508 -0.9923
vn 0.2754 -0.0504 -0.9600
vn 0.4594 0.0738 -0.8852
vn 0.4177 -0.0387 -0.9078
vn 0.4152 0.0651 -0.9074
vn 0.1299 -0.0552 -0.9900
vn 0.1491 -0.1328 -0.9799
vn 0.0861 -0.0462 -0.9952
vn 0.1490 -0.1329 -0.9799
vn 0.1298 -0.0551 -0.9900
vn 0.2835 -0.1261 -0.9507
vn 0.1029 -0.1347 -0.9855
vn 0.0861 -0.0459 -0.9952
vn 0.1490 -0.1330 -0.9799
vn 0.4180 -0.0385 -0.9076
vn 0.4557 -0.0227 -0.8898
vn 0.4125 -0.1112 -0.9042
vn 0.4124 -0.1112 -0.9042
vn 0.2837 -0.1260 -0.9506
vn 0.4178 -0.0386 -0.9077
vn 0.4553 -0.1134 -0.8831
vn 0.4189 -0.1802 -0.8900
vn 0.4126 -0.1113 -0.9041
vn 0.4187 -0.1802 -0.8901
vn 0.2786 -0.1869 -0.9420
vn 0.4124 -0.1111 -0.9042
vn 0.4615 -0.1824 -0.8682
vn 0.4189 -0.1801 -0.8900
vn 0.4553 -0.1132 -0.8831
vn 0.1411 -0.1986 -0.9699
vn 0.1277 -0.2639 -0.9561
vn 0.0912 -0.2059 -0.9743
vn 0.0749 -0.2814 -0.9567
vn 0.1276 -0.2635 -0.9562
vn 0.0608 -0.3448 -0.9367
vn 0.4188 -0.1799 -0.8901
vn 0.4615 -0.1822 -0.8682
vn 0.4300 -0.2496 -0.8676
vn 0.4298 -0.2496 -0.8677
vn 0.2834 -0.2555 -0.9243
vn 0.4187 -0.1800 -0.8901
vn 0.4785 -0.2529 -0.8409
vn 0.4299 -0.2496 -0.8677
vn 0.4617 -0.1823 -0.8681
vn 0.4786 -0.2528 -0.8409
vn 0.4876 -0.3159 -0.8139
vn 0.4299 -0.2497 -0.8677
vn 0.1099 -0.3336 -0.9363
vn 0.1278 -0.2636 -0.9561
vn 0.1275 -0.2636 -0.9562
vn 0.2832 -0.2555 -0.9244
vn 0.1097 -0.3336 -0.9363
vn 0.0302 -0.4113 -0.9110
vn 0.0609 -0.3449 -0.9367
vn 0.1099 -0.3335 -0.9363
vn 0.4482 -0.3084 -0.8390
vn 0.4874 -0.3158 -0.8141
vn 0.4483 -0.3086 -0.8389
vn 0.4875 -0.3160 -0.8139
vn 0.5078 -0.3756 -0.7753
vn 0.4482 -0.3084 -0.8391
vn 0.2796 -0.3163 -0.9065
vn 0.1096 -0.3337 -0.9363
vn 0.4483 -0.3085 -0.8390
vn 0.2801 -0.3163 -0.9064
vn 0.2835 -0.2554 -0.9244
vn 0.0913 -0.4015 -0.9113
vn 0.5079 -0.3755 -0.7753
vn 0.5169 -0.4383 -0.7353
vn 0.4595 -0.3774 -0.8040
vn 0.0670 -0.4688 -0.8807
vn 0.0036 -0.4747 -0.8802
vn 0.0913 -0.4016 -0.9113
vn 0.0667 -0.4688 -0.8808
vn -0.0104 -0.5357 -0.8443
vn 0.0036 -0.4746 -0.8802
vn 0.2786 -0.3831 -0.8807
vn 0.0911 -0.4016 -0.9113
vn 0.2797 -0.3163 -0.9065
vn 0.2787 -0.3832 -0.8806
vn 0.0670 -0.4690 -0.8806
vn 0.0912 -0.4015 -0.9113
vn 0.2787 -0.3831 -0.8807
vn 0.2798 -0.3162 -0.9065
vn 0.4597 -0.3774 -0.8039
vn 0.4696 -0.4406 -0.7651
vn 0.5170 -0.4383 -0.7353
vn 0.4695 -0.4406 -0.7652
vn 0.4596 -0.3775 -0.8039
vn 0.5191 -0.4945 -0.6971
vn 0.4693 -0.4406 -0.7653
vn 0.0631 -0.5438 -0.8368
vn -0.0105 -0.5357 -0.8444
vn 0.4696 -0.4407 -0.7651
vn 0.4546 -0.5200 -0.7232
vn 0.2692 -0.4598 -0.8462
vn 0.5189 -0.4947 -0.6971
vn 0.4664 -0.5507 -0.6923
vn 0.4545 -0.5202 -0.7231
vn 0.1093 -0.5956 -0.7958
vn 0.0392 -0.5788 -0.8145
vn 0.0629 -0.5437 -0.8369
vn 0.1093 -0.5954 -0.7960
vn 0.2406 -0.6175 -0.7489
vn 0.2040 -0.5965 -0.7763
vn 0.1093 -0.5954 -0.7959
vn 0.2548 -0.6063 -0.7533
vn 0.2547 -0.6062 -0.7534
vn 0.2612 -0.5401 -0.8001
vn 0.2487 -0.6414 -0.7258
vn 0.2546 -0.6062 -0.7535
vn 0.4012 -0.5709 -0.7163
vn 0.2544 -0.6063 -0.7535
vn 0.2611 -0.5404 -0.7999
vn 0.4663 -0.5508 -0.6922
vn 0.3057 -0.5861 -0.7504
vn 0.4013 -0.5710 -0.7161
vn 0.6866 0.6810 -0.2545
vn 0.7051 0.6604 -0.2583
vn 0.7107 0.6387 -0.2951
vn 0.5009 0.6151 -0.6089
vn 0.5624 0.4813 -0.6724
vn 0.4040 0.6309 -0.6624
vn 0.4728 0.5128 -0.7166
vn 0.4038 0.6309 -0.6625
vn 0.5625 0.4814 -0.6722
vn 0.4728 0.5126 -0.7167
vn 0.5625 0.4809 -0.6725
vn 0.5309 0.3667 -0.7640
vn 0.8564 0.5163 -0.0010
vn 0.7106 0.6388 -0.2950
vn 0.7053 0.6603 -0.2581
vn 0.7375 0.6303 -0.2426
vn 0.8563 0.5164 -0.0008
vn 0.7054 0.6602 -0.2578
vn 0.8564 0.5162 -0.0006
vn 0.9055 0.4208 -0.0548
vn 0.7108 0.6387 -0.2947
vn 0.9389 0.3012 -0.1666
vn 0.9055 0.4209 -0.0549
vn 0.9251 0.3783 0.0336
vn 0.9388 0.3014 -0.1664
vn 0.9250 0.3784 0.0338
vn 0.9564 0.2856 -0.0611
vn 0.9055 0.4207 -0.0546
vn 0.9389 0.3012 -0.1667
vn 0.7576 0.5369 -0.3712
vn 0.7575 0.5370 -0.3713
vn 0.8024 0.3835 -0.4572
vn 0.5625 0.4811 -0.6724
vn 0.5626 0.4809 -0.6725
vn 0.8023 0.3832 -0.4576
vn 0.6165 0.3301 -0.7148
vn 0.5308 0.3666 -0.7641
vn 0.5628 0.4808 -0.6724
vn 0.6166 0.3300 -0.7148
vn 0.6163 0.3303 -0.7149
vn 0.5661 0.2288 -0.7919
vn 0.6163 0.3304 -0.7148
vn 0.8163 0.2387 -0.5260
vn 0.6296 0.1938 -0.7523
vn 0.8163 0.2389 -0.5259
vn 0.8152 0.1113 -0.5684
vn 0.6296 0.1938 -0.7524
vn 0.6298 0.1938 -0.7522
vn 0.5661 0.2288 -0.7920
vn 0.6165 0.3303 -0.7147
vn 0.7999 -0.0005 -0.6001
vn 0.8150 0.1115 -0.5687
vn 0.9384 0.0538 -0.3414
vn 0.8152 0.1114 -0.5683
vn 0.7998 -0.0003 -0.6002
vn 0.6296 0.1937 -0.7524
vn 0.6327 0.0822 -0.7700
vn 0.5661 0.2289 -0.7919
vn 0.9201 -0.0546 -0.3879
vn 0.7999 -0.0002 -0.6002
vn 0.9383 0.0537 -0.3416
vn 0.9384 0.0539 -0.3413
vn 0.9465 -0.0670 -0.3158
vn 0.9200 -0.0544 -0.3882
vn 0.9464 -0.0671 -0.3159
vn 0.8980 -0.1423 -0.4163
vn 0.9200 -0.0546 -0.3880
vn 0.9212 -0.1556 -0.3566
vn 0.8980 -0.1421 -0.4164
vn 0.9464 -0.0669 -0.3159
vn 0.7787 -0.0888 -0.6210
vn 0.7574 -0.1586 -0.6334
vn 0.6233 -0.0193 -0.7817
vn 0.7577 -0.1584 -0.6331
vn 0.7791 -0.0886 -0.6206
vn 0.8981 -0.1422 -0.4161
vn 0.6235 -0.0194 -0.7816
vn 0.6054 -0.1006 -0.7895
vn 0.5692 0.0077 -0.8221
vn 0.6053 -0.1006 -0.7896
vn 0.6232 -0.0191 -0.7818
vn 0.7574 -0.1584 -0.6335
vn 0.5515 -0.0740 -0.8309
vn 0.5693 0.0076 -0.8221
vn 0.8705 -0.2181 -0.4412
vn 0.8981 -0.1423 -0.4161
vn 0.7576 -0.1588 -0.6331
vn 0.8706 -0.2178 -0.4411
vn 0.7368 -0.2286 -0.6363
vn 0.5805 -0.1643 -0.7975
vn 0.5515 -0.0739 -0.8309
vn 0.5804 -0.1641 -0.7976
vn 0.7366 -0.2284 -0.6366
vn 0.5805 -0.1641 -0.7975
vn 0.5181 -0.1476 -0.8425
vn 0.5516 -0.0738 -0.8309
vn 0.8508 -0.2878 -0.4398
vn 0.7369 -0.2286 -0.6362
vn 0.8706 -0.2177 -0.4413
vn 0.8739 -0.3114 -0.3734
vn 0.8506 -0.2878 -0.4400
vn 0.8994 -0.2314 -0.3707
vn 0.7366 -0.2283 -0.6366
vn 0.7014 -0.3010 -0.6461
vn 0.5805 -0.1639 -0.7976
vn 0.7016 -0.3012 -0.6458
vn 0.7360 -0.2309 -0.6363
vn 0.8508 -0.2879 -0.4396
vn 0.5806 -0.1639 -0.7975
vn 0.5439 -0.2365 -0.8051
vn 0.5182 -0.1475 -0.8425
vn 0.5438 -0.2364 -0.8052
vn 0.5804 -0.1639 -0.7976
vn 0.8473 -0.3852 -0.3656
vn 0.8140 -0.4516 -0.3653
vn 0.8191 -0.3669 -0.4410
vn 0.7013 -0.3010 -0.6462
vn 0.6679 -0.3739 -0.6435
vn 0.5439 -0.2363 -0.8052
vn 0.7018 -0.3012 -0.6456
vn 0.8191 -0.3671 -0.4409
vn 0.6681 -0.3743 -0.6431
vn 0.5054 -0.3018 -0.8084
vn 0.6680 -0.3739 -0.6434
vn 0.4630 -0.3674 -0.8066
vn 0.4079 -0.3415 -0.8468
vn 0.4631 -0.3675 -0.8065
vn 0.3593 -0.3935 -0.8462
vn 0.7537 -0.4997 -0.4269
vn 0.7896 -0.4332 -0.4346
vn 0.7776 -0.5175 -0.3571
vn 0.7896 -0.4335 -0.4343
vn 0.7537 -0.4998 -0.4268
vn 0.6680 -0.3742 -0.6432
vn 0.7463 -0.5740 -0.3371
vn 0.4217 -0.4212 -0.8030
vn 0.3592 -0.3933 -0.8464
vn 0.4632 -0.3675 -0.8065
vn 0.4215 -0.4213 -0.8030
vn 0.3196 -0.4525 -0.8325
vn 0.6342 -0.4348 -0.6393
vn 0.4631 -0.3674 -0.8066
vn 0.6681 -0.3740 -0.6433
vn 0.4631 -0.3675 -0.8066
vn 0.6344 -0.4349 -0.6390
vn 0.4217 -0.4211 -0.8030
vn 0.6345 -0.4350 -0.6389
vn 0.6681 -0.3741 -0.6432
vn 0.7462 -0.5741 -0.3371
vn 0.7047 -0.6315 -0.3235
vn 0.7204 -0.5598 -0.4094
vn 0.5957 -0.4994 -0.6291
vn 0.4219 -0.4212 -0.8029
vn 0.6344 -0.4349 -0.6391
vn 0.6626 -0.6327 -0.4008
vn 0.7047 -0.6316 -0.3232
vn 0.7203 -0.5598 -0.4097
vn 0.6626 -0.6326 -0.4010
vn 0.5956 -0.4993 -0.6292
vn 0.7046 -0.6317 -0.3233
vn 0.6454 -0.6675 -0.3714
vn 0.6625 -0.6328 -0.4009
vn 0.3821 -0.5674 -0.7294
vn 0.3352 -0.5160 -0.7883
vn 0.3752 -0.4953 -0.7835
vn 0.3819 -0.5674 -0.7295
vn 0.4614 -0.6084 -0.6458
vn 0.3351 -0.5159 -0.7884
vn 0.5402 -0.5781 -0.6116
vn 0.3752 -0.4952 -0.7836
vn 0.5957 -0.4995 -0.6291
vn 0.5404 -0.5779 -0.6115
vn 0.3819 -0.5675 -0.7295
vn 0.3749 -0.4951 -0.7838
vn 0.5403 -0.5779 -0.6116
vn 0.5956 -0.4994 -0.6292
vn 0.6625 -0.6326 -0.4011
vn 0.4512 -0.6779 -0.5804
vn 0.4643 -0.6473 -0.6045
vn 0.4850 -0.6431 -0.5926
vn 0.4513 -0.6778 -0.5805
vn 0.4850 -0.6430 -0.5927
vn 0.4808 -0.6608 -0.5764
vn 0.5946 -0.6649 -0.4520
vn 0.5402 -0.5777 -0.6119
vn 0.5948 -0.6649 -0.4518
vn 0.4806 -0.6608 -0.5765
vn 0.4851 -0.6430 -0.5927
vn 0.4808 -0.6607 -0.5764
vn 0.5947 -0.6649 -0.4519
vn 0.5338 -0.6420 -0.5503
vn -0.1975 -0.8883 -0.4146
vn -0.1850 -0.9338 -0.3063
vn -0.3414 -0.8685 -0.3595
vn -0.1975 -0.8882 -0.4148
vn -0.3412 -0.8685 -0.3595
vn -0.2625 -0.8245 -0.5014
vn -0.3414 -0.8686 -0.3592
vn -0.1850 -0.9337 -0.3064
vn -0.2190 -0.9753 -0.0269
vn -0.4467 -0.6342 -0.6311
vn -0.2623 -0.8244 -0.5015
vn -0.3414 -0.8686 -0.3593
vn -0.3415 -0.8685 -0.3592
vn -0.2191 -0.9753 -0.0270
vn -0.4520 -0.8407 -0.2983
vn -0.3412 -0.8686 -0.3592
vn -0.4520 -0.8406 -0.2985
vn -0.4466 -0.6342 -0.6312
vn -0.3181 -0.9480 0.0086
vn -0.8810 -0.3587 -0.3085
vn -0.8286 -0.5597 -0.0108
vn -0.9634 -0.1474 -0.2239
vn 0.5536 -0.4963 0.6687
vn 0.7702 -0.3711 0.5187
vn 0.4545 -0.5292 0.7165
vn 0.5538 -0.4961 0.6687
vn 0.8086 -0.3351 0.4836
vn 0.7920 -0.3234 0.5178
vn 0.8034 -0.2922 0.5187
vn 0.7921 -0.3231 0.5179
vn 0.8086 -0.3347 0.4839
vn 0.5537 -0.4961 0.6688
vn 0.5569 -0.5817 0.5929
vn 0.4652 -0.6183 0.6335
vn 0.5569 -0.5816 0.5930
vn 0.4546 -0.5291 0.7165
vn 0.8032 -0.2922 0.5191
vn 0.8088 -0.3348 0.4835
vn 0.8158 -0.3072 0.4900
vn 0.5742 -0.6645 0.4782
vn 0.5569 -0.5817 0.5928
vn 0.4652 -0.6182 0.6336
vn 0.5741 -0.6646 0.4782
vn 0.4652 -0.6183 0.6336
vn 0.4956 -0.6824 0.5373
vn 0.8108 -0.4325 0.3945
vn 0.8087 -0.3349 0.4835
vn 0.5571 -0.5815 0.5929
vn 0.5568 -0.5816 0.5930
vn 0.5741 -0.6645 0.4783
vn 0.8109 -0.4323 0.3944
vn 0.5743 -0.6645 0.4782
vn 0.4956 -0.6825 0.5372
vn 0.5124 -0.7463 0.4249
vn 0.9589 -0.1117 0.2607
vn 0.8159 -0.3072 0.4898
vn 0.8087 -0.3352 0.4835
vn 0.9590 -0.1117 0.2606
vn 0.8107 -0.4326 0.3944
vn 0.9834 -0.0305 0.1787
vn 0.8399 -0.3036 0.4498
vn 0.9590 -0.1116 0.2603
vn 0.8108 -0.4326 0.3943
vn 0.9650 -0.1920 0.1785
vn 0.9589 -0.1120 0.2607
vn 0.9865 -0.1206 0.1109
vn 0.9834 -0.0307 0.1788
vn 0.9651 -0.1918 0.1785
vn 0.9650 -0.1918 0.1786
vn 0.9428 -0.3167 0.1045
vn 0.9865 -0.1204 0.1110
vn 0.9651 -0.1917 0.1786
vn 0.8110 -0.4324 0.3940
vn 0.9427 -0.3170 0.1042
vn 0.9718 -0.2284 0.0582
vn 0.9428 -0.3167 0.1042
vn 0.9719 -0.2282 0.0583
vn 0.9427 -0.3169 0.1044
vn 0.9385 -0.3451 -0.0036
vn 0.8109 -0.4326 0.3941
vn 0.7947 -0.5379 0.2812
vn 0.9428 -0.3168 0.1043
vn 0.9386 -0.3451 -0.0035
vn 0.9427 -0.3170 0.1043
vn 0.9040 -0.4262 0.0332
vn 0.9427 -0.3169 0.1043
vn 0.7949 -0.5377 0.2811
vn 0.9039 -0.4264 0.0331
vn 0.9386 -0.3449 -0.0037
vn 0.9040 -0.4264 0.0330
vn 0.8995 -0.4317 -0.0672
vn 0.5122 -0.7463 0.4251
vn 0.5149 -0.7954 0.3198
vn 0.5867 -0.7273 0.3561
vn 0.7685 -0.6111 0.1894
vn 0.7948 -0.5377 0.2812
vn 0.5867 -0.7273 0.3560
vn 0.7685 -0.6111 0.1895
vn 0.9040 -0.4262 0.0329
vn 0.7947 -0.5379 0.2811
vn 0.5728 -0.7775 0.2594
vn 0.5868 -0.7274 0.3558
vn 0.5150 -0.7953 0.3199
vn 0.5869 -0.7273 0.3557
vn 0.5729 -0.7776 0.2592
vn 0.7686 -0.6110 0.1895
vn 0.7377 -0.6660 0.1104
vn 0.7686 -0.6111 0.1894
vn 0.5729 -0.7775 0.2594
vn 0.9040 -0.4263 0.0331
vn 0.7687 -0.6110 0.1895
vn 0.8675 -0.4968 -0.0266
vn 0.8678 -0.4963 -0.0268
vn 0.8996 -0.4316 -0.0669
vn 0.9039 -0.4264 0.0330
vn 0.5728 -0.7776 0.2594
vn 0.5150 -0.7953 0.3198
vn 0.5566 -0.8094 0.1875
vn 0.5055 -0.8292 0.2387
vn 0.5567 -0.8092 0.1877
vn 0.5152 -0.7952 0.3196
vn 0.8676 -0.4965 -0.0269
vn 0.8315 -0.5493 -0.0831
vn 0.8995 -0.4317 -0.0671
vn 0.8313 -0.5496 -0.0830
vn 0.8677 -0.4964 -0.0268
vn 0.7084 -0.7041 0.0493
vn 0.8617 -0.4936 -0.1176
vn 0.8315 -0.5492 -0.0831
vn 0.7085 -0.7040 0.0492
vn 0.5567 -0.8093 0.1874
vn 0.6749 -0.7378 -0.0124
vn 0.7084 -0.7041 0.0492
vn 0.6752 -0.7375 -0.0121
vn 0.8315 -0.5493 -0.0830
vn 0.7954 -0.5897 -0.1398
vn 0.8620 -0.4931 -0.1176
vn 0.8314 -0.5494 -0.0834
vn 0.7952 -0.5900 -0.1398
vn 0.8312 -0.5496 -0.0833
vn 0.6749 -0.7378 -0.0121
vn 0.6477 -0.7597 -0.0569
vn 0.6750 -0.7377 -0.0124
vn 0.5307 -0.8382 0.1256
vn 0.6749 -0.7378 -0.0125
vn 0.6477 -0.7598 -0.0570
vn 0.7955 -0.5896 -0.1397
vn 0.5306 -0.8383 0.1257
vn 0.4847 -0.8584 0.1680
vn 0.5068 -0.8590 0.0722
vn 0.5068 -0.8590 0.0721
vn 0.6478 -0.7596 -0.0569
vn 0.5306 -0.8382 0.1258
vn 0.4515 -0.8848 0.1151
vn 0.5072 -0.8588 0.0720
vn 0.4847 -0.8584 0.1679
vn 0.7954 -0.5898 -0.1399
vn 0.7632 -0.6196 -0.1836
vn 0.8245 -0.5398 -0.1696
vn 0.6478 -0.7597 -0.0570
vn 0.5068 -0.8590 0.0724
vn 0.6161 -0.7807 -0.1049
vn 0.6477 -0.7598 -0.0568
vn 0.6161 -0.7806 -0.1050
vn 0.7631 -0.6196 -0.1838
vn 0.4661 -0.8844 0.0238
vn 0.6162 -0.7805 -0.1049
vn 0.5069 -0.8590 0.0721
vn 0.4061 -0.9117 0.0619
vn 0.4664 -0.8843 0.0237
vn 0.4516 -0.8848 0.1150
vn 0.4662 -0.8844 0.0237
vn 0.4064 -0.9116 0.0620
vn 0.4154 -0.9092 -0.0297
vn 0.3593 -0.9331 0.0132
vn 0.3109 -0.9498 -0.0356
vn 0.4153 -0.9092 -0.0297
vn 0.7344 -0.6356 -0.2382
vn 0.7932 -0.5665 -0.2233
vn 0.7630 -0.6198 -0.1836
vn 0.6162 -0.7806 -0.1049
vn 0.5810 -0.7972 -0.1640
vn 0.7342 -0.6357 -0.2384
vn 0.3615 -0.9287 -0.0829
vn 0.5810 -0.7973 -0.1638
vn 0.4154 -0.9091 -0.0296
vn 0.6990 -0.6470 -0.3046
vn 0.7343 -0.6355 -0.2385
vn 0.5811 -0.7972 -0.1640
vn 0.7306 -0.5870 -0.3488
vn 0.7640 -0.5788 -0.2851
vn 0.6991 -0.6469 -0.3046
vn 0.5322 -0.8161 -0.2253
vn 0.5810 -0.7972 -0.1639
vn 0.5813 -0.7970 -0.1640
vn 0.5320 -0.8161 -0.2258
vn 0.6990 -0.6471 -0.3046
vn 0.6555 -0.6592 -0.3685
vn 0.7306 -0.5870 -0.3489
vn 0.6990 -0.6469 -0.3048
vn 0.6558 -0.6591 -0.3681
vn 0.6989 -0.6471 -0.3045
vn 0.5321 -0.8160 -0.2258
vn 0.6869 -0.5986 -0.4121
vn 0.7307 -0.5869 -0.3487
vn 0.6417 -0.6045 -0.4719
vn 0.6868 -0.5986 -0.4122
vn 0.6555 -0.6590 -0.3687
vn 0.6115 -0.6617 -0.4340
vn 0.6417 -0.6047 -0.4718
vn 0.6555 -0.6591 -0.3686
vn 0.6555 -0.6593 -0.3685
vn 0.5320 -0.8161 -0.2256
vn 0.6115 -0.6618 -0.4337
vn 0.3117 -0.9402 -0.1372
vn 0.3614 -0.9287 -0.0830
vn 0.2497 -0.9642 -0.0891
vn 0.2500 -0.9641 -0.0889
vn 0.1927 -0.9721 -0.1339
vn 0.3111 -0.9404 -0.1376
vn 0.5603 -0.6632 -0.4962
vn 0.5980 -0.5995 -0.5320
vn 0.6114 -0.6617 -0.4340
vn 0.4835 -0.8292 -0.2805
vn 0.5318 -0.8163 -0.2253
vn 0.3112 -0.9404 -0.1372
vn 0.2546 -0.9491 -0.1854
vn 0.3114 -0.9403 -0.1374
vn 0.1930 -0.9720 -0.1339
vn 0.1931 -0.9720 -0.1339
vn 0.1339 -0.9730 -0.1881
vn 0.2547 -0.9489 -0.1861
vn 0.4252 -0.8383 -0.3413
vn 0.4836 -0.8291 -0.2806
vn 0.4945 -0.6673 -0.5569
vn 0.5405 -0.5987 -0.5911
vn 0.5606 -0.6632 -0.4959
vn 0.1887 -0.9478 -0.2571
vn 0.2546 -0.9491 -0.1856
vn 0.1339 -0.9730 -0.1879
vn 0.2546 -0.9491 -0.1855
vn 0.1883 -0.9478 -0.2571
vn 0.4249 -0.8385 -0.3412
vn 0.1339 -0.9730 -0.1878
vn 0.1422 -0.9508 -0.2752
vn 0.1884 -0.9478 -0.2574
vn 0.3990 -0.7163 -0.5724
vn 0.4608 -0.6532 -0.6008
vn 0.3993 -0.7164 -0.5722
vn 0.3277 -0.7976 -0.5063
vn 0.4606 -0.6532 -0.6010
vn 0.3989 -0.7167 -0.5721
vn 0.2751 -0.8170 -0.5068
vn 0.3278 -0.7977 -0.5062
vn 0.3477 -0.8375 -0.4216
vn 0.4944 -0.6674 -0.5569
vn 0.4253 -0.8383 -0.3411
vn 0.3479 -0.8375 -0.4214
vn 0.3990 -0.7165 -0.5723
vn 0.3481 -0.8373 -0.4215
vn 0.4252 -0.8383 -0.3414
vn 0.1884 -0.9478 -0.2572
vn -0.4008 0.1440 -0.9048
vn -0.6517 -0.0511 -0.7568
vn -0.6489 -0.0175 -0.7607
vn -0.2687 0.1126 -0.9566
vn -0.3444 0.0556 -0.9372
vn -0.3098 0.2080 -0.9278
vn -0.3055 -0.0789 -0.9489
vn -0.3441 0.0558 -0.9373
vn -0.2684 0.1123 -0.9567
vn -0.3057 -0.0786 -0.9489
vn -0.2683 0.1125 -0.9567
vn -0.2419 -0.0079 -0.9703
vn -0.5887 -0.1517 -0.7940
vn -0.6519 -0.0511 -0.7566
vn -0.3055 -0.0787 -0.9489
vn -0.2417 -0.0083 -0.9703
vn -0.2017 -0.1310 -0.9707
vn -0.8357 -0.2127 -0.5064
vn -0.6519 -0.0511 -0.7565
vn -0.5887 -0.1518 -0.7939
vn -0.6774 -0.0321 -0.7349
vn -0.8358 -0.2123 -0.5063
vn -0.6885 -0.0750 -0.7213
vn -0.8732 -0.2572 -0.4141
vn -0.6886 -0.0751 -0.7213
vn -0.8355 -0.2128 -0.5066
vn -0.8196 -0.3497 -0.4539
vn -0.8733 -0.2571 -0.4138
vn -0.7826 -0.3122 -0.5386
vn -0.6950 -0.4015 -0.5964
vn -0.8197 -0.3498 -0.4536
vn -0.7453 -0.4202 -0.5177
vn -0.6951 -0.4014 -0.5964
vn -0.7453 -0.4203 -0.5177
vn -0.6951 -0.4016 -0.5963
vn -0.6554 -0.5034 -0.5630
vn -0.3058 -0.0788 -0.9488
vn -0.2593 -0.2019 -0.9445
vn -0.5080 -0.2787 -0.8150
vn -0.3056 -0.0788 -0.9489
vn -0.2019 -0.1308 -0.9706
vn -0.2591 -0.2020 -0.9445
vn -0.4330 -0.3704 -0.8218
vn -0.2594 -0.2016 -0.9445
vn -0.2103 -0.2881 -0.9342
vn -0.2590 -0.2018 -0.9445
vn -0.1578 -0.2307 -0.9601
vn -0.2592 -0.2021 -0.9444
vn -0.2104 -0.2877 -0.9343
vn -0.4331 -0.3703 -0.8217
vn -0.3692 -0.4409 -0.8181
vn -0.2105 -0.2879 -0.9343
vn -0.6007 -0.4814 -0.6383
vn -0.4329 -0.3706 -0.8217
vn -0.5233 -0.5455 -0.6546
vn -0.4329 -0.3705 -0.8218
vn -0.3691 -0.4410 -0.8181
vn -0.5231 -0.5457 -0.6547
vn -0.5233 -0.5457 -0.6545
vn -0.5702 -0.5699 -0.5917
vn -0.6008 -0.4813 -0.6383
vn -0.3147 -0.4969 -0.8088
vn -0.3693 -0.4412 -0.8179
vn -0.2103 -0.2879 -0.9343
vn -0.3691 -0.4411 -0.8180
vn -0.3146 -0.4969 -0.8088
vn -0.3147 -0.4968 -0.8088
vn -0.1665 -0.3468 -0.9231
vn -0.2668 -0.5348 -0.8018
vn -0.2671 -0.5350 -0.8015
vn -0.4620 -0.5946 -0.6580
vn -0.1241 -0.3009 -0.9455
vn -0.1196 -0.4024 -0.9076
vn -0.1671 -0.3470 -0.9229
vn -0.1195 -0.4023 -0.9077
vn -0.1666 -0.3470 -0.9229
vn -0.3941 -0.7067 -0.5876
vn -0.4437 -0.6628 -0.6032
vn -0.3574 -0.6772 -0.6431
vn -0.0243 -0.4773 -0.8784
vn -0.1840 -0.6086 -0.7718
vn -0.0761 -0.4438 -0.8929
vn 0.0299 -0.4287 -0.9029
vn -0.0239 -0.4772 -0.8785
vn -0.0328 -0.3983 -0.9167
vn -0.3143 -0.7198 -0.6190
vn -0.3940 -0.7069 -0.5874
vn -0.3575 -0.6770 -0.6433
vn -0.3146 -0.7198 -0.6188
vn -0.3575 -0.6771 -0.6432
vn -0.1844 -0.6088 -0.7716
vn -0.1221 -0.6545 -0.7462
vn -0.1840 -0.6086 -0.7719
vn -0.0241 -0.4773 -0.8784
vn -0.1849 -0.6085 -0.7717
vn -0.1222 -0.6544 -0.7462
vn -0.3146 -0.7199 -0.6186
vn -0.0239 -0.4771 -0.8785
vn 0.0387 -0.5057 -0.8618
vn 0.0922 -0.4568 -0.8848
vn 0.1553 -0.4875 -0.8592
vn 0.0385 -0.5058 -0.8618
vn -0.3144 -0.7198 -0.6189
vn -0.2686 -0.7663 -0.5836
vn -0.3540 -0.7516 -0.5565
vn 0.1017 -0.5375 -0.8371
vn -0.0620 -0.6944 -0.7169
vn -0.1221 -0.6544 -0.7462
vn -0.2037 -0.8727 -0.4438
vn -0.2602 -0.8337 -0.4870
vn -0.2156 -0.8081 -0.5481
vn 0.1707 -0.5683 -0.8049
vn 0.1016 -0.5371 -0.8374
vn 0.2177 -0.5157 -0.8287
vn 0.1015 -0.5372 -0.8373
vn 0.1707 -0.5682 -0.8050
vn -0.0620 -0.6945 -0.7168
vn 0.2175 -0.5157 -0.8287
vn 0.2881 -0.5341 -0.7948
vn 0.1708 -0.5682 -0.8050
vn -0.1614 -0.8454 -0.5092
vn -0.2038 -0.8727 -0.4437
vn -0.2157 -0.8081 -0.5482
vn -0.2157 -0.8083 -0.5478
vn -0.0618 -0.6944 -0.7170
vn -0.1614 -0.8455 -0.5091
vn -0.2036 -0.8728 -0.4435
vn -0.1613 -0.8455 -0.5090
vn -0.1493 -0.9082 -0.3910
vn -0.0037 -0.7289 -0.6846
vn -0.0619 -0.6944 -0.7169
vn 0.1709 -0.5682 -0.8049
vn -0.0036 -0.7291 -0.6844
vn -0.1615 -0.8454 -0.5091
vn -0.0619 -0.6942 -0.7171
vn 0.2384 -0.5951 -0.7674
vn 0.1707 -0.5681 -0.8050
vn 0.2885 -0.5341 -0.7947
vn 0.2386 -0.5949 -0.7676
vn -0.0036 -0.7292 -0.6843
vn 0.1709 -0.5681 -0.8050
vn 0.2882 -0.5341 -0.7948
vn 0.3571 -0.5598 -0.7477
vn 0.2385 -0.5953 -0.7673
vn -0.0984 -0.8853 -0.4545
vn -0.1495 -0.9083 -0.3908
vn -0.1615 -0.8454 -0.5092
vn -0.0035 -0.7291 -0.6844
vn -0.0983 -0.8855 -0.4541
vn -0.0981 -0.8854 -0.4543
vn -0.0864 -0.9335 -0.3480
vn -0.1492 -0.9082 -0.3909
vn 0.1514 -0.8026 -0.5769
vn 0.0674 -0.7642 -0.6414
vn 0.3096 -0.6302 -0.7120
vn 0.0838 -0.9065 -0.4137
vn 0.2303 -0.8400 -0.4914
vn 0.1699 -0.8537 -0.4924
vn 0.0837 -0.9066 -0.4135
vn 0.2308 -0.8255 -0.5151
vn 0.2301 -0.8402 -0.4910
vn 0.3285 -0.7005 -0.6335
vn 0.2304 -0.8255 -0.5152
vn 0.1513 -0.8026 -0.5770
vn 0.2681 -0.8310 -0.4874
vn 0.2304 -0.8401 -0.4911
vn 0.2306 -0.8253 -0.5154
vn 0.2683 -0.8310 -0.4873
vn 0.2307 -0.8254 -0.5153
vn 0.2564 -0.8142 -0.5208
vn -0.9324 0.3494 -0.0922
vn -0.8803 0.4294 -0.2018
vn -0.9319 0.3551 -0.0745
vn -0.8804 0.4293 -0.2015
vn -0.9325 0.3492 -0.0921
vn -0.8508 0.4652 -0.2443
vn -0.8805 0.4291 -0.2016
vn -0.9371 0.3401 -0.0782
vn -0.9317 0.3555 -0.0742
vn -0.9324 0.3562 -0.0607
vn -0.9318 0.3554 -0.0743
vn -0.9371 0.3402 -0.0783
vn -0.8805 0.4289 -0.2017
vn -0.8507 0.4653 -0.2445
vn -0.8844 0.3921 -0.2533
vn -0.8804 0.4292 -0.2016
vn -0.8843 0.3922 -0.2533
vn -0.9372 0.3398 -0.0781
vn -0.8588 0.4200 -0.2933
vn -0.8845 0.3920 -0.2531
vn -0.8508 0.4654 -0.2441
vn -0.9323 0.3564 -0.0609
vn -0.9372 0.3400 -0.0783
vn -0.9364 0.3458 -0.0602
vn -0.8972 0.3065 -0.3180
vn -0.8844 0.3919 -0.2534
vn -0.8588 0.4200 -0.2934
vn -0.8971 0.3065 -0.3182
vn -0.8587 0.4202 -0.2934
vn -0.8712 0.3381 -0.3558
vn -0.9514 0.2835 -0.1201
vn -0.8845 0.3919 -0.2531
vn -0.8844 0.3921 -0.2532
vn -0.8972 0.3064 -0.3181
vn -0.9516 0.2830 -0.1201
vn -0.9672 0.2458 0.0640
vn -0.9363 0.3460 -0.0604
vn -0.9372 0.3398 -0.0785
vn -0.9673 0.2456 0.0639
vn -0.9372 0.3400 -0.0784
vn -0.9514 0.2834 -0.1202
vn -0.9363 0.3460 -0.0602
vn -0.9672 0.2458 0.0637
vn -0.9423 0.3302 -0.0547
vn -0.8971 0.3063 -0.3183
vn -0.8711 0.3383 -0.3559
vn -0.8981 0.2056 -0.3887
vn -0.8733 0.2383 -0.4250
vn -0.8982 0.2053 -0.3888
vn -0.8711 0.3385 -0.3559
vn -0.8732 0.2385 -0.4250
vn -0.8561 0.1275 -0.5008
vn -0.8981 0.2053 -0.3889
vn -0.9815 0.1897 0.0262
vn -0.9703 0.2148 0.1116
vn -0.9515 0.2832 -0.1202
vn -0.9815 0.1897 0.0261
vn -0.9672 0.2459 0.0639
vn -0.9609 0.2021 -0.1892
vn -0.9516 0.2829 -0.1201
vn -0.8972 0.3064 -0.3182
vn -0.8970 0.3067 -0.3183
vn -0.8982 0.2053 -0.3887
vn -0.9610 0.2017 -0.1891
vn -0.9515 0.2833 -0.1201
vn -0.9610 0.2017 -0.1893
vn -0.9816 0.1894 0.0259
vn -0.9815 0.1897 0.0260
vn -0.9938 0.1030 -0.0420
vn -0.9851 0.1532 0.0783
vn -0.9598 0.0945 -0.2643
vn -0.9929 0.0077 -0.1185
vn -0.9938 0.1030 -0.0419
vn -0.9796 -0.1326 -0.1509
vn -0.9969 -0.0230 -0.0756
vn -0.9734 -0.1052 -0.2037
vn -0.8807 0.0952 -0.4640
vn -0.8981 0.2055 -0.3889
vn -0.9386 -0.0112 -0.3448
vn -0.9598 0.0946 -0.2644
vn -0.8807 0.0951 -0.4640
vn -0.9598 0.0949 -0.2641
vn -0.9386 -0.0111 -0.3448
vn -0.9734 -0.1050 -0.2036
vn -0.9733 -0.1052 -0.2039
vn -0.9386 -0.0111 -0.3449
vn -0.9323 -0.2253 -0.2830
vn -0.9395 -0.2484 -0.2359
vn -0.9734 -0.1050 -0.2038
vn -0.8944 -0.1394 -0.4251
vn -0.8379 -0.0329 -0.5449
vn -0.8342 -0.2518 -0.4907
vn -0.8725 -0.3348 -0.3558
vn -0.9394 -0.2489 -0.2357
vn -0.9324 -0.2251 -0.2829
vn -0.8725 -0.3349 -0.3559
vn -0.8806 -0.3520 -0.3172
vn -0.9394 -0.2488 -0.2357
vn -0.7737 -0.3427 -0.5329
vn -0.8342 -0.2520 -0.4905
vn -0.7817 -0.1502 -0.6052
vn -0.8341 -0.2522 -0.4905
vn -0.7735 -0.3429 -0.5330
vn -0.7818 -0.1501 -0.6052
vn -0.7677 -0.1096 -0.6313
vn -0.7254 -0.2451 -0.6432
vn -0.7736 -0.3427 -0.5329
vn -0.7819 -0.1501 -0.6050
vn -0.8057 -0.4218 -0.4158
vn -0.8805 -0.3522 -0.3173
vn -0.8164 -0.4421 -0.3714
vn -0.8804 -0.3523 -0.3174
vn -0.8060 -0.4217 -0.4155
vn -0.7736 -0.3428 -0.5330
vn -0.7255 -0.2450 -0.6431
vn -0.7139 -0.4103 -0.5675
vn -0.7139 -0.4104 -0.5674
vn -0.8059 -0.4217 -0.4155
vn -0.7087 -0.2110 -0.6732
vn -0.6611 -0.3178 -0.6797
vn -0.7254 -0.2450 -0.6432
vn -0.6612 -0.3175 -0.6797
vn -0.7139 -0.4103 -0.5674
vn -0.7257 -0.2452 -0.6429
vn -0.6365 -0.2844 -0.7169
vn -0.6611 -0.3175 -0.6797
vn -0.7438 -0.4975 -0.4464
vn -0.8165 -0.4423 -0.3711
vn -0.7438 -0.4974 -0.4465
vn -0.7139 -0.4104 -0.5673
vn -0.7439 -0.4974 -0.4464
vn -0.7470 -0.5306 -0.4007
vn -0.8164 -0.4425 -0.3712
vn -0.6455 -0.4778 -0.5958
vn -0.7138 -0.4103 -0.5676
vn -0.6612 -0.3177 -0.6797
vn -0.6456 -0.4780 -0.5956
vn -0.7439 -0.4973 -0.4464
vn -0.6611 -0.3175 -0.6798
vn -0.6364 -0.2847 -0.7169
vn -0.5850 -0.3764 -0.7184
vn -0.5852 -0.3763 -0.7183
vn -0.6455 -0.4779 -0.5958
vn -0.6612 -0.3177 -0.6796
vn -0.5527 -0.3508 -0.7559
vn -0.5528 -0.3510 -0.7558
vn -0.4787 -0.3958 -0.7837
vn -0.5851 -0.3763 -0.7184
vn -0.6682 -0.5794 -0.4668
vn -0.7469 -0.5307 -0.4006
vn -0.6681 -0.5796 -0.4666
vn -0.7439 -0.4974 -0.4463
vn -0.6456 -0.4778 -0.5958
vn -0.6724 -0.6079 -0.4222
vn -0.6681 -0.5797 -0.4665
vn -0.6681 -0.5797 -0.4664
vn -0.6028 -0.6722 -0.4299
vn -0.6019 -0.6403 -0.4772
vn -0.6028 -0.6721 -0.4299
vn -0.5350 -0.7298 -0.4257
vn -0.6028 -0.6723 -0.4297
vn -0.6020 -0.6403 -0.4771
vn -0.5278 -0.6996 -0.4817
vn -0.5348 -0.7298 -0.4258
vn -0.6021 -0.6402 -0.4771
vn -0.4975 -0.5911 -0.6349
vn -0.5763 -0.5360 -0.6169
vn -0.5078 -0.4264 -0.7486
vn -0.4593 -0.7479 -0.4792
vn -0.4657 -0.7774 -0.4227
vn -0.5279 -0.6996 -0.4815
vn -0.5277 -0.6996 -0.4818
vn -0.4977 -0.5908 -0.6350
vn -0.4591 -0.7482 -0.4790
vn -0.4592 -0.7479 -0.4793
vn -0.4048 -0.8107 -0.4229
vn -0.4658 -0.7773 -0.4229
vn -0.4285 -0.4720 -0.7704
vn -0.5080 -0.4264 -0.7484
vn -0.4068 -0.4321 -0.8049
vn -0.4285 -0.4714 -0.7708
vn -0.4974 -0.5910 -0.6351
vn -0.5079 -0.4265 -0.7484
vn -0.4068 -0.4323 -0.8048
vn -0.3313 -0.4660 -0.8204
vn -0.4288 -0.4712 -0.7708
vn -0.3578 -0.5101 -0.7822
vn -0.4287 -0.4714 -0.7707
vn -0.3314 -0.4658 -0.8205
vn -0.4266 -0.6366 -0.6425
vn -0.4592 -0.7480 -0.4792
vn -0.4975 -0.5912 -0.6349
vn -0.3578 -0.5099 -0.7823
vn -0.4263 -0.6368 -0.6425
vn -0.4976 -0.5909 -0.6350
vn -0.2932 -0.5466 -0.7844
vn -0.3578 -0.5100 -0.7822
vn -0.2751 -0.4954 -0.8240
vn -0.3576 -0.5103 -0.7821
vn -0.2931 -0.5463 -0.7846
vn -0.4266 -0.6366 -0.6424
vn -0.3278 -0.7798 -0.5334
vn -0.3532 -0.8049 -0.4769
vn -0.3859 -0.7851 -0.4844
vn -0.3277 -0.7800 -0.5332
vn -0.3132 -0.7271 -0.6109
vn -0.3531 -0.8050 -0.4768
vn -0.3278 -0.7798 -0.5333
vn -0.2823 -0.7097 -0.6454
vn -0.2809 -0.7172 -0.6377
vn -0.2824 -0.7096 -0.6455
vn -0.3280 -0.7799 -0.5331
vn -0.3447 -0.6799 -0.6472
vn -0.3448 -0.6798 -0.6473
vn -0.2931 -0.5468 -0.7843
vn -0.2605 -0.6088 -0.7493
vn -0.2606 -0.6088 -0.7493
vn -0.2931 -0.5466 -0.7844
vn -0.2540 -0.5523 -0.7940
vn -0.2541 -0.5526 -0.7938
vn -0.2908 -0.6721 -0.6810
vn -0.2604 -0.6088 -0.7494
vn -0.3698 0.3262 -0.8700
vn -0.6289 0.1380 -0.7652
vn -0.3967 0.2816 -0.8737
vn -0.6290 0.1381 -0.7651
vn -0.3693 0.3262 -0.8702
vn -0.3386 0.3014 -0.8914
vn -0.3633 0.3601 -0.8593
vn -0.3388 0.3013 -0.8913
vn -0.3697 0.3265 -0.8699
vn -0.3630 0.3600 -0.8594
vn -0.3348 0.3419 -0.8781
vn -0.3387 0.3011 -0.8914
vn -0.5874 0.0237 -0.8089
vn -0.4992 -0.0894 -0.8619
vn -0.6618 -0.0199 -0.7494
vn -0.5830 -0.1133 -0.8045
vn -0.6619 -0.0201 -0.7493
vn -0.4991 -0.0893 -0.8619
vn -0.0209 0.4561 -0.8897
vn -0.3389 0.3015 -0.8912
vn -0.3348 0.3421 -0.8780
vn -0.0206 0.4559 -0.8898
vn 0.0858 0.4921 -0.8663
vn 0.0335 0.3397 -0.9399
vn -0.0205 0.4562 -0.8896
vn 0.0336 0.3397 -0.9399
vn -0.3385 0.3018 -0.8912
vn 0.0575 0.1891 -0.9803
vn 0.0333 0.3398 -0.9399
vn 0.1210 0.3801 -0.9170
vn -0.2878 0.1746 -0.9416
vn -0.5873 0.0238 -0.8090
vn -0.3387 0.3015 -0.8913
vn -0.5874 0.0239 -0.8089
vn -0.2882 0.1744 -0.9416
vn -0.4994 -0.0893 -0.8618
vn 0.0576 0.1890 -0.9803
vn 0.1324 0.2476 -0.9598
vn 0.1540 0.1046 -0.9825
vn -0.2221 0.0214 -0.9748
vn -0.2878 0.1744 -0.9417
vn 0.0575 0.1893 -0.9802
vn 0.0576 0.1888 -0.9803
vn 0.1542 0.1049 -0.9825
vn 0.0818 0.0405 -0.9958
vn 0.0819 0.0407 -0.9958
vn -0.2222 0.0217 -0.9748
vn 0.1541 0.1050 -0.9825
vn 0.1721 -0.0242 -0.9848
vn 0.0816 0.0407 -0.9958
vn -0.4940 -0.2219 -0.8407
vn -0.4994 -0.0892 -0.8618
vn -0.4082 -0.2066 -0.8892
vn -0.1594 -0.1007 -0.9821
vn -0.4083 -0.2064 -0.8892
vn -0.2220 0.0215 -0.9748
vn -0.3369 -0.2926 -0.8949
vn -0.4034 -0.3153 -0.8590
vn -0.4084 -0.2064 -0.8892
vn -0.4083 -0.2066 -0.8891
vn -0.1590 -0.1007 -0.9821
vn -0.3368 -0.2923 -0.8950
vn -0.1589 -0.1009 -0.9821
vn -0.1152 -0.2013 -0.9727
vn -0.3367 -0.2925 -0.8950
vn -0.1151 -0.2010 -0.9728
vn -0.1593 -0.1008 -0.9821
vn 0.1070 -0.0728 -0.9916
vn 0.1066 -0.0733 -0.9916
vn 0.0816 0.0405 -0.9958
vn 0.1722 -0.0239 -0.9848
vn -0.0681 -0.2733 -0.9595
vn -0.1150 -0.2012 -0.9728
vn 0.1067 -0.0730 -0.9916
vn -0.2821 -0.3649 -0.8873
vn -0.3366 -0.2924 -0.8951
vn -0.0685 -0.2734 -0.9595
vn 0.1065 -0.0727 -0.9916
vn 0.1720 -0.0242 -0.9848
vn 0.1337 -0.1580 -0.9783
vn 0.1892 -0.1124 -0.9755
vn 0.1336 -0.1578 -0.9784
vn 0.2200 -0.1868 -0.9574
vn 0.1641 -0.2320 -0.9588
vn 0.1890 -0.1128 -0.9755
vn -0.2327 -0.4257 -0.8744
vn -0.2820 -0.3649 -0.8873
vn -0.0339 -0.3417 -0.9392
vn -0.2328 -0.4258 -0.8743
vn -0.3440 -0.3741 -0.8612
vn -0.2823 -0.3649 -0.8872
vn 0.2926 -0.3022 -0.9072
vn 0.2225 -0.3386 -0.9142
vn 0.2521 -0.2494 -0.9350
vn 0.2225 -0.3387 -0.9142
vn 0.2717 -0.3813 -0.8836
vn 0.0275 -0.4380 -0.8986
vn -0.1765 -0.5280 -0.8307
vn -0.1526 -0.5837 -0.7975
vn -0.2359 -0.5581 -0.7955
vn -0.2116 -0.6130 -0.7612
vn -0.2356 -0.5582 -0.7956
vn -0.1527 -0.5836 -0.7975
vn 0.0274 -0.4381 -0.8985
vn 0.0623 -0.4917 -0.8685
vn -0.1765 -0.5279 -0.8308
vn 0.0625 -0.4917 -0.8685
vn 0.0273 -0.4381 -0.8985
vn 0.2717 -0.3814 -0.8836
vn -0.1525 -0.5840 -0.7973
vn -0.1764 -0.5280 -0.8307
vn 0.0622 -0.4914 -0.8687
vn -0.2116 -0.6128 -0.7613
vn -0.1527 -0.5836 -0.7976
vn -0.1900 -0.6630 -0.7241
vn 0.3758 -0.3906 -0.8404
vn 0.4216 -0.4383 -0.7938
vn 0.3127 -0.4334 -0.8452
vn 0.0623 -0.4916 -0.8686
vn 0.0944 -0.5512 -0.8290
vn 0.3130 -0.4336 -0.8450
vn 0.0945 -0.5507 -0.8293
vn -0.1265 -0.6445 -0.7541
vn -0.1900 -0.6627 -0.7244
vn -0.1526 -0.5838 -0.7974
vn -0.1263 -0.6446 -0.7540
vn -0.1524 -0.5836 -0.7976
vn 0.0943 -0.5510 -0.8291
vn -0.1627 -0.7188 -0.6759
vn -0.1902 -0.6629 -0.7242
vn -0.1266 -0.6444 -0.7541
vn 0.3526 -0.4804 -0.8031
vn 0.3129 -0.4335 -0.8451
vn 0.4217 -0.4382 -0.7939
vn 0.3129 -0.4337 -0.8450
vn 0.3524 -0.4803 -0.8032
vn 0.0944 -0.5510 -0.8292
vn 0.4690 -0.4738 -0.7454
vn 0.5018 -0.5179 -0.6928
vn 0.3977 -0.5229 -0.7539
vn 0.4387 -0.5776 -0.6885
vn 0.3975 -0.5228 -0.7541
vn 0.4388 -0.5775 -0.6884
vn 0.1692 -0.6498 -0.7411
vn 0.5019 -0.5178 -0.6928
vn 0.4784 -0.5893 -0.6510
vn 0.4389 -0.5775 -0.6883
vn -0.0175 -0.8073 -0.5899
vn -0.1064 -0.8187 -0.5643
vn -0.0649 -0.7509 -0.6572
vn -0.1063 -0.8187 -0.5642
vn -0.0179 -0.8074 -0.5897
vn -0.0117 -0.8360 -0.5486
vn 0.2211 -0.7137 -0.6646
vn 0.1692 -0.6497 -0.7412
vn 0.2208 -0.7137 -0.6648
vn 0.4389 -0.5773 -0.6886
vn 0.4137 -0.6556 -0.6316
vn 0.2202 -0.7139 -0.6647
vn 0.0770 -0.8244 -0.5607
vn -0.0176 -0.8073 -0.5899
vn 0.2667 -0.7620 -0.5901
vn 0.0770 -0.8243 -0.5609
vn 0.2205 -0.7140 -0.6646
vn 0.0771 -0.8242 -0.5610
vn 0.2665 -0.7618 -0.5904
vn 0.2502 -0.7812 -0.5720
vn 0.4138 -0.6556 -0.6316
vn 0.2669 -0.7617 -0.5904
vn 0.2208 -0.7137 -0.6647
vn 0.2816 -0.7869 -0.5491
vn 0.2500 -0.7812 -0.5720
vn 0.2668 -0.7619 -0.5902
vn -0.7390 -0.6005 -0.3053
vn -0.8251 -0.5012 -0.2608
vn -0.8314 -0.4391 -0.3405
vn -0.7391 -0.6004 -0.3053
vn -0.8314 -0.4390 -0.3405
vn -0.7646 -0.5314 -0.3646
vn -0.7392 -0.6004 -0.3052
vn -0.7647 -0.5314 -0.3645
vn -0.6774 -0.6199 -0.3961
vn -0.8023 -0.5832 0.1270
vn -0.6183 -0.6821 0.3906
vn -0.7736 -0.6165 0.1468
vn -0.5485 -0.6830 0.4823
vn -0.7733 -0.6169 0.1466
vn -0.6185 -0.6819 0.3904
vn -0.5621 -0.7558 0.3360
vn -0.5483 -0.6832 0.4823
vn -0.7266 -0.6867 0.0234
vn -0.5622 -0.7557 0.3360
vn -0.6184 -0.6819 0.3905
vn -0.5624 -0.7556 0.3358
vn -0.7264 -0.6868 0.0232
vn -0.5061 -0.8322 0.2265
vn -0.4115 -0.8847 0.2191
vn -0.5062 -0.8322 0.2262
vn -0.4412 -0.8888 0.1239
vn -0.5061 -0.8323 0.2263
vn -0.6336 -0.7714 -0.0596
vn -0.4410 -0.8889 0.1238
vn -0.4116 -0.8847 0.2190
vn -0.4411 -0.8888 0.1239
vn -0.3507 -0.9281 0.1254
vn -0.5522 -0.8244 -0.1242
vn -0.6336 -0.7713 -0.0596
vn -0.6430 -0.6873 -0.3379
vn -0.4410 -0.8889 0.1237
vn -0.5521 -0.8245 -0.1240
vn -0.3830 -0.9225 0.0480
vn -0.3831 -0.9224 0.0481
vn -0.3505 -0.9281 0.1254
vn -0.4130 -0.8851 -0.2144
vn -0.4771 -0.8615 -0.1736
vn -0.5660 -0.7366 -0.3702
vn -0.4769 -0.8616 -0.1737
vn -0.4128 -0.8853 -0.2141
vn -0.3832 -0.9224 0.0482
vn -0.3831 -0.9225 0.0481
vn -0.3215 -0.9469 -0.0009
vn -0.3507 -0.9280 0.1254
vn -0.3217 -0.9468 -0.0009
vn -0.4128 -0.8852 -0.2143
vn -0.2999 -0.9519 0.0628
vn -0.3506 -0.9281 0.1253
vn -0.3216 -0.9469 -0.0009
vn -0.4132 -0.8851 -0.2142
vn -0.4918 -0.7727 -0.4012
vn -0.3534 -0.9029 -0.2447
vn -0.4129 -0.8852 -0.2142
vn -0.3217 -0.9468 -0.0008
vn -0.5179 -0.7285 -0.4484
vn -0.4328 -0.7914 -0.4317
vn -0.4919 -0.7726 -0.4014
vn -0.4547 -0.7525 -0.4764
vn -0.4329 -0.7913 -0.4319
vn -0.5179 -0.7285 -0.4485
vn -0.2685 -0.9620 -0.0498
vn -0.3000 -0.9518 0.0630
vn -0.2687 -0.9620 -0.0497
vn -0.3219 -0.9468 -0.0007
vn -0.3022 -0.9126 -0.2753
vn -0.3534 -0.9029 -0.2448
vn -0.4329 -0.7914 -0.4317
vn -0.3024 -0.9126 -0.2751
vn -0.2686 -0.9620 -0.0498
vn -0.2677 -0.8055 -0.5287
vn -0.1828 -0.9245 -0.3344
vn -0.3280 -0.8103 -0.4857
vn -0.0492 -0.9976 -0.0495
vn -0.0829 -0.9890 -0.1229
vn 0.0265 -0.9970 -0.0726
vn -0.2006 -0.7998 -0.5658
vn -0.2678 -0.8056 -0.5285
vn -0.2232 -0.7530 -0.6190
vn -0.1830 -0.9245 -0.3344
vn -0.2680 -0.8055 -0.5285
vn -0.2232 -0.7529 -0.6191
vn -0.1578 -0.7411 -0.6525
vn -0.2006 -0.7998 -0.5657
vn -0.0114 -0.9900 -0.1405
vn -0.0832 -0.9889 -0.1229
vn -0.0831 -0.9889 -0.1229
vn -0.1828 -0.9245 -0.3345
vn -0.0113 -0.9900 -0.1404
vn 0.1004 -0.9907 -0.0915
vn 0.0264 -0.9970 -0.0727
vn -0.0116 -0.9900 -0.1407
vn -0.1138 -0.9251 -0.3624
vn -0.0114 -0.9900 -0.1406
vn -0.1831 -0.9244 -0.3346
vn 0.0621 -0.9852 -0.1597
vn 0.1003 -0.9907 -0.0916
vn -0.0116 -0.9900 -0.1409
vn 0.0621 -0.9852 -0.1599
vn 0.1784 -0.9787 -0.1017
vn -0.1328 -0.7893 -0.5995
vn -0.1577 -0.7410 -0.6527
vn -0.2007 -0.7996 -0.5659
vn -0.1322 -0.7893 -0.5996
vn -0.1138 -0.9250 -0.3625
vn -0.1578 -0.7410 -0.6527
vn -0.0933 -0.7177 -0.6901
vn -0.1327 -0.7892 -0.5996
vn 0.1459 -0.9731 -0.1783
vn 0.1782 -0.9787 -0.1017
vn 0.1459 -0.9731 -0.1784
vn 0.2479 -0.9606 -0.1257
vn 0.1783 -0.9787 -0.1017
vn -0.0464 -0.9208 -0.3872
vn 0.0623 -0.9852 -0.1598
vn -0.1141 -0.9249 -0.3626
vn -0.0467 -0.9209 -0.3870
vn 0.1461 -0.9731 -0.1783
vn 0.0622 -0.9852 -0.1597
vn -0.0465 -0.9209 -0.3871
vn -0.1139 -0.9250 -0.3624
vn -0.1324 -0.7892 -0.5997
vn -0.0591 -0.7721 -0.6327
vn -0.0936 -0.7176 -0.6902
vn -0.0589 -0.7722 -0.6326
vn -0.0467 -0.9209 -0.3871
vn -0.0935 -0.7176 -0.6902
vn -0.0133 -0.6982 -0.7158
vn -0.0590 -0.7721 -0.6328
vn 0.0316 -0.9060 -0.4222
vn -0.0465 -0.9208 -0.3874
vn 0.2299 -0.9484 -0.2185
vn 0.2477 -0.9606 -0.1256
vn 0.1461 -0.9730 -0.1784
vn 0.0314 -0.9060 -0.4220
vn 0.2298 -0.9485 -0.2181
vn 0.2480 -0.9606 -0.1258
vn 0.2300 -0.9484 -0.2182
vn 0.2845 -0.9355 -0.2097
vn 0.0342 -0.7511 -0.6594
vn -0.0132 -0.6978 -0.7161
vn 0.0342 -0.7513 -0.6591
vn 0.0312 -0.9060 -0.4221
vn 0.2753 -0.9131 -0.3006
vn 0.2507 -0.8478 -0.4672
vn 0.2276 -0.8806 -0.4157
vn 0.1377 -0.8801 -0.4545
vn 0.2754 -0.9130 -0.3009
vn 0.2297 -0.9485 -0.2180
vn 0.2752 -0.9132 -0.3007
vn 0.2215 -0.8484 -0.4808
vn 0.2506 -0.8479 -0.4673
vn 0.2726 -0.8266 -0.4924
vn 0.2508 -0.8478 -0.4673
vn 0.2214 -0.8483 -0.4810
vn 0.2726 -0.8266 -0.4923
vn 0.2215 -0.8482 -0.4811
vn 0.2283 -0.8350 -0.5007
vn 0.1225 -0.7712 -0.6248
vn 0.0339 -0.7511 -0.6593
vn 0.0659 -0.7261 -0.6844
vn 0.0660 -0.7261 -0.6844
vn 0.1795 -0.8305 -0.5273
vn 0.1227 -0.7711 -0.6248
vn 0.2285 -0.8348 -0.5010
vn 0.1226 -0.7710 -0.6249
vn 0.1797 -0.8306 -0.5271
vn -0.6148 -0.6505 0.4460
vn -0.6208 -0.6672 0.4117
vn -0.5930 -0.6953 0.4060
vn -0.2627 -0.7936 0.5488
vn -0.2273 -0.8757 0.4260
vn -0.1787 -0.7812 0.5982
vn -0.1572 -0.8532 0.4973
vn -0.1786 -0.7813 0.5980
vn -0.2269 -0.8757 0.4262
vn -0.1574 -0.8533 0.4970
vn -0.2271 -0.8758 0.4258
vn -0.1235 -0.9153 0.3834
vn -0.8104 -0.5653 0.1535
vn -0.6405 -0.6741 0.3679
vn -0.8620 -0.5010 0.0773
vn -0.8106 -0.5651 0.1536
vn -0.8619 -0.5011 0.0774
vn -0.7599 -0.6455 0.0760
vn -0.8058 -0.5921 0.0047
vn -0.7598 -0.6457 0.0760
vn -0.6746 -0.7382 0.0077
vn -0.7599 -0.6455 0.0762
vn -0.8059 -0.5921 0.0047
vn -0.7598 -0.6457 0.0761
vn -0.6746 -0.7382 0.0075
vn -0.5344 -0.7830 0.3184
vn -0.2272 -0.8758 0.4258
vn -0.4546 -0.8678 0.2007
vn -0.1893 -0.9328 0.3068
vn -0.1238 -0.9153 0.3833
vn -0.2270 -0.8758 0.4259
vn -0.1893 -0.9327 0.3069
vn -0.3881 -0.9149 0.1116
vn -0.1891 -0.9327 0.3070
vn -0.4545 -0.8679 0.2006
vn -0.3879 -0.9149 0.1115
vn -0.4543 -0.8680 0.2006
vn -0.5808 -0.8121 -0.0572
vn -0.1464 -0.9660 0.2132
vn -0.0893 -0.9582 0.2719
vn -0.1892 -0.9328 0.3069
vn -0.1892 -0.9328 0.3068
vn -0.3879 -0.9150 0.1114
vn -0.1464 -0.9660 0.2130
vn -0.1463 -0.9659 0.2134
vn -0.1071 -0.9841 0.1414
vn -0.0541 -0.9801 0.1909
vn -0.1069 -0.9841 0.1416
vn -0.3879 -0.9149 0.1116
vn -0.3279 -0.9440 0.0355
vn -0.1464 -0.9659 0.2133
vn -0.5805 -0.8122 -0.0571
vn -0.4997 -0.8586 -0.1144
vn -0.3281 -0.9440 0.0352
vn -0.3882 -0.9148 0.1115
vn -0.4995 -0.8587 -0.1144
vn -0.5808 -0.8121 -0.0571
vn -0.5560 -0.8153 -0.1621
vn -0.2686 -0.9630 -0.0226
vn -0.2689 -0.9629 -0.0227
vn -0.3281 -0.9440 0.0355
vn -0.4993 -0.8588 -0.1143
vn -0.1071 -0.9841 0.1413
vn -0.1464 -0.9659 0.2134
vn -0.4998 -0.8586 -0.1144
vn -0.5560 -0.8152 -0.1621
vn -0.4415 -0.8805 -0.1728
vn -0.4414 -0.8805 -0.1727
vn -0.2690 -0.9629 -0.0229
vn -0.4864 -0.8481 -0.2102
vn -0.3819 -0.8984 -0.2168
vn -0.4275 -0.8675 -0.2545
vn -0.3819 -0.8984 -0.2169
vn -0.4863 -0.8482 -0.2102
vn -0.2213 -0.9721 -0.0772
vn -0.1885 -0.9743 -0.1231
vn -0.0637 -0.9949 0.0782
vn -0.1885 -0.9743 -0.1235
vn -0.2215 -0.9721 -0.0773
vn -0.3818 -0.8985 -0.2168
vn -0.0632 -0.9949 0.0780
vn -0.0280 -0.9992 0.0282
vn -0.0171 -0.9922 0.1232
vn -0.0279 -0.9992 0.0281
vn -0.0634 -0.9949 0.0782
vn -0.1886 -0.9743 -0.1231
vn 0.0247 -0.9967 0.0778
vn -0.0170 -0.9922 0.1231
vn -0.0279 -0.9992 0.0283
vn -0.3397 -0.9033 -0.2619
vn -0.1886 -0.9742 -0.1235
vn -0.3819 -0.8985 -0.2166
vn -0.3828 -0.8718 -0.3056
vn -0.3399 -0.9033 -0.2618
vn -0.4273 -0.8676 -0.2544
vn -0.1460 -0.9749 -0.1679
vn -0.0278 -0.9992 0.0282
vn -0.1886 -0.9743 -0.1235
vn -0.3398 -0.9034 -0.2617
vn -0.1458 -0.9749 -0.1683
vn 0.0226 -0.9997 -0.0132
vn 0.0249 -0.9967 0.0779
vn -0.0278 -0.9992 0.0281
vn 0.0225 -0.9997 -0.0133
vn -0.0281 -0.9992 0.0284
vn 0.0223 -0.9997 -0.0131
vn 0.0862 -0.9956 0.0364
vn 0.0247 -0.9967 0.0777
vn -0.3827 -0.8719 -0.3056
vn -0.3030 -0.9000 -0.3134
vn -0.3398 -0.9033 -0.2620
vn -0.3028 -0.9001 -0.3133
vn -0.1458 -0.9749 -0.1684
vn -0.3396 -0.9034 -0.2617
vn -0.3436 -0.8637 -0.3688
vn -0.3828 -0.8718 -0.3057
vn -0.1457 -0.9749 -0.1683
vn -0.0918 -0.9721 -0.2157
vn 0.0227 -0.9997 -0.0131
vn -0.0917 -0.9721 -0.2160
vn -0.1456 -0.9749 -0.1682
vn -0.3028 -0.9000 -0.3134
vn 0.0227 -0.9997 -0.0132
vn 0.0853 -0.9946 -0.0590
vn 0.0862 -0.9956 0.0365
vn -0.3017 -0.8537 -0.4244
vn -0.2542 -0.8904 -0.3775
vn -0.3438 -0.8636 -0.3688
vn 0.1386 -0.9851 -0.1015
vn 0.1972 -0.9792 -0.0469
vn 0.0855 -0.9946 -0.0590
vn -0.2115 -0.8769 -0.4317
vn -0.0915 -0.9722 -0.2157
vn -0.2543 -0.8904 -0.3775
vn -0.2113 -0.8769 -0.4317
vn -0.1615 -0.8597 -0.4847
vn -0.0405 -0.9622 -0.2693
vn -0.2145 -0.8179 -0.5339
vn -0.1686 -0.7882 -0.5919
vn -0.1615 -0.8598 -0.4845
vn 0.2644 -0.9443 -0.1959
vn 0.3171 -0.9391 -0.1322
vn 0.2032 -0.9680 -0.1474
vn 0.2644 -0.9443 -0.1960
vn 0.3764 -0.9089 -0.1798
vn 0.3169 -0.9392 -0.1321
vn 0.0100 -0.9466 -0.3221
vn 0.2032 -0.9680 -0.1475
vn -0.0405 -0.9622 -0.2695
vn 0.0101 -0.9466 -0.3221
vn 0.2640 -0.9443 -0.1962
vn 0.2036 -0.9679 -0.1473
vn 0.0100 -0.9466 -0.3222
vn -0.0406 -0.9622 -0.2692
vn -0.1611 -0.8598 -0.4846
vn -0.1125 -0.8314 -0.5441
vn -0.1615 -0.8597 -0.4845
vn -0.1683 -0.7883 -0.5918
vn -0.1688 -0.7882 -0.5918
vn -0.1155 -0.7567 -0.6435
vn -0.1123 -0.8316 -0.5438
vn -0.1154 -0.7567 -0.6435
vn -0.0253 -0.7693 -0.6384
vn -0.0446 -0.7960 -0.6036
vn 0.3276 -0.8779 -0.3493
vn 0.3735 -0.8885 -0.2666
vn 0.3224 -0.9113 -0.2561
vn 0.3273 -0.8779 -0.3494
vn 0.2394 -0.8648 -0.4413
vn 0.3735 -0.8885 -0.2667
vn 0.1502 -0.8825 -0.4456
vn 0.3225 -0.9112 -0.2563
vn 0.0731 -0.9238 -0.3759
vn 0.1506 -0.8823 -0.4459
vn 0.3273 -0.8779 -0.3495
vn 0.3225 -0.9113 -0.2560
vn 0.1502 -0.8825 -0.4458
vn 0.0728 -0.9239 -0.3757
vn -0.0447 -0.7961 -0.6036
vn 0.1504 -0.8824 -0.4458
vn -0.0447 -0.7960 -0.6037
vn 0.0545 -0.7948 -0.6044
vn 0.0549 -0.7948 -0.6044
vn 0.2070 -0.8410 -0.4999
vn 0.1507 -0.8824 -0.4457
vn 0.0547 -0.7947 -0.6046
vn -0.0448 -0.7960 -0.6036
vn -0.0251 -0.7692 -0.6385
vn -0.0254 -0.7692 -0.6385
vn 0.1510 -0.8345 -0.5300
vn 0.0545 -0.7948 -0.6045
vn 0.6273 -0.3174 0.7111
vn 0.2778 -0.4977 0.8216
vn 0.5378 -0.3814 0.7519
vn 0.2306 -0.4941 0.8383
vn 0.5377 -0.3815 0.7519
vn 0.2776 -0.4976 0.8218
vn 0.5378 -0.3817 0.7517
vn 0.5715 -0.4733 0.6704
vn 0.6273 -0.3175 0.7111
vn 0.2306 -0.4940 0.8384
vn 0.2173 -0.5263 0.8221
vn 0.5376 -0.3816 0.7519
vn 0.2171 -0.5264 0.8221
vn 0.5713 -0.4735 0.6704
vn 0.2072 -0.4739 0.8559
vn 0.2174 -0.5262 0.8221
vn 0.2306 -0.4942 0.8382
vn 0.6481 -0.4182 0.6364
vn 0.6274 -0.3174 0.7110
vn 0.5715 -0.4733 0.6703
vn 0.2070 -0.4742 0.8557
vn 0.1918 -0.5002 0.8444
vn 0.2175 -0.5261 0.8221
vn 0.5716 -0.4733 0.6702
vn 0.5622 -0.5968 0.5726
vn 0.6478 -0.4183 0.6367
vn 0.6376 -0.5267 0.5622
vn 0.6480 -0.4183 0.6365
vn 0.5623 -0.5967 0.5725
vn 0.6221 -0.6311 0.4634
vn -0.1338 -0.5818 0.8023
vn 0.2175 -0.5264 0.8220
vn 0.1919 -0.5004 0.8443
vn -0.1339 -0.5818 0.8022
vn 0.1570 -0.5387 0.8278
vn -0.2465 -0.5733 0.7814
vn -0.2469 -0.5734 0.7812
vn -0.1146 -0.6802 0.7240
vn -0.1336 -0.5819 0.8022
vn -0.1149 -0.6800 0.7241
vn 0.2173 -0.5265 0.8219
vn -0.2161 -0.6778 0.7028
vn -0.1150 -0.6802 0.7240
vn -0.2468 -0.5731 0.7814
vn -0.0940 -0.8491 0.5197
vn -0.0371 -0.9093 0.4144
vn 0.0084 -0.8599 0.5103
vn 0.6221 -0.6311 0.4633
vn 0.5621 -0.5968 0.5726
vn 0.5457 -0.6972 0.4650
vn 0.2876 -0.8224 0.4908
vn 0.5457 -0.6972 0.4649
vn 0.2773 -0.7459 0.6056
vn 0.2875 -0.8224 0.4909
vn 0.2772 -0.7458 0.6057
vn 0.0085 -0.8598 0.5106
vn 0.5342 -0.7612 0.3676
vn 0.5957 -0.7181 0.3599
vn 0.5456 -0.6972 0.4650
vn 0.5455 -0.6973 0.4650
vn 0.2876 -0.8223 0.4910
vn 0.5340 -0.7615 0.3674
vn 0.5231 -0.8051 0.2795
vn 0.5959 -0.7179 0.3599
vn 0.5806 -0.7658 0.2766
vn 0.5957 -0.7178 0.3604
vn 0.5232 -0.8051 0.2794
vn 0.2875 -0.8225 0.4908
vn 0.2961 -0.8747 0.3838
vn 0.5341 -0.7615 0.3673
vn 0.0085 -0.8600 0.5103
vn 0.0467 -0.9135 0.4040
vn 0.2874 -0.8225 0.4909
vn 0.3058 -0.9393 0.1558
vn 0.3086 -0.9259 0.2180
vn 0.0831 -0.9684 0.2352
vn 0.5067 -0.8591 0.0723
vn 0.5676 -0.8133 0.1279
vn 0.5049 -0.8518 0.1399
vn -0.0002 -0.9949 0.1008
vn 0.0755 -0.9917 0.1045
vn 0.0171 -0.9848 0.1726
vn 0.3014 -0.9490 0.0920
vn 0.3014 -0.9533 0.0191
vn 0.5066 -0.8591 0.0719
vn 0.3014 -0.9533 0.0194
vn 0.3016 -0.9490 0.0921
vn 0.0757 -0.9916 0.1046
vn 0.5100 -0.8602 -0.0049
vn 0.5071 -0.8589 0.0722
vn 0.3015 -0.9533 0.0194
vn 0.5781 -0.8158 -0.0170
vn 0.5745 -0.8166 0.0560
vn 0.5099 -0.8602 -0.0049
vn 0.0755 -0.9916 0.1047
vn -0.0004 -0.9949 0.1007
vn 0.0645 -0.9976 0.0232
vn 0.0645 -0.9977 0.0231
vn 0.3013 -0.9533 0.0194
vn 0.0756 -0.9916 0.1047
vn -0.0173 -0.9995 0.0283
vn 0.0645 -0.9977 0.0230
vn -0.0002 -0.9949 0.1007
vn -0.0174 -0.9995 0.0281
vn -0.0241 -0.9987 -0.0445
vn 0.5137 -0.8540 -0.0831
vn 0.5759 -0.8135 -0.0810
vn 0.5098 -0.8603 -0.0049
vn 0.5764 -0.8016 -0.1589
vn 0.5760 -0.8135 -0.0807
vn 0.5134 -0.8541 -0.0833
vn 0.5137 -0.8539 -0.0833
vn 0.5100 -0.8601 -0.0050
vn 0.2887 -0.9556 -0.0580
vn 0.5142 -0.8442 -0.1517
vn 0.5765 -0.8015 -0.1588
vn 0.5138 -0.8539 -0.0832
vn 0.2887 -0.9557 -0.0580
vn 0.5140 -0.8442 -0.1518
vn 0.5765 -0.8015 -0.1590
vn 0.5140 -0.8442 -0.1517
vn 0.5799 -0.7820 -0.2282
vn 0.0498 -0.9975 -0.0500
vn -0.0237 -0.9987 -0.0446
vn -0.0240 -0.9987 -0.0445
vn -0.0410 -0.9926 -0.1139
vn 0.0500 -0.9975 -0.0502
vn 0.0413 -0.9921 -0.1186
vn 0.0500 -0.9975 -0.0501
vn -0.0409 -0.9927 -0.1138
vn 0.0498 -0.9975 -0.0504
vn 0.0412 -0.9921 -0.1186
vn 0.2889 -0.9556 -0.0583
vn -0.0410 -0.9926 -0.1140
vn -0.0642 -0.9802 -0.1876
vn 0.2851 -0.9494 -0.1315
vn 0.5141 -0.8442 -0.1517
vn 0.2886 -0.9557 -0.0581
vn 0.2850 -0.9494 -0.1317
vn 0.2889 -0.9556 -0.0582
vn 0.0414 -0.9921 -0.1186
vn 0.5075 -0.8320 -0.2241
vn 0.5799 -0.7821 -0.2281
vn 0.5140 -0.8443 -0.1516
vn 0.2852 -0.9494 -0.1315
vn 0.5074 -0.8321 -0.2240
vn 0.5673 -0.7661 -0.3021
vn 0.5798 -0.7820 -0.2284
vn 0.0182 -0.9811 -0.1925
vn 0.0414 -0.9921 -0.1187
vn 0.0180 -0.9811 -0.1926
vn 0.2851 -0.9494 -0.1318
vn 0.0412 -0.9921 -0.1187
vn -0.0638 -0.9802 -0.1876
vn -0.0700 -0.9640 -0.2564
vn 0.0183 -0.9812 -0.1922
vn 0.2741 -0.9387 -0.2090
vn 0.5073 -0.8322 -0.2240
vn 0.2848 -0.9495 -0.1316
vn 0.0184 -0.9811 -0.1925
vn 0.2740 -0.9386 -0.2095
vn 0.4221 -0.8267 -0.3720
vn 0.5030 -0.7885 -0.3541
vn 0.4893 -0.8139 -0.3133
vn 0.4221 -0.8266 -0.3722
vn 0.3078 -0.8739 -0.3763
vn 0.5028 -0.7884 -0.3545
vn 0.2588 -0.9165 -0.3052
vn 0.4943 -0.8123 -0.3096
vn 0.2739 -0.9388 -0.2091
vn 0.2587 -0.9163 -0.3056
vn 0.2742 -0.9386 -0.2092
vn 0.0162 -0.9600 -0.2795
vn 0.2349 -0.8687 -0.4361
vn 0.2610 -0.8754 -0.4069
vn 0.2427 -0.8905 -0.3850
vn 0.0646 -0.9333 -0.3534
vn 0.0163 -0.9601 -0.2793
vn -0.0193 -0.9465 -0.3222
vn 0.0646 -0.9333 -0.3531
vn 0.2179 -0.8883 -0.4042
vn 0.2428 -0.8906 -0.3847
vn -0.0195 -0.9465 -0.3221
vn 0.1856 -0.9121 -0.3656
vn 0.0647 -0.9333 -0.3532
vn 0.1064 0.2183 -0.9701
vn 0.1088 0.1208 -0.9867
vn -0.0010 0.2254 -0.9743
vn 0.1063 0.2182 -0.9701
vn 0.4151 0.2251 -0.8815
vn 0.4365 0.1987 -0.8775
vn 0.4296 0.2507 -0.8676
vn 0.4366 0.1990 -0.8774
vn 0.4150 0.2252 -0.8815
vn 0.4294 0.2505 -0.8677
vn 0.4513 0.2245 -0.8637
vn 0.4367 0.1990 -0.8773
vn 0.1089 0.1209 -0.9867
vn 0.1469 0.0043 -0.9891
vn 0.0141 0.1240 -0.9922
vn 0.0541 0.0346 -0.9979
vn 0.0141 0.1239 -0.9922
vn 0.1468 0.0043 -0.9892
vn 0.0542 0.0345 -0.9979
vn 0.1468 0.0042 -0.9892
vn 0.0896 -0.0752 -0.9931
vn 0.7119 0.1801 -0.6788
vn 0.4368 0.1990 -0.8773
vn 0.4510 0.2245 -0.8638
vn 0.4857 0.1961 -0.8518
vn 0.7117 0.1801 -0.6790
vn 0.4510 0.2243 -0.8639
vn 0.4859 0.1961 -0.8518
vn 0.7802 0.1794 -0.5992
vn 0.7803 0.1795 -0.5990
vn 0.7152 0.0860 -0.6936
vn 0.7118 0.1802 -0.6789
vn 0.7153 0.0859 -0.6935
vn 0.4365 0.1988 -0.8774
vn 0.7803 0.0834 -0.6198
vn 0.7804 0.1795 -0.5990
vn 0.6829 -0.0282 -0.7300
vn 0.7464 -0.0103 -0.6655
vn 0.4385 0.0902 -0.8942
vn 0.4364 0.1990 -0.8775
vn 0.7151 0.0858 -0.6937
vn 0.6827 -0.0285 -0.7301
vn 0.4383 0.0900 -0.8943
vn 0.1086 0.1209 -0.9867
vn 0.4384 0.0904 -0.8942
vn 0.1466 0.0045 -0.9892
vn 0.6828 -0.0283 -0.7300
vn 0.7464 -0.0103 -0.6654
vn 0.7164 -0.1130 -0.6885
vn 0.4316 -0.0410 -0.9012
vn 0.6828 -0.0285 -0.7300
vn 0.6827 -0.0285 -0.7302
vn 0.6485 -0.1360 -0.7489
vn 0.4316 -0.0411 -0.9011
vn 0.7162 -0.1131 -0.6887
vn 0.6798 -0.2084 -0.7032
vn 0.6485 -0.1361 -0.7490
vn 0.1469 0.0044 -0.9891
vn 0.1815 -0.1055 -0.9777
vn 0.4279 -0.1424 -0.8925
vn 0.4317 -0.0406 -0.9011
vn 0.4281 -0.1422 -0.8925
vn 0.4150 -0.2244 -0.8817
vn 0.1925 -0.1927 -0.9622
vn 0.6238 -0.2221 -0.7493
vn 0.4281 -0.1422 -0.8924
vn 0.6484 -0.1359 -0.7491
vn 0.4022 -0.2945 -0.8669
vn 0.4152 -0.2244 -0.8816
vn 0.3857 -0.4032 -0.8299
vn 0.3951 -0.3560 -0.8469
vn 0.5816 -0.3488 -0.7349
vn 0.6245 -0.4008 -0.6704
vn 0.5690 -0.4021 -0.7173
vn 0.6383 -0.3415 -0.6899
vn 0.1558 -0.4367 -0.8860
vn 0.1047 -0.3710 -0.9227
vn 0.1784 -0.3813 -0.9071
vn 0.1553 -0.4366 -0.8862
vn 0.1784 -0.3814 -0.9070
vn 0.3726 -0.4514 -0.8108
vn 0.6242 -0.4010 -0.6705
vn 0.5662 -0.4581 -0.6852
vn 0.5691 -0.4022 -0.7172
vn 0.5661 -0.4581 -0.6853
vn 0.3727 -0.4513 -0.8108
vn 0.3726 -0.4512 -0.8109
vn 0.3487 -0.5191 -0.7803
vn 0.1556 -0.4367 -0.8860
vn 0.3487 -0.5189 -0.7805
vn 0.3727 -0.4512 -0.8109
vn 0.1558 -0.4364 -0.8862
vn 0.1169 -0.4954 -0.8608
vn 0.0766 -0.4280 -0.9005
vn 0.1168 -0.4953 -0.8608
vn 0.1554 -0.4365 -0.8862
vn 0.3485 -0.5192 -0.7804
vn 0.0390 -0.4891 -0.8713
vn 0.0765 -0.4279 -0.9006
vn 0.1170 -0.4956 -0.8607
vn 0.0389 -0.4892 -0.8713
vn 0.1170 -0.4955 -0.8607
vn 0.0104 -0.5465 -0.8374
vn 0.5661 -0.4582 -0.6853
vn 0.6186 -0.4598 -0.6371
vn 0.5562 -0.5213 -0.6472
vn 0.5564 -0.5210 -0.6472
vn 0.3485 -0.5193 -0.7803
vn 0.6155 -0.5193 -0.5928
vn 0.5565 -0.5209 -0.6473
vn 0.6186 -0.4598 -0.6370
vn 0.6155 -0.5194 -0.5928
vn 0.6040 -0.5755 -0.5514
vn 0.5564 -0.5211 -0.6472
vn 0.3484 -0.5189 -0.7806
vn 0.0864 -0.5619 -0.8227
vn 0.5428 -0.5843 -0.6033
vn 0.5566 -0.5211 -0.6471
vn 0.6040 -0.5755 -0.5513
vn 0.5429 -0.5844 -0.6031
vn 0.3486 -0.5191 -0.7804
vn 0.5564 -0.5209 -0.6473
vn 0.3256 -0.5905 -0.7384
vn 0.0863 -0.5620 -0.8226
vn 0.3487 -0.5190 -0.7805
vn 0.3256 -0.5909 -0.7381
vn 0.3487 -0.5192 -0.7803
vn 0.3046 -0.6501 -0.6961
vn 0.0098 -0.6819 -0.7314
vn 0.0471 -0.6203 -0.7830
vn 0.3044 -0.6503 -0.6960
vn 0.3256 -0.5907 -0.7383
vn 0.5250 -0.6478 -0.5520
vn -0.1066 -0.7174 -0.6884
vn -0.0248 -0.7509 -0.6599
vn -0.0635 -0.7760 -0.6275
vn 0.5089 -0.7069 -0.4913
vn 0.4627 -0.7756 -0.4294
vn 0.2700 -0.7203 -0.6390
vn 0.5416 -0.7478 -0.3840
vn 0.4598 -0.8026 -0.3800
vn 0.4627 -0.7757 -0.4292
vn 0.2312 -0.7937 -0.5627
vn 0.0141 -0.8139 -0.5808
vn -0.0249 -0.7507 -0.6602
vn 0.0139 -0.8139 -0.5809
vn 0.1873 -0.8519 -0.4890
vn 0.1608 -0.8614 -0.4818
vn -0.9366 -0.3408 -0.0818
vn -0.9717 -0.2363 -0.0051
vn -0.9408 -0.2929 -0.1705
vn -0.9408 -0.2929 -0.1707
vn -0.8754 -0.3955 -0.2778
vn -0.9366 -0.3408 -0.0812
vn -0.8867 -0.4249 -0.1820
vn -0.9366 -0.3407 -0.0813
vn -0.8755 -0.3955 -0.2778
vn -0.8867 -0.4250 -0.1820
vn -0.8754 -0.3956 -0.2778
vn -0.8059 -0.5228 -0.2778
vn -0.7531 0.2647 -0.6023
vn -0.9205 0.0335 -0.3892
vn -0.9227 0.0745 -0.3782
vn -0.9031 0.0796 -0.4220
vn -0.9228 0.0742 -0.3781
vn -0.7533 0.2646 -0.6021
vn -0.7163 0.1596 -0.6793
vn -0.9205 0.0335 -0.3893
vn -0.6712 0.0113 -0.7412
vn -0.7163 0.1615 -0.6789
vn -0.6512 0.2301 -0.7232
vn -0.6712 0.0112 -0.7412
vn -0.6513 0.2304 -0.7230
vn -0.6191 0.1008 -0.7788
vn -0.7164 0.1613 -0.6788
vn -0.6713 0.0113 -0.7411
vn -0.8802 -0.0885 -0.4662
vn -0.6711 0.0113 -0.7413
vn -0.5684 -0.0492 -0.8213
vn -0.8001 -0.2305 -0.5539
vn -0.8802 -0.0887 -0.4662
vn -0.8802 -0.0889 -0.4661
vn -0.8000 -0.2307 -0.5538
vn -0.8754 -0.3955 -0.2780
vn -0.6067 -0.1365 -0.7832
vn -0.6711 0.0110 -0.7413
vn -0.5684 -0.0491 -0.8213
vn -0.6712 0.0114 -0.7412
vn -0.6066 -0.1364 -0.7832
vn -0.8002 -0.2307 -0.5536
vn -0.5686 -0.0489 -0.8211
vn -0.5077 -0.1721 -0.8441
vn -0.6067 -0.1364 -0.7832
vn -0.7157 -0.3416 -0.6092
vn -0.7868 -0.4906 -0.3745
vn -0.8001 -0.2306 -0.5538
vn -0.7156 -0.3413 -0.6094
vn -0.8003 -0.2303 -0.5536
vn -0.6958 -0.5675 -0.4403
vn -0.7175 -0.5963 -0.3601
vn -0.7866 -0.4909 -0.3745
vn -0.6429 -0.6488 -0.4070
vn -0.7177 -0.5962 -0.3599
vn -0.6258 -0.6168 -0.4775
vn -0.7156 -0.3415 -0.6093
vn -0.6285 -0.4281 -0.6494
vn -0.6960 -0.5672 -0.4402
vn -0.6284 -0.4279 -0.6496
vn -0.7155 -0.3414 -0.6095
vn -0.5361 -0.2438 -0.8082
vn -0.5363 -0.2438 -0.8081
vn -0.5076 -0.1720 -0.8442
vn -0.6286 -0.4277 -0.6496
vn -0.5566 -0.4911 -0.6701
vn -0.6960 -0.5673 -0.4401
vn -0.5563 -0.4914 -0.6701
vn -0.6284 -0.4278 -0.6496
vn -0.5364 -0.2436 -0.8080
vn -0.5364 -0.2437 -0.8080
vn -0.5077 -0.1720 -0.8442
vn -0.4706 -0.3213 -0.8217
vn -0.4489 -0.2650 -0.8534
vn -0.4707 -0.3216 -0.8216
vn -0.5564 -0.4911 -0.6703
vn -0.4706 -0.3212 -0.8218
vn -0.4881 -0.5416 -0.6844
vn -0.4490 -0.2652 -0.8532
vn -0.4087 -0.3860 -0.8270
vn -0.4707 -0.3208 -0.8219
vn -0.4087 -0.3858 -0.8271
vn -0.4881 -0.5415 -0.6845
vn -0.4704 -0.3213 -0.8219
vn -0.3831 -0.3258 -0.8643
vn -0.4088 -0.3861 -0.8270
vn -0.4489 -0.2653 -0.8533
vn -0.5515 -0.6688 -0.4984
vn -0.6257 -0.6167 -0.4776
vn -0.4882 -0.5414 -0.6845
vn -0.5528 -0.6673 -0.4992
vn -0.6428 -0.6489 -0.4071
vn -0.6259 -0.6169 -0.4771
vn -0.5518 -0.6689 -0.4982
vn -0.5708 -0.6951 -0.4371
vn -0.6427 -0.6490 -0.4071
vn -0.5516 -0.6691 -0.4981
vn -0.4956 -0.6993 -0.5151
vn -0.5706 -0.6952 -0.4372
vn -0.4954 -0.6993 -0.5153
vn -0.5516 -0.6688 -0.4984
vn -0.4308 -0.5779 -0.6931
vn -0.3832 -0.3259 -0.8643
vn -0.3556 -0.4271 -0.8313
vn -0.3557 -0.4269 -0.8314
vn -0.4310 -0.5778 -0.6931
vn -0.4085 -0.3859 -0.8271
vn -0.3267 -0.3716 -0.8690
vn -0.3557 -0.4270 -0.8314
vn -0.3831 -0.3260 -0.8642
vn -0.4308 -0.5781 -0.6929
vn -0.3797 -0.6130 -0.6928
vn -0.4955 -0.6991 -0.5154
vn -0.4309 -0.5779 -0.6931
vn -0.3799 -0.6131 -0.6927
vn -0.4351 -0.7400 -0.5129
vn -0.5066 -0.7331 -0.4539
vn -0.4955 -0.6993 -0.5152
vn -0.4346 -0.7401 -0.5132
vn -0.4955 -0.6992 -0.5153
vn -0.3799 -0.6129 -0.6929
vn -0.3266 -0.3717 -0.8690
vn -0.2922 -0.4566 -0.8403
vn -0.3559 -0.4268 -0.8314
vn -0.2922 -0.4562 -0.8405
vn -0.3798 -0.6131 -0.6927
vn -0.3107 -0.6442 -0.6989
vn -0.3800 -0.6130 -0.6926
vn -0.2920 -0.4566 -0.8404
vn -0.4349 -0.7401 -0.5129
vn -0.3768 -0.7753 -0.5069
vn -0.4455 -0.7732 -0.4513
vn -0.3764 -0.7754 -0.5071
vn -0.4349 -0.7401 -0.5130
vn -0.3107 -0.6440 -0.6991
vn -0.3850 -0.8137 -0.4355
vn -0.4456 -0.7733 -0.4511
vn -0.2921 -0.4563 -0.8405
vn -0.2578 -0.4048 -0.8773
vn -0.2259 -0.4834 -0.8457
vn -0.3118 -0.8106 -0.4957
vn -0.3767 -0.7752 -0.5071
vn -0.2425 -0.6771 -0.6948
vn -0.2627 -0.8703 -0.4165
vn -0.2455 -0.8383 -0.4869
vn -0.1930 -0.8981 -0.3952
vn -0.0882 -0.5302 -0.8433
vn -0.1532 -0.5112 -0.8457
vn -0.0515 -0.4676 -0.8824
vn -0.1530 -0.5112 -0.8457
vn -0.0879 -0.5295 -0.8437
vn -0.2425 -0.6772 -0.6947
vn -0.0512 -0.4676 -0.8825
vn 0.0226 -0.4777 -0.8782
vn -0.0884 -0.5299 -0.8434
vn -0.1820 -0.7014 -0.6891
vn -0.2458 -0.8382 -0.4869
vn -0.2424 -0.6773 -0.6946
vn -0.2426 -0.6773 -0.6946
vn -0.0880 -0.5297 -0.8436
vn -0.2456 -0.8382 -0.4869
vn -0.1819 -0.7014 -0.6891
vn -0.1763 -0.8670 -0.4660
vn -0.1761 -0.8670 -0.4662
vn -0.1282 -0.9159 -0.3804
vn -0.1932 -0.8980 -0.3953
vn -0.0083 -0.5440 -0.8391
vn -0.0883 -0.5299 -0.8434
vn 0.0225 -0.4776 -0.8783
vn -0.0088 -0.5441 -0.8389
vn -0.1819 -0.7015 -0.6891
vn -0.0882 -0.5300 -0.8434
vn -0.0087 -0.5438 -0.8391
vn -0.1046 -0.7249 -0.6808
vn -0.1818 -0.7014 -0.6891
vn -0.0941 -0.8829 -0.4601
vn -0.1283 -0.9157 -0.3807
vn -0.1762 -0.8671 -0.4659
vn -0.1046 -0.7251 -0.6807
vn -0.0943 -0.8828 -0.4602
vn -0.1281 -0.9158 -0.3805
vn -0.0944 -0.8828 -0.4601
vn -0.0524 -0.9023 -0.4280
vn -0.0078 -0.8684 -0.4959
vn -0.0523 -0.9024 -0.4277
vn -0.0943 -0.8829 -0.4601
vn -0.0079 -0.8682 -0.4961
vn 0.0288 -0.8022 -0.5963
vn -0.0525 -0.9023 -0.4278
vn -0.0080 -0.8683 -0.4961
vn 0.0862 -0.7824 -0.6167
vn 0.0287 -0.8022 -0.5964
vn -0.0060 -0.7530 -0.6580
vn -0.0944 -0.8828 -0.4602
vn -0.1047 -0.7251 -0.6807
vn 0.1102 -0.6338 -0.7656
vn 0.0737 -0.7665 -0.6380
vn -0.0061 -0.7530 -0.6580
vn 0.1221 -0.5630 -0.8174
vn 0.0702 -0.7214 -0.6890
vn 0.1103 -0.6335 -0.7658
vn 0.0946 -0.7555 -0.6483
vn 0.1102 -0.6339 -0.7655
vn 0.0704 -0.7213 -0.6890
vn 0.9716 0.2365 0.0051
vn 0.9778 0.1790 0.1088
vn 0.9419 -0.0019 0.3360
vn 0.9345 -0.0441 0.3531
vn 0.9418 -0.0017 0.3361
vn 0.9778 0.1791 0.1086
vn 0.9778 0.1794 0.1086
vn 0.9717 0.2363 0.0051
vn 0.9409 0.2926 0.1707
vn 0.9778 0.1793 0.1086
vn 0.9206 -0.0336 0.3891
vn 0.9346 -0.0442 0.3529
vn 0.9779 0.1790 0.1084
vn 0.9409 0.2926 0.1708
vn 0.9207 -0.0337 0.3889
vn 0.9324 -0.0834 0.3518
vn 0.9345 -0.0444 0.3531
vn 0.9207 -0.0336 0.3889
vn 0.9324 -0.0837 0.3516
vn 0.9205 -0.0336 0.3892
vn 0.9228 -0.0743 0.3780
vn 0.7533 -0.2650 0.6020
vn 0.6793 -0.3325 0.6542
vn 0.9032 -0.0797 0.4218
vn 0.7164 -0.1615 0.6787
vn 0.6791 -0.3324 0.6545
vn 0.6511 -0.2304 0.7232
vn 0.6792 -0.3324 0.6544
vn 0.7162 -0.1615 0.6789
vn 0.8803 0.0886 0.4661
vn 0.7163 -0.1615 0.6788
vn 0.9205 -0.0336 0.3894
vn 0.8802 0.0888 0.4662
vn 0.9206 -0.0335 0.3891
vn 0.9408 0.2927 0.1707
vn 0.9408 0.2927 0.1709
vn 0.8754 0.3954 0.2780
vn 0.8802 0.0887 0.4663
vn 0.8754 0.3955 0.2780
vn 0.7867 0.4907 0.3746
vn 0.8000 0.2306 0.5539
vn 0.8059 0.5228 0.2778
vn 0.8753 0.3956 0.2779
vn 0.8058 0.5229 0.2780
vn 0.7175 0.5963 0.3600
vn 0.7866 0.4909 0.3745
vn 0.7868 0.4907 0.3745
vn 0.6959 0.5673 0.4403
vn 0.7155 0.3415 0.6094
vn 0.6066 0.1365 0.7832
vn 0.7156 0.3414 0.6094
vn 0.5363 0.2438 0.8080
vn 0.6959 0.5675 0.4401
vn 0.6256 0.6169 0.4775
vn 0.6258 0.6168 0.4774
vn 0.5565 0.4911 0.6702
vn 0.6960 0.5674 0.4401
vn 0.4705 0.3213 0.8219
vn 0.5365 0.2435 0.8080
vn 0.5564 0.4911 0.6702
vn 0.4881 0.5416 0.6844
vn 0.5517 0.6688 0.4984
vn 0.4308 0.5782 0.6929
vn 0.4309 0.5778 0.6932
vn 0.4087 0.3859 0.8271
vn 0.4880 0.5417 0.6844
vn 0.5064 0.7332 0.4539
vn 0.4955 0.6993 0.5153
vn 0.5706 0.6952 0.4370
vn 0.2581 0.4043 0.8774
vn 0.3266 0.3717 0.8690
vn 0.2921 0.4564 0.8405
vn 0.4349 0.7400 0.5130
vn 0.5064 0.7333 0.4536
vn 0.4456 0.7732 0.4512
vn 0.3797 0.6129 0.6929
vn 0.4350 0.7400 0.5130
vn 0.3103 0.6443 0.6990
vn 0.2260 0.4836 0.8456
vn 0.2921 0.4566 0.8404
vn 0.3107 0.6442 0.6989
vn 0.1862 0.4257 0.8855
vn 0.2580 0.4045 0.8774
vn 0.2259 0.4834 0.8458
vn 0.1868 0.4254 0.8855
vn 0.2288 0.4746 0.8499
vn 0.1226 0.4462 0.8865
vn 0.3849 0.8138 0.4354
vn 0.3261 0.8410 0.4317
vn 0.3767 0.7753 0.5070
vn 0.1531 0.5110 0.8459
vn 0.2256 0.4835 0.8458
vn 0.1530 0.5114 0.8456
vn 0.2259 0.4833 0.8458
vn 0.3108 0.6440 0.6990
vn 0.1227 0.4463 0.8864
vn 0.1532 0.5112 0.8457
vn 0.0513 0.4676 0.8824
vn 0.3106 0.6440 0.6992
vn 0.3769 0.7752 0.5070
vn 0.2425 0.6773 0.6946
vn 0.1530 0.5111 0.8458
vn 0.3109 0.6442 0.6988
vn 0.2427 0.6770 0.6948
vn 0.3118 0.8107 0.4955
vn 0.3766 0.7754 0.5068
vn 0.3259 0.8411 0.4316
vn 0.2631 0.8702 0.4165
vn 0.3119 0.8106 0.4957
vn 0.3256 0.8412 0.4318
vn 0.2456 0.8383 0.4868
vn 0.2629 0.8704 0.4164
vn 0.2458 0.8382 0.4868
vn 0.2424 0.6773 0.6946
vn -0.0226 0.4776 0.8783
vn 0.0085 0.5437 0.8392
vn -0.0918 0.4908 0.8664
vn 0.1761 0.8670 0.4661
vn 0.2456 0.8383 0.4867
vn 0.1932 0.8980 0.3954
vn 0.1048 0.7250 0.6808
vn 0.1819 0.7015 0.6890
vn 0.1763 0.8671 0.4660
vn -0.0716 0.5702 0.8184
vn -0.0917 0.4906 0.8666
vn 0.0083 0.5440 0.8391
vn 0.0089 0.5439 0.8391
vn 0.1046 0.7248 0.6810
vn -0.0711 0.5706 0.8182
vn -0.0918 0.4907 0.8665
vn -0.0718 0.5704 0.8182
vn -0.1220 0.5630 0.8174
vn -0.1105 0.6336 0.7657
vn -0.1221 0.5631 0.8173
vn -0.0715 0.5703 0.8183
vn 0.0060 0.7529 0.6581
vn -0.0713 0.5705 0.8182
vn 0.1043 0.7248 0.6810
vn 0.0062 0.7530 0.6579
vn -0.1103 0.6338 0.7656
vn -0.0712 0.5702 0.8184
vn 0.0945 0.8829 0.4599
vn 0.0080 0.8683 0.4960
vn -0.0739 0.7665 0.6380
vn 0.0061 0.7529 0.6581
vn 0.0080 0.8683 0.4961
vn -0.0861 0.7825 0.6166
vn -0.0741 0.7664 0.6380
vn -0.1103 0.6339 0.7655
vn -0.0739 0.7668 0.6377
vn -0.0943 0.7559 0.6479
vn -0.1225 0.7710 0.6249
vn -0.0860 0.7825 0.6167
vn -0.1226 0.7710 0.6249
vn -0.0947 0.7557 0.6480
vn -0.0741 0.7663 0.6382
vn 0.0009 -0.2253 0.9743
vn -0.1062 -0.2183 0.9701
vn -0.3859 -0.2076 0.8989
vn -0.4149 -0.2253 0.8815
vn -0.3853 -0.2080 0.8990
vn -0.1063 -0.2181 0.9701
vn -0.1088 -0.1207 0.9867
vn -0.4364 -0.1989 0.8775
vn -0.0140 -0.1241 0.9922
vn -0.1088 -0.1208 0.9867
vn 0.0007 -0.2252 0.9743
vn -0.6829 0.0282 0.7300
vn -0.7803 -0.0834 0.6198
vn -0.7152 -0.0860 0.6936
vn -0.4383 -0.0903 0.8943
vn -0.4384 -0.0904 0.8942
vn -0.1467 -0.0045 0.9892
vn -0.4315 0.0408 0.9012
vn -0.6827 0.0283 0.7302
vn -0.6485 0.1361 0.7490
vn -0.7162 0.1131 0.6886
vn -0.1463 -0.0045 0.9892
vn -0.1811 0.1054 0.9778
vn -0.4315 0.0409 0.9012
vn -0.0896 0.0749 0.9932
vn -0.1106 0.1757 0.9782
vn -0.1814 0.1054 0.9777
vn -0.4282 0.1424 0.8924
vn -0.6484 0.1361 0.7490
vn -0.4316 0.0410 0.9011
vn -0.1925 0.1928 0.9622
vn -0.1814 0.1053 0.9778
vn -0.1105 0.1757 0.9782
vn -0.1811 0.1053 0.9778
vn -0.4280 0.1424 0.8925
vn -0.4152 0.2244 0.8816
vn -0.6239 0.2221 0.7493
vn -0.4281 0.1422 0.8925
vn -0.4149 0.2244 0.8818
vn -0.1924 0.1928 0.9622
vn -0.4022 0.2947 0.8668
vn -0.1105 0.1756 0.9782
vn -0.1871 0.2655 0.9458
vn -0.1870 0.2651 0.9459
vn -0.4021 0.2947 0.8669
vn -0.1235 0.2514 0.9600
vn -0.1871 0.2652 0.9459
vn -0.1104 0.1757 0.9782
vn -0.5994 0.2910 0.7457
vn -0.6798 0.2084 0.7032
vn -0.4024 0.2943 0.8669
vn -0.6515 0.2765 0.7065
vn -0.5994 0.2911 0.7457
vn -0.4021 0.2948 0.8668
vn -0.3952 0.3562 0.8467
vn -0.4023 0.2945 0.8668
vn -0.3952 0.3560 0.8468
vn -0.5995 0.2910 0.7456
vn -0.1844 0.3303 0.9257
vn -0.1872 0.2651 0.9459
vn -0.1235 0.2513 0.9600
vn -0.1842 0.3304 0.9257
vn -0.3950 0.3561 0.8469
vn -0.1870 0.2654 0.9458
vn -0.1235 0.2516 0.9599
vn -0.1202 0.3122 0.9424
vn -0.6514 0.2767 0.7065
vn -0.5996 0.2909 0.7456
vn -0.5813 0.3488 0.7351
vn -0.5814 0.3487 0.7351
vn -0.5997 0.2908 0.7456
vn -0.3954 0.3561 0.8467
vn -0.6384 0.3414 0.6899
vn -0.6515 0.2766 0.7064
vn -0.3951 0.3563 0.8467
vn -0.1843 0.3303 0.9257
vn -0.3855 0.4032 0.8300
vn -0.5814 0.3490 0.7350
vn -0.5690 0.4021 0.7173
vn -0.6385 0.3415 0.6897
vn -0.5816 0.3488 0.7349
vn -0.3856 0.4030 0.8300
vn -0.1843 0.3304 0.9257
vn -0.1202 0.3121 0.9424
vn -0.1784 0.3813 0.9071
vn -0.1785 0.3815 0.9070
vn -0.3853 0.4032 0.8300
vn -0.1844 0.3304 0.9257
vn -0.1047 0.3711 0.9227
vn -0.1783 0.3814 0.9071
vn -0.1201 0.3124 0.9423
vn -0.3858 0.4032 0.8298
vn -0.3727 0.4512 0.8109
vn -0.5689 0.4021 0.7174
vn -0.3854 0.4035 0.8299
vn -0.1784 0.3814 0.9070
vn -0.3725 0.4513 0.8109
vn -0.6186 0.4598 0.6371
vn -0.6243 0.4010 0.6704
vn -0.5663 0.4579 0.6853
vn -0.1557 0.4365 0.8861
vn -0.1045 0.3712 0.9227
vn -0.0765 0.4281 0.9005
vn -0.6039 0.5754 0.5515
vn -0.5430 0.5843 0.6032
vn -0.5856 0.6382 0.4997
vn -0.0863 0.5618 0.8228
vn -0.1169 0.4953 0.8608
vn -0.0106 0.5471 0.8370
vn 0.0294 0.6036 0.7968
vn -0.0861 0.5621 0.8226
vn -0.0104 0.5469 0.8372
vn -0.5247 0.6479 0.5522
vn -0.5857 0.6382 0.4997
vn -0.5429 0.5843 0.6032
vn -0.5857 0.6381 0.4998
vn -0.5251 0.6477 0.5520
vn -0.5704 0.6948 0.4381
vn -0.5428 0.5842 0.6033
vn -0.3256 0.5907 0.7383
vn -0.5249 0.6479 0.5520
vn -0.0468 0.6202 0.7830
vn -0.0862 0.5620 0.8227
vn 0.0287 0.6041 0.7964
vn -0.0861 0.5617 0.8228
vn -0.0472 0.6202 0.7830
vn -0.3255 0.5904 0.7385
vn 0.0286 0.6041 0.7964
vn 0.0738 0.6602 0.7475
vn -0.0468 0.6204 0.7829
vn -0.3046 0.6501 0.6961
vn -0.3256 0.5904 0.7385
vn -0.0471 0.6202 0.7830
vn -0.5088 0.7069 0.4913
vn -0.5706 0.6948 0.4379
vn -0.5250 0.6478 0.5520
vn -0.5086 0.7069 0.4915
vn -0.5251 0.6478 0.5520
vn -0.3044 0.6501 0.6962
vn -0.5706 0.6948 0.4378
vn -0.5415 0.7478 0.3841
vn -0.0099 0.6818 0.7315
vn 0.0737 0.6600 0.7476
vn -0.0100 0.6816 0.7316
vn 0.0738 0.6601 0.7475
vn 0.1064 0.7175 0.6883
vn -0.5089 0.7068 0.4914
vn -0.3045 0.6502 0.6961
vn -0.2699 0.7202 0.6391
vn -0.2703 0.7204 0.6387
vn -0.0097 0.6819 0.7313
vn -0.4627 0.7757 0.4293
vn -0.5417 0.7478 0.3840
vn -0.5085 0.7072 0.4912
vn 0.0249 0.7509 0.6600
vn -0.0102 0.6817 0.7316
vn 0.1065 0.7173 0.6886
vn -0.0098 0.6818 0.7314
vn 0.0248 0.7506 0.6602
vn -0.2699 0.7205 0.6388
vn -0.3746 0.8285 0.4162
vn -0.4600 0.8025 0.3800
vn -0.4626 0.7756 0.4294
vn -0.4598 0.8026 0.3800
vn -0.3744 0.8287 0.4161
vn -0.2594 0.8395 0.4775
vn -0.2035 0.8644 0.4599
vn -0.2597 0.8396 0.4771
vn -0.3745 0.8285 0.4163
vn -0.2310 0.7940 0.5624
vn -0.4627 0.7756 0.4294
vn -0.2701 0.7203 0.6389
vn -0.2309 0.7940 0.5623
vn -0.2700 0.7204 0.6388
vn 0.0249 0.7508 0.6600
vn -0.2311 0.7940 0.5623
vn -0.3742 0.8287 0.4162
vn -0.4626 0.7756 0.4295
vn -0.0139 0.8139 0.5808
vn 0.0248 0.7510 0.6599
vn 0.0635 0.7759 0.6276
vn -0.0141 0.8139 0.5808
vn 0.0634 0.7759 0.6277
vn -0.1339 0.8353 0.5333
vn -0.0142 0.8139 0.5809
vn -0.1337 0.8352 0.5334
vn -0.1608 0.8613 0.4819
vn -0.1876 0.8519 0.4889
vn -0.2311 0.7937 0.5627
vn -0.0139 0.8139 0.5809
vn -0.3744 0.8286 0.4161
vn -0.2315 0.7938 0.5624
vn -0.1873 0.8518 0.4892
vn -0.3747 0.8285 0.4162
vn -0.1875 0.8517 0.4893
vn -0.2034 0.8644 0.4598
vn -0.1683 0.8809 0.4425
vn -0.1873 0.8520 0.4889
vn -0.1607 0.8613 0.4821
vn -0.1683 0.8807 0.4427
vn -0.2033 0.8644 0.4599
vn -0.1874 0.8519 0.4891
vn -0.1571 0.5388 -0.8277
vn -0.1919 0.5001 -0.8444
vn 0.1338 0.5821 -0.8020
vn 0.0505 0.7793 -0.6246
vn 0.2160 0.6778 -0.7028
vn 0.1149 0.6801 -0.7240
vn 0.0502 0.7791 -0.6248
vn 0.1552 0.7643 -0.6259
vn 0.2162 0.6779 -0.7026
vn -0.2491 0.6328 -0.7332
vn -0.2174 0.5264 -0.8220
vn -0.2491 0.6327 -0.7333
vn -0.2172 0.5264 -0.8220
vn -0.5715 0.4734 -0.6703
vn 0.1149 0.6800 -0.7242
vn -0.2495 0.6323 -0.7334
vn 0.0505 0.7790 -0.6249
vn -0.5713 0.4736 -0.6703
vn -0.5622 0.5969 -0.5724
vn -0.2495 0.6325 -0.7333
vn 0.0503 0.7792 -0.6247
vn 0.0942 0.8491 -0.5198
vn 0.1553 0.7643 -0.6259
vn -0.2494 0.6325 -0.7333
vn -0.2773 0.7459 -0.6057
vn -0.2770 0.7458 -0.6058
vn 0.0504 0.7792 -0.6248
vn -0.2496 0.6324 -0.7333
vn -0.0085 0.8599 -0.5104
vn 0.0944 0.8491 -0.5197
vn 0.0500 0.7790 -0.6250
vn 0.0502 0.7790 -0.6250
vn -0.2771 0.7458 -0.6058
vn -0.0083 0.8599 -0.5104
vn -0.5456 0.6973 -0.4648
vn -0.2774 0.7459 -0.6056
vn -0.6221 0.6310 -0.4636
vn -0.5958 0.7178 -0.3601
vn -0.5457 0.6972 -0.4650
vn -0.2961 0.8747 -0.3837
vn -0.0467 0.9136 -0.4039
vn -0.2873 0.8226 -0.4907
vn -0.0467 0.9136 -0.4038
vn 0.0372 0.9094 -0.4143
vn -0.2961 0.8746 -0.3838
vn -0.5340 0.7615 -0.3673
vn -0.3038 0.9045 -0.2992
vn -0.3035 0.9047 -0.2990
vn -0.0470 0.9136 -0.4038
vn -0.2960 0.8747 -0.3837
vn -0.5232 0.8052 -0.2793
vn -0.3037 0.9046 -0.2992
vn -0.5339 0.7615 -0.3674
vn -0.0467 0.9136 -0.4040
vn -0.0666 0.9467 -0.3152
vn -0.0670 0.9466 -0.3154
vn -0.0469 0.9136 -0.4039
vn -0.3036 0.9047 -0.2990
vn 0.0044 0.9469 -0.3214
vn 0.0370 0.9094 -0.4142
vn -0.0667 0.9467 -0.3152
vn -0.3037 0.9046 -0.2991
vn -0.3087 0.9258 -0.2180
vn -0.3036 0.9046 -0.2992
vn -0.3085 0.9259 -0.2182
vn -0.0667 0.9466 -0.3154
vn -0.5127 0.8343 -0.2027
vn -0.5232 0.8052 -0.2791
vn -0.5806 0.7658 -0.2766
vn -0.5129 0.8342 -0.2029
vn -0.3086 0.9259 -0.2180
vn -0.5232 0.8052 -0.2792
vn -0.5128 0.8342 -0.2028
vn -0.5710 0.7961 -0.2005
vn 0.0047 0.9469 -0.3215
vn -0.0667 0.9466 -0.3153
vn -0.0831 0.9684 -0.2352
vn -0.0830 0.9684 -0.2353
vn -0.0668 0.9466 -0.3154
vn -0.3086 0.9259 -0.2181
vn -0.0074 0.9695 -0.2448
vn 0.0045 0.9469 -0.3214
vn -0.0830 0.9684 -0.2352
vn -0.3088 0.9258 -0.2180
vn -0.5129 0.8341 -0.2030
vn -0.3057 0.9393 -0.1557
vn -0.0831 0.9684 -0.2351
vn -0.0864 0.9813 -0.1719
vn -0.0071 0.9695 -0.2448
vn -0.0864 0.9813 -0.1720
vn -0.3056 0.9393 -0.1560
vn -0.0171 0.9849 -0.1725
vn -0.0073 0.9695 -0.2450
vn -0.0865 0.9813 -0.1719
vn -0.5129 0.8341 -0.2029
vn -0.5710 0.7961 -0.2007
vn -0.5048 0.8518 -0.1400
vn -0.3059 0.9393 -0.1556
vn -0.5675 0.8133 -0.1283
vn -0.5048 0.8518 -0.1399
vn -0.3057 0.9393 -0.1558
vn -0.3016 0.9490 -0.0922
vn -0.0864 0.9813 -0.1721
vn -0.3060 0.9392 -0.1557
vn -0.5051 0.8516 -0.1399
vn -0.3016 0.9490 -0.0921
vn -0.0172 0.9849 -0.1725
vn -0.0863 0.9813 -0.1719
vn -0.0756 0.9916 -0.1045
vn -0.0756 0.9916 -0.1049
vn -0.0863 0.9813 -0.1720
vn -0.3015 0.9490 -0.0923
vn -0.5067 0.8591 -0.0723
vn -0.3015 0.9490 -0.0921
vn -0.5050 0.8517 -0.1400
vn -0.5068 0.8590 -0.0721
vn -0.5676 0.8133 -0.1283
vn -0.5745 0.8166 -0.0557
vn -0.5068 0.8591 -0.0721
vn -0.5099 0.8602 0.0049
vn -0.5782 0.8157 0.0169
vn -0.5758 0.8136 0.0808
vn -0.5100 0.8602 0.0049
vn -0.0500 0.9975 0.0503
vn -0.0648 0.9976 -0.0230
vn -0.3015 0.9533 -0.0193
vn -0.3017 0.9532 -0.0192
vn -0.5100 0.8602 0.0050
vn -0.2886 0.9557 0.0583
vn -0.0499 0.9975 0.0502
vn -0.3016 0.9532 -0.0193
vn -0.2887 0.9557 0.0579
vn -0.0161 0.9601 0.2793
vn 0.0702 0.9640 0.2563
vn -0.0183 0.9811 0.1925
vn -0.0184 0.9812 0.1923
vn -0.2741 0.9387 0.2093
vn -0.0162 0.9600 0.2797
vn 0.0701 0.9641 0.2561
vn 0.0194 0.9465 0.3223
vn -0.4893 0.8139 0.3132
vn -0.5075 0.8320 0.2240
vn -0.5672 0.7662 0.3019
vn -0.5074 0.8321 0.2239
vn -0.4893 0.8140 0.3131
vn -0.2741 0.9387 0.2090
vn -0.5672 0.7663 0.3018
vn -0.5029 0.7884 0.3542
vn -0.2181 0.8882 0.4043
vn -0.1855 0.9121 0.3657
vn -0.0646 0.9334 0.3531
vn -0.2588 0.9164 0.3055
vn -0.0646 0.9333 0.3533
vn -0.0164 0.9601 0.2792
vn -0.2589 0.9165 0.3050
vn -0.4892 0.8139 0.3135
vn -0.4222 0.8266 0.3722
vn -0.4221 0.8267 0.3720
vn -0.3081 0.8739 0.3760
vn -0.2609 0.8754 0.4070
vn -0.2425 0.8904 0.3851
vn -0.2588 0.9163 0.3055
vn -0.4222 0.8267 0.3720
vn -0.0646 0.9333 0.3532
vn -0.2587 0.9164 0.3053
vn -0.2426 0.8906 0.3847
vn -0.4221 0.8266 0.3723
vn -0.2430 0.8904 0.3849
vn -0.2346 0.8687 0.4362
vn -0.2182 0.8882 0.4042
vn -0.2426 0.8904 0.3851
vn 0.2143 0.7010 -0.6802
vn 0.3127 0.7151 -0.6252
vn 0.5495 0.7026 -0.4520
vn 0.5926 0.6767 -0.4369
vn 0.5493 0.7027 -0.4522
vn 0.3128 0.7151 -0.6251
vn 0.3128 0.7153 -0.6249
vn 0.2145 0.7010 -0.6801
vn 0.2626 0.7936 -0.5489
vn 0.3129 0.7152 -0.6250
vn 0.5932 0.6952 -0.4060
vn 0.5929 0.6764 -0.4369
vn 0.3127 0.7153 -0.6249
vn 0.2627 0.7936 -0.5488
vn 0.5933 0.6951 -0.4060
vn 0.1785 0.7814 -0.5980
vn 0.2629 0.7938 -0.5485
vn 0.2142 0.7011 -0.6802
vn 0.6150 0.6504 -0.4458
vn 0.5929 0.6765 -0.4368
vn 0.8103 0.5655 -0.1538
vn 0.6210 0.6673 -0.4113
vn 0.5933 0.6951 -0.4059
vn 0.6402 0.6743 -0.3681
vn 0.6208 0.6674 -0.4114
vn 0.8104 0.5654 -0.1535
vn 0.8106 0.5651 -0.1535
vn 0.5934 0.6952 -0.4057
vn 0.7598 0.6457 -0.0760
vn 0.6745 0.7382 -0.0076
vn 0.7360 0.6757 0.0410
vn 0.8058 0.5922 -0.0046
vn 0.5345 0.7829 -0.3183
vn 0.7600 0.6455 -0.0759
vn 0.5934 0.6951 -0.4058
vn 0.5342 0.7831 -0.3184
vn 0.5932 0.6953 -0.4058
vn 0.2628 0.7937 -0.5487
vn 0.2627 0.7936 -0.5489
vn 0.2270 0.8757 -0.4261
vn 0.5343 0.7830 -0.3183
vn 0.6744 0.7383 -0.0075
vn 0.6425 0.7583 0.1102
vn 0.7361 0.6757 0.0410
vn 0.5344 0.7830 -0.3182
vn 0.2272 0.8758 -0.4260
vn 0.4545 0.8678 -0.2008
vn 0.4546 0.8678 -0.2006
vn 0.6746 0.7381 -0.0075
vn 0.5344 0.7829 -0.3184
vn 0.5809 0.8120 0.0571
vn 0.6423 0.7585 0.1100
vn 0.6745 0.7382 -0.0075
vn 0.4544 0.8679 -0.2006
vn 0.5807 0.8121 0.0570
vn 0.6422 0.7585 0.1101
vn 0.5808 0.8120 0.0572
vn 0.5559 0.8152 0.1626
vn 0.1237 0.9153 -0.3834
vn 0.0892 0.9582 -0.2718
vn 0.1893 0.9327 -0.3068
vn 0.4863 0.8481 0.2103
vn 0.5560 0.8152 0.1621
vn 0.4415 0.8805 0.1728
vn 0.2689 0.9629 0.0227
vn 0.1072 0.9841 -0.1414
vn 0.2213 0.9721 0.0771
vn 0.2692 0.9628 0.0228
vn 0.2215 0.9721 0.0772
vn 0.4414 0.8805 0.1727
vn 0.0634 0.9949 -0.0779
vn 0.1071 0.9841 -0.1414
vn 0.0541 0.9801 -0.1908
vn 0.0634 0.9949 -0.0781
vn 0.2213 0.9722 0.0770
vn 0.1071 0.9841 -0.1415
vn 0.0633 0.9949 -0.0782
vn 0.0540 0.9801 -0.1908
vn 0.0168 0.9922 -0.1231
vn 0.3818 0.8985 0.2167
vn 0.2215 0.9721 0.0774
vn 0.3821 0.8984 0.2167
vn 0.3398 0.9033 0.2619
vn 0.4277 0.8674 0.2543
vn 0.3031 0.8999 0.3134
vn 0.2542 0.8904 0.3775
vn 0.3436 0.8637 0.3688
vn 0.2543 0.8904 0.3775
vn 0.3027 0.9001 0.3132
vn 0.0914 0.9722 0.2158
vn 0.3017 0.8536 0.4246
vn 0.2543 0.8904 0.3776
vn 0.2622 0.8389 0.4770
vn -0.0855 0.9946 0.0590
vn 0.0916 0.9721 0.2159
vn -0.0224 0.9997 0.0134
vn -0.1441 0.9896 0.0048
vn -0.0853 0.9946 0.0591
vn -0.0862 0.9956 -0.0365
vn -0.1439 0.9896 0.0049
vn -0.1973 0.9792 0.0468
vn -0.0852 0.9946 0.0590
vn 0.2113 0.8769 0.4317
vn 0.2623 0.8387 0.4773
vn 0.2543 0.8903 0.3777
vn 0.2620 0.8389 0.4770
vn 0.2114 0.8769 0.4317
vn 0.2145 0.8180 0.5337
vn -0.0853 0.9946 0.0592
vn -0.1388 0.9851 0.1017
vn 0.0913 0.9722 0.2156
vn -0.2549 0.9624 0.0939
vn -0.1387 0.9851 0.1020
vn -0.1973 0.9792 0.0471
vn 0.1614 0.8597 0.4846
vn 0.2145 0.8181 0.5337
vn 0.2114 0.8769 0.4318
vn 0.2115 0.8768 0.4318
vn 0.0916 0.9721 0.2158
vn 0.0405 0.9623 0.2691
vn 0.0407 0.9622 0.2692
vn 0.0915 0.9721 0.2158
vn -0.1388 0.9851 0.1015
vn -0.2031 0.9680 0.1476
vn -0.1390 0.9851 0.1016
vn -0.2550 0.9623 0.0941
vn -0.2033 0.9679 0.1474
vn 0.0405 0.9622 0.2692
vn -0.2549 0.9624 0.0941
vn -0.3169 0.9392 0.1323
vn -0.2033 0.9679 0.1475
vn 0.1125 0.8315 0.5440
vn 0.1614 0.8597 0.4845
vn -0.0102 0.9466 0.3222
vn 0.1126 0.8315 0.5440
vn -0.0098 0.9466 0.3222
vn -0.0731 0.9238 0.3759
vn -0.0102 0.9467 0.3221
vn -0.2645 0.9443 0.1959
vn 0.0445 0.7961 0.6035
vn 0.1155 0.7568 0.6434
vn 0.1127 0.8315 0.5440
vn 0.1125 0.8316 0.5439
vn -0.0730 0.9239 0.3757
vn 0.0448 0.7959 0.6037
vn -0.3224 0.9113 0.2563
vn -0.2643 0.9443 0.1959
vn -0.3765 0.9088 0.1796
vn -0.2640 0.9444 0.1962
vn -0.3225 0.9112 0.2562
vn -0.0727 0.9238 0.3760
vn -0.3763 0.9089 0.1797
vn -0.3738 0.8883 0.2667
vn -0.3227 0.9112 0.2561
vn -0.2075 0.8259 0.5242
vn -0.1511 0.8344 0.5301
vn -0.0543 0.7947 0.6046
vn -0.3273 0.8779 0.3496
vn -0.2391 0.8649 0.4414
vn -0.2346 0.8359 0.4963
vn -0.2069 0.8410 0.4999
vn -0.1505 0.8824 0.4457
vn -0.3277 0.8779 0.3492
vn -0.3271 0.8779 0.3497
vn -0.2346 0.8360 0.4961
vn -0.2069 0.8410 0.5000
vn -0.0548 0.7948 0.6044
vn -0.2071 0.8409 0.5000
vn -0.2075 0.8260 0.5240
vn -0.2436 0.8121 0.5301
vn -0.2070 0.8409 0.5000
vn -0.2346 0.8359 0.4962
vn -0.2436 0.8123 0.5300
vn -0.2075 0.8261 0.5240
vn -0.2066 0.8410 0.5000
vn 0.8187 0.5725 -0.0447
vn 0.8144 0.5732 -0.0905
vn 0.8844 0.4240 0.1950
vn 0.8843 0.4243 0.1950
vn 0.8891 0.3570 0.2865
vn 0.8186 0.5726 -0.0447
vn 0.8842 0.4245 0.1949
vn 0.8146 0.5730 -0.0905
vn 0.7942 0.5999 -0.0965
vn 0.8192 0.5595 -0.1263
vn 0.7942 0.6000 -0.0962
vn 0.8147 0.5729 -0.0901
vn 0.8841 0.4245 0.1952
vn 0.8250 0.5013 0.2609
vn 0.8890 0.3570 0.2867
vn 0.8841 0.4246 0.1950
vn 0.7942 0.6000 -0.0963
vn 0.8251 0.5011 0.2608
vn 0.8194 0.5592 -0.1260
vn 0.8022 0.5834 -0.1270
vn 0.7941 0.6001 -0.0962
vn 0.8304 0.4414 0.3400
vn 0.8891 0.3569 0.2866
vn 0.8250 0.5012 0.2610
vn 0.7263 0.6870 -0.0234
vn 0.8251 0.5012 0.2608
vn 0.7941 0.6001 -0.0965
vn 0.8249 0.5014 0.2610
vn 0.7265 0.6868 -0.0232
vn 0.7390 0.6005 0.3054
vn 0.6184 0.6821 -0.3903
vn 0.7942 0.6000 -0.0961
vn 0.8024 0.5832 -0.1268
vn 0.6185 0.6819 -0.3905
vn 0.7266 0.6867 -0.0233
vn 0.7941 0.6001 -0.0963
vn 0.5019 0.7597 -0.4134
vn 0.5622 0.7557 -0.3360
vn 0.5485 0.6830 -0.4824
vn 0.5627 0.7555 -0.3356
vn 0.5019 0.7596 -0.4136
vn 0.5064 0.8321 -0.2264
vn 0.4661 0.8243 -0.3215
vn 0.5063 0.8321 -0.2265
vn 0.5019 0.7597 -0.4135
vn 0.4659 0.8244 -0.3213
vn 0.4114 0.8847 -0.2192
vn 0.5064 0.8322 -0.2261
vn 0.7265 0.6868 -0.0236
vn 0.5061 0.8323 -0.2262
vn 0.6337 0.7713 0.0596
vn 0.6338 0.7712 0.0595
vn 0.7389 0.6007 0.3053
vn 0.7263 0.6870 -0.0230
vn 0.7390 0.6006 0.3052
vn 0.6336 0.7714 0.0595
vn 0.6430 0.6873 0.3379
vn 0.6430 0.6872 0.3380
vn 0.6774 0.6198 0.3961
vn 0.6775 0.6198 0.3960
vn 0.6432 0.6871 0.3379
vn 0.5885 0.6890 0.4230
vn 0.5520 0.8245 0.1241
vn 0.6337 0.7713 0.0597
vn 0.4410 0.8889 -0.1238
vn 0.5663 0.7364 0.3703
vn 0.5883 0.6893 0.4228
vn 0.6431 0.6872 0.3378
vn 0.6430 0.6874 0.3377
vn 0.5524 0.8243 0.1241
vn 0.5661 0.7365 0.3703
vn 0.5661 0.7364 0.3704
vn 0.4921 0.7726 0.4012
vn 0.5884 0.6893 0.4228
vn 0.5179 0.7285 0.4484
vn 0.5884 0.6892 0.4228
vn 0.4921 0.7726 0.4013
vn 0.4770 0.8616 0.1736
vn 0.5519 0.8246 0.1241
vn 0.3832 0.9224 -0.0482
vn 0.4769 0.8616 0.1738
vn 0.5661 0.7366 0.3702
vn 0.4132 0.8851 0.2142
vn 0.2684 0.9620 0.0499
vn 0.3001 0.9518 -0.0631
vn 0.2412 0.9703 -0.0184
vn 0.4329 0.7913 0.4318
vn 0.4919 0.7727 0.4011
vn 0.3534 0.9029 0.2447
vn 0.4329 0.7914 0.4317
vn 0.3796 0.8070 0.4524
vn 0.4547 0.7524 0.4765
vn 0.3796 0.8070 0.4523
vn 0.3022 0.9126 0.2754
vn 0.4032 0.7621 0.5065
vn 0.4549 0.7523 0.4766
vn 0.3795 0.8071 0.4522
vn 0.2684 0.9620 0.0497
vn 0.2411 0.9703 -0.0185
vn 0.2214 0.9721 0.0773
vn 0.2214 0.9721 0.0772
vn 0.3023 0.9126 0.2754
vn 0.2686 0.9620 0.0496
vn 0.1816 0.9833 0.0131
vn 0.3024 0.9126 0.2751
vn 0.2541 0.9187 0.3024
vn 0.3795 0.8071 0.4523
vn 0.3024 0.9126 0.2752
vn 0.2543 0.9186 0.3026
vn 0.4032 0.7623 0.5063
vn 0.3279 0.8104 0.4855
vn 0.3281 0.8104 0.4853
vn 0.3797 0.8070 0.4523
vn 0.2542 0.9186 0.3025
vn 0.3435 0.7639 0.5463
vn 0.4030 0.7623 0.5065
vn 0.3278 0.8106 0.4853
vn 0.1580 0.9825 0.0988
vn 0.1815 0.9833 0.0130
vn 0.1580 0.9825 0.0990
vn 0.2542 0.9187 0.3024
vn 0.2215 0.9721 0.0770
vn 0.1578 0.9825 0.0990
vn 0.1206 0.9922 0.0312
vn 0.1829 0.9245 0.3343
vn 0.3280 0.8105 0.4852
vn 0.1581 0.9825 0.0988
vn 0.1831 0.9245 0.3344
vn 0.3276 0.8105 0.4855
vn 0.2680 0.8054 0.5287
vn 0.3435 0.7640 0.5461
vn 0.2831 0.7574 0.5883
vn 0.3436 0.7639 0.5462
vn 0.2678 0.8057 0.5283
vn 0.2831 0.7575 0.5883
vn 0.2676 0.8058 0.5282
vn 0.2232 0.7530 0.6191
vn 0.1578 0.9825 0.0991
vn 0.1205 0.9922 0.0311
vn 0.0831 0.9889 0.1228
vn 0.0830 0.9889 0.1229
vn 0.1577 0.9825 0.0990
vn 0.0492 0.9976 0.0495
vn 0.1208 0.9922 0.0311
vn 0.2005 0.7999 0.5657
vn 0.1828 0.9245 0.3344
vn 0.1138 0.9250 0.3624
vn 0.0114 0.9900 0.1406
vn -0.0623 0.9852 0.1598
vn 0.1137 0.9250 0.3625
vn 0.0591 0.7724 0.6324
vn 0.0467 0.9209 0.3871
vn -0.0313 0.9061 0.4220
vn 0.0134 0.6980 0.7160
vn -0.0418 0.7571 0.6519
vn -0.0660 0.7262 0.6844
vn -0.1377 0.8799 0.4548
vn -0.0340 0.7511 0.6593
vn -0.0313 0.9060 0.4220
vn -0.1376 0.8800 0.4547
vn -0.0313 0.9061 0.4219
vn -0.2298 0.9485 0.2182
vn -0.1378 0.8798 0.4549
vn -0.1226 0.7709 0.6250
vn -0.0342 0.7511 0.6593
vn -0.2754 0.9131 0.3008
vn -0.2846 0.9355 0.2095
vn -0.2752 0.9131 0.3008
vn -0.2845 0.9355 0.2097
vn -0.2273 0.8806 0.4157
vn -0.2214 0.8483 0.4810
vn -0.1378 0.8799 0.4548
vn -0.2750 0.9132 0.3007
vn -0.1227 0.7710 0.6250
vn -0.1378 0.8798 0.4548
vn -0.2215 0.8482 0.4812
vn -0.2284 0.8350 0.5006
vn 0.7131 -0.0857 0.6958
vn 0.6291 -0.1378 0.7650
vn 0.3968 -0.2811 0.8738
vn 0.6291 -0.1379 0.7650
vn 0.7130 -0.0855 0.6960
vn 0.5874 -0.0239 0.8089
vn 0.6289 -0.1380 0.7651
vn 0.5875 -0.0237 0.8089
vn 0.3388 -0.3014 0.8913
vn 0.6619 0.0199 0.7493
vn 0.5876 -0.0238 0.8088
vn 0.7128 -0.0857 0.6961
vn 0.5829 0.1134 0.8046
vn 0.4939 0.2217 0.8407
vn 0.4992 0.0892 0.8619
vn 0.2922 -0.3375 0.8948
vn 0.3346 -0.3422 0.8780
vn 0.0209 -0.4562 0.8896
vn 0.0207 -0.4561 0.8897
vn -0.0855 -0.4923 0.8662
vn 0.2923 -0.3372 0.8949
vn -0.1208 -0.3803 0.9170
vn -0.0858 -0.4924 0.8661
vn -0.0335 -0.3397 0.9399
vn -0.0575 -0.1890 0.9803
vn -0.1324 -0.2477 0.9597
vn -0.1208 -0.3801 0.9170
vn 0.2880 -0.1744 0.9416
vn -0.0337 -0.3396 0.9400
vn 0.3389 -0.3014 0.8912
vn -0.0332 -0.3398 0.9399
vn 0.2879 -0.1746 0.9416
vn -0.0572 -0.1892 0.9803
vn 0.2881 -0.1744 0.9416
vn 0.4993 0.0892 0.8618
vn 0.2223 -0.0213 0.9748
vn 0.4994 0.0891 0.8618
vn 0.4083 0.2065 0.8892
vn 0.2220 -0.0216 0.9748
vn 0.4941 0.2217 0.8407
vn 0.4033 0.3151 0.8591
vn 0.4081 0.2066 0.8892
vn 0.1596 0.1008 0.9820
vn -0.0818 -0.0406 0.9958
vn 0.2222 -0.0214 0.9748
vn -0.0819 -0.0407 0.9958
vn 0.1592 0.1006 0.9821
vn -0.1069 0.0731 0.9916
vn 0.1153 0.2012 0.9727
vn 0.3366 0.2924 0.8951
vn 0.0685 0.2732 0.9595
vn 0.3368 0.2924 0.8950
vn 0.2821 0.3649 0.8873
vn 0.3440 0.3740 0.8613
vn 0.4035 0.3151 0.8590
vn -0.1338 0.1580 0.9783
vn 0.0680 0.2732 0.9595
vn 0.0685 0.2735 0.9594
vn 0.2820 0.3650 0.8873
vn 0.0341 0.3413 0.9393
vn 0.0680 0.2731 0.9596
vn 0.0336 0.3416 0.9393
vn -0.1337 0.1578 0.9784
vn 0.2327 0.4257 0.8744
vn 0.3442 0.3739 0.8612
vn 0.2959 0.4447 0.8454
vn -0.1891 0.1124 0.9755
vn -0.1336 0.1579 0.9784
vn -0.1642 0.2321 0.9587
vn -0.1642 0.2320 0.9588
vn -0.1339 0.1578 0.9783
vn 0.0335 0.3415 0.9393
vn 0.0340 0.3416 0.9392
vn 0.2325 0.4259 0.8744
vn 0.0076 0.3872 0.9220
vn 0.0074 0.3870 0.9220
vn -0.1641 0.2320 0.9588
vn 0.0338 0.3411 0.9394
vn -0.1641 0.2318 0.9588
vn -0.1886 0.2882 0.9388
vn -0.2198 0.1869 0.9575
vn -0.1886 0.2878 0.9390
vn -0.1642 0.2320 0.9587
vn 0.0071 0.3871 0.9220
vn -0.2521 0.2495 0.9350
vn -0.1885 0.2878 0.9389
vn 0.2327 0.4260 0.8743
vn 0.1985 0.4785 0.8554
vn 0.1983 0.4785 0.8554
vn 0.0076 0.3873 0.9219
vn 0.2325 0.4257 0.8745
vn 0.2620 0.4976 0.8269
vn 0.1986 0.4786 0.8553
vn 0.2959 0.4444 0.8455
vn 0.0073 0.3872 0.9220
vn -0.0274 0.4378 0.8987
vn -0.1887 0.2879 0.9389
vn 0.0075 0.3874 0.9219
vn 0.1985 0.4787 0.8552
vn -0.0273 0.4379 0.8986
vn -0.2522 0.2497 0.9349
vn -0.2224 0.3386 0.9143
vn -0.2226 0.3387 0.9142
vn -0.0274 0.4380 0.8986
vn -0.2225 0.3387 0.9142
vn -0.2717 0.3811 0.8837
vn -0.2926 0.3020 0.9073
vn -0.3382 0.3497 0.8737
vn -0.2925 0.3018 0.9074
vn -0.2717 0.3813 0.8836
vn -0.3383 0.3499 0.8736
vn -0.2719 0.3814 0.8835
vn -0.3757 0.3905 0.8404
vn 0.1765 0.5279 0.8307
vn 0.1985 0.4786 0.8553
vn 0.2620 0.4977 0.8268
vn 0.1764 0.5280 0.8307
vn -0.0273 0.4382 0.8984
vn 0.1985 0.4784 0.8554
vn 0.2357 0.5580 0.7956
vn -0.3129 0.4335 0.8451
vn -0.3758 0.3905 0.8404
vn -0.2716 0.3812 0.8837
vn -0.3128 0.4337 0.8450
vn -0.2718 0.3814 0.8836
vn -0.0626 0.4917 0.8685
vn 0.0955 0.6967 0.7109
vn 0.1266 0.6446 0.7540
vn 0.1629 0.7186 0.6761
vn 0.1263 0.6446 0.7541
vn 0.0953 0.6968 0.7109
vn -0.0943 0.5510 0.8291
vn 0.1627 0.7190 0.6757
vn 0.1352 0.7713 0.6219
vn 0.0953 0.6969 0.7108
vn -0.4217 0.4381 0.7939
vn -0.3527 0.4802 0.8031
vn -0.4690 0.4737 0.7454
vn -0.1339 0.5994 0.7892
vn -0.0943 0.5510 0.8292
vn 0.0955 0.6967 0.7110
vn -0.1341 0.5991 0.7894
vn -0.3524 0.4802 0.8033
vn -0.0945 0.5508 0.8292
vn 0.0648 0.7509 0.6572
vn 0.0955 0.6968 0.7108
vn 0.1349 0.7710 0.6224
vn 0.0647 0.7508 0.6574
vn -0.1339 0.5993 0.7893
vn 0.0650 0.7509 0.6572
vn 0.1349 0.7713 0.6221
vn 0.1065 0.8185 0.5645
vn -0.3976 0.5229 0.7540
vn -0.4691 0.4736 0.7455
vn -0.3526 0.4804 0.8031
vn -0.3976 0.5230 0.7539
vn -0.3525 0.4802 0.8032
vn -0.1341 0.5992 0.7893
vn -0.1690 0.6501 0.7408
vn -0.1338 0.5993 0.7892
vn 0.0648 0.7508 0.6574
vn -0.3976 0.5230 0.7540
vn -0.1341 0.5993 0.7892
vn -0.1690 0.6497 0.7412
vn 0.0649 0.7509 0.6573
vn 0.0174 0.8073 0.5899
vn -0.1687 0.6500 0.7410
vn -0.2206 0.7140 0.6644
vn -0.1689 0.6500 0.7409
vn 0.0175 0.8071 0.5901
vn -0.0771 0.8243 0.5608
vn 0.0175 0.8073 0.5899
vn 0.0120 0.8360 0.5485
vn -0.0770 0.8243 0.5609
vn 0.0118 0.8360 0.5486
vn -0.1970 0.7807 0.5931
vn -0.0771 0.8244 0.5608
vn -0.1969 0.7808 0.5930
vn -0.2502 0.7814 0.5717
vn -0.4138 0.6558 0.6314
vn -0.4787 0.5892 0.6509
vn -0.4390 0.5774 0.6884
vn -0.4784 0.5892 0.6511
vn -0.4137 0.6558 0.6315
vn -0.3123 0.7227 0.6166
vn -0.2901 0.7604 0.5811
vn -0.3122 0.7229 0.6164
vn -0.4137 0.6556 0.6317
vn -0.4138 0.6556 0.6316
vn -0.2669 0.7617 0.5903
vn -0.2900 0.7603 0.5813
vn -0.2817 0.7869 0.5491
vn -0.2899 0.7605 0.5810
vn -0.2668 0.7619 0.5902
vn 0.9702 -0.2148 -0.1119
vn 0.9672 -0.2457 -0.0641
vn 0.9422 -0.3305 0.0548
vn 0.9851 -0.1534 -0.0783
vn 0.9814 -0.1900 -0.0261
vn 0.9702 -0.2149 -0.1116
vn 0.9938 -0.1028 0.0420
vn 0.9610 -0.2018 0.1891
vn 0.9815 -0.1896 -0.0259
vn 0.9974 -0.0721 -0.0007
vn 0.9938 -0.1032 0.0419
vn 0.9851 -0.1533 -0.0783
vn 0.9599 -0.0947 0.2640
vn 0.8982 -0.2053 0.3888
vn 0.9610 -0.2019 0.1892
vn 0.9938 -0.1028 0.0419
vn 0.9597 -0.0947 0.2644
vn 0.9610 -0.2016 0.1891
vn 0.9938 -0.1027 0.0421
vn 0.9974 -0.0723 -0.0007
vn 0.9929 -0.0075 0.1186
vn 0.9969 0.0229 0.0758
vn 0.9929 -0.0072 0.1185
vn 0.9974 -0.0720 -0.0006
vn 0.9929 -0.0071 0.1185
vn 0.9969 0.0229 0.0757
vn 0.9733 0.1049 0.2040
vn 0.9929 -0.0076 0.1185
vn 0.9733 0.1050 0.2039
vn 0.9598 -0.0944 0.2643
vn 0.9796 0.1326 0.1509
vn 0.9395 0.2487 0.2356
vn 0.9733 0.1053 0.2039
vn 0.8981 -0.2054 0.3888
vn 0.9598 -0.0947 0.2643
vn 0.8808 -0.0950 0.4639
vn 0.8807 -0.0951 0.4640
vn 0.8157 -0.0062 0.5785
vn 0.8561 -0.1273 0.5008
vn 0.8944 0.1393 0.4251
vn 0.9386 0.0111 0.3448
vn 0.9323 0.2253 0.2830
vn 0.8807 -0.0950 0.4640
vn 0.9385 0.0110 0.3451
vn 0.8379 0.0327 0.5449
vn 0.8943 0.1392 0.4252
vn 0.9386 0.0110 0.3450
vn 0.8379 0.0328 0.5448
vn 0.8156 -0.0063 0.5786
vn 0.8944 0.1394 0.4250
vn 0.9323 0.2252 0.2831
vn 0.8342 0.2520 0.4906
vn 0.8725 0.3347 0.3559
vn 0.8341 0.2521 0.4907
vn 0.8158 -0.0063 0.5784
vn 0.8379 0.0328 0.5449
vn 0.7820 0.1498 0.6050
vn 0.7817 0.1502 0.6053
vn 0.8379 0.0329 0.5448
vn 0.8342 0.2518 0.4906
vn 0.7677 0.1096 0.6313
vn 0.8157 -0.0061 0.5785
vn 0.7818 0.1502 0.6052
vn 0.7087 0.2108 0.6733
vn 0.7680 0.1096 0.6310
vn 0.7255 0.2450 0.6431
vn 0.8059 0.4217 0.4155
vn 0.7735 0.3429 0.5330
vn 0.8725 0.3348 0.3558
vn 0.6681 0.5797 0.4664
vn 0.6019 0.6403 0.4772
vn 0.6455 0.4780 0.5957
vn 0.6454 0.4779 0.5958
vn 0.5763 0.5363 0.6167
vn 0.5849 0.3764 0.7185
vn 0.5764 0.5363 0.6166
vn 0.6457 0.4778 0.5957
vn 0.6019 0.6403 0.4773
vn 0.6020 0.6404 0.4770
vn 0.5276 0.6997 0.4817
vn 0.5762 0.5363 0.6167
vn 0.5349 0.7297 0.4258
vn 0.4658 0.7774 0.4228
vn 0.5277 0.6996 0.4817
vn 0.5079 0.4262 0.7485
vn 0.4792 0.3956 0.7835
vn 0.5848 0.3766 0.7184
vn 0.5080 0.4264 0.7484
vn 0.5763 0.5362 0.6168
vn 0.4792 0.3957 0.7835
vn 0.5080 0.4263 0.7484
vn 0.4068 0.4324 0.8047
vn 0.4974 0.5912 0.6349
vn 0.5764 0.5361 0.6167
vn 0.3576 0.5101 0.7823
vn 0.4287 0.4713 0.7708
vn 0.4976 0.5907 0.6351
vn 0.3313 0.4660 0.8204
vn 0.3578 0.5100 0.7822
vn 0.2752 0.4956 0.8238
vn 0.4592 0.7481 0.4792
vn 0.4049 0.8106 0.4230
vn 0.3859 0.7851 0.4844
vn 0.4590 0.7482 0.4792
vn 0.3860 0.7851 0.4844
vn 0.4264 0.6367 0.6425
vn 0.4048 0.8107 0.4229
vn 0.3534 0.8049 0.4767
vn 0.3863 0.7849 0.4846
vn 0.2751 0.4954 0.8239
vn 0.2930 0.5466 0.7845
vn 0.2540 0.5525 0.7938
vn 0.3445 0.6798 0.6474
vn 0.4266 0.6366 0.6425
vn 0.3860 0.7850 0.4845
vn 0.3451 0.6797 0.6473
vn 0.2930 0.5464 0.7846
vn 0.3446 0.6797 0.6475
vn 0.3857 0.7852 0.4845
vn 0.3279 0.7799 0.5331
vn 0.3279 0.7800 0.5331
vn 0.3133 0.7270 0.6110
vn 0.2810 0.7174 0.6375
vn 0.2745 0.7025 0.6566
vn 0.2906 0.6721 0.6811
vn 0.2604 0.6088 0.7493
vn 0.2605 0.6088 0.7493
vn 0.3449 0.6798 0.6473
vn 0.2826 0.7097 0.6453
vn 0.2606 0.6087 0.7494
vn 0.2824 0.7098 0.6453
vn 0.2745 0.7025 0.6567
vn 0.2552 0.7206 0.6446
vn 0.2823 0.7097 0.6454
vn 0.2551 0.7209 0.6444
vn 0.2823 0.7096 0.6455
vn 0.2810 0.7171 0.6378
vn 0.6131 0.0146 0.7899
vn 0.6491 0.0174 0.7605
vn 0.4007 -0.1439 0.9048
vn 0.4009 -0.1442 0.9047
vn 0.3097 -0.2080 0.9278
vn 0.6132 0.0148 0.7898
vn 0.6727 -0.0001 0.7399
vn 0.6519 0.0510 0.7566
vn 0.6490 0.0171 0.7606
vn 0.4009 -0.1439 0.9047
vn 0.3440 -0.0556 0.9373
vn 0.3101 -0.2080 0.9277
vn 0.4008 -0.1442 0.9047
vn 0.6518 0.0512 0.7566
vn 0.3441 -0.0557 0.9373
vn 0.6729 -0.0005 0.7398
vn 0.6773 0.0323 0.7350
vn 0.6517 0.0511 0.7567
vn 0.3442 -0.0557 0.9373
vn 0.5886 0.1516 0.7941
vn 0.3059 0.0787 0.9488
vn 0.8357 0.2128 0.5063
vn 0.6521 0.0511 0.7564
vn 0.6774 0.0323 0.7350
vn 0.8355 0.2130 0.5066
vn 0.8733 0.2571 0.4139
vn 0.7826 0.3122 0.5385
vn 0.5887 0.1516 0.7940
vn 0.8358 0.2127 0.5062
vn 0.7827 0.3120 0.5386
vn 0.7828 0.3120 0.5385
vn 0.6951 0.4015 0.5963
vn 0.5886 0.1518 0.7941
vn 0.5888 0.1515 0.7940
vn 0.6950 0.4016 0.5964
vn 0.5075 0.2789 0.8153
vn 0.5077 0.2787 0.8152
vn 0.3058 0.0787 0.9488
vn 0.5887 0.1517 0.7939
vn 0.6552 0.5035 0.5632
vn 0.6008 0.4814 0.6382
vn 0.6949 0.4017 0.5964
vn 0.6951 0.4014 0.5964
vn 0.6008 0.4813 0.6383
vn 0.5076 0.2787 0.8153
vn 0.6553 0.5034 0.5632
vn 0.5702 0.5698 0.5917
vn 0.6008 0.4813 0.6384
vn 0.2019 0.1309 0.9706
vn 0.2591 0.2018 0.9445
vn 0.1580 0.2310 0.9600
vn 0.4327 0.3704 0.8219
vn 0.5075 0.2788 0.8153
vn 0.6007 0.4815 0.6383
vn 0.2107 0.2881 0.9341
vn 0.1670 0.3470 0.9229
vn 0.1240 0.3011 0.9455
vn 0.1670 0.3468 0.9229
vn 0.1665 0.3470 0.9230
vn 0.2104 0.2880 0.9342
vn 0.3146 0.4968 0.8088
vn 0.5233 0.5456 0.6545
vn 0.5702 0.5698 0.5918
vn 0.4621 0.5944 0.6581
vn 0.4618 0.5947 0.6581
vn 0.3148 0.4967 0.8088
vn 0.5229 0.5457 0.6548
vn 0.5070 0.6166 0.6023
vn 0.4621 0.5946 0.6580
vn 0.5703 0.5697 0.5918
vn 0.4063 0.6405 0.6517
vn 0.4620 0.5945 0.6582
vn 0.5069 0.6165 0.6025
vn 0.4061 0.6408 0.6515
vn 0.2669 0.5347 0.8018
vn 0.4619 0.5943 0.6584
vn 0.4062 0.6406 0.6516
vn 0.4437 0.6629 0.6031
vn 0.0827 0.3542 0.9315
vn 0.1240 0.3008 0.9456
vn 0.1198 0.4024 0.9076
vn 0.2255 0.5728 0.7881
vn 0.1198 0.4026 0.9075
vn 0.2669 0.5346 0.8018
vn 0.2668 0.5349 0.8017
vn 0.2263 0.5726 0.7880
vn 0.1197 0.4024 0.9076
vn 0.0760 0.4438 0.8929
vn 0.0826 0.3541 0.9316
vn 0.0761 0.4438 0.8929
vn 0.2259 0.5727 0.7880
vn 0.0329 0.3984 0.9166
vn 0.0759 0.4438 0.8929
vn 0.4062 0.6407 0.6515
vn 0.4436 0.6627 0.6034
vn 0.3575 0.6771 0.6432
vn 0.3575 0.6773 0.6430
vn 0.2262 0.5727 0.7879
vn 0.4062 0.6407 0.6516
vn 0.2257 0.5723 0.7884
vn 0.1842 0.6088 0.7716
vn 0.2260 0.5727 0.7880
vn 0.3576 0.6771 0.6431
vn 0.1848 0.6084 0.7718
vn 0.0328 0.3984 0.9166
vn 0.0758 0.4436 0.8930
vn 0.0239 0.4774 0.8784
vn 0.3145 0.7198 0.6188
vn 0.3942 0.7066 0.5877
vn 0.3541 0.7517 0.5563
vn -0.0384 0.5056 0.8619
vn 0.0241 0.4772 0.8784
vn 0.1219 0.6545 0.7462
vn -0.0921 0.4566 0.8849
vn -0.0301 0.4287 0.9029
vn -0.0386 0.5058 0.8618
vn 0.2687 0.7664 0.5835
vn 0.1223 0.6544 0.7462
vn 0.3146 0.7198 0.6188
vn 0.3118 0.7955 0.5197
vn 0.2686 0.7664 0.5835
vn 0.3541 0.7516 0.5565
vn 0.3118 0.7953 0.5199
vn 0.2601 0.8335 0.4874
vn 0.2684 0.7664 0.5836
vn -0.1017 0.5373 0.8372
vn -0.1552 0.4876 0.8592
vn -0.0386 0.5056 0.8619
vn -0.1014 0.5373 0.8372
vn -0.0385 0.5058 0.8618
vn 0.1221 0.6543 0.7463
vn -0.1555 0.4876 0.8591
vn -0.1015 0.5373 0.8373
vn -0.2176 0.5156 0.8287
vn 0.1220 0.6547 0.7460
vn 0.2687 0.7663 0.5836
vn 0.0620 0.6944 0.7169
vn 0.2158 0.8081 0.5481
vn 0.2685 0.7666 0.5833
vn 0.2603 0.8336 0.4873
vn 0.2159 0.8083 0.5478
vn 0.0618 0.6943 0.7170
vn -0.2387 0.5950 0.7675
vn 0.0036 0.7289 0.6846
vn -0.0673 0.7643 0.6414
vn -0.0677 0.7641 0.6415
vn 0.0035 0.7288 0.6847
vn 0.1010 0.8839 0.4567
vn -0.3094 0.6303 0.7120
vn -0.3570 0.5599 0.7477
vn -0.2384 0.5951 0.7675
vn -0.0675 0.7643 0.6414
vn -0.3095 0.6302 0.7121
vn -0.3571 0.5599 0.7477
vn -0.3093 0.6303 0.7121
vn -0.3616 0.6284 0.6887
vn 0.0186 0.9126 0.4083
vn 0.0983 0.8855 0.4541
vn 0.0864 0.9336 0.3478
vn 0.0985 0.8854 0.4542
vn 0.0192 0.9126 0.4085
vn -0.0675 0.7642 0.6415
vn -0.0105 0.9330 0.3598
vn 0.0190 0.9125 0.4086
vn -0.3285 0.7005 0.6336
vn -0.3618 0.6282 0.6888
vn -0.3096 0.6302 0.7120
vn -0.3617 0.6282 0.6889
vn -0.3287 0.7004 0.6336
vn -0.2503 0.7810 0.5722
vn -0.2562 0.8143 0.5209
vn -0.2504 0.7812 0.5719
vn -0.3284 0.7007 0.6334
vn -0.1514 0.8026 0.5770
vn -0.0676 0.7642 0.6414
vn 0.0191 0.9126 0.4084
vn -0.1512 0.8026 0.5771
vn -0.3286 0.7005 0.6335
vn -0.3096 0.6301 0.7121
vn -0.0841 0.9065 0.4137
vn 0.0190 0.9126 0.4084
vn -0.0101 0.9329 0.3599
vn -0.1514 0.8025 0.5771
vn -0.0839 0.9065 0.4138
vn -0.0837 0.9065 0.4139
vn -0.0102 0.9329 0.3599
vn -0.1695 0.8538 0.4922
vn -0.2306 0.8254 0.5153
vn -0.1516 0.8026 0.5769
vn -0.0838 0.9065 0.4139
vn -0.3284 0.7005 0.6336
vn -0.2304 0.8256 0.5151
vn -0.2562 0.8145 0.5205
vn -0.7701 0.3708 -0.5190
vn -0.7919 0.3232 -0.5181
vn -0.5538 0.4960 -0.6689
vn -0.5537 0.4963 -0.6686
vn -0.5568 0.5817 -0.5930
vn -0.4545 0.5293 -0.7164
vn -0.8158 0.3072 -0.4899
vn -0.8395 0.3037 -0.4505
vn -0.9589 0.1119 -0.2609
vn -0.9590 0.1116 -0.2606
vn -0.9834 0.0310 -0.1788
vn -0.9650 0.1920 -0.1785
vn -0.7948 0.5378 -0.2813
vn -0.5740 0.6645 -0.4785
vn -0.8108 0.4324 -0.3944
vn -0.5742 0.6644 -0.4784
vn -0.7947 0.5378 -0.2813
vn -0.5869 0.7273 -0.3558
vn -0.5742 0.6645 -0.4783
vn -0.5868 0.7273 -0.3560
vn -0.5123 0.7463 -0.4249
vn -0.7687 0.6110 -0.1894
vn -0.8677 0.4965 0.0265
vn -0.7377 0.6660 -0.1108
vn -0.7087 0.7038 -0.0491
vn -0.5729 0.7776 -0.2593
vn -0.7377 0.6660 -0.1106
vn -0.8677 0.4964 0.0267
vn -0.7084 0.7040 -0.0493
vn -0.5569 0.8092 -0.1875
vn -0.5729 0.7775 -0.2594
vn -0.7086 0.7039 -0.0491
vn -0.7954 0.5897 0.1399
vn -0.8617 0.4935 0.1177
vn -0.8245 0.5398 0.1698
vn -0.5306 0.8383 -0.1256
vn -0.5570 0.8091 -0.1874
vn -0.6750 0.7377 0.0126
vn -0.5056 0.8291 -0.2387
vn -0.5566 0.8094 -0.1874
vn -0.5307 0.8382 -0.1260
vn -0.4848 0.8584 -0.1680
vn -0.5305 0.8383 -0.1257
vn -0.7632 0.6196 0.1836
vn -0.6477 0.7598 0.0567
vn -0.7952 0.5900 0.1398
vn -0.7933 0.5663 0.2234
vn -0.7632 0.6195 0.1836
vn -0.8244 0.5400 0.1697
vn -0.4515 0.8848 -0.1149
vn -0.5068 0.8591 -0.0723
vn -0.4662 0.8843 -0.0238
vn -0.4661 0.8844 -0.0238
vn -0.6161 0.7807 0.1049
vn -0.4153 0.9092 0.0294
vn -0.3593 0.9331 -0.0133
vn -0.4062 0.9117 -0.0620
vn -0.4153 0.9092 0.0297
vn -0.7344 0.6354 0.2385
vn -0.6161 0.7806 0.1051
vn -0.7631 0.6196 0.1836
vn -0.7342 0.6357 0.2382
vn -0.7932 0.5665 0.2234
vn -0.7640 0.5789 0.2850
vn -0.5811 0.7971 0.1640
vn -0.4153 0.9092 0.0296
vn -0.6161 0.7807 0.1050
vn -0.3615 0.9286 0.0831
vn -0.3106 0.9499 0.0356
vn -0.3107 0.9499 0.0353
vn -0.3615 0.9287 0.0831
vn -0.2500 0.9641 0.0889
vn -0.7345 0.6356 0.2380
vn -0.7640 0.5788 0.2852
vn -0.6990 0.6471 0.3046
vn -0.6417 0.6046 0.4719
vn -0.5979 0.5994 0.5322
vn -0.6114 0.6617 0.4340
vn -0.3613 0.9287 0.0829
vn -0.5318 0.8163 0.2254
vn -0.3117 0.9403 0.1369
vn -0.4835 0.8291 0.2807
vn -0.5321 0.8160 0.2257
vn -0.6114 0.6619 0.4337
vn -0.6115 0.6618 0.4337
vn -0.5604 0.6634 0.4959
vn -0.4833 0.8292 0.2808
vn -0.5602 0.6634 0.4962
vn -0.5407 0.5985 0.5911
vn -0.2548 0.9490 0.1854
vn -0.3111 0.9404 0.1373
vn -0.4833 0.8294 0.2803
vn -0.2543 0.9492 0.1856
vn -0.4252 0.8383 0.3413
vn -0.5604 0.6633 0.4959
vn -0.4945 0.6673 0.5569
vn -0.4250 0.8384 0.3414
vn -0.5407 0.5986 0.5911
vn -0.4608 0.6532 0.6008
vn -0.4944 0.6674 0.5569
vn -0.1826 0.9187 0.3501
vn -0.1422 0.9508 0.2752
vn -0.1884 0.9478 0.2572
vn -0.3480 0.8373 0.4218
vn -0.1826 0.9188 0.3499
vn -0.1882 0.9478 0.2573
vn -0.1421 0.9508 0.2753
vn -0.2576 0.8669 0.4268
vn -0.2533 0.8387 0.4821
vn -0.2578 0.8667 0.4270
vn -0.1825 0.9188 0.3499
vn -0.3480 0.8373 0.4217
vn -0.2744 0.8318 0.4825
vn -0.1823 0.9188 0.3502
vn -0.2745 0.8318 0.4825
vn -0.2533 0.8387 0.4820
vn -0.2739 0.8320 0.4824
vn -0.3480 0.8374 0.4215
vn -0.3990 0.7165 0.5722
vn -0.3990 0.7166 0.5721
vn -0.2749 0.8173 0.5065
vn -0.2742 0.8319 0.4824
vn -0.2372 0.8263 0.5109
vn -0.2535 0.8386 0.4823
vn -0.2746 0.8316 0.4827
vn -0.2369 0.8263 0.5109
vn -0.2750 0.8170 0.5068
vn 0.5322 0.6264 0.5696
vn 0.4520 0.8406 0.2985
vn 0.4464 0.6341 0.6313
vn 0.3182 0.9480 -0.0084
vn 0.4519 0.8407 0.2982
vn 0.4323 0.8979 -0.0831
vn 0.5322 0.6263 0.5696
vn 0.6495 0.5693 0.5041
vn 0.4520 0.8406 0.2984
vn 0.5832 0.7814 0.2222
vn 0.4327 0.8977 -0.0832
vn 0.4519 0.8407 0.2983
vn 0.5832 0.7813 0.2223
vn 0.6495 0.5693 0.5040
vn 0.5829 0.7815 0.2223
vn 0.5652 0.8082 -0.1655
vn 0.4327 0.8977 -0.0834
vn 0.6497 0.5693 0.5039
vn 0.7750 0.4882 0.4013
vn 0.5832 0.7813 0.2224
vn 0.5830 0.7815 0.2222
vn 0.7181 0.6850 0.1228
vn 0.7751 0.4881 0.4013
vn 0.7180 0.6851 0.1228
vn 0.5833 0.7812 0.2226
vn 0.5652 0.8082 -0.1656
vn 0.7184 0.6848 0.1225
vn 0.6646 0.6882 -0.2909
vn 0.7750 0.4881 0.4014
vn 0.8809 0.3588 0.3087
vn 0.7181 0.6851 0.1227
vn 0.8285 0.5598 0.0105
vn 0.6646 0.6882 -0.2910
vn 0.7182 0.6849 0.1227
vn 0.8286 0.5598 0.0108
vn 0.7180 0.6851 0.1226
vn 0.8808 0.3589 0.3089
vn 0.8286 0.5598 0.0107
vn 0.7191 0.5232 -0.4573
vn 0.6647 0.6882 -0.2909
vn 0.8287 0.5597 0.0110
vn 0.9227 0.3617 -0.1332
vn 0.7191 0.5234 -0.4571
vn 0.9634 0.1476 0.2238
vn 0.9227 0.3616 -0.1333
vn 0.8286 0.5597 0.0104
vn 0.7191 0.5236 -0.4568
vn 0.9228 0.3616 -0.1330
vn 0.9499 0.0981 -0.2969
vn 0.9499 0.0981 -0.2967
vn 0.9228 0.3616 -0.1329
vn 0.9634 0.1474 0.2238
vn 0.6828 0.3068 -0.6630
vn 0.7192 0.5234 -0.4569
vn 0.9499 0.0980 -0.2969
vn 0.9499 0.0982 -0.2967
vn 0.9635 0.1476 0.2235
vn 0.9770 -0.1384 0.1621
vn 0.6829 0.3069 -0.6629
vn 0.9499 0.0983 -0.2967
vn 0.8920 0.0170 -0.4516
vn 0.9499 0.0984 -0.2968
vn 0.9770 -0.1385 0.1621
vn 0.9624 -0.0790 -0.2600
vn 0.9331 -0.0324 -0.3583
vn 0.8919 0.0165 -0.4519
vn 0.9500 0.0979 -0.2967
vn 0.9331 -0.0328 -0.3580
vn 0.9624 -0.0786 -0.2602
vn -0.3600 -0.7193 0.5941
vn -0.4616 -0.7091 0.5330
vn -0.6662 -0.6629 0.3417
vn -0.6861 -0.6707 0.2818
vn -0.6724 -0.6614 0.3321
vn -0.4619 -0.7090 0.5328
vn -0.4616 -0.7090 0.5331
vn -0.3598 -0.7192 0.5944
vn -0.5007 -0.6151 0.6091
vn -0.4617 -0.7090 0.5330
vn -0.7105 -0.6390 0.2947
vn -0.6859 -0.6709 0.2818
vn -0.4619 -0.7090 0.5329
vn -0.5008 -0.6150 0.6091
vn -0.7108 -0.6386 0.2947
vn -0.4039 -0.6310 0.6623
vn -0.5005 -0.6152 0.6091
vn -0.3600 -0.7193 0.5942
vn -0.6866 -0.6810 0.2545
vn -0.6859 -0.6708 0.2821
vn -0.7107 -0.6387 0.2949
vn -0.8564 -0.5163 0.0009
vn -0.8796 -0.4648 -0.1017
vn -0.7373 -0.6304 0.2429
vn -0.8564 -0.5163 0.0012
vn -0.9054 -0.4210 0.0549
vn -0.8795 -0.4649 -0.1015
vn -0.9251 -0.3783 -0.0336
vn -0.8795 -0.4650 -0.1017
vn -0.9055 -0.4208 0.0548
vn -0.7577 -0.5369 0.3709
vn -0.7572 -0.5371 0.3716
vn -0.7107 -0.6387 0.2948
vn -0.5007 -0.6152 0.6090
vn -0.5626 -0.4812 0.6723
vn -0.7577 -0.5368 0.3711
vn -0.9389 -0.3011 0.1666
vn -0.9728 -0.1635 0.1638
vn -0.9564 -0.2857 0.0611
vn -0.8023 -0.3834 0.4575
vn -0.9389 -0.3012 0.1666
vn -0.7576 -0.5370 0.3712
vn -0.9485 -0.1745 0.2644
vn -0.9728 -0.1635 0.1639
vn -0.9390 -0.3009 0.1665
vn -0.9389 -0.3011 0.1667
vn -0.8023 -0.3836 0.4574
vn -0.9487 -0.1742 0.2640
vn -0.9728 -0.1638 0.1640
vn -0.9486 -0.1740 0.2643
vn -0.9665 -0.0456 0.2525
vn -0.9384 -0.0540 0.3412
vn -0.9666 -0.0456 0.2523
vn -0.9486 -0.1741 0.2641
vn -0.9465 0.0668 0.3156
vn -0.9666 -0.0457 0.2523
vn -0.9384 -0.0539 0.3412
vn -0.8162 -0.2387 0.5261
vn -0.9487 -0.1742 0.2639
vn -0.8023 -0.3835 0.4574
vn -0.9486 -0.1744 0.2642
vn -0.8161 -0.2387 0.5263
vn -0.9384 -0.0538 0.3413
vn -0.8162 -0.2386 0.5262
vn -0.8025 -0.3831 0.4575
vn -0.6163 -0.3302 0.7149
vn -0.8150 -0.1115 0.5687
vn -0.9383 -0.0538 0.3415
vn -0.8162 -0.2388 0.5262
vn -0.6328 -0.0822 0.7700
vn -0.7998 0.0002 0.6003
vn -0.6297 -0.1938 0.7523
vn -0.5775 -0.1095 0.8090
vn -0.6328 -0.0822 0.7699
vn -0.5660 -0.2289 0.7920
vn -0.7998 0.0003 0.6003
vn -0.6327 -0.0821 0.7700
vn -0.7789 0.0888 0.6209
vn -0.8000 0.0005 0.6000
vn -0.7790 0.0885 0.6208
vn -0.9201 0.0546 0.3879
vn -0.6234 0.0193 0.7817
vn -0.6328 -0.0821 0.7700
vn -0.5776 -0.1094 0.8089
vn -0.6233 0.0192 0.7817
vn -0.7789 0.0889 0.6208
vn -0.6326 -0.0821 0.7701
vn -0.6235 0.0193 0.7816
vn -0.5693 -0.0077 0.8221
vn -0.8981 0.1421 0.4162
vn -0.9201 0.0545 0.3879
vn -0.7791 0.0886 0.6206
vn -0.8980 0.1423 0.4163
vn -0.8704 0.2178 0.4415
vn -0.9213 0.1557 0.3563
vn -0.8994 0.2315 0.3709
vn -0.9213 0.1554 0.3565
vn -0.8705 0.2180 0.4413
vn -0.7573 0.1587 0.6334
vn -0.6053 0.1006 0.7896
vn -0.7366 0.2284 0.6366
vn -0.8994 0.2317 0.3708
vn -0.8506 0.2878 0.4400
vn -0.8506 0.2877 0.4400
vn -0.8190 0.3672 0.4409
vn -0.8757 0.3066 0.3730
vn -0.8192 0.3669 0.4407
vn -0.8507 0.2879 0.4398
vn -0.7017 0.3012 0.6457
vn -0.8473 0.3852 0.3655
vn -0.8738 0.3115 0.3735
vn -0.8191 0.3670 0.4410
vn -0.4821 0.2140 0.8496
vn -0.5440 0.2363 0.8051
vn -0.5182 0.1475 0.8424
vn -0.4821 0.2139 0.8496
vn -0.4442 0.2745 0.8528
vn -0.5441 0.2362 0.8051
vn -0.7897 0.4332 0.4345
vn -0.8141 0.4515 0.3652
vn -0.8191 0.3669 0.4410
vn -0.8141 0.4515 0.3651
vn -0.7896 0.4333 0.4345
vn -0.7776 0.5174 0.3573
vn -0.7896 0.4335 0.4343
vn -0.8191 0.3671 0.4408
vn -0.6681 0.3740 0.6432
vn -0.5055 0.3021 0.8082
vn -0.5054 0.3018 0.8084
vn -0.6679 0.3740 0.6434
vn -0.5440 0.2362 0.8051
vn -0.4079 0.3414 0.8468
vn -0.4440 0.2746 0.8529
vn -0.4632 0.3675 0.8065
vn -0.5054 0.3019 0.8083
vn -0.4080 0.3414 0.8467
vn -0.7204 0.5597 0.4095
vn -0.7461 0.5742 0.3372
vn -0.7537 0.4997 0.4270
vn -0.7204 0.5598 0.4094
vn -0.7537 0.4998 0.4267
vn -0.6343 0.4350 0.6391
vn -0.7204 0.5598 0.4095
vn -0.6344 0.4349 0.6390
vn -0.5956 0.4995 0.6291
vn -0.4215 0.4213 0.8030
vn -0.3196 0.4525 0.8325
vn -0.3753 0.4953 0.7835
vn -0.4217 0.4212 0.8029
vn -0.5957 0.4994 0.6291
vn -0.3198 0.4525 0.8325
vn -0.3352 0.5160 0.7883
vn -0.3751 0.4953 0.7836
vn -0.3822 0.5673 0.7294
vn -0.4617 0.6081 0.6458
vn -0.4640 0.6475 0.6045
vn -0.5944 0.6651 0.4520
vn -0.6454 0.6674 0.3715
vn -0.6626 0.6327 0.4009
vn -0.5402 0.5778 0.6118
vn -0.5946 0.6650 0.4519
vn -0.6626 0.6326 0.4009
vn -0.6452 0.6675 0.3717
vn -0.5947 0.6649 0.4519
vn -0.5338 0.6420 0.5503
vn -0.4849 0.6431 0.5926
vn -0.5403 0.5780 0.6116
vn -0.3822 0.5674 0.7294
vn -0.4641 0.6475 0.6044
vn -0.4850 0.6431 0.5926
vn -0.2271 0.2761 -0.9339
vn -0.1188 0.3215 -0.9394
vn 0.1585 0.3874 -0.9082
vn 0.2023 0.3780 -0.9034
vn 0.1587 0.3875 -0.9081
vn -0.1191 0.3217 -0.9393
vn -0.1188 0.3216 -0.9394
vn -0.2271 0.2759 -0.9340
vn -0.1624 0.4235 -0.8912
vn -0.1184 0.3216 -0.9395
vn 0.2155 0.4101 -0.8862
vn 0.2023 0.3782 -0.9034
vn -0.1189 0.3216 -0.9394
vn -0.1622 0.4236 -0.8912
vn 0.2152 0.4100 -0.8863
vn -0.2595 0.3814 -0.8872
vn -0.1626 0.4236 -0.8912
vn -0.2269 0.2759 -0.9340
vn 0.5304 0.4166 -0.7383
vn 0.6256 0.4001 -0.6697
vn 0.2715 0.4067 -0.8723
vn 0.5305 0.4165 -0.7383
vn 0.5079 0.5285 -0.6802
vn 0.6255 0.4002 -0.6698
vn 0.5967 0.5135 -0.6166
vn 0.6253 0.4004 -0.6698
vn 0.5080 0.5285 -0.6802
vn 0.1797 0.5339 -0.8262
vn 0.5081 0.5285 -0.6801
vn 0.2158 0.4098 -0.8863
vn -0.1623 0.4235 -0.8912
vn -0.1824 0.5647 -0.8049
vn 0.1799 0.5336 -0.8264
vn 0.1797 0.5336 -0.8264
vn 0.1239 0.6756 -0.7268
vn -0.1823 0.5647 -0.8049
vn -0.1920 0.6934 -0.6945
vn 0.1237 0.6755 -0.7269
vn 0.0739 0.7829 -0.6178
vn -0.1920 0.6935 -0.6944
vn -0.2120 0.7811 -0.5874
vn -0.1921 0.6936 -0.6943
vn -0.2901 0.7305 -0.6183
vn -0.1920 0.6936 -0.6943
vn -0.2122 0.7809 -0.5875
vn 0.0740 0.7828 -0.6179
vn -0.2899 0.7306 -0.6182
vn -0.3053 0.8026 -0.5124
vn -0.2120 0.7810 -0.5874
vn 0.2898 0.8584 -0.4234
vn 0.2374 0.9106 -0.3382
vn 0.3670 0.8411 -0.3974
vn 0.2374 0.9106 -0.3383
vn 0.2897 0.8583 -0.4236
vn -0.0029 0.9096 -0.4155
vn 0.3071 0.8979 -0.3154
vn 0.3667 0.8413 -0.3973
vn 0.2373 0.9107 -0.3382
vn -0.0032 0.9095 -0.4156
vn -0.2302 0.8447 -0.4832
vn -0.0318 0.9453 -0.3248
vn 0.3069 0.8980 -0.3153
vn 0.2375 0.9106 -0.3382
vn 0.1921 0.9481 -0.2535
vn 0.1944 0.9484 -0.2504
vn -0.0311 0.9454 -0.3245
vn 0.2621 0.9370 -0.2309
vn 0.3068 0.8980 -0.3154
vn 0.1920 0.9481 -0.2535
vn -0.2515 0.8804 -0.4020
vn -0.0313 0.9453 -0.3248
vn -0.2302 0.8448 -0.4831
vn 0.1366 0.9840 -0.1141
vn 0.1568 0.9699 -0.1863
vn -0.0800 0.9777 -0.1942
vn 0.2066 0.9753 -0.0778
vn 0.2239 0.9616 -0.1587
vn 0.1365 0.9840 -0.1142
vn -0.2964 0.9217 -0.2502
vn -0.2756 0.9060 -0.3212
vn -0.3367 0.8766 -0.3437
vn -0.2964 0.9218 -0.2499
vn -0.0801 0.9777 -0.1942
vn -0.2754 0.9061 -0.3213
vn -0.2963 0.9218 -0.2499
vn -0.3368 0.8766 -0.3437
vn -0.3685 0.8908 -0.2658
vn -0.1096 0.9875 -0.1132
vn 0.1365 0.9840 -0.1141
vn -0.0801 0.9777 -0.1941
vn -0.0802 0.9777 -0.1943
vn -0.2963 0.9218 -0.2498
vn -0.1094 0.9875 -0.1135
vn 0.1182 0.9925 -0.0325
vn 0.2067 0.9753 -0.0775
vn 0.1182 0.9924 -0.0328
vn 0.1365 0.9841 -0.1141
vn -0.1093 0.9875 -0.1135
vn 0.1878 0.9822 0.0042
vn 0.2067 0.9753 -0.0777
vn -0.3315 0.9266 -0.1777
vn -0.1096 0.9875 -0.1135
vn -0.2965 0.9218 -0.2497
vn 0.1018 0.9938 0.0443
vn 0.1711 0.9829 0.0677
vn 0.1184 0.9924 -0.0328
vn 0.1711 0.9829 0.0679
vn 0.1016 0.9938 0.0445
vn 0.1563 0.9776 0.1407
vn 0.1015 0.9938 0.0445
vn 0.1181 0.9924 -0.0330
vn -0.1324 0.9904 -0.0405
vn 0.1437 0.9671 0.2099
vn 0.0641 0.9802 0.1875
vn 0.1203 0.9528 0.2787
vn -0.1534 0.9878 0.0281
vn 0.0805 0.9903 0.1128
vn -0.1324 0.9904 -0.0403
vn -0.1533 0.9878 0.0281
vn -0.1323 0.9904 -0.0404
vn -0.3858 0.9219 -0.0353
vn 0.0640 0.9802 0.1874
vn 0.0809 0.9903 0.1131
vn -0.1533 0.9878 0.0282
vn -0.4145 0.9094 0.0335
vn -0.3854 0.9221 -0.0351
vn -0.4858 0.8740 0.0130
vn -0.3859 0.9219 -0.0354
vn -0.1531 0.9878 0.0284
vn -0.4144 0.9095 0.0335
vn -0.4856 0.8741 0.0133
vn -0.5038 0.8607 0.0735
vn 0.0346 0.9637 0.2649
vn 0.1205 0.9527 0.2788
vn 0.0641 0.9802 0.1874
vn 0.1204 0.9527 0.2791
vn 0.0344 0.9637 0.2648
vn 0.0468 0.9490 0.3118
vn -0.4319 0.8943 0.1170
vn -0.4142 0.9096 0.0335
vn -0.5041 0.8605 0.0733
vn -0.4146 0.9094 0.0333
vn -0.4318 0.8944 0.1170
vn -0.1722 0.9793 0.1067
vn -0.0431 0.9524 0.3017
vn 0.0471 0.9489 0.3120
vn 0.0340 0.9637 0.2650
vn 0.0470 0.9489 0.3120
vn -0.0434 0.9525 0.3015
vn -0.1594 0.9492 0.2712
vn -0.2107 0.9315 0.2965
vn -0.1593 0.9493 0.2711
vn -0.0435 0.9525 0.3013
vn -0.2043 0.9584 0.1991
vn -0.1723 0.9793 0.1063
vn -0.2044 0.9584 0.1991
vn -0.0434 0.9525 0.3016
vn 0.0345 0.9637 0.2648
vn -0.3902 0.8992 0.1980
vn -0.4316 0.8945 0.1171
vn -0.4604 0.8749 0.1502
vn -0.2042 0.9585 0.1991
vn -0.4318 0.8944 0.1168
vn -0.3900 0.8993 0.1980
vn -0.3901 0.8993 0.1978
vn -0.4604 0.8749 0.1505
vn -0.2768 0.9311 0.2375
vn -0.2765 0.9312 0.2377
vn -0.2506 0.9260 0.2825
vn -0.2251 0.9344 0.2762
vn -0.2043 0.9585 0.1991
vn -0.3900 0.8993 0.1978
vn -0.3904 0.8992 0.1977
vn -0.2506 0.9260 0.2824
vn -0.2242 0.9345 0.2766
vn -0.0431 0.9525 0.3015
vn -0.2245 0.9345 0.2764
vn -0.2110 0.9315 0.2964
vn -0.2363 0.9193 0.3148
vn -0.2303 0.9342 0.2724
vn -0.2505 0.9259 0.2828
vn -0.2358 0.9194 0.3148
vn -0.2109 0.9315 0.2964
vn -0.2245 0.9344 0.2765
vn 0.0311 -0.6434 0.7649
vn -0.1547 -0.6670 0.7289
vn -0.1365 -0.6888 0.7120
vn -0.1361 -0.6886 0.7122
vn 0.0313 -0.6434 0.7649
vn -0.1717 -0.6863 0.7067
vn -0.1533 -0.6904 0.7070
vn -0.3238 -0.6750 0.6630
vn -0.1548 -0.6670 0.7288
vn -0.1803 -0.5675 0.8034
vn -0.3240 -0.6748 0.6631
vn 0.0308 -0.6435 0.7649
vn -0.1802 -0.5677 0.8033
vn -0.1546 -0.6667 0.7291
vn -0.3866 -0.4547 0.8024
vn -0.4153 -0.5749 0.7050
vn -0.3639 -0.5831 0.7264
vn -0.3867 -0.4547 0.8023
vn -0.3638 -0.5830 0.7265
vn -0.2089 -0.4380 0.8744
vn -0.3865 -0.4546 0.8024
vn -0.4374 -0.4538 0.7764
vn -0.4154 -0.5749 0.7049
vn 0.0163 -0.5552 0.8315
vn 0.0709 -0.5425 0.8371
vn -0.0293 -0.4300 0.9024
vn -0.0295 -0.4300 0.9023
vn -0.2089 -0.4379 0.8744
vn 0.0162 -0.5553 0.8315
vn 0.0258 -0.4175 0.9083
vn -0.0294 -0.4302 0.9023
vn 0.0710 -0.5422 0.8372
vn -0.4037 -0.3211 0.8567
vn -0.4148 -0.1911 0.8896
vn -0.4466 -0.3197 0.8357
vn -0.4035 -0.3210 0.8568
vn -0.2398 -0.3026 0.9225
vn -0.4148 -0.1913 0.8896
vn -0.4464 -0.3196 0.8358
vn -0.4146 -0.1911 0.8897
vn -0.4577 -0.1894 0.8687
vn -0.0297 -0.4301 0.9023
vn 0.0255 -0.4175 0.9083
vn -0.0641 -0.2986 0.9522
vn -0.0290 -0.4301 0.9023
vn -0.0642 -0.2988 0.9522
vn -0.2398 -0.3028 0.9224
vn -0.0114 -0.2962 0.9551
vn -0.0641 -0.2987 0.9522
vn 0.0256 -0.4174 0.9084
vn -0.0643 -0.2983 0.9523
vn -0.0930 -0.1703 0.9810
vn -0.2401 -0.3027 0.9224
vn -0.0401 -0.1689 0.9848
vn -0.0932 -0.1705 0.9809
vn -0.0111 -0.2962 0.9551
vn -0.0933 -0.1703 0.9810
vn -0.0402 -0.1690 0.9848
vn -0.1131 -0.0506 0.9923
vn -0.0670 -0.0488 0.9966
vn -0.1132 -0.0504 0.9923
vn -0.2579 -0.1714 0.9508
vn -0.2734 -0.0469 0.9607
vn -0.2733 -0.0470 0.9608
vn -0.4147 -0.1912 0.8897
vn -0.2574 -0.1715 0.9510
vn -0.1131 -0.0505 0.9923
vn -0.2734 -0.0470 0.9607
vn -0.0931 -0.1702 0.9810
vn -0.4149 -0.1911 0.8896
vn -0.4152 -0.0652 0.9074
vn -0.4148 -0.0652 0.9076
vn -0.4149 -0.1913 0.8895
vn -0.4595 -0.0740 0.8851
vn -0.4578 -0.1894 0.8687
vn -0.4149 -0.0650 0.9075
vn -0.1129 -0.0508 0.9923
vn -0.2754 0.0502 0.9600
vn -0.1301 0.0552 0.9900
vn -0.0670 -0.0490 0.9966
vn -0.1300 0.0551 0.9900
vn -0.0669 -0.0490 0.9966
vn -0.0861 0.0462 0.9952
vn -0.4178 0.0386 0.9077
vn -0.4150 -0.0649 0.9075
vn -0.2755 0.0504 0.9600
vn -0.4559 0.0227 0.8898
vn -0.4596 -0.0739 0.8850
vn -0.4179 0.0385 0.9077
vn -0.2754 0.0506 0.9600
vn -0.1298 0.0551 0.9900
vn -0.2835 0.1259 0.9507
vn -0.2835 0.1260 0.9506
vn -0.4178 0.0385 0.9077
vn -0.4552 0.1134 0.8831
vn -0.4559 0.0226 0.8897
vn -0.4125 0.1113 0.9041
vn -0.2835 0.1261 0.9506
vn -0.2786 0.1867 0.9421
vn -0.4123 0.1113 0.9042
vn -0.2834 0.1261 0.9507
vn -0.1489 0.1331 0.9799
vn -0.2784 0.1871 0.9421
vn -0.1411 0.1987 0.9698
vn -0.1490 0.1328 0.9799
vn -0.1030 0.1348 0.9855
vn -0.1409 0.1986 0.9699
vn -0.2784 0.1873 0.9420
vn -0.1490 0.1330 0.9799
vn -0.1410 0.1988 0.9698
vn -0.1030 0.1347 0.9855
vn -0.0911 0.2134 0.9727
vn -0.2835 0.2554 0.9243
vn -0.4187 0.1802 0.8901
vn -0.2787 0.1871 0.9420
vn -0.2784 0.1871 0.9420
vn -0.1410 0.1989 0.9698
vn -0.2832 0.2555 0.9244
vn -0.1275 0.2636 0.9562
vn -0.1410 0.1987 0.9699
vn -0.0749 0.2812 0.9567
vn -0.1277 0.2639 0.9561
vn -0.0912 0.2058 0.9743
vn -0.4596 0.3773 0.8040
vn -0.5079 0.3755 0.7752
vn -0.4482 0.3084 0.8391
vn -0.4483 0.3086 0.8389
vn -0.2798 0.3162 0.9065
vn -0.4596 0.3774 0.8039
vn -0.1096 0.3337 0.9363
vn -0.0911 0.4016 0.9113
vn -0.2796 0.3162 0.9065
vn -0.0302 0.4112 0.9110
vn -0.0035 0.4746 0.8802
vn -0.0914 0.4014 0.9113
vn -0.4696 0.4405 0.7651
vn -0.2784 0.3830 0.8808
vn -0.2693 0.4598 0.8462
vn -0.2693 0.4596 0.8463
vn -0.2786 0.3831 0.8807
vn -0.0668 0.4689 0.8807
vn -0.4545 0.5201 0.7231
vn -0.5189 0.4947 0.6971
vn -0.4696 0.4406 0.7651
vn -0.0670 0.4690 0.8806
vn -0.0630 0.5438 0.8369
vn -0.2694 0.4597 0.8463
vn 0.0106 0.5358 0.8443
vn -0.0392 0.5788 0.8146
vn -0.0630 0.5439 0.8368
vn -0.4011 0.5710 0.7163
vn -0.4662 0.5508 0.6923
vn -0.4547 0.5201 0.7230
vn -0.2641 0.6173 0.7411
vn -0.3058 0.5858 0.7505
vn -0.4014 0.5710 0.7161
vn -0.2610 0.5405 0.7998
vn -0.4546 0.5201 0.7231
vn -0.2692 0.4598 0.8463
vn -0.2609 0.5401 0.8002
vn -0.0632 0.5438 0.8369
vn -0.2611 0.5404 0.7999
vn -0.4012 0.5713 0.7160
vn -0.4544 0.5201 0.7232
vn -0.2614 0.5402 0.7999
vn -0.0631 0.5438 0.8369
vn -0.1092 0.5955 0.7959
vn -0.1094 0.5957 0.7957
vn -0.0395 0.5790 0.8144
vn -0.2040 0.5966 0.7762
vn -0.4012 0.5710 0.7162
vn -0.2546 0.6063 0.7534
vn -0.2640 0.6174 0.7410
vn -0.2526 0.6358 0.7294
vn -0.2544 0.6061 0.7536
vn 0.8095 -0.4501 0.3769
vn 0.8112 -0.4252 0.4014
vn 0.8058 -0.4469 0.3885
vn 0.8999 -0.3252 0.2907
vn 0.8113 -0.4253 0.4012
vn 0.8149 -0.4384 0.3790
vn 0.8149 -0.4383 0.3793
vn 0.8241 -0.4246 0.3749
vn 0.8998 -0.3252 0.2908
vn 0.9259 -0.2817 0.2517
vn 0.8997 -0.3253 0.2910
vn 0.8242 -0.4244 0.3748
vn 0.7919 -0.4547 0.4077
vn 0.8056 -0.4471 0.3886
vn 0.6962 -0.5277 0.4866
vn 0.6724 -0.3585 0.6476
vn 0.6363 -0.4976 0.5895
vn 0.6847 -0.4648 0.5614
vn 0.6724 -0.3584 0.6476
vn 0.6847 -0.4647 0.5615
vn 0.7897 -0.2468 0.5617
vn 0.6725 -0.3585 0.6475
vn 0.6305 -0.3879 0.6723
vn 0.6362 -0.4976 0.5897
vn 0.9026 -0.2486 0.3514
vn 0.9276 -0.2050 0.3123
vn 0.8846 -0.1483 0.4422
vn 0.8846 -0.1482 0.4421
vn 0.7895 -0.2466 0.5621
vn 0.9026 -0.2485 0.3516
vn 0.9077 -0.1153 0.4034
vn 0.8846 -0.1482 0.4422
vn 0.9277 -0.2047 0.3121
vn 0.8845 -0.1481 0.4425
vn 0.8493 -0.0392 0.5264
vn 0.7896 -0.2467 0.5618
vn 0.7896 -0.2468 0.5618
vn 0.7573 -0.1327 0.6394
vn 0.6726 -0.3583 0.6475
vn 0.7573 -0.1326 0.6395
vn 0.8493 -0.0389 0.5264
vn 0.8494 -0.0390 0.5263
vn 0.8016 0.0777 0.5928
vn 0.7574 -0.1325 0.6393
vn 0.8250 0.1103 0.5543
vn 0.8728 -0.0062 0.4880
vn 0.7609 0.2180 0.6111
vn 0.6410 -0.2455 0.7272
vn 0.6725 -0.3583 0.6476
vn 0.7573 -0.1326 0.6394
vn 0.6060 -0.2704 0.7481
vn 0.6303 -0.3880 0.6724
vn 0.6409 -0.2458 0.7272
vn 0.6410 -0.2457 0.7271
vn 0.5979 -0.1180 0.7928
vn 0.6061 -0.2704 0.7481
vn 0.5977 -0.1178 0.7931
vn 0.5063 -0.0261 0.8620
vn 0.5581 -0.1541 0.8153
vn 0.5977 -0.1180 0.7930
vn 0.5372 0.0060 0.8434
vn 0.5979 -0.1182 0.7928
vn 0.7050 -0.0089 0.7091
vn 0.5374 0.0060 0.8433
vn 0.5064 -0.0267 0.8619
vn 0.4791 0.1166 0.8700
vn 0.6380 0.1115 0.7619
vn 0.5373 0.0059 0.8434
vn 0.7051 -0.0087 0.7091
vn 0.6380 0.1116 0.7619
vn 0.7051 -0.0089 0.7091
vn 0.7327 0.1937 0.6524
vn 0.6378 0.1116 0.7620
vn 0.5724 0.2073 0.7933
vn 0.5370 0.0058 0.8436
vn 0.6380 0.1114 0.7619
vn 0.7327 0.1936 0.6524
vn 0.5725 0.2075 0.7932
vn 0.4792 0.1171 0.8699
vn 0.5723 0.2072 0.7934
vn 0.5725 0.2070 0.7933
vn 0.6603 0.2912 0.6922
vn 0.5167 0.2881 0.8062
vn 0.5964 0.3632 0.7158
vn 0.5164 0.2881 0.8064
vn 0.4096 0.4030 0.8184
vn 0.3721 0.2559 0.8922
vn 0.4680 0.3435 0.8143
vn 0.3041 0.3153 0.8989
vn 0.3720 0.2560 0.8922
vn 0.4098 0.4029 0.8184
vn 0.2563 0.2882 0.9226
vn 0.3303 0.2368 0.9137
vn 0.3042 0.3152 0.8990
vn 0.2563 0.2880 0.9227
vn 0.3042 0.3151 0.8990
vn 0.1934 0.3351 0.9221
vn 0.5487 0.4262 0.7192
vn 0.5719 0.4588 0.6800
vn 0.5011 0.4910 0.7126
vn 0.5013 0.4911 0.7124
vn 0.4097 0.4028 0.8185
vn 0.5486 0.4266 0.7191
vn 0.5123 0.5267 0.6784
vn 0.4705 0.5872 0.6586
vn 0.5014 0.4910 0.7124
vn 0.1935 0.3350 0.9221
vn 0.2370 0.3572 0.9034
vn 0.1256 0.3686 0.9211
vn 0.4097 0.4029 0.8184
vn 0.5014 0.4909 0.7125
vn 0.3524 0.4561 0.8172
vn 0.2372 0.3572 0.9034
vn 0.3526 0.4560 0.8171
vn 0.4483 0.5565 0.6996
vn 0.5011 0.4909 0.7127
vn 0.4484 0.5565 0.6995
vn 0.3524 0.4560 0.8172
vn 0.5012 0.4910 0.7125
vn 0.4258 0.6445 0.6350
vn 0.4483 0.5564 0.6996
vn 0.4702 0.5873 0.6588
vn 0.1718 0.4010 0.8998
vn 0.1257 0.3684 0.9211
vn 0.2370 0.3573 0.9034
vn 0.2371 0.3572 0.9034
vn 0.3526 0.4558 0.8172
vn 0.1713 0.4009 0.9000
vn 0.1719 0.4009 0.8999
vn 0.0564 0.4001 0.9148
vn 0.0561 0.4001 0.9148
vn 0.1051 0.4422 0.8907
vn 0.0020 0.4375 0.8992
vn 0.3014 0.5075 0.8072
vn 0.1716 0.4008 0.8999
vn 0.3525 0.4560 0.8172
vn 0.3013 0.5075 0.8072
vn 0.3963 0.6140 0.6826
vn 0.1050 0.4420 0.8908
vn 0.3015 0.5074 0.8073
vn 0.3460 0.6664 0.6605
vn 0.3962 0.6140 0.6827
vn 0.3754 0.6963 0.6118
vn 0.3962 0.6140 0.6826
vn 0.3461 0.6665 0.6603
vn 0.3244 0.7367 0.5933
vn 0.2357 0.5580 0.7957
vn 0.2358 0.5580 0.7957
vn 0.3015 0.5076 0.8071
vn 0.3461 0.6664 0.6603
vn 0.0433 0.4906 0.8703
vn 0.1053 0.4422 0.8907
vn 0.2356 0.5581 0.7956
vn 0.0437 0.4904 0.8704
vn 0.0020 0.4374 0.8992
vn 0.0431 0.4907 0.8703
vn -0.0011 0.5000 0.8660
vn 0.2824 0.7097 0.6455
vn 0.3461 0.6664 0.6604
vn 0.3242 0.7369 0.5932
vn 0.3463 0.6664 0.6603
vn 0.2823 0.7098 0.6454
vn 0.3243 0.7370 0.5930
vn 0.2601 0.7424 0.6174
vn 0.0297 0.5488 0.8355
vn -0.0009 0.5002 0.8659
vn 0.0432 0.4906 0.8703
vn -0.0009 0.5001 0.8660
vn 0.0298 0.5487 0.8355
vn 0.0962 0.6113 0.7855
vn 0.1654 0.6132 0.7724
vn 0.0434 0.4907 0.8703
vn 0.2356 0.5580 0.7957
vn 0.1660 0.6132 0.7722
vn 0.2357 0.5581 0.7956
vn 0.2822 0.7099 0.6453
vn 0.1653 0.6133 0.7724
vn 0.0298 0.5488 0.8354
vn 0.2116 0.7162 0.6650
vn 0.1538 0.6639 0.7319
vn 0.1075 0.6626 0.7412
vn 0.0298 0.5489 0.8353
vn 0.1657 0.6130 0.7725
vn 0.1075 0.6485 0.7536
vn 0.2118 0.7162 0.6649
vn 0.1075 0.6629 0.7410
vn 0.1074 0.6485 0.7536
vn 0.0299 0.5489 0.8354
vn 0.1074 0.6486 0.7535
vn 0.0901 0.6441 0.7596
vn 0.0782 0.6648 0.7429
vn 0.1073 0.6484 0.7537
vn 0.1073 0.6627 0.7411
vn 0.0779 0.6651 0.7427
vn 0.0902 0.6441 0.7596
vn 0.1075 0.6484 0.7537
vn -0.7389 0.0237 -0.6734
vn -0.7466 0.0265 -0.6647
vn -0.7533 0.0565 -0.6552
vn -0.7390 0.0238 -0.6733
vn -0.7531 0.0566 -0.6555
vn -0.7335 0.0402 -0.6785
vn -0.8451 -0.0541 -0.5318
vn -0.7532 0.0564 -0.6554
vn -0.7466 0.0264 -0.6647
vn -0.7466 0.0267 -0.6647
vn -0.7651 0.0258 -0.6434
vn -0.8452 -0.0538 -0.5317
vn -0.8691 -0.0910 -0.4862
vn -0.7651 0.0256 -0.6434
vn -0.6292 0.1550 -0.7617
vn -0.7333 0.0401 -0.6787
vn -0.7530 0.0566 -0.6556
vn -0.7298 0.0619 -0.6809
vn -0.7333 0.0402 -0.6787
vn -0.6291 0.1552 -0.7616
vn -0.6290 0.1552 -0.7617
vn -0.5818 0.1891 -0.7910
vn -0.7296 0.0618 -0.6811
vn -0.7531 0.0570 -0.6554
vn -0.7861 0.1467 -0.6004
vn -0.6291 0.1553 -0.7616
vn -0.8452 -0.0540 -0.5318
vn -0.7861 0.1465 -0.6005
vn -0.8452 -0.0542 -0.5317
vn -0.8692 -0.0908 -0.4861
vn -0.8793 0.0253 -0.4757
vn -0.7860 0.1468 -0.6005
vn -0.8139 0.2597 -0.5197
vn -0.6556 0.2433 -0.7148
vn -0.7859 0.1464 -0.6008
vn -0.8792 0.0255 -0.4758
vn -0.8139 0.2596 -0.5198
vn -0.6889 0.3467 -0.6365
vn -0.6100 0.2833 -0.7400
vn -0.6554 0.2433 -0.7151
vn -0.6554 0.2432 -0.7150
vn -0.8793 0.0255 -0.4756
vn -0.9032 -0.0128 -0.4290
vn -0.9039 0.1374 -0.4050
vn -0.9039 0.1372 -0.4052
vn -0.8139 0.2598 -0.5197
vn -0.8791 0.0255 -0.4759
vn -0.8137 0.2599 -0.5199
vn -0.8249 0.3575 -0.4379
vn -0.6890 0.3468 -0.6364
vn -0.9039 0.1373 -0.4051
vn -0.8248 0.3574 -0.4381
vn -0.6889 0.3469 -0.6365
vn -0.7078 0.4476 -0.5465
vn -0.6476 0.3770 -0.6622
vn -0.7079 0.4475 -0.5465
vn -0.6889 0.3468 -0.6365
vn -0.8248 0.3576 -0.4380
vn -0.6678 0.4756 -0.5726
vn -0.6474 0.3769 -0.6624
vn -0.7080 0.4475 -0.5463
vn -0.7128 0.5315 -0.4576
vn -0.6678 0.4756 -0.5727
vn -0.7126 0.5316 -0.4577
vn -0.6714 0.5571 -0.4887
vn -0.8695 0.4827 -0.1043
vn -0.8927 0.4159 -0.1735
vn -0.9154 0.3776 -0.1396
vn -0.8696 0.4826 -0.1042
vn -0.7879 0.5851 -0.1919
vn -0.8926 0.4161 -0.1735
vn -0.8697 0.4825 -0.1042
vn -0.9153 0.3778 -0.1396
vn -0.8900 0.4496 -0.0755
vn -0.6638 0.6778 -0.3163
vn -0.6713 0.6276 -0.3944
vn -0.6939 0.6638 -0.2791
vn -0.6937 0.6640 -0.2791
vn -0.6803 0.6985 -0.2220
vn -0.6638 0.6777 -0.3164
vn -0.6939 0.6638 -0.2792
vn -0.7695 0.6233 -0.1391
vn -0.6475 0.7196 -0.2510
vn -0.6637 0.6777 -0.3164
vn -0.6804 0.6984 -0.2220
vn -0.8669 0.4979 -0.0235
vn -0.8451 0.5324 -0.0484
vn -0.8899 0.4499 -0.0753
vn -0.7691 0.6237 -0.1395
vn -0.7513 0.6529 -0.0962
vn -0.6803 0.6985 -0.2219
vn -0.7693 0.6234 -0.1397
vn -0.8451 0.5325 -0.0481
vn -0.7511 0.6532 -0.0962
vn -0.8284 0.5601 0.0045
vn -0.8668 0.4980 -0.0236
vn -0.6216 0.7731 -0.1264
vn -0.5823 0.8007 -0.1410
vn -0.6511 0.7399 -0.1693
vn -0.5822 0.8006 -0.1415
vn -0.6218 0.7729 -0.1263
vn -0.5405 0.8356 -0.0980
vn -0.8105 0.5819 0.0669
vn -0.7264 0.6859 -0.0436
vn -0.8284 0.5601 0.0048
vn -0.8256 0.5543 0.1054
vn -0.8055 0.5697 0.1634
vn -0.8105 0.5819 0.0670
vn -0.5828 0.8084 -0.0825
vn -0.6215 0.7732 -0.1263
vn -0.4974 0.8655 -0.0590
vn -0.7264 0.6860 -0.0433
vn -0.7028 0.7113 0.0143
vn -0.5829 0.8084 -0.0825
vn -0.7028 0.7112 0.0141
vn -0.5396 0.8410 -0.0391
vn -0.5397 0.8410 -0.0391
vn -0.4467 0.8943 -0.0242
vn -0.4962 0.8681 0.0093
vn -0.4468 0.8943 -0.0244
vn -0.5397 0.8409 -0.0391
vn -0.4963 0.8681 0.0092
vn -0.5396 0.8410 -0.0392
vn -0.6710 0.7383 0.0676
vn -0.4467 0.8944 -0.0241
vn -0.4964 0.8680 0.0096
vn -0.4101 0.9117 0.0246
vn -0.7379 0.6271 0.2497
vn -0.7665 0.6142 0.1878
vn -0.7607 0.5803 0.2908
vn -0.7663 0.6142 0.1883
vn -0.7380 0.6267 0.2501
vn -0.6711 0.7383 0.0676
vn -0.7379 0.6270 0.2497
vn -0.7608 0.5802 0.2908
vn -0.7315 0.5917 0.3389
vn -0.4592 0.8854 0.0721
vn -0.4102 0.9117 0.0245
vn -0.4963 0.8681 0.0094
vn -0.4101 0.9117 0.0250
vn -0.4592 0.8854 0.0719
vn -0.4277 0.8996 0.0888
vn -0.4963 0.8681 0.0093
vn -0.6337 0.7635 0.1242
vn -0.6339 0.7634 0.1243
vn -0.6710 0.7384 0.0673
vn -0.7380 0.6268 0.2499
vn -0.6336 0.7636 0.1243
vn -0.4591 0.8855 0.0718
vn -0.6958 0.6525 0.3003
vn -0.7378 0.6271 0.2498
vn -0.7317 0.5916 0.3386
vn -0.7379 0.6270 0.2499
vn -0.6957 0.6525 0.3002
vn -0.6338 0.7634 0.1244
vn -0.6845 0.6447 0.3403
vn -0.6958 0.6524 0.3003
vn -0.6450 0.6980 0.3109
vn -0.5925 0.7648 0.2529
vn -0.5539 0.7910 0.2600
vn -0.5497 0.7986 0.2453
vn -0.5925 0.7824 0.1917
vn -0.6449 0.6984 0.3105
vn -0.4699 0.8715 0.1402
vn -0.5925 0.7824 0.1916
vn -0.5495 0.7988 0.2449
vn -0.4698 0.8715 0.1404
vn -0.5496 0.7987 0.2450
vn -0.5362 0.8090 0.2406
vn -0.5290 0.8047 0.2693
vn -0.5362 0.8090 0.2408
vn -0.8588 -0.4183 -0.2958
vn -0.8533 -0.4583 -0.2487
vn -0.8055 -0.5926 -0.0089
vn -0.8589 -0.4183 -0.2955
vn -0.8055 -0.5926 -0.0090
vn -0.8418 -0.4498 -0.2983
vn -0.7596 -0.6441 0.0896
vn -0.8056 -0.5924 -0.0088
vn -0.8533 -0.4583 -0.2485
vn -0.8417 -0.4500 -0.2984
vn -0.8541 -0.4274 -0.2964
vn -0.8405 -0.4314 -0.3277
vn -0.9211 -0.3196 -0.2224
vn -0.8541 -0.4274 -0.2962
vn -0.8536 -0.5157 0.0738
vn -0.7948 -0.2198 -0.5657
vn -0.8406 -0.4311 -0.3279
vn -0.8041 -0.0607 -0.5914
vn -0.7494 -0.1548 -0.6438
vn -0.8463 -0.1216 -0.5186
vn -0.9761 -0.1797 -0.1222
vn -0.9124 -0.0091 -0.4091
vn -0.9210 -0.3198 -0.2226
vn -0.9521 0.1030 -0.2879
vn -0.9121 0.1403 -0.3851
vn -0.9124 -0.0090 -0.4091
vn -0.9125 -0.0093 -0.4091
vn -0.9761 -0.1797 -0.1220
vn -0.9522 0.1028 -0.2876
vn -0.9244 0.3437 -0.1652
vn -0.9324 0.2423 -0.2683
vn -0.9603 0.2134 -0.1795
vn -0.9142 -0.3082 0.2630
vn -0.9527 -0.2294 0.1996
vn -0.9151 -0.3800 0.1349
vn -0.9608 -0.0976 0.2595
vn -0.9527 -0.2291 0.1997
vn -0.9313 -0.1689 0.3226
vn -0.9527 -0.2294 0.1995
vn -0.9608 -0.0974 0.2598
vn -0.9986 -0.0436 -0.0292
vn -0.9312 -0.1688 0.3229
vn -0.9274 -0.0422 0.3718
vn -0.9608 -0.0973 0.2597
vn -0.9986 -0.0435 -0.0292
vn -0.9608 -0.0974 0.2597
vn -0.9955 0.0801 0.0505
vn -0.9955 0.0799 0.0504
vn -0.9603 0.2134 -0.1799
vn -0.9986 -0.0432 -0.0293
vn -0.9772 0.1769 0.1176
vn -0.9955 0.0802 0.0507
vn -0.9479 0.0159 0.3183
vn -0.9772 0.1770 0.1176
vn -0.9479 0.2651 0.1768
vn -0.9472 0.3065 -0.0945
vn -0.9249 0.1106 0.3638
vn -0.9479 0.2652 0.1764
vn -0.9477 0.0160 0.3187
vn -0.9248 0.1111 0.3637
vn -0.9273 -0.0424 0.3720
vn -0.9081 0.0594 0.4146
vn -0.9243 0.3439 -0.1653
vn -0.9472 0.3065 -0.0942
vn -0.9200 0.3910 -0.0266
vn -0.9479 0.2651 0.1766
vn -0.9248 0.1108 0.3639
vn -0.9176 0.3294 0.2224
vn -0.9249 0.1105 0.3637
vn -0.9082 0.0594 0.4144
vn -0.8935 0.1868 0.4084
vn -0.8934 0.1866 0.4086
vn -0.9177 0.3293 0.2223
vn -0.9248 0.1109 0.3638
vn -0.8780 0.1351 0.4592
vn -0.8935 0.1866 0.4084
vn -0.9082 0.0594 0.4142
vn -0.9177 0.3293 0.2222
vn -0.8837 0.3882 0.2617
vn -0.8894 0.4559 0.0337
vn -0.9177 0.3293 0.2224
vn -0.8835 0.3881 0.2622
vn -0.8720 0.4882 -0.0366
vn -0.8895 0.4556 0.0337
vn -0.8530 0.5171 0.0707
vn -0.8531 0.5169 0.0707
vn -0.8895 0.4557 0.0337
vn -0.8836 0.3883 0.2617
vn -0.8321 0.5545 0.0096
vn -0.8721 0.4879 -0.0366
vn -0.8529 0.5173 0.0703
vn -0.8625 0.2391 0.4460
vn -0.8935 0.1865 0.4084
vn -0.8406 0.4492 0.3026
vn -0.8528 0.5173 0.0709
vn -0.8835 0.3884 0.2621
vn -0.8624 0.2392 0.4461
vn -0.8406 0.4490 0.3031
vn -0.8531 0.5169 0.0706
vn -0.8091 0.5785 0.1036
vn -0.8317 0.5551 0.0096
vn -0.8091 0.5784 0.1037
vn -0.8530 0.5171 0.0708
vn -0.8406 0.4491 0.3027
vn -0.7869 0.6156 0.0422
vn -0.8318 0.5550 0.0095
vn -0.8088 0.5789 0.1038
vn -0.7867 0.6159 0.0421
vn -0.8090 0.5786 0.1037
vn -0.7395 0.6694 0.0708
vn -0.8168 0.3004 0.4926
vn -0.8406 0.4490 0.3030
vn -0.8624 0.2391 0.4462
vn -0.7570 0.6380 0.1410
vn -0.7394 0.6695 0.0710
vn -0.7392 0.6698 0.0709
vn -0.7571 0.6379 0.1411
vn -0.6912 0.7150 0.1052
vn -0.7678 0.3545 0.5336
vn -0.8168 0.3004 0.4925
vn -0.7939 0.2477 0.5553
vn -0.7676 0.3547 0.5338
vn -0.7939 0.2476 0.5553
vn -0.7511 0.2976 0.5894
vn -0.8405 0.4492 0.3031
vn -0.7922 0.5034 0.3450
vn -0.7571 0.6379 0.1412
vn -0.7921 0.5037 0.3447
vn -0.6993 0.3455 0.6258
vn -0.7677 0.3547 0.5337
vn -0.7510 0.2976 0.5895
vn -0.6911 0.7151 0.1054
vn -0.7120 0.6812 0.1705
vn -0.6338 0.7635 0.1240
vn -0.6338 0.7635 0.1242
vn -0.6562 0.7278 0.1993
vn -0.5827 0.7986 0.1506
vn -0.7204 0.3921 0.5722
vn -0.7677 0.3546 0.5338
vn -0.6993 0.3455 0.6259
vn -0.7202 0.3923 0.5722
vn -0.7451 0.5504 0.3766
vn -0.7678 0.3546 0.5336
vn -0.6993 0.3453 0.6259
vn -0.6499 0.3765 0.6602
vn -0.7202 0.3922 0.5722
vn -0.6679 0.4335 0.6050
vn -0.7203 0.3921 0.5722
vn -0.7450 0.5506 0.3765
vn -0.6711 0.4312 0.6031
vn -0.6497 0.3765 0.6603
vn -0.5962 0.4117 0.6892
vn -0.6563 0.7276 0.1997
vn -0.7451 0.5506 0.3764
vn -0.6909 0.5982 0.4060
vn -0.6909 0.5980 0.4063
vn -0.7451 0.5505 0.3766
vn -0.6678 0.4336 0.6050
vn -0.5949 0.7703 0.2296
vn -0.5827 0.7986 0.1508
vn -0.6562 0.7278 0.1994
vn -0.6563 0.7276 0.1996
vn -0.6909 0.5981 0.4061
vn -0.5948 0.7703 0.2301
vn -0.5827 0.7986 0.1505
vn -0.5949 0.7703 0.2297
vn -0.5562 0.7994 0.2271
vn -0.6023 0.4842 0.6347
vn -0.6679 0.4334 0.6050
vn -0.5961 0.4119 0.6892
vn -0.6680 0.4334 0.6050
vn -0.6026 0.4841 0.6344
vn -0.6909 0.5980 0.4062
vn -0.5960 0.4121 0.6892
vn -0.5645 0.4904 0.6640
vn -0.6026 0.4842 0.6344
vn -0.5606 0.7681 0.3095
vn -0.5561 0.7995 0.2271
vn -0.5948 0.7704 0.2297
vn -0.5563 0.7994 0.2270
vn -0.5606 0.7682 0.3094
vn -0.5699 0.7100 0.4137
vn -0.6202 0.6489 0.4407
vn -0.5949 0.7702 0.2299
vn -0.6204 0.6487 0.4408
vn -0.6910 0.5979 0.4063
vn -0.6026 0.4840 0.6345
vn -0.6201 0.6490 0.4408
vn -0.5606 0.7682 0.3093
vn -0.5949 0.7703 0.2298
vn -0.5637 0.5560 0.6108
vn -0.6023 0.4842 0.6346
vn -0.5648 0.4902 0.6639
vn -0.6023 0.4841 0.6347
vn -0.5639 0.5559 0.6108
vn -0.5640 0.5560 0.6105
vn -0.5644 0.4903 0.6641
vn -0.5682 0.6405 0.5167
vn -0.5499 0.6869 0.4752
vn -0.6202 0.6487 0.4410
vn -0.5638 0.5560 0.6108
vn -0.5635 0.5560 0.6111
vn -0.5428 0.6818 0.4903
vn -0.5500 0.6869 0.4751
vn -0.5141 0.7068 0.4859
vn -0.5499 0.6870 0.4750
vn -0.5430 0.6819 0.4901
vn -0.7544 -0.2827 0.5924
vn -0.8219 -0.2342 0.5192
vn -0.9502 -0.1049 0.2935
vn -0.9630 -0.1093 0.2465
vn -0.9503 -0.1049 0.2930
vn -0.8218 -0.2344 0.5192
vn -0.8221 -0.2342 0.5189
vn -0.7543 -0.2830 0.5924
vn -0.8114 -0.1367 0.5683
vn -0.8220 -0.2340 0.5191
vn -0.9675 -0.0755 0.2414
vn -0.9629 -0.1090 0.2467
vn -0.8220 -0.2343 0.5191
vn -0.8113 -0.1367 0.5684
vn -0.9673 -0.0759 0.2418
vn -0.7493 -0.1843 0.6360
vn -0.7546 -0.2826 0.5922
vn -0.9677 -0.1285 0.2171
vn -0.9630 -0.1087 0.2465
vn -0.9674 -0.0757 0.2415
vn -0.8115 -0.1367 0.5681
vn -0.7494 -0.1846 0.6359
vn -0.8043 0.0013 0.5942
vn -0.9677 -0.1281 0.2170
vn -0.9674 -0.0758 0.2415
vn -0.9729 -0.0975 0.2099
vn -0.9948 0.0670 -0.0763
vn -0.9779 0.1096 -0.1783
vn -0.9803 -0.0571 0.1893
vn -0.9948 0.0668 -0.0767
vn -0.9673 -0.0759 0.2419
vn -0.9851 0.1706 -0.0232
vn -0.9712 0.2082 -0.1163
vn -0.9779 0.1094 -0.1780
vn -0.9851 0.1707 -0.0230
vn -0.9518 0.0445 0.3035
vn -0.9850 0.1708 -0.0230
vn -0.9674 -0.0755 0.2417
vn -0.9518 0.0449 0.3035
vn -0.9674 -0.0757 0.2418
vn -0.8114 -0.1363 0.5684
vn -0.8044 0.0014 0.5941
vn -0.9175 0.1721 0.3586
vn -0.9598 0.2728 0.0668
vn -0.9176 0.1718 0.3586
vn -0.9169 0.3708 0.1476
vn -0.7409 0.0603 0.6690
vn -0.7838 0.1285 0.6076
vn -0.8044 0.0016 0.5941
vn -0.7408 0.0602 0.6690
vn -0.7170 0.1693 0.6762
vn -0.7837 0.1282 0.6078
vn -0.8736 0.2730 0.4029
vn -0.9175 0.1719 0.3586
vn -0.7838 0.1284 0.6076
vn -0.8734 0.2732 0.4031
vn -0.9168 0.3711 0.1474
vn -0.9175 0.1720 0.3587
vn -0.7485 0.2246 0.6240
vn -0.7838 0.1283 0.6076
vn -0.7169 0.1694 0.6763
vn -0.7838 0.1286 0.6076
vn -0.7486 0.2247 0.6238
vn -0.8736 0.2734 0.4026
vn -0.8735 0.2733 0.4029
vn -0.7485 0.2247 0.6239
vn -0.8296 0.3565 0.4297
vn -0.9168 0.3712 0.1475
vn -0.8731 0.4438 0.2018
vn -0.8293 0.3565 0.4302
vn -0.8731 0.4438 0.2019
vn -0.8735 0.2731 0.4030
vn -0.8729 0.4439 0.2023
vn -0.8807 0.4581 0.1201
vn -0.9168 0.3711 0.1478
vn -0.7881 0.4181 0.4518
vn -0.8730 0.4440 0.2018
vn -0.8295 0.3563 0.4301
vn -0.7484 0.2247 0.6241
vn -0.7137 0.2975 0.6341
vn -0.7138 0.2978 0.6339
vn -0.7882 0.4183 0.4513
vn -0.7486 0.2246 0.6238
vn -0.6863 0.2544 0.6814
vn -0.7137 0.2977 0.6340
vn -0.7169 0.1695 0.6763
vn -0.8731 0.4437 0.2022
vn -0.8301 0.5054 0.2356
vn -0.8807 0.4583 0.1200
vn -0.8301 0.5055 0.2356
vn -0.8731 0.4437 0.2019
vn -0.7880 0.4181 0.4518
vn -0.8375 0.5204 0.1668
vn -0.8807 0.4582 0.1201
vn -0.8301 0.5055 0.2354
vn -0.7856 0.4220 0.4525
vn -0.7138 0.2977 0.6339
vn -0.7479 0.4714 0.4674
vn -0.7880 0.4183 0.4518
vn -0.7476 0.4712 0.4679
vn -0.8227 0.5159 0.2389
vn -0.7874 0.5594 0.2591
vn -0.8300 0.5055 0.2356
vn -0.7476 0.4714 0.4678
vn -0.7984 0.5697 0.1950
vn -0.8374 0.5206 0.1667
vn -0.7873 0.5597 0.2589
vn -0.7478 0.4714 0.4674
vn -0.6784 0.3583 0.6414
vn -0.7101 0.5158 0.4793
vn -0.7100 0.5155 0.4797
vn -0.7873 0.5595 0.2591
vn -0.7476 0.4713 0.4679
vn -0.7874 0.5595 0.2588
vn -0.7464 0.6055 0.2760
vn -0.7982 0.5699 0.1951
vn -0.6784 0.3580 0.6416
vn -0.6521 0.3154 0.6894
vn -0.6405 0.4025 0.6540
vn -0.6408 0.4025 0.6538
vn -0.7102 0.5157 0.4793
vn -0.6783 0.3583 0.6415
vn -0.6089 0.3590 0.7074
vn -0.6407 0.4024 0.6539
vn -0.6519 0.3155 0.6896
vn -0.6726 0.5555 0.4890
vn -0.7465 0.6053 0.2762
vn -0.7101 0.5157 0.4793
vn -0.6407 0.4027 0.6537
vn -0.6726 0.5557 0.4886
vn -0.7523 0.6243 0.2107
vn -0.7464 0.6055 0.2761
vn -0.7062 0.6518 0.2766
vn -0.5953 0.4448 0.6691
vn -0.6410 0.4023 0.6537
vn -0.5954 0.4449 0.6690
vn -0.6726 0.5558 0.4886
vn -0.6406 0.4026 0.6538
vn -0.5952 0.4449 0.6692
vn -0.6086 0.3591 0.7075
vn -0.5571 0.4005 0.7275
vn -0.6173 0.6102 0.4965
vn -0.7063 0.6517 0.2764
vn -0.6724 0.5556 0.4890
vn -0.6728 0.5556 0.4885
vn -0.5952 0.4450 0.6691
vn -0.6173 0.6104 0.4963
vn -0.7061 0.6518 0.2767
vn -0.6528 0.7068 0.2726
vn -0.7082 0.6751 0.2066
vn -0.5954 0.4448 0.6691
vn -0.5572 0.4004 0.7275
vn -0.5337 0.4898 0.6894
vn -0.5336 0.4899 0.6894
vn -0.6172 0.6105 0.4963
vn -0.5953 0.4449 0.6691
vn -0.4943 0.4448 0.7469
vn -0.5336 0.4897 0.6895
vn -0.5574 0.4004 0.7274
vn -0.4704 0.5293 0.7061
vn -0.5336 0.4898 0.6895
vn -0.4368 0.4846 0.7579
vn -0.4702 0.5291 0.7063
vn -0.5528 0.6651 0.5021
vn -0.5335 0.4900 0.6894
vn -0.5272 0.8053 0.2713
vn -0.5356 0.8229 0.1897
vn -0.5938 0.7579 0.2701
vn -0.5940 0.7578 0.2700
vn -0.5528 0.6651 0.5020
vn -0.5271 0.8053 0.2713
vn -0.4623 0.8679 0.1817
vn -0.4557 0.8510 0.2610
vn -0.3919 0.9032 0.1748
vn -0.4557 0.8509 0.2613
vn -0.4905 0.7083 0.5076
vn -0.4131 0.7567 0.5067
vn -0.4138 0.7563 0.5067
vn -0.4907 0.7080 0.5080
vn -0.3209 0.6114 0.7233
vn -0.3919 0.9032 0.1749
vn -0.3687 0.8920 0.2616
vn -0.3190 0.9172 0.2386
vn -0.2145 0.5927 0.7764
vn -0.1815 0.6683 0.7214
vn -0.2373 0.6593 0.7134
vn -0.1914 0.7316 0.6543
vn -0.2227 0.8028 0.5531
vn -0.1943 0.8386 0.5089
vn -0.2240 0.8392 0.4956
vn -0.3122 0.8067 0.5017
vn -0.1914 0.7315 0.6544
vn -0.2831 0.9030 0.3232
vn -0.3125 0.8066 0.5018
vn -0.2238 0.8391 0.4958
vn -0.1913 0.7316 0.6544
vn -0.2239 0.8391 0.4958
vn -0.2832 0.9029 0.3233
vn -0.2237 0.8392 0.4958
vn -0.2062 0.8554 0.4752
vn -0.1653 0.8574 0.4873
vn -0.2061 0.8552 0.4756
vn -0.2241 0.8392 0.4956
vn -0.0508 -0.8762 0.4793
vn -0.1786 -0.8457 0.5029
vn -0.1494 -0.8790 0.4527
vn 0.2388 -0.8134 0.5304
vn 0.2321 -0.8296 0.5078
vn -0.0507 -0.8762 0.4793
vn -0.0983 -0.7587 0.6440
vn -0.1878 -0.7772 0.6006
vn -0.0857 -0.8391 0.5372
vn -0.0984 -0.7588 0.6438
vn -0.1975 -0.6825 0.7037
vn -0.1875 -0.7774 0.6004
vn 0.5919 -0.6605 0.4619
vn 0.5127 -0.7079 0.4858
vn 0.2880 -0.8032 0.5215
vn 0.5127 -0.7080 0.4857
vn 0.5918 -0.6606 0.4620
vn 0.5065 -0.6606 0.5541
vn 0.5065 -0.6606 0.5542
vn 0.5806 -0.6246 0.5222
vn 0.4655 -0.6000 0.6506
vn 0.1852 -0.6891 0.7006
vn 0.5065 -0.6607 0.5540
vn 0.5356 -0.5693 0.6237
vn 0.4654 -0.6001 0.6506
vn 0.5805 -0.6247 0.5223
vn 0.4655 -0.5999 0.6507
vn 0.5352 -0.5705 0.6230
vn 0.4067 -0.5192 0.7517
vn 0.4656 -0.5999 0.6506
vn 0.1850 -0.6891 0.7007
vn -0.0983 -0.7587 0.6439
vn 0.1849 -0.6891 0.7006
vn -0.1167 -0.6561 0.7456
vn -0.1163 -0.6560 0.7458
vn -0.0986 -0.7589 0.6437
vn -0.1975 -0.6826 0.7036
vn -0.1165 -0.6561 0.7457
vn -0.2156 -0.5646 0.7967
vn 0.1434 -0.5894 0.7950
vn -0.1163 -0.6561 0.7457
vn 0.1853 -0.6890 0.7007
vn 0.1433 -0.5894 0.7950
vn 0.1848 -0.6891 0.7007
vn 0.4066 -0.5194 0.7516
vn 0.1066 -0.4696 0.8764
vn -0.1353 -0.5417 0.8296
vn 0.1435 -0.5893 0.7951
vn -0.1352 -0.5416 0.8297
vn -0.1633 -0.4105 0.8971
vn 0.0655 -0.3380 0.9389
vn 0.3028 -0.2772 0.9119
vn 0.0278 -0.2186 0.9754
vn 0.2530 -0.1548 0.9550
vn 0.3030 -0.2768 0.9119
vn 0.3780 -0.2577 0.8892
vn 0.2530 -0.1549 0.9550
vn 0.3776 -0.2588 0.8891
vn 0.3191 -0.1417 0.9371
vn 0.2834 -0.0300 0.9585
vn 0.2147 -0.0541 0.9752
vn 0.3189 -0.1416 0.9372
vn -0.0010 -0.1096 0.9940
vn -0.0306 -0.0171 0.9994
vn -0.2157 -0.1742 0.9608
vn -0.0009 -0.1102 0.9939
vn 0.2146 -0.0542 0.9752
vn -0.0304 -0.0171 0.9994
vn -0.2842 -0.1936 0.9390
vn -0.2156 -0.1743 0.9608
vn -0.2425 -0.0707 0.9676
vn -0.2425 -0.0702 0.9676
vn -0.0307 -0.0172 0.9994
vn -0.3181 -0.0894 0.9438
vn -0.2843 -0.1934 0.9390
vn -0.2425 -0.0708 0.9676
vn 0.1920 0.0538 0.9799
vn 0.2147 -0.0540 0.9752
vn 0.2833 -0.0300 0.9585
vn -0.0307 -0.0173 0.9994
vn 0.1923 0.0534 0.9799
vn -0.0598 0.0914 0.9940
vn -0.2424 -0.0705 0.9676
vn -0.2798 0.0286 0.9596
vn -0.3180 -0.0895 0.9439
vn -0.2795 0.0287 0.9597
vn -0.2426 -0.0707 0.9676
vn -0.0595 0.0914 0.9940
vn -0.3454 0.0132 0.9384
vn -0.3182 -0.0893 0.9438
vn -0.2796 0.0285 0.9597
vn 0.1921 0.0538 0.9799
vn 0.2572 0.0840 0.9627
vn 0.1647 0.1562 0.9739
vn 0.1651 0.1562 0.9738
vn -0.0597 0.0914 0.9940
vn 0.1923 0.0537 0.9799
vn 0.2326 0.1811 0.9556
vn 0.1647 0.1560 0.9739
vn 0.2575 0.0842 0.9626
vn -0.0594 0.0913 0.9940
vn -0.0788 0.1862 0.9793
vn -0.2796 0.0286 0.9597
vn -0.0598 0.0916 0.9940
vn 0.1650 0.1561 0.9739
vn -0.0792 0.1863 0.9793
vn -0.3456 0.0130 0.9383
vn -0.2798 0.0288 0.9596
vn -0.3031 0.1185 0.9456
vn 0.1795 0.3450 0.9213
vn 0.1332 0.2534 0.9581
vn 0.2091 0.2700 0.9399
vn -0.3892 0.1801 0.9034
vn -0.3236 0.1961 0.9257
vn -0.4164 0.2470 0.8750
vn 0.1138 0.3305 0.9369
vn 0.1331 0.2532 0.9582
vn 0.1797 0.3452 0.9212
vn 0.1798 0.3448 0.9213
vn 0.1677 0.4131 0.8951
vn 0.1137 0.3305 0.9369
vn 0.1135 0.3304 0.9370
vn 0.0963 0.4013 0.9109
vn -0.1027 0.2586 0.9605
vn -0.3579 0.3369 0.8709
vn -0.4285 0.3044 0.8507
vn -0.3488 0.2689 0.8978
vn -0.4283 0.3044 0.8508
vn -0.3580 0.3368 0.8709
vn -0.3853 0.3645 0.8478
vn -0.1207 0.3302 0.9362
vn -0.1028 0.2586 0.9605
vn 0.0977 0.3951 0.9134
vn 0.0964 0.4015 0.9108
vn 0.1524 0.4776 0.8652
vn 0.0680 0.4674 0.8814
vn 0.0960 0.4016 0.9108
vn 0.0677 0.4671 0.8816
vn -0.1206 0.3301 0.9362
vn 0.1523 0.4777 0.8652
vn 0.0817 0.5000 0.8622
vn 0.0682 0.4672 0.8815
vn -0.1477 0.4134 0.8985
vn -0.3577 0.3370 0.8709
vn -0.1200 0.3301 0.9363
vn -0.1481 0.4131 0.8985
vn -0.1207 0.3301 0.9362
vn 0.0678 0.4669 0.8817
vn -0.3161 0.4070 0.8570
vn -0.3852 0.3647 0.8477
vn -0.3579 0.3372 0.8707
vn -0.1477 0.4135 0.8984
vn -0.3161 0.4071 0.8569
vn -0.3161 0.4071 0.8570
vn -0.2143 0.4375 0.8733
vn -0.1831 0.4824 0.8566
vn -0.2144 0.4372 0.8734
vn -0.3159 0.4071 0.8570
vn -0.0008 0.5001 0.8660
vn 0.0680 0.4673 0.8815
vn 0.0817 0.4998 0.8623
vn -0.1480 0.4133 0.8985
vn 0.0678 0.4672 0.8815
vn -0.0010 0.5000 0.8660
vn -0.0008 0.4999 0.8661
vn -0.1029 0.4708 0.8762
vn -0.0009 0.5000 0.8660
vn -0.1448 0.4910 0.8590
vn -0.1631 0.4758 0.8643
vn -0.1478 0.4135 0.8984
vn -0.1627 0.4760 0.8643
vn -0.1761 0.5141 0.8395
vn -0.1630 0.4759 0.8643
vn -0.1446 0.4908 0.8592
vn -0.1757 0.5137 0.8398
vn -0.1832 0.4825 0.8565
vn -0.1630 0.4760 0.8642
vn 0.5985 0.1924 -0.7777
vn 0.5984 0.2095 -0.7733
vn 0.6048 0.1982 -0.7713
vn 0.4440 0.2252 -0.8673
vn 0.5986 0.2094 -0.7732
vn 0.5922 0.2005 -0.7805
vn 0.7332 0.1749 -0.6571
vn 0.6049 0.1984 -0.7712
vn 0.7334 0.1747 -0.6570
vn 0.7754 0.1572 -0.6116
vn 0.6171 0.2062 -0.7594
vn 0.4441 0.2252 -0.8672
vn 0.5961 0.2739 -0.7547
vn 0.5985 0.2094 -0.7733
vn 0.3856 0.2252 -0.8948
vn 0.4270 0.2886 -0.8570
vn 0.5964 0.2739 -0.7545
vn 0.4442 0.2252 -0.8672
vn 0.4267 0.2885 -0.8571
vn 0.7300 0.3215 -0.6031
vn 0.7800 0.2171 -0.5869
vn 0.7373 0.2351 -0.6334
vn 0.7298 0.3216 -0.6033
vn 0.7376 0.2348 -0.6331
vn 0.5881 0.3648 -0.7219
vn 0.7723 0.3041 -0.5577
vn 0.3690 0.3743 -0.8507
vn 0.4277 0.3740 -0.8229
vn 0.3750 0.2876 -0.8813
vn 0.5880 0.3647 -0.7219
vn 0.5717 0.4662 -0.6751
vn 0.7299 0.3214 -0.6033
vn 0.4275 0.3739 -0.8230
vn 0.5718 0.4662 -0.6750
vn 0.5883 0.3647 -0.7218
vn 0.7298 0.3214 -0.6034
vn 0.7141 0.4230 -0.5578
vn 0.7725 0.3038 -0.5576
vn 0.7141 0.4232 -0.5576
vn 0.6880 0.5299 -0.4958
vn 0.7520 0.4081 -0.5176
vn 0.3691 0.3742 -0.8507
vn 0.4125 0.4757 -0.7769
vn 0.5718 0.4663 -0.6750
vn 0.4124 0.4756 -0.7770
vn 0.3610 0.4758 -0.8021
vn 0.4125 0.4756 -0.7770
vn 0.4124 0.4758 -0.7769
vn 0.3609 0.4762 -0.8019
vn 0.3859 0.5825 -0.7153
vn 0.4124 0.4759 -0.7769
vn 0.3858 0.5826 -0.7153
vn 0.5717 0.4664 -0.6749
vn 0.3344 0.5832 -0.7403
vn 0.3858 0.5826 -0.7154
vn 0.3610 0.4761 -0.8019
vn 0.5448 0.5729 -0.6123
vn 0.5718 0.4664 -0.6749
vn 0.5717 0.4664 -0.6750
vn 0.3858 0.5827 -0.7153
vn 0.5508 0.5727 -0.6071
vn 0.5042 0.6814 -0.5306
vn 0.3529 0.6914 -0.6304
vn 0.4583 0.7686 -0.4464
vn 0.4178 0.8268 -0.3766
vn 0.5918 0.7295 -0.3429
vn 0.4583 0.7685 -0.4464
vn 0.4583 0.7685 -0.4465
vn 0.3152 0.7777 -0.5440
vn 0.4176 0.8270 -0.3765
vn 0.5461 0.7900 -0.2785
vn 0.5919 0.7295 -0.3428
vn 0.4176 0.8270 -0.3764
vn 0.5839 0.7754 -0.2406
vn 0.6358 0.7049 -0.3145
vn 0.5461 0.7901 -0.2784
vn 0.2381 0.8849 -0.4004
vn 0.2817 0.8360 -0.4709
vn 0.2324 0.8364 -0.4964
vn 0.3356 0.9099 -0.2437
vn 0.2887 0.9419 -0.1716
vn 0.4660 0.8767 -0.1191
vn 0.3357 0.9099 -0.2437
vn 0.1750 0.9275 -0.3303
vn 0.2886 0.9420 -0.1715
vn 0.4329 0.9004 -0.0427
vn 0.2886 0.9419 -0.1717
vn 0.1183 0.9552 -0.2714
vn 0.1751 0.9275 -0.3304
vn 0.0659 0.9536 -0.2937
vn 0.1184 0.9552 -0.2713
vn 0.2888 0.9419 -0.1715
vn 0.1751 0.9275 -0.3303
vn 0.0053 0.9716 -0.2366
vn 0.1184 0.9552 -0.2714
vn 0.0658 0.9537 -0.2935
vn 0.1185 0.9552 -0.2712
vn 0.0602 0.9752 -0.2130
vn 0.3995 0.9161 0.0339
vn 0.4365 0.8964 0.0766
vn 0.4332 0.9003 -0.0426
vn 0.4331 0.9003 -0.0426
vn 0.2889 0.9419 -0.1714
vn 0.3995 0.9161 0.0337
vn 0.0104 0.9880 -0.1543
vn 0.0601 0.9752 -0.2129
vn -0.0493 0.9812 -0.1868
vn 0.0601 0.9752 -0.2128
vn 0.0104 0.9880 -0.1544
vn 0.2439 0.9641 -0.1045
vn -0.0492 0.9812 -0.1868
vn -0.0863 0.9875 -0.1320
vn 0.3618 0.9268 0.1010
vn 0.2440 0.9641 -0.1046
vn 0.4097 0.9015 0.1397
vn 0.3618 0.9267 0.1012
vn 0.3683 0.9083 0.1985
vn 0.1974 0.9796 -0.0370
vn 0.2438 0.9642 -0.1046
vn 0.3618 0.9267 0.1011
vn 0.2439 0.9642 -0.1045
vn 0.1976 0.9796 -0.0369
vn -0.0864 0.9875 -0.1319
vn -0.0249 0.9955 -0.0916
vn -0.0247 0.9955 -0.0915
vn 0.1974 0.9796 -0.0372
vn -0.0866 0.9875 -0.1316
vn -0.0586 0.9956 -0.0731
vn -0.0248 0.9955 -0.0914
vn 0.3150 0.9363 0.1554
vn 0.3682 0.9083 0.1985
vn 0.3620 0.9267 0.1011
vn 0.3618 0.9268 0.1009
vn 0.3146 0.9364 0.1554
vn 0.3681 0.9084 0.1985
vn 0.3153 0.9361 0.1562
vn 0.3076 0.9318 0.1928
vn 0.1496 0.9883 0.0306
vn 0.1975 0.9796 -0.0369
vn -0.0248 0.9955 -0.0913
vn 0.1498 0.9882 0.0310
vn 0.3148 0.9364 0.1553
vn 0.1976 0.9796 -0.0368
vn -0.0058 0.9997 -0.0235
vn -0.0584 0.9956 -0.0731
vn 0.1227 0.9879 0.0950
vn 0.1643 0.9823 0.0902
vn 0.2468 0.9557 0.1604
vn 0.2469 0.9557 0.1602
vn 0.1498 0.9882 0.0309
vn 0.1103 0.9902 0.0857
vn 0.2470 0.9557 0.1602
vn 0.1102 0.9902 0.0858
vn 0.1229 0.9879 0.0949
vn 0.0933 0.9897 0.1086
vn 0.1228 0.9879 0.0948
vn 0.1100 0.9902 0.0857
vn 0.0934 0.9897 0.1086
vn 0.0976 0.9923 0.0767
vn -0.6869 -0.0132 -0.7267
vn -0.6149 0.0596 -0.7864
vn -0.3944 0.1998 -0.8969
vn -0.3495 0.2062 -0.9140
vn -0.3948 0.1995 -0.8968
vn -0.6149 0.0595 -0.7864
vn -0.6145 0.0596 -0.7866
vn -0.3446 0.2406 -0.9074
vn -0.3496 0.2059 -0.9140
vn -0.6149 0.0593 -0.7864
vn -0.6644 0.1532 -0.7315
vn -0.3443 0.2406 -0.9075
vn -0.7283 0.0899 -0.6793
vn -0.6644 0.1533 -0.7315
vn -0.6869 -0.0132 -0.7266
vn -0.3258 0.1833 -0.9275
vn -0.3497 0.2057 -0.9140
vn -0.3448 0.2405 -0.9073
vn -0.6645 0.1533 -0.7314
vn -0.7282 0.0899 -0.6794
vn -0.6902 0.2942 -0.6611
vn -0.3258 0.1829 -0.9276
vn -0.3449 0.2404 -0.9073
vn -0.3149 0.2219 -0.9228
vn -0.7517 0.2122 -0.6244
vn -0.6904 0.2942 -0.6609
vn -0.7285 0.0900 -0.6792
vn -0.7514 0.2123 -0.6247
vn -0.7627 0.3501 -0.5439
vn -0.6903 0.2943 -0.6610
vn -0.0143 0.3600 -0.9328
vn -0.3150 0.2216 -0.9229
vn -0.3444 0.2408 -0.9074
vn -0.1165 0.5971 -0.7936
vn -0.0112 0.5962 -0.8028
vn 0.0561 0.4940 -0.8677
vn -0.0434 0.4724 -0.8803
vn -0.3906 0.3548 -0.8495
vn -0.1166 0.5969 -0.7938
vn -0.3904 0.3550 -0.8495
vn -0.3902 0.3549 -0.8496
vn -0.4397 0.4968 -0.7482
vn -0.4396 0.4968 -0.7483
vn -0.1164 0.5971 -0.7937
vn -0.3904 0.3549 -0.8495
vn -0.1828 0.7016 -0.6887
vn -0.0860 0.7096 -0.6993
vn -0.1165 0.5970 -0.7938
vn -0.1163 0.5972 -0.7936
vn -0.4394 0.4968 -0.7484
vn -0.1829 0.7017 -0.6886
vn -0.0861 0.7096 -0.6993
vn -0.1830 0.7015 -0.6888
vn -0.1390 0.7912 -0.5956
vn -0.1764 0.8580 -0.4823
vn -0.1389 0.7913 -0.5954
vn -0.2308 0.7857 -0.5739
vn -0.1830 0.7016 -0.6887
vn -0.4642 0.6131 -0.6392
vn -0.2308 0.7858 -0.5738
vn -0.6904 0.2944 -0.6608
vn -0.6960 0.4362 -0.5704
vn -0.4399 0.4967 -0.7481
vn -0.7627 0.3502 -0.5438
vn -0.7625 0.4641 -0.4507
vn -0.6960 0.4361 -0.5704
vn -0.4872 0.6961 -0.5273
vn -0.6950 0.5453 -0.4687
vn -0.4879 0.7590 -0.4312
vn -0.2309 0.7857 -0.5739
vn -0.2590 0.8447 -0.4684
vn -0.1764 0.8582 -0.4821
vn -0.6831 0.6711 -0.2880
vn -0.6926 0.6180 -0.3720
vn -0.7509 0.5591 -0.3514
vn -0.6747 0.7244 -0.1412
vn -0.6770 0.7045 -0.2131
vn -0.7311 0.6548 -0.1919
vn -0.4840 0.8520 -0.1997
vn -0.6752 0.7240 -0.1412
vn -0.4719 0.8736 -0.1188
vn -0.1697 0.9727 -0.1582
vn -0.1840 0.9547 -0.2338
vn -0.2525 0.9557 -0.1516
vn -0.2319 0.9691 -0.0843
vn -0.1551 0.9838 -0.0900
vn -0.4719 0.8736 -0.1192
vn -0.4663 0.8838 -0.0373
vn -0.2526 0.9556 -0.1515
vn -0.4721 0.8735 -0.1191
vn -0.6713 0.7387 -0.0602
vn -0.4662 0.8839 -0.0375
vn -0.2318 0.9691 -0.0842
vn -0.4665 0.8838 -0.0373
vn -0.6623 0.7490 0.0209
vn -0.6712 0.7388 -0.0602
vn -0.7287 0.6839 -0.0344
vn -0.6623 0.7490 0.0210
vn -0.4664 0.8838 -0.0372
vn -0.1969 0.9786 0.0604
vn -0.1145 0.9924 0.0455
vn -0.2149 0.9766 -0.0119
vn -0.4550 0.8900 0.0304
vn -0.4664 0.8838 -0.0374
vn -0.4548 0.8901 0.0302
vn -0.4663 0.8838 -0.0374
vn -0.6545 0.7503 0.0935
vn -0.1968 0.9786 0.0606
vn -0.2153 0.9765 -0.0118
vn -0.4554 0.8898 0.0304
vn -0.6545 0.7503 0.0937
vn -0.6456 0.7464 0.1618
vn -0.4551 0.8899 0.0301
vn -0.6456 0.7463 0.1621
vn -0.6990 0.6921 0.1798
vn -0.6865 0.6840 0.2468
vn -0.1970 0.9785 0.0603
vn -0.4378 0.8936 0.0988
vn -0.1809 0.9730 0.1434
vn -0.0986 0.9885 0.1147
vn -0.1812 0.9729 0.1434
vn -0.1452 0.9737 0.1754
vn -0.6455 0.7464 0.1620
vn -0.6179 0.7485 0.2409
vn -0.4379 0.8936 0.0983
vn -0.2253 0.9508 0.2129
vn -0.1454 0.9737 0.1752
vn -0.1810 0.9730 0.1434
vn -0.4103 0.8902 0.1979
vn -0.2248 0.9508 0.2130
vn -0.1811 0.9730 0.1432
vn -0.5548 0.7806 0.2878
vn -0.4005 0.8659 0.2996
vn -0.3933 0.8767 0.2769
vn -0.3772 0.8683 0.3223
vn -0.3932 0.8767 0.2771
vn -0.4005 0.8660 0.2995
vn -0.3774 0.8683 0.3220
vn -0.3662 0.8860 0.2843
vn -0.3928 0.8769 0.2771
vn -0.5767 -0.7846 0.2278
vn -0.5750 -0.7828 0.2380
vn -0.5874 -0.7711 0.2456
vn -0.5765 -0.7846 0.2280
vn -0.5875 -0.7710 0.2457
vn -0.5855 -0.7780 0.2278
vn -0.4651 -0.8126 0.3513
vn -0.5877 -0.7709 0.2458
vn -0.5751 -0.7827 0.2379
vn -0.5750 -0.7829 0.2377
vn -0.5680 -0.7823 0.2557
vn -0.4655 -0.8124 0.3513
vn -0.4217 -0.8214 0.3841
vn -0.4653 -0.8124 0.3513
vn -0.5680 -0.7823 0.2556
vn -0.6849 -0.7186 0.1207
vn -0.5857 -0.7779 0.2277
vn -0.5996 -0.7688 0.2226
vn -0.5856 -0.7779 0.2280
vn -0.6848 -0.7186 0.1206
vn -0.6847 -0.7188 0.1205
vn -0.7143 -0.6959 0.0738
vn -0.5994 -0.7688 0.2228
vn -0.5875 -0.7711 0.2455
vn -0.6205 -0.7306 0.2852
vn -0.6849 -0.7186 0.1205
vn -0.4653 -0.8125 0.3512
vn -0.6202 -0.7306 0.2856
vn -0.5876 -0.7710 0.2455
vn -0.4652 -0.8125 0.3512
vn -0.4221 -0.8213 0.3839
vn -0.4923 -0.7748 0.3966
vn -0.6202 -0.7308 0.2851
vn -0.4655 -0.8124 0.3512
vn -0.4919 -0.7750 0.3967
vn -0.4431 -0.7836 0.4355
vn -0.4921 -0.7750 0.3965
vn -0.4221 -0.8213 0.3837
vn -0.6203 -0.7307 0.2851
vn -0.4920 -0.7750 0.3966
vn -0.6646 -0.6603 0.3497
vn -0.7590 -0.6128 0.2198
vn -0.6647 -0.6601 0.3497
vn -0.7952 -0.5332 0.2886
vn -0.8204 -0.5143 0.2498
vn -0.7880 -0.5880 0.1826
vn -0.7953 -0.5331 0.2885
vn -0.5372 -0.7057 0.4619
vn -0.4946 -0.7137 0.4960
vn -0.5791 -0.6233 0.5255
vn -0.5377 -0.7055 0.4618
vn -0.5790 -0.6233 0.5256
vn -0.7000 -0.5792 0.4177
vn -0.8203 -0.5145 0.2500
vn -0.8266 -0.4331 0.3592
vn -0.8530 -0.4138 0.3180
vn -0.5425 -0.6308 0.5548
vn -0.6154 -0.5279 0.5853
vn -0.5729 -0.5371 0.6191
vn -0.6153 -0.5279 0.5854
vn -0.5427 -0.6306 0.5548
vn -0.7301 -0.4844 0.4820
vn -0.8265 -0.4333 0.3593
vn -0.6997 -0.5793 0.4180
vn -0.5730 -0.5372 0.6189
vn -0.5973 -0.4273 0.6787
vn -0.6151 -0.5281 0.5855
vn -0.7300 -0.4847 0.4818
vn -0.6153 -0.5281 0.5853
vn -0.7545 -0.3672 0.5439
vn -0.6548 -0.2994 0.6940
vn -0.6406 -0.4117 0.6482
vn -0.7547 -0.3668 0.5440
vn -0.6408 -0.4116 0.6481
vn -0.7615 -0.2579 0.5947
vn -0.6551 -0.2993 0.6938
vn -0.5974 -0.4273 0.6786
vn -0.6171 -0.3230 0.7175
vn -0.7616 -0.2579 0.5946
vn -0.6549 -0.2997 0.6938
vn -0.7600 -0.1717 0.6268
vn -0.7602 -0.1714 0.6267
vn -0.8494 -0.2181 0.4807
vn -0.8698 -0.1165 0.4795
vn -0.8709 -0.2167 0.4410
vn -0.8430 -0.1364 0.5203
vn -0.6594 -0.2118 0.7214
vn -0.7601 -0.1717 0.6267
vn -0.6548 -0.2995 0.6939
vn -0.7602 -0.1715 0.6267
vn -0.7541 -0.0972 0.6495
vn -0.8431 -0.1365 0.5202
vn -0.7603 -0.1715 0.6265
vn -0.6595 -0.2118 0.7212
vn -0.7540 -0.0976 0.6496
vn -0.6471 -0.1318 0.7509
vn -0.6231 -0.2219 0.7500
vn -0.8415 -0.0502 0.5380
vn -0.8339 0.0398 0.5505
vn -0.8672 -0.0309 0.4970
vn -0.8340 0.0399 0.5504
vn -0.8413 -0.0506 0.5381
vn -0.7388 -0.0201 0.6737
vn -0.8543 0.0700 0.5150
vn -0.8673 -0.0306 0.4969
vn -0.8340 0.0395 0.5503
vn -0.8543 0.0699 0.5150
vn -0.8340 0.0398 0.5503
vn -0.8443 0.1419 0.5168
vn -0.6471 -0.1317 0.7510
vn -0.6102 -0.1317 0.7812
vn -0.6239 -0.0445 0.7802
vn -0.7387 -0.0201 0.6737
vn -0.6470 -0.1318 0.7510
vn -0.5860 -0.0445 0.8091
vn -0.6240 -0.0445 0.7801
vn -0.6102 -0.1316 0.7813
vn -0.8239 0.1227 0.5532
vn -0.8339 0.0399 0.5504
vn -0.7389 -0.0198 0.6736
vn -0.7240 0.0630 0.6870
vn -0.8340 0.0397 0.5504
vn -0.8239 0.1224 0.5533
vn -0.8339 0.0397 0.5505
vn -0.7240 0.0632 0.6869
vn -0.6238 -0.0445 0.7803
vn -0.5969 0.0305 0.8018
vn -0.7387 -0.0198 0.6737
vn -0.7239 0.0634 0.6870
vn -0.7388 -0.0198 0.6737
vn -0.5970 0.0305 0.8017
vn -0.8163 0.2896 0.4997
vn -0.7877 0.2751 0.5513
vn -0.7921 0.3524 0.4983
vn -0.7877 0.2751 0.5512
vn -0.8103 0.1997 0.5509
vn -0.7055 0.1399 0.6947
vn -0.5315 0.1780 0.8281
vn -0.5661 0.1050 0.8176
vn -0.4881 0.1590 0.8582
vn -0.5313 0.1781 0.8282
vn -0.7056 0.1398 0.6947
vn -0.5316 0.1779 0.8281
vn -0.4883 0.1589 0.8581
vn -0.4597 0.2209 0.8601
vn -0.7877 0.2750 0.5513
vn -0.7057 0.1397 0.6946
vn -0.6792 0.2142 0.7020
vn -0.6792 0.2142 0.7021
vn -0.7571 0.3420 0.5566
vn -0.7921 0.3523 0.4984
vn -0.7877 0.2752 0.5512
vn -0.6793 0.2141 0.7020
vn -0.7570 0.3420 0.5567
vn -0.7922 0.3523 0.4983
vn -0.7570 0.3422 0.5567
vn -0.7517 0.3748 0.5426
vn -0.5317 0.1780 0.8280
vn -0.4597 0.2211 0.8601
vn -0.5158 0.2423 0.8217
vn -0.5314 0.1780 0.8282
vn -0.5156 0.2424 0.8218
vn -0.6792 0.2140 0.7021
vn -0.4597 0.2209 0.8602
vn -0.4890 0.2659 0.8308
vn -0.6455 0.2976 0.7034
vn -0.6793 0.2139 0.7020
vn -0.6238 0.3500 0.6988
vn -0.6452 0.2975 0.7037
vn -0.5338 0.2961 0.7921
vn -0.6071 0.3799 0.6979
vn -0.6256 0.3613 0.6914
vn -0.6238 0.3501 0.6988
vn -0.4382 -0.0474 -0.8976
vn -0.3404 -0.0083 -0.9402
vn -0.0584 0.0937 -0.9939
vn -0.0054 0.1108 -0.9938
vn -0.0587 0.0934 -0.9939
vn -0.3402 -0.0082 -0.9403
vn -0.4677 -0.0064 -0.8838
vn -0.4788 0.1170 -0.8701
vn -0.3712 0.0507 -0.9272
vn -0.3403 -0.0082 -0.9403
vn -0.0080 0.0999 -0.9950
vn -0.0164 0.0898 -0.9958
vn -0.0162 0.0897 -0.9958
vn -0.0075 0.0999 -0.9950
vn 0.0133 0.0893 -0.9959
vn -0.3922 0.1757 -0.9029
vn -0.3713 0.0506 -0.9271
vn -0.4785 0.1170 -0.8703
vn -0.0333 0.1807 -0.9830
vn -0.0079 0.1000 -0.9950
vn -0.3714 0.0507 -0.9271
vn 0.3295 0.1687 -0.9290
vn 0.0133 0.0891 -0.9959
vn -0.0074 0.0998 -0.9950
vn -0.0076 0.0996 -0.9950
vn -0.0331 0.1807 -0.9830
vn 0.3296 0.1688 -0.9289
vn 0.0435 0.1234 -0.9914
vn 0.0133 0.0894 -0.9959
vn 0.3298 0.1684 -0.9289
vn 0.3295 0.1688 -0.9290
vn 0.4282 0.1723 -0.8871
vn 0.0433 0.1233 -0.9914
vn 0.3295 0.1688 -0.9289
vn 0.3158 0.2459 -0.9164
vn 0.4283 0.1723 -0.8871
vn 0.3154 0.2454 -0.9167
vn -0.0331 0.1808 -0.9830
vn 0.4143 0.2493 -0.8754
vn 0.4284 0.1723 -0.8870
vn 0.3154 0.2456 -0.9166
vn -0.3922 0.1760 -0.9029
vn -0.0748 0.3112 -0.9474
vn -0.0335 0.1806 -0.9830
vn -0.0748 0.3115 -0.9473
vn 0.3159 0.2453 -0.9165
vn 0.2628 0.3537 -0.8977
vn 0.3157 0.2455 -0.9166
vn -0.0746 0.3117 -0.9473
vn -0.1200 0.4368 -0.8915
vn -0.0747 0.3114 -0.9473
vn -0.4061 0.3081 -0.8603
vn -0.1197 0.4368 -0.8916
vn 0.2031 0.4738 -0.8569
vn -0.0748 0.3113 -0.9474
vn -0.4258 0.4339 -0.7940
vn -0.4061 0.3078 -0.8604
vn -0.5098 0.3680 -0.7776
vn -0.4063 0.3079 -0.8603
vn -0.4259 0.4338 -0.7940
vn -0.1198 0.4367 -0.8916
vn -0.5101 0.3679 -0.7775
vn -0.5210 0.4955 -0.6950
vn 0.1400 0.5954 -0.7912
vn 0.2428 0.5861 -0.7730
vn 0.2031 0.4737 -0.8570
vn 0.2031 0.4734 -0.8571
vn -0.1199 0.4368 -0.8915
vn 0.1401 0.5957 -0.7909
vn 0.1400 0.5957 -0.7909
vn 0.1811 0.6993 -0.6915
vn 0.2427 0.5862 -0.7730
vn -0.4258 0.4340 -0.7940
vn -0.1554 0.5529 -0.8186
vn -0.5209 0.4955 -0.6951
vn -0.4493 0.5510 -0.7033
vn -0.4261 0.4336 -0.7940
vn -0.4493 0.5509 -0.7033
vn -0.1554 0.5528 -0.8187
vn -0.1836 0.6659 -0.7231
vn -0.1550 0.5526 -0.8189
vn -0.4492 0.5509 -0.7034
vn 0.1399 0.5957 -0.7909
vn -0.1557 0.5529 -0.8186
vn 0.0907 0.7072 -0.7011
vn -0.1838 0.6659 -0.7230
vn 0.0909 0.7071 -0.7012
vn -0.1555 0.5530 -0.8186
vn 0.0907 0.7073 -0.7011
vn 0.1815 0.6991 -0.6916
vn -0.1838 0.6656 -0.7233
vn -0.4493 0.5509 -0.7034
vn -0.2196 0.7473 -0.6271
vn -0.4646 0.6362 -0.6160
vn -0.4495 0.5509 -0.7032
vn -0.5211 0.4956 -0.6949
vn -0.4645 0.6362 -0.6161
vn -0.2195 0.7473 -0.6272
vn -0.4494 0.5508 -0.7033
vn -0.4646 0.6360 -0.6162
vn -0.5357 0.5875 -0.6065
vn 0.1810 0.6991 -0.6918
vn 0.0908 0.7071 -0.7012
vn 0.0590 0.7913 -0.6086
vn 0.1408 0.7890 -0.5980
vn 0.0592 0.7913 -0.6085
vn -0.2294 0.8113 -0.5378
vn 0.0590 0.7913 -0.6085
vn -0.2196 0.7472 -0.6272
vn 0.0593 0.7912 -0.6086
vn 0.0230 0.8559 -0.5167
vn 0.1407 0.7889 -0.5982
vn 0.0232 0.8561 -0.5163
vn 0.0593 0.7913 -0.6086
vn -0.2320 0.8102 -0.5384
vn 0.1120 0.8564 -0.5041
vn 0.0231 0.8559 -0.5165
vn -0.2320 0.8101 -0.5384
vn -0.2506 0.8563 -0.4517
vn 0.0231 0.8560 -0.5165
vn -0.2323 0.8101 -0.5384
vn -0.4779 0.7015 -0.5287
vn -0.2507 0.8562 -0.4516
vn 0.0964 0.9106 -0.4018
vn 0.1117 0.8563 -0.5042
vn 0.0139 0.9063 -0.4225
vn -0.5256 0.8139 -0.2478
vn -0.5853 0.7408 -0.3296
vn -0.5970 0.7655 -0.2398
vn -0.6010 0.7824 -0.1631
vn -0.5256 0.8138 -0.2478
vn -0.5972 0.7654 -0.2398
vn 0.0866 0.9460 -0.3123
vn -0.0017 0.9457 -0.3251
vn -0.0072 0.9728 -0.2317
vn -0.0075 0.9727 -0.2319
vn -0.0017 0.9456 -0.3253
vn -0.2747 0.9269 -0.2558
vn 0.0750 0.9720 -0.2228
vn 0.0867 0.9460 -0.3124
vn -0.0072 0.9728 -0.2316
vn 0.0752 0.9720 -0.2228
vn -0.0071 0.9727 -0.2318
vn 0.0755 0.9878 -0.1366
vn -0.5284 0.8326 -0.1661
vn -0.5255 0.8139 -0.2478
vn -0.6010 0.7824 -0.1633
vn -0.6078 0.7894 -0.0860
vn -0.5286 0.8325 -0.1659
vn -0.2747 0.9268 -0.2561
vn -0.2787 0.9446 -0.1737
vn -0.5286 0.8325 -0.1660
vn -0.2788 0.9445 -0.1736
vn -0.5256 0.8138 -0.2481
vn -0.0072 0.9727 -0.2319
vn -0.2746 0.9269 -0.2557
vn -0.0108 0.9879 -0.1550
vn -0.0107 0.9879 -0.1550
vn 0.0754 0.9878 -0.1365
vn -0.0072 0.9727 -0.2318
vn -0.2786 0.9446 -0.1736
vn -0.5354 0.8399 -0.0887
vn -0.5285 0.8325 -0.1660
vn -0.6080 0.7893 -0.0858
vn -0.5287 0.8324 -0.1662
vn -0.5355 0.8398 -0.0893
vn -0.2788 0.9445 -0.1737
vn -0.5354 0.8399 -0.0893
vn -0.6080 0.7893 -0.0863
vn -0.6115 0.7909 -0.0225
vn -0.0078 0.9973 -0.0733
vn 0.0760 0.9947 -0.0690
vn -0.0108 0.9879 -0.1549
vn -0.0080 0.9973 -0.0732
vn -0.2784 0.9446 -0.1738
vn 0.0723 0.9974 0.0037
vn -0.2854 0.9535 -0.0968
vn -0.5353 0.8400 -0.0890
vn -0.0081 0.9973 -0.0732
vn -0.2785 0.9446 -0.1737
vn -0.2855 0.9534 -0.0971
vn -0.5301 0.8478 -0.0122
vn -0.5357 0.8397 -0.0892
vn -0.6113 0.7911 -0.0225
vn -0.5355 0.8398 -0.0892
vn -0.5301 0.8479 -0.0123
vn -0.2858 0.9534 -0.0968
vn -0.5501 0.8348 0.0204
vn -0.5301 0.8478 -0.0125
vn -0.0242 0.9997 0.0038
vn 0.0724 0.9974 0.0037
vn -0.0080 0.9973 -0.0735
vn -0.2855 0.9535 -0.0969
vn -0.0242 0.9997 0.0039
vn 0.0724 0.9974 0.0038
vn -0.0244 0.9997 0.0040
vn -0.0035 0.9992 0.0407
vn -0.2850 0.9585 -0.0012
vn -0.0244 0.9997 0.0035
vn -0.2857 0.9534 -0.0971
vn -0.2853 0.9584 -0.0012
vn -0.5302 0.8478 -0.0126
vn -0.4703 0.8814 0.0448
vn -0.4703 0.8814 0.0450
vn -0.5499 0.8350 0.0208
vn -0.3473 0.9369 0.0410
vn -0.0915 0.9943 0.0544
vn -0.0033 0.9992 0.0404
vn -0.0245 0.9997 0.0039
vn -0.2851 0.9585 -0.0014
vn -0.0916 0.9943 0.0544
vn -0.0245 0.9997 0.0038
vn -0.0036 0.9992 0.0406
vn -0.0915 0.9943 0.0543
vn -0.2296 0.9721 0.0479
vn -0.0914 0.9943 0.0543
vn -0.2881 0.9549 0.0718
vn -0.2808 0.9531 0.1133
vn -0.2884 0.9548 0.0713
vn -0.3038 0.9496 0.0768
vn -0.8796 -0.2779 -0.3861
vn -0.8532 -0.2097 -0.4776
vn -0.8782 -0.4628 -0.1206
vn -0.8797 -0.2779 -0.3860
vn -0.9212 -0.1973 -0.3353
vn -0.8530 -0.2097 -0.4779
vn -0.9682 -0.0957 -0.2311
vn -0.8971 -0.1330 -0.4212
vn -0.9212 -0.1971 -0.3354
vn -0.9212 -0.1972 -0.3353
vn -0.9187 -0.3949 -0.0055
vn -0.9683 -0.0952 -0.2309
vn -0.9682 -0.0954 -0.2312
vn -0.9459 -0.0487 -0.3209
vn -0.8972 -0.1331 -0.4210
vn -0.9683 -0.0951 -0.2312
vn -0.9913 0.0065 -0.1316
vn -0.9459 -0.0488 -0.3209
vn -0.9743 0.0427 -0.2211
vn -0.9459 -0.0486 -0.3208
vn -0.9913 0.0065 -0.1318
vn -0.9615 -0.2622 0.0827
vn -0.9682 -0.0953 -0.2312
vn -0.9186 -0.3951 -0.0055
vn -0.9682 -0.0956 -0.2312
vn -0.9614 -0.2623 0.0827
vn -0.9913 0.0066 -0.1318
vn -0.9743 0.0426 -0.2211
vn -0.9912 0.0067 -0.1319
vn -0.9821 0.1471 -0.1174
vn -0.9775 -0.1345 0.1622
vn -0.9912 0.0068 -0.1319
vn -0.9615 -0.2622 0.0826
vn -0.9776 -0.1345 0.1622
vn -0.8684 -0.1744 0.4642
vn -0.9712 -0.0171 0.2376
vn -0.9541 0.0839 0.2876
vn -0.9930 0.1147 -0.0290
vn -0.9712 -0.0168 0.2375
vn -0.8595 -0.0650 0.5069
vn -0.9539 0.0842 0.2879
vn -0.8683 -0.1745 0.4643
vn -0.9765 0.2120 0.0386
vn -0.9930 0.1148 -0.0290
vn -0.9541 0.0838 0.2877
vn -0.9539 0.0838 0.2881
vn -0.8596 -0.0652 0.5067
vn -0.9284 0.1671 0.3319
vn -0.9541 0.0840 0.2874
vn -0.9286 0.1668 0.3316
vn -0.9765 0.2121 0.0386
vn -0.8409 0.0284 0.5404
vn -0.8597 -0.0652 0.5066
vn -0.8201 -0.1168 0.5602
vn -0.8409 0.0284 0.5405
vn -0.8596 -0.0652 0.5068
vn -0.8409 0.0283 0.5404
vn -0.8201 -0.1167 0.5602
vn -0.8062 -0.0157 0.5914
vn -0.9711 0.2351 -0.0402
vn -0.9765 0.2121 0.0383
vn -0.9525 0.2900 0.0933
vn -0.9525 0.2897 0.0937
vn -0.9765 0.2118 0.0387
vn -0.9285 0.1671 0.3315
vn -0.9474 0.3193 0.0232
vn -0.9712 0.2350 -0.0406
vn -0.9524 0.2900 0.0934
vn -0.9017 0.2371 0.3614
vn -0.9524 0.2903 0.0934
vn -0.9285 0.1671 0.3316
vn -0.8933 0.4185 0.1639
vn -0.8550 0.4854 0.1825
vn -0.8851 0.4570 0.0881
vn -0.8550 0.4855 0.1822
vn -0.8933 0.4187 0.1634
vn -0.8317 0.3620 0.4209
vn -0.8443 0.5241 0.1117
vn -0.8853 0.4567 0.0879
vn -0.8550 0.4854 0.1826
vn -0.7870 0.1629 0.5951
vn -0.7418 0.1225 0.6593
vn -0.7436 0.2239 0.6300
vn -0.7438 0.2241 0.6297
vn -0.8319 0.3622 0.4204
vn -0.7871 0.1627 0.5949
vn -0.6971 0.1832 0.6932
vn -0.7418 0.1231 0.6592
vn -0.8317 0.3622 0.4208
vn -0.7874 0.4277 0.4439
vn -0.8550 0.4856 0.1822
vn -0.8318 0.3624 0.4205
vn -0.7436 0.2240 0.6299
vn -0.7875 0.4280 0.4435
vn -0.8442 0.5243 0.1117
vn -0.8551 0.4854 0.1824
vn -0.8092 0.5504 0.2055
vn -0.8093 0.5504 0.2053
vn -0.8549 0.4857 0.1822
vn -0.7873 0.4278 0.4440
vn -0.8026 0.5830 0.1262
vn -0.8443 0.5242 0.1117
vn -0.8093 0.5502 0.2056
vn -0.8026 0.5830 0.1260
vn -0.8094 0.5500 0.2058
vn -0.7633 0.6301 0.1427
vn -0.7004 0.2842 0.6548
vn -0.7436 0.2240 0.6300
vn -0.6971 0.1832 0.6931
vn -0.7005 0.2842 0.6547
vn -0.7876 0.4278 0.4435
vn -0.7438 0.2240 0.6297
vn -0.6971 0.1830 0.6932
vn -0.6555 0.2382 0.7166
vn -0.7704 0.5984 0.2202
vn -0.7633 0.6301 0.1425
vn -0.8094 0.5502 0.2054
vn -0.7704 0.5983 0.2204
vn -0.7197 0.6782 0.1487
vn -0.7005 0.2841 0.6546
vn -0.6528 0.3325 0.6807
vn -0.7875 0.4280 0.4434
vn -0.6125 0.2867 0.7366
vn -0.5702 0.3238 0.7550
vn -0.6528 0.3324 0.6808
vn -0.7249 0.6486 0.2321
vn -0.7198 0.6780 0.1486
vn -0.7702 0.5985 0.2204
vn -0.7248 0.6486 0.2321
vn -0.6737 0.7205 0.1643
vn -0.7458 0.4773 0.4647
vn -0.7704 0.5985 0.2198
vn -0.7874 0.4276 0.4439
vn -0.7249 0.6487 0.2318
vn -0.7703 0.5986 0.2198
vn -0.7458 0.4774 0.4647
vn -0.6092 0.3759 0.6982
vn -0.6527 0.3324 0.6808
vn -0.5704 0.3237 0.7549
vn -0.6527 0.3328 0.6806
vn -0.6094 0.3760 0.6980
vn -0.7459 0.4777 0.4642
vn -0.6092 0.3759 0.6983
vn -0.5704 0.3239 0.7548
vn -0.5238 0.3676 0.7685
vn -0.7009 0.5250 0.4829
vn -0.7459 0.4776 0.4641
vn -0.6093 0.3760 0.6981
vn -0.7248 0.6487 0.2319
vn -0.7007 0.5248 0.4833
vn -0.6729 0.6942 0.2555
vn -0.5572 0.4337 0.7081
vn -0.6095 0.3757 0.6981
vn -0.5239 0.3674 0.7684
vn -0.6092 0.3761 0.6981
vn -0.5569 0.4341 0.7081
vn -0.7010 0.5250 0.4828
vn -0.5774 0.6442 0.5016
vn -0.6138 0.6441 0.4565
vn -0.6298 0.7033 0.3297
vn -0.6384 0.5818 0.5038
vn -0.6732 0.6941 0.2552
vn -0.6383 0.5820 0.5039
vn -0.6298 0.7034 0.3294
vn -0.6730 0.6941 0.2554
vn 0.4344 0.1369 -0.8903
vn 0.5319 0.1168 -0.8387
vn 0.7675 0.0442 -0.6395
vn 0.4769 0.2789 -0.8336
vn 0.5706 0.2782 -0.7727
vn 0.4437 0.1981 -0.8740
vn 0.4772 0.2788 -0.8334
vn 0.5089 0.3834 -0.7708
vn 0.5707 0.2780 -0.7727
vn 0.9463 -0.1125 -0.3032
vn 0.8043 -0.0015 -0.5942
vn 0.7960 0.0117 -0.6052
vn 0.8253 0.0135 -0.5645
vn 0.8043 -0.0013 -0.5942
vn 0.9464 -0.1125 -0.3028
vn 0.9464 -0.1123 -0.3028
vn 0.9600 -0.0504 -0.2755
vn 0.9663 -0.1678 -0.1950
vn 0.9463 -0.1124 -0.3033
vn 0.7959 0.0114 -0.6053
vn 0.9598 -0.0505 -0.2760
vn 0.9790 -0.1006 -0.1770
vn 0.9664 -0.1675 -0.1951
vn 0.9600 -0.0505 -0.2753
vn 0.9616 0.0632 -0.2670
vn 0.9790 -0.1005 -0.1775
vn 0.9600 -0.0506 -0.2753
vn 0.9616 0.0635 -0.2672
vn 0.9834 -0.0057 -0.1813
vn 0.9791 -0.1004 -0.1771
vn 0.9599 -0.0505 -0.2758
vn 0.8049 0.0904 -0.5865
vn 0.9616 0.0630 -0.2673
vn 0.9616 0.0631 -0.2672
vn 0.9800 0.1221 -0.1574
vn 0.9834 -0.0056 -0.1816
vn 0.5710 0.2780 -0.7725
vn 0.8134 0.2102 -0.5424
vn 0.8051 0.0904 -0.5861
vn 0.8133 0.2098 -0.5427
vn 0.9615 0.0633 -0.2675
vn 0.8050 0.0900 -0.5863
vn 0.9531 0.1868 -0.2382
vn 0.9800 0.1224 -0.1572
vn 0.9616 0.0631 -0.2671
vn 0.9615 0.0633 -0.2673
vn 0.8133 0.2099 -0.5427
vn 0.9531 0.1870 -0.2379
vn 0.9800 0.1224 -0.1571
vn 0.9531 0.1867 -0.2382
vn 0.9629 0.2406 -0.1222
vn 0.5915 0.3865 -0.7077
vn 0.8134 0.2099 -0.5425
vn 0.8117 0.3202 -0.4884
vn 0.5908 0.4889 -0.6419
vn 0.7958 0.4299 -0.4266
vn 0.7664 0.5319 -0.3601
vn 0.9016 0.4091 -0.1407
vn 0.7958 0.4297 -0.4267
vn 0.9328 0.3008 -0.1983
vn 0.9016 0.4090 -0.1406
vn 0.9300 0.3610 -0.0697
vn 0.5718 0.5969 -0.5628
vn 0.7256 0.6224 -0.2937
vn 0.5449 0.6788 -0.4923
vn 0.5716 0.5967 -0.5632
vn 0.5069 0.5966 -0.6222
vn 0.5446 0.6789 -0.4924
vn 0.7257 0.6223 -0.2934
vn 0.5718 0.5966 -0.5631
vn 0.5449 0.6788 -0.4922
vn 0.5069 0.5965 -0.6222
vn 0.4877 0.6787 -0.5491
vn 0.9300 0.3610 -0.0699
vn 0.9016 0.4090 -0.1408
vn 0.8582 0.5059 -0.0867
vn 0.8902 0.4549 -0.0249
vn 0.9299 0.3612 -0.0699
vn 0.8582 0.5059 -0.0866
vn 0.8123 0.5829 -0.0180
vn 0.8582 0.5060 -0.0868
vn 0.6817 0.6937 -0.2324
vn 0.8398 0.5412 0.0433
vn 0.8902 0.4548 -0.0250
vn 0.8124 0.5828 -0.0181
vn 0.5448 0.6791 -0.4919
vn 0.4878 0.6787 -0.5491
vn 0.5050 0.7538 -0.4205
vn 0.5051 0.7538 -0.4203
vn 0.6818 0.6937 -0.2322
vn 0.5449 0.6790 -0.4920
vn 0.4422 0.7569 -0.4812
vn 0.5053 0.7537 -0.4203
vn 0.4878 0.6787 -0.5490
vn 0.3840 0.8761 -0.2916
vn 0.5738 0.8137 -0.0933
vn 0.4530 0.8153 -0.3607
vn 0.3234 0.9191 -0.2249
vn 0.3841 0.8761 -0.2914
vn 0.3170 0.8829 -0.3464
vn 0.6744 0.6928 0.2552
vn 0.6411 0.7442 0.1877
vn 0.6164 0.7230 0.3120
vn 0.2669 0.9492 -0.1669
vn 0.2027 0.9528 -0.2262
vn 0.2028 0.9527 -0.2265
vn 0.1442 0.9728 -0.1815
vn 0.2671 0.9491 -0.1669
vn 0.2671 0.9491 -0.1668
vn 0.4451 0.8948 0.0353
vn 0.3236 0.9191 -0.2247
vn 0.5821 0.7735 0.2506
vn 0.6164 0.7230 0.3121
vn 0.6411 0.7441 0.1878
vn 0.6165 0.7230 0.3118
vn 0.5823 0.7734 0.2506
vn 0.5624 0.7408 0.3672
vn 0.2061 0.9713 -0.1184
vn 0.2670 0.9491 -0.1671
vn 0.1444 0.9727 -0.1818
vn 0.2060 0.9714 -0.1181
vn 0.4453 0.8947 0.0351
vn 0.2061 0.9714 -0.1183
vn 0.1443 0.9727 -0.1815
vn 0.1009 0.9861 -0.1323
vn 0.5300 0.7932 0.2998
vn 0.5821 0.7736 0.2506
vn 0.4456 0.8945 0.0354
vn 0.3891 0.9170 0.0882
vn 0.4451 0.8948 0.0352
vn 0.5300 0.7933 0.2997
vn 0.4455 0.8946 0.0353
vn 0.3898 0.9166 0.0885
vn 0.1533 0.9866 -0.0552
vn 0.2061 0.9713 -0.1185
vn 0.1532 0.9867 -0.0552
vn 0.3896 0.9168 0.0881
vn 0.1008 0.9861 -0.1323
vn 0.1180 0.9919 -0.0464
vn 0.1531 0.9867 -0.0553
vn 0.4594 0.8169 0.3488
vn 0.5052 0.7620 0.4051
vn 0.5302 0.7931 0.2998
vn 0.3897 0.9167 0.0882
vn 0.4593 0.8170 0.3487
vn 0.5052 0.7619 0.4052
vn 0.4592 0.8169 0.3490
vn 0.4445 0.8106 0.3813
vn 0.3186 0.9356 0.1522
vn 0.3897 0.9167 0.0881
vn 0.1534 0.9866 -0.0552
vn 0.1559 0.9871 0.0354
vn 0.1181 0.9919 -0.0463
vn 0.2445 0.9599 0.1370
vn 0.1564 0.9871 0.0354
vn 0.2446 0.9599 0.1370
vn 0.2423 0.9510 0.1921
vn 0.2656 0.9375 0.2248
vn 0.3176 0.9200 0.2298
vn 0.3803 0.8626 0.3336
vn 0.3804 0.8625 0.3336
vn 0.3187 0.9356 0.1520
vn 0.2638 0.9432 0.2021
vn 0.3805 0.8625 0.3336
vn 0.2655 0.9375 0.2249
vn 0.1561 0.9871 0.0356
vn 0.2424 0.9510 0.1921
vn 0.2638 0.9433 0.2016
vn 0.7589 -0.5116 0.4029
vn 0.7216 -0.5413 0.4315
vn 0.8473 -0.4270 0.3158
vn 0.8548 -0.4230 0.3008
vn 0.8595 -0.4130 0.3011
vn 0.8578 -0.4255 0.2883
vn 0.8594 -0.4134 0.3008
vn 0.8549 -0.4227 0.3008
vn 0.9325 -0.3154 0.1759
vn 0.8595 -0.4133 0.3007
vn 0.8628 -0.4137 0.2905
vn 0.8628 -0.4136 0.2906
vn 0.8712 -0.3991 0.2860
vn 0.9324 -0.3156 0.1760
vn 0.9325 -0.3155 0.1758
vn 0.8625 -0.3783 0.3362
vn 0.8595 -0.4132 0.3008
vn 0.8625 -0.3782 0.3363
vn 0.7568 -0.4808 0.4429
vn 0.8594 -0.4134 0.3010
vn 0.7567 -0.4807 0.4431
vn 0.8625 -0.3781 0.3363
vn 0.7571 -0.4211 0.4995
vn 0.7573 -0.4209 0.4993
vn 0.7191 -0.5105 0.4714
vn 0.7569 -0.4808 0.4427
vn 0.7571 -0.4210 0.4996
vn 0.7251 -0.4469 0.5240
vn 0.7192 -0.5105 0.4713
vn 0.8626 -0.3169 0.3944
vn 0.7571 -0.4209 0.4996
vn 0.7572 -0.4208 0.4995
vn 0.7558 -0.3426 0.5581
vn 0.7251 -0.4470 0.5238
vn 0.7572 -0.4209 0.4995
vn 0.8626 -0.3168 0.3945
vn 0.7557 -0.3426 0.5581
vn 0.9292 -0.1524 0.3367
vn 0.9125 -0.0652 0.4040
vn 0.8558 -0.2441 0.4560
vn 0.8558 -0.2441 0.4561
vn 0.9124 -0.0653 0.4041
vn 0.8381 -0.1565 0.5225
vn 0.7386 -0.2547 0.6241
vn 0.8382 -0.1567 0.5224
vn 0.7068 -0.1529 0.6906
vn 0.7387 -0.2548 0.6241
vn 0.7068 -0.1529 0.6907
vn 0.6724 -0.1900 0.7154
vn 0.9124 -0.0653 0.4040
vn 0.8788 0.0426 0.4753
vn 0.8039 -0.0479 0.5929
vn 0.7069 -0.1530 0.6906
vn 0.8382 -0.1566 0.5224
vn 0.8039 -0.0479 0.5928
vn 0.8382 -0.1565 0.5225
vn 0.6724 -0.1897 0.7155
vn 0.6700 -0.0512 0.7406
vn 0.8038 -0.0480 0.5929
vn 0.7614 0.0499 0.6464
vn 0.7069 -0.1528 0.6907
vn 0.8040 -0.0478 0.5928
vn 0.8788 0.0427 0.4753
vn 0.7612 0.0499 0.6466
vn 0.6701 -0.0511 0.7405
vn 0.8340 0.1358 0.5348
vn 0.8787 0.0428 0.4754
vn 0.9004 0.0702 0.4293
vn 0.8340 0.1357 0.5348
vn 0.7613 0.0500 0.6465
vn 0.8339 0.1358 0.5349
vn 0.9004 0.0704 0.4293
vn 0.8538 0.1574 0.4962
vn 0.7850 0.2171 0.5801
vn 0.7145 0.1254 0.6883
vn 0.8340 0.1359 0.5348
vn 0.7145 0.1252 0.6883
vn 0.6695 0.1976 0.7161
vn 0.5963 0.0023 0.8027
vn 0.6294 0.0393 0.7761
vn 0.5782 0.1087 0.8086
vn 0.7385 0.2915 0.6080
vn 0.7852 0.2174 0.5799
vn 0.8057 0.2388 0.5421
vn 0.7383 0.2915 0.6082
vn 0.6696 0.1976 0.7159
vn 0.7852 0.2171 0.5800
vn 0.5781 0.1090 0.8087
vn 0.5125 0.1769 0.8403
vn 0.5390 0.0797 0.8385
vn 0.5124 0.1769 0.8403
vn 0.5783 0.1089 0.8086
vn 0.6203 0.2671 0.7375
vn 0.4684 0.1542 0.8699
vn 0.5392 0.0801 0.8384
vn 0.5126 0.1767 0.8403
vn 0.6891 0.3777 0.6185
vn 0.6204 0.2671 0.7374
vn 0.6993 0.4127 0.5836
vn 0.7530 0.3311 0.5686
vn 0.4082 0.2063 0.8893
vn 0.4497 0.2322 0.8625
vn 0.3416 0.2570 0.9040
vn 0.6346 0.4517 0.6271
vn 0.6891 0.3777 0.6184
vn 0.6515 0.4847 0.5836
vn 0.5936 0.5535 0.5842
vn 0.6347 0.4514 0.6272
vn 0.6514 0.4849 0.5836
vn 0.4960 0.4046 0.7683
vn 0.3834 0.2858 0.8782
vn 0.5596 0.3428 0.7545
vn 0.3196 0.3396 0.8846
vn 0.2756 0.3007 0.9130
vn 0.3836 0.2860 0.8781
vn 0.2755 0.3008 0.9130
vn 0.2211 0.3404 0.9139
vn 0.4367 0.4640 0.7707
vn 0.5254 0.5797 0.6228
vn 0.3196 0.3397 0.8846
vn 0.4961 0.4046 0.7682
vn 0.4367 0.4638 0.7708
vn 0.5255 0.5796 0.6229
vn 0.4939 0.6580 0.5685
vn 0.4633 0.6279 0.6253
vn 0.5252 0.5798 0.6229
vn 0.4634 0.6278 0.6254
vn 0.4367 0.4637 0.7709
vn 0.4939 0.6580 0.5684
vn 0.4443 0.6551 0.6111
vn 0.4635 0.6277 0.6254
vn 0.2619 0.3918 0.8820
vn 0.2210 0.3405 0.9139
vn 0.3196 0.3398 0.8845
vn 0.4369 0.4636 0.7708
vn 0.2620 0.3921 0.8819
vn 0.2207 0.3405 0.9140
vn 0.2615 0.3920 0.8820
vn 0.2307 0.3994 0.8873
vn 0.3702 0.5235 0.7674
vn 0.4633 0.6278 0.6255
vn 0.3705 0.5233 0.7674
vn 0.2621 0.3920 0.8818
vn 0.4369 0.4638 0.7707
vn 0.4031 0.6293 0.6645
vn 0.4634 0.6278 0.6255
vn 0.4445 0.6552 0.6109
vn 0.3704 0.5233 0.7674
vn 0.4633 0.6279 0.6254
vn 0.4031 0.6295 0.6643
vn 0.4030 0.6292 0.6646
vn 0.4442 0.6554 0.6109
vn 0.3651 0.5741 0.7329
vn 0.2308 0.3991 0.8874
vn 0.2601 0.4560 0.8511
vn 0.3149 0.5131 0.7984
vn 0.3104 0.5488 0.7762
vn 0.3150 0.5135 0.7982
vn 0.2604 0.4558 0.8511
vn 0.2602 0.4557 0.8513
vn 0.3187 0.5580 0.7662
vn 0.3102 0.5487 0.7763
vn 0.2927 0.5777 0.7620
vn 0.3101 0.5489 0.7762
vn 0.3187 0.5578 0.7663
vn -0.8306 -0.3978 -0.3897
vn -0.8405 -0.4246 -0.3366
vn -0.8871 -0.3083 -0.3436
vn -0.8307 -0.3978 -0.3895
vn -0.8870 -0.3083 -0.3436
vn -0.7993 -0.2866 -0.5281
vn -0.7547 -0.3381 -0.5622
vn -0.7994 -0.2866 -0.5280
vn -0.6863 -0.2447 -0.6849
vn -0.7430 -0.3287 -0.5830
vn -0.7433 -0.3453 -0.5729
vn -0.6864 -0.2451 -0.6847
vn -0.8870 -0.3086 -0.3437
vn -0.8927 -0.3414 -0.2941
vn -0.9341 -0.2153 -0.2849
vn -0.9389 -0.2452 -0.2415
vn -0.9341 -0.2154 -0.2848
vn -0.8927 -0.3413 -0.2941
vn -0.6862 -0.2449 -0.6850
vn -0.7261 -0.1827 -0.6628
vn -0.6560 -0.2070 -0.7259
vn -0.7263 -0.1826 -0.6627
vn -0.6861 -0.2448 -0.6850
vn -0.7995 -0.2864 -0.5279
vn -0.8870 -0.3085 -0.3436
vn -0.8540 -0.1970 -0.4815
vn -0.7818 -0.1062 -0.6144
vn -0.6948 -0.1471 -0.7040
vn -0.7262 -0.1825 -0.6628
vn -0.7818 -0.1063 -0.6144
vn -0.7262 -0.1824 -0.6628
vn -0.8542 -0.1970 -0.4813
vn -0.8067 0.0261 -0.5903
vn -0.7557 -0.0731 -0.6508
vn -0.8328 -0.0068 -0.5535
vn -0.8328 -0.0067 -0.5535
vn -0.8723 0.0981 -0.4790
vn -0.8068 0.0260 -0.5903
vn -0.8068 0.0261 -0.5903
vn -0.8722 0.0979 -0.4792
vn -0.8449 0.1240 -0.5204
vn -0.8723 0.0979 -0.4791
vn -0.8683 0.2360 -0.4363
vn -0.8449 0.1242 -0.5204
vn -0.9705 -0.1053 -0.2171
vn -0.9757 -0.1377 -0.1704
vn -0.8723 0.0981 -0.4791
vn -0.8948 0.2100 -0.3939
vn -0.8683 0.2362 -0.4362
vn -0.9574 0.1229 -0.2613
vn -0.9577 0.2243 -0.1802
vn -0.8947 0.2103 -0.3941
vn -0.9001 0.3128 -0.3033
vn -0.9001 0.3130 -0.3031
vn -0.8948 0.2102 -0.3940
vn -0.9577 0.2243 -0.1803
vn -0.8788 0.3289 -0.3458
vn -0.8690 0.2330 -0.4365
vn -0.9001 0.3128 -0.3032
vn -0.9577 0.2241 -0.1804
vn -0.9893 0.1297 -0.0662
vn -0.9450 0.3052 -0.1174
vn -0.8906 0.3892 -0.2354
vn -0.9451 0.3051 -0.1171
vn -0.8688 0.4162 -0.2683
vn -0.8787 0.3290 -0.3458
vn -0.8906 0.3892 -0.2355
vn -0.9586 0.2780 0.0619
vn -0.9777 0.2099 -0.0023
vn -0.9843 0.1736 0.0315
vn -0.9586 0.2778 0.0620
vn -0.9282 0.3677 -0.0572
vn -0.9777 0.2102 -0.0023
vn -0.9011 0.4336 0.0028
vn -0.8693 0.4634 -0.1723
vn -0.9281 0.3678 -0.0569
vn -0.9282 0.3677 -0.0571
vn -0.9586 0.2778 0.0621
vn -0.9010 0.4338 0.0031
vn -0.7966 0.6004 -0.0703
vn -0.7674 0.6326 -0.1041
vn -0.8374 0.5340 -0.1169
vn -0.8375 0.5338 -0.1168
vn -0.9010 0.4338 0.0028
vn -0.7675 0.6326 -0.1041
vn -0.7968 0.6002 -0.0703
vn -0.7173 0.6936 -0.0668
vn -0.9011 0.4337 0.0031
vn -0.9316 0.3389 0.1317
vn -0.8688 0.4916 0.0587
vn -0.7965 0.6005 -0.0702
vn -0.9009 0.4339 0.0030
vn -0.8688 0.4917 0.0586
vn -0.8652 0.3912 0.3138
vn -0.9030 0.3819 0.1970
vn -0.9039 0.3509 0.2446
vn -0.7501 0.6609 -0.0237
vn -0.7172 0.6936 -0.0667
vn -0.7966 0.6004 -0.0702
vn -0.8688 0.4917 0.0585
vn -0.7502 0.6608 -0.0242
vn -0.6685 0.7432 -0.0287
vn -0.9028 0.3822 0.1970
vn -0.8659 0.4233 0.2666
vn -0.8688 0.4916 0.0588
vn -0.7027 0.7113 0.0142
vn -0.6683 0.7433 -0.0287
vn -0.7502 0.6608 -0.0238
vn -0.6684 0.7433 -0.0287
vn -0.7029 0.7111 0.0140
vn -0.6252 0.7802 0.0190
vn -0.8287 0.5488 0.1103
vn -0.8688 0.4917 0.0588
vn -0.8658 0.4233 0.2668
vn -0.7028 0.7113 0.0142
vn -0.7501 0.6609 -0.0238
vn -0.8287 0.5488 0.1099
vn -0.8219 0.4685 0.3241
vn -0.8658 0.4231 0.2671
vn -0.8260 0.4203 0.3755
vn -0.8218 0.4687 0.3239
vn -0.8285 0.5490 0.1101
vn -0.8217 0.4687 0.3242
vn -0.8260 0.4202 0.3756
vn -0.7854 0.4546 0.4201
vn -0.8286 0.5490 0.1099
vn -0.7857 0.5956 0.1669
vn -0.7025 0.7115 0.0139
vn -0.7858 0.5955 0.1671
vn -0.6546 0.7527 0.0703
vn -0.6250 0.7804 0.0191
vn -0.6545 0.7528 0.0702
vn -0.6230 0.7778 0.0828
vn -0.8220 0.4685 0.3238
vn -0.7730 0.5133 0.3729
vn -0.7856 0.5957 0.1669
vn -0.7855 0.4546 0.4199
vn -0.7548 0.5167 0.4041
vn -0.7729 0.5134 0.3729
vn -0.6726 0.6905 0.2659
vn -0.6816 0.6995 0.2147
vn -0.6432 0.7520 0.1440
vn -0.7282 0.6469 0.2265
vn -0.6432 0.7520 0.1439
vn -0.6542 0.7530 0.0703
vn -0.7279 0.6473 0.2264
vn -0.7730 0.5133 0.3728
vn -0.7311 0.5716 0.3726
vn -0.7312 0.5717 0.3722
vn -0.7121 0.6369 0.2953
vn -0.6828 0.6709 0.2892
vn -0.6429 0.7523 0.1440
vn -0.6863 0.6765 0.2670
vn -0.6729 0.6902 0.2660
vn -0.6595 0.6929 0.2915
vn -0.6729 0.6904 0.2656
vn -0.6863 0.6767 0.2666
vn -0.4751 0.0187 -0.8797
vn -0.4898 0.0279 -0.8714
vn -0.4908 0.0448 -0.8701
vn -0.4894 0.0279 -0.8716
vn -0.5063 0.0259 -0.8620
vn -0.6207 -0.0533 -0.7822
vn -0.6645 -0.0922 -0.7416
vn -0.6209 -0.0532 -0.7821
vn -0.5061 0.0263 -0.8620
vn -0.3314 0.1271 -0.9349
vn -0.4761 0.0359 -0.8787
vn -0.4906 0.0453 -0.8702
vn -0.4683 0.0512 -0.8821
vn -0.4760 0.0358 -0.8787
vn -0.3313 0.1269 -0.9349
vn -0.3312 0.1274 -0.9349
vn -0.2710 0.1541 -0.9502
vn -0.4687 0.0513 -0.8819
vn -0.3316 0.1272 -0.9348
vn -0.3528 0.1956 -0.9150
vn -0.2709 0.1541 -0.9502
vn -0.3527 0.1953 -0.9151
vn -0.3313 0.1271 -0.9349
vn -0.5179 0.1096 -0.8484
vn -0.2869 0.2262 -0.9309
vn -0.2711 0.1538 -0.9502
vn -0.3527 0.1958 -0.9150
vn -0.6210 -0.0531 -0.7820
vn -0.6645 -0.0925 -0.7416
vn -0.6601 0.0029 -0.7512
vn -0.5178 0.1094 -0.8485
vn -0.6208 -0.0533 -0.7821
vn -0.6600 0.0032 -0.7513
vn -0.6975 -0.0331 -0.7158
vn -0.6601 0.0027 -0.7512
vn -0.6644 -0.0925 -0.7416
vn -0.5177 0.1094 -0.8485
vn -0.6601 0.0028 -0.7511
vn -0.5550 0.1991 -0.8077
vn -0.3873 0.2856 -0.8766
vn -0.2872 0.2264 -0.9307
vn -0.3873 0.2853 -0.8767
vn -0.3525 0.1957 -0.9151
vn -0.5548 0.1993 -0.8078
vn -0.3872 0.2858 -0.8766
vn -0.3373 0.3090 -0.8892
vn -0.2868 0.2261 -0.9309
vn -0.6601 0.0030 -0.7512
vn -0.6977 -0.0331 -0.7157
vn -0.6958 0.0924 -0.7123
vn -0.7298 0.0618 -0.6809
vn -0.6959 0.0923 -0.7122
vn -0.6977 -0.0332 -0.7157
vn -0.6957 0.0925 -0.7124
vn -0.7201 0.1915 -0.6669
vn -0.4255 0.3752 -0.8235
vn -0.3870 0.2855 -0.8767
vn -0.5912 0.2960 -0.7503
vn -0.3757 0.3992 -0.8363
vn -0.3371 0.3090 -0.8893
vn -0.4255 0.3756 -0.8233
vn -0.5913 0.2959 -0.7502
vn -0.7470 0.2929 -0.5968
vn -0.6172 0.3970 -0.6794
vn -0.6171 0.3970 -0.6794
vn -0.4610 0.4728 -0.7510
vn -0.5913 0.2957 -0.7503
vn -0.4809 0.5743 -0.6626
vn -0.4611 0.4727 -0.7510
vn -0.6355 0.4924 -0.5947
vn -0.4610 0.4725 -0.7511
vn -0.4807 0.5743 -0.6627
vn -0.4333 0.5905 -0.6809
vn -0.6353 0.4922 -0.5950
vn -0.7665 0.3864 -0.5130
vn -0.6411 0.5766 -0.5065
vn -0.6411 0.5767 -0.5064
vn -0.4808 0.5742 -0.6626
vn -0.7668 0.4777 -0.4287
vn -0.7664 0.3864 -0.5131
vn -0.8000 0.3494 -0.4877
vn -0.7667 0.4778 -0.4288
vn -0.7663 0.3865 -0.5133
vn -0.4333 0.5906 -0.6807
vn -0.4806 0.5742 -0.6628
vn -0.5018 0.6460 -0.5752
vn -0.5019 0.6461 -0.5751
vn -0.4808 0.5741 -0.6627
vn -0.6412 0.5767 -0.5062
vn -0.4553 0.6631 -0.5941
vn -0.5018 0.6461 -0.5752
vn -0.6411 0.5766 -0.5064
vn -0.6446 0.6273 -0.4369
vn -0.6446 0.6274 -0.4369
vn -0.6412 0.5767 -0.5063
vn -0.5018 0.6461 -0.5751
vn -0.5064 0.7021 -0.5006
vn -0.4549 0.6632 -0.5943
vn -0.5063 0.7022 -0.5006
vn -0.4605 0.7237 -0.5140
vn -0.4551 0.6633 -0.5941
vn -0.5063 0.7023 -0.5005
vn -0.7969 0.4402 -0.4137
vn -0.7598 0.5364 -0.3674
vn -0.7597 0.5363 -0.3677
vn -0.6446 0.6274 -0.4368
vn -0.7668 0.4778 -0.4286
vn -0.7947 0.5045 -0.3376
vn -0.7599 0.5362 -0.3674
vn -0.7970 0.4402 -0.4136
vn -0.6446 0.6274 -0.4370
vn -0.6361 0.6761 -0.3720
vn -0.5062 0.7022 -0.5006
vn -0.6447 0.6272 -0.4370
vn -0.7599 0.5362 -0.3675
vn -0.6363 0.6759 -0.3719
vn -0.7561 0.5853 -0.2926
vn -0.7600 0.5361 -0.3674
vn -0.7945 0.5049 -0.3375
vn -0.7563 0.5851 -0.2926
vn -0.7951 0.5488 -0.2580
vn -0.6298 0.7138 -0.3064
vn -0.4973 0.7537 -0.4297
vn -0.6361 0.6760 -0.3721
vn -0.4266 0.8288 -0.3620
vn -0.4775 0.8029 -0.3569
vn -0.3970 0.8670 -0.3010
vn -0.7894 0.5873 -0.1785
vn -0.7858 0.6098 -0.1029
vn -0.7591 0.6136 -0.2173
vn -0.4528 0.8398 -0.2995
vn -0.3970 0.8670 -0.3012
vn -0.4775 0.8028 -0.3570
vn -0.3969 0.8671 -0.3011
vn -0.4526 0.8398 -0.2998
vn -0.3648 0.8986 -0.2439
vn -0.4527 0.8399 -0.2994
vn -0.6299 0.7139 -0.3061
vn -0.6164 0.7531 -0.2300
vn -0.7551 0.6411 -0.1369
vn -0.7591 0.6138 -0.2171
vn -0.7859 0.6097 -0.1031
vn -0.7554 0.6409 -0.1368
vn -0.6165 0.7530 -0.2298
vn -0.7590 0.6138 -0.2171
vn -0.7791 0.6261 -0.0310
vn -0.7553 0.6409 -0.1370
vn -0.7857 0.6100 -0.1030
vn -0.7437 0.6654 -0.0651
vn -0.7552 0.6410 -0.1369
vn -0.7792 0.6261 -0.0308
vn -0.3889 0.9061 -0.1665
vn -0.4169 0.8798 -0.2285
vn -0.6012 0.7822 -0.1635
vn -0.3891 0.9060 -0.1666
vn -0.6010 0.7824 -0.1634
vn -0.5790 0.8101 -0.0921
vn -0.5789 0.8102 -0.0920
vn -0.6011 0.7823 -0.1634
vn -0.7345 0.6785 0.0070
vn -0.3699 0.9242 -0.0949
vn -0.3066 0.9438 -0.1235
vn -0.3890 0.9061 -0.1666
vn -0.3891 0.9060 -0.1665
vn -0.5792 0.8100 -0.0923
vn -0.3698 0.9243 -0.0948
vn -0.3066 0.9438 -0.1237
vn -0.3699 0.9242 -0.0948
vn -0.3440 0.9361 -0.0728
vn -0.7060 0.7048 0.0694
vn -0.7344 0.6787 0.0071
vn -0.7559 0.6471 0.0997
vn -0.7343 0.6788 0.0071
vn -0.7061 0.7048 0.0691
vn -0.5791 0.8100 -0.0922
vn -0.7558 0.6471 0.0999
vn -0.7088 0.6966 0.1110
vn -0.7063 0.7045 0.0693
vn -0.4063 0.9131 -0.0347
vn -0.3441 0.9361 -0.0727
vn -0.3697 0.9243 -0.0947
vn -0.5148 0.8561 0.0464
vn -0.4964 0.8681 0.0095
vn -0.4059 0.9133 -0.0347
vn -0.5549 0.8319 -0.0114
vn -0.5548 0.8319 -0.0116
vn -0.5791 0.8100 -0.0921
vn -0.7062 0.7046 0.0694
vn -0.5551 0.8317 -0.0115
vn -0.4060 0.9132 -0.0348
vn -0.3700 0.9242 -0.0949
vn -0.6544 0.7504 0.0933
vn -0.7062 0.7046 0.0693
vn -0.7089 0.6966 0.1110
vn -0.5549 0.8318 -0.0117
vn -0.7061 0.7047 0.0692
vn -0.6545 0.7502 0.0936
vn -0.6547 0.7501 0.0935
vn -0.5767 0.8158 0.0439
vn -0.6544 0.7503 0.0936
vn -0.5771 0.8155 0.0440
vn -0.5390 0.8401 0.0612
vn -0.5288 0.8472 0.0514
vn -0.5548 0.8319 -0.0115
vn -0.6544 0.7503 0.0935
vn -0.4062 0.9132 -0.0345
vn -0.5546 0.8321 -0.0112
vn -0.5291 0.8470 0.0515
vn -0.5389 0.8401 0.0612
vn -0.5290 0.8471 0.0513
vn -0.5180 0.8518 0.0784
vn -0.5391 0.8400 0.0611
vn -0.5181 0.8517 0.0782
vn -0.5148 0.8560 0.0463
vn -0.5289 0.8472 0.0512
vn -0.7980 -0.5836 -0.1505
vn -0.8061 -0.5756 -0.1374
vn -0.8124 -0.5667 -0.1373
vn -0.7979 -0.5837 -0.1506
vn -0.8124 -0.5667 -0.1374
vn -0.8084 -0.5685 -0.1524
vn -0.7222 -0.6878 0.0735
vn -0.7493 -0.6620 0.0174
vn -0.8079 -0.5773 -0.1183
vn -0.8166 -0.5540 -0.1618
vn -0.8085 -0.5684 -0.1526
vn -0.8326 -0.4642 -0.3022
vn -0.8326 -0.4640 -0.3023
vn -0.8302 -0.4295 -0.3553
vn -0.8165 -0.5541 -0.1619
vn -0.8123 -0.5668 -0.1373
vn -0.8417 -0.5290 -0.1083
vn -0.8326 -0.4642 -0.3021
vn -0.7493 -0.6620 0.0173
vn -0.8419 -0.5287 -0.1084
vn -0.8324 -0.4642 -0.3025
vn -0.8593 -0.4275 -0.2808
vn -0.8302 -0.4296 -0.3553
vn -0.8594 -0.4274 -0.2807
vn -0.8418 -0.5288 -0.1084
vn -0.8609 -0.3873 -0.3300
vn -0.8302 -0.4296 -0.3552
vn -0.8593 -0.4274 -0.2808
vn -0.8417 -0.5290 -0.1084
vn -0.8826 -0.4667 -0.0561
vn -0.8593 -0.4276 -0.2807
vn -0.8419 -0.5287 -0.1081
vn -0.7779 -0.6258 0.0567
vn -0.8827 -0.4665 -0.0563
vn -0.7778 -0.6260 0.0566
vn -0.7471 -0.6551 0.1126
vn -0.8200 -0.5630 0.1032
vn -0.8201 -0.5628 0.1034
vn -0.8826 -0.4667 -0.0559
vn -0.7777 -0.6260 0.0568
vn -0.7935 -0.5887 0.1544
vn -0.8202 -0.5628 0.1031
vn -0.7470 -0.6552 0.1128
vn -0.8826 -0.4668 -0.0558
vn -0.9186 -0.3951 -0.0056
vn -0.9011 -0.3708 -0.2250
vn -0.9409 -0.2959 -0.1649
vn -0.9186 -0.3952 -0.0056
vn -0.9720 -0.2117 -0.1017
vn -0.9407 -0.2647 -0.2122
vn -0.9721 -0.2117 -0.1015
vn -0.9722 -0.1765 -0.1541
vn -0.8201 -0.5628 0.1030
vn -0.7934 -0.5888 0.1544
vn -0.8595 -0.4889 0.1491
vn -0.8199 -0.5631 0.1032
vn -0.8596 -0.4887 0.1490
vn -0.8650 -0.4287 0.2608
vn -0.8906 -0.3205 0.3226
vn -0.8933 -0.3957 0.2131
vn -0.9720 -0.2118 -0.1016
vn -0.9507 -0.3039 0.0621
vn -0.9936 -0.1070 -0.0349
vn -0.9721 -0.2116 -0.1016
vn -0.9936 -0.1075 -0.0347
vn -0.9929 -0.0820 -0.0862
vn -0.8933 -0.3958 0.2131
vn -0.9173 -0.2882 0.2748
vn -0.8905 -0.3207 0.3229
vn -0.9172 -0.2883 0.2750
vn -0.8934 -0.3956 0.2131
vn -0.9929 -0.0822 -0.0862
vn -0.9937 -0.1068 -0.0348
vn -0.9993 -0.0106 0.0369
vn -0.9272 -0.1874 0.3244
vn -0.9173 -0.2883 0.2748
vn -0.8903 -0.3214 0.3225
vn -0.9272 -0.1874 0.3243
vn -0.8904 -0.3213 0.3224
vn -0.9043 -0.2184 0.3668
vn -0.9713 -0.0171 0.2374
vn -0.9600 0.0504 0.2755
vn -0.9936 0.0642 0.0930
vn -0.9712 -0.0174 0.2375
vn -0.9240 -0.0991 0.3694
vn -0.9599 0.0507 0.2757
vn -0.9948 0.0914 0.0450
vn -0.9936 0.0643 0.0925
vn -0.9804 0.1497 0.1284
vn -0.9801 0.1811 0.0812
vn -0.9948 0.0915 0.0450
vn -0.9803 0.1497 0.1285
vn -0.9086 -0.0270 0.4168
vn -0.9239 -0.0995 0.3695
vn -0.9013 -0.1237 0.4152
vn -0.9086 -0.0271 0.4169
vn -0.9599 0.0503 0.2757
vn -0.9239 -0.0993 0.3695
vn -0.9012 -0.1238 0.4154
vn -0.8842 -0.0452 0.4649
vn -0.9415 0.1286 0.3116
vn -0.9804 0.1495 0.1284
vn -0.9600 0.0505 0.2754
vn -0.9599 0.0504 0.2757
vn -0.9413 0.1289 0.3119
vn -0.9803 0.1497 0.1287
vn -0.9594 0.2322 0.1603
vn -0.9801 0.1809 0.0812
vn -0.9594 0.2324 0.1599
vn -0.9415 0.1287 0.3115
vn -0.9551 0.2743 0.1122
vn -0.9593 0.2325 0.1601
vn -0.9085 -0.0271 0.4170
vn -0.8842 -0.0450 0.4649
vn -0.8816 0.0509 0.4693
vn -0.8531 0.0361 0.5205
vn -0.8183 0.0939 0.5670
vn -0.8816 0.0508 0.4693
vn -0.9343 0.3083 0.1792
vn -0.9277 0.3496 0.1308
vn -0.9593 0.2324 0.1603
vn -0.9277 0.3495 0.1309
vn -0.9343 0.3082 0.1793
vn -0.8969 0.4177 0.1450
vn -0.9414 0.1287 0.3116
vn -0.9136 0.2103 0.3479
vn -0.9594 0.2326 0.1597
vn -0.8490 0.1090 0.5171
vn -0.8816 0.0509 0.4692
vn -0.8183 0.0939 0.5671
vn -0.7802 0.1503 0.6072
vn -0.8489 0.1086 0.5172
vn -0.8184 0.0940 0.5670
vn -0.8489 0.1091 0.5172
vn -0.8107 0.1714 0.5598
vn -0.9136 0.2106 0.3479
vn -0.9027 0.3822 0.1973
vn -0.8969 0.4177 0.1451
vn -0.9343 0.3082 0.1792
vn -0.9342 0.3085 0.1790
vn -0.9136 0.2104 0.3479
vn -0.9029 0.3820 0.1970
vn -0.8968 0.4179 0.1453
vn -0.9028 0.3822 0.1972
vn -0.8615 0.4849 0.1506
vn -0.8839 0.2737 0.3792
vn -0.8106 0.1715 0.5599
vn -0.8838 0.2740 0.3793
vn -0.9028 0.3823 0.1971
vn -0.9137 0.2102 0.3479
vn -0.6998 0.2451 0.6710
vn -0.7056 0.3076 0.6384
vn -0.7306 0.2945 0.6160
vn -0.8664 0.4501 0.2163
vn -0.8454 0.3410 0.4112
vn -0.8247 0.5102 0.2440
vn -0.7995 0.4077 0.4412
vn -0.8246 0.5104 0.2440
vn -0.7308 0.2946 0.6158
vn -0.7260 0.3594 0.5863
vn -0.7996 0.4079 0.4408
vn -0.7257 0.3596 0.5865
vn -0.7621 0.4151 0.4968
vn -0.7540 0.4558 0.4730
vn -0.7633 0.4695 0.4437
vn -0.7856 0.4660 0.4070
vn -0.7979 0.5150 0.3133
vn -0.7978 0.5150 0.3133
vn -0.7629 0.4578 0.4566
vn -0.7630 0.4579 0.4563
vn -0.7996 0.4078 0.4408
vn -0.7258 0.3596 0.5864
vn -0.7390 0.4811 0.4716
vn -0.7632 0.4696 0.4438
vn -0.7392 0.4808 0.4716
vn -0.7630 0.4578 0.4564
vn -0.7540 0.4560 0.4729
vn -0.1855 -0.8464 0.4992
vn -0.1931 -0.8370 0.5120
vn -0.1976 -0.8416 0.5027
vn -0.0074 -0.8238 0.5669
vn -0.1934 -0.8370 0.5119
vn -0.1811 -0.8418 0.5084
vn -0.0076 -0.8239 0.5668
vn -0.2139 -0.8089 0.5476
vn -0.1935 -0.8370 0.5118
vn -0.2140 -0.8088 0.5477
vn -0.0075 -0.8238 0.5669
vn -0.0173 -0.7958 0.6052
vn -0.4888 -0.6891 0.5351
vn -0.4643 -0.7491 0.4725
vn -0.4370 -0.6965 0.5691
vn -0.4432 -0.6958 0.5652
vn -0.4674 -0.6196 0.6306
vn -0.4892 -0.6888 0.5350
vn -0.4891 -0.6889 0.5350
vn -0.4675 -0.6195 0.6306
vn -0.5135 -0.6133 0.6001
vn -0.4676 -0.6194 0.6306
vn -0.5419 -0.5176 0.6621
vn -0.5135 -0.6132 0.6002
vn -0.4368 -0.6965 0.5693
vn -0.2695 -0.6977 0.6637
vn -0.4675 -0.6196 0.6306
vn -0.2694 -0.6980 0.6636
vn -0.4366 -0.6965 0.5695
vn -0.2462 -0.7584 0.6035
vn -0.4727 -0.6191 0.6271
vn -0.4897 -0.5241 0.6968
vn -0.5422 -0.5175 0.6620
vn -0.4677 -0.6196 0.6304
vn -0.2998 -0.6206 0.7246
vn -0.4894 -0.5241 0.6970
vn -0.0578 -0.7529 0.6556
vn -0.2460 -0.7582 0.6038
vn -0.0172 -0.7962 0.6048
vn -0.0173 -0.7961 0.6049
vn 0.0441 -0.7855 0.6173
vn -0.0582 -0.7531 0.6553
vn 0.0033 -0.7434 0.6689
vn -0.0581 -0.7531 0.6553
vn 0.0441 -0.7853 0.6175
vn -0.0628 -0.6038 0.7947
vn -0.1005 -0.5162 0.8506
vn -0.1239 -0.6131 0.7803
vn -0.1883 -0.4217 0.8869
vn -0.1531 -0.5169 0.8422
vn -0.1004 -0.5162 0.8506
vn -0.3280 -0.5239 0.7861
vn -0.1527 -0.5170 0.8423
vn -0.3559 -0.4186 0.8356
vn -0.3286 -0.5238 0.7859
vn -0.3558 -0.4184 0.8357
vn -0.4895 -0.5239 0.6971
vn -0.1884 -0.4218 0.8869
vn -0.3556 -0.4186 0.8356
vn -0.1529 -0.5172 0.8421
vn -0.1884 -0.4217 0.8869
vn -0.1004 -0.5160 0.8507
vn -0.1360 -0.4215 0.8966
vn -0.5105 -0.4190 0.7509
vn -0.4895 -0.5240 0.6971
vn -0.3557 -0.4184 0.8357
vn -0.5477 -0.4290 0.7183
vn -0.5418 -0.5174 0.6624
vn -0.5104 -0.4193 0.7508
vn -0.3719 -0.3349 0.8658
vn -0.5104 -0.4192 0.7508
vn -0.3561 -0.4184 0.8356
vn -0.5135 -0.3374 0.7889
vn -0.5477 -0.4290 0.7184
vn -0.5137 -0.3374 0.7888
vn -0.3718 -0.3348 0.8659
vn -0.3720 -0.3351 0.8656
vn -0.3841 -0.2560 0.8871
vn -0.5139 -0.3376 0.7886
vn -0.3919 -0.1730 0.9036
vn -0.5328 -0.2506 0.8083
vn -0.3842 -0.2561 0.8870
vn -0.3839 -0.2559 0.8872
vn -0.2171 -0.2430 0.9454
vn -0.3920 -0.1728 0.9036
vn -0.5533 -0.1657 0.8164
vn -0.5326 -0.2507 0.8084
vn -0.3917 -0.1730 0.9037
vn -0.6042 -0.1398 0.7845
vn -0.5849 -0.2427 0.7740
vn -0.5534 -0.1655 0.8163
vn -0.6041 -0.1396 0.7846
vn -0.5535 -0.1656 0.8162
vn -0.6191 -0.0630 0.7828
vn -0.6192 -0.0630 0.7827
vn -0.5751 -0.0705 0.8150
vn -0.6350 0.0261 0.7721
vn -0.3936 -0.0815 0.9157
vn -0.1986 -0.0627 0.9781
vn -0.2167 -0.1502 0.9646
vn -0.1451 -0.0446 0.9884
vn -0.1985 -0.0627 0.9781
vn -0.3933 -0.0816 0.9158
vn -0.2162 -0.1498 0.9648
vn -0.1240 0.0369 0.9916
vn -0.1986 -0.0626 0.9781
vn -0.1450 -0.0445 0.9884
vn -0.1893 0.0218 0.9817
vn -0.1240 0.0368 0.9916
vn -0.1984 -0.0627 0.9781
vn -0.1891 0.0219 0.9817
vn -0.3934 -0.0817 0.9157
vn -0.1241 0.0367 0.9916
vn -0.1078 0.1132 0.9877
vn -0.1892 0.0219 0.9817
vn -0.5864 0.0128 0.8099
vn -0.6349 0.0259 0.7721
vn -0.5750 -0.0707 0.8151
vn -0.5752 -0.0707 0.8150
vn -0.3935 -0.0814 0.9157
vn -0.5865 0.0127 0.8098
vn -0.5863 0.0128 0.8100
vn -0.6501 0.0912 0.7544
vn -0.4003 0.0009 0.9164
vn -0.3933 -0.0814 0.9158
vn -0.1891 0.0217 0.9817
vn -0.4007 0.0011 0.9162
vn -0.5864 0.0127 0.8099
vn -0.3935 -0.0813 0.9157
vn -0.1813 0.1053 0.9778
vn -0.1078 0.1130 0.9877
vn -0.5867 0.1651 0.7928
vn -0.6500 0.1589 0.7431
vn -0.5948 0.0876 0.7991
vn -0.5949 0.0874 0.7990
vn -0.4010 0.0921 0.9114
vn -0.5868 0.1651 0.7928
vn -0.3981 0.1761 0.9003
vn -0.1882 0.1806 0.9654
vn -0.2367 0.2235 0.9455
vn -0.5366 0.2127 0.8166
vn -0.5989 0.1951 0.7767
vn -0.5989 0.1952 0.7767
vn -0.5365 0.2127 0.8166
vn -0.4402 0.2120 0.8725
vn -0.4027 0.2441 0.8822
vn -0.4403 0.2120 0.8725
vn -0.5369 0.2127 0.8164
vt 0.124270 0.118650
vt 0.133790 0.053010
vt 0.135620 0.118710
vt 0.131960 0.052980
vt 0.147090 0.119020
vt 0.137690 0.053130
vt 0.135500 0.183230
vt 0.114560 0.183230
vt 0.112670 0.118650
vt 0.092960 0.183230
vt 0.165650 0.247310
vt 0.156620 0.183720
vt 0.178220 0.184200
vt 0.135500 0.246950
vt 0.196780 0.247680
vt 0.105220 0.246700
vt 0.135380 0.309330
vt 0.057830 0.308840
vt 0.074220 0.246700
vt 0.097050 0.309080
vt 0.173710 0.309570
vt 0.213010 0.309570
vt 0.090760 0.370360
vt 0.045140 0.369870
vt 0.179930 0.370600
vt 0.225590 0.370360
vt 0.234380 0.430180
vt 0.135380 0.370850
vt 0.239750 0.488520
vt 0.187010 0.488770
vt 0.135250 0.430420
vt 0.184330 0.430420
vt 0.086300 0.430180
vt 0.135250 0.488770
vt 0.083560 0.488520
vt 0.135250 0.545900
vt 0.188230 0.545900
vt 0.242060 0.545410
vt 0.082400 0.545410
vt 0.030870 0.488280
vt 0.028580 0.545410
vt 0.188110 0.601560
vt 0.135380 0.601560
vt 0.239010 0.656740
vt 0.233150 0.711430
vt 0.186650 0.656740
vt 0.084170 0.656250
vt 0.082580 0.601070
vt 0.135380 0.656740
vt 0.031680 0.655760
vt 0.028780 0.601070
vt 0.135500 0.711430
vt 0.183590 0.711430
vt 0.087220 0.710940
vt 0.091800 0.765140
vt 0.046510 0.764650
vt 0.058750 0.818850
vt 0.097660 0.819340
vt 0.074040 0.872560
vt 0.135500 0.765620
vt 0.172480 0.819820
vt 0.179080 0.766110
vt 0.211550 0.820310
vt 0.195800 0.873050
vt 0.134890 0.819820
vt 0.105470 0.872560
vt 0.164790 0.873050
vt 0.179930 0.924800
vt 0.113590 0.924800
vt 0.091000 0.924320
vt 0.107790 0.975100
vt 0.135250 0.873050
vt 0.135500 0.924800
vt 0.121770 0.975100
vt 0.157470 0.924800
vt 0.150150 0.975100
vt 0.164190 0.975100
vt 0.852050 0.043820
vt 0.852050 0.109190
vt 0.850100 0.043910
vt 0.840820 0.109860
vt 0.848150 0.044010
vt 0.829100 0.110780
vt 0.831540 0.174930
vt 0.809570 0.176390
vt 0.863280 0.108950
vt 0.854000 0.043760
vt 0.852050 0.173830
vt 0.855960 0.043700
vt 0.875000 0.108950
vt 0.873050 0.173460
vt 0.894530 0.173460
vt 0.882320 0.237430
vt 0.913090 0.237060
vt 0.852050 0.238040
vt 0.890620 0.300290
vt 0.822270 0.239140
vt 0.852540 0.301270
vt 0.814450 0.302250
vt 0.791500 0.240600
vt 0.775390 0.303220
vt 0.852540 0.363280
vt 0.896970 0.362300
vt 0.808100 0.364010
vt 0.763180 0.364750
vt 0.804200 0.424070
vt 0.754400 0.424560
vt 0.852540 0.423580
vt 0.901370 0.422610
vt 0.951170 0.421630
vt 0.904300 0.481450
vt 0.852540 0.481930
vt 0.853030 0.539060
vt 0.801270 0.482420
vt 0.958980 0.538090
vt 0.905270 0.538570
vt 0.956540 0.480710
vt 0.800290 0.539060
vt 0.749020 0.482670
vt 0.746580 0.539060
vt 0.853030 0.594730
vt 0.905270 0.594240
vt 0.958980 0.594240
vt 0.800290 0.594240
vt 0.746580 0.594240
vt 0.903810 0.649410
vt 0.801760 0.648930
vt 0.853030 0.648930
vt 0.749510 0.648440
vt 0.755370 0.702150
vt 0.900880 0.703610
vt 0.950200 0.703610
vt 0.852540 0.703120
vt 0.814940 0.810550
vt 0.791020 0.863280
vt 0.776370 0.810060
vt 0.809080 0.756840
vt 0.852540 0.757320
vt 0.889160 0.811520
vt 0.896000 0.757810
vt 0.928220 0.811520
vt 0.912600 0.864260
vt 0.852050 0.811040
vt 0.822270 0.863770
vt 0.808100 0.915530
vt 0.896970 0.916020
vt 0.881840 0.864260
vt 0.830570 0.915530
vt 0.825200 0.966310
vt 0.839350 0.966310
vt 0.852050 0.864260
vt 0.852540 0.916020
vt 0.853520 0.966310
vt 0.867680 0.966310
vt 0.874510 0.916020
vt 0.135250 0.060700
vt 0.137450 0.060730
vt 0.135380 0.124080
vt 0.123290 0.123900
vt 0.133180 0.060730
vt 0.147460 0.124210
vt 0.135380 0.186280
vt 0.157470 0.186520
vt 0.135500 0.247560
vt 0.104000 0.247070
vt 0.113400 0.185910
vt 0.095890 0.307370
vt 0.071720 0.246460
vt 0.055300 0.306640
vt 0.166990 0.247800
vt 0.135500 0.307860
vt 0.199340 0.248050
vt 0.175170 0.308100
vt 0.089720 0.367190
vt 0.042820 0.366210
vt 0.034210 0.425780
vt 0.215700 0.308350
vt 0.181270 0.367920
vt 0.228150 0.367920
vt 0.236570 0.427000
vt 0.135500 0.367680
vt 0.135380 0.426510
vt 0.085390 0.426270
vt 0.082760 0.484620
vt 0.029170 0.484380
vt 0.081970 0.599120
vt 0.081670 0.541990
vt 0.135130 0.598630
vt 0.243290 0.541990
vt 0.188480 0.598630
vt 0.188840 0.541990
vt 0.242800 0.598150
vt 0.135130 0.654790
vt 0.083620 0.655270
vt 0.027690 0.599120
vt 0.030850 0.655270
vt 0.186770 0.654300
vt 0.239620 0.653810
vt 0.135010 0.710450
vt 0.086730 0.710940
vt 0.092040 0.766600
vt 0.046720 0.766600
vt 0.059450 0.821780
vt 0.183590 0.709960
vt 0.179320 0.765140
vt 0.224850 0.764160
vt 0.212520 0.819340
vt 0.135620 0.766110
vt 0.098570 0.821290
vt 0.074770 0.875000
vt 0.173340 0.820310
vt 0.197630 0.874020
vt 0.157350 0.927730
vt 0.148800 0.979000
vt 0.135130 0.927730
vt 0.180180 0.927250
vt 0.162960 0.979000
vt 0.111330 0.120480
vt 0.131710 0.057160
vt 0.123600 0.121640
vt 0.133670 0.057220
vt 0.135620 0.122500
vt 0.135740 0.057250
vt 0.113530 0.184940
vt 0.137940 0.057340
vt 0.090880 0.182980
vt 0.147830 0.122680
vt 0.139890 0.057490
vt 0.160160 0.122620
vt 0.135500 0.186280
vt 0.180540 0.186280
vt 0.157710 0.186520
vt 0.071780 0.244630
vt 0.104000 0.246950
vt 0.135500 0.248660
vt 0.055300 0.305180
vt 0.095830 0.307860
vt 0.042820 0.365480
vt 0.166990 0.248900
vt 0.199460 0.248410
vt 0.135380 0.309570
vt 0.089660 0.367920
vt 0.034300 0.425050
vt 0.175050 0.309570
vt 0.181150 0.369630
vt 0.135380 0.369630
vt 0.185180 0.428220
vt 0.135250 0.428470
vt 0.085390 0.427250
vt 0.135130 0.486330
vt 0.082820 0.485350
vt 0.029420 0.484130
vt 0.135130 0.543460
vt 0.187620 0.485840
vt 0.240970 0.485110
vt 0.188480 0.542970
vt 0.081850 0.542970
vt 0.027650 0.541990
vt 0.135130 0.599610
vt 0.242680 0.541990
vt 0.187990 0.599120
vt 0.241940 0.597660
vt 0.082280 0.599610
vt 0.028370 0.598630
vt 0.186160 0.654790
vt 0.135010 0.655760
vt 0.238650 0.653320
vt 0.232540 0.708500
vt 0.084050 0.655760
vt 0.031770 0.654790
vt 0.038060 0.710940
vt 0.087340 0.711430
vt 0.135130 0.711430
vt 0.092040 0.767090
vt 0.047450 0.766110
vt 0.060240 0.821290
vt 0.135130 0.767090
vt 0.178470 0.765620
vt 0.135740 0.821780
vt 0.098880 0.821780
vt 0.165650 0.874510
vt 0.172610 0.820800
vt 0.196780 0.873540
vt 0.106570 0.875000
vt 0.075870 0.874510
vt 0.135990 0.875000
vt 0.156980 0.926270
vt 0.179440 0.926270
vt 0.162480 0.977050
vt 0.113650 0.926760
vt 0.091490 0.926760
vt 0.106690 0.977540
vt 0.135250 0.926760
vt 0.120540 0.977540
vt 0.134520 0.977050
vt 0.375490 0.054170
vt 0.383060 0.119570
vt 0.373540 0.054200
vt 0.394530 0.119260
vt 0.392580 0.183840
vt 0.371580 0.119870
vt 0.414060 0.183350
vt 0.371580 0.054230
vt 0.369630 0.054320
vt 0.348630 0.120670
vt 0.367680 0.054410
vt 0.360350 0.120240
vt 0.350830 0.184940
vt 0.371830 0.184330
vt 0.329100 0.185550
vt 0.371830 0.247800
vt 0.341550 0.248410
vt 0.310550 0.248900
vt 0.449220 0.307620
vt 0.410160 0.309080
vt 0.432860 0.246090
vt 0.371830 0.310060
vt 0.333500 0.310300
vt 0.294190 0.310550
vt 0.416500 0.369870
vt 0.462160 0.368410
vt 0.471190 0.427980
vt 0.327150 0.371090
vt 0.281490 0.371090
vt 0.272700 0.430180
vt 0.371830 0.371090
vt 0.322750 0.430420
vt 0.476810 0.486570
vt 0.424070 0.487300
vt 0.372070 0.488040
vt 0.372070 0.544430
vt 0.320070 0.488040
vt 0.425290 0.544430
vt 0.479490 0.543460
vt 0.318850 0.544430
vt 0.267090 0.488040
vt 0.264890 0.544430
vt 0.372070 0.600100
vt 0.319090 0.600100
vt 0.264890 0.599610
vt 0.425290 0.600100
vt 0.479250 0.599610
vt 0.372070 0.654790
vt 0.320560 0.654790
vt 0.267580 0.654300
vt 0.273440 0.708980
vt 0.476560 0.655270
vt 0.470460 0.710450
vt 0.423580 0.654790
vt 0.372070 0.709960
vt 0.323490 0.709470
vt 0.420650 0.709960
vt 0.327880 0.764160
vt 0.282230 0.763670
vt 0.294680 0.818850
vt 0.415770 0.765140
vt 0.461180 0.765140
vt 0.448240 0.819820
vt 0.333740 0.819340
vt 0.310300 0.873050
vt 0.371830 0.764650
vt 0.408940 0.819820
vt 0.350100 0.926760
vt 0.358640 0.978520
vt 0.344480 0.978520
vt 0.372310 0.926760
vt 0.371830 0.873540
vt 0.373050 0.978520
vt 0.401610 0.873540
vt 0.394530 0.926760
vt 0.416990 0.926760
vt 0.611820 0.028110
vt 0.601560 0.091800
vt 0.609860 0.028180
vt 0.591310 0.155030
vt 0.587890 0.091190
vt 0.614260 0.092100
vt 0.614260 0.028030
vt 0.566410 0.154050
vt 0.616210 0.028110
vt 0.582030 0.218020
vt 0.626470 0.091920
vt 0.618160 0.028210
vt 0.640140 0.091490
vt 0.614260 0.155400
vt 0.636720 0.155150
vt 0.531250 0.278560
vt 0.574220 0.280270
vt 0.519530 0.339600
vt 0.614260 0.281010
vt 0.614260 0.218630
vt 0.653810 0.280520
vt 0.568360 0.341550
vt 0.511230 0.399660
vt 0.660160 0.341800
vt 0.708500 0.340090
vt 0.716800 0.399900
vt 0.614260 0.342530
vt 0.563970 0.401370
vt 0.614260 0.402340
vt 0.664060 0.401610
vt 0.614260 0.460450
vt 0.666500 0.459720
vt 0.614260 0.517090
vt 0.561520 0.459720
vt 0.721190 0.458500
vt 0.667480 0.516600
vt 0.614260 0.572750
vt 0.560550 0.516600
vt 0.561030 0.572270
vt 0.504880 0.515620
vt 0.505370 0.571780
vt 0.723150 0.515620
vt 0.666990 0.572270
vt 0.722660 0.571290
vt 0.614260 0.627440
vt 0.562990 0.627440
vt 0.508790 0.627440
vt 0.665040 0.626950
vt 0.719240 0.626950
vt 0.614260 0.682620
vt 0.565920 0.682620
vt 0.515140 0.682620
vt 0.524410 0.737300
vt 0.662110 0.682130
vt 0.712890 0.681640
vt 0.614260 0.737300
vt 0.657720 0.736820
vt 0.651370 0.791990
vt 0.690920 0.791020
vt 0.675290 0.845210
vt 0.591800 0.898440
vt 0.569340 0.898440
vt 0.584960 0.845700
vt 0.614260 0.846190
vt 0.614260 0.791990
vt 0.643550 0.845700
vt 0.613770 0.898930
vt 0.613770 0.950200
vt 0.599120 0.950200
vt 0.627930 0.950200
vt 0.635740 0.898440
vt 0.658690 0.897950
vt 0.642090 0.950200
vt 0.108090 0.126340
vt 0.131230 0.067870
vt 0.122440 0.127080
vt 0.133300 0.067750
vt 0.112060 0.185790
vt 0.135500 0.127440
vt 0.135620 0.067690
vt 0.086120 0.185420
vt 0.138060 0.067870
vt 0.102600 0.244630
vt 0.066770 0.244870
vt 0.050930 0.304440
vt 0.148680 0.127440
vt 0.140020 0.068050
vt 0.158940 0.186280
vt 0.184940 0.186400
vt 0.163090 0.127080
vt 0.135500 0.186030
vt 0.135500 0.244510
vt 0.094670 0.303710
vt 0.039490 0.364260
vt 0.135380 0.303470
vt 0.088870 0.363280
vt 0.085080 0.423100
vt 0.032010 0.424070
vt 0.176150 0.304200
vt 0.181890 0.363770
vt 0.135380 0.363040
vt 0.231320 0.364990
vt 0.135380 0.422850
vt 0.185670 0.423580
vt 0.238650 0.424800
vt 0.135380 0.482180
vt 0.135380 0.541020
vt 0.082950 0.482670
vt 0.082400 0.541500
vt 0.028020 0.483400
vt 0.026840 0.541990
vt 0.187740 0.482910
vt 0.242680 0.484130
vt 0.188350 0.541500
vt 0.243900 0.542480
vt 0.135380 0.599120
vt 0.083010 0.599120
vt 0.027880 0.599610
vt 0.187740 0.599120
vt 0.242920 0.600100
vt 0.135500 0.656250
vt 0.047030 0.767090
vt 0.037780 0.711910
vt 0.088130 0.712400
vt 0.092590 0.768070
vt 0.182860 0.712890
vt 0.178340 0.768550
vt 0.135500 0.712890
vt 0.135500 0.768550
vt 0.172120 0.823240
vt 0.135250 0.823240
vt 0.074340 0.875490
vt 0.106020 0.875980
vt 0.090700 0.927250
vt 0.164310 0.875980
vt 0.195680 0.875490
vt 0.179810 0.927250
vt 0.113400 0.927730
vt 0.106810 0.977540
vt 0.120850 0.978030
vt 0.135250 0.876470
vt 0.135250 0.927730
vt 0.135380 0.978030
vt 0.150020 0.978030
vt 0.157100 0.927730
vt 0.163940 0.977540
vt 0.588870 0.091190
vt 0.602050 0.093080
vt 0.567870 0.153320
vt 0.612300 0.028730
vt 0.614260 0.028700
vt 0.591800 0.156370
vt 0.614260 0.094240
vt 0.548340 0.214970
vt 0.582520 0.218510
vt 0.532230 0.275880
vt 0.614260 0.158200
vt 0.646000 0.220700
vt 0.636230 0.158080
vt 0.660650 0.156860
vt 0.680180 0.219360
vt 0.653810 0.281740
vt 0.614260 0.220700
vt 0.696290 0.280270
vt 0.574710 0.279540
vt 0.519530 0.336430
vt 0.614260 0.341800
vt 0.614260 0.281980
vt 0.660160 0.341550
vt 0.614260 0.400640
vt 0.664060 0.400150
vt 0.613770 0.458010
vt 0.666500 0.457760
vt 0.613770 0.514650
vt 0.561030 0.457030
vt 0.560060 0.514160
vt 0.505860 0.455080
vt 0.503910 0.513180
vt 0.560550 0.570800
vt 0.613770 0.570800
vt 0.504400 0.570310
vt 0.723630 0.513180
vt 0.666990 0.570310
vt 0.667480 0.514160
vt 0.613770 0.626460
vt 0.562500 0.626950
vt 0.507810 0.626950
vt 0.723150 0.569340
vt 0.665530 0.625980
vt 0.720220 0.625000
vt 0.613770 0.682620
vt 0.565430 0.683100
vt 0.704590 0.735840
vt 0.691900 0.791020
vt 0.658200 0.737300
vt 0.591310 0.899900
vt 0.568850 0.899900
vt 0.584960 0.847660
vt 0.597660 0.951170
vt 0.583500 0.951170
vt 0.614260 0.847660
vt 0.614750 0.793950
vt 0.613280 0.899900
vt 0.612300 0.951170
vt 0.626950 0.950680
vt 0.635740 0.899410
vt 0.641110 0.950680
vt 0.864750 0.113710
vt 0.876950 0.113520
vt 0.874510 0.176640
vt 0.852540 0.176880
vt 0.896970 0.176390
vt 0.852540 0.239140
vt 0.830570 0.177490
vt 0.821290 0.239750
vt 0.807620 0.178100
vt 0.789060 0.240480
vt 0.883790 0.238770
vt 0.916020 0.238400
vt 0.891600 0.299800
vt 0.852540 0.300290
vt 0.932130 0.299320
vt 0.897950 0.360350
vt 0.772950 0.301510
vt 0.812990 0.300780
vt 0.807130 0.361080
vt 0.852540 0.360840
vt 0.852540 0.419920
vt 0.901850 0.419680
vt 0.944340 0.359860
vt 0.952640 0.419430
vt 0.752440 0.420410
vt 0.803220 0.420170
vt 0.800780 0.478270
vt 0.852540 0.478030
vt 0.904780 0.478030
vt 0.957520 0.478030
vt 0.799800 0.535160
vt 0.748050 0.478520
vt 0.746090 0.535160
vt 0.905270 0.535160
vt 0.852540 0.535160
vt 0.800290 0.590820
vt 0.852540 0.591310
vt 0.746580 0.590820
vt 0.958980 0.535650
vt 0.905270 0.591800
vt 0.958500 0.592290
vt 0.852540 0.646970
vt 0.750000 0.645510
vt 0.801760 0.646000
vt 0.755860 0.700200
vt 0.949220 0.703610
vt 0.939450 0.758790
vt 0.900390 0.703120
vt 0.805180 0.701170
vt 0.764650 0.755370
vt 0.895020 0.757810
vt 0.852540 0.702150
vt 0.926270 0.812990
vt 0.809080 0.756350
vt 0.776850 0.810550
vt 0.852050 0.757320
vt 0.888180 0.812500
vt 0.852050 0.866700
vt 0.822750 0.866210
vt 0.851560 0.812500
vt 0.874510 0.919430
vt 0.881350 0.866700
vt 0.896480 0.918950
vt 0.881840 0.970700
vt 0.868160 0.970700
vt 0.831050 0.918950
vt 0.809080 0.918460
vt 0.826170 0.970700
vt 0.839840 0.970700
vt 0.853030 0.919430
vt 0.854000 0.970700
vt 0.600590 0.099060
vt 0.590330 0.157230
vt 0.585940 0.097840
vt 0.618160 0.040250
vt 0.627440 0.099120
vt 0.616210 0.040100
vt 0.642090 0.097960
vt 0.637700 0.157350
vt 0.613770 0.099610
vt 0.664060 0.156250
vt 0.647460 0.215580
vt 0.614260 0.157720
vt 0.683590 0.215210
vt 0.698730 0.274410
vt 0.660650 0.334230
vt 0.655270 0.274410
vt 0.709960 0.334230
vt 0.614260 0.274660
vt 0.614260 0.215820
vt 0.573240 0.274660
vt 0.529300 0.274900
vt 0.581050 0.215700
vt 0.567870 0.334720
vt 0.518550 0.334960
vt 0.511720 0.395260
vt 0.614260 0.334230
vt 0.613770 0.394770
vt 0.664060 0.394530
vt 0.563970 0.395020
vt 0.613770 0.454830
vt 0.716800 0.394040
vt 0.666020 0.454350
vt 0.720220 0.453860
vt 0.562010 0.455080
vt 0.507810 0.455320
vt 0.666020 0.513670
vt 0.721190 0.512700
vt 0.562010 0.514650
vt 0.507320 0.514160
vt 0.613770 0.573240
vt 0.665530 0.572270
vt 0.719730 0.570800
vt 0.562500 0.572750
vt 0.508790 0.572270
vt 0.663570 0.629400
vt 0.613770 0.630860
vt 0.715820 0.627930
vt 0.709470 0.683590
vt 0.564450 0.630370
vt 0.512210 0.629400
vt 0.700680 0.738770
vt 0.660160 0.686040
vt 0.567870 0.686520
vt 0.518550 0.685060
vt 0.527830 0.740230
vt 0.655760 0.741210
vt 0.613770 0.687500
vt 0.688480 0.792970
vt 0.572270 0.741700
vt 0.540040 0.793950
vt 0.674320 0.846190
vt 0.649900 0.795410
vt 0.578610 0.795900
vt 0.614260 0.796880
vt 0.613770 0.742680
vt 0.643070 0.847660
vt 0.585940 0.847660
vt 0.554690 0.846680
vt 0.570800 0.897460
vt 0.614260 0.848630
vt 0.657720 0.896970
vt 0.641600 0.946780
vt 0.635250 0.897950
vt 0.627930 0.946780
vt 0.592770 0.897950
vt 0.585940 0.946780
vt 0.599610 0.946780
vt 0.614260 0.897950
vt 0.614260 0.030460
vt 0.614260 0.095150
vt 0.612300 0.030490
vt 0.602540 0.095090
vt 0.610350 0.030530
vt 0.590330 0.094850
vt 0.618160 0.030520
vt 0.625490 0.095090
vt 0.616210 0.030490
vt 0.614260 0.158570
vt 0.637700 0.094850
vt 0.635250 0.158330
vt 0.657720 0.157960
vt 0.570800 0.157960
vt 0.592770 0.158330
vt 0.583500 0.220340
vt 0.652830 0.281010
vt 0.614260 0.281490
vt 0.645020 0.220340
vt 0.692870 0.280030
vt 0.676270 0.219600
vt 0.522460 0.339600
vt 0.568850 0.340580
vt 0.513670 0.398440
vt 0.659180 0.340580
vt 0.705570 0.339600
vt 0.714350 0.398440
vt 0.663570 0.399170
vt 0.614260 0.341060
vt 0.666500 0.456540
vt 0.719730 0.456300
vt 0.614260 0.399410
vt 0.564450 0.399170
vt 0.614260 0.456790
vt 0.561520 0.456540
vt 0.508300 0.456300
vt 0.667480 0.513180
vt 0.560550 0.513180
vt 0.614260 0.513180
vt 0.505860 0.513180
vt 0.614260 0.569340
vt 0.722170 0.513180
vt 0.667480 0.569340
vt 0.721680 0.569340
vt 0.560550 0.569340
vt 0.506350 0.569340
vt 0.666020 0.625000
vt 0.718750 0.625000
vt 0.614260 0.625000
vt 0.712890 0.680660
vt 0.562500 0.625000
vt 0.509280 0.625000
vt 0.515620 0.680660
vt 0.662600 0.680660
vt 0.703610 0.736330
vt 0.570310 0.736330
vt 0.524410 0.736330
vt 0.565430 0.680660
vt 0.537110 0.791990
vt 0.690920 0.792480
vt 0.658200 0.736820
vt 0.614260 0.736330
vt 0.614260 0.680660
vt 0.651370 0.792480
vt 0.591800 0.901370
vt 0.585450 0.953610
vt 0.569340 0.900880
vt 0.599610 0.953610
vt 0.613770 0.847660
vt 0.584470 0.847170
vt 0.614260 0.901370
vt 0.643550 0.847170
vt 0.636230 0.901370
vt 0.658690 0.900880
vt 0.642580 0.953610
vt 0.863770 0.112550
vt 0.855470 0.047580
vt 0.876950 0.110540
vt 0.853520 0.047640
vt 0.897950 0.173100
vt 0.874020 0.176270
vt 0.917480 0.235230
vt 0.852050 0.113890
vt 0.851560 0.047700
vt 0.849610 0.047910
vt 0.852050 0.178350
vt 0.839840 0.114010
vt 0.847660 0.048130
vt 0.830080 0.178470
vt 0.806150 0.177490
vt 0.826660 0.113400
vt 0.852540 0.241090
vt 0.771000 0.301020
vt 0.787110 0.240110
vt 0.812990 0.302250
vt 0.758790 0.360840
vt 0.897950 0.360110
vt 0.891600 0.300050
vt 0.946290 0.356690
vt 0.852540 0.302490
vt 0.955080 0.416500
vt 0.807130 0.362060
vt 0.750000 0.419430
vt 0.852540 0.362300
vt 0.902340 0.419190
vt 0.905270 0.477050
vt 0.960450 0.475100
vt 0.852540 0.420900
vt 0.802730 0.420650
vt 0.800290 0.478030
vt 0.852540 0.534670
vt 0.906250 0.534180
vt 0.962400 0.533200
vt 0.799320 0.534670
vt 0.745120 0.477290
vt 0.799800 0.590330
vt 0.853030 0.590820
vt 0.743650 0.590330
vt 0.743160 0.534180
vt 0.853030 0.646480
vt 0.905760 0.590330
vt 0.900880 0.702640
vt 0.852540 0.702640
vt 0.904300 0.646480
vt 0.952150 0.702150
vt 0.958500 0.646480
vt 0.942380 0.757810
vt 0.804690 0.702150
vt 0.747070 0.646000
vt 0.801270 0.646480
vt 0.753420 0.701170
vt 0.896000 0.758300
vt 0.852540 0.758790
vt 0.809080 0.757810
vt 0.889650 0.813480
vt 0.929200 0.813480
vt 0.913570 0.867190
vt 0.814940 0.813480
vt 0.775390 0.812010
vt 0.791020 0.866700
vt 0.852050 0.813960
vt 0.881840 0.867680
vt 0.830570 0.919920
vt 0.838380 0.971190
vt 0.824220 0.971190
vt 0.852540 0.920410
vt 0.852540 0.868160
vt 0.874510 0.919920
vt 0.867680 0.971190
vt 0.305180 0.240360
vt 0.322750 0.178960
vt 0.339600 0.239260
vt 0.291020 0.302730
vt 0.385010 0.119510
vt 0.371830 0.119450
vt 0.374270 0.061710
vt 0.376220 0.061860
vt 0.399660 0.119510
vt 0.395020 0.178220
vt 0.403560 0.239010
vt 0.420650 0.178960
vt 0.438230 0.239990
vt 0.371830 0.177730
vt 0.348390 0.178220
vt 0.452150 0.301760
vt 0.371830 0.238520
vt 0.410650 0.301510
vt 0.461910 0.364010
vt 0.332520 0.302000
vt 0.371580 0.365720
vt 0.371580 0.429930
vt 0.327880 0.365970
vt 0.468020 0.426270
vt 0.420170 0.490720
vt 0.418700 0.428470
vt 0.323240 0.491940
vt 0.324710 0.429690
vt 0.371830 0.492680
vt 0.275390 0.428220
vt 0.272460 0.489750
vt 0.420650 0.550780
vt 0.371830 0.553220
vt 0.472170 0.546390
vt 0.471190 0.487300
vt 0.420170 0.608890
vt 0.371830 0.611820
vt 0.471440 0.604000
vt 0.275880 0.662110
vt 0.325440 0.666020
vt 0.281490 0.715820
vt 0.418700 0.664550
vt 0.371830 0.667480
vt 0.468510 0.659670
vt 0.463140 0.713380
vt 0.289310 0.768070
vt 0.328120 0.719730
vt 0.371830 0.721190
vt 0.332030 0.771480
vt 0.300290 0.819340
vt 0.415770 0.718260
vt 0.455080 0.766110
vt 0.444090 0.817380
vt 0.411860 0.770510
vt 0.371830 0.772950
vt 0.337160 0.821780
vt 0.313960 0.869140
vt 0.406490 0.820800
vt 0.344240 0.870600
vt 0.371580 0.822750
vt 0.400390 0.869630
vt 0.430910 0.867680
vt 0.351070 0.917480
vt 0.329350 0.916990
vt 0.344240 0.964840
vt 0.372310 0.871090
vt 0.372310 0.964840
vt 0.357910 0.964840
vt 0.372070 0.917970
vt 0.393310 0.916990
vt 0.415530 0.916500
vt 0.400390 0.964360
vt 0.386470 0.964360
vt 0.121830 0.128050
vt 0.135010 0.068970
vt 0.135250 0.129030
vt 0.111690 0.186280
vt 0.107360 0.126100
vt 0.085570 0.183960
vt 0.102480 0.244390
vt 0.066530 0.242680
vt 0.135380 0.187500
vt 0.051090 0.302000
vt 0.148680 0.128780
vt 0.139650 0.069340
vt 0.137450 0.069090
vt 0.163210 0.127810
vt 0.159060 0.187380
vt 0.168460 0.245480
vt 0.185300 0.186280
vt 0.204350 0.244870
vt 0.219730 0.303470
vt 0.135500 0.245480
vt 0.230590 0.362300
vt 0.176150 0.303710
vt 0.181520 0.362790
vt 0.135380 0.303710
vt 0.094730 0.303220
vt 0.040100 0.362060
vt 0.089110 0.362550
vt 0.085450 0.422360
vt 0.033080 0.422120
vt 0.135250 0.362790
vt 0.083500 0.482180
vt 0.135130 0.422360
vt 0.135010 0.481930
vt 0.184940 0.421880
vt 0.237430 0.421140
vt 0.186770 0.481200
vt 0.241090 0.479980
vt 0.135010 0.541020
vt 0.187260 0.540040
vt 0.241940 0.538090
vt 0.083860 0.599610
vt 0.083070 0.541500
vt 0.135010 0.599610
vt 0.030170 0.599610
vt 0.028760 0.541500
vt 0.085940 0.657230
vt 0.034000 0.657230
vt 0.181760 0.711910
vt 0.135010 0.657230
vt 0.184690 0.655270
vt 0.089170 0.714350
vt 0.135250 0.713870
vt 0.177610 0.768070
vt 0.222530 0.765140
vt 0.135500 0.770020
vt 0.171880 0.823240
vt 0.210690 0.820310
vt 0.148440 0.978520
vt 0.156620 0.928220
vt 0.162230 0.978030
vt 0.113770 0.928710
vt 0.119990 0.978520
vt 0.106260 0.978520
vt 0.135010 0.928710
vt 0.135860 0.877930
vt 0.134160 0.978520
vt 0.384770 0.131230
vt 0.397950 0.131350
vt 0.395020 0.188110
vt 0.371830 0.187740
vt 0.418950 0.188600
vt 0.348390 0.187870
vt 0.358640 0.130980
vt 0.324460 0.187870
vt 0.345210 0.130860
vt 0.305660 0.245480
vt 0.339110 0.244990
vt 0.404540 0.245120
vt 0.437990 0.245970
vt 0.331540 0.302730
vt 0.371830 0.302250
vt 0.290040 0.303710
vt 0.325680 0.361570
vt 0.278810 0.362790
vt 0.412110 0.302730
vt 0.417720 0.361330
vt 0.371580 0.361080
vt 0.322020 0.421140
vt 0.371580 0.420410
vt 0.271480 0.422360
vt 0.464600 0.362060
vt 0.421140 0.420410
vt 0.471680 0.420900
vt 0.371340 0.479740
vt 0.422850 0.479490
vt 0.371340 0.539060
vt 0.320070 0.480960
vt 0.319580 0.540040
vt 0.267820 0.482420
vt 0.320310 0.598630
vt 0.371340 0.597660
vt 0.268310 0.600100
vt 0.266850 0.541500
vt 0.476320 0.537600
vt 0.422850 0.596190
vt 0.423340 0.538570
vt 0.475340 0.595210
vt 0.472170 0.651850
vt 0.322750 0.656250
vt 0.272460 0.657230
vt 0.421390 0.653810
vt 0.418460 0.710450
vt 0.466550 0.708500
vt 0.372310 0.712400
vt 0.414310 0.767090
vt 0.458010 0.764650
vt 0.326420 0.713380
vt 0.279050 0.713380
vt 0.287840 0.769040
vt 0.372560 0.769040
vt 0.331050 0.769040
vt 0.300540 0.823730
vt 0.372560 0.877930
vt 0.372800 0.824220
vt 0.401370 0.876950
vt 0.343990 0.877930
vt 0.392820 0.929690
vt 0.414800 0.928710
vt 0.397950 0.980470
vt 0.384280 0.980470
vt 0.350100 0.929690
vt 0.328610 0.929200
vt 0.342530 0.980960
vt 0.371340 0.930180
vt 0.356200 0.980960
vt 0.370360 0.980470
vt 0.371580 0.065920
vt 0.371580 0.127930
vt 0.369390 0.065980
vt 0.384520 0.127690
vt 0.373780 0.065920
vt 0.375980 0.065980
vt 0.397460 0.126950
vt 0.371830 0.188480
vt 0.358890 0.127560
vt 0.394780 0.188110
vt 0.418460 0.187130
vt 0.348880 0.187870
vt 0.345950 0.126590
vt 0.325200 0.186520
vt 0.339350 0.247070
vt 0.331540 0.305910
vt 0.306150 0.245730
vt 0.290040 0.304440
vt 0.325680 0.364500
vt 0.412350 0.306150
vt 0.417970 0.364500
vt 0.371830 0.306400
vt 0.453610 0.304930
vt 0.465330 0.363520
vt 0.371830 0.364990
vt 0.477050 0.480470
vt 0.423830 0.481450
vt 0.472900 0.422120
vt 0.321780 0.423340
vt 0.270510 0.422610
vt 0.319580 0.481930
vt 0.371830 0.481930
vt 0.266600 0.481690
vt 0.371580 0.540040
vt 0.424320 0.539550
vt 0.478030 0.538090
vt 0.319090 0.540530
vt 0.265380 0.540040
vt 0.371580 0.598150
vt 0.423580 0.596680
vt 0.476810 0.595210
vt 0.319820 0.598150
vt 0.266850 0.598150
vt 0.371580 0.655270
vt 0.421630 0.653810
vt 0.270510 0.655270
vt 0.321780 0.655270
vt 0.467040 0.708010
vt 0.330320 0.768550
vt 0.286860 0.768070
vt 0.324950 0.712400
vt 0.371580 0.712400
vt 0.299070 0.823240
vt 0.408450 0.822750
vt 0.446290 0.819820
vt 0.384770 0.979000
vt 0.393070 0.928710
vt 0.398190 0.979000
vt 0.350590 0.929200
vt 0.329100 0.928710
vt 0.343990 0.877440
vt 0.343510 0.979490
vt 0.371830 0.929200
vt 0.613770 0.042420
vt 0.613770 0.100890
vt 0.611330 0.042600
vt 0.616210 0.042570
vt 0.590330 0.157590
vt 0.581050 0.215450
vt 0.563970 0.156490
vt 0.545410 0.215090
vt 0.530270 0.274170
vt 0.627440 0.100530
vt 0.618650 0.042760
vt 0.637700 0.157840
vt 0.646970 0.215450
vt 0.664060 0.156860
vt 0.682620 0.215210
vt 0.614260 0.158080
vt 0.697750 0.273930
vt 0.614260 0.215580
vt 0.654300 0.273930
vt 0.708500 0.333500
vt 0.573730 0.274170
vt 0.520020 0.334230
vt 0.614260 0.273930
vt 0.659670 0.333500
vt 0.613770 0.333740
vt 0.568360 0.333980
vt 0.613770 0.394040
vt 0.564940 0.394040
vt 0.513180 0.394290
vt 0.663090 0.393550
vt 0.613770 0.454100
vt 0.562990 0.454100
vt 0.509770 0.454100
vt 0.613770 0.513670
vt 0.665040 0.453610
vt 0.718260 0.452640
vt 0.665530 0.513180
vt 0.719240 0.511720
vt 0.562500 0.513670
vt 0.509280 0.513180
vt 0.613770 0.572750
vt 0.664550 0.571290
vt 0.714350 0.626950
vt 0.708010 0.683100
vt 0.662600 0.628910
vt 0.563480 0.572270
vt 0.565430 0.629400
vt 0.510250 0.570800
vt 0.514160 0.627930
vt 0.613770 0.630370
vt 0.613770 0.687010
vt 0.568360 0.686040
vt 0.520020 0.684080
vt 0.528810 0.739260
vt 0.655270 0.741210
vt 0.659670 0.685550
vt 0.699220 0.738280
vt 0.687990 0.792970
vt 0.572750 0.741700
vt 0.540530 0.793950
vt 0.649410 0.795900
vt 0.643070 0.848630
vt 0.555660 0.847170
vt 0.586430 0.848630
vt 0.571290 0.898440
vt 0.614750 0.849610
vt 0.614260 0.899900
vt 0.852050 0.060150
vt 0.852540 0.119450
vt 0.849610 0.060240
vt 0.854490 0.060210
vt 0.826170 0.118710
vt 0.847660 0.060330
vt 0.839350 0.119200
vt 0.865230 0.119260
vt 0.856930 0.060270
vt 0.878910 0.118770
vt 0.875490 0.177610
vt 0.852540 0.177730
vt 0.899410 0.177120
vt 0.829100 0.177610
vt 0.805180 0.177120
vt 0.852540 0.235960
vt 0.820310 0.235960
vt 0.852540 0.294680
vt 0.884770 0.235840
vt 0.918460 0.235470
vt 0.892580 0.294680
vt 0.933590 0.294190
vt 0.812500 0.294920
vt 0.807130 0.354490
vt 0.771480 0.294680
vt 0.852540 0.354490
vt 0.897950 0.354250
vt 0.852540 0.414790
vt 0.901370 0.414550
vt 0.852540 0.475340
vt 0.801760 0.475100
vt 0.803710 0.414790
vt 0.951170 0.413820
vt 0.903320 0.474850
vt 0.801760 0.534670
vt 0.750490 0.474850
vt 0.750000 0.534180
vt 0.954590 0.474120
vt 0.903320 0.534670
vt 0.955080 0.533200
vt 0.902340 0.593260
vt 0.852540 0.594240
vt 0.953610 0.591800
vt 0.802250 0.593260
vt 0.804690 0.650880
vt 0.751470 0.591800
vt 0.754880 0.648930
vt 0.761230 0.704590
vt 0.900390 0.650880
vt 0.852540 0.651850
vt 0.949710 0.648930
vt 0.943850 0.704590
vt 0.807620 0.707030
vt 0.770020 0.759280
vt 0.897460 0.707030
vt 0.935060 0.759770
vt 0.852540 0.708500
vt 0.812010 0.762210
vt 0.923340 0.813480
vt 0.892580 0.762210
vt 0.817870 0.815920
vt 0.781250 0.813480
vt 0.795410 0.865720
vt 0.852540 0.763670
vt 0.887210 0.815920
vt 0.910160 0.865720
vt 0.824710 0.867190
vt 0.880860 0.867680
vt 0.852540 0.816900
vt 0.894530 0.916020
vt 0.832030 0.916500
vt 0.810550 0.916020
vt 0.838870 0.964840
vt 0.825680 0.964840
vt 0.852540 0.916990
vt 0.853030 0.868160
vt 0.852540 0.964840
vt 0.873050 0.916990
vt 0.879400 0.964840
vt 0.853030 0.060210
vt 0.855470 0.060390
vt 0.852540 0.119390
vt 0.829100 0.176880
vt 0.819820 0.235230
vt 0.802730 0.176020
vt 0.784180 0.234980
vt 0.769040 0.294190
vt 0.866210 0.118960
vt 0.857420 0.060580
vt 0.875980 0.177000
vt 0.885250 0.235470
vt 0.902340 0.176150
vt 0.920900 0.235350
vt 0.852540 0.177250
vt 0.852540 0.235230
vt 0.812500 0.294190
vt 0.758790 0.354000
vt 0.852540 0.294430
vt 0.807130 0.354250
vt 0.852540 0.415040
vt 0.897950 0.354740
vt 0.901370 0.415280
vt 0.952640 0.415530
vt 0.902830 0.475590
vt 0.955570 0.475340
vt 0.852540 0.475590
vt 0.802250 0.474850
vt 0.801760 0.534180
vt 0.749020 0.473880
vt 0.748530 0.532710
vt 0.852540 0.593750
vt 0.802250 0.592770
vt 0.749510 0.590820
vt 0.955080 0.592290
vt 0.956540 0.534180
vt 0.852540 0.651370
vt 0.804200 0.649900
vt 0.951660 0.648930
vt 0.945310 0.704590
vt 0.900390 0.650390
vt 0.852540 0.708010
vt 0.807620 0.706540
vt 0.811520 0.761720
vt 0.768070 0.758790
vt 0.779780 0.812990
vt 0.893070 0.761720
vt 0.897460 0.706540
vt 0.936520 0.759280
vt 0.924800 0.813480
vt 0.817380 0.815920
vt 0.793460 0.866210
vt 0.852540 0.763180
vt 0.910650 0.866210
vt 0.852540 0.817380
vt 0.880370 0.868160
vt 0.895020 0.916990
vt 0.831540 0.917970
vt 0.809570 0.917480
vt 0.823730 0.868160
vt 0.825200 0.967290
vt 0.852050 0.869140
vt 0.852540 0.967290
vt 0.838870 0.967290
vt 0.852540 0.918460
vt 0.866700 0.967290
vt 0.873530 0.917970
vt 0.880370 0.966800
vt 0.610840 0.982910
vt 0.582030 0.982420
vt 0.614260 0.871580
vt 0.640140 0.983890
vt 0.546880 0.868650
vt 0.681150 0.872070
vt 0.614750 0.751460
vt 0.516110 0.750980
vt 0.727540 0.389890
vt 0.613770 0.387450
vt 0.707030 0.264400
vt 0.384770 0.122990
vt 0.375980 0.066710
vt 0.399170 0.122860
vt 0.371580 0.123050
vt 0.373780 0.066590
vt 0.371340 0.066530
vt 0.394530 0.180050
vt 0.419920 0.180660
vt 0.368900 0.066710
vt 0.403080 0.239380
vt 0.437500 0.240230
vt 0.371580 0.179930
vt 0.451420 0.300540
vt 0.358400 0.123290
vt 0.343990 0.123470
vt 0.366940 0.066900
vt 0.348390 0.180660
vt 0.323000 0.181890
vt 0.339840 0.240360
vt 0.305420 0.242070
vt 0.291500 0.303470
vt 0.371340 0.239140
vt 0.332760 0.301760
vt 0.281980 0.365480
vt 0.461430 0.361820
vt 0.410160 0.300290
vt 0.371340 0.300540
vt 0.415040 0.362790
vt 0.371340 0.363520
vt 0.327880 0.364500
vt 0.418210 0.425290
vt 0.467530 0.422850
vt 0.324950 0.427250
vt 0.371340 0.426760
vt 0.276120 0.427250
vt 0.371580 0.489010
vt 0.323490 0.489260
vt 0.371830 0.549800
vt 0.420170 0.486820
vt 0.470950 0.483640
vt 0.420650 0.546880
vt 0.472170 0.542970
vt 0.323240 0.549320
vt 0.273190 0.488520
vt 0.371830 0.608400
vt 0.420170 0.604980
vt 0.471440 0.600590
vt 0.418700 0.661620
vt 0.468750 0.656740
vt 0.463380 0.711430
vt 0.323970 0.607910
vt 0.272460 0.547850
vt 0.371830 0.665040
vt 0.416020 0.716800
vt 0.325680 0.664060
vt 0.276610 0.661130
vt 0.273680 0.605470
vt 0.371830 0.719730
vt 0.328370 0.718750
vt 0.282230 0.715820
vt 0.290280 0.768550
vt 0.332280 0.771970
vt 0.412110 0.770020
vt 0.455320 0.765140
vt 0.444580 0.817870
vt 0.337650 0.823240
vt 0.301030 0.820800
vt 0.406740 0.821780
vt 0.431150 0.869630
vt 0.371830 0.824220
vt 0.344480 0.873050
vt 0.314700 0.871090
vt 0.400640 0.872070
vt 0.415530 0.919430
vt 0.351070 0.920900
vt 0.329590 0.920410
vt 0.343990 0.968750
vt 0.357670 0.968750
vt 0.372310 0.874020
vt 0.385010 0.119390
vt 0.371580 0.119450
vt 0.374020 0.062130
vt 0.420410 0.178350
vt 0.394780 0.177730
vt 0.399410 0.119390
vt 0.403560 0.238400
vt 0.437990 0.239260
vt 0.371580 0.177370
vt 0.451900 0.301270
vt 0.358400 0.119690
vt 0.369140 0.062200
vt 0.367190 0.062380
vt 0.343990 0.119930
vt 0.323240 0.179320
vt 0.348630 0.178220
vt 0.339840 0.239010
vt 0.305660 0.240600
vt 0.291990 0.302730
vt 0.410400 0.301020
vt 0.371580 0.238040
vt 0.371580 0.301020
vt 0.415280 0.364750
vt 0.461430 0.363770
vt 0.371830 0.365230
vt 0.333010 0.301760
vt 0.328370 0.365480
vt 0.282470 0.365480
vt 0.371830 0.429690
vt 0.418460 0.428470
vt 0.371830 0.492430
vt 0.325440 0.429200
vt 0.467530 0.426270
vt 0.419920 0.490720
vt 0.273190 0.548830
vt 0.273930 0.489010
vt 0.323730 0.551760
vt 0.419680 0.609380
vt 0.420170 0.551270
vt 0.470210 0.604980
vt 0.471190 0.547360
vt 0.324460 0.609860
vt 0.371830 0.667970
vt 0.417970 0.665530
vt 0.467040 0.660650
vt 0.461670 0.714840
vt 0.325930 0.666020
vt 0.274410 0.605960
vt 0.415040 0.719240
vt 0.371580 0.721680
vt 0.290530 0.767580
vt 0.282710 0.715330
vt 0.328610 0.719730
vt 0.411130 0.771480
vt 0.453610 0.767090
vt 0.442870 0.818360
vt 0.332520 0.771480
vt 0.301270 0.818850
vt 0.371580 0.773930
vt 0.405760 0.821780
vt 0.429690 0.868160
vt 0.337650 0.821780
vt 0.314940 0.868160
vt 0.372070 0.871580
vt 0.371580 0.823730
vt 0.399660 0.870120
vt 0.351320 0.916990
vt 0.357910 0.963380
vt 0.344480 0.963380
vt 0.372070 0.917480
vt 0.392820 0.916990
vt 0.372070 0.963870
vt 0.385990 0.963380
vt 0.376220 0.058200
vt 0.384030 0.122990
vt 0.374020 0.058200
vt 0.396240 0.122070
vt 0.372070 0.123530
vt 0.372070 0.058140
vt 0.393800 0.186520
vt 0.416260 0.184940
vt 0.369870 0.058170
vt 0.403080 0.248660
vt 0.435060 0.246580
vt 0.372070 0.187500
vt 0.360110 0.123410
vt 0.367920 0.058230
vt 0.411130 0.309330
vt 0.451420 0.306890
vt 0.463870 0.366460
vt 0.350100 0.187260
vt 0.347900 0.122990
vt 0.371830 0.249880
vt 0.340580 0.249510
vt 0.327640 0.186520
vt 0.371830 0.310550
vt 0.332520 0.310060
vt 0.279790 0.368160
vt 0.292240 0.308840
vt 0.326420 0.369630
vt 0.417240 0.368900
vt 0.371830 0.370120
vt 0.322270 0.427730
vt 0.271480 0.426270
vt 0.371830 0.428220
vt 0.421630 0.427250
vt 0.371830 0.485110
vt 0.319820 0.484620
vt 0.266360 0.483400
vt 0.372070 0.541500
vt 0.424070 0.484380
vt 0.477300 0.483150
vt 0.425290 0.541020
vt 0.318850 0.540530
vt 0.264650 0.539550
vt 0.372070 0.597170
vt 0.479250 0.540530
vt 0.424800 0.597170
vt 0.478760 0.597170
vt 0.319090 0.596190
vt 0.265140 0.595210
vt 0.372070 0.652830
vt 0.423100 0.653320
vt 0.475340 0.653320
vt 0.468990 0.709470
vt 0.320800 0.651850
vt 0.268310 0.650390
vt 0.274410 0.706050
vt 0.323970 0.707520
vt 0.283200 0.761720
vt 0.328120 0.763670
vt 0.371340 0.765140
vt 0.372070 0.708980
vt 0.419920 0.709470
vt 0.334230 0.820310
vt 0.295650 0.818360
vt 0.310790 0.874510
vt 0.414550 0.765620
vt 0.459470 0.766110
vt 0.445800 0.821290
vt 0.407710 0.821290
vt 0.371090 0.821290
vt 0.400640 0.876470
vt 0.431150 0.875980
vt 0.350830 0.930180
vt 0.328370 0.929200
vt 0.341800 0.875980
vt 0.345700 0.982420
vt 0.372560 0.930180
vt 0.359620 0.982420
vt 0.371580 0.876950
vt 0.394290 0.930180
vt 0.416500 0.929690
vt 0.402100 0.982910
vt 0.849610 0.059140
vt 0.838870 0.115540
vt 0.847170 0.059360
vt 0.852050 0.115540
vt 0.852050 0.058930
vt 0.854490 0.059020
vt 0.828610 0.172610
vt 0.819820 0.231690
vt 0.802730 0.173100
vt 0.784670 0.232910
vt 0.865720 0.115290
vt 0.880370 0.114810
vt 0.875490 0.172240
vt 0.884280 0.231080
vt 0.901370 0.172360
vt 0.852050 0.172120
vt 0.919430 0.231690
vt 0.933590 0.291990
vt 0.852050 0.230840
vt 0.891600 0.291750
vt 0.943850 0.353270
vt 0.770510 0.293950
vt 0.812500 0.292730
vt 0.852050 0.291750
vt 0.807620 0.355470
vt 0.760740 0.356200
vt 0.852050 0.354740
vt 0.896480 0.354000
vt 0.852050 0.418210
vt 0.804690 0.418460
vt 0.899900 0.416750
vt 0.949710 0.414790
vt 0.953120 0.475590
vt 0.901370 0.478760
vt 0.803220 0.480960
vt 0.852050 0.480710
vt 0.754880 0.418460
vt 0.952640 0.593260
vt 0.901370 0.598150
vt 0.953610 0.535160
vt 0.899410 0.654790
vt 0.852540 0.601070
vt 0.804200 0.600590
vt 0.806150 0.657230
vt 0.753420 0.598150
vt 0.756840 0.654300
vt 0.852540 0.658200
vt 0.762700 0.708980
vt 0.944340 0.704100
vt 0.936030 0.757810
vt 0.896480 0.709470
vt 0.852540 0.712890
vt 0.809080 0.711910
vt 0.771000 0.761720
vt 0.892580 0.762700
vt 0.924800 0.810060
vt 0.911620 0.861330
vt 0.887210 0.814450
vt 0.880860 0.863770
vt 0.895510 0.910160
vt 0.825200 0.864750
vt 0.795900 0.863280
vt 0.818360 0.815920
vt 0.810550 0.911130
vt 0.853030 0.865230
vt 0.873530 0.911130
vt 0.832030 0.912110
vt 0.852540 0.912110
vt 0.838380 0.958980
vt 0.852540 0.958500
vt 0.645510 0.210450
vt 0.636720 0.150150
vt 0.662110 0.150880
vt 0.679690 0.211430
vt 0.693850 0.272950
vt 0.611330 0.035030
vt 0.600590 0.092470
vt 0.609380 0.035220
vt 0.586430 0.092770
vt 0.590820 0.150760
vt 0.613770 0.149900
vt 0.582520 0.211180
vt 0.534670 0.274660
vt 0.575200 0.273440
vt 0.613770 0.210080
vt 0.525390 0.337160
vt 0.613770 0.272710
vt 0.652340 0.272710
vt 0.570800 0.336910
vt 0.613770 0.400390
vt 0.613770 0.336430
vt 0.657230 0.335940
vt 0.567870 0.400150
vt 0.519530 0.399170
vt 0.660160 0.399410
vt 0.613770 0.463140
vt 0.708980 0.397460
vt 0.662110 0.461430
vt 0.712400 0.458740
vt 0.566410 0.462160
vt 0.614260 0.523930
vt 0.659670 0.636720
vt 0.613770 0.639160
vt 0.661620 0.580570
vt 0.520020 0.632320
vt 0.568360 0.636720
vt 0.525390 0.686520
vt 0.657230 0.690920
vt 0.703120 0.686520
vt 0.695310 0.739260
vt 0.570800 0.690920
vt 0.533200 0.739260
vt 0.613770 0.693360
vt 0.574710 0.743160
vt 0.543950 0.790530
vt 0.653320 0.743160
vt 0.684570 0.790530
vt 0.580080 0.793950
vt 0.557620 0.840820
vt 0.613770 0.745600
vt 0.647950 0.794430
vt 0.671390 0.840820
vt 0.613770 0.795900
vt 0.586910 0.842770
vt 0.572270 0.888670
vt 0.641600 0.843260
vt 0.593750 0.890140
vt 0.600100 0.936520
vt 0.586910 0.936520
vt 0.614260 0.844240
vt 0.614260 0.890620
vt 0.614260 0.936520
vt 0.627930 0.936520
vt 0.634770 0.890140
vt 0.656250 0.889160
vt 0.641110 0.936520
vt 0.614260 0.038420
vt 0.616700 0.038570
vt 0.614260 0.094790
vt 0.590820 0.151980
vt 0.582030 0.211180
vt 0.565430 0.152710
vt 0.547850 0.212520
vt 0.533690 0.273440
vt 0.627440 0.094790
vt 0.618650 0.038730
vt 0.641600 0.094730
vt 0.637210 0.151850
vt 0.662600 0.152590
vt 0.646000 0.211180
vt 0.614260 0.151490
vt 0.614260 0.210450
vt 0.575200 0.272460
vt 0.614260 0.271970
vt 0.652830 0.272460
vt 0.570310 0.334960
vt 0.524410 0.334960
vt 0.567380 0.397950
vt 0.518070 0.396730
vt 0.614260 0.334960
vt 0.657720 0.334960
vt 0.704100 0.335210
vt 0.614260 0.398680
vt 0.660650 0.397950
vt 0.709960 0.396970
vt 0.662600 0.459960
vt 0.712890 0.458010
vt 0.614260 0.460940
vt 0.614260 0.521970
vt 0.565920 0.459960
vt 0.565430 0.520510
vt 0.515140 0.457760
vt 0.514650 0.517580
vt 0.662600 0.520510
vt 0.713870 0.517580
vt 0.614260 0.581050
vt 0.565920 0.579100
vt 0.515620 0.575200
vt 0.662110 0.579100
vt 0.712400 0.575200
vt 0.614260 0.637700
vt 0.567870 0.635250
vt 0.709470 0.631350
vt 0.660160 0.635740
vt 0.570310 0.689940
vt 0.523930 0.686040
vt 0.657720 0.690430
vt 0.653810 0.743160
vt 0.614260 0.692380
vt 0.695800 0.739260
vt 0.685060 0.791500
vt 0.580080 0.794430
vt 0.542970 0.791020
vt 0.556150 0.841800
vt 0.614260 0.745600
vt 0.648440 0.794920
vt 0.671390 0.841800
vt 0.656250 0.890620
vt 0.641600 0.844240
vt 0.593260 0.891600
vt 0.571780 0.890620
vt 0.586430 0.844240
vt 0.586430 0.938960
vt 0.614260 0.845210
vt 0.614260 0.796390
vt 0.634770 0.892090
vt 0.614260 0.892580
vt 0.641600 0.938960
vt 0.585940 0.098020
vt 0.609380 0.042510
vt 0.600590 0.098390
vt 0.611330 0.042360
vt 0.590820 0.154780
vt 0.613770 0.098450
vt 0.613770 0.042210
vt 0.564940 0.155030
vt 0.616210 0.042330
vt 0.582030 0.212770
vt 0.546880 0.213870
vt 0.532720 0.273680
vt 0.627440 0.098390
vt 0.618650 0.042510
vt 0.641600 0.098020
vt 0.637210 0.154780
vt 0.663090 0.155150
vt 0.694820 0.273440
vt 0.704590 0.333740
vt 0.653320 0.272460
vt 0.574710 0.272460
vt 0.613770 0.271970
vt 0.613770 0.212160
vt 0.569820 0.333740
vt 0.522950 0.334230
vt 0.566410 0.395510
vt 0.516600 0.395260
vt 0.613770 0.333500
vt 0.658200 0.333500
vt 0.613770 0.517580
vt 0.613770 0.457030
vt 0.663090 0.456050
vt 0.565430 0.575680
vt 0.513180 0.515620
vt 0.564450 0.517090
vt 0.713870 0.571780
vt 0.662600 0.574710
vt 0.714840 0.514160
vt 0.614260 0.576660
vt 0.614260 0.634280
vt 0.567380 0.632810
vt 0.517580 0.630370
vt 0.514160 0.573730
vt 0.661130 0.631840
vt 0.710940 0.628420
vt 0.705080 0.683590
vt 0.569820 0.688960
vt 0.523440 0.685550
vt 0.531250 0.739750
vt 0.614260 0.689940
vt 0.574220 0.743160
vt 0.542480 0.793460
vt 0.658200 0.687500
vt 0.696780 0.737790
vt 0.654300 0.742190
vt 0.686030 0.791500
vt 0.614260 0.744630
vt 0.579590 0.795900
vt 0.556640 0.845210
vt 0.648930 0.794920
vt 0.672360 0.843750
vt 0.613770 0.797360
vt 0.593260 0.896000
vt 0.571780 0.895020
vt 0.586430 0.847170
vt 0.586430 0.944340
vt 0.642580 0.846190
vt 0.614260 0.944340
vt 0.600100 0.944340
vt 0.614260 0.896480
vt 0.635250 0.895510
vt 0.657230 0.894530
vt 0.628420 0.943850
vt 0.642090 0.943850
vt 0.839350 0.106930
vt 0.830080 0.167480
vt 0.825680 0.107360
vt 0.850100 0.047520
vt 0.852540 0.106690
vt 0.852540 0.047420
vt 0.854980 0.047520
vt 0.821290 0.230230
vt 0.805180 0.168580
vt 0.788090 0.231320
vt 0.774900 0.294680
vt 0.865230 0.106870
vt 0.856930 0.047640
vt 0.879400 0.107120
vt 0.875000 0.167360
vt 0.899900 0.168210
vt 0.883300 0.230100
vt 0.916990 0.230960
vt 0.852540 0.166750
vt 0.930660 0.294430
vt 0.852540 0.229610
vt 0.890140 0.294430
vt 0.939940 0.358150
vt 0.814940 0.294680
vt 0.852540 0.360350
vt 0.810060 0.359620
vt 0.895020 0.359620
vt 0.852540 0.425540
vt 0.852540 0.549320
vt 0.852540 0.488520
vt 0.899410 0.486820
vt 0.949220 0.542480
vt 0.899410 0.546880
vt 0.948730 0.482910
vt 0.806150 0.604490
vt 0.755860 0.541990
vt 0.805660 0.546880
vt 0.852540 0.607420
vt 0.898930 0.604980
vt 0.852540 0.662600
vt 0.807620 0.659670
vt 0.756840 0.599120
vt 0.759280 0.653810
vt 0.764650 0.706540
vt 0.948240 0.599610
vt 0.897460 0.660160
vt 0.945310 0.654790
vt 0.940430 0.707520
vt 0.810060 0.712400
vt 0.895020 0.712890
vt 0.852540 0.715330
vt 0.852540 0.766110
vt 0.818850 0.812500
vt 0.813480 0.763180
vt 0.891110 0.763670
vt 0.795900 0.857420
vt 0.825200 0.859860
vt 0.810550 0.904790
vt 0.885740 0.812990
vt 0.879880 0.860350
vt 0.852540 0.814940
vt 0.909180 0.857910
vt 0.894530 0.904790
vt 0.852540 0.861330
vt 0.832030 0.905760
vt 0.852540 0.906250
vt 0.838380 0.951170
vt 0.322270 0.182860
vt 0.343750 0.126100
vt 0.348390 0.183230
vt 0.339350 0.240850
vt 0.303950 0.241330
vt 0.289310 0.300780
vt 0.385500 0.127200
vt 0.371830 0.127440
vt 0.374510 0.070920
vt 0.376710 0.071170
vt 0.395510 0.183590
vt 0.404300 0.241210
vt 0.421390 0.183590
vt 0.439700 0.242070
vt 0.371830 0.183470
vt 0.454100 0.301510
vt 0.371830 0.240720
vt 0.411620 0.300540
vt 0.464110 0.361820
vt 0.371830 0.299800
vt 0.332030 0.300290
vt 0.326900 0.361080
vt 0.279300 0.361570
vt 0.273190 0.422610
vt 0.323730 0.422850
vt 0.371830 0.360840
vt 0.416750 0.361080
vt 0.371830 0.422850
vt 0.419680 0.422610
vt 0.470210 0.422360
vt 0.371830 0.484620
vt 0.421390 0.483890
vt 0.473150 0.482670
vt 0.322270 0.484380
vt 0.270260 0.483640
vt 0.322020 0.544920
vt 0.371830 0.545410
vt 0.421630 0.543950
vt 0.473880 0.541990
vt 0.371830 0.604980
vt 0.322750 0.604000
vt 0.269780 0.543460
vt 0.420900 0.603030
vt 0.371830 0.662600
vt 0.324950 0.661620
vt 0.271240 0.602050
vt 0.274900 0.658690
vt 0.472410 0.600100
vt 0.418950 0.660650
vt 0.327880 0.717290
vt 0.371830 0.718750
vt 0.289550 0.769040
vt 0.332030 0.771970
vt 0.301030 0.822270
vt 0.411620 0.771000
vt 0.416020 0.716310
vt 0.454350 0.767090
vt 0.443110 0.820310
vt 0.371830 0.773440
vt 0.337650 0.825200
vt 0.314940 0.873540
vt 0.406250 0.823730
vt 0.371830 0.826170
vt 0.344730 0.875490
vt 0.330320 0.923340
vt 0.351560 0.923830
vt 0.344970 0.971680
vt 0.358400 0.971190
vt 0.372310 0.876470
vt 0.392820 0.923340
vt 0.372070 0.924320
vt 0.414310 0.922360
vt 0.399170 0.970700
vt 0.385740 0.971190
vt 0.358400 0.127080
vt 0.367190 0.071040
vt 0.369390 0.070920
vt 0.372070 0.070740
vt 0.400150 0.126590
vt 0.468990 0.657230
vt 0.463140 0.712400
vt 0.281010 0.714350
vt 0.429690 0.872070
vt 0.399900 0.875000
vt 0.372070 0.971190
vt 0.848150 0.047670
vt 0.765620 0.358150
vt 0.807130 0.424070
vt 0.759770 0.421140
vt 0.897950 0.424070
vt 0.945800 0.421140
vt 0.805660 0.486570
vt 0.756840 0.482670
vt 0.932620 0.758790
vt 0.771970 0.758300
vt 0.922360 0.809080
vt 0.782720 0.808590
vt 0.873050 0.905760
vt 0.879880 0.951170
vt 0.866700 0.951170
vt 0.825200 0.951170
vt 0.852540 0.951660
vt 0.646000 0.212770
vt 0.680660 0.213870
vt 0.613770 0.154420
vt 0.613770 0.395510
vt 0.661130 0.395020
vt 0.710940 0.394530
vt 0.564940 0.456790
vt 0.513670 0.456050
vt 0.714350 0.454830
vt 0.663090 0.516110
vt 0.586430 0.094790
vt 0.600590 0.094850
vt 0.609380 0.038730
vt 0.611820 0.038570
vt 0.680180 0.212400
vt 0.694340 0.273440
vt 0.704100 0.686040
vt 0.518550 0.631350
vt 0.532230 0.738770
vt 0.627930 0.938960
vt 0.600100 0.938960
vt 0.614260 0.938960
vt 0.618160 0.035060
vt 0.616210 0.034940
vt 0.626950 0.092100
vt 0.641600 0.092100
vt 0.613770 0.092160
vt 0.613770 0.034850
vt 0.565430 0.151980
vt 0.548340 0.213010
vt 0.703120 0.335210
vt 0.516600 0.460210
vt 0.662110 0.521970
vt 0.712890 0.518550
vt 0.566410 0.522460
vt 0.516110 0.519530
vt 0.613770 0.582520
vt 0.711910 0.576170
vt 0.566900 0.580570
vt 0.517090 0.577150
vt 0.708980 0.632320
vt 0.824220 0.115230
vt 0.856450 0.059140
vt 0.751950 0.479980
vt 0.852540 0.541990
vt 0.901850 0.539060
vt 0.803220 0.541500
vt 0.751950 0.540040
vt 0.949710 0.649410
vt 0.812990 0.764650
vt 0.782230 0.813480
vt 0.852540 0.765620
vt 0.825200 0.958980
vt 0.879880 0.958010
vt 0.866700 0.958500
vt 0.308590 0.248410
vt 0.472410 0.425050
vt 0.388180 0.982910
vt 0.374020 0.982910
vt 0.376220 0.062260
vt 0.371580 0.062040
vt 0.276610 0.427730
vt 0.323970 0.491460
vt 0.470460 0.487790
vt 0.277340 0.661620
vt 0.414550 0.916500
vt 0.344730 0.870600
vt 0.329830 0.916020
vt 0.399410 0.963380
vt 0.393310 0.920410
vt 0.399900 0.968260
vt 0.386230 0.968260
vt 0.372070 0.921390
vt 0.372070 0.968750
vt 0.712890 0.753420
vt 0.499020 0.632810
vt 0.729980 0.634280
vt 0.614750 0.629400
vt 0.494630 0.513670
vt 0.733890 0.513670
vt 0.614260 0.509770
vt 0.500000 0.390870
vt 0.521000 0.266110
vt 0.613770 0.262450
vt 0.614260 0.137090
vt 0.560060 0.139890
vt 0.668460 0.138310
vt 0.610350 0.012330
vt 0.619630 0.012140
vt 0.615230 0.012230
vt 0.824710 0.117980
vt 0.839350 0.118960
vt 0.848150 0.060520
vt 0.850590 0.060330
vt 0.880860 0.117920
vt 0.935550 0.295170
vt 0.945800 0.355230
vt 0.752440 0.414060
vt 0.753420 0.647950
vt 0.759280 0.703610
vt 0.585940 0.099060
vt 0.600590 0.100340
vt 0.609380 0.042730
vt 0.642090 0.099490
vt 0.714840 0.393070
vt 0.717770 0.569820
vt 0.673830 0.846680
vt 0.657720 0.898440
vt 0.642090 0.948730
vt 0.628420 0.948730
vt 0.593260 0.899410
vt 0.585940 0.948730
vt 0.599610 0.949220
vt 0.613770 0.949220
vt 0.786620 0.235840
vt 0.944340 0.353760
vt 0.760740 0.354490
vt 0.753910 0.414790
vt 0.865720 0.964840
vt 0.367190 0.066040
vt 0.404300 0.247440
vt 0.437500 0.246340
vt 0.278320 0.363520
vt 0.421880 0.423100
vt 0.371830 0.423580
vt 0.473150 0.651850
vt 0.277100 0.711910
vt 0.458250 0.764160
vt 0.432130 0.875000
vt 0.372310 0.768550
vt 0.336670 0.823730
vt 0.314210 0.876470
vt 0.372560 0.824220
vt 0.401610 0.876950
vt 0.415040 0.927730
vt 0.357180 0.979490
vt 0.370850 0.979490
vt 0.371340 0.074040
vt 0.369140 0.074100
vt 0.371580 0.131100
vt 0.373780 0.074040
vt 0.366700 0.074160
vt 0.375980 0.074100
vt 0.371830 0.244750
vt 0.453610 0.303710
vt 0.475340 0.479740
vt 0.446290 0.820310
vt 0.408690 0.822750
vt 0.431890 0.875490
vt 0.337400 0.824220
vt 0.314450 0.876950
vt 0.132570 0.069090
vt 0.130490 0.069150
vt 0.029530 0.482180
vt 0.186520 0.597660
vt 0.240840 0.595700
vt 0.237310 0.652830
vt 0.231320 0.708980
vt 0.040560 0.713380
vt 0.049990 0.769040
vt 0.196170 0.875000
vt 0.093930 0.770020
vt 0.062320 0.823240
vt 0.100340 0.824710
vt 0.077150 0.876470
vt 0.135990 0.825200
vt 0.164920 0.876950
vt 0.179080 0.927250
vt 0.107480 0.877440
vt 0.091860 0.927730
vt 0.343750 0.119450
vt 0.358400 0.119510
vt 0.367190 0.061890
vt 0.369140 0.061740
vt 0.371830 0.061580
vt 0.281490 0.365480
vt 0.371580 0.301510
vt 0.415530 0.364990
vt 0.323000 0.552250
vt 0.271970 0.549320
vt 0.323730 0.610350
vt 0.272950 0.606930
vt 0.934080 0.296390
vt 0.820800 0.241210
vt 0.961910 0.589840
vt 0.762700 0.756840
vt 0.897460 0.919920
vt 0.822750 0.867680
vt 0.807620 0.919430
vt 0.881350 0.971190
vt 0.853030 0.971190
vt 0.551760 0.219730
vt 0.575200 0.281010
vt 0.535160 0.280030
vt 0.576170 0.791990
vt 0.553220 0.847170
vt 0.674800 0.847170
vt 0.613770 0.792480
vt 0.628420 0.953610
vt 0.614260 0.953610
vt 0.608890 0.040340
vt 0.611330 0.040190
vt 0.563970 0.156130
vt 0.613770 0.040010
vt 0.544920 0.215330
vt 0.613770 0.946780
vt 0.852540 0.049740
vt 0.850590 0.049770
vt 0.852540 0.113890
vt 0.854490 0.049770
vt 0.840330 0.114200
vt 0.848150 0.049870
vt 0.828120 0.114560
vt 0.856450 0.049770
vt 0.760740 0.361570
vt 0.903320 0.647460
vt 0.955080 0.647950
vt 0.911620 0.866210
vt 0.815430 0.811520
vt 0.791990 0.865230
vt 0.610350 0.028730
vt 0.616210 0.028840
vt 0.626470 0.094180
vt 0.618160 0.029010
vt 0.639650 0.093450
vt 0.568360 0.339840
vt 0.511230 0.396240
vt 0.716800 0.398930
vt 0.563970 0.398930
vt 0.721680 0.456540
vt 0.514650 0.683100
vt 0.524410 0.738770
vt 0.662600 0.681640
vt 0.713870 0.680180
vt 0.570800 0.738770
vt 0.537600 0.793950
vt 0.614260 0.738280
vt 0.577150 0.793950
vt 0.651850 0.792970
vt 0.676760 0.846190
vt 0.644530 0.847170
vt 0.658690 0.898930
vt 0.168340 0.245120
vt 0.204100 0.245850
vt 0.219850 0.305420
vt 0.185910 0.656250
vt 0.239380 0.656740
vt 0.084960 0.656250
vt 0.031430 0.656250
vt 0.233030 0.712400
vt 0.223760 0.767580
vt 0.211430 0.822270
vt 0.059300 0.821780
vt 0.098510 0.822750
vt 0.547360 0.216670
vt 0.661620 0.154540
vt 0.646000 0.218260
vt 0.680660 0.217280
vt 0.696780 0.279050
vt 0.506840 0.458250
vt 0.570800 0.737300
vt 0.537600 0.791990
vt 0.577150 0.791990
vt 0.553220 0.845700
vt 0.584960 0.950200
vt 0.401850 0.247070
vt 0.421140 0.429440
vt 0.371830 0.430180
vt 0.432860 0.873540
vt 0.371340 0.819340
vt 0.341800 0.873540
vt 0.327390 0.926270
vt 0.401610 0.978520
vt 0.387450 0.978520
vt 0.215700 0.308840
vt 0.227910 0.368650
vt 0.236210 0.427250
vt 0.182980 0.710450
vt 0.223510 0.763670
vt 0.211300 0.818850
vt 0.148560 0.977050
vt 0.131230 0.060760
vt 0.111020 0.123530
vt 0.139400 0.060790
vt 0.159790 0.124270
vt 0.180180 0.186770
vt 0.090700 0.185420
vt 0.185420 0.426760
vt 0.135380 0.484620
vt 0.187870 0.484860
vt 0.241460 0.485110
vt 0.135250 0.541990
vt 0.027210 0.542480
vt 0.233640 0.708980
vt 0.037020 0.711430
vt 0.135860 0.821290
vt 0.166020 0.875000
vt 0.106020 0.875490
vt 0.090390 0.927730
vt 0.135860 0.875490
vt 0.112980 0.927730
vt 0.105650 0.979000
vt 0.119870 0.979000
vt 0.134280 0.979000
vt 0.135740 0.053040
vt 0.139650 0.053190
vt 0.158690 0.119390
vt 0.036220 0.429690
vt 0.241940 0.601560
vt 0.037540 0.710450
vt 0.224120 0.765620
vt 0.135990 0.975100
vt 0.929200 0.299560
vt 0.941900 0.361330
vt 0.956050 0.649410
vt 0.940920 0.757810
vt 0.804690 0.702640
vt 0.764160 0.755860
vt 0.881840 0.966310
s 0
usemtl mat0.1000
f 5/1/1 3/2/2 2/3/3
f 3/2/4 5/1/5 6/4/6
f 8/5/7 2/3/8 4/6/9
f 11/7/10 14/8/11 5/1/1
f 5/1/12 14/8/13 7/9/14
f 15/10/15 7/9/16 14/8/17
f 19/11/18 12/12/19 13/13/20
f 19/11/21 16/14/22 12/12/23
f 19/11/24 13/13/25 20/15/26
f 17/16/27 16/14/28 21/17/29
f 23/18/30 18/19/31 22/20/32
f 19/11/21 20/15/33 24/21/34
f 24/21/35 21/17/36 19/11/37
f 25/22/38 24/21/39 20/15/40
f 22/20/41 26/23/42 23/18/43
f 22/20/44 21/17/45 26/23/46
f 27/24/47 23/18/48 26/23/49
f 24/21/50 25/22/51 29/25/52
f 29/25/53 30/26/54 31/27/55
f 32/28/56 21/17/57 29/25/58
f 21/17/59 32/28/60 26/23/42
f 35/29/61 34/30/62 31/27/55
f 36/31/63 32/28/64 33/32/65
f 36/31/66 37/33/67 32/28/68
f 36/31/69 33/32/65 38/34/70
f 34/30/71 38/34/72 33/32/73
f 36/31/74 38/34/75 37/33/76
f 39/35/77 37/33/78 38/34/79
f 41/36/80 38/34/81 34/30/82
f 38/34/83 41/36/84 39/35/85
f 34/30/86 35/29/87 42/37/88
f 42/37/89 41/36/90 34/30/91
f 43/38/92 42/37/93 35/29/94
f 39/35/95 44/39/96 40/40/97
f 44/39/98 39/35/95 41/36/99
f 45/41/100 40/40/101 44/39/96
f 47/42/102 46/43/103 42/37/104
f 52/44/105 54/45/106 51/46/107
f 55/47/108 49/48/109 53/49/110
f 56/50/111 50/51/112 55/47/113
f 53/49/114 60/52/115 55/47/116
f 58/53/117 60/52/118 51/46/119
f 61/54/120 55/47/121 60/52/122
f 63/55/123 62/56/124 61/54/125
f 62/56/126 63/55/127 64/57/128
f 67/58/129 64/57/130 63/55/131
f 67/58/132 68/59/133 64/57/134
f 63/55/135 69/60/136 67/58/137
f 70/61/138 65/62/139 66/63/140
f 70/61/141 69/60/142 65/62/143
f 66/63/144 71/64/145 70/61/146
f 72/65/147 67/58/148 69/60/136
f 70/61/149 72/65/150 69/60/151
f 67/58/137 73/66/152 68/59/153
f 67/58/154 72/65/155 73/66/156
f 75/67/157 70/61/141 71/64/158
f 71/64/159 76/68/160 75/67/161
f 77/69/162 74/70/163 73/66/164
f 77/69/165 78/71/166 74/70/167
f 80/72/168 73/66/169 72/65/170
f 77/69/171 81/73/172 79/74/173
f 80/72/174 75/67/175 84/75/176
f 84/75/177 75/67/157 76/68/178
f 84/75/179 83/76/180 81/73/181
f 76/68/182 85/77/183 84/75/184
f 86/78/185 87/79/186 88/80/187
f 88/80/188 90/81/189 91/82/190
f 92/83/191 91/82/192 90/81/193
f 90/81/194 94/84/195 92/83/191
f 95/85/196 92/83/197 94/84/198
f 96/86/199 87/79/200 89/87/201
f 87/79/202 96/86/203 93/88/204
f 97/89/205 96/86/206 89/87/207
f 96/86/208 97/89/205 98/90/209
f 96/86/210 98/90/211 99/91/212
f 99/91/213 93/88/214 96/86/215
f 100/92/216 99/91/217 98/90/209
f 101/93/218 99/91/219 100/92/220
f 99/91/221 101/93/222 93/88/223
f 101/93/224 100/92/225 102/94/226
f 103/95/227 93/88/228 101/93/222
f 93/88/229 103/95/230 94/84/231
f 101/93/232 102/94/233 104/96/234
f 101/93/235 104/96/236 103/95/237
f 110/97/238 103/95/227 109/98/239
f 110/97/240 112/99/241 111/100/242
f 109/98/243 112/99/244 110/97/245
f 113/101/246 111/100/247 112/99/248
f 114/102/249 109/98/250 106/103/251
f 109/98/252 114/102/253 112/99/254
f 112/99/255 115/104/256 113/101/257
f 115/104/258 112/99/259 114/102/260
f 116/105/261 113/101/262 115/104/263
f 115/104/264 114/102/265 119/106/266
f 117/107/267 115/104/268 119/106/269
f 120/108/270 114/102/271 118/109/272
f 120/108/273 119/106/266 114/102/274
f 108/110/275 121/111/276 118/109/277
f 122/112/278 126/113/279 124/114/280
f 128/115/281 127/116/282 123/117/283
f 124/114/284 129/118/285 125/119/286
f 129/118/287 124/114/288 126/113/289
f 130/120/290 125/119/291 129/118/292
f 126/113/293 131/121/294 129/118/295
f 128/115/296 132/122/297 127/116/298
f 132/122/297 131/121/299 127/116/300
f 133/123/301 132/122/302 128/115/303
f 134/124/304 130/120/305 129/118/306
f 134/124/307 129/118/308 131/121/309
f 134/124/310 135/125/311 130/120/305
f 132/122/312 133/123/313 136/126/314
f 134/124/315 140/127/316 135/125/317
f 140/127/318 134/124/319 138/128/320
f 141/129/321 135/125/322 140/127/323
f 141/129/324 140/127/325 142/130/326
f 143/131/327 136/126/328 139/132/329
f 138/128/330 145/133/331 140/127/332
f 143/131/333 145/133/334 136/126/335
f 152/134/336 153/135/337 149/136/338
f 148/137/339 154/138/340 152/134/341
f 155/139/342 150/140/343 151/141/344
f 155/139/345 154/138/346 150/140/347
f 151/141/348 156/142/349 155/139/342
f 157/143/350 152/134/351 154/138/352
f 155/139/353 157/143/354 154/138/355
f 152/134/351 158/144/356 153/135/337
f 152/134/357 157/143/358 158/144/359
f 153/135/337 158/144/360 159/145/361
f 156/142/349 161/146/362 160/147/363
f 162/148/364 159/145/365 158/144/366
f 162/148/367 163/149/368 159/145/369
f 162/148/370 164/150/371 163/149/372
f 165/151/373 158/144/374 157/143/375
f 165/151/376 157/143/377 160/147/378
f 162/148/379 166/152/380 164/150/381
f 166/152/382 162/148/383 165/151/384
f 167/153/385 164/150/386 166/152/387
f 167/153/388 166/152/389 168/154/390
f 165/151/391 160/147/392 169/155/393
f 169/155/394 166/152/395 165/151/396
f 169/155/397 168/154/398 166/152/387
f 171/156/399 174/157/400 172/158/401
f 175/159/402 173/160/403 172/158/404
f 172/158/405 178/161/406 181/162/407
f 175/159/408 172/158/409 181/162/410
f 181/162/411 182/163/412 186/164/413
f 187/165/414 184/166/415 186/164/416
f 187/165/417 191/167/418 188/168/419
f 192/169/420 188/168/421 191/167/422
f 186/164/416 189/170/423 193/171/424
f 193/171/425 191/167/426 186/164/427
f 189/170/428 190/172/429 194/173/430
f 191/167/431 196/174/432 192/169/433
f 191/167/434 193/171/435 196/174/436
f 197/175/437 192/169/438 196/174/439
f 197/175/440 196/174/441 198/176/442
f 194/173/443 195/177/444 199/178/445
f 194/173/446 199/178/447 193/171/448
f 195/177/449 200/179/450 199/178/451
f 199/178/452 200/179/453 202/180/454
f 201/181/455 203/182/456 196/174/457
f 203/182/458 201/181/459 199/178/460
f 204/183/461 196/174/462 203/182/463
f 198/176/464 196/174/465 204/183/461
f 207/184/466 208/185/467 198/176/468
f 217/186/469 212/187/470 216/188/471
f 215/189/472 219/190/473 214/191/474
f 219/190/475 216/188/471 214/191/476
f 220/192/477 219/190/478 215/189/479
f 216/188/480 221/193/481 217/186/482
f 217/186/483 222/194/484 218/195/485
f 222/194/486 217/186/487 221/193/488
f 223/196/489 218/195/490 222/194/491
f 219/190/478 220/192/492 225/197/493
f 225/197/494 221/193/495 219/190/496
f 226/198/497 225/197/498 220/192/477
f 221/193/499 230/199/500 222/194/501
f 228/200/502 230/199/503 231/201/504
f 229/202/505 231/201/506 232/203/507
f 233/204/508 221/193/495 225/197/498
f 235/205/509 233/204/510 234/206/511
f 233/204/512 235/205/513 230/199/514
f 234/206/515 236/207/516 235/205/517
f 237/208/518 231/201/519 230/199/520
f 237/208/521 230/199/522 235/205/509
f 238/209/523 232/203/524 231/201/525
f 231/201/526 237/208/518 238/209/527
f 238/209/528 239/210/529 232/203/530
f 240/211/531 235/205/532 236/207/516
f 236/207/533 241/212/534 240/211/535
f 254/213/536 253/214/537 251/215/538
f 246/216/539 255/217/540 254/213/541
f 256/218/542 257/219/543 258/220/544
f 259/221/545 258/220/546 257/219/547
f 258/220/548 259/221/549 260/222/550
f 261/223/551 260/222/552 259/221/553
f 258/220/554 262/224/555 256/218/556
f 258/220/554 260/222/557 262/224/558
f 261/223/559 263/225/560 260/222/561
f 264/226/562 256/218/556 262/224/563
f 265/227/564 260/222/557 263/225/565
f 265/227/566 266/228/567 267/229/568
f 268/230/569 262/224/570 260/222/571
f 270/231/572 269/232/573 267/229/574
f 272/233/575 264/226/576 271/234/577
f 271/234/578 268/230/579 275/235/580
f 268/230/569 269/232/581 275/235/582
f 274/236/583 273/237/584 276/238/585
f 277/239/586 270/231/587 278/240/588
f 279/241/589 273/237/590 275/235/591
f 275/235/592 277/239/593 279/241/594
f 273/237/595 279/241/596 280/242/597
f 276/238/598 280/242/599 281/243/600
f 277/239/601 278/240/602 282/244/603
f 282/244/604 279/241/605 277/239/606
f 282/244/607 284/245/608 279/241/609
f 287/246/610 279/241/611 284/245/612
f 279/241/613 287/246/614 280/242/615
f 284/245/616 288/247/617 287/246/618
f 291/248/619 287/246/620 288/247/621
f 280/242/622 287/246/623 292/249/624
f 291/248/625 292/249/626 287/246/618
f 281/243/627 280/242/628 292/249/629
f 291/248/630 293/250/631 292/249/632
f 294/251/633 281/243/634 292/249/624
f 294/251/635 292/249/636 293/250/637
f 294/251/638 295/252/639 281/243/640
f 296/253/641 293/250/642 289/254/643
f 289/254/644 290/255/645 297/256/646
f 294/251/647 299/257/648 295/252/649
f 299/257/650 294/251/651 296/253/652
f 300/258/653 295/252/654 299/257/655
f 296/253/656 297/256/657 301/259/658
f 296/253/652 301/259/659 299/257/660
f 298/260/661 302/261/662 297/256/663
f 302/261/664 301/259/665 297/256/666
f 303/262/667 302/261/668 298/260/669
f 304/263/670 305/264/671 300/258/672
f 302/261/673 303/262/674 307/265/675
f 307/265/676 306/266/677 302/261/673
f 308/267/678 307/265/679 303/262/680
f 308/267/681 309/268/682 307/265/675
f 304/263/683 310/269/684 305/264/685
f 310/269/686 304/263/687 306/266/688
f 311/270/689 305/264/690 310/269/691
f 311/270/692 310/269/693 312/271/694
f 316/272/695 312/271/696 310/269/697
f 316/272/698 310/269/699 315/273/700
f 320/274/701 317/275/702 316/272/703
f 317/275/704 320/274/705 321/276/706
f 322/277/707 315/273/708 318/278/709
f 327/279/710 325/280/711 322/277/712
f 328/281/713 323/282/714 324/283/715
f 330/284/716 326/285/717 325/280/718
f 332/286/719 327/279/720 328/281/721
f 332/286/722 330/284/723 327/279/724
f 333/287/725 328/281/726 329/288/727
f 329/288/728 334/289/729 333/287/730
f 336/290/731 331/291/732 330/284/733
f 336/290/734 337/292/735 331/291/736
f 339/293/737 336/290/731 332/286/738
f 336/290/731 339/293/739 338/294/740
f 333/287/741 339/293/742 332/286/743
f 340/295/744 338/294/745 339/293/746
f 341/296/747 342/297/748 343/298/749
f 342/297/750 344/299/751 347/300/752
f 342/297/753 347/300/754 345/301/755
f 348/302/756 347/300/757 344/299/758
f 346/303/759 345/301/760 349/304/761
f 355/305/762 354/306/763 353/307/764
f 353/307/765 356/308/766 355/305/767
f 352/309/768 356/308/769 353/307/770
f 357/310/771 355/305/772 356/308/773
f 352/309/774 358/311/775 356/308/776
f 356/308/777 359/312/778 357/310/779
f 359/312/780 356/308/781 358/311/782
f 360/313/783 357/310/784 359/312/785
f 362/314/786 361/315/787 351/316/788
f 359/312/785 358/311/782 363/317/789
f 363/317/790 358/311/782 361/315/791
f 359/312/792 364/318/793 360/313/783
f 363/317/794 364/318/795 359/312/796
f 365/319/797 360/313/798 364/318/799
f 361/315/800 362/314/801 366/320/802
f 361/315/803 366/320/804 363/317/805
f 362/314/806 367/321/807 366/320/808
f 366/320/809 367/321/810 368/322/811
f 364/318/812 369/323/813 365/319/814
f 370/324/815 365/319/816 369/323/817
f 370/324/818 369/323/819 371/325/820
f 372/326/821 363/317/822 366/320/823
f 371/325/824 369/323/819 373/327/825
f 380/328/826 379/329/827 368/322/828
f 378/330/829 381/331/830 374/332/831
f 381/331/832 378/330/833 379/329/834
f 379/329/835 380/328/836 382/333/837
f 382/333/838 381/331/832 379/329/834
f 383/334/839 382/333/838 380/328/840
f 374/332/841 384/335/842 375/336/843
f 385/337/844 375/336/845 384/335/846
f 381/331/847 382/333/837 386/338/848
f 387/339/849 388/340/850 385/337/851
f 389/341/852 386/338/853 382/333/854
f 390/342/855 389/341/856 383/334/857
f 386/338/858 391/343/859 387/339/860
f 391/343/859 386/338/861 389/341/862
f 387/339/863 392/344/864 388/340/865
f 393/345/866 392/344/867 394/346/868
f 396/347/869 397/348/870 395/349/871
f 391/343/859 400/350/872 392/344/873
f 391/343/874 395/349/875 400/350/876
f 398/351/877 392/344/867 400/350/878
f 401/352/879 395/349/880 397/348/881
f 401/352/882 400/350/883 395/349/884
f 403/353/885 399/354/886 398/351/887
f 398/351/888 400/350/889 403/353/890
f 399/354/886 403/353/890 404/355/891
f 405/356/892 401/352/893 402/357/894
f 401/352/895 405/356/896 400/350/897
f 402/357/898 406/358/899 405/356/900
f 407/359/901 404/355/902 403/353/890
f 407/359/903 408/360/904 404/355/905
f 409/361/906 403/353/907 400/350/872
f 403/353/908 409/361/909 407/359/910
f 410/362/911 409/361/912 405/356/913
f 417/363/914 419/364/915 418/365/916
f 417/363/917 421/366/918 419/364/919
f 421/366/918 417/363/917 420/367/920
f 422/368/921 419/364/922 421/366/923
f 420/367/924 415/369/925 424/370/926
f 424/370/927 421/366/928 420/367/924
f 424/370/926 415/369/925 416/371/929
f 429/372/930 428/373/931 427/374/932
f 428/373/931 430/375/933 426/376/934
f 428/373/935 429/372/936 431/377/937
f 428/373/938 431/377/939 430/375/940
f 432/378/941 431/377/942 429/372/943
f 433/379/944 426/376/945 430/375/946
f 432/378/947 434/380/948 431/377/949
f 430/375/950 435/381/951 433/379/952
f 438/382/953 439/383/954 440/384/955
f 445/385/956 431/377/937 441/386/957
f 445/385/958 430/375/959 431/377/939
f 430/375/960 445/385/961 435/381/962
f 437/387/963 435/381/964 450/388/965
f 437/387/966 450/388/967 451/389/968
f 452/390/969 450/388/970 447/391/971
f 452/390/972 447/391/973 448/392/974
f 453/393/975 451/389/976 450/388/977
f 450/388/970 452/390/978 453/393/979
f 451/389/980 453/393/981 454/394/982
f 455/395/983 448/392/984 449/396/985
f 448/392/986 455/395/983 452/390/987
f 455/395/988 449/396/989 456/397/990
f 457/398/991 452/390/992 455/395/993
f 454/394/994 453/393/995 458/399/996
f 453/393/997 457/398/998 458/399/999
f 461/400/1000 458/399/1001 457/398/1002
f 455/395/983 462/401/1003 457/398/1004
f 461/400/1005 462/401/1006 463/402/1007
f 464/403/1008 463/402/1009 462/401/1010
f 463/402/1009 466/404/1011 459/405/1012
f 466/404/1013 463/402/1014 464/403/1015
f 464/403/1016 465/406/1017 467/407/1018
f 466/404/1019 471/408/1020 469/409/1021
f 466/404/1022 467/407/1023 471/408/1024
f 472/410/1025 470/411/1026 469/409/1027
f 472/410/1028 469/409/1029 471/408/1030
f 472/410/1031 473/412/1032 470/411/1033
f 468/413/1034 474/414/1035 467/407/1036
f 474/414/1037 471/408/1038 467/407/1039
f 475/415/1040 474/414/1041 468/413/1042
f 471/408/1043 476/416/1044 472/410/1045
f 476/416/1046 471/408/1047 474/414/1048
f 472/410/1049 477/417/1050 473/412/1032
f 478/418/1051 473/412/1052 477/417/1053
f 474/414/1054 475/415/1055 479/419/1056
f 479/419/1057 476/416/1058 474/414/1037
f 480/420/1059 479/419/1060 475/415/1040
f 476/416/1046 481/421/1061 477/417/1062
f 476/416/1046 479/419/1063 481/421/1064
f 482/422/1065 477/417/1066 481/421/1064
f 482/422/1065 483/423/1067 478/418/1051
f 484/424/1068 483/423/1069 482/422/1070
f 480/420/1071 485/425/1072 479/419/1073
f 485/425/1072 481/421/1074 479/419/1075
f 486/426/1076 485/425/1077 480/420/1059
f 481/421/1078 490/427/1079 482/422/1065
f 485/425/1080 491/428/1081 481/421/1082
f 490/427/1083 481/421/1084 491/428/1085
f 495/429/1086 491/428/1087 492/430/1088
f 492/430/1089 496/431/1090 495/429/1091
f 502/432/1092 499/433/1093 498/434/1094
f 505/435/1095 502/432/1096 498/434/1097
f 505/435/1098 497/436/1099 500/437/1100
f 506/438/1101 502/432/1102 505/435/1103
f 507/439/1104 504/440/1105 506/438/1106
f 507/439/1107 506/438/1108 508/441/1109
f 505/435/1110 500/437/1111 509/442/1112
f 509/442/1113 500/437/1114 501/443/1115
f 501/443/1116 510/444/1117 509/442/1118
f 511/445/1119 512/446/1120 513/447/1121
f 514/448/1122 513/447/1123 512/446/1124
f 513/447/1125 515/449/1126 511/445/1127
f 513/447/1128 514/448/1129 516/450/1130
f 513/447/1131 516/450/1132 515/449/1133
f 517/451/1134 516/450/1135 514/448/1136
f 518/452/1137 511/445/1138 515/449/1139
f 517/451/1140 519/453/1141 516/450/1142
f 515/449/1143 520/454/1144 518/452/1145
f 521/455/1146 518/452/1145 520/454/1147
f 521/455/1148 520/454/1149 522/456/1150
f 523/457/1151 516/450/1152 519/453/1153
f 524/458/1154 523/457/1155 519/453/1156
f 523/457/1157 526/459/1158 516/450/1159
f 527/460/1160 526/459/1161 525/461/1162
f 528/462/1163 515/449/1164 516/450/1165
f 528/462/29 516/450/1166 526/459/1167
f 515/449/1168 528/462/45 520/454/1169
f 528/462/1170 533/463/1171 520/454/1149
f 520/454/1172 533/463/1173 535/464/1174
f 522/456/1175 520/454/1176 535/464/1177
f 522/456/1178 535/464/1179 536/465/1180
f 537/466/1181 535/464/1182 533/463/1183
f 538/467/1184 536/465/1185 535/464/1186
f 535/464/1187 537/466/1188 538/467/1189
f 538/467/1190 539/468/1191 536/465/1192
f 540/469/1193 536/465/1180 539/468/1194
f 531/470/1195 542/471/1196 537/466/1197
f 541/472/1198 537/466/1197 542/471/1196
f 542/471/1199 531/470/1200 534/473/1201
f 541/472/1202 543/474/1203 538/467/1204
f 542/471/1205 534/473/1201 544/475/1206
f 545/476/1207 544/475/1208 534/473/1209
f 546/477/1210 551/478/1211 549/479/1212
f 549/479/1213 552/480/1214 550/481/1215
f 552/480/1216 549/479/1217 551/478/1218
f 553/482/1219 550/481/1220 552/480/1221
f 547/483/1222 548/484/1223 554/485/1224
f 554/485/1225 551/478/1226 547/483/1227
f 555/486/1228 554/485/1224 548/484/1229
f 551/478/1230 556/487/1231 552/480/1232
f 551/478/1233 554/485/1234 556/487/1235
f 557/488/1236 553/482/1219 552/480/1232
f 557/488/1237 552/480/1221 556/487/1238
f 557/488/1239 558/489/1240 553/482/1241
f 555/486/1242 559/490/1243 554/485/1244
f 559/490/1245 556/487/1246 554/485/1234
f 560/491/1247 559/490/1248 555/486/1249
f 556/487/1250 561/492/1251 557/488/1252
f 561/492/1253 556/487/1254 559/490/1255
f 569/493/1256 568/494/1257 567/495/1258
f 573/496/1259 569/493/1260 567/495/1261
f 570/497/1262 575/498/1263 566/499/1264
f 579/500/1265 573/496/1266 566/499/1267
f 580/501/1268 582/502/1269 579/500/1270
f 578/503/1271 583/504/1272 584/505/1273
f 585/506/1274 580/501/1275 581/507/1276
f 581/507/1277 586/508/1278 585/506/1279
f 587/509/1280 584/505/1281 583/504/1282
f 587/509/1280 588/510/1283 584/505/1284
f 587/509/1285 589/511/1286 588/510/1287
f 590/512/1288 583/504/1289 582/502/1290
f 590/512/1291 587/509/1292 583/504/1293
f 587/509/1294 591/513/1295 589/511/1296
f 591/513/1297 587/509/1298 590/512/1299
f 592/514/1300 589/511/1301 591/513/1302
f 592/514/1303 591/513/1304 593/515/1305
f 594/516/1306 591/513/1307 590/512/1308
f 594/516/1309 585/506/1310 586/508/1311
f 594/516/1312 593/515/1305 591/513/1313
f 586/508/1314 595/517/1315 594/516/1306
f 596/518/1316 598/519/1317 600/520/1318
f 599/521/1319 601/522/1320 598/519/1321
f 600/520/1322 598/519/1323 602/523/1324
f 598/519/1325 604/524/1326 602/523/1327
f 603/525/1328 606/526/1329 607/527/1330
f 602/523/1331 608/528/1332 606/526/1333
f 615/529/1334 612/530/1335 613/531/1336
f 615/529/1337 613/531/1338 616/532/1339
f 615/529/1340 616/532/1341 617/533/1342
f 615/529/1343 617/533/1344 614/534/1345
f 618/535/1346 617/533/1342 616/532/1347
f 618/535/1348 619/396/1349 617/533/1350
f 606/526/1351 614/534/1352 620/536/1353
f 607/527/1354 606/526/1355 620/536/1356
f 607/527/1357 620/536/1358 621/537/1359
f 627/538/1360 622/539/1361 625/540/1362
f 631/541/1363 632/542/1364 633/543/1365
f 634/544/1366 633/543/1367 632/542/1368
f 633/543/1369 636/545/1370 629/546/1371
f 639/547/1372 629/546/1373 636/545/1374
f 629/546/1375 639/547/1376 630/548/1377
f 640/549/1378 630/548/1379 639/547/1380
f 642/550/1381 640/549/1378 639/547/1382
f 642/550/1383 639/547/1384 641/551/1385
f 642/550/1381 643/552/1386 640/549/1387
f 638/553/1388 644/554/1389 637/555/1390
f 644/554/1391 641/551/1392 637/555/1393
f 641/551/1394 646/556/1395 642/550/1396
f 646/556/1397 641/551/1398 644/554/1399
f 642/550/1400 647/557/1401 643/552/1386
f 647/557/1402 642/550/1403 646/556/1404
f 648/558/1405 643/552/1406 647/557/1407
f 644/554/1408 645/559/1409 649/560/1410
f 649/560/1411 646/556/1412 644/554/1413
f 650/561/1414 649/560/1415 645/559/1416
f 646/556/1417 651/562/1418 647/557/1402
f 646/556/1419 649/560/1420 651/562/1418
f 652/563/1421 648/558/1422 647/557/1402
f 652/563/1423 647/557/1424 651/562/1425
f 657/564/1426 662/565/1427 661/566/1428
f 672/567/1429 669/568/1430 668/569/1431
f 672/567/1429 674/570/1432 673/571/1433
f 675/572/1434 668/569/1435 667/573/1436
f 672/567/1437 676/574/1438 674/570/1439
f 676/574/1440 672/567/1441 675/572/1442
f 677/575/1443 676/574/1444 678/576/1445
f 679/577/1446 678/576/1447 676/574/1448
f 678/576/1449 679/577/1450 680/578/1451
f 688/579/1452 690/580/1453 692/581/1454
f 692/581/1455 691/582/1456 688/579/1457
f 693/583/1458 692/581/1454 690/580/1459
f 691/582/1460 692/581/1461 696/584/1462
f 694/585/1463 697/586/1464 695/587/1465
f 697/586/1466 694/585/1467 696/584/1468
f 698/588/1469 695/587/1470 697/586/1471
f 699/589/1472 692/581/1473 693/583/1474
f 699/589/1475 696/584/1476 692/581/1477
f 699/589/1478 693/583/1479 700/590/1480
f 699/589/1481 700/590/1482 701/591/1483
f 697/586/1484 696/584/1485 703/592/1486
f 703/592/1487 696/584/1488 701/591/1489
f 701/591/1490 702/593/1491 704/594/1492
f 701/591/1493 704/594/1492 703/592/1494
f 707/595/1495 698/588/1496 706/596/1497
f 706/596/1498 703/592/1499 708/597/1500
f 703/592/1501 710/598/1502 708/597/1500
f 712/599/1503 710/598/1504 704/594/1505
f 713/600/1506 712/599/1507 704/594/1492
f 704/594/1508 705/601/1509 713/600/1510
f 714/602/1511 713/600/1512 705/601/1513
f 711/603/1514 708/597/1515 715/604/1516
f 715/604/1517 708/597/1518 712/599/1519
f 716/605/1520 715/604/1521 718/606/1522
f 712/599/1523 713/600/1524 718/606/1525
f 714/602/1526 719/607/1527 713/600/1528
f 719/607/1527 718/606/1522 713/600/1529
f 720/608/1530 719/607/1531 714/602/1532
f 716/605/1533 722/609/1534 717/610/1535
f 723/611/1536 717/610/1537 722/609/1538
f 719/607/1539 720/608/1540 724/612/1541
f 724/612/1542 721/613/1543 719/607/1544
f 727/614/1545 722/609/1546 726/615/1547
f 727/614/1548 728/616/1549 723/611/1550
f 725/617/1551 729/618/1552 724/612/1542
f 729/618/1553 726/615/1554 724/612/1555
f 730/619/1556 729/618/1557 725/617/1558
f 726/615/1559 731/620/1560 727/614/1561
f 731/620/1562 726/615/1563 729/618/1564
f 736/621/1565 735/622/1566 737/623/1567
f 734/624/1568 739/625/1569 738/626/1570
f 741/627/1571 737/623/1572 735/622/1573
f 742/628/1574 737/623/1575 741/627/1576
f 743/629/1577 738/626/1578 739/625/1579
f 738/626/1580 743/629/1581 740/630/1582
f 739/625/1583 744/631/1584 743/629/1585
f 745/632/1586 742/628/1587 741/627/1588
f 741/627/1589 740/630/1590 745/632/1591
f 742/628/1592 745/632/1586 746/633/1593
f 747/634/1594 740/630/1595 743/629/1581
f 747/634/1596 745/632/1597 740/630/1598
f 748/635/1599 743/629/1600 744/631/1601
f 757/636/1602 755/637/1603 752/638/1604
f 758/639/1605 753/640/1606 754/641/1607
f 757/636/1608 753/640/1609 758/639/1610
f 754/641/1611 759/642/1612 758/639/1613
f 760/643/1614 758/639/1615 759/642/1616
f 761/644/1617 756/645/1618 755/637/1619
f 757/636/1620 761/644/1621 755/637/1622
f 761/644/1623 762/646/1624 756/645/1625
f 761/644/1621 763/647/1626 762/646/1627
f 761/644/1628 764/648/1629 763/647/1626
f 758/639/1630 764/648/1631 757/636/1632
f 758/639/1633 760/643/1634 764/648/1635
f 765/649/1636 763/647/1637 764/648/1638
f 768/650/1639 770/651/1640 766/652/1641
f 779/653/1642 778/654/1643 774/655/1644
f 778/654/1645 779/653/1646 780/656/1647
f 778/654/1648 780/656/1649 781/657/1650
f 778/654/1651 781/657/1652 771/658/1653
f 782/659/1654 781/657/1655 780/656/1649
f 783/660/1656 781/657/1657 782/659/1658
f 785/661/1659 771/658/1660 781/657/1652
f 785/661/1661 770/651/1640 771/658/1662
f 783/660/1663 784/662/1664 786/663/1665
f 790/664/1666 788/665/1667 789/666/1668
f 792/667/1669 787/668/1670 788/665/1671
f 792/667/1672 793/669/1673 787/668/1674
f 777/670/1675 775/671/1676 793/669/1677
f 795/672/1678 794/673/1679 793/669/1680
f 793/669/1681 792/667/1682 795/672/1683
f 794/673/1684 795/672/1685 796/674/1686
f 797/675/1687 792/667/1669 790/664/1688
f 792/667/1689 797/675/1690 795/672/1691
f 798/676/1692 797/675/1693 790/664/1694
f 799/677/1695 798/676/1696 790/664/1697
f 800/678/1698 795/672/1699 798/676/1700
f 795/672/1701 800/678/1702 796/674/1703
f 798/676/1704 799/677/1705 801/679/1706
f 798/676/1707 801/679/1708 800/678/1709
f 791/680/1710 802/681/1711 799/677/1712
f 802/681/1713 801/679/1714 799/677/1715
f 803/682/1716 802/681/1717 791/680/1718
f 804/683/1719 800/678/1720 801/679/1721
f 804/683/1722 805/684/1723 796/674/1724
f 806/545/1725 801/679/1726 802/681/1717
f 801/679/1726 806/545/1727 804/683/1722
f 802/681/1728 803/682/1729 807/685/1730
f 807/685/1731 806/545/1732 802/681/1713
f 808/686/1733 807/685/1734 803/682/1735
f 804/683/1736 809/687/1737 805/684/1738
f 809/687/1739 804/683/1719 806/545/1727
f 810/688/1740 805/684/1741 809/687/1742
f 806/545/1743 807/685/1734 811/689/1744
f 806/545/1745 811/689/1746 809/687/1747
f 808/686/1748 812/690/1749 807/685/1750
f 812/690/1751 811/689/1752 807/685/1750
f 813/691/1753 812/690/1754 808/686/1733
f 814/692/1755 809/687/1756 811/689/1757
f 814/692/1758 815/693/1759 810/688/1760
f 812/690/1761 813/691/1762 816/694/1763
f 818/695/1764 811/689/1752 812/690/1765
f 816/694/1766 818/695/1767 812/690/1751
f 817/696/1768 819/697/1769 816/694/1770
f 814/692/1771 820/698/1772 815/693/1773
f 820/698/1774 814/692/1775 818/695/1776
f 821/699/1777 815/693/1778 820/698/1774
f 819/697/1779 823/700/1780 822/701/1781
f 825/702/1782 826/703/1783 821/699/1784
f 827/704/1785 826/703/1786 825/702/1787
f 828/705/1788 822/701/1789 823/700/1790
f 822/701/1791 828/705/1792 824/706/1793
f 823/700/1780 829/707/1794 828/705/1792
f 830/708/1795 827/704/1796 825/702/1797
f 825/702/1798 824/706/1799 830/708/1800
f 827/704/1796 830/708/1801 831/709/1802
f 829/707/1803 834/710/1804 833/711/1805
f 835/712/1806 831/709/1807 830/708/1808
f 833/711/1809 837/713/1810 832/714/1811
f 837/713/1812 835/712/1813 832/714/1814
f 838/715/1815 833/711/1816 834/710/1817
f 840/716/1818 836/717/1819 835/712/1820
f 836/717/1821 840/716/1822 841/718/1823
f 842/719/1824 837/713/1825 838/715/1826
f 842/719/1827 840/716/1828 837/713/1829
f 839/720/1830 844/721/1831 843/722/1832
f 845/723/1833 843/722/1834 844/721/1835
f 846/724/1836 841/718/1837 840/716/1838
f 842/719/1839 846/724/1840 840/716/1841
f 846/724/1842 847/725/1843 841/718/1844
f 846/724/1842 848/726/1845 847/725/1846
f 849/727/1847 846/724/1848 842/719/1849
f 843/722/1850 849/727/1851 842/719/1852
f 843/722/1853 845/723/1854 849/727/1855
f 851/728/1856 852/729/1857 853/730/1858
f 853/730/1859 855/731/1860 856/732/1861
f 857/733/1862 856/732/1863 855/731/1864
f 859/734/1865 858/735/1866 854/736/1867
f 852/729/1868 858/735/1866 861/737/1869
f 858/735/1870 860/738/1871 862/739/1872
f 862/739/1873 861/737/1874 858/735/1875
f 863/740/1876 862/739/1877 860/738/1878
f 865/741/1879 857/733/1880 864/742/1881
f 861/737/1882 866/534/1883 864/742/1881
f 861/737/1884 862/739/1885 866/534/1886
f 864/742/1887 867/743/1888 865/741/1879
f 867/743/1889 864/742/1890 866/534/1891
f 874/744/1892 871/745/1893 869/746/1894
f 875/747/1895 874/744/1896 870/748/1897
f 877/749/1898 876/750/1899 878/751/1900
f 874/744/1892 879/752/1901 871/745/1902
f 875/747/1903 880/753/1904 879/752/1905
f 879/752/1906 880/753/1907 881/754/1908
f 879/752/1909 881/754/1910 883/755/1911
f 879/752/1912 883/755/1911 882/756/1913
f 881/754/1914 884/757/1915 883/755/1916
f 885/758/1917 884/757/1918 881/754/1919
f 886/759/1920 882/756/1921 883/755/1922
f 876/750/1923 882/756/1924 887/760/1925
f 886/759/1926 887/760/1927 882/756/1928
f 878/751/1929 876/750/1930 887/760/1931
f 886/759/1932 883/755/1933 888/761/1934
f 884/757/1935 888/761/1936 883/755/1937
f 889/762/1938 878/751/1929 887/760/1939
f 889/762/1940 887/760/1941 888/761/1942
f 889/762/1943 890/763/1944 878/751/1945
f 884/757/1946 885/758/1947 892/764/1948
f 889/762/1949 894/765/1950 890/763/1951
f 894/765/1952 889/762/1953 891/766/1954
f 895/767/1955 890/763/1956 894/765/1957
f 891/766/1958 892/764/1959 896/768/1960
f 891/766/1961 896/768/1962 894/765/1963
f 893/769/1964 897/770/1965 892/764/1966
f 897/770/1967 896/768/1968 892/764/1948
f 898/771/1969 897/770/1970 893/769/1971
f 899/772/1972 894/765/1973 896/768/1974
f 899/772/1975 900/773/1976 895/767/1977
f 897/770/1965 898/771/1978 901/774/1979
f 902/775/1980 901/774/1981 898/771/1982
f 903/776/1983 896/768/1984 897/770/1985
f 896/768/1986 903/776/1987 899/772/1975
f 901/774/1988 903/776/1989 897/770/1990
f 902/775/1991 904/777/1992 901/774/1993
f 899/772/1994 905/778/1995 900/773/1996
f 905/778/1997 899/772/1998 903/776/1999
f 906/779/2000 900/773/2001 905/778/2002
f 906/779/2003 905/778/2004 907/780/2005
f 908/781/2006 901/774/2007 904/777/2008
f 904/777/2009 909/782/2010 908/781/2011
f 913/783/2012 912/784/2013 911/785/2014
f 912/784/2015 913/783/2016 914/786/2017
f 909/782/2018 916/787/2019 915/788/2020
f 919/789/2021 913/783/2022 910/790/2023
f 919/789/2024 910/790/2025 915/788/2026
f 920/791/2027 915/788/2028 916/787/2029
f 927/792/2030 928/793/2031 924/794/2032
f 927/792/2033 929/795/2034 928/793/2035
f 930/796/2036 927/792/2037 923/797/2038
f 927/792/2039 931/798/2040 929/795/2041
f 931/798/2042 927/792/2043 930/796/2044
f 930/796/2045 925/799/2046 934/800/2047
f 934/800/2048 925/799/2049 926/801/2050
f 926/801/2051 935/802/2052 934/800/2053
f 936/803/2054 937/804/2055 938/805/2056
f 937/804/2057 936/803/2058 939/806/2059
f 940/807/2060 942/808/2061 936/803/2062
f 940/807/2063 943/809/2064 942/808/2065
f 944/810/2066 941/811/2067 936/803/2068
f 936/803/2069 942/808/2070 944/810/2071
f 941/811/2072 944/810/2073 945/812/2074
f 948/813/2075 944/810/2066 942/808/2076
f 942/808/2077 946/589/2078 948/813/2079
f 949/814/2080 945/812/2081 944/810/2082
f 949/814/2083 944/810/2084 948/813/2085
f 945/812/2086 949/814/2080 950/815/2087
f 948/813/2088 952/816/2089 949/814/2083
f 953/817/2090 951/818/2091 952/816/2092
f 954/819/2093 948/813/2094 946/589/2095
f 948/813/2096 954/819/2097 952/816/2098
f 958/820/2099 956/821/2100 957/822/2101
f 958/820/2102 957/822/2103 959/823/2104
f 963/824/2105 960/825/2106 961/826/2107
f 960/825/2108 963/824/2109 962/827/2110
f 963/824/2111 961/826/2112 964/828/2113
f 965/829/2114 959/823/2115 957/822/2103
f 957/822/2116 962/827/2117 965/829/2118
f 959/823/2119 965/829/2120 966/830/2121
f 962/827/2122 967/831/2123 965/829/2124
f 963/824/2105 964/828/2125 968/832/2126
f 964/828/2127 969/833/2128 968/832/2129
f 970/834/2130 969/833/2128 964/828/2131
f 971/835/2132 967/831/2133 968/832/2134
f 965/829/2135 967/831/2133 972/836/2136
f 971/835/2137 972/836/2138 967/831/2133
f 966/830/2139 965/829/2140 972/836/2141
f 971/835/2142 968/832/2143 973/606/2144
f 969/833/2145 973/606/2146 968/832/2147
f 974/837/2148 972/836/2136 973/606/2149
f 976/838/2150 973/606/2151 969/833/2128
f 973/606/2152 976/838/2153 974/837/2154
f 969/833/2155 970/834/2156 977/839/2157
f 977/839/2158 976/838/2159 969/833/2160
f 978/840/2161 977/839/2157 970/834/2162
f 974/837/2148 979/841/2163 975/842/2164
f 979/841/2165 974/837/2166 976/838/2167
f 984/843/2168 979/841/2169 981/844/2170
f 984/843/2171 985/845/2172 980/846/2173
f 986/847/2174 981/844/2175 982/848/2176
f 992/849/2177 991/850/2178 987/851/2179
f 993/852/2180 992/849/2181 988/853/2182
f 993/852/2183 994/854/2184 992/849/2185
f 995/855/2186 990/856/2187 989/857/2188
f 995/855/2186 989/857/2189 991/850/2190
f 995/855/2191 996/858/2192 990/856/2193
f 998/859/2194 992/849/2195 994/854/2196
f 1000/860/2197 991/850/2198 992/849/2199
f 998/859/2200 1000/860/2201 992/849/2177
f 995/855/2202 991/850/2203 1001/861/2204
f 1000/860/2205 1001/861/2206 991/850/2207
f 1003/862/2208 998/859/2209 999/863/2210
f 1003/862/2211 1000/860/2212 998/859/2213
f 999/863/2214 1004/864/2215 1003/862/2216
f 1005/865/2217 1002/866/2218 1001/861/2219
f 1005/865/2220 1006/867/2221 1002/866/2222
f 1003/862/2223 1007/868/2224 1000/860/2225
f 1003/862/2226 1008/869/2227 1007/868/2228
f 1016/870/2229 1018/871/2230 1017/872/2231
f 1019/873/2232 1016/870/2233 1012/874/2234
f 1013/875/2235 1015/876/2236 1019/873/2237
f 1031/877/2238 1028/878/2239 1030/879/2240
f 1031/877/2241 1030/879/2242 1032/880/2243
f 1033/881/2244 1026/882/2245 1029/883/2246
f 1034/884/2247 1033/881/2248 1029/883/2249
f 1033/881/2250 1035/885/2251 1036/886/2252
f 1038/887/2253 1036/886/2254 1037/888/2255
f 1038/887/2256 1037/888/2255 1039/889/2257
f 1036/886/2252 1038/887/2258 1040/890/2259
f 1025/891/2260 1040/890/2261 1030/879/2262
f 1038/887/2263 1039/889/2264 1041/892/2265
f 1042/893/2266 1040/890/2267 1038/887/2268
f 1043/894/2269 1038/887/2270 1041/892/2271
f 1041/892/2272 1044/895/2273 1043/894/2274
f 1030/879/2275 1042/893/2276 1045/896/2277
f 1051/897/2278 1053/898/2279 1048/899/2280
f 1055/900/2281 1057/901/2282 1054/902/2283
f 1059/903/2284 1049/904/2285 1056/905/2286
f 1059/903/2287 1050/906/2288 1049/904/2289
f 1059/903/2290 1060/907/2291 1050/906/2288
f 1064/908/2292 1061/909/2293 1057/901/2294
f 1065/910/2295 1064/908/2296 1058/911/2297
f 1069/912/2298 1066/913/2299 1064/908/2300
f 1070/914/2301 1069/912/2302 1065/910/2303
f 1073/915/2304 1072/916/2305 1074/917/2306
f 1075/918/2307 1071/919/2308 1069/912/2309
f 1076/920/2310 1075/918/2311 1070/914/2312
f 1076/920/2313 1077/921/2314 1075/918/2315
f 1079/922/2316 1074/917/2317 1078/923/2318
f 1071/919/2319 1080/924/2320 1072/916/2305
f 1081/925/2321 1079/922/2322 1078/923/2323
f 1078/923/2324 1080/924/2325 1081/925/2321
f 1079/922/2326 1081/925/2327 1082/926/2328
f 1083/927/2329 1071/919/2330 1075/918/2331
f 1083/927/2332 1075/918/2333 1077/921/2334
f 1083/927/2335 1080/924/2336 1071/919/2337
f 1077/921/2338 1084/928/2339 1083/927/2340
f 1084/928/2341 1086/929/2342 1085/930/2343
f 1087/931/2344 1081/925/2345 1080/924/2336
f 1087/931/2346 1080/924/2347 1085/930/2348
f 1088/932/2349 1082/926/2350 1081/925/2351
f 1081/925/2352 1087/931/2353 1088/932/2354
f 1088/932/2354 1089/933/2355 1082/926/2356
f 1090/934/2357 1085/930/2358 1086/929/2359
f 1090/934/2360 1087/931/2361 1085/930/2362
f 1093/935/2363 1089/933/2364 1088/932/2354
f 1088/932/2365 1092/936/2366 1093/935/2363
f 1095/937/2367 1090/934/2368 1091/938/2369
f 1090/934/2370 1095/937/2371 1092/936/2372
f 1097/939/2373 1094/940/2374 1093/935/2375
f 1097/939/2376 1098/941/2377 1094/940/2378
f 1100/942/2379 1093/935/2380 1092/936/2381
f 1100/942/2382 1097/939/2383 1093/935/2384
f 1100/942/2385 1092/936/2386 1095/937/2387
f 1102/943/2388 1099/944/2389 1101/945/2390
f 1100/942/2391 1095/937/2392 1104/946/2393
f 1104/946/2394 1095/937/2395 1096/947/2396
f 1096/947/2397 1105/948/2398 1104/946/2399
f 1103/949/2400 1104/946/2401 1105/948/2402
f 1107/950/2403 1109/951/2404 1111/952/2405
f 1107/950/2406 1112/953/2407 1110/954/2408
f 1107/950/2409 1111/952/2410 1112/953/2411
f 1114/955/2412 1110/954/2413 1112/953/2407
f 1112/953/2414 1115/956/2415 1114/955/2416
f 1116/957/2417 1114/955/2418 1115/956/2419
f 1112/953/2420 1117/958/2421 1115/956/2422
f 1116/957/2423 1115/956/2424 1118/959/2425
f 1111/952/2426 1119/960/2427 1117/958/2428
f 1120/961/2429 1119/960/2430 1113/962/2431
f 1119/960/2432 1120/961/2433 1121/963/2434
f 1119/960/2435 1121/963/2436 1122/964/2437
f 1122/964/2438 1117/958/2439 1119/960/2432
f 1124/965/2440 1122/964/2441 1123/966/2442
f 1122/964/2443 1124/965/2444 1117/958/2445
f 1124/965/2446 1123/966/2447 1125/967/2448
f 1124/965/2449 1125/967/2450 1126/968/2451
f 1117/958/2452 1127/969/2453 1115/956/2454
f 1126/968/2455 1129/970/2456 1128/971/2457
f 1130/972/2458 1128/971/2459 1129/970/2460
f 1132/973/2461 1127/969/2462 1128/971/2463
f 1128/971/2464 1130/972/2465 1132/973/2466
f 1115/956/2424 1127/969/2467 1133/974/2468
f 1132/973/2469 1133/974/2470 1127/969/2471
f 1118/959/2472 1133/974/2473 1134/975/2474
f 1135/976/2475 1138/977/2476 1136/978/2477
f 1135/976/2478 1137/979/2479 1138/977/2480
f 1139/980/2481 1136/978/2482 1138/977/2483
f 1141/981/2484 1137/979/2485 1130/972/2486
f 1141/981/2487 1142/982/2488 1138/977/2489
f 1143/983/2490 1141/981/2491 1130/972/2492
f 1130/972/2492 1131/984/2493 1143/983/2494
f 1144/985/2495 1142/982/2496 1143/983/2497
f 1145/986/2498 1144/985/2499 1131/984/2500
f 1146/987/2501 1142/982/2502 1144/985/2503
f 1144/985/2504 1145/986/2505 1147/988/2506
f 1147/988/2507 1146/987/2508 1144/985/2509
f 1148/989/2510 1147/988/2511 1145/986/2512
f 1152/990/2513 1149/991/2514 1151/992/2515
f 1152/990/2516 1153/993/2517 1150/994/2518
f 1152/990/2513 1157/995/2519 1153/993/2520
f 1158/996/2521 1153/993/2522 1157/995/2523
f 1165/997/2524 1156/998/2525 1159/999/2526
f 1162/1000/2527 1157/995/2528 1167/1001/2529
f 1168/1002/2530 1165/997/2531 1166/1003/2532
f 1165/997/2533 1168/1002/2534 1167/1001/2535
f 1167/1001/2536 1170/1004/2537 1162/1000/2538
f 1170/1004/2539 1167/1001/2540 1168/1002/2530
f 1173/1005/2541 1168/1002/2542 1169/1006/2543
f 1173/1005/2544 1170/1004/2545 1168/1002/2546
f 1185/1007/2547 1183/1008/2548 1184/1009/2549
f 1186/1010/2550 1188/1011/2551 1187/1012/2552
f 1183/1008/2553 1189/1013/2554 1182/1014/2555
f 1183/1008/2553 1185/1007/2556 1189/1013/2557
f 1190/1015/2558 1189/1013/2559 1185/1007/2560
f 1198/1016/2561 1200/1017/2562 1202/1018/2563
f 1202/1018/2563 1201/1019/2564 1198/1016/2565
f 1203/1020/2566 1202/1018/2567 1200/1017/2568
f 1201/1019/2569 1204/1021/2570 1195/1022/2571
f 1205/1023/2572 1197/1024/2573 1204/1021/2574
f 1208/1025/2575 1205/1023/2576 1207/1026/2577
f 1209/1027/2578 1203/1020/2579 1210/1028/2580
f 1207/1026/2581 1212/1029/2582 1208/1025/2583
f 1207/1026/2581 1211/1030/2584 1212/1029/2585
f 1213/1031/2586 1208/1025/2587 1212/1029/2588
f 1212/1029/2582 1216/1032/2589 1213/1031/2590
f 1212/1029/2588 1211/1030/2591 1216/1032/2592
f 1217/1033/2593 1213/1031/2594 1216/1032/2592
f 1214/1034/2595 1218/1035/2596 1211/1030/2597
f 1211/1030/2598 1220/1036/2599 1216/1032/2600
f 1220/1036/2599 1211/1030/2601 1218/1035/2602
f 1216/1032/2603 1221/1037/2604 1217/1033/2605
f 1220/1036/2606 1222/1038/2607 1216/1032/2608
f 1222/1038/2609 1220/1036/2610 1218/1035/2611
f 1221/1037/2612 1216/1032/2592 1222/1038/2613
f 1223/1039/2614 1217/1033/2615 1221/1037/2616
f 1218/1035/2617 1219/1040/2618 1224/1041/2619
f 1224/1041/2620 1222/1038/2621 1218/1035/2617
f 1225/1042/2622 1224/1041/2623 1219/1040/2624
f 1222/1038/2625 1226/1043/2626 1221/1037/2627
f 1222/1038/2628 1224/1041/2629 1226/1043/2630
f 1225/1042/2631 1229/1044/2632 1224/1041/2619
f 1229/1044/2633 1226/1043/2634 1224/1041/2635
f 1226/1043/2636 1231/1045/2637 1227/1046/2638
f 1231/1045/2639 1226/1043/2640 1229/1044/2641
f 1227/1046/2642 1232/1047/2643 1228/1048/2644
f 1232/1047/2645 1227/1046/2646 1231/1045/2647
f 1237/1049/2648 1232/1047/2649 1236/1050/2650
f 1237/1049/2651 1238/1051/2652 1233/1052/2653
f 1235/1053/2654 1239/1054/2655 1234/1055/2656
f 1239/1054/2657 1236/1050/2658 1234/1055/2659
f 1240/1056/2660 1239/1054/2655 1235/1053/2661
f 1240/1056/2662 1241/1057/2663 1239/1054/2664
f 1237/1049/2665 1242/1058/2666 1238/1051/2667
f 1243/1059/2668 1238/1051/2669 1242/1058/2670
f 1239/1054/2671 1245/1060/2672 1236/1050/2673
f 1236/1050/2674 1247/343/2675 1237/1049/2676
f 1247/343/2677 1236/1050/2650 1245/1060/2678
f 1248/1061/2679 1245/1060/2680 1246/1062/2681
f 1247/343/2682 1250/1063/2683 1242/1058/2684
f 1251/1064/2685 1248/1061/2686 1249/1065/2687
f 1253/1066/2688 1244/1067/2689 1242/1058/2690
f 1253/1066/2691 1242/1058/2692 1250/1063/2693
f 1254/1068/2694 1244/1067/2695 1253/1066/2696
f 1255/1069/2697 1250/1063/2698 1251/1064/2699
f 1250/1063/2700 1255/1069/2701 1253/1066/2702
f 1256/1070/2703 1254/1068/2704 1253/1066/2705
f 1256/1070/2706 1253/1066/2707 1255/1069/2708
f 1254/1068/2709 1256/1070/2710 1257/1071/2711
f 1267/1072/2712 1262/1073/2713 1263/1074/2714
f 1267/1072/2715 1265/1075/2716 1262/1073/2717
f 1268/1076/2718 1263/1074/2719 1264/1077/2720
f 1267/1072/2721 1263/1074/2722 1268/1076/2723
f 1264/1077/2724 1269/1078/2725 1268/1076/2718
f 1270/1079/2726 1268/1076/2727 1269/1078/2728
f 1271/1080/2729 1266/1081/2730 1265/1075/2731
f 1267/1072/2732 1271/1080/2729 1265/1075/2731
f 1271/1080/2733 1272/1082/2734 1266/1081/2735
f 1271/1080/2729 1274/1083/2736 1273/1084/2737
f 1275/1085/2738 1273/1084/2739 1274/1083/2740
f 1276/1086/2741 1277/1087/2742 1278/1088/2743
f 1283/1089/2744 1277/1087/2745 1279/1090/2746
f 1283/1089/2747 1284/1091/2748 1285/1092/2749
f 1277/1087/2750 1283/1089/2751 1286/1093/2752
f 1280/1094/2753 1277/1087/2745 1286/1093/2754
f 1283/1089/2755 1285/1092/2756 1287/1095/2757
f 1287/1095/2758 1286/1093/2759 1283/1089/2760
f 1288/1096/2761 1287/1095/2758 1285/1092/2762
f 1286/1093/2763 1289/1097/2764 1280/1094/2765
f 1280/1094/2766 1289/1097/2767 1282/1098/2768
f 1290/1099/2769 1282/1098/2770 1289/1097/2771
f 1286/1093/2763 1291/311/2772 1289/1097/2773
f 1286/1093/2754 1287/1095/2774 1291/311/2775
f 1292/1100/2776 1296/1101/2777 1293/1102/2778
f 1297/1103/2779 1293/1102/2780 1296/1101/2781
f 1296/1101/2782 1299/1104/2783 1297/1103/2784
f 1302/1105/2785 1304/1106/2786 1298/1107/2787
f 1303/1108/2788 1305/1109/2789 1304/1106/2790
f 1307/1110/2791 1298/1107/2792 1304/1106/2793
f 1298/1107/2794 1307/1110/2795 1299/1104/2783
f 1310/1111/2796 1309/1112/2797 1306/1113/2798
f 1299/1104/2799 1307/1110/2800 1312/1114/2801
f 1301/1115/2802 1299/1104/2783 1312/1114/2803
f 1314/1116/2804 1301/1115/2805 1312/1114/2806
f 1314/1116/2807 1312/1114/2801 1313/1117/2808
f 1314/1116/2809 1315/1118/2810 1301/1115/2811
f 1316/1119/2812 1313/1117/2813 1309/1112/2814
f 1309/1112/2815 1310/1111/2816 1317/1120/2817
f 1317/1120/2818 1316/1119/2819 1309/1112/2820
f 1318/1121/2821 1317/1120/2822 1310/1111/2823
f 1314/1116/2824 1319/1122/2825 1315/1118/2826
f 1320/1123/2827 1315/1118/2826 1319/1122/2825
f 1316/1119/2828 1317/1120/2829 1321/1124/2830
f 1316/1119/2831 1321/1124/2832 1319/1122/2833
f 1318/1121/2834 1322/1125/2835 1317/1120/2836
f 1322/1125/2837 1321/1124/2838 1317/1120/2839
f 1323/1126/2840 1322/1125/2841 1318/1121/2842
f 1324/1127/2843 1320/1123/2844 1319/1122/2845
f 1324/1127/2846 1319/1122/2847 1321/1124/2848
f 1324/1127/2846 1325/1128/2849 1320/1123/2844
f 1321/1124/2850 1326/1129/2851 1324/1127/2852
f 1322/1125/2853 1323/1126/2854 1327/1130/2855
f 1331/1131/2856 1325/1128/2857 1330/1132/2858
f 1333/1061/2859 1327/1130/2860 1329/1133/2861
f 1333/1061/2862 1326/1129/2863 1327/1130/2864
f 1340/1134/2865 1337/1135/2866 1336/1136/2867
f 1336/1136/2868 1335/1137/2869 1340/1134/2870
f 1337/1135/2871 1340/1134/2872 1341/1138/2873
f 1343/1139/2874 1338/1064/2875 1339/1140/2876
f 1355/1141/2877 1353/1142/2878 1354/1143/2879
f 1356/1144/2880 1351/1145/2881 1350/1146/2882
f 1352/1072/2883 1356/1144/2884 1350/1146/2885
f 1356/1144/2886 1357/1147/2887 1351/1145/2888
f 1359/1148/2889 1356/1144/2890 1352/1072/2891
f 1367/1149/2892 1366/1150/2893 1364/1151/2894
f 1367/1149/2895 1369/1152/2896 1366/1150/2897
f 1365/1153/2898 1370/1154/2899 1368/1155/2900
f 1371/1156/2901 1368/1155/2902 1370/1154/2903
f 1371/1156/2904 1370/1154/2905 1372/1157/2906
f 1373/1158/2907 1366/1150/2908 1369/1152/2909
f 1374/1159/2910 1373/1158/2911 1369/1152/2912
f 1373/1158/2913 1376/1160/2914 1366/1150/2915
f 1378/1161/2916 1376/1160/2917 1377/1162/2918
f 1378/1161/2919 1377/1162/2920 1379/1163/2921
f 1380/1164/2922 1365/1153/2923 1366/1150/2924
f 1376/1160/2925 1378/1161/2926 1380/1164/2927
f 1378/1161/2928 1379/1163/2929 1381/1165/2930
f 1382/1166/2931 1380/1164/2922 1378/1161/2932
f 1383/1167/2933 1378/1161/2934 1381/1165/2935
f 1378/1161/2936 1383/1167/2937 1382/1166/2938
f 1381/1165/2939 1384/1168/2940 1383/1167/2941
f 1372/1157/2942 1370/1154/2943 1385/1169/2944
f 1372/1157/2945 1385/1169/2946 1386/1170/2947
f 1387/1171/2948 1382/1166/2949 1383/1167/2950
f 1383/1167/2951 1390/1172/2952 1387/1171/2948
f 1390/1172/2953 1383/1167/2941 1384/1168/2954
f 1387/1171/2955 1391/1173/2956 1388/1174/2957
f 1391/1173/2958 1387/1171/2959 1390/1172/2960
f 1391/1173/2961 1392/1175/2962 1388/1174/2963
f 1392/1175/2964 1391/1173/2965 1390/1172/2966
f 1395/1176/2967 1388/1174/2968 1392/1175/2969
f 1388/1174/2968 1395/1176/2970 1389/1177/2971
f 1392/1175/2972 1393/1178/2973 1396/1179/2974
f 1399/1180/2975 1389/1177/2976 1395/1176/2977
f 1399/1180/2978 1400/1181/2979 1389/1177/2980
f 1401/1182/2981 1396/1179/2974 1397/1183/2982
f 1396/1179/2983 1401/1182/2984 1399/1180/2985
f 1397/1183/2986 1398/1184/2987 1402/1185/2988
f 1402/1185/2988 1401/1182/2989 1397/1183/2990
f 1403/1186/2991 1402/1185/2992 1398/1184/2993
f 1399/1180/2978 1404/1187/2994 1400/1181/2979
f 1404/1187/2995 1399/1180/2996 1401/1182/2997
f 1405/1188/2998 1400/1181/2999 1404/1187/3000
f 1401/1182/3001 1402/1185/3002 1406/1189/3003
f 1401/1182/2984 1406/1189/3004 1404/1187/3005
f 1403/1186/3006 1407/1190/3007 1402/1185/3008
f 1412/1191/3009 1414/1192/3010 1411/1193/3011
f 1409/1194/3012 1415/1195/3013 1410/1196/3014
f 1416/1197/3015 1410/1196/3016 1415/1195/3017
f 1413/1198/3018 1411/1193/3019 1419/1199/3020
f 1413/1198/3021 1419/1199/3022 1415/1195/3023
f 1420/1200/3024 1416/1197/3025 1415/1195/3026
f 1420/1200/3027 1415/1195/3028 1419/1199/3029
f 1420/1200/3024 1421/1201/3030 1416/1197/3031
f 1422/1202/3032 1421/1201/3033 1420/1200/3034
f 1423/1203/3035 1417/1204/3036 1418/1205/3037
f 1417/1204/3036 1423/1203/3038 1419/1199/3039
f 1418/1205/3040 1424/1206/3041 1423/1203/3042
f 1425/1207/3043 1422/1202/3044 1420/1200/3024
f 1420/1200/3045 1419/1199/3046 1425/1207/3047
f 1422/1202/3048 1425/1207/3049 1426/1208/3050
f 1428/1209/3051 1423/1203/3052 1424/1206/3053
f 1428/1209/3054 1432/713/3055 1427/714/3056
f 1432/713/3057 1430/712/3058 1427/714/3059
f 1428/1209/3060 1433/1210/3061 1432/713/3062
f 1431/1211/3063 1435/1212/3064 1436/1213/3065
f 1437/1214/3066 1432/713/3067 1433/1210/3061
f 1438/577/3068 1444/1215/3069 1437/1214/3070
f 1446/1216/3071 1447/1217/3072 1448/1218/3073
f 1446/1216/3071 1449/1219/3074 1447/1217/3075
f 1452/1220/3076 1451/1221/3077 1450/1222/3078
f 1453/1223/3079 1447/1217/3080 1449/1219/3081
f 1453/1223/3082 1454/1224/3083 1455/1225/3084
f 1453/1223/3085 1455/1225/3086 1457/1226/3087
f 1457/1226/3088 1456/1227/3089 1453/1223/3090
f 1458/1228/3091 1457/1226/3092 1455/1225/3093
f 1456/1227/3094 1459/1229/3095 1450/1222/3096
f 1450/1222/3097 1459/1229/3098 1452/1220/3099
f 1460/1230/3100 1452/1220/3101 1459/1229/3102
f 1456/1227/3103 1461/1231/3104 1459/1229/3105
f 1456/1227/3106 1457/1226/3107 1461/1231/3108
f 1462/1232/3109 1461/1231/3108 1466/1233/3110
f 1461/1231/3111 1464/1234/3112 1466/1233/3113
f 1464/1234/3114 1465/1235/3115 1469/1236/3116
f 1469/1236/3117 1466/1233/3118 1464/1234/3119
f 1470/1237/3120 1469/1236/3121 1465/1235/3115
f 1467/1238/3122 1471/1239/3123 1468/1240/3124
f 1466/1233/3125 1475/1241/3126 1471/1239/3127
f 1475/1241/3128 1466/1233/3129 1473/1242/3130
f 1477/1243/3131 1479/1244/3132 1481/1245/3133
f 1482/1246/3134 1476/1247/3135 1481/1245/3136
f 1480/1248/3137 1484/1249/3138 1479/1244/3139
f 1482/1246/3140 1487/1250/3141 1483/1251/3142
f 1487/1250/3143 1482/1246/3144 1486/613/3145
f 1488/1252/3146 1483/1251/3147 1487/1250/3148
f 1484/1249/3149 1485/1253/3150 1489/1254/3151
f 1489/1254/3152 1486/613/3153 1484/1249/3154
f 1490/1255/3155 1494/1256/3156 1489/1254/3157
f 1494/1256/3158 1491/1257/3159 1489/1254/3160
f 1495/1258/3161 1494/1256/3162 1490/1255/3163
f 1492/1259/3164 1497/1260/3165 1493/1261/3166
f 1498/1262/3167 1497/1260/3168 1499/1263/3169
f 1494/1256/3170 1495/1258/3171 1500/1264/3172
f 1500/1264/3173 1496/1265/3174 1494/1256/3175
f 1501/1266/3176 1500/1264/3177 1495/1258/3178
f 1501/1266/3179 1502/1267/3180 1500/1264/3181
f 1503/1268/3182 1499/1263/3169 1497/1260/3183
f 1497/1260/3184 1496/1265/3185 1503/1268/3186
f 1504/1269/3187 1499/1263/3188 1503/1268/3189
f 1505/1270/3190 1500/1264/3177 1502/1267/3191
f 1505/1270/3192 1496/1265/3174 1500/1264/3181
f 1502/1267/3193 1506/1271/3194 1505/1270/3195
f 1507/1272/3196 1503/1268/3197 1496/1265/3185
f 1505/1270/3198 1507/1272/3199 1496/1265/3200
f 1508/1273/3201 1504/1269/3187 1503/1268/3189
f 1506/1271/3202 1511/1274/3203 1510/1275/3204
f 1512/1276/3205 1509/1277/3206 1508/1273/3207
f 1512/1276/3208 1513/1278/3209 1509/1277/3210
f 1514/1279/3211 1508/1273/3212 1507/1272/3213
f 1514/1279/3214 1512/1276/3215 1508/1273/3216
f 1514/1279/3217 1507/1272/3218 1510/1275/3219
f 1515/1280/3220 1510/1275/3219 1511/1274/3221
f 1515/1280/3222 1514/1279/3211 1510/1275/3223
f 1511/1274/3221 1516/1281/3224 1515/1280/3225
f 1518/1282/3226 1513/1278/3227 1512/1276/3215
f 1515/1280/3228 1520/1283/3229 1517/1284/3230
f 1516/1281/3231 1521/1285/3232 1520/1283/3233
f 1522/1286/3234 1519/1287/3235 1518/1282/3236
f 1522/1286/3237 1524/1288/3238 1523/1289/3239
f 1522/1286/3240 1526/1290/3241 1524/1288/3238
f 1526/1290/3242 1522/1286/3240 1525/1291/3243
f 1527/1292/3244 1524/1288/3238 1526/1290/3245
f 1529/1293/3246 1526/1290/3247 1525/1291/3248
f 1521/1285/3249 1530/1294/3250 1529/1293/3251
f 1537/1295/3252 1539/1296/3253 1536/1297/3254
f 1535/1298/3255 1540/1299/3256 1538/1300/3257
f 1541/1301/3258 1538/1300/3259 1540/1299/3260
f 1541/1301/3261 1540/1299/3262 1542/1302/3263
f 1543/1303/3264 1536/1297/3265 1539/1296/3266
f 1544/1304/3267 1543/1303/3268 1539/1296/3269
f 1543/1303/3270 1546/1305/3271 1536/1297/3272
f 1548/1306/3273 1546/1305/3274 1547/1307/3275
f 1548/1306/3276 1547/1307/3277 1549/1308/3278
f 1546/1305/3279 1548/1306/3280 1550/1309/3281
f 1550/1309/3282 1552/1310/3283 1540/1299/3284
f 1540/1299/3285 1552/1310/3286 1558/1311/3287
f 1542/1302/3288 1540/1299/3289 1558/1311/3290
f 1542/1302/3263 1558/1311/3291 1559/1312/3292
f 1558/1311/3293 1557/1313/3294 1561/1314/3295
f 1557/1313/3296 1560/1241/3297 1561/1314/3298
f 1561/1314/3299 1559/1312/3300 1558/1311/3301
f 1562/1315/3302 1560/1241/3303 1555/1316/3304
f 1560/1241/3305 1562/1315/3306 1561/1314/3307
f 1561/1314/3299 1563/1247/3308 1559/1312/3309
f 1565/1317/3310 1562/1315/3311 1555/1316/3312
f 1555/1316/3313 1556/1318/3314 1565/1317/3315
f 1556/1318/3316 1569/1319/3317 1565/1317/3318
f 1570/1320/3319 1569/1319/3320 1556/1318/3321
f 1566/1321/3322 1571/613/3323 1567/1322/3324
f 1571/613/3325 1566/1321/3326 1569/1319/3327
f 1567/1322/3328 1572/1323/3329 1568/1324/3330
f 1572/1323/3331 1567/1322/3332 1571/613/3333
f 1573/1325/3334 1568/1324/3335 1572/1323/3329
f 1574/1254/3336 1571/613/3325 1569/1319/3337
f 1571/613/3338 1574/1254/3339 1576/1326/3340
f 1577/1327/3341 1573/1325/3342 1572/1323/3329
f 1577/1327/3343 1572/1323/3331 1576/1326/3344
f 1577/1327/3345 1578/1328/3346 1573/1325/3347
f 1579/1256/3348 1576/1326/3349 1574/1254/3350
f 1580/1329/3351 1579/1256/3352 1575/1330/3353
f 1576/1326/3354 1581/1331/3355 1577/1327/3356
f 1581/1331/3357 1576/1326/3358 1579/1256/3359
f 1577/1327/3360 1582/1332/3361 1578/1328/3362
f 1582/1332/3363 1577/1327/3364 1581/1331/3355
f 1586/1333/3365 1587/1334/3366 1585/1335/3367
f 1581/1331/3368 1590/1336/3369 1582/1332/3370
f 1581/1331/3371 1585/1335/3372 1590/1336/3373
f 1588/1337/3374 1590/1336/3375 1593/1338/3376
f 1589/1339/3377 1593/1338/3378 1594/1340/3379
f 1595/1341/3380 1591/1342/3381 1592/1343/3382
f 1591/1342/3383 1595/1341/3384 1590/1336/3385
f 1592/1343/3382 1596/1344/3386 1595/1341/3380
f 1597/1345/3387 1594/1340/3388 1593/1338/3389
f 1597/1345/3390 1598/1346/3391 1594/1340/3379
f 1599/1347/3392 1593/1338/3393 1590/1336/3394
f 1593/1338/3395 1599/1347/3396 1597/1345/3397
f 1599/1347/3398 1590/1336/3399 1595/1341/3384
f 1596/1344/3400 1601/1348/3401 1600/1280/3402
f 1602/1349/3403 1597/1345/3404 1599/1347/3405
f 1605/1350/3406 1600/1280/3402 1601/1348/3407
f 1600/1280/3408 1605/1350/3409 1602/1349/3410
f 1601/1348/3411 1606/1351/3412 1605/1350/3413
f 1607/1352/3414 1604/1353/3415 1603/1354/3416
f 1607/1352/3417 1608/1355/3418 1604/1353/3419
f 1610/1356/3420 1603/1354/3421 1602/1349/3422
f 1610/1356/3423 1607/1352/3424 1603/1354/3425
f 1610/1356/3426 1602/1349/3427 1605/1350/3428
f 1612/1357/3429 1609/1358/3430 1611/1359/3431
f 1612/1357/3432 1611/1359/3433 1613/1360/3434
f 1614/1361/3435 1611/1359/3431 1610/1356/3436
f 1614/1361/3437 1613/1360/3438 1611/1359/3439
f 1613/1360/3440 1614/1361/3441 1615/1362/3442
f 1616/1363/3443 1617/1364/3444 1618/1365/3445
f 1616/1363/3446 1618/1365/3447 1619/1366/3448
f 1618/1365/3449 1617/1364/3450 1620/1367/3451
f 1621/1368/3452 1619/1366/3453 1618/1365/3454
f 1618/1365/3455 1620/1367/3456 1622/1369/3457
f 1618/1365/3458 1622/1369/3459 1621/1368/3460
f 1623/1370/3461 1622/1369/3459 1620/1367/3451
f 1632/1371/3462 1633/1372/3463 1635/1373/3464
f 1644/1374/3465 1643/1375/3466 1646/1376/3467
f 1644/1374/3468 1647/1377/3469 1645/1378/3470
f 1648/1379/3471 1645/1378/3472 1647/1377/3473
f 1644/1374/3474 1649/1380/3475 1647/1377/3469
f 1650/1381/3476 1649/1380/3477 1646/1376/3478
f 1648/1379/3479 1647/1377/3480 1651/1382/3481
f 1652/1383/3482 1649/1380/3483 1650/1381/3484
f 1652/1383/3485 1650/1381/3486 1653/1384/3487
f 1654/1385/3488 1647/1377/3489 1649/1380/3490
f 1649/1380/3491 1652/1383/3492 1654/1385/3493
f 1652/1383/3494 1653/1384/3495 1655/1386/3496
f 1656/1387/3497 1651/1382/3498 1647/1377/3499
f 1656/1387/3500 1647/1377/3480 1654/1385/3501
f 1658/1388/3502 1657/1389/3503 1656/1387/3504
f 1654/1385/3505 1659/1390/3506 1656/1387/3507
f 1660/1391/3508 1658/1388/3509 1659/1390/3510
f 1659/1390/3511 1661/1392/3512 1660/1391/3513
f 1659/1390/3514 1654/1385/3515 1661/1392/3516
f 1662/1393/3517 1660/1391/3508 1661/1392/3518
f 1662/1393/3519 1661/1392/3520 1663/1394/3521
f 1654/1385/3522 1664/1395/3523 1661/1392/3524
f 1663/1394/3525 1661/1392/3526 1665/1396/3527
f 1661/1392/3528 1664/1395/3529 1665/1396/3530
f 1663/1394/3531 1665/1396/3532 1666/1397/3533
f 1655/1386/3534 1668/1398/3535 1667/1399/3536
f 1669/1400/3537 1664/1395/3538 1667/1399/3539
f 1669/1400/3540 1665/1396/3541 1664/1395/3542
f 1670/1401/3543 1667/1399/3544 1668/1398/3545
f 1667/1399/3546 1670/1401/3547 1669/1400/3548
f 1671/1402/3549 1669/1400/3550 1670/1401/3551
f 1665/1396/3552 1669/1400/3553 1672/1403/3554
f 1672/1403/3555 1666/1397/3556 1665/1396/3557
f 1670/1401/3558 1668/1398/3559 1674/1404/3560
f 1675/1405/3561 1674/1404/3562 1668/1398/3563
f 1672/1403/3564 1676/1406/3565 1666/1397/3566
f 1676/1406/3567 1672/1403/3568 1673/1407/3569
f 1677/1408/3570 1666/1397/3533 1676/1406/3571
f 1673/1407/3572 1674/1404/3573 1678/1409/3574
f 1673/1407/3575 1678/1409/3576 1676/1406/3577
f 1681/1410/3578 1677/1408/3579 1676/1406/3580
f 1681/1410/3581 1676/1406/3582 1678/1409/3583
f 1683/1411/3584 1678/1409/3585 1679/1412/3586
f 1678/1409/3587 1683/1411/3588 1681/1410/3589
f 1679/1412/3590 1680/1413/3591 1684/1414/3592
f 1684/1414/3593 1683/1411/3594 1679/1412/3595
f 1685/1415/3596 1684/1414/3597 1680/1413/3598
f 1681/1410/3599 1686/1416/3600 1682/1417/3601
f 1683/1411/3602 1684/1414/3603 1688/1418/3604
f 1683/1411/3605 1688/1418/3606 1686/1416/3607
f 1689/1419/3608 1688/1418/3609 1684/1414/3610
f 1690/1420/3611 1689/1419/3612 1685/1415/3613
f 1689/1419/3614 1690/1420/3615 1691/1421/3616
f 1692/1422/3617 1693/1423/3618 1691/1421/3619
f 1694/1424/3620 1687/1425/3621 1686/1416/3622
f 1688/1418/3623 1696/1426/3624 1694/1424/3625
f 1697/1427/3626 1696/1426/3627 1691/1421/3628
f 1699/1428/3629 1694/1424/3630 1696/1426/3631
f 1700/1429/3632 1695/1430/3633 1699/1428/3634
f 1697/1427/3626 1701/1431/3635 1696/1426/3636
f 1696/1426/3637 1701/1431/3638 1699/1428/3639
f 1702/1432/3640 1700/1429/3641 1699/1428/3642
f 1702/1432/3643 1699/1428/3644 1701/1431/3645
f 1702/1432/3640 1703/1433/3646 1700/1429/3647
f 1704/1434/3648 1703/1433/3649 1702/1432/3650
f 1705/1435/3651 1704/1434/3652 1702/1432/3653
f 1702/1432/3654 1701/1431/3655 1705/1435/3656
f 1707/1436/3657 1697/1427/3658 1698/1437/3659
f 1698/1437/3660 1708/1438/3661 1707/1436/3662
f 1709/1439/3663 1706/1440/3664 1705/1435/3665
f 1711/931/3666 1701/1431/3667 1707/1436/3668
f 1712/1441/3669 1707/1436/3670 1708/1438/3671
f 1708/1438/3672 1713/1442/3673 1712/1441/3674
f 1714/1443/3675 1709/1439/3663 1711/931/3676
f 1715/1444/3677 1710/1445/3678 1709/1439/3679
f 1717/1446/3680 1712/1441/3681 1713/1442/3682
f 1712/1441/3683 1717/1446/3684 1714/1443/3685
f 1713/1442/3686 1718/1447/3687 1717/1446/3688
f 1719/1448/3689 1716/1449/3690 1715/1444/3677
f 1719/1448/3691 1720/1450/3692 1716/1449/3693
f 1719/1448/3694 1721/1451/3695 1720/1450/3696
f 1722/1452/3697 1715/1444/3698 1714/1443/3699
f 1722/1452/3700 1719/1448/3701 1715/1444/3677
f 1722/1452/3702 1714/1443/3703 1717/1446/3704
f 1729/1453/3705 1732/1454/3706 1730/1455/3707
f 1735/1456/3708 1734/1457/3709 1731/1458/3710
f 1737/1459/3711 1734/1457/3712 1735/1456/3713
f 1737/1459/3714 1735/1456/3715 1738/1460/3716
f 1739/1461/3717 1732/1454/3718 1734/1457/3712
f 1737/1459/3719 1738/1460/3720 1740/1462/3721
f 1741/1463/3722 1732/1454/3723 1739/1461/3724
f 1736/1464/3725 1741/1463/3726 1742/1465/3727
f 1743/1466/3728 1742/1465/3729 1741/1463/3730
f 1745/1467/3731 1743/1466/3732 1744/1468/3733
f 1744/1468/3733 1746/1469/3734 1745/1467/3735
f 1747/1470/3736 1745/1467/3735 1746/1469/3737
f 1747/1470/3738 1746/1469/3739 1748/1471/3740
f 1737/1459/3741 1752/1472/3742 1749/1473/3743
f 1737/1459/3744 1740/1462/3745 1752/1472/3746
f 1754/1474/3747 1749/1473/3743 1752/1472/3748
f 1755/1475/3749 1752/1472/3750 1753/1476/3751
f 1752/1472/3752 1755/1475/3753 1754/1474/3754
f 1756/1477/3755 1754/1474/3747 1755/1475/3756
f 1750/1478/3757 1754/1474/3758 1757/1479/3759
f 1754/1474/3760 1756/1477/3761 1757/1479/3762
f 1757/1479/3763 1751/1480/3764 1750/1478/3765
f 1758/1481/3766 1756/1477/3767 1755/1475/3768
f 1756/1477/3769 1758/1481/3770 1757/1479/3762
f 1758/1481/3771 1759/1482/3772 1763/1483/3773
f 1758/1481/3770 1763/1483/3774 1761/1484/3775
f 1760/1485/3776 1764/1486/3777 1759/1482/3778
f 1764/1486/3779 1763/1483/3773 1759/1482/3780
f 1772/1487/3781 1767/1488/3782 1771/1489/3783
f 1774/1490/3784 1773/913/3785 1769/1491/3786
f 1775/1492/3787 1774/1490/3788 1770/1493/3789
f 1776/1494/3790 1772/1487/3791 1771/1489/3792
f 1776/1494/3793 1771/1489/3794 1773/913/3795
f 1778/1495/3796 1773/913/3797 1774/1490/3798
f 1773/913/3799 1778/1495/3800 1776/1494/3801
f 1774/1490/3802 1775/1492/3787 1779/1496/3803
f 1780/1497/3804 1781/1498/3805 1779/1496/3806
f 1776/1494/3807 1782/1499/3808 1777/1500/3809
f 1785/1501/3810 1787/1502/3811 1778/1495/3812
f 1789/1503/3813 1784/1504/3814 1788/1505/3815
f 1790/1506/3816 1785/1501/3817 1786/1507/3818
f 1785/1501/3819 1790/1506/3820 1787/1502/3821
f 1786/1507/3822 1791/1508/3823 1790/1506/3824
f 1792/1509/3825 1789/1503/3826 1788/1505/3827
f 1788/1505/3828 1787/1502/3829 1792/1509/3830
f 1789/1503/3831 1792/1509/3832 1793/1510/3833
f 1794/1511/3834 1787/1502/3835 1790/1506/3836
f 1794/1511/3837 1792/1509/3838 1787/1502/3839
f 1795/1512/3840 1790/1506/3841 1791/1508/3842
f 1795/1512/3843 1794/1511/3844 1790/1506/3845
f 1791/1508/3846 1796/1513/3847 1795/1512/3848
f 1797/1514/3849 1793/1510/3850 1792/1509/3851
f 1794/1511/3852 1797/1514/3853 1792/1509/3838
f 1797/1514/3854 1798/1515/3855 1793/1510/3856
f 1804/1516/3857 1799/1517/3858 1800/1518/3859
f 1808/1519/3860 1810/1520/3861 1809/1521/3862
f 1808/1519/3863 1811/1522/3864 1810/1520/3865
f 1805/1523/3866 1811/1522/3867 1804/1516/3868
f 1812/1524/3869 1810/1520/3870 1811/1522/3871
f 1812/1524/3872 1811/1522/3873 1807/1525/3874
f 1813/1526/3875 1814/1527/3876 1815/1528/3877
f 1814/1527/3878 1813/1526/3879 1816/1529/3880
f 1814/1527/3881 1817/1530/3882 1815/1528/3883
f 1818/1531/3884 1815/1528/3885 1817/1530/3886
f 1814/1527/3887 1816/1529/3888 1819/1532/3889
f 1814/1527/3890 1819/1532/3891 1817/1530/3892
f 1820/1533/3893 1819/1532/3894 1816/1529/3895
f 1818/1531/3896 1817/1530/3897 1821/1534/3898
f 1822/1535/3899 1819/1532/3900 1820/1533/3901
f 1822/1535/3902 1820/1533/3903 1823/1536/3904
f 1824/1537/3905 1817/1530/3882 1819/1532/3906
f 1819/1532/3907 1822/1535/3908 1824/1537/3909
f 1825/1538/3910 1821/1534/3911 1817/1530/3912
f 1825/1538/3913 1817/1530/3914 1824/1537/3915
f 1821/1534/3916 1825/1538/3917 1826/1539/3918
f 1822/1535/3919 1823/1536/3920 1828/1540/3921
f 1829/1541/3922 1828/1540/3923 1823/1536/3924
f 1829/1541/3925 1830/1542/3926 1828/1540/3927
f 1825/1538/3910 1831/1543/3928 1827/1544/3929
f 1824/1537/3930 1831/1543/3931 1825/1538/3932
f 1833/1545/3933 1824/1537/3934 1822/1535/3935
f 1822/1535/3936 1828/1540/3937 1833/1545/3938
f 1824/1537/3939 1833/1545/3940 1831/1543/3941
f 1831/1543/3942 1834/1546/3943 1832/1547/3944
f 1836/1548/3945 1837/1549/3946 1834/1546/3947
f 1840/1550/3948 1838/1551/3949 1839/1552/3950
f 1842/1553/3951 1828/1540/3952 1830/1542/3926
f 1844/1554/3953 1836/1548/3954 1842/1553/3955
f 1836/1548/3956 1844/1554/3957 1839/1552/3958
f 1839/1552/3959 1844/1554/3960 1849/1555/3961
f 1841/1556/3962 1839/1552/3963 1849/1555/3961
f 1848/1557/3964 1845/1558/3965 1850/1559/3966
f 1851/1560/3967 1841/1556/3968 1849/1555/3969
f 1851/1560/3970 1852/1561/3971 1841/1556/3972
f 1853/1562/3973 1850/1559/3974 1846/1563/3975
f 1850/1559/3976 1853/1562/3977 1851/1560/3970
f 1846/1563/3978 1847/1564/3979 1854/1565/3980
f 1854/1565/3980 1853/1562/3981 1846/1563/3982
f 1851/1560/3967 1856/1566/3983 1852/1561/3984
f 1857/1567/3985 1852/1561/3986 1856/1566/3987
f 1853/1562/3988 1854/1565/3989 1858/1568/3990
f 1853/1562/3988 1858/1568/3991 1856/1566/3992
f 1855/1569/3993 1859/1570/3994 1854/1565/3995
f 1859/1570/3996 1858/1568/3997 1854/1565/3998
f 1860/1571/3999 1859/1570/4000 1855/1569/3993
f 1861/1572/4001 1857/1567/4002 1856/1566/3992
f 1861/1572/4003 1856/1566/3992 1858/1568/4004
f 1861/1572/4005 1862/1573/4006 1857/1567/4007
f 1863/1574/4008 1858/1568/4009 1859/1570/4010
f 1858/1568/3997 1863/1574/4011 1861/1572/4012
f 1859/1570/4013 1860/1571/4014 1864/1575/4015
f 1864/1575/4016 1863/1574/4017 1859/1570/4018
f 1865/1576/4019 1864/1575/4015 1860/1571/4014
f 1865/1576/4020 1866/1577/4021 1864/1575/4022
f 1861/1572/4003 1867/1578/4023 1862/1573/4024
f 1867/1578/4025 1861/1572/4026 1863/1574/4027
f 1868/1579/4028 1862/1573/4024 1867/1578/4029
f 1868/1579/4028 1867/1578/4030 1869/1580/4031
f 1870/1581/4032 1869/1580/4033 1867/1578/4030
f 1871/1582/4034 1869/1580/4035 1870/1581/4036
f 1873/1583/4037 1871/1582/4038 1870/1581/4039
f 1877/1584/4040 1872/1585/4041 1875/1586/4042
f 1878/1587/4043 1874/1588/4044 1873/1583/4045
f 1873/1583/4046 1877/1584/4047 1878/1587/4048
f 1878/1587/4049 1879/1589/4050 1874/1588/4051
f 1880/1590/4052 1875/1586/4053 1876/1591/4054
f 1880/1590/4055 1877/1584/4056 1875/1586/4057
f 1876/1591/4058 1881/1592/4059 1880/1590/4060
f 1882/1593/4061 1880/1590/4062 1881/1592/4063
f 1884/1594/4064 1878/1587/4065 1877/1584/4066
f 1882/1593/4067 1884/1594/4068 1877/1584/4069
f 1887/1595/4070 1882/1593/4071 1883/1596/4072
f 1882/1593/4073 1887/1595/4074 1884/1594/4075
f 1889/1597/4076 1886/1598/4077 1885/1599/4078
f 1889/1597/4079 1890/1600/4080 1886/1598/4081
f 1889/1597/4082 1893/1601/4083 1891/1602/4084
f 1893/1601/4085 1889/1597/4086 1892/1603/4087
f 1892/1603/4088 1887/1595/4089 1896/1604/4090
f 1896/1604/4091 1887/1595/4092 1888/1605/4093
f 1888/1605/4094 1897/1606/4095 1896/1604/4096
f 1901/1607/4097 1900/1608/4098 1899/1609/4099
f 1900/1608/4100 1901/1607/4101 1903/1610/4102
f 1904/1611/4103 1903/1610/4104 1901/1607/4105
f 1904/1611/4106 1906/1612/4107 1903/1610/4108
f 1902/1613/4109 1907/1614/4110 1905/1615/4111
f 1908/1616/4112 1905/1615/4113 1907/1614/4114
f 1910/1617/4115 1903/1610/4116 1906/1612/4117
f 1910/1617/4118 1912/1618/4119 1913/1619/4120
f 1910/1617/4121 1913/1619/4122 1903/1610/4123
f 1915/1620/4124 1913/1619/4125 1914/1621/4126
f 1917/1622/4127 1902/1613/4128 1903/1610/4129
f 1902/1613/4130 1917/1622/4131 1907/1614/4132
f 1915/1620/4133 1916/1623/4134 1918/1624/4135
f 1919/1625/4136 1917/1622/4137 1915/1620/4138
f 1915/1620/4139 1918/1624/4140 1920/1626/4141
f 1915/1620/4133 1920/1626/4142 1919/1625/4143
f 1918/1624/4144 1921/1627/4145 1920/1626/4146
f 1909/1628/4147 1907/1614/4148 1922/1629/4149
f 1924/1630/4150 1922/1629/4151 1919/1625/4152
f 1925/1631/4153 1923/1632/4154 1922/1629/4155
f 1922/1629/4156 1924/1630/4157 1925/1631/4158
f 1924/1630/4159 1928/1633/4160 1925/1631/4161
f 1928/1633/4162 1924/1630/4163 1929/1634/4164
f 1929/1634/4165 1920/1626/4166 1921/1627/4167
f 1930/1635/4168 1928/1633/4169 1929/1634/4170
f 1926/1636/4171 1925/1631/4172 1930/1635/4173
f 1929/1634/4174 1921/1627/4175 1931/1637/4176
f 1932/1638/4177 1931/1637/4178 1921/1627/4145
f 1935/1639/4179 1934/1640/4180 1932/1638/4181
f 1936/1641/4182 1926/1636/4183 1933/1642/4184
f 1936/1641/4185 1927/1643/4186 1926/1636/4187
f 1947/1644/4188 1946/1645/4189 1942/1646/4190
f 1946/1645/4191 1948/1647/4192 1943/1648/4193
f 1944/1649/4194 1951/1650/4195 1945/1651/4196
f 1952/1652/4197 1945/1651/4198 1951/1650/4199
f 1943/1648/4200 1953/1653/4201 1944/1649/4202
f 1953/1653/4203 1943/1648/4204 1948/1647/4205
f 1951/1650/4206 1944/1649/4207 1953/1653/4208
f 1952/1652/4209 1951/1650/4210 1954/1654/4211
f 1950/1655/4212 1956/1656/4213 1955/1657/4214
f 1953/1653/4215 1957/1658/4216 1951/1650/4195
f 1955/1657/4217 1957/1658/4218 1953/1653/4203
f 1958/1659/4219 1954/1654/4220 1951/1650/4221
f 1958/1659/4222 1951/1650/4223 1957/1658/4224
f 1959/1660/4225 1954/1654/4226 1958/1659/4227
f 1960/1661/4228 1955/1657/4229 1956/1656/4230
f 1955/1657/4231 1960/1661/4232 1957/1658/4233
f 1961/1662/4234 1966/1663/4235 1965/1664/4236
f 1970/1665/4237 1965/1664/4238 1966/1663/4235
f 1965/1664/4236 1970/1665/4239 1969/1284/4240
f 1966/1663/4241 1971/1666/4242 1970/1665/4243
f 1972/1667/4244 1968/1668/4245 1967/1669/4246
f 1968/1668/4247 1972/1667/4248 1973/1670/4249
f 1974/1671/4250 1969/1284/4251 1970/1665/4239
f 1974/1671/4252 1970/1665/4253 1975/1672/4254
f 1974/1671/4255 1978/1673/4256 1972/1667/4257
f 1981/1674/4258 1978/1673/4259 1974/1671/4260
f 1978/1673/4261 1981/1674/4262 1980/1675/4263
f 1975/1672/4264 1981/1674/4265 1974/1671/4266
f 1982/1676/4267 1980/1675/4268 1981/1674/4269
f 1992/1677/4270 1989/1678/4271 1990/1679/4272
f 1992/1677/4273 1990/1679/4274 1993/1680/4275
f 1992/1677/4276 1993/1680/4277 1995/1681/4278
f 1991/1682/4279 1996/1683/4280 1997/1684/4281
f 1998/1685/4282 1997/1684/4283 1996/1683/4284
f 1996/1683/4284 1999/1686/4285 1998/1685/4286
f 1994/1687/4287 1999/1686/4288 1996/1683/4289
f 1999/1686/4290 1994/1687/4291 2001/1688/4292
f 2003/1689/4293 2001/1688/4294 2005/1690/4295
f 2001/1688/4296 2004/1691/4297 2005/1690/4298
f 2003/1689/4299 2005/1690/4300 2006/1692/4301
f 2009/1693/4302 2004/1691/4303 2007/1694/4304
f 2005/1690/4305 2009/1693/4306 2012/1695/4307
f 2012/1695/4308 2006/1692/4309 2005/1690/4295
f 2013/1696/4310 2011/1697/4311 2010/1698/4312
f 2011/1697/4313 2013/1696/4314 2012/1695/4315
f 2012/1695/4316 2016/1699/4317 2006/1692/4318
f 2016/1699/4319 2012/1695/4315 2013/1696/4320
f 2017/1700/4321 2006/1692/4322 2016/1699/4323
f 2013/1696/4324 2014/1701/4325 2018/1702/4326
f 2013/1696/4327 2018/1702/4326 2016/1699/4328
f 2015/1703/4329 2019/1704/4330 2014/1701/4331
f 2020/1705/4332 2019/1704/4333 2015/1703/4334
f 2021/1706/4335 2017/1700/4336 2016/1699/4328
f 2021/1706/4337 2016/1699/4338 2018/1702/4326
f 2023/1707/4339 2018/1702/4340 2019/1704/4341
f 2018/1702/4340 2023/1707/4342 2021/1706/4343
f 2034/1708/4344 2033/1709/4345 2029/1710/4346
f 2038/1711/4347 2037/1712/4348 2039/1713/4349
f 2040/1714/4350 2034/1708/4351 2036/1715/4352
f 2040/1714/4350 2033/1709/4353 2034/1708/4354
f 2036/1715/4355 2041/1716/4356 2040/1714/4357
f 2042/1717/4358 2039/1713/4349 2037/1712/4359
f 2037/1712/4360 2033/1709/4361 2042/1717/4362
f 2043/1718/4363 2039/1713/4364 2042/1717/4365
f 2044/1719/4366 2042/1717/4367 2033/1709/4368
f 2045/1720/4369 2043/1718/4370 2042/1717/4371
f 2043/1718/4363 2045/1720/4372 2046/1721/4373
f 2047/1722/4374 2040/1714/4357 2041/1716/4375
f 2040/1714/4376 2047/1722/4377 2044/1719/4378
f 2041/1716/4379 2048/1723/4380 2047/1722/4381
f 2049/1724/4382 2046/1721/4383 2045/1720/4369
f 2049/1724/4384 2050/1725/4385 2046/1721/4386
f 2051/1726/4387 2045/1720/4388 2044/1719/4389
f 2051/1726/4390 2049/1724/4391 2045/1720/4392
f 2051/1726/4393 2044/1719/4394 2047/1722/4395
f 2052/1727/4396 2047/1722/4374 2048/1723/4397
f 2052/1727/4398 2051/1726/4399 2047/1722/4381
f 2048/1723/4400 2053/1728/4401 2052/1727/4402
f 2054/1729/4403 2049/1724/4391 2051/1726/4404
f 2055/1730/4405 2050/1725/4406 2049/1724/4407
f 2049/1724/4391 2054/1729/4408 2055/1730/4409
f 2050/1725/4410 2055/1730/4411 2056/1731/4412
f 2057/1732/4413 2052/1727/4402 2053/1728/4414
f 2052/1727/4396 2057/1732/4415 2054/1729/4416
f 2059/1733/4417 2061/1734/4418 2060/1735/4419
f 2062/1736/4420 2059/1733/4421 2055/1730/4422
f 2059/1733/4423 2063/1737/4424 2061/1734/4425
f 2064/1738/4426 2061/1734/4427 2063/1737/4428
f 2064/1738/4429 2063/1737/4430 2065/1739/4431
f 2066/1740/4432 2057/1732/4433 2058/1741/4434
f 2058/1741/4435 2067/1742/4436 2066/1740/4437
f 2065/1739/4438 2066/1740/4439 2067/1742/4440
f 2074/1743/4441 2076/1744/4442 2073/1745/4443
f 2072/1746/4444 2077/1747/4445 2075/1748/4446
f 2078/1749/4447 2075/1748/4448 2077/1747/4449
f 2078/1749/4450 2077/1747/4451 2079/1750/4452
f 2080/1751/4453 2081/1752/4454 2082/1753/4455
f 2080/1751/4456 2082/1753/4457 2083/1754/4458
f 2084/1755/4459 2083/1754/4460 2082/1753/4457
f 2085/1756/4461 2083/1754/4462 2084/1755/4463
f 2083/1754/4464 2085/1756/4465 2087/1757/4466
f 2077/1747/4467 2089/1758/4468 2092/1759/4469
f 2079/1750/4470 2077/1747/4471 2092/1759/4472
f 2094/1760/4473 2092/1759/4474 2089/1758/4475
f 2094/1760/4476 2089/1758/4477 2090/1761/4478
f 2095/1762/4479 2093/1763/4480 2092/1759/4481
f 2092/1759/4482 2094/1760/4483 2095/1762/4484
f 2095/1762/4485 2096/1764/4486 2093/1763/4480
f 2097/1765/4487 2093/1763/4480 2096/1764/4488
f 2094/1760/4489 2098/1766/4490 2095/1762/4491
f 2090/1761/4492 2099/1767/4493 2094/1760/4489
f 2098/1766/4494 2094/1760/4495 2099/1767/4496
f 2099/1767/4493 2090/1761/4497 2091/1768/4498
f 2098/1766/4490 2100/1769/4499 2095/1762/4484
f 2100/1769/4500 2098/1766/4501 2099/1767/4502
f 2096/1764/4503 2095/1762/4504 2100/1769/4500
f 2099/1767/4505 2091/1768/4506 2101/1770/4507
f 2101/1770/4508 2100/1769/4509 2099/1767/4493
f 2102/1771/4510 2104/1772/4511 2101/1770/4508
f 2105/1773/4512 2104/1772/4513 2102/1771/4514
f 2103/1774/4515 2108/1775/4516 2106/1776/4517
f 2108/1775/4518 2103/1774/4519 2104/1772/4520
f 2106/1776/4521 2109/1777/4522 2107/1778/4523
f 2109/1777/4524 2106/1776/4525 2108/1775/4526
f 2110/1779/4527 2107/1778/4528 2109/1777/4529
f 2111/1780/4530 2108/1775/4531 2104/1772/4532
f 2112/1781/4533 2111/1780/4534 2105/1773/4535
f 2108/1775/4516 2113/1782/4536 2109/1777/4537
f 2108/1775/4538 2111/1780/4539 2113/1782/4540
f 2114/1783/4541 2110/1779/4542 2109/1777/4543
f 2114/1783/4544 2109/1777/4545 2113/1782/4540
f 2114/1783/4546 2115/1784/4547 2110/1779/4548
f 2112/1781/4549 2116/1785/4550 2111/1780/4551
f 2116/1785/4552 2113/1782/4553 2111/1780/4554
f 2117/1786/4555 2116/1785/4550 2112/1781/4556
f 2113/1782/4557 2118/1787/4558 2114/1783/4559
f 2118/1787/4560 2113/1782/4561 2116/1785/4562
f 2114/1783/4563 2119/1788/4564 2115/1784/4565
f 2123/1789/4566 2122/1790/4567 2117/1786/4568
f 2125/1791/4569 2121/1792/4570 2119/1788/4571
f 2127/1793/4572 2118/1787/4573 2122/1790/4574
f 2127/1793/4575 2132/1794/4576 2129/1795/4577
f 2128/1796/4578 2133/1797/4579 2132/1794/4580
f 2134/1798/4581 2131/1799/4582 2130/1720/4583
f 2134/1798/4584 2135/1800/4585 2131/1799/4586
f 2136/1801/4587 2130/1720/4588 2129/1795/4589
f 2136/1801/4590 2134/1798/4591 2130/1720/4592
f 2136/1801/4593 2129/1795/4594 2132/1794/4595
f 2137/1802/4596 2132/1794/4597 2133/1797/4598
f 2133/1797/4599 2138/1803/4600 2137/1802/4601
f 2138/1803/4602 2143/1804/4603 2142/1805/4604
f 2144/1806/4605 2141/1807/4606 2140/1808/4607
f 2144/1806/4608 2145/1809/4609 2141/1807/4610
f 2147/1810/4611 2140/1808/4612 2139/1811/4613
f 2147/1810/4614 2144/1806/4615 2140/1808/4616
f 2147/1810/4617 2139/1811/4618 2142/1805/4619
f 2147/1810/4620 2142/1805/4621 2151/1812/4622
f 2151/1812/4623 2148/1813/4624 2147/1810/4625
f 2151/1812/4626 2142/1805/4627 2143/1804/4628
f 2143/1804/4629 2152/1814/4630 2151/1812/4631
f 2153/1815/4632 2154/1816/4633 2155/1817/4634
f 2156/1818/4635 2155/1817/4636 2154/1816/4637
f 2155/1817/4638 2157/1819/4639 2153/1815/4640
f 2155/1817/4634 2156/1818/4641 2158/1820/4642
f 2155/1817/4643 2158/1820/4644 2157/1819/4645
f 2159/1821/4646 2158/1820/4647 2156/1818/4648
f 2160/1822/4649 2153/1815/4650 2157/1819/4651
f 2159/1821/4652 2161/1823/4653 2158/1820/4654
f 2157/1819/4655 2162/1824/4656 2160/1822/4657
f 2163/1825/4658 2160/1822/4659 2162/1824/4660
f 2163/1825/4658 2162/1824/4656 2164/1826/4661
f 2165/1827/4662 2158/1820/4663 2161/1823/4664
f 2165/1827/4665 2166/1828/4666 2167/1829/4667
f 2165/1827/4665 2167/1829/4668 2168/1830/4669
f 2165/1827/4670 2168/1830/4671 2158/1820/4672
f 2169/1831/4673 2168/1830/4674 2167/1829/4675
f 2173/1832/4676 2176/1833/4677 2175/1834/4678
f 2164/1826/4679 2162/1824/4680 2177/1835/4681
f 2179/1836/4682 2177/1835/4683 2174/1837/4684
f 2179/1836/4685 2174/1837/4686 2175/1834/4687
f 2180/1838/4688 2178/1839/4689 2177/1835/4690
f 2177/1835/4691 2179/1836/4692 2180/1838/4693
f 2180/1838/4693 2181/1840/4694 2178/1839/4695
f 2182/1841/4696 2178/1839/4697 2181/1840/4698
f 2179/1836/4699 2183/1842/4700 2180/1838/4701
f 2175/1834/4702 2184/1843/4703 2179/1836/4704
f 2193/1844/4705 2188/1845/4706 2189/1846/4707
f 2199/1847/4708 2195/1848/4709 2194/1849/4710
f 2202/1850/4711 2201/1851/4712 2197/1852/4713
f 2198/1853/4714 2203/1854/4715 2199/1847/4716
f 2203/1854/4717 2198/1853/4718 2201/1851/4719
f 2204/1855/4720 2199/1847/4721 2203/1854/4722
f 2205/1856/4723 2200/1857/4724 2204/1855/4725
f 2201/1851/4726 2202/1850/4727 2207/1858/4728
f 2207/1858/4729 2203/1854/4730 2201/1851/4731
f 2208/1859/4732 2207/1858/4733 2202/1850/4734
f 2208/1859/4735 2209/1860/4736 2207/1858/4733
f 2210/1861/4737 2206/1862/4738 2204/1855/4739
f 2211/1863/4740 2206/1862/4741 2210/1861/4742
f 2210/1861/4743 2204/1855/4744 2212/1864/4745
f 2213/1865/4746 2211/1863/4747 2210/1861/4748
f 2210/1861/4743 2212/1864/4749 2213/1865/4750
f 2211/1863/4751 2213/1865/4752 2214/1866/4753
f 2215/1867/4754 2207/1858/4728 2209/1860/4755
f 2209/1860/4756 2216/1868/4757 2215/1867/4758
f 2217/1869/4759 2215/1867/4760 2216/1868/4761
f 2215/1867/4762 2217/1869/4763 2212/1864/4764
f 2216/1868/4765 2218/1870/4766 2217/1869/4759
f 2219/1871/4767 2213/1865/4768 2212/1864/4769
f 2219/1871/4770 2212/1864/4771 2217/1869/4772
f 2220/1872/4773 2214/1866/4774 2213/1865/4746
f 2213/1865/4775 2219/1871/4776 2220/1872/4777
f 2220/1872/4773 2221/1873/4778 2214/1866/4779
f 2222/1874/4780 2217/1869/4781 2218/1870/3051
f 2222/1874/4782 2219/1871/4783 2217/1869/4784
f 2218/1870/4785 2223/1875/4786 2222/1874/4787
f 2224/1876/4788 2220/1872/4789 2219/1871/4790
f 2222/1874/4791 2224/1876/4792 2219/1871/4776
f 2229/1877/4793 2226/1878/4794 2225/1879/4795
f 2229/1877/4796 2230/1880/4797 2226/1878/4798
f 2232/572/4799 2225/1879/4800 2224/1876/4801
f 2232/572/4802 2224/1876/4803 2227/1881/4804
f 2234/1882/4805 2231/1883/4806 2233/1884/4807
f 2236/1885/4808 2227/1881/4809 2228/1886/4810
f 2236/1885/4811 2235/1887/4812 2233/1884/4813
f 2228/1886/4814 2237/1888/4815 2236/1885/4816
f 2240/1889/4817 2242/1890/4818 2238/1891/4819
f 2240/1889/4820 2241/1892/4821 2243/1893/4822
f 2244/1894/4823 2243/1893/4824 2241/1892/4825
f 2244/1894/4826 2246/1895/4827 2243/1893/4828
f 2242/1890/4829 2247/1896/4830 2245/1897/4831
f 2248/1898/4832 2245/1897/4833 2247/1896/4834
f 2248/1898/4835 2247/1896/4836 2249/1899/4837
f 2250/1900/4838 2243/1893/4839 2246/1895/4840
f 2251/1901/4841 2250/1900/4842 2246/1895/4843
f 2250/1900/4838 2251/1901/4844 2252/1902/4845
f 2250/1900/4838 2252/1902/4846 2253/1903/4847
f 2250/1900/4848 2253/1903/4849 2243/1893/4850
f 2254/1904/4851 2253/1903/4847 2252/1902/4852
f 2255/1905/4853 2254/1904/4851 2256/1906/4854
f 2257/1907/4855 2243/1893/4856 2253/1903/4847
f 2253/1903/4857 2255/1905/4858 2257/1907/4859
f 2242/1890/4860 2257/1907/4861 2247/1896/4862
f 2255/1905/4863 2256/1906/4864 2258/1908/4865
f 2259/1909/4866 2257/1907/4861 2255/1905/4867
f 2255/1905/4868 2260/1910/4869 2259/1909/4870
f 2258/1908/4871 2261/1911/4872 2260/1910/4873
f 2249/1899/4837 2247/1896/4874 2262/1912/4875
f 2264/1313/4876 2262/1912/336 2259/1909/4877
f 2264/1313/4878 2268/1913/4879 2265/1914/4880
f 2260/1910/4873 2269/1915/4881 2264/1313/4882
f 2269/1915/4881 2260/1910/4883 2261/1911/4872
f 2270/1916/4884 2268/1913/4885 2269/1915/4881
f 2278/1917/4886 2273/1918/4887 2274/1919/4888
f 2282/1920/4889 2281/1921/4890 2275/1922/4891
f 2284/1923/4892 2280/1924/4893 2279/1925/4894
f 2284/1923/4895 2279/1925/4896 2283/1926/4897
f 2282/1920/4898 2286/1927/4899 2281/1921/4900
f 2286/1927/4901 2283/1926/4902 2281/1921/4890
f 2283/1926/4903 2288/1928/4904 2284/1923/4905
f 2288/1928/4906 2283/1926/4907 2286/1927/4899
f 2284/1923/4908 2289/1929/4909 2285/1930/4910
f 2289/1929/4911 2284/1923/4912 2288/1928/4913
f 2290/1931/4914 2285/1930/4915 2289/1929/4916
f 2290/1931/4917 2289/1929/4918 2291/1932/4919
f 2286/1927/4920 2287/1933/4921 2292/1934/4922
f 2292/1934/4923 2288/1928/4924 2286/1927/4901
f 2293/1935/4925 2292/1934/4926 2287/1933/4927
f 2293/1935/4928 2294/1936/4929 2292/1934/4930
f 2289/1929/4909 2288/1928/4931 2295/1937/4932
f 2297/1938/4933 2292/1934/4934 2294/1936/4935
f 2297/1938/4936 2288/1928/4937 2292/1934/4938
f 2299/1939/4939 2295/1937/4940 2288/1928/4941
f 2297/1938/4936 2299/1939/4942 2288/1928/4943
f 2306/1940/4944 2304/1941/4945 2300/1942/4946
f 2306/1940/4947 2299/1939/4948 2302/1943/4949
f 2305/1944/4950 2310/1945/4951 2311/1946/4952
f 2307/1947/4953 2312/1948/4954 2309/1949/4955
f 2308/1950/4956 2313/1951/4957 2312/1948/4958
f 2317/1952/4959 2314/1953/4960 2310/1945/4961
f 2314/1953/4962 2318/1954/4963 2316/1955/4964
f 2330/1956/4965 2323/1957/4966 2327/1958/4967
f 2327/1958/4968 2332/1959/4969 2330/1956/4970
f 2333/1960/4971 2330/1956/4972 2332/1959/4973
f 2333/1960/4974 2332/1959/4975 2334/1961/4976
f 2335/1962/4977 2328/1963/4978 2331/1964/4979
f 2336/1965/4980 2335/1962/4977 2331/1964/4981
f 2335/1962/4982 2338/1966/4983 2328/1963/4984
f 2340/1967/4985 2338/1966/4986 2339/1968/4987
f 2340/1967/4988 2339/1968/4989 2341/1969/4990
f 2338/1966/4991 2340/1967/4992 2342/1970/4993
f 2340/1967/4994 2341/1969/4990 2343/1971/4995
f 2344/1972/4996 2342/1970/4997 2340/1967/4992
f 2342/1970/4998 2344/1972/4999 2332/1959/5000
f 2345/1973/5001 2340/1967/5002 2343/1971/5003
f 2340/1967/5004 2345/1973/5005 2344/1972/5006
f 2343/1971/5007 2346/1974/5008 2345/1973/5009
f 2349/1975/5010 2347/1976/5011 2344/1972/5012
f 2349/1975/5013 2344/1972/5014 2345/1973/5005
f 2350/1977/5015 2348/1978/5016 2347/1976/5017
f 2352/1979/5018 2348/1978/5019 2351/1980/5020
f 2349/1975/5021 2353/1981/5022 2350/1977/5023
f 2353/1981/5024 2349/1975/5025 2354/1982/5026
f 2354/1982/5027 2345/1973/5005 2346/1974/5028
f 2353/1981/5029 2355/1983/5030 2350/1977/5031
f 2355/1983/5032 2353/1981/5033 2354/1982/5034
f 2354/1982/5035 2346/1974/5036 2356/1984/5037
f 2357/1985/5038 2356/1984/5039 2346/1974/5008
f 2355/1983/5040 2356/1984/5041 2358/1986/5042
f 2357/1985/5043 2359/1987/5044 2356/1984/5045
f 2359/1987/5046 2358/1986/5047 2356/1984/5048
f 2360/1988/5049 2359/1987/5050 2357/1985/5051
f 2361/1989/5052 2351/1980/5053 2358/1986/5054
f 2361/1989/5055 2352/1979/5056 2351/1980/5057
f 2361/1989/5058 2362/1990/5059 2352/1979/5060
f 2361/1989/5061 2364/1991/5062 2362/1990/5063
f 2364/1991/5064 2361/1989/5065 2363/1992/5066
f 2359/1987/5046 2360/1988/5067 2366/1993/5068
f 2366/1993/5069 2363/1992/5070 2359/1987/5071
f 2367/1994/5072 2366/1993/5073 2360/1988/5074
f 2363/1992/5075 2368/1995/5076 2364/1991/5077
f 2363/1992/5078 2366/1993/5069 2368/1995/5079
f 2369/1996/5080 2365/1997/5081 2364/1991/5082
f 2369/1996/5083 2364/1991/5084 2368/1995/5085
f 2367/1994/5086 2371/1998/5087 2366/1993/5088
f 2371/1998/5089 2368/1995/5090 2366/1993/5073
f 2373/1999/5091 2368/1995/5092 2371/1998/5093
f 2369/1996/5094 2374/2000/5095 2370/2001/5096
f 2374/2000/5097 2369/1996/5098 2373/1999/5099
f 2375/2002/5100 2370/2001/5101 2374/2000/5095
f 2371/1998/5102 2372/2003/5103 2377/2004/5104
f 2380/2005/5105 2374/2000/5106 2382/2006/5107
f 2381/2007/5108 2383/2008/5109 2384/2009/5110
f 2387/2010/5111 2385/2011/5112 2386/2012/5113
f 2385/2011/5114 2387/2010/5115 2382/2006/5116
f 2386/2012/5117 2388/2013/5118 2387/2010/5119
f 2389/2014/5120 2383/2008/5121 2382/2006/5122
f 2389/2014/5120 2382/2006/5123 2387/2010/5124
f 2383/2008/5125 2389/2014/5126 2390/2015/5127
f 2390/2015/5128 2391/2016/5129 2384/2009/5130
f 2392/2017/5131 2387/2010/5132 2388/2013/5133
f 2392/2017/5134 2389/2014/5135 2387/2010/5136
f 2392/2017/5137 2394/2018/5138 2389/2014/5139
f 2395/2019/5140 2391/2016/5141 2390/2015/5127
f 2390/2015/5142 2394/2018/5143 2395/2019/5144
f 2391/2016/5145 2395/2019/5146 2396/2020/5147
f 2399/2021/5148 2396/2020/5149 2395/2019/5150
f 2399/2021/5151 2400/2022/5152 2396/2020/5153
f 2399/2021/5154 2401/2023/5155 2400/2022/5156
f 2402/2024/5157 2395/2019/5158 2394/2018/5159
f 2406/2025/5160 2403/2026/5161 2402/2024/5162
f 2398/2027/5163 2407/2028/5164 2406/2025/5165
f 2405/2029/5166 2406/2025/5167 2407/2028/5168
f 2323/1957/5169 2325/2030/5170 2324/2031/5171
f 2326/2032/5172 2324/2031/5173 2325/2030/5174
f 2325/2030/5175 2323/1957/5176 2327/1958/5177
f 2325/2030/5178 2328/1963/5179 2326/2032/5180
f 2325/2030/5181 2327/1958/5182 2328/1963/5183
f 2329/2033/5184 2326/2032/5185 2328/1963/5186
f 2329/2033/5187 2328/1963/5188 2331/1964/5189
f 2335/1962/5190 2337/2034/5191 2336/1965/5192
f 2335/1962/5190 2338/1966/5193 2337/2034/5194
f 2339/1968/5195 2337/2034/5196 2338/1966/5197
f 2342/1970/5198 2338/1966/5199 2328/1963/5200
f 2342/1970/5201 2328/1963/5202 2327/1958/5203
f 2327/1958/5204 2332/1959/5205 2342/1970/5206
f 2332/1959/5207 2347/1976/5208 2344/1972/5209
f 2334/1961/5210 2347/1976/5208 2332/1959/5211
f 2334/1961/5212 2348/1978/5213 2347/1976/5214
f 2347/1976/5215 2350/1977/5216 2349/1975/5217
f 2345/1973/5218 2349/1975/5219 2354/1982/5220
f 2350/1977/5221 2348/1978/5213 2351/1980/5222
f 2351/1980/5223 2355/1983/5224 2350/1977/5225
f 2356/1984/5226 2354/1982/5227 2355/1983/5224
f 2355/1983/5228 2351/1980/5223 2358/1986/5229
f 2358/1986/5229 2361/1989/5230 2363/1992/5231
f 2363/1992/5232 2359/1987/5233 2358/1986/5234
f 2365/1997/5235 2364/1991/5236 2362/1990/5237
f 2372/2003/5238 2367/1994/5239 2371/1998/5240
f 2369/1996/5241 2365/1997/5242 2370/2001/5243
f 2368/1995/5244 2369/1996/5245 2373/1999/5246
f 2377/2004/5247 2371/1998/5248 2373/1999/5249
f 2378/2035/5250 2372/2003/5251 2377/2004/5252
f 2378/2035/5253 2377/2004/5254 2379/2036/5255
f 2375/2002/5256 2376/2037/5257 2374/2000/5258
f 2385/2011/5259 2379/2036/5255 2377/2004/5260
f 2385/2011/5261 2377/2004/5262 2373/1999/5263
f 2379/2036/5264 2385/2011/5265 2386/2012/5266
f 2373/1999/5267 2374/2000/5268 2382/2006/5269
f 2385/2011/5270 2373/1999/5271 2382/2006/5272
f 2380/2005/5273 2374/2000/5274 2376/2037/5275
f 2381/2007/5276 2380/2005/5277 2376/2037/5278
f 2383/2008/5279 2380/2005/5273 2381/2007/5280
f 2380/2005/5273 2383/2008/5281 2382/2006/5282
f 2388/2013/5283 2392/2017/5284 2393/2038/5285
f 2390/2015/5286 2383/2008/5287 2384/2009/5288
f 2394/2018/5289 2389/2014/5290 2390/2015/5291
f 2397/2039/5292 2393/2038/5293 2392/2017/5294
f 2392/2017/5295 2394/2018/5296 2397/2039/5297
f 2393/2038/5298 2397/2039/5299 2398/2027/5300
f 2406/2025/5301 2398/2027/5302 2397/2039/5303
f 2402/2024/5304 2397/2039/5305 2394/2018/5306
f 2402/2024/5307 2406/2025/5308 2397/2039/5309
f 2402/2024/5304 2395/2019/5310 2399/2021/5311
f 2403/2026/5312 2402/2024/5313 2399/2021/5314
f 2399/2021/5311 2401/2023/5315 2403/2026/5316
f 2406/2025/5317 2403/2026/5318 2405/2029/5319
f 2404/2040/5320 2403/2026/5316 2401/2023/5321
f 2404/2040/5322 2405/2029/5323 2403/2026/5324
f 2238/1891/5325 2240/1889/5326 2239/2041/5327
f 2241/1892/5328 2239/2041/5329 2240/1889/5326
f 2240/1889/5330 2242/1890/5331 2243/1893/5332
f 2245/1897/5333 2242/1890/5334 2238/1891/5335
f 2255/1905/5336 2254/1904/5337 2253/1903/5338
f 2257/1907/5339 2243/1893/5332 2242/1890/5331
f 2257/1907/5340 2247/1896/5341 2259/1909/5342
f 2255/1905/5343 2260/1910/5344 2258/1908/5345
f 2247/1896/5346 2262/1912/5347 2259/1909/5348
f 2249/1899/5349 2263/2042/5350 2262/1912/5351
f 2264/1313/5352 2260/1910/5353 2259/1909/5354
f 2265/1914/5355 2262/1912/5356 2263/2042/5357
f 2262/1912/5358 2265/1914/5355 2264/1313/5359
f 2268/1913/5360 2269/1915/5361 2264/1313/5362
f 2268/1913/5363 2265/1914/5364 2270/1916/5365
f 2265/1914/5355 2263/2042/5366 2266/2043/5367
f 2266/2043/5368 2270/1916/5369 2265/1914/5355
f 2267/2044/5370 2266/2043/5371 2263/2042/5372
f 2269/1915/5361 2271/2045/5373 2261/1911/5374
f 2271/2045/5373 2269/1915/5361 2270/1916/5375
f 2272/2046/5376 2261/1911/5374 2271/2045/5377
f 2270/1916/5378 2266/2043/5371 2273/1918/5379
f 2270/1916/5380 2273/1918/5381 2271/2045/5382
f 2276/2047/5383 2266/2043/5384 2267/2044/5385
f 2276/2047/5386 2273/1918/5387 2266/2043/5388
f 2276/2047/5383 2267/2044/5389 2277/2048/5390
f 2272/2046/5391 2271/2045/5392 2274/1919/5393
f 2274/1919/5394 2271/2045/5395 2273/1918/5396
f 2275/1922/5397 2272/2046/5398 2274/1919/5394
f 2273/1918/5399 2276/2047/5400 2278/1917/5401
f 2274/1919/5402 2281/1921/5403 2275/1922/5404
f 2281/1921/5403 2274/1919/5405 2278/1917/5406
f 2276/2047/5407 2277/2048/5408 2279/1925/5409
f 2279/1925/5410 2278/1917/5411 2276/2047/5412
f 2280/1924/5413 2279/1925/5414 2277/2048/5415
f 2278/1917/5416 2283/1926/5417 2281/1921/5418
f 2278/1917/5419 2279/1925/5420 2283/1926/5421
f 2287/1933/5422 2282/1920/5423 2286/1927/5424
f 2284/1923/5425 2280/1924/5426 2285/1930/5427
f 2294/1936/5428 2297/1938/5429 2298/2049/5430
f 2295/1937/5431 2289/1929/5432 2291/1932/5433
f 2296/2050/5434 2295/1937/5435 2291/1932/5436
f 2302/1943/5437 2298/2049/5438 2297/1938/5439
f 2298/2049/5440 2302/1943/5441 2303/2051/5442
f 2297/1938/5443 2299/1939/5444 2302/1943/5445
f 2300/1942/5446 2295/1937/5447 2296/2050/5448
f 2295/1937/5449 2300/1942/5450 2299/1939/5451
f 2296/2050/5452 2301/2052/5453 2300/1942/5454
f 2306/1940/5455 2299/1939/5456 2300/1942/5457
f 2307/1947/5458 2303/2051/5459 2302/1943/5460
f 2307/1947/5461 2302/1943/5462 2306/1940/5463
f 2303/2051/5464 2307/1947/5458 2308/1950/5465
f 2304/1941/5466 2300/1942/5454 2301/2052/5467
f 2304/1941/5468 2301/2052/5469 2305/1944/5470
f 2307/1947/5471 2306/1940/5472 2309/1949/5473
f 2309/1949/5474 2306/1940/5472 2304/1941/5475
f 2312/1948/5476 2308/1950/5477 2307/1947/5478
f 2310/1945/5479 2304/1941/5480 2305/1944/5481
f 2304/1941/5482 2310/1945/5483 2309/1949/5484
f 2321/2053/5485 2313/1951/5486 2312/1948/5487
f 2313/1951/5488 2321/2053/5489 2322/2054/5490
f 2320/2055/5491 2322/2054/5492 2321/2053/5493
f 2317/1952/5494 2312/1948/5495 2309/1949/5496
f 2317/1952/5497 2309/1949/5498 2310/1945/5499
f 2317/1952/5500 2321/2053/5501 2312/1948/5502
f 2314/1953/5503 2310/1945/5504 2311/1946/5505
f 2314/1953/5506 2311/1946/5507 2315/2056/5508
f 2314/1953/5509 2315/2056/5510 2316/1955/5511
f 2318/1954/5512 2317/1952/5513 2314/1953/5514
f 2321/2053/5515 2317/1952/5516 2318/1954/5517
f 2321/2053/5518 2318/1954/5519 2320/2055/5520
f 2319/2057/5521 2318/1954/5522 2316/1955/5523
f 2319/2057/5524 2320/2055/5525 2318/1954/5526
f 2166/1828/5527 2161/1823/5528 2165/1827/5529
f 2170/2058/5530 2169/1831/5531 2168/1830/5532
f 2170/2058/5533 2171/2059/5534 2169/1831/5535
f 2172/2060/5536 2168/1830/5532 2158/1820/5537
f 2172/2060/5538 2158/1820/5539 2157/1819/5540
f 2168/1830/5541 2172/2060/5542 2170/2058/5543
f 2157/1819/5544 2162/1824/5545 2172/2060/5546
f 2170/2058/5547 2173/1832/5548 2171/2059/5549
f 2172/2060/5550 2162/1824/5545 2174/1837/5551
f 2174/1837/5552 2170/2058/5553 2172/2060/5554
f 2175/1834/5555 2173/1832/5556 2170/2058/5557
f 2170/2058/5558 2174/1837/5559 2175/1834/5560
f 2162/1824/5545 2177/1835/5561 2174/1837/5562
f 2164/1826/5563 2178/1839/5564 2177/1835/5565
f 2183/1842/5566 2184/1843/5567 2179/1836/5568
f 2184/1843/5569 2176/1833/5570 2175/1834/5555
f 2183/1842/5571 2180/1838/5572 2185/2061/5573
f 2185/2061/5574 2184/1843/5575 2183/1842/5576
f 2181/1840/5577 2185/2061/5578 2180/1838/5579
f 2184/1843/5580 2186/2062/5581 2176/1833/5570
f 2186/2062/5582 2184/1843/5583 2185/2061/5584
f 2187/2063/5585 2176/1833/5586 2186/2062/5587
f 2185/2061/5588 2181/1840/5577 2188/1845/5589
f 2185/2061/5590 2188/1845/5591 2186/2062/5592
f 2191/2064/5593 2181/1840/5594 2182/1841/5595
f 2191/2064/5596 2188/1845/5597 2181/1840/5598
f 2191/2064/5599 2182/1841/5595 2192/2065/5600
f 2187/2063/5601 2186/2062/5602 2189/1846/5603
f 2189/1846/5604 2186/2062/5605 2188/1845/5606
f 2190/2066/5607 2187/2063/5608 2189/1846/5609
f 2188/1845/5610 2191/2064/5611 2193/1844/5612
f 2189/1846/5613 2196/2067/5614 2190/2066/5615
f 2196/2067/5616 2189/1846/5609 2193/1844/5617
f 2197/1852/5618 2190/2066/5619 2196/2067/5620
f 2191/2064/5621 2192/2065/5622 2194/1849/5623
f 2194/1849/5623 2193/1844/5624 2191/2064/5611
f 2195/1848/5625 2194/1849/5626 2192/2065/5600
f 2193/1844/5627 2198/1853/5628 2196/2067/5629
f 2193/1844/5630 2194/1849/5631 2198/1853/5632
f 2197/1852/5633 2196/2067/5634 2201/1851/5635
f 2201/1851/5636 2196/2067/5637 2198/1853/5638
f 2199/1847/5639 2198/1853/5640 2194/1849/5641
f 2199/1847/5642 2195/1848/5643 2200/1857/5644
f 2199/1847/5645 2200/1857/5644 2204/1855/5646
f 2205/1856/5647 2206/1862/5648 2204/1855/5649
f 2215/1867/5650 2207/1858/5651 2203/1854/5652
f 2203/1854/5653 2204/1855/5654 2212/1864/5655
f 2215/1867/5656 2203/1854/5657 2212/1864/5658
f 2227/1881/5659 2223/1875/5660 2222/1874/5661
f 2222/1874/5662 2224/1876/5663 2227/1881/5664
f 2223/1875/5665 2227/1881/5659 2228/1886/5666
f 2225/1879/5667 2220/1872/5668 2221/1873/5669
f 2220/1872/5670 2225/1879/5671 2224/1876/5672
f 2221/1873/5673 2226/1878/5674 2225/1879/5667
f 2235/1887/5675 2237/1888/5676 2236/1885/5677
f 2232/572/5678 2236/1885/5679 2227/1881/5680
f 2232/572/5681 2225/1879/5682 2229/1877/5683
f 2229/1877/5684 2230/1880/5685 2231/1883/5686
f 2233/1884/5687 2232/572/5688 2229/1877/5689
f 2236/1885/5690 2232/572/5691 2233/1884/5692
f 2229/1877/5693 2231/1883/5686 2233/1884/5694
f 2234/1882/5695 2235/1887/5696 2233/1884/5697
f 2068/2068/5698 2070/2069/5699 2069/2070/5700
f 2071/2071/5701 2069/2070/5702 2070/2069/5703
f 2070/2069/5704 2068/2068/5705 2072/1746/5706
f 2070/2069/5707 2073/1745/5708 2071/2071/5709
f 2070/2069/5710 2072/1746/5711 2073/1745/5712
f 2075/1748/5713 2072/1746/5714 2068/2068/5715
f 2074/1743/5716 2071/2071/5717 2073/1745/5712
f 2080/1751/5718 2076/1744/5719 2073/1745/5720
f 2081/1752/5721 2076/1744/5722 2080/1751/5723
f 2080/1751/5724 2073/1745/5725 2083/1754/5726
f 2085/1756/5727 2086/2072/5728 2084/1755/5729
f 2087/1757/5730 2083/1754/5731 2073/1745/5732
f 2087/1757/5733 2073/1745/5734 2072/1746/5735
f 2072/1746/5736 2077/1747/5737 2087/1757/5738
f 2085/1756/5739 2088/2073/5740 2086/2072/5741
f 2087/1757/5742 2077/1747/5743 2089/1758/5744
f 2089/1758/5745 2085/1756/5746 2087/1757/5747
f 2090/1761/5748 2088/2073/5749 2085/1756/5727
f 2085/1756/5750 2089/1758/5751 2090/1761/5752
f 2088/2073/5753 2090/1761/5754 2091/1768/5755
f 2079/1750/5756 2093/1763/5757 2092/1759/5758
f 2102/1771/5759 2091/1768/5760 2101/1770/5761
f 2100/1769/5762 2096/1764/5763 2103/1774/5764
f 2100/1769/5765 2103/1774/5766 2101/1770/5767
f 2106/1776/5768 2096/1764/5769 2097/1765/5770
f 2106/1776/5771 2103/1774/5772 2096/1764/5773
f 2106/1776/5774 2097/1765/5775 2107/1778/5776
f 2104/1772/5777 2101/1770/5767 2103/1774/5778
f 2104/1772/5779 2111/1780/5780 2105/1773/5781
f 2116/1785/5782 2122/1790/5783 2117/1786/5784
f 2122/1790/5785 2116/1785/5786 2118/1787/5787
f 2123/1789/5788 2122/1790/5789 2124/2074/5790
f 2119/1788/5791 2118/1787/5792 2114/1783/5793
f 2120/2075/5794 2119/1788/5795 2115/1784/5796
f 2120/2075/5797 2121/1792/5798 2119/1788/5799
f 2127/1793/5800 2124/2074/5801 2122/1790/5802
f 2124/2074/5803 2127/1793/5804 2128/1796/5805
f 2119/1788/5806 2125/1791/5807 2118/1787/5808
f 2126/2076/5809 2125/1791/5810 2121/1792/5811
f 2132/1794/5812 2128/1796/5813 2127/1793/5814
f 2127/1793/5815 2118/1787/5816 2129/1795/5817
f 2129/1795/5818 2118/1787/5819 2125/1791/5820
f 2130/1720/5821 2125/1791/5822 2126/2076/5823
f 2125/1791/5807 2130/1720/5824 2129/1795/5825
f 2126/2076/5826 2131/1799/5827 2130/1720/5828
f 2137/1802/5829 2132/1794/5830 2136/1801/5831
f 2137/1802/5832 2136/1801/5833 2139/1811/5834
f 2139/1811/5834 2136/1801/5835 2134/1798/5836
f 2142/1805/5837 2138/1803/5838 2137/1802/5839
f 2137/1802/5840 2139/1811/5841 2142/1805/5842
f 2140/1808/5843 2134/1798/5844 2135/1800/5845
f 2134/1798/5846 2140/1808/5847 2139/1811/5848
f 2135/1800/5849 2141/1807/5850 2140/1808/5851
f 2150/2077/5852 2152/1814/5853 2151/1812/5854
f 2144/1806/5855 2145/1809/5856 2146/2078/5857
f 2148/1813/5858 2147/1810/5859 2144/1806/5860
f 2144/1806/5861 2146/2078/5862 2148/1813/5863
f 2151/1812/5864 2148/1813/5865 2150/2077/5866
f 2149/2079/5867 2148/1813/5868 2146/2078/5869
f 2149/2079/5870 2150/2077/5871 2148/1813/5872
f 1983/2080/5873 1985/2081/5874 1984/2082/5875
f 1984/2082/5876 1986/2083/5877 1983/2080/5878
f 1984/2082/5879 1985/2081/5880 1987/2084/5881
f 1988/2085/5882 1987/2084/5883 1985/2081/5884
f 1984/2082/5885 1989/1678/5886 1986/2083/5887
f 1984/2082/5888 1987/2084/5889 1989/1678/5890
f 1988/2085/5891 1991/1682/5892 1987/2084/5893
f 1990/1679/5894 1986/2083/5895 1989/1678/5896
f 1994/1687/5897 1989/1678/5898 1987/2084/5899
f 1989/1678/5900 1994/1687/5901 1992/1677/5902
f 1996/1683/5903 1987/2084/5904 1991/1682/5905
f 1996/1683/5906 1994/1687/5907 1987/2084/5908
f 2000/2086/5909 1999/1686/5910 1998/1685/5911
f 1999/1686/5912 2000/2086/5913 2001/1688/5914
f 2002/2087/5915 2001/1688/5916 2000/2086/5917
f 2002/2087/5918 2003/1689/5919 2001/1688/5920
f 1994/1687/5921 2001/1688/5922 2004/1691/5923
f 2004/1691/5924 1992/1677/5925 1994/1687/5926
f 1992/1677/5927 2004/1691/5928 2007/1694/5929
f 1992/1677/5927 2007/1694/5930 1995/1681/5931
f 1995/1681/5932 2007/1694/5933 2008/2088/5934
f 2009/1693/5935 2004/1691/5936 2005/1690/5937
f 2010/1698/5938 2008/2088/5939 2007/1694/5940
f 2007/1694/5941 2009/1693/5942 2010/1698/5943
f 2010/1698/5944 2014/1701/5945 2008/2088/5946
f 2015/1703/5947 2008/2088/5948 2014/1701/5949
f 2011/1697/5950 2010/1698/5943 2009/1693/5942
f 2009/1693/5951 2012/1695/5952 2011/1697/5953
f 2014/1701/5945 2010/1698/5954 2013/1696/5955
f 2021/1706/5956 2017/1700/5957 2022/2089/5958
f 2019/1704/5959 2014/1701/5960 2018/1702/5961
f 2019/1704/5962 2024/2090/5963 2020/1705/5964
f 2024/2090/5965 2019/1704/5962 2023/1707/5966
f 2025/2091/5967 2020/1705/5968 2024/2090/5969
f 2021/1706/5970 2022/2089/5971 2026/2092/5972
f 2026/2092/5973 2023/1707/5974 2021/1706/5975
f 2027/2093/5976 2026/2092/5973 2022/2089/5958
f 2023/1707/5977 2028/2094/5978 2024/2090/5979
f 2023/1707/5980 2026/2092/5764 2028/2094/5981
f 2025/2091/5982 2024/2090/5963 2029/1710/5983
f 2029/1710/5984 2024/2090/5985 2028/2094/5986
f 2030/2095/5987 2025/2091/5988 2029/1710/5989
f 2031/2096/5990 2026/2092/5973 2027/2093/5991
f 2031/2096/5992 2028/2094/5993 2026/2092/5994
f 2031/2096/5995 2027/2093/5976 2032/2097/5996
f 2033/1709/5997 2029/1710/5998 2028/2094/5978
f 2028/2094/5986 2031/2096/5999 2033/1709/6000
f 2029/1710/6001 2034/1708/6002 2030/2095/6003
f 2035/2098/6004 2030/2095/6005 2034/1708/6006
f 2035/2098/6007 2034/1708/6008 2036/1715/6009
f 2031/2096/6010 2032/2097/6011 2037/1712/6012
f 2037/1712/6013 2033/1709/5997 2031/2096/6014
f 2038/1711/6015 2037/1712/6013 2032/2097/6016
f 2040/1714/6017 2033/1709/6018 2044/1719/6019
f 2042/1717/6020 2045/1720/6021 2044/1719/6022
f 2052/1727/6023 2051/1726/6024 2054/1729/6025
f 2053/1728/6026 2057/1732/6027 2058/1741/6028
f 2062/1736/6029 2057/1732/6030 2054/1729/6031
f 2062/1736/6032 2054/1729/6033 2055/1730/6034
f 2062/1736/6035 2066/1740/6036 2057/1732/6037
f 2059/1733/6038 2055/1730/6034 2056/1731/6039
f 2059/1733/6040 2056/1731/6041 2060/1735/6042
f 2063/1737/6043 2062/1736/6044 2059/1733/6045
f 2066/1740/6046 2062/1736/6047 2063/1737/6043
f 2066/1740/5322 2063/1737/6048 2065/1739/6049
f 1898/2099/6050 1900/1608/6051 1899/1609/6052
f 1900/1608/6053 1898/2099/6054 1902/1613/6055
f 1900/1608/6056 1902/1613/6057 1903/1610/6058
f 1905/1615/6059 1902/1613/6060 1898/2099/6061
f 1908/1616/6062 1909/1628/6063 1907/1614/6064
f 1911/2100/6065 1906/1612/6066 1910/1617/6067
f 1910/1617/6068 1912/1618/6069 1911/2100/6070
f 1914/1621/6071 1912/1618/6072 1913/1619/6073
f 1915/1620/6074 1916/1623/6075 1914/1621/6076
f 1917/1622/6077 1913/1619/6078 1903/1610/6079
f 1913/1619/6080 1917/1622/6081 1915/1620/6082
f 1917/1622/6083 1907/1614/6084 1919/1625/6085
f 1907/1614/6086 1922/1629/6087 1919/1625/6088
f 1909/1628/6089 1923/1632/6090 1922/1629/6091
f 1924/1630/6092 1920/1626/6093 1919/1625/6094
f 1920/1626/6095 1924/1630/6096 1929/1634/6097
f 1928/1633/6098 1925/1631/6099 1930/1635/6100
f 1925/1631/6101 1923/1632/6090 1926/1636/6102
f 1927/1643/6103 1926/1636/6102 1923/1632/6104
f 1931/1637/6105 1929/1634/6097 1930/1635/6106
f 1930/1635/6107 1926/1636/6108 1933/1642/6109
f 1930/1635/6110 1933/1642/6111 1931/1637/6112
f 1936/1641/6113 1927/1643/6114 1937/2101/6115
f 1932/1638/6116 1931/1637/6117 1934/1640/6118
f 1934/1640/6119 1931/1637/6120 1933/1642/6121
f 1933/1642/6122 1936/1641/6123 1938/2102/6124
f 1938/2102/6125 1934/1640/6126 1933/1642/6127
f 1934/1640/6128 1941/2103/6129 1935/1639/6130
f 1941/2103/6131 1934/1640/6132 1938/2102/6133
f 1942/1646/6134 1935/1639/6130 1941/2103/6135
f 1936/1641/6136 1937/2101/6115 1939/2104/6137
f 1939/2104/6138 1938/2102/6139 1936/1641/6140
f 1940/2105/6141 1939/2104/6142 1937/2101/6143
f 1938/2102/6144 1943/1648/6145 1941/2103/6146
f 1938/2102/6147 1939/2104/6148 1943/1648/6149
f 1942/1646/6150 1941/2103/6135 1946/1645/6151
f 1946/1645/6152 1941/2103/6146 1943/1648/6153
f 1946/1645/6154 1948/1647/6155 1947/1644/6156
f 1949/2106/6157 1947/1644/6158 1948/1647/6159
f 1949/2106/6160 1948/1647/6161 1950/1655/6162
f 1944/1649/6163 1939/2104/6164 1940/2105/6165
f 1944/1649/6166 1943/1648/6167 1939/2104/6168
f 1944/1649/6166 1940/2105/6141 1945/1651/6169
f 1955/1657/6170 1950/1655/6171 1948/1647/6172
f 1955/1657/6173 1948/1647/6174 1953/1653/6175
f 1962/2107/6176 1958/1659/6177 1959/1660/6178
f 1958/1659/6179 1962/2107/6180 1957/1658/6181
f 1959/1660/6182 1963/2108/6183 1962/2107/6184
f 1956/1656/6185 1960/1661/6186 1961/1662/6187
f 1964/2109/6188 1957/1658/6189 1962/2107/6190
f 1964/2109/6191 1960/1661/6192 1957/1658/6193
f 1967/1669/6194 1962/2107/6195 1963/2108/6196
f 1962/2107/6180 1967/1669/6197 1964/2109/6198
f 1967/1669/6199 1963/2108/6200 1968/1668/6201
f 1965/1664/6202 1961/1662/6203 1960/1661/6204
f 1965/1664/6205 1960/1661/6206 1964/2109/6207
f 1969/1284/6208 1964/2109/6209 1967/1669/6210
f 1965/1664/6211 1964/2109/6212 1969/1284/6213
f 1967/1669/6214 1972/1667/6215 1969/1284/6216
f 1974/1671/6217 1969/1284/6218 1972/1667/6219
f 1978/1673/6220 1972/1667/6221 1973/1670/6222
f 1978/1673/6223 1973/1670/6224 1979/2110/6225
f 1978/1673/6226 1979/2110/6227 1980/1675/6228
f 1975/1672/6229 1971/1666/6230 1970/1665/6231
f 1971/1666/6232 1975/1672/6233 1976/2111/6234
f 1977/2112/6235 1976/2111/6236 1975/1672/6237
f 1975/1672/6238 1981/1674/6239 1977/2112/6240
f 1982/1676/6241 1977/2112/6242 1981/1674/6243
f 1827/1544/6244 1825/1538/6245 1826/1539/6246
f 1832/1547/6247 1831/1543/6248 1827/1544/6249
f 1834/1546/6250 1833/1545/6251 1831/1543/6252
f 1835/2113/6253 1834/1546/6254 1832/1547/6255
f 1836/1548/6256 1828/1540/6257 1833/1545/6258
f 1834/1546/6259 1836/1548/6260 1833/1545/6261
f 1834/1546/6262 1835/2113/6263 1837/1549/6264
f 1838/1551/6265 1837/1549/6266 1835/2113/6267
f 1837/1549/6268 1838/1551/6269 1839/1552/6270
f 1837/1549/6271 1839/1552/6272 1836/1548/6273
f 1840/1550/6274 1841/1556/6275 1839/1552/6276
f 1828/1540/6277 1836/1548/6278 1842/1553/6279
f 1842/1553/6280 1843/2114/6281 1830/1542/6282
f 1848/1557/6283 1844/1554/6284 1849/1555/6285
f 1842/1553/6286 1844/1554/6287 1845/1558/6288
f 1848/1557/6289 1845/1558/6288 1844/1554/6290
f 1842/1553/6279 1845/1558/6291 1843/2114/6292
f 1848/1557/6293 1849/1555/6294 1850/1559/6295
f 1851/1560/6296 1850/1559/6297 1849/1555/6294
f 1843/2114/6298 1845/1558/6299 1846/1563/6300
f 1846/1563/6301 1845/1558/6302 1850/1559/6303
f 1847/1564/6304 1843/2114/6305 1846/1563/6306
f 1855/1569/6307 1847/1564/6308 1854/1565/6309
f 1856/1566/6310 1853/1562/6311 1851/1560/6312
f 1867/1578/6313 1870/1581/6314 1863/1574/6315
f 1863/1574/6316 1872/1585/6317 1864/1575/6318
f 1872/1585/6319 1863/1574/6320 1870/1581/6321
f 1870/1581/6322 1873/1583/6323 1872/1585/6324
f 1871/1582/6325 1874/1588/6326 1873/1583/6327
f 1875/1586/6328 1866/1577/6329 1864/1575/6330
f 1875/1586/6331 1864/1575/6318 1872/1585/6332
f 1866/1577/6333 1875/1586/6334 1876/1591/6335
f 1877/1584/6336 1872/1585/6337 1873/1583/6327
f 1882/1593/6338 1880/1590/6339 1877/1584/6340
f 1881/1592/6341 1882/1593/6342 1883/1596/6343
f 1878/1587/6344 1879/1589/6345 1885/1599/6346
f 1878/1587/6347 1885/1599/6348 1884/1594/6349
f 1879/1589/6350 1886/1598/6351 1885/1599/6352
f 1883/1596/6353 1887/1595/6354 1888/1605/6355
f 1892/1603/6356 1884/1594/6357 1885/1599/6358
f 1892/1603/6359 1887/1595/6360 1884/1594/6349
f 1892/1603/6361 1885/1599/6362 1889/1597/6363
f 1889/1597/6364 1890/1600/6365 1891/1602/6366
f 1895/2115/6367 1897/1606/6368 1896/1604/6369
f 1896/1604/6370 1892/1603/6371 1893/1601/6372
f 1896/1604/6373 1893/1601/6374 1895/2115/6375
f 1894/2116/6376 1895/2115/6367 1893/1601/6377
f 1894/2116/6378 1893/1601/6379 1891/1602/6380
f 1728/2117/6381 1730/1455/6382 1729/1453/6383
f 1729/1453/6384 1731/1458/6385 1728/2117/6386
f 1733/2118/6387 1732/1454/6388 1730/1455/6389
f 1729/1453/6390 1734/1457/6391 1731/1458/6392
f 1729/1453/6393 1732/1454/6394 1734/1457/6395
f 1733/2118/6396 1736/1464/6397 1732/1454/6398
f 1734/1457/6399 1739/1461/6400 1737/1459/6401
f 1741/1463/6402 1732/1454/6403 1736/1464/6404
f 1741/1463/6405 1743/1466/6406 1744/1468/6407
f 1739/1461/6408 1741/1463/6409 1744/1468/6410
f 1744/1468/6411 1746/1469/6412 1739/1461/6413
f 1739/1461/6414 1746/1469/6415 1749/1473/6416
f 1749/1473/6417 1737/1459/6418 1739/1461/6419
f 1748/1471/6420 1750/1478/6421 1746/1469/6422
f 1746/1469/6423 1750/1478/6424 1749/1473/6425
f 1748/1471/6426 1751/1480/6427 1750/1478/6428
f 1740/1462/6429 1752/1472/6430 1753/1476/6431
f 1754/1474/6432 1749/1473/6433 1750/1478/6434
f 1755/1475/6435 1759/1482/6436 1753/1476/6431
f 1760/1485/6437 1753/1476/6431 1759/1482/6438
f 1759/1482/6439 1755/1475/6440 1758/1481/6441
f 1757/1479/6442 1751/1480/6443 1761/1484/6444
f 1761/1484/6445 1758/1481/6446 1757/1479/6447
f 1762/2119/6448 1761/1484/6449 1751/1480/6450
f 1766/2120/6451 1761/1484/6452 1762/2119/6453
f 1766/2120/6454 1763/1483/6455 1761/1484/6456
f 1766/2120/6457 1762/2119/6453 1767/1488/6458
f 1765/2121/6459 1760/1485/6460 1764/1486/6461
f 1768/909/6462 1764/1486/6463 1763/1483/6464
f 1763/1483/6465 1766/2120/6457 1768/909/6466
f 1764/1486/6467 1769/1491/6468 1765/2121/6469
f 1769/1491/6470 1764/1486/6463 1768/909/6471
f 1770/1493/6472 1765/2121/6469 1769/1491/6473
f 1766/2120/6474 1767/1488/6475 1771/1489/6476
f 1771/1489/6477 1768/909/6478 1766/2120/6479
f 1768/909/6480 1773/913/6481 1769/1491/6468
f 1768/909/6482 1771/1489/6483 1773/913/6484
f 1770/1493/6485 1769/1491/6486 1774/1490/6487
f 1776/1494/6488 1772/1487/6489 1777/1500/6490
f 1779/1496/6491 1774/1490/6492 1778/1495/6493
f 1780/1497/6494 1775/1492/6495 1779/1496/6496
f 1782/1499/6497 1778/1495/6498 1776/1494/6499
f 1783/2122/6500 1782/1499/6501 1777/1500/6502
f 1783/2122/6503 1784/1504/6504 1782/1499/6505
f 1785/1501/6506 1781/1498/6507 1779/1496/6508
f 1785/1501/6509 1779/1496/6510 1778/1495/6511
f 1781/1498/6512 1785/1501/6513 1786/1507/6514
f 1778/1495/6515 1782/1499/6516 1787/1502/6517
f 1788/1505/6518 1782/1499/6519 1784/1504/6520
f 1788/1505/6521 1787/1502/6522 1782/1499/6497
f 1795/1512/6523 1794/1511/6524 1799/1517/6525
f 1799/1517/6526 1794/1511/6527 1797/1514/6528
f 1800/1518/6529 1796/1513/6530 1795/1512/6531
f 1795/1512/6523 1799/1517/6532 1800/1518/6533
f 1796/1513/6534 1800/1518/6535 1801/2123/6536
f 1802/2124/6537 1797/1514/6538 1798/1515/6539
f 1797/1514/6540 1802/2124/6541 1799/1517/6542
f 1798/1515/6539 1803/2125/6543 1802/2124/6544
f 1805/1523/6545 1801/2123/6546 1800/1518/6547
f 1801/2123/6548 1805/1523/6549 1806/2126/6550
f 1807/1525/6551 1806/2126/6552 1805/1523/6553
f 1804/1516/6554 1799/1517/6555 1802/2124/6556
f 1804/1516/6557 1805/1523/6558 1800/1518/6559
f 1808/1519/6560 1802/2124/6561 1803/2125/6562
f 1804/1516/6563 1802/2124/6556 1808/1519/6564
f 1808/1519/6565 1803/2125/6566 1809/1521/6567
f 1811/1522/6568 1804/1516/6569 1808/1519/6570
f 1805/1523/6571 1811/1522/6572 1807/1525/6573
f 1643/1375/6574 1645/1378/6575 1644/1374/6576
f 1644/1374/6577 1649/1380/6578 1646/1376/6579
f 1651/1382/6580 1657/1389/6581 1656/1387/6582
f 1656/1387/6583 1658/1388/6584 1659/1390/6585
f 1664/1395/6586 1652/1383/6587 1654/1385/6588
f 1652/1383/6589 1664/1395/6590 1667/1399/6591
f 1652/1383/6592 1667/1399/6593 1655/1386/6594
f 1669/1400/6595 1672/1403/6596 1671/1402/6597
f 1673/1407/6598 1670/1401/6599 1671/1402/6600
f 1671/1402/6597 1672/1403/6601 1673/1407/6602
f 1674/1404/6603 1670/1401/6604 1673/1407/6605
f 1681/1410/6606 1677/1408/6607 1682/1417/6608
f 1679/1412/6609 1674/1404/6610 1678/1409/6611
f 1675/1405/6612 1674/1404/6613 1679/1412/6614
f 1680/1413/6615 1675/1405/6612 1679/1412/6616
f 1686/1416/6617 1683/1411/6618 1681/1410/6619
f 1687/1425/6620 1686/1416/6621 1682/1417/6622
f 1685/1415/6623 1684/1414/6624 1689/1419/6625
f 1689/1419/6626 1688/1418/6627 1691/1421/6628
f 1692/1422/6629 1690/1420/6630 1691/1421/6631
f 1694/1424/6632 1688/1418/6633 1686/1416/6634
f 1694/1424/6635 1687/1425/6636 1695/1430/6637
f 1696/1426/6638 1691/1421/6639 1688/1418/6640
f 1697/1427/6641 1693/1423/6642 1691/1421/6631
f 1693/1423/6643 1697/1427/6644 1698/1437/6645
f 1694/1424/6646 1695/1430/6647 1699/1428/6648
f 1704/1434/6649 1706/1440/6650 1705/1435/6651
f 1697/1427/6652 1701/1431/6653 1707/1436/6654
f 1711/931/6655 1701/1431/6656 1705/1435/6657
f 1705/1435/6658 1709/1439/6659 1711/931/6660
f 1709/1439/6661 1706/1440/6650 1710/1445/6662
f 1712/1441/6663 1707/1436/6664 1711/931/6665
f 1712/1441/6666 1711/931/6665 1714/1443/6667
f 1709/1439/6668 1715/1444/6669 1714/1443/6670
f 1710/1445/6671 1716/1449/6672 1715/1444/6673
f 1726/2127/6674 1718/1447/6675 1717/1446/6676
f 1722/1452/6677 1726/2127/6678 1717/1446/6679
f 1718/1447/6680 1726/2127/6674 1727/2128/6681
f 1725/2129/6682 1727/2128/6683 1726/2127/6674
f 1726/2127/6684 1722/1452/6685 1723/2130/6686
f 1726/2127/6687 1723/2130/6688 1725/2129/6689
f 1723/2130/6690 1722/1452/6691 1719/1448/6692
f 1719/1448/6693 1721/1451/6694 1723/2130/6695
f 1724/2131/6696 1725/2129/6697 1723/2130/6698
f 1724/2131/6699 1723/2130/6688 1721/1451/6700
f 1624/2132/6701 1622/1369/6702 1621/1368/6703
f 1623/1370/6704 1622/1369/6705 1625/2133/6706
f 1624/2132/6707 1626/2134/6708 1622/1369/6709
f 1627/2135/6710 1625/2133/6711 1622/1369/6712
f 1627/2135/6713 1622/1369/6709 1626/2134/6714
f 1627/2135/6715 1628/2136/6716 1625/2133/6717
f 1626/2134/6718 1629/2137/6719 1627/2135/6720
f 1627/2135/6721 1630/2138/6722 1628/2136/6716
f 1629/2137/6723 1630/2138/6724 1627/2135/6725
f 1628/2136/6726 1630/2138/6727 1631/2139/6728
f 1629/2137/6729 1632/1371/6730 1630/2138/6731
f 1633/1372/6732 1631/2139/6733 1630/2138/6734
f 1633/1372/6735 1630/2138/6736 1632/1371/6737
f 1633/1372/6738 1634/2140/6739 1631/2139/6740
f 1633/1372/6741 1636/2141/6742 1634/2140/6743
f 1635/1373/6744 1636/2141/6745 1633/1372/6746
f 1634/2140/6747 1636/2141/6748 1637/2142/6749
f 1637/2142/6750 1636/2141/6751 1635/1373/6752
f 1638/2143/6753 1634/2140/6754 1637/2142/6755
f 1637/2142/6756 1635/1373/6757 1639/2144/6758
f 1638/2143/6759 1637/2142/6760 1640/2145/6761
f 1637/2142/6762 1639/2144/6763 1641/2146/6764
f 1642/2147/6765 1640/2145/6766 1637/2142/6767
f 1642/2147/6768 1637/2142/6750 1641/2146/6769
f 1531/2148/6770 1533/2149/6771 1532/2150/6772
f 1534/2151/6773 1532/2150/6774 1533/2149/6775
f 1533/2149/6776 1531/2148/6777 1535/1298/6778
f 1533/2149/6779 1536/1297/6780 1534/2151/6781
f 1533/2149/6782 1535/1298/6783 1536/1297/6784
f 1538/1300/6785 1535/1298/6786 1531/2148/6787
f 1537/1295/6788 1534/2151/6789 1536/1297/6790
f 1543/1303/6791 1545/2152/6792 1544/1304/6793
f 1543/1303/6794 1546/1305/6795 1545/2152/6796
f 1547/1307/6797 1545/2152/6798 1546/1305/6799
f 1550/1309/6800 1546/1305/6795 1536/1297/6790
f 1550/1309/6801 1536/1297/6802 1535/1298/6803
f 1535/1298/6803 1540/1299/6804 1550/1309/6805
f 1548/1306/6806 1551/2153/6807 1549/1308/6808
f 1552/1310/6809 1548/1306/6810 1550/1309/6811
f 1553/1236/6812 1551/2153/6813 1548/1306/6814
f 1548/1306/6815 1552/1310/6816 1553/1236/6817
f 1551/2153/6818 1553/1236/6819 1554/2154/6820
f 1555/1316/6821 1554/2154/6822 1553/1236/6823
f 1556/1318/6824 1554/2154/6825 1555/1316/6826
f 1557/1313/6827 1553/1236/6828 1552/1310/6829
f 1553/1236/6830 1557/1313/6831 1555/1316/6832
f 1557/1313/6833 1552/1310/6834 1558/1311/6835
f 1560/1241/6836 1555/1316/6837 1557/1313/6838
f 1563/1247/6839 1562/1315/6840 1561/1314/6841
f 1564/2155/6842 1563/1247/6843 1559/1312/6844
f 1562/1315/6845 1563/1247/6846 1566/1321/6847
f 1562/1315/6848 1566/1321/6849 1565/1317/6850
f 1567/1322/6851 1563/1247/6852 1564/2155/6853
f 1567/1322/6854 1566/1321/6855 1563/1247/6856
f 1567/1322/6857 1564/2155/6853 1568/1324/6858
f 1569/1319/6859 1565/1317/6860 1566/1321/6861
f 1569/1319/6862 1574/1254/6863 1570/1320/6864
f 1575/1330/6865 1570/1320/6866 1574/1254/6867
f 1571/613/6868 1572/1323/6869 1576/1326/6870
f 1575/1330/6871 1574/1254/6863 1579/1256/6872
f 1579/1256/6873 1585/1335/6874 1580/1329/6875
f 1585/1335/6876 1579/1256/6877 1581/1331/6878
f 1586/1333/6879 1580/1329/6880 1585/1335/6881
f 1583/2156/6882 1582/1332/6883 1578/1328/6884
f 1583/2156/6885 1584/2157/6886 1582/1332/6887
f 1591/1342/6888 1587/1334/6889 1585/1335/6890
f 1587/1334/6891 1591/1342/6892 1592/1343/6893
f 1591/1342/6894 1585/1335/6895 1590/1336/6896
f 1588/1337/6897 1582/1332/6887 1584/2157/6886
f 1588/1337/6898 1590/1336/6899 1582/1332/6900
f 1589/1339/6901 1588/1337/6897 1584/2157/6902
f 1593/1338/6903 1588/1337/6904 1589/1339/6905
f 1600/1280/6906 1596/1344/6907 1595/1341/6908
f 1600/1280/6909 1595/1341/6910 1599/1347/6911
f 1600/1280/6912 1599/1347/6913 1602/1349/6914
f 1597/1345/6915 1598/1346/6916 1603/1354/6917
f 1597/1345/6918 1603/1354/6917 1602/1349/6919
f 1598/1346/6920 1604/1353/6921 1603/1354/6922
f 1607/1352/6923 1608/1355/6924 1609/1358/6925
f 1614/1361/6926 1606/1351/6927 1605/1350/6928
f 1610/1356/6929 1614/1361/6930 1605/1350/6931
f 1606/1351/6932 1614/1361/6933 1615/1362/6934
f 1611/1359/6935 1610/1356/6936 1607/1352/6937
f 1607/1352/6923 1609/1358/6938 1611/1359/6939
f 1361/2158/6940 1363/2159/6941 1362/2160/6942
f 1364/1151/6943 1362/2160/6944 1363/2159/6945
f 1363/2159/6946 1361/2158/6947 1365/1153/6948
f 1363/2159/6949 1366/1150/6950 1364/1151/6951
f 1363/2159/6952 1365/1153/6953 1366/1150/6954
f 1368/1155/6955 1365/1153/6956 1361/2158/6957
f 1373/1158/6958 1375/2161/6959 1374/1159/6960
f 1373/1158/6961 1376/1160/6962 1375/2161/6963
f 1377/1162/6964 1375/2161/6965 1376/1160/6966
f 1380/1164/6967 1376/1160/6968 1366/1150/6969
f 1365/1153/6970 1370/1154/6971 1380/1164/6972
f 1380/1164/6973 1370/1154/6971 1382/1166/6974
f 1370/1154/6975 1385/1169/6976 1382/1166/6977
f 1387/1171/6978 1382/1166/6977 1385/1169/6979
f 1388/1174/6980 1385/1169/6981 1386/1170/6982
f 1385/1169/6983 1388/1174/6984 1387/1171/6985
f 1386/1170/6986 1389/1177/6987 1388/1174/6988
f 1390/1172/6989 1393/1178/6990 1384/1168/6991
f 1393/1178/6992 1390/1172/6993 1392/1175/6994
f 1394/2162/6995 1384/1168/6996 1393/1178/6997
f 1392/1175/6998 1395/1176/6999 1396/1179/7000
f 1394/2162/7001 1393/1178/7002 1397/1183/7003
f 1397/1183/7004 1393/1178/6997 1396/1179/7005
f 1398/1184/7006 1394/2162/7007 1397/1183/7008
f 1399/1180/7009 1396/1179/7010 1395/1176/7011
f 1407/1190/7012 1402/1185/7013 1406/1189/7014
f 1408/2163/7015 1403/1186/7016 1407/1190/7017
f 1409/1194/7018 1404/1187/7019 1405/1188/7020
f 1409/1194/7021 1406/1189/7022 1404/1187/7023
f 1409/1194/7024 1405/1188/7025 1410/1196/7026
f 1413/1198/7027 1407/1190/7028 1406/1189/7029
f 1406/1189/7030 1409/1194/7031 1413/1198/7032
f 1407/1190/7012 1411/1193/7033 1408/2163/7034
f 1411/1193/7035 1407/1190/7036 1413/1198/7037
f 1412/1191/7038 1408/2163/7039 1411/1193/7035
f 1415/1195/7040 1413/1198/7041 1409/1194/7042
f 1417/1204/7043 1414/1192/7044 1411/1193/7045
f 1414/1192/7046 1417/1204/7047 1418/1205/7048
f 1417/1204/7049 1411/1193/7050 1419/1199/7051
f 1424/1206/7052 1428/1209/7053 1429/2164/7054
f 1427/714/7055 1423/1203/7056 1419/1199/7057
f 1427/714/7058 1419/1199/7059 1425/1207/7060
f 1428/1209/7061 1423/1203/7062 1427/714/7063
f 1430/712/7064 1425/1207/7065 1426/1208/7066
f 1425/1207/7067 1430/712/7064 1427/714/7068
f 1430/712/7069 1426/1208/7070 1431/1211/7071
f 1433/1210/7072 1429/2164/7073 1428/1209/7074
f 1429/2164/7075 1433/1210/7076 1434/2165/7077
f 1435/1212/7078 1430/712/7079 1431/1211/7080
f 1430/712/7081 1435/1212/7082 1432/713/7083
f 1438/577/7084 1434/2165/7085 1433/1210/7086
f 1434/2165/7087 1438/577/7088 1439/2166/7089
f 1440/2167/7090 1439/2166/7091 1438/577/7092
f 1437/1214/7093 1432/713/7094 1435/1212/7078
f 1437/1214/7095 1438/577/7096 1433/1210/7097
f 1441/2168/7098 1435/1212/7099 1436/1213/7100
f 1437/1214/7101 1435/1212/7102 1441/2168/7103
f 1441/2168/7104 1436/1213/7105 1442/2169/7106
f 1441/2168/7098 1442/2169/7107 1443/2170/7108
f 1444/1215/7109 1437/1214/7110 1441/2168/7111
f 1441/2168/7112 1443/2170/7113 1444/1215/7114
f 1438/577/7115 1444/1215/7116 1440/2167/7117
f 1445/2171/7118 1444/1215/7119 1443/2170/7120
f 1445/2171/7121 1440/2167/7122 1444/1215/7123
f 1450/1222/7124 1447/1217/7125 1448/1218/7126
f 1448/1218/7127 1451/1221/4671 1450/1222/7128
f 1454/1224/7129 1449/1219/7130 1453/1223/7131
f 1447/1217/7132 1456/1227/7133 1453/1223/7134
f 1450/1222/7135 1456/1227/7136 1447/1217/7137
f 1464/1234/7138 1458/1228/7139 1457/1226/7140
f 1464/1234/7141 1457/1226/7142 1461/1231/7143
f 1464/1234/7144 1465/1235/7145 1458/1228/7146
f 1459/1229/7147 1460/1230/7148 1462/1232/7149
f 1462/1232/7150 1461/1231/7151 1459/1229/7152
f 1463/2172/7153 1462/1232/7154 1460/1230/7155
f 1469/1236/7156 1473/1242/7157 1470/1237/7158
f 1469/1236/7159 1466/1233/7160 1473/1242/7161
f 1470/1237/7162 1473/1242/7163 1474/2173/7164
f 1462/1232/7165 1463/2172/7166 1467/1238/7167
f 1462/1232/7168 1467/1238/7169 1466/1233/7170
f 1468/1240/7171 1467/1238/7172 1463/2172/7173
f 1467/1238/7174 1471/1239/7175 1466/1233/7176
f 1472/2174/7177 1471/1239/7178 1468/1240/7179
f 1471/1239/7180 1472/2174/7181 1476/1247/7182
f 1478/2175/7183 1476/1247/7184 1472/2174/7177
f 1475/1241/7185 1471/1239/7178 1477/1243/7186
f 1477/1243/7187 1473/1242/7188 1475/1241/7189
f 1476/1247/7190 1477/1243/7191 1471/1239/7192
f 1473/1242/7193 1479/1244/7194 1474/2173/7164
f 1479/1244/7195 1473/1242/7196 1477/1243/7191
f 1480/1248/7197 1474/2173/7198 1479/1244/7199
f 1477/1243/7191 1476/1247/7200 1481/1245/7201
f 1482/1246/7202 1476/1247/7190 1478/2175/7203
f 1482/1246/7204 1478/2175/7205 1483/1251/7206
f 1484/1249/7207 1479/1244/7208 1481/1245/7209
f 1485/1253/7210 1480/1248/7211 1484/1249/7212
f 1481/1245/7213 1482/1246/7214 1486/613/7215
f 1486/613/7216 1484/1249/7217 1481/1245/7209
f 1490/1255/7218 1485/1253/7219 1489/1254/7220
f 1486/613/7221 1491/1257/7222 1489/1254/7223
f 1486/613/7224 1487/1250/7225 1491/1257/7226
f 1492/1259/7227 1487/1250/7228 1488/1252/7229
f 1492/1259/7230 1491/1257/7231 1487/1250/7232
f 1492/1259/7233 1488/1252/7234 1493/1261/7235
f 1496/1265/7236 1494/1256/7237 1491/1257/7238
f 1491/1257/7239 1492/1259/7240 1496/1265/7241
f 1497/1260/7242 1496/1265/7241 1492/1259/7243
f 1498/1262/7244 1497/1260/7245 1493/1261/7246
f 1510/1275/7247 1506/1271/7248 1505/1270/7249
f 1505/1270/7250 1507/1272/7251 1510/1275/7252
f 1503/1268/7253 1508/1273/7254 1507/1272/7255
f 1504/1269/7256 1509/1277/7257 1508/1273/7258
f 1515/1280/7259 1514/1279/7260 1517/1284/7261
f 1517/1284/7262 1514/1279/7263 1512/1276/7264
f 1520/1283/7265 1516/1281/7266 1515/1280/7267
f 1512/1276/7268 1518/1282/7269 1517/1284/7270
f 1513/1278/7271 1519/1287/7272 1518/1282/7273
f 1529/1293/7274 1521/1285/7275 1520/1283/7276
f 1528/2176/7277 1530/1294/7278 1529/1293/7279
f 1525/1291/7280 1520/1283/7281 1517/1284/7282
f 1525/1291/7283 1517/1284/7262 1518/1282/7284
f 1525/1291/7285 1529/1293/7286 1520/1283/7287
f 1525/1291/7288 1518/1282/7289 1522/1286/7290
f 1522/1286/7291 1519/1287/7292 1523/1289/7293
f 1529/1293/7294 1526/1290/7295 1528/2176/7296
f 1527/1292/7297 1528/2176/7277 1526/1290/7298
f 1276/1086/7299 1277/1087/7300 1279/1090/7301
f 1280/1094/7302 1277/1087/7303 1278/1088/7304
f 1278/1088/7305 1281/2177/7306 1280/1094/7307
f 1282/1098/7308 1280/1094/7309 1281/2177/7310
f 1284/1091/7311 1279/1090/7312 1283/1089/7313
f 1294/2178/7314 1288/1096/7315 1287/1095/7316
f 1294/2178/7317 1287/1095/7318 1291/311/7319
f 1294/2178/7320 1295/2179/7321 1288/1096/7322
f 1289/1097/7323 1290/1099/7324 1292/1100/7325
f 1292/1100/7326 1291/311/7327 1289/1097/7328
f 1293/1102/7329 1292/1100/7330 1290/1099/7331
f 1292/1100/7332 1296/1101/7333 1291/311/7334
f 1291/311/7335 1298/1107/7336 1294/2178/7337
f 1298/1107/7338 1291/311/7334 1296/1101/7339
f 1296/1101/7340 1299/1104/7341 1298/1107/7342
f 1300/2180/7343 1299/1104/7341 1297/1103/7344
f 1300/2180/7343 1301/1115/7345 1299/1104/7341
f 1294/2178/7317 1302/1105/7346 1295/2179/7321
f 1302/1105/7346 1294/2178/7347 1298/1107/7348
f 1303/1108/7349 1295/2179/7350 1302/1105/7351
f 1302/1105/7352 1304/1106/7353 1303/1108/7354
f 1304/1106/7355 1306/1113/7356 1305/1109/7357
f 1304/1106/7358 1308/2181/7359 1306/1113/7356
f 1304/1106/7360 1307/1110/7361 1308/2181/7362
f 1306/1113/7363 1308/2181/7362 1309/1112/7364
f 1311/2182/7365 1308/2181/7366 1307/1110/7367
f 1311/2182/7368 1307/1110/7369 1312/1114/7370
f 1311/2182/7371 1313/1117/7372 1308/2181/7373
f 1311/2182/7374 1312/1114/7375 1313/1117/7376
f 1309/1112/7377 1308/2181/7362 1313/1117/7378
f 1313/1117/7379 1314/1116/7380 1316/1119/7381
f 1319/1122/7382 1316/1119/7383 1314/1116/7380
f 1326/1129/7384 1322/1125/7385 1321/1124/7386
f 1327/1130/7387 1322/1125/7388 1326/1129/7389
f 1328/2183/7390 1323/1126/7391 1327/1130/7392
f 1328/2183/7393 1327/1130/7394 1329/1133/7395
f 1324/1127/7396 1325/1128/7397 1330/1132/7398
f 1330/1132/7399 1326/1129/7400 1324/1127/7401
f 1331/1131/7402 1332/2184/7403 1330/1132/7404
f 1329/1133/7405 1333/1061/7406 1334/2185/7407
f 1326/1129/7408 1330/1132/7409 1335/1137/7410
f 1333/1061/7411 1326/1129/7408 1335/1137/7412
f 1336/1136/7413 1330/1132/7414 1332/2184/7403
f 1336/1136/7415 1335/1137/7416 1330/1132/7417
f 1337/1135/7418 1336/1136/7419 1332/2184/7420
f 1338/1064/7421 1334/2185/7422 1333/1061/7423
f 1333/1061/7424 1335/1137/7425 1338/1064/7426
f 1334/2185/7422 1338/1064/7427 1339/1140/7428
f 1339/1140/7429 1343/1139/7430 1344/2186/7431
f 1342/2187/7432 1338/1064/7433 1335/1137/7434
f 1342/2187/7435 1335/1137/7416 1340/1134/7436
f 1343/1139/7437 1338/1064/7433 1342/2187/7438
f 1345/2188/7439 1340/1134/7440 1341/1138/7441
f 1340/1134/7442 1345/2188/7443 1342/2187/7432
f 1345/2188/7443 1341/1138/7441 1346/2189/7444
f 1343/1139/7437 1342/2187/7432 1347/2190/7445
f 1347/2190/7446 1342/2187/7447 1345/2188/7448
f 1348/2191/7449 1344/2186/7431 1343/1139/7437
f 1343/1139/7450 1347/2190/7451 1348/2191/7452
f 1344/2186/7453 1348/2191/7454 1349/2192/7455
f 1350/1146/7456 1345/2188/7457 1346/2189/7458
f 1345/2188/7459 1350/1146/7460 1347/2190/6169
f 1346/2189/7461 1351/1145/7462 1350/1146/7460
f 1353/1142/7463 1349/2192/7464 1348/2191/7465
f 1349/2192/7466 1353/1142/7467 1354/1143/7468
f 1352/1072/7469 1348/2191/7470 1347/2190/7471
f 1352/1072/7472 1347/2190/7473 1350/1146/7474
f 1352/1072/7475 1353/1142/7476 1348/2191/7470
f 1356/1144/7477 1357/1147/7478 1358/2193/7479
f 1353/1142/7480 1352/1072/7481 1359/1148/7482
f 1356/1144/7483 1358/2193/7484 1359/1148/7485
f 1353/1142/7486 1359/1148/7487 1355/1141/7488
f 1360/2194/7489 1359/1148/7490 1358/2193/7491
f 1360/2194/7492 1355/1141/7493 1359/1148/7494
f 1191/2195/7495 1193/2196/7496 1192/2197/7497
f 1191/2195/7498 1192/2197/7499 1194/2198/7500
f 1195/1022/7501 1192/2197/7502 1193/2196/7503
f 1193/2196/7504 1196/2199/7505 1195/1022/7506
f 1197/1024/7507 1195/1022/7501 1196/2199/7508
f 1198/1016/7509 1194/2198/7510 1192/2197/7511
f 1199/2200/7512 1194/2198/7513 1198/1016/7514
f 1198/1016/7515 1200/1017/7516 1199/2200/7517
f 1192/2197/7518 1201/1019/7519 1198/1016/7520
f 1195/1022/7521 1201/1019/7522 1192/2197/7511
f 1195/1022/7523 1197/1024/7524 1204/1021/7525
f 1201/1019/7526 1206/2201/7527 1202/1018/7528
f 1201/1019/7529 1204/1021/7530 1206/2201/7531
f 1209/1027/7532 1203/1020/7533 1202/1018/7534
f 1209/1027/7532 1202/1018/7535 1206/2201/7527
f 1204/1021/7536 1205/1023/7537 1207/1026/7538
f 1207/1026/7539 1206/2201/7540 1204/1021/7541
f 1206/2201/7542 1211/1030/7543 1209/1027/7544
f 1207/1026/7545 1211/1030/7546 1206/2201/7527
f 1209/1027/7547 1214/1034/7548 1210/1028/7549
f 1214/1034/7550 1209/1027/7551 1211/1030/7552
f 1215/2202/7553 1210/1028/7554 1214/1034/7555
f 1214/1034/7548 1218/1035/7556 1215/2202/7557
f 1215/2202/7553 1218/1035/7558 1219/1040/7559
f 1227/1046/7560 1221/1037/7561 1223/1039/7562
f 1227/1046/7563 1226/1043/7564 1221/1037/7565
f 1227/1046/7566 1223/1039/7567 1228/1048/7568
f 1230/2203/7569 1225/1042/7570 1229/1044/7571
f 1229/1044/7572 1234/1055/7573 1230/2203/7574
f 1234/1055/7573 1229/1044/7575 1231/1045/7576
f 1235/1053/7577 1230/2203/7578 1234/1055/7579
f 1233/1052/7580 1232/1047/7581 1228/1048/7582
f 1231/1045/7583 1236/1050/7584 1234/1055/7585
f 1231/1045/7586 1232/1047/7587 1236/1050/7588
f 1237/1049/7589 1232/1047/7581 1233/1052/7590
f 1245/1060/7591 1241/1057/7592 1239/1054/7593
f 1241/1057/7594 1245/1060/7595 1246/1062/7596
f 1242/1058/7597 1247/343/7598 1237/1049/7599
f 1243/1059/7600 1244/1067/7601 1242/1058/7602
f 1248/1061/7603 1245/1060/7604 1247/343/7598
f 1246/1062/7596 1248/1061/7603 1249/1065/7605
f 1248/1061/7603 1247/343/7606 1250/1063/7607
f 1248/1061/7608 1250/1063/7609 1251/1064/7610
f 1249/1065/7605 1251/1064/7611 1252/2204/7612
f 1258/2205/7613 1252/2204/7614 1251/1064/7615
f 1258/2205/7616 1251/1064/7617 1255/1069/7618
f 1252/2204/7619 1258/2205/7620 1259/2206/7621
f 1260/2207/7622 1256/1070/7623 1257/1071/7624
f 1256/1070/7625 1260/2207/7626 1255/1069/7627
f 1260/2207/7628 1257/1071/7629 1261/2208/7630
f 1263/1074/7631 1259/2206/7632 1258/2205/7633
f 1259/2206/7634 1263/1074/7635 1264/1077/7636
f 1258/2205/7637 1255/1069/7618 1262/1073/7638
f 1262/1073/7639 1255/1069/7640 1260/2207/7641
f 1258/2205/7613 1262/1073/7642 1263/1074/7643
f 1265/1075/7644 1260/2207/7645 1261/2208/7646
f 1260/2207/7647 1265/1075/7648 1262/1073/7649
f 1261/2208/7630 1266/1081/7650 1265/1075/7651
f 1271/1080/7652 1272/1082/7653 1273/1084/7654
f 1274/1083/7655 1267/1072/7656 1271/1080/7657
f 1268/1076/7658 1267/1072/7659 1274/1083/7660
f 1268/1076/7661 1274/1083/7662 1270/1079/7663
f 1275/1085/7664 1270/1079/7665 1274/1083/7662
f 1106/2209/7666 1108/2210/7667 1107/950/7668
f 1106/2209/7669 1107/950/7670 1109/951/7671
f 1110/954/7672 1107/950/7673 1108/2210/7674
f 1109/951/7675 1111/952/7676 1113/962/7677
f 1117/958/7678 1111/952/7679 1112/953/7680
f 1119/960/7681 1113/962/7682 1111/952/7676
f 1123/966/7683 1121/963/7684 1122/964/7685
f 1127/969/7686 1124/965/7687 1117/958/7688
f 1128/971/7689 1126/968/7690 1124/965/7691
f 1124/965/7692 1127/969/7693 1128/971/7694
f 1131/984/7695 1129/970/7696 1130/972/7697
f 1118/959/7698 1133/974/7699 1115/956/7700
f 1135/976/7701 1133/974/7702 1134/975/7703
f 1133/974/7704 1135/976/7705 1132/973/7706
f 1134/975/7707 1136/978/7708 1135/976/7709
f 1132/973/7710 1135/976/7711 1137/979/7712
f 1137/979/7713 1130/972/7714 1132/973/7715
f 1141/981/7716 1137/979/7717 1138/977/7718
f 1141/981/7719 1142/982/7720 1143/983/7721
f 1139/980/7722 1142/982/7723 1138/977/7724
f 1139/980/7725 1136/978/7726 1140/2211/7727
f 1131/984/7728 1143/983/7729 1144/985/7730
f 1142/982/7731 1139/980/7732 1146/987/7733
f 1139/980/7734 1140/2211/7735 1149/991/7736
f 1149/991/7737 1146/987/7738 1139/980/7739
f 1150/994/7740 1149/991/7741 1140/2211/7742
f 1146/987/7743 1151/992/7744 1147/988/7745
f 1146/987/7746 1149/991/7737 1151/992/7747
f 1148/989/7748 1147/988/7749 1154/2212/7750
f 1154/2212/7751 1147/988/7752 1151/992/7753
f 1155/2213/7754 1148/989/7755 1154/2212/7756
f 1152/990/7757 1149/991/7758 1150/994/7740
f 1156/998/7759 1154/2212/7760 1151/992/7753
f 1151/992/7761 1152/990/7762 1156/998/7763
f 1154/2212/7764 1159/999/7765 1155/2213/7766
f 1159/999/7767 1154/2212/7768 1156/998/7769
f 1160/2214/7770 1155/2213/7771 1159/999/7772
f 1160/2214/7773 1159/999/7774 1161/2215/7775
f 1157/995/7776 1156/998/7777 1152/990/7778
f 1165/997/7779 1161/2215/7780 1159/999/7767
f 1161/2215/7781 1165/997/7782 1166/1003/7783
f 1162/1000/7784 1157/995/7785 1158/996/7786
f 1162/1000/7787 1158/996/7788 1163/2216/7789
f 1156/998/7790 1157/995/7785 1167/1001/7791
f 1165/997/7792 1156/998/7769 1167/1001/7793
f 1164/2217/7794 1162/1000/7795 1163/2216/7796
f 1166/1003/7797 1168/1002/7798 1169/1006/7799
f 1169/1006/7800 1173/1005/7801 1174/2218/7802
f 1171/2219/7803 1162/1000/7804 1164/2217/7805
f 1171/2219/7806 1170/1004/7807 1162/1000/7808
f 1164/2217/7809 1172/2220/7810 1171/2219/7811
f 1175/2221/7812 1171/2219/7813 1172/2220/7810
f 1171/2219/7806 1175/2221/7812 1170/1004/7814
f 1175/2221/7815 1172/2220/7816 1176/2222/7817
f 1173/1005/7818 1170/1004/7819 1177/2223/7820
f 1177/2223/7821 1170/1004/7822 1175/2221/7823
f 1178/2224/7824 1174/2218/7825 1173/1005/7826
f 1173/1005/7827 1177/2223/7828 1178/2224/7829
f 1174/2218/7830 1178/2224/7831 1179/2225/7832
f 1180/2226/7833 1175/2221/7834 1176/2222/7835
f 1175/2221/7836 1180/2226/7837 1177/2223/7838
f 1176/2222/7839 1181/2227/7840 1180/2226/7841
f 1183/1008/7842 1179/2225/7843 1178/2224/7844
f 1179/2225/7845 1183/1008/7846 1184/1009/7847
f 1182/1014/7848 1178/2224/7849 1177/2223/7820
f 1182/1014/7850 1177/2223/7851 1180/2226/7852
f 1182/1014/7853 1183/1008/7854 1178/2224/7855
f 1186/1010/7856 1180/2226/7857 1181/2227/7858
f 1182/1014/7850 1180/2226/7859 1186/1010/7860
f 1186/1010/7861 1181/2227/7862 1187/1012/7863
f 1189/1013/7864 1182/1014/7865 1186/1010/7866
f 1186/1010/7867 1188/1011/7868 1189/1013/7869
f 1190/1015/7870 1189/1013/7871 1188/1011/7872
f 1021/2228/7873 1023/2229/7874 1022/2230/7875
f 1024/2231/7876 1022/2230/7877 1023/2229/7878
f 1023/2229/7879 1021/2228/7880 1025/891/7881
f 1023/2229/7882 1026/882/7883 1024/2231/7884
f 1023/2229/7885 1025/891/7886 1026/882/7887
f 1028/878/7888 1025/891/7886 1021/2228/7889
f 1027/2232/7890 1024/2231/7891 1026/882/7892
f 1025/891/7893 1028/878/7894 1030/879/7895
f 1027/2232/7896 1026/882/7897 1029/883/7898
f 1033/881/7899 1035/885/7900 1034/884/7901
f 1033/881/7902 1026/882/7903 1036/886/7904
f 1037/888/7905 1035/885/7906 1036/886/7907
f 1040/890/7908 1036/886/7909 1026/882/7910
f 1040/890/7911 1026/882/7912 1025/891/7913
f 1040/890/7908 1030/879/7914 1042/893/7915
f 1038/887/7916 1042/893/7917 1043/894/7918
f 1032/880/7919 1045/896/7920 1030/879/7921
f 1032/880/7922 1046/2233/7923 1045/896/7924
f 1047/2234/7925 1042/893/7926 1045/896/7927
f 1047/2234/7928 1043/894/7929 1042/893/7930
f 1048/899/7931 1045/896/7932 1046/2233/7933
f 1045/896/7934 1048/899/7935 1047/2234/7936
f 1047/2234/7937 1048/899/7938 1051/897/7939
f 1043/894/7940 1047/2234/7928 1052/2235/7941
f 1051/897/7942 1052/2235/7943 1047/2234/7944
f 1052/2235/7945 1044/895/7946 1043/894/7947
f 1053/898/7948 1052/2235/7949 1051/897/7950
f 1048/899/7951 1046/2233/7933 1049/904/7952
f 1049/904/7953 1053/898/7954 1048/899/7955
f 1050/906/7956 1049/904/7957 1046/2233/7958
f 1052/2235/7959 1054/902/7960 1044/895/7961
f 1054/902/7962 1052/2235/7963 1053/898/7964
f 1055/900/7965 1044/895/7966 1054/902/7967
f 1053/898/7968 1049/904/7969 1056/905/7970
f 1053/898/7971 1056/905/7972 1054/902/7973
f 1057/901/7974 1054/902/7975 1056/905/7976
f 1058/911/7977 1055/900/7978 1057/901/7979
f 1056/905/7980 1059/903/7981 1061/909/7982
f 1061/909/7983 1057/901/7984 1056/905/7985
f 1057/901/7986 1064/908/7987 1058/911/7988
f 1059/903/7989 1060/907/7990 1062/2236/7991
f 1062/2236/7992 1061/909/7993 1059/903/7994
f 1063/2237/7995 1062/2236/7996 1060/907/7997
f 1061/909/7983 1066/913/7998 1064/908/7999
f 1061/909/8000 1062/2236/8001 1066/913/8002
f 1065/910/8003 1064/908/8004 1069/912/8005
f 1067/2238/8006 1062/2236/8007 1063/2237/7995
f 1067/2238/8008 1066/913/8009 1062/2236/8010
f 1067/2238/8011 1063/2237/8012 1068/2239/8013
f 1071/919/8014 1069/912/8015 1066/913/8016
f 1066/913/8017 1067/2238/8018 1071/919/8019
f 1069/912/8020 1075/918/8021 1070/914/8022
f 1067/2238/8023 1068/2239/8024 1072/916/8025
f 1072/916/8026 1071/919/8027 1067/2238/8028
f 1073/915/8029 1072/916/8030 1068/2239/8031
f 1078/923/8032 1072/916/8033 1074/917/8034
f 1078/923/8035 1080/924/8036 1072/916/8037
f 1085/930/8038 1084/928/8039 1083/927/8040
f 1083/927/8041 1080/924/8042 1085/930/8043
f 1086/929/8044 1090/934/8045 1091/938/8046
f 1090/934/8047 1087/931/8048 1092/936/8049
f 1092/936/8050 1087/931/8051 1088/932/8052
f 1091/938/8053 1095/937/8054 1096/947/8055
f 1089/933/8056 1094/940/8057 1093/935/8058
f 1097/939/8059 1098/941/8060 1099/944/8061
f 1101/945/8062 1100/942/8063 1097/939/8064
f 1104/946/8065 1100/942/8066 1101/945/8067
f 1097/939/8068 1099/944/8061 1101/945/8069
f 1104/946/8070 1101/945/8071 1103/949/8072
f 1102/943/8073 1103/949/8074 1101/945/8075
f 936/803/8076 940/807/8077 938/805/8078
f 939/806/8079 941/811/8080 936/803/8081
f 946/589/8082 943/809/8083 942/808/8084
f 946/589/8085 947/2240/8086 943/809/8087
f 951/818/8088 949/814/8089 950/815/8090
f 949/814/8091 951/818/8092 952/816/8093
f 952/816/8094 953/817/8095 955/2241/8096
f 955/2241/8096 954/819/8097 952/816/8098
f 956/821/8099 955/2241/8100 953/817/8101
f 955/2241/8102 956/821/8103 957/822/8104
f 955/2241/8105 957/822/8104 954/819/8106
f 946/589/8107 954/819/8108 960/825/8109
f 960/825/8110 947/2240/8086 946/589/8111
f 947/2240/8112 960/825/8113 961/826/8114
f 962/827/8115 960/825/8116 954/819/8117
f 962/827/8118 954/819/8119 957/822/8120
f 967/831/8121 963/824/8122 962/827/8123
f 963/824/8124 967/831/8121 968/832/8125
f 971/835/8126 972/836/8127 973/606/8128
f 974/837/8129 972/836/8130 966/830/8131
f 974/837/8132 966/830/8133 975/842/8134
f 980/846/8135 979/841/8136 975/842/8137
f 976/838/8138 981/844/8139 977/839/8140
f 976/838/8141 979/841/8142 981/844/8143
f 978/840/8144 977/839/8145 982/848/8146
f 982/848/8147 977/839/8140 981/844/8148
f 983/2242/8149 978/840/8150 982/848/8151
f 984/843/8152 979/841/8153 980/846/8154
f 981/844/8155 984/843/8156 986/847/8157
f 982/848/8158 987/851/8159 983/2242/8160
f 987/851/8161 982/848/8162 986/847/8163
f 988/853/8164 983/2242/8165 987/851/8166
f 984/843/8167 985/845/8168 989/857/8169
f 989/857/8170 986/847/8171 984/843/8172
f 990/856/8173 989/857/8174 985/845/8175
f 986/847/8176 991/850/8177 987/851/8178
f 986/847/8179 989/857/8180 991/850/8181
f 988/853/8182 987/851/8183 992/849/8184
f 997/2243/8185 995/855/8186 996/858/8187
f 994/854/8188 998/859/8189 999/863/8190
f 1001/861/8191 995/855/8192 997/2243/8193
f 997/2243/8194 1002/866/8195 1001/861/8196
f 1001/861/8197 1005/865/8198 1000/860/8199
f 1008/869/8200 1004/864/8201 1003/862/8202
f 1004/864/8203 1008/869/8204 1009/2244/8205
f 1007/868/8206 1000/860/8207 1005/865/8208
f 1005/865/8209 1006/867/8210 1010/2245/8211
f 1005/865/8212 1010/2245/8213 1007/868/8214
f 1006/867/8215 1011/2246/8216 1010/2245/8217
f 1012/874/8218 1008/869/8219 1007/868/8220
f 1012/874/8221 1007/868/8222 1010/2245/8223
f 1013/875/8224 1009/2244/8225 1008/869/8226
f 1012/874/8227 1013/875/8228 1008/869/8219
f 1009/2244/8225 1013/875/8229 1014/2247/8230
f 1015/876/8231 1014/2247/8232 1013/875/8233
f 1016/870/8234 1010/2245/8235 1011/2246/8236
f 1012/874/8237 1010/2245/8238 1016/870/8239
f 1016/870/8240 1011/2246/8216 1017/872/8241
f 1016/870/8242 1018/871/8243 1019/873/8244
f 1013/875/8233 1012/874/8245 1019/873/8246
f 1020/2248/8247 1019/873/8248 1018/871/8249
f 1020/2248/8250 1015/876/8251 1019/873/8252
f 851/728/8253 852/729/8254 854/736/8255
f 855/731/8256 852/729/8257 853/730/8258
f 858/735/8259 854/736/8260 852/729/8254
f 858/735/8261 860/738/8262 859/734/8263
f 855/731/8264 861/737/8265 852/729/8266
f 855/731/8256 857/733/8267 864/742/8268
f 861/737/8269 855/731/8270 864/742/8271
f 869/746/8272 863/740/8273 862/739/8274
f 869/746/8275 862/739/8276 866/534/8277
f 869/746/8272 870/748/8278 863/740/8273
f 868/2249/8279 867/743/8280 865/741/8281
f 866/534/8282 871/745/8283 869/746/8284
f 867/743/8285 871/745/8286 866/534/8287
f 869/746/8288 874/744/8289 870/748/8290
f 874/744/8291 879/752/8292 875/747/8293
f 867/743/8280 868/2249/8294 872/2250/8295
f 871/745/8296 867/743/8280 872/2250/8297
f 873/2251/8298 872/2250/8299 868/2249/8294
f 872/2250/8300 873/2251/8301 876/750/8302
f 872/2250/8303 876/750/8304 871/745/8305
f 877/749/8306 876/750/8307 873/2251/8308
f 882/756/8309 879/752/8292 871/745/8310
f 871/745/8311 876/750/8312 882/756/8313
f 886/759/8314 887/760/8315 888/761/8316
f 891/766/8317 884/757/8318 888/761/8319
f 888/761/8320 889/762/8321 891/766/8322
f 892/764/8323 884/757/8324 891/766/8325
f 893/769/8326 885/758/8327 892/764/8328
f 899/772/8329 894/765/8330 895/767/8331
f 903/776/8332 910/790/8333 901/774/8334
f 903/776/8335 905/778/8336 910/790/8337
f 908/781/8338 901/774/8334 910/790/8339
f 911/785/8340 905/778/8341 907/780/8342
f 911/785/8343 910/790/8344 905/778/8345
f 912/784/8346 911/785/8347 907/780/8348
f 911/785/8349 913/783/8350 910/790/8344
f 915/788/8351 909/782/8352 908/781/8353
f 908/781/8354 910/790/8355 915/788/8356
f 917/2252/8357 913/783/8358 914/786/8359
f 913/783/8360 917/2252/8361 919/789/8362
f 917/2252/8357 914/786/8363 918/2253/8364
f 920/791/8365 915/788/8356 919/789/8366
f 916/787/8367 920/791/8368 921/2254/8369
f 922/2255/8370 919/789/8371 917/2252/8357
f 920/791/8372 919/789/8373 922/2255/8374
f 917/2252/8357 918/2253/8375 923/797/8376
f 917/2252/8357 923/797/8377 922/2255/8378
f 918/2253/8379 924/794/8380 923/797/8381
f 925/799/8382 921/2254/8383 920/791/8384
f 920/791/8385 922/2255/8374 925/799/8386
f 921/2254/8387 925/799/8388 926/801/8389
f 930/796/8390 922/2255/8391 923/797/8392
f 930/796/8393 925/799/8394 922/2255/8395
f 927/792/8396 923/797/8392 924/794/8397
f 933/2256/8398 935/802/8399 934/800/8400
f 934/800/8401 930/796/8402 931/798/8403
f 934/800/8404 931/798/8405 933/2256/8406
f 932/2257/8407 933/2256/8408 931/798/8409
f 932/2257/8410 931/798/8405 929/795/8411
f 766/652/8412 768/650/8413 767/2258/8414
f 769/2259/8415 767/2258/8416 768/650/8417
f 768/650/8418 771/658/8419 769/2259/8420
f 768/650/8421 770/651/8422 771/658/8423
f 773/2260/8424 770/651/8425 766/652/8426
f 772/2261/8427 769/2259/8428 771/658/8429
f 770/651/8430 773/2260/8431 775/671/8432
f 772/2261/8433 771/658/8434 774/655/8435
f 776/2262/8436 775/671/8437 773/2260/8438
f 776/2262/8439 777/670/8440 775/671/8441
f 778/654/8442 774/655/8443 771/658/8444
f 783/660/8445 784/662/8446 782/659/8447
f 781/657/8448 785/661/8449 783/660/8450
f 770/651/8425 775/671/8441 785/661/8451
f 785/661/8452 775/671/8441 787/668/8453
f 787/668/8454 783/660/8455 785/661/8456
f 788/665/8457 786/663/8458 783/660/8459
f 783/660/8460 787/668/8461 788/665/8462
f 786/663/8463 788/665/8464 789/666/8465
f 791/680/8466 789/666/8467 790/664/8468
f 788/665/8469 792/667/8470 790/664/8471
f 775/671/8472 793/669/8473 787/668/8474
f 777/670/8475 794/673/8476 793/669/8477
f 797/675/8478 795/672/8479 798/676/8480
f 790/664/8481 799/677/8482 791/680/8483
f 804/683/8484 800/678/8485 796/674/8486
f 814/692/8487 809/687/8488 810/688/8489
f 811/689/8490 814/692/8491 818/695/8492
f 817/696/8493 813/691/8494 816/694/8495
f 822/701/8496 819/697/8497 816/694/8495
f 818/695/8498 824/706/8499 816/694/8500
f 818/695/8501 820/698/8502 824/706/8503
f 822/701/8504 816/694/8500 824/706/8505
f 825/702/8506 820/698/8507 821/699/8508
f 825/702/8509 824/706/8510 820/698/8502
f 833/711/8511 829/707/8512 828/705/8513
f 832/714/8514 828/705/8513 824/706/8515
f 832/714/8516 824/706/8517 830/708/8518
f 833/711/8519 828/705/8520 832/714/8521
f 830/708/8522 835/712/8523 832/714/8524
f 835/712/8525 831/709/8526 836/717/8527
f 833/711/8528 837/713/8529 838/715/8530
f 834/710/8531 838/715/8532 839/720/8533
f 835/712/8534 840/716/8535 837/713/8536
f 843/722/8537 839/720/8538 838/715/8539
f 842/719/8540 843/722/8541 838/715/8542
f 846/724/8543 848/726/8544 849/727/8545
f 850/2263/8546 849/727/8547 848/726/8548
f 850/2263/8549 845/723/8550 849/727/8551
f 681/2264/8552 683/2265/8553 682/2266/8554
f 681/2264/8555 682/2266/8556 684/2267/8557
f 685/2268/8558 682/2266/8559 683/2265/8560
f 683/2265/8561 686/2269/8562 685/2268/8563
f 687/2270/8564 685/2268/8565 686/2269/8566
f 688/579/8567 684/2267/8568 682/2266/8554
f 689/2271/8569 684/2267/8570 688/579/8571
f 688/579/8572 690/580/8573 689/2271/8574
f 682/2266/8575 691/582/8576 688/579/8577
f 685/2268/8578 691/582/8579 682/2266/8580
f 685/2268/8581 687/2270/8582 694/585/8583
f 691/582/8584 685/2268/8585 694/585/8586
f 695/587/8587 694/585/8588 687/2270/8589
f 691/582/8590 694/585/8591 696/584/8592
f 699/589/8593 696/584/8594 701/591/8595
f 702/593/8596 700/590/8597 701/591/8598
f 697/586/8599 698/588/8600 706/596/8601
f 697/586/8602 706/596/8603 703/592/8604
f 702/593/8605 704/594/8606 705/601/8607
f 706/596/8603 707/595/8608 708/597/8609
f 709/2272/8610 708/597/8611 707/595/8612
f 710/598/8613 704/594/8614 703/592/8615
f 709/2272/8616 711/603/8617 708/597/8618
f 710/598/8619 708/597/8620 712/599/8621
f 716/605/8622 715/604/8623 711/603/8617
f 712/599/8624 715/604/8625 718/606/8626
f 716/605/8627 711/603/8628 717/610/8629
f 718/606/8630 716/605/8631 721/613/8632
f 721/613/8633 719/607/8634 718/606/8626
f 725/617/8635 720/608/8636 724/612/8637
f 722/609/8638 721/613/8639 716/605/8640
f 721/613/8641 726/615/8642 724/612/8643
f 721/613/8644 722/609/8645 726/615/8646
f 727/614/8647 722/609/8638 723/611/8648
f 729/618/8649 732/2273/8650 730/619/8651
f 732/2273/8652 729/618/8653 731/620/8654
f 733/2274/8655 730/619/8656 732/2273/8657
f 733/2274/8658 732/2273/8659 734/624/8660
f 727/614/8661 728/616/8662 735/622/8663
f 735/622/8663 731/620/8664 727/614/8665
f 736/621/8666 735/622/8667 728/616/8668
f 738/626/8669 734/624/8660 732/2273/8670
f 731/620/8671 740/630/8672 732/2273/8673
f 738/626/8674 732/2273/8675 740/630/8676
f 735/622/8677 741/627/8678 731/620/8679
f 740/630/8680 731/620/8681 741/627/8682
f 744/631/8683 748/635/8684 749/2275/8685
f 748/635/8686 743/629/8687 747/634/8688
f 750/2276/8689 745/632/8690 746/633/8691
f 745/632/8690 750/2276/8692 747/634/8693
f 750/2276/8694 746/633/8695 751/2277/8696
f 748/635/8697 747/634/8698 752/638/8699
f 752/638/8700 747/634/8693 750/2276/8692
f 753/640/8701 749/2275/8702 748/635/8703
f 748/635/8697 752/638/8704 753/640/8705
f 749/2275/8706 753/640/8707 754/641/8708
f 750/2276/8709 751/2277/8710 755/637/8711
f 750/2276/8712 755/637/8713 752/638/8714
f 751/2277/8715 756/645/8716 755/637/8711
f 757/636/8717 753/640/8705 752/638/8718
f 764/648/8719 757/636/8720 761/644/8721
f 765/649/8722 760/643/8723 764/648/8724
f 596/518/8725 598/519/8726 597/2278/8727
f 599/521/8728 597/2278/8729 598/519/8730
f 600/520/8731 603/525/8732 602/523/8733
f 598/519/8734 604/524/8735 601/522/8736
f 601/522/8737 604/524/8738 605/2279/8739
f 606/526/8740 602/523/8741 603/525/8742
f 608/528/8743 604/524/8744 602/523/8745
f 609/2280/8746 605/2279/8747 604/524/8748
f 604/524/8749 608/528/8750 609/2280/8751
f 610/2281/8752 605/2279/8753 609/2280/8754
f 609/2280/8755 611/2282/8756 610/2281/8757
f 609/2280/8758 612/530/8759 611/2282/8760
f 612/530/8761 609/2280/8751 608/528/8762
f 613/531/8763 611/2282/8764 612/530/8765
f 606/526/8766 614/534/8767 608/528/8743
f 608/528/8768 614/534/8769 612/530/8770
f 615/529/8771 612/530/8772 614/534/8773
f 622/539/8774 614/534/8775 620/536/8776
f 622/539/8777 617/533/8778 614/534/8779
f 623/2283/8780 620/536/8781 621/537/8782
f 620/536/8783 623/2283/8784 622/539/8785
f 621/537/8786 624/2284/8787 623/2283/8784
f 625/540/8788 619/396/8789 617/533/8790
f 617/533/8791 622/539/8792 625/540/8793
f 625/540/8794 626/2285/8795 619/396/8796
f 622/539/8792 623/2283/8797 627/538/8798
f 624/2284/8799 628/2286/8800 623/2283/8801
f 623/2283/8784 628/2286/8802 627/538/8803
f 631/541/8804 627/538/8805 628/2286/8806
f 625/540/8807 627/538/8808 632/542/8809
f 631/541/8810 632/542/8811 627/538/8812
f 625/540/8793 632/542/8813 626/2285/8814
f 631/541/8815 628/2286/8816 633/543/8817
f 629/546/8818 628/2286/8819 624/2284/8820
f 629/546/8821 633/543/8822 628/2286/8823
f 629/546/8824 624/2284/8799 630/548/8825
f 626/2285/8826 632/542/8827 634/544/8828
f 635/2287/8829 626/2285/8826 634/544/8830
f 636/545/8831 634/544/8832 633/543/8833
f 634/544/8834 637/555/8835 635/2287/8836
f 637/555/8837 634/544/8838 636/545/8839
f 638/553/8840 635/2287/8836 637/555/8841
f 636/545/8842 641/551/8843 637/555/8844
f 636/545/8845 639/547/8846 641/551/8847
f 645/559/8848 638/553/8849 644/554/8850
f 652/563/8851 648/558/8852 653/2288/8853
f 654/2289/8854 652/563/8855 653/2288/8856
f 650/561/8857 649/560/8858 655/2290/8859
f 655/2290/8860 649/560/8861 651/562/8862
f 656/2291/8863 650/561/8864 655/2290/8865
f 656/2291/8866 655/2290/8867 657/564/8868
f 658/2292/8869 652/563/8870 654/2289/8871
f 654/2289/8854 659/2293/8872 658/2292/8873
f 651/562/8874 652/563/8870 660/2294/8875
f 658/2292/8876 660/2294/8877 652/563/8878
f 655/2290/8879 651/562/8880 661/566/8881
f 661/566/8882 657/564/8883 655/2290/8884
f 660/2294/8885 661/566/8881 651/562/8880
f 663/2295/8886 658/2292/8887 659/2293/8888
f 658/2292/8889 663/2295/8890 660/2294/8891
f 663/2295/8892 659/2293/8893 664/2253/8894
f 665/2296/8895 662/565/8896 661/566/8897
f 665/2296/8898 661/566/8897 660/2294/8899
f 662/565/8896 665/2296/8895 666/2297/8900
f 667/573/8901 660/2294/8877 663/2295/8902
f 665/2296/8903 660/2294/8904 667/573/8905
f 668/569/8906 663/2295/8907 664/2253/8908
f 663/2295/8909 668/569/8910 667/573/8911
f 664/2253/8908 669/568/8912 668/569/8913
f 670/2298/8914 666/2297/8915 665/2296/8898
f 665/2296/8916 667/573/8917 670/2298/8918
f 666/2297/8919 670/2298/8920 671/2299/8921
f 675/572/8922 670/2298/8923 667/573/8924
f 675/572/8925 668/569/8926 672/567/8927
f 672/567/8928 669/568/8929 673/571/8930
f 679/577/8931 671/2299/8932 670/2298/8933
f 675/572/8934 679/577/8935 670/2298/8936
f 671/2299/8937 679/577/8938 680/578/8939
f 679/577/8940 675/572/8934 676/574/8941
f 677/575/8942 676/574/8943 674/570/8944
f 523/457/8945 525/461/8946 524/458/8947
f 523/457/8948 526/459/8949 525/461/8950
f 529/2300/8951 527/460/8952 526/459/8953
f 526/459/8954 528/462/8955 529/2300/8956
f 529/2300/8957 530/2301/8958 527/460/8959
f 529/2300/8960 531/470/8961 530/2301/8962
f 532/2302/8963 530/2301/8964 531/470/8965
f 533/463/8966 529/2300/8967 528/462/8968
f 529/2300/8969 533/463/8970 531/470/8971
f 532/2302/8972 531/470/8973 534/473/8974
f 537/466/8975 531/470/8976 533/463/8977
f 537/466/8978 538/467/8979 541/472/8980
f 543/474/8981 542/471/8982 541/472/8983
f 539/468/8984 543/474/8985 538/467/8986
f 544/475/8987 542/471/8988 543/474/8989
f 543/474/8990 539/468/8991 546/477/8992
f 543/474/8993 546/477/8994 544/475/8995
f 549/479/8996 539/468/8997 540/469/8998
f 549/479/8999 546/477/8992 539/468/9000
f 549/479/9001 540/469/9002 550/481/9003
f 545/476/9004 544/475/9005 547/483/9006
f 547/483/9007 544/475/9008 546/477/9009
f 548/484/9010 545/476/9011 547/483/9012
f 551/478/9013 547/483/9014 546/477/9015
f 559/490/9016 564/2303/9017 560/491/9018
f 564/2303/9019 559/490/9020 561/492/9021
f 565/2304/9022 560/491/9023 564/2303/9024
f 557/488/9025 558/489/9026 562/2305/9027
f 562/2305/9028 561/492/9029 557/488/9030
f 563/2306/9031 562/2305/9027 558/489/9032
f 561/492/9033 566/499/9034 564/2303/9035
f 561/492/9036 562/2305/9037 566/499/9038
f 565/2304/9039 564/2303/9040 570/497/9041
f 570/497/9042 564/2303/9043 566/499/9044
f 571/2307/9045 565/2304/9046 570/497/9047
f 571/2307/9048 570/497/9049 572/2308/9050
f 567/495/9051 562/2305/9052 563/2306/9053
f 567/495/9054 566/499/9055 562/2305/9056
f 567/495/9051 563/2306/9057 568/494/9058
f 575/498/9059 572/2308/9060 570/497/9061
f 572/2308/9050 575/498/9062 576/2309/9063
f 567/495/9064 573/496/9065 566/499/9066
f 569/493/9067 574/2310/9068 573/496/9069
f 580/501/9070 576/2309/9071 575/498/9072
f 576/2309/9063 580/501/9073 581/507/9074
f 579/500/9075 575/498/9076 566/499/9077
f 580/501/9078 575/498/9079 579/500/9080
f 577/2311/9081 573/496/9082 574/2310/9083
f 573/496/9084 577/2311/9085 579/500/9086
f 577/2311/9087 574/2310/9088 578/503/9089
f 582/502/9090 579/500/9091 577/2311/9092
f 580/501/9093 582/502/9094 585/506/9095
f 583/504/9096 577/2311/9097 578/503/9098
f 577/2311/9099 583/504/9100 582/502/9101
f 593/515/9102 595/517/9103 594/516/9104
f 590/512/9105 585/506/9106 582/502/9094
f 590/512/9107 594/516/9108 585/506/9109
f 426/376/9110 428/373/9111 427/374/9112
f 436/2312/9113 435/381/9114 433/379/9115
f 436/2312/9116 437/387/9117 435/381/9118
f 438/382/9119 434/380/9120 431/377/9121
f 439/383/9122 434/380/9123 438/382/9124
f 438/382/9125 441/386/9126 440/384/9127
f 438/382/9128 431/377/9129 441/386/9130
f 442/2313/9131 440/384/9132 441/386/9133
f 443/2314/9134 442/2313/9135 441/386/9136
f 443/2314/9137 444/2315/9138 442/2313/9139
f 441/386/9140 445/385/9141 443/2314/9142
f 443/2314/9143 446/2316/9144 444/2315/9145
f 435/381/9146 447/391/9147 445/385/9148
f 447/391/9149 443/2314/9150 445/385/9151
f 448/392/9152 446/2316/9153 443/2314/9154
f 443/2314/9155 447/391/9156 448/392/9157
f 446/2316/9158 448/392/9159 449/396/9160
f 435/381/9118 450/388/9161 447/391/9162
f 452/390/9163 453/393/9164 457/398/9165
f 461/400/9166 462/401/9167 457/398/9168
f 455/395/9169 462/401/9170 456/397/9171
f 461/400/9166 458/399/9172 463/402/9173
f 459/405/9174 458/399/9175 454/394/9176
f 459/405/9177 463/402/9178 458/399/9179
f 459/405/9180 454/394/9181 460/2317/9182
f 456/397/9183 462/401/9184 464/403/9185
f 465/406/9186 456/397/9187 464/403/9188
f 467/407/9189 464/403/9190 466/404/9191
f 468/413/9192 465/406/9193 467/407/9194
f 459/405/9195 460/2317/9196 469/409/9197
f 469/409/9198 466/404/9199 459/405/9200
f 470/411/9201 469/409/9202 460/2317/9203
f 477/417/9204 476/416/9205 472/410/9206
f 482/422/9207 477/417/9208 478/418/9209
f 486/426/9210 485/425/9211 487/782/9212
f 488/2318/9213 482/422/9207 484/424/9214
f 484/424/9215 489/2319/9216 488/2318/9217
f 488/2318/9218 490/427/9219 482/422/9220
f 491/428/9221 487/782/9222 485/425/9223
f 487/782/9224 491/428/9225 492/430/9226
f 493/2320/9227 488/2318/9228 489/2319/9229
f 488/2318/9218 493/2320/9230 490/427/9231
f 493/2320/9232 489/2319/9233 494/2321/9234
f 495/429/9235 491/428/9236 490/427/9237
f 497/436/9238 490/427/9239 493/2320/9227
f 495/429/9240 490/427/9241 497/436/9242
f 498/434/9243 493/2320/9244 494/2321/9234
f 493/2320/9244 498/434/9245 497/436/9246
f 494/2321/9247 499/433/9248 498/434/9249
f 500/437/9250 496/431/9251 495/429/9235
f 495/429/9252 497/436/9253 500/437/9254
f 496/431/9255 500/437/9256 501/443/9257
f 505/435/9258 497/436/9259 498/434/9260
f 502/432/9261 499/433/9262 503/2322/9263
f 502/432/9264 503/2322/9265 504/440/9266
f 508/441/9267 510/444/9268 509/442/9269
f 509/442/9270 505/435/9271 506/438/9272
f 509/442/9273 506/438/9272 508/441/9274
f 502/432/9275 504/440/9276 506/438/9277
f 342/297/9278 344/299/9279 341/296/9280
f 342/297/9278 343/298/9281 345/301/9282
f 346/303/9283 345/301/9284 343/298/9285
f 353/307/9286 345/301/9287 349/304/9288
f 349/304/9289 354/306/9290 353/307/9291
f 353/307/9292 352/309/9293 345/301/9294
f 352/309/9295 347/300/9296 345/301/9297
f 347/300/9298 352/309/9299 350/2323/9300
f 350/2323/9301 348/302/9302 347/300/9303
f 350/2323/9304 351/316/9305 348/302/9306
f 358/311/9307 350/2323/9308 352/309/9293
f 350/2323/9309 361/315/9310 351/316/9311
f 350/2323/9312 358/311/9313 361/315/9314
f 364/318/9315 369/323/9316 363/317/9317
f 363/317/9318 369/323/9319 372/326/9320
f 366/320/9321 372/326/9322 377/2324/9323
f 366/320/9324 377/2324/9325 368/322/9326
f 369/323/9327 373/327/9328 372/326/9322
f 376/2325/9329 377/2324/9330 372/326/9331
f 376/2325/9332 372/326/9333 373/327/9328
f 368/322/9334 377/2324/9325 379/329/9335
f 376/2325/9336 378/330/9337 377/2324/9338
f 376/2325/9339 373/327/9340 378/330/9341
f 379/329/9342 377/2324/9330 378/330/9337
f 374/332/9343 373/327/9344 371/325/9345
f 374/332/9346 378/330/9347 373/327/9340
f 374/332/9348 371/325/9349 375/336/9350
f 384/335/9351 381/331/9352 374/332/9353
f 381/331/9354 384/335/9351 386/338/9355
f 383/334/9356 382/333/9357 389/341/9358
f 387/339/9359 384/335/9360 385/337/9361
f 387/339/9362 386/338/9363 384/335/9364
f 389/341/9365 395/349/9366 390/342/9367
f 395/349/9368 389/341/9369 391/343/9370
f 396/347/9371 390/342/9372 395/349/9373
f 392/344/9374 391/343/9375 387/339/9359
f 393/345/9376 392/344/9374 388/340/9377
f 397/348/9378 401/352/9379 402/357/9380
f 398/351/9381 392/344/9382 394/346/9383
f 399/354/9384 398/351/9385 394/346/9386
f 409/361/9387 405/356/9388 400/350/9389
f 410/362/9390 406/358/9391 405/356/9392
f 406/358/9393 410/362/9390 411/2326/9394
f 412/2327/9395 409/361/9387 407/359/9396
f 410/362/9397 409/361/9398 412/2327/9399
f 407/359/9400 408/360/9401 413/2328/9402
f 407/359/9403 413/2328/9404 412/2327/9405
f 408/360/9406 414/2329/9407 413/2328/9408
f 415/369/9409 411/2326/9410 410/362/9411
f 410/362/9390 412/2327/9412 415/369/9413
f 411/2326/9414 415/369/9415 416/371/9416
f 420/367/9417 412/2327/9399 413/2328/9418
f 420/367/9419 415/369/9420 412/2327/9421
f 417/363/9422 413/2328/9423 414/2329/9424
f 420/367/9425 413/2328/9426 417/363/9427
f 417/363/9428 414/2329/9429 418/365/9430
f 416/371/9431 424/370/9432 425/2330/9433
f 423/2331/9434 425/2330/9435 424/370/9436
f 424/370/9437 421/366/9438 423/2331/9439
f 422/368/9440 423/2331/9441 421/366/9442
f 262/224/9443 264/226/9444 271/234/9445
f 262/224/9446 271/234/9447 268/230/9448
f 260/222/9449 268/230/9450 265/227/9451
f 266/228/9452 263/225/9453 265/227/9454
f 271/234/9455 272/233/9456 273/237/9457
f 274/236/9458 273/237/9459 272/233/9460
f 265/227/9461 269/232/9462 267/229/9463
f 269/232/9464 265/227/9465 268/230/9466
f 271/234/9467 273/237/9457 275/235/9468
f 277/239/9469 270/231/9470 269/232/9471
f 277/239/9472 269/232/9473 275/235/9474
f 283/2332/9475 278/240/9476 282/244/9477
f 282/244/9478 284/245/9479 283/2332/9480
f 283/2332/9481 284/245/9482 285/2333/9483
f 284/245/9484 286/2334/9485 285/2333/9486
f 280/242/9487 273/237/9457 276/238/9488
f 284/245/9489 288/247/9490 286/2334/9491
f 291/248/9492 293/250/9493 288/247/9490
f 286/2334/9491 288/247/9494 289/254/9495
f 289/254/9496 288/247/9497 293/250/9498
f 290/255/9499 286/2334/9500 289/254/9501
f 293/250/9502 294/251/9503 296/253/9504
f 297/256/9505 289/254/9501 296/253/9506
f 298/260/9507 290/255/9508 297/256/9509
f 304/263/9510 299/257/9511 300/258/9512
f 304/263/9513 301/259/9514 299/257/9515
f 306/266/9516 302/261/9517 301/259/9518
f 301/259/9519 304/263/9520 306/266/9521
f 313/2335/9522 309/268/9523 307/265/9524
f 313/2335/9522 307/265/9525 306/266/9526
f 309/268/9527 313/2335/9528 314/2336/9529
f 306/266/9530 310/269/9531 315/273/9532
f 313/2335/9533 306/266/9534 315/273/9535
f 317/275/9536 316/272/9537 312/271/9538
f 318/278/9539 314/2336/9540 313/2335/9541
f 313/2335/9522 315/273/9542 318/278/9543
f 314/2336/9540 318/278/9543 319/2337/9544
f 316/272/9545 320/274/9546 315/273/9547
f 323/282/9548 319/2337/9549 318/278/9550
f 319/2337/9551 323/282/9552 324/283/9553
f 322/277/9554 315/273/9555 320/274/9556
f 323/282/9557 318/278/9558 322/277/9559
f 325/280/9560 320/274/9561 321/276/9562
f 320/274/9556 325/280/9563 322/277/9564
f 325/280/9565 321/276/9566 326/285/9567
f 323/282/9557 322/277/9568 327/279/9569
f 323/282/9570 327/279/9571 328/281/9572
f 324/283/9573 328/281/9574 329/288/9575
f 325/280/9576 330/284/9577 327/279/9578
f 326/285/9579 331/291/9580 330/284/9581
f 335/2338/9582 334/289/9583 333/287/9584
f 332/286/9585 333/287/9586 328/281/9587
f 332/286/9588 330/284/9589 336/290/9590
f 336/290/9591 337/292/9592 338/294/9593
f 333/287/9594 339/293/9595 335/2338/9596
f 340/295/9597 335/2338/9598 339/293/9599
f 171/156/9600 173/160/9601 172/158/9602
f 173/160/9603 176/2339/9604 175/159/9605
f 177/2340/9606 175/159/9607 176/2339/9608
f 178/161/9609 174/157/9610 172/158/9611
f 179/2341/9612 174/157/9613 178/161/9614
f 178/161/9615 180/2342/9616 179/2341/9617
f 178/161/9618 182/163/9619 180/2342/9620
f 182/163/9621 178/161/9622 181/162/9623
f 183/2343/9624 180/2342/9625 182/163/9626
f 175/159/9627 177/2340/9628 184/166/9629
f 181/162/9630 175/159/9631 184/166/9632
f 185/2344/9633 184/166/9634 177/2340/9635
f 181/162/9636 184/166/9637 186/164/9638
f 189/170/9639 183/2343/9640 182/163/9619
f 189/170/9641 182/163/9642 186/164/9643
f 189/170/9644 190/172/9645 183/2343/9646
f 184/166/9647 185/2344/9648 187/165/9649
f 188/168/9650 187/165/9651 185/2344/9652
f 187/165/9653 191/167/9654 186/164/9638
f 194/173/9655 189/170/9656 193/171/9657
f 195/177/9658 190/172/9659 194/173/9660
f 193/171/9661 196/174/9662 201/181/9663
f 201/181/9664 199/178/9665 193/171/9666
f 205/2345/9667 199/178/9668 203/182/9669
f 199/178/9670 205/2345/9671 202/180/9672
f 203/182/9673 204/183/9674 206/2346/9675
f 203/182/9673 206/2346/9676 205/2345/9677
f 207/184/9678 204/183/9679 198/176/9680
f 207/184/9681 206/2346/9676 204/183/9682
f 202/180/9683 205/2345/9684 209/2347/9685
f 209/2347/9686 205/2345/9687 206/2346/9688
f 210/2348/9689 202/180/9672 209/2347/9690
f 206/2346/9691 207/184/9681 211/2349/9692
f 211/2349/9693 209/2347/9685 206/2346/9694
f 209/2347/9695 214/191/9696 210/2348/9697
f 214/191/9698 209/2347/9685 211/2349/9693
f 215/189/9699 210/2348/9700 214/191/9701
f 207/184/9678 208/185/9702 212/187/9703
f 212/187/9704 211/2349/9705 207/184/9706
f 213/2350/9707 212/187/9708 208/185/9709
f 211/2349/9710 216/188/9711 214/191/9712
f 211/2349/9713 212/187/9714 216/188/9715
f 217/186/9716 212/187/9717 213/2350/9718
f 217/186/9719 213/2350/9718 218/195/9720
f 221/193/9721 219/190/9722 216/188/9723
f 226/198/9724 225/197/9725 227/2351/9726
f 223/196/9727 224/2352/9728 222/194/9729
f 233/204/9730 227/2351/9731 225/197/9732
f 227/2351/9733 233/204/9734 234/206/9735
f 233/204/9736 221/193/9737 230/199/9738
f 228/200/9739 222/194/9740 224/2352/9741
f 228/200/9742 230/199/9743 222/194/9744
f 229/202/9745 228/200/9746 224/2352/9747
f 231/201/9748 228/200/9749 229/202/9750
f 240/211/9751 235/205/9752 237/208/9753
f 240/211/9754 237/208/9755 242/2353/9756
f 242/2353/9757 237/208/9758 238/209/9759
f 245/2354/9760 241/212/9761 240/211/9762
f 240/211/9763 242/2353/9764 245/2354/9765
f 241/212/9766 245/2354/9767 246/216/9768
f 243/2355/9769 238/209/9770 239/210/9771
f 238/209/9772 243/2355/9773 242/2353/9774
f 239/210/9775 244/2356/9776 243/2355/9777
f 254/213/9778 246/216/9779 245/2354/9780
f 253/214/9781 255/217/9782 254/213/9783
f 250/2357/9784 245/2354/9780 242/2353/9757
f 250/2357/9785 242/2353/9786 243/2355/9787
f 250/2357/9788 254/213/9789 245/2354/9790
f 247/2358/9791 243/2355/9792 244/2356/9793
f 250/2357/9794 243/2355/9795 247/2358/9796
f 247/2358/9797 244/2356/9793 248/2359/9798
f 247/2358/9799 248/2359/9800 249/2360/9801
f 251/215/9802 250/2357/9803 247/2358/9804
f 254/213/9805 250/2357/9806 251/215/9807
f 247/2358/8518 249/2360/9808 251/215/9809
f 252/2361/9810 251/215/9809 249/2360/9811
f 252/2361/9812 253/214/9813 251/215/9814
f 1/2362/9815 3/2/9816 2/3/9817
f 1/2362/9818 2/3/9819 4/6/9820
f 7/9/9821 5/1/9822 6/4/9823
f 9/2363/9824 4/6/9825 8/5/9826
f 8/5/9827 10/2364/9828 9/2363/9829
f 2/3/9830 11/7/9831 8/5/9832
f 5/1/9833 11/7/9834 2/3/9817
f 8/5/9835 12/12/9836 10/2364/9837
f 12/12/9838 8/5/9826 11/7/9839
f 13/13/9840 10/2364/9841 12/12/9842
f 11/7/9843 16/14/9844 12/12/9845
f 11/7/9846 14/8/9847 16/14/9848
f 14/8/9849 15/10/9850 17/16/9851
f 17/16/9852 16/14/9853 14/8/9854
f 18/19/9855 17/16/9856 15/10/9857
f 16/14/9858 21/17/9859 19/11/9860
f 24/21/9861 21/17/9862 29/25/9863
f 25/22/9864 29/25/9865 30/26/9866
f 17/16/9867 18/19/9868 22/20/9869
f 21/17/8968 17/16/9870 22/20/9871
f 27/24/9872 28/2365/9873 26/23/9874
f 29/25/9875 32/28/9876 33/32/9877
f 29/25/9878 33/32/9879 31/27/9880
f 26/23/9881 37/33/9882 32/28/9876
f 28/2365/9883 37/33/9884 26/23/9885
f 31/27/9886 33/32/9887 34/30/9888
f 39/35/9889 37/33/9890 28/2365/9891
f 39/35/9892 28/2365/9893 40/40/9894
f 41/36/9895 46/43/9896 42/37/9897
f 41/36/9898 44/39/9899 46/43/9900
f 43/38/9901 42/37/9902 47/42/9903
f 48/2366/9904 43/38/9905 47/42/9906
f 49/48/9907 44/39/9908 45/41/9909
f 49/48/9910 46/43/9911 44/39/9912
f 49/48/9907 45/41/9913 50/51/9914
f 53/49/9915 47/42/9916 46/43/9917
f 46/43/9918 49/48/9907 53/49/9919
f 47/42/9920 51/46/9921 48/2366/9922
f 51/46/9923 47/42/9903 53/49/9924
f 52/44/9925 48/2366/9904 51/46/9926
f 49/48/9927 50/51/9928 55/47/9929
f 56/50/9930 57/2367/9931 55/47/9932
f 58/53/9933 54/45/9934 51/46/9935
f 54/45/9936 58/53/9937 59/2368/9938
f 53/49/9939 60/52/9940 51/46/9941
f 61/54/9942 55/47/9943 57/2367/9944
f 62/56/9945 61/54/9946 57/2367/9947
f 61/54/9948 63/55/9949 60/52/9950
f 65/62/9951 59/2368/9952 58/53/9953
f 58/53/9954 60/52/9955 65/62/9956
f 59/2368/9957 65/62/9958 66/63/9959
f 69/60/9960 60/52/9955 63/55/9961
f 69/60/9962 65/62/9963 60/52/9964
f 68/59/9965 74/70/9966 73/66/9967
f 70/61/9968 72/65/9969 75/67/9970
f 80/72/9971 75/67/9972 72/65/9969
f 73/66/9973 77/69/9974 80/72/9975
f 77/69/9976 78/71/9977 79/74/9978
f 83/76/9979 85/77/9980 84/75/9981
f 84/75/9982 80/72/9971 81/73/9983
f 81/73/9984 80/72/9985 77/69/9986
f 82/2369/9987 83/76/9988 81/73/9984
f 82/2369/9989 81/73/9990 79/74/9991
f 86/78/9992 87/79/9993 89/87/9994
f 90/81/9995 87/79/9996 88/80/9997
f 90/81/9998 93/88/9999 87/79/10000
f 93/88/10001 90/81/10002 94/84/10003
f 105/2370/10004 102/94/10005 104/96/10006
f 104/96/10007 106/103/10008 105/2370/10009
f 105/2370/10010 106/103/10011 107/2371/10012
f 106/103/10013 108/110/10014 107/2371/10015
f 104/96/10016 109/98/10017 106/103/10018
f 109/98/10019 104/96/10020 103/95/10021
f 106/103/10022 118/109/10023 108/110/10024
f 106/103/10025 114/102/10026 118/109/10027
f 110/97/10028 103/95/10029 94/84/10030
f 94/84/10031 95/85/10032 110/97/10033
f 111/100/10034 110/97/10035 95/85/10036
f 116/105/10037 117/107/10038 115/104/10039
f 124/114/10040 119/106/10041 117/107/10042
f 120/108/10043 119/106/10044 122/112/10045
f 120/108/10046 122/112/10047 118/109/10048
f 124/114/10049 122/112/10050 119/106/10051
f 124/114/10052 117/107/10053 125/119/10054
f 121/111/10055 118/109/10056 122/112/10057
f 123/117/10058 108/110/10059 121/111/10060
f 126/113/10061 121/111/10062 122/112/10063
f 121/111/10062 127/116/10064 123/117/10065
f 127/116/10066 121/111/10062 126/113/10067
f 126/113/10068 131/121/10069 127/116/10070
f 138/128/10071 132/122/10072 131/121/10073
f 131/121/10074 134/124/10075 138/128/10076
f 136/126/10077 132/122/10078 138/128/10079
f 137/2372/10080 133/123/10081 136/126/10082
f 137/2372/10083 136/126/10084 139/132/10085
f 139/132/10086 143/131/10087 144/2373/10088
f 138/128/10071 145/133/10089 136/126/10084
f 146/2374/10090 140/127/10091 142/130/10092
f 146/2374/10093 145/133/10094 140/127/10095
f 147/2375/10096 146/2374/10097 142/130/10098
f 148/137/10099 146/2374/10097 147/2375/10100
f 146/2374/10101 148/137/10102 145/133/10103
f 147/2375/10104 149/136/10105 148/137/10106
f 150/140/10107 144/2373/10108 143/131/10109
f 143/131/10110 145/133/10111 150/140/10112
f 144/2373/10088 150/140/10113 151/141/10114
f 154/138/10115 145/133/10116 148/137/10117
f 154/138/10118 150/140/10119 145/133/10120
f 152/134/10121 148/137/10106 149/136/10122
f 160/147/10123 156/142/10124 155/139/10125
f 155/139/10126 157/143/10127 160/147/10128
f 165/151/10129 158/144/10130 162/148/10131
f 169/155/10132 161/146/10133 160/147/10123
f 161/146/10134 169/155/10135 170/2376/10136
f 168/154/10137 170/2376/10138 169/155/10139
