# Blender 4.2.3 LTS
# www.blender.org
mtllib hotdog.mtl
o dynamic
v 1361.577148 1152.572144 -1263.353394
v 1363.574951 1158.367432 -1264.211548
v 1360.458740 1159.087402 -1261.513794
v 1358.210083 1154.037231 -1259.541138
v 1361.702881 1148.150391 -1264.078125
v 1364.822510 1152.074829 -1265.702637
v 1358.280151 1149.413208 -1260.079102
v 1356.161865 1143.602417 -1257.423950
v 1358.961548 1143.659668 -1261.969727
v 1356.576172 1148.880981 -1257.104858
v 1355.249146 1147.184204 -1253.409424
v 1356.107422 1154.055664 -1254.601318
v 1357.883789 1158.975952 -1257.600708
v 1356.335815 1158.635620 -1252.789307
v 1355.321777 1152.104370 -1250.904297
v 1355.695435 1155.255005 -1247.743652
v 1355.518799 1150.409912 -1246.594849
v 1354.920898 1145.926758 -1249.038818
v 1356.470947 1147.870117 -1243.419678
v 1354.870483 1141.476807 -1252.992432
v 1354.905518 1141.411499 -1247.336304
v 1356.670776 1141.617676 -1242.427246
v 1355.066772 1137.214233 -1246.138306
v 1354.453979 1136.461304 -1250.782715
v 1354.404175 1133.029175 -1252.447144
v 1355.291748 1136.562866 -1256.020386
v 1354.223999 1130.644775 -1249.367432
v 1355.678467 1133.921509 -1244.045898
v 1353.701538 1122.079712 -1250.519409
v 1354.276367 1127.166748 -1254.151245
v 1354.165649 1122.574829 -1255.393799
v 1355.707031 1127.468018 -1258.636108
v 1355.376587 1132.390381 -1257.010376
v 1357.005005 1132.867554 -1260.298828
v 1358.749268 1127.539795 -1263.240723
v 1359.094604 1133.237549 -1262.928223
v 1358.969971 1138.378784 -1262.345703
v 1357.188110 1138.807373 -1259.860352
v 1360.951416 1137.255615 -1264.397705
v 1361.239746 1144.085083 -1264.218384
v 1365.041870 1144.067383 -1266.628540
v 1363.480957 1137.406738 -1266.127441
v 1361.240479 1132.027344 -1265.013672
v 1366.281616 1136.362305 -1267.401611
v 1365.145752 1129.497681 -1267.347656
v 1361.817749 1126.905273 -1265.749146
v 1364.619751 1126.352417 -1265.989136
v 1368.583374 1129.396973 -1267.541260
v 1369.641602 1131.926025 -1268.350952
v 1375.075317 1131.701660 -1267.583008
v 1368.943848 1138.139526 -1267.969971
v 1373.923218 1134.781128 -1267.884277
v 1375.361206 1142.114624 -1267.396118
v 1371.310059 1140.182007 -1268.012207
v 1369.008301 1146.036621 -1267.595825
v 1372.360352 1145.163086 -1267.829712
v 1370.958618 1150.627930 -1267.513428
v 1375.866211 1149.579468 -1266.879517
v 1371.514404 1154.859741 -1267.195923
v 1366.833862 1150.182373 -1266.730835
v 1366.427979 1157.838257 -1265.827637
v 1360.394775 1121.364868 -1263.094849
v 1357.081543 1116.354248 -1259.825684
v 1357.891724 1121.435791 -1262.704346
v 1354.680786 1115.590698 -1258.579834
v 1356.555908 1122.886353 -1260.922241
v 1354.384644 1118.696777 -1256.861450
v 1353.450439 1115.747681 -1253.593750
v 1353.975952 1110.542725 -1257.231812
v 1356.747681 1155.241211 -1243.597046
v 1356.481079 1158.992432 -1249.372437
v 1360.623779 1164.022827 -1254.175537
v 1358.429199 1165.691284 -1256.761719
v 1362.119873 1163.489380 -1259.269287
v 1357.966064 1163.832886 -1254.284912
v 1362.524048 1160.957764 -1257.291382
v 1364.315186 1156.521729 -1262.007446
v 1365.404663 1157.467529 -1264.168457
v 1363.833740 1160.118042 -1265.155151
v 1365.362793 1151.333374 -1265.027222
v 1366.061646 1152.351685 -1267.123901
v 1365.274536 1154.522705 -1268.734741
v 1364.652344 1149.845093 -1268.886230
v 1362.994751 1152.838501 -1270.335571
v 1361.958130 1157.404541 -1268.779175
v 1358.843506 1158.623169 -1265.756714
v 1360.973999 1161.584229 -1264.569092
v 1358.629517 1162.288696 -1262.126587
v 1356.623779 1164.697144 -1257.038940
v 1359.900391 1152.230225 -1269.250488
v 1362.159668 1149.512817 -1269.989136
v 1361.969849 1146.004639 -1268.141113
v 1359.062988 1144.784180 -1267.764648
v 1357.816284 1146.427856 -1267.820190
v 1357.187500 1148.759888 -1266.601440
v 1354.021118 1140.206055 -1264.047852
v 1354.307739 1143.818237 -1264.454224
v 1357.480835 1141.030273 -1265.376221
v 1354.538940 1136.580078 -1263.300903
v 1356.648071 1136.517334 -1262.558960
v 1355.822754 1132.908325 -1263.085327
v 1352.633789 1131.248413 -1263.766357
v 1355.101685 1128.387207 -1265.081665
v 1351.882812 1127.668579 -1264.394531
v 1354.565552 1122.039307 -1267.399902
v 1352.225098 1122.403809 -1265.042114
v 1353.296387 1117.044556 -1266.852905
v 1355.617188 1113.374268 -1270.075073
v 1353.710205 1111.774902 -1268.740601
v 1353.637817 1112.858643 -1265.200073
v 1352.189575 1108.827881 -1265.637207
v 1351.183716 1106.101807 -1266.561157
v 1354.330688 1108.430664 -1269.705200
v 1351.013672 1101.768188 -1266.664673
v 1348.720825 1098.884399 -1264.173950
v 1350.636230 1095.575439 -1264.634644
v 1354.121704 1099.918823 -1266.077515
v 1350.602173 1092.040894 -1264.736694
v 1352.678833 1094.727051 -1262.940552
v 1353.657593 1095.573853 -1261.705078
v 1352.998413 1090.992065 -1261.139404
v 1353.369507 1088.935303 -1263.105103
v 1353.269775 1084.157837 -1262.522827
v 1351.282837 1091.978516 -1258.011108
v 1349.874634 1096.999390 -1257.451416
v 1352.782715 1099.575073 -1258.667847
v 1352.832031 1094.072876 -1259.266479
v 1354.697388 1099.436890 -1260.543335
v 1356.972778 1103.124146 -1264.632202
v 1356.652466 1105.515503 -1262.883057
v 1359.300049 1110.316040 -1265.069580
v 1354.371094 1106.611816 -1262.078735
v 1356.385132 1110.091431 -1263.163086
v 1356.348389 1114.337402 -1263.144165
v 1358.498413 1112.887817 -1263.646729
v 1353.637817 1112.858643 -1265.200073
v 1353.296387 1117.044556 -1266.852905
v 1352.189575 1108.827881 -1265.637207
v 1352.308716 1106.921143 -1263.009766
v 1354.023438 1116.939575 -1263.517944
v 1352.318726 1122.386230 -1262.137695
v 1354.044312 1120.081421 -1261.796265
v 1353.466797 1126.186890 -1258.873291
v 1356.719360 1121.852173 -1260.564941
v 1354.290894 1129.728516 -1257.306152
v 1357.968628 1125.365479 -1260.709229
v 1358.986694 1118.425293 -1262.565796
v 1360.621704 1115.909546 -1265.867065
v 1359.859131 1120.067261 -1263.530640
v 1358.523926 1126.430786 -1262.477905
v 1359.302002 1123.131470 -1264.789795
v 1357.207764 1128.689819 -1263.713013
v 1357.862671 1122.960327 -1266.778320
v 1359.435791 1118.423096 -1267.842529
v 1359.801758 1113.675537 -1268.556274
v 1357.658325 1116.342285 -1269.623413
v 1357.554688 1109.561523 -1269.949463
v 1359.268433 1108.821411 -1267.579712
v 1357.063843 1104.707397 -1267.717529
v 1353.808105 1103.719604 -1268.434448
v 1357.104736 1133.182739 -1261.190186
v 1358.636719 1138.357056 -1261.282227
v 1357.342651 1131.165527 -1259.815796
v 1357.940063 1137.743530 -1258.965820
v 1361.027466 1142.605591 -1263.098267
v 1356.301880 1138.974976 -1257.110229
v 1359.673706 1143.766479 -1260.254395
v 1356.209106 1131.796143 -1257.772827
v 1354.514038 1134.753906 -1256.375122
v 1351.593872 1134.470825 -1257.202515
v 1353.055786 1138.896240 -1257.142578
v 1354.867432 1144.983765 -1260.740723
v 1356.290771 1143.801392 -1259.149902
v 1351.438599 1138.947021 -1259.270020
v 1354.574463 1145.468018 -1263.156128
v 1351.815308 1139.223267 -1261.625488
v 1350.243164 1132.579224 -1260.251343
v 1351.405884 1134.088379 -1262.271240
v 1351.882812 1127.668579 -1264.394531
v 1351.349243 1129.547241 -1258.536377
v 1351.061890 1126.212769 -1262.130371
v 1352.225098 1122.403809 -1265.042114
v 1352.633789 1131.248413 -1263.766357
v 1354.538940 1136.580078 -1263.300903
v 1354.021118 1140.206055 -1264.047852
v 1354.307739 1143.818237 -1264.454224
v 1357.187500 1148.759888 -1266.601440
v 1359.156128 1152.484131 -1266.057373
v 1357.812256 1149.501343 -1263.812744
v 1362.136353 1151.728882 -1263.203125
v 1360.229980 1148.535767 -1262.129639
v 1362.319214 1146.602905 -1262.771362
v 1364.056641 1146.689697 -1266.121216
v 1360.025024 1141.796875 -1264.667358
v 1349.098145 1102.018066 -1262.419800
v 1350.695679 1102.250610 -1260.041504
v 1347.892212 1098.510254 -1259.661621
v 1346.395508 1095.074219 -1261.348877
v 1347.410156 1093.732056 -1258.173340
v 1346.064697 1091.585205 -1260.399292
v 1348.720825 1098.884399 -1264.173950
v 1351.183716 1106.101807 -1266.561157
v 1359.156128 1152.484131 -1266.057373
v 1357.966064 1163.832886 -1254.284912
v 1360.623779 1164.022827 -1254.175537
v 1357.718018 1161.263794 -1254.419312
v 1355.946167 1162.140015 -1256.109741
v 1356.623779 1164.697144 -1257.038940
v 1357.280151 1160.872437 -1261.287842
v 1358.629517 1162.288696 -1262.126587
v 1358.843506 1158.623169 -1265.756714
v 1358.791382 1155.555420 -1265.859253
v 1361.958130 1157.404541 -1268.779175
v 1359.900391 1152.230225 -1269.250488
v 1362.994751 1152.838501 -1270.335571
v 1359.156128 1152.484131 -1266.057373
v 1362.136353 1151.728882 -1263.203125
v 1360.361328 1153.805176 -1263.198120
v 1358.881470 1157.781006 -1259.070190
v 1357.515137 1158.980957 -1260.059814
v 1362.721191 1155.250366 -1261.429077
v 1360.097778 1160.729858 -1254.921143
v 1362.524048 1160.957764 -1257.291382
v 1364.315186 1156.521729 -1262.007446
v 1365.362793 1151.333374 -1265.027222
v 1348.720825 1098.884399 -1264.173950
v 1346.395508 1095.074219 -1261.348877
v 1347.557251 1093.939331 -1263.772339
v 1350.636230 1095.575439 -1264.634644
v 1350.602173 1092.040894 -1264.736694
v 1348.108521 1089.925049 -1265.367310
v 1350.346924 1087.912964 -1267.031860
v 1353.369507 1088.935303 -1263.105103
v 1353.252808 1087.545898 -1265.760376
v 1352.080322 1084.509644 -1269.190186
v 1355.629395 1082.312866 -1266.083496
v 1355.455322 1082.051392 -1268.961548
v 1357.612305 1077.157715 -1268.886841
v 1354.380371 1079.145142 -1272.184570
v 1357.439941 1076.677124 -1271.775146
v 1357.090820 1073.534058 -1274.407227
v 1359.455200 1070.881104 -1272.786011
v 1358.745972 1070.299194 -1269.875732
v 1359.590332 1066.093384 -1272.046143
v 1359.697510 1064.919678 -1274.945190
v 1358.156128 1067.359863 -1276.293701
v 1355.222168 1065.373413 -1276.984863
v 1355.837524 1070.241943 -1275.896240
v 1356.951172 1061.168945 -1277.180176
v 1353.479736 1060.349976 -1276.907715
v 1353.841187 1055.052490 -1276.465332
v 1359.187012 1060.858643 -1274.338257
v 1356.586792 1056.004272 -1275.291992
v 1356.736694 1056.076660 -1272.109009
v 1354.079712 1051.485352 -1271.958252
v 1351.591919 1049.103516 -1273.413940
v 1349.307251 1050.702637 -1275.048096
v 1347.368286 1046.379272 -1273.409912
v 1350.717407 1046.448608 -1270.850342
v 1348.159302 1044.200562 -1272.170654
v 1344.980103 1041.859863 -1272.432373
v 1348.162842 1041.254028 -1270.486328
v 1346.768555 1039.589722 -1271.719238
v 1345.981445 1036.609741 -1272.878662
v 1347.645752 1036.190552 -1270.012329
v 1347.299927 1030.233398 -1274.572998
v 1347.238770 1029.520752 -1271.257446
v 1347.866089 1038.557007 -1268.163452
v 1349.660889 1044.901611 -1268.268799
v 1352.712158 1050.678711 -1269.806152
v 1350.802490 1050.740845 -1268.205200
v 1353.662842 1056.998047 -1269.910156
v 1355.186401 1056.310059 -1270.401489
v 1358.617920 1060.772095 -1272.206055
v 1357.838135 1062.585815 -1270.884399
v 1356.352783 1067.888916 -1269.342651
v 1355.717163 1062.286865 -1270.547241
v 1355.968262 1072.997925 -1267.523804
v 1353.886963 1077.580933 -1265.127808
v 1356.574341 1076.723999 -1266.979858
v 1353.269775 1084.157837 -1262.522827
v 1347.910645 1025.810425 -1274.580933
v 1346.112061 1023.597351 -1273.041748
v 1347.893799 1020.426758 -1275.927368
v 1346.560425 1016.734375 -1276.739014
v 1349.174194 1015.751038 -1278.360840
v 1347.998413 1012.170044 -1278.937256
v 1345.846558 1011.364868 -1279.843994
v 1346.673950 1007.325073 -1280.104980
v 1348.771484 1006.301941 -1280.515381
v 1350.395752 1009.604980 -1280.841187
v 1349.606689 1004.634949 -1282.654541
v 1350.911133 1007.944824 -1284.426147
v 1348.386353 1007.663452 -1286.828613
v 1351.116333 1013.731201 -1281.847046
v 1350.437622 1010.722656 -1285.332275
v 1348.176514 1014.187805 -1285.488403
v 1349.562134 1015.620728 -1284.185181
v 1349.512207 1019.115784 -1281.168823
v 1347.392212 1021.006653 -1281.953003
v 1346.285767 1019.799561 -1282.979736
v 1342.807495 1023.458008 -1279.913086
v 1344.997559 1025.488403 -1279.562622
v 1345.048096 1017.084290 -1283.743286
v 1343.211426 1018.078125 -1281.354248
v 1346.806519 1009.966980 -1286.567749
v 1345.574463 1011.700745 -1285.393066
v 1344.202148 1012.696045 -1282.643677
v 1343.788574 1008.198792 -1283.717529
v 1343.900391 1005.929077 -1285.933716
v 1343.883423 1003.509277 -1286.314209
v 1341.357178 1000.871704 -1285.539917
v 1344.549683 1010.827087 -1281.927490
v 1344.639282 1007.287354 -1280.879150
v 1345.846558 1011.364868 -1279.843994
v 1346.673950 1007.325073 -1280.104980
v 1344.403564 1015.656677 -1278.333008
v 1346.560425 1016.734375 -1276.739014
v 1346.112061 1023.597351 -1273.041748
v 1343.980469 1021.274658 -1274.287354
v 1341.522217 1025.565674 -1273.299683
v 1342.724121 1020.767517 -1275.628784
v 1343.556885 1027.205566 -1270.477417
v 1345.341064 1029.823242 -1269.288330
v 1340.785645 1030.135864 -1271.163086
v 1342.994263 1033.370605 -1267.363770
v 1344.668335 1038.782471 -1265.632446
v 1342.155396 1037.204102 -1266.783325
v 1346.328979 1034.755249 -1267.391602
v 1340.659302 1034.667847 -1269.663696
v 1341.169556 1033.221191 -1273.215088
v 1341.429199 1039.722168 -1270.391479
v 1341.540039 1040.371460 -1267.692017
v 1342.807861 1045.761841 -1268.497559
v 1343.797119 1044.174316 -1266.075439
v 1346.416504 1051.643799 -1269.002808
v 1346.695923 1043.968384 -1265.751221
v 1347.553223 1048.788086 -1266.910400
v 1349.582031 1053.736206 -1268.879272
v 1350.802490 1050.740845 -1268.205200
v 1353.662842 1056.998047 -1269.910156
v 1349.660889 1044.901611 -1268.268799
v 1347.131470 1040.070068 -1266.353638
v 1347.866089 1038.557007 -1268.163452
v 1347.645752 1036.190552 -1270.012329
v 1347.238770 1029.520752 -1271.257446
v 1355.717163 1062.286865 -1270.547241
v 1351.856079 1058.000488 -1270.417236
v 1353.680542 1062.294067 -1271.296387
v 1349.634644 1056.978516 -1271.961060
v 1351.779297 1060.886963 -1274.484497
v 1345.813721 1051.594360 -1271.588623
v 1349.947021 1056.995483 -1274.664429
v 1350.688477 1054.751587 -1275.873901
v 1346.302612 1050.027344 -1273.482910
v 1343.084229 1044.557373 -1271.316162
v 1343.164185 1037.155273 -1272.974731
v 1345.549072 1030.917114 -1275.884644
v 1343.316040 1028.994507 -1277.330933
v 1341.068970 1027.481567 -1275.750977
v 1341.590942 1022.502136 -1276.862671
v 1342.834595 1017.759888 -1279.072632
v 1347.636597 1024.781494 -1278.642090
v 1349.213379 1020.250610 -1278.243652
v 1352.736450 1064.840210 -1273.779175
v 1353.285767 1069.516235 -1274.472412
v 1352.814819 1068.858398 -1271.742676
v 1354.159424 1067.629639 -1270.272339
v 1356.352783 1067.888916 -1269.342651
v 1351.416138 1074.501099 -1269.331543
v 1354.195557 1071.252441 -1268.366577
v 1351.820190 1075.861450 -1266.700684
v 1355.968262 1072.997925 -1267.523804
v 1353.886963 1077.580933 -1265.127808
v 1350.322632 1084.427612 -1261.084351
v 1349.364258 1082.037354 -1263.222778
v 1353.269775 1084.157837 -1262.522827
v 1351.282837 1091.978516 -1258.011108
v 1349.175415 1090.816650 -1257.944336
v 1349.874634 1096.999390 -1257.451416
v 1347.410156 1093.732056 -1258.173340
v 1346.064697 1091.585205 -1260.399292
v 1347.370117 1088.622070 -1259.604736
v 1346.962280 1085.859131 -1262.359741
v 1348.673218 1080.985596 -1265.815063
v 1346.261841 1088.950073 -1263.613892
v 1347.311401 1085.316406 -1265.688354
v 1349.221802 1084.384399 -1268.153931
v 1349.189453 1081.286987 -1268.473999
v 1351.151245 1080.271851 -1270.709595
v 1351.656860 1074.632446 -1271.642944
v 1353.331909 1074.899170 -1273.536987
v 1346.673950 1007.325073 -1280.104980
v 1348.771484 1006.301941 -1280.515381
v 1344.500488 1002.800903 -1279.263672
v 1344.639282 1007.287354 -1280.879150
v 1343.788574 1008.198792 -1283.717529
v 1339.429077 1002.433533 -1281.403442
v 1340.195679 1001.381470 -1279.008057
v 1340.010986 997.298584 -1277.297241
v 1336.847534 999.073364 -1279.157471
v 1337.121582 997.197571 -1277.125977
v 1332.905151 994.045654 -1277.245483
v 1335.657715 992.328186 -1275.152588
v 1333.302002 992.344482 -1275.402954
v 1330.348389 988.837952 -1275.195312
v 1333.308472 988.125793 -1274.083008
v 1334.966309 985.238525 -1275.854126
v 1329.799927 984.798950 -1274.321289
v 1332.500732 983.641052 -1274.439453
v 1338.496704 992.252075 -1276.673584
v 1343.930664 998.872131 -1279.395996
v 1342.714966 995.978516 -1280.346436
v 1338.794556 990.867737 -1279.380493
v 1341.148804 994.514282 -1282.014893
v 1336.323730 987.901794 -1279.583130
v 1338.324829 993.581177 -1282.949463
v 1344.513062 1000.034668 -1285.413940
v 1341.357178 1000.871704 -1285.539917
v 1334.142944 989.530334 -1281.506226
v 1332.354248 985.773438 -1280.945068
v 1333.943115 982.297119 -1278.764282
v 1332.213989 982.440308 -1281.175293
v 1328.536865 981.073975 -1282.331421
v 1330.292969 979.764648 -1283.632446
v 1326.592285 976.846863 -1283.254150
v 1327.903809 976.888977 -1285.449341
v 1329.520142 974.662109 -1288.739014
v 1327.885132 971.145203 -1289.231689
v 1326.698120 973.292603 -1283.731201
v 1330.594360 970.027710 -1292.434326
v 1329.139771 968.307007 -1287.458008
v 1330.854004 966.555786 -1291.553345
v 1335.337280 965.386047 -1295.418091
v 1334.011719 970.288330 -1293.435547
v 1337.374023 969.361755 -1293.706055
v 1339.069214 966.714050 -1296.087158
v 1333.989258 973.035767 -1288.942505
v 1331.941040 972.737122 -1291.193115
v 1331.553223 976.324341 -1286.425049
v 1332.541626 979.510132 -1282.192139
v 1333.170044 975.769165 -1284.820923
v 1333.209595 975.296997 -1281.865723
v 1334.766357 971.015442 -1286.647583
v 1331.987183 973.257812 -1281.144287
v 1332.652954 968.377869 -1285.682373
v 1338.865967 968.414429 -1291.951538
v 1336.030396 966.526184 -1288.184082
v 1339.329834 966.629578 -1290.605591
v 1339.377441 963.279297 -1291.753052
v 1341.128296 965.168396 -1293.348877
v 1334.327515 964.657715 -1289.314331
v 1329.139771 968.307007 -1287.458008
v 1326.698120 973.292603 -1283.731201
v 1328.682861 971.058350 -1283.049927
v 1327.645996 975.333374 -1279.194092
v 1330.354492 971.933655 -1281.660034
v 1329.782471 977.162048 -1276.905273
v 1328.923218 980.188965 -1275.369385
v 1332.110107 978.929504 -1276.534424
v 1327.532837 983.802490 -1276.403564
v 1326.556763 978.933899 -1278.918457
v 1327.093994 982.646362 -1279.135620
v 1326.592285 976.846863 -1283.254150
v 1328.536865 981.073975 -1282.331421
v 1332.354248 985.773438 -1280.945068
v 1328.939941 984.993652 -1280.133545
v 1332.050781 990.874451 -1280.641602
v 1329.623413 989.324463 -1278.187988
v 1333.457520 994.764893 -1280.598633
v 1338.172363 998.727539 -1283.982300
v 1335.392334 994.066772 -1282.564819
v 1335.747803 998.218872 -1280.814209
v 1340.945068 1003.768494 -1283.903198
v 1343.900391 1005.929077 -1285.933716
v 1341.357178 1000.871704 -1285.539917
v 1338.324829 993.581177 -1282.949463
v 1334.142944 989.530334 -1281.506226
v 1343.883423 1003.509277 -1286.314209
v 1348.386353 1007.663452 -1286.828613
v 1350.911133 1007.944824 -1284.426147
v 1347.535156 1001.939636 -1284.696045
v 1349.606689 1004.634949 -1282.654541
v 1345.906860 999.465454 -1282.997192
v 1346.436035 1001.074585 -1280.767700
v 1330.854004 966.555786 -1291.553345
v 1329.139771 968.307007 -1287.458008
v 1334.327515 964.657715 -1289.314331
v 1334.180786 963.999329 -1291.931519
v 1335.337280 965.386047 -1295.418091
v 1339.069214 966.714050 -1296.087158
v 1334.011719 970.288330 -1293.435547
v 1338.424927 963.163696 -1295.223511
v 1339.377441 963.279297 -1291.753052
v 1341.128296 965.168396 -1293.348877
v 1338.865967 968.414429 -1291.951538
v 1339.329834 966.629578 -1290.605591
v 1334.296753 953.940979 -1264.688599
v 1332.144409 956.770386 -1265.088013
v 1336.783447 957.590942 -1262.452881
v 1330.533325 952.674683 -1268.502930
v 1338.348511 953.072388 -1263.611938
v 1334.944580 950.523010 -1266.800049
v 1338.621582 948.648193 -1267.438232
v 1332.873413 949.112793 -1270.028687
v 1336.088257 946.842224 -1271.128296
v 1341.057129 946.348877 -1270.930786
v 1335.026367 946.142334 -1273.902954
v 1338.621582 945.110413 -1275.605103
v 1342.938477 946.387756 -1271.982056
v 1333.697021 946.312439 -1278.950684
v 1337.305908 945.508728 -1279.649536
v 1341.904053 944.797974 -1279.257324
v 1343.608643 944.853210 -1276.086060
v 1349.323486 946.676758 -1278.215942
v 1345.182495 946.504333 -1271.608887
v 1346.653809 950.066956 -1266.850220
v 1342.032715 949.634644 -1265.991577
v 1345.042114 952.026978 -1264.510132
v 1342.053467 954.928284 -1262.326416
v 1341.672241 960.397400 -1260.783569
v 1337.762939 961.835510 -1261.421631
v 1341.674438 966.395569 -1259.250000
v 1336.769287 967.922119 -1260.672607
v 1338.765747 970.341858 -1259.468506
v 1343.679321 974.619385 -1257.156738
v 1339.715820 975.956421 -1258.295044
v 1343.629639 980.586060 -1256.076050
v 1339.368408 982.309692 -1257.812256
v 1342.219604 985.937378 -1255.802490
v 1338.078613 986.336731 -1258.671753
v 1334.633179 985.421631 -1263.143799
v 1335.392578 981.572754 -1261.475464
v 1332.578979 979.804871 -1265.794434
v 1335.742798 977.598694 -1260.883179
v 1331.873291 974.091370 -1265.820190
v 1335.560791 973.914185 -1261.150269
v 1332.913452 970.817810 -1263.910889
v 1335.058105 965.333191 -1262.152588
v 1332.660767 965.202576 -1264.169800
v 1330.086792 967.669067 -1267.641968
v 1327.740112 964.453369 -1272.560059
v 1329.660767 962.015076 -1267.638672
v 1329.528076 971.475952 -1270.544312
v 1331.139526 976.739441 -1268.324829
v 1328.497559 970.308716 -1275.385742
v 1330.062622 975.946167 -1273.049194
v 1330.293457 976.271362 -1277.111938
v 1331.744141 982.180847 -1269.988647
v 1331.701660 982.102478 -1274.629272
v 1332.780029 982.195923 -1278.501709
v 1332.697266 986.723877 -1273.424316
v 1334.796509 988.189636 -1277.859497
v 1335.688721 984.690002 -1282.410522
v 1338.034912 991.320007 -1280.226685
v 1342.261230 996.251099 -1281.787231
v 1342.399048 993.537292 -1283.220581
v 1339.156738 989.000000 -1283.918579
v 1341.897461 988.068848 -1285.614258
v 1338.530151 983.131897 -1285.227661
v 1342.635498 992.138184 -1284.871460
v 1346.788208 993.684082 -1286.115479
v 1349.036865 992.315186 -1287.213623
v 1349.329712 997.503723 -1285.235840
v 1345.929077 987.082275 -1288.246094
v 1351.789551 987.722778 -1287.980713
v 1344.899902 983.040955 -1289.117798
v 1341.256348 982.540955 -1287.873413
v 1349.795166 982.048157 -1289.347290
v 1352.229858 977.412781 -1289.451660
v 1354.441895 982.782288 -1287.811768
v 1347.072388 977.615662 -1290.578247
v 1350.767090 974.113098 -1290.465576
v 1347.148560 971.969849 -1291.758545
v 1343.389038 977.651123 -1290.263184
v 1339.730957 975.554504 -1289.835815
v 1342.930786 972.181641 -1291.779053
v 1339.417480 969.626831 -1291.664062
v 1342.188232 967.363892 -1292.928711
v 1343.508179 963.476379 -1293.840088
v 1348.365601 966.805725 -1292.396973
v 1336.352661 965.479309 -1291.637573
v 1337.663818 961.627869 -1293.488892
v 1333.448242 962.901733 -1290.771118
v 1335.715210 957.789673 -1293.776367
v 1341.297729 958.317444 -1294.622314
v 1345.054199 958.653503 -1294.051270
v 1344.358765 954.229065 -1293.981934
v 1339.466187 954.143372 -1294.281494
v 1335.333862 954.112183 -1293.157104
v 1338.459229 950.139282 -1291.906128
v 1342.761841 951.483521 -1293.000977
v 1338.880859 947.260071 -1289.215454
v 1344.435791 948.631042 -1290.273926
v 1347.635498 952.273071 -1291.895142
v 1349.101196 955.394226 -1292.053833
v 1348.111328 948.366272 -1287.838745
v 1351.094482 951.164490 -1288.478027
v 1344.018677 946.264221 -1285.705933
v 1345.240112 945.306885 -1282.876709
v 1350.609375 947.729370 -1282.890381
v 1349.254517 947.208801 -1280.615112
v 1341.307983 945.349487 -1282.979980
v 1336.598755 945.247009 -1283.010132
v 1339.815796 946.087097 -1286.304932
v 1335.553467 947.924194 -1288.375732
v 1331.050049 947.858704 -1283.297607
v 1330.769165 949.773376 -1286.633057
v 1334.003296 951.003906 -1290.814575
v 1330.507202 952.552063 -1288.959595
v 1327.492798 953.770203 -1285.097046
v 1331.228027 957.287842 -1291.028931
v 1328.907593 956.842346 -1288.587158
v 1329.744995 961.443909 -1287.809204
v 1326.642578 958.468140 -1283.456421
v 1326.602661 961.431335 -1278.916626
v 1325.710571 956.459961 -1280.099243
v 1328.414795 964.330139 -1283.392090
v 1330.499146 970.169250 -1283.625977
v 1328.147705 966.745117 -1280.095215
v 1331.707397 966.952209 -1287.263794
v 1336.007568 971.044739 -1289.519531
v 1334.477417 973.326172 -1287.110107
v 1333.706543 975.259705 -1284.035645
v 1337.176392 977.654541 -1287.191040
v 1336.358765 979.900818 -1284.474365
v 1333.034058 979.293030 -1281.469604
v 1330.106689 972.872070 -1280.454590
v 1327.428101 965.309753 -1276.405396
v 1326.352051 959.913391 -1274.903320
v 1327.942383 959.281372 -1269.992676
v 1326.516113 955.757507 -1273.553223
v 1328.793335 956.708130 -1268.626099
v 1327.807739 952.657593 -1272.947876
v 1326.192871 954.039551 -1277.942871
v 1327.713989 951.027832 -1281.428711
v 1328.145386 950.267700 -1277.488159
v 1329.990356 949.516907 -1273.268433
v 1330.846680 947.608887 -1277.215820
v 1348.534180 960.880127 -1292.784546
v 1352.257446 970.472839 -1290.299805
v 1354.257568 973.259460 -1288.760742
v 1356.412354 967.291382 -1286.954590
v 1357.674683 971.706604 -1285.730713
v 1358.971802 977.311218 -1284.387939
v 1355.941284 976.613708 -1287.344971
v 1360.476807 974.384705 -1281.671753
v 1362.890503 978.886414 -1277.045898
v 1361.323730 980.453003 -1281.290161
v 1363.354858 983.178772 -1277.829346
v 1358.634644 981.697876 -1284.917480
v 1361.119629 985.828125 -1282.251465
v 1357.054565 986.412231 -1286.032471
v 1354.971069 992.873901 -1286.216064
v 1351.535522 994.198425 -1286.704224
v 1354.547485 998.965820 -1285.417114
v 1333.422852 960.033569 -1263.942139
v 1346.677490 957.174072 -1262.413330
v 1342.053467 954.928284 -1262.326416
v 1341.672241 960.397400 -1260.783569
v 1345.560669 964.320129 -1259.699829
v 1349.392700 964.736816 -1260.444824
v 1345.042114 952.026978 -1264.510132
v 1349.476929 954.524414 -1265.030029
v 1351.540161 959.520752 -1263.912842
v 1352.413818 964.012268 -1262.268677
v 1355.311768 963.084473 -1265.327637
v 1353.703857 957.415649 -1267.053711
v 1350.840820 952.301819 -1267.617310
v 1354.028564 954.398621 -1269.628540
v 1357.767822 963.566406 -1268.698364
v 1356.901489 958.574402 -1271.589233
v 1355.422363 953.440308 -1273.609863
v 1357.623657 957.408813 -1276.524780
v 1358.865723 962.832153 -1272.619751
v 1360.778320 970.113403 -1270.562866
v 1360.507080 967.268677 -1274.128296
v 1358.895508 961.488464 -1278.203003
v 1360.668457 968.065796 -1277.031860
v 1357.141235 956.050842 -1280.012329
v 1357.175293 958.534729 -1282.738037
v 1359.351685 965.013733 -1280.676758
v 1361.286133 971.950378 -1278.355957
v 1358.786499 967.984741 -1283.341797
v 1357.512329 962.954102 -1284.250000
v 1354.970459 958.025024 -1286.786011
v 1354.801758 962.476562 -1288.104126
v 1356.412354 967.291382 -1286.954590
v 1357.674683 971.706604 -1285.730713
v 1352.498413 964.559753 -1290.411621
v 1352.257446 970.472839 -1290.299805
v 1348.365601 966.805725 -1292.396973
v 1347.148560 971.969849 -1291.758545
v 1348.534180 960.880127 -1292.784546
v 1349.101196 955.394226 -1292.053833
v 1352.675781 958.613037 -1289.745728
v 1353.294678 955.301514 -1288.127563
v 1355.340942 953.319946 -1283.535645
v 1353.791748 951.947388 -1285.331787
v 1351.094482 951.164490 -1288.478027
v 1347.635498 952.273071 -1291.895142
v 1350.609375 947.729370 -1282.890381
v 1348.111328 948.366272 -1287.838745
v 1349.254517 947.208801 -1280.615112
v 1353.687012 950.121460 -1280.654175
v 1355.647949 952.420654 -1278.257812
v 1353.028809 949.507385 -1275.652954
v 1349.323486 946.676758 -1278.215942
v 1343.608643 944.853210 -1276.086060
v 1348.524536 946.991821 -1273.405151
v 1350.565674 949.576355 -1270.493286
v 1345.182495 946.504333 -1271.608887
v 1346.653809 950.066956 -1266.850220
v 1360.476807 974.384705 -1281.671753
v 1362.890503 978.886414 -1277.045898
v 1364.336304 983.113403 -1272.278564
v 1363.354858 983.178772 -1277.829346
v 1362.289917 974.332092 -1273.939697
v 1362.891113 976.872803 -1271.641846
v 1361.334595 974.975952 -1267.410400
v 1363.293091 979.837830 -1269.217896
v 1364.277222 984.961365 -1267.472534
v 1362.742676 982.507202 -1264.957520
v 1359.974243 977.468994 -1263.189697
v 1360.824707 983.291138 -1261.179932
v 1363.028809 987.423889 -1262.261719
v 1364.878174 990.607361 -1264.067627
v 1365.855225 990.302063 -1268.811035
v 1366.773560 995.828491 -1265.630371
v 1366.272095 997.507935 -1262.342773
v 1363.601318 993.657959 -1259.650879
v 1360.233521 987.999756 -1258.285278
v 1359.789795 993.091797 -1255.885986
v 1363.680298 998.202637 -1257.448242
v 1359.902954 999.341003 -1253.676880
v 1363.098633 1002.304871 -1255.130981
v 1365.003784 1003.792725 -1256.606567
v 1366.886963 1002.451172 -1260.250122
v 1368.360962 1002.540771 -1265.402344
v 1367.782837 1008.223328 -1258.520386
v 1369.276611 1008.226929 -1262.804810
v 1370.656982 1013.076965 -1265.403320
v 1369.771973 1012.772827 -1260.345337
v 1369.421875 1007.175232 -1266.626831
v 1368.794922 1005.103577 -1270.166870
v 1369.812378 1010.283447 -1269.473877
v 1368.273560 1001.553162 -1268.036255
v 1366.981201 995.334473 -1268.958618
v 1367.390625 998.248718 -1271.363525
v 1366.453979 994.238953 -1273.034302
v 1367.163818 1000.706848 -1273.857422
v 1365.882812 999.139282 -1276.468872
v 1366.177979 1005.146545 -1276.996948
v 1368.275757 1008.513184 -1273.705688
v 1366.895020 1012.233154 -1276.557495
v 1369.825562 1016.123108 -1272.101562
v 1370.866333 1022.885681 -1271.545532
v 1368.219971 1018.597595 -1275.301636
v 1370.961914 1017.062744 -1269.016113
v 1371.431396 1017.219604 -1266.070557
v 1372.368408 1023.337036 -1266.771606
v 1373.245850 1026.952759 -1264.535156
v 1372.614136 1028.485474 -1268.689941
v 1372.335938 1021.959045 -1264.351440
v 1371.117798 1018.811951 -1259.689941
v 1371.419800 1018.147583 -1262.073364
v 1372.499634 1024.761353 -1259.619141
v 1370.314087 1023.583435 -1254.852783
v 1370.389038 1020.802490 -1256.517578
v 1372.944092 1028.462524 -1258.259644
v 1373.952637 1030.837036 -1261.739624
v 1374.170898 1033.101196 -1265.053345
v 1374.469116 1033.993896 -1259.736084
v 1374.733154 1037.745483 -1257.172241
v 1375.475098 1039.975098 -1263.200562
v 1372.210449 1030.541992 -1254.838867
v 1369.425537 1026.553955 -1252.234863
v 1370.059692 1033.744019 -1250.219849
v 1372.166626 1036.110718 -1252.078613
v 1371.428101 1040.271606 -1249.523682
v 1374.220459 1041.902222 -1253.190552
v 1375.817505 1042.957886 -1257.616577
v 1373.953003 1044.829956 -1251.379150
v 1376.138184 1047.833496 -1254.841431
v 1375.400513 1051.228149 -1251.304688
v 1376.470459 1045.430054 -1260.446411
v 1377.389282 1054.182739 -1255.126953
v 1377.404419 1051.331665 -1259.287964
v 1377.997314 1055.775146 -1259.070557
v 1377.347168 1054.065430 -1263.026733
v 1376.380737 1049.827026 -1264.821533
v 1376.356445 1046.628784 -1263.215332
v 1375.371582 1043.836182 -1265.839478
v 1374.781494 1047.977539 -1268.205200
v 1373.045288 1052.557129 -1270.825439
v 1373.131104 1041.511597 -1270.194336
v 1375.706299 1054.124146 -1267.260742
v 1372.164429 1046.800049 -1271.626221
v 1370.476807 1043.575806 -1273.325073
v 1369.730591 1049.660767 -1273.629883
v 1366.031616 1044.585938 -1275.775146
v 1366.491821 1052.784546 -1274.957397
v 1371.382812 1055.425659 -1272.268066
v 1368.409668 1059.106689 -1273.812256
v 1372.138794 1060.592651 -1271.571411
v 1374.422607 1059.160034 -1269.474731
v 1375.662476 1064.297729 -1268.234741
v 1376.984863 1059.794556 -1265.732178
v 1378.434204 1064.577393 -1263.053223
v 1378.460205 1060.588745 -1260.922363
v 1378.717163 1060.902954 -1257.521240
v 1379.569946 1067.350830 -1258.501953
v 1378.863281 1063.307129 -1255.244141
v 1380.346924 1073.061035 -1257.169434
v 1379.322632 1071.429443 -1262.082031
v 1379.331299 1067.214111 -1254.101318
v 1377.503784 1061.926392 -1251.063721
v 1376.555176 1065.046631 -1247.978516
v 1378.286377 1071.229492 -1249.024170
v 1379.703125 1071.874268 -1252.777954
v 1379.749390 1077.529297 -1249.839111
v 1380.950195 1077.985474 -1255.592041
v 1381.402832 1082.670166 -1254.723755
v 1380.457275 1077.759399 -1260.101807
v 1380.819824 1081.803345 -1251.413330
v 1381.402466 1084.000244 -1258.232056
v 1379.853882 1082.349609 -1262.958496
v 1381.676147 1089.684082 -1259.229980
v 1382.105103 1088.574585 -1255.437988
v 1382.659180 1094.043945 -1254.747681
v 1381.700806 1087.861572 -1251.923584
v 1382.093506 1091.953857 -1251.294312
v 1380.413696 1087.675903 -1247.738892
v 1380.501953 1093.757568 -1246.041748
v 1378.815796 1083.009033 -1246.171753
v 1377.443848 1086.695312 -1243.505859
v 1378.591309 1089.013428 -1244.420776
v 1375.616333 1090.534790 -1240.963623
v 1377.619751 1095.324341 -1241.941162
v 1378.725708 1102.049927 -1241.879761
v 1380.582153 1098.503296 -1245.055908
v 1375.302856 1097.976562 -1239.602417
v 1376.329346 1105.877441 -1239.183594
v 1371.233032 1092.542847 -1238.214844
v 1372.193970 1098.378296 -1237.889160
v 1373.450317 1105.065674 -1237.641235
v 1374.156128 1112.349854 -1237.122803
v 1369.189819 1109.891846 -1236.045288
v 1370.263062 1103.677612 -1236.790283
v 1367.502686 1105.055664 -1236.389282
v 1367.323364 1098.839233 -1236.841431
v 1364.558105 1103.280518 -1236.735840
v 1363.735718 1097.171021 -1237.254150
v 1367.803467 1095.046265 -1237.141479
v 1367.173950 1089.581055 -1237.642334
v 1362.456543 1091.655762 -1237.859253
v 1360.809814 1098.506104 -1238.101318
v 1358.312500 1093.144165 -1239.618164
v 1358.820679 1086.834595 -1239.515015
v 1364.857056 1085.250366 -1238.021118
v 1361.392212 1083.841431 -1238.667114
v 1357.389282 1081.209961 -1240.500488
v 1360.524780 1076.244995 -1239.391602
v 1363.923340 1078.742432 -1238.660645
v 1364.925049 1073.121094 -1239.228516
v 1368.452881 1080.770874 -1238.817505
v 1368.572510 1076.762695 -1239.393677
v 1369.631958 1072.835938 -1240.390381
v 1372.386230 1073.944458 -1241.660156
v 1373.034180 1078.630249 -1241.168335
v 1375.628052 1079.276978 -1243.164307
v 1373.593750 1084.809814 -1240.491699
v 1368.748901 1084.644653 -1238.443359
v 1372.170776 1088.341309 -1239.173706
v 1375.718506 1071.972900 -1244.850342
v 1377.750488 1077.739502 -1246.075806
v 1371.638428 1067.896240 -1242.342896
v 1375.069458 1067.645508 -1245.284058
v 1372.773438 1061.275146 -1244.695801
v 1370.577759 1054.946411 -1244.390625
v 1369.582764 1060.280640 -1242.639404
v 1373.922729 1054.708496 -1247.732056
v 1375.053223 1060.223267 -1247.355591
v 1376.132935 1056.509033 -1250.483643
v 1377.685669 1057.590698 -1254.007202
v 1369.999146 1049.792480 -1245.279175
v 1372.530151 1048.249146 -1248.086792
v 1371.291138 1045.326050 -1247.623291
v 1367.351318 1044.221313 -1244.974243
v 1368.763916 1040.130981 -1246.992188
v 1366.061768 1035.678101 -1246.329590
v 1365.679565 1041.029297 -1244.860229
v 1362.030396 1040.426392 -1243.835938
v 1363.254761 1046.691650 -1242.932129
v 1360.281006 1052.827393 -1241.841309
v 1358.783813 1045.937378 -1242.829102
v 1366.994507 1050.615356 -1243.375488
v 1363.489136 1052.456787 -1241.992554
v 1365.913696 1056.789062 -1241.796143
v 1363.532471 1058.728149 -1241.057617
v 1361.307007 1064.452515 -1240.300659
v 1359.826294 1059.053711 -1241.127930
v 1367.762939 1062.742920 -1241.398560
v 1364.130127 1066.494263 -1240.018921
v 1360.220703 1070.286987 -1239.985718
v 1367.938354 1068.387207 -1240.458252
v 1357.173462 1070.102661 -1241.055908
v 1353.287964 1071.827148 -1244.110352
v 1356.011108 1076.449829 -1241.575317
v 1354.082275 1068.692261 -1243.279053
v 1356.517212 1063.281982 -1241.781006
v 1352.964111 1062.923340 -1244.343140
v 1355.484741 1058.810303 -1242.577515
v 1351.182007 1057.809326 -1246.016235
v 1354.004761 1053.162964 -1243.773071
v 1357.327637 1054.273682 -1242.183716
v 1356.197632 1048.478149 -1243.113159
v 1351.548706 1047.505371 -1245.684448
v 1353.764282 1042.850220 -1244.497681
v 1351.133179 1038.857056 -1246.250732
v 1356.241333 1037.492310 -1244.347046
v 1358.320068 1040.104126 -1243.704102
v 1349.867920 1045.808228 -1247.231323
v 1347.800781 1047.225098 -1250.140991
v 1347.982666 1041.337158 -1249.324585
v 1348.541260 1053.488525 -1249.564209
v 1351.560303 1053.035645 -1245.618774
v 1347.869263 1059.758667 -1252.821045
v 1347.142578 1052.400757 -1252.619385
v 1349.013916 1059.927368 -1249.693115
v 1350.365356 1062.867188 -1247.488403
v 1349.403687 1066.754761 -1250.067139
v 1349.377197 1072.491455 -1252.214722
v 1350.741089 1072.948730 -1247.941162
v 1351.317749 1066.445312 -1246.394653
v 1348.474731 1066.440186 -1253.932495
v 1349.050781 1072.648315 -1256.674072
v 1348.118774 1064.741333 -1256.889893
v 1349.274780 1070.249634 -1260.058594
v 1348.244507 1063.395142 -1259.812622
v 1347.380249 1058.652954 -1259.286987
v 1347.179932 1057.652466 -1255.659790
v 1346.843018 1054.634155 -1260.324463
v 1346.315552 1051.446289 -1256.117554
v 1345.729370 1048.174927 -1260.036743
v 1346.047852 1045.229126 -1253.580322
v 1345.236084 1045.060303 -1258.028687
v 1344.730103 1041.874146 -1261.445068
v 1344.410889 1039.137939 -1257.267456
v 1344.057251 1034.872314 -1256.033203
v 1343.575195 1035.849365 -1260.415527
v 1345.688965 1039.541382 -1252.909302
v 1347.574097 1036.970215 -1249.581665
v 1345.987305 1034.047729 -1251.462280
v 1347.422607 1029.008423 -1249.529907
v 1344.430176 1029.502930 -1253.644775
v 1349.612671 1032.650146 -1247.661133
v 1352.447754 1035.271362 -1245.778687
v 1349.545044 1024.826782 -1248.147827
v 1352.994873 1029.503540 -1246.202515
v 1353.878906 1023.891968 -1246.673950
v 1356.377930 1027.675781 -1245.715088
v 1356.892578 1032.356079 -1244.960938
v 1361.223389 1029.655762 -1245.876343
v 1360.486938 1035.151855 -1244.588013
v 1364.322876 1029.907104 -1246.930786
v 1361.625244 1023.568115 -1247.402710
v 1366.115234 1024.274048 -1249.713379
v 1367.797852 1030.240723 -1249.197876
v 1367.850098 1020.322754 -1252.807251
v 1364.485474 1019.802063 -1249.979004
v 1360.931763 1017.734497 -1248.673828
v 1365.111572 1015.236328 -1251.922607
v 1368.323853 1014.570435 -1256.170898
v 1365.187256 1009.195862 -1254.456055
v 1362.453857 1011.425842 -1251.241943
v 1361.420898 1004.632141 -1252.913086
v 1360.168335 1008.636108 -1250.918091
v 1357.135986 1012.121643 -1248.890381
v 1351.932129 1008.025452 -1249.616821
v 1355.691772 1007.409424 -1249.814087
v 1352.681763 1016.161255 -1248.072510
v 1356.924194 1016.820374 -1247.901611
v 1352.879639 1020.596191 -1247.295898
v 1358.165161 1021.142151 -1247.077637
v 1348.507080 1018.445374 -1249.230103
v 1350.103027 1013.304199 -1249.158569
v 1345.685181 1023.247253 -1251.284180
v 1347.033447 1013.120361 -1250.564819
v 1344.308350 1015.006226 -1252.578857
v 1341.687134 1011.653870 -1255.602905
v 1340.780518 1015.061890 -1257.813599
v 1342.534912 1019.319885 -1255.138916
v 1343.768677 1008.141418 -1253.059814
v 1343.755981 1003.930908 -1253.214600
v 1339.850464 1005.218628 -1257.599121
v 1348.524170 1007.962830 -1250.397583
v 1348.423096 1001.989685 -1251.274170
v 1349.203003 996.035706 -1252.168213
v 1343.257935 1000.368164 -1253.866211
v 1353.110596 1001.552856 -1250.882446
v 1345.834106 996.903625 -1252.875732
v 1344.126953 991.185547 -1254.269531
v 1342.148438 996.902161 -1254.895142
v 1338.708130 995.061096 -1258.204224
v 1339.919312 1000.288574 -1257.069214
v 1340.505493 992.171265 -1256.435669
v 1338.078613 986.336731 -1258.671753
v 1337.171021 990.026428 -1259.853027
v 1342.219604 985.937378 -1255.802490
v 1343.629639 980.586060 -1256.076050
v 1347.003662 983.877625 -1254.830078
v 1347.690552 976.721741 -1256.458984
v 1352.036621 982.477722 -1255.574707
v 1350.150146 986.901855 -1254.084229
v 1346.975830 989.769836 -1253.712891
v 1351.179810 992.723145 -1252.825073
v 1355.649048 990.805420 -1254.208862
v 1354.409302 998.550293 -1251.737915
v 1356.035034 995.679382 -1252.979126
v 1357.834595 1003.448242 -1251.425415
v 1355.682739 987.330872 -1255.409668
v 1357.867065 982.385742 -1258.540161
v 1354.496826 979.486328 -1257.474731
v 1355.878418 975.708557 -1259.675659
v 1354.593872 970.527771 -1260.975708
v 1351.096680 971.684082 -1258.664917
v 1358.284302 972.993896 -1263.407593
v 1350.549561 976.093872 -1257.077393
v 1356.643188 968.096497 -1264.031006
v 1359.721558 970.910889 -1266.903320
v 1347.097900 970.169922 -1258.171997
v 1343.679321 974.619385 -1257.156738
v 1341.674438 966.395569 -1259.250000
v 1336.190552 996.065979 -1262.631958
v 1335.103882 991.817017 -1263.938965
v 1334.633179 985.421631 -1263.143799
v 1331.744141 982.180847 -1269.988647
v 1333.625000 987.689880 -1266.368286
v 1332.697266 986.723877 -1273.424316
v 1333.626221 989.949097 -1269.165894
v 1333.771851 990.464294 -1273.821167
v 1335.085938 995.339905 -1272.733154
v 1335.228027 996.856140 -1267.450195
v 1336.361816 1000.604004 -1271.791138
v 1336.813599 1002.184204 -1264.203125
v 1336.904297 1004.226135 -1269.337402
v 1338.874634 1005.606384 -1274.471313
v 1337.692871 1007.911438 -1267.025146
v 1338.652222 1008.835144 -1271.161865
v 1339.451416 1013.688110 -1269.307617
v 1342.663208 1012.012817 -1275.544922
v 1340.879028 1014.767944 -1272.316040
v 1341.079102 1019.207703 -1268.721558
v 1343.031616 1020.784668 -1271.658813
v 1344.052856 1018.698730 -1274.978027
v 1346.160645 1017.610413 -1277.028809
v 1349.322998 1022.179565 -1277.837158
v 1347.275757 1024.447266 -1276.076904
v 1351.483276 1028.222900 -1277.906372
v 1349.715088 1029.260742 -1274.738037
v 1344.953125 1025.169189 -1272.146606
v 1342.402588 1025.812622 -1268.182495
v 1344.529541 1029.329346 -1270.479736
v 1347.628662 1030.175903 -1272.803223
v 1351.517700 1034.410156 -1274.768799
v 1347.078003 1034.415283 -1272.352417
v 1348.345337 1038.603027 -1272.150635
v 1345.172729 1036.194214 -1268.347534
v 1343.718994 1031.433960 -1267.899170
v 1351.974365 1039.520386 -1275.185425
v 1354.820801 1037.800537 -1275.990479
v 1355.679565 1042.802856 -1276.010010
v 1349.558716 1043.008789 -1271.971924
v 1353.589844 1045.538940 -1274.391846
v 1350.781494 1047.135864 -1271.686646
v 1353.557861 1050.579102 -1273.098633
v 1352.574341 1053.901489 -1269.907959
v 1349.427002 1054.266235 -1267.266846
v 1352.835938 1059.684937 -1269.802490
v 1348.741089 1049.282837 -1267.087524
v 1347.620483 1053.025391 -1264.314453
v 1346.649658 1049.169800 -1263.750000
v 1347.361816 1044.515991 -1268.140503
v 1346.549316 1041.121094 -1268.474243
v 1345.999512 1045.211304 -1264.239868
v 1344.592529 1039.439087 -1263.814087
v 1343.465088 1033.973633 -1264.721069
v 1342.696411 1030.749878 -1258.851074
v 1342.249878 1028.993164 -1263.826416
v 1341.460083 1024.843262 -1261.416626
v 1341.220459 1023.794556 -1265.371704
v 1339.967285 1017.902466 -1265.322632
v 1340.496704 1019.019653 -1260.628784
v 1338.521729 1011.313416 -1264.633057
v 1339.114136 1012.952515 -1262.191650
v 1338.017822 1006.581970 -1262.289917
v 1339.566284 1008.064392 -1258.790405
v 1337.669678 999.917847 -1260.532593
v 1342.153198 1024.699829 -1257.639648
v 1343.592041 1023.180969 -1254.030396
v 1348.199219 1057.558716 -1263.639038
v 1349.358887 1064.364868 -1262.249146
v 1350.708130 1060.873413 -1267.189209
v 1353.297363 1065.935303 -1268.894531
v 1351.880615 1064.250122 -1266.455811
v 1354.268677 1067.831543 -1267.243286
v 1352.079346 1067.596802 -1263.727051
v 1351.009766 1071.599487 -1263.532471
v 1354.732422 1072.483765 -1265.783691
v 1354.052246 1076.983276 -1266.500732
v 1351.770020 1076.826050 -1263.802612
v 1355.064331 1082.833374 -1267.042847
v 1354.343384 1086.417969 -1265.247803
v 1351.373657 1081.539673 -1261.483398
v 1350.763672 1085.612183 -1257.223267
v 1351.954346 1086.381470 -1260.972168
v 1349.877319 1079.139893 -1256.584229
v 1350.596191 1075.884888 -1261.479858
v 1349.788086 1077.108765 -1252.432373
v 1350.423706 1083.244873 -1252.568481
v 1350.745728 1087.881592 -1252.876221
v 1351.166870 1082.027710 -1248.699585
v 1352.092529 1087.338989 -1247.286255
v 1352.813965 1081.864258 -1245.204346
v 1351.945557 1077.367310 -1246.079346
v 1355.238281 1082.679199 -1242.239746
v 1353.554565 1087.539062 -1244.433228
v 1356.031128 1090.104370 -1241.571533
v 1355.326782 1095.467163 -1242.371094
v 1353.462036 1092.626709 -1244.935181
v 1355.040771 1099.802002 -1242.820312
v 1352.075928 1092.709839 -1248.350464
v 1352.798096 1099.005737 -1247.514038
v 1355.014160 1105.176514 -1243.168213
v 1353.604126 1106.332397 -1246.279175
v 1352.386475 1103.361938 -1250.766113
v 1351.971680 1098.081909 -1250.998535
v 1352.140503 1099.264160 -1255.165161
v 1351.281494 1092.459595 -1253.661255
v 1352.118774 1094.932373 -1257.576172
v 1351.846924 1090.420410 -1257.970825
v 1354.768677 1094.720947 -1262.918701
v 1354.426025 1090.574707 -1264.228882
v 1354.762573 1098.566528 -1262.323853
v 1353.261963 1100.154175 -1259.512573
v 1352.808228 1104.951660 -1255.385010
v 1354.252808 1106.315063 -1259.508667
v 1353.975952 1110.542725 -1257.231812
v 1353.126709 1110.511353 -1254.241089
v 1354.680786 1115.590698 -1258.579834
v 1353.450439 1115.747681 -1253.593750
v 1353.603760 1116.791870 -1248.373413
v 1353.701538 1122.079712 -1250.519409
v 1352.921631 1110.053711 -1250.885742
v 1353.522339 1111.687134 -1247.679077
v 1355.055542 1117.097046 -1243.987427
v 1354.753418 1110.839233 -1244.036621
v 1357.020386 1111.397095 -1240.770752
v 1359.929077 1110.013306 -1238.312622
v 1358.368652 1104.212646 -1239.497803
v 1359.894287 1117.529907 -1238.285278
v 1357.302490 1117.586792 -1240.603149
v 1355.682007 1123.616211 -1243.248047
v 1357.835083 1123.935059 -1240.127197
v 1356.576782 1127.937744 -1241.883057
v 1360.678101 1128.317749 -1237.531006
v 1361.385132 1122.782471 -1237.215698
v 1366.366211 1122.702393 -1235.380737
v 1364.550903 1118.805786 -1235.915039
v 1369.962280 1120.760742 -1235.413940
v 1366.510986 1114.238403 -1235.840454
v 1363.341919 1114.907227 -1236.518188
v 1364.076294 1109.198853 -1236.471680
v 1361.237671 1105.239624 -1237.691650
v 1369.989502 1115.087280 -1235.790894
v 1372.849609 1118.097290 -1236.181396
v 1372.875244 1124.358887 -1235.655396
v 1376.518311 1115.579590 -1238.007080
v 1376.581299 1120.421143 -1237.516724
v 1380.014038 1117.896606 -1240.584961
v 1380.534180 1123.913086 -1240.246460
v 1376.294678 1124.796387 -1236.930664
v 1378.045898 1129.241333 -1237.490356
v 1373.292969 1130.364014 -1235.368286
v 1369.352173 1128.270020 -1234.930664
v 1382.403076 1131.981323 -1241.426880
v 1384.854492 1132.650513 -1245.666016
v 1384.617798 1139.140747 -1244.273193
v 1383.342041 1128.921631 -1243.251709
v 1383.567993 1122.494751 -1244.950439
v 1384.922607 1127.698853 -1247.161011
v 1385.063477 1124.120239 -1249.081299
v 1385.514771 1125.685547 -1252.401367
v 1385.784912 1133.418945 -1248.887085
v 1385.651001 1131.328003 -1255.625366
v 1384.313965 1126.504761 -1258.766235
v 1385.242676 1126.486816 -1255.771118
v 1383.837524 1131.843018 -1260.432251
v 1382.093262 1126.034668 -1262.680542
v 1382.960083 1120.007324 -1260.899292
v 1380.073486 1122.236450 -1264.718140
v 1375.929077 1127.193237 -1267.396484
v 1375.959839 1118.342041 -1267.540039
v 1380.394165 1118.269409 -1264.476807
v 1381.449341 1113.461670 -1262.929199
v 1378.058960 1113.470093 -1266.276489
v 1374.989258 1111.893677 -1268.100220
v 1378.018433 1107.093506 -1266.413696
v 1379.510498 1108.494019 -1265.005859
v 1380.407349 1104.132080 -1263.737427
v 1382.393311 1109.170288 -1260.966675
v 1382.683228 1103.207031 -1259.411133
v 1383.572876 1108.620728 -1257.433960
v 1383.923828 1114.520874 -1257.823608
v 1384.399536 1113.014160 -1254.588623
v 1384.469482 1120.899536 -1257.263672
v 1385.023438 1119.280396 -1252.906982
v 1384.205078 1118.423096 -1247.675049
v 1384.434814 1115.563232 -1250.102051
v 1383.379761 1108.393799 -1248.628906
v 1383.835449 1107.292114 -1251.684204
v 1382.803589 1113.021729 -1245.573853
v 1381.685181 1106.028687 -1245.177856
v 1380.626343 1108.050903 -1243.048950
v 1380.296021 1113.411011 -1241.617554
v 1382.272949 1119.015991 -1243.295654
v 1378.286743 1108.979980 -1240.279663
v 1382.399048 1101.836670 -1247.873901
v 1383.320923 1100.203247 -1253.687012
v 1382.470093 1097.392334 -1249.969238
v 1383.744995 1106.015747 -1255.362793
v 1382.508789 1097.148315 -1258.459839
v 1381.133423 1099.056885 -1262.275146
v 1381.108276 1093.045288 -1261.640747
v 1378.391479 1093.753906 -1265.997070
v 1379.463501 1097.610718 -1264.696655
v 1379.187378 1086.385742 -1264.570801
v 1377.466187 1078.693970 -1266.515015
v 1376.123901 1083.329468 -1268.020386
v 1377.247192 1089.654785 -1266.959351
v 1372.975342 1089.466553 -1270.064331
v 1374.546387 1095.040527 -1268.930176
v 1376.803955 1100.373657 -1267.378174
v 1371.002319 1094.926636 -1270.345947
v 1370.711670 1100.367310 -1270.030273
v 1374.008545 1103.673096 -1268.846802
v 1372.125244 1106.860962 -1269.263916
v 1370.553833 1110.391113 -1269.312500
v 1367.724121 1103.589478 -1269.959839
v 1363.515015 1097.615479 -1269.838257
v 1363.651978 1105.354004 -1268.749756
v 1366.727295 1108.416382 -1269.244629
v 1366.792847 1096.798950 -1270.577515
v 1367.349121 1092.403564 -1270.993652
v 1363.207886 1091.756592 -1270.468628
v 1364.133179 1087.832031 -1271.226685
v 1360.021484 1087.030884 -1269.918945
v 1360.017944 1092.496338 -1268.983521
v 1357.625244 1088.624878 -1268.014893
v 1357.402222 1093.914429 -1266.934570
v 1360.755127 1098.418213 -1268.525269
v 1358.554443 1099.712646 -1266.316650
v 1360.251709 1103.588257 -1266.988403
v 1357.078491 1103.458496 -1264.697632
v 1360.403564 1107.784424 -1266.980347
v 1363.901489 1112.414917 -1268.238892
v 1361.635620 1113.880981 -1266.998657
v 1357.529053 1111.465576 -1263.838501
v 1355.192627 1106.093872 -1261.891235
v 1359.743286 1116.003296 -1263.182495
v 1361.763062 1117.960205 -1266.579834
v 1356.949463 1111.100830 -1261.037354
v 1353.975952 1110.542725 -1257.231812
v 1357.081543 1116.354248 -1259.825684
v 1354.252808 1106.315063 -1259.508667
v 1353.261963 1100.154175 -1259.512573
v 1354.762573 1098.566528 -1262.323853
v 1354.768677 1094.720947 -1262.918701
v 1354.426025 1090.574707 -1264.228882
v 1354.343384 1086.417969 -1265.247803
v 1355.064331 1082.833374 -1267.042847
v 1354.052246 1076.983276 -1266.500732
v 1358.008301 1082.131958 -1268.863159
v 1362.373901 1083.596191 -1269.995972
v 1358.437378 1079.129395 -1267.746460
v 1357.860229 1073.417480 -1268.661499
v 1361.867432 1078.559814 -1269.976074
v 1354.732422 1072.483765 -1265.783691
v 1354.268677 1067.831543 -1267.243286
v 1356.225830 1070.455811 -1270.352295
v 1353.297363 1065.935303 -1268.894531
v 1356.947632 1065.897705 -1271.701416
v 1352.835938 1059.684937 -1269.802490
v 1352.574341 1053.901489 -1269.907959
v 1356.208252 1059.639160 -1271.520020
v 1359.394409 1060.186768 -1273.729980
v 1355.649658 1055.198975 -1273.149902
v 1359.486328 1063.947388 -1272.385498
v 1360.062134 1069.307617 -1272.533569
v 1363.172607 1065.655640 -1273.529053
v 1363.874146 1060.765137 -1274.449707
v 1366.787598 1064.275513 -1273.737427
v 1366.417236 1070.908325 -1273.113403
v 1363.000732 1071.983643 -1272.942261
v 1366.522705 1077.879395 -1272.458740
v 1362.184326 1076.858154 -1272.104126
v 1359.860840 1074.784180 -1271.582520
v 1366.274170 1082.468994 -1271.387817
v 1369.160156 1082.509766 -1271.699219
v 1366.066528 1086.558960 -1270.897461
v 1369.912720 1087.184326 -1271.102661
v 1373.138672 1082.404175 -1270.210083
v 1373.455322 1075.953857 -1270.327759
v 1369.077393 1076.037964 -1272.188354
v 1371.281494 1071.083496 -1271.790283
v 1372.508911 1065.953735 -1271.200562
v 1369.605225 1065.505737 -1272.790527
v 1375.613525 1069.497681 -1268.433105
v 1375.258911 1073.113647 -1268.787964
v 1377.922119 1073.701538 -1265.541748
v 1377.716675 1067.816528 -1265.245483
v 1379.205933 1076.550171 -1263.407837
v 1360.490845 1057.046143 -1274.707642
v 1363.758423 1056.781494 -1274.946533
v 1361.550171 1052.584839 -1275.489502
v 1362.791748 1047.429443 -1276.284546
v 1357.248779 1049.976196 -1275.078491
v 1359.645508 1046.419800 -1276.409668
v 1355.679565 1042.802856 -1276.010010
v 1360.935059 1041.396851 -1276.296143
v 1360.012085 1037.340942 -1277.962280
v 1354.820801 1037.800537 -1275.990479
v 1364.452148 1039.677002 -1276.779663
v 1365.358276 1033.850342 -1277.122803
v 1362.502441 1034.519531 -1278.065552
v 1368.437500 1040.342285 -1274.893311
v 1367.862671 1033.076172 -1275.621948
v 1370.062378 1038.109863 -1273.630981
v 1372.195068 1035.451538 -1270.991943
v 1371.024170 1031.696045 -1272.446777
v 1369.883423 1027.683716 -1273.754761
v 1373.351440 1033.977783 -1268.403198
v 1374.342651 1039.713013 -1267.379028
v 1367.894165 1024.205811 -1275.795166
v 1365.485474 1026.555664 -1277.622437
v 1365.164307 1019.539001 -1278.301758
v 1361.556763 1028.657104 -1279.169434
v 1360.291748 1023.978638 -1280.180664
v 1355.468018 1022.358459 -1280.653198
v 1362.480347 1018.058960 -1280.051392
v 1359.446045 1018.697388 -1281.071289
v 1356.079956 1028.227173 -1279.247437
v 1356.724854 1033.609497 -1278.629639
v 1352.947510 1024.869385 -1278.994507
v 1351.483276 1028.222900 -1277.906372
v 1354.043213 1034.567627 -1276.686279
v 1352.491943 1019.261658 -1280.878174
v 1355.343506 1014.859924 -1282.311646
v 1351.741821 1013.400208 -1282.282715
v 1356.101685 1010.093872 -1283.237061
v 1351.354126 1007.439148 -1283.614380
v 1353.848877 1005.467468 -1283.426147
v 1360.098389 1008.063171 -1282.254028
v 1352.296997 1001.765015 -1284.763306
v 1356.297119 1002.079163 -1284.511475
v 1358.378174 1004.137451 -1283.359009
v 1361.156738 1002.321960 -1282.087036
v 1359.173340 996.019958 -1283.901245
v 1363.888794 1008.876770 -1279.666504
v 1363.946289 1001.465820 -1279.661621
v 1361.836548 993.376892 -1281.703125
v 1361.119629 985.828125 -1282.251465
v 1364.664673 994.189270 -1277.877319
v 1363.323608 989.570557 -1279.448242
v 1358.565918 989.939209 -1284.669556
v 1357.054565 986.412231 -1286.032471
v 1354.971069 992.873901 -1286.216064
v 1354.547485 998.965820 -1285.417114
v 1364.898926 989.451233 -1275.746948
v 1365.003540 986.961243 -1273.286987
v 1363.866089 1013.070984 -1279.610840
v 1359.381348 1013.616150 -1281.843506
v 1353.589844 1045.538940 -1274.391846
v 1353.557861 1050.579102 -1273.098633
v 1360.394775 1121.364868 -1263.094849
v 1363.312012 1121.004028 -1265.250488
v 1364.619751 1126.352417 -1265.989136
v 1367.374146 1125.846436 -1267.278687
v 1368.583374 1129.396973 -1267.541260
v 1370.258423 1126.683594 -1268.065552
v 1375.075317 1131.701660 -1267.583008
v 1372.272705 1125.294312 -1268.451050
v 1366.380127 1122.386475 -1268.109131
v 1369.672363 1120.945557 -1268.721436
v 1368.760132 1115.138062 -1269.064941
v 1366.060913 1116.558228 -1268.520874
v 1372.724121 1116.542603 -1268.670166
v 1354.560791 1127.700195 -1246.587769
v 1355.678467 1133.921509 -1244.045898
v 1354.223999 1130.644775 -1249.367432
v 1354.405029 1121.829956 -1246.187866
v 1358.303711 1098.091309 -1239.605591
v 1354.043213 1034.567627 -1276.686279
v 1352.947510 1024.869385 -1278.994507
v 1352.491943 1019.261658 -1280.878174
v 1349.340820 1017.488586 -1279.961426
v 1348.228882 1010.978577 -1281.809570
v 1351.741821 1013.400208 -1282.282715
v 1345.149292 1012.827148 -1278.815308
v 1341.990479 1009.167603 -1277.150391
v 1344.985229 1008.732849 -1280.733765
v 1347.625977 1005.027344 -1283.326904
v 1342.773682 1003.669128 -1281.169434
v 1338.977417 996.965088 -1280.192627
v 1339.965088 1003.839905 -1277.751953
v 1343.765747 1001.415588 -1282.501343
v 1346.937378 1000.415100 -1283.311890
v 1342.261230 996.251099 -1281.787231
v 1338.034912 991.320007 -1280.226685
v 1349.329712 997.503723 -1285.235840
v 1354.547485 998.965820 -1285.417114
v 1352.296997 1001.765015 -1284.763306
v 1353.848877 1005.467468 -1283.426147
v 1351.354126 1007.439148 -1283.614380
v 1334.796509 988.189636 -1277.859497
v 1336.078613 993.993652 -1277.435791
v 1337.669189 999.491760 -1276.611328
v 1382.093262 1126.034668 -1262.680542
v 1379.025513 1127.164917 -1265.647217
v 1380.073486 1122.236450 -1264.718140
v 1381.435669 1129.917358 -1263.571411
v 1383.837524 1131.843018 -1260.432251
v 1382.923218 1136.169556 -1262.102539
v 1385.651001 1131.328003 -1255.625366
v 1384.668579 1137.100708 -1259.249268
v 1385.875122 1137.172607 -1255.762329
v 1384.265015 1143.179077 -1260.389648
v 1385.866211 1143.229126 -1256.540283
v 1386.420044 1142.932739 -1254.131836
v 1384.760498 1148.601685 -1258.899902
v 1385.840332 1148.419922 -1256.262085
v 1386.552490 1149.909912 -1251.422852
v 1385.895752 1153.028442 -1255.416870
v 1385.324707 1155.248779 -1249.235352
v 1382.930420 1153.515259 -1261.017090
v 1383.651123 1157.098389 -1258.220459
v 1385.183960 1156.439575 -1253.844971
v 1382.077759 1160.519775 -1249.008301
v 1383.102051 1159.748291 -1254.542847
v 1380.474487 1161.209961 -1258.789185
v 1379.510864 1163.399780 -1254.010864
v 1378.876709 1162.780273 -1249.356201
v 1377.883057 1161.192993 -1243.177002
v 1376.187988 1163.350830 -1245.567383
v 1377.243164 1164.739014 -1250.676392
v 1373.215942 1164.585205 -1249.136475
v 1372.627808 1166.314575 -1254.001709
v 1372.856812 1163.639282 -1244.853271
v 1370.351196 1166.061523 -1250.294678
v 1368.529175 1164.594116 -1246.099976
v 1371.044312 1164.704834 -1244.459351
v 1376.950928 1164.180176 -1254.001709
v 1376.628174 1164.909668 -1256.001587
v 1375.922852 1162.900635 -1261.549927
v 1370.857422 1165.060913 -1260.678955
v 1366.001709 1161.903320 -1263.625244
v 1365.894409 1165.149780 -1259.171875
v 1369.240112 1165.544434 -1258.761841
v 1371.229004 1162.452759 -1263.952637
v 1376.190796 1159.083130 -1264.906616
v 1371.572754 1159.349121 -1266.010620
v 1371.514404 1154.859741 -1267.195923
v 1366.427979 1157.838257 -1265.827637
v 1363.574951 1158.367432 -1264.211548
v 1362.704468 1162.293457 -1261.206299
v 1360.458740 1159.087402 -1261.513794
v 1359.556030 1161.865967 -1257.404785
v 1357.883789 1158.975952 -1257.600708
v 1357.889648 1161.550171 -1252.786743
v 1356.335815 1158.635620 -1252.789307
v 1356.481079 1158.992432 -1249.372437
v 1359.430542 1161.895264 -1246.192871
v 1358.553589 1159.502197 -1244.094849
v 1356.747681 1155.241211 -1243.597046
v 1359.076172 1156.098755 -1240.751221
v 1359.910400 1152.356201 -1238.759888
v 1356.470947 1147.870117 -1243.419678
v 1358.439819 1146.251709 -1240.261719
v 1356.670776 1141.617676 -1242.427246
v 1358.943726 1140.921631 -1239.322754
v 1357.547363 1135.046753 -1240.879761
v 1355.678467 1133.921509 -1244.045898
v 1356.576782 1127.937744 -1241.883057
v 1359.184204 1132.580078 -1238.927979
v 1360.678101 1128.317749 -1237.531006
v 1365.371338 1131.694458 -1235.279541
v 1362.124634 1135.355347 -1236.693726
v 1364.947632 1126.734253 -1235.607788
v 1361.385132 1122.782471 -1237.215698
v 1366.366211 1122.702393 -1235.380737
v 1369.352173 1128.270020 -1234.930664
v 1373.292969 1130.364014 -1235.368286
v 1369.713379 1134.378662 -1234.670288
v 1367.968140 1141.519287 -1234.559326
v 1364.834229 1138.388794 -1235.337646
v 1372.179443 1140.526978 -1234.648193
v 1374.102051 1136.481567 -1235.162354
v 1376.390625 1142.366211 -1235.814941
v 1379.010864 1138.247437 -1237.517212
v 1377.275635 1133.503540 -1236.749634
v 1380.812012 1134.268921 -1239.369019
v 1378.045898 1129.241333 -1237.490356
v 1382.403076 1131.981323 -1241.426880
v 1382.493042 1138.940186 -1240.809448
v 1384.617798 1139.140747 -1244.273193
v 1385.988770 1139.505859 -1247.965332
v 1385.784912 1133.418945 -1248.887085
v 1385.336426 1145.005127 -1245.685181
v 1383.544800 1145.745728 -1242.050415
v 1380.776733 1142.395996 -1238.857788
v 1384.595825 1151.229614 -1244.151123
v 1381.695557 1150.221680 -1239.705688
v 1376.854614 1146.794678 -1235.933228
v 1379.427002 1151.361572 -1237.863403
v 1380.937134 1155.151123 -1240.573486
v 1380.399292 1158.002319 -1242.252075
v 1376.835327 1157.345825 -1239.238159
v 1375.246094 1155.817749 -1237.084717
v 1383.533691 1156.608521 -1245.724976
v 1385.804443 1151.146729 -1247.077881
v 1386.536621 1142.438232 -1250.921875
v 1386.222412 1135.936523 -1252.150024
v 1373.277588 1160.311157 -1239.372803
v 1371.964844 1154.879761 -1235.709229
v 1375.681274 1151.361816 -1235.789185
v 1371.885498 1149.565918 -1234.463623
v 1368.346191 1146.369751 -1234.613403
v 1371.984863 1145.547607 -1234.594360
v 1367.902710 1151.075073 -1234.633423
v 1366.008789 1154.271240 -1235.697754
v 1362.865234 1151.778076 -1236.515381
v 1363.918335 1145.415649 -1235.825073
v 1360.337158 1146.706909 -1238.317505
v 1360.770996 1139.785156 -1237.537720
v 1363.454590 1156.392822 -1237.443115
v 1368.087891 1160.667236 -1239.091919
v 1362.576172 1158.541382 -1239.296143
v 1369.125244 1158.605835 -1237.587646
v 1372.741943 1162.720581 -1242.521606
v 1375.208862 1161.505615 -1242.938599
v 1363.037354 1160.902466 -1241.142456
v 1367.180908 1163.281128 -1242.604614
v 1364.488525 1164.277344 -1244.820801
v 1365.448975 1165.853760 -1249.451904
v 1361.818481 1164.930664 -1250.138306
v 1366.010010 1166.493286 -1254.237427
v 1361.549072 1164.628662 -1255.110718
v 1368.515625 1167.036133 -1254.191284
v 1375.866211 1149.579468 -1266.879517
v 1376.411377 1153.421631 -1266.183594
v 1380.171265 1150.433838 -1264.420288
v 1379.858765 1156.074585 -1263.532837
v 1380.357544 1159.306030 -1261.665283
v 1382.661743 1146.871948 -1262.358032
v 1379.312744 1144.396240 -1265.483521
v 1380.246704 1136.839844 -1264.948853
v 1381.998535 1140.709229 -1263.320557
v 1375.361206 1142.114624 -1267.396118
v 1376.824097 1138.694214 -1266.901978
v 1377.870728 1132.521362 -1266.417969
v 1373.923218 1134.781128 -1267.884277
v 1375.075317 1131.701660 -1267.583008
v 1375.929077 1127.193237 -1267.396484
vn -0.8703 -0.0558 0.4893
vn -0.7472 -0.1021 0.6567
vn -0.8168 0.0839 0.5708
vn -0.7471 -0.1021 0.6568
vn -0.6590 0.0476 0.7506
vn -0.8167 0.0837 0.5710
vn -0.7469 -0.1020 0.6571
vn -0.5513 -0.1454 0.8215
vn -0.6590 0.0474 0.7507
vn -0.6118 -0.1373 0.7790
vn -0.5514 -0.1455 0.8214
vn -0.7469 -0.1022 0.6571
vn -0.6117 -0.1378 0.7790
vn -0.7469 -0.1022 0.6570
vn -0.7954 -0.0676 0.6024
vn -0.7472 -0.1017 0.6568
vn -0.8704 -0.0556 0.4892
vn -0.7956 -0.0676 0.6021
vn -0.4179 -0.1905 0.8883
vn -0.4057 -0.1769 0.8967
vn -0.6113 -0.1377 0.7794
vn -0.4178 -0.1905 0.8884
vn -0.6111 -0.1379 0.7794
vn -0.6228 -0.1374 0.7702
vn -0.6118 -0.1377 0.7789
vn -0.7953 -0.0674 0.6024
vn -0.6230 -0.1377 0.7700
vn -0.6109 -0.1456 0.7782
vn -0.4055 -0.1769 0.8968
vn -0.5511 -0.1456 0.8217
vn -0.4174 -0.1906 0.8885
vn -0.2113 -0.2124 0.9541
vn -0.4052 -0.1771 0.8969
vn -0.4052 -0.1775 0.8969
vn -0.2113 -0.2123 0.9541
vn -0.3119 -0.1663 0.9354
vn -0.3120 -0.1664 0.9354
vn -0.5512 -0.1453 0.8216
vn -0.4055 -0.1770 0.8968
vn -0.4004 0.0158 0.9162
vn -0.5513 -0.1455 0.8215
vn -0.3122 -0.1662 0.9354
vn -0.1530 -0.0500 0.9870
vn -0.4001 0.0157 0.9163
vn -0.0650 -0.1947 0.9787
vn -0.1528 -0.0499 0.9870
vn -0.3119 -0.1667 0.9354
vn -0.2109 -0.2122 0.9542
vn -0.0650 -0.1946 0.9787
vn -0.3118 -0.1668 0.9354
vn 0.0808 -0.1336 0.9877
vn -0.1527 -0.0502 0.9870
vn -0.0649 -0.1947 0.9787
vn 0.0813 -0.1336 0.9877
vn -0.0645 -0.1949 0.9787
vn 0.1797 -0.2306 0.9563
vn 0.1797 -0.2305 0.9563
vn -0.0645 -0.1947 0.9787
vn 0.0590 -0.2374 0.9696
vn 0.0587 -0.2374 0.9696
vn -0.0648 -0.1946 0.9787
vn -0.2109 -0.2123 0.9542
vn 0.1604 -0.2363 0.9583
vn 0.3985 -0.2186 0.8907
vn 0.1801 -0.2304 0.9563
vn 0.0588 -0.2375 0.9696
vn 0.0589 -0.2373 0.9697
vn -0.1415 -0.2346 0.9617
vn 0.1602 -0.2364 0.9584
vn 0.0588 -0.2374 0.9696
vn -0.1414 -0.2345 0.9618
vn 0.1604 -0.2361 0.9584
vn 0.4432 -0.2231 0.8682
vn 0.3984 -0.2184 0.8908
vn 0.2177 -0.2455 0.9446
vn 0.4432 -0.2229 0.8683
vn 0.1604 -0.2366 0.9583
vn 0.2173 -0.2456 0.9447
vn -0.0306 -0.2359 0.9713
vn -0.0307 -0.2359 0.9713
vn 0.1601 -0.2362 0.9584
vn -0.1414 -0.2344 0.9618
vn -0.1600 -0.2258 0.9609
vn 0.0705 -0.2372 0.9689
vn -0.0308 -0.2359 0.9713
vn -0.1603 -0.2257 0.9609
vn -0.3161 -0.2192 0.9231
vn -0.0310 -0.2357 0.9713
vn -0.1416 -0.2344 0.9618
vn -0.3163 -0.2191 0.9230
vn -0.0305 -0.2362 0.9712
vn 0.0706 -0.2371 0.9689
vn 0.2173 -0.2454 0.9448
vn 0.3542 -0.2392 0.9040
vn 0.0705 -0.2370 0.9689
vn 0.0081 -0.2302 0.9731
vn 0.0705 -0.2371 0.9689
vn -0.1808 -0.2175 0.9592
vn -0.1808 -0.2178 0.9591
vn 0.0702 -0.2371 0.9689
vn -0.1601 -0.2258 0.9609
vn 0.0079 -0.2297 0.9732
vn -0.1809 -0.2177 0.9591
vn -0.2685 -0.2081 0.9405
vn -0.4497 -0.1897 0.8728
vn -0.2686 -0.2081 0.9405
vn -0.1812 -0.2175 0.9591
vn -0.4498 -0.1900 0.8727
vn -0.1812 -0.2176 0.9591
vn -0.3299 -0.2055 0.9214
vn -0.1813 -0.2176 0.9591
vn -0.1606 -0.2257 0.9609
vn -0.3298 -0.2051 0.9215
vn -0.1604 -0.2258 0.9609
vn -0.3162 -0.2191 0.9231
vn -0.3299 -0.2051 0.9215
vn -0.3304 -0.2054 0.9212
vn -0.3165 -0.2192 0.9229
vn -0.5393 -0.1764 0.8234
vn -0.3302 -0.2055 0.9213
vn -0.5394 -0.1763 0.8234
vn -0.4500 -0.1900 0.8726
vn -0.5397 -0.1762 0.8232
vn -0.6750 -0.1478 0.7228
vn -0.5397 -0.1763 0.8232
vn -0.6946 -0.1369 0.7063
vn -0.6750 -0.1479 0.7229
vn -0.5399 -0.1763 0.8231
vn -0.6701 -0.1560 0.7257
vn -0.6946 -0.1370 0.7063
vn -0.5163 -0.1870 0.8358
vn -0.6700 -0.1560 0.7258
vn -0.5398 -0.1764 0.8231
vn -0.3165 -0.2194 0.9229
vn -0.5157 -0.1872 0.8361
vn -0.5394 -0.1764 0.8234
vn -0.5164 -0.1872 0.8357
vn -0.6227 -0.1376 0.7703
vn -0.6701 -0.1556 0.7258
vn -0.3168 -0.2191 0.9228
vn -0.4176 -0.1905 0.8884
vn -0.5155 -0.1875 0.8361
vn -0.4178 -0.1903 0.8884
vn -0.5159 -0.1872 0.8359
vn -0.6703 -0.1561 0.7255
vn -0.7779 -0.1227 0.6162
vn -0.6948 -0.1369 0.7061
vn -0.7779 -0.1228 0.6163
vn -0.6705 -0.1560 0.7253
vn -0.7988 -0.1045 0.5924
vn -0.6704 -0.1559 0.7254
vn -0.6231 -0.1375 0.7700
vn -0.7988 -0.1046 0.5924
vn -0.9236 -0.0350 0.3818
vn -0.7991 -0.1045 0.5921
vn -0.7955 -0.0676 0.6022
vn -0.7991 -0.1044 0.5920
vn -0.9236 -0.0352 0.3818
vn -0.8780 -0.0862 0.4708
vn -0.8781 -0.0862 0.4707
vn -0.7783 -0.1227 0.6158
vn -0.7991 -0.1042 0.5921
vn -0.6231 -0.1374 0.7700
vn -0.7952 -0.0676 0.6025
vn -0.7986 -0.1156 0.5907
vn -0.7784 -0.1227 0.6157
vn -0.8781 -0.0863 0.4707
vn -0.8281 -0.1033 0.5510
vn -0.8283 -0.1034 0.5507
vn -0.8781 -0.0862 0.4706
vn -0.9478 -0.1312 0.2906
vn -0.9588 -0.0351 0.2819
vn -0.8783 -0.0865 0.4702
vn -0.9235 -0.0350 0.3820
vn -0.8783 -0.0862 0.4703
vn -0.9588 -0.0353 0.2819
vn -0.9477 -0.1311 0.2909
vn -0.9017 -0.2424 0.3580
vn -0.8283 -0.1033 0.5506
vn -0.9478 -0.1312 0.2907
vn -0.9018 -0.2425 0.3576
vn -0.9478 -0.1313 0.2906
vn -0.9329 -0.2477 0.2612
vn -0.9329 -0.2480 0.2609
vn -0.9479 -0.1308 0.2905
vn -0.9912 -0.1208 0.0543
vn -0.9477 -0.1316 0.2908
vn -0.9988 -0.0457 0.0158
vn -0.9912 -0.1210 0.0543
vn -0.9478 -0.1316 0.2904
vn -0.9589 -0.0352 0.2815
vn -0.9988 -0.0458 0.0156
vn -0.9912 -0.1211 0.0540
vn -0.9988 -0.0458 0.0154
vn -0.9854 0.0330 -0.1669
vn -0.9851 0.0396 -0.1672
vn -0.9988 -0.0457 0.0155
vn -0.9798 0.0755 -0.1851
vn -0.9932 0.0159 0.1152
vn -0.9590 -0.0352 0.2813
vn -0.9932 0.0161 0.1149
vn -0.9798 0.0754 -0.1853
vn -0.9988 -0.0460 0.0152
vn -0.9933 0.0163 0.1148
vn -0.9975 0.0475 -0.0527
vn -0.9798 0.0752 -0.1853
vn -0.9798 0.0754 -0.1852
vn -0.9975 0.0475 -0.0532
vn -0.9545 0.1204 -0.2728
vn -0.9875 0.0191 0.1567
vn -0.9975 0.0477 -0.0527
vn -0.9933 0.0160 0.1146
vn -0.9545 0.1206 -0.2727
vn -0.9920 0.0874 -0.0916
vn -0.9920 0.0881 -0.0909
vn -0.9975 0.0475 -0.0526
vn -0.9875 0.0191 0.1564
vn -0.9963 0.0845 0.0161
vn -0.9919 0.0882 -0.0910
vn -0.9875 0.0190 0.1564
vn -0.9919 0.0877 -0.0914
vn -0.9963 0.0846 0.0157
vn -0.9401 0.1727 -0.2940
vn -0.9546 0.1202 -0.2725
vn -0.9919 0.0878 -0.0914
vn -0.9401 0.1728 -0.2939
vn -0.9836 0.1798 -0.0116
vn -0.9401 0.1729 -0.2939
vn -0.9836 0.1800 -0.0115
vn -0.9511 0.0088 0.3089
vn -0.9414 0.1546 0.2997
vn -0.9963 0.0842 0.0158
vn -0.9511 0.0093 0.3087
vn -0.9836 0.1799 -0.0115
vn -0.9510 0.0087 0.3091
vn -0.8706 -0.0557 0.4889
vn -0.9413 0.1544 0.3003
vn -0.8170 0.0839 0.5705
vn -0.9413 0.1547 0.2999
vn -0.8706 -0.0557 0.4888
vn -0.9874 0.0189 0.1569
vn -0.9236 -0.0351 0.3818
vn -0.9511 0.0090 0.3088
vn -0.9235 -0.0353 0.3819
vn -0.7954 -0.0678 0.6022
vn -0.9510 0.0089 0.3089
vn -0.9963 0.0845 0.0158
vn -0.7954 -0.0674 0.6023
vn -0.8706 -0.0558 0.4887
vn -0.9510 0.0088 0.3091
vn -0.9237 -0.0351 0.3815
vn -0.9874 0.0188 0.1569
vn -0.9932 0.0161 0.1150
vn -0.9932 0.0162 0.1151
vn -0.9589 -0.0355 0.2816
vn -0.9236 -0.0352 0.3817
vn -0.9018 -0.2424 0.3577
vn -0.9330 -0.2476 0.2611
vn -0.8798 -0.2673 0.3931
vn -0.7780 -0.2198 0.5886
vn -0.8340 -0.3169 0.4518
vn -0.8799 -0.2671 0.3931
vn -0.8340 -0.3169 0.4516
vn -0.9019 -0.2425 0.3575
vn -0.8798 -0.2672 0.3931
vn -0.8341 -0.3167 0.4517
vn -0.5147 -0.2538 0.8190
vn -0.4994 -0.1741 0.8487
vn -0.7779 -0.2200 0.5886
vn -0.5143 -0.2538 0.8192
vn -0.8339 -0.3167 0.4519
vn -0.8339 -0.3169 0.4519
vn -0.6755 -0.1480 0.7224
vn -0.9019 -0.2422 0.3576
vn -0.4996 -0.1737 0.8487
vn -0.6749 -0.1480 0.7229
vn -0.8340 -0.3168 0.4517
vn -0.5144 -0.2538 0.8191
vn -0.3438 -0.1897 0.9197
vn -0.4992 -0.1741 0.8488
vn -0.3438 -0.1898 0.9197
vn -0.2687 -0.2079 0.9405
vn -0.4991 -0.1740 0.8489
vn -0.2688 -0.2079 0.9405
vn -0.4496 -0.1900 0.8728
vn -0.4992 -0.1740 0.8489
vn -0.4501 -0.1897 0.8726
vn -0.6750 -0.1478 0.7229
vn -0.3435 -0.1898 0.9198
vn -0.1217 -0.2167 0.9686
vn -0.2684 -0.2082 0.9405
vn -0.1217 -0.2166 0.9686
vn -0.3434 -0.1897 0.9198
vn -0.5148 -0.2537 0.8189
vn 0.0082 -0.2302 0.9731
vn -0.2686 -0.2083 0.9405
vn -0.1214 -0.2167 0.9687
vn -0.5159 -0.1312 0.8465
vn -0.5147 -0.2536 0.8190
vn -0.7780 -0.2198 0.5885
vn -0.6753 -0.1480 0.7225
vn -0.8279 -0.1037 0.5511
vn -0.9019 -0.2423 0.3576
vn -0.6950 -0.1369 0.7059
vn -0.8280 -0.1031 0.5512
vn -0.6753 -0.1478 0.7225
vn -0.6950 -0.1369 0.7058
vn -0.8281 -0.1032 0.5510
vn 0.3545 -0.2394 0.9039
vn 0.4429 -0.2231 0.8683
vn 0.2177 -0.2451 0.9447
vn -0.3161 -0.2190 0.9231
vn -0.1416 -0.2346 0.9617
vn -0.1418 -0.2348 0.9617
vn -0.2114 -0.2122 0.9541
vn -0.4177 -0.1908 0.8883
vn 0.3985 -0.2185 0.8907
vn 0.4002 -0.0826 0.9127
vn 0.1800 -0.2307 0.9562
vn 0.4005 -0.0827 0.9126
vn 0.0815 -0.1341 0.9876
vn 0.0817 -0.1336 0.9877
vn 0.4006 -0.0828 0.9125
vn 0.1708 0.1745 0.9697
vn 0.0812 -0.1337 0.9877
vn 0.1703 0.1746 0.9698
vn -0.1527 -0.0499 0.9870
vn -0.4005 0.0156 0.9162
vn -0.6587 0.0472 0.7509
vn 0.7449 0.2972 0.5973
vn 0.5909 0.7412 0.3187
vn 0.5469 0.6826 0.4847
vn 0.1746 0.8231 -0.5403
vn -0.0402 0.8692 -0.4928
vn -0.3432 0.9288 0.1397
vn 0.5095 0.1729 -0.8429
vn -0.0403 0.8693 -0.4927
vn 0.1753 0.8232 -0.5400
vn 0.5096 0.1729 -0.8429
vn 0.1480 0.4899 -0.8591
vn -0.0404 0.8691 -0.4930
vn 0.5933 -0.0074 -0.8050
vn 0.1482 0.4902 -0.8589
vn 0.5090 0.1727 -0.8432
vn 0.1486 0.4900 -0.8590
vn -0.4133 0.8069 -0.4221
vn -0.0398 0.8693 -0.4926
vn 0.5931 -0.0078 -0.8051
vn 0.6095 0.0119 -0.7927
vn 0.1482 0.4901 -0.8590
vn -0.4133 0.8070 -0.4218
vn 0.1483 0.4901 -0.8590
vn -0.5798 0.5218 -0.6258
vn 0.6098 0.0122 -0.7924
vn -0.0527 0.1768 -0.9828
vn 0.1484 0.4902 -0.8589
vn -0.0526 0.1767 -0.9829
vn -0.5800 0.5214 -0.6259
vn 0.1485 0.4901 -0.8589
vn -0.0523 0.1767 -0.9829
vn -0.6270 -0.0986 -0.7728
vn -0.5800 0.5218 -0.6255
vn -0.5800 0.5218 -0.6256
vn -0.6271 -0.0986 -0.7727
vn -0.9832 0.1537 -0.0981
vn -0.9832 0.1539 -0.0981
vn -0.8492 0.4779 0.2248
vn -0.4129 0.8071 -0.4220
vn -0.5796 0.5219 -0.6258
vn -0.8493 0.4777 0.2247
vn -0.5646 0.7914 0.2344
vn -0.8492 0.4779 0.2246
vn -0.6239 0.1537 0.7662
vn -0.4131 0.8072 -0.4216
vn -0.8491 0.4779 0.2248
vn -0.5647 0.7914 0.2341
vn -0.0399 0.8692 -0.4928
vn -0.4133 0.8070 -0.4217
vn -0.5644 0.7915 0.2344
vn -0.0398 0.8693 -0.4927
vn -0.5646 0.7914 0.2342
vn -0.3434 0.9287 0.1397
vn -0.3433 0.9287 0.1399
vn -0.5649 0.7911 0.2346
vn -0.5587 0.4724 0.6817
vn -0.5587 0.4723 0.6818
vn -0.6240 0.1535 0.7662
vn -0.5588 0.4724 0.6816
vn -0.4670 0.2358 0.8523
vn 0.7450 0.2969 0.5973
vn 0.5465 0.6829 0.4847
vn 0.4865 0.3388 0.8053
vn -0.9832 0.1538 -0.0980
vn -0.6269 -0.0987 -0.7728
vn -0.9690 -0.2469 -0.0076
vn -0.9832 0.1539 -0.0985
vn -0.9690 -0.2468 -0.0079
vn -0.7345 -0.0353 0.6777
vn -0.6270 -0.0989 -0.7727
vn -0.6701 -0.4478 -0.5919
vn -0.9691 -0.2466 -0.0077
vn -0.9689 -0.2472 -0.0079
vn -0.8393 -0.2160 0.4989
vn -0.7344 -0.0353 0.6778
vn -0.6704 -0.4480 -0.5914
vn -0.9019 -0.4317 0.0169
vn -0.9690 -0.2468 -0.0073
vn -0.9690 -0.2469 -0.0077
vn -0.9018 -0.4318 0.0164
vn -0.8392 -0.2162 0.4991
vn -0.7344 -0.0354 0.6778
vn -0.8394 -0.2158 0.4988
vn -0.3367 0.1330 0.9322
vn -0.8393 -0.2162 0.4989
vn -0.5836 -0.0749 0.8086
vn -0.3365 0.1327 0.9323
vn -0.9018 -0.4319 0.0166
vn -0.8651 -0.2859 0.4122
vn -0.8392 -0.2161 0.4990
vn -0.8652 -0.2862 0.4118
vn -0.5834 -0.0752 0.8087
vn -0.8392 -0.2160 0.4991
vn -0.9019 -0.4317 0.0161
vn -0.8381 -0.4707 -0.2756
vn -0.8652 -0.2860 0.4120
vn -0.8381 -0.4708 -0.2755
vn -0.9922 -0.1243 0.0001
vn -0.8652 -0.2860 0.4119
vn -0.7024 -0.2218 -0.6763
vn -0.8765 0.3213 -0.3585
vn -0.9922 -0.1243 0.0010
vn -0.8380 -0.4709 -0.2757
vn -0.7025 -0.2220 -0.6762
vn -0.9923 -0.1241 0.0004
vn -0.8763 0.3217 -0.3587
vn -0.9580 0.1857 0.2187
vn -0.9923 -0.1242 0.0006
vn -0.8763 0.3212 -0.3590
vn -0.9252 0.3781 0.0337
vn -0.9580 0.1858 0.2183
vn -0.9251 0.3783 0.0332
vn -0.7063 -0.0602 0.7053
vn -0.9579 0.1856 0.2188
vn -0.9251 0.3784 0.0332
vn -0.9042 0.1566 0.3973
vn -0.7063 -0.0604 0.7053
vn -0.9043 0.1565 0.3972
vn -0.4256 -0.3200 0.8464
vn -0.7063 -0.0603 0.7053
vn -0.9043 0.1566 0.3972
vn -0.7063 -0.0657 0.7048
vn -0.4254 -0.3199 0.8466
vn -0.9135 0.0271 0.4059
vn -0.4367 -0.0848 0.8956
vn -0.7065 -0.0657 0.7046
vn -0.9135 0.0269 0.4060
vn -0.7062 -0.0657 0.7050
vn 0.0892 -0.4437 0.8917
vn -0.4372 -0.0851 0.8953
vn 0.0580 -0.1518 0.9867
vn -0.4370 -0.0848 0.8954
vn 0.0588 0.1275 0.9901
vn 0.0582 -0.1517 0.9867
vn -0.4371 -0.0849 0.8954
vn -0.4604 -0.0602 0.8857
vn 0.0589 0.1274 0.9901
vn -0.8933 -0.1746 0.4142
vn -0.8733 -0.3158 0.3709
vn -0.4598 -0.0602 0.8860
vn -0.8933 -0.1749 0.4140
vn -0.4598 -0.0601 0.8860
vn -0.4368 -0.0851 0.8955
vn -0.8733 -0.3160 0.3708
vn -0.6100 -0.1207 0.7831
vn -0.9716 -0.2339 -0.0345
vn -0.6098 -0.1206 0.7833
vn -0.8733 -0.3157 0.3710
vn -0.6930 -0.3690 -0.6193
vn -0.9716 -0.2342 -0.0345
vn -0.8733 -0.3157 0.3712
vn -0.6097 0.0417 -0.7916
vn -0.9716 -0.2342 -0.0347
vn -0.6925 -0.3693 -0.6197
vn -0.6100 0.0422 -0.7913
vn -0.8746 0.4174 -0.2468
vn -0.9715 -0.2343 -0.0347
vn -0.0927 -0.0907 -0.9916
vn -0.6099 0.0419 -0.7914
vn -0.6927 -0.3691 -0.6196
vn -0.0928 -0.0909 -0.9915
vn 0.2849 0.1949 -0.9385
vn -0.6096 0.0417 -0.7916
vn 0.2852 0.1947 -0.9385
vn 0.3562 0.3168 -0.8791
vn -0.6096 0.0418 -0.7916
vn -0.6098 0.0417 -0.7915
vn -0.4905 0.5645 -0.6639
vn -0.8746 0.4171 -0.2470
vn 0.7102 0.0345 -0.7031
vn 0.3561 0.3166 -0.8792
vn 0.2850 0.1948 -0.9385
vn 0.8382 -0.0577 -0.5424
vn 0.7104 0.0347 -0.7029
vn 0.2851 0.1947 -0.9385
vn 0.9697 0.1396 0.2006
vn 0.8381 -0.0577 -0.5425
vn 0.8993 0.2916 -0.3260
vn 0.8995 0.2913 -0.3256
vn 0.8380 -0.0578 -0.5426
vn 0.5262 0.0778 -0.8468
vn 0.8381 -0.0580 -0.5424
vn 0.2852 0.1946 -0.9385
vn 0.5263 0.0773 -0.8468
vn 0.5265 0.0774 -0.8467
vn 0.2853 0.1949 -0.9384
vn -0.0934 -0.0908 -0.9915
vn 0.4686 0.0833 -0.8795
vn 0.5265 0.0775 -0.8466
vn -0.0932 -0.0910 -0.9915
vn 0.8995 0.2916 -0.3254
vn 0.5262 0.0776 -0.8468
vn 0.4682 0.0833 -0.8797
vn 0.0541 -0.1118 -0.9923
vn 0.4684 0.0837 -0.8795
vn -0.0933 -0.0908 -0.9915
vn 0.7436 0.2158 -0.6328
vn 0.4681 0.0834 -0.8797
vn 0.0541 -0.1117 -0.9923
vn 0.8996 0.2911 -0.3256
vn 0.4683 0.0833 -0.8796
vn 0.7433 0.2163 -0.6330
vn 0.7436 0.2160 -0.6328
vn 0.0538 -0.1118 -0.9923
vn 0.5143 0.0574 -0.8557
vn 0.9923 0.1111 -0.0551
vn 0.7437 0.2163 -0.6325
vn 0.5141 0.0574 -0.8558
vn 0.9180 0.3756 0.1269
vn 0.8994 0.2913 -0.3258
vn 0.7435 0.2166 -0.6327
vn 0.9179 0.3759 0.1272
vn 0.7434 0.2164 -0.6329
vn 0.9923 0.1111 -0.0549
vn 0.9482 -0.2997 0.1052
vn 0.8839 0.0240 0.4670
vn 0.9923 0.1110 -0.0547
vn 0.9482 -0.2995 0.1058
vn 0.9923 0.1111 -0.0553
vn 0.8126 -0.0043 -0.5828
vn 0.8127 -0.0042 -0.5827
vn 0.9923 0.1108 -0.0551
vn 0.5141 0.0575 -0.8558
vn 0.8839 0.0237 0.4671
vn 0.9181 0.3756 0.1268
vn 0.8838 0.0237 0.4672
vn 0.9482 -0.2995 0.1054
vn 0.4837 -0.5152 0.7075
vn 0.0899 -0.4434 0.8918
vn 0.0583 -0.1516 0.9867
vn 0.4841 -0.5151 0.7073
vn 0.8840 0.0233 0.4669
vn 0.5738 0.2946 0.7642
vn 0.9180 0.3757 0.1272
vn 0.0590 0.1276 0.9901
vn 0.5738 0.2947 0.7641
vn 0.3589 -0.5834 0.7285
vn 0.0893 -0.4437 0.8917
vn 0.4836 -0.5155 0.7074
vn 0.3588 -0.5834 0.7286
vn 0.4836 -0.5149 0.7078
vn 0.8296 -0.4892 0.2692
vn 0.8294 -0.4893 0.2695
vn 0.4837 -0.5153 0.7075
vn 0.9483 -0.2993 0.1052
vn 0.8350 -0.5018 0.2258
vn 0.8295 -0.4892 0.2695
vn 0.9357 -0.2630 -0.2352
vn 0.3586 -0.5834 0.7287
vn 0.8296 -0.4892 0.2691
vn 0.8352 -0.5015 0.2256
vn 0.8298 -0.4888 0.2693
vn 0.9482 -0.2996 0.1055
vn 0.9356 -0.2630 -0.2355
vn 0.9598 -0.2294 -0.1618
vn 0.8351 -0.5017 0.2257
vn 0.9357 -0.2632 -0.2350
vn 0.9598 -0.2295 -0.1617
vn 0.9357 -0.2632 -0.2351
vn 0.6975 0.1173 -0.7069
vn 0.9357 -0.2630 -0.2351
vn 0.8036 -0.0362 -0.5940
vn 0.6975 0.1169 -0.7070
vn 0.9356 -0.2631 -0.2354
vn 0.9482 -0.2995 0.1056
vn 0.8035 -0.0362 -0.5942
vn 0.6974 0.1170 -0.7071
vn 0.8037 -0.0364 -0.5940
vn 0.3401 0.3387 -0.8772
vn 0.8037 -0.0363 -0.5939
vn 0.8129 -0.0044 -0.5824
vn 0.1366 0.2466 -0.9594
vn 0.3405 0.3388 -0.8771
vn 0.8037 -0.0361 -0.5939
vn 0.1365 0.2465 -0.9595
vn 0.9481 -0.2999 0.1055
vn 0.8126 -0.0040 -0.5827
vn 0.8036 -0.0361 -0.5941
vn 0.6978 0.1167 -0.7067
vn 0.3404 0.3387 -0.8772
vn 0.0570 0.4777 -0.8767
vn 0.3408 0.3387 -0.8770
vn -0.2711 0.5468 -0.7921
vn 0.0567 0.4777 -0.8767
vn 0.3407 0.3389 -0.8770
vn 0.1366 0.2465 -0.9595
vn -0.2711 0.5470 -0.7920
vn 0.0572 0.4780 -0.8765
vn -0.2713 0.5469 -0.7920
vn -0.5837 0.5641 -0.5840
vn -0.2709 0.5470 -0.7921
vn -0.8262 0.5016 -0.2564
vn -0.5841 0.5638 -0.5839
vn -0.2710 0.5470 -0.7921
vn -0.5605 0.4751 -0.6783
vn 0.1371 0.2465 -0.9594
vn -0.5604 0.4751 -0.6784
vn -0.2716 0.5468 -0.7920
vn 0.1367 0.2467 -0.9594
vn -0.5926 0.2162 -0.7760
vn -0.5603 0.4752 -0.6785
vn -0.5922 0.2162 -0.7762
vn -0.9415 0.2997 -0.1543
vn -0.5601 0.4752 -0.6786
vn -0.8264 0.5014 -0.2564
vn -0.5603 0.4750 -0.6786
vn -0.9413 0.3000 -0.1546
vn -0.9037 -0.0721 -0.4220
vn -0.9134 0.0269 0.4062
vn -0.9414 0.3000 -0.1542
vn -0.9414 0.2997 -0.1547
vn -0.9134 0.0270 0.4062
vn -0.9041 0.1566 0.3975
vn -0.5922 0.2159 -0.7764
vn -0.9038 -0.0722 -0.4219
vn -0.9414 0.2999 -0.1543
vn -0.8260 0.5017 -0.2568
vn -0.9414 0.2999 -0.1544
vn -0.9041 0.1565 0.3977
vn -0.1868 -0.0153 -0.9823
vn -0.5932 -0.2860 -0.7525
vn -0.9039 -0.0720 -0.4216
vn -0.1866 -0.0152 -0.9823
vn -0.9039 -0.0720 -0.4217
vn -0.5924 0.2162 -0.7761
vn -0.9036 -0.0723 -0.4222
vn -0.9165 -0.3612 -0.1721
vn -0.8930 -0.1746 0.4148
vn -0.9037 -0.0725 -0.4220
vn -0.8931 -0.1746 0.4147
vn -0.9133 0.0269 0.4064
vn -0.5931 -0.2862 -0.7525
vn -0.9167 -0.3608 -0.1719
vn -0.9039 -0.0723 -0.4217
vn -0.5931 -0.2861 -0.7526
vn -0.6926 -0.3692 -0.6197
vn -0.9167 -0.3607 -0.1720
vn -0.9165 -0.3611 -0.1722
vn -0.6928 -0.3691 -0.6195
vn -0.8732 -0.3157 0.3712
vn -0.9165 -0.3614 -0.1718
vn -0.8732 -0.3156 0.3713
vn -0.8930 -0.1748 0.4147
vn 0.0543 -0.1120 -0.9922
vn -0.5931 -0.2860 -0.7527
vn -0.1870 -0.0152 -0.9822
vn -0.5928 -0.2861 -0.7528
vn 0.0541 -0.1124 -0.9922
vn 0.5145 0.0573 -0.8556
vn 0.0543 -0.1116 -0.9923
vn -0.1870 -0.0154 -0.9822
vn 0.1368 0.2465 -0.9594
vn -0.1869 -0.0154 -0.9823
vn -0.5925 0.2163 -0.7760
vn 0.5147 0.0575 -0.8555
vn -0.1871 -0.0153 -0.9822
vn -0.5835 0.5642 -0.5841
vn -0.8265 0.5012 -0.2564
vn -0.9250 0.3783 0.0338
vn -0.9253 0.3778 0.0334
vn -0.9041 0.1565 0.3975
vn 0.0569 0.4777 -0.8767
vn -0.5837 0.5640 -0.5841
vn -0.2928 0.3006 -0.9077
vn -0.2927 0.3006 -0.9077
vn -0.5841 0.5639 -0.5838
vn -0.8765 0.3214 -0.3584
vn -0.8762 0.3215 -0.3590
vn -0.9251 0.3783 0.0335
vn -0.1708 -0.1837 -0.9680
vn -0.2928 0.3003 -0.9078
vn -0.7028 -0.2218 -0.6759
vn 0.4531 0.0919 -0.8867
vn -0.2929 0.3006 -0.9077
vn -0.1707 -0.1838 -0.9680
vn -0.2929 0.3005 -0.9077
vn -0.8763 0.3213 -0.3589
vn -0.7026 -0.2220 -0.6761
vn 0.2928 0.2758 -0.9155
vn 0.0568 0.4778 -0.8767
vn -0.2932 0.3005 -0.9076
vn 0.4528 0.0921 -0.8869
vn 0.2928 0.2757 -0.9155
vn -0.2923 0.3006 -0.9079
vn 0.2922 -0.1190 -0.9489
vn 0.4531 0.0918 -0.8867
vn -0.1707 -0.1839 -0.9680
vn 0.7834 0.2507 -0.5687
vn 0.4532 0.0920 -0.8867
vn 0.2923 -0.1191 -0.9489
vn 0.9075 0.2391 -0.3453
vn 0.7451 0.0595 -0.6642
vn 0.4527 0.0921 -0.8869
vn 0.7833 0.2509 -0.5688
vn 0.9075 0.2394 -0.3453
vn 0.4526 0.0924 -0.8869
vn 0.7455 0.0592 -0.6639
vn 0.2926 0.2759 -0.9156
vn 0.4531 0.0922 -0.8867
vn 0.9073 0.2390 -0.3459
vn 0.9978 -0.0239 -0.0611
vn 0.7454 0.0593 -0.6640
vn 0.9979 -0.0239 -0.0610
vn 0.7452 0.0595 -0.6642
vn 0.7452 0.0593 -0.6641
vn 0.9598 -0.2294 -0.1619
vn 0.6974 0.1168 -0.7071
vn 0.7455 0.0592 -0.6638
vn 0.6978 0.1169 -0.7067
vn 0.2931 0.2759 -0.9154
vn 0.7429 -0.2041 0.6375
vn 0.9597 -0.2294 -0.1622
vn 0.9978 -0.0239 -0.0613
vn 0.8375 0.2387 0.4916
vn 0.7429 -0.2039 0.6375
vn 0.9978 -0.0241 -0.0614
vn 0.8375 0.2387 0.4915
vn 0.9074 0.2391 -0.3457
vn 0.2338 0.0819 0.9688
vn 0.8376 0.2386 0.4914
vn 0.5558 0.4345 0.7088
vn 0.5558 0.4345 0.7087
vn 0.8377 0.2386 0.4912
vn 0.8835 0.4469 0.1400
vn 0.9073 0.2393 -0.3458
vn 0.8834 0.4471 0.1403
vn 0.2336 0.0817 0.9689
vn 0.7430 -0.2043 0.6373
vn -0.0365 0.2336 0.9716
vn 0.2342 0.0817 0.9687
vn 0.5557 0.4348 0.7086
vn -0.3960 -0.0520 0.9168
vn 0.2342 0.0816 0.9688
vn -0.0362 0.2335 0.9717
vn -0.3960 -0.0522 0.9167
vn -0.0680 -0.2499 0.9659
vn 0.2342 0.0815 0.9688
vn 0.2343 0.0818 0.9687
vn -0.0681 -0.2499 0.9659
vn 0.7431 -0.2041 0.6373
vn -0.3959 -0.0522 0.9168
vn -0.7365 -0.0877 0.6707
vn -0.0675 -0.2499 0.9659
vn -0.7065 -0.0604 0.7051
vn -0.0675 -0.2501 0.9659
vn 0.7433 -0.2041 0.6371
vn -0.0680 -0.2496 0.9660
vn 0.6020 -0.4817 0.6369
vn -0.0679 -0.2498 0.9659
vn -0.7066 -0.0604 0.7051
vn -0.0369 -0.4415 0.8965
vn -0.0682 -0.2500 0.9658
vn -0.0374 -0.4413 0.8966
vn 0.6021 -0.4818 0.6367
vn -0.0368 -0.4416 0.8965
vn -0.4258 -0.3197 0.8464
vn 0.3587 -0.5834 0.7287
vn -0.7067 -0.0605 0.7050
vn -0.4255 -0.3197 0.8466
vn -0.0368 -0.4415 0.8965
vn -0.0370 -0.4417 0.8964
vn 0.3592 -0.5833 0.7285
vn 0.6019 -0.4817 0.6369
vn -0.4257 -0.3202 0.8463
vn 0.0896 -0.4436 0.8917
vn 0.3588 -0.5836 0.7285
vn 0.6019 -0.4814 0.6371
vn 0.8353 -0.5016 0.2251
vn 0.9598 -0.2292 -0.1622
vn 0.6017 -0.4817 0.6371
vn 0.7430 -0.2041 0.6374
vn 0.3588 -0.5835 0.7285
vn 0.8351 -0.5018 0.2255
vn -0.9581 0.1856 0.2181
vn -0.7063 -0.0603 0.7054
vn -0.7362 -0.0877 0.6711
vn -0.9923 -0.1242 0.0002
vn -0.9581 0.1856 0.2182
vn -0.7363 -0.0876 0.6710
vn -0.9923 -0.1242 0.0005
vn -0.7363 -0.0875 0.6710
vn -0.8651 -0.2861 0.4120
vn -0.5835 -0.0751 0.8087
vn -0.8679 -0.2742 0.4143
vn -0.3956 -0.0522 0.9169
vn -0.8653 -0.2856 0.4119
vn -0.7361 -0.0876 0.6712
vn -0.3958 -0.0525 0.9169
vn -0.3367 0.1326 0.9322
vn -0.5833 -0.0748 0.8088
vn -0.0365 0.2334 0.9717
vn -0.3956 -0.0523 0.9169
vn -0.0363 0.2334 0.9717
vn -0.5834 -0.0746 0.8087
vn 0.2337 -0.0141 0.9722
vn -0.3370 0.1332 0.9320
vn 0.4594 0.4499 0.7659
vn -0.3368 0.1334 0.9321
vn -0.0362 0.2334 0.9717
vn 0.4592 0.4498 0.7660
vn 0.4596 0.4498 0.7658
vn 0.6952 0.4421 0.5667
vn 0.4597 0.4499 0.7657
vn 0.8825 0.4558 0.1156
vn 0.6953 0.4423 0.5665
vn 0.4599 0.4497 0.7657
vn 0.5561 0.4343 0.7086
vn 0.8824 0.4563 0.1150
vn -0.0367 0.2334 0.9717
vn 0.8981 0.0279 -0.4388
vn 0.8826 0.4557 0.1155
vn 0.7130 0.0926 -0.6951
vn 0.7833 0.2509 -0.5687
vn 0.7130 0.0929 -0.6950
vn 0.8825 0.4560 0.1152
vn 0.5561 0.4345 0.7085
vn 0.8835 0.4469 0.1403
vn 0.8824 0.4562 0.1152
vn 0.8824 0.4561 0.1153
vn 0.8836 0.4469 0.1401
vn 0.7833 0.2508 -0.5688
vn 0.7131 0.0925 -0.6949
vn 0.6095 0.0118 -0.7927
vn 0.8980 0.0274 -0.4391
vn 0.7131 0.0927 -0.6949
vn 0.2925 -0.1190 -0.9488
vn -0.0004 -0.2247 -0.9744
vn 0.6094 0.0119 -0.7928
vn 0.7132 0.0922 -0.6949
vn -0.0003 -0.2249 -0.9744
vn 0.7130 0.0926 -0.6950
vn 0.7834 0.2509 -0.5686
vn 0.2922 -0.1191 -0.9489
vn -0.0526 0.1771 -0.9828
vn 0.0002 -0.2248 -0.9744
vn -0.6271 -0.0984 -0.7727
vn 0.6097 0.0119 -0.7925
vn 0.0004 -0.2247 -0.9744
vn -0.0524 0.1771 -0.9828
vn -0.6272 -0.0985 -0.7726
vn -0.0001 -0.2250 -0.9744
vn -0.6705 -0.4477 -0.5916
vn 0.0002 -0.2250 -0.9744
vn 0.2928 -0.1189 -0.9488
vn -0.4394 -0.4328 -0.7871
vn -0.0003 -0.2252 -0.9743
vn -0.4387 -0.4329 -0.7875
vn -0.6704 -0.4475 -0.5919
vn 0.2924 -0.1190 -0.9489
vn -0.1705 -0.1838 -0.9681
vn -0.4393 -0.4326 -0.7873
vn -0.1703 -0.1838 -0.9681
vn -0.4392 -0.4326 -0.7874
vn -0.7025 -0.2221 -0.6762
vn -0.8382 -0.4705 -0.2757
vn -0.6702 -0.4479 -0.5918
vn -0.4393 -0.4327 -0.7873
vn -0.8382 -0.4706 -0.2756
vn 0.8834 0.4473 0.1399
vn 0.7833 0.2507 -0.5688
vn 0.6977 0.1170 -0.7067
vn 0.0569 0.4779 -0.8766
vn 0.2928 0.2759 -0.9155
vn 0.8128 -0.0044 -0.5825
vn 0.0534 0.1541 0.9866
vn 0.5740 0.2946 0.7640
vn 0.0587 0.1274 0.9901
vn 0.0537 0.1544 0.9865
vn 0.7543 0.3934 0.5256
vn 0.5741 0.2946 0.7639
vn 0.7542 0.3934 0.5257
vn 0.9181 0.3755 0.1267
vn 0.0535 0.1541 0.9866
vn 0.4747 0.1552 0.8664
vn 0.7543 0.3935 0.5256
vn 0.7545 0.3932 0.5255
vn 0.4743 0.1551 0.8666
vn 0.9697 0.1393 0.2004
vn 0.7545 0.3934 0.5253
vn 0.9697 0.1393 0.2006
vn 0.8994 0.2913 -0.3259
vn 0.7546 0.3932 0.5253
vn 0.8994 0.2914 -0.3258
vn 0.9181 0.3755 0.1272
vn -0.1367 -0.0475 0.9895
vn 0.6965 -0.1509 0.7016
vn 0.4741 0.1549 0.8667
vn -0.1363 -0.0473 0.9895
vn 0.4744 0.1549 0.8666
vn 0.0540 0.1540 0.9866
vn 0.4741 0.1551 0.8667
vn 0.6965 -0.1510 0.7015
vn 0.9698 0.1396 0.2001
vn -0.1366 -0.0474 0.9895
vn 0.2433 -0.3546 0.9028
vn 0.6963 -0.1511 0.7017
vn -0.6099 -0.1205 0.7833
vn 0.0539 0.1540 0.9866
vn -0.4599 -0.0602 0.8859
vn -0.6101 -0.1206 0.7831
vn -0.4602 -0.0599 0.8858
vn 0.0534 0.1543 0.9866
vn 0.0541 -0.1119 -0.9922
vn -0.0929 -0.0910 -0.9915
vn -0.6926 -0.3694 -0.6196
vn -0.9135 0.0269 0.4059
vn -0.8932 -0.1746 0.4145
vn -0.4368 -0.0850 0.8955
vn -0.6705 -0.4475 -0.5918
vn -0.8379 -0.4709 -0.2759
vn -0.7346 -0.0351 0.6776
vn -0.3366 0.1328 0.9322
vn 0.2338 -0.0143 0.9722
vn 0.7448 0.2974 0.5974
vn 0.7599 -0.6240 0.1824
vn 0.9147 -0.1155 -0.3873
vn 0.7448 0.2972 0.5974
vn 0.6020 0.0010 0.7985
vn 0.7600 -0.6239 0.1822
vn 0.6019 0.0012 0.7986
vn 0.7448 0.2971 0.5975
vn 0.4869 0.3386 0.8052
vn -0.4670 0.2358 0.8522
vn -0.3395 -0.1795 0.9233
vn 0.0011 -0.6248 0.7808
vn -0.4667 0.2357 0.8524
vn -0.5591 0.4723 0.6814
vn -0.3398 -0.1795 0.9232
vn -0.5589 0.4726 0.6814
vn -0.6239 0.1536 0.7663
vn -0.3396 -0.1793 0.9233
vn -0.0857 -0.4849 0.8703
vn -0.3397 -0.1795 0.9232
vn -0.7346 -0.0354 0.6776
vn -0.0857 -0.4852 0.8702
vn -0.6241 0.1536 0.7661
vn -0.8492 0.4778 0.2247
vn -0.7347 -0.0350 0.6774
vn -0.9832 0.1536 -0.0984
vn 0.2338 -0.0141 0.9722
vn -0.0859 -0.4848 0.8704
vn 0.2337 -0.0143 0.9722
vn 0.6834 -0.6095 0.4017
vn 0.4662 -0.7455 0.4763
vn -0.0858 -0.4850 0.8703
vn 0.4664 -0.7454 0.4763
vn 0.0549 -0.6919 0.7199
vn 0.4666 -0.7455 0.4760
vn 0.5097 -0.8472 0.1497
vn 0.5098 -0.8472 0.1494
vn 0.4666 -0.7454 0.4761
vn 0.6796 -0.7332 -0.0242
vn 0.0545 -0.6918 0.7200
vn -0.0860 -0.4853 0.8701
vn 0.4667 -0.7453 0.4761
vn 0.4664 -0.7456 0.4761
vn 0.6830 -0.6097 0.4021
vn 0.6795 -0.7333 -0.0241
vn 0.7367 -0.5257 -0.4253
vn 0.7148 -0.2586 -0.6497
vn 0.5090 0.1728 -0.8432
vn 0.5097 -0.8473 0.1492
vn 0.6796 -0.7332 -0.0240
vn 0.7367 -0.5254 -0.4257
vn 0.5934 -0.0074 -0.8049
vn 0.5090 0.1728 -0.8433
vn 0.7149 -0.2586 -0.6496
vn 0.6094 0.0120 -0.7928
vn 0.5930 -0.0080 -0.8051
vn 0.8981 0.0277 -0.4390
vn 0.6095 0.0120 -0.7927
vn 0.7149 -0.2589 -0.6495
vn 0.7368 -0.5256 -0.4253
vn 0.5093 0.1729 -0.8431
vn 0.9149 -0.1157 -0.3867
vn 0.7597 -0.6240 0.1827
vn 0.9148 -0.1157 -0.3870
vn 0.7598 -0.6240 0.1824
vn 0.5097 -0.8473 0.1491
vn 0.7368 -0.5254 -0.4256
vn -0.3400 -0.1794 0.9231
vn -0.0854 -0.4850 0.8704
vn 0.0548 -0.6920 0.7198
vn 0.0010 -0.6249 0.7807
vn -0.3397 -0.1793 0.9233
vn 0.0547 -0.6921 0.7197
vn 0.0009 -0.6249 0.7807
vn 0.5096 -0.8473 0.1496
vn 0.0011 -0.6247 0.7808
vn 0.5094 -0.8474 0.1496
vn 0.7598 -0.6241 0.1825
vn -0.6098 -0.1207 0.7833
vn -0.8156 0.0032 0.5786
vn -0.1364 -0.0472 0.9895
vn -0.9715 -0.2346 -0.0348
vn -0.8153 0.0032 0.5790
vn -0.6100 -0.1206 0.7832
vn -0.9716 -0.2343 -0.0348
vn -0.8745 0.4173 -0.2471
vn -0.8154 0.0032 0.5789
vn -0.8745 0.4173 -0.2473
vn -0.8208 0.1542 0.5500
vn -0.8153 0.0032 0.5791
vn -0.8745 0.4173 -0.2470
vn -0.8654 0.4913 0.0984
vn -0.8210 0.1540 0.5498
vn -0.4874 0.7096 -0.5088
vn -0.8655 0.4912 0.0987
vn -0.4908 0.5641 -0.6640
vn -0.4877 0.7094 -0.5088
vn -0.8746 0.4172 -0.2470
vn -0.4908 0.5646 -0.6636
vn 0.2549 0.4927 -0.8320
vn -0.4876 0.7095 -0.5087
vn -0.4877 0.7096 -0.5086
vn -0.6624 0.6989 -0.2699
vn -0.8653 0.4916 0.0984
vn -0.4176 0.7176 -0.5574
vn -0.6625 0.6987 -0.2699
vn 0.2552 0.4928 -0.8319
vn -0.4176 0.7177 -0.5573
vn -0.4873 0.7097 -0.5088
vn 0.1727 0.5065 -0.8448
vn -0.4245 0.6621 -0.6176
vn -0.4175 0.7176 -0.5575
vn 0.1728 0.5064 -0.8448
vn -0.4177 0.7175 -0.5574
vn -0.4176 0.7175 -0.5574
vn -0.4246 0.6623 -0.6173
vn -0.8540 0.5197 -0.0237
vn -0.4177 0.7177 -0.5571
vn -0.8541 0.5195 -0.0241
vn -0.6623 0.6990 -0.2697
vn 0.1727 0.5065 -0.8447
vn -0.1713 0.4943 -0.8522
vn -0.4246 0.6618 -0.6178
vn -0.8122 0.5128 -0.2782
vn -0.4246 0.6619 -0.6177
vn -0.1709 0.4945 -0.8522
vn -0.8121 0.5130 -0.2781
vn 0.1727 0.5064 -0.8448
vn 0.6594 0.1360 -0.7394
vn -0.1715 0.4941 -0.8523
vn 0.6593 0.1358 -0.7395
vn 0.3382 0.1836 -0.9230
vn -0.1711 0.4942 -0.8523
vn 0.3386 0.1836 -0.9228
vn -0.4008 0.2578 -0.8792
vn -0.1710 0.4943 -0.8523
vn -0.1709 0.4942 -0.8524
vn -0.8175 0.3540 -0.4543
vn -0.8121 0.5129 -0.2782
vn -0.1707 0.4944 -0.8523
vn -0.4008 0.2574 -0.8793
vn -0.8175 0.3538 -0.4544
vn -0.8174 0.3538 -0.4547
vn -0.8962 0.0053 -0.4437
vn -0.9080 0.0447 0.4165
vn -0.9422 0.2317 0.2419
vn -0.8173 0.3540 -0.4546
vn -0.9079 0.0440 0.4168
vn -0.4005 0.2576 -0.8793
vn -0.8962 0.0051 -0.4435
vn -0.8175 0.3538 -0.4545
vn -0.8120 0.5130 -0.2782
vn -0.8173 0.3539 -0.4547
vn -0.9421 0.2318 0.2422
vn -0.9080 0.0442 0.4166
vn -0.8962 0.0050 -0.4436
vn -0.8763 -0.0030 0.4818
vn -0.8962 0.0050 -0.4437
vn -0.9297 -0.2531 -0.2676
vn -0.8762 -0.0028 0.4819
vn -0.4007 0.2577 -0.8792
vn -0.1684 -0.0168 -0.9856
vn -0.8963 0.0053 -0.4434
vn -0.4353 -0.2552 -0.8634
vn -0.9298 -0.2531 -0.2673
vn -0.1683 -0.0172 -0.9856
vn -0.4350 -0.2551 -0.8635
vn -0.8963 0.0052 -0.4434
vn -0.4353 -0.2553 -0.8633
vn -0.6374 -0.3839 -0.6681
vn -0.9297 -0.2532 -0.2673
vn 0.3059 -0.1553 -0.9393
vn -0.0126 -0.2958 -0.9552
vn -0.4351 -0.2550 -0.8635
vn -0.1683 -0.0170 -0.9856
vn 0.3061 -0.1552 -0.9393
vn -0.4354 -0.2550 -0.8634
vn -0.0125 -0.2958 -0.9552
vn -0.4355 -0.2548 -0.8634
vn -0.6375 -0.3840 -0.6679
vn -0.8573 -0.3031 -0.4160
vn -0.9506 -0.3066 -0.0478
vn -0.9298 -0.2532 -0.2671
vn -0.6377 -0.3838 -0.6679
vn -0.9507 -0.3065 -0.0477
vn -0.6374 -0.3838 -0.6681
vn -0.7505 -0.2266 -0.6208
vn -0.8573 -0.3032 -0.4161
vn -0.1171 -0.2514 -0.9608
vn -0.6375 -0.3840 -0.6680
vn -0.1171 -0.2513 -0.9608
vn -0.7506 -0.2266 -0.6207
vn -0.6376 -0.3840 -0.6678
vn -0.8574 -0.3032 -0.4159
vn -0.7504 -0.2266 -0.6210
vn -0.9996 0.0266 -0.0115
vn -0.1177 -0.2514 -0.9607
vn -0.2768 -0.0245 -0.9606
vn -0.7507 -0.2267 -0.6206
vn -0.7390 0.1036 -0.6657
vn -0.9996 0.0266 -0.0116
vn -0.7505 -0.2268 -0.6208
vn -0.2766 -0.0241 -0.9607
vn -0.7391 0.1039 -0.6655
vn -0.7507 -0.2265 -0.6206
vn -0.7391 0.1033 -0.6656
vn -0.7683 0.4316 -0.4726
vn -0.9996 0.0265 -0.0116
vn -0.0843 0.2518 -0.9641
vn -0.7682 0.4315 -0.4730
vn -0.7391 0.1036 -0.6656
vn -0.2766 -0.0244 -0.9607
vn -0.0846 0.2517 -0.9641
vn -0.7388 0.1038 -0.6658
vn 0.4041 0.0782 -0.9114
vn -0.2812 0.4749 -0.8339
vn -0.0845 0.2519 -0.9640
vn -0.0842 0.2518 -0.9641
vn -0.2807 0.4750 -0.8340
vn -0.7682 0.4316 -0.4729
vn 0.2395 0.0361 -0.9702
vn -0.0844 0.2522 -0.9640
vn -0.2770 -0.0243 -0.9606
vn 0.4795 -0.0048 -0.8775
vn 0.2396 0.0357 -0.9702
vn -0.2767 -0.0244 -0.9607
vn 0.5469 -0.1003 -0.8312
vn 0.4800 -0.0049 -0.8773
vn -0.1173 -0.2515 -0.9607
vn 0.9083 0.1497 -0.3906
vn 0.4797 -0.0049 -0.8774
vn 0.5464 -0.1005 -0.8315
vn 0.4798 -0.0054 -0.8773
vn -0.2770 -0.0240 -0.9606
vn -0.1174 -0.2513 -0.9608
vn 0.9850 0.1691 -0.0345
vn 0.9083 0.1496 -0.3907
vn 0.8128 0.0071 -0.5825
vn 0.8126 0.0072 -0.5828
vn 0.9082 0.1494 -0.3909
vn 0.5465 -0.1005 -0.8314
vn 0.8740 -0.0141 -0.4857
vn 0.9849 0.1693 -0.0347
vn 0.8127 0.0072 -0.5826
vn 0.8126 0.0070 -0.5827
vn 0.3057 -0.1550 -0.9394
vn 0.5360 -0.0105 -0.8442
vn 0.8739 -0.0141 -0.4858
vn 0.5361 -0.0102 -0.8441
vn 0.8127 0.0075 -0.5826
vn 0.5467 -0.1006 -0.8313
vn 0.3058 -0.1548 -0.9394
vn 0.9841 -0.0629 0.1659
vn 0.8739 -0.0143 -0.4859
vn 0.9601 -0.2375 -0.1476
vn 0.9601 -0.2377 -0.1472
vn 0.6590 0.1359 -0.7398
vn 0.6592 0.1359 -0.7396
vn 0.8741 -0.0141 -0.4856
vn 0.3383 0.1832 -0.9231
vn 0.5362 -0.0106 -0.8440
vn 0.3383 0.1835 -0.9230
vn 0.9842 -0.0626 0.1659
vn 0.9850 0.1691 -0.0351
vn 0.8738 -0.0139 -0.4861
vn 0.9200 -0.2807 -0.2736
vn 0.9602 -0.2375 -0.1470
vn 0.6591 0.1362 -0.7396
vn 0.8875 -0.3983 -0.2318
vn 0.7110 0.1112 -0.6943
vn 0.9199 -0.2809 -0.2736
vn 0.6589 0.1359 -0.7398
vn 0.7110 0.1115 -0.6943
vn 0.8874 -0.3985 -0.2320
vn 0.7109 0.1115 -0.6944
vn 0.7101 0.0347 -0.7032
vn 0.7103 0.0347 -0.7030
vn 0.7111 0.1115 -0.6942
vn 0.2553 0.4927 -0.8319
vn 0.7112 0.1116 -0.6941
vn 0.1725 0.5063 -0.8449
vn 0.7112 0.1111 -0.6941
vn 0.6592 0.1360 -0.7396
vn 0.7103 0.0345 -0.7031
vn 0.2552 0.4927 -0.8319
vn 0.3561 0.3169 -0.8791
vn 0.5362 -0.0107 -0.8440
vn 0.3055 -0.1550 -0.9395
vn -0.1685 -0.0164 -0.9856
vn 0.3381 0.1835 -0.9230
vn 0.5350 -0.0178 -0.8446
vn -0.1686 -0.0169 -0.9855
vn 0.5467 -0.1005 -0.8313
vn -0.1176 -0.2510 -0.9608
vn -0.0127 -0.2957 -0.9552
vn -0.0126 -0.2957 -0.9552
vn 0.4040 0.0782 -0.9114
vn 0.7981 -0.2740 -0.5366
vn 0.2524 0.2910 -0.9228
vn 0.4041 0.0783 -0.9114
vn 0.2525 0.2910 -0.9228
vn -0.2811 0.4747 -0.8341
vn 0.7982 -0.2739 -0.5366
vn 0.6843 -0.0088 -0.7291
vn 0.7979 -0.2738 -0.5370
vn 0.8857 -0.4285 -0.1787
vn 0.6847 -0.0087 -0.7288
vn 0.6844 -0.0090 -0.7290
vn 0.8858 -0.4285 -0.1783
vn 0.7088 0.0473 -0.7038
vn 0.8859 -0.4283 -0.1784
vn 0.9449 -0.2283 -0.2346
vn 0.7089 0.0472 -0.7038
vn 0.8078 -0.4282 0.4051
vn 0.9448 -0.2282 -0.2350
vn 0.8857 -0.4287 -0.1785
vn 0.8080 -0.4281 0.4047
vn 0.9879 -0.0712 0.1378
vn 0.9448 -0.2283 -0.2349
vn 0.9448 -0.2284 -0.2347
vn 0.9879 -0.0713 0.1379
vn 0.8533 -0.0870 -0.5142
vn 0.9449 -0.2284 -0.2347
vn 0.8534 -0.0866 -0.5140
vn 0.5668 0.0470 -0.8225
vn 0.5673 0.0468 -0.8222
vn 0.8536 -0.0866 -0.5137
vn 0.2388 -0.1814 -0.9540
vn 0.5673 0.0466 -0.8222
vn 0.2389 -0.1812 -0.9540
vn -0.2356 0.0375 -0.9711
vn -0.6380 0.3721 -0.6742
vn -0.2355 0.0376 -0.9711
vn -0.9196 -0.0246 -0.3921
vn 0.0880 0.3844 -0.9190
vn -0.2356 0.0381 -0.9711
vn -0.6380 0.3723 -0.6741
vn 0.5672 0.0467 -0.8222
vn -0.2355 0.0378 -0.9711
vn 0.0877 0.3844 -0.9190
vn -0.6378 0.3721 -0.6744
vn -0.9195 -0.0247 -0.3922
vn -0.9371 0.3469 -0.0381
vn -0.6216 0.5753 -0.5316
vn -0.6377 0.3722 -0.6744
vn -0.9371 0.3469 -0.0382
vn 0.0875 0.3844 -0.9190
vn -0.6379 0.3724 -0.6741
vn -0.6218 0.5752 -0.5315
vn -0.2918 0.6254 -0.7237
vn 0.0874 0.3848 -0.9189
vn -0.6217 0.5751 -0.5317
vn -0.2917 0.6254 -0.7238
vn -0.6217 0.5754 -0.5315
vn -0.6952 0.6473 -0.3127
vn -0.6948 0.6473 -0.3134
vn -0.8880 0.4268 0.1710
vn -0.8880 0.4269 0.1709
vn -0.9371 0.3470 -0.0384
vn -0.8882 0.4266 0.1706
vn -0.8471 0.1307 0.5151
vn -0.7081 0.0709 0.7026
vn -0.8398 0.5411 0.0446
vn -0.8880 0.4269 0.1708
vn -0.7083 0.0708 0.7023
vn -0.8399 0.5409 0.0452
vn -0.6949 0.6474 -0.3129
vn -0.8880 0.4269 0.1707
vn -0.8881 0.4266 0.1710
vn -0.9371 0.3471 -0.0385
vn -0.8470 0.1310 0.5151
vn -0.9371 0.3469 -0.0385
vn -0.9537 0.1221 0.2748
vn -0.8471 0.1307 0.5152
vn -0.8473 0.1309 0.5147
vn -0.4447 -0.2612 0.8567
vn -0.8473 0.1309 0.5148
vn -0.6079 -0.0684 0.7911
vn -0.4446 -0.2612 0.8568
vn -0.8470 0.1307 0.5153
vn -0.9538 0.1222 0.2746
vn -0.6075 -0.0686 0.7914
vn -0.6074 -0.0687 0.7914
vn -0.9538 0.1220 0.2746
vn -0.7016 0.1026 0.7051
vn -0.6076 -0.0686 0.7912
vn -0.1224 -0.4000 0.9083
vn -0.4446 -0.2608 0.8569
vn -0.6074 -0.0684 0.7915
vn -0.1009 0.1629 0.9815
vn -0.1223 -0.4001 0.9083
vn -0.6077 -0.0685 0.7912
vn -0.7019 0.1024 0.7049
vn -0.1013 0.1627 0.9815
vn -0.9933 -0.0963 0.0644
vn -0.7015 0.1023 0.7052
vn -0.9537 0.1221 0.2750
vn -0.7015 0.1026 0.7053
vn -0.9933 -0.0962 0.0645
vn -0.9482 -0.1452 0.2826
vn -0.9194 -0.0244 -0.3926
vn -0.9932 -0.0965 0.0649
vn -0.9538 0.1220 0.2745
vn 0.3759 -0.3627 0.8527
vn -0.1016 0.1627 0.9814
vn 0.6892 0.2315 0.6866
vn -0.1226 -0.3999 0.9083
vn -0.1015 0.1626 0.9815
vn 0.3764 -0.3625 0.8526
vn 0.3766 -0.3626 0.8525
vn 0.6891 0.2315 0.6867
vn 0.8080 -0.4281 0.4048
vn 0.6888 0.2313 0.6870
vn 0.9879 -0.0712 0.1379
vn 0.8082 -0.4278 0.4047
vn 0.5658 -0.6487 0.5089
vn 0.3762 -0.3627 0.8526
vn 0.8080 -0.4281 0.4049
vn 0.5657 -0.6486 0.5093
vn 0.8080 -0.4280 0.4050
vn 0.8858 -0.4284 -0.1786
vn 0.7980 -0.2740 -0.5368
vn 0.7891 -0.5990 0.1363
vn 0.8857 -0.4284 -0.1788
vn 0.5657 -0.6489 0.5089
vn 0.8857 -0.4285 -0.1785
vn 0.7891 -0.5991 0.1359
vn 0.4251 -0.5852 0.6905
vn 0.4543 -0.6538 0.6051
vn 0.7891 -0.5990 0.1361
vn 0.4252 -0.5847 0.6909
vn 0.7891 -0.5991 0.1360
vn 0.8082 -0.5658 0.1632
vn 0.8083 -0.5657 0.1630
vn 0.7892 -0.5989 0.1359
vn 0.7980 -0.2739 -0.5369
vn 0.4545 -0.6538 0.6050
vn 0.5654 -0.6489 0.5092
vn 0.7892 -0.5989 0.1360
vn 0.8084 -0.5656 0.1629
vn 0.7980 -0.2739 -0.5368
vn 0.8398 -0.3135 -0.4432
vn 0.8631 -0.4530 0.2234
vn 0.8082 -0.5659 0.1631
vn 0.8398 -0.3136 -0.4432
vn 0.6561 -0.5331 0.5341
vn 0.4250 -0.5849 0.6909
vn 0.8632 -0.4528 0.2231
vn 0.6561 -0.5333 0.5340
vn 0.8083 -0.5658 0.1629
vn 0.9885 -0.1506 -0.0124
vn 0.8631 -0.4531 0.2232
vn 0.7492 -0.1342 -0.6487
vn 0.7614 -0.2613 0.5933
vn 0.8633 -0.4528 0.2230
vn 0.9885 -0.1505 -0.0125
vn 0.2061 -0.3104 0.9280
vn 0.8633 -0.4526 0.2233
vn 0.7614 -0.2612 0.5934
vn 0.8632 -0.4527 0.2234
vn 0.8397 -0.3136 -0.4433
vn 0.7490 -0.1345 -0.6488
vn 0.2062 -0.3100 0.9281
vn 0.6561 -0.5330 0.5342
vn 0.8634 -0.4524 0.2232
vn 0.2064 -0.3101 0.9280
vn -0.4847 -0.0196 0.8745
vn -0.0906 -0.3080 0.9471
vn -0.3525 -0.0489 0.9345
vn -0.4846 -0.0197 0.8745
vn 0.2063 -0.3104 0.9280
vn -0.3529 -0.0490 0.9344
vn 0.2064 -0.3102 0.9280
vn 0.3290 -0.1187 0.9369
vn 0.3290 -0.1189 0.9368
vn 0.2062 -0.3101 0.9281
vn 0.7619 -0.2610 0.5928
vn -0.3527 -0.0487 0.9345
vn 0.3291 -0.1189 0.9368
vn 0.1178 0.1094 0.9870
vn 0.1175 0.1094 0.9870
vn 0.8280 0.1047 0.5508
vn 0.3286 -0.1190 0.9369
vn 0.7614 -0.2611 0.5933
vn 0.8280 0.1045 0.5509
vn 0.5504 0.3407 0.7622
vn 0.1179 0.1092 0.9870
vn 0.5505 0.3408 0.7621
vn 0.8281 0.1045 0.5508
vn 0.9318 0.2981 0.2073
vn 0.9470 0.1124 -0.3008
vn 0.8279 0.1047 0.5510
vn 0.9885 -0.1505 -0.0119
vn 0.9318 0.2979 0.2073
vn 0.8279 0.1045 0.5510
vn 0.9470 0.1129 -0.3008
vn 0.8282 0.1045 0.5506
vn 0.7616 -0.2611 0.5931
vn 0.9885 -0.1509 -0.0124
vn 0.5505 0.3405 0.7622
vn 0.9318 0.2980 0.2073
vn 0.8630 0.3601 0.3543
vn 0.9317 0.2982 0.2074
vn 0.9081 0.1500 -0.3909
vn 0.9318 0.2981 0.2072
vn 0.9471 0.1126 -0.3006
vn 0.9083 0.1499 -0.3906
vn 0.8628 0.3604 0.3545
vn 0.9081 0.1496 -0.3911
vn 0.9083 0.1493 -0.3907
vn 0.9472 0.1127 -0.3002
vn 0.4795 -0.0052 -0.8775
vn 0.9472 0.1128 -0.3001
vn 0.7705 0.0092 -0.6374
vn 0.4796 -0.0046 -0.8775
vn 0.4798 -0.0049 -0.8774
vn 0.7708 0.0094 -0.6371
vn 0.2393 0.0359 -0.9703
vn 0.7707 0.0092 -0.6371
vn 0.7495 -0.1344 -0.6482
vn 0.2392 0.0361 -0.9703
vn 0.7492 -0.1344 -0.6485
vn -0.0847 0.2520 -0.9640
vn 0.2396 0.0361 -0.9702
vn 0.7494 -0.1341 -0.6484
vn 0.4039 0.0782 -0.9115
vn -0.0846 0.2522 -0.9640
vn 0.8399 -0.3134 -0.4431
vn 0.4036 0.0782 -0.9116
vn 0.8399 -0.3135 -0.4429
vn 0.4036 0.0783 -0.9116
vn 0.7491 -0.1341 -0.6487
vn 0.9885 -0.1507 -0.0120
vn 0.7704 0.0093 -0.6375
vn 0.9471 0.1126 -0.3007
vn 0.7492 -0.1342 -0.6486
vn 0.7705 0.0092 -0.6373
vn 0.9842 -0.0628 0.1658
vn 0.8253 0.2485 0.5070
vn 0.9850 0.1691 -0.0347
vn 0.8254 0.2483 0.5070
vn 0.8629 0.3601 0.3545
vn 0.9850 0.1692 -0.0348
vn 0.5675 0.0249 0.8230
vn 0.8254 0.2482 0.5071
vn 0.9842 -0.0629 0.1657
vn 0.5676 0.0251 0.8229
vn 0.2782 0.3314 0.9015
vn 0.8253 0.2486 0.5071
vn 0.2780 0.3309 0.9018
vn 0.8629 0.3603 0.3545
vn -0.1045 0.1504 0.9831
vn 0.2782 0.3310 0.9017
vn 0.5678 0.0252 0.8228
vn -0.1039 0.1504 0.9832
vn -0.5063 0.1337 0.8520
vn 0.2782 0.3312 0.9016
vn 0.2784 0.3311 0.9016
vn -0.1793 0.1953 0.9642
vn -0.5063 0.1338 0.8519
vn -0.1791 0.1952 0.9643
vn 0.2779 0.3313 0.9017
vn 0.2785 0.3310 0.9016
vn 0.5504 0.3408 0.7622
vn 0.8632 0.3597 0.3543
vn -0.8763 -0.0028 0.4817
vn -0.9086 -0.0812 0.4097
vn -0.5060 0.1335 0.8521
vn -0.8765 -0.0026 0.4815
vn -0.5062 0.1337 0.8520
vn -0.1040 0.1503 0.9832
vn -0.9085 -0.0811 0.4099
vn -0.7770 -0.0672 0.6259
vn -0.5061 0.1333 0.8521
vn -0.5060 0.1334 0.8522
vn -0.7773 -0.0673 0.6256
vn -0.1793 0.1950 0.9643
vn -0.9083 -0.0813 0.4102
vn -0.9507 -0.3063 -0.0477
vn -0.7770 -0.0672 0.6258
vn -0.9508 -0.3062 -0.0478
vn -0.9114 -0.1817 0.3691
vn -0.7771 -0.0669 0.6258
vn -0.6774 -0.0215 0.7353
vn -0.1792 0.1953 0.9642
vn -0.9115 -0.1816 0.3691
vn -0.6773 -0.0213 0.7354
vn -0.7769 -0.0672 0.6261
vn -0.9115 -0.1815 0.3690
vn -0.9996 0.0266 -0.0118
vn -0.6773 -0.0215 0.7354
vn -0.9996 0.0265 -0.0117
vn -0.8919 0.2445 0.3805
vn -0.6773 -0.0217 0.7354
vn -0.6775 -0.0215 0.7352
vn -0.3523 -0.0490 0.9346
vn 0.1181 0.1093 0.9870
vn -0.1794 0.1949 0.9643
vn 0.1180 0.1088 0.9870
vn -0.6772 -0.0215 0.7355
vn -0.8919 0.2444 0.3804
vn -0.3523 -0.0492 0.9346
vn -0.9996 0.0266 -0.0117
vn -0.7682 0.4312 -0.4732
vn -0.8918 0.2444 0.3807
vn -0.7681 0.4315 -0.4730
vn -0.8005 0.5635 -0.2042
vn -0.8920 0.2441 0.3805
vn -0.8005 0.5634 -0.2045
vn -0.8159 0.3139 0.4855
vn -0.8919 0.2441 0.3807
vn -0.8919 0.2446 0.3803
vn -0.4844 -0.0196 0.8746
vn -0.8919 0.2447 0.3803
vn -0.8161 0.3141 0.4850
vn -0.4843 -0.0197 0.8747
vn -0.8160 0.3145 0.4850
vn -0.7082 0.0709 0.7024
vn -0.3403 -0.1768 0.9236
vn -0.3405 -0.1768 0.9235
vn -0.4844 -0.0198 0.8746
vn -0.7082 0.0710 0.7025
vn -0.8161 0.3143 0.4850
vn -0.8004 0.5635 -0.2043
vn -0.8398 0.5410 0.0449
vn -0.8160 0.3141 0.4854
vn -0.3409 -0.1767 0.9233
vn 0.4252 -0.5848 0.6908
vn -0.0907 -0.3080 0.9470
vn -0.4846 -0.0195 0.8745
vn -0.3407 -0.1769 0.9234
vn -0.0906 -0.3078 0.9471
vn -0.7085 0.0708 0.7021
vn -0.1193 -0.4175 0.9008
vn -0.1195 -0.4174 0.9008
vn -0.7084 0.0712 0.7022
vn -0.4445 -0.2611 0.8569
vn -0.1194 -0.4174 0.9009
vn -0.4450 -0.2610 0.8566
vn 0.1182 -0.5913 0.7977
vn -0.1194 -0.4174 0.9008
vn 0.1180 -0.5914 0.7977
vn 0.4546 -0.6537 0.6050
vn 0.4547 -0.6538 0.6048
vn 0.4255 -0.5847 0.6907
vn -0.4449 -0.2614 0.8566
vn 0.1184 -0.5913 0.7977
vn 0.4546 -0.6536 0.6050
vn 0.1182 -0.5912 0.7978
vn -0.1221 -0.4001 0.9083
vn -0.7681 0.4316 -0.4730
vn -0.2810 0.4749 -0.8340
vn -0.8005 0.5637 -0.2037
vn -0.2810 0.4751 -0.8339
vn -0.4306 0.6398 -0.6366
vn -0.8005 0.5636 -0.2040
vn -0.8007 0.5633 -0.2038
vn -0.4310 0.6395 -0.6366
vn -0.8396 0.5414 0.0447
vn 0.2527 0.2907 -0.9228
vn 0.2296 0.4146 -0.8806
vn -0.2809 0.4749 -0.8340
vn 0.2528 0.2909 -0.9228
vn -0.4308 0.6397 -0.6365
vn -0.4310 0.6397 -0.6364
vn -0.6948 0.6475 -0.3131
vn -0.8397 0.5413 0.0447
vn 0.2294 0.4149 -0.8804
vn -0.2913 0.6256 -0.7237
vn -0.4307 0.6396 -0.6367
vn -0.4304 0.6399 -0.6366
vn -0.6951 0.6474 -0.3127
vn 0.6847 -0.0089 -0.7288
vn 0.2292 0.4146 -0.8807
vn 0.7091 0.0470 -0.7035
vn 0.2292 0.4145 -0.8807
vn 0.2295 0.4146 -0.8806
vn -0.2915 0.6254 -0.7238
vn 0.7090 0.0472 -0.7036
vn 0.0872 0.3844 -0.9190
vn 0.2293 0.4146 -0.8806
vn -0.9297 -0.2530 -0.2675
vn -0.9085 -0.0813 0.4100
vn -0.9297 -0.2531 -0.2675
vn -0.9507 -0.3064 -0.0479
vn -0.9085 -0.0812 0.4099
vn -0.1795 0.1950 0.9642
vn 0.1181 0.1089 0.9870
vn 0.5502 0.3409 0.7623
vn -0.5328 -0.0771 0.8427
vn -0.8765 -0.0027 0.4814
vn -0.1039 0.1506 0.9831
vn -0.1041 0.1507 0.9831
vn 0.5673 0.0252 0.8231
vn 0.4272 -0.2759 0.8610
vn -0.6111 -0.1563 0.7760
vn -0.9081 0.0440 0.4164
vn -0.6113 -0.1566 0.7758
vn -0.5329 -0.0769 0.8427
vn 0.0496 -0.4704 0.8811
vn -0.8765 -0.0026 0.4814
vn -0.5330 -0.0770 0.8426
vn 0.0496 -0.4703 0.8811
vn 0.4273 -0.2759 0.8610
vn 0.6791 -0.4367 0.5899
vn 0.4269 -0.2759 0.8612
vn 0.5677 0.0250 0.8228
vn 0.6794 -0.4366 0.5897
vn 0.1753 -0.6316 0.7552
vn 0.0495 -0.4705 0.8810
vn 0.6791 -0.4367 0.5900
vn 0.6791 -0.4366 0.5901
vn 0.9842 -0.0631 0.1654
vn 0.9601 -0.2374 -0.1476
vn 0.7799 -0.5475 0.3033
vn 0.5677 0.0250 0.8229
vn 0.9842 -0.0631 0.1657
vn 0.1758 -0.6313 0.7554
vn 0.7800 -0.5477 0.3029
vn 0.1754 -0.6314 0.7553
vn 0.7800 -0.5473 0.3033
vn 0.6722 -0.6699 0.3153
vn 0.7800 -0.5474 0.3032
vn 0.9601 -0.2377 -0.1474
vn 0.9199 -0.2805 -0.2739
vn 0.9198 -0.2810 -0.2739
vn 0.6720 -0.6700 0.3154
vn 0.9199 -0.2806 -0.2738
vn 0.8874 -0.3984 -0.2320
vn 0.8826 -0.4298 -0.1904
vn 0.7100 0.0347 -0.7033
vn 0.8825 -0.4300 -0.1905
vn 0.6653 -0.6835 0.3002
vn 0.8873 -0.3986 -0.2321
vn 0.6655 -0.6833 0.3003
vn 0.6722 -0.6699 0.3154
vn 0.8873 -0.3987 -0.2319
vn 0.8827 -0.4297 -0.1903
vn 0.7101 0.0347 -0.7033
vn 0.8381 -0.0578 -0.5424
vn 0.9508 -0.3074 0.0389
vn 0.8824 -0.4300 -0.1907
vn 0.8379 -0.0578 -0.5427
vn 0.9697 0.1394 0.2008
vn 0.9508 -0.3073 0.0385
vn 0.8380 -0.0579 -0.5426
vn 0.6963 -0.1508 0.7017
vn 0.9509 -0.3071 0.0387
vn 0.9698 0.1390 0.2004
vn 0.6962 -0.1510 0.7018
vn 0.7132 -0.5518 0.4322
vn 0.9510 -0.3069 0.0384
vn 0.2428 -0.3544 0.9030
vn 0.7131 -0.5520 0.4322
vn 0.6959 -0.1509 0.7021
vn 0.7130 -0.5518 0.4326
vn 0.8826 -0.4298 -0.1907
vn 0.9508 -0.3073 0.0388
vn 0.6655 -0.6833 0.3004
vn 0.8826 -0.4297 -0.1908
vn 0.7130 -0.5519 0.4325
vn 0.2227 -0.6079 0.7621
vn 0.6657 -0.6832 0.3002
vn 0.2431 -0.3543 0.9030
vn 0.2224 -0.6080 0.7622
vn 0.7133 -0.5519 0.4321
vn 0.2223 -0.6080 0.7622
vn 0.1020 -0.6704 0.7349
vn -0.4139 -0.3327 0.8473
vn 0.1021 -0.6704 0.7349
vn 0.2429 -0.3547 0.9029
vn -0.3563 -0.2300 0.9056
vn 0.2222 -0.6081 0.7622
vn -0.3564 -0.2300 0.9056
vn -0.4140 -0.3326 0.8473
vn 0.2222 -0.6081 0.7621
vn -0.8211 0.1543 0.5496
vn -0.8041 0.1091 0.5844
vn -0.4137 -0.3327 0.8475
vn -0.8210 0.1541 0.5497
vn -0.4136 -0.3328 0.8475
vn -0.3559 -0.2302 0.9057
vn -0.8043 0.1087 0.5842
vn -0.4186 -0.3974 0.8166
vn -0.4138 -0.3328 0.8473
vn -0.4140 -0.3327 0.8473
vn -0.4188 -0.3975 0.8164
vn 0.1017 -0.6704 0.7350
vn -0.4189 -0.3976 0.8164
vn 0.1753 -0.6315 0.7553
vn 0.1019 -0.6706 0.7348
vn -0.8306 0.0873 0.5500
vn -0.4383 -0.3385 0.8327
vn -0.4185 -0.3976 0.8166
vn -0.8042 0.1086 0.5844
vn -0.8307 0.0873 0.5498
vn -0.4185 -0.3980 0.8164
vn -0.4188 -0.3979 0.8163
vn -0.4385 -0.3383 0.8326
vn 0.1754 -0.6315 0.7553
vn -0.8306 0.0871 0.5500
vn -0.8810 0.1402 0.4518
vn -0.4381 -0.3384 0.8328
vn -0.4384 -0.3387 0.8325
vn 0.0493 -0.4704 0.8811
vn 0.1755 -0.6315 0.7553
vn -0.8811 0.1405 0.4516
vn -0.6113 -0.1563 0.7758
vn -0.4381 -0.3385 0.8328
vn -0.4384 -0.3386 0.8326
vn -0.6112 -0.1565 0.7758
vn 0.0495 -0.4704 0.8810
vn -0.8540 0.5197 -0.0239
vn -0.8121 0.5129 -0.2783
vn -0.8810 0.1405 0.4519
vn -0.8539 0.5199 -0.0240
vn -0.8810 0.1406 0.4518
vn -0.8306 0.0872 0.5501
vn -0.8122 0.5126 -0.2784
vn -0.9423 0.2319 0.2416
vn -0.8809 0.1405 0.4520
vn -0.8808 0.1406 0.4521
vn -0.9423 0.2317 0.2416
vn -0.6109 -0.1562 0.7762
vn -0.8772 0.2859 0.3857
vn -0.8540 0.5197 -0.0240
vn -0.8306 0.0869 0.5500
vn -0.8771 0.2861 0.3859
vn -0.8042 0.1086 0.5843
vn -0.8655 0.4912 0.0984
vn -0.8041 0.1087 0.5844
vn -0.8210 0.1542 0.5497
vn -0.8655 0.4911 0.0984
vn -0.8771 0.2860 0.3859
vn -0.8042 0.1087 0.5843
vn -0.8210 0.1541 0.5498
vn -0.3562 -0.2303 0.9056
vn -0.8156 0.0031 0.5786
vn -0.3563 -0.2299 0.9057
vn -0.1362 -0.0472 0.9896
vn -0.1363 -0.0472 0.9895
vn -0.3563 -0.2299 0.9056
vn 0.2434 -0.3547 0.9028
vn 0.1020 -0.6704 0.7350
vn 0.1019 -0.6702 0.7351
vn 0.6722 -0.6698 0.3154
vn 0.6655 -0.6833 0.3002
vn -0.9423 0.2319 0.2415
vn -0.9080 0.0441 0.4166
vn -0.6111 -0.1567 0.7759
vn -0.1228 -0.3998 0.9084
vn 0.3762 -0.3626 0.8526
vn 0.5658 -0.6488 0.5088
vn -0.9194 -0.0246 -0.3925
vn -0.9537 0.1223 0.2749
vn 0.7091 0.0472 -0.7035
vn 0.5668 0.0468 -0.8225
vn 0.0873 0.3846 -0.9190
vn 0.9449 -0.2282 -0.2349
vn 0.5669 0.0466 -0.8225
vn 0.7087 0.0473 -0.7039
vn -0.1685 -0.0169 -0.9856
vn -0.4006 0.2578 -0.8792
vn 0.9879 -0.0709 0.1380
vn 0.9792 0.1580 -0.1270
vn 0.8533 -0.0867 -0.5142
vn 0.6889 0.2316 0.6869
vn 0.9879 -0.0713 0.1377
vn 0.6893 0.2313 0.6865
vn 0.7964 0.4155 0.4394
vn 0.9793 0.1581 -0.1266
vn -0.1014 0.1627 0.9814
vn 0.2269 0.4317 0.8730
vn 0.6892 0.2311 0.6868
vn 0.2271 0.4317 0.8730
vn 0.7963 0.4156 0.4395
vn 0.7963 0.4158 0.4394
vn 0.9561 0.2164 -0.1975
vn 0.9793 0.1580 -0.1267
vn 0.2271 0.4315 0.8731
vn 0.4188 0.4670 0.7788
vn 0.7965 0.4154 0.4393
vn 0.7966 0.4155 0.4392
vn 0.8208 0.4176 0.3898
vn 0.9562 0.2165 -0.1972
vn 0.4188 0.4668 0.7789
vn 0.8208 0.4175 0.3897
vn 0.7965 0.4155 0.4393
vn 0.8206 0.4179 0.3898
vn 0.9663 0.2311 -0.1138
vn 0.9562 0.2164 -0.1971
vn 0.2991 0.3667 0.8809
vn 0.8386 0.3203 0.4407
vn 0.8209 0.4176 0.3895
vn 0.4189 0.4671 0.7787
vn 0.2992 0.3666 0.8810
vn 0.8209 0.4178 0.3894
vn 0.8384 0.3205 0.4409
vn 0.9663 0.2313 -0.1133
vn 0.8206 0.4178 0.3900
vn 0.2989 0.3668 0.8810
vn 0.6122 0.1927 0.7669
vn 0.8383 0.3205 0.4410
vn 0.6121 0.1925 0.7670
vn 0.9820 0.0660 -0.1771
vn 0.8383 0.3206 0.4409
vn 0.8382 0.3206 0.4412
vn 0.9820 0.0662 -0.1769
vn 0.9663 0.2310 -0.1136
vn 0.9821 0.0661 -0.1765
vn 0.9236 -0.1949 -0.3301
vn 0.4338 -0.1449 -0.8893
vn 0.6915 -0.0721 -0.7187
vn 0.9821 0.0660 -0.1764
vn 0.4338 -0.1450 -0.8893
vn 0.9230 -0.0862 0.3750
vn 0.9235 -0.1948 -0.3304
vn 0.9820 0.0660 -0.1767
vn 0.6122 0.1925 0.7669
vn 0.9232 -0.0861 0.3745
vn 0.9820 0.0658 -0.1771
vn 0.9663 0.2309 -0.1134
vn 0.9821 0.0660 -0.1766
vn 0.6913 -0.0722 -0.7189
vn 0.9562 0.2164 -0.1972
vn 0.9664 0.2308 -0.1134
vn 0.6914 -0.0721 -0.7188
vn 0.6915 -0.0723 -0.7187
vn 0.7601 -0.0496 -0.6479
vn 0.7601 -0.0499 -0.6479
vn 0.6916 -0.0723 -0.7186
vn 0.2421 -0.3286 -0.9129
vn 0.6917 -0.0720 -0.7186
vn -0.0620 -0.3473 -0.9357
vn 0.2420 -0.3284 -0.9130
vn 0.6919 -0.0718 -0.7184
vn 0.4341 -0.1450 -0.8891
vn -0.0621 -0.3472 -0.9357
vn -0.0619 -0.3472 -0.9357
vn -0.4219 -0.4849 -0.7661
vn -0.4217 -0.4849 -0.7662
vn -0.0623 -0.3469 -0.9358
vn -0.8769 -0.3868 -0.2853
vn -0.0619 -0.3473 -0.9357
vn 0.4341 -0.1451 -0.8891
vn -0.5470 -0.2930 -0.7842
vn -0.0624 -0.3472 -0.9357
vn -0.5472 -0.2928 -0.7841
vn -0.8768 -0.3871 -0.2853
vn -0.4217 -0.4851 -0.7661
vn -0.8769 -0.3869 -0.2853
vn -0.8290 -0.3618 -0.4266
vn -0.8289 -0.3617 -0.4267
vn -0.8767 -0.3870 -0.2856
vn -0.9483 -0.1452 0.2821
vn -0.8768 -0.3871 -0.2854
vn -0.5474 -0.2928 -0.7840
vn -0.9564 -0.2725 -0.1052
vn -0.5471 -0.2931 -0.7841
vn -0.9836 0.0406 -0.1760
vn -0.9564 -0.2725 -0.1049
vn -0.6495 0.1825 -0.7382
vn -0.7985 0.4278 -0.4236
vn -0.9835 0.0405 -0.1763
vn -0.5471 -0.2929 -0.7841
vn -0.6494 0.1826 -0.7382
vn -0.9835 0.0407 -0.1761
vn -0.7983 0.4278 -0.4240
vn -0.7731 0.3580 0.5236
vn -0.9835 0.0408 -0.1762
vn -0.7984 0.4275 -0.4240
vn -0.7351 0.6732 0.0800
vn -0.7732 0.3579 0.5236
vn -0.7354 0.6729 0.0799
vn -0.6259 0.3287 0.7073
vn -0.7730 0.3580 0.5237
vn -0.7731 0.3578 0.5237
vn -0.6260 0.3287 0.7072
vn -0.3218 -0.0489 0.9455
vn -0.7353 0.6729 0.0804
vn -0.7160 0.5002 0.4870
vn -0.6257 0.3288 0.7074
vn -0.6259 0.3286 0.7073
vn -0.4321 -0.2780 0.8579
vn -0.3218 -0.0490 0.9455
vn -0.7161 0.5002 0.4868
vn -0.4319 -0.2781 0.8579
vn -0.6254 0.3289 0.7076
vn -0.4321 -0.2782 0.8578
vn 0.2354 -0.8768 0.4193
vn 0.0976 -0.5831 0.8065
vn -0.3215 -0.0490 0.9457
vn -0.4321 -0.2782 0.8579
vn 0.0975 -0.5831 0.8065
vn -0.8156 0.0191 0.5783
vn -0.3351 -0.7717 0.5405
vn -0.4321 -0.2781 0.8579
vn -0.7161 0.5001 0.4869
vn -0.8153 0.0189 0.5788
vn -0.4316 -0.2783 0.8581
vn -0.4322 -0.2781 0.8578
vn -0.3353 -0.7716 0.5406
vn 0.2352 -0.8769 0.4192
vn -0.8153 0.0190 0.5788
vn -0.8692 -0.3120 0.3836
vn -0.3352 -0.7717 0.5405
vn -0.8066 0.5550 0.2035
vn -0.8691 -0.3119 0.3839
vn -0.8154 0.0187 0.5786
vn -0.3901 0.9000 -0.1945
vn -0.8296 0.5506 -0.0927
vn -0.8066 0.5549 0.2036
vn -0.2080 0.8923 -0.4007
vn -0.3902 0.8998 -0.1951
vn -0.8065 0.5551 0.2035
vn -0.6702 0.7325 0.1194
vn -0.8064 0.5553 0.2033
vn -0.8154 0.0190 0.5786
vn -0.2084 0.8923 -0.4005
vn -0.8066 0.5550 0.2034
vn -0.5605 0.8013 -0.2091
vn -0.6703 0.7324 0.1196
vn -0.7159 0.5001 0.4872
vn -0.6702 0.7325 0.1197
vn -0.5607 0.8013 -0.2087
vn -0.6701 0.7326 0.1197
vn -0.7161 0.4997 0.4873
vn -0.4727 0.5613 -0.6794
vn -0.5604 0.8014 -0.2091
vn -0.7354 0.6728 0.0805
vn -0.4725 0.5615 -0.6793
vn -0.1302 0.6455 -0.7526
vn -0.5608 0.8012 -0.2088
vn -0.7353 0.6730 0.0803
vn -0.5605 0.8014 -0.2087
vn -0.7160 0.5001 0.4871
vn -0.1301 0.6455 -0.7526
vn -0.2084 0.8922 -0.4007
vn -0.5605 0.8014 -0.2089
vn -0.1379 0.4639 -0.8751
vn -0.1297 0.6455 -0.7527
vn -0.4727 0.5615 -0.6792
vn -0.1381 0.4640 -0.8750
vn 0.5061 0.3462 -0.7899
vn -0.1302 0.6457 -0.7524
vn -0.1304 0.6456 -0.7525
vn 0.5059 0.3462 -0.7901
vn -0.2083 0.8922 -0.4006
vn 0.5062 0.3464 -0.7898
vn 0.1036 0.8252 -0.5553
vn -0.2077 0.8924 -0.4007
vn 0.6370 -0.3082 -0.7066
vn 0.7208 -0.5973 -0.3517
vn 0.5062 0.3461 -0.7899
vn 0.6370 -0.3083 -0.7065
vn 0.5064 0.3460 -0.7898
vn 0.4353 -0.0396 -0.8994
vn 0.8275 -0.2156 -0.5184
vn 0.5058 0.3462 -0.7901
vn 0.5062 0.3463 -0.7898
vn 0.6722 0.2697 -0.6895
vn 0.1036 0.8250 -0.5555
vn 0.6721 0.2695 -0.6897
vn 0.5057 0.3461 -0.7902
vn 0.6723 0.2696 -0.6894
vn 0.2101 0.6239 -0.7527
vn 0.1037 0.8250 -0.5555
vn 0.8275 -0.2158 -0.5183
vn 0.5665 -0.6948 -0.4431
vn 0.6721 0.2692 -0.6898
vn 0.4811 -0.8767 -0.0026
vn 0.5666 -0.6948 -0.4430
vn 0.8277 -0.2159 -0.5180
vn 0.8276 -0.2158 -0.5182
vn 0.7207 -0.5975 -0.3514
vn 0.2351 -0.8770 0.4191
vn 0.4812 -0.8766 -0.0022
vn 0.7209 -0.5972 -0.3517
vn 0.2351 -0.8769 0.4193
vn 0.7209 -0.5972 -0.3518
vn 0.5008 -0.8333 0.2339
vn 0.0972 -0.5832 0.8065
vn 0.2349 -0.8769 0.4193
vn 0.5007 -0.8333 0.2341
vn 0.5908 -0.6748 0.4423
vn 0.5008 -0.8333 0.2340
vn 0.7131 -0.6770 -0.1822
vn 0.5911 -0.6746 0.4423
vn 0.0974 -0.5829 0.8067
vn 0.5006 -0.8334 0.2341
vn 0.5006 -0.8335 0.2339
vn 0.7130 -0.6772 -0.1817
vn 0.7889 -0.5757 -0.2151
vn 0.5911 -0.6744 0.4424
vn 0.7133 -0.6769 -0.1818
vn 0.7889 -0.5758 -0.2147
vn 0.7130 -0.6772 -0.1818
vn 0.7129 -0.6772 -0.1819
vn 0.7208 -0.5975 -0.3513
vn 0.8509 -0.4182 0.3179
vn 0.5906 -0.6748 0.4426
vn 0.7890 -0.5757 -0.2147
vn 0.8508 -0.4183 0.3182
vn 0.7889 -0.5757 -0.2152
vn 0.6087 -0.2231 -0.7614
vn 0.6087 -0.2233 -0.7613
vn 0.7888 -0.5759 -0.2148
vn 0.6372 -0.3080 -0.7065
vn 0.4343 -0.1450 -0.8890
vn 0.6088 -0.2233 -0.7613
vn 0.2219 -0.0677 -0.9727
vn 0.9235 -0.1951 -0.3302
vn 0.8507 -0.4184 0.3182
vn 0.6087 -0.2232 -0.7614
vn 0.9236 -0.1948 -0.3301
vn 0.6090 -0.2234 -0.7611
vn 0.6371 -0.3079 -0.7066
vn 0.4352 -0.0396 -0.8995
vn 0.6088 -0.2236 -0.7611
vn 0.4349 -0.0396 -0.8996
vn 0.2224 -0.0681 -0.9726
vn 0.8509 -0.4181 0.3180
vn 0.2700 -0.3696 0.8891
vn 0.5908 -0.6747 0.4424
vn 0.2702 -0.3694 0.8891
vn 0.8509 -0.4181 0.3181
vn 0.3913 -0.0799 0.9168
vn 0.3912 -0.0799 0.9168
vn 0.8508 -0.4182 0.3182
vn 0.9233 -0.0859 0.3744
vn 0.9231 -0.0860 0.3749
vn 0.8507 -0.4182 0.3185
vn 0.9235 -0.1950 -0.3304
vn 0.3917 -0.0798 0.9166
vn -0.2883 0.0581 0.9558
vn 0.2705 -0.3693 0.8891
vn -0.2880 0.0578 0.9559
vn -0.3219 -0.0489 0.9455
vn 0.2705 -0.3697 0.8889
vn -0.3220 -0.0494 0.9455
vn 0.2704 -0.3693 0.8891
vn 0.0972 -0.5831 0.8066
vn 0.5907 -0.6748 0.4423
vn 0.2705 -0.3692 0.8891
vn -0.7733 0.3576 0.5236
vn -0.3214 -0.0492 0.9457
vn -0.2878 0.0578 0.9560
vn -0.7562 0.1656 0.6330
vn -0.7731 0.3581 0.5236
vn -0.2878 0.0576 0.9560
vn -0.9835 0.0410 -0.1763
vn -0.7560 0.1656 0.6333
vn -0.9835 0.0404 -0.1763
vn -0.7559 0.1653 0.6335
vn -0.8221 0.0042 0.5694
vn -0.8224 0.0044 0.5689
vn -0.1393 0.1818 0.9734
vn -0.1393 0.1817 0.9734
vn -0.7562 0.1656 0.6331
vn -0.2875 0.0575 0.9560
vn -0.8224 0.0041 0.5689
vn -0.1394 0.1816 0.9734
vn -0.4339 0.1830 0.8822
vn -0.1397 0.1818 0.9734
vn -0.4338 0.1830 0.8822
vn -0.1394 0.1818 0.9734
vn 0.2989 0.3669 0.8809
vn -0.1396 0.1819 0.9734
vn 0.3910 -0.0797 0.9169
vn -0.1395 0.1819 0.9734
vn -0.2881 0.0578 0.9558
vn 0.3916 -0.0799 0.9167
vn -0.7976 0.0150 0.6030
vn -0.4336 0.1831 0.8823
vn -0.2106 0.3237 0.9224
vn -0.7973 0.0148 0.6034
vn -0.9149 -0.1289 0.3825
vn -0.4333 0.1830 0.8825
vn -0.9148 -0.1290 0.3827
vn -0.8221 0.0041 0.5693
vn -0.4333 0.1829 0.8825
vn -0.4338 0.1829 0.8822
vn 0.2987 0.3669 0.8810
vn -0.2107 0.3236 0.9224
vn -0.8004 0.0056 0.5994
vn -0.2106 0.3236 0.9225
vn -0.4989 0.2350 0.8342
vn -0.4992 0.2354 0.8339
vn 0.2270 0.4316 0.8730
vn 0.2268 0.4318 0.8730
vn -0.2106 0.3235 0.9225
vn 0.4191 0.4667 0.7788
vn -0.2104 0.3233 0.9226
vn 0.2990 0.3666 0.8810
vn 0.4188 0.4666 0.7790
vn -0.7016 0.1027 0.7051
vn -0.4989 0.2351 0.8342
vn -0.1013 0.1629 0.9814
vn -0.7016 0.1025 0.7052
vn -0.9484 -0.1451 0.2820
vn -0.4988 0.2354 0.8341
vn -0.9484 -0.1453 0.2817
vn -0.7974 0.0145 0.6033
vn -0.4990 0.2350 0.8341
vn -0.1015 0.1629 0.9814
vn -0.4992 0.2353 0.8339
vn 0.2270 0.4317 0.8730
vn -0.9482 -0.1451 0.2825
vn -0.8768 -0.3871 -0.2852
vn -0.7975 0.0149 0.6031
vn -0.8767 -0.3872 -0.2854
vn -0.9564 -0.2725 -0.1051
vn -0.9148 -0.1289 0.3828
vn -0.9148 -0.1288 0.3829
vn -0.7975 0.0150 0.6031
vn -0.9565 -0.2721 -0.1051
vn -0.9835 0.0407 -0.1762
vn -0.8220 0.0042 0.5694
vn -0.9147 -0.1290 0.3831
vn -0.9564 -0.2727 -0.1049
vn -0.8223 0.0042 0.5690
vn 0.6123 0.1926 0.7668
vn 0.3911 -0.0796 0.9169
vn 0.9232 -0.0856 0.3747
vn 0.1033 0.8248 -0.5559
vn -0.8300 0.5500 -0.0930
vn -0.3897 0.9001 -0.1950
vn 0.1024 0.8257 -0.5547
vn -0.3898 0.9000 -0.1951
vn -0.2080 0.8922 -0.4009
vn -0.6496 0.1827 -0.7380
vn -0.1378 0.4640 -0.8750
vn -0.4726 0.5612 -0.6795
vn -0.7983 0.4279 -0.4238
vn -0.4726 0.5613 -0.6794
vn -0.6495 0.1828 -0.7380
vn -0.4730 0.5614 -0.6791
vn -0.7983 0.4277 -0.4241
vn 0.4345 -0.1450 -0.8889
vn 0.2220 -0.0679 -0.9727
vn -0.5473 -0.2928 -0.7841
vn -0.8288 -0.3620 -0.4267
vn -0.9483 -0.1451 0.2822
vn -0.9932 -0.0967 0.0647
vn -0.9194 -0.0249 -0.3926
vn -0.8287 -0.3618 -0.4269
vn -0.9933 -0.0964 0.0645
vn -0.2354 0.0380 -0.9712
vn -0.5296 -0.2586 -0.8079
vn -0.9196 -0.0246 -0.3922
vn -0.5298 -0.2587 -0.8077
vn -0.8290 -0.3616 -0.4266
vn -0.9195 -0.0247 -0.3924
vn 0.2391 -0.1812 -0.9539
vn -0.5296 -0.2587 -0.8079
vn 0.2395 -0.1812 -0.9538
vn -0.1010 -0.4190 -0.9023
vn -0.5298 -0.2588 -0.8077
vn -0.1010 -0.4187 -0.9025
vn -0.8289 -0.3620 -0.4265
vn -0.5295 -0.2588 -0.8079
vn 0.5792 -0.2029 -0.7895
vn 0.2422 -0.3283 -0.9130
vn -0.1008 -0.4191 -0.9023
vn 0.2391 -0.1808 -0.9540
vn 0.5794 -0.2027 -0.7895
vn -0.1009 -0.4191 -0.9023
vn -0.1014 -0.4189 -0.9023
vn -0.4215 -0.4849 -0.7663
vn 0.2425 -0.3285 -0.9128
vn -0.4219 -0.4847 -0.7662
vn 0.9793 0.1581 -0.1264
vn 0.7600 -0.0498 -0.6480
vn 0.5788 -0.2031 -0.7897
vn 0.9793 0.1580 -0.1265
vn 0.5790 -0.2029 -0.7897
vn 0.8534 -0.0868 -0.5140
vn 0.5788 -0.2026 -0.7899
vn 0.2423 -0.3285 -0.9129
vn 0.8535 -0.0867 -0.5138
vn 0.5787 -0.2027 -0.7899
vn 0.9793 0.1580 -0.1264
vn 0.7601 -0.0499 -0.6478
vn -0.3353 -0.7717 0.5404
vn 0.4808 -0.8768 -0.0024
vn 0.2353 -0.8768 0.4194
vn -0.3354 -0.7718 0.5402
vn -0.1161 -0.9849 0.1286
vn 0.4809 -0.8768 -0.0023
vn -0.8691 -0.3119 0.3838
vn -0.1161 -0.9848 0.1291
vn -0.8297 0.5505 -0.0928
vn -0.9740 -0.2263 0.0114
vn -0.8690 -0.3120 0.3840
vn -0.8298 0.5503 -0.0931
vn -0.8691 -0.3120 0.3837
vn -0.8691 -0.3121 0.3838
vn -0.1909 -0.9808 0.0408
vn -0.1158 -0.9849 0.1289
vn -0.1910 -0.9807 0.0407
vn 0.5668 -0.6946 -0.4430
vn -0.1446 -0.5202 -0.8417
vn -0.4535 -0.2947 -0.8411
vn -0.4535 -0.2948 -0.8411
vn -0.4531 -0.2952 -0.8412
vn -0.4531 -0.2949 -0.8412
vn -0.6606 -0.0745 -0.7470
vn 0.1032 0.8249 -0.5557
vn 0.2098 0.6240 -0.7527
vn -0.8300 0.5500 -0.0929
vn 0.5666 -0.6949 -0.4427
vn 0.2100 0.6237 -0.7529
vn 0.6718 0.2696 -0.6899
vn -0.1160 -0.9849 0.1288
vn 0.5667 -0.6949 -0.4427
vn 0.4813 -0.8765 -0.0025
vn 0.7842 -0.5240 0.3325
vn 0.7432 -0.3364 0.5784
vn 0.5741 -0.6418 0.5084
vn 0.7844 -0.5238 0.3322
vn 0.9146 -0.3195 0.2480
vn 0.7429 -0.3366 0.5786
vn 0.7843 -0.5238 0.3325
vn 0.8270 -0.5605 0.0432
vn 0.9148 -0.3192 0.2476
vn 0.7844 -0.5238 0.3321
vn 0.5737 -0.6418 0.5088
vn 0.6541 -0.7340 0.1828
vn 0.8271 -0.5605 0.0428
vn 0.7841 -0.5242 0.3324
vn 0.6537 -0.7343 0.1830
vn 0.6245 -0.7786 -0.0616
vn 0.6538 -0.7342 0.1828
vn 0.4364 -0.8995 -0.0219
vn 0.6246 -0.7785 -0.0615
vn 0.8269 -0.5607 0.0431
vn 0.6538 -0.7342 0.1829
vn 0.6538 -0.7342 0.1830
vn 0.4590 -0.8421 0.2831
vn 0.4365 -0.8995 -0.0217
vn 0.4587 -0.8421 0.2836
vn 0.6539 -0.7341 0.1829
vn 0.5738 -0.6418 0.5088
vn 0.4364 -0.8995 -0.0224
vn 0.4177 -0.8718 -0.2557
vn 0.6247 -0.7784 -0.0618
vn 0.4589 -0.8421 0.2834
vn 0.2147 -0.9680 0.1300
vn 0.4365 -0.8994 -0.0220
vn 0.1425 -0.9752 -0.1693
vn 0.4179 -0.8717 -0.2558
vn 0.4367 -0.8994 -0.0219
vn 0.2142 -0.9681 0.1300
vn 0.4176 -0.8719 -0.2557
vn 0.1426 -0.9752 -0.1691
vn 0.4300 -0.8373 -0.3376
vn 0.2144 -0.9680 0.1301
vn -0.0080 -0.9985 0.0534
vn 0.4301 -0.8373 -0.3376
vn 0.1427 -0.9752 -0.1692
vn 0.1465 -0.8878 -0.4363
vn 0.1423 -0.9753 -0.1692
vn -0.0081 -0.9985 0.0535
vn -0.0174 -0.9883 -0.1513
vn 0.1423 -0.9753 -0.1691
vn -0.0172 -0.9883 -0.1514
vn -0.0574 -0.9231 -0.3802
vn 0.1429 -0.9753 -0.1685
vn -0.0575 -0.9232 -0.3801
vn 0.1467 -0.8879 -0.4359
vn -0.0572 -0.9231 -0.3804
vn -0.0197 -0.7394 -0.6730
vn 0.1465 -0.8881 -0.4357
vn 0.4299 -0.8373 -0.3377
vn 0.1466 -0.8879 -0.4361
vn 0.4442 -0.7633 -0.4691
vn 0.6075 -0.6313 -0.4821
vn 0.4300 -0.8375 -0.3372
vn 0.4444 -0.7634 -0.4687
vn 0.6739 -0.6891 -0.2664
vn 0.6074 -0.6314 -0.4820
vn 0.8158 -0.4430 -0.3717
vn 0.6740 -0.6890 -0.2664
vn 0.4299 -0.8374 -0.3375
vn 0.6074 -0.6316 -0.4819
vn 0.6740 -0.6890 -0.2665
vn 0.8157 -0.4431 -0.3718
vn 0.9155 -0.3882 -0.1059
vn 0.9155 -0.3882 -0.1058
vn 0.9584 -0.2855 -0.0050
vn 0.9145 -0.3197 0.2479
vn 0.8270 -0.5606 0.0428
vn 0.9146 -0.3194 0.2479
vn 0.6740 -0.6890 -0.2666
vn 0.9155 -0.3882 -0.1061
vn 0.8268 -0.5609 0.0431
vn 0.9583 -0.2856 -0.0052
vn 0.9559 -0.2669 0.1226
vn 0.9096 -0.2798 0.3071
vn 0.9147 -0.3194 0.2475
vn 0.9584 -0.2854 -0.0051
vn 0.9097 -0.2796 0.3070
vn 0.9097 -0.2796 0.3071
vn 0.9559 -0.2670 0.1225
vn 0.8483 -0.2578 0.4626
vn 0.9034 -0.2433 0.3531
vn 0.9035 -0.2428 0.3531
vn 0.9559 -0.2669 0.1225
vn 0.9596 -0.2489 0.1314
vn 0.9595 -0.2490 0.1318
vn 0.8745 -0.2405 0.4211
vn 0.8745 -0.2406 0.4211
vn 0.9595 -0.2490 0.1316
vn 0.9422 -0.2399 0.2337
vn 0.9422 -0.2401 0.2337
vn 0.8837 -0.2337 0.4056
vn 0.8177 -0.2292 0.5280
vn 0.9421 -0.2402 0.2339
vn 0.8177 -0.2292 0.5281
vn 0.8746 -0.2404 0.4211
vn 0.8836 -0.2336 0.4059
vn 0.7073 -0.2085 0.6755
vn 0.7070 -0.2085 0.6758
vn 0.4396 -0.1554 0.8846
vn 0.6151 -0.1955 0.7638
vn 0.8176 -0.2291 0.5282
vn 0.7073 -0.2083 0.6755
vn 0.6153 -0.1955 0.7637
vn 0.4293 -0.1452 0.8914
vn 0.6735 -0.2068 0.7097
vn 0.6147 -0.1958 0.7641
vn 0.6151 -0.1957 0.7637
vn 0.4397 -0.1554 0.8846
vn 0.4294 -0.1449 0.8914
vn 0.6153 -0.1962 0.7635
vn 0.6737 -0.2067 0.7095
vn 0.7459 -0.2177 0.6294
vn 0.6734 -0.2067 0.7098
vn 0.4926 -0.1577 0.8558
vn 0.6735 -0.2067 0.7097
vn 0.4295 -0.1447 0.8914
vn 0.4928 -0.1578 0.8557
vn 0.8744 -0.2405 0.4214
vn 0.6735 -0.2065 0.7097
vn 0.7460 -0.2179 0.6293
vn 0.8177 -0.2291 0.5282
vn 0.6735 -0.2069 0.7096
vn 0.7459 -0.2179 0.6294
vn 0.4929 -0.1576 0.8557
vn 0.6598 -0.2055 0.7228
vn 0.8483 -0.2577 0.4626
vn 0.7458 -0.2180 0.6295
vn 0.6601 -0.2056 0.7225
vn 0.9033 -0.2433 0.3532
vn 0.8743 -0.2406 0.4216
vn 0.7460 -0.2178 0.6293
vn 0.8483 -0.2576 0.4627
vn 0.9033 -0.2433 0.3535
vn 0.4594 -0.1727 0.8713
vn 0.6599 -0.2054 0.7227
vn 0.8037 -0.2523 0.5390
vn 0.8482 -0.2581 0.4626
vn 0.6601 -0.2055 0.7225
vn 0.6648 -0.2279 0.7114
vn 0.8037 -0.2524 0.5388
vn 0.6646 -0.2277 0.7117
vn 0.6598 -0.2056 0.7227
vn 0.4593 -0.1727 0.8713
vn 0.6644 -0.2280 0.7117
vn 0.4593 -0.1724 0.8714
vn 0.5744 -0.1991 0.7940
vn 0.2610 -0.1221 0.9576
vn 0.4591 -0.1724 0.8715
vn 0.2473 -0.1076 0.9630
vn 0.5742 -0.1990 0.7942
vn 0.4590 -0.1727 0.8715
vn 0.2609 -0.1223 0.9576
vn 0.4589 -0.1725 0.8716
vn 0.4925 -0.1580 0.8559
vn 0.2474 -0.1074 0.9630
vn 0.4925 -0.1576 0.8559
vn 0.2570 -0.1132 0.9598
vn 0.2470 -0.1077 0.9630
vn 0.2468 -0.1075 0.9631
vn 0.2565 -0.1131 0.9599
vn 0.0584 -0.0565 0.9967
vn -0.0259 -0.0498 0.9984
vn 0.2604 -0.1221 0.9578
vn -0.0258 -0.0495 0.9984
vn 0.2467 -0.1075 0.9631
vn 0.0584 -0.0564 0.9967
vn -0.0259 -0.0494 0.9984
vn 0.0578 -0.0564 0.9967
vn -0.2169 0.0153 0.9761
vn 0.0579 -0.0564 0.9967
vn -0.1165 -0.0181 0.9930
vn -0.2168 0.0154 0.9761
vn 0.2565 -0.1134 0.9599
vn 0.1567 -0.0806 0.9843
vn 0.0584 -0.0563 0.9967
vn 0.0580 -0.0562 0.9967
vn 0.1563 -0.0808 0.9844
vn -0.1166 -0.0183 0.9930
vn -0.2169 0.0157 0.9761
vn -0.1169 -0.0180 0.9930
vn -0.3545 0.0564 0.9334
vn -0.1168 -0.0183 0.9930
vn -0.1150 -0.0248 0.9930
vn 0.1563 -0.0807 0.9844
vn -0.1146 -0.0248 0.9931
vn -0.3546 0.0564 0.9333
vn -0.1150 -0.0248 0.9931
vn -0.4515 0.0581 0.8904
vn -0.3549 0.0563 0.9332
vn -0.4516 0.0582 0.8903
vn -0.5824 0.1095 0.8055
vn -0.4519 0.0585 0.8902
vn -0.6525 0.1240 0.7476
vn -0.5823 0.1094 0.8056
vn -0.6854 0.3114 0.6582
vn -0.6526 0.1243 0.7474
vn -0.8825 0.0432 0.4684
vn -0.6524 0.1241 0.7477
vn -0.6857 0.3113 0.6580
vn -0.6951 0.1932 0.6925
vn -0.6953 0.1933 0.6922
vn -0.6524 0.1243 0.7476
vn -0.8363 0.1751 0.5196
vn -0.7448 0.1334 0.6538
vn -0.6952 0.1933 0.6923
vn -0.8014 0.2499 0.5435
vn -0.8362 0.1754 0.5196
vn -0.6952 0.1934 0.6923
vn -0.6857 0.3111 0.6581
vn -0.8013 0.2498 0.5436
vn -0.6955 0.1934 0.6920
vn -0.7448 0.1337 0.6538
vn -0.8418 0.2649 0.4704
vn -0.8364 0.1751 0.5194
vn -0.8012 0.2497 0.5438
vn -0.8012 0.2495 0.5439
vn -0.6856 0.3108 0.6583
vn -0.8416 0.2653 0.4705
vn -0.8417 0.2652 0.4704
vn -0.8937 0.2402 0.3789
vn -0.9607 0.2452 0.1301
vn -0.9389 0.2226 0.2625
vn -0.8415 0.2654 0.4706
vn -0.9609 0.2447 0.1299
vn -0.6856 0.3112 0.6581
vn -0.8938 0.2401 0.3787
vn -0.8417 0.2648 0.4706
vn -0.8414 0.2650 0.4709
vn -0.9390 0.2228 0.2621
vn -0.8362 0.1752 0.5197
vn -0.9390 0.2227 0.2622
vn -0.9608 0.2449 0.1299
vn -0.9600 0.2291 -0.1608
vn -0.9678 0.2333 -0.0941
vn -0.9390 0.2227 0.2621
vn -0.9599 0.2295 -0.1607
vn -0.9580 0.2169 0.1875
vn -0.8271 0.2091 0.5216
vn -0.9390 0.2226 0.2623
vn -0.9580 0.2172 0.1875
vn -0.9390 0.2227 0.2620
vn -0.9692 0.2270 -0.0954
vn -0.8270 0.2090 0.5219
vn -0.9678 0.2335 -0.0944
vn -0.9164 0.2326 -0.3257
vn -0.9717 0.2331 -0.0395
vn -0.9678 0.2336 -0.0943
vn -0.8815 0.2336 -0.4104
vn -0.9164 0.2327 -0.3256
vn -0.9677 0.2337 -0.0943
vn -0.9599 0.2294 -0.1609
vn -0.8816 0.2331 -0.4104
vn -0.9580 0.2173 0.1873
vn -0.9678 0.2334 -0.0943
vn -0.9717 0.2331 -0.0391
vn -0.9300 0.2408 -0.2776
vn -0.9693 0.2302 -0.0863
vn -0.9716 0.2333 -0.0394
vn -0.9301 0.2405 -0.2776
vn -0.9717 0.2329 -0.0395
vn -0.9163 0.2328 -0.3258
vn -0.9500 0.2170 0.2247
vn -0.9716 0.2334 -0.0392
vn -0.9694 0.2298 -0.0860
vn -0.9499 0.2172 0.2247
vn -0.9580 0.2173 0.1874
vn -0.8271 0.2090 0.5217
vn -0.9498 0.2174 0.2252
vn -0.8715 0.2039 0.4459
vn -0.9498 0.2172 0.2250
vn -0.8273 0.2091 0.5214
vn -0.9579 0.2173 0.1876
vn -0.9499 0.2172 0.2248
vn -0.9695 0.2298 -0.0858
vn -0.9553 0.2306 0.1849
vn -0.9552 0.2306 0.1852
vn -0.8715 0.2040 0.4460
vn -0.9498 0.2172 0.2251
vn -0.9115 0.1782 0.3707
vn -0.9553 0.2306 0.1853
vn -0.9697 0.2066 0.1306
vn -0.9552 0.2308 0.1852
vn -0.9115 0.1782 0.3708
vn -0.8715 0.2039 0.4461
vn -0.9694 0.2301 -0.0858
vn -0.9697 0.2067 0.1300
vn -0.9554 0.2304 0.1847
vn -0.9811 0.1865 -0.0523
vn -0.9697 0.2066 0.1301
vn -0.9444 0.2128 -0.2507
vn -0.9391 0.1660 0.3009
vn -0.9697 0.2066 0.1305
vn -0.9445 0.2124 -0.2507
vn -0.9697 0.2067 0.1303
vn -0.9697 0.2066 0.1303
vn -0.9390 0.1660 0.3012
vn -0.8864 0.1659 0.4322
vn -0.9115 0.1782 0.3706
vn -0.9697 0.2066 0.1304
vn -0.8864 0.1659 0.4321
vn -0.8862 0.1658 0.4326
vn -0.9391 0.1663 0.3008
vn -0.7743 0.1192 0.6215
vn -0.9323 0.0033 0.3617
vn -0.7742 0.1190 0.6216
vn -0.9392 0.1659 0.3008
vn -0.9981 0.0573 0.0239
vn -0.9324 0.0031 0.3615
vn -0.9391 0.1661 0.3008
vn -0.9811 0.1865 -0.0524
vn -0.9981 0.0574 0.0238
vn -0.9533 0.0925 -0.2874
vn -0.9981 0.0573 0.0235
vn -0.9810 0.1866 -0.0526
vn -0.9533 0.0930 -0.2874
vn -0.9476 -0.1139 -0.2986
vn -0.9981 0.0575 0.0236
vn -0.9475 -0.1139 -0.2989
vn -0.9641 -0.2653 0.0048
vn -0.9981 0.0574 0.0235
vn -0.9641 -0.2653 0.0051
vn -0.9323 0.0032 0.3616
vn -0.9641 -0.2656 0.0046
vn -0.7955 -0.6059 0.0050
vn -0.8612 -0.3993 0.3144
vn -0.9324 0.0031 0.3614
vn -0.9642 -0.2652 0.0047
vn -0.8612 -0.3994 0.3142
vn -0.7955 -0.6059 0.0047
vn -0.9642 -0.2653 0.0049
vn -0.8162 -0.5120 -0.2677
vn -0.8162 -0.5118 -0.2681
vn -0.9642 -0.2652 0.0051
vn -0.9475 -0.1142 -0.2988
vn -0.8163 -0.5118 -0.2678
vn -0.9476 -0.1138 -0.2984
vn -0.7531 -0.3599 -0.5508
vn -0.5972 -0.6843 -0.4184
vn -0.6200 -0.7589 -0.1992
vn -0.8162 -0.5119 -0.2679
vn -0.6200 -0.7588 -0.1994
vn -0.7956 -0.6058 0.0047
vn -0.8163 -0.5118 -0.2679
vn -0.7531 -0.3598 -0.5508
vn -0.5970 -0.6845 -0.4185
vn -0.8162 -0.5118 -0.2680
vn -0.7532 -0.3598 -0.5507
vn -0.9474 -0.1142 -0.2991
vn -0.8118 -0.0061 -0.5839
vn -0.4686 -0.6349 -0.6142
vn -0.5968 -0.6845 -0.4186
vn -0.4685 -0.6352 -0.6140
vn -0.5624 -0.3168 -0.7638
vn -0.3904 -0.8283 -0.4019
vn -0.5971 -0.6842 -0.4186
vn -0.4688 -0.6348 -0.6142
vn -0.4685 -0.6348 -0.6144
vn -0.1590 -0.8283 -0.5372
vn -0.3906 -0.8282 -0.4019
vn -0.1592 -0.8282 -0.5373
vn -0.4685 -0.6351 -0.6142
vn -0.2421 -0.5968 -0.7650
vn -0.2419 -0.5973 -0.7647
vn 0.0014 -0.7611 -0.6486
vn -0.1591 -0.8281 -0.5375
vn -0.0198 -0.7395 -0.6729
vn 0.0015 -0.7614 -0.6483
vn -0.0575 -0.9230 -0.3806
vn -0.1592 -0.8281 -0.5375
vn -0.0574 -0.9232 -0.3801
vn -0.1618 -0.9477 -0.2750
vn -0.1618 -0.9476 -0.2753
vn -0.3901 -0.8285 -0.4017
vn -0.1590 -0.8284 -0.5371
vn -0.0574 -0.9232 -0.3800
vn -0.1620 -0.9477 -0.2750
vn -0.2056 -0.9778 -0.0395
vn -0.0171 -0.9884 -0.1511
vn -0.2057 -0.9778 -0.0399
vn -0.3663 -0.8921 -0.2644
vn -0.1617 -0.9477 -0.2751
vn -0.3666 -0.8920 -0.2644
vn -0.3903 -0.8284 -0.4018
vn -0.1616 -0.9477 -0.2752
vn -0.3665 -0.8920 -0.2645
vn -0.4884 -0.8670 0.0989
vn -0.6197 -0.7590 -0.1997
vn -0.2059 -0.9778 -0.0398
vn -0.4884 -0.8670 0.0990
vn -0.3663 -0.8921 -0.2646
vn -0.5972 -0.6842 -0.4185
vn -0.3667 -0.8920 -0.2644
vn -0.6201 -0.7587 -0.1993
vn -0.3902 -0.8283 -0.4020
vn -0.3665 -0.8921 -0.2644
vn -0.5973 -0.6843 -0.4184
vn -0.2144 -0.9332 0.2884
vn -0.4885 -0.8669 0.0987
vn -0.2062 -0.9777 -0.0398
vn -0.4629 -0.7721 0.4354
vn -0.4884 -0.8670 0.0988
vn -0.4629 -0.7723 0.4351
vn -0.7075 -0.6623 0.2466
vn -0.4885 -0.8669 0.0990
vn -0.7955 -0.6059 0.0053
vn -0.4886 -0.8669 0.0991
vn -0.7076 -0.6622 0.2464
vn -0.7955 -0.6059 0.0054
vn -0.6198 -0.7590 -0.1995
vn -0.4886 -0.8669 0.0992
vn -0.7077 -0.6622 0.2462
vn -0.8612 -0.3995 0.3144
vn -0.7954 -0.6060 0.0051
vn -0.7077 -0.6622 0.2463
vn -0.6759 -0.5052 0.5366
vn -0.8613 -0.3994 0.3140
vn -0.4630 -0.7723 0.4350
vn -0.6759 -0.5056 0.5363
vn -0.7078 -0.6620 0.2466
vn -0.3890 -0.5134 0.7649
vn -0.6761 -0.5051 0.5365
vn -0.4629 -0.7722 0.4352
vn -0.5601 -0.2216 0.7982
vn -0.6761 -0.5054 0.5362
vn -0.6759 -0.5051 0.5367
vn -0.7901 -0.1186 0.6014
vn -0.8613 -0.3995 0.3140
vn -0.5607 -0.2215 0.7978
vn -0.7903 -0.1187 0.6011
vn -0.6760 -0.5052 0.5365
vn -0.5606 -0.2215 0.7979
vn -0.5721 0.0577 0.8181
vn -0.7902 -0.1186 0.6012
vn -0.3540 -0.0999 0.9299
vn -0.5718 0.0576 0.8184
vn -0.3890 -0.5132 0.7650
vn -0.3540 -0.1000 0.9299
vn -0.5605 -0.2216 0.7980
vn -0.0975 -0.3328 0.9379
vn -0.1338 -0.0541 0.9895
vn -0.3541 -0.1001 0.9298
vn -0.1338 -0.0539 0.9895
vn -0.3851 0.0263 0.9225
vn -0.3538 -0.1001 0.9299
vn -0.3542 -0.0999 0.9298
vn -0.3854 0.0263 0.9224
vn -0.5719 0.0576 0.8183
vn -0.3893 -0.5132 0.7649
vn -0.0972 -0.3332 0.9378
vn -0.3537 -0.0999 0.9300
vn -0.3853 0.0263 0.9224
vn -0.4694 0.1034 0.8769
vn -0.6182 0.1000 0.7797
vn -0.2240 -0.0088 0.9745
vn -0.4692 0.1035 0.8770
vn -0.3850 0.0260 0.9226
vn -0.1338 -0.0542 0.9895
vn -0.2239 -0.0089 0.9746
vn -0.6183 0.1001 0.7795
vn -0.5717 0.0575 0.8185
vn -0.5721 0.0578 0.8182
vn -0.6185 0.0999 0.7794
vn -0.7742 0.1188 0.6217
vn -0.7742 0.1189 0.6217
vn -0.6184 0.1001 0.7795
vn -0.7848 0.1568 0.5996
vn -0.7847 0.1570 0.5997
vn -0.6008 0.1656 0.7821
vn -0.6181 0.0998 0.7797
vn -0.6002 0.1656 0.7825
vn -0.6004 0.1654 0.7824
vn -0.5582 0.1558 0.8149
vn -0.6870 0.1958 0.6998
vn -0.5584 0.1555 0.8149
vn -0.6004 0.1659 0.7823
vn -0.4695 0.1035 0.8769
vn -0.6007 0.1656 0.7822
vn -0.6869 0.1958 0.6999
vn -0.7848 0.1567 0.5996
vn -0.6677 0.0967 0.7381
vn -0.7449 0.1335 0.6537
vn -0.6868 0.1957 0.7000
vn -0.5583 0.1555 0.8149
vn -0.6675 0.0968 0.7383
vn -0.6867 0.1958 0.7000
vn -0.6869 0.1956 0.6999
vn -0.7447 0.1332 0.6540
vn -0.8271 0.2089 0.5218
vn -0.8715 0.2038 0.4461
vn -0.6870 0.1956 0.6999
vn -0.8269 0.2090 0.5220
vn -0.7849 0.1567 0.5994
vn -0.6869 0.1960 0.6998
vn -0.8716 0.2035 0.4460
vn -0.5587 0.1557 0.8146
vn -0.5259 0.0635 0.8482
vn -0.6677 0.0970 0.7380
vn -0.5824 0.1096 0.8055
vn -0.7449 0.1332 0.6537
vn -0.6678 0.0973 0.7379
vn -0.5825 0.1095 0.8054
vn -0.6679 0.0968 0.7379
vn -0.3549 0.0567 0.9332
vn -0.5256 0.0637 0.8483
vn -0.5258 0.0639 0.8482
vn -0.2169 0.0155 0.9761
vn -0.3548 0.0565 0.9332
vn -0.3567 0.0484 0.9330
vn -0.5258 0.0637 0.8482
vn -0.5584 0.1558 0.8148
vn -0.2171 0.0156 0.9760
vn -0.5258 0.0638 0.8482
vn -0.3565 0.0483 0.9331
vn -0.4695 0.1031 0.8769
vn -0.3567 0.0485 0.9330
vn -0.5584 0.1554 0.8149
vn -0.0262 -0.0496 0.9984
vn -0.2166 0.0152 0.9761
vn -0.3566 0.0484 0.9330
vn -0.2236 -0.0091 0.9746
vn -0.0260 -0.0496 0.9984
vn -0.3567 0.0487 0.9329
vn -0.4692 0.1036 0.8770
vn -0.2240 -0.0087 0.9745
vn -0.3566 0.0485 0.9330
vn -0.7744 0.1191 0.6213
vn -0.7850 0.1570 0.5992
vn -0.8862 0.1661 0.4326
vn -0.8861 0.1660 0.4327
vn -0.7849 0.1568 0.5994
vn -0.9115 0.1778 0.3709
vn -0.8713 0.2039 0.4464
vn -0.9113 0.1783 0.3712
vn -0.7850 0.1568 0.5993
vn -0.0036 -0.0663 0.9978
vn -0.0262 -0.0497 0.9984
vn -0.2238 -0.0092 0.9746
vn -0.1335 -0.0539 0.9896
vn -0.0034 -0.0662 0.9978
vn -0.2237 -0.0090 0.9746
vn 0.1357 -0.1587 0.9780
vn -0.0031 -0.0662 0.9978
vn -0.1335 -0.0545 0.9896
vn -0.0029 -0.0666 0.9978
vn 0.2605 -0.1220 0.9577
vn 0.1355 -0.1585 0.9780
vn 0.2607 -0.1221 0.9577
vn -0.0029 -0.0665 0.9978
vn 0.1360 -0.1587 0.9779
vn 0.3770 -0.1869 0.9071
vn 0.2608 -0.1221 0.9576
vn 0.2487 -0.3768 0.8923
vn 0.3772 -0.1870 0.9071
vn 0.1360 -0.1588 0.9779
vn -0.0972 -0.3329 0.9379
vn 0.2484 -0.3767 0.8924
vn 0.1359 -0.1587 0.9779
vn -0.1335 -0.0542 0.9896
vn -0.0971 -0.3331 0.9379
vn 0.1359 -0.1588 0.9779
vn 0.2486 -0.3770 0.8922
vn 0.5506 -0.3978 0.7338
vn 0.3775 -0.1870 0.9069
vn 0.3242 -0.6464 0.6907
vn 0.5506 -0.3979 0.7339
vn 0.2483 -0.3768 0.8924
vn 0.3246 -0.6462 0.6907
vn 0.2489 -0.3770 0.8922
vn 0.0522 -0.5986 0.7994
vn 0.2483 -0.3769 0.8924
vn -0.0972 -0.3330 0.9379
vn 0.0529 -0.5987 0.7992
vn 0.0534 -0.8108 0.5828
vn 0.3244 -0.6461 0.6909
vn 0.0524 -0.5986 0.7993
vn -0.0971 -0.3327 0.9380
vn -0.2013 -0.7137 0.6709
vn -0.2011 -0.7136 0.6711
vn 0.0532 -0.8108 0.5829
vn 0.0525 -0.5987 0.7992
vn 0.3240 -0.6462 0.6910
vn 0.0536 -0.8109 0.5827
vn 0.3205 -0.8500 0.4182
vn 0.0724 -0.9506 0.3019
vn 0.3206 -0.8500 0.4180
vn 0.0537 -0.8106 0.5831
vn -0.2143 -0.9333 0.2881
vn 0.0535 -0.8108 0.5829
vn -0.2010 -0.7134 0.6713
vn -0.2142 -0.9333 0.2881
vn 0.0726 -0.9506 0.3018
vn -0.0079 -0.9985 0.0537
vn -0.2146 -0.9333 0.2878
vn 0.2146 -0.9680 0.1300
vn 0.0723 -0.9506 0.3018
vn -0.0081 -0.9985 0.0537
vn 0.2147 -0.9680 0.1298
vn 0.3211 -0.8496 0.4185
vn 0.0723 -0.9506 0.3019
vn 0.5739 -0.6419 0.5086
vn 0.3208 -0.8499 0.4181
vn 0.4587 -0.8422 0.2836
vn 0.5741 -0.6418 0.5085
vn 0.3238 -0.6463 0.6910
vn 0.3205 -0.8499 0.4183
vn 0.2149 -0.9679 0.1301
vn 0.4590 -0.8422 0.2830
vn 0.3212 -0.8498 0.4179
vn -0.3894 -0.5135 0.7647
vn -0.4626 -0.7722 0.4355
vn -0.2014 -0.7137 0.6709
vn -0.0968 -0.3331 0.9379
vn -0.3895 -0.5134 0.7646
vn -0.2143 -0.9333 0.2880
vn -0.4627 -0.7722 0.4354
vn 0.3240 -0.6465 0.6907
vn 0.5740 -0.6418 0.5085
vn 0.5511 -0.3977 0.7336
vn 0.7428 -0.3368 0.5786
vn 0.5507 -0.3976 0.7339
vn 0.5743 -0.6417 0.5084
vn 0.5507 -0.3978 0.7338
vn 0.5739 -0.1990 0.7944
vn 0.3773 -0.1868 0.9071
vn 0.7428 -0.3368 0.5787
vn 0.5743 -0.1990 0.7941
vn 0.5511 -0.3976 0.7337
vn 0.3774 -0.1870 0.9070
vn 0.5742 -0.1991 0.7942
vn -0.5720 0.0576 0.8182
vn -0.7741 0.1190 0.6218
vn -0.7901 -0.1188 0.6014
vn -0.7904 -0.1190 0.6010
vn -0.7744 0.1190 0.6214
vn -0.7904 -0.1184 0.6010
vn -0.9323 0.0035 0.3616
vn -0.0078 -0.9985 0.0534
vn -0.2145 -0.9333 0.2879
vn -0.0080 -0.9985 0.0538
vn -0.2060 -0.9778 -0.0394
vn -0.8117 -0.0062 -0.5840
vn -0.9531 0.0928 -0.2879
vn -0.8954 0.1399 -0.4227
vn -0.8118 -0.0064 -0.5839
vn -0.9474 -0.1140 -0.2990
vn -0.9533 0.0927 -0.2875
vn -0.8953 0.1400 -0.4228
vn -0.9533 0.0929 -0.2874
vn -0.8954 0.1398 -0.4228
vn -0.9810 0.1867 -0.0523
vn -0.9445 0.2126 -0.2506
vn -0.9694 0.2301 -0.0860
vn -0.9300 0.2406 -0.2779
vn -0.8591 0.2206 -0.4618
vn -0.8593 0.2204 -0.4616
vn -0.9299 0.2408 -0.2782
vn -0.7980 0.2152 -0.5629
vn -0.7978 0.2152 -0.5632
vn -0.6657 0.1728 -0.7259
vn -0.8592 0.2203 -0.4618
vn -0.6658 0.1727 -0.7259
vn -0.7978 0.2153 -0.5631
vn -0.6227 0.1882 -0.7595
vn -0.6228 0.1882 -0.7594
vn -0.7785 0.2175 -0.5888
vn -0.6077 0.1938 -0.7702
vn -0.4196 0.1526 -0.8948
vn -0.6226 0.1883 -0.7596
vn -0.6074 0.1938 -0.7704
vn -0.6227 0.1884 -0.7594
vn -0.7979 0.2152 -0.5631
vn -0.7784 0.2178 -0.5887
vn -0.1999 0.1115 -0.9734
vn -0.4190 0.1522 -0.8951
vn -0.4804 0.1709 -0.8602
vn -0.4195 0.1523 -0.8949
vn -0.6074 0.1937 -0.7704
vn -0.4809 0.1708 -0.8600
vn -0.3230 0.1391 -0.9361
vn -0.4804 0.1711 -0.8602
vn -0.6143 0.1918 -0.7654
vn -0.3231 0.1389 -0.9361
vn -0.1998 0.1114 -0.9735
vn -0.4803 0.1707 -0.8603
vn -0.4807 0.1709 -0.8601
vn -0.6075 0.1938 -0.7703
vn -0.7126 0.2107 -0.6692
vn -0.4807 0.1708 -0.8601
vn -0.7126 0.2106 -0.6692
vn -0.6142 0.1920 -0.7654
vn -0.7128 0.2105 -0.6690
vn -0.8384 0.2314 -0.4936
vn -0.6145 0.1918 -0.7652
vn -0.8816 0.2332 -0.4103
vn -0.9600 0.2293 -0.1608
vn -0.8385 0.2312 -0.4934
vn -0.8383 0.2315 -0.4936
vn -0.7138 0.2053 -0.6696
vn -0.8815 0.2333 -0.4105
vn -0.8370 0.2397 -0.4919
vn -0.9600 0.2293 -0.1610
vn -0.9181 0.2322 -0.3212
vn -0.9600 0.2293 -0.1609
vn -0.9656 0.2598 -0.0106
vn -0.9183 0.2317 -0.3211
vn -0.9657 0.2595 -0.0105
vn -0.9651 0.2331 -0.1197
vn -0.9181 0.2324 -0.3211
vn -0.9657 0.2593 -0.0106
vn -0.8937 0.2402 0.3790
vn -0.9650 0.2331 -0.1197
vn -0.9608 0.2449 0.1302
vn -0.8938 0.2400 0.3789
vn -0.9656 0.2598 -0.0104
vn -0.9600 0.2293 -0.1607
vn -0.9608 0.2450 0.1298
vn -0.9655 0.2601 -0.0104
vn -0.6077 0.1936 -0.7702
vn -0.7784 0.2175 -0.5889
vn -0.7126 0.2109 -0.6691
vn -0.7129 0.2103 -0.6690
vn -0.7788 0.2179 -0.5882
vn -0.8814 0.2336 -0.4106
vn -0.7787 0.2178 -0.5884
vn -0.8814 0.2336 -0.4105
vn -0.7981 0.2152 -0.5628
vn -0.9163 0.2328 -0.3259
vn -0.7787 0.2176 -0.5884
vn -0.7968 0.2233 -0.5615
vn -0.9300 0.2407 -0.2779
vn -0.9163 0.2327 -0.3260
vn -0.7448 0.1332 0.6539
vn -0.8270 0.2091 0.5218
vn -0.8823 0.0431 0.4688
vn 0.2569 -0.1134 0.9598
vn 0.4292 -0.1449 0.8915
vn 0.1568 -0.0808 0.9843
vn 0.4292 -0.1447 0.8915
vn 0.4394 -0.1554 0.8848
vn 0.1567 -0.0811 0.9843
vn 0.4924 -0.1576 0.8560
vn 0.4291 -0.1449 0.8916
vn 0.2570 -0.1131 0.9598
vn 0.7427 -0.3370 0.5787
vn 0.7913 -0.2574 0.5546
vn 0.5743 -0.1987 0.7941
vn 0.6649 -0.2278 0.7114
vn 0.5743 -0.1993 0.7940
vn 0.7913 -0.2576 0.5545
vn 0.9096 -0.2797 0.3073
vn 0.7915 -0.2578 0.5541
vn 0.7914 -0.2575 0.5544
vn 0.7429 -0.3367 0.5785
vn 0.9095 -0.2796 0.3075
vn 0.8038 -0.2526 0.5386
vn 0.7913 -0.2575 0.5546
vn 0.8036 -0.2523 0.5390
vn 0.6647 -0.2282 0.7114
vn 0.9096 -0.2797 0.3074
vn 0.8485 -0.2576 0.4624
vn 0.8040 -0.2523 0.5385
vn 0.4180 -0.8718 -0.2555
vn 0.6739 -0.6892 -0.2662
vn 0.6246 -0.7785 -0.0621
vn 0.8268 -0.5608 0.0431
vn 0.6246 -0.7785 -0.0613
vn 0.6740 -0.6889 -0.2666
vn 0.4175 -0.8719 -0.2558
vn 0.4298 -0.8374 -0.3376
vn 0.6741 -0.6888 -0.2668
vn 0.8971 -0.2796 -0.3421
vn 0.9154 -0.3884 -0.1057
vn 0.8158 -0.4429 -0.3719
vn 0.8972 -0.2795 -0.3418
vn 0.9584 -0.2855 -0.0051
vn 0.9154 -0.3883 -0.1062
vn 0.8973 -0.2795 -0.3417
vn 0.9504 -0.2675 -0.1586
vn 0.9584 -0.2855 -0.0054
vn 0.8844 -0.2284 -0.4071
vn 0.9504 -0.2676 -0.1587
vn 0.8972 -0.2794 -0.3419
vn 0.8842 -0.2284 -0.4074
vn 0.8971 -0.2797 -0.3420
vn 0.7775 -0.2269 -0.5865
vn 0.7626 -0.3081 -0.5687
vn 0.8972 -0.2794 -0.3420
vn 0.8159 -0.4430 -0.3716
vn 0.8972 -0.2795 -0.3420
vn 0.7628 -0.3075 -0.5688
vn 0.7774 -0.2272 -0.5865
vn 0.7775 -0.2271 -0.5864
vn 0.7662 -0.1894 -0.6140
vn 0.7626 -0.3078 -0.5690
vn 0.5941 -0.1829 -0.7834
vn 0.7774 -0.2270 -0.5867
vn 0.7660 -0.1894 -0.6143
vn 0.7773 -0.2270 -0.5868
vn 0.6349 -0.1623 -0.7554
vn 0.7772 -0.2273 -0.5867
vn 0.5940 -0.1828 -0.7835
vn 0.6348 -0.1622 -0.7555
vn 0.5937 -0.1826 -0.7837
vn 0.4436 -0.1034 -0.8903
vn 0.6346 -0.1620 -0.7557
vn 0.6285 -0.3567 -0.6912
vn 0.4767 -0.2410 -0.8454
vn 0.5937 -0.1830 -0.7836
vn 0.7625 -0.3078 -0.5691
vn 0.6287 -0.3564 -0.6912
vn 0.5939 -0.1828 -0.7835
vn 0.4762 -0.2409 -0.8457
vn 0.3679 -0.1118 -0.9231
vn 0.5939 -0.1823 -0.7836
vn 0.5941 -0.1823 -0.7835
vn 0.3679 -0.1119 -0.9231
vn 0.4435 -0.1032 -0.8903
vn 0.3677 -0.1120 -0.9232
vn 0.2972 -0.2444 -0.9230
vn 0.1381 -0.0674 -0.9881
vn 0.4764 -0.2411 -0.8455
vn 0.2973 -0.2448 -0.9229
vn 0.3678 -0.1117 -0.9232
vn 0.3676 -0.1121 -0.9232
vn 0.1383 -0.0672 -0.9881
vn 0.2095 -0.0442 -0.9768
vn 0.4432 -0.1033 -0.8905
vn 0.3676 -0.1117 -0.9233
vn 0.2096 -0.0443 -0.9768
vn 0.2093 -0.0443 -0.9769
vn 0.1377 -0.0668 -0.9882
vn -0.0345 0.0131 -0.9993
vn 0.2471 -0.0185 -0.9688
vn 0.2090 -0.0442 -0.9769
vn 0.0908 0.0082 -0.9958
vn 0.2098 -0.0444 -0.9767
vn 0.2474 -0.0184 -0.9687
vn 0.4431 -0.1035 -0.8905
vn 0.0908 0.0083 -0.9958
vn 0.2092 -0.0446 -0.9769
vn -0.0345 0.0132 -0.9993
vn 0.1379 -0.0673 -0.9882
vn -0.1027 -0.0464 -0.9936
vn -0.0346 0.0133 -0.9993
vn -0.0347 0.0133 -0.9993
vn -0.0725 0.0575 -0.9957
vn 0.0902 0.0081 -0.9959
vn -0.2491 0.0793 -0.9652
vn -0.0730 0.0574 -0.9957
vn -0.0350 0.0133 -0.9993
vn -0.1029 -0.0461 -0.9936
vn -0.3007 0.0350 -0.9531
vn -0.0348 0.0133 -0.9993
vn -0.3007 0.0347 -0.9531
vn -0.2492 0.0791 -0.9652
vn -0.3012 0.0351 -0.9529
vn -0.4590 0.0960 -0.8832
vn -0.2498 0.0794 -0.9650
vn -0.2498 0.0790 -0.9651
vn -0.4196 0.1362 -0.8974
vn -0.2289 0.1065 -0.9676
vn -0.2494 0.0791 -0.9652
vn -0.2284 0.1064 -0.9677
vn -0.0730 0.0577 -0.9957
vn -0.4589 0.0960 -0.8833
vn -0.4198 0.1361 -0.8973
vn -0.2496 0.0795 -0.9651
vn -0.3011 0.0348 -0.9530
vn -0.5020 0.0493 -0.8634
vn -0.4203 0.1363 -0.8971
vn -0.4595 0.0960 -0.8830
vn -0.6657 0.1726 -0.7260
vn -0.5025 0.0493 -0.8632
vn -0.6236 0.1176 -0.7729
vn -0.4593 0.0960 -0.8831
vn -0.4594 0.0957 -0.8831
vn -0.6236 0.1177 -0.7728
vn -0.6656 0.1727 -0.7261
vn -0.6659 0.1728 -0.7258
vn -0.6240 0.1178 -0.7725
vn -0.8047 0.1713 -0.5684
vn -0.4202 0.1360 -0.8972
vn -0.6656 0.1727 -0.7260
vn -0.6224 0.1880 -0.7598
vn -0.8049 0.1711 -0.5682
vn -0.8590 0.2207 -0.4620
vn -0.6658 0.1730 -0.7258
vn -0.9444 0.2125 -0.2508
vn -0.8592 0.2205 -0.4616
vn -0.8050 0.1711 -0.5680
vn -0.9444 0.2126 -0.2509
vn -0.9692 0.2308 -0.0858
vn -0.8050 0.1713 -0.5680
vn -0.8952 0.1399 -0.4231
vn -0.7379 0.0864 -0.6694
vn -0.8953 0.1402 -0.4228
vn -0.8953 0.1400 -0.4229
vn -0.8049 0.1712 -0.5682
vn -0.7379 0.0862 -0.6694
vn -0.5023 0.0494 -0.8633
vn -0.5997 -0.0427 -0.7991
vn -0.7376 0.0862 -0.6697
vn -0.5025 0.0494 -0.8632
vn -0.7375 0.0861 -0.6699
vn -0.6238 0.1177 -0.7727
vn -0.5994 -0.0428 -0.7993
vn -0.8117 -0.0061 -0.5840
vn -0.7376 0.0861 -0.6697
vn -0.7377 0.0862 -0.6696
vn -0.8049 0.1713 -0.5682
vn -0.6240 0.1175 -0.7725
vn -0.3645 -0.3264 -0.8721
vn -0.5993 -0.0429 -0.7994
vn -0.2972 -0.1084 -0.9486
vn -0.5991 -0.0428 -0.7995
vn -0.5022 0.0493 -0.8634
vn -0.2972 -0.1083 -0.9487
vn -0.5628 -0.3166 -0.7635
vn -0.5995 -0.0428 -0.7992
vn -0.3642 -0.3266 -0.8722
vn -0.5996 -0.0432 -0.7991
vn -0.5625 -0.3165 -0.7639
vn -0.8117 -0.0062 -0.5841
vn -0.2419 -0.5969 -0.7650
vn -0.5628 -0.3166 -0.7636
vn -0.3642 -0.3265 -0.8722
vn -0.5623 -0.3168 -0.7638
vn -0.7534 -0.3597 -0.5504
vn -0.8116 -0.0065 -0.5842
vn -0.2421 -0.5970 -0.7649
vn -0.4683 -0.6350 -0.6144
vn -0.5626 -0.3167 -0.7637
vn 0.0016 -0.7614 -0.6483
vn -0.2419 -0.5972 -0.7647
vn -0.0868 -0.4863 -0.8695
vn -0.0865 -0.4861 -0.8696
vn -0.2418 -0.5974 -0.7647
vn -0.3648 -0.3268 -0.8719
vn 0.0355 -0.2356 -0.9712
vn -0.0865 -0.4862 -0.8696
vn -0.2969 -0.1084 -0.9487
vn -0.0867 -0.4862 -0.8695
vn 0.0353 -0.2354 -0.9713
vn 0.1806 -0.5041 -0.8445
vn -0.0197 -0.7396 -0.6728
vn -0.0864 -0.4863 -0.8695
vn 0.1804 -0.5040 -0.8446
vn -0.0201 -0.7396 -0.6728
vn 0.0014 -0.7612 -0.6486
vn -0.0866 -0.4861 -0.8696
vn -0.2974 -0.1080 -0.9486
vn -0.0865 -0.4863 -0.8695
vn -0.3648 -0.3264 -0.8720
vn 0.1464 -0.8879 -0.4360
vn -0.0197 -0.7395 -0.6729
vn 0.2405 -0.7160 -0.6554
vn 0.2407 -0.7160 -0.6553
vn -0.0195 -0.7397 -0.6727
vn 0.1806 -0.5044 -0.8444
vn 0.4443 -0.7630 -0.4695
vn 0.1465 -0.8878 -0.4362
vn 0.4421 -0.5159 -0.7337
vn 0.2407 -0.7161 -0.6552
vn 0.1804 -0.5043 -0.8445
vn 0.4439 -0.7634 -0.4692
vn 0.2409 -0.7162 -0.6550
vn 0.4419 -0.5160 -0.7338
vn 0.4419 -0.5159 -0.7339
vn 0.6077 -0.6313 -0.4818
vn 0.4443 -0.7633 -0.4691
vn 0.6286 -0.3569 -0.6910
vn 0.7625 -0.3076 -0.5692
vn 0.8158 -0.4432 -0.3716
vn 0.6071 -0.6317 -0.4821
vn 0.7625 -0.3075 -0.5692
vn 0.6077 -0.6314 -0.4817
vn 0.4417 -0.5157 -0.7342
vn 0.6285 -0.3566 -0.6913
vn 0.6290 -0.3566 -0.6908
vn 0.4766 -0.2407 -0.8455
vn 0.4421 -0.5159 -0.7338
vn 0.2971 -0.2448 -0.9230
vn 0.4421 -0.5160 -0.7337
vn 0.1803 -0.5041 -0.8446
vn 0.2971 -0.2446 -0.9230
vn 0.2972 -0.2449 -0.9229
vn 0.1807 -0.5042 -0.8445
vn 0.0352 -0.2357 -0.9712
vn 0.0347 -0.2356 -0.9712
vn -0.1025 -0.0464 -0.9937
vn 0.1377 -0.0673 -0.9882
vn 0.2973 -0.2450 -0.9228
vn 0.0353 -0.2357 -0.9712
vn 0.1378 -0.0671 -0.9882
vn -0.1028 -0.0459 -0.9936
vn -0.2973 -0.1083 -0.9486
vn -0.1027 -0.0460 -0.9937
vn -0.2972 -0.1085 -0.9486
vn -0.3007 0.0349 -0.9531
vn -0.5021 0.0493 -0.8634
vn -0.4204 0.1360 -0.8971
vn -0.6225 0.1883 -0.7596
vn -0.4198 0.1523 -0.8948
vn -0.2288 0.1064 -0.9676
vn -0.4189 0.1524 -0.8951
vn -0.2000 0.1118 -0.9734
vn -0.2289 0.1068 -0.9676
vn -0.4198 0.1362 -0.8973
vn -0.4192 0.1522 -0.8950
vn -0.3228 0.1386 -0.9363
vn -0.0088 0.0748 -0.9972
vn 0.0892 0.0384 -0.9953
vn -0.1997 0.1113 -0.9735
vn -0.0089 0.0746 -0.9972
vn 0.0890 0.0383 -0.9953
vn 0.0002 0.0608 -0.9982
vn -0.1998 0.1116 -0.9735
vn 0.0005 0.0609 -0.9981
vn -0.2286 0.1064 -0.9677
vn -0.1997 0.1112 -0.9735
vn 0.2473 -0.0186 -0.9688
vn 0.0893 0.0382 -0.9953
vn 0.3476 -0.0218 -0.9374
vn 0.2473 -0.0185 -0.9688
vn 0.0010 0.0608 -0.9982
vn 0.0893 0.0380 -0.9953
vn 0.3478 -0.0215 -0.9373
vn 0.0893 0.0383 -0.9953
vn 0.2223 0.0219 -0.9747
vn 0.2220 0.0216 -0.9748
vn 0.0894 0.0380 -0.9953
vn -0.0087 0.0746 -0.9972
vn 0.2144 0.0273 -0.9764
vn 0.2220 0.0217 -0.9748
vn -0.0086 0.0745 -0.9972
vn 0.4035 -0.0287 -0.9145
vn 0.2224 0.0216 -0.9747
vn 0.2149 0.0270 -0.9763
vn 0.3478 -0.0217 -0.9373
vn 0.2224 0.0215 -0.9747
vn 0.4035 -0.0288 -0.9145
vn 0.5747 -0.0821 -0.8142
vn 0.4037 -0.0288 -0.9144
vn 0.5900 -0.0798 -0.8035
vn 0.5747 -0.0823 -0.8142
vn 0.3480 -0.0218 -0.9373
vn 0.4042 -0.0287 -0.9142
vn 0.5899 -0.0799 -0.8035
vn 0.4041 -0.0290 -0.9143
vn 0.5207 -0.0477 -0.8524
vn 0.5204 -0.0483 -0.8525
vn 0.4039 -0.0288 -0.9143
vn 0.3417 -0.0003 -0.9398
vn 0.4034 -0.0291 -0.9145
vn 0.2149 0.0271 -0.9763
vn 0.3413 -0.0002 -0.9400
vn 0.5650 -0.0544 -0.8233
vn 0.5205 -0.0480 -0.8525
vn 0.3415 -0.0002 -0.9399
vn 0.3411 -0.0003 -0.9400
vn 0.0914 0.0568 -0.9942
vn 0.1933 0.0384 -0.9804
vn 0.3411 -0.0001 -0.9400
vn 0.2147 0.0272 -0.9763
vn 0.0913 0.0569 -0.9942
vn 0.1932 0.0385 -0.9804
vn 0.3924 -0.0017 -0.9198
vn 0.3929 -0.0020 -0.9196
vn 0.5651 -0.0543 -0.8232
vn 0.5653 -0.0543 -0.8231
vn 0.7151 -0.1015 -0.6916
vn 0.5208 -0.0481 -0.8523
vn 0.7149 -0.1012 -0.6919
vn 0.5654 -0.0544 -0.8230
vn 0.7674 -0.1216 -0.6296
vn 0.7675 -0.1211 -0.6295
vn 0.5654 -0.0546 -0.8230
vn 0.6215 -0.0730 -0.7800
vn 0.6210 -0.0730 -0.7804
vn 0.5649 -0.0543 -0.8234
vn 0.3928 -0.0020 -0.9196
vn 0.7673 -0.1212 -0.6297
vn 0.6213 -0.0730 -0.7802
vn 0.8283 -0.1358 -0.5436
vn 0.8283 -0.1360 -0.5436
vn 0.6212 -0.0729 -0.7803
vn 0.7196 -0.0942 -0.6880
vn 0.4055 -0.0097 -0.9140
vn 0.6209 -0.0731 -0.7805
vn 0.3930 -0.0021 -0.9195
vn 0.5833 -0.0433 -0.8111
vn 0.7195 -0.0941 -0.6881
vn 0.6212 -0.0730 -0.7802
vn 0.5830 -0.0433 -0.8113
vn 0.6209 -0.0728 -0.7805
vn 0.4055 -0.0096 -0.9141
vn 0.3925 -0.0017 -0.9198
vn 0.2081 0.0449 -0.9771
vn 0.4051 -0.0096 -0.9142
vn 0.4023 -0.0211 -0.9153
vn 0.2078 0.0448 -0.9771
vn 0.2364 0.0414 -0.9708
vn 0.4055 -0.0095 -0.9141
vn 0.4734 -0.0108 -0.8808
vn 0.5830 -0.0435 -0.8113
vn 0.4730 -0.0106 -0.8810
vn 0.4052 -0.0095 -0.9142
vn 0.2366 0.0414 -0.9707
vn 0.2359 0.0413 -0.9709
vn 0.0274 0.0876 -0.9958
vn 0.0549 0.0855 -0.9948
vn 0.2358 0.0415 -0.9709
vn 0.0547 0.0856 -0.9948
vn 0.2975 0.0356 -0.9541
vn 0.2073 0.0452 -0.9772
vn 0.0277 0.0872 -0.9958
vn 0.2361 0.0414 -0.9708
vn 0.2979 0.0360 -0.9539
vn 0.4730 -0.0107 -0.8810
vn 0.2365 0.0412 -0.9707
vn 0.0271 0.0875 -0.9958
vn -0.1734 0.1272 -0.9766
vn 0.0543 0.0860 -0.9948
vn 0.2073 0.0449 -0.9773
vn 0.0185 0.0825 -0.9964
vn 0.0274 0.0875 -0.9958
vn 0.0180 0.0825 -0.9964
vn -0.1605 0.1229 -0.9794
vn 0.0271 0.0876 -0.9958
vn -0.1606 0.1228 -0.9793
vn -0.1736 0.1267 -0.9766
vn 0.0178 0.0769 -0.9969
vn -0.1161 0.1119 -0.9869
vn 0.0180 0.0827 -0.9964
vn 0.1928 0.0384 -0.9805
vn 0.0185 0.0770 -0.9969
vn 0.1930 0.0386 -0.9804
vn 0.0183 0.0824 -0.9964
vn 0.2074 0.0449 -0.9772
vn 0.0180 0.0826 -0.9964
vn -0.1158 0.1120 -0.9869
vn -0.1605 0.1227 -0.9794
vn -0.1166 0.1115 -0.9869
vn -0.1898 0.1174 -0.9748
vn -0.3097 0.1468 -0.9394
vn 0.0176 0.0767 -0.9969
vn -0.1896 0.1173 -0.9748
vn -0.1161 0.1116 -0.9869
vn -0.1609 0.1227 -0.9793
vn -0.1166 0.1118 -0.9869
vn -0.3096 0.1469 -0.9394
vn -0.4267 0.1616 -0.8899
vn -0.3104 0.1469 -0.9392
vn -0.4266 0.1611 -0.8900
vn -0.5313 0.1842 -0.8269
vn -0.3103 0.1470 -0.9392
vn -0.3101 0.1464 -0.9394
vn -0.3657 0.1604 -0.9168
vn -0.1611 0.1229 -0.9793
vn -0.3662 0.1601 -0.9166
vn -0.3105 0.1466 -0.9392
vn -0.5310 0.1845 -0.8270
vn -0.1611 0.1226 -0.9793
vn -0.3657 0.1605 -0.9168
vn -0.1738 0.1270 -0.9766
vn -0.5312 0.1842 -0.8270
vn -0.5978 0.1965 -0.7772
vn -0.3660 0.1607 -0.9166
vn -0.3660 0.1603 -0.9167
vn -0.5977 0.1969 -0.7772
vn -0.3917 0.1627 -0.9056
vn -0.1739 0.1269 -0.9766
vn -0.3655 0.1606 -0.9169
vn -0.3915 0.1626 -0.9057
vn -0.3918 0.1627 -0.9056
vn -0.5868 0.1943 -0.7861
vn -0.4151 0.1765 -0.8925
vn -0.2022 0.1385 -0.9695
vn -0.3914 0.1625 -0.9057
vn -0.4146 0.1766 -0.8927
vn -0.3917 0.1629 -0.9056
vn -0.5977 0.1971 -0.7771
vn -0.5866 0.1945 -0.7862
vn -0.1738 0.1268 -0.9766
vn -0.3913 0.1624 -0.9058
vn -0.2023 0.1385 -0.9695
vn -0.1735 0.1268 -0.9766
vn -0.2016 0.1383 -0.9696
vn 0.0543 0.0861 -0.9948
vn -0.0294 0.1049 -0.9940
vn 0.0546 0.0855 -0.9948
vn -0.2017 0.1382 -0.9696
vn -0.2019 0.1384 -0.9696
vn -0.1864 0.1410 -0.9723
vn -0.0294 0.1046 -0.9941
vn -0.1870 0.1411 -0.9722
vn -0.4149 0.1763 -0.8926
vn 0.0676 0.0966 -0.9930
vn -0.0292 0.1049 -0.9941
vn -0.1865 0.1412 -0.9723
vn -0.0409 0.1167 -0.9923
vn -0.1867 0.1412 -0.9722
vn -0.3232 0.1634 -0.9321
vn 0.0676 0.0971 -0.9930
vn -0.1865 0.1409 -0.9723
vn -0.0408 0.1169 -0.9923
vn -0.1870 0.1409 -0.9722
vn -0.4147 0.1765 -0.8927
vn -0.3233 0.1633 -0.9321
vn 0.2955 0.0403 -0.9545
vn 0.0680 0.0966 -0.9930
vn 0.2122 0.0691 -0.9748
vn 0.1380 0.0746 -0.9876
vn 0.2952 0.0400 -0.9546
vn 0.1375 0.0746 -0.9877
vn -0.0286 0.1048 -0.9941
vn 0.0677 0.0966 -0.9930
vn 0.2123 0.0693 -0.9747
vn 0.0678 0.0966 -0.9930
vn -0.0406 0.1168 -0.9923
vn 0.4571 0.0105 -0.8894
vn 0.2127 0.0690 -0.9747
vn 0.2950 0.0550 -0.9539
vn 0.4479 0.0089 -0.8940
vn 0.2126 0.0691 -0.9747
vn 0.4570 0.0102 -0.8894
vn 0.4481 0.0096 -0.8939
vn 0.2955 0.0401 -0.9545
vn 0.2126 0.0687 -0.9747
vn 0.2943 0.0551 -0.9541
vn 0.2123 0.0691 -0.9748
vn 0.0718 0.0991 -0.9925
vn -0.0405 0.1168 -0.9923
vn 0.0716 0.0993 -0.9925
vn 0.1402 0.1000 -0.9851
vn 0.2945 0.0552 -0.9541
vn 0.0718 0.0988 -0.9925
vn -0.0403 0.1167 -0.9923
vn -0.1346 0.1416 -0.9807
vn 0.0711 0.0991 -0.9925
vn 0.0712 0.0992 -0.9925
vn -0.1348 0.1414 -0.9807
vn 0.1397 0.0993 -0.9852
vn 0.4346 0.0319 -0.9001
vn 0.2947 0.0555 -0.9540
vn 0.1401 0.0994 -0.9851
vn 0.2677 0.0768 -0.9604
vn 0.1398 0.0995 -0.9852
vn -0.0446 0.1341 -0.9900
vn 0.4347 0.0317 -0.9000
vn 0.1402 0.0993 -0.9851
vn 0.2677 0.0770 -0.9604
vn 0.1399 0.0990 -0.9852
vn -0.1346 0.1415 -0.9807
vn -0.0445 0.1339 -0.9900
vn 0.6248 -0.0211 -0.7805
vn 0.4350 0.0316 -0.8999
vn 0.6714 -0.0281 -0.7406
vn 0.4351 0.0313 -0.8998
vn 0.6248 -0.0206 -0.7805
vn 0.4576 0.0102 -0.8891
vn 0.4571 0.0103 -0.8894
vn 0.2951 0.0551 -0.9539
vn 0.6713 -0.0279 -0.7407
vn 0.4350 0.0314 -0.8999
vn 0.4886 0.0257 -0.8721
vn 0.4883 0.0256 -0.8723
vn 0.2679 0.0770 -0.9604
vn 0.4147 0.0481 -0.9087
vn 0.6264 0.0005 -0.7795
vn 0.4887 0.0259 -0.8721
vn 0.6712 -0.0282 -0.7408
vn 0.4887 0.0256 -0.8721
vn 0.6264 0.0007 -0.7795
vn 0.4882 0.0258 -0.8724
vn 0.4146 0.0480 -0.9087
vn 0.5222 0.0343 -0.8522
vn 0.6264 0.0008 -0.7795
vn 0.4149 0.0480 -0.9086
vn 0.4146 0.0483 -0.9087
vn 0.2681 0.0770 -0.9603
vn 0.1777 0.0929 -0.9797
vn 0.4145 0.0482 -0.9088
vn 0.1776 0.0923 -0.9798
vn 0.2717 0.0911 -0.9581
vn 0.4147 0.0480 -0.9087
vn 0.2715 0.0908 -0.9581
vn 0.5218 0.0342 -0.8524
vn 0.4594 0.0601 -0.8862
vn 0.2718 0.0908 -0.9581
vn 0.2146 0.1131 -0.9701
vn 0.5219 0.0343 -0.8523
vn 0.2716 0.0908 -0.9581
vn 0.4594 0.0598 -0.8862
vn 0.2712 0.0908 -0.9582
vn 0.0209 0.1304 -0.9912
vn 0.0197 0.1355 -0.9906
vn 0.1774 0.0927 -0.9798
vn 0.0208 0.1303 -0.9913
vn 0.2713 0.0909 -0.9582
vn 0.0199 0.1356 -0.9906
vn 0.2142 0.1133 -0.9702
vn 0.0195 0.1355 -0.9906
vn -0.2150 0.1716 -0.9614
vn 0.0044 0.1490 -0.9888
vn 0.2143 0.1137 -0.9701
vn 0.0199 0.1354 -0.9906
vn 0.0050 0.1494 -0.9888
vn 0.0195 0.1353 -0.9906
vn -0.2533 0.1678 -0.9527
vn -0.2149 0.1717 -0.9614
vn 0.0197 0.1356 -0.9906
vn -0.1893 0.1610 -0.9686
vn -0.2534 0.1678 -0.9527
vn -0.1891 0.1609 -0.9687
vn 0.0194 0.1356 -0.9906
vn 0.0205 0.1307 -0.9912
vn 0.0206 0.1303 -0.9913
vn -0.2741 0.1734 -0.9459
vn -0.1894 0.1610 -0.9686
vn -0.2744 0.1733 -0.9459
vn -0.4642 0.1913 -0.8648
vn -0.1897 0.1610 -0.9685
vn -0.1897 0.1610 -0.9686
vn -0.4641 0.1914 -0.8649
vn -0.2539 0.1678 -0.9525
vn -0.6563 0.2070 -0.7256
vn -0.6527 0.1995 -0.7309
vn -0.4643 0.1912 -0.8648
vn -0.4644 0.1910 -0.8648
vn -0.6528 0.1996 -0.7308
vn -0.4663 0.1949 -0.8629
vn -0.2745 0.1737 -0.9458
vn -0.5383 0.1921 -0.8205
vn -0.4637 0.1911 -0.8651
vn -0.5386 0.1922 -0.8203
vn -0.6562 0.2070 -0.7257
vn -0.4645 0.1912 -0.8647
vn -0.2538 0.1683 -0.9525
vn -0.4640 0.1912 -0.8650
vn -0.4658 0.1948 -0.8632
vn -0.7657 0.2021 -0.6106
vn -0.6563 0.2071 -0.7255
vn -0.5387 0.1922 -0.8203
vn -0.8312 0.1987 -0.5193
vn -0.6566 0.2066 -0.7254
vn -0.7656 0.2023 -0.6107
vn -0.6565 0.2070 -0.7254
vn -0.8312 0.1988 -0.5192
vn -0.6530 0.1996 -0.7306
vn -0.8313 0.1986 -0.5191
vn -0.9370 0.1649 -0.3079
vn -0.9437 0.1795 -0.2777
vn -0.8313 0.1989 -0.5190
vn -0.7670 0.1951 -0.6113
vn -0.9370 0.1652 -0.3078
vn -0.8314 0.1987 -0.5190
vn -0.9438 0.1795 -0.2777
vn -0.8173 0.1946 -0.5424
vn -0.6529 0.1998 -0.7306
vn -0.8312 0.1986 -0.5193
vn -0.8170 0.1944 -0.5428
vn -0.8170 0.1947 -0.5427
vn -0.6291 0.2009 -0.7509
vn -0.6531 0.1992 -0.7306
vn -0.9292 0.1746 -0.3258
vn -0.7947 0.1986 -0.5736
vn -0.8174 0.1946 -0.5422
vn -0.8173 0.1948 -0.5422
vn -0.9438 0.1794 -0.2777
vn -0.6292 0.2008 -0.7509
vn -0.8172 0.1947 -0.5425
vn -0.7943 0.1990 -0.5739
vn -0.6528 0.1995 -0.7308
vn -0.6288 0.2007 -0.7512
vn -0.6288 0.2009 -0.7512
vn -0.5926 0.2045 -0.7791
vn -0.3963 0.1953 -0.8971
vn -0.6292 0.2009 -0.7508
vn -0.7943 0.1987 -0.5741
vn -0.5925 0.2049 -0.7791
vn -0.6288 0.2004 -0.7513
vn -0.3962 0.1957 -0.8971
vn -0.3032 0.1905 -0.9337
vn -0.3964 0.1952 -0.8971
vn -0.5925 0.2047 -0.7792
vn -0.3960 0.1956 -0.8972
vn -0.2155 0.1716 -0.9613
vn -0.4660 0.1950 -0.8630
vn -0.3961 0.1953 -0.8972
vn -0.3029 0.1904 -0.9338
vn -0.1525 0.1711 -0.9734
vn -0.3959 0.1954 -0.8973
vn -0.1526 0.1713 -0.9733
vn -0.2153 0.1718 -0.9613
vn -0.1520 0.1713 -0.9734
vn 0.0045 0.1492 -0.9888
vn -0.2151 0.1717 -0.9614
vn 0.0046 0.1493 -0.9888
vn -0.1521 0.1711 -0.9734
vn 0.0664 0.1425 -0.9876
vn -0.0573 0.1701 -0.9838
vn -0.1524 0.1712 -0.9734
vn -0.3031 0.1908 -0.9337
vn 0.0665 0.1423 -0.9876
vn -0.1521 0.1713 -0.9734
vn -0.0569 0.1701 -0.9838
vn 0.1796 0.1305 -0.9750
vn -0.0567 0.1700 -0.9838
vn 0.2557 0.1244 -0.9587
vn 0.0667 0.1425 -0.9875
vn -0.0569 0.1699 -0.9838
vn 0.1797 0.1307 -0.9750
vn -0.0573 0.1704 -0.9837
vn -0.3031 0.1905 -0.9337
vn -0.2568 0.1912 -0.9474
vn -0.0573 0.1699 -0.9838
vn -0.2571 0.1911 -0.9473
vn -0.0145 0.1670 -0.9858
vn 0.2558 0.1240 -0.9588
vn -0.0570 0.1700 -0.9838
vn -0.0140 0.1666 -0.9859
vn 0.3891 0.1020 -0.9155
vn 0.1800 0.1308 -0.9749
vn 0.2557 0.1242 -0.9587
vn 0.3892 0.1019 -0.9155
vn 0.2557 0.1242 -0.9588
vn 0.5112 0.0768 -0.8560
vn 0.2558 0.1242 -0.9587
vn 0.4619 0.0827 -0.8831
vn 0.2558 0.1243 -0.9587
vn 0.2297 0.1383 -0.9634
vn 0.4619 0.0830 -0.8830
vn 0.2292 0.1384 -0.9635
vn 0.2556 0.1242 -0.9588
vn -0.0143 0.1667 -0.9859
vn 0.3509 0.1259 -0.9279
vn 0.2295 0.1382 -0.9635
vn 0.0838 0.1622 -0.9832
vn 0.4620 0.0827 -0.8830
vn 0.2297 0.1381 -0.9634
vn 0.3510 0.1263 -0.9278
vn 0.2292 0.1383 -0.9635
vn -0.0142 0.1668 -0.9859
vn 0.0836 0.1622 -0.9832
vn -0.1436 0.1923 -0.9708
vn 0.0785 0.1712 -0.9821
vn 0.2905 0.1362 -0.9471
vn 0.0839 0.1621 -0.9832
vn 0.0791 0.1711 -0.9821
vn -0.1437 0.1921 -0.9708
vn 0.0836 0.1620 -0.9833
vn -0.1921 0.1915 -0.9625
vn -0.0148 0.1667 -0.9859
vn -0.1923 0.1911 -0.9625
vn 0.3509 0.1260 -0.9279
vn 0.0839 0.1622 -0.9832
vn 0.2903 0.1362 -0.9472
vn -0.1441 0.1922 -0.9707
vn -0.1926 0.1911 -0.9625
vn -0.3667 0.2081 -0.9067
vn -0.1442 0.1923 -0.9707
vn -0.3669 0.2082 -0.9067
vn -0.2409 0.2020 -0.9493
vn -0.1439 0.1924 -0.9707
vn -0.2406 0.2020 -0.9494
vn -0.0079 0.1877 -0.9822
vn -0.1439 0.1920 -0.9708
vn -0.0076 0.1882 -0.9821
vn 0.0787 0.1712 -0.9821
vn 0.1934 0.1628 -0.9675
vn -0.0073 0.1879 -0.9822
vn 0.0173 0.1853 -0.9825
vn -0.0077 0.1882 -0.9821
vn -0.2407 0.2019 -0.9494
vn 0.0168 0.1853 -0.9825
vn 0.1936 0.1625 -0.9675
vn 0.0790 0.1711 -0.9821
vn -0.0072 0.1881 -0.9821
vn 0.0172 0.1853 -0.9825
vn 0.2679 0.1569 -0.9506
vn 0.0791 0.1708 -0.9821
vn 0.1936 0.1628 -0.9675
vn 0.2905 0.1360 -0.9472
vn 0.4197 0.1222 -0.8994
vn 0.1940 0.1627 -0.9674
vn 0.2682 0.1569 -0.9505
vn 0.2906 0.1360 -0.9471
vn 0.1939 0.1628 -0.9674
vn 0.4198 0.1221 -0.8994
vn 0.4197 0.1223 -0.8994
vn 0.2680 0.1572 -0.9505
vn 0.4742 0.1253 -0.8714
vn 0.6251 0.0783 -0.7766
vn 0.4200 0.1226 -0.8992
vn 0.4747 0.1253 -0.8712
vn 0.5206 0.1003 -0.8479
vn 0.2907 0.1359 -0.9471
vn 0.4199 0.1223 -0.8993
vn 0.5209 0.1006 -0.8477
vn 0.4201 0.1223 -0.8992
vn 0.6808 0.0667 -0.7294
vn 0.6809 0.0667 -0.7293
vn 0.4200 0.1224 -0.8993
vn 0.6252 0.0784 -0.7765
vn 0.8025 0.0352 -0.5956
vn 0.6255 0.0783 -0.7763
vn 0.6841 0.0770 -0.7253
vn 0.8025 0.0354 -0.5956
vn 0.6810 0.0665 -0.7292
vn 0.6258 0.0783 -0.7761
vn 0.6839 0.0771 -0.7255
vn 0.6253 0.0783 -0.7764
vn 0.4745 0.1253 -0.8713
vn 0.8380 0.0300 -0.5448
vn 0.6842 0.0769 -0.7252
vn 0.6888 0.0813 -0.7204
vn 0.6839 0.0770 -0.7255
vn 0.5277 0.1144 -0.8417
vn 0.6885 0.0814 -0.7207
vn 0.5278 0.1143 -0.8416
vn 0.6839 0.0768 -0.7255
vn 0.8024 0.0354 -0.5958
vn 0.6842 0.0775 -0.7252
vn 0.8380 0.0297 -0.5449
vn 0.9270 -0.0220 -0.3743
vn 0.8028 0.0355 -0.5952
vn 0.8384 0.0296 -0.5443
vn 0.8248 0.0482 -0.5633
vn 0.8380 0.0296 -0.5448
vn 0.6889 0.0814 -0.7203
vn 0.9280 0.0021 -0.3726
vn 0.8382 0.0295 -0.5445
vn 0.8251 0.0484 -0.5629
vn 0.9270 -0.0219 -0.3744
vn 0.9497 -0.0217 -0.3124
vn 0.9497 -0.0218 -0.3125
vn 0.8382 0.0295 -0.5446
vn 0.9279 0.0022 -0.3728
vn 0.9280 0.0024 -0.3726
vn 0.8251 0.0478 -0.5630
vn 0.9238 0.0070 -0.3828
vn 0.9916 -0.0510 -0.1187
vn 0.9281 0.0020 -0.3724
vn 0.9239 0.0071 -0.3825
vn 0.9780 -0.0432 -0.2041
vn 0.9281 0.0023 -0.3722
vn 0.9916 -0.0515 -0.1187
vn 0.9497 -0.0217 -0.3123
vn 0.9282 0.0023 -0.3722
vn 0.9780 -0.0436 -0.2041
vn 0.9953 -0.0757 -0.0609
vn 0.9781 -0.0434 -0.2036
vn 0.9967 -0.0793 0.0149
vn 0.9781 -0.0435 -0.2038
vn 0.9916 -0.0513 -0.1186
vn 0.9967 -0.0795 0.0149
vn 0.9498 -0.0219 -0.3122
vn 0.9781 -0.0434 -0.2037
vn 0.9953 -0.0757 -0.0610
vn 0.9953 -0.0757 -0.0608
vn 0.9967 -0.0794 0.0153
vn 0.9737 -0.1216 0.1929
vn 0.9736 -0.1219 0.1930
vn 0.9804 -0.1215 0.1553
vn 0.9953 -0.0756 -0.0606
vn 0.9946 -0.0763 -0.0706
vn 0.9953 -0.0758 -0.0605
vn 0.9803 -0.1217 0.1553
vn 0.9946 -0.0764 -0.0708
vn 0.9649 -0.1352 0.2250
vn 0.9946 -0.0763 -0.0705
vn 0.9803 -0.1216 0.1553
vn 0.9911 -0.0763 -0.1090
vn 0.9271 -0.0219 -0.3742
vn 0.9946 -0.0764 -0.0707
vn 0.9650 -0.1351 0.2249
vn 0.9911 -0.0760 -0.1088
vn 0.9946 -0.0763 -0.0704
vn 0.9271 -0.0220 -0.3741
vn 0.9498 -0.0217 -0.3122
vn 0.9803 -0.1217 0.1558
vn 0.9049 -0.1580 0.3952
vn 0.9649 -0.1350 0.2251
vn 0.8314 -0.1830 0.5247
vn 0.9649 -0.1351 0.2251
vn 0.9048 -0.1578 0.3956
vn 0.8314 -0.1827 0.5248
vn 0.8571 -0.1753 0.4845
vn 0.9538 -0.1493 0.2609
vn 0.9649 -0.1349 0.2252
vn 0.8570 -0.1752 0.4847
vn 0.9650 -0.1349 0.2249
vn 0.9942 -0.1053 0.0199
vn 0.9911 -0.0760 -0.1089
vn 0.9650 -0.1350 0.2247
vn 0.9539 -0.1492 0.2605
vn 0.9942 -0.1056 0.0198
vn 0.9538 -0.1491 0.2608
vn 0.8570 -0.1755 0.4846
vn 0.8683 -0.1806 0.4620
vn 0.9937 -0.1120 0.0096
vn 0.9942 -0.1054 0.0197
vn 0.9538 -0.1492 0.2607
vn 0.8684 -0.1802 0.4620
vn 0.9465 -0.1584 0.2811
vn 0.9937 -0.1118 0.0096
vn 0.9539 -0.1492 0.2604
vn 0.9468 -0.1584 0.2802
vn 0.9942 -0.1054 0.0192
vn 0.9937 -0.1117 0.0093
vn 0.9623 -0.0542 -0.2665
vn 0.9467 -0.1584 0.2805
vn 0.9922 -0.1080 -0.0627
vn 0.9937 -0.1120 0.0097
vn 0.9922 -0.1079 -0.0631
vn 0.9564 -0.0551 -0.2870
vn 0.9937 -0.1118 0.0093
vn 0.9937 -0.1119 0.0092
vn 0.9563 -0.0547 -0.2871
vn 0.9623 -0.0545 -0.2664
vn 0.9922 -0.1078 -0.0629
vn 0.9311 -0.0507 -0.3613
vn 0.9564 -0.0551 -0.2868
vn 0.9563 -0.0550 -0.2873
vn 0.8737 -0.0084 -0.4863
vn 0.9622 -0.0544 -0.2667
vn 0.9309 -0.0503 -0.3618
vn 0.8282 -0.0013 -0.5604
vn 0.9563 -0.0553 -0.2872
vn 0.8281 -0.0015 -0.5606
vn 0.8738 -0.0081 -0.4862
vn 0.7207 0.0470 -0.6916
vn 0.8736 -0.0085 -0.4866
vn 0.8279 -0.0014 -0.5608
vn 0.9622 -0.0546 -0.2669
vn 0.8739 -0.0084 -0.4861
vn 0.8470 0.0057 -0.5315
vn 0.8737 -0.0082 -0.4864
vn 0.7206 0.0470 -0.6917
vn 0.8469 0.0061 -0.5317
vn 0.9630 -0.0514 -0.2647
vn 0.9622 -0.0546 -0.2668
vn 0.8471 0.0059 -0.5314
vn 0.7206 0.0472 -0.6918
vn 0.6811 0.0668 -0.7291
vn 0.8469 0.0059 -0.5317
vn 0.9630 -0.0514 -0.2645
vn 0.8471 0.0059 -0.5315
vn 0.9242 -0.0174 -0.3815
vn 0.8470 0.0061 -0.5316
vn 0.8027 0.0353 -0.5954
vn 0.9242 -0.0173 -0.3815
vn 0.8470 0.0063 -0.5315
vn 0.6811 0.0666 -0.7291
vn 0.8024 0.0356 -0.5957
vn 0.9630 -0.0514 -0.2644
vn 0.9243 -0.0174 -0.3812
vn 0.9242 -0.0172 -0.3816
vn 0.8027 0.0353 -0.5953
vn 0.9270 -0.0219 -0.3743
vn 0.9911 -0.0762 -0.1090
vn 0.9243 -0.0173 -0.3813
vn 0.9623 -0.0544 -0.2666
vn 0.9631 -0.0514 -0.2642
vn 0.9943 -0.1049 0.0191
vn 0.9942 -0.1055 0.0194
vn 0.9630 -0.0517 -0.2643
vn 0.9912 -0.0759 -0.1088
vn 0.6860 0.0380 -0.7266
vn 0.5629 0.0805 -0.8226
vn 0.7203 0.0472 -0.6920
vn 0.8280 -0.0016 -0.5607
vn 0.6865 0.0379 -0.7262
vn 0.7208 0.0470 -0.6915
vn 0.7203 0.0470 -0.6921
vn 0.5630 0.0804 -0.8225
vn 0.5207 0.1005 -0.8478
vn 0.6808 0.0666 -0.7294
vn 0.7202 0.0471 -0.6921
vn 0.6861 0.0377 -0.7265
vn 0.4623 0.0825 -0.8829
vn 0.5629 0.0806 -0.8226
vn 0.4623 0.0826 -0.8829
vn 0.3512 0.1261 -0.9278
vn 0.5626 0.0803 -0.8228
vn 0.5626 0.0804 -0.8228
vn 0.3512 0.1260 -0.9278
vn 0.5206 0.1006 -0.8479
vn 0.8354 -0.0151 -0.5495
vn 0.6864 0.0379 -0.7263
vn 0.8279 -0.0015 -0.5608
vn 0.8354 -0.0151 -0.5494
vn 0.6722 0.0370 -0.7394
vn 0.6863 0.0379 -0.7263
vn 0.6719 0.0373 -0.7397
vn 0.6861 0.0379 -0.7265
vn 0.8355 -0.0153 -0.5493
vn 0.7396 0.0066 -0.6730
vn 0.6722 0.0372 -0.7395
vn 0.6719 0.0375 -0.7397
vn 0.5116 0.0768 -0.8558
vn 0.7393 0.0067 -0.6733
vn 0.5114 0.0765 -0.8559
vn 0.6719 0.0374 -0.7397
vn 0.8224 -0.0334 -0.5679
vn 0.6533 0.0133 -0.7570
vn 0.7394 0.0067 -0.6732
vn 0.8685 -0.0459 -0.4936
vn 0.8223 -0.0332 -0.5681
vn 0.7397 0.0070 -0.6730
vn 0.8355 -0.0151 -0.5493
vn 0.8685 -0.0453 -0.4936
vn 0.7397 0.0066 -0.6729
vn 0.5872 0.0466 -0.8081
vn 0.7393 0.0065 -0.6734
vn 0.6533 0.0134 -0.7570
vn 0.5873 0.0469 -0.8080
vn 0.5115 0.0764 -0.8559
vn 0.7393 0.0064 -0.6733
vn 0.5869 0.0470 -0.8083
vn 0.3896 0.1019 -0.9153
vn 0.5114 0.0768 -0.8559
vn 0.4677 0.0624 -0.8817
vn 0.3894 0.1022 -0.9154
vn 0.5870 0.0468 -0.8083
vn 0.6530 0.0135 -0.7572
vn 0.4677 0.0625 -0.8817
vn 0.4673 0.0624 -0.8819
vn 0.4592 0.0599 -0.8863
vn 0.2907 0.1033 -0.9512
vn 0.6531 0.0138 -0.7571
vn 0.4597 0.0599 -0.8861
vn 0.4673 0.0626 -0.8819
vn 0.2909 0.1029 -0.9512
vn 0.2145 0.1132 -0.9701
vn 0.2909 0.1032 -0.9512
vn 0.2904 0.1032 -0.9513
vn 0.2143 0.1133 -0.9702
vn 0.0669 0.1423 -0.9876
vn 0.2905 0.1032 -0.9513
vn 0.1802 0.1308 -0.9749
vn 0.3890 0.1019 -0.9156
vn 0.1798 0.1307 -0.9750
vn 0.0671 0.1424 -0.9875
vn 0.6295 0.0200 -0.7767
vn 0.4599 0.0599 -0.8859
vn 0.6529 0.0134 -0.7573
vn 0.6298 0.0199 -0.7765
vn 0.7822 -0.0283 -0.6224
vn 0.7822 -0.0281 -0.6224
vn 0.6534 0.0133 -0.7569
vn 0.8223 -0.0334 -0.5681
vn 0.6296 0.0203 -0.7767
vn 0.5221 0.0343 -0.8522
vn 0.4599 0.0599 -0.8860
vn 0.7148 -0.0217 -0.6990
vn 0.6296 0.0200 -0.7767
vn 0.7150 -0.0214 -0.6988
vn 0.6298 0.0194 -0.7765
vn 0.7822 -0.0282 -0.6224
vn 0.8637 -0.0692 -0.4992
vn 0.7150 -0.0215 -0.6987
vn 0.7824 -0.0280 -0.6221
vn 0.7758 -0.0510 -0.6289
vn 0.7153 -0.0216 -0.6985
vn 0.8637 -0.0693 -0.4992
vn 0.6263 0.0008 -0.7796
vn 0.5223 0.0343 -0.8521
vn 0.7149 -0.0216 -0.6989
vn 0.6267 0.0006 -0.7792
vn 0.7151 -0.0211 -0.6987
vn 0.7756 -0.0513 -0.6291
vn 0.7758 -0.0515 -0.6288
vn 0.9072 -0.0939 -0.4101
vn 0.8681 -0.0918 -0.4878
vn 0.7757 -0.0513 -0.6290
vn 0.8681 -0.0921 -0.4878
vn 0.6715 -0.0281 -0.7405
vn 0.9073 -0.0938 -0.4099
vn 0.7758 -0.0514 -0.6288
vn 0.8638 -0.0690 -0.4991
vn 0.6267 0.0007 -0.7792
vn 0.7755 -0.0515 -0.6292
vn 0.9678 -0.1383 -0.2104
vn 0.8681 -0.0921 -0.4877
vn 0.9075 -0.0934 -0.4095
vn 0.9074 -0.0936 -0.4097
vn 0.9686 -0.1208 -0.2173
vn 0.9678 -0.1383 -0.2105
vn 0.9074 -0.0935 -0.4097
vn 0.8640 -0.0694 -0.4987
vn 0.9686 -0.1210 -0.2171
vn 0.8639 -0.0693 -0.4989
vn 0.9121 -0.0777 -0.4026
vn 0.9686 -0.1211 -0.2172
vn 0.9871 -0.1553 0.0387
vn 0.9687 -0.1209 -0.2169
vn 0.9751 -0.1227 -0.1847
vn 0.9841 -0.1669 0.0613
vn 0.9687 -0.1209 -0.2168
vn 0.9871 -0.1555 0.0388
vn 0.9687 -0.1204 -0.2169
vn 0.9841 -0.1667 0.0613
vn 0.9678 -0.1387 -0.2102
vn 0.9121 -0.0776 -0.4026
vn 0.9750 -0.1224 -0.1852
vn 0.9686 -0.1209 -0.2173
vn 0.9878 -0.1192 -0.1003
vn 0.9751 -0.1224 -0.1850
vn 0.9335 -0.0803 -0.3495
vn 0.9750 -0.1229 -0.1852
vn 0.9120 -0.0779 -0.4028
vn 0.9336 -0.0802 -0.3493
vn 0.9871 -0.1553 0.0386
vn 0.9751 -0.1227 -0.1848
vn 0.9878 -0.1191 -0.0999
vn 0.9878 -0.1193 -0.1000
vn 0.9748 -0.1547 0.1607
vn 0.9716 -0.1600 0.1746
vn 0.9748 -0.1548 0.1608
vn 0.9878 -0.1193 -0.0998
vn 0.9893 -0.1119 -0.0939
vn 0.9879 -0.1193 -0.0996
vn 0.9871 -0.1553 0.0388
vn 0.9878 -0.1191 -0.1003
vn 0.9463 -0.0728 -0.3149
vn 0.9878 -0.1193 -0.1001
vn 0.9464 -0.0725 -0.3147
vn 0.9893 -0.1115 -0.0942
vn 0.9748 -0.1547 0.1606
vn 0.9893 -0.1114 -0.0941
vn 0.9769 -0.1481 0.1542
vn 0.9769 -0.1477 0.1542
vn 0.9893 -0.1116 -0.0941
vn 0.9893 -0.1116 -0.0944
vn 0.9500 -0.0708 -0.3040
vn 0.9922 -0.1079 -0.0630
vn 0.9893 -0.1113 -0.0942
vn 0.9464 -0.0727 -0.3147
vn 0.9501 -0.0709 -0.3038
vn 0.9499 -0.0709 -0.3044
vn 0.8356 -0.0151 -0.5491
vn 0.9309 -0.0504 -0.3618
vn 0.9462 -0.0728 -0.3153
vn 0.9499 -0.0708 -0.3043
vn 0.9922 -0.1078 -0.0630
vn 0.9310 -0.0505 -0.3615
vn 0.9769 -0.1479 0.1541
vn 0.9922 -0.1080 -0.0626
vn 0.9467 -0.1583 0.2806
vn 0.8803 -0.1828 0.4377
vn 0.9748 -0.1547 0.1608
vn 0.9768 -0.1479 0.1546
vn 0.8803 -0.1830 0.4377
vn 0.9769 -0.1474 0.1545
vn 0.9467 -0.1581 0.2806
vn 0.8802 -0.1831 0.4378
vn 0.9467 -0.1582 0.2807
vn 0.7713 -0.1984 0.6048
vn 0.8802 -0.1832 0.4379
vn 0.6546 -0.2002 0.7290
vn 0.7468 -0.1982 0.6348
vn 0.8802 -0.1832 0.4378
vn 0.7714 -0.1980 0.6048
vn 0.7467 -0.1980 0.6350
vn 0.8917 -0.1855 0.4128
vn 0.8801 -0.1831 0.4380
vn 0.9748 -0.1542 0.1612
vn 0.8802 -0.1830 0.4379
vn 0.8919 -0.1854 0.4125
vn 0.7217 -0.2021 0.6621
vn 0.8554 -0.1932 0.4806
vn 0.8918 -0.1853 0.4127
vn 0.7216 -0.2022 0.6621
vn 0.7467 -0.1983 0.6349
vn 0.9748 -0.1546 0.1610
vn 0.8919 -0.1853 0.4125
vn 0.9715 -0.1601 0.1750
vn 0.8919 -0.1856 0.4124
vn 0.9715 -0.1598 0.1749
vn 0.6579 -0.2035 0.7251
vn 0.8554 -0.1932 0.4805
vn 0.9426 -0.1803 0.2812
vn 0.9715 -0.1599 0.1749
vn 0.8554 -0.1931 0.4806
vn 0.6581 -0.2033 0.7250
vn 0.8392 -0.1995 0.5060
vn 0.8553 -0.1932 0.4808
vn 0.8394 -0.1995 0.5055
vn 0.9425 -0.1803 0.2814
vn 0.8556 -0.1933 0.4802
vn 0.9264 -0.1894 0.3256
vn 0.9871 -0.1556 0.0389
vn 0.9427 -0.1802 0.2808
vn 0.9426 -0.1806 0.2809
vn 0.9871 -0.1553 0.0389
vn 0.9716 -0.1599 0.1746
vn 0.8395 -0.1994 0.5055
vn 0.9263 -0.1895 0.3258
vn 0.9425 -0.1803 0.2815
vn 0.9840 -0.1671 0.0616
vn 0.9871 -0.1554 0.0391
vn 0.9265 -0.1893 0.3253
vn 0.9056 -0.1992 0.3745
vn 0.9263 -0.1893 0.3256
vn 0.8239 -0.2077 0.5273
vn 0.8239 -0.2079 0.5272
vn 0.9263 -0.1894 0.3258
vn 0.8395 -0.1993 0.5055
vn 0.9056 -0.1993 0.3745
vn 0.9840 -0.1670 0.0618
vn 0.9265 -0.1893 0.3252
vn 0.8056 -0.2031 0.5566
vn 0.9055 -0.1996 0.3745
vn 0.6738 -0.2020 0.7108
vn 0.8055 -0.2033 0.5567
vn 0.9607 -0.1899 0.2025
vn 0.9056 -0.1992 0.3744
vn 0.9607 -0.1899 0.2024
vn 0.9827 -0.1715 0.0699
vn 0.9827 -0.1712 0.0700
vn 0.9840 -0.1672 0.0617
vn 0.9056 -0.1995 0.3744
vn 0.9056 -0.1992 0.3743
vn 0.8237 -0.2080 0.5275
vn 0.6740 -0.2022 0.7105
vn 0.5678 -0.1987 0.7988
vn 0.8055 -0.2034 0.5566
vn 0.6740 -0.2018 0.7106
vn 0.6737 -0.2019 0.7109
vn 0.4689 -0.1983 0.8607
vn 0.5677 -0.1986 0.7989
vn 0.4933 -0.1949 0.8477
vn 0.4690 -0.1985 0.8606
vn 0.6713 -0.2000 0.7137
vn 0.6741 -0.2019 0.7105
vn 0.8236 -0.2080 0.5276
vn 0.6738 -0.2020 0.7107
vn 0.6709 -0.1997 0.7142
vn 0.4932 -0.1950 0.8478
vn 0.4932 -0.1949 0.8478
vn 0.6708 -0.1999 0.7142
vn 0.8392 -0.1993 0.5060
vn 0.6580 -0.2036 0.7250
vn 0.6712 -0.1996 0.7139
vn 0.8236 -0.2079 0.5277
vn 0.8393 -0.1992 0.5058
vn 0.6713 -0.1997 0.7138
vn 0.2749 -0.1765 0.9451
vn 0.4931 -0.1949 0.8479
vn 0.2168 -0.1763 0.9602
vn 0.4928 -0.1950 0.8480
vn 0.4193 -0.1986 0.8859
vn 0.2169 -0.1761 0.9602
vn 0.4929 -0.1950 0.8479
vn 0.2750 -0.1763 0.9452
vn 0.4685 -0.1982 0.8609
vn 0.4931 -0.1950 0.8478
vn 0.4198 -0.1989 0.8856
vn 0.6579 -0.2034 0.7251
vn 0.5252 -0.1959 0.8282
vn 0.4198 -0.1992 0.8855
vn 0.5254 -0.1953 0.8281
vn 0.3221 -0.1898 0.9275
vn 0.4197 -0.1990 0.8856
vn 0.2169 -0.1760 0.9602
vn 0.4194 -0.1990 0.8857
vn 0.3218 -0.1897 0.9276
vn 0.1725 -0.1821 0.9680
vn 0.1100 -0.1753 0.9783
vn 0.3216 -0.1896 0.9277
vn 0.3985 -0.1935 0.8965
vn 0.1727 -0.1820 0.9680
vn 0.3219 -0.1896 0.9276
vn 0.5522 -0.2039 0.8084
vn 0.3989 -0.1937 0.8963
vn 0.5251 -0.1959 0.8282
vn 0.5524 -0.2037 0.8083
vn 0.3221 -0.1893 0.9276
vn 0.2167 -0.1762 0.9602
vn 0.1100 -0.1759 0.9782
vn 0.1723 -0.1819 0.9681
vn -0.0751 -0.1589 0.9844
vn 0.1096 -0.1755 0.9784
vn 0.1095 -0.1755 0.9784
vn -0.0748 -0.1588 0.9845
vn -0.0402 -0.1566 0.9868
vn 0.2165 -0.1763 0.9602
vn 0.1096 -0.1758 0.9783
vn -0.0400 -0.1561 0.9869
vn -0.0406 -0.1564 0.9869
vn -0.0756 -0.1589 0.9844
vn -0.2882 -0.1365 0.9478
vn -0.0405 -0.1563 0.9869
vn -0.2885 -0.1367 0.9477
vn -0.2523 -0.1141 0.9609
vn 0.0499 -0.1569 0.9864
vn 0.2164 -0.1761 0.9603
vn -0.0402 -0.1565 0.9869
vn -0.2522 -0.1142 0.9609
vn -0.1400 -0.1320 0.9813
vn -0.0405 -0.1565 0.9869
vn -0.1398 -0.1323 0.9813
vn 0.0495 -0.1570 0.9864
vn -0.0405 -0.1564 0.9869
vn 0.2163 -0.1761 0.9603
vn 0.0500 -0.1569 0.9864
vn 0.2745 -0.1766 0.9452
vn 0.0495 -0.1572 0.9863
vn -0.1395 -0.1322 0.9814
vn -0.1463 -0.1200 0.9819
vn 0.0498 -0.1569 0.9864
vn 0.0741 -0.1491 0.9860
vn 0.0737 -0.1491 0.9861
vn 0.0495 -0.1569 0.9864
vn -0.1462 -0.1199 0.9820
vn 0.0736 -0.1493 0.9860
vn -0.1167 -0.1124 0.9868
vn 0.0681 -0.1429 0.9874
vn -0.1461 -0.1200 0.9820
vn -0.1167 -0.1127 0.9867
vn 0.2865 -0.1727 0.9424
vn 0.0742 -0.1493 0.9860
vn 0.0689 -0.1430 0.9873
vn 0.2866 -0.1727 0.9424
vn 0.2745 -0.1764 0.9453
vn 0.0741 -0.1494 0.9860
vn 0.1342 -0.1412 0.9808
vn 0.0683 -0.1429 0.9874
vn -0.0852 -0.1060 0.9907
vn -0.0852 -0.1058 0.9907
vn -0.1168 -0.1127 0.9867
vn 0.1344 -0.1413 0.9808
vn 0.2866 -0.1727 0.9423
vn 0.0688 -0.1431 0.9873
vn 0.1342 -0.1413 0.9808
vn -0.0015 -0.1068 0.9943
vn 0.2760 -0.1573 0.9482
vn 0.3912 -0.1720 0.9041
vn 0.1346 -0.1415 0.9807
vn 0.2760 -0.1571 0.9482
vn -0.0016 -0.1067 0.9943
vn 0.1340 -0.1411 0.9809
vn -0.0853 -0.1060 0.9907
vn 0.1346 -0.1411 0.9808
vn 0.3911 -0.1722 0.9041
vn 0.2867 -0.1726 0.9423
vn 0.6391 -0.1999 0.7427
vn 0.3915 -0.1724 0.9039
vn 0.5329 -0.1948 0.8235
vn 0.6393 -0.1997 0.7426
vn 0.5674 -0.1985 0.7992
vn 0.3913 -0.1723 0.9040
vn 0.5676 -0.1986 0.7990
vn 0.2868 -0.1728 0.9423
vn 0.3915 -0.1722 0.9039
vn 0.2763 -0.1566 0.9482
vn 0.5330 -0.1948 0.8234
vn 0.3911 -0.1718 0.9042
vn 0.6753 -0.2049 0.7085
vn 0.5332 -0.1947 0.8233
vn 0.4474 -0.1738 0.8773
vn 0.7882 -0.2102 0.5784
vn 0.5331 -0.1948 0.8234
vn 0.6754 -0.2049 0.7084
vn 0.4469 -0.1734 0.8776
vn 0.5330 -0.1949 0.8234
vn 0.2763 -0.1573 0.9481
vn 0.7883 -0.2100 0.5784
vn 0.6395 -0.1998 0.7424
vn 0.8609 -0.2143 0.4615
vn 0.7883 -0.2102 0.5783
vn 0.6755 -0.2047 0.7084
vn 0.7885 -0.2103 0.5780
vn 0.9205 -0.1991 0.3362
vn 0.8057 -0.2032 0.5563
vn 0.7885 -0.2100 0.5781
vn 0.9297 -0.2030 0.3072
vn 0.9204 -0.1994 0.3364
vn 0.7883 -0.2101 0.5784
vn 0.6396 -0.1995 0.7424
vn 0.8610 -0.2143 0.4612
vn 0.9298 -0.2031 0.3070
vn 0.7883 -0.2101 0.5783
vn 0.9642 -0.2095 0.1624
vn 0.9298 -0.2030 0.3071
vn 0.8604 -0.2187 0.4604
vn 0.9643 -0.2091 0.1626
vn 0.9831 -0.1749 -0.0545
vn 0.9299 -0.2030 0.3068
vn 0.9831 -0.1746 -0.0545
vn 0.9813 -0.1805 0.0674
vn 0.9298 -0.2032 0.3069
vn 0.9299 -0.2031 0.3068
vn 0.9813 -0.1805 0.0670
vn 0.9206 -0.1991 0.3359
vn 0.9813 -0.1806 0.0668
vn 0.9644 -0.1564 -0.2133
vn 0.9694 -0.1426 -0.1996
vn 0.9831 -0.1748 -0.0548
vn 0.9644 -0.1562 -0.2135
vn 0.9813 -0.1804 0.0670
vn 0.9694 -0.1424 -0.1999
vn 0.9813 -0.1805 0.0667
vn 0.9813 -0.1806 0.0670
vn 0.9606 -0.1902 0.2026
vn 0.9206 -0.1993 0.3357
vn 0.9694 -0.1425 -0.1998
vn 0.9827 -0.1715 0.0697
vn 0.9607 -0.1901 0.2024
vn 0.8681 -0.0919 -0.4878
vn 0.9677 -0.1385 -0.2105
vn 0.9694 -0.1421 -0.2001
vn 0.8841 -0.1013 -0.4561
vn 0.8683 -0.0916 -0.4876
vn 0.9694 -0.1420 -0.2001
vn 0.9694 -0.1426 -0.1998
vn 0.9679 -0.1383 -0.2101
vn 0.9644 -0.1558 -0.2136
vn 0.8843 -0.1007 -0.4560
vn 0.9694 -0.1425 -0.2001
vn 0.8840 -0.1010 -0.4564
vn 0.9233 -0.1327 -0.3603
vn 0.7843 -0.0805 -0.6151
vn 0.9234 -0.1329 -0.3602
vn 0.8843 -0.1011 -0.4558
vn 0.9643 -0.1564 -0.2137
vn 0.7842 -0.0809 -0.6152
vn 0.7598 -0.0553 -0.6478
vn 0.7598 -0.0555 -0.6478
vn 0.8680 -0.0919 -0.4880
vn 0.8841 -0.1008 -0.4563
vn 0.7593 -0.0554 -0.6483
vn 0.7841 -0.0806 -0.6154
vn 0.6253 -0.0209 -0.7801
vn 0.7595 -0.0549 -0.6482
vn 0.6254 -0.0210 -0.7800
vn 0.8682 -0.0920 -0.4877
vn 0.7596 -0.0555 -0.6481
vn 0.6713 -0.0284 -0.7406
vn 0.7842 -0.0802 -0.6153
vn 0.6398 -0.0458 -0.7672
vn 0.6251 -0.0211 -0.7802
vn 0.8141 -0.0960 -0.5728
vn 0.6400 -0.0456 -0.7670
vn 0.7841 -0.0805 -0.6154
vn 0.8142 -0.0963 -0.5725
vn 0.7843 -0.0804 -0.6152
vn 0.9234 -0.1325 -0.3603
vn 0.9233 -0.1327 -0.3605
vn 0.9006 -0.1393 -0.4116
vn 0.8142 -0.0960 -0.5726
vn 0.8142 -0.0965 -0.5726
vn 0.9006 -0.1394 -0.4116
vn 0.7322 -0.0768 -0.6768
vn 0.7322 -0.0765 -0.6767
vn 0.6395 -0.0455 -0.7674
vn 0.8140 -0.0964 -0.5728
vn 0.8374 -0.1184 -0.5336
vn 0.7323 -0.0767 -0.6767
vn 0.9007 -0.1394 -0.4114
vn 0.7321 -0.0767 -0.6769
vn 0.5276 -0.0202 -0.8493
vn 0.6394 -0.0456 -0.7675
vn 0.6659 -0.0637 -0.7433
vn 0.5274 -0.0201 -0.8493
vn 0.8375 -0.1184 -0.5335
vn 0.6663 -0.0639 -0.7429
vn 0.7323 -0.0765 -0.6767
vn 0.8027 -0.1142 -0.5853
vn 0.8376 -0.1184 -0.5333
vn 0.9023 -0.1460 -0.4057
vn 0.8375 -0.1180 -0.5335
vn 0.8025 -0.1142 -0.5857
vn 0.6664 -0.0639 -0.7429
vn 0.9024 -0.1459 -0.4055
vn 0.8375 -0.1184 -0.5334
vn 0.9600 -0.1740 -0.2192
vn 0.8376 -0.1185 -0.5332
vn 0.9008 -0.1394 -0.4113
vn 0.9608 -0.1709 -0.2185
vn 0.9599 -0.1839 -0.2115
vn 0.9600 -0.1743 -0.2190
vn 0.9765 -0.2095 0.0503
vn 0.9600 -0.1743 -0.2191
vn 0.9743 -0.2058 0.0916
vn 0.9765 -0.2096 0.0503
vn 0.9023 -0.1459 -0.4056
vn 0.9599 -0.1742 -0.2194
vn 0.9599 -0.1837 -0.2117
vn 0.9600 -0.1742 -0.2191
vn 0.9773 -0.1794 -0.1128
vn 0.9743 -0.2057 0.0915
vn 0.9600 -0.1741 -0.2195
vn 0.9008 -0.1393 -0.4113
vn 0.9772 -0.1798 -0.1132
vn 0.9772 -0.1798 -0.1127
vn 0.9653 -0.2034 0.1639
vn 0.9653 -0.2033 0.1638
vn 0.9772 -0.1799 -0.1130
vn 0.9760 -0.1734 -0.1319
vn 0.9758 -0.1741 -0.1325
vn 0.9772 -0.1797 -0.1130
vn 0.9653 -0.2032 0.1639
vn 0.9759 -0.1738 -0.1320
vn 0.9643 -0.2093 0.1625
vn 0.9759 -0.1738 -0.1322
vn 0.9759 -0.1736 -0.1323
vn 0.9009 -0.1393 -0.4111
vn 0.9234 -0.1331 -0.3600
vn 0.9758 -0.1738 -0.1325
vn 0.9233 -0.1328 -0.3603
vn 0.9831 -0.1749 -0.0546
vn 0.9743 -0.2057 0.0918
vn 0.9653 -0.2035 0.1639
vn 0.8556 -0.2160 0.4704
vn 0.8557 -0.2157 0.4703
vn 0.9653 -0.2034 0.1638
vn 0.8610 -0.2143 0.4613
vn 0.9642 -0.2092 0.1628
vn 0.8610 -0.2141 0.4613
vn 0.9343 -0.2168 0.2830
vn 0.9742 -0.2060 0.0917
vn 0.8556 -0.2156 0.4706
vn 0.9342 -0.2170 0.2832
vn 0.8558 -0.2157 0.4702
vn 0.8432 -0.2227 0.4893
vn 0.6817 -0.2005 0.7036
vn 0.6741 -0.2002 0.7110
vn 0.8556 -0.2155 0.4706
vn 0.6817 -0.2009 0.7035
vn 0.8429 -0.2232 0.4897
vn 0.8555 -0.2159 0.4707
vn 0.6741 -0.1998 0.7111
vn 0.7414 -0.2178 0.6347
vn 0.8429 -0.2231 0.4896
vn 0.5597 -0.1760 0.8098
vn 0.6741 -0.2000 0.7111
vn 0.4003 -0.1577 0.9027
vn 0.6740 -0.1999 0.7111
vn 0.5600 -0.1755 0.8097
vn 0.7412 -0.2178 0.6350
vn 0.6740 -0.1999 0.7112
vn 0.4601 -0.1822 0.8690
vn 0.4001 -0.1580 0.9027
vn 0.6740 -0.2000 0.7111
vn 0.6815 -0.2008 0.7037
vn 0.4597 -0.1820 0.8692
vn 0.7902 -0.2190 0.5724
vn 0.9047 -0.2264 0.3608
vn 0.7412 -0.2180 0.6349
vn 0.7900 -0.2189 0.5727
vn 0.7411 -0.2179 0.6351
vn 0.5433 -0.1821 0.8196
vn 0.7411 -0.2178 0.6351
vn 0.5599 -0.1757 0.8097
vn 0.9047 -0.2265 0.3609
vn 0.8432 -0.2229 0.4892
vn 0.9048 -0.2264 0.3607
vn 0.9765 -0.2096 0.0508
vn 0.9344 -0.2170 0.2826
vn 0.9765 -0.2094 0.0510
vn 0.9048 -0.2264 0.3608
vn 0.9442 -0.2258 0.2398
vn 0.9343 -0.2167 0.2831
vn 0.8431 -0.2232 0.4892
vn 0.9047 -0.2269 0.3607
vn 0.9440 -0.2261 0.2402
vn 0.9046 -0.2265 0.3610
vn 0.7900 -0.2191 0.5727
vn 0.9440 -0.2265 0.2400
vn 0.9713 -0.2234 0.0820
vn 0.9762 -0.2058 -0.0681
vn 0.9712 -0.2236 0.0820
vn 0.9441 -0.2261 0.2399
vn 0.9103 -0.2262 0.3466
vn 0.9439 -0.2263 0.2404
vn 0.8302 -0.2218 0.5114
vn 0.9102 -0.2261 0.3471
vn 0.9440 -0.2261 0.2401
vn 0.8303 -0.2215 0.5114
vn 0.9761 -0.2063 -0.0681
vn 0.9765 -0.2096 0.0507
vn 0.9441 -0.2260 0.2401
vn 0.9100 -0.2379 0.3395
vn 0.9713 -0.2232 0.0824
vn 0.9103 -0.2262 0.3467
vn 0.9098 -0.2380 0.3400
vn 0.9102 -0.2261 0.3469
vn 0.7878 -0.2192 0.5756
vn 0.9101 -0.2262 0.3471
vn 0.8303 -0.2218 0.5112
vn 0.7879 -0.2190 0.5756
vn 0.5938 -0.1906 0.7817
vn 0.7877 -0.2191 0.5758
vn 0.6367 -0.1918 0.7469
vn 0.7688 -0.2208 0.6001
vn 0.7876 -0.2192 0.5758
vn 0.5940 -0.1903 0.7817
vn 0.7877 -0.2192 0.5757
vn 0.8302 -0.2217 0.5115
vn 0.6369 -0.1913 0.7469
vn 0.7691 -0.2209 0.5997
vn 0.9099 -0.2379 0.3397
vn 0.7879 -0.2191 0.5754
vn 0.7687 -0.2207 0.6003
vn 0.5939 -0.1905 0.7816
vn 0.5547 -0.1805 0.8122
vn 0.8835 -0.2338 0.4059
vn 0.7691 -0.2209 0.5998
vn 0.7070 -0.2084 0.6758
vn 0.7688 -0.2210 0.6001
vn 0.7690 -0.2211 0.5998
vn 0.9099 -0.2381 0.3397
vn 0.9423 -0.2399 0.2335
vn 0.9692 -0.2367 0.0680
vn 0.8836 -0.2339 0.4057
vn 0.8835 -0.2340 0.4059
vn 0.9692 -0.2366 0.0678
vn 0.9099 -0.2381 0.3396
vn 0.9692 -0.2369 0.0678
vn 0.9693 -0.2290 -0.0896
vn 0.9352 -0.1922 -0.2973
vn 0.9693 -0.2292 -0.0893
vn 0.9692 -0.2366 0.0677
vn 0.9640 -0.2109 -0.1621
vn 0.9692 -0.2368 0.0677
vn 0.9352 -0.1922 -0.2974
vn 0.9100 -0.2380 0.3394
vn 0.9692 -0.2367 0.0678
vn 0.9680 -0.2303 0.0996
vn 0.9693 -0.2366 0.0675
vn 0.9640 -0.2109 -0.1622
vn 0.9682 -0.2299 0.0991
vn 0.9681 -0.2300 0.0991
vn 0.9640 -0.2107 -0.1621
vn 0.9689 -0.2101 -0.1310
vn 0.9680 -0.2302 0.0994
vn 0.9712 -0.2234 0.0825
vn 0.9099 -0.2384 0.3394
vn 0.9680 -0.2305 0.0990
vn 0.9689 -0.2102 -0.1308
vn 0.9713 -0.2234 0.0817
vn 0.9639 -0.2108 -0.1625
vn 0.8970 -0.1771 -0.4051
vn 0.9688 -0.2100 -0.1314
vn 0.9689 -0.2102 -0.1306
vn 0.9516 -0.1889 -0.2423
vn 0.9713 -0.2231 0.0820
vn 0.8970 -0.1772 -0.4051
vn 0.9073 -0.1670 -0.3859
vn 0.9688 -0.2103 -0.1313
vn 0.9074 -0.1667 -0.3858
vn 0.9516 -0.1888 -0.2424
vn 0.8969 -0.1771 -0.4052
vn 0.7675 -0.1215 -0.6295
vn 0.9072 -0.1670 -0.3861
vn 0.9073 -0.1671 -0.3859
vn 0.8283 -0.1358 -0.5435
vn 0.9516 -0.1886 -0.2425
vn 0.8284 -0.1359 -0.5433
vn 0.9072 -0.1672 -0.3860
vn 0.7676 -0.1216 -0.6293
vn 0.9517 -0.1887 -0.2422
vn 0.9762 -0.2060 -0.0684
vn 0.9713 -0.2235 0.0820
vn 0.9517 -0.1887 -0.2423
vn 0.9155 -0.1662 -0.3663
vn 0.9762 -0.2059 -0.0682
vn 0.8285 -0.1359 -0.5432
vn 0.9155 -0.1659 -0.3665
vn 0.9517 -0.1886 -0.2422
vn 0.9762 -0.2059 -0.0683
vn 0.9157 -0.1659 -0.3661
vn 0.9598 -0.1838 -0.2120
vn 0.9155 -0.1663 -0.3662
vn 0.9025 -0.1459 -0.4052
vn 0.9599 -0.1834 -0.2118
vn 0.8284 -0.1358 -0.5434
vn 0.8027 -0.1144 -0.5853
vn 0.9154 -0.1661 -0.3665
vn 0.8027 -0.1143 -0.5854
vn 0.9023 -0.1459 -0.4058
vn 0.9640 -0.2107 -0.1624
vn 0.8740 -0.1693 -0.4554
vn 0.8970 -0.1773 -0.4049
vn 0.8740 -0.1689 -0.4556
vn 0.7152 -0.1015 -0.6915
vn 0.7675 -0.1214 -0.6294
vn 0.8969 -0.1773 -0.4052
vn 0.9640 -0.2106 -0.1624
vn 0.7696 -0.1339 -0.6243
vn 0.8739 -0.1689 -0.4558
vn 0.8740 -0.1690 -0.4556
vn 0.7697 -0.1341 -0.6242
vn 0.7152 -0.1011 -0.6915
vn 0.8699 -0.1647 -0.4649
vn 0.7695 -0.1341 -0.6244
vn 0.9353 -0.1921 -0.2973
vn 0.7774 -0.1505 -0.6107
vn 0.7696 -0.1342 -0.6242
vn 0.8699 -0.1641 -0.4651
vn 0.7695 -0.1338 -0.6244
vn 0.5750 -0.0822 -0.8140
vn 0.5905 -0.0797 -0.8031
vn 0.7773 -0.1502 -0.6110
vn 0.5752 -0.0821 -0.8139
vn 0.7694 -0.1340 -0.6245
vn 0.7149 -0.1013 -0.6918
vn 0.5903 -0.0798 -0.8032
vn 0.7828 -0.1682 -0.5991
vn 0.6326 -0.1084 -0.7669
vn 0.7772 -0.1503 -0.6110
vn 0.7829 -0.1681 -0.5990
vn 0.7774 -0.1504 -0.6108
vn 0.9001 -0.2018 -0.3862
vn 0.9001 -0.2015 -0.3862
vn 0.9085 -0.2080 -0.3623
vn 0.6324 -0.1083 -0.7670
vn 0.5750 -0.0823 -0.8140
vn 0.7772 -0.1504 -0.6110
vn 0.9086 -0.2077 -0.3623
vn 0.7773 -0.1505 -0.6109
vn 0.8700 -0.1644 -0.4649
vn 0.9089 -0.2074 -0.3619
vn 0.9666 -0.2392 -0.0918
vn 0.9002 -0.2017 -0.3859
vn 0.9087 -0.2077 -0.3621
vn 0.9693 -0.2289 -0.0897
vn 0.8702 -0.1645 -0.4644
vn 0.9351 -0.1920 -0.2977
vn 0.9086 -0.2078 -0.3623
vn 0.6208 -0.1267 -0.7737
vn 0.4621 -0.0741 -0.8837
vn 0.6321 -0.1081 -0.7673
vn 0.6211 -0.1267 -0.7734
vn 0.7826 -0.1681 -0.5994
vn 0.6320 -0.1084 -0.7673
vn 0.4622 -0.0740 -0.8837
vn 0.5746 -0.0823 -0.8143
vn 0.6209 -0.1264 -0.7736
vn 0.4437 -0.1035 -0.8902
vn 0.4621 -0.0742 -0.8837
vn 0.4617 -0.0742 -0.8839
vn 0.2474 -0.0185 -0.9687
vn 0.2476 -0.0189 -0.9687
vn 0.4618 -0.0739 -0.8839
vn 0.4619 -0.0739 -0.8839
vn 0.3482 -0.0219 -0.9372
vn 0.7827 -0.1680 -0.5993
vn 0.7660 -0.1894 -0.6142
vn 0.6210 -0.1268 -0.7735
vn 0.7659 -0.1894 -0.6144
vn 0.6347 -0.1617 -0.7556
vn 0.9604 -0.2409 -0.1401
vn 0.9004 -0.2018 -0.3855
vn 0.9693 -0.2291 -0.0894
vn 0.9004 -0.2017 -0.3856
vn 0.9604 -0.2408 -0.1401
vn 0.8843 -0.2284 -0.4073
vn 0.9002 -0.2014 -0.3861
vn 0.9604 -0.2409 -0.1398
vn 0.9692 -0.2295 -0.0892
vn 0.9597 -0.2485 0.1313
vn 0.9559 -0.2671 0.1224
vn 0.9596 -0.2490 0.1313
vn 0.9505 -0.2676 -0.1582
vn 0.9558 -0.2673 0.1223
vn 0.8844 -0.2283 -0.4070
vn 0.9504 -0.2673 -0.1587
vn 0.9559 -0.2670 0.1223
vn 0.9584 -0.2853 -0.0054
vn 0.9504 -0.2678 -0.1581
vn 0.9422 -0.2401 0.2336
vn 0.9596 -0.2489 0.1313
vn 0.9693 -0.2292 -0.0894
vn 0.8820 -0.2349 -0.4086
vn 0.7663 -0.1894 -0.6140
vn 0.7829 -0.1682 -0.5990
vn 0.7071 -0.2085 0.6756
vn 0.5548 -0.1804 0.8122
vn 0.4395 -0.1554 0.8847
vn 0.5544 -0.1805 0.8124
vn 0.5935 -0.1905 0.7820
vn 0.3584 -0.1462 0.9220
vn 0.3112 -0.1258 0.9420
vn 0.5545 -0.1805 0.8124
vn 0.3583 -0.1463 0.9221
vn 0.4397 -0.1555 0.8846
vn 0.3112 -0.1256 0.9420
vn 0.4394 -0.1555 0.8848
vn 0.1961 -0.1056 0.9749
vn 0.1565 -0.0807 0.9844
vn 0.4394 -0.1554 0.8847
vn 0.3115 -0.1256 0.9419
vn 0.1960 -0.1057 0.9749
vn 0.1956 -0.1054 0.9750
vn -0.1148 -0.0245 0.9931
vn 0.1959 -0.1055 0.9749
vn 0.3110 -0.1255 0.9421
vn 0.0562 -0.0685 0.9961
vn -0.1150 -0.0246 0.9931
vn 0.1957 -0.1056 0.9750
vn 0.0560 -0.0688 0.9961
vn 0.0557 -0.0686 0.9961
vn -0.1745 -0.0083 0.9846
vn -0.2237 -0.0135 0.9746
vn -0.1147 -0.0249 0.9931
vn 0.0556 -0.0685 0.9961
vn -0.2235 -0.0136 0.9746
vn 0.0595 -0.0803 0.9950
vn -0.1744 -0.0083 0.9846
vn 0.0560 -0.0686 0.9961
vn 0.3109 -0.1255 0.9421
vn 0.0600 -0.0804 0.9950
vn -0.1742 -0.0082 0.9847
vn 0.0598 -0.0803 0.9950
vn -0.2251 -0.0098 0.9743
vn 0.0599 -0.0804 0.9950
vn -0.1136 -0.0386 0.9928
vn -0.2249 -0.0095 0.9743
vn 0.3582 -0.1464 0.9221
vn 0.1529 -0.0980 0.9834
vn 0.0601 -0.0805 0.9949
vn 0.1526 -0.0980 0.9834
vn -0.1137 -0.0387 0.9928
vn 0.3580 -0.1462 0.9222
vn 0.0600 -0.0803 0.9950
vn -0.3899 0.0776 0.9176
vn -0.2254 -0.0096 0.9742
vn -0.1140 -0.0389 0.9927
vn -0.3899 0.0773 0.9176
vn -0.3763 0.0151 0.9264
vn 0.1528 -0.0980 0.9834
vn -0.0308 -0.0628 0.9976
vn -0.1135 -0.0389 0.9928
vn -0.1139 -0.0385 0.9927
vn -0.0310 -0.0628 0.9975
vn -0.3767 0.0154 0.9262
vn -0.3766 0.0152 0.9262
vn -0.0310 -0.0627 0.9975
vn -0.2001 -0.0203 0.9796
vn -0.3762 0.0155 0.9264
vn -0.2005 -0.0206 0.9795
vn -0.4874 0.0276 0.8728
vn -0.3903 0.0777 0.9174
vn -0.3766 0.0157 0.9262
vn -0.5653 0.0783 0.8212
vn -0.4877 0.0275 0.8726
vn -0.5655 0.0786 0.8210
vn -0.3765 0.0154 0.9263
vn -0.2003 -0.0204 0.9795
vn -0.3302 -0.0056 0.9439
vn -0.4875 0.0273 0.8727
vn -0.4873 0.0275 0.8728
vn -0.3302 -0.0055 0.9439
vn -0.4941 0.0663 0.8669
vn -0.4875 0.0277 0.8727
vn -0.6610 0.0548 0.7483
vn -0.5657 0.0785 0.8209
vn -0.4943 0.0664 0.8667
vn -0.6612 0.0553 0.7482
vn -0.5655 0.0784 0.8210
vn -0.6613 0.0551 0.7481
vn -0.6956 0.1179 0.7087
vn -0.6956 0.1186 0.7086
vn -0.8183 0.0820 0.5689
vn -0.4943 0.0666 0.8667
vn -0.6413 0.1345 0.7554
vn -0.6613 0.0547 0.7481
vn -0.6612 0.0549 0.7482
vn -0.6411 0.1348 0.7555
vn -0.8185 0.0821 0.5687
vn -0.6410 0.1346 0.7557
vn -0.6493 0.1659 0.7422
vn -0.8238 0.1390 0.5496
vn -0.8237 0.1385 0.5498
vn -0.8186 0.0819 0.5686
vn -0.6411 0.1348 0.7556
vn -0.6178 0.0804 0.7822
vn -0.6495 0.1654 0.7421
vn -0.6411 0.1347 0.7555
vn -0.6410 0.1348 0.7556
vn -0.4946 0.0665 0.8666
vn -0.6179 0.0805 0.7821
vn -0.6496 0.1658 0.7420
vn -0.6182 0.0804 0.7819
vn -0.8116 -0.0253 0.5837
vn -0.4945 0.0663 0.8666
vn -0.4031 -0.0337 0.9145
vn -0.6178 0.0801 0.7822
vn -0.4033 -0.0336 0.9145
vn -0.6293 -0.0424 0.7760
vn -0.6182 0.0806 0.7819
vn -0.6295 -0.0428 0.7758
vn -0.8116 -0.0256 0.5836
vn -0.6499 0.1658 0.7418
vn -0.8663 -0.0520 0.4968
vn -0.8119 -0.0254 0.5833
vn -0.7193 -0.0546 0.6925
vn -0.8665 -0.0516 0.4966
vn -0.8117 -0.0256 0.5836
vn -0.6295 -0.0424 0.7759
vn -0.7197 -0.0547 0.6922
vn -0.7195 -0.0546 0.6923
vn -0.4243 -0.0154 0.9054
vn -0.6269 0.0174 0.7789
vn -0.7196 -0.0545 0.6923
vn -0.6272 0.0171 0.7786
vn -0.8598 -0.0036 0.5106
vn -0.3748 -0.0336 0.9265
vn -0.4244 -0.0152 0.9054
vn -0.7196 -0.0547 0.6922
vn -0.3747 -0.0336 0.9265
vn -0.6294 -0.0425 0.7759
vn -0.7194 -0.0545 0.6925
vn -0.8599 -0.0035 0.5104
vn -0.8664 -0.0519 0.4966
vn -0.9527 0.0965 0.2883
vn -0.8664 -0.0519 0.4967
vn -0.8599 -0.0038 0.5105
vn -0.9527 0.0964 0.2881
vn -0.8598 -0.0034 0.5107
vn -0.9727 0.0401 0.2287
vn -0.9727 0.0404 0.2286
vn -0.8599 -0.0037 0.5104
vn -0.8342 0.0784 0.5459
vn -0.6271 0.0180 0.7787
vn -0.6769 0.0429 0.7348
vn -0.8598 -0.0039 0.5106
vn -0.8339 0.0788 0.5462
vn -0.8597 -0.0040 0.5108
vn -0.6768 0.0429 0.7350
vn -0.6160 0.0850 0.7832
vn -0.8339 0.0787 0.5463
vn -0.6768 0.0432 0.7349
vn -0.6159 0.0848 0.7832
vn -0.7628 0.0886 0.6406
vn -0.8340 0.0787 0.5461
vn -0.6159 0.0847 0.7833
vn -0.6893 0.0217 0.7241
vn -0.7628 0.0885 0.6406
vn -0.5702 0.0169 0.8213
vn -0.6895 0.0219 0.7240
vn -0.6157 0.0848 0.7834
vn -0.6896 0.0223 0.7238
vn -0.5702 0.0174 0.8213
vn -0.6331 -0.0989 0.7677
vn -0.6332 -0.0991 0.7677
vn -0.8002 -0.0708 0.5955
vn -0.6896 0.0219 0.7239
vn -0.4135 -0.1029 0.9047
vn -0.6330 -0.0991 0.7678
vn -0.5700 0.0169 0.8215
vn -0.3530 -0.0601 0.9337
vn -0.4135 -0.1027 0.9047
vn -0.5701 0.0170 0.8214
vn -0.4976 0.0407 0.8665
vn -0.3530 -0.0600 0.9337
vn -0.5702 0.0168 0.8213
vn -0.4975 0.0408 0.8665
vn -0.4976 0.0408 0.8665
vn -0.6155 0.0850 0.7835
vn -0.6765 0.0430 0.7352
vn -0.4466 -0.0204 0.8945
vn -0.2870 -0.0664 0.9556
vn -0.4973 0.0406 0.8666
vn -0.4470 -0.0203 0.8943
vn -0.4975 0.0409 0.8665
vn -0.6766 0.0427 0.7351
vn -0.2870 -0.0667 0.9556
vn -0.3531 -0.0601 0.9337
vn -0.4973 0.0408 0.8666
vn -0.1172 -0.1126 0.9867
vn -0.3529 -0.0601 0.9337
vn -0.2865 -0.0667 0.9558
vn -0.2428 -0.0583 0.9683
vn -0.0859 -0.1055 0.9907
vn -0.2866 -0.0667 0.9557
vn -0.0857 -0.1059 0.9907
vn -0.1171 -0.1127 0.9867
vn -0.2865 -0.0664 0.9558
vn -0.2433 -0.0582 0.9682
vn -0.2871 -0.0666 0.9556
vn -0.4468 -0.0206 0.8944
vn -0.4241 -0.0156 0.9055
vn -0.2434 -0.0584 0.9682
vn -0.4467 -0.0204 0.8945
vn -0.1590 -0.0661 0.9851
vn -0.2434 -0.0582 0.9682
vn -0.4241 -0.0154 0.9055
vn -0.0018 -0.1066 0.9943
vn -0.0859 -0.1058 0.9907
vn -0.2428 -0.0579 0.9684
vn -0.1587 -0.0660 0.9851
vn -0.0023 -0.1064 0.9943
vn -0.2432 -0.0583 0.9682
vn -0.1593 -0.0658 0.9850
vn -0.3743 -0.0338 0.9267
vn 0.1305 -0.1182 0.9844
vn -0.0019 -0.1065 0.9943
vn -0.1587 -0.0663 0.9851
vn -0.1588 -0.0661 0.9851
vn -0.1152 -0.0649 0.9912
vn 0.1303 -0.1181 0.9844
vn -0.1592 -0.0663 0.9850
vn -0.3745 -0.0337 0.9266
vn -0.1156 -0.0647 0.9912
vn 0.0575 -0.1071 0.9926
vn -0.1153 -0.0648 0.9912
vn -0.1544 -0.0692 0.9856
vn 0.0575 -0.1069 0.9926
vn 0.1305 -0.1180 0.9844
vn -0.1152 -0.0647 0.9912
vn -0.1548 -0.0692 0.9855
vn -0.1158 -0.0647 0.9912
vn -0.4030 -0.0338 0.9146
vn -0.4032 -0.0337 0.9145
vn -0.3745 -0.0336 0.9266
vn -0.3300 -0.0056 0.9440
vn -0.1550 -0.0693 0.9855
vn -0.4030 -0.0336 0.9146
vn -0.0577 -0.0715 0.9958
vn -0.1549 -0.0694 0.9855
vn -0.3299 -0.0059 0.9440
vn 0.0575 -0.1070 0.9926
vn -0.1544 -0.0691 0.9856
vn -0.0575 -0.0719 0.9958
vn 0.1954 -0.1229 0.9730
vn 0.0579 -0.1070 0.9926
vn -0.0574 -0.0719 0.9958
vn 0.1942 -0.1167 0.9740
vn 0.1955 -0.1226 0.9730
vn -0.0578 -0.0722 0.9957
vn -0.3298 -0.0058 0.9440
vn -0.0028 -0.0782 0.9969
vn -0.0581 -0.0719 0.9957
vn -0.2001 -0.0206 0.9796
vn -0.0025 -0.0783 0.9969
vn 0.1941 -0.1166 0.9740
vn 0.3997 -0.1579 0.9029
vn 0.1959 -0.1230 0.9729
vn 0.1945 -0.1168 0.9739
vn 0.3648 -0.1569 0.9178
vn 0.3999 -0.1579 0.9028
vn 0.1945 -0.1164 0.9740
vn 0.2456 -0.1248 0.9613
vn 0.1940 -0.1169 0.9740
vn -0.0027 -0.0782 0.9969
vn 0.2460 -0.1250 0.9612
vn 0.3650 -0.1567 0.9177
vn 0.1946 -0.1165 0.9739
vn 0.5429 -0.1820 0.8199
vn 0.5597 -0.1758 0.8098
vn 0.3654 -0.1569 0.9175
vn 0.5431 -0.1819 0.8197
vn 0.2460 -0.1252 0.9611
vn 0.4002 -0.1581 0.9027
vn 0.3653 -0.1569 0.9176
vn 0.5594 -0.1756 0.8101
vn 0.1529 -0.0981 0.9834
vn 0.4152 -0.1534 0.8967
vn 0.2460 -0.1249 0.9612
vn 0.4149 -0.1531 0.8969
vn 0.5430 -0.1821 0.8198
vn 0.2459 -0.1254 0.9611
vn 0.1525 -0.0979 0.9834
vn 0.2457 -0.1252 0.9612
vn -0.0308 -0.0628 0.9975
vn 0.2457 -0.1250 0.9612
vn -0.0025 -0.0782 0.9969
vn -0.0308 -0.0632 0.9975
vn 0.5935 -0.1906 0.7820
vn 0.6366 -0.1912 0.7471
vn 0.4154 -0.1530 0.8967
vn 0.4156 -0.1531 0.8966
vn 0.5936 -0.1905 0.7819
vn 0.6365 -0.1916 0.7471
vn 0.5427 -0.1820 0.8199
vn 0.4155 -0.1529 0.8966
vn 0.4150 -0.1531 0.8968
vn -0.0310 -0.0626 0.9976
vn -0.0032 -0.0781 0.9969
vn -0.2001 -0.0204 0.9796
vn 0.4595 -0.1824 0.8692
vn 0.2953 -0.1475 0.9439
vn 0.1959 -0.1229 0.9729
vn 0.3999 -0.1579 0.9029
vn 0.4596 -0.1824 0.8692
vn 0.1958 -0.1228 0.9729
vn 0.1953 -0.1229 0.9730
vn 0.2950 -0.1476 0.9440
vn 0.0581 -0.1073 0.9925
vn 0.2950 -0.1477 0.9440
vn 0.1309 -0.1182 0.9843
vn 0.2952 -0.1475 0.9440
vn 0.4472 -0.1737 0.8774
vn 0.1305 -0.1183 0.9844
vn 0.4806 -0.1669 0.8609
vn 0.4470 -0.1738 0.8775
vn 0.2953 -0.1479 0.9439
vn 0.4595 -0.1824 0.8693
vn 0.4804 -0.1672 0.8610
vn 0.2954 -0.1476 0.9439
vn 0.4598 -0.1825 0.8690
vn 0.4807 -0.1672 0.8608
vn 0.4809 -0.1670 0.8607
vn 0.6815 -0.2008 0.7038
vn 0.4474 -0.1737 0.8773
vn 0.1306 -0.1183 0.9843
vn 0.4472 -0.1738 0.8774
vn 0.2762 -0.1571 0.9482
vn 0.1305 -0.1181 0.9844
vn 0.2759 -0.1572 0.9483
vn -0.0017 -0.1066 0.9943
vn -0.4241 -0.0152 0.9055
vn -0.4472 -0.0203 0.8942
vn -0.6270 0.0174 0.7788
vn -0.6270 0.0173 0.7789
vn -0.4472 -0.0202 0.8942
vn -0.1466 -0.1198 0.9819
vn -0.4131 -0.1031 0.9048
vn -0.3528 -0.0601 0.9338
vn -0.3530 -0.0604 0.9337
vn -0.1171 -0.1126 0.9867
vn -0.1465 -0.1199 0.9819
vn -0.6331 -0.0995 0.7677
vn -0.4133 -0.1028 0.9048
vn -0.3664 -0.0740 0.9275
vn -0.4131 -0.1028 0.9049
vn -0.1467 -0.1199 0.9819
vn -0.3659 -0.0740 0.9277
vn -0.3663 -0.0738 0.9276
vn -0.2528 -0.1141 0.9608
vn -0.4960 -0.0267 0.8679
vn -0.1400 -0.1321 0.9813
vn -0.2522 -0.1141 0.9609
vn -0.3661 -0.0739 0.9276
vn -0.4958 -0.0266 0.8680
vn -0.5251 -0.0127 0.8509
vn -0.3666 -0.0740 0.9274
vn -0.1465 -0.1200 0.9819
vn -0.1400 -0.1318 0.9813
vn -0.3660 -0.0738 0.9277
vn -0.6330 -0.0992 0.7678
vn -0.3667 -0.0738 0.9274
vn -0.5252 -0.0127 0.8509
vn -0.4169 0.1793 0.8911
vn -0.6191 0.0462 0.7840
vn -0.5255 -0.0128 0.8507
vn -0.8004 -0.0708 0.5953
vn -0.5255 -0.0130 0.8507
vn -0.6192 0.0462 0.7839
vn -0.4962 -0.0264 0.8678
vn -0.4169 0.1790 0.8911
vn -0.5255 -0.0129 0.8507
vn -0.5254 -0.0125 0.8508
vn -0.8003 -0.0705 0.5954
vn -0.6332 -0.0992 0.7676
vn -0.4172 0.1791 0.8910
vn -0.4039 0.1571 0.9012
vn -0.6192 0.0461 0.7839
vn -0.4169 0.1788 0.8912
vn -0.6913 -0.0029 0.7225
vn -0.4039 0.1570 0.9012
vn -0.4963 -0.0264 0.8678
vn -0.6914 -0.0030 0.7225
vn -0.4172 0.1788 0.8910
vn -0.8137 -0.1176 0.5692
vn -0.4039 0.1569 0.9013
vn -0.4962 -0.0266 0.8678
vn -0.6851 -0.1917 0.7027
vn -0.6910 -0.0027 0.7228
vn -0.8137 -0.1178 0.5693
vn -0.6912 -0.0029 0.7226
vn -0.6852 -0.1917 0.7026
vn -0.6852 -0.1916 0.7027
vn -0.8712 -0.2231 0.4373
vn -0.8137 -0.1179 0.5692
vn -0.7050 -0.0896 0.7036
vn -0.8715 -0.2229 0.4368
vn -0.5560 -0.1118 0.8236
vn -0.5560 -0.1117 0.8236
vn -0.8715 -0.2230 0.4368
vn -0.6849 -0.1918 0.7029
vn -0.5556 -0.1118 0.8239
vn -0.4080 -0.1227 0.9047
vn -0.7051 -0.0892 0.7035
vn -0.4077 -0.1226 0.9048
vn -0.5869 -0.0782 0.8059
vn -0.7051 -0.0896 0.7034
vn -0.4076 -0.1231 0.9048
vn -0.1358 -0.1610 0.9776
vn -0.1711 -0.1455 0.9745
vn -0.4075 -0.1227 0.9049
vn -0.1710 -0.1455 0.9745
vn -0.3998 -0.0842 0.9127
vn -0.4079 -0.1226 0.9048
vn -0.4002 -0.0844 0.9125
vn -0.5868 -0.0779 0.8060
vn -0.1357 -0.1610 0.9776
vn -0.4077 -0.1228 0.9048
vn -0.3073 -0.1391 0.9414
vn -0.3076 -0.1390 0.9413
vn -0.4079 -0.1225 0.9048
vn -0.5555 -0.1120 0.8239
vn -0.2881 -0.1371 0.9477
vn -0.0755 -0.1588 0.9844
vn -0.3074 -0.1390 0.9414
vn -0.0754 -0.1588 0.9844
vn -0.1355 -0.1611 0.9776
vn -0.3073 -0.1392 0.9414
vn -0.6855 -0.1916 0.7024
vn -0.3077 -0.1390 0.9413
vn -0.5556 -0.1119 0.8239
vn -0.2884 -0.1368 0.9477
vn -0.3077 -0.1389 0.9413
vn -0.6855 -0.1917 0.7023
vn 0.1714 -0.1893 0.9668
vn -0.1351 -0.1610 0.9777
vn -0.0749 -0.1588 0.9845
vn 0.1714 -0.1890 0.9669
vn 0.0558 -0.1846 0.9812
vn -0.1352 -0.1614 0.9776
vn 0.0559 -0.1848 0.9812
vn -0.1708 -0.1456 0.9745
vn -0.1352 -0.1611 0.9776
vn -0.1707 -0.1458 0.9745
vn 0.0559 -0.1847 0.9812
vn 0.0689 -0.1830 0.9807
vn 0.2825 -0.2033 0.9375
vn 0.0693 -0.1831 0.9807
vn 0.0562 -0.1848 0.9812
vn 0.1718 -0.1889 0.9668
vn 0.2822 -0.2034 0.9375
vn 0.0561 -0.1848 0.9812
vn 0.3235 -0.2111 0.9224
vn 0.0692 -0.1828 0.9807
vn 0.2822 -0.2035 0.9375
vn 0.4970 -0.2051 0.8431
vn 0.3240 -0.2115 0.9221
vn 0.2827 -0.2034 0.9374
vn 0.4973 -0.2049 0.8430
vn 0.2828 -0.2032 0.9374
vn 0.5039 -0.2091 0.8381
vn 0.1719 -0.1889 0.9668
vn 0.5042 -0.2090 0.8379
vn 0.2826 -0.2035 0.9374
vn 0.5043 -0.2090 0.8378
vn 0.6903 -0.2042 0.6941
vn 0.4974 -0.2055 0.8428
vn 0.5041 -0.2090 0.8380
vn 0.7712 -0.1983 0.6049
vn 0.6907 -0.2042 0.6937
vn 0.6545 -0.2002 0.7291
vn 0.7713 -0.1981 0.6049
vn 0.1719 -0.1890 0.9668
vn 0.3984 -0.1936 0.8965
vn 0.5044 -0.2091 0.8378
vn 0.6544 -0.2001 0.7292
vn 0.3986 -0.1937 0.8964
vn 0.6906 -0.2043 0.6938
vn 0.5582 -0.2066 0.8036
vn 0.4974 -0.2049 0.8430
vn 0.5583 -0.2063 0.8036
vn 0.6906 -0.2041 0.6939
vn 0.6928 -0.2033 0.6918
vn 0.8681 -0.1808 0.4623
vn 0.8568 -0.1753 0.4850
vn 0.6908 -0.2045 0.6935
vn 0.6908 -0.2042 0.6936
vn 0.6932 -0.2031 0.6915
vn 0.6929 -0.2035 0.6918
vn 0.6664 -0.2080 0.7160
vn 0.4646 -0.2118 0.8598
vn 0.6932 -0.2033 0.6915
vn 0.8312 -0.1827 0.5251
vn 0.6669 -0.2082 0.7154
vn 0.6930 -0.2035 0.6916
vn 0.4644 -0.2116 0.8600
vn 0.5581 -0.2067 0.8036
vn 0.8568 -0.1754 0.4848
vn 0.8311 -0.1827 0.5252
vn 0.6932 -0.2032 0.6915
vn 0.5640 -0.2064 0.7995
vn 0.3188 -0.2155 0.9230
vn 0.4642 -0.2116 0.8601
vn 0.6666 -0.2080 0.7158
vn 0.5640 -0.2065 0.7995
vn 0.4645 -0.2115 0.8599
vn 0.3238 -0.2112 0.9223
vn 0.4640 -0.2114 0.8602
vn 0.2196 -0.2079 0.9532
vn 0.4640 -0.2115 0.8602
vn 0.3187 -0.2152 0.9231
vn 0.2196 -0.2077 0.9532
vn 0.3239 -0.2111 0.9222
vn 0.5577 -0.2067 0.8039
vn 0.5284 -0.2232 0.8191
vn 0.3188 -0.2152 0.9231
vn 0.5639 -0.2066 0.7996
vn 0.3188 -0.2154 0.9230
vn 0.5283 -0.2235 0.8191
vn 0.2693 -0.2228 0.9369
vn 0.3185 -0.2153 0.9231
vn 0.2689 -0.2232 0.9370
vn 0.0636 -0.2036 0.9770
vn 0.3185 -0.2150 0.9232
vn 0.0634 -0.2038 0.9770
vn 0.0826 -0.2044 0.9754
vn 0.3182 -0.2154 0.9232
vn 0.0827 -0.2043 0.9754
vn 0.2193 -0.2078 0.9533
vn -0.0400 -0.1915 0.9807
vn 0.0823 -0.2044 0.9754
vn -0.1315 -0.1764 0.9755
vn 0.0820 -0.2044 0.9754
vn 0.0631 -0.2039 0.9770
vn -0.1316 -0.1765 0.9755
vn 0.2192 -0.2077 0.9533
vn 0.2193 -0.2075 0.9534
vn -0.0398 -0.1918 0.9806
vn -0.1319 -0.1762 0.9755
vn -0.3474 -0.1873 0.9188
vn -0.0401 -0.1916 0.9807
vn -0.3063 -0.1132 0.9452
vn -0.0402 -0.1917 0.9806
vn -0.3474 -0.1871 0.9189
vn 0.0690 -0.1830 0.9807
vn -0.3062 -0.1136 0.9452
vn 0.0690 -0.1831 0.9807
vn -0.3063 -0.1134 0.9451
vn -0.1709 -0.1457 0.9745
vn -0.5326 -0.0512 0.8448
vn -0.3066 -0.1132 0.9451
vn -0.5249 -0.0870 0.8467
vn -0.3066 -0.1130 0.9451
vn -0.3475 -0.1868 0.9189
vn -0.5248 -0.0867 0.8468
vn -0.4000 -0.0846 0.9126
vn -0.5325 -0.0511 0.8449
vn -0.1711 -0.1458 0.9744
vn -0.3063 -0.1133 0.9452
vn -0.3998 -0.0847 0.9127
vn -0.5867 -0.0781 0.8060
vn -0.4002 -0.0845 0.9125
vn -0.5326 -0.0514 0.8448
vn -0.3475 -0.1872 0.9188
vn -0.5878 -0.1688 0.7912
vn -0.3475 -0.1871 0.9188
vn -0.3650 -0.1598 0.9172
vn -0.5877 -0.1690 0.7912
vn -0.3645 -0.1597 0.9174
vn -0.1941 -0.1757 0.9651
vn -0.3997 -0.0662 0.9143
vn -0.1319 -0.1763 0.9755
vn -0.1941 -0.1756 0.9651
vn -0.3644 -0.1598 0.9174
vn -0.1319 -0.1764 0.9754
vn -0.3645 -0.1598 0.9174
vn -0.3472 -0.1872 0.9189
vn -0.1946 -0.1755 0.9651
vn -0.5160 -0.1310 0.8465
vn -0.3998 -0.0667 0.9142
vn -0.2010 -0.1992 0.9591
vn -0.5161 -0.1313 0.8464
vn -0.1943 -0.1756 0.9651
vn -0.5161 -0.1309 0.8465
vn -0.2010 -0.1993 0.9591
vn -0.5147 -0.2539 0.8189
vn -0.2008 -0.1992 0.9592
vn -0.1218 -0.2165 0.9686
vn 0.0335 -0.2160 0.9758
vn -0.1211 -0.2166 0.9687
vn -0.2007 -0.1992 0.9592
vn 0.1281 -0.2285 0.9651
vn -0.1212 -0.2165 0.9687
vn 0.0335 -0.2159 0.9758
vn 0.0083 -0.2303 0.9731
vn -0.1214 -0.2166 0.9687
vn 0.2479 -0.2303 0.9410
vn 0.1284 -0.2288 0.9650
vn 0.0339 -0.2160 0.9758
vn 0.2690 -0.2231 0.9369
vn 0.2479 -0.2302 0.9410
vn 0.0338 -0.2162 0.9758
vn 0.0635 -0.2039 0.9769
vn 0.2688 -0.2230 0.9370
vn 0.0338 -0.2160 0.9758
vn 0.0333 -0.2159 0.9759
vn -0.2006 -0.1991 0.9592
vn -0.1938 -0.1755 0.9652
vn 0.0633 -0.2038 0.9770
vn 0.0334 -0.2159 0.9758
vn -0.1939 -0.1758 0.9651
vn 0.4317 -0.2157 0.8758
vn 0.4171 -0.2280 0.8798
vn 0.2484 -0.2300 0.9410
vn 0.2483 -0.2299 0.9410
vn 0.4170 -0.2280 0.8798
vn 0.1283 -0.2288 0.9650
vn 0.2483 -0.2302 0.9409
vn 0.2692 -0.2230 0.9369
vn 0.4313 -0.2157 0.8760
vn 0.4320 -0.2156 0.8757
vn 0.6515 -0.2065 0.7300
vn 0.4174 -0.2281 0.8796
vn 0.5284 -0.2235 0.8190
vn 0.6516 -0.2066 0.7299
vn 0.4318 -0.2160 0.8757
vn 0.2694 -0.2231 0.9368
vn 0.5284 -0.2237 0.8190
vn 0.4316 -0.2156 0.8759
vn 0.8406 -0.1684 0.5148
vn 0.6518 -0.2067 0.7297
vn 0.7455 -0.1963 0.6369
vn 0.6519 -0.2067 0.7296
vn 0.8406 -0.1682 0.5149
vn 0.8084 -0.1767 0.5614
vn 0.6516 -0.2066 0.7298
vn 0.6133 -0.2123 0.7608
vn 0.4174 -0.2279 0.8797
vn 0.7455 -0.1965 0.6369
vn 0.5285 -0.2235 0.8190
vn 0.8086 -0.1766 0.5612
vn 0.6520 -0.2065 0.7295
vn 0.6130 -0.2122 0.7610
vn 0.4576 -0.2224 0.8609
vn 0.8084 -0.1767 0.5615
vn 0.6814 -0.1986 0.7044
vn 0.6134 -0.2124 0.7607
vn 0.6130 -0.2123 0.7610
vn 0.6812 -0.1984 0.7047
vn 0.6812 -0.1988 0.7046
vn 0.5359 -0.2204 0.8150
vn 0.4575 -0.2223 0.8610
vn 0.6810 -0.1989 0.7047
vn 0.8080 -0.1742 0.5629
vn 0.5360 -0.2202 0.8150
vn 0.8651 -0.1650 0.4736
vn 0.8078 -0.1744 0.5631
vn 0.6814 -0.1989 0.7044
vn 0.8085 -0.1768 0.5613
vn 0.8652 -0.1650 0.4736
vn 0.6814 -0.1988 0.7044
vn 0.8087 -0.1766 0.5611
vn 0.9558 -0.1216 0.2677
vn 0.8653 -0.1648 0.4733
vn 0.9557 -0.1216 0.2679
vn 0.9775 -0.1040 0.1834
vn 0.8654 -0.1645 0.4733
vn 0.9975 -0.0594 -0.0384
vn 0.9558 -0.1220 0.2676
vn 0.9920 -0.0873 0.0916
vn 0.9558 -0.1218 0.2675
vn 0.9776 -0.1041 0.1830
vn 0.8086 -0.1769 0.5611
vn 0.9173 -0.1425 0.3718
vn 0.9558 -0.1218 0.2676
vn 0.9919 -0.0874 0.0917
vn 0.9559 -0.1217 0.2674
vn 0.9174 -0.1424 0.3717
vn 0.8088 -0.1767 0.5609
vn 0.8408 -0.1682 0.5145
vn 0.9173 -0.1424 0.3719
vn 0.9670 -0.1201 0.2249
vn 0.9919 -0.0873 0.0918
vn 0.9174 -0.1425 0.3717
vn 0.8390 -0.1811 0.5131
vn 0.9669 -0.1203 0.2251
vn 0.8407 -0.1683 0.5146
vn 0.9017 -0.1558 0.4034
vn 0.9669 -0.1202 0.2250
vn 0.9920 -0.0872 0.0916
vn 0.9669 -0.1203 0.2249
vn 0.9916 -0.0514 -0.1186
vn 0.9967 -0.0793 0.0153
vn 0.9916 -0.0514 -0.1187
vn 0.9669 -0.1200 0.2250
vn 0.9017 -0.1560 0.4032
vn 0.9735 -0.1219 0.1933
vn 0.9968 -0.0789 0.0153
vn 0.9670 -0.1203 0.2248
vn 0.9736 -0.1220 0.1929
vn 0.7456 -0.1964 0.6368
vn 0.9015 -0.1559 0.4037
vn 0.8406 -0.1682 0.5148
vn 0.9049 -0.1579 0.3952
vn 0.9735 -0.1221 0.1934
vn 0.9018 -0.1555 0.4033
vn 0.7458 -0.1961 0.6366
vn 0.9046 -0.1579 0.3959
vn 0.9015 -0.1558 0.4038
vn 0.9917 -0.0514 -0.1182
vn 0.9887 -0.0418 -0.1440
vn 0.9920 -0.0873 0.0914
vn 0.9887 -0.0417 -0.1442
vn 0.9975 -0.0593 -0.0385
vn 0.9920 -0.0872 0.0915
vn 0.9886 -0.0420 -0.1444
vn 0.9916 -0.0513 -0.1188
vn 0.9886 -0.0418 -0.1444
vn 0.9536 -0.0008 -0.3009
vn 0.9886 -0.0418 -0.1445
vn 0.9537 -0.0005 -0.3008
vn 0.9975 -0.0592 -0.0386
vn 0.9536 -0.0005 -0.3012
vn 0.8640 0.0522 -0.5008
vn 0.9680 -0.0059 -0.2510
vn 0.9536 -0.0006 -0.3009
vn 0.9681 -0.0060 -0.2507
vn 0.9975 -0.0592 -0.0387
vn 0.9535 -0.0006 -0.3012
vn 0.8350 0.0520 -0.5478
vn 0.8640 0.0520 -0.5008
vn 0.9536 -0.0005 -0.3011
vn 0.9238 0.0071 -0.3827
vn 0.8639 0.0521 -0.5010
vn 0.7331 0.0888 -0.6743
vn 0.7000 0.1115 -0.7054
vn 0.8639 0.0520 -0.5010
vn 0.8348 0.0521 -0.5481
vn 0.7331 0.0889 -0.6742
vn 0.6999 0.1115 -0.7055
vn 0.8851 0.0468 -0.4631
vn 0.9680 -0.0057 -0.2510
vn 0.8640 0.0524 -0.5008
vn 0.8852 0.0465 -0.4628
vn 0.7000 0.1116 -0.7054
vn 0.8213 0.0815 -0.5647
vn 0.8850 0.0463 -0.4633
vn 0.8852 0.0468 -0.4628
vn 0.8214 0.0812 -0.5645
vn 0.9643 0.0080 -0.2648
vn 0.9680 -0.0058 -0.2510
vn 0.8851 0.0464 -0.4630
vn 0.9643 0.0080 -0.2646
vn 0.9985 -0.0545 0.0040
vn 0.9680 -0.0059 -0.2508
vn 0.9975 -0.0595 -0.0390
vn 0.9680 -0.0058 -0.2507
vn 0.9985 -0.0547 0.0040
vn 0.9975 -0.0593 -0.0384
vn 0.9985 -0.0547 0.0043
vn 0.9775 -0.1043 0.1831
vn 0.8213 0.0816 -0.5647
vn 0.6999 0.1118 -0.7054
vn 0.6224 0.1494 -0.7683
vn 0.4155 0.1968 -0.8881
vn 0.4497 0.2075 -0.8687
vn 0.6221 0.1492 -0.7686
vn 0.5158 0.1514 -0.8432
vn 0.4153 0.1969 -0.8881
vn 0.6220 0.1490 -0.7687
vn 0.6997 0.1115 -0.7057
vn 0.5160 0.1511 -0.8431
vn 0.6219 0.1496 -0.7687
vn 0.5157 0.1516 -0.8432
vn 0.4591 0.1588 -0.8741
vn 0.2900 0.1863 -0.9387
vn 0.4595 0.1589 -0.8739
vn 0.5160 0.1512 -0.8431
vn 0.6998 0.1113 -0.7056
vn 0.5157 0.1512 -0.8433
vn 0.2901 0.1864 -0.9387
vn 0.4151 0.1969 -0.8882
vn 0.2899 0.1862 -0.9388
vn 0.2127 0.1927 -0.9579
vn 0.0244 0.2174 -0.9758
vn 0.2132 0.1920 -0.9580
vn 0.2900 0.1861 -0.9387
vn 0.4592 0.1590 -0.8740
vn 0.1621 0.2131 -0.9635
vn 0.2896 0.1865 -0.9388
vn 0.0242 0.2174 -0.9758
vn 0.2899 0.1863 -0.9388
vn 0.1622 0.2131 -0.9635
vn 0.4150 0.1973 -0.8882
vn 0.1620 0.2130 -0.9635
vn 0.0238 0.2172 -0.9758
vn -0.1571 0.2246 -0.9617
vn 0.4149 0.1969 -0.8883
vn 0.1624 0.2130 -0.9635
vn 0.4495 0.2074 -0.8689
vn -0.1573 0.2245 -0.9617
vn -0.3767 0.2165 -0.9007
vn -0.4523 0.2128 -0.8661
vn -0.1575 0.2246 -0.9616
vn -0.1742 0.2030 -0.9636
vn -0.3766 0.2165 -0.9007
vn -0.1736 0.2033 -0.9636
vn -0.1569 0.2245 -0.9618
vn 0.0241 0.2211 -0.9750
vn -0.5805 0.1984 -0.7897
vn -0.4525 0.2130 -0.8660
vn -0.3771 0.2163 -0.9006
vn -0.4713 0.2119 -0.8562
vn -0.5803 0.1982 -0.7899
vn -0.3771 0.2166 -0.9005
vn -0.7500 0.1816 -0.6361
vn -0.5807 0.1986 -0.7895
vn -0.4713 0.2120 -0.8561
vn -0.7035 0.2002 -0.6819
vn -0.7499 0.1819 -0.6360
vn -0.4713 0.2119 -0.8561
vn -0.7501 0.1821 -0.6358
vn -0.8844 0.1560 -0.4400
vn -0.9173 0.1376 -0.3736
vn -0.7038 0.1997 -0.6817
vn -0.8844 0.1560 -0.4399
vn -0.7502 0.1819 -0.6357
vn -0.4714 0.2119 -0.8561
vn -0.5463 0.2038 -0.8124
vn -0.7036 0.2002 -0.6818
vn -0.7035 0.2002 -0.6820
vn -0.5462 0.2036 -0.8125
vn -0.7779 0.1831 -0.6012
vn -0.7782 0.1834 -0.6006
vn -0.8843 0.1558 -0.4401
vn -0.7037 0.1998 -0.6818
vn -0.6333 0.2047 -0.7463
vn -0.7778 0.1834 -0.6012
vn -0.5462 0.2035 -0.8126
vn -0.9106 0.1488 -0.3857
vn -0.8843 0.1559 -0.4401
vn -0.7781 0.1836 -0.6007
vn -0.7946 0.1798 -0.5799
vn -0.9107 0.1488 -0.3853
vn -0.7781 0.1835 -0.6007
vn -0.6333 0.2049 -0.7463
vn -0.7944 0.1798 -0.5802
vn -0.7778 0.1835 -0.6012
vn -0.5789 0.2060 -0.7890
vn -0.6329 0.2046 -0.7467
vn -0.4387 0.2124 -0.8732
vn -0.5791 0.2060 -0.7888
vn -0.7942 0.1804 -0.5802
vn -0.5461 0.2038 -0.8126
vn -0.4388 0.2123 -0.8732
vn -0.4386 0.2126 -0.8732
vn -0.2846 0.2073 -0.9360
vn -0.5790 0.2058 -0.7889
vn -0.2848 0.2074 -0.9359
vn -0.4383 0.2124 -0.8733
vn -0.2260 0.2119 -0.9508
vn -0.2260 0.2116 -0.9509
vn -0.4384 0.2121 -0.8734
vn -0.2850 0.2188 -0.9332
vn -0.5460 0.2038 -0.8127
vn -0.2852 0.2188 -0.9332
vn -0.4385 0.2124 -0.8733
vn -0.0315 0.2049 -0.9783
vn -0.2257 0.2119 -0.9509
vn -0.2847 0.2188 -0.9333
vn -0.2852 0.2186 -0.9332
vn -0.5462 0.2039 -0.8125
vn -0.4709 0.2117 -0.8564
vn -0.4710 0.2118 -0.8563
vn -0.2158 0.2119 -0.9532
vn -0.2853 0.2188 -0.9331
vn 0.0055 0.2065 -0.9784
vn -0.0313 0.2054 -0.9782
vn -0.2847 0.2187 -0.9333
vn -0.2849 0.2188 -0.9332
vn -0.2155 0.2121 -0.9532
vn 0.0053 0.2065 -0.9784
vn 0.0238 0.2174 -0.9758
vn 0.0054 0.2067 -0.9784
vn -0.2157 0.2120 -0.9532
vn -0.0309 0.2053 -0.9782
vn 0.0057 0.2064 -0.9785
vn 0.1818 0.1874 -0.9653
vn 0.0057 0.2064 -0.9784
vn 0.0242 0.2175 -0.9758
vn 0.2128 0.1921 -0.9580
vn 0.3022 0.1744 -0.9372
vn 0.2127 0.1924 -0.9580
vn 0.1819 0.1868 -0.9654
vn 0.0058 0.2066 -0.9784
vn 0.3023 0.1745 -0.9371
vn 0.1256 0.1834 -0.9750
vn -0.0308 0.2052 -0.9782
vn 0.3087 0.1674 -0.9363
vn 0.1821 0.1871 -0.9653
vn 0.4400 0.1487 -0.8856
vn 0.3083 0.1672 -0.9365
vn 0.1260 0.1833 -0.9750
vn 0.1821 0.1869 -0.9654
vn 0.4401 0.1490 -0.8855
vn 0.1823 0.1868 -0.9653
vn 0.4951 0.1296 -0.8591
vn 0.3091 0.1672 -0.9362
vn 0.4399 0.1489 -0.8856
vn 0.6074 0.1095 -0.7868
vn 0.4955 0.1295 -0.8589
vn 0.4404 0.1489 -0.8854
vn 0.6075 0.1090 -0.7868
vn 0.4405 0.1486 -0.8854
vn 0.6618 0.1025 -0.7426
vn 0.3026 0.1745 -0.9370
vn 0.5398 0.1416 -0.8298
vn 0.4402 0.1490 -0.8854
vn 0.5401 0.1416 -0.8296
vn 0.6618 0.1022 -0.7427
vn 0.5397 0.1413 -0.8299
vn 0.3027 0.1744 -0.9370
vn 0.4592 0.1587 -0.8740
vn 0.7327 0.0891 -0.6747
vn 0.6617 0.1024 -0.7427
vn 0.6999 0.1114 -0.7055
vn 0.5400 0.1414 -0.8297
vn 0.4594 0.1588 -0.8739
vn 0.7326 0.0891 -0.6748
vn 0.5401 0.1415 -0.8297
vn 0.8349 0.0519 -0.5480
vn 0.7695 0.0693 -0.6349
vn 0.6622 0.1024 -0.7423
vn 0.6078 0.1093 -0.7866
vn 0.6620 0.1025 -0.7425
vn 0.7695 0.0690 -0.6349
vn 0.8348 0.0520 -0.5481
vn 0.6619 0.1024 -0.7426
vn 0.7328 0.0889 -0.6746
vn 0.9238 0.0073 -0.3827
vn 0.7697 0.0691 -0.6347
vn 0.8353 0.0518 -0.5474
vn 0.8249 0.0481 -0.5632
vn 0.7697 0.0693 -0.6346
vn 0.9239 0.0070 -0.3826
vn 0.8248 0.0484 -0.5634
vn 0.6890 0.0814 -0.7202
vn 0.7696 0.0693 -0.6348
vn 0.6886 0.0815 -0.7206
vn 0.6078 0.1092 -0.7865
vn 0.7695 0.0693 -0.6348
vn 0.4957 0.1296 -0.8588
vn 0.6075 0.1093 -0.7868
vn 0.6886 0.0813 -0.7206
vn 0.4952 0.1293 -0.8591
vn 0.3047 0.1547 -0.9398
vn 0.3091 0.1673 -0.9362
vn 0.4956 0.1294 -0.8589
vn 0.5273 0.1144 -0.8419
vn 0.3043 0.1544 -0.9400
vn 0.2734 0.1575 -0.9489
vn 0.0338 0.1913 -0.9810
vn 0.3041 0.1547 -0.9400
vn 0.0336 0.1914 -0.9809
vn 0.1263 0.1831 -0.9749
vn 0.3041 0.1546 -0.9400
vn 0.3046 0.1546 -0.9398
vn 0.5273 0.1142 -0.8420
vn 0.2736 0.1575 -0.9489
vn 0.3040 0.1546 -0.9400
vn 0.1259 0.1832 -0.9750
vn 0.3084 0.1675 -0.9364
vn 0.2684 0.1571 -0.9504
vn 0.2740 0.1575 -0.9488
vn 0.4742 0.1253 -0.8715
vn 0.2678 0.1572 -0.9506
vn 0.0176 0.1854 -0.9825
vn 0.2735 0.1576 -0.9489
vn 0.2736 0.1578 -0.9488
vn 0.0171 0.1853 -0.9825
vn 0.0337 0.1913 -0.9810
vn 0.5275 0.1144 -0.8418
vn 0.4741 0.1254 -0.8715
vn 0.2738 0.1572 -0.9488
vn -0.2844 0.2076 -0.9360
vn -0.0778 0.1939 -0.9779
vn 0.0333 0.1914 -0.9810
vn 0.0333 0.1916 -0.9809
vn -0.2037 0.2092 -0.9564
vn -0.2846 0.2072 -0.9360
vn 0.1255 0.1837 -0.9749
vn 0.0333 0.1913 -0.9810
vn -0.0773 0.1937 -0.9780
vn 0.0331 0.1913 -0.9810
vn -0.2038 0.2089 -0.9565
vn -0.2040 0.2091 -0.9564
vn -0.4321 0.2133 -0.8763
vn -0.2850 0.2073 -0.9359
vn -0.4273 0.2062 -0.8803
vn -0.4322 0.2135 -0.8762
vn -0.2040 0.2087 -0.9565
vn -0.2408 0.2019 -0.9493
vn -0.2037 0.2090 -0.9565
vn -0.2412 0.2017 -0.9493
vn -0.4274 0.2062 -0.8802
vn -0.2041 0.2087 -0.9564
vn -0.6539 0.2044 -0.7285
vn -0.5987 0.2092 -0.7732
vn -0.4278 0.2062 -0.8801
vn -0.4277 0.2062 -0.8801
vn -0.5203 0.2105 -0.8276
vn -0.6538 0.2043 -0.7285
vn -0.5202 0.2103 -0.8277
vn -0.4271 0.2060 -0.8804
vn -0.2410 0.2024 -0.9492
vn -0.4275 0.2062 -0.8802
vn -0.5986 0.2092 -0.7732
vn -0.4324 0.2136 -0.8760
vn -0.6085 0.2034 -0.7670
vn -0.7341 0.2048 -0.6474
vn -0.5202 0.2108 -0.8276
vn -0.6082 0.2034 -0.7673
vn -0.5201 0.2104 -0.8278
vn -0.3672 0.2083 -0.9065
vn -0.5203 0.2106 -0.8276
vn -0.7343 0.2046 -0.6473
vn -0.7460 0.1921 -0.6377
vn -0.3673 0.2083 -0.9065
vn -0.5200 0.2104 -0.8278
vn -0.2410 0.2019 -0.9493
vn -0.7460 0.1922 -0.6376
vn -0.5202 0.2104 -0.8277
vn -0.7463 0.1919 -0.6374
vn -0.8925 0.1725 -0.4169
vn -0.8631 0.1740 -0.4740
vn -0.7346 0.2044 -0.6470
vn -0.8924 0.1724 -0.4170
vn -0.7462 0.1922 -0.6374
vn -0.7462 0.1920 -0.6374
vn -0.8632 0.1742 -0.4738
vn -0.6538 0.2045 -0.7285
vn -0.8925 0.1725 -0.4167
vn -0.9682 0.1348 -0.2109
vn -0.8633 0.1742 -0.4737
vn -0.7624 0.1937 -0.6174
vn -0.6539 0.2043 -0.7285
vn -0.8632 0.1741 -0.4740
vn -0.8989 0.1614 -0.4073
vn -0.7625 0.1934 -0.6174
vn -0.8631 0.1742 -0.4740
vn -0.8634 0.1738 -0.4736
vn -0.9681 0.1348 -0.2110
vn -0.9722 0.1302 -0.1946
vn -0.8991 0.1615 -0.4068
vn -0.8633 0.1740 -0.4738
vn -0.9721 0.1305 -0.1949
vn -0.8990 0.1616 -0.4070
vn -0.9721 0.1307 -0.1947
vn -0.9727 0.1325 -0.1906
vn -0.8987 0.1619 -0.4075
vn -0.7945 0.1800 -0.5800
vn -0.7624 0.1937 -0.6175
vn -0.7945 0.1802 -0.5799
vn -0.8988 0.1616 -0.4076
vn -0.9107 0.1486 -0.3853
vn -0.8991 0.1614 -0.4069
vn -0.9727 0.1323 -0.1908
vn -0.9109 0.1488 -0.3849
vn -0.9722 0.1302 -0.1944
vn -0.9926 0.0895 0.0818
vn -0.9727 0.1329 -0.1901
vn -0.9108 0.1487 -0.3852
vn -0.9727 0.1327 -0.1905
vn -0.9905 0.0991 -0.0955
vn -0.9926 0.0893 0.0820
vn -0.9905 0.0990 -0.0954
vn -0.9727 0.1330 -0.1901
vn -0.9532 0.0479 0.2984
vn -0.9926 0.0893 0.0821
vn -0.9949 0.0874 0.0513
vn -0.9347 0.0168 0.3550
vn -0.9926 0.0894 0.0821
vn -0.9533 0.0479 0.2981
vn -0.9949 0.0874 0.0511
vn -0.9926 0.0893 0.0818
vn -0.9722 0.1307 -0.1944
vn -0.9854 0.0462 0.1638
vn -0.9926 0.0893 0.0819
vn -0.9926 0.0896 0.0820
vn -0.9347 0.0169 0.3550
vn -0.9853 0.0461 0.1643
vn -0.9949 0.0873 0.0513
vn -0.9722 0.1304 -0.1943
vn -0.9682 0.1352 -0.2105
vn -0.9937 0.1019 -0.0477
vn -0.9937 0.1014 -0.0476
vn -0.9607 0.0507 0.2729
vn -0.9948 0.0873 0.0516
vn -0.9607 0.0507 0.2730
vn -0.9532 0.0480 0.2984
vn -0.9949 0.0872 0.0514
vn -0.9941 -0.0446 0.0992
vn -0.9607 0.0507 0.2728
vn -0.9937 0.1017 -0.0477
vn -0.9605 0.0509 0.2734
vn -0.9941 -0.0446 0.0990
vn -0.9174 -0.0693 0.3918
vn -0.8788 0.0043 0.4771
vn -0.9606 0.0507 0.2732
vn -0.9173 -0.0693 0.3921
vn -0.8788 0.0040 0.4771
vn -0.9531 0.0479 0.2987
vn -0.9606 0.0508 0.2734
vn -0.7601 -0.0358 0.6488
vn -0.8786 0.0036 0.4776
vn -0.9173 -0.0694 0.3920
vn -0.7600 -0.0359 0.6490
vn -0.7065 -0.0206 0.7075
vn -0.8786 0.0040 0.4776
vn -0.7066 -0.0205 0.7074
vn -0.8478 0.0131 0.5302
vn -0.8787 0.0040 0.4773
vn -0.8479 0.0129 0.5300
vn -0.9531 0.0480 0.2988
vn -0.7064 -0.0620 0.7051
vn -0.8478 0.0128 0.5302
vn -0.7064 -0.0205 0.7075
vn -0.8479 0.0124 0.5300
vn -0.9346 0.0167 0.3554
vn -0.9531 0.0480 0.2987
vn -0.8479 0.0127 0.5301
vn -0.7064 -0.0621 0.7051
vn -0.8311 -0.0474 0.5541
vn -0.8479 0.0127 0.5300
vn -0.8312 -0.0475 0.5539
vn -0.9347 0.0166 0.3551
vn -0.7203 -0.1150 0.6841
vn -0.8311 -0.0476 0.5540
vn -0.7062 -0.0618 0.7053
vn -0.8311 -0.0473 0.5541
vn -0.7203 -0.1148 0.6841
vn -0.8349 -0.0666 0.5463
vn -0.8351 -0.0669 0.5460
vn -0.9346 0.0165 0.3554
vn -0.8315 -0.0472 0.5535
vn -0.8352 -0.0669 0.5459
vn -0.8496 -0.0325 0.5264
vn -0.9510 0.0025 0.3092
vn -0.9511 0.0023 0.3090
vn -0.9345 0.0167 0.3555
vn -0.8349 -0.0671 0.5463
vn -0.5964 -0.0052 0.8027
vn -0.8494 -0.0325 0.5268
vn -0.7202 -0.1149 0.6842
vn -0.8349 -0.0665 0.5464
vn -0.7199 -0.1153 0.6844
vn -0.5008 -0.0804 0.8618
vn -0.5965 -0.0052 0.8026
vn -0.5966 -0.0050 0.8025
vn -0.5009 -0.0802 0.8618
vn -0.4783 0.0267 0.8778
vn -0.5136 0.0463 0.8568
vn -0.7010 0.0999 0.7061
vn -0.4783 0.0268 0.8778
vn -0.5136 0.0465 0.8568
vn -0.5965 -0.0048 0.8026
vn -0.7010 0.0998 0.7061
vn -0.8494 -0.0326 0.5268
vn -0.4782 0.0266 0.8779
vn -0.4000 -0.0662 0.9141
vn -0.5160 -0.1312 0.8465
vn -0.7779 -0.2199 0.5886
vn -0.4782 0.0264 0.8778
vn -0.7780 -0.2197 0.5887
vn -0.5135 0.0462 0.8568
vn -0.4002 -0.0664 0.9140
vn -0.4778 0.0265 0.8780
vn -0.5003 -0.0804 0.8621
vn -0.3999 -0.0663 0.9142
vn -0.5005 -0.0806 0.8620
vn -0.3648 -0.1597 0.9173
vn -0.5008 -0.0803 0.8618
vn -0.5876 -0.1688 0.7913
vn -0.5881 -0.1687 0.7910
vn -0.5009 -0.0807 0.8617
vn -0.7200 -0.1148 0.6844
vn -0.7200 -0.1150 0.6844
vn -0.7061 -0.0623 0.7054
vn -0.7060 -0.0621 0.7055
vn -0.5250 -0.0867 0.8466
vn -0.5881 -0.1688 0.7910
vn -0.7063 -0.0204 0.7076
vn -0.5252 -0.0865 0.8466
vn -0.5330 -0.0511 0.8446
vn -0.7062 -0.0205 0.7077
vn -0.7598 -0.0360 0.6492
vn -0.5871 -0.0783 0.8057
vn -0.5326 -0.0510 0.8448
vn -0.5327 -0.0512 0.8447
vn -0.7062 -0.0207 0.7077
vn -0.7597 -0.0359 0.6492
vn -0.5871 -0.0782 0.8057
vn -0.7052 -0.0896 0.7033
vn -0.7602 -0.0358 0.6487
vn -0.9173 -0.0693 0.3920
vn -0.7051 -0.0894 0.7034
vn -0.9172 -0.0695 0.3922
vn -0.9425 -0.2197 0.2520
vn -0.7051 -0.0893 0.7035
vn -0.9425 -0.2196 0.2518
vn -0.8712 -0.2234 0.4372
vn -0.9424 -0.2198 0.2520
vn -0.9174 -0.0692 0.3918
vn -0.9601 -0.1540 0.2332
vn -0.9163 -0.1490 0.3717
vn -0.9424 -0.2199 0.2519
vn -0.9602 -0.1539 0.2331
vn -0.8714 -0.2232 0.4370
vn -0.9425 -0.2201 0.2516
vn -0.9162 -0.1492 0.3719
vn -0.5709 0.1463 0.8079
vn -0.9162 -0.1489 0.3720
vn -0.7641 0.1146 0.6349
vn -0.8135 -0.1179 0.5694
vn -0.9164 -0.1489 0.3715
vn -0.5714 0.1462 0.8076
vn -0.9602 -0.1537 0.2331
vn -0.7641 0.1147 0.6348
vn -0.9162 -0.1490 0.3719
vn -0.8135 -0.1178 0.5695
vn -0.8714 -0.2231 0.4369
vn -0.9163 -0.1490 0.3716
vn -0.4036 0.1572 0.9013
vn -0.8136 -0.1178 0.5694
vn -0.5714 0.1461 0.8076
vn -0.4039 0.1572 0.9012
vn -0.5713 0.1466 0.8075
vn -0.1663 0.2854 0.9439
vn -0.6189 0.0462 0.7841
vn -0.4038 0.1575 0.9012
vn -0.1660 0.2857 0.9438
vn -0.8887 -0.0317 0.4573
vn -0.6188 0.0460 0.7842
vn -0.8604 0.0128 0.5095
vn -0.6188 0.0459 0.7842
vn -0.8888 -0.0314 0.4571
vn -0.8004 -0.0707 0.5953
vn -0.8888 -0.0316 0.4572
vn -0.8426 0.0094 0.5385
vn -0.8426 0.0173 0.5383
vn -0.8072 0.1062 0.5806
vn -0.6894 0.0218 0.7241
vn -0.8425 0.0171 0.5384
vn -0.8422 0.0172 0.5389
vn -0.9312 0.0195 0.3639
vn -0.8979 0.1404 0.4173
vn -0.8069 0.1062 0.5811
vn -0.8978 0.1409 0.4172
vn -0.8889 -0.0320 0.4569
vn -0.9312 0.0196 0.3641
vn -0.8423 0.0173 0.5388
vn -0.8889 -0.0316 0.4571
vn -0.9439 0.0109 0.3302
vn -0.9312 0.0194 0.3639
vn -0.9820 0.0901 0.1662
vn -0.9313 0.0195 0.3638
vn -0.9439 0.0107 0.3301
vn -0.9311 0.0193 0.3643
vn -0.9820 0.0903 0.1657
vn -0.8976 0.1408 0.4177
vn -0.9884 0.1492 0.0280
vn -0.9820 0.0906 0.1657
vn -0.9809 0.1535 -0.1198
vn -0.9885 0.1488 0.0283
vn -0.8978 0.1407 0.4173
vn -0.9820 0.0901 0.1660
vn -0.9821 0.0902 0.1654
vn -0.9840 0.1314 -0.1206
vn -0.9840 0.1311 -0.1206
vn -0.9820 0.0902 0.1658
vn -0.9856 0.0802 0.1491
vn -0.9438 0.0107 0.3303
vn -0.9855 0.0798 0.1496
vn -0.9820 0.0899 0.1661
vn -0.9856 0.0800 0.1492
vn -0.9895 0.1408 0.0331
vn -0.9839 0.1317 -0.1206
vn -0.9855 0.0802 0.1495
vn -0.9439 0.0104 0.3300
vn -0.7519 0.1738 0.6359
vn -0.8986 0.2041 0.3884
vn -0.9895 0.1405 0.0334
vn -0.9856 0.0800 0.1493
vn -0.8986 0.2045 0.3883
vn -0.9855 0.0799 0.1494
vn -0.7520 0.1737 0.6359
vn -0.7640 0.1146 0.6350
vn -0.8986 0.2044 0.3882
vn -0.7521 0.1735 0.6357
vn -0.8605 0.0128 0.5092
vn -0.7520 0.1737 0.6358
vn -0.9437 0.0108 0.3306
vn -0.7520 0.1739 0.6358
vn -0.1661 0.2851 0.9440
vn -0.5715 0.1463 0.8075
vn -0.5714 0.1465 0.8075
vn -0.7641 0.1147 0.6349
vn -0.7521 0.1736 0.6357
vn -0.8986 0.2041 0.3883
vn -0.9378 0.1266 0.3234
vn -0.9895 0.1404 0.0332
vn -0.8987 0.2042 0.3882
vn -0.7640 0.1149 0.6349
vn -0.9378 0.1265 0.3232
vn -0.9799 0.1531 -0.1282
vn -0.9895 0.1407 0.0333
vn -0.9378 0.1263 0.3235
vn -0.9377 0.1268 0.3234
vn -0.7639 0.1147 0.6350
vn -0.9601 -0.1537 0.2338
vn -0.9378 0.1265 0.3234
vn -0.9941 -0.0133 0.1078
vn -0.9600 -0.1539 0.2338
vn -0.9941 -0.0132 0.1077
vn -0.9941 -0.0133 0.1075
vn -0.9941 -0.0445 0.0986
vn -0.9816 0.1107 -0.1555
vn -0.9815 0.1109 -0.1559
vn -0.9799 0.1532 -0.1281
vn -0.9941 -0.0133 0.1076
vn -0.9941 -0.0130 0.1076
vn -0.9602 -0.1537 0.2334
vn -0.9941 -0.0446 0.0988
vn -0.9816 0.1107 -0.1558
vn -0.9937 0.1018 -0.0477
vn -0.8924 0.1726 -0.4170
vn -0.8908 0.1751 -0.4193
vn -0.9815 0.1110 -0.1560
vn -0.9941 -0.0443 0.0988
vn -0.9937 0.1018 -0.0474
vn -0.9812 0.1148 -0.1554
vn -0.8908 0.1751 -0.4194
vn -0.9799 0.1532 -0.1278
vn -0.9816 0.1104 -0.1558
vn -0.8134 0.1925 -0.5490
vn -0.8906 0.1752 -0.4197
vn -0.7345 0.2045 -0.6470
vn -0.8907 0.1754 -0.4195
vn -0.8136 0.1921 -0.5488
vn -0.9428 0.1591 -0.2928
vn -0.9428 0.1591 -0.2929
vn -0.8907 0.1753 -0.4194
vn -0.8905 0.1754 -0.4199
vn -0.8925 0.1724 -0.4169
vn -0.7346 0.2045 -0.6469
vn -0.9430 0.1591 -0.2924
vn -0.9839 0.1314 -0.1210
vn -0.9895 0.1409 0.0331
vn -0.8790 0.1805 -0.4413
vn -0.9839 0.1313 -0.1211
vn -0.9430 0.1592 -0.2924
vn -0.9799 0.1533 -0.1279
vn -0.9429 0.1593 -0.2926
vn -0.9895 0.1406 0.0329
vn -0.8135 0.1923 -0.5489
vn -0.8791 0.1808 -0.4411
vn -0.8789 0.1808 -0.4415
vn -0.7823 0.1977 -0.5907
vn -0.9148 0.1816 -0.3607
vn -0.7820 0.1982 -0.5910
vn -0.8789 0.1809 -0.4415
vn -0.6737 0.2092 -0.7088
vn -0.9151 0.1815 -0.3601
vn -0.9840 0.1310 -0.1208
vn -0.8789 0.1808 -0.4414
vn -0.6736 0.2091 -0.7089
vn -0.8790 0.1807 -0.4413
vn -0.7062 0.1928 -0.6812
vn -0.8789 0.1807 -0.4415
vn -0.8133 0.1924 -0.5492
vn -0.7063 0.1925 -0.6812
vn -0.7063 0.1923 -0.6813
vn -0.6083 0.2034 -0.7672
vn -0.5125 0.2032 -0.8343
vn -0.7058 0.1925 -0.6818
vn -0.6082 0.2035 -0.7672
vn -0.6735 0.2091 -0.7090
vn -0.7060 0.1923 -0.6816
vn -0.5126 0.2035 -0.8342
vn -0.5125 0.2036 -0.8342
vn -0.4616 0.1957 -0.8652
vn -0.6735 0.2090 -0.7090
vn -0.4613 0.1957 -0.8654
vn -0.5122 0.2038 -0.8344
vn -0.2574 0.1912 -0.9472
vn -0.2572 0.1914 -0.9472
vn -0.5121 0.2035 -0.8344
vn -0.4006 0.2023 -0.8937
vn -0.5122 0.2039 -0.8343
vn -0.6083 0.2035 -0.7672
vn -0.4009 0.2021 -0.8936
vn -0.1927 0.1914 -0.9624
vn -0.4005 0.2020 -0.8937
vn -0.3670 0.2078 -0.9067
vn -0.4009 0.2023 -0.8935
vn -0.4005 0.2024 -0.8937
vn -0.1926 0.1915 -0.9624
vn -0.2573 0.1913 -0.9472
vn -0.3034 0.1902 -0.9337
vn -0.5926 0.2047 -0.7791
vn -0.4612 0.1955 -0.8655
vn -0.4615 0.1958 -0.8652
vn -0.5924 0.2046 -0.7792
vn -0.6732 0.2091 -0.7093
vn -0.3035 0.1905 -0.9336
vn -0.4609 0.1956 -0.8656
vn -0.5925 0.2048 -0.7791
vn -0.7820 0.1980 -0.5910
vn -0.6738 0.2091 -0.7087
vn -0.9808 0.1534 -0.1201
vn -0.9151 0.1819 -0.3599
vn -0.9293 0.1746 -0.3254
vn -0.9149 0.1815 -0.3606
vn -0.7947 0.1987 -0.5736
vn -0.9150 0.1813 -0.3605
vn -0.7822 0.1980 -0.5907
vn -0.7947 0.1984 -0.5737
vn -0.9151 0.1817 -0.3599
vn -0.9808 0.1535 -0.1202
vn -0.9839 0.1314 -0.1209
vn -0.7944 0.1987 -0.5740
vn -0.7818 0.1980 -0.5912
vn -0.5926 0.2048 -0.7790
vn -0.7343 0.2046 -0.6472
vn -0.6085 0.2037 -0.7670
vn -0.8135 0.1923 -0.5488
vn -0.9884 0.1491 0.0282
vn -0.9808 0.1535 -0.1201
vn -0.9292 0.1748 -0.3258
vn -0.9599 0.1144 0.2560
vn -0.8979 0.1404 0.4172
vn -0.9884 0.1491 0.0283
vn -0.9884 0.1491 0.0284
vn -0.9861 0.1494 -0.0724
vn -0.9599 0.1145 0.2558
vn -0.9861 0.1494 -0.0728
vn -0.9884 0.1493 0.0281
vn -0.9292 0.1747 -0.3257
vn -0.9873 0.1454 0.0641
vn -0.9599 0.1144 0.2559
vn -0.9861 0.1494 -0.0725
vn -0.9874 0.1451 0.0640
vn -0.9861 0.1494 -0.0729
vn -0.9438 0.1792 -0.2776
vn -0.9860 0.1497 -0.0731
vn -0.9292 0.1746 -0.3257
vn -0.9438 0.1794 -0.2776
vn -0.9878 0.1145 -0.1053
vn -0.9899 0.0745 0.1209
vn -0.9438 0.1792 -0.2777
vn -0.9878 0.1148 -0.1052
vn -0.9873 0.1452 0.0640
vn -0.9288 0.1036 0.3557
vn -0.9599 0.1147 0.2557
vn -0.9873 0.1454 0.0644
vn -0.9899 0.0744 0.1210
vn -0.9289 0.1039 0.3554
vn -0.9873 0.1453 0.0640
vn -0.9899 0.0745 0.1207
vn -0.9878 0.1148 -0.1050
vn -0.9913 0.1197 0.0551
vn -0.9898 0.0748 0.1211
vn -0.9726 0.0400 0.2288
vn -0.9289 0.1038 0.3555
vn -0.9727 0.0401 0.2286
vn -0.9899 0.0746 0.1206
vn -0.9912 0.1199 0.0552
vn -0.9912 0.1202 0.0551
vn -0.9400 0.2792 0.1963
vn -0.9526 0.0963 0.2886
vn -0.9491 0.2419 -0.2017
vn -0.9399 0.2794 0.1963
vn -0.9913 0.1199 0.0548
vn -0.9913 0.1198 0.0552
vn -0.9878 0.1148 -0.1055
vn -0.9370 0.1654 -0.3077
vn -0.9369 0.1653 -0.3081
vn -0.9491 0.2418 -0.2019
vn -0.9526 0.0965 0.2884
vn -0.9727 0.0404 0.2284
vn -0.8499 0.2143 -0.4814
vn -0.8908 0.2140 -0.4009
vn -0.9492 0.2414 -0.2019
vn -0.8886 0.2269 -0.3986
vn -0.9685 0.2001 -0.1485
vn -0.9490 0.2419 -0.2021
vn -0.9493 0.2415 -0.2014
vn -0.9685 0.2000 -0.1483
vn -0.9398 0.2795 0.1964
vn -0.8499 0.2141 -0.4815
vn -0.9492 0.2416 -0.2017
vn -0.6788 0.2002 -0.7065
vn -0.7577 0.2048 -0.6197
vn -0.8496 0.2144 -0.4818
vn -0.8497 0.2145 -0.4817
vn -0.7578 0.2050 -0.6194
vn -0.8907 0.2137 -0.4013
vn -0.6788 0.2004 -0.7065
vn -0.8496 0.2144 -0.4819
vn -0.7659 0.2021 -0.6104
vn -0.8497 0.2144 -0.4817
vn -0.9370 0.1653 -0.3079
vn -0.7658 0.2020 -0.6105
vn -0.5645 0.1904 -0.8032
vn -0.6787 0.2006 -0.7065
vn -0.5155 0.1929 -0.8349
vn -0.6782 0.2007 -0.7069
vn -0.5388 0.1921 -0.8202
vn -0.5157 0.1928 -0.8348
vn -0.5646 0.1905 -0.8031
vn -0.6783 0.2005 -0.7069
vn -0.6786 0.1999 -0.7068
vn -0.7657 0.2023 -0.6106
vn -0.3551 0.1692 -0.9194
vn -0.5644 0.1902 -0.8033
vn -0.5154 0.1931 -0.8349
vn -0.3236 0.1631 -0.9320
vn -0.6118 0.1997 -0.7654
vn -0.5645 0.1903 -0.8032
vn -0.3235 0.1632 -0.9320
vn -0.3550 0.1689 -0.9195
vn -0.6120 0.1996 -0.7653
vn -0.7577 0.2049 -0.6197
vn -0.5646 0.1903 -0.8031
vn -0.1350 0.1415 -0.9807
vn -0.3231 0.1631 -0.9322
vn -0.3547 0.1689 -0.9196
vn -0.1349 0.1418 -0.9807
vn -0.3547 0.1691 -0.9196
vn -0.3179 0.1720 -0.9324
vn -0.3551 0.1691 -0.9194
vn -0.5152 0.1929 -0.8351
vn -0.3187 0.1722 -0.9321
vn -0.0450 0.1338 -0.9900
vn -0.3181 0.1719 -0.9323
vn -0.2743 0.1733 -0.9459
vn -0.0448 0.1342 -0.9899
vn -0.1351 0.1416 -0.9807
vn -0.3180 0.1720 -0.9323
vn -0.3186 0.1723 -0.9321
vn -0.5383 0.1923 -0.8205
vn -0.2745 0.1735 -0.9458
vn -0.3186 0.1721 -0.9321
vn -0.5152 0.1928 -0.8351
vn -0.5382 0.1921 -0.8206
vn -0.6117 0.1995 -0.7655
vn -0.4149 0.1765 -0.8926
vn -0.6645 0.2102 -0.7171
vn -0.4151 0.1766 -0.8925
vn -0.6118 0.1996 -0.7654
vn -0.3235 0.1630 -0.9321
vn -0.6648 0.2102 -0.7168
vn -0.8400 0.2099 -0.5003
vn -0.6119 0.1994 -0.7654
vn -0.8401 0.2099 -0.5002
vn -0.7577 0.2049 -0.6196
vn -0.7899 0.2191 -0.5728
vn -0.9514 0.2217 -0.2138
vn -0.8401 0.2098 -0.5002
vn -0.7897 0.2192 -0.5730
vn -0.8400 0.2101 -0.5002
vn -0.6647 0.2101 -0.7169
vn -0.8906 0.2140 -0.4013
vn -0.7579 0.2047 -0.6194
vn -0.8401 0.2101 -0.5000
vn -0.9514 0.2217 -0.2136
vn -0.9673 0.1929 -0.1647
vn -0.9673 0.1927 -0.1647
vn -0.8908 0.2139 -0.4010
vn -0.8401 0.2103 -0.5000
vn -0.7899 0.2193 -0.5727
vn -0.8862 0.2298 -0.4023
vn -0.9514 0.2216 -0.2136
vn -0.9670 0.2143 -0.1377
vn -0.9709 0.2111 0.1132
vn -0.9515 0.2214 -0.2136
vn -0.9709 0.2112 0.1132
vn -0.9761 0.1558 0.1514
vn -0.9514 0.2216 -0.2137
vn -0.9514 0.2216 -0.2138
vn -0.9761 0.1558 0.1515
vn -0.9673 0.1929 -0.1648
vn -0.9514 0.2217 -0.2140
vn -0.8864 0.2297 -0.4020
vn -0.9669 0.2144 -0.1382
vn -0.8237 0.1386 0.5498
vn -0.9665 0.1785 0.1845
vn -0.9761 0.1556 0.1518
vn -0.9674 0.1923 -0.1648
vn -0.9761 0.1558 0.1516
vn -0.9665 0.1786 0.1844
vn -0.8919 0.1586 0.4236
vn -0.9761 0.1557 0.1516
vn -0.9709 0.2112 0.1133
vn -0.9760 0.1558 0.1519
vn -0.8919 0.1585 0.4236
vn -0.8238 0.1384 0.5498
vn -0.8238 0.1386 0.5497
vn -0.7782 0.1920 0.5979
vn -0.9665 0.1788 0.1840
vn -0.7780 0.1918 0.5982
vn -0.9398 0.2795 0.1965
vn -0.9665 0.1790 0.1841
vn -0.7781 0.1922 0.5980
vn -0.9399 0.2795 0.1961
vn -0.9709 0.2111 0.1134
vn -0.9278 0.1953 0.3179
vn -0.9279 0.1954 0.3176
vn -0.9708 0.2111 0.1137
vn -0.9768 0.2129 0.0214
vn -0.9768 0.2130 0.0213
vn -0.9512 0.1860 0.2463
vn -0.9279 0.1953 0.3176
vn -0.9511 0.1860 0.2464
vn -0.9768 0.2131 0.0216
vn -0.9846 0.1518 -0.0863
vn -0.9511 0.1859 0.2465
vn -0.9846 0.1521 -0.0861
vn -0.9824 0.1272 0.1368
vn -0.9846 0.1519 -0.0863
vn -0.9806 0.1916 -0.0419
vn -0.9823 0.1274 0.1371
vn -0.9119 0.1971 -0.3601
vn -0.9806 0.1917 -0.0418
vn -0.9846 0.1520 -0.0866
vn -0.9117 0.1970 -0.3606
vn -0.9399 0.2696 -0.2095
vn -0.9629 0.2050 0.1757
vn -0.9806 0.1916 -0.0415
vn -0.9326 0.2701 -0.2394
vn -0.9327 0.2699 -0.2391
vn -0.9806 0.1917 -0.0419
vn -0.9399 0.2695 -0.2095
vn -0.9118 0.1969 -0.3605
vn -0.8075 0.2193 -0.5476
vn -0.8076 0.2187 -0.5476
vn -0.9327 0.2702 -0.2389
vn -0.9399 0.2697 -0.2095
vn -0.8075 0.2191 -0.5477
vn -0.8556 0.2261 -0.4656
vn -0.9327 0.2702 -0.2390
vn -0.8555 0.2261 -0.4659
vn -0.8073 0.2191 -0.5480
vn -0.6725 0.2023 -0.7119
vn -0.8076 0.2191 -0.5476
vn -0.9118 0.1969 -0.3603
vn -0.7277 0.2117 -0.6524
vn -0.6345 0.1965 -0.7475
vn -0.7277 0.2118 -0.6524
vn -0.6724 0.2023 -0.7120
vn -0.8073 0.2191 -0.5479
vn -0.6346 0.1967 -0.7474
vn -0.7894 0.2151 -0.5750
vn -0.4785 0.1695 -0.8616
vn -0.6141 0.1918 -0.7655
vn -0.6722 0.2022 -0.7122
vn -0.4580 0.1712 -0.8723
vn -0.6721 0.2023 -0.7123
vn -0.6342 0.1965 -0.7477
vn -0.4783 0.1694 -0.8617
vn -0.6722 0.2023 -0.7122
vn -0.4580 0.1716 -0.8722
vn -0.7893 0.2148 -0.5753
vn -0.8555 0.2263 -0.4657
vn -0.6725 0.2024 -0.7119
vn -0.6145 0.1917 -0.7653
vn -0.8383 0.2314 -0.4936
vn -0.7894 0.2149 -0.5751
vn -0.8386 0.2314 -0.4931
vn -0.9181 0.2324 -0.3212
vn -0.7895 0.2145 -0.5750
vn -0.7895 0.2151 -0.5749
vn -0.9181 0.2323 -0.3212
vn -0.8557 0.2259 -0.4656
vn -0.8556 0.2264 -0.4655
vn -0.9650 0.2334 -0.1194
vn -0.8556 0.2261 -0.4657
vn -0.9652 0.2328 -0.1196
vn -0.9327 0.2701 -0.2392
vn -0.9630 0.2046 0.1756
vn -0.9326 0.2703 -0.2393
vn -0.9652 0.2328 -0.1194
vn -0.3228 0.1392 -0.9362
vn -0.6143 0.1919 -0.7654
vn -0.4781 0.1695 -0.8618
vn -0.2981 0.1419 -0.9439
vn -0.3230 0.1390 -0.9361
vn -0.4781 0.1692 -0.8618
vn -0.2982 0.1417 -0.9439
vn -0.4780 0.1694 -0.8619
vn -0.4577 0.1716 -0.8724
vn -0.1104 0.0965 -0.9892
vn -0.2976 0.1414 -0.9441
vn -0.1899 0.1174 -0.9748
vn -0.1101 0.0971 -0.9892
vn -0.3226 0.1387 -0.9363
vn -0.2977 0.1415 -0.9441
vn -0.1901 0.1172 -0.9747
vn -0.2982 0.1418 -0.9439
vn -0.4578 0.1716 -0.8723
vn -0.0089 0.0744 -0.9972
vn -0.3228 0.1388 -0.9362
vn -0.1101 0.0969 -0.9892
vn 0.0911 0.0569 -0.9942
vn -0.0090 0.0747 -0.9972
vn -0.1096 0.0968 -0.9893
vn 0.0912 0.0573 -0.9942
vn -0.1098 0.0967 -0.9892
vn -0.4264 0.1609 -0.8901
vn -0.1900 0.1173 -0.9748
vn -0.4583 0.1717 -0.8721
vn -0.6342 0.1965 -0.7478
vn -0.4270 0.1612 -0.8897
vn -0.4269 0.1611 -0.8898
vn -0.6342 0.1964 -0.7478
vn -0.5312 0.1844 -0.8269
vn -0.5313 0.1844 -0.8269
vn -0.6344 0.1964 -0.7476
vn -0.7275 0.2118 -0.6526
vn -0.5980 0.1967 -0.7770
vn -0.7276 0.2119 -0.6524
vn -0.8061 0.2166 -0.5508
vn -0.5313 0.1843 -0.8269
vn -0.7275 0.2119 -0.6526
vn -0.5980 0.1963 -0.7771
vn -0.7278 0.2116 -0.6523
vn -0.9118 0.1968 -0.3603
vn -0.8061 0.2165 -0.5508
vn -0.5990 0.1898 -0.7779
vn -0.9118 0.1969 -0.3604
vn -0.9288 0.2243 -0.2951
vn -0.8062 0.2164 -0.5507
vn -0.8062 0.2163 -0.5507
vn -0.9288 0.2244 -0.2950
vn -0.8862 0.2298 -0.4022
vn -0.8062 0.2166 -0.5506
vn -0.8862 0.2299 -0.4023
vn -0.7899 0.2192 -0.5727
vn -0.9846 0.1519 -0.0864
vn -0.9288 0.2245 -0.2948
vn -0.9119 0.1970 -0.3600
vn -0.9768 0.2130 0.0211
vn -0.9288 0.2244 -0.2949
vn -0.8864 0.2294 -0.4020
vn -0.9288 0.2244 -0.2951
vn -0.9670 0.2142 -0.1380
vn -0.9708 0.2112 0.1135
vn -0.9670 0.2143 -0.1376
vn -0.9665 0.1786 0.1843
vn -0.9686 0.2000 -0.1480
vn -0.9674 0.1924 -0.1645
vn -0.9685 0.2000 -0.1481
vn -0.9665 0.1785 0.1844
vn -0.9398 0.2794 0.1966
vn -0.9674 0.1926 -0.1647
vn -0.9685 0.2000 -0.1485
vn -0.8909 0.2136 -0.4009
vn -0.7897 0.2191 -0.5730
vn -0.5869 0.1947 -0.7859
vn -0.5870 0.1942 -0.7859
vn -0.6648 0.2103 -0.7168
vn -0.4149 0.1767 -0.8925
vn -0.5867 0.1943 -0.7862
vn -0.6645 0.2103 -0.7171
vn -0.9727 0.0399 0.2285
vn -0.8342 0.0788 0.5458
vn -0.9287 0.1037 0.3561
vn -0.7629 0.0884 0.6405
vn -0.9288 0.1036 0.3559
vn -0.9287 0.1037 0.3560
vn -0.7628 0.0883 0.6406
vn -0.8071 0.1063 0.5808
vn -0.7629 0.0883 0.6404
vn -0.8072 0.1064 0.5806
vn -0.8070 0.1063 0.5808
vn -0.9598 0.1144 0.2562
vn -0.9287 0.1037 0.3559
vn -0.9878 0.1149 -0.1055
vn -0.9439 0.1792 -0.2774
vn -0.9371 0.1652 -0.3074
vn -0.8070 0.1063 0.5809
vn -0.8606 0.0129 0.5092
vn -0.8889 -0.0317 0.4571
vn -0.9174 -0.0694 0.3918
vn -0.7780 -0.2199 0.5885
vn -0.8798 -0.2674 0.3929
vn -0.5135 0.0465 0.8568
vn -0.8798 -0.2672 0.3932
vn -0.7078 0.0525 0.7045
vn -0.5133 0.0463 0.8570
vn -0.7077 0.0526 0.7045
vn -0.8797 -0.2673 0.3932
vn -0.9330 -0.2478 0.2610
vn -0.7076 0.0525 0.7047
vn -0.9330 -0.2477 0.2612
vn -0.8781 0.0199 0.4781
vn -0.8782 0.0199 0.4778
vn -0.9329 -0.2477 0.2614
vn -0.9912 -0.1209 0.0538
vn -0.9901 0.1141 0.0823
vn -0.9912 -0.1211 0.0542
vn -0.9854 0.0330 -0.1671
vn -0.8780 0.0194 0.4782
vn -0.9912 -0.1209 0.0542
vn -0.9900 0.1145 0.0822
vn -0.9173 0.1373 -0.3737
vn -0.9774 0.1272 -0.1689
vn -0.9901 0.1144 0.0819
vn -0.9172 0.1377 -0.3738
vn -0.9773 0.1273 -0.1694
vn -0.9962 0.0680 0.0544
vn -0.9900 0.1142 0.0824
vn -0.9900 0.1144 0.0820
vn -0.8928 0.1157 0.4354
vn -0.8782 0.0194 0.4780
vn -0.9962 0.0682 0.0544
vn -0.9900 0.1143 0.0826
vn -0.9767 0.1018 -0.1892
vn -0.9964 0.0520 0.0673
vn -0.9962 0.0680 0.0540
vn -0.9963 0.0522 0.0677
vn -0.9598 0.0143 0.2802
vn -0.9599 0.0140 0.2802
vn -0.8927 0.1160 0.4355
vn -0.9962 0.0680 0.0546
vn -0.9766 0.1019 -0.1892
vn -0.9962 0.0678 0.0540
vn -0.9774 0.1273 -0.1690
vn -0.9109 0.1487 -0.3849
vn -0.9765 0.1020 -0.1897
vn -0.8845 0.1560 -0.4397
vn -0.9765 0.1019 -0.1897
vn -0.9108 0.1487 -0.3851
vn -0.9905 0.0990 -0.0953
vn -0.9905 0.0991 -0.0951
vn -0.9964 0.0520 0.0671
vn -0.8845 0.1562 -0.4396
vn -0.9766 0.1019 -0.1896
vn -0.9773 0.1274 -0.1694
vn -0.9511 0.0024 0.3087
vn -0.9599 0.0141 0.2800
vn -0.9964 0.0520 0.0675
vn -0.9597 0.0140 0.2805
vn -0.9511 0.0022 0.3090
vn -0.8494 -0.0326 0.5267
vn -0.7008 0.0999 0.7063
vn -0.9597 0.0141 0.2807
vn -0.8495 -0.0325 0.5267
vn -0.8928 0.1158 0.4353
vn -0.9597 0.0140 0.2806
vn -0.9512 0.0024 0.3086
vn -0.9853 0.0461 0.1642
vn -0.9854 0.0461 0.1638
vn -0.9964 0.0522 0.0673
vn -0.9905 0.0992 -0.0951
vn -0.8928 0.1159 0.4352
vn -0.7010 0.1000 0.7062
vn -0.7077 0.0524 0.7046
vn -0.7076 0.0524 0.7047
vn -0.8781 0.0198 0.4780
vn -0.8930 0.1155 0.4351
vn -0.8844 0.1559 -0.4399
vn -0.9773 0.1275 -0.1693
vn -0.9174 0.1376 -0.3734
vn -0.5135 0.0464 0.8568
vn -0.7079 0.0527 0.7043
vn -0.7012 0.0998 0.7059
vn -0.9346 0.0167 0.3552
vn -0.9512 0.0024 0.3085
vn -0.9853 0.0464 0.1642
vn -0.9683 0.1349 -0.2103
vn -0.8923 0.1726 -0.4172
vn -0.9936 0.1019 -0.0479
vn -0.5791 0.2059 -0.7888
vn -0.5993 0.2093 -0.7727
vn -0.7622 0.1939 -0.6177
vn -0.5993 0.2091 -0.7727
vn -0.6541 0.2043 -0.7283
vn -0.7621 0.1938 -0.6178
vn -0.7944 0.1800 -0.5802
vn -0.5791 0.2063 -0.7887
vn -0.7620 0.1938 -0.6179
vn -0.5988 0.2092 -0.7731
vn -0.5789 0.2059 -0.7890
vn -0.4323 0.2137 -0.8761
vn -0.4324 0.2134 -0.8761
vn -0.5790 0.2060 -0.7889
vn -0.2847 0.2072 -0.9360
vn -0.0781 0.1935 -0.9780
vn -0.2254 0.2117 -0.9510
vn -0.0314 0.2052 -0.9782
vn -0.2256 0.2117 -0.9509
vn -0.0779 0.1941 -0.9779
vn -0.2845 0.2072 -0.9360
vn 0.1255 0.1834 -0.9750
vn -0.0775 0.1932 -0.9781
vn 0.2131 0.1923 -0.9579
vn 0.4591 0.1586 -0.8741
vn -0.2161 0.2119 -0.9531
vn -0.3766 0.2166 -0.9007
vn -0.2159 0.2120 -0.9531
vn -0.1738 0.2035 -0.9635
vn 0.0238 0.2175 -0.9758
vn -0.2156 0.2120 -0.9532
vn -0.1736 0.2034 -0.9636
vn 0.4571 -0.2225 0.8611
vn 0.5358 -0.2201 0.8151
vn 0.2590 -0.2322 0.9375
vn 0.5357 -0.2204 0.8151
vn 0.3546 -0.2394 0.9039
vn 0.2590 -0.2321 0.9376
vn 0.3544 -0.2395 0.9039
vn 0.0707 -0.2370 0.9689
vn 0.2586 -0.2323 0.9376
vn 0.0085 -0.2302 0.9731
vn 0.2586 -0.2323 0.9377
vn 0.0709 -0.2366 0.9690
vn 0.4572 -0.2225 0.8611
vn 0.2592 -0.2324 0.9375
vn 0.2488 -0.2321 0.9403
vn 0.2485 -0.2319 0.9405
vn 0.2588 -0.2322 0.9376
vn 0.4571 -0.2227 0.8611
vn 0.2490 -0.2316 0.9404
vn 0.4170 -0.2278 0.8799
vn 0.1283 -0.2285 0.9650
vn 0.4168 -0.2282 0.8799
vn 0.2489 -0.2318 0.9404
vn 0.1283 -0.2286 0.9650
vn 0.2485 -0.2317 0.9405
vn 0.0086 -0.2302 0.9731
vn 0.5642 -0.2064 0.7994
vn 0.7454 -0.1962 0.6371
vn 0.7550 -0.1890 0.6278
vn 0.7454 -0.1963 0.6370
vn 0.5640 -0.2067 0.7995
vn 0.7553 -0.1891 0.6275
vn 0.9048 -0.1580 0.3955
vn 0.7456 -0.1962 0.6368
vn 0.5640 -0.2068 0.7995
vn 0.6668 -0.2084 0.7155
vn 0.7550 -0.1891 0.6278
vn 0.9047 -0.1579 0.3956
vn 0.7554 -0.1889 0.6274
vn 0.8313 -0.1827 0.5250
vn 0.7551 -0.1892 0.6277
vn 0.6668 -0.2082 0.7155
vn 0.0633 -0.2040 0.9769
vn -0.1939 -0.1757 0.9652
vn -0.1316 -0.1764 0.9755
vn 0.3232 -0.2114 0.9224
vn 0.2194 -0.2078 0.9532
vn 0.0692 -0.1831 0.9807
vn 0.3238 -0.2114 0.9222
vn 0.5578 -0.2064 0.8039
vn -0.0751 -0.1586 0.9845
vn 0.1721 -0.1819 0.9681
vn 0.1715 -0.1889 0.9669
vn 0.1726 -0.1817 0.9681
vn 0.3985 -0.1936 0.8965
vn -0.4958 -0.0265 0.8681
vn -0.2885 -0.1369 0.9476
vn -0.6854 -0.1916 0.7025
vn -0.2525 -0.1139 0.9609
vn -0.2887 -0.1367 0.9476
vn -0.4958 -0.0268 0.8680
vn -0.8663 -0.0518 0.4968
vn -0.9527 0.0965 0.2881
vn -0.7780 0.1916 0.5983
vn -0.7780 0.1918 0.5983
vn -0.6498 0.1657 0.7418
vn -0.8664 -0.0520 0.4967
vn -0.8238 0.1389 0.5495
vn -0.6496 0.1655 0.7420
vn -0.7782 0.1919 0.5980
vn -0.6294 -0.0424 0.7759
vn -0.4032 -0.0334 0.9145
vn -0.4941 0.0661 0.8669
vn -0.3303 -0.0056 0.9439
vn -0.4032 -0.0336 0.9145
vn -0.8239 0.1386 0.5495
vn -0.8917 0.1590 0.4237
vn -0.8184 0.0820 0.5688
vn -0.8917 0.1585 0.4240
vn -0.9278 0.1956 0.3177
vn -0.8074 0.1778 0.5626
vn -0.8071 0.1776 0.5630
vn -0.8183 0.0823 0.5689
vn -0.8918 0.1585 0.4237
vn -0.8720 0.1759 0.4569
vn -0.6716 0.1692 0.7213
vn -0.8073 0.1778 0.5627
vn -0.9510 0.1862 0.2468
vn -0.8722 0.1758 0.4564
vn -0.9278 0.1954 0.3178
vn -0.9511 0.1860 0.2465
vn -0.8073 0.1780 0.5626
vn -0.6714 0.1692 0.7215
vn -0.6955 0.1183 0.7087
vn -0.8073 0.1777 0.5628
vn -0.8073 0.1774 0.5629
vn -0.6956 0.1181 0.7087
vn -0.8184 0.0819 0.5688
vn -0.5633 0.1471 0.8130
vn -0.5652 0.0781 0.8212
vn -0.6715 0.1693 0.7214
vn -0.5637 0.1470 0.8128
vn -0.6713 0.1692 0.7217
vn -0.7629 0.1534 0.6281
vn -0.6715 0.1688 0.7215
vn -0.5651 0.0783 0.8213
vn -0.6713 0.1694 0.7215
vn -0.8719 0.1759 0.4570
vn -0.7634 0.1517 0.6279
vn -0.7633 0.1518 0.6279
vn -0.8719 0.1756 0.4570
vn -0.9428 0.1187 0.3115
vn -0.9428 0.1187 0.3116
vn -0.7243 0.1250 0.6781
vn -0.7635 0.1519 0.6277
vn -0.7240 0.1248 0.6784
vn -0.5638 0.1470 0.8127
vn -0.7633 0.1521 0.6279
vn -0.7243 0.1249 0.6781
vn -0.9427 0.1190 0.3117
vn -0.9171 -0.0178 0.3983
vn -0.7194 0.0167 0.6944
vn -0.5559 0.1005 0.8252
vn -0.7242 0.1249 0.6782
vn -0.9173 -0.0175 0.3979
vn -0.7195 0.0169 0.6943
vn -0.7243 0.1247 0.6781
vn -0.5558 0.1007 0.8252
vn -0.5637 0.1469 0.8128
vn -0.7242 0.1248 0.6782
vn -0.9442 0.0314 0.3280
vn -0.9173 -0.0175 0.3977
vn -0.9428 0.1190 0.3115
vn -0.9173 -0.0174 0.3978
vn -0.9441 0.0315 0.3280
vn -0.8824 0.0432 0.4686
vn -0.7194 0.0168 0.6944
vn -0.9172 -0.0178 0.3981
vn -0.8825 0.0433 0.4682
vn -0.6523 0.1241 0.7478
vn -0.7194 0.0169 0.6944
vn -0.8825 0.0434 0.4684
vn -0.8824 0.0434 0.4685
vn -0.9440 0.0312 0.3285
vn -0.8937 0.2398 0.3792
vn -0.8937 0.2401 0.3790
vn -0.9630 0.2043 0.1756
vn -0.9629 0.2046 0.1757
vn -0.8937 0.2400 0.3791
vn -0.9629 0.2045 0.1761
vn -0.9440 0.0316 0.3283
vn -0.9629 0.2047 0.1757
vn -0.9428 0.1188 0.3116
vn -0.9806 0.1916 -0.0416
vn -0.9823 0.1274 0.1370
vn -0.9806 0.1914 -0.0415
vn -0.9427 0.1189 0.3118
vn -0.9427 0.1188 0.3116
vn -0.8721 0.1756 0.4567
vn -0.9823 0.1276 0.1373
vn -0.9823 0.1275 0.1370
vn -0.8721 0.1757 0.4568
vn -0.9511 0.1859 0.2468
vn -0.4734 0.0077 0.8808
vn -0.7193 0.0170 0.6945
vn -0.4516 0.0581 0.8903
vn -0.4734 0.0073 0.8808
vn -0.6525 0.1245 0.7475
vn -0.2240 -0.0136 0.9745
vn -0.1748 -0.0079 0.9846
vn -0.4733 0.0076 0.8809
vn -0.2237 -0.0134 0.9746
vn -0.4732 0.0073 0.8809
vn -0.4514 0.0581 0.8904
vn -0.4734 0.0074 0.8808
vn -0.1746 -0.0079 0.9846
vn -0.4027 0.0429 0.9143
vn -0.7196 0.0170 0.6942
vn -0.4736 0.0074 0.8807
vn -0.4030 0.0431 0.9142
vn -0.4030 0.0428 0.9142
vn -0.5555 0.1006 0.8254
vn -0.7196 0.0168 0.6942
vn -0.4031 0.0432 0.9141
vn -0.3902 0.0777 0.9175
vn -0.5557 0.1002 0.8253
vn -0.1746 -0.0083 0.9846
vn -0.2252 -0.0095 0.9743
vn -0.4023 0.0432 0.9145
vn -0.2254 -0.0095 0.9742
vn -0.3898 0.0777 0.9176
vn -0.4025 0.0430 0.9144
vn -0.1149 -0.0248 0.9931
vn -0.2238 -0.0135 0.9745
vn -0.4516 0.0579 0.8903
vn -0.5636 0.1468 0.8129
vn -0.3902 0.0778 0.9174
vn -0.3902 0.0776 0.9175
vn -0.5655 0.0785 0.8210
vn -0.5636 0.1472 0.8128
vn 0.8302 -0.2218 0.5115
vn 0.7898 -0.2190 0.5730
vn 0.6368 -0.1912 0.7470
vn 0.5433 -0.1820 0.8196
vn 0.6367 -0.1917 0.7469
vn 0.9762 -0.2060 -0.0681
vn 0.9764 -0.2099 0.0504
vn 0.8609 -0.2140 0.4616
vn 0.6755 -0.2049 0.7083
vn 0.6816 -0.2008 0.7036
vn 0.4473 -0.1738 0.8773
vn 0.6814 -0.2009 0.7038
vn 0.9765 -0.2095 0.0508
vn 0.9743 -0.2058 0.0918
vn 0.9344 -0.2169 0.2826
vn 0.7197 -0.0941 -0.6879
vn 0.6662 -0.0637 -0.7430
vn 0.8026 -0.1142 -0.5855
vn 0.8282 -0.1358 -0.5437
vn 0.7199 -0.0941 -0.6877
vn 0.8024 -0.1142 -0.5858
vn 0.5832 -0.0433 -0.8112
vn 0.6660 -0.0638 -0.7432
vn 0.6659 -0.0639 -0.7433
vn 0.5831 -0.0433 -0.8112
vn 0.4732 -0.0108 -0.8809
vn 0.4732 -0.0107 -0.8809
vn 0.5276 -0.0201 -0.8493
vn 0.6657 -0.0640 -0.7434
vn 0.5272 -0.0201 -0.8495
vn 0.2955 0.0402 -0.9545
vn 0.4479 0.0095 -0.8940
vn 0.4482 0.0094 -0.8939
vn 0.6392 -0.0459 -0.7677
vn 0.5275 -0.0202 -0.8493
vn 0.5270 -0.0202 -0.8496
vn 0.4728 -0.0104 -0.8811
vn 0.2981 0.0358 -0.9539
vn 0.6391 -0.0457 -0.7677
vn 0.4574 0.0106 -0.8892
vn 0.6248 -0.0210 -0.7805
vn 0.6393 -0.0456 -0.7676
vn 0.4484 0.0093 -0.8938
vn 0.4573 0.0102 -0.8893
vn 0.9831 -0.1748 -0.0547
vn 0.9233 -0.1329 -0.3603
vn 0.9644 -0.1563 -0.2132
vn 0.9205 -0.1991 0.3361
vn 0.9607 -0.1900 0.2026
vn 0.8055 -0.2032 0.5567
vn 0.8055 -0.2031 0.5567
vn 0.5678 -0.1985 0.7989
vn 0.4685 -0.1983 0.8609
vn 0.2869 -0.1726 0.9423
vn 0.2749 -0.1766 0.9451
vn 0.2869 -0.1728 0.9422
vn 0.4685 -0.1981 0.8609
vn 0.7214 -0.2024 0.6623
vn 0.7465 -0.1984 0.6351
vn 0.5528 -0.2037 0.8081
vn 0.7466 -0.1981 0.6351
vn 0.6545 -0.2001 0.7291
vn 0.5527 -0.2040 0.8080
vn 0.6544 -0.2002 0.7292
vn 0.3987 -0.1937 0.8964
vn 0.5525 -0.2038 0.8082
vn 0.7213 -0.2023 0.6624
vn 0.5527 -0.2038 0.8081
vn 0.5255 -0.1956 0.8280
vn 0.7213 -0.2022 0.6625
vn 0.5255 -0.1960 0.8279
vn 0.9678 -0.1384 -0.2102
vn 0.9841 -0.1668 0.0614
vn 0.9827 -0.1714 0.0698
vn 0.7713 -0.1981 0.6048
vn 0.8683 -0.1806 0.4619
vn 0.9334 -0.0803 -0.3498
vn 0.8687 -0.0453 -0.4932
vn 0.9462 -0.0728 -0.3154
vn 0.9463 -0.0724 -0.3151
vn 0.8687 -0.0457 -0.4932
vn 0.9334 -0.0804 -0.3498
vn 0.8223 -0.0333 -0.5680
vn 0.8687 -0.0458 -0.4931
vn 0.9118 -0.0775 -0.4032
vn 0.8224 -0.0334 -0.5680
vn 0.9334 -0.0803 -0.3499
vn 0.9119 -0.0775 -0.4030
vn 0.8639 -0.0691 -0.4989
vn 0.7824 -0.0281 -0.6221
vn 0.9119 -0.0778 -0.4030
vn 0.7824 -0.0280 -0.6222
vn 0.8223 -0.0334 -0.5680
vn 0.8357 -0.0151 -0.5490
vn 0.8281 -0.0014 -0.5605
vn 0.9309 -0.0505 -0.3617
vn 0.9049 -0.1583 0.3952
vn 0.9803 -0.1216 0.1556
vn 0.9735 -0.1219 0.1934
vn 0.3513 0.1261 -0.9277
vn 0.2907 0.1357 -0.9472
vn 0.5205 0.1005 -0.8479
vn -0.0147 0.1668 -0.9859
vn -0.2570 0.1912 -0.9473
vn -0.1922 0.1914 -0.9625
vn 0.2143 0.1134 -0.9702
vn 0.0667 0.1426 -0.9875
vn -0.2539 0.1679 -0.9525
vn -0.4660 0.1948 -0.8631
vn -0.2155 0.1718 -0.9613
vn 0.0207 0.1302 -0.9913
vn -0.0452 0.1338 -0.9900
vn 0.1775 0.0931 -0.9797
vn -0.0445 0.1338 -0.9900
vn 0.0210 0.1302 -0.9913
vn 0.2679 0.0775 -0.9603
vn -0.0448 0.1341 -0.9900
vn 0.1773 0.0928 -0.9798
vn -0.0407 0.1171 -0.9923
vn -0.3232 0.1632 -0.9322
vn -0.1352 0.1417 -0.9806
vn 0.2951 0.0403 -0.9546
vn 0.2976 0.0362 -0.9540
vn 0.1380 0.0745 -0.9876
vn 0.2954 0.0268 -0.9550
vn 0.0547 0.0857 -0.9948
vn 0.1382 0.0747 -0.9876
vn 0.1376 0.0747 -0.9877
vn 0.0546 0.0857 -0.9948
vn -0.0291 0.1042 -0.9941
vn 0.0178 0.0767 -0.9969
vn 0.0911 0.0568 -0.9942
vn 0.0912 0.0568 -0.9942
vn 0.0183 0.0765 -0.9969
vn 0.1926 0.0384 -0.9805
vn 0.3924 -0.0019 -0.9198
vn 0.1932 0.0382 -0.9804
vn 0.2077 0.0449 -0.9772
vn 0.5902 -0.0795 -0.8033
vn 0.5211 -0.0481 -0.8522
vn 0.7151 -0.1014 -0.6916
vn 0.2142 0.0272 -0.9764
vn -0.0088 0.0745 -0.9972
vn 0.0915 0.0571 -0.9942
vn 0.2472 -0.0181 -0.9688
vn 0.0909 0.0080 -0.9958
vn 0.0008 0.0604 -0.9982
vn 0.0003 0.0608 -0.9982
vn -0.0731 0.0576 -0.9957
vn -0.2283 0.1066 -0.9677
vn 0.0903 0.0082 -0.9959
vn -0.0725 0.0571 -0.9957
vn 0.0005 0.0608 -0.9981
vn -0.5806 0.1984 -0.7897
vn -0.7836 0.1662 -0.5987
vn -0.6914 0.1841 -0.6987
vn -0.5806 0.1983 -0.7897
vn -0.7499 0.1822 -0.6360
vn -0.7837 0.1660 -0.5986
vn -0.5807 0.1985 -0.7896
vn -0.6911 0.1840 -0.6989
vn -0.4524 0.2129 -0.8660
vn -0.4525 0.2132 -0.8659
vn -0.6911 0.1841 -0.6990
vn -0.5883 0.2070 -0.7817
vn -0.3780 0.2287 -0.8971
vn -0.4527 0.2129 -0.8659
vn -0.5883 0.2071 -0.7816
vn -0.1572 0.2244 -0.9617
vn -0.4523 0.2131 -0.8660
vn -0.3776 0.2286 -0.8973
vn -0.3776 0.2283 -0.8974
vn -0.1698 0.2394 -0.9560
vn -0.3128 0.2674 -0.9114
vn -0.1699 0.2390 -0.9560
vn -0.3776 0.2287 -0.8973
vn -0.3131 0.2675 -0.9113
vn -0.3777 0.2288 -0.8972
vn -0.4854 0.2580 -0.8353
vn -0.5884 0.2071 -0.7816
vn -0.4859 0.2583 -0.8350
vn -0.3781 0.2286 -0.8971
vn -0.1061 0.2779 -0.9547
vn -0.3129 0.2673 -0.9114
vn -0.2114 0.3101 -0.9269
vn -0.1060 0.2780 -0.9547
vn -0.3125 0.2674 -0.9115
vn -0.2116 0.3103 -0.9268
vn -0.3133 0.2673 -0.9113
vn -0.4378 0.3256 -0.8381
vn -0.3131 0.2670 -0.9114
vn -0.4856 0.2583 -0.8351
vn -0.4379 0.3256 -0.8380
vn -0.2110 0.3100 -0.9270
vn -0.2248 0.4325 -0.8732
vn 0.0192 0.3563 -0.9342
vn 0.0194 0.3562 -0.9342
vn -0.2109 0.3101 -0.9270
vn -0.2250 0.4325 -0.8731
vn -0.2117 0.3095 -0.9270
vn -0.4377 0.3256 -0.8381
vn 0.1552 0.5834 -0.7973
vn -0.2246 0.4325 -0.8732
vn -0.0101 0.6753 -0.7375
vn 0.0190 0.3565 -0.9341
vn -0.2246 0.4326 -0.8732
vn 0.1554 0.5833 -0.7973
vn -0.2248 0.4322 -0.8733
vn -0.5563 0.3917 -0.7329
vn -0.3639 0.6120 -0.7022
vn -0.2247 0.4324 -0.8732
vn -0.4383 0.3256 -0.8378
vn -0.5563 0.3915 -0.7330
vn -0.3639 0.6119 -0.7022
vn -0.0092 0.6756 -0.7372
vn -0.2249 0.4325 -0.8731
vn 0.2314 0.8236 -0.5178
vn 0.1556 0.5831 -0.7974
vn -0.0095 0.6756 -0.7372
vn -0.3638 0.6120 -0.7022
vn -0.0432 0.8428 -0.5365
vn -0.0095 0.6755 -0.7373
vn -0.0092 0.6755 -0.7373
vn -0.0429 0.8426 -0.5368
vn 0.2311 0.8237 -0.5178
vn -0.0436 0.8426 -0.5368
vn 0.2367 0.9271 -0.2905
vn -0.3635 0.6121 -0.7023
vn -0.2801 0.8680 -0.4100
vn -0.0433 0.8426 -0.5368
vn -0.2801 0.8679 -0.4102
vn -0.0344 0.9313 -0.3627
vn -0.0434 0.8425 -0.5369
vn -0.0341 0.9313 -0.3626
vn 0.2365 0.9271 -0.2908
vn -0.0431 0.8427 -0.5367
vn 0.1701 0.9853 -0.0171
vn 0.2363 0.9272 -0.2906
vn -0.0342 0.9313 -0.3627
vn 0.4813 0.8209 -0.3074
vn 0.2312 0.8236 -0.5179
vn 0.2366 0.9271 -0.2907
vn 0.3189 0.9472 -0.0342
vn 0.4814 0.8208 -0.3075
vn 0.3188 0.9472 -0.0341
vn 0.2368 0.9272 -0.2903
vn 0.2283 0.9732 0.0272
vn 0.2282 0.9732 0.0269
vn 0.2368 0.9271 -0.2905
vn 0.1705 0.9852 -0.0173
vn 0.2791 0.9431 0.1805
vn 0.2284 0.9732 0.0273
vn 0.0065 0.9998 0.0189
vn 0.0066 0.9998 0.0187
vn 0.0330 0.9954 -0.0899
vn 0.3649 0.9290 -0.0614
vn 0.4143 0.8942 0.1696
vn 0.3186 0.9473 -0.0339
vn 0.2279 0.9733 0.0274
vn 0.3647 0.9291 -0.0615
vn 0.3504 0.8937 0.2802
vn 0.2282 0.9732 0.0275
vn 0.2791 0.9431 0.1807
vn 0.3506 0.8937 0.2799
vn 0.4139 0.8944 0.1694
vn 0.2277 0.9734 0.0272
vn 0.2278 0.9733 0.0271
vn 0.0328 0.9954 -0.0899
vn 0.1704 0.9852 -0.0172
vn -0.0339 0.9313 -0.3626
vn 0.0332 0.9954 -0.0899
vn -0.0338 0.9313 -0.3628
vn -0.2803 0.8679 -0.4101
vn -0.2132 0.9666 -0.1426
vn 0.0065 0.9998 0.0187
vn 0.0329 0.9954 -0.0897
vn 0.0326 0.9954 -0.0897
vn -0.2800 0.8680 -0.4101
vn -0.2127 0.9667 -0.1424
vn -0.4331 0.8887 0.1504
vn -0.2131 0.9666 -0.1424
vn -0.5074 0.8432 -0.1778
vn -0.2131 0.9666 -0.1421
vn -0.2805 0.8677 -0.4103
vn -0.5069 0.8434 -0.1780
vn -0.2128 0.9667 -0.1424
vn -0.4330 0.8887 0.1507
vn 0.0065 0.9998 0.0185
vn -0.5073 0.8433 -0.1776
vn -0.7191 0.6913 0.0709
vn -0.4327 0.8889 0.1505
vn -0.4110 0.7632 0.4985
vn -0.4328 0.8888 0.1508
vn -0.7368 0.5495 0.3940
vn -0.4325 0.8889 0.1510
vn -0.7190 0.6913 0.0713
vn -0.7365 0.5495 0.3944
vn -0.4114 0.7628 0.4988
vn -0.2701 0.9364 0.2240
vn -0.4328 0.8888 0.1507
vn -0.2697 0.9365 0.2241
vn 0.0065 0.9998 0.0184
vn -0.5071 0.8433 -0.1781
vn -0.8222 0.5093 -0.2543
vn -0.7192 0.6912 0.0713
vn -0.8223 0.5090 -0.2546
vn -0.9091 0.4056 0.0955
vn -0.7192 0.6911 0.0712
vn -0.9090 0.4057 0.0956
vn -0.7363 0.5495 0.3948
vn -0.7193 0.6910 0.0708
vn -0.8223 0.5091 -0.2542
vn -0.9091 0.4055 0.0956
vn -0.9836 0.1801 -0.0113
vn -0.9413 0.1544 0.3000
vn -0.9090 0.4055 0.0959
vn -0.9413 0.1545 0.3000
vn -0.7366 0.5492 0.3948
vn -0.9090 0.4057 0.0955
vn -0.7366 0.5493 0.3945
vn -0.9413 0.1543 0.3001
vn -0.8169 0.0838 0.5707
vn -0.5545 0.4893 0.6731
vn -0.7368 0.5493 0.3942
vn -0.6589 0.0473 0.7507
vn -0.5544 0.4893 0.6732
vn -0.8168 0.0838 0.5708
vn -0.6584 0.0483 0.7511
vn -0.4005 0.0157 0.9162
vn -0.3835 0.3771 0.8430
vn -0.6588 0.0471 0.7508
vn -0.3837 0.3770 0.8430
vn -0.5545 0.4894 0.6730
vn -0.4002 0.0156 0.9163
vn -0.1528 -0.0498 0.9870
vn -0.0519 0.3978 0.9160
vn -0.0520 0.3979 0.9160
vn -0.3841 0.3771 0.8428
vn -0.1524 -0.0500 0.9870
vn 0.4567 0.2829 0.8435
vn 0.3025 0.4970 0.8133
vn 0.1705 0.1745 0.9698
vn 0.1706 0.1743 0.9698
vn 0.3025 0.4969 0.8134
vn -0.0523 0.3979 0.9159
vn 0.4004 -0.0827 0.9126
vn 0.4565 0.2828 0.8436
vn 0.1705 0.1746 0.9698
vn 0.6411 0.1381 0.7549
vn 0.4566 0.2828 0.8435
vn 0.4008 -0.0829 0.9124
vn 0.4004 -0.0830 0.9126
vn 0.6561 -0.1174 0.7455
vn 0.6413 0.1382 0.7548
vn 0.6562 -0.1176 0.7454
vn 0.4005 -0.0826 0.9126
vn 0.3986 -0.2187 0.8907
vn 0.5894 -0.1895 0.7853
vn 0.3986 -0.2190 0.8906
vn 0.4435 -0.2229 0.8681
vn 0.6561 -0.1176 0.7454
vn 0.5892 -0.1896 0.7854
vn 0.6408 -0.1962 0.7422
vn 0.5893 -0.1894 0.7854
vn 0.4435 -0.2230 0.8681
vn 0.6410 -0.1959 0.7421
vn 0.4434 -0.2231 0.8681
vn 0.5814 -0.2146 0.7848
vn 0.3547 -0.2394 0.9038
vn 0.5814 -0.2145 0.7848
vn 0.5814 -0.2144 0.7848
vn 0.3546 -0.2394 0.9038
vn 0.5356 -0.2203 0.8152
vn 0.8079 -0.1743 0.5630
vn 0.7035 -0.2012 0.6817
vn 0.5359 -0.2200 0.8151
vn 0.7034 -0.2013 0.6817
vn 0.5819 -0.2144 0.7845
vn 0.5361 -0.2203 0.8149
vn 0.9456 -0.1244 0.3006
vn 0.9540 -0.1144 0.2772
vn 0.8081 -0.1746 0.5626
vn 0.8542 -0.1571 0.4956
vn 0.8080 -0.1744 0.5628
vn 0.9540 -0.1145 0.2771
vn 0.8077 -0.1746 0.5632
vn 0.8540 -0.1572 0.4959
vn 0.7038 -0.2011 0.6814
vn 0.8654 -0.1648 0.4733
vn 0.9455 -0.1244 0.3008
vn 0.8080 -0.1745 0.5628
vn 0.8653 -0.1648 0.4734
vn 0.9775 -0.1045 0.1834
vn 0.9456 -0.1243 0.3007
vn 0.9457 -0.1245 0.3003
vn 0.9775 -0.1041 0.1832
vn 0.9985 -0.0546 0.0044
vn 0.9456 -0.1243 0.3005
vn 0.9985 -0.0547 0.0045
vn 0.9541 -0.1145 0.2769
vn 0.9541 -0.1142 0.2770
vn 0.9985 -0.0503 0.0208
vn 0.9985 -0.0547 0.0039
vn 0.9985 -0.0503 0.0202
vn 0.9896 -0.0492 0.1349
vn 0.9410 -0.1078 0.3207
vn 0.9985 -0.0503 0.0205
vn 0.9897 -0.0490 0.1347
vn 0.9985 -0.0502 0.0202
vn 0.9932 0.0129 -0.1159
vn 0.9985 -0.0503 0.0207
vn 0.9410 -0.1079 0.3208
vn 0.9540 -0.1145 0.2770
vn 0.9985 -0.0502 0.0203
vn 0.9559 0.0300 -0.2922
vn 0.9931 0.0133 -0.1162
vn 0.9643 0.0079 -0.2645
vn 0.9559 0.0302 -0.2920
vn 0.9985 -0.0500 0.0203
vn 0.9211 0.0884 -0.3792
vn 0.9558 0.0303 -0.2923
vn 0.8336 0.1121 -0.5409
vn 0.9931 0.0127 -0.1162
vn 0.9560 0.0302 -0.2919
vn 0.9212 0.0885 -0.3789
vn 0.8853 0.0672 -0.4601
vn 0.8335 0.1124 -0.5409
vn 0.9642 0.0080 -0.2649
vn 0.8853 0.0671 -0.4601
vn 0.9558 0.0301 -0.2925
vn 0.8853 0.0671 -0.4602
vn 0.8213 0.0814 -0.5647
vn 0.7515 0.1159 -0.6495
vn 0.7514 0.1156 -0.6496
vn 0.8334 0.1122 -0.5412
vn 0.8214 0.0816 -0.5644
vn 0.8853 0.0668 -0.4602
vn 0.9642 0.0078 -0.2649
vn 0.8214 0.0816 -0.5645
vn 0.6225 0.1492 -0.7683
vn 0.7510 0.1159 -0.6500
vn 0.7510 0.1162 -0.6500
vn 0.6224 0.1491 -0.7684
vn 0.6402 0.1768 -0.7476
vn 0.6219 0.1492 -0.7688
vn 0.4500 0.2075 -0.8686
vn 0.6400 0.1768 -0.7478
vn 0.2455 0.2350 -0.9405
vn 0.3553 0.2602 -0.8978
vn 0.4493 0.2073 -0.8690
vn 0.2452 0.2350 -0.9406
vn 0.1620 0.2131 -0.9635
vn 0.5660 0.2304 -0.7915
vn 0.4495 0.2076 -0.8688
vn 0.3555 0.2601 -0.8978
vn 0.4496 0.2077 -0.8688
vn 0.5659 0.2303 -0.7916
vn 0.6399 0.1767 -0.7479
vn 0.5662 0.2302 -0.7915
vn 0.3555 0.2602 -0.8978
vn 0.5039 0.3866 -0.7724
vn 0.7648 0.1710 -0.6212
vn 0.6401 0.1769 -0.7477
vn 0.5667 0.2304 -0.7911
vn 0.7647 0.1711 -0.6212
vn 0.5666 0.2300 -0.7912
vn 0.7021 0.2622 -0.6621
vn 0.7024 0.2621 -0.6618
vn 0.5660 0.2303 -0.7916
vn 0.5041 0.3864 -0.7724
vn 0.5041 0.3866 -0.7723
vn 0.6571 0.5238 -0.5420
vn 0.7648 0.1711 -0.6211
vn 0.7024 0.2622 -0.6617
vn 0.8908 0.1353 -0.4338
vn 0.8908 0.1351 -0.4338
vn 0.7025 0.2624 -0.6615
vn 0.8211 0.3489 -0.4517
vn 0.6569 0.5239 -0.5422
vn 0.8212 0.3493 -0.4513
vn 0.7022 0.2621 -0.6620
vn 0.6572 0.5238 -0.5419
vn 0.4208 0.6569 -0.6256
vn 0.6863 0.6860 -0.2417
vn 0.6570 0.5237 -0.5423
vn 0.5834 0.6974 -0.4162
vn 0.6573 0.5237 -0.5419
vn 0.4209 0.6570 -0.6254
vn 0.5834 0.6973 -0.4165
vn 0.8248 0.4999 -0.2642
vn 0.6569 0.5238 -0.5423
vn 0.6863 0.6860 -0.2418
vn 0.8211 0.3490 -0.4516
vn 0.6568 0.5237 -0.5425
vn 0.8246 0.5001 -0.2644
vn 0.5045 0.3865 -0.7721
vn 0.2760 0.3632 -0.8899
vn 0.4209 0.6570 -0.6255
vn 0.1552 0.5833 -0.7973
vn 0.2315 0.8237 -0.5176
vn 0.4208 0.6570 -0.6255
vn 0.2760 0.3631 -0.8899
vn 0.1551 0.5831 -0.7974
vn 0.4209 0.6571 -0.6254
vn 0.5831 0.6974 -0.4168
vn 0.4208 0.6571 -0.6255
vn 0.4813 0.8208 -0.3077
vn 0.4814 0.8207 -0.3076
vn 0.4210 0.6571 -0.6253
vn 0.2316 0.8237 -0.5176
vn 0.1160 0.2624 -0.9580
vn 0.2760 0.3634 -0.8898
vn 0.3552 0.2604 -0.8978
vn 0.1159 0.2626 -0.9579
vn 0.2762 0.3635 -0.8897
vn 0.0195 0.3563 -0.9342
vn 0.1551 0.5833 -0.7973
vn 0.3554 0.2602 -0.8978
vn 0.2763 0.3632 -0.8898
vn 0.5041 0.3867 -0.7723
vn 0.2450 0.2350 -0.9406
vn 0.1162 0.2625 -0.9579
vn 0.0253 0.2202 -0.9751
vn 0.1158 0.2624 -0.9580
vn 0.2449 0.2350 -0.9406
vn 0.0189 0.3562 -0.9342
vn 0.1155 0.2622 -0.9581
vn -0.1056 0.2780 -0.9547
vn -0.1051 0.2779 -0.9548
vn 0.1157 0.2623 -0.9580
vn -0.1696 0.2392 -0.9560
vn 0.0248 0.2202 -0.9751
vn -0.1692 0.2392 -0.9561
vn 0.1158 0.2623 -0.9580
vn 0.1616 0.2131 -0.9636
vn 0.0252 0.2202 -0.9751
vn 0.2449 0.2349 -0.9407
vn -0.1574 0.2245 -0.9617
vn 0.0252 0.2203 -0.9751
vn -0.1696 0.2393 -0.9560
vn 0.0248 0.2201 -0.9752
vn 0.7244 0.6865 -0.0632
vn 0.9264 0.3761 0.0176
vn 0.8247 0.5000 -0.2645
vn 0.8245 0.5004 -0.2643
vn 0.6862 0.6861 -0.2418
vn 0.7243 0.6866 -0.0634
vn 0.9225 0.2720 -0.2739
vn 0.8248 0.4997 -0.2646
vn 0.9265 0.3760 0.0178
vn 0.9227 0.2719 -0.2733
vn 0.8211 0.3487 -0.4518
vn 0.9225 0.2720 -0.2738
vn 0.9891 0.1110 -0.0964
vn 0.9226 0.2721 -0.2735
vn 0.9263 0.3763 0.0175
vn 0.9891 0.1110 -0.0966
vn 0.9226 0.2719 -0.2736
vn 0.8907 0.1349 -0.4341
vn 0.8211 0.3490 -0.4517
vn 0.9877 -0.0499 0.1483
vn 0.9918 0.0229 -0.1260
vn 0.9892 0.1107 -0.0963
vn 0.9877 -0.0498 0.1482
vn 0.9892 0.1109 -0.0963
vn 0.9747 0.0437 0.2192
vn 0.9917 0.0230 -0.1263
vn 0.8908 0.1352 -0.4338
vn 0.9892 0.1108 -0.0964
vn 0.9892 0.1109 -0.0961
vn 0.9265 0.3760 0.0171
vn 0.9746 0.0437 0.2195
vn 0.8661 -0.0618 0.4961
vn 0.9747 0.0437 0.2194
vn 0.9221 0.2678 0.2795
vn 0.9747 0.0433 0.2193
vn 0.9266 0.3758 0.0170
vn 0.9220 0.2677 0.2797
vn 0.9747 0.0438 0.2194
vn 0.9049 -0.1047 0.4125
vn 0.9049 -0.1046 0.4127
vn 0.9876 -0.0495 0.1487
vn 0.9747 0.0437 0.2193
vn 0.7643 -0.1610 0.6244
vn 0.9047 -0.1047 0.4129
vn 0.8659 -0.0613 0.4965
vn 0.9049 -0.1046 0.4126
vn 0.9410 -0.1079 0.3207
vn 0.9897 -0.0488 0.1348
vn 0.9048 -0.1047 0.4127
vn 0.7881 -0.1622 0.5938
vn 0.9048 -0.1047 0.4128
vn 0.7643 -0.1611 0.6244
vn 0.9410 -0.1079 0.3209
vn 0.9048 -0.1046 0.4128
vn 0.7880 -0.1627 0.5938
vn 0.9409 -0.1080 0.3210
vn 0.7879 -0.1625 0.5940
vn 0.8541 -0.1573 0.4957
vn 0.7037 -0.2013 0.6814
vn 0.8539 -0.1571 0.4962
vn 0.5816 -0.2145 0.7847
vn 0.7877 -0.1626 0.5942
vn 0.6414 -0.1960 0.7418
vn 0.7878 -0.1625 0.5941
vn 0.7639 -0.1609 0.6250
vn 0.6413 -0.1963 0.7418
vn 0.5818 -0.2144 0.7846
vn 0.7034 -0.2015 0.6816
vn 0.8660 -0.0618 0.4961
vn 0.6563 -0.1174 0.7453
vn 0.7642 -0.1610 0.6246
vn 0.7639 -0.1610 0.6250
vn 0.6565 -0.1174 0.7452
vn 0.5896 -0.1894 0.7852
vn 0.7640 -0.1606 0.6249
vn 0.5896 -0.1898 0.7851
vn 0.6413 -0.1959 0.7419
vn 0.8661 -0.0620 0.4960
vn 0.9220 0.2679 0.2796
vn 0.8195 0.2599 0.5108
vn 0.8660 -0.0616 0.4962
vn 0.8196 0.2598 0.5106
vn 0.6597 -0.1048 0.7442
vn 0.6879 0.3850 0.6153
vn 0.8193 0.2601 0.5110
vn 0.7186 0.6337 0.2866
vn 0.8268 0.5302 0.1879
vn 0.7184 0.6339 0.2864
vn 0.8194 0.2600 0.5109
vn 0.9221 0.2677 0.2795
vn 0.8269 0.5300 0.1879
vn 0.8194 0.2601 0.5108
vn 0.8195 0.2597 0.5108
vn 0.6881 0.3854 0.6149
vn 0.6423 0.1423 0.7531
vn 0.6413 0.1381 0.7548
vn 0.6564 -0.1174 0.7452
vn 0.8195 0.2597 0.5109
vn 0.8268 0.5303 0.1877
vn 0.7241 0.6868 -0.0632
vn 0.6095 0.7926 0.0165
vn 0.7244 0.6865 -0.0631
vn 0.8269 0.5301 0.1877
vn 0.9264 0.3761 0.0175
vn 0.8271 0.5299 0.1875
vn 0.6096 0.7925 0.0163
vn 0.7190 0.6333 0.2863
vn 0.9220 0.2678 0.2796
vn 0.9265 0.3758 0.0171
vn 0.8268 0.5301 0.1880
vn 0.6094 0.7927 0.0169
vn 0.3647 0.9291 -0.0616
vn 0.4142 0.8942 0.1696
vn 0.5848 0.8041 -0.1066
vn 0.3649 0.9290 -0.0616
vn 0.7244 0.6865 -0.0637
vn 0.5851 0.8039 -0.1070
vn 0.6094 0.7927 0.0167
vn 0.6095 0.7926 0.0164
vn 0.4140 0.8944 0.1694
vn 0.7189 0.6335 0.2860
vn 0.3191 0.9471 -0.0346
vn 0.3648 0.9290 -0.0620
vn 0.5850 0.8039 -0.1070
vn 0.6863 0.6858 -0.2421
vn 0.5849 0.8040 -0.1070
vn 0.7243 0.6866 -0.0636
vn 0.5850 0.8040 -0.1069
vn 0.6862 0.6861 -0.2417
vn 0.4814 0.8210 -0.3070
vn 0.4814 0.8209 -0.3073
vn 0.3188 0.9472 -0.0344
vn 0.5848 0.8041 -0.1069
vn 0.6881 0.3853 0.6149
vn 0.7186 0.6337 0.2864
vn 0.5725 0.5988 0.5600
vn 0.6881 0.3851 0.6150
vn 0.5721 0.5989 0.5604
vn 0.4563 0.2827 0.8438
vn 0.6883 0.3851 0.6148
vn 0.4564 0.2829 0.8436
vn 0.6416 0.1379 0.7545
vn 0.7187 0.6336 0.2864
vn 0.4671 0.7564 0.4578
vn 0.5725 0.5986 0.5603
vn 0.5719 0.5990 0.5605
vn 0.4668 0.7563 0.4583
vn 0.3508 0.8936 0.2800
vn 0.4565 0.2831 0.8435
vn 0.5721 0.5991 0.5602
vn 0.3025 0.4971 0.8133
vn 0.5722 0.5989 0.5603
vn 0.4404 0.7401 0.5082
vn 0.3026 0.4967 0.8135
vn 0.3504 0.8938 0.2800
vn 0.4401 0.7401 0.5085
vn 0.3023 0.4969 0.8135
vn 0.4404 0.7402 0.5081
vn 0.1287 0.6790 0.7228
vn 0.1284 0.6787 0.7231
vn 0.4406 0.7399 0.5083
vn 0.2331 0.8971 0.3753
vn 0.2328 0.8972 0.3753
vn 0.4403 0.7401 0.5083
vn 0.3504 0.8938 0.2799
vn 0.2331 0.8970 0.3756
vn -0.0156 0.8590 0.5118
vn 0.1283 0.6790 0.7228
vn -0.0155 0.8590 0.5118
vn -0.2238 0.6463 0.7295
vn -0.2237 0.6465 0.7294
vn -0.0522 0.3980 0.9159
vn 0.1280 0.6791 0.7228
vn 0.1284 0.6790 0.7228
vn -0.2240 0.6466 0.7292
vn -0.0154 0.8588 0.5121
vn -0.4111 0.7628 0.4991
vn -0.3843 0.3771 0.8427
vn -0.0518 0.3976 0.9161
vn -0.2241 0.6466 0.7292
vn -0.5547 0.4894 0.6728
vn -0.2242 0.6468 0.7290
vn -0.2237 0.6468 0.7291
vn -0.4109 0.7630 0.4989
vn -0.5545 0.4896 0.6729
vn 0.2328 0.8972 0.3754
vn 0.2787 0.9433 0.1803
vn -0.0156 0.8591 0.5115
vn -0.1058 0.9549 0.2776
vn -0.4111 0.7629 0.4990
vn -0.0156 0.8589 0.5118
vn -0.0158 0.8591 0.5115
vn 0.2791 0.9432 0.1802
vn -0.1059 0.9548 0.2777
vn 0.2789 0.9432 0.1803
vn 0.0066 0.9998 0.0188
vn -0.1055 0.9550 0.2774
vn 0.0067 0.9998 0.0184
vn -0.2701 0.9364 0.2241
vn -0.1061 0.9548 0.2776
vn -0.1060 0.9548 0.2776
vn -0.2698 0.9365 0.2241
vn -0.4111 0.7630 0.4988
vn 0.2329 0.8971 0.3754
vn 0.3503 0.8938 0.2800
vn 0.2789 0.9432 0.1807
vn 0.7189 0.6334 0.2863
vn 0.4143 0.8943 0.1692
vn 0.4669 0.7564 0.4582
vn 0.4671 0.7561 0.4583
vn 0.4143 0.8943 0.1693
vn 0.3506 0.8938 0.2796
vn 0.9897 -0.0492 0.1345
vn 0.9918 0.0227 -0.1259
vn 0.9877 -0.0498 0.1484
vn 0.9932 0.0132 -0.1159
vn 0.9897 -0.0495 0.1345
vn 0.9931 0.0131 -0.1162
vn 0.9212 0.0884 -0.3788
vn 0.8908 0.1350 -0.4338
vn 0.9917 0.0231 -0.1264
vn 0.9213 0.0883 -0.3786
vn 0.6863 0.6859 -0.2419
vn 0.5835 0.6974 -0.4161
vn 0.4811 0.8210 -0.3072
vn 0.9212 0.0882 -0.3790
vn 0.7649 0.1712 -0.6210
vn 0.8907 0.1351 -0.4340
vn 0.8335 0.1121 -0.5410
vn 0.7646 0.1711 -0.6214
vn 0.7650 0.1709 -0.6210
vn 0.9212 0.0883 -0.3789
vn 0.8334 0.1121 -0.5411
vn 0.8335 0.1120 -0.5410
vn 0.6401 0.1769 -0.7476
vn 0.8542 -0.1568 0.4958
vn 0.9540 -0.1144 0.2773
vn -0.5545 0.4894 0.6731
vn -0.4109 0.7633 0.4986
vn -0.7367 0.5495 0.3942
vn -0.8917 0.2888 -0.3485
vn -0.9836 0.1801 -0.0114
vn -0.8224 0.5091 -0.2540
vn -0.9401 0.1729 -0.2938
vn -0.8918 0.2885 -0.3485
vn -0.7548 0.3881 -0.5288
vn -0.7775 0.2814 -0.5623
vn -0.8916 0.2888 -0.3489
vn -0.7775 0.2813 -0.5625
vn -0.9400 0.1730 -0.2941
vn -0.8915 0.2890 -0.3490
vn -0.8916 0.2889 -0.3488
vn -0.8222 0.5092 -0.2544
vn -0.7548 0.3880 -0.5289
vn -0.7772 0.2814 -0.5628
vn -0.7545 0.3881 -0.5292
vn -0.5563 0.3917 -0.7328
vn -0.7546 0.3881 -0.5291
vn -0.5792 0.6386 -0.5067
vn -0.5564 0.3919 -0.7327
vn -0.8222 0.5092 -0.2543
vn -0.5789 0.6387 -0.5070
vn -0.8224 0.5090 -0.2540
vn -0.5069 0.8434 -0.1781
vn -0.5789 0.6388 -0.5068
vn -0.3634 0.6119 -0.7025
vn -0.5794 0.6386 -0.5065
vn -0.2799 0.8680 -0.4102
vn -0.5793 0.6382 -0.5070
vn -0.3634 0.6120 -0.7024
vn -0.5566 0.3916 -0.7327
vn -0.2804 0.8678 -0.4102
vn -0.5790 0.6386 -0.5069
vn -0.6400 0.2790 -0.7159
vn -0.7772 0.2815 -0.5627
vn -0.5564 0.3917 -0.7328
vn -0.7775 0.2814 -0.5624
vn -0.8272 0.2014 -0.5246
vn -0.9401 0.1726 -0.2940
vn -0.7772 0.2815 -0.5628
vn -0.6398 0.2791 -0.7160
vn -0.8270 0.2014 -0.5249
vn -0.7759 0.1733 -0.6066
vn -0.8959 0.1381 -0.4223
vn -0.8272 0.2015 -0.5246
vn -0.6763 0.2246 -0.7015
vn -0.7758 0.1732 -0.6067
vn -0.8269 0.2015 -0.5251
vn -0.8269 0.2017 -0.5249
vn -0.6398 0.2789 -0.7162
vn -0.6764 0.2249 -0.7013
vn -0.9545 0.1202 -0.2731
vn -0.9400 0.1729 -0.2942
vn -0.8271 0.2017 -0.5247
vn -0.8272 0.2014 -0.5247
vn -0.8959 0.1384 -0.4221
vn -0.9544 0.1205 -0.2730
vn -0.8590 0.1474 -0.4903
vn -0.9798 0.0753 -0.1853
vn -0.8960 0.1385 -0.4220
vn -0.8589 0.1474 -0.4906
vn -0.8959 0.1384 -0.4222
vn -0.7760 0.1729 -0.6066
vn -0.9544 0.1205 -0.2731
vn -0.8960 0.1383 -0.4219
vn -0.9797 0.0753 -0.1856
vn -0.8590 0.1473 -0.4903
vn -0.9854 0.0329 -0.1670
vn -0.9798 0.0753 -0.1854
vn -0.9854 0.0328 -0.1672
vn -0.8589 0.1474 -0.4904
vn -0.9173 0.1374 -0.3737
vn -0.8589 0.1476 -0.4905
vn -0.7839 0.1660 -0.5983
vn -0.7501 0.1819 -0.6358
vn -0.9172 0.1375 -0.3740
vn -0.7839 0.1661 -0.5983
vn -0.6914 0.1842 -0.6986
vn -0.8588 0.1473 -0.4908
vn -0.7759 0.1734 -0.6066
vn -0.7837 0.1660 -0.5985
vn -0.8588 0.1474 -0.4906
vn -0.6761 0.2249 -0.7016
vn -0.5888 0.2069 -0.7814
vn -0.7758 0.1731 -0.6067
vn -0.5885 0.2071 -0.7815
vn -0.6759 0.2251 -0.7017
vn -0.4860 0.2587 -0.8348
vn -0.6760 0.2249 -0.7017
vn -0.6395 0.2788 -0.7164
vn -0.4859 0.2586 -0.8349
vn -0.5887 0.2071 -0.7814
vn -0.6911 0.1841 -0.6989
vn -0.7757 0.1732 -0.6068
vn -0.4383 0.3258 -0.8377
vn -0.6396 0.2789 -0.7163
vn -0.5561 0.3917 -0.7330
vn -0.4862 0.2582 -0.8349
vn -0.6396 0.2792 -0.7162
vt 0.876680 0.165810
vt 0.888820 0.167710
vt 0.882010 0.185420
vt 0.894300 0.187840
vt 0.904350 0.173160
vt 0.903440 0.159320
vt 0.887570 0.153930
vt 0.915450 0.142700
vt 0.914350 0.158450
vt 0.898810 0.141580
vt 0.927010 0.154340
vt 0.921250 0.174420
vt 0.909000 0.188400
vt 0.925090 0.188660
vt 0.933230 0.169480
vt 0.941300 0.180050
vt 0.946600 0.165580
vt 0.940650 0.151680
vt 0.947030 0.138480
vt 0.957610 0.158960
vt 0.930050 0.137110
vt 0.962530 0.140830
vt 0.951620 0.126520
vt 0.937330 0.122650
vt 0.933130 0.112290
vt 0.942800 0.106430
vt 0.921670 0.121900
vt 0.959220 0.117690
vt 0.941490 0.080070
vt 0.929860 0.094330
vt 0.926960 0.080210
vt 0.915530 0.094060
vt 0.919530 0.108990
vt 0.908360 0.109910
vt 0.898670 0.093530
vt 0.897830 0.110330
vt 0.898680 0.125720
vt 0.908070 0.127720
vt 0.889890 0.121760
vt 0.888810 0.141900
vt 0.874820 0.141290
vt 0.880220 0.121620
vt 0.888660 0.106220
vt 0.874750 0.098170
vt 0.870740 0.118560
vt 0.886300 0.090890
vt 0.877790 0.088200
vt 0.864450 0.096640
vt 0.860760 0.105230
vt 0.844800 0.104350
vt 0.846920 0.113070
vt 0.861950 0.123670
vt 0.855040 0.129630
vt 0.843120 0.135480
vt 0.862580 0.147220
vt 0.852590 0.144880
vt 0.857630 0.161410
vt 0.843090 0.159250
vt 0.856490 0.174590
vt 0.869850 0.159850
vt 0.871930 0.183540
vt 0.893950 0.073950
vt 0.908450 0.058730
vt 0.901790 0.075310
vt 0.917690 0.058960
vt 0.908810 0.080260
vt 0.922710 0.068480
vt 0.933130 0.060430
vt 0.919390 0.043730
vt 0.954120 0.180720
vt 0.934940 0.191690
vt 0.006160 0.252890
vt 0.000110 0.242060
vt 0.011690 0.248840
vt 0.012870 0.236500
vt 0.010230 0.229880
vt 0.023510 0.216580
vt 0.018240 0.214100
vt 0.025370 0.226130
vt 0.034600 0.195100
vt 0.036300 0.211380
vt 0.035730 0.203000
vt 0.043240 0.199560
vt 0.044920 0.210650
vt 0.036220 0.223840
vt 0.024780 0.236780
vt 0.031950 0.237140
vt 0.026100 0.246880
vt 0.015220 0.254340
vt 0.049240 0.200560
vt 0.054500 0.208080
vt 0.051500 0.188490
vt 0.061970 0.189400
vt 0.058570 0.184830
vt 0.064830 0.196090
vt 0.071060 0.178060
vt 0.070360 0.166490
vt 0.061810 0.170380
vt 0.070250 0.155090
vt 0.063880 0.152790
vt 0.071040 0.142860
vt 0.083630 0.144020
vt 0.084600 0.133050
vt 0.093770 0.137480
vt 0.102710 0.119020
vt 0.108380 0.125880
vt 0.118420 0.111050
vt 0.116560 0.095350
vt 0.125040 0.093420
vt 0.129620 0.101950
vt 0.139350 0.090320
vt 0.139790 0.079280
vt 0.125690 0.079790
vt 0.135010 0.060930
vt 0.144590 0.052930
vt 0.134100 0.036170
vt 0.123670 0.048950
vt 0.125290 0.030970
vt 0.137070 0.026490
vt 0.118440 0.031110
vt 0.125460 0.017530
vt 0.132250 0.013650
vt 0.139320 0.000520
vt 0.118120 0.016100
vt 0.102470 0.022930
vt 0.101530 0.033630
vt 0.116080 0.024040
vt 0.106440 0.038300
vt 0.106930 0.053400
vt 0.096900 0.056220
vt 0.095160 0.074740
vt 0.086820 0.067890
vt 0.088590 0.054890
vt 0.078050 0.079500
vt 0.073250 0.068880
vt 0.086660 0.079690
vt 0.065700 0.080400
vt 0.057140 0.070250
vt 0.082570 0.052090
vt 0.074820 0.055430
vt 0.051140 0.090950
vt 0.061180 0.090580
vt 0.050570 0.107330
vt 0.067110 0.102150
vt 0.048640 0.119580
vt 0.068240 0.115170
vt 0.079480 0.095920
vt 0.082140 0.102770
vt 0.092500 0.092350
vt 0.073760 0.120700
vt 0.083840 0.113270
vt 0.076550 0.130020
vt 0.091760 0.115860
vt 0.096550 0.101890
vt 0.102730 0.089020
vt 0.106880 0.099610
vt 0.114330 0.080510
vt 0.104670 0.073940
vt 0.112540 0.063100
vt 0.124840 0.064400
vt 0.063410 0.140440
vt 0.054240 0.155550
vt 0.049600 0.148960
vt 0.060810 0.131910
vt 0.047800 0.170350
vt 0.038130 0.165300
vt 0.039800 0.145740
vt 0.052560 0.129590
vt 0.041100 0.132370
vt 0.033370 0.125810
vt 0.030000 0.139760
vt 0.021140 0.134590
vt 0.018650 0.157080
vt 0.027990 0.157160
vt 0.010400 0.155040
vt 0.014750 0.132190
vt 0.027900 0.114440
vt 0.019870 0.114250
vt 0.029470 0.094540
vt 0.039200 0.111570
vt 0.039450 0.097050
vt 0.044260 0.082250
vt 0.018470 0.102860
vt 0.008850 0.120070
vt 0.005080 0.132880
vt 0.005210 0.146870
vt 0.002230 0.166940
vt 0.006820 0.183100
vt 0.013520 0.173360
vt 0.023560 0.188540
vt 0.025440 0.177150
vt 0.036600 0.178340
vt 0.044000 0.186860
vt 0.054300 0.171080
vt 0.086500 0.034400
vt 0.092480 0.037070
vt 0.094660 0.023400
vt 0.092310 0.012620
vt 0.101630 0.010520
vt 0.098970 0.004070
vt 0.084470 0.024950
vt 0.074600 0.046590
vt 0.061770 0.208760
vt 0.205750 0.819970
vt 0.200940 0.825980
vt 0.194050 0.817270
vt 0.207760 0.829110
vt 0.216140 0.827500
vt 0.211180 0.844800
vt 0.217500 0.845690
vt 0.211540 0.860770
vt 0.202710 0.863960
vt 0.199900 0.876980
vt 0.216750 0.872720
vt 0.206400 0.884670
vt 0.194380 0.868840
vt 0.183950 0.862780
vt 0.191470 0.859240
vt 0.203950 0.843810
vt 0.197430 0.842740
vt 0.185040 0.851750
vt 0.193760 0.827460
vt 0.183430 0.829860
vt 0.179020 0.849710
vt 0.173430 0.863240
vt 0.190770 0.008300
vt 0.183020 0.021670
vt 0.181080 0.014080
vt 0.190450 0.019630
vt 0.187200 0.029870
vt 0.179180 0.034140
vt 0.182960 0.043890
vt 0.193820 0.046490
vt 0.203150 0.042430
vt 0.202800 0.066150
vt 0.181320 0.055940
vt 0.192720 0.066210
vt 0.199250 0.084090
vt 0.189870 0.085060
vt 0.180430 0.074860
vt 0.192490 0.103920
vt 0.182480 0.094260
vt 0.205010 0.109130
vt 0.195830 0.118870
vt 0.187040 0.120940
vt 0.180640 0.113040
vt 0.175760 0.130760
vt 0.170840 0.118030
vt 0.175780 0.103380
vt 0.164520 0.132600
vt 0.166860 0.148960
vt 0.186200 0.133620
vt 0.175930 0.147250
vt 0.164000 0.170380
vt 0.184050 0.151020
vt 0.175100 0.165070
vt 0.150170 0.178960
vt 0.155560 0.163970
vt 0.153760 0.186430
vt 0.165190 0.181080
vt 0.142610 0.193510
vt 0.156280 0.196510
vt 0.149060 0.200780
vt 0.144280 0.210320
vt 0.154450 0.211960
vt 0.154970 0.233120
vt 0.146070 0.231620
vt 0.160930 0.205970
vt 0.169260 0.189040
vt 0.178780 0.172060
vt 0.183960 0.176210
vt 0.192270 0.156020
vt 0.188410 0.155120
vt 0.198000 0.131950
vt 0.191490 0.135460
vt 0.199680 0.136760
vt 0.212870 0.118400
vt 0.212820 0.101810
vt 0.217580 0.085210
vt 0.207270 0.086930
vt 0.214590 0.060460
vt 0.155800 0.252390
vt 0.148710 0.245770
vt 0.150010 0.263480
vt 0.152940 0.275070
vt 0.146260 0.281660
vt 0.148440 0.293680
vt 0.152500 0.294170
vt 0.153240 0.304120
vt 0.147080 0.311040
vt 0.142260 0.302530
vt 0.141030 0.316740
vt 0.133510 0.308360
vt 0.129610 0.301020
vt 0.120010 0.309530
vt 0.138760 0.290300
vt 0.126360 0.289730
vt 0.132240 0.285060
vt 0.138340 0.272480
vt 0.133180 0.266210
vt 0.128860 0.269830
vt 0.121310 0.276910
vt 0.123680 0.253660
vt 0.131780 0.249190
vt 0.116840 0.300820
vt 0.115560 0.269900
vt 0.114970 0.293150
vt 0.103700 0.309040
vt 0.107450 0.285560
vt 0.102990 0.299080
vt 0.104270 0.317530
vt 0.099780 0.326100
vt 0.100590 0.288760
vt 0.091660 0.297070
vt 0.091620 0.283450
vt 0.086360 0.294870
vt 0.097890 0.270270
vt 0.086980 0.262450
vt 0.086100 0.236680
vt 0.096710 0.248620
vt 0.107060 0.237410
vt 0.103420 0.253030
vt 0.096740 0.226920
vt 0.090260 0.216290
vt 0.100660 0.208040
vt 0.110950 0.222850
vt 0.101290 0.188590
vt 0.091140 0.198440
vt 0.107420 0.197820
vt 0.114050 0.209230
vt 0.124210 0.217450
vt 0.126050 0.197830
vt 0.116900 0.192400
vt 0.126270 0.178180
vt 0.114980 0.178340
vt 0.131260 0.157710
vt 0.118620 0.160490
vt 0.107380 0.172300
vt 0.129120 0.145600
vt 0.115560 0.148960
vt 0.129620 0.130840
vt 0.099460 0.163180
vt 0.096780 0.181340
vt 0.089030 0.183040
vt 0.083540 0.191350
vt 0.080480 0.214160
vt 0.140060 0.115970
vt 0.137980 0.132990
vt 0.146270 0.119820
vt 0.144050 0.140840
vt 0.155310 0.129210
vt 0.152620 0.143070
vt 0.140180 0.161200
vt 0.157570 0.150480
vt 0.145900 0.166750
vt 0.135090 0.184500
vt 0.135440 0.207710
vt 0.139160 0.230400
vt 0.130250 0.236140
vt 0.119760 0.236720
vt 0.112510 0.251310
vt 0.107790 0.266520
vt 0.139730 0.251700
vt 0.144170 0.266260
vt 0.157930 0.116720
vt 0.165700 0.103630
vt 0.158320 0.101630
vt 0.151480 0.103720
vt 0.160830 0.082730
vt 0.144650 0.099370
vt 0.151610 0.090420
vt 0.157280 0.075090
vt 0.147660 0.083760
vt 0.152980 0.067930
vt 0.158800 0.042600
vt 0.153330 0.046080
vt 0.161310 0.051830
vt 0.158650 0.018100
vt 0.162320 0.020480
vt 0.163880 0.002200
vt 0.168480 0.012160
vt 0.165220 0.028520
vt 0.171350 0.021260
vt 0.166660 0.039430
vt 0.163940 0.058870
vt 0.170120 0.045930
vt 0.173010 0.032450
vt 0.173280 0.053030
vt 0.168320 0.062040
vt 0.172290 0.068670
vt 0.165580 0.085360
vt 0.171540 0.087600
vt 0.311640 0.974060
vt 0.310890 0.958540
vt 0.317790 0.974080
vt 0.305040 0.972800
vt 0.298640 0.950970
vt 0.294130 0.977820
vt 0.289420 0.955980
vt 0.305380 0.937990
vt 0.288880 0.942250
vt 0.295430 0.935610
vt 0.298900 0.919580
vt 0.284200 0.924130
vt 0.290470 0.918130
vt 0.282980 0.906740
vt 0.294920 0.905550
vt 0.295310 0.892790
vt 0.305500 0.897690
vt 0.309070 0.921730
vt 0.285540 0.894780
vt 0.315780 0.947100
vt 0.320290 0.937430
vt 0.317650 0.917260
vt 0.325910 0.931100
vt 0.329960 0.922760
vt 0.318250 0.904800
vt 0.335070 0.951170
vt 0.341090 0.945690
vt 0.328450 0.904050
vt 0.323890 0.891500
vt 0.311780 0.885990
vt 0.319290 0.882000
vt 0.327740 0.874680
vt 0.324100 0.869490
vt 0.331370 0.859580
vt 0.336290 0.862910
vt 0.327790 0.848360
vt 0.334520 0.840680
vt 0.340950 0.833860
vt 0.342010 0.853770
vt 0.330220 0.831040
vt 0.336310 0.822780
vt 0.331030 0.813890
vt 0.325280 0.828160
vt 0.321330 0.822640
vt 0.325000 0.814030
vt 0.317680 0.840530
vt 0.324410 0.838730
vt 0.322100 0.856230
vt 0.316940 0.872180
vt 0.315720 0.857250
vt 0.308950 0.862830
vt 0.308590 0.842020
vt 0.316310 0.821660
vt 0.300050 0.858270
vt 0.295770 0.840020
vt 0.302500 0.829230
vt 0.311410 0.820860
vt 0.313430 0.810890
vt 0.305370 0.812930
vt 0.294610 0.824800
vt 0.278620 0.836540
vt 0.281850 0.850490
vt 0.268570 0.854140
vt 0.280600 0.865170
vt 0.291210 0.854240
vt 0.289950 0.871590
vt 0.285080 0.880970
vt 0.298580 0.878380
vt 0.271970 0.874790
vt 0.275900 0.890670
vt 0.267200 0.887050
vt 0.261240 0.864940
vt 0.258920 0.882280
vt 0.264080 0.896990
vt 0.255860 0.903700
vt 0.265060 0.918720
vt 0.272000 0.909580
vt 0.273130 0.930130
vt 0.270380 0.950660
vt 0.280240 0.941550
vt 0.263850 0.933530
vt 0.283490 0.964700
vt 0.282210 0.977110
vt 0.269260 0.963100
vt 0.255100 0.938020
vt 0.256530 0.918610
vt 0.343170 0.956810
vt 0.342040 0.976200
vt 0.330820 0.981770
vt 0.331450 0.962070
vt 0.325300 0.971310
vt 0.327400 0.952490
vt 0.320130 0.956990
vt 0.188590 0.880010
vt 0.182790 0.891040
vt 0.175180 0.873330
vt 0.190500 0.891710
vt 0.203620 0.892060
vt 0.207680 0.905440
vt 0.198060 0.903400
vt 0.220060 0.890260
vt 0.188110 0.908910
vt 0.198520 0.914210
vt 0.208700 0.919320
vt 0.188620 0.918600
vt 0.848170 0.390710
vt 0.842430 0.377440
vt 0.858110 0.383230
vt 0.833110 0.386130
vt 0.849350 0.404800
vt 0.861130 0.400740
vt 0.871290 0.409430
vt 0.883590 0.402440
vt 0.871870 0.394920
vt 0.892550 0.410100
vt 0.892340 0.397280
vt 0.912490 0.400510
vt 0.898200 0.412880
vt 0.906980 0.386900
vt 0.928960 0.404280
vt 0.919760 0.390620
vt 0.933340 0.396180
vt 0.948660 0.402350
vt 0.902980 0.415380
vt 0.882090 0.428810
vt 0.870640 0.416090
vt 0.863950 0.420080
vt 0.843170 0.411090
vt 0.822340 0.390620
vt 0.806900 0.371450
vt 0.821710 0.375480
vt 0.809560 0.353970
vt 0.801620 0.351420
vt 0.785860 0.349500
vt 0.791530 0.336510
vt 0.775890 0.333860
vt 0.771600 0.316640
vt 0.783660 0.318730
vt 0.783650 0.304920
vt 0.798450 0.295830
vt 0.797870 0.309710
vt 0.812440 0.304410
vt 0.799890 0.321650
vt 0.804400 0.332400
vt 0.818670 0.320830
vt 0.816970 0.334970
vt 0.831850 0.336380
vt 0.818420 0.357770
vt 0.824770 0.352390
vt 0.839120 0.353430
vt 0.849740 0.337050
vt 0.835670 0.318940
vt 0.823180 0.307700
vt 0.836760 0.300910
vt 0.850290 0.313980
vt 0.847970 0.293140
vt 0.833920 0.280000
vt 0.820630 0.287990
vt 0.845390 0.272360
vt 0.824560 0.268320
vt 0.837780 0.255560
vt 0.857850 0.257680
vt 0.844210 0.240320
vt 0.858730 0.226930
vt 0.849050 0.221470
vt 0.861540 0.241590
vt 0.875460 0.238910
vt 0.873980 0.254790
vt 0.866840 0.229240
vt 0.877400 0.218900
vt 0.873950 0.206490
vt 0.888860 0.217570
vt 0.894220 0.233900
vt 0.909530 0.222190
vt 0.918180 0.238710
vt 0.901100 0.244440
vt 0.889520 0.251450
vt 0.933880 0.243610
vt 0.922140 0.253610
vt 0.927050 0.226840
vt 0.937420 0.253590
vt 0.937380 0.267990
vt 0.910880 0.258410
vt 0.903520 0.269230
vt 0.923550 0.272640
vt 0.917490 0.284210
vt 0.931180 0.286950
vt 0.942200 0.299230
vt 0.948940 0.284960
vt 0.928690 0.308720
vt 0.916700 0.299150
vt 0.912350 0.310130
vt 0.929160 0.322600
vt 0.943040 0.317520
vt 0.950300 0.314740
vt 0.951890 0.332850
vt 0.941500 0.333960
vt 0.939490 0.350780
vt 0.930880 0.336060
vt 0.949200 0.344480
vt 0.958650 0.346740
vt 0.951930 0.357440
vt 0.939870 0.363940
vt 0.960640 0.328110
vt 0.959510 0.359620
vt 0.964900 0.355610
vt 0.947760 0.376050
vt 0.947970 0.386460
vt 0.959400 0.381500
vt 0.956200 0.392250
vt 0.937210 0.385990
vt 0.924210 0.382540
vt 0.939450 0.375630
vt 0.930180 0.364260
vt 0.909800 0.372470
vt 0.914460 0.360090
vt 0.927230 0.349940
vt 0.916270 0.347820
vt 0.901140 0.350260
vt 0.906980 0.336100
vt 0.915530 0.329670
vt 0.899940 0.321250
vt 0.889190 0.338250
vt 0.882350 0.349580
vt 0.872020 0.335880
vt 0.881620 0.319140
vt 0.876130 0.300140
vt 0.893200 0.303630
vt 0.868560 0.317290
vt 0.901650 0.285770
vt 0.887710 0.283840
vt 0.873830 0.282010
vt 0.886080 0.269020
vt 0.872910 0.266500
vt 0.859060 0.275650
vt 0.862170 0.297170
vt 0.859710 0.328150
vt 0.863260 0.347280
vt 0.851050 0.357400
vt 0.866310 0.361650
vt 0.852090 0.368330
vt 0.870140 0.373150
vt 0.880700 0.360040
vt 0.886770 0.373240
vt 0.895560 0.363980
vt 0.877160 0.384110
vt 0.894570 0.383040
vt 0.956870 0.306370
vt 0.947340 0.255290
vt 0.946640 0.244180
vt 0.962070 0.244590
vt 0.956120 0.233660
vt 0.943330 0.233950
vt 0.948640 0.221460
vt 0.959410 0.217630
vt 0.959400 0.198680
vt 0.949100 0.207410
vt 0.951960 0.193220
vt 0.938020 0.200600
vt 0.939750 0.216710
vt 0.926900 0.213150
vt 0.904720 0.204870
vt 0.891180 0.209100
vt 0.885400 0.194060
vt 0.832820 0.369510
vt 0.131800 0.878590
vt 0.141170 0.890720
vt 0.126500 0.895410
vt 0.151460 0.876170
vt 0.147100 0.860280
vt 0.137020 0.854300
vt 0.119470 0.866560
vt 0.116890 0.882930
vt 0.125090 0.853020
vt 0.105220 0.870070
vt 0.110750 0.852650
vt 0.097350 0.848710
vt 0.105960 0.887700
vt 0.096120 0.878360
vt 0.088810 0.863780
vt 0.082060 0.879880
vt 0.073580 0.866570
vt 0.084570 0.849940
vt 0.068760 0.854060
vt 0.090370 0.826800
vt 0.079730 0.836190
vt 0.063200 0.870860
vt 0.071220 0.834650
vt 0.062570 0.846550
vt 0.057090 0.864850
vt 0.054280 0.855620
vt 0.055510 0.840870
vt 0.067570 0.824610
vt 0.048860 0.870130
vt 0.046530 0.849090
vt 0.046090 0.861750
vt 0.039570 0.866150
vt 0.050150 0.831610
vt 0.035760 0.859620
vt 0.031440 0.871720
vt 0.028740 0.872880
vt 0.030970 0.878280
vt 0.041530 0.875280
vt 0.032980 0.887900
vt 0.044620 0.880860
vt 0.050090 0.888050
vt 0.054640 0.880630
vt 0.040830 0.894400
vt 0.053560 0.903020
vt 0.027960 0.897970
vt 0.038330 0.906380
vt 0.062530 0.907410
vt 0.061670 0.892960
vt 0.068770 0.883060
vt 0.077460 0.893700
vt 0.071440 0.907840
vt 0.089890 0.924350
vt 0.090380 0.907340
vt 0.103020 0.914140
vt 0.096640 0.896210
vt 0.115460 0.899410
vt 0.058690 0.817010
vt 0.068320 0.798310
vt 0.066350 0.785140
vt 0.084660 0.785670
vt 0.086600 0.805340
vt 0.079410 0.813260
vt 0.100850 0.812850
vt 0.094610 0.796760
vt 0.100510 0.781270
vt 0.109160 0.790090
vt 0.116540 0.807480
vt 0.123340 0.789910
vt 0.118720 0.775720
vt 0.112080 0.764750
vt 0.127970 0.757410
vt 0.096230 0.764100
vt 0.106860 0.747560
vt 0.117840 0.743530
vt 0.134790 0.777220
vt 0.144700 0.763020
vt 0.135870 0.744120
vt 0.153710 0.744950
vt 0.145440 0.733070
vt 0.125190 0.728830
vt 0.138920 0.726850
vt 0.108130 0.726380
vt 0.117020 0.709280
vt 0.131400 0.711190
vt 0.104730 0.711530
vt 0.109250 0.693220
vt 0.125400 0.695790
vt 0.096040 0.701280
vt 0.099640 0.728890
vt 0.093210 0.717400
vt 0.096110 0.748180
vt 0.088670 0.738620
vt 0.082950 0.750980
vt 0.080730 0.730720
vt 0.071910 0.735420
vt 0.070260 0.716640
vt 0.081910 0.706460
vt 0.071660 0.694830
vt 0.087910 0.682860
vt 0.076670 0.675090
vt 0.090500 0.661840
vt 0.098220 0.680190
vt 0.107660 0.680100
vt 0.106260 0.660880
vt 0.113750 0.665660
vt 0.113900 0.649990
vt 0.100780 0.644660
vt 0.128170 0.676850
vt 0.129080 0.658100
vt 0.120410 0.678180
vt 0.145040 0.664000
vt 0.133970 0.646980
vt 0.139030 0.671960
vt 0.123280 0.638490
vt 0.130070 0.629080
vt 0.113190 0.630740
vt 0.145540 0.641860
vt 0.138850 0.618180
vt 0.120540 0.609580
vt 0.154990 0.656360
vt 0.163100 0.634890
vt 0.155980 0.625840
vt 0.152920 0.606810
vt 0.166240 0.614530
vt 0.159780 0.598610
vt 0.138660 0.601630
vt 0.148580 0.587300
vt 0.161210 0.578430
vt 0.149140 0.567330
vt 0.130270 0.593110
vt 0.135220 0.575070
vt 0.124090 0.565800
vt 0.137100 0.561330
vt 0.117400 0.578570
vt 0.121810 0.588800
vt 0.112830 0.597230
vt 0.105470 0.584220
vt 0.092120 0.587780
vt 0.095890 0.569940
vt 0.109800 0.565190
vt 0.097430 0.604160
vt 0.084680 0.597760
vt 0.082400 0.578870
vt 0.069100 0.594560
vt 0.071790 0.569070
vt 0.089190 0.561090
vt 0.102300 0.549630
vt 0.079250 0.549570
vt 0.092820 0.545000
vt 0.108250 0.533760
vt 0.116550 0.547850
vt 0.126840 0.533300
vt 0.132570 0.546000
vt 0.143440 0.545880
vt 0.142340 0.525660
vt 0.151400 0.539090
vt 0.156270 0.527330
vt 0.132110 0.512420
vt 0.148420 0.508370
vt 0.164630 0.545100
vt 0.176380 0.537190
vt 0.174510 0.517280
vt 0.162120 0.513450
vt 0.173660 0.497290
vt 0.155100 0.493630
vt 0.148680 0.474490
vt 0.159480 0.479530
vt 0.169850 0.483380
vt 0.140600 0.493260
vt 0.132390 0.478700
vt 0.147270 0.456840
vt 0.159270 0.461190
vt 0.170360 0.464560
vt 0.163610 0.444700
vt 0.173980 0.452310
vt 0.184310 0.467090
vt 0.192460 0.449340
vt 0.197070 0.465180
vt 0.188350 0.482520
vt 0.199990 0.473190
vt 0.212350 0.463930
vt 0.209390 0.447890
vt 0.221860 0.442680
vt 0.212130 0.427240
vt 0.197950 0.435500
vt 0.230160 0.462650
vt 0.226490 0.418670
vt 0.236100 0.424010
vt 0.233290 0.444730
vt 0.241110 0.401940
vt 0.254500 0.414330
vt 0.244980 0.431420
vt 0.248820 0.448730
vt 0.254740 0.430520
vt 0.261850 0.439220
vt 0.257690 0.457840
vt 0.243450 0.459170
vt 0.255600 0.475380
vt 0.239460 0.475700
vt 0.268120 0.457780
vt 0.270360 0.476790
vt 0.261890 0.494220
vt 0.250630 0.499270
vt 0.241740 0.490980
vt 0.260420 0.512360
vt 0.237450 0.510870
vt 0.245010 0.522260
vt 0.226250 0.499910
vt 0.228810 0.525960
vt 0.221620 0.511460
vt 0.214010 0.521800
vt 0.209010 0.501390
vt 0.205830 0.515590
vt 0.199510 0.496730
vt 0.213760 0.482680
vt 0.229480 0.488290
vt 0.222490 0.473880
vt 0.190310 0.518000
vt 0.187220 0.499010
vt 0.201690 0.534140
vt 0.187590 0.531270
vt 0.189120 0.552170
vt 0.189910 0.572840
vt 0.175140 0.570050
vt 0.199910 0.558410
vt 0.177540 0.552840
vt 0.165300 0.562400
vt 0.153790 0.557270
vt 0.172720 0.590220
vt 0.185450 0.588340
vt 0.174330 0.600000
vt 0.187950 0.607230
vt 0.177450 0.617630
vt 0.189570 0.618190
vt 0.181620 0.633280
vt 0.200090 0.624030
vt 0.204120 0.604530
vt 0.197030 0.589140
vt 0.220090 0.590350
vt 0.210170 0.587640
vt 0.216370 0.611980
vt 0.217230 0.569510
vt 0.207780 0.572440
vt 0.230100 0.555510
vt 0.228430 0.572960
vt 0.224090 0.546290
vt 0.208800 0.553200
vt 0.239520 0.539910
vt 0.214640 0.536570
vt 0.248620 0.544510
vt 0.259670 0.528130
vt 0.264750 0.546070
vt 0.257710 0.553500
vt 0.243170 0.565150
vt 0.255000 0.571950
vt 0.241280 0.579490
vt 0.255500 0.589710
vt 0.230410 0.589950
vt 0.239500 0.597960
vt 0.227010 0.608030
vt 0.227460 0.627490
vt 0.240780 0.617960
vt 0.231240 0.642900
vt 0.245000 0.625850
vt 0.213680 0.639440
vt 0.210650 0.629320
vt 0.247080 0.642110
vt 0.256800 0.626690
vt 0.262420 0.607880
vt 0.247930 0.602430
vt 0.270420 0.615380
vt 0.279070 0.594210
vt 0.269950 0.589380
vt 0.266300 0.577560
vt 0.278640 0.570140
vt 0.290890 0.556340
vt 0.289400 0.576110
vt 0.278920 0.549120
vt 0.266680 0.565430
vt 0.303680 0.561270
vt 0.296010 0.584590
vt 0.310730 0.572090
vt 0.302900 0.591810
vt 0.284810 0.603880
vt 0.296080 0.605120
vt 0.294570 0.618100
vt 0.279280 0.622670
vt 0.286450 0.636810
vt 0.277390 0.643640
vt 0.265050 0.637520
vt 0.268590 0.659960
vt 0.283510 0.656880
vt 0.273660 0.673220
vt 0.259870 0.670640
vt 0.256410 0.652990
vt 0.242240 0.654830
vt 0.245060 0.666320
vt 0.231610 0.677010
vt 0.246590 0.682660
vt 0.228480 0.662940
vt 0.218850 0.685030
vt 0.222470 0.650980
vt 0.213850 0.666660
vt 0.204370 0.681440
vt 0.201720 0.667420
vt 0.205840 0.653340
vt 0.189840 0.656090
vt 0.198560 0.641110
vt 0.180220 0.651950
vt 0.180780 0.673150
vt 0.166120 0.666390
vt 0.167820 0.647360
vt 0.152740 0.675950
vt 0.165880 0.681020
vt 0.175250 0.690820
vt 0.156960 0.693600
vt 0.161740 0.707420
vt 0.139900 0.692140
vt 0.147090 0.711090
vt 0.155720 0.728120
vt 0.165800 0.717880
vt 0.180160 0.711110
vt 0.178530 0.726320
vt 0.190520 0.729180
vt 0.198380 0.705070
vt 0.186610 0.697910
vt 0.203220 0.692100
vt 0.188380 0.684020
vt 0.213820 0.704600
vt 0.202560 0.716660
vt 0.211900 0.721950
vt 0.230530 0.696370
vt 0.224090 0.721520
vt 0.216060 0.741360
vt 0.230360 0.736530
vt 0.241630 0.730250
vt 0.238830 0.714020
vt 0.210160 0.752990
vt 0.200450 0.734100
vt 0.228660 0.757970
vt 0.192980 0.751060
vt 0.183050 0.766930
vt 0.178660 0.746080
vt 0.194160 0.769190
vt 0.207080 0.763710
vt 0.191790 0.787890
vt 0.206060 0.775270
vt 0.216880 0.786660
vt 0.219960 0.770500
vt 0.205280 0.791170
vt 0.216350 0.802590
vt 0.190740 0.805660
vt 0.206800 0.810420
vt 0.178690 0.818230
vt 0.173630 0.804320
vt 0.161280 0.823300
vt 0.156380 0.802070
vt 0.168160 0.791640
vt 0.181330 0.787690
vt 0.172790 0.773770
vt 0.156410 0.774020
vt 0.170880 0.753240
vt 0.161800 0.759620
vt 0.166540 0.735330
vt 0.151230 0.783970
vt 0.135470 0.795640
vt 0.143740 0.807440
vt 0.132700 0.816790
vt 0.128570 0.832780
vt 0.116660 0.821790
vt 0.142990 0.833160
vt 0.151600 0.821510
vt 0.114930 0.837390
vt 0.103230 0.826000
vt 0.152770 0.842190
vt 0.169620 0.834530
vt 0.161050 0.859620
vt 0.223150 0.818490
vt 0.233200 0.790290
vt 0.232570 0.803080
vt 0.236180 0.815960
vt 0.242780 0.832580
vt 0.256840 0.825120
vt 0.246830 0.813140
vt 0.262990 0.802160
vt 0.261280 0.815630
vt 0.248690 0.793440
vt 0.265620 0.786980
vt 0.262470 0.775020
vt 0.245240 0.775390
vt 0.279850 0.775280
vt 0.273240 0.763410
vt 0.259890 0.762270
vt 0.273100 0.747780
vt 0.283790 0.747250
vt 0.292800 0.757620
vt 0.278150 0.731020
vt 0.289570 0.728870
vt 0.297950 0.738080
vt 0.305970 0.742620
vt 0.316900 0.730220
vt 0.309770 0.722440
vt 0.315710 0.707010
vt 0.325040 0.713170
vt 0.297610 0.716100
vt 0.307980 0.702630
vt 0.284250 0.711070
vt 0.296000 0.702790
vt 0.322940 0.692270
vt 0.308280 0.689840
vt 0.297230 0.680710
vt 0.312940 0.677180
vt 0.326960 0.677170
vt 0.290150 0.694310
vt 0.334750 0.683780
vt 0.338950 0.668530
vt 0.332710 0.658820
vt 0.317880 0.663980
vt 0.322390 0.651640
vt 0.333330 0.643170
vt 0.327020 0.630370
vt 0.309760 0.640660
vt 0.315400 0.626270
vt 0.331380 0.613230
vt 0.304380 0.626980
vt 0.298290 0.637660
vt 0.306460 0.655770
vt 0.303390 0.666240
vt 0.295350 0.649990
vt 0.287510 0.666600
vt 0.283740 0.683620
vt 0.263520 0.686470
vt 0.275440 0.697280
vt 0.263960 0.706720
vt 0.273620 0.714380
vt 0.266610 0.731530
vt 0.254700 0.722660
vt 0.252000 0.742300
vt 0.256940 0.749840
vt 0.235980 0.751570
vt 0.244690 0.760760
vt 0.231150 0.776940
vt 0.253000 0.702280
vt 0.240050 0.701300
vt 0.307440 0.613040
vt 0.311490 0.591560
vt 0.322500 0.607020
vt 0.325720 0.596550
vt 0.335490 0.595100
vt 0.335110 0.587300
vt 0.323010 0.584130
vt 0.336350 0.572390
vt 0.323060 0.571740
vt 0.338280 0.559130
vt 0.346670 0.542290
vt 0.328720 0.556510
vt 0.326780 0.540490
vt 0.344140 0.529860
vt 0.310140 0.542170
vt 0.318770 0.523870
vt 0.330360 0.525600
vt 0.320890 0.557040
vt 0.296410 0.543030
vt 0.303360 0.525330
vt 0.309010 0.512200
vt 0.291250 0.523780
vt 0.292640 0.506180
vt 0.280140 0.519000
vt 0.278140 0.533410
vt 0.270300 0.511760
vt 0.283610 0.501460
vt 0.275600 0.489370
vt 0.284630 0.475390
vt 0.290580 0.487550
vt 0.290970 0.463610
vt 0.304970 0.472420
vt 0.301210 0.491950
vt 0.297800 0.448580
vt 0.308630 0.449460
vt 0.318560 0.463830
vt 0.313980 0.479640
vt 0.315760 0.499490
vt 0.326740 0.481160
vt 0.329250 0.496610
vt 0.325940 0.510470
vt 0.345090 0.516480
vt 0.345760 0.502940
vt 0.347600 0.490980
vt 0.340040 0.483330
vt 0.332980 0.464600
vt 0.346330 0.465170
vt 0.343920 0.450270
vt 0.335520 0.446960
vt 0.349890 0.437070
vt 0.338900 0.430780
vt 0.325600 0.444320
vt 0.324960 0.421240
vt 0.336350 0.408590
vt 0.318020 0.435540
vt 0.306120 0.433440
vt 0.311700 0.415390
vt 0.295320 0.426810
vt 0.282980 0.425790
vt 0.282470 0.445030
vt 0.291230 0.404080
vt 0.301020 0.408670
vt 0.316490 0.395380
vt 0.305940 0.390050
vt 0.317190 0.381240
vt 0.302500 0.374240
vt 0.291540 0.386580
vt 0.277280 0.393810
vt 0.275820 0.380270
vt 0.262930 0.381920
vt 0.266850 0.404800
vt 0.277090 0.406750
vt 0.269070 0.422400
vt 0.273830 0.437790
vt 0.257110 0.398390
vt 0.251110 0.386580
vt 0.240790 0.375890
vt 0.257240 0.368360
vt 0.236040 0.390060
vt 0.224070 0.379770
vt 0.228190 0.361670
vt 0.246130 0.363530
vt 0.244240 0.348860
vt 0.261850 0.350520
vt 0.272110 0.360800
vt 0.226980 0.336280
vt 0.211290 0.331640
vt 0.219660 0.313230
vt 0.218200 0.344060
vt 0.208890 0.362320
vt 0.203600 0.345530
vt 0.195350 0.355460
vt 0.184960 0.349440
vt 0.200720 0.327700
vt 0.177040 0.331660
vt 0.163880 0.345390
vt 0.160470 0.329090
vt 0.174210 0.346130
vt 0.149050 0.345890
vt 0.153210 0.364430
vt 0.138410 0.356910
vt 0.138630 0.369080
vt 0.121500 0.368470
vt 0.123510 0.341580
vt 0.143010 0.383860
vt 0.127700 0.383420
vt 0.132540 0.398660
vt 0.115710 0.387760
vt 0.125530 0.402650
vt 0.136310 0.412070
vt 0.148660 0.397260
vt 0.151850 0.415630
vt 0.160670 0.399590
vt 0.161940 0.381560
vt 0.172060 0.387100
vt 0.166600 0.362460
vt 0.180600 0.368510
vt 0.188070 0.380960
vt 0.197520 0.373320
vt 0.178980 0.405310
vt 0.189640 0.403370
vt 0.202290 0.390970
vt 0.200720 0.412460
vt 0.209690 0.407820
vt 0.217720 0.392480
vt 0.213480 0.374080
vt 0.221970 0.407530
vt 0.189300 0.423580
vt 0.180490 0.436200
vt 0.169520 0.426140
vt 0.166400 0.408030
vt 0.152770 0.434260
vt 0.140200 0.427780
vt 0.140330 0.446150
vt 0.124060 0.443560
vt 0.130420 0.431850
vt 0.127580 0.466150
vt 0.118160 0.489570
vt 0.112370 0.475240
vt 0.118370 0.455990
vt 0.101430 0.456390
vt 0.109110 0.439230
vt 0.097350 0.439120
vt 0.119010 0.423080
vt 0.109850 0.412720
vt 0.098240 0.422400
vt 0.104710 0.402730
vt 0.090190 0.411810
vt 0.100900 0.391630
vt 0.075450 0.428320
vt 0.085150 0.432270
vt 0.078330 0.404790
vt 0.088810 0.396600
vt 0.085180 0.446100
vt 0.072840 0.446110
vt 0.074110 0.458970
vt 0.061620 0.458770
vt 0.063000 0.441910
vt 0.053900 0.451860
vt 0.054560 0.435460
vt 0.067230 0.424240
vt 0.059230 0.418260
vt 0.066610 0.407790
vt 0.055550 0.405480
vt 0.069000 0.395370
vt 0.075220 0.377570
vt 0.081560 0.383440
vt 0.059420 0.381310
vt 0.048720 0.395750
vt 0.052250 0.378900
vt 0.064680 0.366600
vt 0.077200 0.365310
vt 0.042310 0.391330
vt 0.039140 0.377010
vt 0.052510 0.362910
vt 0.038130 0.407790
vt 0.043490 0.417100
vt 0.042150 0.428860
vt 0.041640 0.442100
vt 0.040530 0.454890
vt 0.043190 0.466840
vt 0.052460 0.471450
vt 0.035950 0.483340
vt 0.066420 0.470820
vt 0.050390 0.480950
vt 0.046050 0.498480
vt 0.061690 0.485460
vt 0.033480 0.497840
vt 0.031720 0.512960
vt 0.044480 0.509990
vt 0.032780 0.521310
vt 0.045730 0.524660
vt 0.030170 0.540360
vt 0.040770 0.543050
vt 0.026330 0.557360
vt 0.039580 0.557640
vt 0.052610 0.531760
vt 0.052220 0.543990
vt 0.056610 0.515730
vt 0.064670 0.528090
vt 0.065800 0.543680
vt 0.075320 0.533230
vt 0.075930 0.512720
vt 0.066110 0.508500
vt 0.077930 0.491260
vt 0.057050 0.498850
vt 0.064730 0.493240
vt 0.078160 0.476690
vt 0.087130 0.477150
vt 0.079090 0.464250
vt 0.090880 0.463050
vt 0.100490 0.477830
vt 0.100310 0.497680
vt 0.085510 0.497090
vt 0.091520 0.512610
vt 0.094940 0.528500
vt 0.084550 0.529740
vt 0.108380 0.517730
vt 0.107390 0.506540
vt 0.120740 0.504940
vt 0.120200 0.523110
vt 0.129130 0.496470
vt 0.054830 0.554450
vt 0.064560 0.556050
vt 0.057120 0.568600
vt 0.059580 0.585080
vt 0.050250 0.587180
vt 0.043720 0.574960
vt 0.052970 0.603040
vt 0.037790 0.596940
vt 0.049270 0.616300
vt 0.033610 0.611710
vt 0.063020 0.609790
vt 0.076720 0.607760
vt 0.065080 0.627670
vt 0.056180 0.625480
vt 0.083070 0.614620
vt 0.074000 0.630180
vt 0.088000 0.634480
vt 0.093720 0.622830
vt 0.102500 0.627600
vt 0.082830 0.646940
vt 0.106960 0.609970
vt 0.074290 0.657680
vt 0.064790 0.650240
vt 0.063340 0.672320
vt 0.047640 0.658190
vt 0.052120 0.643560
vt 0.053800 0.676730
vt 0.044170 0.674300
vt 0.033120 0.662030
vt 0.035970 0.643610
vt 0.021930 0.641390
vt 0.038950 0.627250
vt 0.025710 0.652600
vt 0.030260 0.621730
vt 0.023830 0.670560
vt 0.031570 0.685430
vt 0.021090 0.688680
vt 0.033210 0.700540
vt 0.019440 0.707260
vt 0.026720 0.714150
vt 0.045220 0.707480
vt 0.039620 0.719350
vt 0.022040 0.725340
vt 0.033390 0.725840
vt 0.048780 0.725260
vt 0.042180 0.744360
vt 0.052360 0.752770
vt 0.058920 0.705040
vt 0.060110 0.728030
vt 0.051220 0.775730
vt 0.040760 0.762130
vt 0.061310 0.764720
vt 0.066840 0.750780
vt 0.036160 0.772410
vt 0.028960 0.753370
vt 0.027930 0.734760
vt 0.073820 0.765610
vt 0.081380 0.773580
vt 0.058450 0.692130
vt 0.043520 0.690170
vt 0.031720 0.586720
vt 0.032030 0.570750
vt 0.069890 0.350480
vt 0.079810 0.354360
vt 0.087700 0.339400
vt 0.096270 0.343290
vt 0.101250 0.333050
vt 0.105620 0.342670
vt 0.119570 0.328160
vt 0.111420 0.348170
vt 0.102180 0.359440
vt 0.092520 0.354190
vt 0.109930 0.373380
vt 0.097400 0.376780
vt 0.089830 0.371810
vt 0.330930 0.388480
vt 0.332100 0.368900
vt 0.342100 0.383140
vt 0.323410 0.404480
vt 0.276000 0.462680
vt 0.332190 0.693720
vt 0.329020 0.723690
vt 0.328620 0.740900
vt 0.318530 0.745230
vt 0.317460 0.764280
vt 0.305240 0.757660
vt 0.327670 0.757400
vt 0.293960 0.766930
vt 0.307340 0.770230
vt 0.317290 0.781440
vt 0.301740 0.784940
vt 0.305910 0.791600
vt 0.289560 0.802650
vt 0.288650 0.782420
vt 0.315380 0.794680
vt 0.300360 0.805500
vt 0.285730 0.817640
vt 0.323700 0.803500
vt 0.331030 0.791340
vt 0.337240 0.799400
vt 0.334370 0.780670
vt 0.328080 0.774460
vt 0.276360 0.809050
vt 0.271990 0.824610
vt 0.279650 0.793690
vt 0.993260 0.962540
vt 0.981680 0.974830
vt 0.982370 0.962640
vt 0.996520 0.974370
vt 0.985210 0.947160
vt 0.971600 0.954570
vt 0.977280 0.940750
vt 0.995840 0.924330
vt 0.984440 0.923480
vt 0.968880 0.928930
vt 0.960410 0.946300
vt 0.972090 0.917380
vt 0.956050 0.925900
vt 0.950480 0.936940
vt 0.945880 0.920760
vt 0.958050 0.905500
vt 0.942160 0.898120
vt 0.935990 0.913490
vt 0.931540 0.940550
vt 0.926710 0.927830
vt 0.922500 0.895660
vt 0.922850 0.913860
vt 0.909110 0.893910
vt 0.909460 0.926430
vt 0.906060 0.909250
vt 0.900210 0.897380
vt 0.913450 0.873040
vt 0.903070 0.879720
vt 0.888990 0.888060
vt 0.877950 0.889770
vt 0.881020 0.903900
vt 0.896700 0.907780
vt 0.893540 0.873870
vt 0.887120 0.871390
vt 0.877240 0.873540
vt 0.893170 0.913670
vt 0.872150 0.925200
vt 0.891080 0.931330
vt 0.874730 0.937790
vt 0.856790 0.916850
vt 0.856030 0.935320
vt 0.867670 0.917180
vt 0.894740 0.946560
vt 0.876550 0.949140
vt 0.881960 0.961090
vt 0.857840 0.949560
vt 0.845910 0.941130
vt 0.845710 0.922390
vt 0.835590 0.924290
vt 0.829720 0.903260
vt 0.838100 0.904510
vt 0.829490 0.881970
vt 0.836710 0.884200
vt 0.835770 0.866380
vt 0.851140 0.849240
vt 0.849330 0.860650
vt 0.845920 0.837970
vt 0.859530 0.834580
vt 0.867970 0.822410
vt 0.847590 0.817820
vt 0.868670 0.809420
vt 0.863360 0.800860
vt 0.884480 0.798000
vt 0.886370 0.786990
vt 0.875480 0.783150
vt 0.897590 0.774680
vt 0.921070 0.771450
vt 0.905450 0.784400
vt 0.941320 0.786140
vt 0.934180 0.792430
vt 0.917020 0.790020
vt 0.938390 0.772300
vt 0.955460 0.787630
vt 0.957780 0.799970
vt 0.947440 0.805740
vt 0.968800 0.814670
vt 0.927130 0.808350
vt 0.920990 0.798970
vt 0.944810 0.817470
vt 0.960330 0.820900
vt 0.955060 0.830850
vt 0.974870 0.839340
vt 0.980690 0.829060
vt 0.992780 0.822960
vt 0.988810 0.843260
vt 0.998830 0.851920
vt 0.981180 0.855540
vt 0.986500 0.873330
vt 0.985460 0.889890
vt 0.972130 0.882180
vt 0.999890 0.893990
vt 0.967000 0.866690
vt 0.953070 0.878340
vt 0.967620 0.848860
vt 0.950850 0.860120
vt 0.936080 0.864440
vt 0.946420 0.836650
vt 0.940630 0.851240
vt 0.936410 0.884980
vt 0.920590 0.857090
vt 0.927160 0.871390
vt 0.920530 0.847390
vt 0.955230 0.889350
vt 0.977960 0.902930
vt 0.990670 0.908020
vt 0.904360 0.855750
vt 0.912890 0.837730
vt 0.931560 0.839520
vt 0.924790 0.826920
vt 0.919680 0.816470
vt 0.934050 0.822500
vt 0.908060 0.822350
vt 0.884940 0.819720
vt 0.894960 0.827940
vt 0.901790 0.808160
vt 0.880930 0.808780
vt 0.898410 0.796680
vt 0.879720 0.831410
vt 0.872020 0.839260
vt 0.887110 0.847820
vt 0.895410 0.843110
vt 0.896210 0.865830
vt 0.905190 0.868910
vt 0.868620 0.848370
vt 0.878700 0.860380
vt 0.866690 0.865180
vt 0.852480 0.880480
vt 0.864180 0.882150
vt 0.860710 0.898380
vt 0.846750 0.897520
vt 0.867890 0.901170
vt 0.906620 0.959130
vt 0.909600 0.967060
vt 0.913860 0.946800
vt 0.925670 0.956710
vt 0.909830 0.936620
vt 0.944270 0.951600
vt 0.937070 0.966800
vt 0.959750 0.967620
vt 0.944680 0.977930
vt 0.956020 0.958750
vt 0.929990 0.977490
vt 0.964430 0.977700
vt 0.947880 0.988810
vt 0.959710 0.986990
vt 0.973970 0.985800
s 0
usemtl mat0.1063
f 6/1/1 1/2/2 2/3/3
f 1/2/4 3/4/5 2/3/6
f 1/2/7 4/5/8 3/4/9
f 7/6/10 4/5/11 1/2/12
f 7/6/13 1/2/14 5/7/15
f 1/2/16 6/1/17 5/7/18
f 8/8/19 10/9/20 7/6/21
f 8/8/22 7/6/23 9/10/24
f 7/6/25 5/7/26 9/10/27
f 7/6/28 10/9/29 4/5/30
f 8/8/31 11/11/32 10/9/33
f 10/9/34 11/11/35 12/12/36
f 12/12/37 4/5/38 10/9/39
f 13/13/40 4/5/41 12/12/42
f 12/12/37 14/14/43 13/13/44
f 15/15/45 14/14/46 12/12/47
f 11/11/48 15/15/49 12/12/50
f 16/16/51 14/14/52 15/15/53
f 16/16/54 15/15/55 17/17/56
f 17/17/57 15/15/58 18/18/59
f 18/18/60 15/15/61 11/11/62
f 21/19/63 19/20/64 18/18/59
f 17/17/65 18/18/66 19/20/64
f 18/18/67 20/21/68 21/19/69
f 18/18/70 11/11/48 20/21/71
f 21/19/72 22/22/73 19/20/74
f 23/23/75 22/22/76 21/19/77
f 23/23/78 21/19/69 24/24/79
f 24/24/80 21/19/81 20/21/82
f 25/25/83 27/26/84 24/24/85
f 25/25/86 24/24/85 26/27/87
f 24/24/88 20/21/89 26/27/90
f 24/24/91 27/26/92 23/23/93
f 28/28/94 23/23/75 27/26/95
f 29/29/96 27/26/97 30/30/98
f 30/30/99 27/26/100 25/25/101
f 29/29/102 30/30/103 31/31/104
f 32/32/105 31/31/106 30/30/107
f 32/32/108 30/30/109 33/33/110
f 30/30/111 25/25/112 33/33/113
f 25/25/114 26/27/115 33/33/116
f 33/33/117 26/27/118 34/34/119
f 32/32/108 33/33/120 34/34/121
f 32/32/122 34/34/123 35/35/124
f 34/34/125 36/36/126 35/35/127
f 34/34/128 37/37/129 36/36/130
f 38/38/131 37/37/132 34/34/133
f 26/27/134 38/38/135 34/34/136
f 38/38/137 9/10/138 37/37/139
f 26/27/140 8/8/141 38/38/142
f 8/8/143 9/10/138 38/38/144
f 37/37/145 39/39/146 36/36/147
f 39/39/148 37/37/149 40/40/150
f 37/37/151 9/10/152 40/40/153
f 41/41/154 40/40/155 5/7/156
f 40/40/157 41/41/158 42/42/159
f 42/42/160 39/39/161 40/40/162
f 9/10/163 5/7/164 40/40/165
f 39/39/166 42/42/167 43/43/168
f 43/43/169 42/42/170 45/44/171
f 44/45/172 42/42/173 41/41/174
f 42/42/175 44/45/176 45/44/177
f 46/46/178 43/43/179 45/44/180
f 46/46/181 45/44/182 47/47/183
f 47/47/184 45/44/185 48/48/186
f 45/44/187 49/49/188 48/48/189
f 45/44/190 44/45/191 49/49/192
f 48/48/193 49/49/194 50/50/195
f 50/50/196 49/49/197 52/51/198
f 51/52/199 49/49/197 44/45/200
f 51/52/201 52/51/202 49/49/203
f 51/52/204 54/53/205 52/51/206
f 52/51/207 54/53/208 53/54/209
f 55/55/210 54/53/211 51/52/212
f 53/54/213 54/53/208 56/56/214
f 56/56/215 54/53/216 55/55/217
f 57/57/218 56/56/219 55/55/220
f 56/56/221 57/57/222 58/58/223
f 53/54/224 56/56/225 58/58/226
f 57/57/222 59/59/227 58/58/228
f 59/59/229 60/60/230 61/61/231
f 57/57/232 60/60/233 59/59/234
f 60/60/235 6/1/236 61/61/237
f 2/3/238 61/61/239 6/1/240
f 55/55/241 41/41/242 60/60/243
f 41/41/244 5/7/245 60/60/246
f 57/57/247 55/55/241 60/60/243
f 5/7/248 6/1/249 60/60/250
f 41/41/251 55/55/252 51/52/253
f 51/52/254 44/45/255 41/41/256
f 46/46/257 47/47/258 62/62/259
f 63/63/260 64/64/261 62/62/262
f 64/64/263 46/46/264 62/62/265
f 64/64/266 65/65/267 66/66/268
f 63/63/269 65/65/270 64/64/271
f 64/64/272 35/35/273 46/46/274
f 66/66/275 35/35/276 64/64/277
f 65/65/278 67/67/279 66/66/280
f 67/67/281 31/31/282 66/66/283
f 31/31/284 32/32/285 66/66/286
f 32/32/287 35/35/288 66/66/275
f 67/67/289 68/68/290 31/31/291
f 68/68/292 67/67/293 65/65/294
f 29/29/295 31/31/296 68/68/297
f 69/69/298 65/65/299 63/63/300
f 35/35/301 43/43/302 46/46/303
f 36/36/304 43/43/305 35/35/306
f 36/36/307 39/39/148 43/43/308
f 28/28/309 22/22/310 23/23/311
f 26/27/312 20/21/313 8/8/141
f 20/21/314 11/11/315 8/8/316
f 19/20/317 70/70/318 17/17/319
f 17/17/65 70/70/320 16/16/321
f 16/16/322 70/70/323 71/71/324
f 16/16/325 71/71/326 14/14/327
f 4/5/41 13/13/328 3/4/329
f 75/72/330 72/73/331 73/74/332
f 72/73/333 74/75/334 73/74/335
f 76/76/336 74/75/337 72/73/338
f 76/76/339 78/77/340 74/75/341
f 77/78/342 78/77/343 76/76/344
f 78/77/345 79/79/346 74/75/347
f 77/78/348 80/80/349 78/77/350
f 79/79/351 78/77/352 82/81/353
f 80/80/354 81/82/355 78/77/356
f 81/82/357 82/81/358 78/77/359
f 81/82/360 83/83/361 82/81/362
f 82/81/363 83/83/364 84/84/365
f 82/81/353 84/84/366 85/85/367
f 79/79/368 82/81/369 85/85/370
f 87/86/371 85/85/372 86/87/373
f 79/79/374 85/85/375 87/86/376
f 74/75/377 79/79/378 87/86/379
f 74/75/380 87/86/381 73/74/382
f 73/74/383 87/86/384 88/88/385
f 88/88/386 87/86/371 86/87/387
f 73/74/335 88/88/388 89/89/389
f 75/72/390 73/74/391 89/89/392
f 84/84/393 83/83/394 91/90/395
f 84/84/396 91/90/397 90/91/398
f 83/83/399 92/92/400 91/90/401
f 91/90/402 94/93/403 90/91/404
f 92/92/405 93/94/406 91/90/407
f 91/90/408 93/94/409 94/93/410
f 90/91/411 94/93/412 95/95/413
f 94/93/414 97/96/415 95/95/416
f 93/94/417 96/97/418 94/93/419
f 96/97/420 97/96/421 94/93/422
f 93/94/423 98/98/424 96/97/425
f 98/98/426 99/99/427 96/97/428
f 100/100/429 101/101/430 99/99/431
f 98/98/432 100/100/433 99/99/434
f 101/101/435 102/102/436 99/99/437
f 101/101/438 103/103/439 102/102/440
f 103/103/441 104/104/442 102/102/443
f 103/103/444 105/105/445 104/104/446
f 105/105/447 106/106/448 104/104/449
f 105/105/450 107/107/451 106/106/452
f 108/108/453 109/109/454 107/107/455
f 105/105/445 108/108/456 107/107/457
f 107/107/458 109/109/459 110/110/460
f 109/109/461 111/111/462 110/110/463
f 109/109/464 112/112/465 111/111/466
f 113/113/467 114/114/468 112/112/469
f 113/113/470 112/112/471 109/109/472
f 114/114/473 115/115/474 112/112/471
f 116/116/475 115/115/476 114/114/477
f 117/117/478 116/116/479 114/114/480
f 119/118/481 116/116/482 117/117/483
f 119/118/484 118/119/485 116/116/486
f 120/120/487 119/118/488 117/117/489
f 120/120/490 121/121/491 119/118/492
f 121/121/493 122/122/494 119/118/495
f 119/118/496 122/122/497 118/119/498
f 123/123/499 122/122/500 121/121/501
f 124/124/502 123/123/503 121/121/504
f 125/125/505 124/124/506 126/126/507
f 126/126/508 124/124/509 127/127/510
f 124/124/511 121/121/512 127/127/513
f 127/127/514 121/121/515 120/120/516
f 128/128/517 127/127/518 120/120/519
f 126/126/520 127/127/521 128/128/522
f 129/129/523 128/128/524 120/120/525
f 130/130/526 128/128/527 129/129/528
f 126/126/529 128/128/530 130/130/531
f 130/130/532 129/129/533 131/131/534
f 133/132/535 130/130/536 131/131/537
f 132/133/538 126/126/539 130/130/540
f 132/133/541 130/130/542 133/132/543
f 134/134/544 136/135/545 133/132/546
f 134/134/547 133/132/548 135/136/549
f 135/136/550 133/132/551 131/131/552
f 136/135/553 132/133/554 133/132/535
f 136/135/555 134/134/556 140/137/557
f 137/138/558 136/135/559 140/137/560
f 136/135/561 139/139/562 132/133/563
f 138/140/564 139/139/565 136/135/559
f 141/141/566 137/138/567 140/137/568
f 141/141/569 140/137/570 142/142/571
f 142/142/572 140/137/573 134/134/574
f 143/143/575 142/142/576 144/144/577
f 141/141/578 142/142/579 143/143/580
f 142/142/581 134/134/582 144/144/583
f 145/145/584 143/143/585 144/144/586
f 145/145/587 144/144/588 146/146/589
f 144/144/590 147/147/591 146/146/592
f 144/144/593 134/134/594 147/147/595
f 146/146/596 147/147/597 149/148/598
f 147/147/599 135/136/600 148/149/601
f 149/148/602 147/147/603 148/149/604
f 134/134/605 135/136/606 147/147/607
f 146/146/608 149/148/609 150/150/610
f 149/148/611 151/151/612 150/150/613
f 149/148/614 148/149/615 151/151/616
f 150/150/617 151/151/618 152/152/619
f 151/151/620 153/153/621 152/152/622
f 151/151/623 154/154/624 153/153/621
f 148/149/625 154/154/626 151/151/627
f 148/149/628 155/155/629 154/154/630
f 155/155/631 156/156/632 154/154/633
f 153/153/634 154/154/635 156/156/636
f 157/157/637 108/108/638 156/156/639
f 156/156/640 108/108/641 105/105/642
f 155/155/643 157/157/644 156/156/645
f 153/153/646 156/156/647 105/105/648
f 158/158/649 159/159/650 157/157/651
f 158/158/652 157/157/653 155/155/654
f 157/157/655 160/160/656 113/113/657
f 157/157/658 113/113/659 108/108/660
f 159/159/661 160/160/662 157/157/663
f 159/159/664 117/117/665 160/160/666
f 160/160/667 117/117/668 114/114/669
f 160/160/670 114/114/671 113/113/672
f 129/129/673 159/159/674 158/158/675
f 159/159/676 129/129/677 117/117/668
f 131/131/678 129/129/679 158/158/680
f 148/149/681 158/158/682 155/155/683
f 131/131/684 158/158/685 148/149/681
f 152/152/686 153/153/687 103/103/688
f 103/103/689 153/153/646 105/105/690
f 150/150/691 152/152/692 161/161/693
f 161/161/694 152/152/695 101/101/696
f 101/101/697 152/152/619 103/103/698
f 162/162/699 161/161/700 100/100/701
f 164/163/702 161/161/703 162/162/704
f 161/161/705 101/101/706 100/100/707
f 163/164/708 150/150/709 161/161/710
f 164/163/711 163/164/712 161/161/713
f 165/165/714 164/163/715 162/162/716
f 167/166/717 164/163/718 165/165/719
f 166/167/720 168/168/721 164/163/722
f 167/166/723 166/167/724 164/163/725
f 168/168/726 163/164/727 164/163/728
f 166/167/729 169/169/730 168/168/731
f 169/169/732 145/145/584 168/168/733
f 168/168/734 145/145/735 146/146/736
f 168/168/737 146/146/738 163/164/739
f 170/170/740 145/145/741 169/169/742
f 171/171/743 170/170/744 169/169/745
f 171/171/746 169/169/730 166/167/747
f 174/172/748 171/171/749 172/173/750
f 172/173/751 171/171/752 173/174/753
f 171/171/749 166/167/754 173/174/755
f 174/172/756 170/170/757 171/171/749
f 175/175/758 174/172/759 172/173/760
f 176/176/761 174/172/762 175/175/763
f 176/176/764 177/177/765 174/172/766
f 174/172/767 177/177/768 170/170/769
f 176/176/770 178/178/771 177/177/772
f 178/178/771 179/179/773 177/177/774
f 170/170/775 177/177/776 180/180/777
f 177/177/778 179/179/779 181/181/780
f 177/177/781 181/181/782 180/180/783
f 181/181/784 182/182/785 141/141/786
f 179/179/787 182/182/788 181/181/789
f 181/181/790 141/141/791 180/180/792
f 182/182/793 137/138/794 141/141/795
f 180/180/796 143/143/797 145/145/798
f 180/180/799 145/145/798 170/170/800
f 180/180/799 141/141/801 143/143/802
f 183/183/803 179/179/804 178/178/805
f 184/184/806 183/183/807 178/178/808
f 184/184/809 178/178/810 185/185/811
f 186/186/812 185/185/813 176/176/814
f 185/185/815 178/178/816 176/176/817
f 187/187/818 186/186/819 175/175/820
f 176/176/821 175/175/822 186/186/823
f 188/188/824 187/187/825 189/189/826
f 187/187/827 175/175/828 189/189/829
f 188/188/824 189/189/830 190/190/831
f 189/189/832 191/191/833 190/190/834
f 189/189/835 172/173/836 191/191/837
f 175/175/838 172/173/751 189/189/835
f 190/190/839 191/191/840 192/192/841
f 167/166/842 192/192/843 191/191/844
f 172/173/845 173/174/846 191/191/847
f 191/191/848 173/174/849 167/166/850
f 192/192/851 80/80/852 190/190/853
f 192/192/854 165/165/855 193/193/856
f 80/80/857 192/192/858 193/193/859
f 192/192/860 167/166/861 165/165/862
f 81/82/863 193/193/864 83/83/865
f 80/80/866 193/193/867 81/82/868
f 83/83/869 193/193/870 92/92/871
f 193/193/872 165/165/873 194/194/874
f 193/193/875 194/194/876 92/92/877
f 165/165/878 162/162/879 194/194/880
f 162/162/881 100/100/707 194/194/882
f 194/194/874 100/100/883 98/98/884
f 92/92/885 194/194/886 98/98/887
f 173/174/888 166/167/729 167/166/889
f 146/146/890 150/150/891 163/164/892
f 135/136/893 131/131/534 148/149/601
f 195/195/894 139/139/895 138/140/896
f 195/195/897 196/196/898 139/139/899
f 139/139/895 196/196/900 132/133/901
f 195/195/902 197/197/903 196/196/904
f 196/196/905 197/197/906 125/125/907
f 196/196/908 125/125/909 126/126/910
f 196/196/911 126/126/912 132/133/913
f 198/198/914 199/199/915 197/197/916
f 198/198/917 197/197/918 195/195/919
f 197/197/920 199/199/921 125/125/922
f 198/198/923 200/200/924 199/199/925
f 201/201/926 198/198/917 195/195/927
f 202/202/928 201/201/929 195/195/927
f 202/202/930 195/195/931 138/140/462
f 129/129/932 120/120/933 117/117/934
f 108/108/935 113/113/936 109/109/937
f 92/92/938 98/98/939 93/94/406
f 90/91/940 95/95/941 203/203/942
f 204/204/943 206/205/944 205/206/945
f 204/204/946 207/207/947 206/205/948
f 207/207/949 204/204/950 208/208/951
f 208/208/952 209/209/953 207/207/954
f 208/208/955 210/210/956 209/209/957
f 210/210/958 211/211/959 209/209/960
f 211/211/387 212/212/961 209/209/962
f 214/213/963 212/212/964 211/211/965
f 213/214/966 214/213/967 211/211/373
f 215/215/968 214/213/398 213/214/367
f 214/213/398 216/216/969 212/212/970
f 216/216/971 217/217/972 218/218/973
f 212/212/974 216/216/824 218/218/975
f 220/219/976 218/218/977 219/220/978
f 219/220/979 218/218/980 221/221/981
f 220/219/982 212/212/983 218/218/984
f 218/218/985 217/217/986 221/221/987
f 222/222/988 221/221/989 223/223/990
f 219/220/991 221/221/992 222/222/993
f 221/221/989 224/224/994 223/223/995
f 221/221/996 225/225/997 224/224/998
f 217/217/999 225/225/1000 221/221/1001
f 222/222/1002 223/223/1003 205/206/1004
f 206/205/1005 222/222/1002 205/206/1006
f 206/205/1007 219/220/1008 222/222/1009
f 209/209/1010 212/212/1011 220/219/1012
f 207/207/1013 209/209/1014 220/219/1015
f 207/207/1016 220/219/976 219/220/1017
f 207/207/1018 219/220/1019 206/205/1020
f 226/226/1021 228/227/1022 227/228/1023
f 229/229/1024 228/227/1025 226/226/1026
f 229/229/1027 230/230/1028 228/227/1029
f 230/230/1030 231/231/1031 228/227/1032
f 230/230/1033 232/232/1034 231/231/1035
f 230/230/1033 234/233/1036 232/232/1037
f 233/234/1038 234/233/1039 230/230/1040
f 233/234/1041 236/235/1042 234/233/1043
f 234/233/1044 235/236/1045 232/232/1046
f 234/233/1043 237/237/1047 235/236/1048
f 236/235/1049 237/237/1050 234/233/1051
f 238/238/1052 240/239/1053 237/237/1054
f 236/235/1049 238/238/1055 237/237/1056
f 237/237/1057 240/239/1058 239/240/1059
f 237/237/1060 239/240/1061 235/236/1062
f 238/238/1063 242/241/1064 240/239/1053
f 240/239/1065 241/242/1066 239/240/1059
f 240/239/1067 242/241/1068 241/242/1069
f 238/238/1070 243/243/1071 242/241/1072
f 243/243/1073 244/244/1074 242/241/1075
f 244/244/1076 245/245/1077 242/241/1078
f 242/241/1079 246/246/1080 241/242/1081
f 242/241/1082 245/245/1083 246/246/1084
f 246/246/1085 249/247/1086 247/248/1087
f 248/249/1088 246/246/1089 247/248/1090
f 245/245/1091 249/247/1092 246/246/1093
f 241/242/1094 246/246/1095 248/249/1096
f 247/248/1097 249/247/1098 250/250/1099
f 249/247/1100 251/251/1101 250/250/1102
f 245/245/1103 252/252/1104 249/247/1105
f 253/253/1106 251/251/1107 249/247/1100
f 252/252/1108 253/253/1109 249/247/1110
f 253/253/1111 256/254/1112 251/251/1113
f 254/255/1114 255/256/1115 253/253/1116
f 252/252/1117 254/255/1118 253/253/1119
f 255/256/1120 256/254/1112 253/253/1121
f 256/254/1122 258/257/1123 257/258/1124
f 251/251/1125 256/254/1126 257/258/1127
f 256/254/1128 260/259/1129 258/257/1130
f 255/256/1120 259/260/1131 256/254/1132
f 259/260/1133 260/259/1134 256/254/1135
f 258/257/1136 260/259/1137 261/261/1138
f 259/260/1139 262/262/1140 260/259/1141
f 263/263/1142 261/261/1143 260/259/1144
f 262/262/1145 263/263/1146 260/259/1147
f 263/263/1148 264/264/1149 261/261/1150
f 265/265/1151 264/264/1152 263/263/1153
f 262/262/1154 265/265/1155 263/263/1156
f 267/266/1157 266/267/1158 265/265/1159
f 265/265/1160 266/267/1161 264/264/1162
f 268/268/1163 265/265/1164 262/262/1165
f 269/269/1166 268/268/1167 262/262/1168
f 270/270/1169 269/269/1170 259/260/1171
f 271/271/1172 269/269/1173 270/270/1174
f 269/269/1175 262/262/1176 259/260/1177
f 272/272/1178 271/271/1179 273/273/1180
f 273/273/1181 271/271/1182 270/270/1183
f 275/274/1184 272/272/1185 273/273/1186
f 273/273/1187 254/255/1188 274/275/1189
f 275/274/1190 273/273/1181 274/275/1191
f 273/273/1192 270/270/1193 254/255/1194
f 277/276/1195 275/274/1196 276/277/1197
f 276/277/1198 275/274/1184 243/243/1199
f 243/243/1200 275/274/1201 244/244/1202
f 275/274/1201 274/275/1203 244/244/1204
f 277/276/1205 272/272/1206 275/274/1207
f 278/278/1208 276/277/1209 243/243/1210
f 279/279/1211 278/278/1208 280/280/1212
f 278/278/1213 243/243/1214 280/280/1215
f 279/279/1216 280/280/1217 281/281/1218
f 281/281/1219 280/280/1220 236/235/1221
f 280/280/1222 238/238/1223 236/235/1221
f 280/280/1224 243/243/1225 238/238/1070
f 281/281/1226 236/235/1227 233/234/1228
f 274/275/1229 254/255/1230 252/252/1231
f 244/244/1232 274/275/1233 252/252/1234
f 270/270/1235 259/260/1236 255/256/1237
f 254/255/1188 270/270/1183 255/256/1238
f 267/266/1239 283/282/1240 282/283/1241
f 267/266/1242 282/283/1243 266/267/1244
f 283/282/1245 284/284/1246 282/283/1243
f 283/282/1247 285/285/1248 284/284/1249
f 284/284/1250 285/285/1251 286/286/1252
f 285/285/1253 287/287/1254 286/286/1255
f 288/288/1256 287/287/1257 285/285/1258
f 288/288/1259 289/289/1260 287/287/1261
f 287/287/1262 289/289/1263 290/290/1264
f 287/287/1265 290/290/1266 291/291/1267
f 291/291/1268 290/290/1269 292/292/1270
f 291/291/1271 292/292/1272 293/293/1273
f 296/294/1274 293/293/1275 294/295/1276
f 295/296/1277 293/293/1278 296/294/1279
f 291/291/1280 293/293/1281 295/296/1282
f 296/294/1283 294/295/1284 297/297/1285
f 298/298/1286 296/294/1287 297/297/1288
f 295/296/1289 296/294/1290 298/298/1291
f 299/299/1292 295/296/1293 298/298/1294
f 299/299/1295 298/298/1296 300/300/1297
f 300/300/1298 298/298/1286 301/301/1299
f 301/301/1300 298/298/1294 297/297/1301
f 301/301/1302 304/302/1303 302/303/1304
f 303/304/1305 301/301/1306 302/303/1307
f 303/304/1308 300/300/1309 301/301/1310
f 301/301/1311 297/297/1312 304/302/1313
f 297/297/1314 306/305/1315 304/302/1316
f 302/303/1304 304/302/1317 305/306/1318
f 304/302/1319 307/307/1320 305/306/1321
f 304/302/1322 306/305/1323 307/307/1324
f 307/307/1325 306/305/1326 310/308/1327
f 307/307/1328 308/309/1329 305/306/1330
f 307/307/1331 309/310/1332 308/309/1333
f 307/307/1334 310/308/1335 309/310/1336
f 311/311/1337 310/308/1338 306/305/1339
f 310/308/1340 311/311/1341 312/312/1342
f 294/295/1343 311/311/1344 306/305/1345
f 313/313/1346 309/310/1347 314/314/1348
f 308/309/1349 309/310/1350 313/313/1351
f 313/313/1352 314/314/1353 315/315/1354
f 314/314/1355 316/316/1356 315/315/1357
f 317/317/1358 313/313/1359 315/315/1360
f 317/317/1361 315/315/1362 318/318/1363
f 319/319/1364 320/320/1365 318/318/1366
f 317/317/1367 318/318/1368 320/320/1369
f 321/321/1370 322/322/1371 320/320/1372
f 321/321/1373 320/320/1374 323/323/1375
f 323/323/1376 320/320/1377 319/319/1378
f 322/322/1379 317/317/1380 320/320/1381
f 323/323/1382 319/319/1383 324/324/1384
f 326/325/1385 323/323/1386 324/324/1387
f 325/326/1388 321/321/1389 323/323/1376
f 326/325/1390 325/326/1391 323/323/1392
f 327/327/1393 326/325/1394 329/328/1395
f 328/329/1396 326/325/1397 327/327/1398
f 330/330/1399 326/325/1400 328/329/1401
f 326/325/1402 324/324/1403 329/328/1404
f 330/330/1405 325/326/1406 326/325/1407
f 330/330/1408 331/331/1409 325/326/1410
f 332/332/1411 331/331/1412 330/330/1413
f 332/332/1414 330/330/1415 333/333/1416
f 333/333/1417 330/330/1418 328/329/1419
f 332/332/1420 333/333/1421 334/334/1422
f 334/334/1423 333/333/1417 335/335/1424
f 333/333/1425 328/329/1426 335/335/1427
f 336/336/1428 334/334/1429 335/335/1427
f 336/336/1430 335/335/1431 338/337/1432
f 337/338/1433 335/335/1434 327/327/1435
f 338/337/1436 335/335/1437 337/338/1438
f 335/335/1439 328/329/1440 327/327/1441
f 336/336/1442 338/337/1443 339/339/1444
f 339/339/1444 338/337/1445 340/340/1446
f 338/337/1447 337/338/1448 340/340/1449
f 341/341/1206 339/339/1450 340/340/1451
f 340/340/1452 337/338/1453 342/342/1454
f 337/338/1455 343/343/1456 342/342/1457
f 342/342/1458 343/343/1459 344/344/1460
f 343/343/1461 329/328/1462 344/344/1463
f 329/328/1464 345/345/1465 344/344/1466
f 329/328/1467 346/346/1468 345/345/1469
f 324/324/1470 319/319/1383 346/346/1471
f 324/324/1472 346/346/1473 329/328/1474
f 327/327/1475 343/343/1476 337/338/1477
f 327/327/1475 329/328/1478 343/343/1479
f 347/347/1480 348/348/1481 341/341/1482
f 348/348/1483 339/339/1484 341/341/1485
f 349/349/1486 348/348/1487 347/347/1488
f 349/349/1489 350/350/1490 348/348/1491
f 348/348/1483 350/350/1492 339/339/1493
f 351/351/1494 350/350/1495 349/349/1496
f 351/351/1497 353/352/1498 350/350/1499
f 350/350/1500 352/353/1501 336/336/1428
f 353/352/1502 352/353/1503 350/350/1504
f 350/350/1505 336/336/1506 339/339/1507
f 250/250/1508 354/354/1509 353/352/1510
f 250/250/1511 353/352/1512 351/351/1513
f 354/354/1514 355/355/1515 353/352/1516
f 353/352/1517 355/355/1518 352/353/1519
f 354/354/1520 257/258/1521 355/355/1522
f 257/258/1523 258/257/1524 355/355/1515
f 355/355/1525 356/356/1526 352/353/1527
f 258/257/1528 356/356/1529 355/355/1530
f 258/257/1531 261/261/1532 356/356/1533
f 261/261/1534 357/357/1535 356/356/1536
f 356/356/1537 332/332/1538 334/334/1539
f 352/353/1540 356/356/1537 334/334/1541
f 356/356/1542 357/357/1543 332/332/1544
f 261/261/1545 264/264/1546 357/357/1547
f 264/264/1548 358/358/1549 357/357/1550
f 358/358/1551 359/359/1552 357/357/1553
f 357/357/1554 331/331/1555 332/332/1538
f 357/357/1556 359/359/1557 331/331/1558
f 359/359/1559 302/303/1560 360/360/1561
f 359/359/1559 360/360/1562 331/331/1563
f 303/304/1305 302/303/1564 359/359/1565
f 358/358/1566 303/304/1567 359/359/1568
f 360/360/1569 321/321/1570 325/326/1571
f 331/331/1572 360/360/1573 325/326/1574
f 302/303/1575 361/361/1576 360/360/1573
f 360/360/1573 361/361/1577 321/321/1373
f 302/303/1578 305/306/1579 361/361/1580
f 305/306/1581 362/362/1582 361/361/1576
f 361/361/1583 362/362/1584 322/322/1585
f 361/361/1577 322/322/1586 321/321/1587
f 305/306/1588 308/309/1329 362/362/1589
f 322/322/1590 362/362/1582 317/317/1358
f 362/362/1591 308/309/1592 317/317/1358
f 264/264/1593 266/267/1594 358/358/1595
f 266/267/1596 363/363/1597 358/358/1598
f 358/358/1599 363/363/1600 303/304/1601
f 282/283/1602 364/364/1603 363/363/1597
f 266/267/1604 282/283/1605 363/363/1606
f 363/363/1607 300/300/1608 303/304/1609
f 364/364/1610 299/299/1611 363/363/1612
f 363/363/1613 299/299/1295 300/300/1614
f 284/284/1615 364/364/1616 282/283/1241
f 284/284/1249 286/286/1617 364/364/1618
f 364/364/1619 295/296/1289 299/299/1620
f 286/286/1621 295/296/1622 364/364/1623
f 250/250/1102 251/251/1624 354/354/1625
f 251/251/1626 257/258/1627 354/354/1628
f 352/353/1629 334/334/1630 336/336/1631
f 365/365/1632 250/250/1633 351/351/1634
f 351/351/1635 349/349/1636 365/365/1637
f 366/366/1638 247/248/1639 365/365/1632
f 366/366/1640 365/365/1641 367/367/1642
f 247/248/1639 250/250/1643 365/365/1644
f 367/367/1645 365/365/1646 368/368/1647
f 365/365/1648 349/349/1649 368/368/1650
f 370/369/1651 367/367/1652 368/368/1653
f 368/368/1654 347/347/1655 369/370/1656
f 371/371/1657 368/368/1653 369/370/1656
f 368/368/1653 349/349/1658 347/347/1659
f 370/369/1660 368/368/1650 371/371/1661
f 370/369/1662 371/371/1663 372/372/1664
f 371/371/1665 369/370/1666 373/373/1667
f 372/372/1664 371/371/1663 373/373/1668
f 372/372/1669 373/373/1670 374/374/1671
f 375/375/1672 374/374/1216 377/376/1673
f 375/375/1674 376/377/1675 374/374/1676
f 376/377/1677 372/372/1678 374/374/1679
f 375/375/1680 377/376/1681 378/378/1682
f 379/379/1683 375/375/1684 378/378/1685
f 380/380/1686 379/379/1687 378/378/1688
f 381/381/1689 379/379/1690 380/380/1691
f 381/381/1692 383/382/1693 379/379/1694
f 382/383/1695 383/382/1696 381/381/1697
f 383/382/1698 375/375/1699 379/379/1700
f 376/377/1701 375/375/1702 383/382/1703
f 384/384/1704 376/377/1705 383/382/1693
f 382/383/1706 384/384/1707 383/382/1708
f 384/384/1709 385/385/1710 376/377/1705
f 387/386/1711 385/385/1712 384/384/1709
f 382/383/1713 386/387/1714 384/384/1715
f 386/387/1716 387/386/1717 384/384/1718
f 231/231/1719 388/388/1720 387/386/1721
f 231/231/1722 387/386/1723 386/387/1724
f 388/388/1725 389/389/1726 387/386/1727
f 387/386/1728 389/389/1729 385/385/1730
f 389/389/1731 370/369/1732 385/385/1733
f 390/390/1734 391/391/1735 389/389/1736
f 388/388/1737 390/390/1738 389/389/1739
f 389/389/1740 391/391/1741 370/369/1742
f 390/390/1743 392/392/1744 391/391/1745
f 391/391/1746 367/367/1747 370/369/1748
f 392/392/1749 366/366/1750 391/391/1751
f 391/391/1752 366/366/1753 367/367/1754
f 239/240/1755 241/242/1756 392/392/1757
f 239/240/1758 392/392/1759 390/390/1760
f 241/242/1761 248/249/1762 392/392/1763
f 392/392/1764 248/249/1765 366/366/1766
f 235/236/1767 239/240/1768 390/390/1769
f 235/236/1770 390/390/1743 388/388/1771
f 232/232/1772 388/388/1773 231/231/1774
f 232/232/1775 235/236/1776 388/388/1777
f 228/227/1029 231/231/1778 386/387/1779
f 228/227/1780 386/387/1781 227/228/1782
f 227/228/1783 386/387/1784 382/383/1785
f 370/369/1742 372/372/1664 385/385/1786
f 385/385/1787 372/372/1788 376/377/1789
f 248/249/1790 247/248/1791 366/366/1792
f 308/309/1793 313/313/1794 317/317/1795
f 297/297/1301 294/295/1796 306/305/1797
f 286/286/1798 291/291/1799 295/296/1800
f 287/287/1801 291/291/1802 286/286/1803
f 244/244/1076 252/252/1804 245/245/1805
f 393/393/1806 395/394/1807 394/395/1808
f 396/396/1809 395/394/1807 393/393/1810
f 396/396/1811 399/397/1812 395/394/1813
f 397/398/1814 398/399/1815 396/396/1353
f 396/396/1816 398/399/1817 399/397/1818
f 399/397/1819 400/400/1820 395/394/1821
f 398/399/1822 401/401/1823 399/397/1824
f 399/397/1825 402/402/1826 400/400/1827
f 401/401/1828 402/402/1829 399/397/1830
f 402/402/1831 404/403/1832 400/400/1833
f 403/404/1834 405/405/1835 402/402/1836
f 401/401/1837 403/404/1838 402/402/1839
f 405/405/1840 404/403/1841 402/402/1842
f 403/404/1843 406/406/1844 405/405/1845
f 406/406/1846 407/407/1847 405/405/1848
f 405/405/1849 407/407/1850 404/403/1851
f 407/407/1852 410/408/1853 408/409/1854
f 411/410/1855 407/407/1856 408/409/1857
f 409/411/1858 410/408/1859 407/407/1860
f 406/406/1861 409/411/1862 407/407/1863
f 404/403/1864 407/407/1865 411/410/1866
f 400/400/1867 404/403/1868 411/410/1869
f 400/400/1867 411/410/1870 412/412/1871
f 412/412/1872 411/410/1873 413/413/1874
f 411/410/1875 414/414/1876 413/413/1877
f 411/410/1878 408/409/1879 414/414/1880
f 413/413/1874 414/414/1881 415/415/1882
f 415/415/1883 414/414/1884 417/416/1885
f 414/414/1886 408/409/1887 416/417/1888
f 414/414/1889 416/417/1890 417/416/1891
f 415/415/1892 417/416/1893 418/418/1894
f 418/418/1895 417/416/1896 419/419/1897
f 417/416/1898 416/417/1899 420/420/1900
f 416/417/1901 421/421/1902 420/420/1903
f 422/422/1904 423/423/1905 421/421/1906
f 416/417/1907 422/422/1908 421/421/1909
f 423/423/1910 424/424/1911 421/421/1912
f 423/423/1913 425/425/1914 424/424/1915
f 425/425/1916 427/426/1917 424/424/1918
f 424/424/1919 427/426/1920 426/427/1921
f 425/425/1922 428/428/1923 427/426/1924
f 427/426/1925 429/429/1926 426/427/1927
f 428/428/1928 429/429/1929 427/426/1930
f 429/429/1931 432/430/1932 430/431/1933
f 426/427/1934 429/429/1935 430/431/1936
f 431/432/1937 433/433/1938 429/429/1939
f 428/428/1940 431/432/1941 429/429/1942
f 429/429/1943 433/433/1944 432/430/1945
f 431/432/1946 434/434/1947 433/433/1948
f 435/435/1949 434/434/1950 431/432/1951
f 436/436/1952 437/437/1953 435/435/1954
f 438/438/1955 436/436/1956 435/435/1957
f 439/439/1958 435/435/1959 431/432/1960
f 438/438/1961 435/435/1962 439/439/1958
f 440/440/1963 438/438/1961 439/439/1964
f 428/428/1965 439/439/1966 431/432/1960
f 440/440/1967 439/439/1968 428/428/1969
f 441/441/1970 440/440/1971 425/425/1972
f 441/441/1973 442/442/1974 440/440/1975
f 425/425/1976 440/440/1977 428/428/1978
f 442/442/1979 438/438/1980 440/440/1981
f 443/443/1982 442/442/1983 441/441/1984
f 443/443/1985 444/444/1986 442/442/1987
f 442/442/1988 444/444/1989 438/438/1990
f 444/444/1991 447/445/1992 438/438/1993
f 445/446/1994 446/447/1995 444/444/1996
f 445/446/1997 444/444/1998 443/443/1999
f 446/447/1995 448/448/2000 444/444/2001
f 444/444/2002 449/449/2003 447/445/2004
f 448/448/2000 449/449/2005 444/444/2006
f 449/449/2007 451/450/2008 447/445/2009
f 448/448/2010 450/451/2011 449/449/2012
f 452/452/2013 450/451/2014 448/448/2015
f 452/452/2013 448/448/2016 446/447/2017
f 453/453/2018 452/452/2019 446/447/2020
f 453/453/2021 446/447/2022 455/454/2023
f 454/455/2024 453/453/2025 455/454/2026
f 456/456/2027 455/454/2028 457/457/2029
f 456/456/2030 454/455/2031 455/454/2032
f 455/454/2033 446/447/2020 457/457/2034
f 458/458/2035 456/456/2036 457/457/2037
f 458/458/2038 457/457/2039 445/446/1997
f 445/446/1994 457/457/2040 446/447/2041
f 459/459/2042 456/456/2043 458/458/2044
f 459/459/2045 458/458/2046 460/460/2047
f 460/460/2048 458/458/2049 445/446/2050
f 408/409/2051 460/460/2052 422/422/2053
f 410/408/2054 460/460/2052 408/409/1857
f 459/459/2055 460/460/2056 410/408/2057
f 460/460/2058 445/446/2059 443/443/2060
f 460/460/2061 443/443/2062 422/422/2063
f 459/459/2064 462/461/2065 456/456/2066
f 462/461/2067 459/459/2068 461/462/2069
f 461/462/2070 459/459/2071 409/411/2072
f 409/411/2073 459/459/2074 410/408/2075
f 461/462/2076 463/463/2077 462/461/2078
f 463/463/2079 464/464/2080 462/461/2081
f 464/464/2082 454/455/2024 462/461/2083
f 454/455/2084 456/456/2085 462/461/2086
f 465/465/2087 464/464/2088 463/463/2089
f 467/466/2090 465/465/2091 463/463/2092
f 466/467/2093 465/465/1919 467/466/2094
f 466/467/2095 467/466/2096 468/468/2097
f 468/468/2098 467/466/2090 469/469/2099
f 469/469/2100 467/466/2101 463/463/2102
f 468/468/2103 469/469/2104 470/470/2105
f 403/404/1843 469/469/2106 406/406/1844
f 470/470/2107 469/469/2108 403/404/2109
f 469/469/2110 461/462/2111 406/406/1844
f 469/469/2112 463/463/2113 461/462/2114
f 471/471/2115 470/470/2116 473/472/2117
f 471/471/2118 472/473/2119 470/470/2120
f 472/473/2121 468/468/2122 470/470/2123
f 470/470/2124 403/404/2125 473/472/2126
f 471/471/2127 473/472/2128 474/474/2129
f 474/474/2130 473/472/2126 398/399/2131
f 398/399/2132 473/472/2133 401/401/2134
f 473/472/2135 403/404/2136 401/401/2137
f 475/475/2138 474/474/2139 397/398/2140
f 475/475/2141 476/476/2142 474/474/2143
f 476/476/2144 471/471/2145 474/474/2146
f 397/398/2147 474/474/2148 398/399/2149
f 476/476/2150 477/477/2151 471/471/2152
f 477/477/2153 478/478/2154 472/473/2155
f 477/477/1898 472/473/2156 471/471/2157
f 478/478/2158 466/467/2159 468/468/2160
f 472/473/2161 478/478/2162 468/468/2163
f 406/406/2164 461/462/2165 409/411/2166
f 447/445/2167 437/437/2168 436/436/2169
f 447/445/2170 436/436/2171 438/438/2172
f 422/422/2173 443/443/2174 441/441/2175
f 423/423/2176 441/441/2177 425/425/1976
f 422/422/2178 441/441/2179 423/423/2180
f 408/409/2181 422/422/2182 416/417/2183
f 418/418/2184 419/419/2185 479/479/2186
f 480/480/2187 418/418/2188 479/479/2189
f 481/481/2190 482/482/2191 480/480/2192
f 482/482/2193 418/418/2194 480/480/2195
f 483/483/2196 482/482/2197 481/481/1278
f 483/483/2198 484/484/2199 482/482/2200
f 484/484/2201 418/418/2202 482/482/2203
f 485/485/2204 413/413/2205 484/484/2206
f 483/483/2207 485/485/2208 484/484/2209
f 484/484/2210 415/415/2211 418/418/2184
f 413/413/2212 415/415/2213 484/484/2206
f 395/394/2214 412/412/2215 485/485/2216
f 395/394/2217 485/485/2218 394/395/2219
f 485/485/2220 412/412/2215 413/413/2221
f 394/395/2222 485/485/2223 483/483/1272
f 395/394/2224 400/400/1867 412/412/2225
f 486/486/2226 488/487/2227 487/488/2228
f 486/486/2229 489/489/2230 488/487/2231
f 486/486/2229 490/490/2232 489/489/2233
f 491/491/2234 493/492/2235 490/490/2236
f 492/493/1957 491/491/2237 490/490/2238
f 490/490/2239 493/492/2240 489/489/2241
f 489/489/2230 493/492/2242 494/494/2243
f 494/494/2244 493/492/2245 495/495/2246
f 495/495/2247 493/492/2248 491/491/2249
f 496/496/2250 495/495/2251 491/491/2252
f 494/494/2253 495/495/2254 497/497/2255
f 489/489/2256 494/494/2257 488/487/2258
f 498/498/2259 499/499/2260 501/500/2261
f 498/498/2262 500/501/2263 499/499/2264
f 498/498/2265 502/502/2266 500/501/2267
f 498/498/2268 501/500/2269 503/503/2270
f 502/502/2271 498/498/2272 503/503/2273
f 504/504/2274 503/503/2275 506/505/2276
f 504/504/2277 502/502/2278 503/503/2279
f 503/503/2280 505/506/2281 506/505/2282
f 505/506/2283 503/503/2284 501/500/2285
f 506/505/2286 507/507/2287 504/504/2288
f 506/505/2276 505/506/2289 508/508/2290
f 506/505/2291 509/509/2292 507/507/2293
f 509/509/2292 506/505/2294 508/508/2295
f 507/507/2296 509/509/2297 510/510/2298
f 508/508/2299 511/511/2300 509/509/2297
f 510/510/2301 509/509/2302 514/512/2303
f 509/509/2304 511/511/2305 512/513/2306
f 509/509/2307 512/513/2308 513/514/2309
f 509/509/2310 513/514/2311 514/512/2312
f 513/514/2313 515/515/2314 514/512/2315
f 510/510/2316 514/512/2317 516/516/2318
f 517/517/2319 510/510/2320 516/516/2321
f 518/518/2322 517/517/2323 519/519/2324
f 518/518/2325 510/510/2326 517/517/2327
f 518/518/2328 519/519/2329 520/520/2330
f 520/520/2331 521/521/2332 500/501/2333
f 502/502/2334 520/520/2331 500/501/2335
f 518/518/2336 520/520/2337 502/502/2338
f 521/521/2339 523/522/2340 522/523/2341
f 500/501/2342 521/521/2343 522/523/2344
f 522/523/2345 523/522/2346 524/524/2347
f 523/522/2340 525/525/2348 524/524/2347
f 525/525/2349 523/522/2350 526/526/2351
f 525/525/2348 526/526/2352 527/527/2353
f 527/527/2354 526/526/2355 528/528/2356
f 528/528/2357 530/529/2358 529/530/2359
f 528/528/2360 529/530/2361 527/527/2362
f 529/530/2361 530/529/2363 531/531/2364
f 531/531/2365 532/532/2366 533/533/2367
f 529/530/2368 531/531/2369 533/533/2370
f 534/534/2371 535/535/2372 533/533/2373
f 533/533/2374 532/532/2375 534/534/2376
f 529/530/2361 533/533/2377 535/535/2378
f 537/536/2379 535/535/2380 536/537/2381
f 535/535/2382 534/534/2383 536/537/2384
f 527/527/2385 535/535/2386 537/536/2387
f 527/527/2385 529/530/2388 535/535/2389
f 537/536/2390 536/537/2391 538/538/2392
f 524/524/2393 537/536/2394 538/538/2395
f 525/525/2396 527/527/2397 537/536/2398
f 524/524/2399 525/525/2400 537/536/2390
f 541/539/2401 538/538/2402 536/537/2384
f 539/540/2403 524/524/2404 538/538/2405
f 540/541/2406 539/540/2407 538/538/2405
f 540/541/2408 538/538/2409 541/539/2410
f 540/541/2411 541/539/2412 543/542/2413
f 542/543/2414 541/539/2415 544/544/2416
f 543/542/2417 541/539/2418 542/543/2419
f 541/539/2420 536/537/2421 544/544/2422
f 536/537/2423 545/545/2424 544/544/2425
f 544/544/2426 545/545/2427 547/546/2428
f 546/547/2429 542/543/2430 544/544/2426
f 546/547/2431 544/544/2432 547/546/2433
f 546/547/2434 547/546/2435 548/548/2436
f 547/546/2437 550/549/2438 548/548/2439
f 545/545/2440 549/550/2441 547/546/2442
f 547/546/2443 549/550/2444 550/549/2445
f 548/548/2446 550/549/2447 551/551/2448
f 550/549/2449 552/552/2450 551/551/2448
f 549/550/2451 552/552/2452 550/549/2438
f 551/551/2453 552/552/2454 553/553/2455
f 551/551/2456 553/553/2457 554/554/2458
f 553/553/2459 555/555/2460 554/554/2461
f 557/556/2462 555/555/2463 556/557/2464
f 555/555/2465 557/556/2466 558/558/2467
f 558/558/2468 554/554/2461 555/555/2469
f 559/559/2470 560/560/2471 558/558/2472
f 561/561/2473 559/559/2474 558/558/2472
f 558/558/2475 557/556/2476 561/561/2477
f 554/554/2458 558/558/2478 560/560/2479
f 562/562/2480 559/559/2481 561/561/2482
f 561/561/2483 557/556/2484 562/562/2485
f 562/562/2486 564/563/2487 563/564/2488
f 565/565/2489 562/562/2490 563/564/2491
f 557/556/2492 564/563/2493 562/562/2494
f 562/562/2495 565/565/2496 559/559/2497
f 565/565/2498 563/564/2499 566/566/2500
f 569/567/2501 565/565/2502 566/566/2503
f 567/568/2504 568/569/2505 565/565/2506
f 567/568/2507 565/565/2508 569/567/2509
f 565/565/2508 568/569/2510 559/559/2497
f 569/567/2511 570/570/2512 572/571/2513
f 569/567/2514 571/572/2515 570/570/2516
f 569/567/2517 566/566/2518 571/572/2519
f 567/568/2520 569/567/2521 572/571/2522
f 573/573/2523 574/574/2524 572/571/2525
f 573/573/2526 572/571/2527 570/570/2528
f 575/575/2529 572/571/2530 574/574/2531
f 575/575/2532 567/568/2533 572/571/2513
f 568/569/2534 575/575/2535 576/576/2536
f 575/575/2537 568/569/2538 567/568/2539
f 575/575/2540 574/574/2541 577/577/2542
f 577/577/2543 576/576/2544 575/575/2545
f 578/578/2546 577/577/2547 579/579/2548
f 577/577/2549 578/578/2550 576/576/2551
f 574/574/2552 579/579/2553 577/577/2554
f 580/580/2555 579/579/2556 581/581/2557
f 583/582/2558 579/579/2559 580/580/2555
f 574/574/2552 581/581/2560 579/579/2561
f 579/579/2562 583/582/2563 582/583/2564
f 578/578/2565 579/579/2566 582/583/2567
f 582/583/2568 583/582/2569 584/584/2570
f 585/585/2571 584/584/2572 583/582/2573
f 586/586/2574 585/585/2575 583/582/2576
f 583/582/2558 580/580/2577 586/586/2578
f 587/587/2579 586/586/2580 580/580/2581
f 587/587/2582 588/588/2583 586/586/2584
f 588/588/2585 589/589/2586 586/586/2587
f 586/586/2578 589/589/2588 585/585/2589
f 589/589/2590 591/590/2591 590/591/2592
f 585/585/2593 589/589/2594 590/591/2595
f 591/590/2596 589/589/2597 592/592/2598
f 592/592/2599 589/589/2600 588/588/2601
f 592/592/2602 588/588/2603 595/593/2604
f 594/594/2605 593/595/2606 592/592/2607
f 593/595/2608 591/590/2609 592/592/2610
f 595/593/2611 594/594/2612 592/592/2613
f 595/593/2614 588/588/2615 596/596/2616
f 597/597/2617 594/594/2618 595/593/2604
f 597/597/2619 595/593/2614 598/598/2620
f 599/599/2621 594/594/2622 597/597/2623
f 597/597/2624 600/600/2625 599/599/2626
f 600/600/2627 597/597/2628 601/601/2629
f 601/601/2630 602/602/2631 600/600/2632
f 515/515/2633 513/514/2313 602/602/2634
f 602/602/2634 513/514/2635 600/600/2636
f 600/600/2625 513/514/2637 603/603/2638
f 603/603/2639 599/599/2640 600/600/2641
f 513/514/2642 512/513/2308 603/603/2643
f 604/604/2644 603/603/2643 512/513/2645
f 604/604/2646 605/605/2647 603/603/2648
f 605/605/2649 599/599/2650 603/603/2651
f 605/605/2652 606/606/2653 593/595/2654
f 604/604/2655 606/606/2656 605/605/2657
f 594/594/2658 605/605/2659 593/595/2660
f 599/599/2661 605/605/2662 594/594/2663
f 607/607/2664 606/606/2665 604/604/2666
f 607/607/2664 608/608/2667 606/606/2668
f 608/608/2669 609/609/2670 606/606/2671
f 591/590/2672 606/606/2673 609/609/2674
f 591/590/2675 593/595/2676 606/606/2677
f 609/609/2678 590/591/2679 591/590/2680
f 609/609/2681 610/610/2682 590/591/2683
f 608/608/2684 610/610/2685 609/609/2686
f 611/611/2687 610/610/2688 608/608/2689
f 611/611/2687 613/612/2690 610/610/2691
f 610/610/2692 612/613/2693 590/591/2694
f 613/612/2695 612/613/2696 610/610/2697
f 613/612/2698 614/614/2699 612/613/2700
f 615/615/2701 614/614/2702 613/612/2690
f 611/611/2703 615/615/2704 613/612/2705
f 617/616/2706 616/617/2707 615/615/2708
f 616/617/2709 618/618/2710 615/615/2711
f 615/615/2712 618/618/2713 614/614/2714
f 611/611/2715 617/616/2716 615/615/2717
f 618/618/2718 619/619/2719 621/620/2720
f 620/621/2721 619/619/2722 618/618/2723
f 618/618/2710 616/617/2724 620/621/2725
f 618/618/2718 621/620/2726 614/614/2727
f 614/614/2728 621/620/2729 584/584/2730
f 584/584/2731 621/620/2732 622/622/2733
f 622/622/2734 621/620/2732 623/623/2735
f 621/620/2736 619/619/2719 623/623/2737
f 623/623/2738 624/624/2739 625/625/2740
f 624/624/2741 623/623/2742 619/619/2743
f 623/623/2744 625/625/2745 622/622/2746
f 626/626/2747 560/560/2748 625/625/2749
f 624/624/2750 626/626/2751 625/625/2752
f 625/625/2753 560/560/2754 568/569/2755
f 576/576/2756 625/625/2757 568/569/2758
f 622/622/2759 625/625/2760 576/576/2761
f 624/624/2762 627/627/2763 626/626/2764
f 554/554/2765 560/560/2766 626/626/2767
f 627/627/2763 554/554/2768 626/626/2769
f 551/551/2770 554/554/2458 627/627/2771
f 627/627/2772 548/548/2773 551/551/2774
f 628/628/2775 627/627/2776 624/624/2777
f 548/548/2778 627/627/2779 628/628/2780
f 619/619/2781 628/628/2782 624/624/2783
f 546/547/2784 548/548/2785 628/628/2786
f 620/621/2787 546/547/2788 628/628/2789
f 619/619/2790 620/621/2791 628/628/2792
f 584/584/2793 622/622/2794 582/583/2795
f 582/583/2796 622/622/2797 578/578/2798
f 576/576/2799 578/578/2800 622/622/2801
f 629/629/2802 546/547/2803 620/621/2804
f 616/617/2805 629/629/2806 620/621/2807
f 630/630/2808 629/629/2809 616/617/2810
f 629/629/2811 542/543/2812 546/547/2431
f 630/630/2813 542/543/2814 629/629/2815
f 630/630/2816 631/631/2817 542/543/2818
f 632/632/2819 631/631/2820 630/630/2821
f 617/616/2822 632/632/2823 630/630/2824
f 616/617/2825 617/616/2826 630/630/2827
f 632/632/2828 633/633/2829 631/631/2830
f 634/634/2831 633/633/2832 632/632/2833
f 634/634/2834 632/632/2835 635/635/2836
f 632/632/2837 617/616/2838 635/635/2839
f 637/636/2840 634/634/2841 635/635/2842
f 635/635/2839 617/616/2843 636/637/2844
f 636/637/2845 637/636/2846 635/635/2847
f 634/634/2848 637/636/2849 638/638/2850
f 639/639/2851 638/638/2852 637/636/2853
f 607/607/2854 637/636/2855 636/637/2856
f 607/607/2857 639/639/2858 637/636/2840
f 511/511/2859 639/639/2851 607/607/2860
f 508/508/2861 639/639/2862 511/511/2863
f 508/508/2864 638/638/2865 639/639/2866
f 501/500/2867 638/638/2868 505/506/2869
f 501/500/2870 634/634/2871 638/638/2872
f 508/508/2873 505/506/2874 638/638/2875
f 611/611/2876 608/608/2877 636/637/2878
f 617/616/2879 611/611/2880 636/637/2845
f 607/607/2881 636/637/2844 608/608/2882
f 634/634/2883 501/500/2884 633/633/2885
f 499/499/2886 633/633/2887 501/500/2888
f 633/633/2889 543/542/2890 631/631/2891
f 499/499/2892 543/542/2893 633/633/2894
f 542/543/2814 631/631/2895 543/542/2896
f 614/614/2897 584/584/2898 612/613/2899
f 585/585/2589 612/613/2900 584/584/2901
f 590/591/2595 612/613/2902 585/585/2903
f 511/511/2904 607/607/2905 604/604/2666
f 512/513/2306 511/511/2906 604/604/2907
f 596/596/2908 587/587/2909 640/640/2910
f 596/596/2911 588/588/2912 587/587/2913
f 640/640/2914 587/587/2915 580/580/2577
f 640/640/2916 580/580/2917 581/581/2918
f 574/574/2919 573/573/2920 641/641/2921
f 641/641/2922 573/573/2923 642/642/2924
f 642/642/2925 643/643/2926 641/641/2927
f 643/643/2928 642/642/2929 644/644/2930
f 644/644/2931 646/645/2932 645/646/2933
f 647/647/2934 644/644/2935 645/646/2936
f 644/644/2937 642/642/2938 646/645/2939
f 648/648/2940 647/647/2941 649/649/2942
f 647/647/2943 645/646/2944 649/649/2945
f 650/650/2946 649/649/2947 652/651/2948
f 650/650/2949 648/648/2950 649/649/2951
f 649/649/2952 645/646/2953 651/652/2954
f 649/649/2955 651/652/2956 652/651/2957
f 651/652/2958 653/653/2959 652/651/2960
f 571/572/2961 566/566/2962 653/653/2963
f 653/653/2964 651/652/2965 571/572/2966
f 653/653/2967 566/566/2968 654/654/2969
f 566/566/2970 655/655/2971 654/654/2972
f 655/655/2973 656/656/2974 654/654/2975
f 655/655/2976 564/563/2977 656/656/2978
f 563/564/2979 564/563/2980 655/655/2981
f 566/566/2982 563/564/2983 655/655/2984
f 645/646/2985 646/645/2986 651/652/2987
f 651/652/2988 646/645/2989 571/572/2990
f 646/645/2991 570/570/2528 571/572/2992
f 642/642/2993 570/570/2994 646/645/2995
f 642/642/2996 573/573/2997 570/570/2998
f 560/560/2999 559/559/2497 568/569/3000
f 557/556/2466 556/557/3001 564/563/2487
f 545/545/3002 534/534/3003 549/550/3004
f 534/534/3005 532/532/3006 549/550/3007
f 536/537/3008 534/534/3009 545/545/3010
f 499/499/3011 657/657/3012 543/542/3013
f 540/541/3014 543/542/3015 657/657/3016
f 500/501/2335 522/523/3017 657/657/3018
f 500/501/2335 657/657/3019 499/499/3020
f 522/523/3021 539/540/3022 657/657/3019
f 657/657/3023 539/540/3024 540/541/3025
f 522/523/3026 524/524/3027 539/540/3028
f 507/507/3029 518/518/3030 504/504/3031
f 502/502/3032 504/504/3033 518/518/3034
f 507/507/3035 510/510/3036 518/518/3037
f 658/658/3038 659/659/3039 663/660/3040
f 658/658/3041 660/661/3042 659/659/3043
f 658/658/3044 661/662/3045 660/661/3046
f 662/663/3047 661/662/3048 658/658/3049
f 662/663/3050 658/658/3051 665/664/3052
f 664/665/3053 658/658/3054 663/660/3055
f 658/658/3056 664/665/3057 665/664/3058
f 665/664/3059 666/666/3060 662/663/3050
f 664/665/3061 668/667/3062 665/664/3063
f 666/666/3064 665/664/3065 667/668/3066
f 665/664/3067 668/667/3068 667/668/3069
f 668/667/3070 671/669/3071 667/668/3072
f 669/670/3073 670/671/3074 668/667/3075
f 664/665/3076 669/670/3077 668/667/3078
f 670/671/3079 672/672/3080 668/667/3081
f 668/667/3082 672/672/3083 671/669/3084
f 672/672/3085 673/673/3086 674/674/3087
f 670/671/3088 673/673/3089 672/672/3090
f 672/672/3091 674/674/3092 675/675/3093
f 671/669/3094 672/672/3095 675/675/3096
f 675/675/3097 674/674/3098 678/676/3099
f 676/677/3100 675/675/3101 677/678/3102
f 675/675/3103 676/677/3104 671/669/3105
f 677/678/3106 675/675/3107 678/676/3108
f 674/674/3109 680/679/3110 678/676/3111
f 678/676/3112 679/680/3113 677/678/3114
f 682/681/3115 679/680/3116 678/676/3117
f 680/679/3118 681/682/3119 678/676/3120
f 681/682/3121 682/681/3122 678/676/3120
f 681/682/3123 685/683/3124 682/681/3125
f 682/681/3126 684/684/3127 683/685/3128
f 682/681/3129 683/685/3130 679/680/3131
f 685/683/3132 684/684/3133 682/681/3134
f 681/682/3135 686/686/3136 685/683/3132
f 684/684/3137 685/683/3138 688/687/3139
f 686/686/3140 687/688/3141 685/683/3142
f 685/683/3143 687/688/3144 688/687/3145
f 688/687/3146 687/688/3147 690/689/3148
f 684/684/3149 688/687/3150 689/690/3151
f 690/689/3152 691/691/3153 688/687/3154
f 692/692/3155 691/691/3156 690/689/3157
f 692/692/3158 693/693/3159 691/691/2921
f 690/689/3160 694/694/3161 692/692/3158
f 696/695/3162 695/696/2616 694/694/3163
f 694/694/3164 690/689/3165 696/695/3166
f 686/686/3167 697/697/3168 696/695/3169
f 686/686/3170 696/695/3171 687/688/3172
f 697/697/3173 695/696/3174 696/695/3175
f 696/695/3176 690/689/3177 687/688/3178
f 699/698/3179 697/697/3180 698/699/3181
f 697/697/3182 686/686/3183 698/699/3184
f 700/700/3185 697/697/3186 699/698/3187
f 697/697/3188 700/700/3189 695/696/3190
f 702/701/3191 700/700/3192 699/698/3193
f 700/700/3194 701/702/3195 695/696/3196
f 702/701/3197 703/703/3198 700/700/3199
f 704/704/3200 702/701/3201 705/705/3202
f 705/705/3203 702/701/3204 699/698/3205
f 706/706/3206 705/705/3207 698/699/3208
f 705/705/3209 706/706/3210 707/707/3211
f 708/708/3212 705/705/3213 707/707/3214
f 708/708/3215 704/704/3216 705/705/3217
f 698/699/3218 705/705/3219 699/698/3220
f 709/709/3221 708/708/3222 710/710/3223
f 710/710/3224 708/708/3225 707/707/3226
f 712/711/3227 709/709/3228 710/710/3224
f 711/712/3229 710/710/3230 707/707/3231
f 712/711/3232 710/710/3233 711/712/3234
f 711/712/3235 713/713/3236 712/711/3237
f 713/713/3236 669/670/3238 664/665/3239
f 663/660/3240 713/713/3241 664/665/3242
f 713/713/3243 711/712/3244 669/670/3245
f 669/670/3246 711/712/3235 670/671/3079
f 670/671/3247 711/712/3248 673/673/3249
f 711/712/3250 707/707/3251 673/673/3252
f 673/673/3253 707/707/3254 706/706/3255
f 706/706/3256 680/679/3257 674/674/3258
f 673/673/3259 706/706/3260 674/674/3261
f 680/679/3262 706/706/3210 698/699/3263
f 680/679/3264 698/699/3265 681/682/3266
f 698/699/3263 686/686/3267 681/682/3123
f 684/684/3268 689/690/3269 714/714/3270
f 683/685/3271 714/714/3272 715/715/3273
f 683/685/3274 684/684/3275 714/714/3276
f 715/715/2950 717/716/3277 716/717/3278
f 719/718/3279 715/715/3280 716/717/3281
f 719/718/3282 718/719/3283 715/715/3284
f 718/719/3285 683/685/3286 715/715/3287
f 676/677/3288 719/718/3289 720/720/3290
f 676/677/3291 718/719/3292 719/718/3293
f 720/720/3294 719/718/3295 721/721/3296
f 721/721/3297 719/718/3298 716/717/3299
f 722/722/3300 721/721/3301 716/717/3302
f 723/723/3303 721/721/3304 722/722/3305
f 720/720/3306 721/721/3307 723/723/3308
f 724/724/3309 723/723/3310 725/725/3311
f 724/724/3312 720/720/3313 723/723/3314
f 725/725/3315 723/723/3316 726/726/3317
f 726/726/3318 723/723/3319 727/727/3320
f 723/723/3321 722/722/3322 727/727/3323
f 731/728/3324 726/726/3325 727/727/3326
f 727/727/3327 728/729/3328 729/730/3329
f 727/727/3330 722/722/3331 728/729/3332
f 727/727/3323 729/730/3333 730/731/3334
f 727/727/3326 730/731/3335 731/728/3336
f 731/728/3337 732/732/3338 726/726/3339
f 732/732/3340 731/728/3341 733/733/3342
f 733/733/3343 731/728/3344 734/734/3345
f 734/734/3346 731/728/3347 730/731/3348
f 733/733/3349 734/734/3350 735/735/3351
f 735/735/3352 734/734/3353 736/736/3354
f 738/737/3355 734/734/3356 730/731/3357
f 737/738/3358 736/736/3359 734/734/3360
f 737/738/3361 734/734/3362 738/737/3363
f 730/731/3364 739/739/3365 738/737/3366
f 738/737/3367 739/739/3368 741/740/3369
f 738/737/3370 740/741/3371 737/738/3372
f 740/741/3373 738/737/3374 741/740/3375
f 741/740/3376 744/742/3377 742/743/3378
f 741/740/3379 742/743/3380 743/744/3381
f 739/739/3382 744/742/3383 741/740/3384
f 743/744/3385 740/741/3386 741/740/3387
f 744/742/3388 746/745/3389 742/743/3390
f 739/739/3391 747/746/3392 744/742/3393
f 744/742/3388 747/746/3394 745/747/3395
f 744/742/3396 745/747/3397 746/745/3398
f 748/748/3399 749/749/3400 747/746/3401
f 729/730/3402 748/748/3403 747/746/3392
f 729/730/3404 747/746/3405 739/739/3406
f 747/746/3407 749/749/3408 745/747/3409
f 749/749/3410 750/750/3411 751/751/3412
f 748/748/3413 750/750/3414 749/749/3415
f 745/747/3416 749/749/3417 751/751/3418
f 750/750/3411 752/752/3419 751/751/3420
f 752/752/3421 753/753/3422 751/751/3423
f 751/751/3424 754/754/3425 745/747/3426
f 754/754/3427 751/751/3428 753/753/3429
f 745/747/3430 754/754/3431 746/745/3432
f 753/753/3433 755/755/3434 754/754/3435
f 754/754/3436 755/755/3437 756/756/3438
f 746/745/3439 754/754/3440 756/756/3441
f 756/756/3442 758/757/3443 757/758/3444
f 759/759/3445 756/756/3446 757/758/3447
f 756/756/3448 755/755/3449 758/757/3450
f 746/745/3451 756/756/3452 759/759/3453
f 746/745/3454 759/759/3455 742/743/3456
f 760/760/3457 742/743/3458 759/759/3459
f 759/759/3460 761/761/3461 760/760/3462
f 761/761/3463 759/759/3453 757/758/3464
f 764/762/3465 760/760/3466 761/761/3467
f 762/763/3468 761/761/3469 763/764/3470
f 764/762/3471 761/761/3472 762/763/3473
f 761/761/3474 757/758/3475 763/764/3476
f 765/765/3477 764/762/3478 767/766/3479
f 766/767/3480 764/762/3478 765/765/3481
f 766/767/3482 760/760/3483 764/762/3484
f 767/766/3485 764/762/3486 762/763/3487
f 768/768/3488 767/766/3489 770/769/3490
f 769/770/3491 767/766/3492 768/768/3493
f 769/770/3494 765/765/3495 767/766/3496
f 770/769/3497 767/766/3498 771/771/3499
f 767/766/3498 762/763/3500 771/771/3501
f 773/772/3502 770/769/3503 771/771/3504
f 762/763/3505 772/773/3506 771/771/3507
f 771/771/3508 772/773/3509 773/772/3510
f 776/774/3511 770/769/3512 773/772/3513
f 774/775/3514 773/772/3515 775/776/3516
f 776/774/3517 773/772/3518 774/775/3519
f 773/772/3520 772/773/3521 775/776/3522
f 777/777/3523 776/774/3524 778/778/3525
f 776/774/3526 777/777/3527 768/768/3528
f 776/774/3517 768/768/3529 770/769/3530
f 778/778/3531 776/774/3532 779/779/3533
f 779/779/3534 776/774/3517 774/775/3535
f 781/780/3536 780/781/3537 779/779/3538
f 778/778/3539 779/779/3540 780/781/3541
f 779/779/3542 774/775/3535 781/780/3543
f 783/782/3544 780/781/3545 781/780/3546
f 781/780/3547 774/775/3548 782/783/3549
f 781/780/3550 782/783/3551 784/784/3552
f 781/780/3553 784/784/3554 783/782/3555
f 785/785/3556 784/784/3557 787/786/3558
f 783/782/3559 784/784/3560 785/785/3561
f 784/784/3562 786/787/3563 788/788/3564
f 784/784/3562 782/783/3565 786/787/3566
f 784/784/3567 788/788/3568 787/786/3569
f 788/788/3570 790/789/3571 789/790/3572
f 787/786/3573 788/788/3574 789/790/3575
f 788/788/3576 791/791/3577 790/789/3578
f 788/788/3579 792/792/3580 791/791/3581
f 792/792/3582 788/788/3583 786/787/3584
f 786/787/3585 793/793/3586 792/792/3587
f 793/793/3588 794/794/3589 792/792/3590
f 792/792/3591 794/794/3592 791/791/3593
f 798/795/3594 795/796/3595 794/794/3596
f 794/794/3597 795/796/3598 797/797/3599
f 793/793/3600 796/798/3601 794/794/3602
f 796/798/3603 798/795/3604 794/794/3605
f 791/791/3606 794/794/3607 797/797/3608
f 799/799/3609 798/795/3610 796/798/3611
f 800/800/3612 798/795/3613 799/799/3614
f 798/795/3615 800/800/3616 795/796/3617
f 800/800/3618 801/801/3619 802/802/3620
f 800/800/3621 799/799/3622 801/801/3623
f 800/800/3624 802/802/3625 803/803/3626
f 795/796/3627 800/800/3628 803/803/3629
f 803/803/3630 806/804/3631 795/796/3632
f 804/805/3633 805/806/3634 803/803/3635
f 803/803/3636 802/802/3637 804/805/3633
f 806/804/3638 803/803/3639 805/806/3640
f 795/796/3641 806/804/3642 797/797/3599
f 806/804/3643 807/807/3644 808/808/3645
f 806/804/3646 805/806/3647 807/807/3648
f 797/797/3599 806/804/3649 808/808/3650
f 809/809/3651 808/808/3652 807/807/3653
f 808/808/3654 790/789/3655 797/797/3656
f 808/808/3657 809/809/3658 810/810/3659
f 808/808/3660 810/810/3661 790/789/3662
f 810/810/3663 789/790/3664 790/789/3665
f 789/790/3666 810/810/3667 811/811/3668
f 812/812/3669 810/810/3670 809/809/3671
f 811/811/3672 810/810/3673 812/812/3674
f 813/813/3675 812/812/3676 816/814/3677
f 811/811/3678 812/812/3679 813/813/3680
f 812/812/3681 809/809/3682 815/815/3683
f 812/812/3684 815/815/3685 814/816/3686
f 816/814/3687 812/812/3688 814/816/3689
f 817/817/3690 813/813/3691 816/814/3692
f 817/817/3693 816/814/3694 818/818/3695
f 818/818/3695 816/814/3696 819/819/3697
f 816/814/3698 820/820/3699 819/819/3700
f 820/820/3701 816/814/3702 814/816/3703
f 821/821/3704 820/820/3705 822/822/3706
f 819/819/3707 820/820/3708 821/821/3709
f 820/820/3710 814/816/3711 822/822/3706
f 822/822/3712 826/823/3713 823/824/3714
f 825/825/3715 822/822/3716 823/824/3717
f 826/823/3718 822/822/3719 824/826/3720
f 814/816/3721 824/826/3722 822/822/3706
f 821/821/3723 822/822/3724 825/825/3725
f 826/823/3726 824/826/3727 827/827/3728
f 826/823/3729 827/827/3730 828/828/3731
f 826/823/3732 828/828/3733 829/829/3734
f 826/823/3735 829/829/3736 823/824/3737
f 831/830/3738 829/829/3739 830/831/3740
f 829/829/3741 828/828/3742 830/831/3743
f 831/830/3744 823/824/3745 829/829/3746
f 831/830/3738 830/831/3747 832/832/3748
f 823/824/3749 831/830/3750 825/825/3751
f 833/833/3752 831/830/3753 832/832/3754
f 825/825/3755 831/830/3756 833/833/3757
f 833/833/3758 832/832/3759 834/834/3760
f 837/835/3761 833/833/3762 834/834/3763
f 835/836/3764 825/825/3765 833/833/3766
f 835/836/3767 833/833/3768 836/837/3769
f 836/837/3770 833/833/3771 837/835/3772
f 838/838/3773 837/835/3774 839/839/3775
f 838/838/3776 836/837/3777 837/835/3778
f 839/839/3779 837/835/3780 834/834/3781
f 842/840/3782 839/839/3783 840/841/3784
f 839/839/3785 841/842/3786 840/841/3787
f 834/834/3781 841/842/3788 839/839/3789
f 838/838/3790 839/839/3791 842/840/3792
f 844/843/3793 838/838/3794 842/840/3795
f 843/844/3796 842/840/3797 840/841/3798
f 846/845/3799 842/840/3800 843/844/3801
f 844/843/3802 842/840/3800 845/846/3803
f 845/846/3804 842/840/3805 846/845/3806
f 846/845/3807 843/844/3808 847/847/3809
f 848/848/3810 846/845/3811 847/847/3812
f 849/849/3813 846/845/3814 848/848/3815
f 845/846/3816 846/845/3817 849/849/3818
f 851/850/3819 849/849/3820 850/851/3821
f 849/849/3822 848/848/3823 850/851/3824
f 845/846/3825 849/849/3826 851/850/3827
f 851/850/3828 850/851/3829 852/852/3830
f 852/852/3831 853/853/3832 851/850/3833
f 854/854/3834 851/850/3835 853/853/3836
f 851/850/3819 854/854/3837 845/846/3816
f 856/855/3838 854/854/3839 853/853/3840
f 855/856/3841 844/843/3842 854/854/3843
f 856/855/3844 855/856/3845 854/854/3846
f 854/854/3834 844/843/3847 845/846/3848
f 853/853/3849 857/857/3850 856/855/3851
f 858/858/3852 856/855/3853 857/857/3854
f 858/858/3855 859/859/3856 856/855/3838
f 861/860/3857 856/855/3858 859/859/3859
f 856/855/3860 860/861/3861 855/856/3862
f 856/855/3863 861/860/3864 860/861/3865
f 861/860/3866 859/859/3867 862/862/3868
f 864/863/3869 860/861/3870 861/860/3864
f 861/860/3871 862/862/3872 863/864/3873
f 864/863/3874 861/860/3875 863/864/3876
f 860/861/3877 864/863/3878 866/865/3879
f 863/864/3880 865/866/3881 864/863/3882
f 865/866/3883 867/867/3884 864/863/3885
f 864/863/3886 867/867/3887 866/865/3888
f 865/866/3889 868/868/3890 867/867/3891
f 867/867/3892 870/869/3893 866/865/3894
f 868/868/3895 869/870/3896 867/867/3897
f 867/867/3892 869/870/3898 870/869/3899
f 871/871/3900 870/869/3901 869/870/3902
f 866/865/3903 870/869/3904 872/872/3905
f 870/869/3906 871/871/3907 872/872/3908
f 873/873/3909 866/865/3910 872/872/3911
f 871/871/3912 836/837/3913 872/872/3914
f 873/873/3915 872/872/3916 874/874/3917
f 872/872/3918 838/838/3919 874/874/3920
f 872/872/3921 836/837/3922 838/838/3923
f 855/856/3862 873/873/3924 874/874/3925
f 874/874/3926 838/838/3927 844/843/3928
f 855/856/3929 874/874/3930 844/843/3842
f 866/865/3931 873/873/3932 860/861/3933
f 860/861/3934 873/873/3935 855/856/3936
f 875/875/3937 876/876/3938 871/871/3939
f 869/870/3940 875/875/3941 871/871/3942
f 871/871/3943 876/876/3944 835/836/3945
f 835/836/3767 836/837/3946 871/871/3947
f 875/875/3948 819/819/3949 876/876/3950
f 819/819/3951 821/821/3952 876/876/3953
f 876/876/3954 821/821/3955 835/836/3956
f 877/877/3957 875/875/3958 869/870/3959
f 877/877/3960 878/878/3961 875/875/3962
f 878/878/3963 819/819/3949 875/875/3964
f 877/877/3965 879/879/3966 878/878/3967
f 878/878/3968 818/818/3969 819/819/3949
f 879/879/3970 818/818/3971 878/878/3972
f 880/880/3973 882/881/3974 879/879/3975
f 881/882/3976 880/880/3977 879/879/3978
f 877/877/3979 881/882/3980 879/879/3981
f 883/883/3982 879/879/3983 882/881/3984
f 883/883/3985 818/818/3986 879/879/3987
f 883/883/3988 817/817/3989 818/818/3990
f 884/884/3991 817/817/3992 883/883/3988
f 883/883/3993 882/881/3994 884/884/3995
f 884/884/3996 785/785/3997 885/885/3998
f 882/881/3999 785/785/4000 884/884/3991
f 817/817/3693 884/884/4001 885/885/4002
f 787/786/4003 885/885/4004 785/785/3997
f 885/885/4005 787/786/4006 811/811/4007
f 885/885/4008 813/813/4009 817/817/4010
f 813/813/4011 885/885/4005 811/811/4012
f 887/886/4013 785/785/4014 882/881/4015
f 887/886/4016 882/881/3984 886/887/4017
f 886/887/4018 882/881/4019 880/880/4020
f 887/886/4021 783/782/4022 785/785/4023
f 888/888/4024 783/782/4022 887/886/4025
f 888/888/4026 887/886/4027 886/887/4028
f 889/889/4029 888/888/4030 886/887/4031
f 890/890/4032 888/888/4033 889/889/4034
f 780/781/4035 783/782/4036 888/888/4037
f 780/781/4038 888/888/4039 890/890/4040
f 890/890/4041 892/891/4042 891/892/4043
f 890/890/4044 891/892/4045 778/778/4046
f 892/891/4047 890/890/4048 889/889/4049
f 778/778/4046 780/781/4050 890/890/4051
f 893/893/4052 891/892/4053 892/891/4054
f 892/891/4055 894/894/4056 893/893/4057
f 892/891/4058 889/889/4059 894/894/4060
f 889/889/4061 897/895/4062 894/894/4063
f 895/896/4064 894/894/4065 898/897/4066
f 896/898/4067 894/894/4068 895/896/4069
f 894/894/4070 896/898/4071 893/893/4072
f 897/895/4073 898/897/4074 894/894/4075
f 900/899/4076 898/897/4077 899/900/4078
f 898/897/4079 897/895/4080 899/900/4081
f 895/896/4082 898/897/4083 900/899/4084
f 900/899/4085 901/901/4086 902/902/4087
f 901/901/4088 900/899/4089 904/903/4090
f 900/899/4091 902/902/4087 895/896/4092
f 900/899/4093 899/900/4078 903/904/4094
f 900/899/4095 903/904/4096 904/903/4097
f 901/901/4098 904/903/4099 905/905/4100
f 905/905/4101 904/903/4102 865/866/3881
f 904/903/4103 906/906/4104 865/866/4105
f 904/903/4106 903/904/4107 906/906/4108
f 906/906/4109 877/877/4110 868/868/4111
f 903/904/4112 877/877/4110 906/906/4113
f 865/866/4114 906/906/4104 868/868/4115
f 905/905/4116 865/866/4117 863/864/4118
f 907/907/4119 901/901/4120 905/905/4121
f 907/907/4122 905/905/4123 863/864/4124
f 907/907/4125 863/864/4126 909/908/4127
f 907/907/4128 908/909/4129 910/910/4130
f 907/907/4131 909/908/4132 908/909/4129
f 910/910/4133 911/911/4134 907/907/4135
f 901/901/4136 907/907/4137 911/911/4138
f 912/912/4139 913/913/4140 911/911/4141
f 912/912/4142 911/911/4141 910/910/4143
f 901/901/4144 911/911/4145 902/902/4146
f 911/911/4147 913/913/4140 902/902/4148
f 914/914/4149 913/913/4150 912/912/4142
f 916/915/4151 902/902/4152 913/913/4153
f 914/914/4154 915/916/4155 913/913/4156
f 915/916/4157 916/915/4158 913/913/4159
f 917/917/4160 895/896/4161 916/915/4162
f 916/915/4163 895/896/4164 902/902/4165
f 915/916/4166 917/917/4167 916/915/4168
f 896/898/4169 895/896/4170 917/917/4171
f 919/918/4172 917/917/4173 918/919/4174
f 918/919/4175 917/917/4176 915/916/4177
f 919/918/4178 896/898/4179 917/917/4180
f 920/920/4181 919/918/4182 923/921/4183
f 920/920/4184 921/922/4185 919/918/4186
f 921/922/4187 922/923/4188 919/918/4172
f 922/923/4189 896/898/4190 919/918/4191
f 919/918/4192 918/919/4193 923/921/4194
f 925/924/4195 920/920/4196 923/921/4197
f 923/921/4198 924/925/4199 925/924/4200
f 923/921/4198 926/926/4201 924/925/4202
f 927/927/4203 923/921/4204 918/919/4205
f 923/921/4206 927/927/4207 926/926/4208
f 926/926/4209 927/927/4210 914/914/4149
f 915/916/4211 914/914/4212 927/927/4213
f 918/919/4214 915/916/4215 927/927/4216
f 929/928/4217 926/926/4218 928/929/4219
f 926/926/4220 930/930/4221 928/929/4222
f 926/926/4223 929/928/4224 924/925/4225
f 926/926/4226 914/914/4149 930/930/4227
f 914/914/4228 931/931/4229 930/930/4230
f 931/931/4231 932/932/4232 930/930/4233
f 928/929/4234 930/930/4235 932/932/4236
f 932/932/4236 933/933/4237 936/934/4238
f 932/932/4239 934/935/4240 933/933/4241
f 932/932/4242 935/936/4243 934/935/4244
f 931/931/4245 935/936/4246 932/932/4247
f 928/929/4248 932/932/4239 936/934/4249
f 933/933/4250 937/937/4251 936/934/4252
f 936/934/4253 937/937/4254 938/938/4255
f 928/929/4256 936/934/4257 938/938/4258
f 938/938/4259 937/937/4260 939/939/4261
f 938/938/4262 939/939/4263 940/940/4264
f 942/941/4265 928/929/4266 938/938/4267
f 940/940/4268 941/942/4269 938/938/4270
f 941/942/4271 942/941/4272 938/938/4273
f 928/929/4274 942/941/4275 929/928/4276
f 942/941/4277 941/942/4278 943/943/4279
f 942/941/4280 944/944/4281 929/928/4276
f 944/944/4282 942/941/4283 943/943/4284
f 944/944/4285 945/945/4286 947/946/4287
f 944/944/4282 943/943/4288 945/945/4289
f 946/947/4290 944/944/4291 947/946/4292
f 946/947/4293 929/928/4294 944/944/4295
f 949/948/4296 947/946/4297 948/949/4298
f 948/949/4299 947/946/4297 945/945/4300
f 949/948/4301 946/947/4302 947/946/4303
f 949/948/4304 951/950/4305 950/951/4306
f 952/952/4307 949/948/4308 950/951/4309
f 951/950/4310 949/948/4311 948/949/4312
f 949/948/4313 952/952/4314 946/947/4315
f 953/953/4316 952/952/4317 954/954/4318
f 953/953/4319 925/924/4320 952/952/4321
f 925/924/4322 946/947/4323 952/952/4324
f 950/951/4325 954/954/4326 952/952/4327
f 955/955/4328 954/954/4329 956/956/4330
f 957/957/4331 954/954/4332 955/955/4333
f 956/956/4334 954/954/4335 950/951/4336
f 957/957/4337 953/953/4338 954/954/4326
f 959/958/4339 957/957/4340 955/955/4341
f 957/957/4342 958/959/4343 920/920/4344
f 957/957/4345 960/960/4346 958/959/4347
f 957/957/4348 920/920/4181 953/953/4349
f 959/958/4350 960/960/4351 957/957/4352
f 961/961/4353 960/960/4354 959/958/4355
f 961/961/4356 962/962/4357 960/960/4358
f 962/962/4359 963/963/4360 960/960/4361
f 960/960/4362 963/963/4363 958/959/4364
f 963/963/4365 964/964/4366 965/965/4367
f 962/962/4368 964/964/4369 963/963/4370
f 965/965/4371 921/922/4187 963/963/4372
f 963/963/4373 921/922/4374 958/959/4375
f 965/965/4376 922/923/4377 921/922/4378
f 891/892/4379 893/893/4380 965/965/4381
f 966/966/4382 891/892/4383 965/965/4384
f 922/923/4188 965/965/4385 893/893/4386
f 964/964/4387 966/966/4388 965/965/4389
f 966/966/4390 967/967/4391 968/968/4392
f 967/967/4393 966/966/4394 964/964/4395
f 968/968/4396 969/969/4397 966/966/4390
f 969/969/4398 891/892/4399 966/966/4400
f 969/969/4401 968/968/4402 777/777/4403
f 969/969/4404 777/777/4405 778/778/3525
f 891/892/4406 969/969/4407 778/778/4408
f 968/968/4409 970/970/4410 777/777/4411
f 971/971/4412 970/970/4413 968/968/4414
f 971/971/4415 968/968/4416 967/967/4417
f 967/967/4418 972/972/4419 971/971/4420
f 971/971/4421 972/972/4422 973/973/4423
f 973/973/4424 970/970/4425 971/971/4426
f 976/974/4427 973/973/4428 972/972/4429
f 973/973/4430 974/975/4431 970/970/4432
f 975/976/4433 974/975/4434 973/973/4423
f 976/974/4435 975/976/4436 973/973/4437
f 977/977/4438 976/974/4439 978/978/4440
f 976/974/4441 977/977/4442 975/976/4443
f 978/978/4444 976/974/4445 979/979/4446
f 976/974/4447 972/972/4448 979/979/4449
f 981/980/4450 979/979/4451 980/981/4452
f 979/979/4453 982/982/4454 980/981/4455
f 978/978/4456 979/979/4457 981/980/4458
f 979/979/4459 983/983/4460 982/982/4461
f 979/979/4462 972/972/4463 983/983/4464
f 982/982/4461 983/983/4465 984/984/4466
f 984/984/4467 983/983/4468 985/985/4469
f 972/972/4448 985/985/4470 983/983/4471
f 984/984/4472 985/985/4473 961/961/4474
f 985/985/4475 962/962/4357 961/961/4474
f 985/985/4476 972/972/4477 967/967/4478
f 985/985/4479 967/967/4480 962/962/4481
f 982/982/4482 984/984/4483 986/986/4484
f 986/986/4485 984/984/4486 959/958/4487
f 961/961/4488 959/958/4489 984/984/4483
f 987/987/4490 982/982/4491 986/986/4492
f 987/987/4493 986/986/4494 989/988/4495
f 986/986/4492 959/958/4339 988/989/4496
f 990/990/4497 986/986/4498 988/989/4499
f 990/990/4497 989/988/4500 986/986/4501
f 990/990/4502 994/991/4503 989/988/4504
f 991/992/4505 990/990/4506 992/993/4507
f 990/990/4508 991/992/4509 994/991/4510
f 990/990/4511 993/994/4512 992/993/4513
f 990/990/4514 988/989/4515 993/994/4516
f 995/995/4517 997/996/4518 994/991/4519
f 995/995/4520 994/991/4521 996/997/4522
f 996/997/4522 994/991/4523 991/992/4524
f 997/996/4525 989/988/4526 994/991/4521
f 997/996/4527 980/981/4528 987/987/4529
f 980/981/4530 997/996/4531 998/998/4532
f 987/987/4533 989/988/4534 997/996/4535
f 998/998/4536 997/996/4537 995/995/4538
f 998/998/4539 999/999/4540 1001/1000/4541
f 999/999/4542 998/998/4543 1002/1001/4544
f 998/998/4545 995/995/4520 1000/1002/4546
f 1002/1001/4547 998/998/4548 1000/1002/4549
f 1001/1000/4550 980/981/4551 998/998/4552
f 1003/1003/4553 999/999/4554 1002/1001/4555
f 1003/1003/4556 1002/1001/4557 1004/1004/4558
f 1002/1001/4559 1000/1002/4560 1004/1004/4561
f 1005/1005/4562 1004/1004/4563 1006/1006/4564
f 1007/1007/4565 1004/1004/4566 1005/1005/4567
f 1004/1004/4568 1000/1002/4569 1006/1006/4570
f 1007/1007/4571 1003/1003/4572 1004/1004/4573
f 1007/1007/4574 1005/1005/4575 1009/1008/4576
f 1010/1009/4577 1007/1007/4578 1008/1010/2364
f 1008/1010/4579 1007/1007/4580 1009/1008/4576
f 1007/1007/4581 1010/1009/4577 1003/1003/4582
f 1011/1011/4583 1012/1012/4584 1010/1009/4585
f 1010/1009/4586 1012/1012/4587 1003/1003/4588
f 1012/1012/4589 1013/1013/4590 1014/1014/4591
f 1011/1011/4583 1013/1013/4592 1012/1012/4593
f 1015/1015/4594 1012/1012/4595 1014/1014/4596
f 1003/1003/4597 1012/1012/4598 1016/1016/4599
f 1012/1012/4600 1015/1015/4601 1016/1016/4602
f 1016/1016/4603 1015/1015/4604 1017/1017/4605
f 1016/1016/4606 999/999/4607 1003/1003/4608
f 1016/1016/4609 1017/1017/4610 999/999/4611
f 1015/1015/4612 1018/1018/4613 1017/1017/4614
f 1017/1017/4615 1019/1019/4616 999/999/4617
f 1018/1018/4618 1020/1020/4619 1017/1017/4620
f 1017/1017/4620 1020/1020/4621 1019/1019/4622
f 1018/1018/4623 733/733/4624 1020/1020/4625
f 1020/1020/4626 735/735/4627 1019/1019/4628
f 735/735/4629 1020/1020/4630 733/733/4631
f 1019/1019/4632 1001/1000/4633 999/999/4634
f 1019/1019/4635 1021/1021/4636 1001/1000/4637
f 735/735/4638 1021/1021/4639 1019/1019/4640
f 1001/1000/4641 1021/1021/4642 981/980/4643
f 1021/1021/4644 978/978/4645 981/980/4646
f 735/735/4647 977/977/4648 1021/1021/4639
f 1021/1021/4649 977/977/4650 978/978/4651
f 1015/1015/4652 1022/1022/4653 1018/1018/4654
f 1022/1022/4655 732/732/4656 1018/1018/4613
f 732/732/4656 733/733/4657 1018/1018/4658
f 1014/1014/4591 1022/1022/4653 1015/1015/4659
f 1014/1014/4596 1023/1023/4660 1022/1022/4661
f 1022/1022/4662 1023/1023/4663 732/732/4664
f 1024/1024/4665 1023/1023/4666 1014/1014/4667
f 1025/1025/4668 1023/1023/4669 1024/1024/4670
f 1023/1023/4671 724/724/4672 725/725/4673
f 1025/1025/4674 724/724/4675 1023/1023/4676
f 732/732/4677 1023/1023/4676 725/725/4678
f 1026/1026/4679 1028/1027/4680 1025/1025/4681
f 1026/1026/4682 1025/1025/4683 1027/1028/4684
f 1027/1028/4685 1025/1025/4683 1029/1029/4686
f 1028/1027/4687 724/724/4688 1025/1025/4689
f 1029/1029/4690 1025/1025/4691 1024/1024/4692
f 1029/1029/4693 1014/1014/4667 1013/1013/4694
f 1027/1028/4695 1029/1029/4696 1013/1013/4697
f 1024/1024/4698 1014/1014/4699 1029/1029/4700
f 1030/1030/4701 1031/1031/4702 1028/1027/4703
f 1030/1030/4704 1028/1027/4687 1026/1026/4705
f 1028/1027/4706 1031/1031/4707 724/724/4708
f 1030/1030/4709 671/669/4710 1031/1031/4711
f 1031/1031/4712 676/677/4713 720/720/3306
f 671/669/3094 676/677/4714 1031/1031/4715
f 724/724/3309 1031/1031/4716 720/720/4717
f 1026/1026/4718 666/666/4719 1030/1030/4720
f 667/668/3069 1030/1030/4720 666/666/4721
f 667/668/4722 671/669/3084 1030/1030/4701
f 1032/1032/4723 1027/1028/4724 1013/1013/4725
f 662/663/3047 1027/1028/4726 1032/1032/4727
f 662/663/4728 1026/1026/4682 1027/1028/4729
f 1032/1032/4730 1013/1013/4731 1033/1033/4732
f 1034/1034/4733 1032/1032/4730 1033/1033/4734
f 661/662/4735 1032/1032/4730 1034/1034/4736
f 662/663/4737 1032/1032/4723 661/662/4738
f 1034/1034/4739 660/661/4740 661/662/4741
f 1011/1011/4742 1033/1033/4743 1013/1013/4744
f 662/663/4745 666/666/4746 1026/1026/4747
f 1008/1010/4748 1009/1008/4749 1037/1035/4750
f 1009/1008/4751 1005/1005/4752 1035/1036/4753
f 1036/1037/4754 1009/1008/4755 1035/1036/4756
f 1037/1035/4757 1009/1008/4755 1036/1037/4758
f 1037/1035/4759 1039/1038/4760 1038/1039/4761
f 1037/1035/4762 1036/1037/4763 1039/1038/4764
f 1038/1039/2444 1039/1038/4765 1040/1040/4766
f 1039/1038/4767 1036/1037/4768 1041/1041/4769
f 1040/1040/4770 1039/1038/4771 1041/1041/4772
f 1041/1041/4773 1043/1042/4774 1042/1043/4775
f 1040/1040/4776 1041/1041/4777 1042/1043/4778
f 1041/1041/4773 1044/1044/4779 1043/1042/4780
f 1041/1041/4781 1036/1037/4782 1044/1044/4783
f 1043/1042/4784 1044/1044/4785 1045/1045/4786
f 1044/1044/4787 1047/1046/4788 1045/1045/4789
f 1035/1036/4790 1046/1047/4791 1044/1044/4792
f 1044/1044/4785 1046/1047/4793 1047/1046/4794
f 1036/1037/4782 1035/1036/4795 1044/1044/4796
f 1048/1048/4797 1045/1045/4798 1047/1046/4799
f 1048/1048/4800 1047/1046/4794 1050/1049/4801
f 1046/1047/4802 1049/1050/4803 1047/1046/4804
f 1047/1046/4805 1049/1050/4806 1050/1049/4807
f 1050/1049/4808 1049/1050/4809 1051/1051/4810
f 1050/1049/4811 1051/1051/4812 1053/1052/4813
f 1048/1048/4814 1050/1049/4815 1052/1053/4816
f 1053/1052/4817 1052/1053/4818 1050/1049/4819
f 1051/1051/4820 1054/1054/4821 1053/1052/4822
f 1053/1052/4823 1054/1054/4824 1055/1055/4825
f 1053/1052/4826 1056/1056/4827 1052/1053/4828
f 1053/1052/4826 1055/1055/4829 1056/1056/4830
f 1052/1053/4831 1056/1056/4832 1057/1057/4833
f 1057/1057/4834 1056/1056/4832 1058/1058/4835
f 1055/1055/4836 1059/1059/4837 1056/1056/4838
f 1056/1056/4839 1059/1059/4840 1058/1058/4841
f 1059/1059/4842 1061/1060/4843 1060/1061/4844
f 1060/1061/4845 1058/1058/4846 1059/1059/4847
f 1062/1062/4848 1061/1060/4849 1059/1059/4850
f 1059/1059/4851 1055/1055/4852 1062/1062/4853
f 1061/1060/4854 1062/1062/4855 1065/1063/4856
f 1055/1055/4857 1063/1064/4858 1062/1062/4859
f 1063/1064/4860 1064/1065/4861 1062/1062/4848
f 1062/1062/4862 1064/1065/4863 1065/1063/4864
f 1061/1060/4865 1065/1063/4856 1066/1066/4866
f 1065/1063/4867 1067/1067/4868 1066/1066/4869
f 1065/1063/4870 1064/1065/4871 1067/1067/4872
f 1067/1067/4873 1069/1068/4874 1068/1069/4875
f 1067/1067/4876 1068/1069/4877 1071/1070/4878
f 1070/1071/4879 1069/1068/4880 1067/1067/4881
f 1070/1071/4882 1067/1067/4876 1064/1065/4883
f 1067/1067/4884 1071/1070/4885 1066/1066/4886
f 1072/1072/4887 1066/1066/4888 1071/1070/4889
f 1072/1072/4890 1071/1070/4891 1073/1073/4892
f 1073/1073/4893 1071/1070/4894 1075/1074/4895
f 1068/1069/4896 1074/1075/4897 1071/1070/4898
f 1075/1074/4899 1071/1070/4900 1074/1075/4901
f 1076/1076/4902 1075/1074/4903 1074/1075/4904
f 1076/1076/4905 1077/1077/4906 1075/1074/4907
f 1076/1076/4908 1078/1078/4909 1077/1077/4910
f 1081/1079/4911 1078/1078/4912 1076/1076/4913
f 1078/1078/4914 1081/1079/4915 1079/1080/4916
f 1079/1080/4917 1080/1081/4918 1078/1078/4919
f 1082/1082/4920 1079/1080/4921 1081/1079/4922
f 1083/1083/4923 1082/1082/4924 1081/1079/4925
f 1081/1079/4925 1076/1076/4913 1084/1084/4926
f 1083/1083/4927 1081/1079/4928 1084/1084/4929
f 1084/1084/4930 1076/1076/4931 1074/1075/4932
f 1085/1085/4933 1086/1086/4934 1084/1084/4935
f 1085/1085/4936 1084/1084/4937 1074/1075/4938
f 1086/1086/4939 1083/1083/4940 1084/1084/4941
f 945/945/4942 1083/1083/4943 1086/1086/4944
f 1087/1087/4945 948/949/4946 1086/1086/4947
f 948/949/4948 945/945/4949 1086/1086/4950
f 1087/1087/4951 1086/1086/4952 1085/1085/4953
f 1069/1068/4954 1087/1087/4955 1085/1085/4956
f 1088/1088/4957 1087/1087/4958 1069/1068/4959
f 951/950/4960 948/949/4961 1087/1087/4962
f 1088/1088/4963 951/950/4964 1087/1087/4965
f 1088/1088/4966 1069/1068/4959 1070/1071/4967
f 1089/1089/4968 951/950/4969 1088/1088/4970
f 1088/1088/4971 1090/1090/4972 1089/1089/4973
f 1088/1088/4974 1070/1071/4975 1090/1090/4976
f 1091/1091/4977 1090/1090/4978 1092/1092/4979
f 1091/1091/4980 1089/1089/4981 1090/1090/4982
f 1092/1092/4983 1090/1090/4984 1063/1064/4985
f 1063/1064/4986 1090/1090/4976 1070/1071/4987
f 1054/1054/4988 1092/1092/4989 1063/1064/4990
f 1093/1093/4991 1092/1092/4992 1054/1054/4993
f 1091/1091/4994 1092/1092/4995 1093/1093/4996
f 1094/1094/4997 1091/1091/4998 1093/1093/4999
f 1096/1095/5000 1094/1094/5001 1093/1093/4996
f 1093/1093/5002 1054/1054/5003 1051/1051/4820
f 1095/1096/5004 1093/1093/5005 1051/1051/5006
f 1095/1096/5007 1096/1095/5008 1093/1093/4996
f 992/993/5009 1094/1094/5010 1096/1095/5011
f 1098/1097/5012 992/993/5013 1096/1095/5014
f 1097/1098/5015 1096/1095/5016 1095/1096/5017
f 1097/1098/5018 1098/1097/5019 1096/1095/5020
f 996/997/5021 991/992/5022 1098/1097/5023
f 996/997/5024 1098/1097/5019 1097/1098/5025
f 992/993/5026 1098/1097/5027 991/992/5028
f 1046/1047/5029 1099/1099/5030 1097/1098/5031
f 1099/1099/5032 996/997/5033 1097/1098/5034
f 1046/1047/5035 1097/1098/5036 1049/1050/5037
f 1097/1098/5038 1095/1096/5039 1049/1050/5040
f 1005/1005/5041 1006/1006/5042 1099/1099/5043
f 1099/1099/5044 1035/1036/4756 1005/1005/5045
f 1006/1006/5046 996/997/5047 1099/1099/5048
f 1099/1099/5049 1046/1047/4791 1035/1036/4795
f 1049/1050/5050 1095/1096/5051 1051/1051/5052
f 993/994/5053 1100/1100/5054 1094/1094/5055
f 992/993/5056 993/994/5057 1094/1094/5058
f 1094/1094/5059 1100/1100/5060 1091/1091/5061
f 1100/1100/5062 1089/1089/5063 1091/1091/5061
f 1100/1100/5064 956/956/5065 1089/1089/5066
f 1101/1101/5067 956/956/5068 1100/1100/5069
f 993/994/5070 1101/1101/5071 1100/1100/5072
f 993/994/5073 988/989/4515 1101/1101/5074
f 1101/1101/5075 988/989/5076 956/956/5077
f 1089/1089/5078 956/956/5079 950/951/5080
f 1089/1089/5081 950/951/5082 951/950/5083
f 1069/1068/5084 1085/1085/5085 1068/1069/5086
f 1068/1069/5087 1085/1085/5088 1074/1075/4932
f 943/943/5089 1082/1082/5090 1083/1083/5091
f 1083/1083/5092 945/945/5093 943/943/5094
f 1079/1080/5095 1082/1082/5096 1102/1102/5097
f 1082/1082/5098 943/943/5099 1102/1102/5100
f 1102/1102/5101 940/940/5102 1103/1103/5103
f 941/942/5104 940/940/5105 1102/1102/5106
f 1103/1103/5107 1104/1104/5108 1102/1102/5109
f 943/943/5110 941/942/5111 1102/1102/5112
f 1079/1080/5113 1102/1102/5114 1104/1104/5115
f 1106/1105/5116 1105/1106/5117 1104/1104/5118
f 1080/1081/5119 1104/1104/5120 1105/1106/5121
f 1103/1103/5122 1106/1105/5123 1104/1104/5124
f 1104/1104/5125 1080/1081/5126 1079/1080/5127
f 1106/1105/5128 1107/1107/5129 1105/1106/5130
f 1106/1105/5131 1108/1108/5132 1107/1107/5133
f 1103/1103/5134 1108/1108/5135 1106/1105/5136
f 1108/1108/5135 1110/1109/5137 1107/1107/5138
f 1103/1103/5139 1109/1110/5140 1108/1108/5141
f 1110/1109/5142 1108/1108/5143 1109/1110/5144
f 1109/1110/5145 1111/1111/5146 1110/1109/5147
f 1113/1112/5148 1111/1111/5149 1112/1113/5150
f 1112/1113/5151 1111/1111/5152 1109/1110/5153
f 1112/1113/5154 1115/1114/5155 1113/1112/5156
f 1115/1114/5157 1114/1115/5158 1113/1112/5159
f 1115/1114/5160 1118/1116/5161 1116/1117/5162
f 1115/1114/5163 1116/1117/5164 1117/1118/5165
f 1115/1114/5166 1117/1118/5167 1114/1115/5168
f 1118/1116/5169 1115/1114/5170 1119/1119/5171
f 1119/1119/5172 1115/1114/5173 1112/1113/5174
f 939/939/5175 937/937/5176 1119/1119/5177
f 937/937/5178 1118/1116/5179 1119/1119/5180
f 1109/1110/5181 1119/1119/5182 1112/1113/5183
f 939/939/5184 1119/1119/5185 1109/1110/5186
f 1120/1120/5187 1118/1116/5188 937/937/5189
f 1120/1120/5190 1121/1121/5191 1118/1116/5192
f 1121/1121/5193 1116/1117/5194 1118/1116/5195
f 1116/1117/5196 1121/1121/5197 1122/1122/5198
f 1123/1123/5199 1122/1122/5200 1121/1121/5201
f 1120/1120/5202 1123/1123/5203 1121/1121/5204
f 1124/1124/5205 1122/1122/5206 1123/1123/5207
f 1125/1125/5208 1124/1124/5209 1123/1123/5210
f 1125/1125/5211 1123/1123/5212 1126/1126/5213
f 1120/1120/5214 1126/1126/5215 1123/1123/5216
f 1126/1126/5217 1127/1127/5218 1125/1125/5219
f 1126/1126/5220 909/908/5221 1127/1127/5222
f 1126/1126/5220 908/909/5223 909/908/5224
f 1120/1120/5225 934/935/5226 1126/1126/5227
f 908/909/5228 1126/1126/5227 934/935/5229
f 1127/1127/5230 1128/1128/5231 1125/1125/5232
f 1128/1128/5233 1127/1127/5234 1129/1129/5235
f 862/862/5236 859/859/5237 1127/1127/5238
f 1127/1127/5239 859/859/5237 1129/1129/5240
f 909/908/4132 862/862/5236 1127/1127/5238
f 1129/1129/5241 1130/1130/5242 1131/1131/5243
f 1129/1129/5244 858/858/5245 1130/1130/5246
f 1129/1129/5247 1131/1131/5248 1128/1128/5249
f 859/859/5250 858/858/5251 1129/1129/5252
f 1132/1132/5253 1134/1133/5254 1131/1131/5255
f 1130/1130/5256 1132/1132/5257 1131/1131/5258
f 1124/1124/5259 1131/1131/5260 1133/1134/5261
f 1131/1131/5262 1134/1133/5263 1133/1134/5264
f 1124/1124/5265 1128/1128/5266 1131/1131/5255
f 1135/1135/5267 1134/1133/5268 1132/1132/5269
f 1134/1133/5270 1135/1135/5271 1136/1136/5272
f 1134/1133/5273 1136/1136/5274 1137/1137/5275
f 1134/1133/5276 1137/1137/5277 1138/1138/5278
f 1134/1133/5279 1138/1138/5280 1133/1134/5281
f 1140/1139/5282 1138/1138/5283 1139/1140/5284
f 1138/1138/5285 1137/1137/5286 1139/1140/5287
f 1140/1139/5282 1133/1134/5288 1138/1138/5278
f 1122/1122/5200 1133/1134/5289 1140/1139/5290
f 1139/1140/5291 1141/1141/5292 1140/1139/5293
f 1142/1142/5294 1140/1139/5295 1141/1141/5296
f 1122/1122/5297 1140/1139/5282 1142/1142/5298
f 1122/1122/5299 1142/1142/5300 1116/1117/5301
f 1144/1143/5302 1142/1142/5303 1143/1144/5304
f 1142/1142/5305 1141/1141/5306 1143/1144/5307
f 1117/1118/5308 1142/1142/5303 1144/1143/5309
f 1116/1117/5310 1142/1142/5311 1117/1118/5312
f 1114/1115/5313 1117/1118/5314 1144/1143/5315
f 1141/1141/5316 1145/1145/5317 1143/1144/5307
f 1141/1141/5318 1146/1146/5319 1145/1145/5320
f 1146/1146/5321 1147/1147/5322 1148/1148/5323
f 1139/1140/5324 1147/1147/5325 1146/1146/5326
f 1139/1140/5327 1146/1146/5328 1141/1141/5329
f 1147/1147/5330 1149/1149/5331 1148/1148/5332
f 1150/1150/5333 1149/1149/5334 1147/1147/5335
f 1149/1149/5336 1150/1150/5337 1151/1151/5338
f 1150/1150/5339 1152/1152/5340 1151/1151/294
f 1155/1153/5341 1152/1152/5342 1150/1150/5343
f 1153/1154/5344 1152/1152/5345 1155/1153/5346
f 1153/1154/5344 1154/1155/5347 1152/1152/5348
f 1156/1156/5349 1153/1154/5350 1155/1153/5351
f 1136/1136/5352 1156/1156/5353 1155/1153/5354
f 1137/1137/5355 1136/1136/5356 1155/1153/5357
f 1155/1153/5358 1150/1150/5359 1147/1147/5360
f 1137/1137/5361 1155/1153/5362 1147/1147/5363
f 1158/1157/5364 1157/1158/5365 1156/1156/5366
f 1156/1156/5367 1157/1158/5368 1153/1154/5369
f 1156/1156/5370 1136/1136/5371 1158/1157/5372
f 1158/1157/5373 1159/1159/5374 1157/1158/5375
f 1135/1135/5376 1159/1159/5377 1158/1157/5378
f 1136/1136/5379 1135/1135/5380 1158/1157/5381
f 1160/1160/5382 1159/1159/5383 1161/1161/5384
f 1159/1159/5385 1160/1160/5386 1162/1162/5387
f 1159/1159/5388 1163/1163/5389 1157/1158/5390
f 1161/1161/5391 1159/1159/5383 1135/1135/5392
f 1162/1162/5393 1163/1163/5389 1159/1159/5394
f 1157/1158/5390 1163/1163/5395 1164/1164/5396
f 1162/1162/5397 1165/1165/5398 1163/1163/5399
f 1163/1163/5400 1165/1165/5401 1164/1164/5396
f 1165/1165/5402 1166/1166/5403 1164/1164/5404
f 1165/1165/5405 1167/1167/5406 1166/1166/5407
f 1168/1168/5408 1167/1167/5409 1165/1165/5410
f 1162/1162/5411 1168/1168/5412 1165/1165/5413
f 1162/1162/5414 1170/1169/5415 1168/1168/5416
f 1170/1169/5417 1169/1170/5418 1168/1168/5419
f 1171/1171/5420 1170/1169/5421 1172/1172/5422
f 1170/1169/5423 1171/1171/5420 1169/1170/5424
f 1162/1162/5425 1173/1173/5426 1170/1169/5427
f 1172/1172/5428 1170/1169/5429 1173/1173/5430
f 1162/1162/5431 1160/1160/5432 1173/1173/5433
f 1174/1174/5434 1172/1172/5435 1173/1173/5436
f 1160/1160/5437 1174/1174/5438 1173/1173/5433
f 1160/1160/5439 1175/1175/5440 1174/1174/5441
f 1172/1172/5442 1174/1174/5443 848/848/5444
f 850/851/5445 848/848/5446 1174/1174/5447
f 1175/1175/5448 852/852/5449 1174/1174/5438
f 850/851/5450 1174/1174/5451 852/852/5452
f 1161/1161/5453 1175/1175/5454 1160/1160/5455
f 857/857/5456 852/852/5457 1175/1175/5458
f 1161/1161/5459 857/857/5460 1175/1175/5461
f 848/848/5462 1176/1176/5463 1172/1172/5464
f 1176/1176/5465 1171/1171/5466 1172/1172/5467
f 1176/1176/5468 848/848/5469 847/847/3812
f 1176/1176/5470 847/847/3812 1177/1177/5471
f 1176/1176/5472 1177/1177/5473 1171/1171/5474
f 1177/1177/5475 1180/1178/5476 1178/1179/5477
f 1177/1177/5478 1178/1179/5479 1171/1171/5480
f 1177/1177/5481 1179/1180/5482 1180/1178/5483
f 1179/1180/5482 1177/1177/5484 847/847/5485
f 1180/1178/5486 1181/1181/5487 1182/1182/5488
f 1180/1178/5489 1179/1180/5490 1181/1181/5491
f 1180/1178/5486 1182/1182/5492 1183/1183/5493
f 1178/1179/5494 1180/1178/5495 1183/1183/5496
f 1182/1182/5497 1184/1184/5498 1183/1183/5499
f 1183/1183/5500 1184/1184/5501 1185/1185/5502
f 1178/1179/5503 1183/1183/5504 1185/1185/5502
f 1185/1185/5505 1186/1186/5506 1178/1179/5507
f 1171/1171/5508 1178/1179/5509 1186/1186/5510
f 1171/1171/5511 1186/1186/5512 1169/1170/5513
f 1184/1184/5514 1182/1182/5515 1187/1187/5516
f 1188/1188/5517 1189/1189/5518 1187/1187/5519
f 1190/1190/5520 1188/1188/5521 1187/1187/5522
f 1182/1182/5523 1190/1190/5524 1187/1187/5525
f 1190/1190/5526 1191/1191/5527 1192/1192/5528
f 1191/1191/5529 1190/1190/5530 1182/1182/5531
f 1190/1190/5532 1192/1192/5533 1188/1188/5534
f 1192/1192/5535 1193/1193/5536 1194/1194/5537
f 1193/1193/5538 1192/1192/5539 1191/1191/5540
f 1195/1195/5541 1192/1192/5542 1194/1194/5543
f 1192/1192/5544 1195/1195/5545 1188/1188/5546
f 1195/1195/5547 1194/1194/5548 1196/1196/5549
f 1188/1188/5550 1195/1195/5551 1189/1189/5552
f 1196/1196/5553 1197/1197/5554 1199/1198/5555
f 1196/1196/5556 1198/1199/5557 1197/1197/5558
f 1198/1199/5559 1196/1196/5560 1194/1194/5561
f 1200/1200/5562 1199/1198/5563 1197/1197/5564
f 1201/1201/5565 1200/1200/5566 1197/1197/5567
f 1202/1202/5568 1200/1200/5569 1201/1201/5570
f 1205/1203/5571 1202/1202/5572 1201/1201/5573
f 1202/1202/5574 1204/1204/5575 1203/1205/5576
f 1205/1203/5577 1204/1204/5578 1202/1202/5579
f 1201/1201/5580 1206/1206/5581 1205/1203/5582
f 1205/1203/5583 1206/1206/5584 1207/1207/5585
f 1207/1207/5586 1204/1204/5587 1205/1203/5588
f 1210/1208/5589 1207/1207/5590 1206/1206/5591
f 1208/1209/5592 1204/1204/5593 1207/1207/5594
f 1209/1210/5595 1208/1209/5596 1207/1207/5597
f 1210/1208/5598 1209/1210/5599 1207/1207/5600
f 1211/1211/5601 1210/1208/5602 1212/1212/5603
f 1211/1211/5604 1209/1210/5605 1210/1208/5598
f 1210/1208/5602 1206/1206/5606 1212/1212/5607
f 1212/1212/5608 1213/1213/5609 1211/1211/5610
f 1213/1213/5611 1212/1212/5612 1214/1214/5613
f 1214/1214/5614 1212/1212/5615 1215/1215/5616
f 1206/1206/5617 1215/1215/5618 1212/1212/5619
f 1216/1216/5620 1214/1214/5621 1215/1215/5622
f 1215/1215/5623 1206/1206/5624 1201/1201/5625
f 1201/1201/5626 1217/1217/5627 1215/1215/5628
f 1218/1218/5629 1216/1216/5630 1215/1215/5631
f 1215/1215/5632 1217/1217/5633 1218/1218/5634
f 1194/1194/5635 1218/1218/5636 1217/1217/5637
f 1216/1216/5638 1218/1218/5639 1220/1219/5640
f 1218/1218/5641 1194/1194/5642 1193/1193/5643
f 1219/1220/5644 1218/1218/5639 1193/1193/5645
f 1220/1219/5646 1218/1218/5647 1219/1220/5648
f 1222/1221/5649 1216/1216/5650 1220/1219/5646
f 1221/1222/5651 1220/1219/5652 1223/1223/5653
f 1221/1222/5654 1222/1221/5655 1220/1219/5656
f 1223/1223/5657 1220/1219/5658 1219/1220/5648
f 1224/1224/5659 1221/1222/5660 1223/1223/5661
f 1225/1225/5662 1224/1224/5663 1223/1223/5664
f 1225/1225/5665 1223/1223/5666 1226/1226/5667
f 1223/1223/5657 1219/1220/5668 1227/1227/5669
f 1223/1223/5670 1227/1227/5671 1226/1226/5672
f 1227/1227/5673 1219/1220/5674 1191/1191/5675
f 1181/1181/5676 1226/1226/5677 1227/1227/5671
f 1182/1182/5678 1227/1227/5679 1191/1191/5680
f 1181/1181/5681 1227/1227/5682 1182/1182/5523
f 1179/1180/5683 1228/1228/5684 1226/1226/5685
f 1225/1225/5686 1226/1226/5687 1228/1228/5688
f 1179/1180/5689 1226/1226/5690 1181/1181/5691
f 847/847/5692 1228/1228/5693 1179/1180/5694
f 843/844/5695 1228/1228/5696 847/847/5697
f 843/844/5698 840/841/5699 1228/1228/5700
f 840/841/5701 1225/1225/5702 1228/1228/5703
f 1224/1224/5704 1225/1225/5705 840/841/5706
f 1224/1224/5707 1229/1229/5708 1221/1222/5709
f 841/842/3788 1224/1224/5710 840/841/5701
f 1224/1224/5659 841/842/5711 1229/1229/5712
f 1231/1230/5713 1230/1231/5714 1229/1229/5715
f 1230/1231/5716 1222/1221/5717 1229/1229/5718
f 1229/1229/5719 841/842/5720 1231/1230/5721
f 1229/1229/5722 1222/1221/5723 1221/1222/5724
f 832/832/5725 1231/1230/5726 834/834/5727
f 832/832/5728 830/831/5729 1231/1230/5730
f 1231/1230/5731 830/831/5732 1230/1231/5733
f 841/842/5734 834/834/5735 1231/1230/5736
f 1213/1213/5737 1232/1232/5738 1230/1231/5739
f 1230/1231/5740 1233/1233/5741 1213/1213/5742
f 1222/1221/5743 1230/1231/5744 1232/1232/5745
f 1230/1231/5746 830/831/3743 1233/1233/5747
f 1233/1233/5748 1234/1234/5749 1213/1213/5750
f 1235/1235/5751 1234/1234/5752 1233/1233/5753
f 830/831/3743 828/828/5754 1233/1233/5755
f 828/828/5756 1235/1235/5757 1233/1233/5758
f 1236/1236/5759 1237/1237/5760 1235/1235/5761
f 1235/1235/5762 1238/1238/5763 1236/1236/5764
f 1238/1238/5765 1235/1235/5766 828/828/5767
f 1235/1235/5768 1237/1237/5769 1234/1234/5770
f 1239/1239/5771 1240/1240/5772 1238/1238/5773
f 1239/1239/5774 1238/1238/5775 827/827/5776
f 1238/1238/5777 1240/1240/5778 1241/1241/5779
f 827/827/5780 1238/1238/5781 828/828/5782
f 1241/1241/5783 1236/1236/5759 1238/1238/5784
f 1241/1241/5785 1242/1242/5786 1243/1243/5787
f 1240/1240/5788 1242/1242/5789 1241/1241/5790
f 1241/1241/5791 1243/1243/5792 1236/1236/5793
f 1242/1242/5794 1245/1244/5795 1243/1243/5796
f 1244/1245/5797 1236/1236/5798 1243/1243/5799
f 1247/1246/5800 1244/1245/5801 1243/1243/5802
f 1243/1243/5803 1245/1244/5804 1246/1247/5805
f 1247/1246/5806 1243/1243/5807 1246/1247/5808
f 1247/1246/5809 1246/1247/5810 1248/1248/5811
f 1247/1246/5812 1209/1210/5813 1244/1245/5814
f 1209/1210/5815 1247/1246/5816 1208/1209/5817
f 1247/1246/5818 1248/1248/5819 1208/1209/5820
f 1246/1247/5821 1250/1249/5822 1248/1248/5823
f 1208/1209/5824 1248/1248/5825 1249/1250/5826
f 1250/1249/5827 1249/1250/5828 1248/1248/5829
f 1251/1251/5830 1250/1249/5831 1254/1252/5832
f 1252/1253/5833 1250/1249/5834 1251/1251/5835
f 1254/1252/5836 1250/1249/5837 1246/1247/5838
f 1253/1254/5839 1249/1250/5828 1250/1249/5840
f 1250/1249/5841 1252/1253/5842 1253/1254/5843
f 1254/1252/5844 1246/1247/5845 1245/1244/5846
f 1245/1244/5846 1255/1255/5847 1254/1252/5832
f 1255/1255/5848 1256/1256/5849 1254/1252/5850
f 1256/1256/5851 1251/1251/5852 1254/1252/5853
f 1257/1257/5854 1256/1256/5855 1255/1255/5856
f 1256/1256/5857 1257/1257/5858 1258/1258/5859
f 1259/1259/5860 1256/1256/5861 1258/1258/5862
f 1259/1259/5863 1251/1251/5864 1256/1256/5865
f 1260/1260/5866 1259/1259/5867 1258/1258/5868
f 1260/1260/5869 1261/1261/5870 1259/1259/5871
f 1261/1261/5872 1262/1262/5873 1259/1259/5871
f 1259/1259/5874 1262/1262/5875 1251/1251/5876
f 1263/1263/5877 1262/1262/5878 1261/1261/5879
f 1262/1262/5880 1252/1253/5881 1251/1251/5882
f 1262/1262/5883 1263/1263/5884 1264/1264/5885
f 1262/1262/5886 1264/1264/5887 1252/1253/5888
f 1265/1265/5889 1264/1264/5890 1263/1263/5891
f 1264/1264/5892 1265/1265/5893 1266/1266/5894
f 1266/1266/5895 1252/1253/5896 1264/1264/5897
f 1266/1266/5898 1268/1267/5899 1267/1268/5900
f 1266/1266/5895 1267/1268/5901 1252/1253/5902
f 1266/1266/5903 1269/1269/5904 1268/1267/5905
f 1265/1265/5906 1269/1269/5904 1266/1266/5907
f 1265/1265/5908 1270/1270/5909 1269/1269/5910
f 1269/1269/5911 1270/1270/5912 1273/1271/5913
f 1269/1269/5911 1271/1272/5914 1272/1273/5915
f 1273/1271/5916 1271/1272/5917 1269/1269/5918
f 1272/1273/5919 1268/1267/5920 1269/1269/5904
f 1273/1271/5921 1276/1274/5922 1274/1275/298
f 1274/1275/5923 1275/1276/5924 1273/1271/5925
f 1275/1276/5926 1271/1272/5927 1273/1271/5921
f 1276/1274/5928 1273/1271/5929 1270/1270/5930
f 1277/1277/5319 1276/1274/5931 1270/1270/5932
f 1277/1277/5933 1270/1270/5934 1278/1278/5935
f 1278/1278/5936 1270/1270/5937 1265/1265/5938
f 1278/1278/5936 1265/1265/5939 1263/1263/5940
f 1263/1263/5941 1279/1279/5942 1278/1278/5943
f 1261/1261/5944 1279/1279/5945 1263/1263/5941
f 1280/1280/5946 1279/1279/5945 1261/1261/5947
f 1260/1260/5948 1281/1281/5949 1280/1280/5950
f 1280/1280/5951 1261/1261/5952 1260/1260/5953
f 1281/1281/5954 1260/1260/5948 1282/1282/5156
f 1282/1282/5955 1260/1260/5956 1258/1258/5957
f 1282/1282/5958 1258/1258/5959 1284/1283/5960
f 1282/1282/5961 1284/1283/5962 1283/1284/5963
f 1284/1283/5964 1258/1258/5965 1285/1285/5966
f 1286/1286/5967 1284/1283/5968 1285/1285/5969
f 1283/1284/5970 1284/1283/5971 1286/1286/5972
f 1287/1287/5973 1286/1286/5974 1288/1288/5975
f 1289/1289/5976 1286/1286/5977 1287/1287/5978
f 1285/1285/5979 1288/1288/5980 1286/1286/5981
f 1289/1289/5982 1283/1284/5983 1286/1286/5984
f 1290/1290/5985 1289/1289/5986 1287/1287/5987
f 1290/1290/5988 1287/1287/5989 1291/1291/5990
f 1292/1292/5991 1290/1290/5992 1291/1291/5993
f 1293/1293/5994 1292/1292/5995 1291/1291/5996
f 1292/1292/5997 1293/1293/5998 1294/1294/5999
f 1294/1294/5999 1293/1293/6000 1296/1295/6001
f 1295/1296/4912 1294/1294/5119 1296/1295/6002
f 1298/1297/6003 1295/1296/6004 1296/1295/6005
f 1296/1295/6006 1299/1298/6007 1297/1299/6008
f 1298/1297/6009 1296/1295/6006 1297/1299/6010
f 1293/1293/6011 1299/1298/6012 1296/1295/6013
f 1293/1293/6014 1300/1300/6015 1299/1298/6016
f 1301/1301/6017 1299/1298/6018 1300/1300/6019
f 1299/1298/6020 1301/1301/6021 1297/1299/6022
f 1302/1302/6023 1301/1301/6024 1303/1303/6025
f 1302/1302/6026 1297/1299/6027 1301/1301/6028
f 1303/1303/6025 1301/1301/6029 1304/1304/6030
f 1304/1304/6031 1301/1301/6032 1305/1305/6033
f 1300/1300/6034 1305/1305/6035 1301/1301/6036
f 1305/1305/6037 1306/1306/6038 1304/1304/6039
f 1305/1305/6040 1300/1300/6041 1308/1307/6042
f 1307/1308/6043 1306/1306/6044 1305/1305/6045
f 1307/1308/6046 1305/1305/6047 1308/1307/6048
f 1288/1288/6049 1307/1308/6050 1308/1307/6051
f 1291/1291/6052 1308/1307/6053 1300/1300/6054
f 1308/1307/6055 1291/1291/6056 1287/1287/6057
f 1287/1287/6058 1288/1288/6059 1308/1307/6060
f 1307/1308/6061 1309/1309/6062 1306/1306/6063
f 1307/1308/6064 1288/1288/6065 1309/1309/6066
f 1310/1310/6067 1306/1306/6068 1309/1309/6069
f 1309/1309/6070 1288/1288/6071 1285/1285/6072
f 1309/1309/6073 1311/1311/6074 1310/1310/6067
f 1285/1285/6075 1311/1311/6076 1309/1309/6073
f 1311/1311/6077 1257/1257/6078 1312/1312/6079
f 1312/1312/6080 1310/1310/6081 1311/1311/6082
f 1311/1311/6083 1285/1285/6084 1257/1257/6085
f 1312/1312/6086 1255/1255/6087 1242/1242/6088
f 1242/1242/5794 1313/1313/6089 1312/1312/6090
f 1257/1257/6091 1255/1255/6092 1312/1312/6093
f 1313/1313/6094 1310/1310/6095 1312/1312/6096
f 1314/1314/6097 1313/1313/6098 1240/1240/6099
f 1313/1313/6100 1314/1314/6101 1315/1315/6102
f 1315/1315/6103 1310/1310/6081 1313/1313/6104
f 1313/1313/6105 1242/1242/6106 1240/1240/6107
f 1315/1315/6108 1304/1304/6109 1306/1306/6110
f 1316/1316/6111 1304/1304/6112 1315/1315/6113
f 1310/1310/6114 1315/1315/6115 1306/1306/6116
f 1314/1314/6117 1316/1316/6118 1315/1315/6103
f 1316/1316/6119 1317/1317/6120 1318/1318/6121
f 1317/1317/6122 1316/1316/6123 1319/1319/6124
f 1318/1318/6125 1304/1304/6126 1316/1316/6127
f 1319/1319/6128 1316/1316/6129 1320/1320/6130
f 1316/1316/6131 1314/1314/6132 1320/1320/6133
f 1320/1320/6134 1314/1314/6097 1239/1239/6135
f 1321/1321/6136 1320/1320/6137 1239/1239/6138
f 1319/1319/6139 1320/1320/6140 1321/1321/6141
f 1321/1321/6142 1322/1322/6143 1319/1319/6144
f 1322/1322/6145 1321/1321/6146 815/815/6147
f 815/815/6148 1321/1321/6149 1323/1323/6150
f 1321/1321/6151 1239/1239/6152 1323/1323/6153
f 824/826/6154 1323/1323/6155 827/827/6156
f 1323/1323/6157 1239/1239/6135 827/827/5776
f 1323/1323/6158 824/826/6159 815/815/6160
f 809/809/6161 807/807/6162 1322/1322/6163
f 1322/1322/6164 807/807/6165 1319/1319/6166
f 815/815/6160 809/809/6167 1322/1322/6168
f 807/807/6169 1317/1317/6170 1319/1319/6171
f 1303/1303/6172 1318/1318/6173 804/805/6174
f 804/805/3633 1318/1318/6175 805/806/6176
f 1318/1318/6177 1317/1317/6178 805/806/6179
f 1318/1318/6180 1303/1303/6181 1304/1304/6182
f 805/806/6183 1317/1317/6184 807/807/6185
f 1240/1240/6186 1239/1239/6187 1314/1314/6188
f 1302/1302/6189 1303/1303/6190 804/805/6191
f 1324/1324/6192 1297/1299/6193 1302/1302/6194
f 1302/1302/6195 1325/1325/6196 1324/1324/6197
f 1325/1325/6198 1302/1302/6199 804/805/6200
f 1326/1326/6201 1324/1324/6202 1325/1325/6203
f 1326/1326/6204 1325/1325/6205 802/802/6206
f 1325/1325/6207 804/805/6208 802/802/6209
f 1327/1327/6210 1329/1328/6211 1326/1326/6201
f 802/802/6212 1327/1327/6213 1326/1326/6214
f 1328/1329/6215 1324/1324/6216 1326/1326/6217
f 1329/1328/6218 1328/1329/6219 1326/1326/6220
f 1329/1328/6221 1327/1327/6222 1331/1330/6223
f 1329/1328/6224 1330/1331/6225 1328/1329/6226
f 1330/1331/6227 1329/1328/6228 1331/1330/6229
f 1331/1330/6230 1332/1332/6231 1333/1333/6232
f 1334/1334/6233 1332/1332/6234 1331/1330/6235
f 1331/1330/6236 1327/1327/6237 801/801/6238
f 1331/1330/6223 801/801/6239 1334/1334/6240
f 1333/1333/6241 1330/1331/6242 1331/1330/6229
f 1337/1335/6243 1335/1336/6244 1334/1334/6245
f 1335/1336/6246 1336/1337/6247 1334/1334/6248
f 1334/1334/6249 1336/1337/6250 1332/1332/6251
f 1337/1335/6252 1334/1334/6253 801/801/3623
f 1339/1338/6254 1338/1339/6255 1337/1335/6256
f 1337/1335/6257 1338/1339/6258 1335/1336/6259
f 1339/1338/6260 1337/1335/6261 799/799/6262
f 1337/1335/6263 801/801/6264 799/799/6265
f 1341/1340/6266 1338/1339/6255 1339/1338/6267
f 1340/1341/6268 1339/1338/6269 796/798/6270
f 1340/1341/6271 1341/1340/6272 1339/1338/6273
f 796/798/3611 1339/1338/6274 799/799/6275
f 1343/1342/6276 1341/1340/6277 1340/1341/6278
f 763/764/6279 1342/1343/6280 1341/1340/6281
f 763/764/6282 1341/1340/6281 1343/1342/6283
f 1342/1343/6284 1338/1339/6285 1341/1340/6286
f 772/773/6287 763/764/6288 1343/1342/6289
f 772/773/6290 1343/1342/6291 1344/1344/6292
f 1343/1342/6293 1340/1341/6294 1344/1344/6295
f 775/776/6296 1344/1344/6297 793/793/6298
f 775/776/6299 772/773/6300 1344/1344/6301
f 1344/1344/6302 796/798/6303 793/793/6304
f 1344/1344/6305 1340/1341/6306 796/798/6307
f 1342/1343/6308 757/758/6309 1345/1345/6310
f 757/758/6311 1342/1343/6312 763/764/6313
f 1345/1345/6314 1346/1346/6315 1342/1343/6312
f 1342/1343/6316 1346/1346/6317 1338/1339/6318
f 1347/1347/6319 1349/1348/6320 1346/1346/6321
f 1347/1347/6322 1346/1346/6323 1345/1345/6324
f 1346/1346/6317 1335/1336/6325 1338/1339/6326
f 1346/1346/6327 1349/1348/6328 1348/1349/6329
f 1348/1349/6330 1335/1336/6331 1346/1346/6332
f 1347/1347/6333 1351/1350/6334 1349/1348/6335
f 1352/1351/6336 1350/1352/6337 1349/1348/6338
f 1350/1352/6339 1353/1353/6340 1349/1348/6341
f 1349/1348/6342 1353/1353/6343 1348/1349/6344
f 1349/1348/6345 1351/1350/6346 1352/1351/6347
f 1356/1354/6348 1354/1355/6349 1353/1353/6350
f 1348/1349/6351 1353/1353/6352 1354/1355/6353
f 1355/1356/6354 1353/1353/6355 1350/1352/6356
f 1353/1353/6357 1355/1356/6358 1356/1354/6359
f 1356/1354/6360 1357/1357/6361 1354/1355/6362
f 1357/1357/6363 1333/1333/6232 1332/1332/6364
f 1354/1355/6365 1357/1357/6366 1332/1332/6367
f 1355/1356/6358 1350/1352/6368 1358/1358/6369
f 1358/1358/6370 1350/1352/6371 1359/1359/6372
f 1359/1359/6373 1360/1360/6374 1358/1358/6375
f 1360/1360/6376 1359/1359/6377 1361/1361/6378
f 1360/1360/6379 1361/1361/6380 1362/1362/6381
f 1361/1361/6382 1363/1363/6383 1362/1362/6384
f 1364/1364/6385 1363/1363/6386 1361/1361/6387
f 1364/1364/6388 1367/1365/6389 1363/1363/6386
f 1365/1366/6390 1363/1363/6391 1366/1367/6392
f 1366/1367/6393 1363/1363/6394 1367/1365/6395
f 1367/1365/6389 1364/1364/6396 1368/1368/6397
f 1368/1368/6398 1366/1367/6399 1367/1365/6400
f 1368/1368/6401 1369/1369/6402 1366/1367/6403
f 1369/1369/6404 1368/1368/6405 1372/1370/6406
f 1368/1368/6407 1364/1364/6408 1370/1371/6409
f 1371/1372/6410 1368/1368/6405 1370/1371/6411
f 1372/1370/6412 1368/1368/6413 1371/1372/6414
f 1373/1373/2960 1376/1374/6415 1372/1370/6412
f 1375/1375/6416 1373/1373/6417 1372/1370/6418
f 1374/1376/6419 1372/1370/6420 1371/1372/6421
f 1375/1375/6422 1372/1370/6423 1374/1376/6424
f 1376/1374/6425 1369/1369/6426 1372/1370/6427
f 1373/1373/6428 1377/1377/6429 1376/1374/6430
f 1377/1377/6431 1378/1378/6432 1376/1374/6433
f 1376/1374/6434 1378/1378/6435 1369/1369/6436
f 1369/1369/6437 1378/1378/2969 1379/1379/6438
f 1369/1369/6439 1379/1379/6440 1366/1367/6441
f 1365/1366/6442 1366/1367/6443 1379/1379/6444
f 717/716/6445 1373/1373/6446 1375/1375/6447
f 1380/1380/6448 717/716/6449 1375/1375/6450
f 1380/1380/6451 1375/1375/6452 1374/1376/6453
f 1381/1381/6454 1380/1380/6455 750/750/6456
f 1381/1381/6457 717/716/6458 1380/1380/6459
f 750/750/6460 1380/1380/6461 1374/1376/6462
f 716/717/6463 717/716/6464 1381/1381/6465
f 728/729/6466 716/717/6467 1381/1381/6468
f 728/729/6469 1381/1381/6470 750/750/3411
f 1374/1376/6453 752/752/6471 750/750/6472
f 1374/1376/6473 1371/1372/6474 752/752/6475
f 752/752/6476 1371/1372/6477 753/753/6478
f 753/753/6479 1371/1372/6480 1370/1371/6481
f 755/755/6482 1370/1371/6483 1382/1382/6484
f 753/753/6485 1370/1371/6486 755/755/6487
f 1370/1371/6488 1364/1364/6489 1382/1382/6490
f 755/755/6491 1382/1382/6490 1347/1347/6322
f 1364/1364/6492 1383/1383/6493 1382/1382/6494
f 1382/1382/6495 1383/1383/6496 1351/1350/6497
f 1382/1382/6498 1351/1350/6499 1347/1347/6500
f 1361/1361/6501 1383/1383/6502 1364/1364/6503
f 1361/1361/6387 1359/1359/6504 1383/1383/6505
f 1352/1351/6347 1351/1350/6506 1383/1383/6507
f 1359/1359/6504 1352/1351/6508 1383/1383/6502
f 1359/1359/6504 1350/1352/6509 1352/1351/6510
f 1354/1355/6511 1336/1337/6512 1348/1349/6513
f 1336/1337/6514 1354/1355/6515 1332/1332/6516
f 1348/1349/6517 1336/1337/6518 1335/1336/6519
f 755/755/6482 1347/1347/6520 758/757/6521
f 758/757/6522 1347/1347/6520 1345/1345/6523
f 757/758/6524 758/757/6525 1345/1345/6526
f 1330/1331/6527 1384/1384/6528 1328/1329/6529
f 1384/1384/6528 1385/1385/6530 1328/1329/6531
f 1328/1329/6532 1385/1385/6533 1298/1297/6534
f 1385/1385/6535 1295/1296/6004 1298/1297/6536
f 1298/1297/6537 1324/1324/6538 1328/1329/6539
f 1327/1327/6540 802/802/6541 801/801/6542
f 1298/1297/6543 1297/1299/6010 1324/1324/6538
f 1291/1291/6544 1300/1300/6054 1293/1293/6545
f 1285/1285/6072 1258/1258/6546 1257/1257/5858
f 1275/1276/6547 1386/1386/6548 1271/1272/6549
f 1386/1386/6550 1387/1387/6551 1271/1272/6552
f 1387/1387/6553 1386/1386/6554 1388/1388/6555
f 1387/1387/6556 1388/1388/6557 1389/1389/6558
f 1389/1389/6559 1388/1388/6560 1390/1390/6561
f 1391/1391/6562 1390/1390/6563 1392/1392/6564
f 1391/1391/6562 1389/1389/6565 1390/1390/6566
f 1391/1391/6567 1392/1392/195 1203/1205/6568
f 1393/1393/6569 1391/1391/6570 1203/1205/6571
f 1393/1393/6572 1395/1394/6573 1391/1391/6574
f 1391/1391/6575 1394/1395/6576 1389/1389/6577
f 1395/1394/6578 1394/1395/6576 1391/1391/6579
f 1398/1396/6580 1396/1397/6581 1395/1394/6582
f 1396/1397/6583 1397/1398/6584 1395/1394/6573
f 1397/1398/6585 1394/1395/6586 1395/1394/6587
f 1398/1396/6588 1395/1394/6589 1393/1393/6590
f 1208/1209/6591 1398/1396/6592 1204/1204/6593
f 1398/1396/6594 1208/1209/6595 1249/1250/6596
f 1249/1250/6597 1396/1397/6598 1398/1396/6588
f 1204/1204/6599 1398/1396/6600 1393/1393/6601
f 1267/1268/6602 1397/1398/6603 1396/1397/6604
f 1397/1398/6605 1267/1268/6606 1268/1267/6607
f 1272/1273/6608 1397/1398/6609 1268/1267/6610
f 1394/1395/6611 1397/1398/6612 1272/1273/6608
f 1267/1268/6613 1396/1397/6604 1253/1254/6614
f 1253/1254/6615 1396/1397/6616 1249/1250/6617
f 1394/1395/6618 1272/1273/6619 1387/1387/6620
f 1387/1387/6621 1389/1389/6622 1394/1395/6623
f 1204/1204/6624 1393/1393/6625 1203/1205/6626
f 1271/1272/6627 1387/1387/6628 1272/1273/6629
f 1252/1253/6630 1267/1268/6631 1253/1254/6632
f 1245/1244/6633 1242/1242/6634 1255/1255/6635
f 1211/1211/6636 1237/1237/6637 1244/1245/6638
f 1237/1237/6639 1236/1236/6640 1244/1245/6641
f 1209/1210/6642 1211/1211/6643 1244/1245/6644
f 1237/1237/6645 1211/1211/6646 1234/1234/6647
f 1234/1234/6648 1211/1211/6649 1213/1213/6650
f 1232/1232/6651 1214/1214/6652 1216/1216/6653
f 1214/1214/6654 1232/1232/6655 1213/1213/6656
f 1222/1221/6657 1232/1232/6658 1216/1216/5650
f 1219/1220/5668 1193/1193/6659 1191/1191/6660
f 1217/1217/6661 1201/1201/5626 1197/1197/6662
f 1217/1217/6663 1197/1197/5558 1198/1199/6664
f 1194/1194/6665 1217/1217/6666 1198/1199/6667
f 1164/1164/6668 1166/1166/6669 1399/1399/6670
f 1166/1166/6671 1400/1400/6672 1399/1399/6673
f 1400/1400/6674 1401/1401/6675 1399/1399/6676
f 1154/1155/6677 1399/1399/6678 1401/1401/6679
f 1164/1164/6680 1399/1399/6681 1402/1402/6682
f 1402/1402/6683 1399/1399/6684 1154/1155/6677
f 1164/1164/6685 1402/1402/6686 1157/1158/6687
f 1153/1154/6688 1157/1158/6689 1402/1402/6690
f 1153/1154/6691 1402/1402/6692 1154/1155/6693
f 1135/1135/5380 1132/1132/6694 1161/1161/6695
f 1403/1403/6696 1161/1161/6697 1132/1132/6698
f 1403/1403/6699 857/857/6700 1161/1161/6701
f 1132/1132/6702 1130/1130/6703 1403/1403/6704
f 858/858/3855 857/857/6705 1403/1403/6706
f 858/858/6707 1403/1403/6708 1130/1130/6709
f 1137/1137/6710 1147/1147/6711 1139/1140/6712
f 1124/1124/6713 1133/1134/6714 1122/1122/6715
f 1124/1124/6716 1125/1125/5208 1128/1128/6717
f 937/937/6718 933/933/6719 1120/1120/6720
f 933/933/6721 934/935/6722 1120/1120/5225
f 1103/1103/6723 939/939/6724 1109/1110/6725
f 940/940/6726 939/939/6727 1103/1103/6728
f 1066/1066/6729 1072/1072/6730 1404/1404/6731
f 1404/1404/6732 1061/1060/6733 1066/1066/6734
f 1060/1061/6735 1061/1060/6736 1404/1404/6737
f 1064/1065/6738 1063/1064/6739 1070/1071/4882
f 1055/1055/6740 1054/1054/6741 1063/1064/6742
f 1060/1061/6743 1405/1405/6744 1058/1058/6745
f 1405/1405/6746 1406/1406/6747 1407/1407/6748
f 1407/1407/6749 1058/1058/6750 1405/1405/6751
f 1408/1408/6752 1410/1409/6753 1407/1407/6749
f 1407/1407/6754 1409/1410/6755 1408/1408/6756
f 1406/1406/6757 1409/1410/6758 1407/1407/6759
f 1410/1409/6760 1057/1057/6761 1407/1407/6762
f 1407/1407/6763 1057/1057/6764 1058/1058/6765
f 1411/1411/6766 1052/1053/6767 1410/1409/6768
f 1411/1411/6769 1410/1409/6770 1412/1412/6771
f 1410/1409/6772 1052/1053/6773 1057/1057/6761
f 1410/1409/6774 1408/1408/6775 1412/1412/6776
f 1412/1412/6777 1408/1408/6778 1413/1413/6779
f 1413/1413/6780 1414/1414/6781 1412/1412/6782
f 1414/1414/6783 1411/1411/6784 1412/1412/6785
f 1414/1414/6786 1413/1413/6787 1417/1415/6788
f 1415/1416/6789 1416/1417/6790 1414/1414/6791
f 1417/1415/6792 1415/1416/6793 1414/1414/6794
f 1416/1417/6795 1411/1411/6796 1414/1414/6797
f 1418/1418/6798 1417/1415/6799 1413/1413/6800
f 1417/1415/6801 1418/1418/6802 1419/1419/6803
f 1415/1416/6804 1417/1415/6805 1419/1419/6806
f 1420/1420/6807 1415/1416/6808 1419/1419/6809
f 1419/1419/6810 1418/1418/6811 1421/1421/6812
f 1421/1421/6813 1423/1422/6814 1422/1423/2974
f 1423/1422/6815 1421/1421/6816 1418/1418/6811
f 1413/1413/6800 1423/1422/6817 1418/1418/6818
f 1423/1422/6819 1413/1413/6820 1424/1424/6821
f 1425/1425/6822 1424/1424/6823 1413/1413/6824
f 1413/1413/6825 1408/1408/6826 1425/1425/6827
f 1425/1425/6828 1408/1408/6829 1409/1410/6830
f 1427/1426/6831 1415/1416/6832 1420/1420/2469
f 1426/1427/6833 1427/1426/6834 1420/1420/6835
f 1042/1043/6836 1043/1042/6837 1427/1426/6838
f 1042/1043/6839 1427/1426/6840 1426/1427/6841
f 1427/1426/6842 1043/1042/6843 1428/1428/6844
f 1415/1416/6845 1427/1426/6846 1428/1428/6847
f 1428/1428/6848 1416/1417/6849 1415/1416/6850
f 1428/1428/6851 1048/1048/6852 1416/1417/6853
f 1043/1042/6854 1045/1045/6855 1428/1428/6856
f 1045/1045/6857 1048/1048/6858 1428/1428/6859
f 1040/1040/6860 1042/1043/6861 1426/1427/6862
f 1411/1411/6863 1416/1417/6849 1048/1048/6864
f 1048/1048/6865 1052/1053/6866 1411/1411/6867
f 1000/1002/6868 995/995/6869 1006/1006/6870
f 995/995/4520 996/997/6871 1006/1006/6872
f 1001/1000/6873 981/980/4450 980/981/6874
f 959/958/6875 955/955/6876 988/989/6877
f 956/956/6878 988/989/6879 955/955/4333
f 980/981/6880 982/982/6881 987/987/6882
f 736/736/6883 975/976/6884 977/977/6885
f 735/735/6886 736/736/6887 977/977/6888
f 736/736/3359 737/738/6889 975/976/6890
f 975/976/6891 737/738/6892 740/741/6893
f 740/741/6894 974/975/6895 975/976/6896
f 974/975/6897 765/765/6898 769/770/6899
f 769/770/6900 970/970/6901 974/975/6902
f 974/975/6903 743/744/3385 765/765/3495
f 974/975/6897 740/741/6904 743/744/6905
f 970/970/6906 768/768/6907 777/777/6908
f 970/970/6909 769/770/6910 768/768/6911
f 962/962/6912 967/967/6913 964/964/6914
f 958/959/6915 921/922/6916 920/920/6917
f 953/953/4338 920/920/6918 925/924/6919
f 925/924/4200 924/925/6920 946/947/6921
f 929/928/6922 946/947/6923 924/925/6924
f 912/912/6925 910/910/6926 935/936/6927
f 910/910/6928 908/909/6929 935/936/6930
f 908/909/6931 934/935/6932 935/936/6933
f 912/912/6934 935/936/6935 931/931/6936
f 914/914/4149 912/912/6937 931/931/6938
f 893/893/6939 896/898/6940 922/923/6941
f 909/908/6942 863/864/4124 862/862/6943
f 899/900/6944 881/882/6945 903/904/6946
f 903/904/6947 881/882/6948 877/877/4110
f 899/900/6949 880/880/6950 881/882/6951
f 897/895/6952 880/880/6953 899/900/6954
f 897/895/6955 889/889/6956 886/887/6957
f 897/895/6958 886/887/6959 880/880/6960
f 877/877/6961 869/870/6962 868/868/6963
f 857/857/6964 853/853/6965 852/852/6966
f 821/821/6967 825/825/6968 835/836/6969
f 814/816/6970 815/815/6971 824/826/6972
f 787/786/6973 789/790/3575 811/811/6974
f 791/791/6975 797/797/6976 790/789/6977
f 786/787/6978 775/776/6979 793/793/3586
f 782/783/6980 775/776/6981 786/787/6982
f 774/775/6983 775/776/6984 782/783/6985
f 762/763/6986 763/764/6987 772/773/6988
f 765/765/6989 743/744/6990 766/767/6991
f 743/744/6992 742/743/6993 766/767/6994
f 766/767/6995 742/743/6996 760/760/6997
f 748/748/6998 728/729/6999 750/750/3411
f 728/729/7000 748/748/7001 729/730/7002
f 730/731/7003 729/730/7004 739/739/7005
f 725/725/7006 726/726/7007 732/732/7008
f 722/722/7009 716/717/7010 728/729/7011
f 676/677/7012 677/678/7013 718/719/7014
f 718/719/7015 679/680/7016 683/685/7017
f 677/678/7018 679/680/7019 718/719/7020
f 1429/1429/7021 1430/1430/7022 1432/1431/7023
f 1429/1429/7024 1431/1432/7025 1430/1430/7026
f 1429/1429/7027 1432/1431/7028 1433/1433/7029
f 1433/1433/7030 1432/1431/7031 1434/1434/7032
f 1436/1435/7033 1433/1433/7034 1434/1434/7035
f 1435/1436/7036 1433/1433/7037 1436/1435/7038
f 1436/1435/7039 1437/1437/7040 1435/1436/5553
f 1439/1438/7041 1437/1437/7042 1436/1435/7043
f 1439/1438/7044 1436/1435/7045 1438/1439/7046
f 1434/1434/7047 1438/1439/7048 1436/1435/7049
f 1440/1440/7050 1439/1438/7051 1442/1441/7052
f 1440/1440/7053 1437/1437/7040 1439/1438/7054
f 1442/1441/7055 1439/1438/7056 1441/1442/7057
f 1439/1438/7058 1438/1439/7059 1441/1442/7060
f 1442/1441/7061 1444/1443/7062 1443/1444/7063
f 1443/1444/7064 1440/1440/7053 1442/1441/7065
f 1444/1443/7066 1442/1441/7067 1441/1442/7068
f 1445/1445/7069 1444/1443/7070 1448/1446/7071
f 1443/1444/7072 1444/1443/7073 1445/1445/7074
f 1444/1443/7075 1446/1447/7076 1447/1448/7077
f 1444/1443/7078 1441/1442/7079 1446/1447/7080
f 1447/1448/7081 1448/1446/7082 1444/1443/7083
f 1449/1449/7084 1445/1445/7085 1448/1446/7086
f 1447/1448/7087 1450/1450/7088 1448/1446/7089
f 1449/1449/7084 1448/1446/7090 1450/1450/7091
f 1449/1449/7092 1450/1450/7093 1453/1451/7094
f 1447/1448/7095 1451/1452/7096 1450/1450/7097
f 1451/1452/7098 1452/1453/7099 1450/1450/7100
f 1452/1453/7101 1453/1451/7102 1450/1450/7103
f 1456/1454/7104 1453/1451/7105 1452/1453/7106
f 1454/1455/7107 1449/1449/7108 1453/1451/7109
f 1455/1456/7110 1454/1455/7111 1453/1451/7102
f 1455/1456/7112 1453/1451/7113 1457/1457/7114
f 1457/1457/7115 1453/1451/7116 1456/1454/7117
f 1460/1458/7118 1457/1457/7119 1458/1459/7120
f 1458/1459/7121 1457/1457/7114 1463/1460/7122
f 1459/1461/7123 1457/1457/7114 1462/1462/7124
f 1455/1456/7125 1457/1457/7126 1459/1461/7127
f 1461/1463/7128 1457/1457/7129 1460/1458/7130
f 1461/1463/7131 1462/1462/7132 1457/1457/7133
f 1457/1457/7134 1456/1454/7104 1463/1460/7135
f 1456/1454/7136 1452/1453/7137 1463/1460/7138
f 1452/1453/7139 1451/1452/7140 1463/1460/7138
f 1464/1464/7141 1458/1459/7142 1463/1460/7143
f 1463/1460/7144 1451/1452/7145 1464/1464/7146
f 1466/1465/7147 1464/1464/7148 1465/1466/7149
f 1464/1464/7150 1451/1452/7151 1465/1466/7152
f 1464/1464/7153 1466/1465/7154 1458/1459/7155
f 1465/1466/7156 1470/1467/7157 1466/1465/7158
f 1468/1468/7159 1466/1465/7160 1467/1469/7161
f 1466/1465/7162 1470/1467/7163 1467/1469/7164
f 1468/1468/7165 1469/1470/7166 1466/1465/7167
f 1466/1465/7167 1469/1470/7168 1458/1459/7169
f 1465/1466/7170 1471/1471/7171 1470/1467/7172
f 1471/1471/7173 1472/1472/7174 1470/1467/7175
f 1472/1472/7176 1467/1469/7177 1470/1467/7178
f 1471/1471/7179 1473/1473/229 1472/1472/7180
f 1473/1473/7181 1474/1474/7182 1472/1472/7183
f 1474/1474/7184 1467/1469/7185 1472/1472/7186
f 1475/1475/238 1467/1469/7187 1474/1474/7188
f 1475/1475/7189 1476/1476/7190 1467/1469/7191
f 1477/1477/7192 1476/1476/7193 1475/1475/7194
f 1477/1477/7195 1479/1478/7196 1478/1479/7197
f 1477/1477/7198 1478/1479/7199 1476/1476/7200
f 1479/1478/7201 1481/1480/7202 1480/1481/7203
f 1480/1481/7204 1478/1479/7205 1479/1478/7201
f 1482/1482/326 1480/1481/7203 1481/1480/7206
f 1484/1483/7207 1483/1484/7208 1482/1482/7209
f 1482/1482/7210 1483/1484/7211 1480/1481/7212
f 1485/1485/7213 1484/1483/7214 1482/1482/7215
f 1486/1486/7216 1484/1483/7217 1485/1485/7218
f 1485/1485/7219 1487/1487/7220 1486/1486/7221
f 1487/1487/7222 1485/1485/7223 1488/1488/7224
f 1489/1489/7225 1488/1488/7226 1490/1490/7227
f 1487/1487/7228 1488/1488/7226 1489/1489/7229
f 1491/1491/7230 1489/1489/7231 1490/1490/7232
f 1491/1491/7233 1490/1490/7234 1492/1492/7235
f 1493/1493/7236 1492/1492/7237 1490/1490/7232
f 1492/1492/7238 1493/1493/7239 1494/1494/7240
f 1496/1495/7241 1495/1496/7242 1494/1494/7243
f 1495/1496/7244 1492/1492/7245 1494/1494/7246
f 1499/1497/7247 1497/1498/7248 1496/1495/7249
f 1498/1499/7250 1496/1495/7251 1497/1498/7252
f 1496/1495/7253 1498/1499/7254 1495/1496/7255
f 1500/1500/7256 1499/1497/7257 1496/1495/7258
f 1500/1500/7259 1501/1501/7260 1499/1497/7261
f 1499/1497/7262 1501/1501/7263 1502/1502/7264
f 1499/1497/7265 1502/1502/7266 1497/1498/7267
f 1497/1498/7268 1502/1502/7266 1504/1503/7269
f 1502/1502/7270 1503/1504/5505 1504/1503/7271
f 1505/1505/7272 1506/1506/7273 1504/1503/7274
f 1505/1505/7275 1504/1503/7276 1507/1507/7277
f 1504/1503/7278 1506/1506/7279 1497/1498/7280
f 1504/1503/7281 1508/1508/7282 1507/1507/7283
f 1503/1504/7284 1508/1508/7285 1504/1503/7286
f 1509/1509/7287 1508/1508/7288 1510/1510/7289
f 1507/1507/7290 1508/1508/7291 1509/1509/7292
f 1511/1511/7293 1510/1510/7294 1508/1508/7288
f 1503/1504/7295 1511/1511/7296 1508/1508/7297
f 1511/1511/7298 1513/1512/7299 1512/1513/7300
f 1511/1511/7298 1512/1513/7301 1510/1510/7302
f 1513/1512/7303 1511/1511/7304 1503/1504/7305
f 1513/1512/7306 1514/1514/7307 1512/1513/7308
f 1512/1513/7309 1514/1514/7310 1515/1515/7311
f 1514/1514/7312 1516/1516/7313 1515/1515/7314
f 1517/1517/7315 1519/1518/7316 1516/1516/7317
f 1517/1517/7318 1516/1516/5552 1518/1519/7319
f 1520/1520/7320 1516/1516/7321 1519/1518/7322
f 1516/1516/7323 1520/1520/7324 1515/1515/7325
f 1520/1520/7326 1519/1518/7327 1522/1521/7328
f 1521/1522/7329 1515/1515/7330 1520/1520/7331
f 1521/1522/7332 1520/1520/7333 1523/1523/7334
f 1523/1523/7335 1520/1520/7336 1522/1521/7337
f 1523/1523/7335 1522/1521/7338 1526/1524/7339
f 1521/1522/7340 1523/1523/7341 1524/1525/7342
f 1524/1525/7343 1523/1523/7344 1525/1526/7345
f 1526/1524/7346 1525/1526/7347 1523/1523/7348
f 1526/1524/7349 1522/1521/7338 1530/1527/7350
f 1528/1528/7351 1526/1524/7352 1527/1529/7353
f 1526/1524/7354 1530/1527/7355 1527/1529/7356
f 1529/1530/7357 1526/1524/7358 1528/1528/7359
f 1525/1526/7360 1526/1524/7361 1529/1530/7362
f 1522/1521/7363 1531/1531/7364 1530/1527/7365
f 1445/1445/7366 1449/1449/7367 1530/1527/7368
f 1531/1531/7369 1445/1445/7370 1530/1527/7371
f 1527/1529/7372 1530/1527/7373 1454/1455/7374
f 1454/1455/7375 1530/1527/7376 1449/1449/7377
f 1532/1532/7378 1531/1531/7379 1519/1518/7380
f 1531/1531/7379 1532/1532/7381 1443/1444/7064
f 1531/1531/7382 1443/1444/7383 1445/1445/7384
f 1519/1518/7385 1531/1531/7386 1522/1521/7387
f 1519/1518/7316 1517/1517/7388 1532/1532/7389
f 1533/1533/7390 1532/1532/7391 1517/1517/7392
f 1443/1444/7393 1532/1532/7394 1440/1440/7395
f 1440/1440/7396 1532/1532/7397 1437/1437/7398
f 1533/1533/7399 1437/1437/7400 1532/1532/7401
f 1518/1519/7402 1533/1533/7403 1517/1517/7404
f 1518/1519/7402 1435/1436/7405 1533/1533/7406
f 1437/1437/7407 1533/1533/7408 1435/1436/5549
f 1534/1534/7409 1535/1535/7410 1529/1530/7411
f 1529/1530/7412 1528/1528/7413 1534/1534/7414
f 1536/1536/7415 1529/1530/7416 1535/1535/7417
f 1536/1536/7418 1525/1526/7419 1529/1530/7362
f 1524/1525/7343 1536/1536/7420 1537/1537/7421
f 1536/1536/7422 1535/1535/7423 1537/1537/7424
f 1536/1536/7425 1524/1525/7426 1525/1526/7427
f 1538/1538/7428 1539/1539/7429 1537/1537/7430
f 1538/1538/7431 1537/1537/7432 1540/1540/7433
f 1539/1539/7434 1524/1525/7435 1537/1537/7436
f 1537/1537/7437 1535/1535/7438 1540/1540/7439
f 1542/1541/7440 1540/1540/7441 1541/1542/7442
f 1540/1540/7443 1535/1535/7444 1541/1542/7445
f 1540/1540/7446 1542/1541/7440 1543/1543/7447
f 1543/1543/7448 1538/1538/7449 1540/1540/7450
f 1544/1544/7451 1543/1543/7452 1542/1541/7453
f 1505/1505/7272 1538/1538/7449 1543/1543/7454
f 1506/1506/7455 1505/1505/7456 1543/1543/7457
f 1545/1545/7458 1543/1543/7459 1544/1544/7460
f 1506/1506/7461 1543/1543/7462 1545/1545/7463
f 1506/1506/7464 1545/1545/7465 1498/1499/7466
f 1495/1496/7467 1498/1499/7468 1545/1545/7465
f 1492/1492/7469 1545/1545/7470 1491/1491/7471
f 1545/1545/7472 1544/1544/7473 1491/1491/7474
f 1492/1492/7475 1495/1496/7476 1545/1545/7465
f 1542/1541/7477 1487/1487/7478 1544/1544/7479
f 1544/1544/7480 1487/1487/7481 1489/1489/7482
f 1544/1544/7483 1489/1489/7484 1491/1491/7485
f 1542/1541/7486 1541/1542/7487 1546/1546/7488
f 1542/1541/7489 1546/1546/7490 1487/1487/7491
f 1548/1547/7492 1546/1546/7493 1547/1548/7494
f 1549/1549/7495 1547/1548/7496 1546/1546/7497
f 1541/1542/7498 1549/1549/7499 1546/1546/7500
f 1546/1546/7501 1548/1547/7502 1486/1486/7503
f 1486/1486/7504 1487/1487/7505 1546/1546/7506
f 1549/1549/7507 1534/1534/7508 1550/1550/7509
f 1534/1534/7510 1549/1549/7511 1535/1535/7512
f 1549/1549/7513 1550/1550/7514 1547/1548/7515
f 1541/1542/7516 1535/1535/7517 1549/1549/7518
f 1550/1550/7519 1459/1461/7520 1462/1462/7521
f 1550/1550/7519 1551/1551/7522 1459/1461/7523
f 1534/1534/7524 1551/1551/7525 1550/1550/7526
f 1550/1550/7527 1462/1462/7528 1547/1548/7529
f 1455/1456/7530 1459/1461/7531 1551/1551/7532
f 1528/1528/7533 1551/1551/7534 1534/1534/7535
f 1551/1551/7536 1528/1528/7537 1454/1455/7538
f 1454/1455/7539 1455/1456/7540 1551/1551/7541
f 1548/1547/7542 1547/1548/7543 1552/1552/7544
f 1548/1547/7545 1552/1552/7546 1484/1483/7547
f 1548/1547/7548 1484/1483/7549 1486/1486/7550
f 1547/1548/7551 1553/1553/7552 1552/1552/7553
f 1552/1552/7554 1553/1553/7555 1461/1463/7556
f 1484/1483/7557 1552/1552/7558 1483/1484/7559
f 1552/1552/7560 1554/1554/7561 1483/1484/7562
f 1552/1552/7560 1461/1463/7563 1554/1554/7564
f 1483/1484/7565 1554/1554/7566 1556/1555/7567
f 1556/1555/7568 1554/1554/7569 1555/1556/7570
f 1555/1556/7571 1554/1554/7572 1461/1463/7573
f 1556/1555/7568 1555/1556/7574 1557/1557/7575
f 1556/1555/7576 1557/1557/7577 1558/1558/7578
f 1558/1558/7579 1480/1481/7580 1556/1555/7581
f 1483/1484/7208 1556/1555/7582 1480/1481/7212
f 1558/1558/7583 1557/1557/7584 1468/1468/7585
f 1478/1479/7586 1480/1481/7587 1558/1558/7588
f 1476/1476/7589 1478/1479/7199 1558/1558/7590
f 1558/1558/7591 1468/1468/7592 1476/1476/7593
f 1555/1556/7594 1460/1458/7595 1557/1557/7596
f 1559/1559/7597 1468/1468/7598 1557/1557/7599
f 1557/1557/7600 1460/1458/7601 1559/1559/7602
f 1460/1458/7603 1458/1459/7604 1559/1559/7605
f 1458/1459/7606 1469/1470/7607 1559/1559/7608
f 1559/1559/7609 1469/1470/7610 1468/1468/7611
f 1555/1556/7612 1461/1463/7613 1460/1458/7614
f 1547/1548/7615 1462/1462/7616 1553/1553/7617
f 1553/1553/7618 1462/1462/7619 1461/1463/7620
f 1505/1505/7621 1539/1539/7622 1538/1538/7623
f 1507/1507/7624 1539/1539/7429 1505/1505/7625
f 1539/1539/7434 1507/1507/7626 1509/1509/7627
f 1524/1525/7628 1539/1539/7629 1509/1509/7630
f 1528/1528/7631 1527/1529/7632 1454/1455/7633
f 1509/1509/7634 1521/1522/7635 1524/1525/7636
f 1510/1510/7637 1515/1515/7311 1521/1522/7638
f 1521/1522/7639 1509/1509/7640 1510/1510/7641
f 1510/1510/7642 1512/1513/7308 1515/1515/7643
f 1506/1506/7464 1498/1499/7644 1497/1498/7645
f 1476/1476/7646 1468/1468/7647 1467/1469/7648
f 1561/1560/7649 1473/1473/7650 1471/1471/7651
f 1560/1561/7652 1473/1473/7650 1561/1560/7653
f 1563/1562/7654 1562/1563/7655 1561/1560/7656
f 1562/1563/7657 1560/1561/7658 1561/1560/7659
f 1561/1560/7660 1471/1471/7661 1563/1562/7662
f 1562/1563/7663 1563/1562/7664 1446/1447/7665
f 1563/1562/7666 1564/1564/7667 1446/1447/7668
f 1563/1562/7654 1471/1471/7669 1564/1564/7670
f 1471/1471/7671 1465/1466/7672 1564/1564/7673
f 1447/1448/7674 1564/1564/7675 1451/1452/7676
f 1564/1564/7677 1447/1448/7678 1446/1447/7679
f 1465/1466/7152 1451/1452/7680 1564/1564/7681
f 1565/1565/7682 1562/1563/7683 1446/1447/7684
f 1562/1563/7685 1566/1566/7686 1560/1561/7687
f 1562/1563/7688 1565/1565/7689 1566/1566/7690
f 1567/1567/7691 1570/1568/7692 1566/1566/7693
f 1568/1569/7694 1567/1567/7695 1566/1566/7696
f 1566/1566/7697 1565/1565/7698 1568/1569/7699
f 1569/1570/7700 1560/1561/7701 1566/1566/7702
f 1566/1566/7703 1570/1568/7704 1569/1570/7705
f 1571/1571/7706 1572/1572/7707 1570/1568/7708
f 1571/1571/7709 1570/1568/7710 1567/1567/7711
f 1569/1570/7712 1570/1568/7713 1572/1572/7714
f 1571/1571/7715 1573/1573/7716 1572/1572/7717
f 1574/1574/5576 1573/1573/7718 1571/1571/7719
f 1574/1574/7720 1571/1571/7721 1430/1430/7722
f 1431/1432/7723 1574/1574/7724 1430/1430/7725
f 1432/1431/7726 1571/1571/7727 1567/1567/7728
f 1430/1430/7729 1571/1571/7730 1432/1431/7726
f 1568/1569/7731 1434/1434/7732 1567/1567/7733
f 1434/1434/7734 1568/1569/7735 1438/1439/7736
f 1568/1569/7737 1565/1565/7738 1438/1439/7739
f 1434/1434/7740 1432/1431/7741 1567/1567/7742
f 1441/1442/7743 1565/1565/7744 1446/1447/7745
f 1438/1439/7746 1565/1565/7747 1441/1442/7079
